cycle,state,county_fips,county_name,date,days_to_election,method,ballots_total,ballots_new,party_dem,party_rep,party_oth,party_npa,source_tier,source_name,retrieved_at
2022,FL,12001,Alachua County,2022-10-06,33,mail,46,,23,16,1,6,1,fl-doe,2026-09-08T00:32:43+00:00
2022,FL,12001,Alachua County,2022-10-07,32,mail,53,,27,19,1,6,1,fl-doe,2026-09-08T00:32:43+00:00
2022,FL,12001,Alachua County,2022-10-10,29,mail,324,,184,95,5,40,1,fl-doe,2026-09-08T00:32:43+00:00
2022,FL,12001,Alachua County,2022-10-21,18,mail,9365,,5459,2440,136,1330,1,fl-doe,2026-09-08T00:32:43+00:00
2022,FL,12001,Alachua County,2022-10-23,16,mail,9689,,5674,2512,139,1364,1,fl-doe,2026-09-08T00:32:43+00:00
2022,FL,12001,Alachua County,2022-10-24,15,mail,9689,,5674,2512,139,1364,1,fl-doe,2026-09-08T00:32:43+00:00
2022,FL,12001,Alachua County,2022-10-25,14,inperson,1563,,697,672,23,171,1,fl-doe,2026-09-08T00:32:43+00:00
2022,FL,12001,Alachua County,2022-10-25,14,mail,11205,,6509,2938,162,1596,1,fl-doe,2026-09-08T00:32:43+00:00
2022,FL,12001,Alachua County,2022-10-27,12,inperson,5060,,2286,2071,71,632,1,fl-doe,2026-09-08T00:32:43+00:00
2022,FL,12001,Alachua County,2022-10-27,12,mail,14739,,8815,3644,197,2083,1,fl-doe,2026-09-08T00:32:43+00:00
2022,FL,12001,Alachua County,2022-10-28,11,inperson,6790,,3089,2727,91,883,1,fl-doe,2026-09-08T00:32:43+00:00
2022,FL,12001,Alachua County,2022-10-28,11,mail,15832,,9528,3887,209,2208,1,fl-doe,2026-09-08T00:32:43+00:00
2022,FL,12001,Alachua County,2022-10-31,8,inperson,11231,,5205,4324,159,1543,1,fl-doe,2026-09-08T00:32:43+00:00
2022,FL,12001,Alachua County,2022-10-31,8,mail,18416,,11156,4449,232,2579,1,fl-doe,2026-09-08T00:32:43+00:00
2022,FL,12001,Alachua County,2022-11-01,7,inperson,12866,,5994,4946,175,1751,1,fl-doe,2026-09-08T00:32:43+00:00
2022,FL,12001,Alachua County,2022-11-01,7,mail,19461,,11839,4642,241,2739,1,fl-doe,2026-09-08T00:32:43+00:00
2022,FL,12001,Alachua County,2022-11-02,6,inperson,14685,,6805,5671,199,2010,1,fl-doe,2026-09-08T00:32:43+00:00
2022,FL,12001,Alachua County,2022-11-02,6,mail,21089,,12787,5031,270,3001,1,fl-doe,2026-09-08T00:32:43+00:00
2022,FL,12001,Alachua County,2022-11-03,5,inperson,16847,,7807,6441,224,2375,1,fl-doe,2026-09-08T00:32:43+00:00
2022,FL,12001,Alachua County,2022-11-03,5,mail,22279,,13493,5314,281,3191,1,fl-doe,2026-09-08T00:32:43+00:00
2022,FL,12001,Alachua County,2022-11-04,4,inperson,19308,,8979,7299,257,2773,1,fl-doe,2026-09-08T00:32:43+00:00
2022,FL,12001,Alachua County,2022-11-04,4,mail,23515,,14255,5590,295,3375,1,fl-doe,2026-09-08T00:32:43+00:00
2022,FL,12001,Alachua County,2022-11-05,3,inperson,22937,,10694,8501,293,3449,1,fl-doe,2026-09-08T00:32:43+00:00
2022,FL,12001,Alachua County,2022-11-05,3,mail,24724,,14993,5847,310,3574,1,fl-doe,2026-09-08T00:32:43+00:00
2022,FL,12001,Alachua County,2022-11-06,2,inperson,26736,,12688,9567,353,4128,1,fl-doe,2026-09-08T00:32:43+00:00
2022,FL,12001,Alachua County,2022-11-06,2,mail,25794,,15662,6057,325,3750,1,fl-doe,2026-09-08T00:32:43+00:00
2022,FL,12001,Alachua County,2022-11-07,1,inperson,27789,,13372,9747,372,4298,1,fl-doe,2026-09-08T00:32:43+00:00
2022,FL,12001,Alachua County,2022-11-07,1,mail,26697,,16298,6186,337,3876,1,fl-doe,2026-09-08T00:32:43+00:00
2022,FL,12001,Alachua County,2022-11-14,-6,inperson,27789,,13372,9747,372,4298,1,fl-doe,2026-09-08T00:32:43+00:00
2022,FL,12001,Alachua County,2022-11-14,-6,mail,31334,,19284,6887,402,4761,1,fl-doe,2026-09-08T00:32:43+00:00
2022,FL,12001,Alachua County,2022-11-16,-8,inperson,27789,,13372,9747,372,4298,1,fl-doe,2026-09-08T00:32:43+00:00
2022,FL,12001,Alachua County,2022-11-16,-8,mail,31378,,19306,6903,404,4765,1,fl-doe,2026-09-08T00:32:43+00:00
2022,FL,12001,Alachua County,2022-11-17,-9,inperson,27789,,13372,9747,372,4298,1,fl-doe,2026-09-08T00:32:43+00:00
2022,FL,12001,Alachua County,2022-11-17,-9,mail,31389,,19313,6903,404,4769,1,fl-doe,2026-09-08T00:32:43+00:00
2022,FL,12001,Alachua County,2022-11-18,-10,inperson,27789,,13372,9747,372,4298,1,fl-doe,2026-09-08T00:32:43+00:00
2022,FL,12001,Alachua County,2022-11-18,-10,mail,31397,,19317,6904,404,4772,1,fl-doe,2026-09-08T00:32:43+00:00
2022,FL,12001,Alachua County,2022-11-19,-11,inperson,27789,,13372,9747,372,4298,1,fl-doe,2026-09-08T00:32:43+00:00
2022,FL,12001,Alachua County,2022-11-19,-11,mail,31399,,19318,6905,404,4772,1,fl-doe,2026-09-08T00:32:43+00:00
2022,FL,12001,Alachua County,2022-11-22,-14,inperson,27789,,13372,9747,372,4298,1,fl-doe,2026-09-08T00:32:43+00:00
2022,FL,12001,Alachua County,2022-11-22,-14,mail,31399,,19318,6905,404,4772,1,fl-doe,2026-09-08T00:32:43+00:00
2022,FL,12001,Alachua County,2022-11-23,-15,inperson,27789,,13372,9747,372,4298,1,fl-doe,2026-09-08T00:32:43+00:00
2022,FL,12001,Alachua County,2022-11-23,-15,mail,31400,,19318,6906,404,4772,1,fl-doe,2026-09-08T00:32:43+00:00
2022,FL,12003,Baker County,2022-10-06,33,mail,3,,1,2,0,0,1,fl-doe,2026-09-08T00:32:43+00:00
2022,FL,12003,Baker County,2022-10-07,32,mail,4,,1,3,0,0,1,fl-doe,2026-09-08T00:32:43+00:00
2022,FL,12003,Baker County,2022-10-10,29,mail,4,,1,3,0,0,1,fl-doe,2026-09-08T00:32:43+00:00
2022,FL,12003,Baker County,2022-10-21,18,mail,581,,167,376,4,34,1,fl-doe,2026-09-08T00:32:43+00:00
2022,FL,12003,Baker County,2022-10-23,16,mail,627,,181,406,4,36,1,fl-doe,2026-09-08T00:32:43+00:00
2022,FL,12003,Baker County,2022-10-24,15,mail,627,,181,406,4,36,1,fl-doe,2026-09-08T00:32:43+00:00
2022,FL,12003,Baker County,2022-10-25,14,inperson,0,,0,0,0,0,1,fl-doe,2026-09-08T00:32:43+00:00
2022,FL,12003,Baker County,2022-10-25,14,mail,733,,220,473,4,36,1,fl-doe,2026-09-08T00:32:43+00:00
2022,FL,12003,Baker County,2022-10-27,12,inperson,0,,0,0,0,0,1,fl-doe,2026-09-08T00:32:43+00:00
2022,FL,12003,Baker County,2022-10-27,12,mail,852,,240,563,5,44,1,fl-doe,2026-09-08T00:32:43+00:00
2022,FL,12003,Baker County,2022-10-28,11,inperson,504,,69,415,4,16,1,fl-doe,2026-09-08T00:32:43+00:00
2022,FL,12003,Baker County,2022-10-28,11,mail,926,,248,625,6,47,1,fl-doe,2026-09-08T00:32:43+00:00
2022,FL,12003,Baker County,2022-10-31,8,inperson,1426,,193,1150,10,73,1,fl-doe,2026-09-08T00:32:43+00:00
2022,FL,12003,Baker County,2022-10-31,8,mail,1049,,281,707,6,55,1,fl-doe,2026-09-08T00:32:43+00:00
2022,FL,12003,Baker County,2022-11-01,7,inperson,1890,,263,1517,14,96,1,fl-doe,2026-09-08T00:32:43+00:00
2022,FL,12003,Baker County,2022-11-01,7,mail,1105,,295,746,6,58,1,fl-doe,2026-09-08T00:32:43+00:00
2022,FL,12003,Baker County,2022-11-02,6,inperson,2356,,335,1880,17,124,1,fl-doe,2026-09-08T00:32:43+00:00
2022,FL,12003,Baker County,2022-11-02,6,mail,1160,,301,790,6,63,1,fl-doe,2026-09-08T00:32:43+00:00
2022,FL,12003,Baker County,2022-11-03,5,inperson,2766,,383,2210,22,151,1,fl-doe,2026-09-08T00:32:43+00:00
2022,FL,12003,Baker County,2022-11-03,5,mail,1222,,319,829,6,68,1,fl-doe,2026-09-08T00:32:43+00:00
2022,FL,12003,Baker County,2022-11-04,4,inperson,3262,,451,2604,27,180,1,fl-doe,2026-09-08T00:32:43+00:00
2022,FL,12003,Baker County,2022-11-04,4,mail,1279,,330,872,6,71,1,fl-doe,2026-09-08T00:32:43+00:00
2022,FL,12003,Baker County,2022-11-05,3,inperson,3878,,544,3080,32,222,1,fl-doe,2026-09-08T00:32:43+00:00
2022,FL,12003,Baker County,2022-11-05,3,mail,1333,,344,908,6,75,1,fl-doe,2026-09-08T00:32:43+00:00
2022,FL,12003,Baker County,2022-11-06,2,inperson,4415,,609,3505,36,265,1,fl-doe,2026-09-08T00:32:43+00:00
2022,FL,12003,Baker County,2022-11-06,2,mail,1373,,359,930,6,78,1,fl-doe,2026-09-08T00:32:43+00:00
2022,FL,12003,Baker County,2022-11-07,1,inperson,4415,,609,3505,36,265,1,fl-doe,2026-09-08T00:32:43+00:00
2022,FL,12003,Baker County,2022-11-07,1,mail,1373,,359,930,6,78,1,fl-doe,2026-09-08T00:32:43+00:00
2022,FL,12003,Baker County,2022-11-14,-6,inperson,4415,,609,3505,36,265,1,fl-doe,2026-09-08T00:32:43+00:00
2022,FL,12003,Baker County,2022-11-14,-6,mail,1577,,415,1055,8,99,1,fl-doe,2026-09-08T00:32:43+00:00
2022,FL,12003,Baker County,2022-11-16,-8,inperson,4415,,609,3505,36,265,1,fl-doe,2026-09-08T00:32:43+00:00
2022,FL,12003,Baker County,2022-11-16,-8,mail,1577,,415,1055,8,99,1,fl-doe,2026-09-08T00:32:43+00:00
2022,FL,12003,Baker County,2022-11-17,-9,inperson,4415,,609,3505,36,265,1,fl-doe,2026-09-08T00:32:43+00:00
2022,FL,12003,Baker County,2022-11-17,-9,mail,1577,,415,1055,8,99,1,fl-doe,2026-09-08T00:32:43+00:00
2022,FL,12003,Baker County,2022-11-18,-10,inperson,4415,,609,3505,36,265,1,fl-doe,2026-09-08T00:32:43+00:00
2022,FL,12003,Baker County,2022-11-18,-10,mail,1577,,415,1055,8,99,1,fl-doe,2026-09-08T00:32:43+00:00
2022,FL,12003,Baker County,2022-11-19,-11,inperson,4415,,609,3505,36,265,1,fl-doe,2026-09-08T00:32:43+00:00
2022,FL,12003,Baker County,2022-11-19,-11,mail,1578,,415,1055,8,100,1,fl-doe,2026-09-08T00:32:43+00:00
2022,FL,12003,Baker County,2022-11-22,-14,inperson,4415,,609,3505,36,265,1,fl-doe,2026-09-08T00:32:43+00:00
2022,FL,12003,Baker County,2022-11-22,-14,mail,1578,,415,1055,8,100,1,fl-doe,2026-09-08T00:32:43+00:00
2022,FL,12003,Baker County,2022-11-23,-15,inperson,4415,,609,3505,36,265,1,fl-doe,2026-09-08T00:32:43+00:00
2022,FL,12003,Baker County,2022-11-23,-15,mail,1578,,415,1055,8,100,1,fl-doe,2026-09-08T00:32:43+00:00
2022,FL,12005,Bay County,2022-10-06,33,mail,304,,84,184,3,33,1,fl-doe,2026-09-08T00:32:43+00:00
2022,FL,12005,Bay County,2022-10-07,32,mail,444,,130,263,4,47,1,fl-doe,2026-09-08T00:32:43+00:00
2022,FL,12005,Bay County,2022-10-10,29,mail,458,,133,271,4,50,1,fl-doe,2026-09-08T00:32:43+00:00
2022,FL,12005,Bay County,2022-10-21,18,mail,7751,,2572,4180,101,898,1,fl-doe,2026-09-08T00:32:43+00:00
2022,FL,12005,Bay County,2022-10-23,16,mail,7988,,2659,4305,101,923,1,fl-doe,2026-09-08T00:32:43+00:00
2022,FL,12005,Bay County,2022-10-24,15,mail,7988,,2659,4305,101,923,1,fl-doe,2026-09-08T00:32:43+00:00
2022,FL,12005,Bay County,2022-10-25,14,inperson,2331,,343,1708,15,265,1,fl-doe,2026-09-08T00:32:43+00:00
2022,FL,12005,Bay County,2022-10-25,14,mail,8925,,3001,4766,113,1045,1,fl-doe,2026-09-08T00:32:43+00:00
2022,FL,12005,Bay County,2022-10-27,12,inperson,7409,,1047,5447,82,833,1,fl-doe,2026-09-08T00:32:43+00:00
2022,FL,12005,Bay County,2022-10-27,12,mail,9397,,3168,5009,115,1105,1,fl-doe,2026-09-08T00:32:43+00:00
2022,FL,12005,Bay County,2022-10-28,11,inperson,9641,,1380,7091,104,1066,1,fl-doe,2026-09-08T00:32:43+00:00
2022,FL,12005,Bay County,2022-10-28,11,mail,10377,,3463,5526,128,1260,1,fl-doe,2026-09-08T00:32:43+00:00
2022,FL,12005,Bay County,2022-10-31,8,inperson,14082,,2070,10286,158,1568,1,fl-doe,2026-09-08T00:32:43+00:00
2022,FL,12005,Bay County,2022-10-31,8,mail,11036,,3694,5868,138,1336,1,fl-doe,2026-09-08T00:32:43+00:00
2022,FL,12005,Bay County,2022-11-01,7,inperson,16345,,2420,11878,178,1869,1,fl-doe,2026-09-08T00:32:43+00:00
2022,FL,12005,Bay County,2022-11-01,7,mail,11680,,3918,6185,145,1432,1,fl-doe,2026-09-08T00:32:43+00:00
2022,FL,12005,Bay County,2022-11-02,6,inperson,18634,,2765,13518,207,2144,1,fl-doe,2026-09-08T00:32:43+00:00
2022,FL,12005,Bay County,2022-11-02,6,mail,12419,,4170,6557,156,1536,1,fl-doe,2026-09-08T00:32:43+00:00
2022,FL,12005,Bay County,2022-11-03,5,inperson,20921,,3078,15176,240,2427,1,fl-doe,2026-09-08T00:32:43+00:00
2022,FL,12005,Bay County,2022-11-03,5,mail,13541,,4523,7161,175,1682,1,fl-doe,2026-09-08T00:32:43+00:00
2022,FL,12005,Bay County,2022-11-04,4,inperson,23334,,3452,16865,270,2747,1,fl-doe,2026-09-08T00:32:43+00:00
2022,FL,12005,Bay County,2022-11-04,4,mail,13607,,4545,7190,179,1693,1,fl-doe,2026-09-08T00:32:43+00:00
2022,FL,12005,Bay County,2022-11-05,3,inperson,26579,,3991,19048,312,3228,1,fl-doe,2026-09-08T00:32:43+00:00
2022,FL,12005,Bay County,2022-11-05,3,mail,14068,,4676,7445,181,1766,1,fl-doe,2026-09-08T00:32:43+00:00
2022,FL,12005,Bay County,2022-11-06,2,inperson,29028,,4403,20664,355,3606,1,fl-doe,2026-09-08T00:32:43+00:00
2022,FL,12005,Bay County,2022-11-06,2,mail,14401,,4800,7607,184,1810,1,fl-doe,2026-09-08T00:32:43+00:00
2022,FL,12005,Bay County,2022-11-07,1,inperson,29028,,4403,20664,355,3606,1,fl-doe,2026-09-08T00:32:43+00:00
2022,FL,12005,Bay County,2022-11-07,1,mail,14401,,4800,7607,184,1810,1,fl-doe,2026-09-08T00:32:43+00:00
2022,FL,12005,Bay County,2022-11-14,-6,inperson,29026,,4401,20664,355,3606,1,fl-doe,2026-09-08T00:32:43+00:00
2022,FL,12005,Bay County,2022-11-14,-6,mail,15545,,5189,8148,195,2013,1,fl-doe,2026-09-08T00:32:43+00:00
2022,FL,12005,Bay County,2022-11-16,-8,inperson,29026,,4401,20664,355,3606,1,fl-doe,2026-09-08T00:32:43+00:00
2022,FL,12005,Bay County,2022-11-16,-8,mail,15594,,5206,8172,195,2021,1,fl-doe,2026-09-08T00:32:43+00:00
2022,FL,12005,Bay County,2022-11-17,-9,inperson,29026,,4401,20664,355,3606,1,fl-doe,2026-09-08T00:32:43+00:00
2022,FL,12005,Bay County,2022-11-17,-9,mail,15594,,5206,8172,195,2021,1,fl-doe,2026-09-08T00:32:43+00:00
2022,FL,12005,Bay County,2022-11-18,-10,inperson,29026,,4401,20664,355,3606,1,fl-doe,2026-09-08T00:32:43+00:00
2022,FL,12005,Bay County,2022-11-18,-10,mail,15595,,5206,8172,195,2022,1,fl-doe,2026-09-08T00:32:43+00:00
2022,FL,12005,Bay County,2022-11-19,-11,inperson,29026,,4401,20664,355,3606,1,fl-doe,2026-09-08T00:32:43+00:00
2022,FL,12005,Bay County,2022-11-19,-11,mail,15594,,5206,8171,195,2022,1,fl-doe,2026-09-08T00:32:43+00:00
2022,FL,12005,Bay County,2022-11-22,-14,inperson,29026,,4401,20664,355,3606,1,fl-doe,2026-09-08T00:32:43+00:00
2022,FL,12005,Bay County,2022-11-22,-14,mail,15594,,5206,8171,195,2022,1,fl-doe,2026-09-08T00:32:43+00:00
2022,FL,12005,Bay County,2022-11-23,-15,inperson,29026,,4401,20664,355,3606,1,fl-doe,2026-09-08T00:32:43+00:00
2022,FL,12005,Bay County,2022-11-23,-15,mail,15594,,5206,8171,195,2022,1,fl-doe,2026-09-08T00:32:43+00:00
2022,FL,12007,Bradford County,2022-10-06,33,mail,5,,0,5,0,0,1,fl-doe,2026-09-08T00:32:43+00:00
2022,FL,12007,Bradford County,2022-10-07,32,mail,39,,7,31,0,1,1,fl-doe,2026-09-08T00:32:43+00:00
2022,FL,12007,Bradford County,2022-10-10,29,mail,105,,24,71,1,9,1,fl-doe,2026-09-08T00:32:43+00:00
2022,FL,12007,Bradford County,2022-10-21,18,mail,1081,,392,610,8,71,1,fl-doe,2026-09-08T00:32:43+00:00
2022,FL,12007,Bradford County,2022-10-23,16,mail,1153,,416,649,8,80,1,fl-doe,2026-09-08T00:32:43+00:00
2022,FL,12007,Bradford County,2022-10-24,15,mail,1153,,416,649,8,80,1,fl-doe,2026-09-08T00:32:43+00:00
2022,FL,12007,Bradford County,2022-10-25,14,inperson,199,,29,156,2,12,1,fl-doe,2026-09-08T00:32:43+00:00
2022,FL,12007,Bradford County,2022-10-25,14,mail,1328,,468,751,9,100,1,fl-doe,2026-09-08T00:32:43+00:00
2022,FL,12007,Bradford County,2022-10-27,12,inperson,507,,98,371,6,32,1,fl-doe,2026-09-08T00:32:43+00:00
2022,FL,12007,Bradford County,2022-10-27,12,mail,1564,,569,870,10,115,1,fl-doe,2026-09-08T00:32:43+00:00
2022,FL,12007,Bradford County,2022-10-28,11,inperson,632,,133,454,7,38,1,fl-doe,2026-09-08T00:32:43+00:00
2022,FL,12007,Bradford County,2022-10-28,11,mail,1633,,591,910,10,122,1,fl-doe,2026-09-08T00:32:43+00:00
2022,FL,12007,Bradford County,2022-10-31,8,inperson,983,,207,698,11,67,1,fl-doe,2026-09-08T00:32:43+00:00
2022,FL,12007,Bradford County,2022-10-31,8,mail,1794,,638,1019,10,127,1,fl-doe,2026-09-08T00:32:43+00:00
2022,FL,12007,Bradford County,2022-11-01,7,inperson,1191,,241,857,13,80,1,fl-doe,2026-09-08T00:32:43+00:00
2022,FL,12007,Bradford County,2022-11-01,7,mail,1858,,665,1049,10,134,1,fl-doe,2026-09-08T00:32:43+00:00
2022,FL,12007,Bradford County,2022-11-02,6,inperson,1383,,279,998,14,92,1,fl-doe,2026-09-08T00:32:43+00:00
2022,FL,12007,Bradford County,2022-11-02,6,mail,1902,,677,1079,10,136,1,fl-doe,2026-09-08T00:32:43+00:00
2022,FL,12007,Bradford County,2022-11-03,5,inperson,1580,,316,1140,19,105,1,fl-doe,2026-09-08T00:32:43+00:00
2022,FL,12007,Bradford County,2022-11-03,5,mail,2056,,731,1167,11,147,1,fl-doe,2026-09-08T00:32:43+00:00
2022,FL,12007,Bradford County,2022-11-04,4,inperson,1793,,366,1282,21,124,1,fl-doe,2026-09-08T00:32:43+00:00
2022,FL,12007,Bradford County,2022-11-04,4,mail,2127,,757,1207,13,150,1,fl-doe,2026-09-08T00:32:43+00:00
2022,FL,12007,Bradford County,2022-11-05,3,inperson,2111,,420,1520,21,150,1,fl-doe,2026-09-08T00:32:43+00:00
2022,FL,12007,Bradford County,2022-11-05,3,mail,2244,,784,1285,15,160,1,fl-doe,2026-09-08T00:32:43+00:00
2022,FL,12007,Bradford County,2022-11-06,2,inperson,2295,,462,1647,22,164,1,fl-doe,2026-09-08T00:32:43+00:00
2022,FL,12007,Bradford County,2022-11-06,2,mail,2273,,797,1300,15,161,1,fl-doe,2026-09-08T00:32:43+00:00
2022,FL,12007,Bradford County,2022-11-07,1,inperson,2587,,539,1840,24,184,1,fl-doe,2026-09-08T00:32:43+00:00
2022,FL,12007,Bradford County,2022-11-07,1,mail,2304,,809,1317,15,163,1,fl-doe,2026-09-08T00:32:43+00:00
2022,FL,12007,Bradford County,2022-11-14,-6,inperson,2587,,539,1840,24,184,1,fl-doe,2026-09-08T00:32:43+00:00
2022,FL,12007,Bradford County,2022-11-14,-6,mail,2540,,887,1444,18,191,1,fl-doe,2026-09-08T00:32:43+00:00
2022,FL,12007,Bradford County,2022-11-16,-8,inperson,2587,,539,1840,24,184,1,fl-doe,2026-09-08T00:32:43+00:00
2022,FL,12007,Bradford County,2022-11-16,-8,mail,2541,,888,1444,18,191,1,fl-doe,2026-09-08T00:32:43+00:00
2022,FL,12007,Bradford County,2022-11-17,-9,inperson,2587,,539,1840,24,184,1,fl-doe,2026-09-08T00:32:43+00:00
2022,FL,12007,Bradford County,2022-11-17,-9,mail,2541,,888,1444,18,191,1,fl-doe,2026-09-08T00:32:43+00:00
2022,FL,12007,Bradford County,2022-11-18,-10,inperson,2587,,539,1840,24,184,1,fl-doe,2026-09-08T00:32:43+00:00
2022,FL,12007,Bradford County,2022-11-18,-10,mail,2541,,888,1444,18,191,1,fl-doe,2026-09-08T00:32:43+00:00
2022,FL,12007,Bradford County,2022-11-19,-11,inperson,2587,,539,1840,24,184,1,fl-doe,2026-09-08T00:32:43+00:00
2022,FL,12007,Bradford County,2022-11-19,-11,mail,2541,,888,1444,18,191,1,fl-doe,2026-09-08T00:32:43+00:00
2022,FL,12007,Bradford County,2022-11-22,-14,inperson,2587,,539,1840,24,184,1,fl-doe,2026-09-08T00:32:43+00:00
2022,FL,12007,Bradford County,2022-11-22,-14,mail,2541,,888,1444,18,191,1,fl-doe,2026-09-08T00:32:43+00:00
2022,FL,12007,Bradford County,2022-11-23,-15,inperson,2587,,539,1840,24,184,1,fl-doe,2026-09-08T00:32:43+00:00
2022,FL,12007,Bradford County,2022-11-23,-15,mail,2541,,888,1444,18,191,1,fl-doe,2026-09-08T00:32:43+00:00
2022,FL,12009,Brevard County,2022-10-06,33,mail,145,,48,60,6,31,1,fl-doe,2026-09-08T00:32:43+00:00
2022,FL,12009,Brevard County,2022-10-07,32,mail,173,,58,73,6,36,1,fl-doe,2026-09-08T00:32:43+00:00
2022,FL,12009,Brevard County,2022-10-10,29,mail,198,,68,82,6,42,1,fl-doe,2026-09-08T00:32:43+00:00
2022,FL,12009,Brevard County,2022-10-21,18,mail,33670,,12730,14373,598,5969,1,fl-doe,2026-09-08T00:32:43+00:00
2022,FL,12009,Brevard County,2022-10-23,16,mail,37009,,14027,15823,655,6504,1,fl-doe,2026-09-08T00:32:43+00:00
2022,FL,12009,Brevard County,2022-10-24,15,mail,37009,,14027,15823,655,6504,1,fl-doe,2026-09-08T00:32:43+00:00
2022,FL,12009,Brevard County,2022-10-25,14,inperson,3882,,1064,2197,70,551,1,fl-doe,2026-09-08T00:32:43+00:00
2022,FL,12009,Brevard County,2022-10-25,14,mail,42129,,16083,17964,738,7344,1,fl-doe,2026-09-08T00:32:43+00:00
2022,FL,12009,Brevard County,2022-10-27,12,inperson,12685,,3487,7116,217,1865,1,fl-doe,2026-09-08T00:32:43+00:00
2022,FL,12009,Brevard County,2022-10-27,12,mail,53157,,20697,22285,935,9240,1,fl-doe,2026-09-08T00:32:43+00:00
2022,FL,12009,Brevard County,2022-10-28,11,inperson,17275,,4714,9675,297,2589,1,fl-doe,2026-09-08T00:32:43+00:00
2022,FL,12009,Brevard County,2022-10-28,11,mail,57280,,22254,24018,1005,10003,1,fl-doe,2026-09-08T00:32:43+00:00
2022,FL,12009,Brevard County,2022-10-31,8,inperson,30057,,7891,16809,514,4843,1,fl-doe,2026-09-08T00:32:43+00:00
2022,FL,12009,Brevard County,2022-10-31,8,mail,64745,,25256,27014,1136,11339,1,fl-doe,2026-09-08T00:32:43+00:00
2022,FL,12009,Brevard County,2022-11-01,7,inperson,35282,,9101,19834,597,5750,1,fl-doe,2026-09-08T00:32:43+00:00
2022,FL,12009,Brevard County,2022-11-01,7,mail,66796,,26030,27821,1172,11773,1,fl-doe,2026-09-08T00:32:43+00:00
2022,FL,12009,Brevard County,2022-11-02,6,inperson,40461,,10297,22804,696,6664,1,fl-doe,2026-09-08T00:32:43+00:00
2022,FL,12009,Brevard County,2022-11-02,6,mail,68410,,26644,28507,1202,12057,1,fl-doe,2026-09-08T00:32:43+00:00
2022,FL,12009,Brevard County,2022-11-03,5,inperson,46418,,11732,26120,814,7752,1,fl-doe,2026-09-08T00:32:43+00:00
2022,FL,12009,Brevard County,2022-11-03,5,mail,70964,,27611,29587,1251,12515,1,fl-doe,2026-09-08T00:32:43+00:00
2022,FL,12009,Brevard County,2022-11-04,4,inperson,53125,,13281,29895,942,9007,1,fl-doe,2026-09-08T00:32:43+00:00
2022,FL,12009,Brevard County,2022-11-04,4,mail,76620,,29719,31882,1346,13673,1,fl-doe,2026-09-08T00:32:43+00:00
2022,FL,12009,Brevard County,2022-11-05,3,inperson,63049,,15631,35307,1149,10962,1,fl-doe,2026-09-08T00:32:43+00:00
2022,FL,12009,Brevard County,2022-11-05,3,mail,79763,,30864,33207,1418,14274,1,fl-doe,2026-09-08T00:32:43+00:00
2022,FL,12009,Brevard County,2022-11-06,2,inperson,72858,,18108,40492,1321,12937,1,fl-doe,2026-09-08T00:32:43+00:00
2022,FL,12009,Brevard County,2022-11-06,2,mail,82723,,31978,34375,1468,14902,1,fl-doe,2026-09-08T00:32:43+00:00
2022,FL,12009,Brevard County,2022-11-07,1,inperson,72858,,18108,40492,1321,12937,1,fl-doe,2026-09-08T00:32:43+00:00
2022,FL,12009,Brevard County,2022-11-07,1,mail,82723,,31978,34375,1468,14902,1,fl-doe,2026-09-08T00:32:43+00:00
2022,FL,12009,Brevard County,2022-11-14,-6,inperson,72856,,18107,40493,1321,12935,1,fl-doe,2026-09-08T00:32:43+00:00
2022,FL,12009,Brevard County,2022-11-14,-6,mail,91370,,35403,37543,1631,16793,1,fl-doe,2026-09-08T00:32:43+00:00
2022,FL,12009,Brevard County,2022-11-16,-8,inperson,72856,,18107,40493,1321,12935,1,fl-doe,2026-09-08T00:32:43+00:00
2022,FL,12009,Brevard County,2022-11-16,-8,mail,91382,,35409,37543,1632,16798,1,fl-doe,2026-09-08T00:32:43+00:00
2022,FL,12009,Brevard County,2022-11-17,-9,inperson,72856,,18107,40493,1321,12935,1,fl-doe,2026-09-08T00:32:43+00:00
2022,FL,12009,Brevard County,2022-11-17,-9,mail,91384,,35411,37543,1632,16798,1,fl-doe,2026-09-08T00:32:43+00:00
2022,FL,12009,Brevard County,2022-11-18,-10,inperson,72856,,18107,40493,1321,12935,1,fl-doe,2026-09-08T00:32:43+00:00
2022,FL,12009,Brevard County,2022-11-18,-10,mail,91390,,35415,37545,1632,16798,1,fl-doe,2026-09-08T00:32:43+00:00
2022,FL,12009,Brevard County,2022-11-19,-11,inperson,72856,,18107,40493,1321,12935,1,fl-doe,2026-09-08T00:32:43+00:00
2022,FL,12009,Brevard County,2022-11-19,-11,mail,91399,,35421,37545,1632,16801,1,fl-doe,2026-09-08T00:32:43+00:00
2022,FL,12009,Brevard County,2022-11-22,-14,inperson,72856,,18107,40493,1321,12935,1,fl-doe,2026-09-08T00:32:43+00:00
2022,FL,12009,Brevard County,2022-11-22,-14,mail,91399,,35421,37545,1632,16801,1,fl-doe,2026-09-08T00:32:43+00:00
2022,FL,12009,Brevard County,2022-11-23,-15,inperson,72856,,18107,40493,1321,12935,1,fl-doe,2026-09-08T00:32:43+00:00
2022,FL,12009,Brevard County,2022-11-23,-15,mail,91399,,35421,37545,1632,16801,1,fl-doe,2026-09-08T00:32:43+00:00
2022,FL,12011,Broward County,2022-10-06,33,mail,102,,72,10,1,19,1,fl-doe,2026-09-08T00:32:43+00:00
2022,FL,12011,Broward County,2022-10-07,32,mail,180,,102,42,1,35,1,fl-doe,2026-09-08T00:32:43+00:00
2022,FL,12011,Broward County,2022-10-10,29,mail,318,,175,84,3,56,1,fl-doe,2026-09-08T00:32:43+00:00
2022,FL,12011,Broward County,2022-10-21,18,mail,71981,,40855,17249,877,13000,1,fl-doe,2026-09-08T00:32:43+00:00
2022,FL,12011,Broward County,2022-10-23,16,mail,86610,,49713,20335,1050,15512,1,fl-doe,2026-09-08T00:32:43+00:00
2022,FL,12011,Broward County,2022-10-24,15,mail,89812,,51529,21018,1087,16178,1,fl-doe,2026-09-08T00:32:43+00:00
2022,FL,12011,Broward County,2022-10-25,14,inperson,10295,,5002,3574,133,1586,1,fl-doe,2026-09-08T00:32:43+00:00
2022,FL,12011,Broward County,2022-10-25,14,mail,90690,,52118,21184,1096,16292,1,fl-doe,2026-09-08T00:32:43+00:00
2022,FL,12011,Broward County,2022-10-27,12,inperson,30331,,14520,10482,397,4932,1,fl-doe,2026-09-08T00:32:43+00:00
2022,FL,12011,Broward County,2022-10-27,12,mail,119412,,69795,26799,1437,21381,1,fl-doe,2026-09-08T00:32:43+00:00
2022,FL,12011,Broward County,2022-10-28,11,inperson,39660,,18838,13733,510,6579,1,fl-doe,2026-09-08T00:32:43+00:00
2022,FL,12011,Broward County,2022-10-28,11,mail,128976,,75596,28615,1545,23220,1,fl-doe,2026-09-08T00:32:43+00:00
2022,FL,12011,Broward County,2022-10-31,8,inperson,68138,,32961,22425,861,11891,1,fl-doe,2026-09-08T00:32:43+00:00
2022,FL,12011,Broward County,2022-10-31,8,mail,150641,,88784,32649,1797,27411,1,fl-doe,2026-09-08T00:32:43+00:00
2022,FL,12011,Broward County,2022-11-01,7,inperson,78548,,37671,25948,990,13939,1,fl-doe,2026-09-08T00:32:43+00:00
2022,FL,12011,Broward County,2022-11-01,7,mail,154278,,91110,33242,1829,28097,1,fl-doe,2026-09-08T00:32:43+00:00
2022,FL,12011,Broward County,2022-11-02,6,inperson,90275,,42831,29894,1151,16399,1,fl-doe,2026-09-08T00:32:43+00:00
2022,FL,12011,Broward County,2022-11-02,6,mail,165092,,97400,35261,1981,30450,1,fl-doe,2026-09-08T00:32:43+00:00
2022,FL,12011,Broward County,2022-11-03,5,inperson,103384,,48668,34190,1308,19218,1,fl-doe,2026-09-08T00:32:43+00:00
2022,FL,12011,Broward County,2022-11-03,5,mail,172486,,101665,36632,2076,32113,1,fl-doe,2026-09-08T00:32:43+00:00
2022,FL,12011,Broward County,2022-11-04,4,inperson,118875,,55563,39158,1525,22629,1,fl-doe,2026-09-08T00:32:43+00:00
2022,FL,12011,Broward County,2022-11-04,4,mail,180592,,106361,38116,2178,33937,1,fl-doe,2026-09-08T00:32:43+00:00
2022,FL,12011,Broward County,2022-11-05,3,inperson,138483,,64335,45171,1851,27126,1,fl-doe,2026-09-08T00:32:43+00:00
2022,FL,12011,Broward County,2022-11-05,3,mail,188442,,110908,39497,2284,35753,1,fl-doe,2026-09-08T00:32:43+00:00
2022,FL,12011,Broward County,2022-11-06,2,inperson,158484,,73742,50795,2142,31805,1,fl-doe,2026-09-08T00:32:43+00:00
2022,FL,12011,Broward County,2022-11-06,2,mail,196964,,116046,40831,2386,37701,1,fl-doe,2026-09-08T00:32:43+00:00
2022,FL,12011,Broward County,2022-11-07,1,inperson,188360,,88046,58942,2592,38780,1,fl-doe,2026-09-08T00:32:43+00:00
2022,FL,12011,Broward County,2022-11-07,1,mail,202847,,119853,41600,2455,38939,1,fl-doe,2026-09-08T00:32:43+00:00
2022,FL,12011,Broward County,2022-11-14,-6,inperson,188360,,88046,58942,2592,38780,1,fl-doe,2026-09-08T00:32:43+00:00
2022,FL,12011,Broward County,2022-11-14,-6,mail,225567,,133602,44812,2759,44394,1,fl-doe,2026-09-08T00:32:43+00:00
2022,FL,12011,Broward County,2022-11-16,-8,inperson,188360,,88046,58942,2592,38780,1,fl-doe,2026-09-08T00:32:43+00:00
2022,FL,12011,Broward County,2022-11-16,-8,mail,225653,,133651,44824,2760,44418,1,fl-doe,2026-09-08T00:32:43+00:00
2022,FL,12011,Broward County,2022-11-17,-9,inperson,188360,,88046,58942,2592,38780,1,fl-doe,2026-09-08T00:32:43+00:00
2022,FL,12011,Broward County,2022-11-17,-9,mail,225659,,133654,44824,2761,44420,1,fl-doe,2026-09-08T00:32:43+00:00
2022,FL,12011,Broward County,2022-11-18,-10,inperson,188360,,88046,58942,2592,38780,1,fl-doe,2026-09-08T00:32:43+00:00
2022,FL,12011,Broward County,2022-11-18,-10,mail,225673,,133665,44826,2761,44421,1,fl-doe,2026-09-08T00:32:43+00:00
2022,FL,12011,Broward County,2022-11-19,-11,inperson,188360,,88046,58942,2592,38780,1,fl-doe,2026-09-08T00:32:43+00:00
2022,FL,12011,Broward County,2022-11-19,-11,mail,225683,,133669,44829,2761,44424,1,fl-doe,2026-09-08T00:32:43+00:00
2022,FL,12011,Broward County,2022-11-22,-14,inperson,188360,,88046,58942,2592,38780,1,fl-doe,2026-09-08T00:32:43+00:00
2022,FL,12011,Broward County,2022-11-22,-14,mail,225683,,133669,44829,2761,44424,1,fl-doe,2026-09-08T00:32:43+00:00
2022,FL,12011,Broward County,2022-11-23,-15,inperson,188360,,88046,58942,2592,38780,1,fl-doe,2026-09-08T00:32:43+00:00
2022,FL,12011,Broward County,2022-11-23,-15,mail,225683,,133669,44829,2761,44424,1,fl-doe,2026-09-08T00:32:43+00:00
2022,FL,12013,Calhoun County,2022-10-06,33,mail,77,,42,34,0,1,1,fl-doe,2026-09-08T00:32:43+00:00
2022,FL,12013,Calhoun County,2022-10-07,32,mail,132,,64,67,0,1,1,fl-doe,2026-09-08T00:32:43+00:00
2022,FL,12013,Calhoun County,2022-10-10,29,mail,174,,89,81,0,4,1,fl-doe,2026-09-08T00:32:43+00:00
2022,FL,12013,Calhoun County,2022-10-21,18,mail,523,,238,257,2,26,1,fl-doe,2026-09-08T00:32:43+00:00
2022,FL,12013,Calhoun County,2022-10-23,16,mail,566,,251,285,2,28,1,fl-doe,2026-09-08T00:32:43+00:00
2022,FL,12013,Calhoun County,2022-10-24,15,mail,566,,251,285,2,28,1,fl-doe,2026-09-08T00:32:43+00:00
2022,FL,12013,Calhoun County,2022-10-25,14,inperson,157,,48,95,1,13,1,fl-doe,2026-09-08T00:32:43+00:00
2022,FL,12013,Calhoun County,2022-10-25,14,mail,601,,266,303,2,30,1,fl-doe,2026-09-08T00:32:43+00:00
2022,FL,12013,Calhoun County,2022-10-27,12,inperson,342,,109,210,1,22,1,fl-doe,2026-09-08T00:32:43+00:00
2022,FL,12013,Calhoun County,2022-10-27,12,mail,668,,299,337,2,30,1,fl-doe,2026-09-08T00:32:43+00:00
2022,FL,12013,Calhoun County,2022-10-28,11,inperson,442,,137,275,1,29,1,fl-doe,2026-09-08T00:32:43+00:00
2022,FL,12013,Calhoun County,2022-10-28,11,mail,697,,316,348,2,31,1,fl-doe,2026-09-08T00:32:43+00:00
2022,FL,12013,Calhoun County,2022-10-31,8,inperson,698,,199,450,3,46,1,fl-doe,2026-09-08T00:32:43+00:00
2022,FL,12013,Calhoun County,2022-10-31,8,mail,751,,333,379,2,37,1,fl-doe,2026-09-08T00:32:43+00:00
2022,FL,12013,Calhoun County,2022-11-01,7,inperson,847,,233,559,3,52,1,fl-doe,2026-09-08T00:32:43+00:00
2022,FL,12013,Calhoun County,2022-11-01,7,mail,794,,352,402,2,38,1,fl-doe,2026-09-08T00:32:43+00:00
2022,FL,12013,Calhoun County,2022-11-02,6,inperson,995,,268,663,3,61,1,fl-doe,2026-09-08T00:32:43+00:00
2022,FL,12013,Calhoun County,2022-11-02,6,mail,828,,370,415,3,40,1,fl-doe,2026-09-08T00:32:43+00:00
2022,FL,12013,Calhoun County,2022-11-03,5,inperson,1137,,309,755,3,70,1,fl-doe,2026-09-08T00:32:43+00:00
2022,FL,12013,Calhoun County,2022-11-03,5,mail,860,,385,430,4,41,1,fl-doe,2026-09-08T00:32:43+00:00
2022,FL,12013,Calhoun County,2022-11-04,4,inperson,1309,,364,855,3,87,1,fl-doe,2026-09-08T00:32:43+00:00
2022,FL,12013,Calhoun County,2022-11-04,4,mail,884,,394,442,4,44,1,fl-doe,2026-09-08T00:32:43+00:00
2022,FL,12013,Calhoun County,2022-11-05,3,inperson,1510,,438,964,4,104,1,fl-doe,2026-09-08T00:32:43+00:00
2022,FL,12013,Calhoun County,2022-11-05,3,mail,908,,404,454,4,46,1,fl-doe,2026-09-08T00:32:43+00:00
2022,FL,12013,Calhoun County,2022-11-06,2,inperson,1666,,486,1065,5,110,1,fl-doe,2026-09-08T00:32:43+00:00
2022,FL,12013,Calhoun County,2022-11-06,2,mail,941,,418,471,4,48,1,fl-doe,2026-09-08T00:32:43+00:00
2022,FL,12013,Calhoun County,2022-11-07,1,inperson,1666,,486,1065,5,110,1,fl-doe,2026-09-08T00:32:43+00:00
2022,FL,12013,Calhoun County,2022-11-07,1,mail,941,,418,471,4,48,1,fl-doe,2026-09-08T00:32:43+00:00
2022,FL,12013,Calhoun County,2022-11-14,-6,inperson,1666,,486,1065,5,110,1,fl-doe,2026-09-08T00:32:43+00:00
2022,FL,12013,Calhoun County,2022-11-14,-6,mail,1026,,464,507,4,51,1,fl-doe,2026-09-08T00:32:43+00:00
2022,FL,12013,Calhoun County,2022-11-16,-8,inperson,1666,,486,1065,5,110,1,fl-doe,2026-09-08T00:32:43+00:00
2022,FL,12013,Calhoun County,2022-11-16,-8,mail,1026,,464,507,4,51,1,fl-doe,2026-09-08T00:32:43+00:00
2022,FL,12013,Calhoun County,2022-11-17,-9,inperson,1666,,486,1065,5,110,1,fl-doe,2026-09-08T00:32:43+00:00
2022,FL,12013,Calhoun County,2022-11-17,-9,mail,1026,,464,507,4,51,1,fl-doe,2026-09-08T00:32:43+00:00
2022,FL,12013,Calhoun County,2022-11-18,-10,inperson,1666,,486,1065,5,110,1,fl-doe,2026-09-08T00:32:43+00:00
2022,FL,12013,Calhoun County,2022-11-18,-10,mail,1026,,464,507,4,51,1,fl-doe,2026-09-08T00:32:43+00:00
2022,FL,12013,Calhoun County,2022-11-19,-11,inperson,1666,,486,1065,5,110,1,fl-doe,2026-09-08T00:32:43+00:00
2022,FL,12013,Calhoun County,2022-11-19,-11,mail,1026,,464,507,4,51,1,fl-doe,2026-09-08T00:32:43+00:00
2022,FL,12013,Calhoun County,2022-11-22,-14,inperson,1666,,486,1065,5,110,1,fl-doe,2026-09-08T00:32:43+00:00
2022,FL,12013,Calhoun County,2022-11-22,-14,mail,1026,,464,507,4,51,1,fl-doe,2026-09-08T00:32:43+00:00
2022,FL,12013,Calhoun County,2022-11-23,-15,inperson,1666,,486,1065,5,110,1,fl-doe,2026-09-08T00:32:43+00:00
2022,FL,12013,Calhoun County,2022-11-23,-15,mail,1026,,464,507,4,51,1,fl-doe,2026-09-08T00:32:43+00:00
2022,FL,12015,Charlotte County,2022-10-06,33,mail,19,,13,3,0,3,1,fl-doe,2026-09-08T00:32:43+00:00
2022,FL,12015,Charlotte County,2022-10-07,32,mail,23,,14,5,0,4,1,fl-doe,2026-09-08T00:32:43+00:00
2022,FL,12015,Charlotte County,2022-10-10,29,mail,75,,29,35,1,10,1,fl-doe,2026-09-08T00:32:43+00:00
2022,FL,12015,Charlotte County,2022-10-21,18,mail,13629,,4644,6187,308,2490,1,fl-doe,2026-09-08T00:32:43+00:00
2022,FL,12015,Charlotte County,2022-10-23,16,mail,14686,,5034,6630,326,2696,1,fl-doe,2026-09-08T00:32:43+00:00
2022,FL,12015,Charlotte County,2022-10-24,15,mail,14686,,5034,6630,326,2696,1,fl-doe,2026-09-08T00:32:43+00:00
2022,FL,12015,Charlotte County,2022-10-25,14,inperson,2233,,374,1442,22,395,1,fl-doe,2026-09-08T00:32:43+00:00
2022,FL,12015,Charlotte County,2022-10-25,14,mail,17187,,5916,7712,359,3200,1,fl-doe,2026-09-08T00:32:43+00:00
2022,FL,12015,Charlotte County,2022-10-27,12,inperson,7131,,1153,4690,112,1176,1,fl-doe,2026-09-08T00:32:43+00:00
2022,FL,12015,Charlotte County,2022-10-27,12,mail,20879,,7403,9167,435,3874,1,fl-doe,2026-09-08T00:32:43+00:00
2022,FL,12015,Charlotte County,2022-10-28,11,inperson,9395,,1503,6161,143,1588,1,fl-doe,2026-09-08T00:32:43+00:00
2022,FL,12015,Charlotte County,2022-10-28,11,mail,22309,,7878,9803,466,4162,1,fl-doe,2026-09-08T00:32:43+00:00
2022,FL,12015,Charlotte County,2022-10-31,8,inperson,13498,,2199,8815,198,2286,1,fl-doe,2026-09-08T00:32:43+00:00
2022,FL,12015,Charlotte County,2022-10-31,8,mail,24992,,8878,10908,503,4703,1,fl-doe,2026-09-08T00:32:43+00:00
2022,FL,12015,Charlotte County,2022-11-01,7,inperson,16238,,2625,10569,249,2795,1,fl-doe,2026-09-08T00:32:43+00:00
2022,FL,12015,Charlotte County,2022-11-01,7,mail,26072,,9268,11350,523,4931,1,fl-doe,2026-09-08T00:32:43+00:00
2022,FL,12015,Charlotte County,2022-11-02,6,inperson,19025,,3083,12291,296,3355,1,fl-doe,2026-09-08T00:32:43+00:00
2022,FL,12015,Charlotte County,2022-11-02,6,mail,27788,,9812,12099,558,5319,1,fl-doe,2026-09-08T00:32:43+00:00
2022,FL,12015,Charlotte County,2022-11-03,5,inperson,21786,,3493,14035,351,3907,1,fl-doe,2026-09-08T00:32:43+00:00
2022,FL,12015,Charlotte County,2022-11-03,5,mail,29035,,10259,12579,583,5614,1,fl-doe,2026-09-08T00:32:43+00:00
2022,FL,12015,Charlotte County,2022-11-04,4,inperson,24596,,3900,15855,383,4458,1,fl-doe,2026-09-08T00:32:43+00:00
2022,FL,12015,Charlotte County,2022-11-04,4,mail,30155,,10627,13064,606,5858,1,fl-doe,2026-09-08T00:32:43+00:00
2022,FL,12015,Charlotte County,2022-11-05,3,inperson,27843,,4402,17887,449,5105,1,fl-doe,2026-09-08T00:32:43+00:00
2022,FL,12015,Charlotte County,2022-11-05,3,mail,31096,,10926,13479,625,6066,1,fl-doe,2026-09-08T00:32:43+00:00
2022,FL,12015,Charlotte County,2022-11-06,2,inperson,29650,,4713,18990,485,5462,1,fl-doe,2026-09-08T00:32:43+00:00
2022,FL,12015,Charlotte County,2022-11-06,2,mail,31096,,10926,13479,625,6066,1,fl-doe,2026-09-08T00:32:43+00:00
2022,FL,12015,Charlotte County,2022-11-07,1,inperson,31240,,4994,19914,520,5812,1,fl-doe,2026-09-08T00:32:43+00:00
2022,FL,12015,Charlotte County,2022-11-07,1,mail,31096,,10926,13479,625,6066,1,fl-doe,2026-09-08T00:32:43+00:00
2022,FL,12015,Charlotte County,2022-11-14,-6,inperson,35648,,5704,22588,618,6738,1,fl-doe,2026-09-08T00:32:43+00:00
2022,FL,12015,Charlotte County,2022-11-14,-6,mail,34153,,11967,14715,704,6767,1,fl-doe,2026-09-08T00:32:43+00:00
2022,FL,12015,Charlotte County,2022-11-16,-8,inperson,35648,,5704,22588,618,6738,1,fl-doe,2026-09-08T00:32:43+00:00
2022,FL,12015,Charlotte County,2022-11-16,-8,mail,34162,,11969,14721,704,6768,1,fl-doe,2026-09-08T00:32:43+00:00
2022,FL,12015,Charlotte County,2022-11-17,-9,inperson,35648,,5704,22588,618,6738,1,fl-doe,2026-09-08T00:32:43+00:00
2022,FL,12015,Charlotte County,2022-11-17,-9,mail,34162,,11969,14721,704,6768,1,fl-doe,2026-09-08T00:32:43+00:00
2022,FL,12015,Charlotte County,2022-11-18,-10,inperson,35648,,5704,22588,618,6738,1,fl-doe,2026-09-08T00:32:43+00:00
2022,FL,12015,Charlotte County,2022-11-18,-10,mail,34162,,11969,14721,704,6768,1,fl-doe,2026-09-08T00:32:43+00:00
2022,FL,12015,Charlotte County,2022-11-19,-11,inperson,35648,,5704,22588,618,6738,1,fl-doe,2026-09-08T00:32:43+00:00
2022,FL,12015,Charlotte County,2022-11-19,-11,mail,34162,,11969,14721,704,6768,1,fl-doe,2026-09-08T00:32:43+00:00
2022,FL,12015,Charlotte County,2022-11-22,-14,inperson,35648,,5704,22588,618,6738,1,fl-doe,2026-09-08T00:32:43+00:00
2022,FL,12015,Charlotte County,2022-11-22,-14,mail,34162,,11969,14721,704,6768,1,fl-doe,2026-09-08T00:32:43+00:00
2022,FL,12015,Charlotte County,2022-11-23,-15,inperson,35648,,5704,22588,618,6738,1,fl-doe,2026-09-08T00:32:43+00:00
2022,FL,12015,Charlotte County,2022-11-23,-15,mail,34162,,11969,14721,704,6768,1,fl-doe,2026-09-08T00:32:43+00:00
2022,FL,12017,Citrus County,2022-10-06,33,mail,963,,272,494,16,181,1,fl-doe,2026-09-08T00:32:43+00:00
2022,FL,12017,Citrus County,2022-10-07,32,mail,2514,,733,1301,49,431,1,fl-doe,2026-09-08T00:32:43+00:00
2022,FL,12017,Citrus County,2022-10-10,29,mail,3234,,961,1643,56,574,1,fl-doe,2026-09-08T00:32:43+00:00
2022,FL,12017,Citrus County,2022-10-21,18,mail,14375,,4583,7105,227,2460,1,fl-doe,2026-09-08T00:32:43+00:00
2022,FL,12017,Citrus County,2022-10-23,16,mail,15034,,4813,7423,235,2563,1,fl-doe,2026-09-08T00:32:43+00:00
2022,FL,12017,Citrus County,2022-10-24,15,mail,15034,,4813,7423,235,2563,1,fl-doe,2026-09-08T00:32:43+00:00
2022,FL,12017,Citrus County,2022-10-25,14,inperson,0,,0,0,0,0,1,fl-doe,2026-09-08T00:32:43+00:00
2022,FL,12017,Citrus County,2022-10-25,14,mail,16323,,5225,8061,255,2782,1,fl-doe,2026-09-08T00:32:43+00:00
2022,FL,12017,Citrus County,2022-10-27,12,inperson,0,,0,0,0,0,1,fl-doe,2026-09-08T00:32:43+00:00
2022,FL,12017,Citrus County,2022-10-27,12,mail,18301,,5917,8978,285,3121,1,fl-doe,2026-09-08T00:32:43+00:00
2022,FL,12017,Citrus County,2022-10-28,11,inperson,0,,0,0,0,0,1,fl-doe,2026-09-08T00:32:43+00:00
2022,FL,12017,Citrus County,2022-10-28,11,mail,19036,,6162,9329,294,3251,1,fl-doe,2026-09-08T00:32:43+00:00
2022,FL,12017,Citrus County,2022-10-31,8,inperson,6061,,981,4169,78,833,1,fl-doe,2026-09-08T00:32:43+00:00
2022,FL,12017,Citrus County,2022-10-31,8,mail,20230,,6585,9885,308,3452,1,fl-doe,2026-09-08T00:32:43+00:00
2022,FL,12017,Citrus County,2022-11-01,7,inperson,8814,,1410,6013,120,1271,1,fl-doe,2026-09-08T00:32:43+00:00
2022,FL,12017,Citrus County,2022-11-01,7,mail,21243,,6905,10375,323,3640,1,fl-doe,2026-09-08T00:32:43+00:00
2022,FL,12017,Citrus County,2022-11-02,6,inperson,11367,,1771,7762,167,1667,1,fl-doe,2026-09-08T00:32:43+00:00
2022,FL,12017,Citrus County,2022-11-02,6,mail,22340,,7206,10910,340,3884,1,fl-doe,2026-09-08T00:32:43+00:00
2022,FL,12017,Citrus County,2022-11-03,5,inperson,13696,,2161,9293,194,2048,1,fl-doe,2026-09-08T00:32:43+00:00
2022,FL,12017,Citrus County,2022-11-03,5,mail,23221,,7448,11355,362,4056,1,fl-doe,2026-09-08T00:32:43+00:00
2022,FL,12017,Citrus County,2022-11-04,4,inperson,15928,,2540,10725,228,2435,1,fl-doe,2026-09-08T00:32:43+00:00
2022,FL,12017,Citrus County,2022-11-04,4,mail,23896,,7647,11686,366,4197,1,fl-doe,2026-09-08T00:32:43+00:00
2022,FL,12017,Citrus County,2022-11-05,3,inperson,18508,,2959,12397,266,2886,1,fl-doe,2026-09-08T00:32:43+00:00
2022,FL,12017,Citrus County,2022-11-05,3,mail,24515,,7836,12003,382,4294,1,fl-doe,2026-09-08T00:32:43+00:00
2022,FL,12017,Citrus County,2022-11-06,2,inperson,20386,,3285,13611,294,3196,1,fl-doe,2026-09-08T00:32:43+00:00
2022,FL,12017,Citrus County,2022-11-06,2,mail,25011,,7979,12247,390,4395,1,fl-doe,2026-09-08T00:32:43+00:00
2022,FL,12017,Citrus County,2022-11-07,1,inperson,20386,,3285,13611,294,3196,1,fl-doe,2026-09-08T00:32:43+00:00
2022,FL,12017,Citrus County,2022-11-07,1,mail,25011,,7979,12247,390,4395,1,fl-doe,2026-09-08T00:32:43+00:00
2022,FL,12017,Citrus County,2022-11-14,-6,inperson,20386,,3285,13611,294,3196,1,fl-doe,2026-09-08T00:32:43+00:00
2022,FL,12017,Citrus County,2022-11-14,-6,mail,26527,,8429,12963,420,4715,1,fl-doe,2026-09-08T00:32:43+00:00
2022,FL,12017,Citrus County,2022-11-16,-8,inperson,20386,,3285,13611,294,3196,1,fl-doe,2026-09-08T00:32:43+00:00
2022,FL,12017,Citrus County,2022-11-16,-8,mail,26530,,8431,12963,420,4716,1,fl-doe,2026-09-08T00:32:43+00:00
2022,FL,12017,Citrus County,2022-11-17,-9,inperson,20386,,3285,13611,294,3196,1,fl-doe,2026-09-08T00:32:43+00:00
2022,FL,12017,Citrus County,2022-11-17,-9,mail,26530,,8431,12963,420,4716,1,fl-doe,2026-09-08T00:32:43+00:00
2022,FL,12017,Citrus County,2022-11-18,-10,inperson,20386,,3285,13611,294,3196,1,fl-doe,2026-09-08T00:32:43+00:00
2022,FL,12017,Citrus County,2022-11-18,-10,mail,26530,,8431,12963,420,4716,1,fl-doe,2026-09-08T00:32:43+00:00
2022,FL,12017,Citrus County,2022-11-19,-11,inperson,20386,,3285,13611,294,3196,1,fl-doe,2026-09-08T00:32:43+00:00
2022,FL,12017,Citrus County,2022-11-19,-11,mail,26530,,8431,12963,420,4716,1,fl-doe,2026-09-08T00:32:43+00:00
2022,FL,12017,Citrus County,2022-11-22,-14,inperson,20386,,3285,13611,294,3196,1,fl-doe,2026-09-08T00:32:43+00:00
2022,FL,12017,Citrus County,2022-11-22,-14,mail,26530,,8431,12963,420,4716,1,fl-doe,2026-09-08T00:32:43+00:00
2022,FL,12017,Citrus County,2022-11-23,-15,inperson,20386,,3285,13611,294,3196,1,fl-doe,2026-09-08T00:32:43+00:00
2022,FL,12017,Citrus County,2022-11-23,-15,mail,26530,,8431,12963,420,4716,1,fl-doe,2026-09-08T00:32:43+00:00
2022,FL,12019,Clay County,2022-10-06,33,mail,140,,30,68,5,37,1,fl-doe,2026-09-08T00:32:43+00:00
2022,FL,12019,Clay County,2022-10-07,32,mail,234,,57,117,6,54,1,fl-doe,2026-09-08T00:32:43+00:00
2022,FL,12019,Clay County,2022-10-10,29,mail,1115,,318,585,18,194,1,fl-doe,2026-09-08T00:32:43+00:00
2022,FL,12019,Clay County,2022-10-21,18,mail,9194,,2593,4988,134,1479,1,fl-doe,2026-09-08T00:32:43+00:00
2022,FL,12019,Clay County,2022-10-23,16,mail,9834,,2781,5317,142,1594,1,fl-doe,2026-09-08T00:32:43+00:00
2022,FL,12019,Clay County,2022-10-24,15,mail,9834,,2781,5317,142,1594,1,fl-doe,2026-09-08T00:32:43+00:00
2022,FL,12019,Clay County,2022-10-25,14,inperson,0,,0,0,0,0,1,fl-doe,2026-09-08T00:32:43+00:00
2022,FL,12019,Clay County,2022-10-25,14,mail,10701,,3023,5789,154,1735,1,fl-doe,2026-09-08T00:32:43+00:00
2022,FL,12019,Clay County,2022-10-27,12,inperson,0,,0,0,0,0,1,fl-doe,2026-09-08T00:32:43+00:00
2022,FL,12019,Clay County,2022-10-27,12,mail,12832,,3638,6892,192,2110,1,fl-doe,2026-09-08T00:32:43+00:00
2022,FL,12019,Clay County,2022-10-28,11,inperson,0,,0,0,0,0,1,fl-doe,2026-09-08T00:32:43+00:00
2022,FL,12019,Clay County,2022-10-28,11,mail,13510,,3854,7247,199,2210,1,fl-doe,2026-09-08T00:32:43+00:00
2022,FL,12019,Clay County,2022-10-31,8,inperson,9019,,1379,6541,94,1005,1,fl-doe,2026-09-08T00:32:43+00:00
2022,FL,12019,Clay County,2022-10-31,8,mail,15376,,4353,8286,225,2512,1,fl-doe,2026-09-08T00:32:43+00:00
2022,FL,12019,Clay County,2022-11-01,7,inperson,12649,,1955,9141,137,1416,1,fl-doe,2026-09-08T00:32:43+00:00
2022,FL,12019,Clay County,2022-11-01,7,mail,16049,,4545,8637,235,2632,1,fl-doe,2026-09-08T00:32:43+00:00
2022,FL,12019,Clay County,2022-11-02,6,inperson,16013,,2520,11544,161,1788,1,fl-doe,2026-09-08T00:32:43+00:00
2022,FL,12019,Clay County,2022-11-02,6,mail,17048,,4810,9184,246,2808,1,fl-doe,2026-09-08T00:32:43+00:00
2022,FL,12019,Clay County,2022-11-03,5,inperson,19172,,3015,13829,187,2141,1,fl-doe,2026-09-08T00:32:43+00:00
2022,FL,12019,Clay County,2022-11-03,5,mail,17790,,5027,9586,257,2920,1,fl-doe,2026-09-08T00:32:43+00:00
2022,FL,12019,Clay County,2022-11-04,4,inperson,22599,,3574,16208,237,2580,1,fl-doe,2026-09-08T00:32:43+00:00
2022,FL,12019,Clay County,2022-11-04,4,mail,18488,,5243,9956,266,3023,1,fl-doe,2026-09-08T00:32:43+00:00
2022,FL,12019,Clay County,2022-11-05,3,inperson,27019,,4348,19252,283,3136,1,fl-doe,2026-09-08T00:32:43+00:00
2022,FL,12019,Clay County,2022-11-05,3,mail,19351,,5481,10409,281,3180,1,fl-doe,2026-09-08T00:32:43+00:00
2022,FL,12019,Clay County,2022-11-06,2,inperson,31664,,5292,22236,345,3791,1,fl-doe,2026-09-08T00:32:43+00:00
2022,FL,12019,Clay County,2022-11-06,2,mail,19982,,5652,10740,292,3298,1,fl-doe,2026-09-08T00:32:43+00:00
2022,FL,12019,Clay County,2022-11-07,1,inperson,31664,,5292,22236,345,3791,1,fl-doe,2026-09-08T00:32:43+00:00
2022,FL,12019,Clay County,2022-11-07,1,mail,19982,,5652,10740,292,3298,1,fl-doe,2026-09-08T00:32:43+00:00
2022,FL,12019,Clay County,2022-11-14,-6,inperson,31664,,5292,22236,345,3791,1,fl-doe,2026-09-08T00:32:43+00:00
2022,FL,12019,Clay County,2022-11-14,-6,mail,21792,,6153,11664,318,3657,1,fl-doe,2026-09-08T00:32:43+00:00
2022,FL,12019,Clay County,2022-11-16,-8,inperson,31664,,5292,22236,345,3791,1,fl-doe,2026-09-08T00:32:43+00:00
2022,FL,12019,Clay County,2022-11-16,-8,mail,21812,,6155,11673,318,3666,1,fl-doe,2026-09-08T00:32:43+00:00
2022,FL,12019,Clay County,2022-11-17,-9,inperson,31664,,5292,22236,345,3791,1,fl-doe,2026-09-08T00:32:43+00:00
2022,FL,12019,Clay County,2022-11-17,-9,mail,21821,,6158,11674,318,3671,1,fl-doe,2026-09-08T00:32:43+00:00
2022,FL,12019,Clay County,2022-11-18,-10,inperson,31664,,5292,22236,345,3791,1,fl-doe,2026-09-08T00:32:43+00:00
2022,FL,12019,Clay County,2022-11-18,-10,mail,21827,,6161,11676,319,3671,1,fl-doe,2026-09-08T00:32:43+00:00
2022,FL,12019,Clay County,2022-11-19,-11,inperson,31664,,5292,22236,345,3791,1,fl-doe,2026-09-08T00:32:43+00:00
2022,FL,12019,Clay County,2022-11-19,-11,mail,21830,,6163,11677,319,3671,1,fl-doe,2026-09-08T00:32:43+00:00
2022,FL,12019,Clay County,2022-11-22,-14,inperson,31664,,5292,22236,345,3791,1,fl-doe,2026-09-08T00:32:43+00:00
2022,FL,12019,Clay County,2022-11-22,-14,mail,21832,,6163,11678,319,3672,1,fl-doe,2026-09-08T00:32:43+00:00
2022,FL,12019,Clay County,2022-11-23,-15,inperson,31664,,5292,22236,345,3791,1,fl-doe,2026-09-08T00:32:43+00:00
2022,FL,12019,Clay County,2022-11-23,-15,mail,21833,,6163,11679,319,3672,1,fl-doe,2026-09-08T00:32:43+00:00
2022,FL,12021,Collier County,2022-10-06,33,mail,36,,19,13,0,4,1,fl-doe,2026-09-08T00:32:43+00:00
2022,FL,12021,Collier County,2022-10-07,32,mail,183,,61,92,2,28,1,fl-doe,2026-09-08T00:32:43+00:00
2022,FL,12021,Collier County,2022-10-10,29,mail,396,,134,188,4,70,1,fl-doe,2026-09-08T00:32:43+00:00
2022,FL,12021,Collier County,2022-10-21,18,mail,24440,,6656,13399,259,4126,1,fl-doe,2026-09-08T00:32:43+00:00
2022,FL,12021,Collier County,2022-10-23,16,mail,26261,,7134,14421,283,4423,1,fl-doe,2026-09-08T00:32:43+00:00
2022,FL,12021,Collier County,2022-10-24,15,mail,26261,,7134,14421,283,4423,1,fl-doe,2026-09-08T00:32:43+00:00
2022,FL,12021,Collier County,2022-10-25,14,inperson,0,,0,0,0,0,1,fl-doe,2026-09-08T00:32:43+00:00
2022,FL,12021,Collier County,2022-10-25,14,mail,29499,,7989,16199,319,4992,1,fl-doe,2026-09-08T00:32:43+00:00
2022,FL,12021,Collier County,2022-10-27,12,inperson,0,,0,0,0,0,1,fl-doe,2026-09-08T00:32:43+00:00
2022,FL,12021,Collier County,2022-10-27,12,mail,34675,,9449,18875,382,5969,1,fl-doe,2026-09-08T00:32:43+00:00
2022,FL,12021,Collier County,2022-10-28,11,inperson,6132,,1069,4090,63,910,1,fl-doe,2026-09-08T00:32:43+00:00
2022,FL,12021,Collier County,2022-10-28,11,mail,36630,,9982,19920,404,6324,1,fl-doe,2026-09-08T00:32:43+00:00
2022,FL,12021,Collier County,2022-10-31,8,inperson,16556,,2897,10913,168,2578,1,fl-doe,2026-09-08T00:32:43+00:00
2022,FL,12021,Collier County,2022-10-31,8,mail,41742,,11347,22652,461,7282,1,fl-doe,2026-09-08T00:32:43+00:00
2022,FL,12021,Collier County,2022-11-01,7,inperson,22445,,3806,14781,238,3620,1,fl-doe,2026-09-08T00:32:43+00:00
2022,FL,12021,Collier County,2022-11-01,7,mail,43911,,11895,23817,487,7712,1,fl-doe,2026-09-08T00:32:43+00:00
2022,FL,12021,Collier County,2022-11-02,6,inperson,28134,,4716,18416,290,4712,1,fl-doe,2026-09-08T00:32:43+00:00
2022,FL,12021,Collier County,2022-11-02,6,mail,47139,,12747,25446,537,8409,1,fl-doe,2026-09-08T00:32:43+00:00
2022,FL,12021,Collier County,2022-11-03,5,inperson,33504,,5631,21815,360,5698,1,fl-doe,2026-09-08T00:32:43+00:00
2022,FL,12021,Collier County,2022-11-03,5,mail,49290,,13274,26619,567,8830,1,fl-doe,2026-09-08T00:32:43+00:00
2022,FL,12021,Collier County,2022-11-04,4,inperson,39143,,6541,25399,439,6764,1,fl-doe,2026-09-08T00:32:43+00:00
2022,FL,12021,Collier County,2022-11-04,4,mail,51421,,13782,27737,595,9307,1,fl-doe,2026-09-08T00:32:43+00:00
2022,FL,12021,Collier County,2022-11-05,3,inperson,45742,,7665,29449,531,8097,1,fl-doe,2026-09-08T00:32:43+00:00
2022,FL,12021,Collier County,2022-11-05,3,mail,53385,,14282,28787,620,9696,1,fl-doe,2026-09-08T00:32:43+00:00
2022,FL,12021,Collier County,2022-11-06,2,inperson,51112,,8630,32676,594,9212,1,fl-doe,2026-09-08T00:32:43+00:00
2022,FL,12021,Collier County,2022-11-06,2,mail,53385,,14282,28787,620,9696,1,fl-doe,2026-09-08T00:32:43+00:00
2022,FL,12021,Collier County,2022-11-07,1,inperson,51112,,8630,32676,594,9212,1,fl-doe,2026-09-08T00:32:43+00:00
2022,FL,12021,Collier County,2022-11-07,1,mail,53385,,14282,28787,620,9696,1,fl-doe,2026-09-08T00:32:43+00:00
2022,FL,12021,Collier County,2022-11-14,-6,inperson,51112,,8630,32676,594,9212,1,fl-doe,2026-09-08T00:32:43+00:00
2022,FL,12021,Collier County,2022-11-14,-6,mail,60135,,16091,32023,729,11292,1,fl-doe,2026-09-08T00:32:43+00:00
2022,FL,12021,Collier County,2022-11-16,-8,inperson,51112,,8630,32676,594,9212,1,fl-doe,2026-09-08T00:32:43+00:00
2022,FL,12021,Collier County,2022-11-16,-8,mail,60147,,16097,32027,729,11294,1,fl-doe,2026-09-08T00:32:43+00:00
2022,FL,12021,Collier County,2022-11-17,-9,inperson,51112,,8630,32676,594,9212,1,fl-doe,2026-09-08T00:32:43+00:00
2022,FL,12021,Collier County,2022-11-17,-9,mail,60150,,16099,32027,729,11295,1,fl-doe,2026-09-08T00:32:43+00:00
2022,FL,12021,Collier County,2022-11-18,-10,inperson,51112,,8630,32676,594,9212,1,fl-doe,2026-09-08T00:32:43+00:00
2022,FL,12021,Collier County,2022-11-18,-10,mail,60150,,16099,32027,729,11295,1,fl-doe,2026-09-08T00:32:43+00:00
2022,FL,12021,Collier County,2022-11-19,-11,inperson,51112,,8630,32676,594,9212,1,fl-doe,2026-09-08T00:32:43+00:00
2022,FL,12021,Collier County,2022-11-19,-11,mail,60155,,16102,32029,729,11295,1,fl-doe,2026-09-08T00:32:43+00:00
2022,FL,12021,Collier County,2022-11-22,-14,inperson,51112,,8630,32676,594,9212,1,fl-doe,2026-09-08T00:32:43+00:00
2022,FL,12021,Collier County,2022-11-22,-14,mail,60155,,16102,32029,729,11295,1,fl-doe,2026-09-08T00:32:43+00:00
2022,FL,12021,Collier County,2022-11-23,-15,inperson,51112,,8630,32676,594,9212,1,fl-doe,2026-09-08T00:32:43+00:00
2022,FL,12021,Collier County,2022-11-23,-15,mail,60155,,16102,32029,729,11295,1,fl-doe,2026-09-08T00:32:43+00:00
2022,FL,12023,Columbia County,2022-10-06,33,mail,0,,0,0,0,0,1,fl-doe,2026-09-08T00:32:43+00:00
2022,FL,12023,Columbia County,2022-10-07,32,mail,0,,0,0,0,0,1,fl-doe,2026-09-08T00:32:43+00:00
2022,FL,12023,Columbia County,2022-10-10,29,mail,0,,0,0,0,0,1,fl-doe,2026-09-08T00:32:43+00:00
2022,FL,12023,Columbia County,2022-10-21,18,mail,2281,,746,1235,34,266,1,fl-doe,2026-09-08T00:32:43+00:00
2022,FL,12023,Columbia County,2022-10-23,16,mail,2445,,799,1322,34,290,1,fl-doe,2026-09-08T00:32:43+00:00
2022,FL,12023,Columbia County,2022-10-24,15,mail,2445,,799,1322,34,290,1,fl-doe,2026-09-08T00:32:43+00:00
2022,FL,12023,Columbia County,2022-10-25,14,inperson,0,,0,0,0,0,1,fl-doe,2026-09-08T00:32:43+00:00
2022,FL,12023,Columbia County,2022-10-25,14,mail,2693,,884,1445,40,324,1,fl-doe,2026-09-08T00:32:43+00:00
2022,FL,12023,Columbia County,2022-10-27,12,inperson,0,,0,0,0,0,1,fl-doe,2026-09-08T00:32:43+00:00
2022,FL,12023,Columbia County,2022-10-27,12,mail,3147,,1071,1656,45,375,1,fl-doe,2026-09-08T00:32:43+00:00
2022,FL,12023,Columbia County,2022-10-28,11,inperson,0,,0,0,0,0,1,fl-doe,2026-09-08T00:32:43+00:00
2022,FL,12023,Columbia County,2022-10-28,11,mail,3348,,1159,1741,45,403,1,fl-doe,2026-09-08T00:32:43+00:00
2022,FL,12023,Columbia County,2022-10-31,8,inperson,1821,,350,1309,22,140,1,fl-doe,2026-09-08T00:32:43+00:00
2022,FL,12023,Columbia County,2022-10-31,8,mail,3650,,1268,1887,47,448,1,fl-doe,2026-09-08T00:32:43+00:00
2022,FL,12023,Columbia County,2022-11-01,7,inperson,3150,,615,2284,29,222,1,fl-doe,2026-09-08T00:32:43+00:00
2022,FL,12023,Columbia County,2022-11-01,7,mail,3861,,1336,2003,50,472,1,fl-doe,2026-09-08T00:32:43+00:00
2022,FL,12023,Columbia County,2022-11-02,6,inperson,4363,,885,3121,33,324,1,fl-doe,2026-09-08T00:32:43+00:00
2022,FL,12023,Columbia County,2022-11-02,6,mail,4155,,1459,2138,53,505,1,fl-doe,2026-09-08T00:32:43+00:00
2022,FL,12023,Columbia County,2022-11-03,5,inperson,5462,,1131,3882,37,412,1,fl-doe,2026-09-08T00:32:43+00:00
2022,FL,12023,Columbia County,2022-11-03,5,mail,4347,,1530,2230,54,533,1,fl-doe,2026-09-08T00:32:43+00:00
2022,FL,12023,Columbia County,2022-11-04,4,inperson,6569,,1343,4661,45,520,1,fl-doe,2026-09-08T00:32:43+00:00
2022,FL,12023,Columbia County,2022-11-04,4,mail,4598,,1614,2368,55,561,1,fl-doe,2026-09-08T00:32:43+00:00
2022,FL,12023,Columbia County,2022-11-05,3,inperson,7924,,1619,5595,57,653,1,fl-doe,2026-09-08T00:32:43+00:00
2022,FL,12023,Columbia County,2022-11-05,3,mail,4763,,1673,2443,57,590,1,fl-doe,2026-09-08T00:32:43+00:00
2022,FL,12023,Columbia County,2022-11-06,2,inperson,9070,,1878,6345,69,778,1,fl-doe,2026-09-08T00:32:43+00:00
2022,FL,12023,Columbia County,2022-11-06,2,mail,4954,,1756,2535,58,605,1,fl-doe,2026-09-08T00:32:43+00:00
2022,FL,12023,Columbia County,2022-11-07,1,inperson,9070,,1878,6345,69,778,1,fl-doe,2026-09-08T00:32:43+00:00
2022,FL,12023,Columbia County,2022-11-07,1,mail,4954,,1756,2535,58,605,1,fl-doe,2026-09-08T00:32:43+00:00
2022,FL,12023,Columbia County,2022-11-14,-6,inperson,9070,,1878,6345,69,778,1,fl-doe,2026-09-08T00:32:43+00:00
2022,FL,12023,Columbia County,2022-11-14,-6,mail,5448,,1971,2738,65,674,1,fl-doe,2026-09-08T00:32:43+00:00
2022,FL,12023,Columbia County,2022-11-16,-8,inperson,9070,,1878,6345,69,778,1,fl-doe,2026-09-08T00:32:43+00:00
2022,FL,12023,Columbia County,2022-11-16,-8,mail,5449,,1972,2738,65,674,1,fl-doe,2026-09-08T00:32:43+00:00
2022,FL,12023,Columbia County,2022-11-17,-9,inperson,9070,,1878,6345,69,778,1,fl-doe,2026-09-08T00:32:43+00:00
2022,FL,12023,Columbia County,2022-11-17,-9,mail,5450,,1972,2738,65,675,1,fl-doe,2026-09-08T00:32:43+00:00
2022,FL,12023,Columbia County,2022-11-18,-10,inperson,9070,,1878,6345,69,778,1,fl-doe,2026-09-08T00:32:43+00:00
2022,FL,12023,Columbia County,2022-11-18,-10,mail,5450,,1972,2738,65,675,1,fl-doe,2026-09-08T00:32:43+00:00
2022,FL,12023,Columbia County,2022-11-19,-11,inperson,9070,,1878,6345,69,778,1,fl-doe,2026-09-08T00:32:43+00:00
2022,FL,12023,Columbia County,2022-11-19,-11,mail,5450,,1972,2738,65,675,1,fl-doe,2026-09-08T00:32:43+00:00
2022,FL,12023,Columbia County,2022-11-22,-14,inperson,9070,,1878,6345,69,778,1,fl-doe,2026-09-08T00:32:43+00:00
2022,FL,12023,Columbia County,2022-11-22,-14,mail,5450,,1972,2738,65,675,1,fl-doe,2026-09-08T00:32:43+00:00
2022,FL,12023,Columbia County,2022-11-23,-15,inperson,9070,,1878,6345,69,778,1,fl-doe,2026-09-08T00:32:43+00:00
2022,FL,12023,Columbia County,2022-11-23,-15,mail,5450,,1972,2738,65,675,1,fl-doe,2026-09-08T00:32:43+00:00
2022,FL,12027,DeSoto County,2022-10-06,33,mail,0,,0,0,0,0,1,fl-doe,2026-09-08T00:32:43+00:00
2022,FL,12027,DeSoto County,2022-10-07,32,mail,0,,0,0,0,0,1,fl-doe,2026-09-08T00:32:43+00:00
2022,FL,12027,DeSoto County,2022-10-10,29,mail,0,,0,0,0,0,1,fl-doe,2026-09-08T00:32:43+00:00
2022,FL,12027,DeSoto County,2022-10-21,18,mail,325,,131,143,3,48,1,fl-doe,2026-09-08T00:32:43+00:00
2022,FL,12027,DeSoto County,2022-10-23,16,mail,402,,161,169,4,68,1,fl-doe,2026-09-08T00:32:43+00:00
2022,FL,12027,DeSoto County,2022-10-24,15,mail,402,,161,169,4,68,1,fl-doe,2026-09-08T00:32:43+00:00
2022,FL,12027,DeSoto County,2022-10-25,14,inperson,252,,88,138,2,24,1,fl-doe,2026-09-08T00:32:43+00:00
2022,FL,12027,DeSoto County,2022-10-25,14,mail,444,,174,197,4,69,1,fl-doe,2026-09-08T00:32:43+00:00
2022,FL,12027,DeSoto County,2022-10-27,12,inperson,781,,231,469,9,72,1,fl-doe,2026-09-08T00:32:43+00:00
2022,FL,12027,DeSoto County,2022-10-27,12,mail,732,,295,331,7,99,1,fl-doe,2026-09-08T00:32:43+00:00
2022,FL,12027,DeSoto County,2022-10-28,11,inperson,1011,,295,595,11,110,1,fl-doe,2026-09-08T00:32:43+00:00
2022,FL,12027,DeSoto County,2022-10-28,11,mail,884,,367,389,9,119,1,fl-doe,2026-09-08T00:32:43+00:00
2022,FL,12027,DeSoto County,2022-10-31,8,inperson,1481,,430,868,15,168,1,fl-doe,2026-09-08T00:32:43+00:00
2022,FL,12027,DeSoto County,2022-10-31,8,mail,1071,,433,480,11,147,1,fl-doe,2026-09-08T00:32:43+00:00
2022,FL,12027,DeSoto County,2022-11-01,7,inperson,1781,,516,1022,18,225,1,fl-doe,2026-09-08T00:32:43+00:00
2022,FL,12027,DeSoto County,2022-11-01,7,mail,1121,,447,503,12,159,1,fl-doe,2026-09-08T00:32:43+00:00
2022,FL,12027,DeSoto County,2022-11-02,6,inperson,2049,,597,1169,22,261,1,fl-doe,2026-09-08T00:32:43+00:00
2022,FL,12027,DeSoto County,2022-11-02,6,mail,1175,,472,528,12,163,1,fl-doe,2026-09-08T00:32:43+00:00
2022,FL,12027,DeSoto County,2022-11-03,5,inperson,2301,,668,1319,24,290,1,fl-doe,2026-09-08T00:32:43+00:00
2022,FL,12027,DeSoto County,2022-11-03,5,mail,1196,,480,538,12,166,1,fl-doe,2026-09-08T00:32:43+00:00
2022,FL,12027,DeSoto County,2022-11-04,4,inperson,2566,,734,1474,25,333,1,fl-doe,2026-09-08T00:32:43+00:00
2022,FL,12027,DeSoto County,2022-11-04,4,mail,1308,,512,596,12,188,1,fl-doe,2026-09-08T00:32:43+00:00
2022,FL,12027,DeSoto County,2022-11-05,3,inperson,2890,,824,1670,29,367,1,fl-doe,2026-09-08T00:32:43+00:00
2022,FL,12027,DeSoto County,2022-11-05,3,mail,1340,,525,609,12,194,1,fl-doe,2026-09-08T00:32:43+00:00
2022,FL,12027,DeSoto County,2022-11-06,2,inperson,3167,,896,1838,33,400,1,fl-doe,2026-09-08T00:32:43+00:00
2022,FL,12027,DeSoto County,2022-11-06,2,mail,1478,,580,667,13,218,1,fl-doe,2026-09-08T00:32:43+00:00
2022,FL,12027,DeSoto County,2022-11-07,1,inperson,3167,,896,1838,33,400,1,fl-doe,2026-09-08T00:32:43+00:00
2022,FL,12027,DeSoto County,2022-11-07,1,mail,1478,,580,667,13,218,1,fl-doe,2026-09-08T00:32:43+00:00
2022,FL,12027,DeSoto County,2022-11-14,-6,inperson,3167,,896,1838,33,400,1,fl-doe,2026-09-08T00:32:43+00:00
2022,FL,12027,DeSoto County,2022-11-14,-6,mail,1659,,652,749,13,245,1,fl-doe,2026-09-08T00:32:43+00:00
2022,FL,12027,DeSoto County,2022-11-16,-8,inperson,3167,,896,1838,33,400,1,fl-doe,2026-09-08T00:32:43+00:00
2022,FL,12027,DeSoto County,2022-11-16,-8,mail,1659,,652,749,13,245,1,fl-doe,2026-09-08T00:32:43+00:00
2022,FL,12027,DeSoto County,2022-11-17,-9,inperson,3167,,896,1838,33,400,1,fl-doe,2026-09-08T00:32:43+00:00
2022,FL,12027,DeSoto County,2022-11-17,-9,mail,1659,,652,749,13,245,1,fl-doe,2026-09-08T00:32:43+00:00
2022,FL,12027,DeSoto County,2022-11-18,-10,inperson,3167,,896,1838,33,400,1,fl-doe,2026-09-08T00:32:43+00:00
2022,FL,12027,DeSoto County,2022-11-18,-10,mail,1659,,652,749,13,245,1,fl-doe,2026-09-08T00:32:43+00:00
2022,FL,12027,DeSoto County,2022-11-19,-11,inperson,3167,,896,1838,33,400,1,fl-doe,2026-09-08T00:32:43+00:00
2022,FL,12027,DeSoto County,2022-11-19,-11,mail,1659,,652,749,13,245,1,fl-doe,2026-09-08T00:32:43+00:00
2022,FL,12027,DeSoto County,2022-11-22,-14,inperson,3167,,896,1838,33,400,1,fl-doe,2026-09-08T00:32:43+00:00
2022,FL,12027,DeSoto County,2022-11-22,-14,mail,1659,,652,749,13,245,1,fl-doe,2026-09-08T00:32:43+00:00
2022,FL,12027,DeSoto County,2022-11-23,-15,inperson,3167,,896,1838,33,400,1,fl-doe,2026-09-08T00:32:43+00:00
2022,FL,12027,DeSoto County,2022-11-23,-15,mail,1659,,652,749,13,245,1,fl-doe,2026-09-08T00:32:43+00:00
2022,FL,12029,Dixie County,2022-10-06,33,mail,0,,0,0,0,0,1,fl-doe,2026-09-08T00:32:43+00:00
2022,FL,12029,Dixie County,2022-10-07,32,mail,0,,0,0,0,0,1,fl-doe,2026-09-08T00:32:43+00:00
2022,FL,12029,Dixie County,2022-10-10,29,mail,0,,0,0,0,0,1,fl-doe,2026-09-08T00:32:43+00:00
2022,FL,12029,Dixie County,2022-10-21,18,mail,746,,187,471,6,82,1,fl-doe,2026-09-08T00:32:43+00:00
2022,FL,12029,Dixie County,2022-10-23,16,mail,810,,209,506,6,89,1,fl-doe,2026-09-08T00:32:43+00:00
2022,FL,12029,Dixie County,2022-10-24,15,mail,810,,209,506,6,89,1,fl-doe,2026-09-08T00:32:43+00:00
2022,FL,12029,Dixie County,2022-10-25,14,inperson,0,,0,0,0,0,1,fl-doe,2026-09-08T00:32:43+00:00
2022,FL,12029,Dixie County,2022-10-25,14,mail,897,,226,563,6,102,1,fl-doe,2026-09-08T00:32:43+00:00
2022,FL,12029,Dixie County,2022-10-27,12,inperson,0,,0,0,0,0,1,fl-doe,2026-09-08T00:32:43+00:00
2022,FL,12029,Dixie County,2022-10-27,12,mail,982,,244,622,7,109,1,fl-doe,2026-09-08T00:32:43+00:00
2022,FL,12029,Dixie County,2022-10-28,11,inperson,213,,36,156,4,17,1,fl-doe,2026-09-08T00:32:43+00:00
2022,FL,12029,Dixie County,2022-10-28,11,mail,1130,,286,717,11,116,1,fl-doe,2026-09-08T00:32:43+00:00
2022,FL,12029,Dixie County,2022-10-31,8,inperson,505,,75,390,8,32,1,fl-doe,2026-09-08T00:32:43+00:00
2022,FL,12029,Dixie County,2022-10-31,8,mail,1243,,316,791,11,125,1,fl-doe,2026-09-08T00:32:43+00:00
2022,FL,12029,Dixie County,2022-11-01,7,inperson,665,,99,519,8,39,1,fl-doe,2026-09-08T00:32:43+00:00
2022,FL,12029,Dixie County,2022-11-01,7,mail,1291,,326,827,11,127,1,fl-doe,2026-09-08T00:32:43+00:00
2022,FL,12029,Dixie County,2022-11-02,6,inperson,819,,124,631,8,56,1,fl-doe,2026-09-08T00:32:43+00:00
2022,FL,12029,Dixie County,2022-11-02,6,mail,1337,,333,861,11,132,1,fl-doe,2026-09-08T00:32:43+00:00
2022,FL,12029,Dixie County,2022-11-03,5,inperson,985,,160,744,9,72,1,fl-doe,2026-09-08T00:32:43+00:00
2022,FL,12029,Dixie County,2022-11-03,5,mail,1446,,368,918,14,146,1,fl-doe,2026-09-08T00:32:43+00:00
2022,FL,12029,Dixie County,2022-11-04,4,inperson,1137,,182,859,10,86,1,fl-doe,2026-09-08T00:32:43+00:00
2022,FL,12029,Dixie County,2022-11-04,4,mail,1495,,385,944,14,152,1,fl-doe,2026-09-08T00:32:43+00:00
2022,FL,12029,Dixie County,2022-11-05,3,inperson,1383,,213,1053,10,107,1,fl-doe,2026-09-08T00:32:43+00:00
2022,FL,12029,Dixie County,2022-11-05,3,mail,1564,,398,993,15,158,1,fl-doe,2026-09-08T00:32:43+00:00
2022,FL,12029,Dixie County,2022-11-06,2,inperson,1505,,240,1133,11,121,1,fl-doe,2026-09-08T00:32:43+00:00
2022,FL,12029,Dixie County,2022-11-06,2,mail,1564,,398,993,15,158,1,fl-doe,2026-09-08T00:32:43+00:00
2022,FL,12029,Dixie County,2022-11-07,1,inperson,1505,,240,1133,11,121,1,fl-doe,2026-09-08T00:32:43+00:00
2022,FL,12029,Dixie County,2022-11-07,1,mail,1564,,398,993,15,158,1,fl-doe,2026-09-08T00:32:43+00:00
2022,FL,12029,Dixie County,2022-11-14,-6,inperson,1505,,240,1133,11,121,1,fl-doe,2026-09-08T00:32:43+00:00
2022,FL,12029,Dixie County,2022-11-14,-6,mail,1771,,443,1133,20,175,1,fl-doe,2026-09-08T00:32:43+00:00
2022,FL,12029,Dixie County,2022-11-16,-8,inperson,1505,,240,1133,11,121,1,fl-doe,2026-09-08T00:32:43+00:00
2022,FL,12029,Dixie County,2022-11-16,-8,mail,1771,,443,1133,20,175,1,fl-doe,2026-09-08T00:32:43+00:00
2022,FL,12029,Dixie County,2022-11-17,-9,inperson,1505,,240,1133,11,121,1,fl-doe,2026-09-08T00:32:43+00:00
2022,FL,12029,Dixie County,2022-11-17,-9,mail,1771,,443,1133,20,175,1,fl-doe,2026-09-08T00:32:43+00:00
2022,FL,12029,Dixie County,2022-11-18,-10,inperson,1505,,240,1133,11,121,1,fl-doe,2026-09-08T00:32:43+00:00
2022,FL,12029,Dixie County,2022-11-18,-10,mail,1774,,443,1136,20,175,1,fl-doe,2026-09-08T00:32:43+00:00
2022,FL,12029,Dixie County,2022-11-19,-11,inperson,1505,,240,1133,11,121,1,fl-doe,2026-09-08T00:32:43+00:00
2022,FL,12029,Dixie County,2022-11-19,-11,mail,1774,,443,1136,20,175,1,fl-doe,2026-09-08T00:32:43+00:00
2022,FL,12029,Dixie County,2022-11-22,-14,inperson,1505,,240,1133,11,121,1,fl-doe,2026-09-08T00:32:43+00:00
2022,FL,12029,Dixie County,2022-11-22,-14,mail,1774,,443,1136,20,175,1,fl-doe,2026-09-08T00:32:43+00:00
2022,FL,12029,Dixie County,2022-11-23,-15,inperson,1505,,240,1133,11,121,1,fl-doe,2026-09-08T00:32:43+00:00
2022,FL,12029,Dixie County,2022-11-23,-15,mail,1774,,443,1136,20,175,1,fl-doe,2026-09-08T00:32:43+00:00
2022,FL,12031,Duval County,2022-10-06,33,mail,883,,319,422,14,128,1,fl-doe,2026-09-08T00:32:43+00:00
2022,FL,12031,Duval County,2022-10-07,32,mail,3044,,1363,1240,53,388,1,fl-doe,2026-09-08T00:32:43+00:00
2022,FL,12031,Duval County,2022-10-10,29,mail,6670,,2937,2775,114,844,1,fl-doe,2026-09-08T00:32:43+00:00
2022,FL,12031,Duval County,2022-10-21,18,mail,26813,,11751,11176,418,3468,1,fl-doe,2026-09-08T00:32:43+00:00
2022,FL,12031,Duval County,2022-10-23,16,mail,30585,,13394,12742,472,3977,1,fl-doe,2026-09-08T00:32:43+00:00
2022,FL,12031,Duval County,2022-10-24,15,mail,30585,,13394,12742,472,3977,1,fl-doe,2026-09-08T00:32:43+00:00
2022,FL,12031,Duval County,2022-10-25,14,inperson,9953,,3965,4871,108,1009,1,fl-doe,2026-09-08T00:32:43+00:00
2022,FL,12031,Duval County,2022-10-25,14,mail,34005,,14909,14127,524,4445,1,fl-doe,2026-09-08T00:32:43+00:00
2022,FL,12031,Duval County,2022-10-27,12,inperson,28829,,11580,13923,310,3016,1,fl-doe,2026-09-08T00:32:43+00:00
2022,FL,12031,Duval County,2022-10-27,12,mail,37652,,16516,15603,580,4953,1,fl-doe,2026-09-08T00:32:43+00:00
2022,FL,12031,Duval County,2022-10-28,11,inperson,36799,,14751,17754,409,3885,1,fl-doe,2026-09-08T00:32:43+00:00
2022,FL,12031,Duval County,2022-10-28,11,mail,39272,,17310,16173,598,5191,1,fl-doe,2026-09-08T00:32:43+00:00
2022,FL,12031,Duval County,2022-10-31,8,inperson,58192,,23513,27514,689,6476,1,fl-doe,2026-09-08T00:32:43+00:00
2022,FL,12031,Duval County,2022-10-31,8,mail,45423,,20199,18368,695,6161,1,fl-doe,2026-09-08T00:32:43+00:00
2022,FL,12031,Duval County,2022-11-01,7,inperson,66343,,26892,31224,780,7447,1,fl-doe,2026-09-08T00:32:43+00:00
2022,FL,12031,Duval County,2022-11-01,7,mail,46695,,20778,18830,721,6366,1,fl-doe,2026-09-08T00:32:43+00:00
2022,FL,12031,Duval County,2022-11-02,6,inperson,75162,,30283,35421,872,8586,1,fl-doe,2026-09-08T00:32:43+00:00
2022,FL,12031,Duval County,2022-11-02,6,mail,49342,,22034,19760,759,6789,1,fl-doe,2026-09-08T00:32:43+00:00
2022,FL,12031,Duval County,2022-11-03,5,inperson,84507,,33825,39850,1011,9821,1,fl-doe,2026-09-08T00:32:43+00:00
2022,FL,12031,Duval County,2022-11-03,5,mail,51076,,22833,20402,793,7048,1,fl-doe,2026-09-08T00:32:43+00:00
2022,FL,12031,Duval County,2022-11-04,4,inperson,94478,,37728,44446,1168,11136,1,fl-doe,2026-09-08T00:32:43+00:00
2022,FL,12031,Duval County,2022-11-04,4,mail,52796,,23641,20986,826,7343,1,fl-doe,2026-09-08T00:32:43+00:00
2022,FL,12031,Duval County,2022-11-05,3,inperson,107808,,42883,50444,1354,13127,1,fl-doe,2026-09-08T00:32:43+00:00
2022,FL,12031,Duval County,2022-11-05,3,mail,54497,,24452,21555,868,7622,1,fl-doe,2026-09-08T00:32:43+00:00
2022,FL,12031,Duval County,2022-11-06,2,inperson,120391,,48196,55655,1516,15024,1,fl-doe,2026-09-08T00:32:43+00:00
2022,FL,12031,Duval County,2022-11-06,2,mail,56362,,25366,22150,895,7951,1,fl-doe,2026-09-08T00:32:43+00:00
2022,FL,12031,Duval County,2022-11-07,1,inperson,136613,,55795,61750,1752,17316,1,fl-doe,2026-09-08T00:32:43+00:00
2022,FL,12031,Duval County,2022-11-07,1,mail,56898,,25676,22279,899,8044,1,fl-doe,2026-09-08T00:32:43+00:00
2022,FL,12031,Duval County,2022-11-14,-6,inperson,136613,,55795,61750,1752,17316,1,fl-doe,2026-09-08T00:32:43+00:00
2022,FL,12031,Duval County,2022-11-14,-6,mail,61239,,27892,23525,990,8832,1,fl-doe,2026-09-08T00:32:43+00:00
2022,FL,12031,Duval County,2022-11-16,-8,inperson,136613,,55795,61750,1752,17316,1,fl-doe,2026-09-08T00:32:43+00:00
2022,FL,12031,Duval County,2022-11-16,-8,mail,61256,,27901,23529,992,8834,1,fl-doe,2026-09-08T00:32:43+00:00
2022,FL,12031,Duval County,2022-11-17,-9,inperson,136613,,55795,61750,1752,17316,1,fl-doe,2026-09-08T00:32:43+00:00
2022,FL,12031,Duval County,2022-11-17,-9,mail,61268,,27909,23533,992,8834,1,fl-doe,2026-09-08T00:32:43+00:00
2022,FL,12031,Duval County,2022-11-18,-10,inperson,136613,,55795,61750,1752,17316,1,fl-doe,2026-09-08T00:32:43+00:00
2022,FL,12031,Duval County,2022-11-18,-10,mail,61279,,27913,23533,993,8840,1,fl-doe,2026-09-08T00:32:43+00:00
2022,FL,12031,Duval County,2022-11-19,-11,inperson,136613,,55795,61750,1752,17316,1,fl-doe,2026-09-08T00:32:43+00:00
2022,FL,12031,Duval County,2022-11-19,-11,mail,61289,,27915,23536,994,8844,1,fl-doe,2026-09-08T00:32:43+00:00
2022,FL,12031,Duval County,2022-11-22,-14,inperson,136613,,55795,61750,1752,17316,1,fl-doe,2026-09-08T00:32:43+00:00
2022,FL,12031,Duval County,2022-11-22,-14,mail,61289,,27915,23536,994,8844,1,fl-doe,2026-09-08T00:32:43+00:00
2022,FL,12031,Duval County,2022-11-23,-15,inperson,136613,,55795,61750,1752,17316,1,fl-doe,2026-09-08T00:32:43+00:00
2022,FL,12031,Duval County,2022-11-23,-15,mail,61289,,27915,23536,994,8844,1,fl-doe,2026-09-08T00:32:43+00:00
2022,FL,12033,Escambia County,2022-10-06,33,mail,242,,67,108,3,64,1,fl-doe,2026-09-08T00:32:43+00:00
2022,FL,12033,Escambia County,2022-10-07,32,mail,273,,82,119,4,68,1,fl-doe,2026-09-08T00:32:43+00:00
2022,FL,12033,Escambia County,2022-10-10,29,mail,428,,122,189,8,109,1,fl-doe,2026-09-08T00:32:43+00:00
2022,FL,12033,Escambia County,2022-10-21,18,mail,12703,,4634,6130,194,1745,1,fl-doe,2026-09-08T00:32:43+00:00
2022,FL,12033,Escambia County,2022-10-23,16,mail,13704,,5031,6607,205,1861,1,fl-doe,2026-09-08T00:32:43+00:00
2022,FL,12033,Escambia County,2022-10-24,15,mail,13704,,5031,6607,205,1861,1,fl-doe,2026-09-08T00:32:43+00:00
2022,FL,12033,Escambia County,2022-10-25,14,inperson,3112,,760,2002,42,308,1,fl-doe,2026-09-08T00:32:43+00:00
2022,FL,12033,Escambia County,2022-10-25,14,mail,14961,,5492,7218,218,2033,1,fl-doe,2026-09-08T00:32:43+00:00
2022,FL,12033,Escambia County,2022-10-27,12,inperson,8837,,2200,5599,112,926,1,fl-doe,2026-09-08T00:32:43+00:00
2022,FL,12033,Escambia County,2022-10-27,12,mail,18254,,6737,8748,265,2504,1,fl-doe,2026-09-08T00:32:43+00:00
2022,FL,12033,Escambia County,2022-10-28,11,inperson,11306,,2880,7111,140,1175,1,fl-doe,2026-09-08T00:32:43+00:00
2022,FL,12033,Escambia County,2022-10-28,11,mail,19500,,7284,9278,281,2657,1,fl-doe,2026-09-08T00:32:43+00:00
2022,FL,12033,Escambia County,2022-10-31,8,inperson,16407,,4245,10204,204,1754,1,fl-doe,2026-09-08T00:32:43+00:00
2022,FL,12033,Escambia County,2022-10-31,8,mail,22438,,8450,10585,325,3078,1,fl-doe,2026-09-08T00:32:43+00:00
2022,FL,12033,Escambia County,2022-11-01,7,inperson,18733,,4807,11654,241,2031,1,fl-doe,2026-09-08T00:32:43+00:00
2022,FL,12033,Escambia County,2022-11-01,7,mail,23086,,8701,10865,334,3186,1,fl-doe,2026-09-08T00:32:43+00:00
2022,FL,12033,Escambia County,2022-11-02,6,inperson,21219,,5476,13154,274,2315,1,fl-doe,2026-09-08T00:32:43+00:00
2022,FL,12033,Escambia County,2022-11-02,6,mail,23799,,9007,11168,348,3276,1,fl-doe,2026-09-08T00:32:43+00:00
2022,FL,12033,Escambia County,2022-11-03,5,inperson,23881,,6194,14750,310,2627,1,fl-doe,2026-09-08T00:32:43+00:00
2022,FL,12033,Escambia County,2022-11-03,5,mail,25180,,9563,11762,367,3488,1,fl-doe,2026-09-08T00:32:43+00:00
2022,FL,12033,Escambia County,2022-11-04,4,inperson,26749,,6963,16410,344,3032,1,fl-doe,2026-09-08T00:32:43+00:00
2022,FL,12033,Escambia County,2022-11-04,4,mail,25457,,9670,11892,369,3526,1,fl-doe,2026-09-08T00:32:43+00:00
2022,FL,12033,Escambia County,2022-11-05,3,inperson,30519,,8007,18543,406,3563,1,fl-doe,2026-09-08T00:32:43+00:00
2022,FL,12033,Escambia County,2022-11-05,3,mail,26735,,10223,12423,394,3695,1,fl-doe,2026-09-08T00:32:43+00:00
2022,FL,12033,Escambia County,2022-11-06,2,inperson,34215,,9177,20488,465,4085,1,fl-doe,2026-09-08T00:32:43+00:00
2022,FL,12033,Escambia County,2022-11-06,2,mail,27530,,10523,12784,412,3811,1,fl-doe,2026-09-08T00:32:43+00:00
2022,FL,12033,Escambia County,2022-11-07,1,inperson,34215,,9177,20488,465,4085,1,fl-doe,2026-09-08T00:32:43+00:00
2022,FL,12033,Escambia County,2022-11-07,1,mail,27786,,10621,12900,416,3849,1,fl-doe,2026-09-08T00:32:43+00:00
2022,FL,12033,Escambia County,2022-11-14,-6,inperson,34215,,9177,20488,465,4085,1,fl-doe,2026-09-08T00:32:43+00:00
2022,FL,12033,Escambia County,2022-11-14,-6,mail,31358,,12060,14316,483,4499,1,fl-doe,2026-09-08T00:32:43+00:00
2022,FL,12033,Escambia County,2022-11-16,-8,inperson,34215,,9177,20488,465,4085,1,fl-doe,2026-09-08T00:32:43+00:00
2022,FL,12033,Escambia County,2022-11-16,-8,mail,31372,,12069,14319,483,4501,1,fl-doe,2026-09-08T00:32:43+00:00
2022,FL,12033,Escambia County,2022-11-17,-9,inperson,34215,,9177,20488,465,4085,1,fl-doe,2026-09-08T00:32:43+00:00
2022,FL,12033,Escambia County,2022-11-17,-9,mail,31379,,12074,14319,483,4503,1,fl-doe,2026-09-08T00:32:43+00:00
2022,FL,12033,Escambia County,2022-11-18,-10,inperson,34215,,9177,20488,465,4085,1,fl-doe,2026-09-08T00:32:43+00:00
2022,FL,12033,Escambia County,2022-11-18,-10,mail,31383,,12077,14319,483,4504,1,fl-doe,2026-09-08T00:32:43+00:00
2022,FL,12033,Escambia County,2022-11-19,-11,inperson,34215,,9177,20488,465,4085,1,fl-doe,2026-09-08T00:32:43+00:00
2022,FL,12033,Escambia County,2022-11-19,-11,mail,31382,,12076,14319,483,4504,1,fl-doe,2026-09-08T00:32:43+00:00
2022,FL,12033,Escambia County,2022-11-22,-14,inperson,34215,,9177,20488,465,4085,1,fl-doe,2026-09-08T00:32:43+00:00
2022,FL,12033,Escambia County,2022-11-22,-14,mail,31382,,12076,14319,483,4504,1,fl-doe,2026-09-08T00:32:43+00:00
2022,FL,12033,Escambia County,2022-11-23,-15,inperson,34215,,9177,20488,465,4085,1,fl-doe,2026-09-08T00:32:43+00:00
2022,FL,12033,Escambia County,2022-11-23,-15,mail,31382,,12076,14319,483,4504,1,fl-doe,2026-09-08T00:32:43+00:00
2022,FL,12035,Flagler County,2022-10-06,33,mail,1157,,414,526,16,201,1,fl-doe,2026-09-08T00:32:43+00:00
2022,FL,12035,Flagler County,2022-10-07,32,mail,1852,,686,795,27,344,1,fl-doe,2026-09-08T00:32:43+00:00
2022,FL,12035,Flagler County,2022-10-10,29,mail,2574,,963,1094,38,479,1,fl-doe,2026-09-08T00:32:43+00:00
2022,FL,12035,Flagler County,2022-10-21,18,mail,9762,,3866,4111,108,1677,1,fl-doe,2026-09-08T00:32:43+00:00
2022,FL,12035,Flagler County,2022-10-23,16,mail,10399,,4124,4377,113,1785,1,fl-doe,2026-09-08T00:32:43+00:00
2022,FL,12035,Flagler County,2022-10-24,15,mail,10399,,4124,4377,113,1785,1,fl-doe,2026-09-08T00:32:43+00:00
2022,FL,12035,Flagler County,2022-10-25,14,inperson,1593,,315,1036,16,226,1,fl-doe,2026-09-08T00:32:43+00:00
2022,FL,12035,Flagler County,2022-10-25,14,mail,11884,,4692,5002,120,2070,1,fl-doe,2026-09-08T00:32:43+00:00
2022,FL,12035,Flagler County,2022-10-27,12,inperson,5053,,1033,3245,40,735,1,fl-doe,2026-09-08T00:32:43+00:00
2022,FL,12035,Flagler County,2022-10-27,12,mail,14004,,5680,5756,141,2427,1,fl-doe,2026-09-08T00:32:43+00:00
2022,FL,12035,Flagler County,2022-10-28,11,inperson,6655,,1384,4251,61,959,1,fl-doe,2026-09-08T00:32:43+00:00
2022,FL,12035,Flagler County,2022-10-28,11,mail,14827,,6048,6043,158,2578,1,fl-doe,2026-09-08T00:32:43+00:00
2022,FL,12035,Flagler County,2022-10-31,8,inperson,10022,,2064,6307,107,1544,1,fl-doe,2026-09-08T00:32:43+00:00
2022,FL,12035,Flagler County,2022-10-31,8,mail,16040,,6563,6512,169,2796,1,fl-doe,2026-09-08T00:32:43+00:00
2022,FL,12035,Flagler County,2022-11-01,7,inperson,11709,,2372,7372,124,1841,1,fl-doe,2026-09-08T00:32:43+00:00
2022,FL,12035,Flagler County,2022-11-01,7,mail,16713,,6856,6776,177,2904,1,fl-doe,2026-09-08T00:32:43+00:00
2022,FL,12035,Flagler County,2022-11-02,6,inperson,13309,,2645,8390,140,2134,1,fl-doe,2026-09-08T00:32:43+00:00
2022,FL,12035,Flagler County,2022-11-02,6,mail,17153,,7027,6954,186,2986,1,fl-doe,2026-09-08T00:32:43+00:00
2022,FL,12035,Flagler County,2022-11-03,5,inperson,14977,,2926,9436,154,2461,1,fl-doe,2026-09-08T00:32:43+00:00
2022,FL,12035,Flagler County,2022-11-03,5,mail,17841,,7297,7234,194,3116,1,fl-doe,2026-09-08T00:32:43+00:00
2022,FL,12035,Flagler County,2022-11-04,4,inperson,16769,,3224,10553,172,2820,1,fl-doe,2026-09-08T00:32:43+00:00
2022,FL,12035,Flagler County,2022-11-04,4,mail,18725,,7637,7565,206,3317,1,fl-doe,2026-09-08T00:32:43+00:00
2022,FL,12035,Flagler County,2022-11-05,3,inperson,18986,,3666,11886,190,3244,1,fl-doe,2026-09-08T00:32:43+00:00
2022,FL,12035,Flagler County,2022-11-05,3,mail,19340,,7887,7792,212,3449,1,fl-doe,2026-09-08T00:32:43+00:00
2022,FL,12035,Flagler County,2022-11-06,2,inperson,21117,,4164,13087,224,3642,1,fl-doe,2026-09-08T00:32:43+00:00
2022,FL,12035,Flagler County,2022-11-06,2,mail,19957,,8123,8035,219,3580,1,fl-doe,2026-09-08T00:32:43+00:00
2022,FL,12035,Flagler County,2022-11-07,1,inperson,21117,,4164,13087,224,3642,1,fl-doe,2026-09-08T00:32:43+00:00
2022,FL,12035,Flagler County,2022-11-07,1,mail,19957,,8123,8035,219,3580,1,fl-doe,2026-09-08T00:32:43+00:00
2022,FL,12035,Flagler County,2022-11-14,-6,inperson,21117,,4164,13087,224,3642,1,fl-doe,2026-09-08T00:32:43+00:00
2022,FL,12035,Flagler County,2022-11-14,-6,mail,21261,,8651,8516,245,3849,1,fl-doe,2026-09-08T00:32:43+00:00
2022,FL,12035,Flagler County,2022-11-16,-8,inperson,21117,,4164,13087,224,3642,1,fl-doe,2026-09-08T00:32:43+00:00
2022,FL,12035,Flagler County,2022-11-16,-8,mail,21319,,8666,8540,246,3867,1,fl-doe,2026-09-08T00:32:43+00:00
2022,FL,12035,Flagler County,2022-11-17,-9,inperson,21117,,4164,13087,224,3642,1,fl-doe,2026-09-08T00:32:43+00:00
2022,FL,12035,Flagler County,2022-11-17,-9,mail,21319,,8666,8540,246,3867,1,fl-doe,2026-09-08T00:32:43+00:00
2022,FL,12035,Flagler County,2022-11-18,-10,inperson,21117,,4164,13087,224,3642,1,fl-doe,2026-09-08T00:32:43+00:00
2022,FL,12035,Flagler County,2022-11-18,-10,mail,21319,,8666,8540,246,3867,1,fl-doe,2026-09-08T00:32:43+00:00
2022,FL,12035,Flagler County,2022-11-19,-11,inperson,21117,,4164,13087,224,3642,1,fl-doe,2026-09-08T00:32:43+00:00
2022,FL,12035,Flagler County,2022-11-19,-11,mail,21319,,8666,8540,246,3867,1,fl-doe,2026-09-08T00:32:43+00:00
2022,FL,12035,Flagler County,2022-11-22,-14,inperson,21117,,4164,13087,224,3642,1,fl-doe,2026-09-08T00:32:43+00:00
2022,FL,12035,Flagler County,2022-11-22,-14,mail,21319,,8666,8540,246,3867,1,fl-doe,2026-09-08T00:32:43+00:00
2022,FL,12035,Flagler County,2022-11-23,-15,inperson,21117,,4164,13087,224,3642,1,fl-doe,2026-09-08T00:32:43+00:00
2022,FL,12035,Flagler County,2022-11-23,-15,mail,21319,,8666,8540,246,3867,1,fl-doe,2026-09-08T00:32:43+00:00
2022,FL,12037,Franklin County,2022-10-06,33,mail,7,,0,3,1,3,1,fl-doe,2026-09-08T00:32:43+00:00
2022,FL,12037,Franklin County,2022-10-07,32,mail,9,,2,3,1,3,1,fl-doe,2026-09-08T00:32:43+00:00
2022,FL,12037,Franklin County,2022-10-10,29,mail,9,,2,3,1,3,1,fl-doe,2026-09-08T00:32:43+00:00
2022,FL,12037,Franklin County,2022-10-21,18,mail,476,,195,207,9,65,1,fl-doe,2026-09-08T00:32:43+00:00
2022,FL,12037,Franklin County,2022-10-23,16,mail,580,,230,254,12,84,1,fl-doe,2026-09-08T00:32:43+00:00
2022,FL,12037,Franklin County,2022-10-24,15,mail,580,,230,254,12,84,1,fl-doe,2026-09-08T00:32:43+00:00
2022,FL,12037,Franklin County,2022-10-25,14,inperson,118,,32,77,2,7,1,fl-doe,2026-09-08T00:32:43+00:00
2022,FL,12037,Franklin County,2022-10-25,14,mail,735,,297,329,16,93,1,fl-doe,2026-09-08T00:32:43+00:00
2022,FL,12037,Franklin County,2022-10-27,12,inperson,351,,91,223,4,33,1,fl-doe,2026-09-08T00:32:43+00:00
2022,FL,12037,Franklin County,2022-10-27,12,mail,899,,386,388,19,106,1,fl-doe,2026-09-08T00:32:43+00:00
2022,FL,12037,Franklin County,2022-10-28,11,inperson,450,,122,280,4,44,1,fl-doe,2026-09-08T00:32:43+00:00
2022,FL,12037,Franklin County,2022-10-28,11,mail,985,,418,424,22,121,1,fl-doe,2026-09-08T00:32:43+00:00
2022,FL,12037,Franklin County,2022-10-31,8,inperson,666,,194,394,14,64,1,fl-doe,2026-09-08T00:32:43+00:00
2022,FL,12037,Franklin County,2022-10-31,8,mail,1109,,472,479,26,132,1,fl-doe,2026-09-08T00:32:43+00:00
2022,FL,12037,Franklin County,2022-11-01,7,inperson,800,,235,467,17,81,1,fl-doe,2026-09-08T00:32:43+00:00
2022,FL,12037,Franklin County,2022-11-01,7,mail,1196,,513,515,28,140,1,fl-doe,2026-09-08T00:32:43+00:00
2022,FL,12037,Franklin County,2022-11-02,6,inperson,940,,280,546,18,96,1,fl-doe,2026-09-08T00:32:43+00:00
2022,FL,12037,Franklin County,2022-11-02,6,mail,1235,,533,530,29,143,1,fl-doe,2026-09-08T00:32:43+00:00
2022,FL,12037,Franklin County,2022-11-03,5,inperson,1080,,314,626,21,119,1,fl-doe,2026-09-08T00:32:43+00:00
2022,FL,12037,Franklin County,2022-11-03,5,mail,1273,,547,550,30,146,1,fl-doe,2026-09-08T00:32:43+00:00
2022,FL,12037,Franklin County,2022-11-04,4,inperson,1265,,359,734,26,146,1,fl-doe,2026-09-08T00:32:43+00:00
2022,FL,12037,Franklin County,2022-11-04,4,mail,1330,,572,571,31,156,1,fl-doe,2026-09-08T00:32:43+00:00
2022,FL,12037,Franklin County,2022-11-05,3,inperson,1427,,409,825,29,164,1,fl-doe,2026-09-08T00:32:43+00:00
2022,FL,12037,Franklin County,2022-11-05,3,mail,1400,,598,604,33,165,1,fl-doe,2026-09-08T00:32:43+00:00
2022,FL,12037,Franklin County,2022-11-06,2,inperson,1500,,426,867,30,177,1,fl-doe,2026-09-08T00:32:43+00:00
2022,FL,12037,Franklin County,2022-11-06,2,mail,1449,,623,623,35,168,1,fl-doe,2026-09-08T00:32:43+00:00
2022,FL,12037,Franklin County,2022-11-07,1,inperson,1500,,426,867,30,177,1,fl-doe,2026-09-08T00:32:43+00:00
2022,FL,12037,Franklin County,2022-11-07,1,mail,1449,,623,623,35,168,1,fl-doe,2026-09-08T00:32:43+00:00
2022,FL,12037,Franklin County,2022-11-14,-6,inperson,1500,,426,867,30,177,1,fl-doe,2026-09-08T00:32:43+00:00
2022,FL,12037,Franklin County,2022-11-14,-6,mail,1622,,719,680,40,183,1,fl-doe,2026-09-08T00:32:43+00:00
2022,FL,12037,Franklin County,2022-11-16,-8,inperson,1500,,426,867,30,177,1,fl-doe,2026-09-08T00:32:43+00:00
2022,FL,12037,Franklin County,2022-11-16,-8,mail,1624,,720,681,40,183,1,fl-doe,2026-09-08T00:32:43+00:00
2022,FL,12037,Franklin County,2022-11-17,-9,inperson,1500,,426,867,30,177,1,fl-doe,2026-09-08T00:32:43+00:00
2022,FL,12037,Franklin County,2022-11-17,-9,mail,1624,,720,681,40,183,1,fl-doe,2026-09-08T00:32:43+00:00
2022,FL,12037,Franklin County,2022-11-18,-10,inperson,1500,,426,867,30,177,1,fl-doe,2026-09-08T00:32:43+00:00
2022,FL,12037,Franklin County,2022-11-18,-10,mail,1624,,720,681,40,183,1,fl-doe,2026-09-08T00:32:43+00:00
2022,FL,12037,Franklin County,2022-11-19,-11,inperson,1500,,426,867,30,177,1,fl-doe,2026-09-08T00:32:43+00:00
2022,FL,12037,Franklin County,2022-11-19,-11,mail,1624,,720,681,40,183,1,fl-doe,2026-09-08T00:32:43+00:00
2022,FL,12037,Franklin County,2022-11-22,-14,inperson,1500,,426,867,30,177,1,fl-doe,2026-09-08T00:32:43+00:00
2022,FL,12037,Franklin County,2022-11-22,-14,mail,1624,,720,681,40,183,1,fl-doe,2026-09-08T00:32:43+00:00
2022,FL,12037,Franklin County,2022-11-23,-15,inperson,1500,,426,867,30,177,1,fl-doe,2026-09-08T00:32:43+00:00
2022,FL,12037,Franklin County,2022-11-23,-15,mail,1624,,720,681,40,183,1,fl-doe,2026-09-08T00:32:43+00:00
2022,FL,12039,Gadsden County,2022-10-06,33,mail,9,,6,2,0,1,1,fl-doe,2026-09-08T00:32:43+00:00
2022,FL,12039,Gadsden County,2022-10-07,32,mail,9,,6,2,0,1,1,fl-doe,2026-09-08T00:32:43+00:00
2022,FL,12039,Gadsden County,2022-10-10,29,mail,17,,13,3,0,1,1,fl-doe,2026-09-08T00:32:43+00:00
2022,FL,12039,Gadsden County,2022-10-21,18,mail,1693,,1342,253,11,87,1,fl-doe,2026-09-08T00:32:43+00:00
2022,FL,12039,Gadsden County,2022-10-23,16,mail,1772,,1406,266,11,89,1,fl-doe,2026-09-08T00:32:43+00:00
2022,FL,12039,Gadsden County,2022-10-24,15,mail,1772,,1406,266,11,89,1,fl-doe,2026-09-08T00:32:43+00:00
2022,FL,12039,Gadsden County,2022-10-25,14,inperson,405,,299,84,1,21,1,fl-doe,2026-09-08T00:32:43+00:00
2022,FL,12039,Gadsden County,2022-10-25,14,mail,2219,,1766,330,12,111,1,fl-doe,2026-09-08T00:32:43+00:00
2022,FL,12039,Gadsden County,2022-10-27,12,inperson,1220,,873,276,6,65,1,fl-doe,2026-09-08T00:32:43+00:00
2022,FL,12039,Gadsden County,2022-10-27,12,mail,2540,,2015,377,14,134,1,fl-doe,2026-09-08T00:32:43+00:00
2022,FL,12039,Gadsden County,2022-10-28,11,inperson,1594,,1117,388,6,83,1,fl-doe,2026-09-08T00:32:43+00:00
2022,FL,12039,Gadsden County,2022-10-28,11,mail,2747,,2173,410,16,148,1,fl-doe,2026-09-08T00:32:43+00:00
2022,FL,12039,Gadsden County,2022-10-31,8,inperson,2350,,1618,602,11,119,1,fl-doe,2026-09-08T00:32:43+00:00
2022,FL,12039,Gadsden County,2022-10-31,8,mail,3025,,2398,451,16,160,1,fl-doe,2026-09-08T00:32:43+00:00
2022,FL,12039,Gadsden County,2022-11-01,7,inperson,2776,,1905,720,13,138,1,fl-doe,2026-09-08T00:32:43+00:00
2022,FL,12039,Gadsden County,2022-11-01,7,mail,3216,,2548,480,16,172,1,fl-doe,2026-09-08T00:32:43+00:00
2022,FL,12039,Gadsden County,2022-11-02,6,inperson,3166,,2152,818,17,179,1,fl-doe,2026-09-08T00:32:43+00:00
2022,FL,12039,Gadsden County,2022-11-02,6,mail,3316,,2639,486,16,175,1,fl-doe,2026-09-08T00:32:43+00:00
2022,FL,12039,Gadsden County,2022-11-03,5,inperson,3544,,2376,951,18,199,1,fl-doe,2026-09-08T00:32:43+00:00
2022,FL,12039,Gadsden County,2022-11-03,5,mail,3488,,2759,521,17,191,1,fl-doe,2026-09-08T00:32:43+00:00
2022,FL,12039,Gadsden County,2022-11-04,4,inperson,3959,,2660,1049,21,229,1,fl-doe,2026-09-08T00:32:43+00:00
2022,FL,12039,Gadsden County,2022-11-04,4,mail,3675,,2898,553,19,205,1,fl-doe,2026-09-08T00:32:43+00:00
2022,FL,12039,Gadsden County,2022-11-05,3,inperson,4463,,3003,1172,26,262,1,fl-doe,2026-09-08T00:32:43+00:00
2022,FL,12039,Gadsden County,2022-11-05,3,mail,3879,,3068,568,19,224,1,fl-doe,2026-09-08T00:32:43+00:00
2022,FL,12039,Gadsden County,2022-11-06,2,inperson,4908,,3327,1268,29,284,1,fl-doe,2026-09-08T00:32:43+00:00
2022,FL,12039,Gadsden County,2022-11-06,2,mail,3990,,3155,589,19,227,1,fl-doe,2026-09-08T00:32:43+00:00
2022,FL,12039,Gadsden County,2022-11-07,1,inperson,5415,,3719,1355,30,311,1,fl-doe,2026-09-08T00:32:43+00:00
2022,FL,12039,Gadsden County,2022-11-07,1,mail,4037,,3198,591,20,228,1,fl-doe,2026-09-08T00:32:43+00:00
2022,FL,12039,Gadsden County,2022-11-14,-6,inperson,5415,,3719,1355,30,311,1,fl-doe,2026-09-08T00:32:43+00:00
2022,FL,12039,Gadsden County,2022-11-14,-6,mail,4502,,3576,651,22,253,1,fl-doe,2026-09-08T00:32:43+00:00
2022,FL,12039,Gadsden County,2022-11-16,-8,inperson,5415,,3719,1355,30,311,1,fl-doe,2026-09-08T00:32:43+00:00
2022,FL,12039,Gadsden County,2022-11-16,-8,mail,4511,,3583,651,22,255,1,fl-doe,2026-09-08T00:32:43+00:00
2022,FL,12039,Gadsden County,2022-11-17,-9,inperson,5415,,3719,1355,30,311,1,fl-doe,2026-09-08T00:32:43+00:00
2022,FL,12039,Gadsden County,2022-11-17,-9,mail,4511,,3583,651,22,255,1,fl-doe,2026-09-08T00:32:43+00:00
2022,FL,12039,Gadsden County,2022-11-18,-10,inperson,5415,,3719,1355,30,311,1,fl-doe,2026-09-08T00:32:43+00:00
2022,FL,12039,Gadsden County,2022-11-18,-10,mail,4511,,3583,651,22,255,1,fl-doe,2026-09-08T00:32:43+00:00
2022,FL,12039,Gadsden County,2022-11-19,-11,inperson,5415,,3719,1355,30,311,1,fl-doe,2026-09-08T00:32:43+00:00
2022,FL,12039,Gadsden County,2022-11-19,-11,mail,4511,,3583,651,22,255,1,fl-doe,2026-09-08T00:32:43+00:00
2022,FL,12039,Gadsden County,2022-11-22,-14,inperson,5415,,3719,1355,30,311,1,fl-doe,2026-09-08T00:32:43+00:00
2022,FL,12039,Gadsden County,2022-11-22,-14,mail,4511,,3583,651,22,255,1,fl-doe,2026-09-08T00:32:43+00:00
2022,FL,12039,Gadsden County,2022-11-23,-15,inperson,5415,,3719,1355,30,311,1,fl-doe,2026-09-08T00:32:43+00:00
2022,FL,12039,Gadsden County,2022-11-23,-15,mail,4511,,3583,651,22,255,1,fl-doe,2026-09-08T00:32:43+00:00
2022,FL,12041,Gilchrist County,2022-10-06,33,mail,3,,2,1,0,0,1,fl-doe,2026-09-08T00:32:43+00:00
2022,FL,12041,Gilchrist County,2022-10-07,32,mail,8,,2,6,0,0,1,fl-doe,2026-09-08T00:32:43+00:00
2022,FL,12041,Gilchrist County,2022-10-10,29,mail,8,,2,6,0,0,1,fl-doe,2026-09-08T00:32:43+00:00
2022,FL,12041,Gilchrist County,2022-10-21,18,mail,763,,214,462,7,80,1,fl-doe,2026-09-08T00:32:43+00:00
2022,FL,12041,Gilchrist County,2022-10-23,16,mail,866,,250,518,8,90,1,fl-doe,2026-09-08T00:32:43+00:00
2022,FL,12041,Gilchrist County,2022-10-24,15,mail,866,,250,518,8,90,1,fl-doe,2026-09-08T00:32:43+00:00
2022,FL,12041,Gilchrist County,2022-10-25,14,inperson,0,,0,0,0,0,1,fl-doe,2026-09-08T00:32:43+00:00
2022,FL,12041,Gilchrist County,2022-10-25,14,mail,954,,279,567,8,100,1,fl-doe,2026-09-08T00:32:43+00:00
2022,FL,12041,Gilchrist County,2022-10-27,12,inperson,0,,0,0,0,0,1,fl-doe,2026-09-08T00:32:43+00:00
2022,FL,12041,Gilchrist County,2022-10-27,12,mail,1139,,330,676,9,124,1,fl-doe,2026-09-08T00:32:43+00:00
2022,FL,12041,Gilchrist County,2022-10-28,11,inperson,0,,0,0,0,0,1,fl-doe,2026-09-08T00:32:43+00:00
2022,FL,12041,Gilchrist County,2022-10-28,11,mail,1191,,346,708,9,128,1,fl-doe,2026-09-08T00:32:43+00:00
2022,FL,12041,Gilchrist County,2022-10-31,8,inperson,377,,55,292,1,29,1,fl-doe,2026-09-08T00:32:43+00:00
2022,FL,12041,Gilchrist County,2022-10-31,8,mail,1265,,366,753,11,135,1,fl-doe,2026-09-08T00:32:43+00:00
2022,FL,12041,Gilchrist County,2022-11-01,7,inperson,587,,74,461,1,51,1,fl-doe,2026-09-08T00:32:43+00:00
2022,FL,12041,Gilchrist County,2022-11-01,7,mail,1338,,389,797,11,141,1,fl-doe,2026-09-08T00:32:43+00:00
2022,FL,12041,Gilchrist County,2022-11-02,6,inperson,805,,95,621,8,81,1,fl-doe,2026-09-08T00:32:43+00:00
2022,FL,12041,Gilchrist County,2022-11-02,6,mail,1404,,419,826,12,147,1,fl-doe,2026-09-08T00:32:43+00:00
2022,FL,12041,Gilchrist County,2022-11-03,5,inperson,984,,118,763,9,94,1,fl-doe,2026-09-08T00:32:43+00:00
2022,FL,12041,Gilchrist County,2022-11-03,5,mail,1473,,444,863,13,153,1,fl-doe,2026-09-08T00:32:43+00:00
2022,FL,12041,Gilchrist County,2022-11-04,4,inperson,1192,,153,913,12,114,1,fl-doe,2026-09-08T00:32:43+00:00
2022,FL,12041,Gilchrist County,2022-11-04,4,mail,1529,,454,906,13,156,1,fl-doe,2026-09-08T00:32:43+00:00
2022,FL,12041,Gilchrist County,2022-11-05,3,inperson,1421,,174,1096,15,136,1,fl-doe,2026-09-08T00:32:43+00:00
2022,FL,12041,Gilchrist County,2022-11-05,3,mail,1608,,469,962,13,164,1,fl-doe,2026-09-08T00:32:43+00:00
2022,FL,12041,Gilchrist County,2022-11-06,2,inperson,1650,,205,1274,17,154,1,fl-doe,2026-09-08T00:32:43+00:00
2022,FL,12041,Gilchrist County,2022-11-06,2,mail,1638,,475,975,14,174,1,fl-doe,2026-09-08T00:32:43+00:00
2022,FL,12041,Gilchrist County,2022-11-07,1,inperson,1650,,205,1274,17,154,1,fl-doe,2026-09-08T00:32:43+00:00
2022,FL,12041,Gilchrist County,2022-11-07,1,mail,1638,,475,975,14,174,1,fl-doe,2026-09-08T00:32:43+00:00
2022,FL,12041,Gilchrist County,2022-11-14,-6,inperson,1650,,205,1274,17,154,1,fl-doe,2026-09-08T00:32:43+00:00
2022,FL,12041,Gilchrist County,2022-11-14,-6,mail,1850,,514,1118,17,201,1,fl-doe,2026-09-08T00:32:43+00:00
2022,FL,12041,Gilchrist County,2022-11-16,-8,inperson,1650,,205,1274,17,154,1,fl-doe,2026-09-08T00:32:43+00:00
2022,FL,12041,Gilchrist County,2022-11-16,-8,mail,1855,,516,1120,17,202,1,fl-doe,2026-09-08T00:32:43+00:00
2022,FL,12041,Gilchrist County,2022-11-17,-9,inperson,1650,,205,1274,17,154,1,fl-doe,2026-09-08T00:32:43+00:00
2022,FL,12041,Gilchrist County,2022-11-17,-9,mail,1855,,516,1120,17,202,1,fl-doe,2026-09-08T00:32:43+00:00
2022,FL,12041,Gilchrist County,2022-11-18,-10,inperson,1650,,205,1274,17,154,1,fl-doe,2026-09-08T00:32:43+00:00
2022,FL,12041,Gilchrist County,2022-11-18,-10,mail,1855,,516,1120,17,202,1,fl-doe,2026-09-08T00:32:43+00:00
2022,FL,12041,Gilchrist County,2022-11-19,-11,inperson,1650,,205,1274,17,154,1,fl-doe,2026-09-08T00:32:43+00:00
2022,FL,12041,Gilchrist County,2022-11-19,-11,mail,1855,,516,1120,17,202,1,fl-doe,2026-09-08T00:32:43+00:00
2022,FL,12041,Gilchrist County,2022-11-22,-14,inperson,1650,,205,1274,17,154,1,fl-doe,2026-09-08T00:32:43+00:00
2022,FL,12041,Gilchrist County,2022-11-22,-14,mail,1855,,516,1120,17,202,1,fl-doe,2026-09-08T00:32:43+00:00
2022,FL,12041,Gilchrist County,2022-11-23,-15,inperson,1650,,205,1274,17,154,1,fl-doe,2026-09-08T00:32:43+00:00
2022,FL,12041,Gilchrist County,2022-11-23,-15,mail,1855,,516,1120,17,202,1,fl-doe,2026-09-08T00:32:43+00:00
2022,FL,12043,Glades County,2022-10-06,33,mail,9,,0,6,0,3,1,fl-doe,2026-09-08T00:32:43+00:00
2022,FL,12043,Glades County,2022-10-07,32,mail,52,,16,26,0,10,1,fl-doe,2026-09-08T00:32:43+00:00
2022,FL,12043,Glades County,2022-10-10,29,mail,75,,21,40,0,14,1,fl-doe,2026-09-08T00:32:43+00:00
2022,FL,12043,Glades County,2022-10-21,18,mail,459,,141,253,13,52,1,fl-doe,2026-09-08T00:32:43+00:00
2022,FL,12043,Glades County,2022-10-23,16,mail,488,,148,270,13,57,1,fl-doe,2026-09-08T00:32:43+00:00
2022,FL,12043,Glades County,2022-10-24,15,mail,488,,148,270,13,57,1,fl-doe,2026-09-08T00:32:43+00:00
2022,FL,12043,Glades County,2022-10-25,14,inperson,0,,0,0,0,0,1,fl-doe,2026-09-08T00:32:43+00:00
2022,FL,12043,Glades County,2022-10-25,14,mail,562,,185,298,13,66,1,fl-doe,2026-09-08T00:32:43+00:00
2022,FL,12043,Glades County,2022-10-27,12,inperson,0,,0,0,0,0,1,fl-doe,2026-09-08T00:32:43+00:00
2022,FL,12043,Glades County,2022-10-27,12,mail,645,,210,350,15,70,1,fl-doe,2026-09-08T00:32:43+00:00
2022,FL,12043,Glades County,2022-10-28,11,inperson,0,,0,0,0,0,1,fl-doe,2026-09-08T00:32:43+00:00
2022,FL,12043,Glades County,2022-10-28,11,mail,671,,223,361,16,71,1,fl-doe,2026-09-08T00:32:43+00:00
2022,FL,12043,Glades County,2022-10-31,8,inperson,125,,14,93,1,17,1,fl-doe,2026-09-08T00:32:43+00:00
2022,FL,12043,Glades County,2022-10-31,8,mail,739,,237,400,22,80,1,fl-doe,2026-09-08T00:32:43+00:00
2022,FL,12043,Glades County,2022-11-01,7,inperson,195,,19,152,1,23,1,fl-doe,2026-09-08T00:32:43+00:00
2022,FL,12043,Glades County,2022-11-01,7,mail,774,,250,419,23,82,1,fl-doe,2026-09-08T00:32:43+00:00
2022,FL,12043,Glades County,2022-11-02,6,inperson,275,,29,204,2,40,1,fl-doe,2026-09-08T00:32:43+00:00
2022,FL,12043,Glades County,2022-11-02,6,mail,796,,257,432,23,84,1,fl-doe,2026-09-08T00:32:43+00:00
2022,FL,12043,Glades County,2022-11-03,5,inperson,356,,43,265,2,46,1,fl-doe,2026-09-08T00:32:43+00:00
2022,FL,12043,Glades County,2022-11-03,5,mail,831,,273,449,23,86,1,fl-doe,2026-09-08T00:32:43+00:00
2022,FL,12043,Glades County,2022-11-04,4,inperson,408,,52,298,5,53,1,fl-doe,2026-09-08T00:32:43+00:00
2022,FL,12043,Glades County,2022-11-04,4,mail,843,,280,453,23,87,1,fl-doe,2026-09-08T00:32:43+00:00
2022,FL,12043,Glades County,2022-11-05,3,inperson,487,,63,352,5,67,1,fl-doe,2026-09-08T00:32:43+00:00
2022,FL,12043,Glades County,2022-11-05,3,mail,873,,288,468,23,94,1,fl-doe,2026-09-08T00:32:43+00:00
2022,FL,12043,Glades County,2022-11-06,2,inperson,553,,74,397,5,77,1,fl-doe,2026-09-08T00:32:43+00:00
2022,FL,12043,Glades County,2022-11-06,2,mail,897,,294,485,23,95,1,fl-doe,2026-09-08T00:32:43+00:00
2022,FL,12043,Glades County,2022-11-07,1,inperson,553,,74,397,5,77,1,fl-doe,2026-09-08T00:32:43+00:00
2022,FL,12043,Glades County,2022-11-07,1,mail,897,,294,485,23,95,1,fl-doe,2026-09-08T00:32:43+00:00
2022,FL,12043,Glades County,2022-11-14,-6,inperson,553,,74,397,5,77,1,fl-doe,2026-09-08T00:32:43+00:00
2022,FL,12043,Glades County,2022-11-14,-6,mail,995,,328,532,26,109,1,fl-doe,2026-09-08T00:32:43+00:00
2022,FL,12043,Glades County,2022-11-16,-8,inperson,553,,74,397,5,77,1,fl-doe,2026-09-08T00:32:43+00:00
2022,FL,12043,Glades County,2022-11-16,-8,mail,995,,328,532,26,109,1,fl-doe,2026-09-08T00:32:43+00:00
2022,FL,12043,Glades County,2022-11-17,-9,inperson,553,,74,397,5,77,1,fl-doe,2026-09-08T00:32:43+00:00
2022,FL,12043,Glades County,2022-11-17,-9,mail,995,,328,532,26,109,1,fl-doe,2026-09-08T00:32:43+00:00
2022,FL,12043,Glades County,2022-11-18,-10,inperson,553,,74,397,5,77,1,fl-doe,2026-09-08T00:32:43+00:00
2022,FL,12043,Glades County,2022-11-18,-10,mail,995,,328,532,26,109,1,fl-doe,2026-09-08T00:32:43+00:00
2022,FL,12043,Glades County,2022-11-19,-11,inperson,553,,74,397,5,77,1,fl-doe,2026-09-08T00:32:43+00:00
2022,FL,12043,Glades County,2022-11-19,-11,mail,995,,328,532,26,109,1,fl-doe,2026-09-08T00:32:43+00:00
2022,FL,12043,Glades County,2022-11-22,-14,inperson,553,,74,397,5,77,1,fl-doe,2026-09-08T00:32:43+00:00
2022,FL,12043,Glades County,2022-11-22,-14,mail,995,,328,532,26,109,1,fl-doe,2026-09-08T00:32:43+00:00
2022,FL,12043,Glades County,2022-11-23,-15,inperson,553,,74,397,5,77,1,fl-doe,2026-09-08T00:32:43+00:00
2022,FL,12043,Glades County,2022-11-23,-15,mail,995,,328,532,26,109,1,fl-doe,2026-09-08T00:32:43+00:00
2022,FL,12045,Gulf County,2022-10-06,33,mail,4,,0,3,0,1,1,fl-doe,2026-09-08T00:32:43+00:00
2022,FL,12045,Gulf County,2022-10-07,32,mail,7,,1,3,0,3,1,fl-doe,2026-09-08T00:32:43+00:00
2022,FL,12045,Gulf County,2022-10-10,29,mail,86,,30,47,3,6,1,fl-doe,2026-09-08T00:32:43+00:00
2022,FL,12045,Gulf County,2022-10-21,18,mail,427,,150,233,8,36,1,fl-doe,2026-09-08T00:32:43+00:00
2022,FL,12045,Gulf County,2022-10-23,16,mail,680,,241,371,14,54,1,fl-doe,2026-09-08T00:32:43+00:00
2022,FL,12045,Gulf County,2022-10-24,15,mail,680,,241,371,14,54,1,fl-doe,2026-09-08T00:32:43+00:00
2022,FL,12045,Gulf County,2022-10-25,14,inperson,0,,0,0,0,0,1,fl-doe,2026-09-08T00:32:43+00:00
2022,FL,12045,Gulf County,2022-10-25,14,mail,689,,241,380,14,54,1,fl-doe,2026-09-08T00:32:43+00:00
2022,FL,12045,Gulf County,2022-10-27,12,inperson,0,,0,0,0,0,1,fl-doe,2026-09-08T00:32:43+00:00
2022,FL,12045,Gulf County,2022-10-27,12,mail,695,,241,386,14,54,1,fl-doe,2026-09-08T00:32:43+00:00
2022,FL,12045,Gulf County,2022-10-28,11,inperson,0,,0,0,0,0,1,fl-doe,2026-09-08T00:32:43+00:00
2022,FL,12045,Gulf County,2022-10-28,11,mail,822,,289,457,15,61,1,fl-doe,2026-09-08T00:32:43+00:00
2022,FL,12045,Gulf County,2022-10-31,8,inperson,501,,88,367,9,37,1,fl-doe,2026-09-08T00:32:43+00:00
2022,FL,12045,Gulf County,2022-10-31,8,mail,983,,356,540,17,70,1,fl-doe,2026-09-08T00:32:43+00:00
2022,FL,12045,Gulf County,2022-11-01,7,inperson,915,,175,659,15,66,1,fl-doe,2026-09-08T00:32:43+00:00
2022,FL,12045,Gulf County,2022-11-01,7,mail,1007,,361,553,17,76,1,fl-doe,2026-09-08T00:32:43+00:00
2022,FL,12045,Gulf County,2022-11-02,6,inperson,1270,,230,926,19,95,1,fl-doe,2026-09-08T00:32:43+00:00
2022,FL,12045,Gulf County,2022-11-02,6,mail,1123,,404,612,18,89,1,fl-doe,2026-09-08T00:32:43+00:00
2022,FL,12045,Gulf County,2022-11-03,5,inperson,1563,,282,1139,20,122,1,fl-doe,2026-09-08T00:32:43+00:00
2022,FL,12045,Gulf County,2022-11-03,5,mail,1138,,411,618,18,91,1,fl-doe,2026-09-08T00:32:43+00:00
2022,FL,12045,Gulf County,2022-11-04,4,inperson,1862,,347,1345,26,144,1,fl-doe,2026-09-08T00:32:43+00:00
2022,FL,12045,Gulf County,2022-11-04,4,mail,1138,,411,618,18,91,1,fl-doe,2026-09-08T00:32:43+00:00
2022,FL,12045,Gulf County,2022-11-05,3,inperson,2233,,420,1600,34,179,1,fl-doe,2026-09-08T00:32:43+00:00
2022,FL,12045,Gulf County,2022-11-05,3,mail,1138,,411,618,18,91,1,fl-doe,2026-09-08T00:32:43+00:00
2022,FL,12045,Gulf County,2022-11-06,2,inperson,2488,,456,1783,39,210,1,fl-doe,2026-09-08T00:32:43+00:00
2022,FL,12045,Gulf County,2022-11-06,2,mail,1138,,411,618,18,91,1,fl-doe,2026-09-08T00:32:43+00:00
2022,FL,12045,Gulf County,2022-11-07,1,inperson,2488,,456,1783,39,210,1,fl-doe,2026-09-08T00:32:43+00:00
2022,FL,12045,Gulf County,2022-11-07,1,mail,1138,,411,618,18,91,1,fl-doe,2026-09-08T00:32:43+00:00
2022,FL,12045,Gulf County,2022-11-14,-6,inperson,2488,,456,1783,39,210,1,fl-doe,2026-09-08T00:32:43+00:00
2022,FL,12045,Gulf County,2022-11-14,-6,mail,1318,,485,710,20,103,1,fl-doe,2026-09-08T00:32:43+00:00
2022,FL,12045,Gulf County,2022-11-16,-8,inperson,2488,,456,1783,39,210,1,fl-doe,2026-09-08T00:32:43+00:00
2022,FL,12045,Gulf County,2022-11-16,-8,mail,1318,,485,710,20,103,1,fl-doe,2026-09-08T00:32:43+00:00
2022,FL,12045,Gulf County,2022-11-17,-9,inperson,2488,,456,1783,39,210,1,fl-doe,2026-09-08T00:32:43+00:00
2022,FL,12045,Gulf County,2022-11-17,-9,mail,1318,,485,710,20,103,1,fl-doe,2026-09-08T00:32:43+00:00
2022,FL,12045,Gulf County,2022-11-18,-10,inperson,2488,,456,1783,39,210,1,fl-doe,2026-09-08T00:32:43+00:00
2022,FL,12045,Gulf County,2022-11-18,-10,mail,1318,,485,710,20,103,1,fl-doe,2026-09-08T00:32:43+00:00
2022,FL,12045,Gulf County,2022-11-19,-11,inperson,2488,,456,1783,39,210,1,fl-doe,2026-09-08T00:32:43+00:00
2022,FL,12045,Gulf County,2022-11-19,-11,mail,1318,,485,710,20,103,1,fl-doe,2026-09-08T00:32:43+00:00
2022,FL,12045,Gulf County,2022-11-22,-14,inperson,2488,,456,1783,39,210,1,fl-doe,2026-09-08T00:32:43+00:00
2022,FL,12045,Gulf County,2022-11-22,-14,mail,1318,,485,710,20,103,1,fl-doe,2026-09-08T00:32:43+00:00
2022,FL,12045,Gulf County,2022-11-23,-15,inperson,2488,,456,1783,39,210,1,fl-doe,2026-09-08T00:32:43+00:00
2022,FL,12045,Gulf County,2022-11-23,-15,mail,1318,,485,710,20,103,1,fl-doe,2026-09-08T00:32:43+00:00
2022,FL,12047,Hamilton County,2022-10-06,33,mail,0,,0,0,0,0,1,fl-doe,2026-09-08T00:32:43+00:00
2022,FL,12047,Hamilton County,2022-10-07,32,mail,15,,4,9,0,2,1,fl-doe,2026-09-08T00:32:43+00:00
2022,FL,12047,Hamilton County,2022-10-10,29,mail,21,,8,11,0,2,1,fl-doe,2026-09-08T00:32:43+00:00
2022,FL,12047,Hamilton County,2022-10-21,18,mail,491,,200,253,2,36,1,fl-doe,2026-09-08T00:32:43+00:00
2022,FL,12047,Hamilton County,2022-10-23,16,mail,525,,214,270,3,38,1,fl-doe,2026-09-08T00:32:43+00:00
2022,FL,12047,Hamilton County,2022-10-24,15,mail,525,,214,270,3,38,1,fl-doe,2026-09-08T00:32:43+00:00
2022,FL,12047,Hamilton County,2022-10-25,14,inperson,0,,0,0,0,0,1,fl-doe,2026-09-08T00:32:43+00:00
2022,FL,12047,Hamilton County,2022-10-25,14,mail,584,,248,294,3,39,1,fl-doe,2026-09-08T00:32:43+00:00
2022,FL,12047,Hamilton County,2022-10-27,12,inperson,0,,0,0,0,0,1,fl-doe,2026-09-08T00:32:43+00:00
2022,FL,12047,Hamilton County,2022-10-27,12,mail,636,,279,311,4,42,1,fl-doe,2026-09-08T00:32:43+00:00
2022,FL,12047,Hamilton County,2022-10-28,11,inperson,0,,0,0,0,0,1,fl-doe,2026-09-08T00:32:43+00:00
2022,FL,12047,Hamilton County,2022-10-28,11,mail,692,,300,341,5,46,1,fl-doe,2026-09-08T00:32:43+00:00
2022,FL,12047,Hamilton County,2022-10-31,8,inperson,244,,70,160,1,13,1,fl-doe,2026-09-08T00:32:43+00:00
2022,FL,12047,Hamilton County,2022-10-31,8,mail,712,,308,351,5,48,1,fl-doe,2026-09-08T00:32:43+00:00
2022,FL,12047,Hamilton County,2022-11-01,7,inperson,420,,116,277,3,24,1,fl-doe,2026-09-08T00:32:43+00:00
2022,FL,12047,Hamilton County,2022-11-01,7,mail,750,,330,364,6,50,1,fl-doe,2026-09-08T00:32:43+00:00
2022,FL,12047,Hamilton County,2022-11-02,6,inperson,544,,144,364,6,30,1,fl-doe,2026-09-08T00:32:43+00:00
2022,FL,12047,Hamilton County,2022-11-02,6,mail,767,,341,369,6,51,1,fl-doe,2026-09-08T00:32:43+00:00
2022,FL,12047,Hamilton County,2022-11-03,5,inperson,680,,186,450,8,36,1,fl-doe,2026-09-08T00:32:43+00:00
2022,FL,12047,Hamilton County,2022-11-03,5,mail,807,,355,394,6,52,1,fl-doe,2026-09-08T00:32:43+00:00
2022,FL,12047,Hamilton County,2022-11-04,4,inperson,816,,232,533,8,43,1,fl-doe,2026-09-08T00:32:43+00:00
2022,FL,12047,Hamilton County,2022-11-04,4,mail,852,,376,413,6,57,1,fl-doe,2026-09-08T00:32:43+00:00
2022,FL,12047,Hamilton County,2022-11-05,3,inperson,986,,278,638,8,62,1,fl-doe,2026-09-08T00:32:43+00:00
2022,FL,12047,Hamilton County,2022-11-05,3,mail,929,,403,456,7,63,1,fl-doe,2026-09-08T00:32:43+00:00
2022,FL,12047,Hamilton County,2022-11-06,2,inperson,1094,,317,694,11,72,1,fl-doe,2026-09-08T00:32:43+00:00
2022,FL,12047,Hamilton County,2022-11-06,2,mail,983,,430,474,7,72,1,fl-doe,2026-09-08T00:32:43+00:00
2022,FL,12047,Hamilton County,2022-11-07,1,inperson,1094,,317,694,11,72,1,fl-doe,2026-09-08T00:32:43+00:00
2022,FL,12047,Hamilton County,2022-11-07,1,mail,983,,430,474,7,72,1,fl-doe,2026-09-08T00:32:43+00:00
2022,FL,12047,Hamilton County,2022-11-14,-6,inperson,1094,,317,694,11,72,1,fl-doe,2026-09-08T00:32:43+00:00
2022,FL,12047,Hamilton County,2022-11-14,-6,mail,1119,,498,536,8,77,1,fl-doe,2026-09-08T00:32:43+00:00
2022,FL,12047,Hamilton County,2022-11-16,-8,inperson,1094,,317,694,11,72,1,fl-doe,2026-09-08T00:32:43+00:00
2022,FL,12047,Hamilton County,2022-11-16,-8,mail,1120,,499,536,8,77,1,fl-doe,2026-09-08T00:32:43+00:00
2022,FL,12047,Hamilton County,2022-11-17,-9,inperson,1094,,317,694,11,72,1,fl-doe,2026-09-08T00:32:43+00:00
2022,FL,12047,Hamilton County,2022-11-17,-9,mail,1120,,499,536,8,77,1,fl-doe,2026-09-08T00:32:43+00:00
2022,FL,12047,Hamilton County,2022-11-18,-10,inperson,1094,,317,694,11,72,1,fl-doe,2026-09-08T00:32:43+00:00
2022,FL,12047,Hamilton County,2022-11-18,-10,mail,1120,,499,536,8,77,1,fl-doe,2026-09-08T00:32:43+00:00
2022,FL,12047,Hamilton County,2022-11-19,-11,inperson,1094,,317,694,11,72,1,fl-doe,2026-09-08T00:32:43+00:00
2022,FL,12047,Hamilton County,2022-11-19,-11,mail,1120,,499,536,8,77,1,fl-doe,2026-09-08T00:32:43+00:00
2022,FL,12047,Hamilton County,2022-11-22,-14,inperson,1094,,317,694,11,72,1,fl-doe,2026-09-08T00:32:43+00:00
2022,FL,12047,Hamilton County,2022-11-22,-14,mail,1120,,499,536,8,77,1,fl-doe,2026-09-08T00:32:43+00:00
2022,FL,12047,Hamilton County,2022-11-23,-15,inperson,1094,,317,694,11,72,1,fl-doe,2026-09-08T00:32:43+00:00
2022,FL,12047,Hamilton County,2022-11-23,-15,mail,1120,,499,536,8,77,1,fl-doe,2026-09-08T00:32:43+00:00
2022,FL,12049,Hardee County,2022-10-06,33,mail,0,,0,0,0,0,1,fl-doe,2026-09-08T00:32:43+00:00
2022,FL,12049,Hardee County,2022-10-07,32,mail,0,,0,0,0,0,1,fl-doe,2026-09-08T00:32:43+00:00
2022,FL,12049,Hardee County,2022-10-10,29,mail,0,,0,0,0,0,1,fl-doe,2026-09-08T00:32:43+00:00
2022,FL,12049,Hardee County,2022-10-21,18,mail,247,,93,128,2,24,1,fl-doe,2026-09-08T00:32:43+00:00
2022,FL,12049,Hardee County,2022-10-23,16,mail,299,,104,162,2,31,1,fl-doe,2026-09-08T00:32:43+00:00
2022,FL,12049,Hardee County,2022-10-24,15,mail,299,,104,162,2,31,1,fl-doe,2026-09-08T00:32:43+00:00
2022,FL,12049,Hardee County,2022-10-25,14,inperson,0,,0,0,0,0,1,fl-doe,2026-09-08T00:32:43+00:00
2022,FL,12049,Hardee County,2022-10-25,14,mail,348,,115,195,3,35,1,fl-doe,2026-09-08T00:32:43+00:00
2022,FL,12049,Hardee County,2022-10-27,12,inperson,0,,0,0,0,0,1,fl-doe,2026-09-08T00:32:43+00:00
2022,FL,12049,Hardee County,2022-10-27,12,mail,408,,139,228,3,38,1,fl-doe,2026-09-08T00:32:43+00:00
2022,FL,12049,Hardee County,2022-10-28,11,inperson,279,,58,210,2,9,1,fl-doe,2026-09-08T00:32:43+00:00
2022,FL,12049,Hardee County,2022-10-28,11,mail,432,,147,242,3,40,1,fl-doe,2026-09-08T00:32:43+00:00
2022,FL,12049,Hardee County,2022-10-31,8,inperson,731,,117,573,4,37,1,fl-doe,2026-09-08T00:32:43+00:00
2022,FL,12049,Hardee County,2022-10-31,8,mail,466,,158,261,3,44,1,fl-doe,2026-09-08T00:32:43+00:00
2022,FL,12049,Hardee County,2022-11-01,7,inperson,984,,150,780,4,50,1,fl-doe,2026-09-08T00:32:43+00:00
2022,FL,12049,Hardee County,2022-11-01,7,mail,478,,165,266,3,44,1,fl-doe,2026-09-08T00:32:43+00:00
2022,FL,12049,Hardee County,2022-11-02,6,inperson,1214,,203,943,6,62,1,fl-doe,2026-09-08T00:32:43+00:00
2022,FL,12049,Hardee County,2022-11-02,6,mail,512,,176,285,3,48,1,fl-doe,2026-09-08T00:32:43+00:00
2022,FL,12049,Hardee County,2022-11-03,5,inperson,1416,,233,1099,10,74,1,fl-doe,2026-09-08T00:32:43+00:00
2022,FL,12049,Hardee County,2022-11-03,5,mail,541,,185,302,3,51,1,fl-doe,2026-09-08T00:32:43+00:00
2022,FL,12049,Hardee County,2022-11-04,4,inperson,1598,,261,1229,14,94,1,fl-doe,2026-09-08T00:32:43+00:00
2022,FL,12049,Hardee County,2022-11-04,4,mail,613,,210,345,3,55,1,fl-doe,2026-09-08T00:32:43+00:00
2022,FL,12049,Hardee County,2022-11-05,3,inperson,1881,,297,1450,15,119,1,fl-doe,2026-09-08T00:32:43+00:00
2022,FL,12049,Hardee County,2022-11-05,3,mail,615,,211,346,3,55,1,fl-doe,2026-09-08T00:32:43+00:00
2022,FL,12049,Hardee County,2022-11-06,2,inperson,2029,,321,1559,16,133,1,fl-doe,2026-09-08T00:32:43+00:00
2022,FL,12049,Hardee County,2022-11-06,2,mail,665,,224,377,3,61,1,fl-doe,2026-09-08T00:32:43+00:00
2022,FL,12049,Hardee County,2022-11-07,1,inperson,2029,,321,1559,16,133,1,fl-doe,2026-09-08T00:32:43+00:00
2022,FL,12049,Hardee County,2022-11-07,1,mail,665,,224,377,3,61,1,fl-doe,2026-09-08T00:32:43+00:00
2022,FL,12049,Hardee County,2022-11-14,-6,inperson,2029,,321,1559,16,133,1,fl-doe,2026-09-08T00:32:43+00:00
2022,FL,12049,Hardee County,2022-11-14,-6,mail,756,,264,421,4,67,1,fl-doe,2026-09-08T00:32:43+00:00
2022,FL,12049,Hardee County,2022-11-16,-8,inperson,2029,,321,1559,16,133,1,fl-doe,2026-09-08T00:32:43+00:00
2022,FL,12049,Hardee County,2022-11-16,-8,mail,756,,264,421,4,67,1,fl-doe,2026-09-08T00:32:43+00:00
2022,FL,12049,Hardee County,2022-11-17,-9,inperson,2029,,321,1559,16,133,1,fl-doe,2026-09-08T00:32:43+00:00
2022,FL,12049,Hardee County,2022-11-17,-9,mail,756,,264,421,4,67,1,fl-doe,2026-09-08T00:32:43+00:00
2022,FL,12049,Hardee County,2022-11-18,-10,inperson,2029,,321,1559,16,133,1,fl-doe,2026-09-08T00:32:43+00:00
2022,FL,12049,Hardee County,2022-11-18,-10,mail,756,,264,421,4,67,1,fl-doe,2026-09-08T00:32:43+00:00
2022,FL,12049,Hardee County,2022-11-19,-11,inperson,2029,,321,1559,16,133,1,fl-doe,2026-09-08T00:32:43+00:00
2022,FL,12049,Hardee County,2022-11-19,-11,mail,756,,264,421,4,67,1,fl-doe,2026-09-08T00:32:43+00:00
2022,FL,12049,Hardee County,2022-11-22,-14,inperson,2029,,321,1559,16,133,1,fl-doe,2026-09-08T00:32:43+00:00
2022,FL,12049,Hardee County,2022-11-22,-14,mail,756,,264,421,4,67,1,fl-doe,2026-09-08T00:32:43+00:00
2022,FL,12049,Hardee County,2022-11-23,-15,inperson,2029,,321,1559,16,133,1,fl-doe,2026-09-08T00:32:43+00:00
2022,FL,12049,Hardee County,2022-11-23,-15,mail,756,,264,421,4,67,1,fl-doe,2026-09-08T00:32:43+00:00
2022,FL,12051,Hendry County,2022-10-06,33,mail,16,,9,4,0,3,1,fl-doe,2026-09-08T00:32:43+00:00
2022,FL,12051,Hendry County,2022-10-07,32,mail,50,,19,25,0,6,1,fl-doe,2026-09-08T00:32:43+00:00
2022,FL,12051,Hendry County,2022-10-10,29,mail,91,,39,41,2,9,1,fl-doe,2026-09-08T00:32:43+00:00
2022,FL,12051,Hendry County,2022-10-21,18,mail,680,,291,339,5,45,1,fl-doe,2026-09-08T00:32:43+00:00
2022,FL,12051,Hendry County,2022-10-23,16,mail,730,,310,364,5,51,1,fl-doe,2026-09-08T00:32:43+00:00
2022,FL,12051,Hendry County,2022-10-24,15,mail,730,,310,364,5,51,1,fl-doe,2026-09-08T00:32:43+00:00
2022,FL,12051,Hendry County,2022-10-25,14,inperson,210,,46,149,1,14,1,fl-doe,2026-09-08T00:32:43+00:00
2022,FL,12051,Hendry County,2022-10-25,14,mail,821,,353,407,7,54,1,fl-doe,2026-09-08T00:32:43+00:00
2022,FL,12051,Hendry County,2022-10-27,12,inperson,768,,178,524,5,61,1,fl-doe,2026-09-08T00:32:43+00:00
2022,FL,12051,Hendry County,2022-10-27,12,mail,982,,417,493,8,64,1,fl-doe,2026-09-08T00:32:43+00:00
2022,FL,12051,Hendry County,2022-10-28,11,inperson,1015,,235,697,6,77,1,fl-doe,2026-09-08T00:32:43+00:00
2022,FL,12051,Hendry County,2022-10-28,11,mail,1042,,445,521,10,66,1,fl-doe,2026-09-08T00:32:43+00:00
2022,FL,12051,Hendry County,2022-10-31,8,inperson,1432,,329,983,10,110,1,fl-doe,2026-09-08T00:32:43+00:00
2022,FL,12051,Hendry County,2022-10-31,8,mail,1117,,471,566,10,70,1,fl-doe,2026-09-08T00:32:43+00:00
2022,FL,12051,Hendry County,2022-11-01,7,inperson,1760,,412,1200,11,137,1,fl-doe,2026-09-08T00:32:43+00:00
2022,FL,12051,Hendry County,2022-11-01,7,mail,1175,,491,596,10,78,1,fl-doe,2026-09-08T00:32:43+00:00
2022,FL,12051,Hendry County,2022-11-02,6,inperson,2041,,484,1384,11,162,1,fl-doe,2026-09-08T00:32:43+00:00
2022,FL,12051,Hendry County,2022-11-02,6,mail,1270,,526,646,10,88,1,fl-doe,2026-09-08T00:32:43+00:00
2022,FL,12051,Hendry County,2022-11-03,5,inperson,2312,,538,1567,12,195,1,fl-doe,2026-09-08T00:32:43+00:00
2022,FL,12051,Hendry County,2022-11-03,5,mail,1340,,548,688,11,93,1,fl-doe,2026-09-08T00:32:43+00:00
2022,FL,12051,Hendry County,2022-11-04,4,inperson,2668,,634,1797,16,221,1,fl-doe,2026-09-08T00:32:43+00:00
2022,FL,12051,Hendry County,2022-11-04,4,mail,1388,,567,713,13,95,1,fl-doe,2026-09-08T00:32:43+00:00
2022,FL,12051,Hendry County,2022-11-05,3,inperson,3060,,737,2048,20,255,1,fl-doe,2026-09-08T00:32:43+00:00
2022,FL,12051,Hendry County,2022-11-05,3,mail,1427,,579,734,14,100,1,fl-doe,2026-09-08T00:32:43+00:00
2022,FL,12051,Hendry County,2022-11-06,2,inperson,3408,,831,2259,26,292,1,fl-doe,2026-09-08T00:32:43+00:00
2022,FL,12051,Hendry County,2022-11-06,2,mail,1471,,592,761,14,104,1,fl-doe,2026-09-08T00:32:43+00:00
2022,FL,12051,Hendry County,2022-11-07,1,inperson,3408,,831,2259,26,292,1,fl-doe,2026-09-08T00:32:43+00:00
2022,FL,12051,Hendry County,2022-11-07,1,mail,1471,,592,761,14,104,1,fl-doe,2026-09-08T00:32:43+00:00
2022,FL,12051,Hendry County,2022-11-14,-6,inperson,3408,,831,2259,26,292,1,fl-doe,2026-09-08T00:32:43+00:00
2022,FL,12051,Hendry County,2022-11-14,-6,mail,1606,,632,826,16,132,1,fl-doe,2026-09-08T00:32:43+00:00
2022,FL,12051,Hendry County,2022-11-16,-8,inperson,3408,,831,2259,26,292,1,fl-doe,2026-09-08T00:32:43+00:00
2022,FL,12051,Hendry County,2022-11-16,-8,mail,1608,,633,827,16,132,1,fl-doe,2026-09-08T00:32:43+00:00
2022,FL,12051,Hendry County,2022-11-17,-9,inperson,3408,,831,2259,26,292,1,fl-doe,2026-09-08T00:32:43+00:00
2022,FL,12051,Hendry County,2022-11-17,-9,mail,1608,,633,827,16,132,1,fl-doe,2026-09-08T00:32:43+00:00
2022,FL,12051,Hendry County,2022-11-18,-10,inperson,3408,,831,2259,26,292,1,fl-doe,2026-09-08T00:32:43+00:00
2022,FL,12051,Hendry County,2022-11-18,-10,mail,1608,,633,827,16,132,1,fl-doe,2026-09-08T00:32:43+00:00
2022,FL,12051,Hendry County,2022-11-19,-11,inperson,3408,,831,2259,26,292,1,fl-doe,2026-09-08T00:32:43+00:00
2022,FL,12051,Hendry County,2022-11-19,-11,mail,1608,,633,827,16,132,1,fl-doe,2026-09-08T00:32:43+00:00
2022,FL,12051,Hendry County,2022-11-22,-14,inperson,3408,,831,2259,26,292,1,fl-doe,2026-09-08T00:32:43+00:00
2022,FL,12051,Hendry County,2022-11-22,-14,mail,1608,,633,827,16,132,1,fl-doe,2026-09-08T00:32:43+00:00
2022,FL,12051,Hendry County,2022-11-23,-15,inperson,3408,,831,2259,26,292,1,fl-doe,2026-09-08T00:32:43+00:00
2022,FL,12051,Hendry County,2022-11-23,-15,mail,1608,,633,827,16,132,1,fl-doe,2026-09-08T00:32:43+00:00
2022,FL,12053,Hernando County,2022-10-06,33,mail,14,,4,7,2,1,1,fl-doe,2026-09-08T00:32:43+00:00
2022,FL,12053,Hernando County,2022-10-07,32,mail,51,,25,19,3,4,1,fl-doe,2026-09-08T00:32:43+00:00
2022,FL,12053,Hernando County,2022-10-10,29,mail,1540,,570,677,21,272,1,fl-doe,2026-09-08T00:32:43+00:00
2022,FL,12053,Hernando County,2022-10-21,18,mail,13964,,4978,6360,178,2448,1,fl-doe,2026-09-08T00:32:43+00:00
2022,FL,12053,Hernando County,2022-10-23,16,mail,14917,,5294,6796,192,2635,1,fl-doe,2026-09-08T00:32:43+00:00
2022,FL,12053,Hernando County,2022-10-24,15,mail,14917,,5294,6796,192,2635,1,fl-doe,2026-09-08T00:32:43+00:00
2022,FL,12053,Hernando County,2022-10-25,14,inperson,0,,0,0,0,0,1,fl-doe,2026-09-08T00:32:43+00:00
2022,FL,12053,Hernando County,2022-10-25,14,mail,16274,,5792,7410,211,2861,1,fl-doe,2026-09-08T00:32:43+00:00
2022,FL,12053,Hernando County,2022-10-27,12,inperson,1945,,461,1174,26,284,1,fl-doe,2026-09-08T00:32:43+00:00
2022,FL,12053,Hernando County,2022-10-27,12,mail,18939,,6850,8529,258,3302,1,fl-doe,2026-09-08T00:32:43+00:00
2022,FL,12053,Hernando County,2022-10-28,11,inperson,3616,,843,2186,52,535,1,fl-doe,2026-09-08T00:32:43+00:00
2022,FL,12053,Hernando County,2022-10-28,11,mail,20127,,7289,9040,276,3522,1,fl-doe,2026-09-08T00:32:43+00:00
2022,FL,12053,Hernando County,2022-10-31,8,inperson,6878,,1572,4156,97,1053,1,fl-doe,2026-09-08T00:32:43+00:00
2022,FL,12053,Hernando County,2022-10-31,8,mail,21782,,7891,9756,301,3834,1,fl-doe,2026-09-08T00:32:43+00:00
2022,FL,12053,Hernando County,2022-11-01,7,inperson,8428,,1905,5081,122,1320,1,fl-doe,2026-09-08T00:32:43+00:00
2022,FL,12053,Hernando County,2022-11-01,7,mail,22800,,8264,10201,313,4022,1,fl-doe,2026-09-08T00:32:43+00:00
2022,FL,12053,Hernando County,2022-11-02,6,inperson,9873,,2206,5981,148,1538,1,fl-doe,2026-09-08T00:32:43+00:00
2022,FL,12053,Hernando County,2022-11-02,6,mail,24154,,8715,10809,345,4285,1,fl-doe,2026-09-08T00:32:43+00:00
2022,FL,12053,Hernando County,2022-11-03,5,inperson,11504,,2515,7006,173,1810,1,fl-doe,2026-09-08T00:32:43+00:00
2022,FL,12053,Hernando County,2022-11-03,5,mail,25076,,9045,11186,358,4487,1,fl-doe,2026-09-08T00:32:43+00:00
2022,FL,12053,Hernando County,2022-11-04,4,inperson,13140,,2876,7950,212,2102,1,fl-doe,2026-09-08T00:32:43+00:00
2022,FL,12053,Hernando County,2022-11-04,4,mail,25968,,9337,11578,375,4678,1,fl-doe,2026-09-08T00:32:43+00:00
2022,FL,12053,Hernando County,2022-11-05,3,inperson,15396,,3299,9311,247,2539,1,fl-doe,2026-09-08T00:32:43+00:00
2022,FL,12053,Hernando County,2022-11-05,3,mail,26806,,9623,11944,390,4849,1,fl-doe,2026-09-08T00:32:43+00:00
2022,FL,12053,Hernando County,2022-11-06,2,inperson,17619,,3769,10639,298,2913,1,fl-doe,2026-09-08T00:32:43+00:00
2022,FL,12053,Hernando County,2022-11-06,2,mail,26851,,9633,11968,391,4859,1,fl-doe,2026-09-08T00:32:43+00:00
2022,FL,12053,Hernando County,2022-11-07,1,inperson,17620,,3769,10640,298,2913,1,fl-doe,2026-09-08T00:32:43+00:00
2022,FL,12053,Hernando County,2022-11-07,1,mail,26851,,9633,11968,391,4859,1,fl-doe,2026-09-08T00:32:43+00:00
2022,FL,12053,Hernando County,2022-11-14,-6,inperson,17620,,3769,10640,298,2913,1,fl-doe,2026-09-08T00:32:43+00:00
2022,FL,12053,Hernando County,2022-11-14,-6,mail,30335,,10777,13475,463,5620,1,fl-doe,2026-09-08T00:32:43+00:00
2022,FL,12053,Hernando County,2022-11-16,-8,inperson,17620,,3769,10640,298,2913,1,fl-doe,2026-09-08T00:32:43+00:00
2022,FL,12053,Hernando County,2022-11-16,-8,mail,30343,,10782,13478,463,5620,1,fl-doe,2026-09-08T00:32:43+00:00
2022,FL,12053,Hernando County,2022-11-17,-9,inperson,17620,,3769,10640,298,2913,1,fl-doe,2026-09-08T00:32:43+00:00
2022,FL,12053,Hernando County,2022-11-17,-9,mail,30344,,10783,13478,463,5620,1,fl-doe,2026-09-08T00:32:43+00:00
2022,FL,12053,Hernando County,2022-11-18,-10,inperson,17620,,3769,10640,298,2913,1,fl-doe,2026-09-08T00:32:43+00:00
2022,FL,12053,Hernando County,2022-11-18,-10,mail,30344,,10783,13478,463,5620,1,fl-doe,2026-09-08T00:32:43+00:00
2022,FL,12053,Hernando County,2022-11-19,-11,inperson,17620,,3769,10640,298,2913,1,fl-doe,2026-09-08T00:32:43+00:00
2022,FL,12053,Hernando County,2022-11-19,-11,mail,30345,,10784,13478,463,5620,1,fl-doe,2026-09-08T00:32:43+00:00
2022,FL,12053,Hernando County,2022-11-22,-14,inperson,17620,,3769,10640,298,2913,1,fl-doe,2026-09-08T00:32:43+00:00
2022,FL,12053,Hernando County,2022-11-22,-14,mail,30345,,10784,13478,463,5620,1,fl-doe,2026-09-08T00:32:43+00:00
2022,FL,12053,Hernando County,2022-11-23,-15,inperson,17620,,3769,10640,298,2913,1,fl-doe,2026-09-08T00:32:43+00:00
2022,FL,12053,Hernando County,2022-11-23,-15,mail,30345,,10784,13478,463,5620,1,fl-doe,2026-09-08T00:32:43+00:00
2022,FL,12055,Highlands County,2022-10-06,33,mail,5,,2,3,0,0,1,fl-doe,2026-09-08T00:32:43+00:00
2022,FL,12055,Highlands County,2022-10-07,32,mail,17,,8,9,0,0,1,fl-doe,2026-09-08T00:32:43+00:00
2022,FL,12055,Highlands County,2022-10-10,29,mail,45,,18,23,1,3,1,fl-doe,2026-09-08T00:32:43+00:00
2022,FL,12055,Highlands County,2022-10-21,18,mail,5573,,1982,2594,73,924,1,fl-doe,2026-09-08T00:32:43+00:00
2022,FL,12055,Highlands County,2022-10-23,16,mail,5974,,2109,2804,77,984,1,fl-doe,2026-09-08T00:32:43+00:00
2022,FL,12055,Highlands County,2022-10-24,15,mail,5974,,2109,2804,77,984,1,fl-doe,2026-09-08T00:32:43+00:00
2022,FL,12055,Highlands County,2022-10-25,14,inperson,0,,0,0,0,0,1,fl-doe,2026-09-08T00:32:43+00:00
2022,FL,12055,Highlands County,2022-10-25,14,mail,7109,,2519,3326,91,1173,1,fl-doe,2026-09-08T00:32:43+00:00
2022,FL,12055,Highlands County,2022-10-27,12,inperson,0,,0,0,0,0,1,fl-doe,2026-09-08T00:32:43+00:00
2022,FL,12055,Highlands County,2022-10-27,12,mail,8145,,2869,3833,102,1341,1,fl-doe,2026-09-08T00:32:43+00:00
2022,FL,12055,Highlands County,2022-10-28,11,inperson,1736,,309,1206,12,209,1,fl-doe,2026-09-08T00:32:43+00:00
2022,FL,12055,Highlands County,2022-10-28,11,mail,8523,,2983,4025,107,1408,1,fl-doe,2026-09-08T00:32:43+00:00
2022,FL,12055,Highlands County,2022-10-31,8,inperson,4083,,693,2848,34,508,1,fl-doe,2026-09-08T00:32:43+00:00
2022,FL,12055,Highlands County,2022-10-31,8,mail,9302,,3279,4373,117,1533,1,fl-doe,2026-09-08T00:32:43+00:00
2022,FL,12055,Highlands County,2022-11-01,7,inperson,5309,,873,3691,40,705,1,fl-doe,2026-09-08T00:32:43+00:00
2022,FL,12055,Highlands County,2022-11-01,7,mail,9599,,3362,4539,119,1579,1,fl-doe,2026-09-08T00:32:43+00:00
2022,FL,12055,Highlands County,2022-11-02,6,inperson,6555,,1085,4510,52,908,1,fl-doe,2026-09-08T00:32:43+00:00
2022,FL,12055,Highlands County,2022-11-02,6,mail,9960,,3485,4704,125,1646,1,fl-doe,2026-09-08T00:32:43+00:00
2022,FL,12055,Highlands County,2022-11-03,5,inperson,7666,,1294,5232,67,1073,1,fl-doe,2026-09-08T00:32:43+00:00
2022,FL,12055,Highlands County,2022-11-03,5,mail,10282,,3569,4853,133,1727,1,fl-doe,2026-09-08T00:32:43+00:00
2022,FL,12055,Highlands County,2022-11-04,4,inperson,8832,,1498,6009,74,1251,1,fl-doe,2026-09-08T00:32:43+00:00
2022,FL,12055,Highlands County,2022-11-04,4,mail,10719,,3730,5042,137,1810,1,fl-doe,2026-09-08T00:32:43+00:00
2022,FL,12055,Highlands County,2022-11-05,3,inperson,10231,,1732,6969,85,1445,1,fl-doe,2026-09-08T00:32:43+00:00
2022,FL,12055,Highlands County,2022-11-05,3,mail,11179,,3876,5255,143,1905,1,fl-doe,2026-09-08T00:32:43+00:00
2022,FL,12055,Highlands County,2022-11-06,2,inperson,11226,,1928,7599,96,1603,1,fl-doe,2026-09-08T00:32:43+00:00
2022,FL,12055,Highlands County,2022-11-06,2,mail,11336,,3934,5331,144,1927,1,fl-doe,2026-09-08T00:32:43+00:00
2022,FL,12055,Highlands County,2022-11-07,1,inperson,11226,,1928,7599,96,1603,1,fl-doe,2026-09-08T00:32:43+00:00
2022,FL,12055,Highlands County,2022-11-07,1,mail,11336,,3934,5331,144,1927,1,fl-doe,2026-09-08T00:32:43+00:00
2022,FL,12055,Highlands County,2022-11-14,-6,inperson,11226,,1928,7599,96,1603,1,fl-doe,2026-09-08T00:32:43+00:00
2022,FL,12055,Highlands County,2022-11-14,-6,mail,11999,,4153,5635,159,2052,1,fl-doe,2026-09-08T00:32:43+00:00
2022,FL,12055,Highlands County,2022-11-16,-8,inperson,11226,,1928,7599,96,1603,1,fl-doe,2026-09-08T00:32:43+00:00
2022,FL,12055,Highlands County,2022-11-16,-8,mail,11999,,4153,5635,159,2052,1,fl-doe,2026-09-08T00:32:43+00:00
2022,FL,12055,Highlands County,2022-11-17,-9,inperson,11226,,1928,7599,96,1603,1,fl-doe,2026-09-08T00:32:43+00:00
2022,FL,12055,Highlands County,2022-11-17,-9,mail,12003,,4155,5635,159,2054,1,fl-doe,2026-09-08T00:32:43+00:00
2022,FL,12055,Highlands County,2022-11-18,-10,inperson,11226,,1928,7599,96,1603,1,fl-doe,2026-09-08T00:32:43+00:00
2022,FL,12055,Highlands County,2022-11-18,-10,mail,12012,,4159,5638,159,2056,1,fl-doe,2026-09-08T00:32:43+00:00
2022,FL,12055,Highlands County,2022-11-19,-11,inperson,11226,,1928,7599,96,1603,1,fl-doe,2026-09-08T00:32:43+00:00
2022,FL,12055,Highlands County,2022-11-19,-11,mail,12012,,4159,5638,159,2056,1,fl-doe,2026-09-08T00:32:43+00:00
2022,FL,12055,Highlands County,2022-11-22,-14,inperson,11226,,1928,7599,96,1603,1,fl-doe,2026-09-08T00:32:43+00:00
2022,FL,12055,Highlands County,2022-11-22,-14,mail,12012,,4159,5638,159,2056,1,fl-doe,2026-09-08T00:32:43+00:00
2022,FL,12055,Highlands County,2022-11-23,-15,inperson,11226,,1928,7599,96,1603,1,fl-doe,2026-09-08T00:32:43+00:00
2022,FL,12055,Highlands County,2022-11-23,-15,mail,12012,,4159,5638,159,2056,1,fl-doe,2026-09-08T00:32:43+00:00
2022,FL,12057,Hillsborough County,2022-10-06,33,mail,193,,80,64,7,42,1,fl-doe,2026-09-08T00:32:43+00:00
2022,FL,12057,Hillsborough County,2022-10-07,32,mail,224,,91,74,9,50,1,fl-doe,2026-09-08T00:32:43+00:00
2022,FL,12057,Hillsborough County,2022-10-10,29,mail,274,,107,99,10,58,1,fl-doe,2026-09-08T00:32:43+00:00
2022,FL,12057,Hillsborough County,2022-10-21,18,mail,68690,,29805,24437,1081,13367,1,fl-doe,2026-09-08T00:32:43+00:00
2022,FL,12057,Hillsborough County,2022-10-23,16,mail,75084,,32631,26714,1182,14557,1,fl-doe,2026-09-08T00:32:43+00:00
2022,FL,12057,Hillsborough County,2022-10-24,15,mail,75084,,32631,26714,1182,14557,1,fl-doe,2026-09-08T00:32:43+00:00
2022,FL,12057,Hillsborough County,2022-10-25,14,inperson,7030,,2329,3557,87,1057,1,fl-doe,2026-09-08T00:32:43+00:00
2022,FL,12057,Hillsborough County,2022-10-25,14,mail,85745,,37456,30289,1344,16656,1,fl-doe,2026-09-08T00:32:43+00:00
2022,FL,12057,Hillsborough County,2022-10-27,12,inperson,21719,,7247,10927,266,3279,1,fl-doe,2026-09-08T00:32:43+00:00
2022,FL,12057,Hillsborough County,2022-10-27,12,mail,108035,,47900,37716,1645,20774,1,fl-doe,2026-09-08T00:32:43+00:00
2022,FL,12057,Hillsborough County,2022-10-28,11,inperson,28536,,9530,14275,354,4377,1,fl-doe,2026-09-08T00:32:43+00:00
2022,FL,12057,Hillsborough County,2022-10-28,11,mail,117150,,52039,40826,1772,22513,1,fl-doe,2026-09-08T00:32:43+00:00
2022,FL,12057,Hillsborough County,2022-10-31,8,inperson,47753,,16222,23243,601,7687,1,fl-doe,2026-09-08T00:32:43+00:00
2022,FL,12057,Hillsborough County,2022-10-31,8,mail,133581,,59594,46227,1998,25762,1,fl-doe,2026-09-08T00:32:43+00:00
2022,FL,12057,Hillsborough County,2022-11-01,7,inperson,55873,,18897,27170,716,9090,1,fl-doe,2026-09-08T00:32:43+00:00
2022,FL,12057,Hillsborough County,2022-11-01,7,mail,138380,,61769,47709,2075,26827,1,fl-doe,2026-09-08T00:32:43+00:00
2022,FL,12057,Hillsborough County,2022-11-02,6,inperson,64557,,21604,31458,825,10670,1,fl-doe,2026-09-08T00:32:43+00:00
2022,FL,12057,Hillsborough County,2022-11-02,6,mail,148686,,66237,51048,2245,29156,1,fl-doe,2026-09-08T00:32:43+00:00
2022,FL,12057,Hillsborough County,2022-11-03,5,inperson,74087,,24586,36042,971,12488,1,fl-doe,2026-09-08T00:32:43+00:00
2022,FL,12057,Hillsborough County,2022-11-03,5,mail,156171,,69470,53442,2361,30898,1,fl-doe,2026-09-08T00:32:43+00:00
2022,FL,12057,Hillsborough County,2022-11-04,4,inperson,84567,,27960,40909,1144,14554,1,fl-doe,2026-09-08T00:32:43+00:00
2022,FL,12057,Hillsborough County,2022-11-04,4,mail,163384,,72643,55793,2458,32490,1,fl-doe,2026-09-08T00:32:43+00:00
2022,FL,12057,Hillsborough County,2022-11-05,3,inperson,99543,,32809,47676,1389,17669,1,fl-doe,2026-09-08T00:32:43+00:00
2022,FL,12057,Hillsborough County,2022-11-05,3,mail,170295,,75640,57968,2571,34116,1,fl-doe,2026-09-08T00:32:43+00:00
2022,FL,12057,Hillsborough County,2022-11-06,2,inperson,113938,,38168,53458,1585,20727,1,fl-doe,2026-09-08T00:32:43+00:00
2022,FL,12057,Hillsborough County,2022-11-06,2,mail,177500,,78820,60249,2700,35731,1,fl-doe,2026-09-08T00:32:43+00:00
2022,FL,12057,Hillsborough County,2022-11-07,1,inperson,131309,,45122,59769,1871,24547,1,fl-doe,2026-09-08T00:32:43+00:00
2022,FL,12057,Hillsborough County,2022-11-07,1,mail,181244,,80643,61247,2755,36599,1,fl-doe,2026-09-08T00:32:43+00:00
2022,FL,12057,Hillsborough County,2022-11-14,-6,inperson,131305,,45120,59767,1871,24547,1,fl-doe,2026-09-08T00:32:43+00:00
2022,FL,12057,Hillsborough County,2022-11-14,-6,mail,200037,,89087,66242,3084,41624,1,fl-doe,2026-09-08T00:32:43+00:00
2022,FL,12057,Hillsborough County,2022-11-16,-8,inperson,131305,,45120,59767,1871,24547,1,fl-doe,2026-09-08T00:32:43+00:00
2022,FL,12057,Hillsborough County,2022-11-16,-8,mail,200051,,89093,66244,3084,41630,1,fl-doe,2026-09-08T00:32:43+00:00
2022,FL,12057,Hillsborough County,2022-11-17,-9,inperson,131305,,45120,59767,1871,24547,1,fl-doe,2026-09-08T00:32:43+00:00
2022,FL,12057,Hillsborough County,2022-11-17,-9,mail,200051,,89093,66244,3084,41630,1,fl-doe,2026-09-08T00:32:43+00:00
2022,FL,12057,Hillsborough County,2022-11-18,-10,inperson,131305,,45120,59767,1871,24547,1,fl-doe,2026-09-08T00:32:43+00:00
2022,FL,12057,Hillsborough County,2022-11-18,-10,mail,200108,,89114,66262,3085,41647,1,fl-doe,2026-09-08T00:32:43+00:00
2022,FL,12057,Hillsborough County,2022-11-19,-11,inperson,131305,,45120,59767,1871,24547,1,fl-doe,2026-09-08T00:32:43+00:00
2022,FL,12057,Hillsborough County,2022-11-19,-11,mail,200108,,89114,66262,3085,41647,1,fl-doe,2026-09-08T00:32:43+00:00
2022,FL,12057,Hillsborough County,2022-11-22,-14,inperson,131305,,45120,59767,1871,24547,1,fl-doe,2026-09-08T00:32:43+00:00
2022,FL,12057,Hillsborough County,2022-11-22,-14,mail,200125,,89125,66266,3085,41649,1,fl-doe,2026-09-08T00:32:43+00:00
2022,FL,12057,Hillsborough County,2022-11-23,-15,inperson,131305,,45120,59767,1871,24547,1,fl-doe,2026-09-08T00:32:43+00:00
2022,FL,12057,Hillsborough County,2022-11-23,-15,mail,200125,,89125,66266,3085,41649,1,fl-doe,2026-09-08T00:32:43+00:00
2022,FL,12059,Holmes County,2022-10-06,33,mail,2,,1,1,0,0,1,fl-doe,2026-09-08T00:32:43+00:00
2022,FL,12059,Holmes County,2022-10-07,32,mail,3,,1,2,0,0,1,fl-doe,2026-09-08T00:32:43+00:00
2022,FL,12059,Holmes County,2022-10-10,29,mail,8,,4,3,1,0,1,fl-doe,2026-09-08T00:32:43+00:00
2022,FL,12059,Holmes County,2022-10-21,18,mail,623,,168,407,7,41,1,fl-doe,2026-09-08T00:32:43+00:00
2022,FL,12059,Holmes County,2022-10-23,16,mail,702,,191,461,7,43,1,fl-doe,2026-09-08T00:32:43+00:00
2022,FL,12059,Holmes County,2022-10-24,15,mail,702,,191,461,7,43,1,fl-doe,2026-09-08T00:32:43+00:00
2022,FL,12059,Holmes County,2022-10-25,14,inperson,0,,0,0,0,0,1,fl-doe,2026-09-08T00:32:43+00:00
2022,FL,12059,Holmes County,2022-10-25,14,mail,776,,209,510,9,48,1,fl-doe,2026-09-08T00:32:43+00:00
2022,FL,12059,Holmes County,2022-10-27,12,inperson,0,,0,0,0,0,1,fl-doe,2026-09-08T00:32:43+00:00
2022,FL,12059,Holmes County,2022-10-27,12,mail,899,,236,601,10,52,1,fl-doe,2026-09-08T00:32:43+00:00
2022,FL,12059,Holmes County,2022-10-28,11,inperson,0,,0,0,0,0,1,fl-doe,2026-09-08T00:32:43+00:00
2022,FL,12059,Holmes County,2022-10-28,11,mail,953,,255,633,10,55,1,fl-doe,2026-09-08T00:32:43+00:00
2022,FL,12059,Holmes County,2022-10-31,8,inperson,393,,28,347,0,18,1,fl-doe,2026-09-08T00:32:43+00:00
2022,FL,12059,Holmes County,2022-10-31,8,mail,1055,,281,706,10,58,1,fl-doe,2026-09-08T00:32:43+00:00
2022,FL,12059,Holmes County,2022-11-01,7,inperson,633,,61,537,2,33,1,fl-doe,2026-09-08T00:32:43+00:00
2022,FL,12059,Holmes County,2022-11-01,7,mail,1101,,295,734,10,62,1,fl-doe,2026-09-08T00:32:43+00:00
2022,FL,12059,Holmes County,2022-11-02,6,inperson,854,,89,713,4,48,1,fl-doe,2026-09-08T00:32:43+00:00
2022,FL,12059,Holmes County,2022-11-02,6,mail,1155,,315,759,13,68,1,fl-doe,2026-09-08T00:32:43+00:00
2022,FL,12059,Holmes County,2022-11-03,5,inperson,1078,,124,885,5,64,1,fl-doe,2026-09-08T00:32:43+00:00
2022,FL,12059,Holmes County,2022-11-03,5,mail,1207,,328,796,13,70,1,fl-doe,2026-09-08T00:32:43+00:00
2022,FL,12059,Holmes County,2022-11-04,4,inperson,1258,,151,1025,6,76,1,fl-doe,2026-09-08T00:32:43+00:00
2022,FL,12059,Holmes County,2022-11-04,4,mail,1244,,337,821,13,73,1,fl-doe,2026-09-08T00:32:43+00:00
2022,FL,12059,Holmes County,2022-11-05,3,inperson,1524,,185,1246,7,86,1,fl-doe,2026-09-08T00:32:43+00:00
2022,FL,12059,Holmes County,2022-11-05,3,mail,1322,,352,875,13,82,1,fl-doe,2026-09-08T00:32:43+00:00
2022,FL,12059,Holmes County,2022-11-06,2,inperson,1721,,204,1409,8,100,1,fl-doe,2026-09-08T00:32:43+00:00
2022,FL,12059,Holmes County,2022-11-06,2,mail,1368,,364,906,13,85,1,fl-doe,2026-09-08T00:32:43+00:00
2022,FL,12059,Holmes County,2022-11-07,1,inperson,1721,,204,1409,8,100,1,fl-doe,2026-09-08T00:32:43+00:00
2022,FL,12059,Holmes County,2022-11-07,1,mail,1368,,364,906,13,85,1,fl-doe,2026-09-08T00:32:43+00:00
2022,FL,12059,Holmes County,2022-11-14,-6,inperson,1721,,204,1409,8,100,1,fl-doe,2026-09-08T00:32:43+00:00
2022,FL,12059,Holmes County,2022-11-14,-6,mail,1459,,383,968,13,95,1,fl-doe,2026-09-08T00:32:43+00:00
2022,FL,12059,Holmes County,2022-11-16,-8,inperson,1721,,204,1409,8,100,1,fl-doe,2026-09-08T00:32:43+00:00
2022,FL,12059,Holmes County,2022-11-16,-8,mail,1459,,383,968,13,95,1,fl-doe,2026-09-08T00:32:43+00:00
2022,FL,12059,Holmes County,2022-11-17,-9,inperson,1721,,204,1409,8,100,1,fl-doe,2026-09-08T00:32:43+00:00
2022,FL,12059,Holmes County,2022-11-17,-9,mail,1459,,383,968,13,95,1,fl-doe,2026-09-08T00:32:43+00:00
2022,FL,12059,Holmes County,2022-11-18,-10,inperson,1721,,204,1409,8,100,1,fl-doe,2026-09-08T00:32:43+00:00
2022,FL,12059,Holmes County,2022-11-18,-10,mail,1459,,383,968,13,95,1,fl-doe,2026-09-08T00:32:43+00:00
2022,FL,12059,Holmes County,2022-11-19,-11,inperson,1721,,204,1409,8,100,1,fl-doe,2026-09-08T00:32:43+00:00
2022,FL,12059,Holmes County,2022-11-19,-11,mail,1459,,383,968,13,95,1,fl-doe,2026-09-08T00:32:43+00:00
2022,FL,12059,Holmes County,2022-11-22,-14,inperson,1721,,204,1409,8,100,1,fl-doe,2026-09-08T00:32:43+00:00
2022,FL,12059,Holmes County,2022-11-22,-14,mail,1459,,383,968,13,95,1,fl-doe,2026-09-08T00:32:43+00:00
2022,FL,12059,Holmes County,2022-11-23,-15,inperson,1721,,204,1409,8,100,1,fl-doe,2026-09-08T00:32:43+00:00
2022,FL,12059,Holmes County,2022-11-23,-15,mail,1459,,383,968,13,95,1,fl-doe,2026-09-08T00:32:43+00:00
2022,FL,12061,Indian River County,2022-10-06,33,mail,327,,102,174,6,45,1,fl-doe,2026-09-08T00:32:43+00:00
2022,FL,12061,Indian River County,2022-10-07,32,mail,1349,,445,639,28,237,1,fl-doe,2026-09-08T00:32:43+00:00
2022,FL,12061,Indian River County,2022-10-10,29,mail,2281,,754,1064,50,413,1,fl-doe,2026-09-08T00:32:43+00:00
2022,FL,12061,Indian River County,2022-10-21,18,mail,13765,,4654,6457,240,2414,1,fl-doe,2026-09-08T00:32:43+00:00
2022,FL,12061,Indian River County,2022-10-23,16,mail,14809,,5011,6962,259,2577,1,fl-doe,2026-09-08T00:32:43+00:00
2022,FL,12061,Indian River County,2022-10-24,15,mail,14809,,5011,6962,259,2577,1,fl-doe,2026-09-08T00:32:43+00:00
2022,FL,12061,Indian River County,2022-10-25,14,inperson,1615,,281,1064,19,251,1,fl-doe,2026-09-08T00:32:43+00:00
2022,FL,12061,Indian River County,2022-10-25,14,mail,16411,,5524,7707,285,2895,1,fl-doe,2026-09-08T00:32:43+00:00
2022,FL,12061,Indian River County,2022-10-27,12,inperson,4868,,885,3109,76,798,1,fl-doe,2026-09-08T00:32:43+00:00
2022,FL,12061,Indian River County,2022-10-27,12,mail,19537,,6660,9059,343,3475,1,fl-doe,2026-09-08T00:32:43+00:00
2022,FL,12061,Indian River County,2022-10-28,11,inperson,6288,,1136,4009,100,1043,1,fl-doe,2026-09-08T00:32:43+00:00
2022,FL,12061,Indian River County,2022-10-28,11,mail,20623,,7005,9595,364,3659,1,fl-doe,2026-09-08T00:32:43+00:00
2022,FL,12061,Indian River County,2022-10-31,8,inperson,9451,,1815,5914,150,1572,1,fl-doe,2026-09-08T00:32:43+00:00
2022,FL,12061,Indian River County,2022-10-31,8,mail,22462,,7635,10431,401,3995,1,fl-doe,2026-09-08T00:32:43+00:00
2022,FL,12061,Indian River County,2022-11-01,7,inperson,11138,,2128,6965,184,1861,1,fl-doe,2026-09-08T00:32:43+00:00
2022,FL,12061,Indian River County,2022-11-01,7,mail,23444,,7959,10870,426,4189,1,fl-doe,2026-09-08T00:32:43+00:00
2022,FL,12061,Indian River County,2022-11-02,6,inperson,12664,,2382,7905,212,2165,1,fl-doe,2026-09-08T00:32:43+00:00
2022,FL,12061,Indian River County,2022-11-02,6,mail,24265,,8228,11248,437,4352,1,fl-doe,2026-09-08T00:32:43+00:00
2022,FL,12061,Indian River County,2022-11-03,5,inperson,14316,,2669,8927,243,2477,1,fl-doe,2026-09-08T00:32:43+00:00
2022,FL,12061,Indian River County,2022-11-03,5,mail,24957,,8458,11562,449,4488,1,fl-doe,2026-09-08T00:32:43+00:00
2022,FL,12061,Indian River County,2022-11-04,4,inperson,16027,,2972,9963,285,2807,1,fl-doe,2026-09-08T00:32:43+00:00
2022,FL,12061,Indian River County,2022-11-04,4,mail,26533,,8989,12235,486,4823,1,fl-doe,2026-09-08T00:32:43+00:00
2022,FL,12061,Indian River County,2022-11-05,3,inperson,18246,,3404,11309,315,3218,1,fl-doe,2026-09-08T00:32:43+00:00
2022,FL,12061,Indian River County,2022-11-05,3,mail,27467,,9308,12656,505,4998,1,fl-doe,2026-09-08T00:32:43+00:00
2022,FL,12061,Indian River County,2022-11-06,2,inperson,20542,,3858,12720,344,3620,1,fl-doe,2026-09-08T00:32:43+00:00
2022,FL,12061,Indian River County,2022-11-06,2,mail,28327,,9630,13023,525,5149,1,fl-doe,2026-09-08T00:32:43+00:00
2022,FL,12061,Indian River County,2022-11-07,1,inperson,20542,,3858,12720,344,3620,1,fl-doe,2026-09-08T00:32:43+00:00
2022,FL,12061,Indian River County,2022-11-07,1,mail,28327,,9630,13023,525,5149,1,fl-doe,2026-09-08T00:32:43+00:00
2022,FL,12061,Indian River County,2022-11-14,-6,inperson,20542,,3858,12720,344,3620,1,fl-doe,2026-09-08T00:32:43+00:00
2022,FL,12061,Indian River County,2022-11-14,-6,mail,31005,,10556,14170,575,5704,1,fl-doe,2026-09-08T00:32:43+00:00
2022,FL,12061,Indian River County,2022-11-16,-8,inperson,20542,,3858,12720,344,3620,1,fl-doe,2026-09-08T00:32:43+00:00
2022,FL,12061,Indian River County,2022-11-16,-8,mail,31012,,10559,14172,575,5706,1,fl-doe,2026-09-08T00:32:43+00:00
2022,FL,12061,Indian River County,2022-11-17,-9,inperson,20542,,3858,12720,344,3620,1,fl-doe,2026-09-08T00:32:43+00:00
2022,FL,12061,Indian River County,2022-11-17,-9,mail,31012,,10559,14172,575,5706,1,fl-doe,2026-09-08T00:32:43+00:00
2022,FL,12061,Indian River County,2022-11-18,-10,inperson,20542,,3858,12720,344,3620,1,fl-doe,2026-09-08T00:32:43+00:00
2022,FL,12061,Indian River County,2022-11-18,-10,mail,31012,,10559,14172,575,5706,1,fl-doe,2026-09-08T00:32:43+00:00
2022,FL,12061,Indian River County,2022-11-19,-11,inperson,20542,,3858,12720,344,3620,1,fl-doe,2026-09-08T00:32:43+00:00
2022,FL,12061,Indian River County,2022-11-19,-11,mail,31012,,10559,14172,575,5706,1,fl-doe,2026-09-08T00:32:43+00:00
2022,FL,12061,Indian River County,2022-11-22,-14,inperson,20542,,3858,12720,344,3620,1,fl-doe,2026-09-08T00:32:43+00:00
2022,FL,12061,Indian River County,2022-11-22,-14,mail,31012,,10559,14172,575,5706,1,fl-doe,2026-09-08T00:32:43+00:00
2022,FL,12061,Indian River County,2022-11-23,-15,inperson,20542,,3858,12720,344,3620,1,fl-doe,2026-09-08T00:32:43+00:00
2022,FL,12061,Indian River County,2022-11-23,-15,mail,31012,,10559,14172,575,5706,1,fl-doe,2026-09-08T00:32:43+00:00
2022,FL,12063,Jackson County,2022-10-06,33,mail,0,,0,0,0,0,1,fl-doe,2026-09-08T00:32:43+00:00
2022,FL,12063,Jackson County,2022-10-07,32,mail,0,,0,0,0,0,1,fl-doe,2026-09-08T00:32:43+00:00
2022,FL,12063,Jackson County,2022-10-10,29,mail,44,,27,16,0,1,1,fl-doe,2026-09-08T00:32:43+00:00
2022,FL,12063,Jackson County,2022-10-21,18,mail,1430,,639,709,6,76,1,fl-doe,2026-09-08T00:32:43+00:00
2022,FL,12063,Jackson County,2022-10-23,16,mail,1657,,760,805,7,85,1,fl-doe,2026-09-08T00:32:43+00:00
2022,FL,12063,Jackson County,2022-10-24,15,mail,1657,,760,805,7,85,1,fl-doe,2026-09-08T00:32:43+00:00
2022,FL,12063,Jackson County,2022-10-25,14,inperson,0,,0,0,0,0,1,fl-doe,2026-09-08T00:32:43+00:00
2022,FL,12063,Jackson County,2022-10-25,14,mail,1846,,854,891,7,94,1,fl-doe,2026-09-08T00:32:43+00:00
2022,FL,12063,Jackson County,2022-10-27,12,inperson,0,,0,0,0,0,1,fl-doe,2026-09-08T00:32:43+00:00
2022,FL,12063,Jackson County,2022-10-27,12,mail,2203,,1033,1049,11,110,1,fl-doe,2026-09-08T00:32:43+00:00
2022,FL,12063,Jackson County,2022-10-28,11,inperson,0,,0,0,0,0,1,fl-doe,2026-09-08T00:32:43+00:00
2022,FL,12063,Jackson County,2022-10-28,11,mail,2349,,1120,1100,11,118,1,fl-doe,2026-09-08T00:32:43+00:00
2022,FL,12063,Jackson County,2022-10-31,8,inperson,1430,,374,1000,5,51,1,fl-doe,2026-09-08T00:32:43+00:00
2022,FL,12063,Jackson County,2022-10-31,8,mail,2489,,1183,1172,14,120,1,fl-doe,2026-09-08T00:32:43+00:00
2022,FL,12063,Jackson County,2022-11-01,7,inperson,2125,,571,1464,6,84,1,fl-doe,2026-09-08T00:32:43+00:00
2022,FL,12063,Jackson County,2022-11-01,7,mail,2677,,1265,1255,16,141,1,fl-doe,2026-09-08T00:32:43+00:00
2022,FL,12063,Jackson County,2022-11-02,6,inperson,2826,,753,1941,9,123,1,fl-doe,2026-09-08T00:32:43+00:00
2022,FL,12063,Jackson County,2022-11-02,6,mail,2777,,1315,1292,18,152,1,fl-doe,2026-09-08T00:32:43+00:00
2022,FL,12063,Jackson County,2022-11-03,5,inperson,3468,,932,2354,11,171,1,fl-doe,2026-09-08T00:32:43+00:00
2022,FL,12063,Jackson County,2022-11-03,5,mail,2982,,1424,1376,19,163,1,fl-doe,2026-09-08T00:32:43+00:00
2022,FL,12063,Jackson County,2022-11-04,4,inperson,4103,,1140,2747,14,202,1,fl-doe,2026-09-08T00:32:43+00:00
2022,FL,12063,Jackson County,2022-11-04,4,mail,3074,,1464,1425,19,166,1,fl-doe,2026-09-08T00:32:43+00:00
2022,FL,12063,Jackson County,2022-11-05,3,inperson,4923,,1362,3301,16,244,1,fl-doe,2026-09-08T00:32:43+00:00
2022,FL,12063,Jackson County,2022-11-05,3,mail,3166,,1517,1459,20,170,1,fl-doe,2026-09-08T00:32:43+00:00
2022,FL,12063,Jackson County,2022-11-06,2,inperson,5431,,1519,3619,18,275,1,fl-doe,2026-09-08T00:32:43+00:00
2022,FL,12063,Jackson County,2022-11-06,2,mail,3166,,1517,1459,20,170,1,fl-doe,2026-09-08T00:32:43+00:00
2022,FL,12063,Jackson County,2022-11-07,1,inperson,5431,,1519,3619,18,275,1,fl-doe,2026-09-08T00:32:43+00:00
2022,FL,12063,Jackson County,2022-11-07,1,mail,3166,,1517,1459,20,170,1,fl-doe,2026-09-08T00:32:43+00:00
2022,FL,12063,Jackson County,2022-11-14,-6,inperson,5431,,1519,3619,18,275,1,fl-doe,2026-09-08T00:32:43+00:00
2022,FL,12063,Jackson County,2022-11-14,-6,mail,3693,,1770,1701,25,197,1,fl-doe,2026-09-08T00:32:43+00:00
2022,FL,12063,Jackson County,2022-11-16,-8,inperson,5431,,1519,3619,18,275,1,fl-doe,2026-09-08T00:32:43+00:00
2022,FL,12063,Jackson County,2022-11-16,-8,mail,3693,,1770,1701,25,197,1,fl-doe,2026-09-08T00:32:43+00:00
2022,FL,12063,Jackson County,2022-11-17,-9,inperson,5431,,1519,3619,18,275,1,fl-doe,2026-09-08T00:32:43+00:00
2022,FL,12063,Jackson County,2022-11-17,-9,mail,3693,,1770,1701,25,197,1,fl-doe,2026-09-08T00:32:43+00:00
2022,FL,12063,Jackson County,2022-11-18,-10,inperson,5431,,1519,3619,18,275,1,fl-doe,2026-09-08T00:32:43+00:00
2022,FL,12063,Jackson County,2022-11-18,-10,mail,3693,,1770,1701,25,197,1,fl-doe,2026-09-08T00:32:43+00:00
2022,FL,12063,Jackson County,2022-11-19,-11,inperson,5431,,1519,3619,18,275,1,fl-doe,2026-09-08T00:32:43+00:00
2022,FL,12063,Jackson County,2022-11-19,-11,mail,3695,,1770,1701,25,199,1,fl-doe,2026-09-08T00:32:43+00:00
2022,FL,12063,Jackson County,2022-11-22,-14,inperson,5431,,1519,3619,18,275,1,fl-doe,2026-09-08T00:32:43+00:00
2022,FL,12063,Jackson County,2022-11-22,-14,mail,3695,,1770,1701,25,199,1,fl-doe,2026-09-08T00:32:43+00:00
2022,FL,12063,Jackson County,2022-11-23,-15,inperson,5431,,1519,3619,18,275,1,fl-doe,2026-09-08T00:32:43+00:00
2022,FL,12063,Jackson County,2022-11-23,-15,mail,3695,,1770,1701,25,199,1,fl-doe,2026-09-08T00:32:43+00:00
2022,FL,12065,Jefferson County,2022-10-06,33,mail,1,,0,0,0,1,1,fl-doe,2026-09-08T00:32:43+00:00
2022,FL,12065,Jefferson County,2022-10-07,32,mail,25,,14,9,1,1,1,fl-doe,2026-09-08T00:32:43+00:00
2022,FL,12065,Jefferson County,2022-10-10,29,mail,84,,48,28,1,7,1,fl-doe,2026-09-08T00:32:43+00:00
2022,FL,12065,Jefferson County,2022-10-21,18,mail,578,,356,170,3,49,1,fl-doe,2026-09-08T00:32:43+00:00
2022,FL,12065,Jefferson County,2022-10-23,16,mail,578,,356,170,3,49,1,fl-doe,2026-09-08T00:32:43+00:00
2022,FL,12065,Jefferson County,2022-10-24,15,mail,578,,356,170,3,49,1,fl-doe,2026-09-08T00:32:43+00:00
2022,FL,12065,Jefferson County,2022-10-25,14,inperson,205,,72,114,1,18,1,fl-doe,2026-09-08T00:32:43+00:00
2022,FL,12065,Jefferson County,2022-10-25,14,mail,788,,484,236,3,65,1,fl-doe,2026-09-08T00:32:43+00:00
2022,FL,12065,Jefferson County,2022-10-27,12,inperson,558,,193,313,1,51,1,fl-doe,2026-09-08T00:32:43+00:00
2022,FL,12065,Jefferson County,2022-10-27,12,mail,873,,544,257,3,69,1,fl-doe,2026-09-08T00:32:43+00:00
2022,FL,12065,Jefferson County,2022-10-28,11,inperson,694,,240,388,1,65,1,fl-doe,2026-09-08T00:32:43+00:00
2022,FL,12065,Jefferson County,2022-10-28,11,mail,992,,615,293,4,80,1,fl-doe,2026-09-08T00:32:43+00:00
2022,FL,12065,Jefferson County,2022-10-31,8,inperson,1086,,363,617,1,105,1,fl-doe,2026-09-08T00:32:43+00:00
2022,FL,12065,Jefferson County,2022-10-31,8,mail,1061,,654,317,6,84,1,fl-doe,2026-09-08T00:32:43+00:00
2022,FL,12065,Jefferson County,2022-11-01,7,inperson,1221,,397,704,1,119,1,fl-doe,2026-09-08T00:32:43+00:00
2022,FL,12065,Jefferson County,2022-11-01,7,mail,1086,,670,321,6,89,1,fl-doe,2026-09-08T00:32:43+00:00
2022,FL,12065,Jefferson County,2022-11-02,6,inperson,1378,,446,801,3,128,1,fl-doe,2026-09-08T00:32:43+00:00
2022,FL,12065,Jefferson County,2022-11-02,6,mail,1160,,713,345,6,96,1,fl-doe,2026-09-08T00:32:43+00:00
2022,FL,12065,Jefferson County,2022-11-03,5,inperson,1543,,509,890,4,140,1,fl-doe,2026-09-08T00:32:43+00:00
2022,FL,12065,Jefferson County,2022-11-03,5,mail,1220,,754,363,6,97,1,fl-doe,2026-09-08T00:32:43+00:00
2022,FL,12065,Jefferson County,2022-11-04,4,inperson,1704,,563,985,5,151,1,fl-doe,2026-09-08T00:32:43+00:00
2022,FL,12065,Jefferson County,2022-11-04,4,mail,1299,,801,386,8,104,1,fl-doe,2026-09-08T00:32:43+00:00
2022,FL,12065,Jefferson County,2022-11-05,3,inperson,1959,,630,1151,6,172,1,fl-doe,2026-09-08T00:32:43+00:00
2022,FL,12065,Jefferson County,2022-11-05,3,mail,1347,,827,406,8,106,1,fl-doe,2026-09-08T00:32:43+00:00
2022,FL,12065,Jefferson County,2022-11-06,2,inperson,2179,,715,1252,8,204,1,fl-doe,2026-09-08T00:32:43+00:00
2022,FL,12065,Jefferson County,2022-11-06,2,mail,1378,,849,412,8,109,1,fl-doe,2026-09-08T00:32:43+00:00
2022,FL,12065,Jefferson County,2022-11-07,1,inperson,2179,,715,1252,8,204,1,fl-doe,2026-09-08T00:32:43+00:00
2022,FL,12065,Jefferson County,2022-11-07,1,mail,1378,,849,412,8,109,1,fl-doe,2026-09-08T00:32:43+00:00
2022,FL,12065,Jefferson County,2022-11-14,-6,inperson,2179,,715,1252,8,204,1,fl-doe,2026-09-08T00:32:43+00:00
2022,FL,12065,Jefferson County,2022-11-14,-6,mail,1564,,972,462,9,121,1,fl-doe,2026-09-08T00:32:43+00:00
2022,FL,12065,Jefferson County,2022-11-16,-8,inperson,2179,,715,1252,8,204,1,fl-doe,2026-09-08T00:32:43+00:00
2022,FL,12065,Jefferson County,2022-11-16,-8,mail,1564,,972,462,9,121,1,fl-doe,2026-09-08T00:32:43+00:00
2022,FL,12065,Jefferson County,2022-11-17,-9,inperson,2179,,715,1252,8,204,1,fl-doe,2026-09-08T00:32:43+00:00
2022,FL,12065,Jefferson County,2022-11-17,-9,mail,1564,,972,462,9,121,1,fl-doe,2026-09-08T00:32:43+00:00
2022,FL,12065,Jefferson County,2022-11-18,-10,inperson,2179,,715,1252,8,204,1,fl-doe,2026-09-08T00:32:43+00:00
2022,FL,12065,Jefferson County,2022-11-18,-10,mail,1564,,972,462,9,121,1,fl-doe,2026-09-08T00:32:43+00:00
2022,FL,12065,Jefferson County,2022-11-19,-11,inperson,2179,,715,1252,8,204,1,fl-doe,2026-09-08T00:32:43+00:00
2022,FL,12065,Jefferson County,2022-11-19,-11,mail,1564,,972,462,9,121,1,fl-doe,2026-09-08T00:32:43+00:00
2022,FL,12065,Jefferson County,2022-11-22,-14,inperson,2179,,715,1252,8,204,1,fl-doe,2026-09-08T00:32:43+00:00
2022,FL,12065,Jefferson County,2022-11-22,-14,mail,1564,,972,462,9,121,1,fl-doe,2026-09-08T00:32:43+00:00
2022,FL,12065,Jefferson County,2022-11-23,-15,inperson,2179,,715,1252,8,204,1,fl-doe,2026-09-08T00:32:43+00:00
2022,FL,12065,Jefferson County,2022-11-23,-15,mail,1564,,972,462,9,121,1,fl-doe,2026-09-08T00:32:43+00:00
2022,FL,12067,Lafayette County,2022-10-06,33,mail,2,,0,2,0,0,1,fl-doe,2026-09-08T00:32:43+00:00
2022,FL,12067,Lafayette County,2022-10-07,32,mail,2,,0,2,0,0,1,fl-doe,2026-09-08T00:32:43+00:00
2022,FL,12067,Lafayette County,2022-10-10,29,mail,3,,0,3,0,0,1,fl-doe,2026-09-08T00:32:43+00:00
2022,FL,12067,Lafayette County,2022-10-21,18,mail,189,,47,133,1,8,1,fl-doe,2026-09-08T00:32:43+00:00
2022,FL,12067,Lafayette County,2022-10-23,16,mail,206,,49,145,1,11,1,fl-doe,2026-09-08T00:32:43+00:00
2022,FL,12067,Lafayette County,2022-10-24,15,mail,206,,49,145,1,11,1,fl-doe,2026-09-08T00:32:43+00:00
2022,FL,12067,Lafayette County,2022-10-25,14,inperson,0,,0,0,0,0,1,fl-doe,2026-09-08T00:32:43+00:00
2022,FL,12067,Lafayette County,2022-10-25,14,mail,238,,56,169,1,12,1,fl-doe,2026-09-08T00:32:43+00:00
2022,FL,12067,Lafayette County,2022-10-27,12,inperson,0,,0,0,0,0,1,fl-doe,2026-09-08T00:32:43+00:00
2022,FL,12067,Lafayette County,2022-10-27,12,mail,267,,58,191,2,16,1,fl-doe,2026-09-08T00:32:43+00:00
2022,FL,12067,Lafayette County,2022-10-28,11,inperson,0,,0,0,0,0,1,fl-doe,2026-09-08T00:32:43+00:00
2022,FL,12067,Lafayette County,2022-10-28,11,mail,277,,61,198,2,16,1,fl-doe,2026-09-08T00:32:43+00:00
2022,FL,12067,Lafayette County,2022-10-31,8,inperson,173,,14,157,0,2,1,fl-doe,2026-09-08T00:32:43+00:00
2022,FL,12067,Lafayette County,2022-10-31,8,mail,304,,66,219,2,17,1,fl-doe,2026-09-08T00:32:43+00:00
2022,FL,12067,Lafayette County,2022-11-01,7,inperson,306,,25,276,1,4,1,fl-doe,2026-09-08T00:32:43+00:00
2022,FL,12067,Lafayette County,2022-11-01,7,mail,325,,68,238,2,17,1,fl-doe,2026-09-08T00:32:43+00:00
2022,FL,12067,Lafayette County,2022-11-02,6,inperson,444,,42,389,5,8,1,fl-doe,2026-09-08T00:32:43+00:00
2022,FL,12067,Lafayette County,2022-11-02,6,mail,336,,71,245,2,18,1,fl-doe,2026-09-08T00:32:43+00:00
2022,FL,12067,Lafayette County,2022-11-03,5,inperson,544,,53,475,5,11,1,fl-doe,2026-09-08T00:32:43+00:00
2022,FL,12067,Lafayette County,2022-11-03,5,mail,359,,75,264,2,18,1,fl-doe,2026-09-08T00:32:43+00:00
2022,FL,12067,Lafayette County,2022-11-04,4,inperson,643,,69,554,5,15,1,fl-doe,2026-09-08T00:32:43+00:00
2022,FL,12067,Lafayette County,2022-11-04,4,mail,371,,77,273,2,19,1,fl-doe,2026-09-08T00:32:43+00:00
2022,FL,12067,Lafayette County,2022-11-05,3,inperson,783,,83,671,8,21,1,fl-doe,2026-09-08T00:32:43+00:00
2022,FL,12067,Lafayette County,2022-11-05,3,mail,385,,81,279,4,21,1,fl-doe,2026-09-08T00:32:43+00:00
2022,FL,12067,Lafayette County,2022-11-06,2,inperson,866,,97,735,8,26,1,fl-doe,2026-09-08T00:32:43+00:00
2022,FL,12067,Lafayette County,2022-11-06,2,mail,385,,81,279,4,21,1,fl-doe,2026-09-08T00:32:43+00:00
2022,FL,12067,Lafayette County,2022-11-07,1,inperson,866,,97,735,8,26,1,fl-doe,2026-09-08T00:32:43+00:00
2022,FL,12067,Lafayette County,2022-11-07,1,mail,385,,81,279,4,21,1,fl-doe,2026-09-08T00:32:43+00:00
2022,FL,12067,Lafayette County,2022-11-14,-6,inperson,866,,97,735,8,26,1,fl-doe,2026-09-08T00:32:43+00:00
2022,FL,12067,Lafayette County,2022-11-14,-6,mail,441,,93,320,4,24,1,fl-doe,2026-09-08T00:32:43+00:00
2022,FL,12067,Lafayette County,2022-11-16,-8,inperson,866,,97,735,8,26,1,fl-doe,2026-09-08T00:32:43+00:00
2022,FL,12067,Lafayette County,2022-11-16,-8,mail,442,,93,321,4,24,1,fl-doe,2026-09-08T00:32:43+00:00
2022,FL,12067,Lafayette County,2022-11-17,-9,inperson,866,,97,735,8,26,1,fl-doe,2026-09-08T00:32:43+00:00
2022,FL,12067,Lafayette County,2022-11-17,-9,mail,442,,93,321,4,24,1,fl-doe,2026-09-08T00:32:43+00:00
2022,FL,12067,Lafayette County,2022-11-18,-10,inperson,866,,97,735,8,26,1,fl-doe,2026-09-08T00:32:43+00:00
2022,FL,12067,Lafayette County,2022-11-18,-10,mail,442,,93,321,4,24,1,fl-doe,2026-09-08T00:32:43+00:00
2022,FL,12067,Lafayette County,2022-11-19,-11,inperson,866,,97,735,8,26,1,fl-doe,2026-09-08T00:32:43+00:00
2022,FL,12067,Lafayette County,2022-11-19,-11,mail,442,,93,321,4,24,1,fl-doe,2026-09-08T00:32:43+00:00
2022,FL,12067,Lafayette County,2022-11-22,-14,inperson,866,,97,735,8,26,1,fl-doe,2026-09-08T00:32:43+00:00
2022,FL,12067,Lafayette County,2022-11-22,-14,mail,442,,93,321,4,24,1,fl-doe,2026-09-08T00:32:43+00:00
2022,FL,12067,Lafayette County,2022-11-23,-15,inperson,866,,97,735,8,26,1,fl-doe,2026-09-08T00:32:43+00:00
2022,FL,12067,Lafayette County,2022-11-23,-15,mail,442,,93,321,4,24,1,fl-doe,2026-09-08T00:32:43+00:00
2022,FL,12069,Lake County,2022-10-06,33,mail,285,,104,128,6,47,1,fl-doe,2026-09-08T00:32:43+00:00
2022,FL,12069,Lake County,2022-10-07,32,mail,572,,210,247,13,102,1,fl-doe,2026-09-08T00:32:43+00:00
2022,FL,12069,Lake County,2022-10-10,29,mail,1036,,381,448,20,187,1,fl-doe,2026-09-08T00:32:43+00:00
2022,FL,12069,Lake County,2022-10-21,18,mail,13752,,5278,5812,165,2497,1,fl-doe,2026-09-08T00:32:43+00:00
2022,FL,12069,Lake County,2022-10-23,16,mail,14692,,5648,6197,171,2676,1,fl-doe,2026-09-08T00:32:43+00:00
2022,FL,12069,Lake County,2022-10-24,15,mail,14692,,5648,6197,171,2676,1,fl-doe,2026-09-08T00:32:43+00:00
2022,FL,12069,Lake County,2022-10-25,14,inperson,3181,,866,1837,35,443,1,fl-doe,2026-09-08T00:32:43+00:00
2022,FL,12069,Lake County,2022-10-25,14,mail,15807,,6107,6652,180,2868,1,fl-doe,2026-09-08T00:32:43+00:00
2022,FL,12069,Lake County,2022-10-27,12,inperson,10503,,2712,6051,124,1616,1,fl-doe,2026-09-08T00:32:43+00:00
2022,FL,12069,Lake County,2022-10-27,12,mail,19344,,7496,8113,211,3524,1,fl-doe,2026-09-08T00:32:43+00:00
2022,FL,12069,Lake County,2022-10-28,11,inperson,13957,,3641,7980,158,2178,1,fl-doe,2026-09-08T00:32:43+00:00
2022,FL,12069,Lake County,2022-10-28,11,mail,21297,,8243,8923,231,3900,1,fl-doe,2026-09-08T00:32:43+00:00
2022,FL,12069,Lake County,2022-10-31,8,inperson,21411,,5608,12129,257,3417,1,fl-doe,2026-09-08T00:32:43+00:00
2022,FL,12069,Lake County,2022-10-31,8,mail,26260,,10299,10842,296,4823,1,fl-doe,2026-09-08T00:32:43+00:00
2022,FL,12069,Lake County,2022-11-01,7,inperson,25516,,6563,14498,308,4147,1,fl-doe,2026-09-08T00:32:43+00:00
2022,FL,12069,Lake County,2022-11-01,7,mail,27389,,10752,11266,313,5058,1,fl-doe,2026-09-08T00:32:43+00:00
2022,FL,12069,Lake County,2022-11-02,6,inperson,29536,,7530,16790,361,4855,1,fl-doe,2026-09-08T00:32:43+00:00
2022,FL,12069,Lake County,2022-11-02,6,mail,28495,,11217,11666,328,5284,1,fl-doe,2026-09-08T00:32:43+00:00
2022,FL,12069,Lake County,2022-11-03,5,inperson,33998,,8606,19320,409,5663,1,fl-doe,2026-09-08T00:32:43+00:00
2022,FL,12069,Lake County,2022-11-03,5,mail,29354,,11553,12020,340,5441,1,fl-doe,2026-09-08T00:32:43+00:00
2022,FL,12069,Lake County,2022-11-04,4,inperson,38891,,9779,22065,469,6578,1,fl-doe,2026-09-08T00:32:43+00:00
2022,FL,12069,Lake County,2022-11-04,4,mail,30409,,11955,12432,348,5674,1,fl-doe,2026-09-08T00:32:43+00:00
2022,FL,12069,Lake County,2022-11-05,3,inperson,45616,,11424,25750,559,7883,1,fl-doe,2026-09-08T00:32:43+00:00
2022,FL,12069,Lake County,2022-11-05,3,mail,31810,,12444,12997,373,5996,1,fl-doe,2026-09-08T00:32:43+00:00
2022,FL,12069,Lake County,2022-11-06,2,inperson,51023,,12956,28449,629,8989,1,fl-doe,2026-09-08T00:32:43+00:00
2022,FL,12069,Lake County,2022-11-06,2,mail,33654,,13107,13744,398,6405,1,fl-doe,2026-09-08T00:32:43+00:00
2022,FL,12069,Lake County,2022-11-07,1,inperson,51023,,12956,28449,629,8989,1,fl-doe,2026-09-08T00:32:43+00:00
2022,FL,12069,Lake County,2022-11-07,1,mail,33654,,13107,13744,398,6405,1,fl-doe,2026-09-08T00:32:43+00:00
2022,FL,12069,Lake County,2022-11-14,-6,inperson,51023,,12956,28449,629,8989,1,fl-doe,2026-09-08T00:32:43+00:00
2022,FL,12069,Lake County,2022-11-14,-6,mail,36429,,14168,14791,454,7016,1,fl-doe,2026-09-08T00:32:43+00:00
2022,FL,12069,Lake County,2022-11-16,-8,inperson,51023,,12956,28449,629,8989,1,fl-doe,2026-09-08T00:32:43+00:00
2022,FL,12069,Lake County,2022-11-16,-8,mail,36440,,14172,14795,454,7019,1,fl-doe,2026-09-08T00:32:43+00:00
2022,FL,12069,Lake County,2022-11-17,-9,inperson,51023,,12956,28449,629,8989,1,fl-doe,2026-09-08T00:32:43+00:00
2022,FL,12069,Lake County,2022-11-17,-9,mail,36440,,14172,14795,454,7019,1,fl-doe,2026-09-08T00:32:43+00:00
2022,FL,12069,Lake County,2022-11-18,-10,inperson,51023,,12956,28449,629,8989,1,fl-doe,2026-09-08T00:32:43+00:00
2022,FL,12069,Lake County,2022-11-18,-10,mail,36444,,14175,14795,454,7020,1,fl-doe,2026-09-08T00:32:43+00:00
2022,FL,12069,Lake County,2022-11-19,-11,inperson,51023,,12956,28449,629,8989,1,fl-doe,2026-09-08T00:32:43+00:00
2022,FL,12069,Lake County,2022-11-19,-11,mail,36448,,14179,14795,454,7020,1,fl-doe,2026-09-08T00:32:43+00:00
2022,FL,12069,Lake County,2022-11-22,-14,inperson,51023,,12956,28449,629,8989,1,fl-doe,2026-09-08T00:32:43+00:00
2022,FL,12069,Lake County,2022-11-22,-14,mail,36448,,14179,14795,454,7020,1,fl-doe,2026-09-08T00:32:43+00:00
2022,FL,12069,Lake County,2022-11-23,-15,inperson,51023,,12956,28449,629,8989,1,fl-doe,2026-09-08T00:32:43+00:00
2022,FL,12069,Lake County,2022-11-23,-15,mail,36448,,14179,14795,454,7020,1,fl-doe,2026-09-08T00:32:43+00:00
2022,FL,12071,Lee County,2022-10-06,33,mail,33,,17,10,0,6,1,fl-doe,2026-09-08T00:32:43+00:00
2022,FL,12071,Lee County,2022-10-07,32,mail,37,,18,13,0,6,1,fl-doe,2026-09-08T00:32:43+00:00
2022,FL,12071,Lee County,2022-10-10,29,mail,45,,19,20,0,6,1,fl-doe,2026-09-08T00:32:43+00:00
2022,FL,12071,Lee County,2022-10-21,18,mail,44968,,13044,22604,555,8765,1,fl-doe,2026-09-08T00:32:43+00:00
2022,FL,12071,Lee County,2022-10-23,16,mail,55832,,16343,28042,702,10745,1,fl-doe,2026-09-08T00:32:43+00:00
2022,FL,12071,Lee County,2022-10-24,15,mail,55832,,16343,28042,702,10745,1,fl-doe,2026-09-08T00:32:43+00:00
2022,FL,12071,Lee County,2022-10-25,14,inperson,4236,,765,2687,52,732,1,fl-doe,2026-09-08T00:32:43+00:00
2022,FL,12071,Lee County,2022-10-25,14,mail,60624,,17688,30496,758,11682,1,fl-doe,2026-09-08T00:32:43+00:00
2022,FL,12071,Lee County,2022-10-27,12,inperson,14014,,2391,9007,176,2440,1,fl-doe,2026-09-08T00:32:43+00:00
2022,FL,12071,Lee County,2022-10-27,12,mail,77509,,23008,38532,982,14987,1,fl-doe,2026-09-08T00:32:43+00:00
2022,FL,12071,Lee County,2022-10-28,11,inperson,18779,,3193,11963,233,3390,1,fl-doe,2026-09-08T00:32:43+00:00
2022,FL,12071,Lee County,2022-10-28,11,mail,83006,,24663,41245,1039,16059,1,fl-doe,2026-09-08T00:32:43+00:00
2022,FL,12071,Lee County,2022-10-31,8,inperson,30207,,5148,19199,377,5483,1,fl-doe,2026-09-08T00:32:43+00:00
2022,FL,12071,Lee County,2022-10-31,8,mail,95697,,28387,47462,1194,18654,1,fl-doe,2026-09-08T00:32:43+00:00
2022,FL,12071,Lee County,2022-11-01,7,inperson,37900,,6286,24074,506,7034,1,fl-doe,2026-09-08T00:32:43+00:00
2022,FL,12071,Lee County,2022-11-01,7,mail,100554,,29794,49818,1250,19692,1,fl-doe,2026-09-08T00:32:43+00:00
2022,FL,12071,Lee County,2022-11-02,6,inperson,45208,,7397,28615,620,8576,1,fl-doe,2026-09-08T00:32:43+00:00
2022,FL,12071,Lee County,2022-11-02,6,mail,108372,,32110,53465,1343,21454,1,fl-doe,2026-09-08T00:32:43+00:00
2022,FL,12071,Lee County,2022-11-03,5,inperson,52503,,8571,33122,734,10076,1,fl-doe,2026-09-08T00:32:43+00:00
2022,FL,12071,Lee County,2022-11-03,5,mail,113710,,33679,55971,1410,22650,1,fl-doe,2026-09-08T00:32:43+00:00
2022,FL,12071,Lee County,2022-11-04,4,inperson,60448,,9819,38041,837,11751,1,fl-doe,2026-09-08T00:32:43+00:00
2022,FL,12071,Lee County,2022-11-04,4,mail,119118,,35255,58508,1479,23876,1,fl-doe,2026-09-08T00:32:43+00:00
2022,FL,12071,Lee County,2022-11-05,3,inperson,70453,,11508,44009,985,13951,1,fl-doe,2026-09-08T00:32:43+00:00
2022,FL,12071,Lee County,2022-11-05,3,mail,124437,,36784,61011,1546,25096,1,fl-doe,2026-09-08T00:32:43+00:00
2022,FL,12071,Lee County,2022-11-06,2,inperson,77776,,12920,48284,1089,15483,1,fl-doe,2026-09-08T00:32:43+00:00
2022,FL,12071,Lee County,2022-11-06,2,mail,129142,,38067,63234,1631,26210,1,fl-doe,2026-09-08T00:32:43+00:00
2022,FL,12071,Lee County,2022-11-07,1,inperson,84687,,14139,52346,1203,16999,1,fl-doe,2026-09-08T00:32:43+00:00
2022,FL,12071,Lee County,2022-11-07,1,mail,129142,,38067,63234,1631,26210,1,fl-doe,2026-09-08T00:32:43+00:00
2022,FL,12071,Lee County,2022-11-14,-6,inperson,102378,,17166,62504,1509,21199,1,fl-doe,2026-09-08T00:32:43+00:00
2022,FL,12071,Lee County,2022-11-14,-6,mail,142387,,42197,68875,1834,29481,1,fl-doe,2026-09-08T00:32:43+00:00
2022,FL,12071,Lee County,2022-11-16,-8,inperson,102378,,17166,62504,1509,21199,1,fl-doe,2026-09-08T00:32:43+00:00
2022,FL,12071,Lee County,2022-11-16,-8,mail,142394,,42201,68877,1834,29482,1,fl-doe,2026-09-08T00:32:43+00:00
2022,FL,12071,Lee County,2022-11-17,-9,inperson,102378,,17166,62504,1509,21199,1,fl-doe,2026-09-08T00:32:43+00:00
2022,FL,12071,Lee County,2022-11-17,-9,mail,142403,,42205,68877,1834,29487,1,fl-doe,2026-09-08T00:32:43+00:00
2022,FL,12071,Lee County,2022-11-18,-10,inperson,102378,,17166,62504,1509,21199,1,fl-doe,2026-09-08T00:32:43+00:00
2022,FL,12071,Lee County,2022-11-18,-10,mail,142404,,42205,68877,1835,29487,1,fl-doe,2026-09-08T00:32:43+00:00
2022,FL,12071,Lee County,2022-11-19,-11,inperson,102378,,17166,62504,1509,21199,1,fl-doe,2026-09-08T00:32:43+00:00
2022,FL,12071,Lee County,2022-11-19,-11,mail,142405,,42206,68877,1835,29487,1,fl-doe,2026-09-08T00:32:43+00:00
2022,FL,12071,Lee County,2022-11-22,-14,inperson,102378,,17166,62504,1509,21199,1,fl-doe,2026-09-08T00:32:43+00:00
2022,FL,12071,Lee County,2022-11-22,-14,mail,142405,,42206,68877,1835,29487,1,fl-doe,2026-09-08T00:32:43+00:00
2022,FL,12071,Lee County,2022-11-23,-15,inperson,102378,,17166,62504,1509,21199,1,fl-doe,2026-09-08T00:32:43+00:00
2022,FL,12071,Lee County,2022-11-23,-15,mail,142405,,42206,68877,1835,29487,1,fl-doe,2026-09-08T00:32:43+00:00
2022,FL,12073,Leon County,2022-10-06,33,mail,711,,397,209,7,98,1,fl-doe,2026-09-08T00:32:43+00:00
2022,FL,12073,Leon County,2022-10-07,32,mail,1100,,623,308,14,155,1,fl-doe,2026-09-08T00:32:43+00:00
2022,FL,12073,Leon County,2022-10-10,29,mail,2203,,1225,656,26,296,1,fl-doe,2026-09-08T00:32:43+00:00
2022,FL,12073,Leon County,2022-10-21,18,mail,13782,,8191,3806,144,1641,1,fl-doe,2026-09-08T00:32:43+00:00
2022,FL,12073,Leon County,2022-10-23,16,mail,14846,,8830,4091,159,1766,1,fl-doe,2026-09-08T00:32:43+00:00
2022,FL,12073,Leon County,2022-10-24,15,mail,14846,,8830,4091,159,1766,1,fl-doe,2026-09-08T00:32:43+00:00
2022,FL,12073,Leon County,2022-10-25,14,inperson,1960,,931,838,9,182,1,fl-doe,2026-09-08T00:32:43+00:00
2022,FL,12073,Leon County,2022-10-25,14,mail,16360,,9760,4477,178,1945,1,fl-doe,2026-09-08T00:32:43+00:00
2022,FL,12073,Leon County,2022-10-27,12,inperson,6146,,2853,2622,47,624,1,fl-doe,2026-09-08T00:32:43+00:00
2022,FL,12073,Leon County,2022-10-27,12,mail,20302,,12219,5484,206,2393,1,fl-doe,2026-09-08T00:32:43+00:00
2022,FL,12073,Leon County,2022-10-28,11,inperson,7868,,3667,3340,68,793,1,fl-doe,2026-09-08T00:32:43+00:00
2022,FL,12073,Leon County,2022-10-28,11,mail,21809,,13127,5907,221,2554,1,fl-doe,2026-09-08T00:32:43+00:00
2022,FL,12073,Leon County,2022-10-31,8,inperson,12487,,5811,5185,121,1370,1,fl-doe,2026-09-08T00:32:43+00:00
2022,FL,12073,Leon County,2022-10-31,8,mail,24751,,14920,6649,252,2930,1,fl-doe,2026-09-08T00:32:43+00:00
2022,FL,12073,Leon County,2022-11-01,7,inperson,14171,,6610,5855,136,1570,1,fl-doe,2026-09-08T00:32:43+00:00
2022,FL,12073,Leon County,2022-11-01,7,mail,25148,,15161,6737,258,2992,1,fl-doe,2026-09-08T00:32:43+00:00
2022,FL,12073,Leon County,2022-11-02,6,inperson,16162,,7534,6681,151,1796,1,fl-doe,2026-09-08T00:32:43+00:00
2022,FL,12073,Leon County,2022-11-02,6,mail,27291,,16485,7245,281,3280,1,fl-doe,2026-09-08T00:32:43+00:00
2022,FL,12073,Leon County,2022-11-03,5,inperson,18392,,8540,7578,184,2090,1,fl-doe,2026-09-08T00:32:43+00:00
2022,FL,12073,Leon County,2022-11-03,5,mail,28768,,17380,7598,298,3492,1,fl-doe,2026-09-08T00:32:43+00:00
2022,FL,12073,Leon County,2022-11-04,4,inperson,20984,,9796,8519,226,2443,1,fl-doe,2026-09-08T00:32:43+00:00
2022,FL,12073,Leon County,2022-11-04,4,mail,30424,,18411,7992,313,3708,1,fl-doe,2026-09-08T00:32:43+00:00
2022,FL,12073,Leon County,2022-11-05,3,inperson,24481,,11452,9827,280,2922,1,fl-doe,2026-09-08T00:32:43+00:00
2022,FL,12073,Leon County,2022-11-05,3,mail,32835,,19982,8509,334,4010,1,fl-doe,2026-09-08T00:32:43+00:00
2022,FL,12073,Leon County,2022-11-06,2,inperson,27767,,13161,10875,308,3423,1,fl-doe,2026-09-08T00:32:43+00:00
2022,FL,12073,Leon County,2022-11-06,2,mail,33479,,20383,8637,346,4113,1,fl-doe,2026-09-08T00:32:43+00:00
2022,FL,12073,Leon County,2022-11-07,1,inperson,32364,,15800,12099,372,4093,1,fl-doe,2026-09-08T00:32:43+00:00
2022,FL,12073,Leon County,2022-11-07,1,mail,35256,,21572,8926,364,4394,1,fl-doe,2026-09-08T00:32:43+00:00
2022,FL,12073,Leon County,2022-11-14,-6,inperson,32364,,15800,12099,372,4093,1,fl-doe,2026-09-08T00:32:43+00:00
2022,FL,12073,Leon County,2022-11-14,-6,mail,39952,,24607,9727,423,5195,1,fl-doe,2026-09-08T00:32:43+00:00
2022,FL,12073,Leon County,2022-11-16,-8,inperson,32364,,15800,12099,372,4093,1,fl-doe,2026-09-08T00:32:43+00:00
2022,FL,12073,Leon County,2022-11-16,-8,mail,39961,,24612,9730,423,5196,1,fl-doe,2026-09-08T00:32:43+00:00
2022,FL,12073,Leon County,2022-11-17,-9,inperson,32364,,15800,12099,372,4093,1,fl-doe,2026-09-08T00:32:43+00:00
2022,FL,12073,Leon County,2022-11-17,-9,mail,39963,,24613,9730,423,5197,1,fl-doe,2026-09-08T00:32:43+00:00
2022,FL,12073,Leon County,2022-11-18,-10,inperson,32364,,15800,12099,372,4093,1,fl-doe,2026-09-08T00:32:43+00:00
2022,FL,12073,Leon County,2022-11-18,-10,mail,39965,,24615,9730,423,5197,1,fl-doe,2026-09-08T00:32:43+00:00
2022,FL,12073,Leon County,2022-11-19,-11,inperson,32364,,15800,12099,372,4093,1,fl-doe,2026-09-08T00:32:43+00:00
2022,FL,12073,Leon County,2022-11-19,-11,mail,39971,,24620,9730,423,5198,1,fl-doe,2026-09-08T00:32:43+00:00
2022,FL,12073,Leon County,2022-11-22,-14,inperson,32364,,15800,12099,372,4093,1,fl-doe,2026-09-08T00:32:43+00:00
2022,FL,12073,Leon County,2022-11-22,-14,mail,39974,,24623,9730,423,5198,1,fl-doe,2026-09-08T00:32:43+00:00
2022,FL,12073,Leon County,2022-11-23,-15,inperson,32364,,15800,12099,372,4093,1,fl-doe,2026-09-08T00:32:43+00:00
2022,FL,12073,Leon County,2022-11-23,-15,mail,39974,,24623,9730,423,5198,1,fl-doe,2026-09-08T00:32:43+00:00
2022,FL,12075,Levy County,2022-10-06,33,mail,15,,2,10,0,3,1,fl-doe,2026-09-08T00:32:43+00:00
2022,FL,12075,Levy County,2022-10-07,32,mail,305,,108,161,5,31,1,fl-doe,2026-09-08T00:32:43+00:00
2022,FL,12075,Levy County,2022-10-10,29,mail,337,,119,176,6,36,1,fl-doe,2026-09-08T00:32:43+00:00
2022,FL,12075,Levy County,2022-10-21,18,mail,2496,,841,1335,42,278,1,fl-doe,2026-09-08T00:32:43+00:00
2022,FL,12075,Levy County,2022-10-23,16,mail,2496,,841,1335,42,278,1,fl-doe,2026-09-08T00:32:43+00:00
2022,FL,12075,Levy County,2022-10-24,15,mail,2496,,841,1335,42,278,1,fl-doe,2026-09-08T00:32:43+00:00
2022,FL,12075,Levy County,2022-10-25,14,inperson,263,,52,179,2,30,1,fl-doe,2026-09-08T00:32:43+00:00
2022,FL,12075,Levy County,2022-10-25,14,mail,2820,,936,1514,50,320,1,fl-doe,2026-09-08T00:32:43+00:00
2022,FL,12075,Levy County,2022-10-27,12,inperson,776,,158,518,9,91,1,fl-doe,2026-09-08T00:32:43+00:00
2022,FL,12075,Levy County,2022-10-27,12,mail,3117,,1015,1695,54,353,1,fl-doe,2026-09-08T00:32:43+00:00
2022,FL,12075,Levy County,2022-10-28,11,inperson,991,,206,650,12,123,1,fl-doe,2026-09-08T00:32:43+00:00
2022,FL,12075,Levy County,2022-10-28,11,mail,3423,,1106,1865,60,392,1,fl-doe,2026-09-08T00:32:43+00:00
2022,FL,12075,Levy County,2022-10-31,8,inperson,1593,,307,1076,12,198,1,fl-doe,2026-09-08T00:32:43+00:00
2022,FL,12075,Levy County,2022-10-31,8,mail,3574,,1158,1941,61,414,1,fl-doe,2026-09-08T00:32:43+00:00
2022,FL,12075,Levy County,2022-11-01,7,inperson,1904,,358,1291,18,237,1,fl-doe,2026-09-08T00:32:43+00:00
2022,FL,12075,Levy County,2022-11-01,7,mail,3823,,1249,2068,68,438,1,fl-doe,2026-09-08T00:32:43+00:00
2022,FL,12075,Levy County,2022-11-02,6,inperson,2178,,416,1479,28,255,1,fl-doe,2026-09-08T00:32:43+00:00
2022,FL,12075,Levy County,2022-11-02,6,mail,4085,,1343,2208,72,462,1,fl-doe,2026-09-08T00:32:43+00:00
2022,FL,12075,Levy County,2022-11-03,5,inperson,2419,,459,1654,34,272,1,fl-doe,2026-09-08T00:32:43+00:00
2022,FL,12075,Levy County,2022-11-03,5,mail,4085,,1343,2208,72,462,1,fl-doe,2026-09-08T00:32:43+00:00
2022,FL,12075,Levy County,2022-11-04,4,inperson,2746,,520,1885,38,303,1,fl-doe,2026-09-08T00:32:43+00:00
2022,FL,12075,Levy County,2022-11-04,4,mail,4428,,1458,2397,78,495,1,fl-doe,2026-09-08T00:32:43+00:00
2022,FL,12075,Levy County,2022-11-05,3,inperson,3240,,593,2236,47,364,1,fl-doe,2026-09-08T00:32:43+00:00
2022,FL,12075,Levy County,2022-11-05,3,mail,4552,,1492,2472,80,508,1,fl-doe,2026-09-08T00:32:43+00:00
2022,FL,12075,Levy County,2022-11-06,2,inperson,3543,,643,2454,54,392,1,fl-doe,2026-09-08T00:32:43+00:00
2022,FL,12075,Levy County,2022-11-06,2,mail,4656,,1527,2524,84,521,1,fl-doe,2026-09-08T00:32:43+00:00
2022,FL,12075,Levy County,2022-11-07,1,inperson,3891,,717,2683,57,434,1,fl-doe,2026-09-08T00:32:43+00:00
2022,FL,12075,Levy County,2022-11-07,1,mail,4656,,1527,2524,84,521,1,fl-doe,2026-09-08T00:32:43+00:00
2022,FL,12075,Levy County,2022-11-14,-6,inperson,3891,,717,2683,57,434,1,fl-doe,2026-09-08T00:32:43+00:00
2022,FL,12075,Levy County,2022-11-14,-6,mail,5120,,1657,2792,96,575,1,fl-doe,2026-09-08T00:32:43+00:00
2022,FL,12075,Levy County,2022-11-16,-8,inperson,3891,,717,2683,57,434,1,fl-doe,2026-09-08T00:32:43+00:00
2022,FL,12075,Levy County,2022-11-16,-8,mail,5120,,1657,2792,96,575,1,fl-doe,2026-09-08T00:32:43+00:00
2022,FL,12075,Levy County,2022-11-17,-9,inperson,3891,,717,2683,57,434,1,fl-doe,2026-09-08T00:32:43+00:00
2022,FL,12075,Levy County,2022-11-17,-9,mail,5120,,1657,2792,96,575,1,fl-doe,2026-09-08T00:32:43+00:00
2022,FL,12075,Levy County,2022-11-18,-10,inperson,3891,,717,2683,57,434,1,fl-doe,2026-09-08T00:32:43+00:00
2022,FL,12075,Levy County,2022-11-18,-10,mail,5120,,1657,2792,96,575,1,fl-doe,2026-09-08T00:32:43+00:00
2022,FL,12075,Levy County,2022-11-19,-11,inperson,3891,,717,2683,57,434,1,fl-doe,2026-09-08T00:32:43+00:00
2022,FL,12075,Levy County,2022-11-19,-11,mail,5120,,1657,2792,96,575,1,fl-doe,2026-09-08T00:32:43+00:00
2022,FL,12075,Levy County,2022-11-22,-14,inperson,3891,,717,2683,57,434,1,fl-doe,2026-09-08T00:32:43+00:00
2022,FL,12075,Levy County,2022-11-22,-14,mail,5120,,1657,2792,96,575,1,fl-doe,2026-09-08T00:32:43+00:00
2022,FL,12075,Levy County,2022-11-23,-15,inperson,3891,,717,2683,57,434,1,fl-doe,2026-09-08T00:32:43+00:00
2022,FL,12075,Levy County,2022-11-23,-15,mail,5120,,1657,2792,96,575,1,fl-doe,2026-09-08T00:32:43+00:00
2022,FL,12077,Liberty County,2022-10-06,33,mail,40,,15,23,0,2,1,fl-doe,2026-09-08T00:32:43+00:00
2022,FL,12077,Liberty County,2022-10-07,32,mail,60,,28,29,0,3,1,fl-doe,2026-09-08T00:32:43+00:00
2022,FL,12077,Liberty County,2022-10-10,29,mail,76,,35,36,0,5,1,fl-doe,2026-09-08T00:32:43+00:00
2022,FL,12077,Liberty County,2022-10-21,18,mail,213,,123,81,0,9,1,fl-doe,2026-09-08T00:32:43+00:00
2022,FL,12077,Liberty County,2022-10-23,16,mail,221,,129,83,0,9,1,fl-doe,2026-09-08T00:32:43+00:00
2022,FL,12077,Liberty County,2022-10-24,15,mail,221,,129,83,0,9,1,fl-doe,2026-09-08T00:32:43+00:00
2022,FL,12077,Liberty County,2022-10-25,14,inperson,86,,24,57,0,5,1,fl-doe,2026-09-08T00:32:43+00:00
2022,FL,12077,Liberty County,2022-10-25,14,mail,237,,133,94,0,10,1,fl-doe,2026-09-08T00:32:43+00:00
2022,FL,12077,Liberty County,2022-10-27,12,inperson,223,,69,137,0,17,1,fl-doe,2026-09-08T00:32:43+00:00
2022,FL,12077,Liberty County,2022-10-27,12,mail,273,,148,114,1,10,1,fl-doe,2026-09-08T00:32:43+00:00
2022,FL,12077,Liberty County,2022-10-28,11,inperson,285,,90,173,0,22,1,fl-doe,2026-09-08T00:32:43+00:00
2022,FL,12077,Liberty County,2022-10-28,11,mail,280,,151,118,1,10,1,fl-doe,2026-09-08T00:32:43+00:00
2022,FL,12077,Liberty County,2022-10-31,8,inperson,439,,138,269,0,32,1,fl-doe,2026-09-08T00:32:43+00:00
2022,FL,12077,Liberty County,2022-10-31,8,mail,300,,164,123,2,11,1,fl-doe,2026-09-08T00:32:43+00:00
2022,FL,12077,Liberty County,2022-11-01,7,inperson,507,,170,303,0,34,1,fl-doe,2026-09-08T00:32:43+00:00
2022,FL,12077,Liberty County,2022-11-01,7,mail,319,,173,133,2,11,1,fl-doe,2026-09-08T00:32:43+00:00
2022,FL,12077,Liberty County,2022-11-02,6,inperson,574,,189,345,0,40,1,fl-doe,2026-09-08T00:32:43+00:00
2022,FL,12077,Liberty County,2022-11-02,6,mail,322,,174,135,2,11,1,fl-doe,2026-09-08T00:32:43+00:00
2022,FL,12077,Liberty County,2022-11-03,5,inperson,643,,225,377,0,41,1,fl-doe,2026-09-08T00:32:43+00:00
2022,FL,12077,Liberty County,2022-11-03,5,mail,340,,185,142,2,11,1,fl-doe,2026-09-08T00:32:43+00:00
2022,FL,12077,Liberty County,2022-11-04,4,inperson,708,,253,411,0,44,1,fl-doe,2026-09-08T00:32:43+00:00
2022,FL,12077,Liberty County,2022-11-04,4,mail,348,,191,144,2,11,1,fl-doe,2026-09-08T00:32:43+00:00
2022,FL,12077,Liberty County,2022-11-05,3,inperson,846,,299,495,0,52,1,fl-doe,2026-09-08T00:32:43+00:00
2022,FL,12077,Liberty County,2022-11-05,3,mail,366,,201,151,2,12,1,fl-doe,2026-09-08T00:32:43+00:00
2022,FL,12077,Liberty County,2022-11-06,2,inperson,924,,331,537,0,56,1,fl-doe,2026-09-08T00:32:43+00:00
2022,FL,12077,Liberty County,2022-11-06,2,mail,382,,210,156,2,14,1,fl-doe,2026-09-08T00:32:43+00:00
2022,FL,12077,Liberty County,2022-11-07,1,inperson,924,,331,537,0,56,1,fl-doe,2026-09-08T00:32:43+00:00
2022,FL,12077,Liberty County,2022-11-07,1,mail,382,,210,156,2,14,1,fl-doe,2026-09-08T00:32:43+00:00
2022,FL,12077,Liberty County,2022-11-14,-6,inperson,924,,331,537,0,56,1,fl-doe,2026-09-08T00:32:43+00:00
2022,FL,12077,Liberty County,2022-11-14,-6,mail,412,,222,172,2,16,1,fl-doe,2026-09-08T00:32:43+00:00
2022,FL,12077,Liberty County,2022-11-16,-8,inperson,924,,331,537,0,56,1,fl-doe,2026-09-08T00:32:43+00:00
2022,FL,12077,Liberty County,2022-11-16,-8,mail,412,,222,172,2,16,1,fl-doe,2026-09-08T00:32:43+00:00
2022,FL,12077,Liberty County,2022-11-17,-9,inperson,924,,331,537,0,56,1,fl-doe,2026-09-08T00:32:43+00:00
2022,FL,12077,Liberty County,2022-11-17,-9,mail,412,,222,172,2,16,1,fl-doe,2026-09-08T00:32:43+00:00
2022,FL,12077,Liberty County,2022-11-18,-10,inperson,924,,331,537,0,56,1,fl-doe,2026-09-08T00:32:43+00:00
2022,FL,12077,Liberty County,2022-11-18,-10,mail,412,,222,172,2,16,1,fl-doe,2026-09-08T00:32:43+00:00
2022,FL,12077,Liberty County,2022-11-19,-11,inperson,924,,331,537,0,56,1,fl-doe,2026-09-08T00:32:43+00:00
2022,FL,12077,Liberty County,2022-11-19,-11,mail,412,,222,172,2,16,1,fl-doe,2026-09-08T00:32:43+00:00
2022,FL,12077,Liberty County,2022-11-22,-14,inperson,924,,331,537,0,56,1,fl-doe,2026-09-08T00:32:43+00:00
2022,FL,12077,Liberty County,2022-11-22,-14,mail,412,,222,172,2,16,1,fl-doe,2026-09-08T00:32:43+00:00
2022,FL,12077,Liberty County,2022-11-23,-15,inperson,924,,331,537,0,56,1,fl-doe,2026-09-08T00:32:43+00:00
2022,FL,12077,Liberty County,2022-11-23,-15,mail,412,,222,172,2,16,1,fl-doe,2026-09-08T00:32:43+00:00
2022,FL,12079,Madison County,2022-10-06,33,mail,54,,35,16,0,3,1,fl-doe,2026-09-08T00:32:43+00:00
2022,FL,12079,Madison County,2022-10-07,32,mail,121,,72,40,0,9,1,fl-doe,2026-09-08T00:32:43+00:00
2022,FL,12079,Madison County,2022-10-10,29,mail,165,,88,62,1,14,1,fl-doe,2026-09-08T00:32:43+00:00
2022,FL,12079,Madison County,2022-10-21,18,mail,503,,262,197,2,42,1,fl-doe,2026-09-08T00:32:43+00:00
2022,FL,12079,Madison County,2022-10-23,16,mail,503,,262,197,2,42,1,fl-doe,2026-09-08T00:32:43+00:00
2022,FL,12079,Madison County,2022-10-24,15,mail,543,,277,218,2,46,1,fl-doe,2026-09-08T00:32:43+00:00
2022,FL,12079,Madison County,2022-10-25,14,inperson,0,,0,0,0,0,1,fl-doe,2026-09-08T00:32:43+00:00
2022,FL,12079,Madison County,2022-10-25,14,mail,604,,307,240,2,55,1,fl-doe,2026-09-08T00:32:43+00:00
2022,FL,12079,Madison County,2022-10-27,12,inperson,0,,0,0,0,0,1,fl-doe,2026-09-08T00:32:43+00:00
2022,FL,12079,Madison County,2022-10-27,12,mail,687,,348,273,3,63,1,fl-doe,2026-09-08T00:32:43+00:00
2022,FL,12079,Madison County,2022-10-28,11,inperson,0,,0,0,0,0,1,fl-doe,2026-09-08T00:32:43+00:00
2022,FL,12079,Madison County,2022-10-28,11,mail,719,,365,284,3,67,1,fl-doe,2026-09-08T00:32:43+00:00
2022,FL,12079,Madison County,2022-10-31,8,inperson,552,,178,333,4,37,1,fl-doe,2026-09-08T00:32:43+00:00
2022,FL,12079,Madison County,2022-10-31,8,mail,735,,377,288,3,67,1,fl-doe,2026-09-08T00:32:43+00:00
2022,FL,12079,Madison County,2022-11-01,7,inperson,1070,,380,619,9,62,1,fl-doe,2026-09-08T00:32:43+00:00
2022,FL,12079,Madison County,2022-11-01,7,mail,775,,401,301,3,70,1,fl-doe,2026-09-08T00:32:43+00:00
2022,FL,12079,Madison County,2022-11-02,6,inperson,1498,,543,848,14,93,1,fl-doe,2026-09-08T00:32:43+00:00
2022,FL,12079,Madison County,2022-11-02,6,mail,812,,417,319,3,73,1,fl-doe,2026-09-08T00:32:43+00:00
2022,FL,12079,Madison County,2022-11-03,5,inperson,1886,,685,1065,14,122,1,fl-doe,2026-09-08T00:32:43+00:00
2022,FL,12079,Madison County,2022-11-03,5,mail,834,,426,329,3,76,1,fl-doe,2026-09-08T00:32:43+00:00
2022,FL,12079,Madison County,2022-11-04,4,inperson,2311,,871,1270,15,155,1,fl-doe,2026-09-08T00:32:43+00:00
2022,FL,12079,Madison County,2022-11-04,4,mail,868,,441,345,3,79,1,fl-doe,2026-09-08T00:32:43+00:00
2022,FL,12079,Madison County,2022-11-05,3,inperson,2807,,1042,1558,16,191,1,fl-doe,2026-09-08T00:32:43+00:00
2022,FL,12079,Madison County,2022-11-05,3,mail,894,,455,356,3,80,1,fl-doe,2026-09-08T00:32:43+00:00
2022,FL,12079,Madison County,2022-11-06,2,inperson,3071,,1160,1684,17,210,1,fl-doe,2026-09-08T00:32:43+00:00
2022,FL,12079,Madison County,2022-11-06,2,mail,902,,457,358,4,83,1,fl-doe,2026-09-08T00:32:43+00:00
2022,FL,12079,Madison County,2022-11-07,1,inperson,3071,,1160,1684,17,210,1,fl-doe,2026-09-08T00:32:43+00:00
2022,FL,12079,Madison County,2022-11-07,1,mail,902,,457,358,4,83,1,fl-doe,2026-09-08T00:32:43+00:00
2022,FL,12079,Madison County,2022-11-14,-6,inperson,3071,,1160,1684,17,210,1,fl-doe,2026-09-08T00:32:43+00:00
2022,FL,12079,Madison County,2022-11-14,-6,mail,1056,,558,406,5,87,1,fl-doe,2026-09-08T00:32:43+00:00
2022,FL,12079,Madison County,2022-11-16,-8,inperson,3071,,1160,1684,17,210,1,fl-doe,2026-09-08T00:32:43+00:00
2022,FL,12079,Madison County,2022-11-16,-8,mail,1056,,558,406,5,87,1,fl-doe,2026-09-08T00:32:43+00:00
2022,FL,12079,Madison County,2022-11-17,-9,inperson,3071,,1160,1684,17,210,1,fl-doe,2026-09-08T00:32:43+00:00
2022,FL,12079,Madison County,2022-11-17,-9,mail,1056,,558,406,5,87,1,fl-doe,2026-09-08T00:32:43+00:00
2022,FL,12079,Madison County,2022-11-18,-10,inperson,3071,,1160,1684,17,210,1,fl-doe,2026-09-08T00:32:43+00:00
2022,FL,12079,Madison County,2022-11-18,-10,mail,1056,,558,406,5,87,1,fl-doe,2026-09-08T00:32:43+00:00
2022,FL,12079,Madison County,2022-11-19,-11,inperson,3071,,1160,1684,17,210,1,fl-doe,2026-09-08T00:32:43+00:00
2022,FL,12079,Madison County,2022-11-19,-11,mail,1056,,558,406,5,87,1,fl-doe,2026-09-08T00:32:43+00:00
2022,FL,12079,Madison County,2022-11-22,-14,inperson,3071,,1160,1684,17,210,1,fl-doe,2026-09-08T00:32:43+00:00
2022,FL,12079,Madison County,2022-11-22,-14,mail,1056,,558,406,5,87,1,fl-doe,2026-09-08T00:32:43+00:00
2022,FL,12079,Madison County,2022-11-23,-15,inperson,3071,,1160,1684,17,210,1,fl-doe,2026-09-08T00:32:43+00:00
2022,FL,12079,Madison County,2022-11-23,-15,mail,1056,,558,406,5,87,1,fl-doe,2026-09-08T00:32:43+00:00
2022,FL,12081,Manatee County,2022-10-06,33,mail,20,,11,4,0,5,1,fl-doe,2026-09-08T00:32:43+00:00
2022,FL,12081,Manatee County,2022-10-07,32,mail,31,,18,6,0,7,1,fl-doe,2026-09-08T00:32:43+00:00
2022,FL,12081,Manatee County,2022-10-10,29,mail,230,,73,111,4,42,1,fl-doe,2026-09-08T00:32:43+00:00
2022,FL,12081,Manatee County,2022-10-21,18,mail,27339,,9695,12081,392,5171,1,fl-doe,2026-09-08T00:32:43+00:00
2022,FL,12081,Manatee County,2022-10-23,16,mail,30839,,11016,13568,437,5818,1,fl-doe,2026-09-08T00:32:43+00:00
2022,FL,12081,Manatee County,2022-10-24,15,mail,30839,,11016,13568,437,5818,1,fl-doe,2026-09-08T00:32:43+00:00
2022,FL,12081,Manatee County,2022-10-25,14,inperson,2187,,460,1375,30,322,1,fl-doe,2026-09-08T00:32:43+00:00
2022,FL,12081,Manatee County,2022-10-25,14,mail,32452,,11665,14255,467,6065,1,fl-doe,2026-09-08T00:32:43+00:00
2022,FL,12081,Manatee County,2022-10-27,12,inperson,7309,,1591,4449,96,1173,1,fl-doe,2026-09-08T00:32:43+00:00
2022,FL,12081,Manatee County,2022-10-27,12,mail,37848,,13725,16533,539,7051,1,fl-doe,2026-09-08T00:32:43+00:00
2022,FL,12081,Manatee County,2022-10-28,11,inperson,9502,,2049,5765,121,1567,1,fl-doe,2026-09-08T00:32:43+00:00
2022,FL,12081,Manatee County,2022-10-28,11,mail,41847,,15208,18226,600,7813,1,fl-doe,2026-09-08T00:32:43+00:00
2022,FL,12081,Manatee County,2022-10-31,8,inperson,14865,,3211,8973,195,2486,1,fl-doe,2026-09-08T00:32:43+00:00
2022,FL,12081,Manatee County,2022-10-31,8,mail,51290,,18714,22317,734,9525,1,fl-doe,2026-09-08T00:32:43+00:00
2022,FL,12081,Manatee County,2022-11-01,7,inperson,17381,,3715,10503,224,2939,1,fl-doe,2026-09-08T00:32:43+00:00
2022,FL,12081,Manatee County,2022-11-01,7,mail,52732,,19316,22869,759,9788,1,fl-doe,2026-09-08T00:32:43+00:00
2022,FL,12081,Manatee County,2022-11-02,6,inperson,19921,,4220,12038,259,3404,1,fl-doe,2026-09-08T00:32:43+00:00
2022,FL,12081,Manatee County,2022-11-02,6,mail,55909,,20440,24205,817,10447,1,fl-doe,2026-09-08T00:32:43+00:00
2022,FL,12081,Manatee County,2022-11-03,5,inperson,22689,,4771,13717,296,3905,1,fl-doe,2026-09-08T00:32:43+00:00
2022,FL,12081,Manatee County,2022-11-03,5,mail,59964,,21908,25922,883,11251,1,fl-doe,2026-09-08T00:32:43+00:00
2022,FL,12081,Manatee County,2022-11-04,4,inperson,25537,,5382,15369,340,4446,1,fl-doe,2026-09-08T00:32:43+00:00
2022,FL,12081,Manatee County,2022-11-04,4,mail,63046,,23052,27191,943,11860,1,fl-doe,2026-09-08T00:32:43+00:00
2022,FL,12081,Manatee County,2022-11-05,3,inperson,29246,,6092,17557,409,5188,1,fl-doe,2026-09-08T00:32:43+00:00
2022,FL,12081,Manatee County,2022-11-05,3,mail,65210,,23809,28098,991,12312,1,fl-doe,2026-09-08T00:32:43+00:00
2022,FL,12081,Manatee County,2022-11-06,2,inperson,32492,,6842,19351,460,5839,1,fl-doe,2026-09-08T00:32:43+00:00
2022,FL,12081,Manatee County,2022-11-06,2,mail,66185,,24166,28495,1009,12515,1,fl-doe,2026-09-08T00:32:43+00:00
2022,FL,12081,Manatee County,2022-11-07,1,inperson,36345,,7690,21460,525,6670,1,fl-doe,2026-09-08T00:32:43+00:00
2022,FL,12081,Manatee County,2022-11-07,1,mail,66185,,24166,28495,1009,12515,1,fl-doe,2026-09-08T00:32:43+00:00
2022,FL,12081,Manatee County,2022-11-14,-6,inperson,36344,,7690,21459,525,6670,1,fl-doe,2026-09-08T00:32:43+00:00
2022,FL,12081,Manatee County,2022-11-14,-6,mail,74243,,27179,31659,1145,14260,1,fl-doe,2026-09-08T00:32:43+00:00
2022,FL,12081,Manatee County,2022-11-16,-8,inperson,36344,,7690,21459,525,6670,1,fl-doe,2026-09-08T00:32:43+00:00
2022,FL,12081,Manatee County,2022-11-16,-8,mail,74323,,27197,31697,1146,14283,1,fl-doe,2026-09-08T00:32:43+00:00
2022,FL,12081,Manatee County,2022-11-17,-9,inperson,36344,,7690,21459,525,6670,1,fl-doe,2026-09-08T00:32:43+00:00
2022,FL,12081,Manatee County,2022-11-17,-9,mail,74325,,27198,31697,1146,14284,1,fl-doe,2026-09-08T00:32:43+00:00
2022,FL,12081,Manatee County,2022-11-18,-10,inperson,36344,,7690,21459,525,6670,1,fl-doe,2026-09-08T00:32:43+00:00
2022,FL,12081,Manatee County,2022-11-18,-10,mail,74329,,27199,31699,1146,14285,1,fl-doe,2026-09-08T00:32:43+00:00
2022,FL,12081,Manatee County,2022-11-19,-11,inperson,36344,,7690,21459,525,6670,1,fl-doe,2026-09-08T00:32:43+00:00
2022,FL,12081,Manatee County,2022-11-19,-11,mail,74335,,27202,31699,1146,14288,1,fl-doe,2026-09-08T00:32:43+00:00
2022,FL,12081,Manatee County,2022-11-22,-14,inperson,36344,,7690,21459,525,6670,1,fl-doe,2026-09-08T00:32:43+00:00
2022,FL,12081,Manatee County,2022-11-22,-14,mail,74335,,27202,31699,1146,14288,1,fl-doe,2026-09-08T00:32:43+00:00
2022,FL,12081,Manatee County,2022-11-23,-15,inperson,36344,,7690,21459,525,6670,1,fl-doe,2026-09-08T00:32:43+00:00
2022,FL,12081,Manatee County,2022-11-23,-15,mail,74335,,27202,31699,1146,14288,1,fl-doe,2026-09-08T00:32:43+00:00
2022,FL,12083,Marion County,2022-10-06,33,mail,1704,,600,774,29,301,1,fl-doe,2026-09-08T00:32:43+00:00
2022,FL,12083,Marion County,2022-10-07,32,mail,3561,,1254,1648,55,604,1,fl-doe,2026-09-08T00:32:43+00:00
2022,FL,12083,Marion County,2022-10-10,29,mail,4140,,1453,1916,62,709,1,fl-doe,2026-09-08T00:32:43+00:00
2022,FL,12083,Marion County,2022-10-21,18,mail,23836,,9299,10487,324,3726,1,fl-doe,2026-09-08T00:32:43+00:00
2022,FL,12083,Marion County,2022-10-23,16,mail,26514,,10452,11611,345,4106,1,fl-doe,2026-09-08T00:32:43+00:00
2022,FL,12083,Marion County,2022-10-24,15,mail,26514,,10452,11611,345,4106,1,fl-doe,2026-09-08T00:32:43+00:00
2022,FL,12083,Marion County,2022-10-25,14,inperson,0,,0,0,0,0,1,fl-doe,2026-09-08T00:32:43+00:00
2022,FL,12083,Marion County,2022-10-25,14,mail,27475,,10843,12019,360,4253,1,fl-doe,2026-09-08T00:32:43+00:00
2022,FL,12083,Marion County,2022-10-27,12,inperson,0,,0,0,0,0,1,fl-doe,2026-09-08T00:32:43+00:00
2022,FL,12083,Marion County,2022-10-27,12,mail,29912,,11848,13096,386,4582,1,fl-doe,2026-09-08T00:32:43+00:00
2022,FL,12083,Marion County,2022-10-28,11,inperson,4565,,1077,2818,53,617,1,fl-doe,2026-09-08T00:32:43+00:00
2022,FL,12083,Marion County,2022-10-28,11,mail,32277,,12858,14076,415,4928,1,fl-doe,2026-09-08T00:32:43+00:00
2022,FL,12083,Marion County,2022-10-31,8,inperson,12233,,2917,7542,137,1637,1,fl-doe,2026-09-08T00:32:43+00:00
2022,FL,12083,Marion County,2022-10-31,8,mail,35450,,14177,15461,451,5361,1,fl-doe,2026-09-08T00:32:43+00:00
2022,FL,12083,Marion County,2022-11-01,7,inperson,16230,,3771,10068,183,2208,1,fl-doe,2026-09-08T00:32:43+00:00
2022,FL,12083,Marion County,2022-11-01,7,mail,36792,,14733,16022,470,5567,1,fl-doe,2026-09-08T00:32:43+00:00
2022,FL,12083,Marion County,2022-11-02,6,inperson,20030,,4664,12300,225,2841,1,fl-doe,2026-09-08T00:32:43+00:00
2022,FL,12083,Marion County,2022-11-02,6,mail,38538,,15421,16821,489,5807,1,fl-doe,2026-09-08T00:32:43+00:00
2022,FL,12083,Marion County,2022-11-03,5,inperson,23817,,5514,14626,266,3411,1,fl-doe,2026-09-08T00:32:43+00:00
2022,FL,12083,Marion County,2022-11-03,5,mail,39843,,15968,17362,501,6012,1,fl-doe,2026-09-08T00:32:43+00:00
2022,FL,12083,Marion County,2022-11-04,4,inperson,27592,,6397,16868,318,4009,1,fl-doe,2026-09-08T00:32:43+00:00
2022,FL,12083,Marion County,2022-11-04,4,mail,40902,,16382,17830,512,6178,1,fl-doe,2026-09-08T00:32:43+00:00
2022,FL,12083,Marion County,2022-11-05,3,inperson,32506,,7543,19729,394,4840,1,fl-doe,2026-09-08T00:32:43+00:00
2022,FL,12083,Marion County,2022-11-05,3,mail,42208,,16889,18381,530,6408,1,fl-doe,2026-09-08T00:32:43+00:00
2022,FL,12083,Marion County,2022-11-06,2,inperson,36712,,8585,22145,452,5530,1,fl-doe,2026-09-08T00:32:43+00:00
2022,FL,12083,Marion County,2022-11-06,2,mail,43292,,17321,18843,555,6573,1,fl-doe,2026-09-08T00:32:43+00:00
2022,FL,12083,Marion County,2022-11-07,1,inperson,36712,,8585,22145,452,5530,1,fl-doe,2026-09-08T00:32:43+00:00
2022,FL,12083,Marion County,2022-11-07,1,mail,43694,,17480,19033,559,6622,1,fl-doe,2026-09-08T00:32:43+00:00
2022,FL,12083,Marion County,2022-11-14,-6,inperson,36711,,8585,22144,452,5530,1,fl-doe,2026-09-08T00:32:43+00:00
2022,FL,12083,Marion County,2022-11-14,-6,mail,46137,,18422,20069,599,7047,1,fl-doe,2026-09-08T00:32:43+00:00
2022,FL,12083,Marion County,2022-11-16,-8,inperson,36711,,8585,22144,452,5530,1,fl-doe,2026-09-08T00:32:43+00:00
2022,FL,12083,Marion County,2022-11-16,-8,mail,46174,,18436,20082,599,7057,1,fl-doe,2026-09-08T00:32:43+00:00
2022,FL,12083,Marion County,2022-11-17,-9,inperson,36711,,8585,22144,452,5530,1,fl-doe,2026-09-08T00:32:43+00:00
2022,FL,12083,Marion County,2022-11-17,-9,mail,46178,,18437,20084,599,7058,1,fl-doe,2026-09-08T00:32:43+00:00
2022,FL,12083,Marion County,2022-11-18,-10,inperson,36711,,8585,22144,452,5530,1,fl-doe,2026-09-08T00:32:43+00:00
2022,FL,12083,Marion County,2022-11-18,-10,mail,46181,,18438,20086,599,7058,1,fl-doe,2026-09-08T00:32:43+00:00
2022,FL,12083,Marion County,2022-11-19,-11,inperson,36711,,8585,22144,452,5530,1,fl-doe,2026-09-08T00:32:43+00:00
2022,FL,12083,Marion County,2022-11-19,-11,mail,46181,,18438,20086,599,7058,1,fl-doe,2026-09-08T00:32:43+00:00
2022,FL,12083,Marion County,2022-11-22,-14,inperson,36711,,8585,22144,452,5530,1,fl-doe,2026-09-08T00:32:43+00:00
2022,FL,12083,Marion County,2022-11-22,-14,mail,46181,,18438,20086,599,7058,1,fl-doe,2026-09-08T00:32:43+00:00
2022,FL,12083,Marion County,2022-11-23,-15,inperson,36711,,8585,22144,452,5530,1,fl-doe,2026-09-08T00:32:43+00:00
2022,FL,12083,Marion County,2022-11-23,-15,mail,46181,,18438,20086,599,7058,1,fl-doe,2026-09-08T00:32:43+00:00
2022,FL,12085,Martin County,2022-10-06,33,mail,189,,60,88,7,34,1,fl-doe,2026-09-08T00:32:43+00:00
2022,FL,12085,Martin County,2022-10-07,32,mail,1480,,441,756,29,254,1,fl-doe,2026-09-08T00:32:43+00:00
2022,FL,12085,Martin County,2022-10-10,29,mail,2040,,620,1049,41,330,1,fl-doe,2026-09-08T00:32:43+00:00
2022,FL,12085,Martin County,2022-10-21,18,mail,11191,,3508,5685,177,1821,1,fl-doe,2026-09-08T00:32:43+00:00
2022,FL,12085,Martin County,2022-10-23,16,mail,12311,,3887,6235,197,1992,1,fl-doe,2026-09-08T00:32:43+00:00
2022,FL,12085,Martin County,2022-10-24,15,mail,12311,,3887,6235,197,1992,1,fl-doe,2026-09-08T00:32:43+00:00
2022,FL,12085,Martin County,2022-10-25,14,inperson,0,,0,0,0,0,1,fl-doe,2026-09-08T00:32:43+00:00
2022,FL,12085,Martin County,2022-10-25,14,mail,13721,,4320,6961,211,2229,1,fl-doe,2026-09-08T00:32:43+00:00
2022,FL,12085,Martin County,2022-10-27,12,inperson,2666,,479,1708,43,436,1,fl-doe,2026-09-08T00:32:43+00:00
2022,FL,12085,Martin County,2022-10-27,12,mail,15977,,5076,8029,239,2633,1,fl-doe,2026-09-08T00:32:43+00:00
2022,FL,12085,Martin County,2022-10-28,11,inperson,5083,,940,3218,86,839,1,fl-doe,2026-09-08T00:32:43+00:00
2022,FL,12085,Martin County,2022-10-28,11,mail,17013,,5467,8484,258,2804,1,fl-doe,2026-09-08T00:32:43+00:00
2022,FL,12085,Martin County,2022-10-31,8,inperson,9993,,1968,6202,165,1658,1,fl-doe,2026-09-08T00:32:43+00:00
2022,FL,12085,Martin County,2022-10-31,8,mail,18295,,5941,9048,278,3028,1,fl-doe,2026-09-08T00:32:43+00:00
2022,FL,12085,Martin County,2022-11-01,7,inperson,12258,,2392,7580,206,2080,1,fl-doe,2026-09-08T00:32:43+00:00
2022,FL,12085,Martin County,2022-11-01,7,mail,19794,,6476,9703,307,3308,1,fl-doe,2026-09-08T00:32:43+00:00
2022,FL,12085,Martin County,2022-11-02,6,inperson,14281,,2773,8845,246,2417,1,fl-doe,2026-09-08T00:32:43+00:00
2022,FL,12085,Martin County,2022-11-02,6,mail,20685,,6803,10098,321,3463,1,fl-doe,2026-09-08T00:32:43+00:00
2022,FL,12085,Martin County,2022-11-03,5,inperson,16547,,3215,10216,296,2820,1,fl-doe,2026-09-08T00:32:43+00:00
2022,FL,12085,Martin County,2022-11-03,5,mail,21521,,7095,10478,342,3606,1,fl-doe,2026-09-08T00:32:43+00:00
2022,FL,12085,Martin County,2022-11-04,4,inperson,18828,,3622,11651,338,3217,1,fl-doe,2026-09-08T00:32:43+00:00
2022,FL,12085,Martin County,2022-11-04,4,mail,22500,,7385,10981,358,3776,1,fl-doe,2026-09-08T00:32:43+00:00
2022,FL,12085,Martin County,2022-11-05,3,inperson,21970,,4174,13574,397,3825,1,fl-doe,2026-09-08T00:32:43+00:00
2022,FL,12085,Martin County,2022-11-05,3,mail,23057,,7562,11268,366,3861,1,fl-doe,2026-09-08T00:32:43+00:00
2022,FL,12085,Martin County,2022-11-06,2,inperson,24937,,4783,15276,454,4424,1,fl-doe,2026-09-08T00:32:43+00:00
2022,FL,12085,Martin County,2022-11-06,2,mail,23655,,7770,11555,372,3958,1,fl-doe,2026-09-08T00:32:43+00:00
2022,FL,12085,Martin County,2022-11-07,1,inperson,24937,,4783,15276,454,4424,1,fl-doe,2026-09-08T00:32:43+00:00
2022,FL,12085,Martin County,2022-11-07,1,mail,23656,,7770,11556,372,3958,1,fl-doe,2026-09-08T00:32:43+00:00
2022,FL,12085,Martin County,2022-11-14,-6,inperson,24937,,4783,15276,454,4424,1,fl-doe,2026-09-08T00:32:43+00:00
2022,FL,12085,Martin County,2022-11-14,-6,mail,26399,,8638,12825,425,4511,1,fl-doe,2026-09-08T00:32:43+00:00
2022,FL,12085,Martin County,2022-11-16,-8,inperson,24937,,4783,15276,454,4424,1,fl-doe,2026-09-08T00:32:43+00:00
2022,FL,12085,Martin County,2022-11-16,-8,mail,26403,,8640,12826,425,4512,1,fl-doe,2026-09-08T00:32:43+00:00
2022,FL,12085,Martin County,2022-11-17,-9,inperson,24937,,4783,15276,454,4424,1,fl-doe,2026-09-08T00:32:43+00:00
2022,FL,12085,Martin County,2022-11-17,-9,mail,26405,,8641,12826,425,4513,1,fl-doe,2026-09-08T00:32:43+00:00
2022,FL,12085,Martin County,2022-11-18,-10,inperson,24937,,4783,15276,454,4424,1,fl-doe,2026-09-08T00:32:43+00:00
2022,FL,12085,Martin County,2022-11-18,-10,mail,26405,,8641,12826,425,4513,1,fl-doe,2026-09-08T00:32:43+00:00
2022,FL,12085,Martin County,2022-11-19,-11,inperson,24937,,4783,15276,454,4424,1,fl-doe,2026-09-08T00:32:43+00:00
2022,FL,12085,Martin County,2022-11-19,-11,mail,26405,,8641,12826,425,4513,1,fl-doe,2026-09-08T00:32:43+00:00
2022,FL,12085,Martin County,2022-11-22,-14,inperson,24937,,4783,15276,454,4424,1,fl-doe,2026-09-08T00:32:43+00:00
2022,FL,12085,Martin County,2022-11-22,-14,mail,26405,,8641,12826,425,4513,1,fl-doe,2026-09-08T00:32:43+00:00
2022,FL,12085,Martin County,2022-11-23,-15,inperson,24937,,4783,15276,454,4424,1,fl-doe,2026-09-08T00:32:43+00:00
2022,FL,12085,Martin County,2022-11-23,-15,mail,26405,,8641,12826,425,4513,1,fl-doe,2026-09-08T00:32:43+00:00
2022,FL,12086,Miami-Dade County,2022-10-06,33,mail,193,,98,46,3,46,1,fl-doe,2026-09-08T00:32:43+00:00
2022,FL,12086,Miami-Dade County,2022-10-07,32,mail,283,,124,83,3,73,1,fl-doe,2026-09-08T00:32:43+00:00
2022,FL,12086,Miami-Dade County,2022-10-10,29,mail,15896,,6535,5668,228,3465,1,fl-doe,2026-09-08T00:32:43+00:00
2022,FL,12086,Miami-Dade County,2022-10-21,18,mail,99910,,43018,33278,1282,22332,1,fl-doe,2026-09-08T00:32:43+00:00
2022,FL,12086,Miami-Dade County,2022-10-23,16,mail,107126,,46196,35575,1355,24000,1,fl-doe,2026-09-08T00:32:43+00:00
2022,FL,12086,Miami-Dade County,2022-10-24,15,mail,107126,,46196,35575,1355,24000,1,fl-doe,2026-09-08T00:32:43+00:00
2022,FL,12086,Miami-Dade County,2022-10-25,14,inperson,11954,,3990,5789,133,2042,1,fl-doe,2026-09-08T00:32:43+00:00
2022,FL,12086,Miami-Dade County,2022-10-25,14,mail,117471,,50897,38750,1479,26345,1,fl-doe,2026-09-08T00:32:43+00:00
2022,FL,12086,Miami-Dade County,2022-10-27,12,inperson,39185,,12477,19156,407,7145,1,fl-doe,2026-09-08T00:32:43+00:00
2022,FL,12086,Miami-Dade County,2022-10-27,12,mail,141727,,61870,46516,1763,31578,1,fl-doe,2026-09-08T00:32:43+00:00
2022,FL,12086,Miami-Dade County,2022-10-28,11,inperson,51352,,16108,25183,547,9514,1,fl-doe,2026-09-08T00:32:43+00:00
2022,FL,12086,Miami-Dade County,2022-10-28,11,mail,151204,,66251,49342,1863,33748,1,fl-doe,2026-09-08T00:32:43+00:00
2022,FL,12086,Miami-Dade County,2022-10-31,8,inperson,92692,,28316,45134,1027,18215,1,fl-doe,2026-09-08T00:32:43+00:00
2022,FL,12086,Miami-Dade County,2022-10-31,8,mail,159507,,69991,51908,1956,35652,1,fl-doe,2026-09-08T00:32:43+00:00
2022,FL,12086,Miami-Dade County,2022-11-01,7,inperson,105959,,32339,51435,1173,21012,1,fl-doe,2026-09-08T00:32:43+00:00
2022,FL,12086,Miami-Dade County,2022-11-01,7,mail,174898,,76798,56673,2156,39271,1,fl-doe,2026-09-08T00:32:43+00:00
2022,FL,12086,Miami-Dade County,2022-11-02,6,inperson,120427,,36698,58177,1342,24210,1,fl-doe,2026-09-08T00:32:43+00:00
2022,FL,12086,Miami-Dade County,2022-11-02,6,mail,185580,,81476,59786,2266,42052,1,fl-doe,2026-09-08T00:32:43+00:00
2022,FL,12086,Miami-Dade County,2022-11-03,5,inperson,137324,,41945,65877,1555,27947,1,fl-doe,2026-09-08T00:32:43+00:00
2022,FL,12086,Miami-Dade County,2022-11-03,5,mail,194160,,85198,62417,2378,44167,1,fl-doe,2026-09-08T00:32:43+00:00
2022,FL,12086,Miami-Dade County,2022-11-04,4,inperson,155691,,47560,74041,1806,32284,1,fl-doe,2026-09-08T00:32:43+00:00
2022,FL,12086,Miami-Dade County,2022-11-04,4,mail,202138,,88658,64712,2468,46300,1,fl-doe,2026-09-08T00:32:43+00:00
2022,FL,12086,Miami-Dade County,2022-11-05,3,inperson,180011,,55229,84439,2138,38205,1,fl-doe,2026-09-08T00:32:43+00:00
2022,FL,12086,Miami-Dade County,2022-11-05,3,mail,210224,,92159,67049,2572,48444,1,fl-doe,2026-09-08T00:32:43+00:00
2022,FL,12086,Miami-Dade County,2022-11-06,2,inperson,207900,,63918,96036,2526,45420,1,fl-doe,2026-09-08T00:32:43+00:00
2022,FL,12086,Miami-Dade County,2022-11-06,2,mail,210224,,92159,67049,2572,48444,1,fl-doe,2026-09-08T00:32:43+00:00
2022,FL,12086,Miami-Dade County,2022-11-07,1,inperson,243654,,76286,109467,3032,54869,1,fl-doe,2026-09-08T00:32:43+00:00
2022,FL,12086,Miami-Dade County,2022-11-07,1,mail,222743,,97698,70572,2727,51746,1,fl-doe,2026-09-08T00:32:43+00:00
2022,FL,12086,Miami-Dade County,2022-11-14,-6,inperson,243654,,76286,109467,3032,54869,1,fl-doe,2026-09-08T00:32:43+00:00
2022,FL,12086,Miami-Dade County,2022-11-14,-6,mail,242386,,106432,75346,3034,57574,1,fl-doe,2026-09-08T00:32:43+00:00
2022,FL,12086,Miami-Dade County,2022-11-16,-8,inperson,243654,,76286,109467,3032,54869,1,fl-doe,2026-09-08T00:32:43+00:00
2022,FL,12086,Miami-Dade County,2022-11-16,-8,mail,242454,,106473,75355,3035,57591,1,fl-doe,2026-09-08T00:32:43+00:00
2022,FL,12086,Miami-Dade County,2022-11-17,-9,inperson,243654,,76286,109467,3032,54869,1,fl-doe,2026-09-08T00:32:43+00:00
2022,FL,12086,Miami-Dade County,2022-11-17,-9,mail,242461,,106475,75358,3035,57593,1,fl-doe,2026-09-08T00:32:43+00:00
2022,FL,12086,Miami-Dade County,2022-11-18,-10,inperson,243654,,76286,109467,3032,54869,1,fl-doe,2026-09-08T00:32:43+00:00
2022,FL,12086,Miami-Dade County,2022-11-18,-10,mail,242481,,106485,75359,3035,57602,1,fl-doe,2026-09-08T00:32:43+00:00
2022,FL,12086,Miami-Dade County,2022-11-19,-11,inperson,243654,,76286,109467,3032,54869,1,fl-doe,2026-09-08T00:32:43+00:00
2022,FL,12086,Miami-Dade County,2022-11-19,-11,mail,242513,,106503,75363,3036,57611,1,fl-doe,2026-09-08T00:32:43+00:00
2022,FL,12086,Miami-Dade County,2022-11-22,-14,inperson,243654,,76286,109467,3032,54869,1,fl-doe,2026-09-08T00:32:43+00:00
2022,FL,12086,Miami-Dade County,2022-11-22,-14,mail,242513,,106503,75363,3036,57611,1,fl-doe,2026-09-08T00:32:43+00:00
2022,FL,12086,Miami-Dade County,2022-11-23,-15,inperson,243654,,76286,109467,3032,54869,1,fl-doe,2026-09-08T00:32:43+00:00
2022,FL,12086,Miami-Dade County,2022-11-23,-15,mail,242513,,106503,75363,3036,57611,1,fl-doe,2026-09-08T00:32:43+00:00
2022,FL,12087,Monroe County,2022-10-06,33,mail,157,,62,64,4,27,1,fl-doe,2026-09-08T00:32:43+00:00
2022,FL,12087,Monroe County,2022-10-07,32,mail,243,,106,91,6,40,1,fl-doe,2026-09-08T00:32:43+00:00
2022,FL,12087,Monroe County,2022-10-10,29,mail,384,,174,143,9,58,1,fl-doe,2026-09-08T00:32:43+00:00
2022,FL,12087,Monroe County,2022-10-21,18,mail,4701,,1896,2187,55,563,1,fl-doe,2026-09-08T00:32:43+00:00
2022,FL,12087,Monroe County,2022-10-23,16,mail,5069,,2049,2352,61,607,1,fl-doe,2026-09-08T00:32:43+00:00
2022,FL,12087,Monroe County,2022-10-24,15,mail,5069,,2049,2352,61,607,1,fl-doe,2026-09-08T00:32:43+00:00
2022,FL,12087,Monroe County,2022-10-25,14,inperson,699,,166,421,9,103,1,fl-doe,2026-09-08T00:32:43+00:00
2022,FL,12087,Monroe County,2022-10-25,14,mail,5992,,2467,2734,71,720,1,fl-doe,2026-09-08T00:32:43+00:00
2022,FL,12087,Monroe County,2022-10-27,12,inperson,1839,,538,1024,20,257,1,fl-doe,2026-09-08T00:32:43+00:00
2022,FL,12087,Monroe County,2022-10-27,12,mail,7391,,3052,3351,87,901,1,fl-doe,2026-09-08T00:32:43+00:00
2022,FL,12087,Monroe County,2022-10-28,11,inperson,2318,,701,1262,27,328,1,fl-doe,2026-09-08T00:32:43+00:00
2022,FL,12087,Monroe County,2022-10-28,11,mail,7948,,3303,3589,90,966,1,fl-doe,2026-09-08T00:32:43+00:00
2022,FL,12087,Monroe County,2022-10-31,8,inperson,3259,,970,1773,42,474,1,fl-doe,2026-09-08T00:32:43+00:00
2022,FL,12087,Monroe County,2022-10-31,8,mail,8709,,3622,3896,104,1087,1,fl-doe,2026-09-08T00:32:43+00:00
2022,FL,12087,Monroe County,2022-11-01,7,inperson,3940,,1138,2159,63,580,1,fl-doe,2026-09-08T00:32:43+00:00
2022,FL,12087,Monroe County,2022-11-01,7,mail,9229,,3842,4130,112,1145,1,fl-doe,2026-09-08T00:32:43+00:00
2022,FL,12087,Monroe County,2022-11-02,6,inperson,4581,,1334,2495,76,676,1,fl-doe,2026-09-08T00:32:43+00:00
2022,FL,12087,Monroe County,2022-11-02,6,mail,9769,,4096,4328,120,1225,1,fl-doe,2026-09-08T00:32:43+00:00
2022,FL,12087,Monroe County,2022-11-03,5,inperson,5173,,1470,2836,83,784,1,fl-doe,2026-09-08T00:32:43+00:00
2022,FL,12087,Monroe County,2022-11-03,5,mail,10120,,4247,4462,126,1285,1,fl-doe,2026-09-08T00:32:43+00:00
2022,FL,12087,Monroe County,2022-11-04,4,inperson,5885,,1643,3243,95,904,1,fl-doe,2026-09-08T00:32:43+00:00
2022,FL,12087,Monroe County,2022-11-04,4,mail,10626,,4463,4655,136,1372,1,fl-doe,2026-09-08T00:32:43+00:00
2022,FL,12087,Monroe County,2022-11-05,3,inperson,7037,,1965,3848,115,1109,1,fl-doe,2026-09-08T00:32:43+00:00
2022,FL,12087,Monroe County,2022-11-05,3,mail,11157,,4668,4884,141,1464,1,fl-doe,2026-09-08T00:32:43+00:00
2022,FL,12087,Monroe County,2022-11-06,2,inperson,7781,,2184,4230,123,1244,1,fl-doe,2026-09-08T00:32:43+00:00
2022,FL,12087,Monroe County,2022-11-06,2,mail,11505,,4831,5000,149,1525,1,fl-doe,2026-09-08T00:32:43+00:00
2022,FL,12087,Monroe County,2022-11-07,1,inperson,7781,,2184,4230,123,1244,1,fl-doe,2026-09-08T00:32:43+00:00
2022,FL,12087,Monroe County,2022-11-07,1,mail,11505,,4831,5000,149,1525,1,fl-doe,2026-09-08T00:32:43+00:00
2022,FL,12087,Monroe County,2022-11-14,-6,inperson,7781,,2184,4230,123,1244,1,fl-doe,2026-09-08T00:32:43+00:00
2022,FL,12087,Monroe County,2022-11-14,-6,mail,12503,,5251,5359,171,1722,1,fl-doe,2026-09-08T00:32:43+00:00
2022,FL,12087,Monroe County,2022-11-16,-8,inperson,7781,,2184,4230,123,1244,1,fl-doe,2026-09-08T00:32:43+00:00
2022,FL,12087,Monroe County,2022-11-16,-8,mail,12506,,5252,5360,171,1723,1,fl-doe,2026-09-08T00:32:43+00:00
2022,FL,12087,Monroe County,2022-11-17,-9,inperson,7781,,2184,4230,123,1244,1,fl-doe,2026-09-08T00:32:43+00:00
2022,FL,12087,Monroe County,2022-11-17,-9,mail,12507,,5253,5360,171,1723,1,fl-doe,2026-09-08T00:32:43+00:00
2022,FL,12087,Monroe County,2022-11-18,-10,inperson,7781,,2184,4230,123,1244,1,fl-doe,2026-09-08T00:32:43+00:00
2022,FL,12087,Monroe County,2022-11-18,-10,mail,12507,,5253,5360,171,1723,1,fl-doe,2026-09-08T00:32:43+00:00
2022,FL,12087,Monroe County,2022-11-19,-11,inperson,7781,,2184,4230,123,1244,1,fl-doe,2026-09-08T00:32:43+00:00
2022,FL,12087,Monroe County,2022-11-19,-11,mail,12509,,5253,5360,171,1725,1,fl-doe,2026-09-08T00:32:43+00:00
2022,FL,12087,Monroe County,2022-11-22,-14,inperson,7781,,2184,4230,123,1244,1,fl-doe,2026-09-08T00:32:43+00:00
2022,FL,12087,Monroe County,2022-11-22,-14,mail,12509,,5253,5360,171,1725,1,fl-doe,2026-09-08T00:32:43+00:00
2022,FL,12087,Monroe County,2022-11-23,-15,inperson,7781,,2184,4230,123,1244,1,fl-doe,2026-09-08T00:32:43+00:00
2022,FL,12087,Monroe County,2022-11-23,-15,mail,12509,,5253,5360,171,1725,1,fl-doe,2026-09-08T00:32:43+00:00
2022,FL,12089,Nassau County,2022-10-06,33,mail,36,,7,20,2,7,1,fl-doe,2026-09-08T00:32:43+00:00
2022,FL,12089,Nassau County,2022-10-07,32,mail,38,,8,21,2,7,1,fl-doe,2026-09-08T00:32:43+00:00
2022,FL,12089,Nassau County,2022-10-10,29,mail,305,,81,159,10,55,1,fl-doe,2026-09-08T00:32:43+00:00
2022,FL,12089,Nassau County,2022-10-21,18,mail,4629,,1268,2554,102,705,1,fl-doe,2026-09-08T00:32:43+00:00
2022,FL,12089,Nassau County,2022-10-23,16,mail,5093,,1413,2784,108,788,1,fl-doe,2026-09-08T00:32:43+00:00
2022,FL,12089,Nassau County,2022-10-24,15,mail,5093,,1413,2784,108,788,1,fl-doe,2026-09-08T00:32:43+00:00
2022,FL,12089,Nassau County,2022-10-25,14,inperson,0,,0,0,0,0,1,fl-doe,2026-09-08T00:32:43+00:00
2022,FL,12089,Nassau County,2022-10-25,14,mail,5702,,1583,3098,115,906,1,fl-doe,2026-09-08T00:32:43+00:00
2022,FL,12089,Nassau County,2022-10-27,12,inperson,1872,,257,1386,36,193,1,fl-doe,2026-09-08T00:32:43+00:00
2022,FL,12089,Nassau County,2022-10-27,12,mail,6782,,1906,3693,134,1049,1,fl-doe,2026-09-08T00:32:43+00:00
2022,FL,12089,Nassau County,2022-10-28,11,inperson,3533,,530,2576,58,369,1,fl-doe,2026-09-08T00:32:43+00:00
2022,FL,12089,Nassau County,2022-10-28,11,mail,7336,,2072,3988,142,1134,1,fl-doe,2026-09-08T00:32:43+00:00
2022,FL,12089,Nassau County,2022-10-31,8,inperson,6999,,1059,4986,118,836,1,fl-doe,2026-09-08T00:32:43+00:00
2022,FL,12089,Nassau County,2022-10-31,8,mail,8264,,2355,4472,167,1270,1,fl-doe,2026-09-08T00:32:43+00:00
2022,FL,12089,Nassau County,2022-11-01,7,inperson,8529,,1325,6036,141,1027,1,fl-doe,2026-09-08T00:32:43+00:00
2022,FL,12089,Nassau County,2022-11-01,7,mail,8613,,2444,4673,173,1323,1,fl-doe,2026-09-08T00:32:43+00:00
2022,FL,12089,Nassau County,2022-11-02,6,inperson,10159,,1595,7157,164,1243,1,fl-doe,2026-09-08T00:32:43+00:00
2022,FL,12089,Nassau County,2022-11-02,6,mail,9275,,2630,5001,190,1454,1,fl-doe,2026-09-08T00:32:43+00:00
2022,FL,12089,Nassau County,2022-11-03,5,inperson,11751,,1846,8231,196,1478,1,fl-doe,2026-09-08T00:32:43+00:00
2022,FL,12089,Nassau County,2022-11-03,5,mail,9698,,2766,5196,200,1536,1,fl-doe,2026-09-08T00:32:43+00:00
2022,FL,12089,Nassau County,2022-11-04,4,inperson,13509,,2114,9429,226,1740,1,fl-doe,2026-09-08T00:32:43+00:00
2022,FL,12089,Nassau County,2022-11-04,4,mail,10170,,2899,5429,211,1631,1,fl-doe,2026-09-08T00:32:43+00:00
2022,FL,12089,Nassau County,2022-11-05,3,inperson,16025,,2509,11157,274,2085,1,fl-doe,2026-09-08T00:32:43+00:00
2022,FL,12089,Nassau County,2022-11-05,3,mail,10742,,3102,5705,222,1713,1,fl-doe,2026-09-08T00:32:43+00:00
2022,FL,12089,Nassau County,2022-11-06,2,inperson,18430,,2931,12766,321,2412,1,fl-doe,2026-09-08T00:32:43+00:00
2022,FL,12089,Nassau County,2022-11-06,2,mail,11203,,3254,5924,228,1797,1,fl-doe,2026-09-08T00:32:43+00:00
2022,FL,12089,Nassau County,2022-11-07,1,inperson,18430,,2931,12766,321,2412,1,fl-doe,2026-09-08T00:32:43+00:00
2022,FL,12089,Nassau County,2022-11-07,1,mail,11203,,3254,5924,228,1797,1,fl-doe,2026-09-08T00:32:43+00:00
2022,FL,12089,Nassau County,2022-11-14,-6,inperson,18430,,2931,12766,321,2412,1,fl-doe,2026-09-08T00:32:43+00:00
2022,FL,12089,Nassau County,2022-11-14,-6,mail,12390,,3598,6507,255,2030,1,fl-doe,2026-09-08T00:32:43+00:00
2022,FL,12089,Nassau County,2022-11-16,-8,inperson,18430,,2931,12766,321,2412,1,fl-doe,2026-09-08T00:32:43+00:00
2022,FL,12089,Nassau County,2022-11-16,-8,mail,12399,,3599,6513,255,2032,1,fl-doe,2026-09-08T00:32:43+00:00
2022,FL,12089,Nassau County,2022-11-17,-9,inperson,18430,,2931,12766,321,2412,1,fl-doe,2026-09-08T00:32:43+00:00
2022,FL,12089,Nassau County,2022-11-17,-9,mail,12399,,3599,6513,255,2032,1,fl-doe,2026-09-08T00:32:43+00:00
2022,FL,12089,Nassau County,2022-11-18,-10,inperson,18430,,2931,12766,321,2412,1,fl-doe,2026-09-08T00:32:43+00:00
2022,FL,12089,Nassau County,2022-11-18,-10,mail,12399,,3599,6513,255,2032,1,fl-doe,2026-09-08T00:32:43+00:00
2022,FL,12089,Nassau County,2022-11-19,-11,inperson,18430,,2931,12766,321,2412,1,fl-doe,2026-09-08T00:32:43+00:00
2022,FL,12089,Nassau County,2022-11-19,-11,mail,12409,,3601,6519,255,2034,1,fl-doe,2026-09-08T00:32:43+00:00
2022,FL,12089,Nassau County,2022-11-22,-14,inperson,18430,,2931,12766,321,2412,1,fl-doe,2026-09-08T00:32:43+00:00
2022,FL,12089,Nassau County,2022-11-22,-14,mail,12409,,3601,6519,255,2034,1,fl-doe,2026-09-08T00:32:43+00:00
2022,FL,12089,Nassau County,2022-11-23,-15,inperson,18430,,2931,12766,321,2412,1,fl-doe,2026-09-08T00:32:43+00:00
2022,FL,12089,Nassau County,2022-11-23,-15,mail,12409,,3601,6519,255,2034,1,fl-doe,2026-09-08T00:32:43+00:00
2022,FL,12091,Okaloosa County,2022-10-06,33,mail,1270,,283,684,38,265,1,fl-doe,2026-09-08T00:32:43+00:00
2022,FL,12091,Okaloosa County,2022-10-07,32,mail,2432,,627,1306,61,438,1,fl-doe,2026-09-08T00:32:43+00:00
2022,FL,12091,Okaloosa County,2022-10-10,29,mail,2670,,685,1449,65,471,1,fl-doe,2026-09-08T00:32:43+00:00
2022,FL,12091,Okaloosa County,2022-10-21,18,mail,8793,,2360,4830,170,1433,1,fl-doe,2026-09-08T00:32:43+00:00
2022,FL,12091,Okaloosa County,2022-10-23,16,mail,9408,,2536,5165,185,1522,1,fl-doe,2026-09-08T00:32:43+00:00
2022,FL,12091,Okaloosa County,2022-10-24,15,mail,9408,,2536,5165,185,1522,1,fl-doe,2026-09-08T00:32:43+00:00
2022,FL,12091,Okaloosa County,2022-10-25,14,inperson,2048,,270,1531,16,231,1,fl-doe,2026-09-08T00:32:43+00:00
2022,FL,12091,Okaloosa County,2022-10-25,14,mail,10561,,2872,5787,209,1693,1,fl-doe,2026-09-08T00:32:43+00:00
2022,FL,12091,Okaloosa County,2022-10-27,12,inperson,6293,,781,4766,57,689,1,fl-doe,2026-09-08T00:32:43+00:00
2022,FL,12091,Okaloosa County,2022-10-27,12,mail,12168,,3383,6623,229,1933,1,fl-doe,2026-09-08T00:32:43+00:00
2022,FL,12091,Okaloosa County,2022-10-28,11,inperson,8353,,1083,6288,80,902,1,fl-doe,2026-09-08T00:32:43+00:00
2022,FL,12091,Okaloosa County,2022-10-28,11,mail,12768,,3568,6922,236,2042,1,fl-doe,2026-09-08T00:32:43+00:00
2022,FL,12091,Okaloosa County,2022-10-31,8,inperson,12729,,1590,9604,143,1392,1,fl-doe,2026-09-08T00:32:43+00:00
2022,FL,12091,Okaloosa County,2022-10-31,8,mail,14031,,3945,7603,257,2226,1,fl-doe,2026-09-08T00:32:43+00:00
2022,FL,12091,Okaloosa County,2022-11-01,7,inperson,14879,,1863,11193,166,1657,1,fl-doe,2026-09-08T00:32:43+00:00
2022,FL,12091,Okaloosa County,2022-11-01,7,mail,14502,,4090,7848,267,2297,1,fl-doe,2026-09-08T00:32:43+00:00
2022,FL,12091,Okaloosa County,2022-11-02,6,inperson,17160,,2117,12894,191,1958,1,fl-doe,2026-09-08T00:32:43+00:00
2022,FL,12091,Okaloosa County,2022-11-02,6,mail,15212,,4296,8185,284,2447,1,fl-doe,2026-09-08T00:32:43+00:00
2022,FL,12091,Okaloosa County,2022-11-03,5,inperson,19474,,2425,14596,222,2231,1,fl-doe,2026-09-08T00:32:43+00:00
2022,FL,12091,Okaloosa County,2022-11-03,5,mail,16155,,4585,8647,303,2620,1,fl-doe,2026-09-08T00:32:43+00:00
2022,FL,12091,Okaloosa County,2022-11-04,4,inperson,21975,,2756,16385,262,2572,1,fl-doe,2026-09-08T00:32:43+00:00
2022,FL,12091,Okaloosa County,2022-11-04,4,mail,16517,,4696,8837,307,2677,1,fl-doe,2026-09-08T00:32:43+00:00
2022,FL,12091,Okaloosa County,2022-11-05,3,inperson,25347,,3247,18677,306,3117,1,fl-doe,2026-09-08T00:32:43+00:00
2022,FL,12091,Okaloosa County,2022-11-05,3,mail,17170,,4897,9145,325,2803,1,fl-doe,2026-09-08T00:32:43+00:00
2022,FL,12091,Okaloosa County,2022-11-06,2,inperson,27882,,3662,20337,340,3543,1,fl-doe,2026-09-08T00:32:43+00:00
2022,FL,12091,Okaloosa County,2022-11-06,2,mail,17810,,5077,9457,337,2939,1,fl-doe,2026-09-08T00:32:43+00:00
2022,FL,12091,Okaloosa County,2022-11-07,1,inperson,27882,,3662,20337,340,3543,1,fl-doe,2026-09-08T00:32:43+00:00
2022,FL,12091,Okaloosa County,2022-11-07,1,mail,17810,,5077,9457,337,2939,1,fl-doe,2026-09-08T00:32:43+00:00
2022,FL,12091,Okaloosa County,2022-11-14,-6,inperson,27882,,3662,20337,340,3543,1,fl-doe,2026-09-08T00:32:43+00:00
2022,FL,12091,Okaloosa County,2022-11-14,-6,mail,19690,,5664,10340,379,3307,1,fl-doe,2026-09-08T00:32:43+00:00
2022,FL,12091,Okaloosa County,2022-11-16,-8,inperson,27882,,3662,20337,340,3543,1,fl-doe,2026-09-08T00:32:43+00:00
2022,FL,12091,Okaloosa County,2022-11-16,-8,mail,19701,,5669,10344,379,3309,1,fl-doe,2026-09-08T00:32:43+00:00
2022,FL,12091,Okaloosa County,2022-11-17,-9,inperson,27882,,3662,20337,340,3543,1,fl-doe,2026-09-08T00:32:43+00:00
2022,FL,12091,Okaloosa County,2022-11-17,-9,mail,19702,,5670,10344,379,3309,1,fl-doe,2026-09-08T00:32:43+00:00
2022,FL,12091,Okaloosa County,2022-11-18,-10,inperson,27882,,3662,20337,340,3543,1,fl-doe,2026-09-08T00:32:43+00:00
2022,FL,12091,Okaloosa County,2022-11-18,-10,mail,19703,,5670,10345,379,3309,1,fl-doe,2026-09-08T00:32:43+00:00
2022,FL,12091,Okaloosa County,2022-11-19,-11,inperson,27882,,3662,20337,340,3543,1,fl-doe,2026-09-08T00:32:43+00:00
2022,FL,12091,Okaloosa County,2022-11-19,-11,mail,19706,,5672,10345,379,3310,1,fl-doe,2026-09-08T00:32:43+00:00
2022,FL,12091,Okaloosa County,2022-11-22,-14,inperson,27882,,3662,20337,340,3543,1,fl-doe,2026-09-08T00:32:43+00:00
2022,FL,12091,Okaloosa County,2022-11-22,-14,mail,19706,,5672,10345,379,3310,1,fl-doe,2026-09-08T00:32:43+00:00
2022,FL,12091,Okaloosa County,2022-11-23,-15,inperson,27882,,3662,20337,340,3543,1,fl-doe,2026-09-08T00:32:43+00:00
2022,FL,12091,Okaloosa County,2022-11-23,-15,mail,19706,,5672,10345,379,3310,1,fl-doe,2026-09-08T00:32:43+00:00
2022,FL,12093,Okeechobee County,2022-10-06,33,mail,8,,2,5,0,1,1,fl-doe,2026-09-08T00:32:43+00:00
2022,FL,12093,Okeechobee County,2022-10-07,32,mail,24,,4,17,0,3,1,fl-doe,2026-09-08T00:32:43+00:00
2022,FL,12093,Okeechobee County,2022-10-10,29,mail,125,,44,71,2,8,1,fl-doe,2026-09-08T00:32:43+00:00
2022,FL,12093,Okeechobee County,2022-10-21,18,mail,1121,,417,601,11,92,1,fl-doe,2026-09-08T00:32:43+00:00
2022,FL,12093,Okeechobee County,2022-10-23,16,mail,1179,,432,634,11,102,1,fl-doe,2026-09-08T00:32:43+00:00
2022,FL,12093,Okeechobee County,2022-10-24,15,mail,1179,,432,634,11,102,1,fl-doe,2026-09-08T00:32:43+00:00
2022,FL,12093,Okeechobee County,2022-10-25,14,inperson,0,,0,0,0,0,1,fl-doe,2026-09-08T00:32:43+00:00
2022,FL,12093,Okeechobee County,2022-10-25,14,mail,1315,,490,700,13,112,1,fl-doe,2026-09-08T00:32:43+00:00
2022,FL,12093,Okeechobee County,2022-10-27,12,inperson,0,,0,0,0,0,1,fl-doe,2026-09-08T00:32:43+00:00
2022,FL,12093,Okeechobee County,2022-10-27,12,mail,1500,,549,798,17,136,1,fl-doe,2026-09-08T00:32:43+00:00
2022,FL,12093,Okeechobee County,2022-10-28,11,inperson,0,,0,0,0,0,1,fl-doe,2026-09-08T00:32:43+00:00
2022,FL,12093,Okeechobee County,2022-10-28,11,mail,1579,,581,834,18,146,1,fl-doe,2026-09-08T00:32:43+00:00
2022,FL,12093,Okeechobee County,2022-10-31,8,inperson,647,,103,483,3,58,1,fl-doe,2026-09-08T00:32:43+00:00
2022,FL,12093,Okeechobee County,2022-10-31,8,mail,1666,,609,887,19,151,1,fl-doe,2026-09-08T00:32:43+00:00
2022,FL,12093,Okeechobee County,2022-11-01,7,inperson,1171,,179,884,7,101,1,fl-doe,2026-09-08T00:32:43+00:00
2022,FL,12093,Okeechobee County,2022-11-01,7,mail,1810,,657,968,22,163,1,fl-doe,2026-09-08T00:32:43+00:00
2022,FL,12093,Okeechobee County,2022-11-02,6,inperson,1602,,270,1179,10,143,1,fl-doe,2026-09-08T00:32:43+00:00
2022,FL,12093,Okeechobee County,2022-11-02,6,mail,1902,,678,1022,22,180,1,fl-doe,2026-09-08T00:32:43+00:00
2022,FL,12093,Okeechobee County,2022-11-03,5,inperson,2029,,344,1490,13,182,1,fl-doe,2026-09-08T00:32:43+00:00
2022,FL,12093,Okeechobee County,2022-11-03,5,mail,1984,,704,1067,23,190,1,fl-doe,2026-09-08T00:32:43+00:00
2022,FL,12093,Okeechobee County,2022-11-04,4,inperson,2451,,423,1782,16,230,1,fl-doe,2026-09-08T00:32:43+00:00
2022,FL,12093,Okeechobee County,2022-11-04,4,mail,2047,,727,1096,26,198,1,fl-doe,2026-09-08T00:32:43+00:00
2022,FL,12093,Okeechobee County,2022-11-05,3,inperson,2994,,507,2182,21,284,1,fl-doe,2026-09-08T00:32:43+00:00
2022,FL,12093,Okeechobee County,2022-11-05,3,mail,2126,,757,1134,27,208,1,fl-doe,2026-09-08T00:32:43+00:00
2022,FL,12093,Okeechobee County,2022-11-06,2,inperson,3411,,585,2463,23,340,1,fl-doe,2026-09-08T00:32:43+00:00
2022,FL,12093,Okeechobee County,2022-11-06,2,mail,2126,,757,1134,27,208,1,fl-doe,2026-09-08T00:32:43+00:00
2022,FL,12093,Okeechobee County,2022-11-07,1,inperson,3411,,585,2463,23,340,1,fl-doe,2026-09-08T00:32:43+00:00
2022,FL,12093,Okeechobee County,2022-11-07,1,mail,2126,,757,1134,27,208,1,fl-doe,2026-09-08T00:32:43+00:00
2022,FL,12093,Okeechobee County,2022-11-14,-6,inperson,3411,,585,2463,23,340,1,fl-doe,2026-09-08T00:32:43+00:00
2022,FL,12093,Okeechobee County,2022-11-14,-6,mail,2411,,844,1286,30,251,1,fl-doe,2026-09-08T00:32:43+00:00
2022,FL,12093,Okeechobee County,2022-11-16,-8,inperson,3411,,585,2463,23,340,1,fl-doe,2026-09-08T00:32:43+00:00
2022,FL,12093,Okeechobee County,2022-11-16,-8,mail,2412,,845,1286,30,251,1,fl-doe,2026-09-08T00:32:43+00:00
2022,FL,12093,Okeechobee County,2022-11-17,-9,inperson,3411,,585,2463,23,340,1,fl-doe,2026-09-08T00:32:43+00:00
2022,FL,12093,Okeechobee County,2022-11-17,-9,mail,2412,,845,1286,30,251,1,fl-doe,2026-09-08T00:32:43+00:00
2022,FL,12093,Okeechobee County,2022-11-18,-10,inperson,3411,,585,2463,23,340,1,fl-doe,2026-09-08T00:32:43+00:00
2022,FL,12093,Okeechobee County,2022-11-18,-10,mail,2412,,845,1286,30,251,1,fl-doe,2026-09-08T00:32:43+00:00
2022,FL,12093,Okeechobee County,2022-11-19,-11,inperson,3411,,585,2463,23,340,1,fl-doe,2026-09-08T00:32:43+00:00
2022,FL,12093,Okeechobee County,2022-11-19,-11,mail,2412,,845,1286,30,251,1,fl-doe,2026-09-08T00:32:43+00:00
2022,FL,12093,Okeechobee County,2022-11-22,-14,inperson,3411,,585,2463,23,340,1,fl-doe,2026-09-08T00:32:43+00:00
2022,FL,12093,Okeechobee County,2022-11-22,-14,mail,2412,,845,1286,30,251,1,fl-doe,2026-09-08T00:32:43+00:00
2022,FL,12093,Okeechobee County,2022-11-23,-15,inperson,3411,,585,2463,23,340,1,fl-doe,2026-09-08T00:32:43+00:00
2022,FL,12093,Okeechobee County,2022-11-23,-15,mail,2412,,845,1286,30,251,1,fl-doe,2026-09-08T00:32:43+00:00
2022,FL,12095,Orange County,2022-10-06,33,mail,98,,61,21,3,13,1,fl-doe,2026-09-08T00:32:43+00:00
2022,FL,12095,Orange County,2022-10-07,32,mail,106,,64,24,4,14,1,fl-doe,2026-09-08T00:32:43+00:00
2022,FL,12095,Orange County,2022-10-10,29,mail,506,,242,175,10,79,1,fl-doe,2026-09-08T00:32:43+00:00
2022,FL,12095,Orange County,2022-10-21,18,mail,37836,,17538,12483,548,7267,1,fl-doe,2026-09-08T00:32:43+00:00
2022,FL,12095,Orange County,2022-10-23,16,mail,45723,,21406,15005,630,8682,1,fl-doe,2026-09-08T00:32:43+00:00
2022,FL,12095,Orange County,2022-10-24,15,mail,45723,,21406,15005,630,8682,1,fl-doe,2026-09-08T00:32:43+00:00
2022,FL,12095,Orange County,2022-10-25,14,inperson,7592,,3088,3139,100,1265,1,fl-doe,2026-09-08T00:32:43+00:00
2022,FL,12095,Orange County,2022-10-25,14,mail,53081,,25041,17216,717,10107,1,fl-doe,2026-09-08T00:32:43+00:00
2022,FL,12095,Orange County,2022-10-27,12,inperson,22417,,9241,9037,281,3858,1,fl-doe,2026-09-08T00:32:43+00:00
2022,FL,12095,Orange County,2022-10-27,12,mail,67267,,32161,21344,869,12893,1,fl-doe,2026-09-08T00:32:43+00:00
2022,FL,12095,Orange County,2022-10-28,11,inperson,29252,,12100,11700,362,5090,1,fl-doe,2026-09-08T00:32:43+00:00
2022,FL,12095,Orange County,2022-10-28,11,mail,72510,,34777,22892,957,13884,1,fl-doe,2026-09-08T00:32:43+00:00
2022,FL,12095,Orange County,2022-10-31,8,inperson,49837,,20980,19215,599,9043,1,fl-doe,2026-09-08T00:32:43+00:00
2022,FL,12095,Orange County,2022-10-31,8,mail,82929,,40005,25831,1090,16003,1,fl-doe,2026-09-08T00:32:43+00:00
2022,FL,12095,Orange County,2022-11-01,7,inperson,58118,,24420,22330,702,10666,1,fl-doe,2026-09-08T00:32:43+00:00
2022,FL,12095,Orange County,2022-11-01,7,mail,87427,,42280,27096,1136,16915,1,fl-doe,2026-09-08T00:32:43+00:00
2022,FL,12095,Orange County,2022-11-02,6,inperson,67184,,28154,25784,814,12432,1,fl-doe,2026-09-08T00:32:43+00:00
2022,FL,12095,Orange County,2022-11-02,6,mail,89695,,43393,27748,1156,17398,1,fl-doe,2026-09-08T00:32:43+00:00
2022,FL,12095,Orange County,2022-11-03,5,inperson,77482,,32421,29665,960,14436,1,fl-doe,2026-09-08T00:32:43+00:00
2022,FL,12095,Orange County,2022-11-03,5,mail,92870,,44994,28628,1193,18055,1,fl-doe,2026-09-08T00:32:43+00:00
2022,FL,12095,Orange County,2022-11-04,4,inperson,88997,,37283,33771,1116,16827,1,fl-doe,2026-09-08T00:32:43+00:00
2022,FL,12095,Orange County,2022-11-04,4,mail,104913,,50712,31938,1381,20882,1,fl-doe,2026-09-08T00:32:43+00:00
2022,FL,12095,Orange County,2022-11-05,3,inperson,104992,,43919,39296,1361,20416,1,fl-doe,2026-09-08T00:32:43+00:00
2022,FL,12095,Orange County,2022-11-05,3,mail,111776,,54087,33753,1495,22441,1,fl-doe,2026-09-08T00:32:43+00:00
2022,FL,12095,Orange County,2022-11-06,2,inperson,120127,,50789,43960,1557,23821,1,fl-doe,2026-09-08T00:32:43+00:00
2022,FL,12095,Orange County,2022-11-06,2,mail,116979,,56639,35009,1563,23768,1,fl-doe,2026-09-08T00:32:43+00:00
2022,FL,12095,Orange County,2022-11-07,1,inperson,140307,,60454,49576,1882,28395,1,fl-doe,2026-09-08T00:32:43+00:00
2022,FL,12095,Orange County,2022-11-07,1,mail,120227,,58525,35604,1599,24499,1,fl-doe,2026-09-08T00:32:43+00:00
2022,FL,12095,Orange County,2022-11-14,-6,inperson,140308,,60455,49576,1882,28395,1,fl-doe,2026-09-08T00:32:43+00:00
2022,FL,12095,Orange County,2022-11-14,-6,mail,128888,,62967,37605,1737,26579,1,fl-doe,2026-09-08T00:32:43+00:00
2022,FL,12095,Orange County,2022-11-16,-8,inperson,140308,,60455,49576,1882,28395,1,fl-doe,2026-09-08T00:32:43+00:00
2022,FL,12095,Orange County,2022-11-16,-8,mail,128905,,62978,37607,1737,26583,1,fl-doe,2026-09-08T00:32:43+00:00
2022,FL,12095,Orange County,2022-11-17,-9,inperson,140308,,60455,49576,1882,28395,1,fl-doe,2026-09-08T00:32:43+00:00
2022,FL,12095,Orange County,2022-11-17,-9,mail,128912,,62982,37608,1737,26585,1,fl-doe,2026-09-08T00:32:43+00:00
2022,FL,12095,Orange County,2022-11-18,-10,inperson,140308,,60455,49576,1882,28395,1,fl-doe,2026-09-08T00:32:43+00:00
2022,FL,12095,Orange County,2022-11-18,-10,mail,128921,,62986,37610,1737,26588,1,fl-doe,2026-09-08T00:32:43+00:00
2022,FL,12095,Orange County,2022-11-19,-11,inperson,140308,,60455,49576,1882,28395,1,fl-doe,2026-09-08T00:32:43+00:00
2022,FL,12095,Orange County,2022-11-19,-11,mail,128926,,62989,37610,1737,26590,1,fl-doe,2026-09-08T00:32:43+00:00
2022,FL,12095,Orange County,2022-11-22,-14,inperson,140308,,60455,49576,1882,28395,1,fl-doe,2026-09-08T00:32:43+00:00
2022,FL,12095,Orange County,2022-11-22,-14,mail,128926,,62989,37610,1737,26590,1,fl-doe,2026-09-08T00:32:43+00:00
2022,FL,12095,Orange County,2022-11-23,-15,inperson,140308,,60455,49576,1882,28395,1,fl-doe,2026-09-08T00:32:43+00:00
2022,FL,12095,Orange County,2022-11-23,-15,mail,128926,,62989,37610,1737,26590,1,fl-doe,2026-09-08T00:32:43+00:00
2022,FL,12097,Osceola County,2022-10-06,33,mail,47,,21,14,1,11,1,fl-doe,2026-09-08T00:32:43+00:00
2022,FL,12097,Osceola County,2022-10-07,32,mail,69,,28,21,3,17,1,fl-doe,2026-09-08T00:32:43+00:00
2022,FL,12097,Osceola County,2022-10-10,29,mail,88,,34,30,3,21,1,fl-doe,2026-09-08T00:32:43+00:00
2022,FL,12097,Osceola County,2022-10-21,18,mail,15939,,7299,4703,179,3758,1,fl-doe,2026-09-08T00:32:43+00:00
2022,FL,12097,Osceola County,2022-10-23,16,mail,17165,,7865,5040,192,4068,1,fl-doe,2026-09-08T00:32:43+00:00
2022,FL,12097,Osceola County,2022-10-24,15,mail,17165,,7865,5040,192,4068,1,fl-doe,2026-09-08T00:32:43+00:00
2022,FL,12097,Osceola County,2022-10-25,14,inperson,1585,,583,698,11,293,1,fl-doe,2026-09-08T00:32:43+00:00
2022,FL,12097,Osceola County,2022-10-25,14,mail,19462,,8886,5729,214,4633,1,fl-doe,2026-09-08T00:32:43+00:00
2022,FL,12097,Osceola County,2022-10-27,12,inperson,4910,,1798,2163,47,902,1,fl-doe,2026-09-08T00:32:43+00:00
2022,FL,12097,Osceola County,2022-10-27,12,mail,24101,,11135,6979,265,5722,1,fl-doe,2026-09-08T00:32:43+00:00
2022,FL,12097,Osceola County,2022-10-28,11,inperson,6477,,2319,2825,70,1263,1,fl-doe,2026-09-08T00:32:43+00:00
2022,FL,12097,Osceola County,2022-10-28,11,mail,25895,,11996,7483,297,6119,1,fl-doe,2026-09-08T00:32:43+00:00
2022,FL,12097,Osceola County,2022-10-31,8,inperson,10676,,3874,4551,117,2134,1,fl-doe,2026-09-08T00:32:43+00:00
2022,FL,12097,Osceola County,2022-10-31,8,mail,27884,,12931,8035,308,6610,1,fl-doe,2026-09-08T00:32:43+00:00
2022,FL,12097,Osceola County,2022-11-01,7,inperson,12579,,4540,5364,138,2537,1,fl-doe,2026-09-08T00:32:43+00:00
2022,FL,12097,Osceola County,2022-11-01,7,mail,30862,,14375,8818,326,7343,1,fl-doe,2026-09-08T00:32:43+00:00
2022,FL,12097,Osceola County,2022-11-02,6,inperson,14482,,5186,6178,165,2953,1,fl-doe,2026-09-08T00:32:43+00:00
2022,FL,12097,Osceola County,2022-11-02,6,mail,31852,,14856,9100,334,7562,1,fl-doe,2026-09-08T00:32:43+00:00
2022,FL,12097,Osceola County,2022-11-03,5,inperson,16724,,5939,7133,193,3459,1,fl-doe,2026-09-08T00:32:43+00:00
2022,FL,12097,Osceola County,2022-11-03,5,mail,33037,,15396,9420,348,7873,1,fl-doe,2026-09-08T00:32:43+00:00
2022,FL,12097,Osceola County,2022-11-04,4,inperson,19133,,6769,8112,220,4032,1,fl-doe,2026-09-08T00:32:43+00:00
2022,FL,12097,Osceola County,2022-11-04,4,mail,33875,,15783,9658,353,8081,1,fl-doe,2026-09-08T00:32:43+00:00
2022,FL,12097,Osceola County,2022-11-05,3,inperson,22393,,7887,9419,268,4819,1,fl-doe,2026-09-08T00:32:43+00:00
2022,FL,12097,Osceola County,2022-11-05,3,mail,36204,,16834,10268,379,8723,1,fl-doe,2026-09-08T00:32:43+00:00
2022,FL,12097,Osceola County,2022-11-06,2,inperson,25449,,9044,10456,309,5640,1,fl-doe,2026-09-08T00:32:43+00:00
2022,FL,12097,Osceola County,2022-11-06,2,mail,36204,,16834,10268,379,8723,1,fl-doe,2026-09-08T00:32:43+00:00
2022,FL,12097,Osceola County,2022-11-07,1,inperson,29783,,10821,11847,375,6740,1,fl-doe,2026-09-08T00:32:43+00:00
2022,FL,12097,Osceola County,2022-11-07,1,mail,36204,,16834,10268,379,8723,1,fl-doe,2026-09-08T00:32:43+00:00
2022,FL,12097,Osceola County,2022-11-14,-6,inperson,29783,,10821,11847,375,6740,1,fl-doe,2026-09-08T00:32:43+00:00
2022,FL,12097,Osceola County,2022-11-14,-6,mail,42195,,19592,11739,454,10410,1,fl-doe,2026-09-08T00:32:43+00:00
2022,FL,12097,Osceola County,2022-11-16,-8,inperson,29783,,10821,11847,375,6740,1,fl-doe,2026-09-08T00:32:43+00:00
2022,FL,12097,Osceola County,2022-11-16,-8,mail,42243,,19614,11749,454,10426,1,fl-doe,2026-09-08T00:32:43+00:00
2022,FL,12097,Osceola County,2022-11-17,-9,inperson,29783,,10821,11847,375,6740,1,fl-doe,2026-09-08T00:32:43+00:00
2022,FL,12097,Osceola County,2022-11-17,-9,mail,42243,,19614,11749,454,10426,1,fl-doe,2026-09-08T00:32:43+00:00
2022,FL,12097,Osceola County,2022-11-18,-10,inperson,29783,,10821,11847,375,6740,1,fl-doe,2026-09-08T00:32:43+00:00
2022,FL,12097,Osceola County,2022-11-18,-10,mail,42243,,19614,11749,454,10426,1,fl-doe,2026-09-08T00:32:43+00:00
2022,FL,12097,Osceola County,2022-11-19,-11,inperson,29783,,10821,11847,375,6740,1,fl-doe,2026-09-08T00:32:43+00:00
2022,FL,12097,Osceola County,2022-11-19,-11,mail,42243,,19614,11749,454,10426,1,fl-doe,2026-09-08T00:32:43+00:00
2022,FL,12097,Osceola County,2022-11-22,-14,inperson,29783,,10821,11847,375,6740,1,fl-doe,2026-09-08T00:32:43+00:00
2022,FL,12097,Osceola County,2022-11-22,-14,mail,42243,,19614,11749,454,10426,1,fl-doe,2026-09-08T00:32:43+00:00
2022,FL,12097,Osceola County,2022-11-23,-15,inperson,29783,,10821,11847,375,6740,1,fl-doe,2026-09-08T00:32:43+00:00
2022,FL,12097,Osceola County,2022-11-23,-15,mail,42243,,19614,11749,454,10426,1,fl-doe,2026-09-08T00:32:43+00:00
2022,FL,12099,Palm Beach County,2022-10-06,33,mail,16681,,8248,4671,319,3443,1,fl-doe,2026-09-08T00:32:43+00:00
2022,FL,12099,Palm Beach County,2022-10-07,32,mail,22519,,11089,6344,422,4664,1,fl-doe,2026-09-08T00:32:43+00:00
2022,FL,12099,Palm Beach County,2022-10-10,29,mail,28673,,14531,7824,515,5803,1,fl-doe,2026-09-08T00:32:43+00:00
2022,FL,12099,Palm Beach County,2022-10-21,18,mail,103320,,56162,25668,1740,19750,1,fl-doe,2026-09-08T00:32:43+00:00
2022,FL,12099,Palm Beach County,2022-10-23,16,mail,110239,,59956,27388,1856,21039,1,fl-doe,2026-09-08T00:32:43+00:00
2022,FL,12099,Palm Beach County,2022-10-24,15,mail,110572,,60146,27466,1862,21098,1,fl-doe,2026-09-08T00:32:43+00:00
2022,FL,12099,Palm Beach County,2022-10-25,14,inperson,8825,,2948,4042,199,1636,1,fl-doe,2026-09-08T00:32:43+00:00
2022,FL,12099,Palm Beach County,2022-10-25,14,mail,119677,,65053,29724,2037,22863,1,fl-doe,2026-09-08T00:32:43+00:00
2022,FL,12099,Palm Beach County,2022-10-27,12,inperson,24538,,8158,11296,486,4598,1,fl-doe,2026-09-08T00:32:43+00:00
2022,FL,12099,Palm Beach County,2022-10-27,12,mail,142878,,78036,35056,2413,27373,1,fl-doe,2026-09-08T00:32:43+00:00
2022,FL,12099,Palm Beach County,2022-10-28,11,inperson,31712,,10523,14633,613,5943,1,fl-doe,2026-09-08T00:32:43+00:00
2022,FL,12099,Palm Beach County,2022-10-28,11,mail,148289,,80816,36416,2522,28535,1,fl-doe,2026-09-08T00:32:43+00:00
2022,FL,12099,Palm Beach County,2022-10-31,8,inperson,50936,,17208,22917,980,9831,1,fl-doe,2026-09-08T00:32:43+00:00
2022,FL,12099,Palm Beach County,2022-10-31,8,mail,163053,,88731,40034,2788,31500,1,fl-doe,2026-09-08T00:32:43+00:00
2022,FL,12099,Palm Beach County,2022-11-01,7,inperson,59227,,19766,26756,1147,11558,1,fl-doe,2026-09-08T00:32:43+00:00
2022,FL,12099,Palm Beach County,2022-11-01,7,mail,167382,,90961,41089,2865,32467,1,fl-doe,2026-09-08T00:32:43+00:00
2022,FL,12099,Palm Beach County,2022-11-02,6,inperson,67649,,22304,30566,1307,13472,1,fl-doe,2026-09-08T00:32:43+00:00
2022,FL,12099,Palm Beach County,2022-11-02,6,mail,175824,,95279,43132,3029,34384,1,fl-doe,2026-09-08T00:32:43+00:00
2022,FL,12099,Palm Beach County,2022-11-03,5,inperson,76636,,25095,34602,1498,15441,1,fl-doe,2026-09-08T00:32:43+00:00
2022,FL,12099,Palm Beach County,2022-11-03,5,mail,184819,,100043,45338,3183,36255,1,fl-doe,2026-09-08T00:32:43+00:00
2022,FL,12099,Palm Beach County,2022-11-04,4,inperson,86757,,28235,39029,1703,17790,1,fl-doe,2026-09-08T00:32:43+00:00
2022,FL,12099,Palm Beach County,2022-11-04,4,mail,191154,,103245,46918,3297,37694,1,fl-doe,2026-09-08T00:32:43+00:00
2022,FL,12099,Palm Beach County,2022-11-05,3,inperson,100192,,32477,44835,1986,20894,1,fl-doe,2026-09-08T00:32:43+00:00
2022,FL,12099,Palm Beach County,2022-11-05,3,mail,197493,,106413,48450,3426,39204,1,fl-doe,2026-09-08T00:32:43+00:00
2022,FL,12099,Palm Beach County,2022-11-06,2,inperson,112334,,36523,49700,2230,23881,1,fl-doe,2026-09-08T00:32:43+00:00
2022,FL,12099,Palm Beach County,2022-11-06,2,mail,202667,,109025,49592,3528,40522,1,fl-doe,2026-09-08T00:32:43+00:00
2022,FL,12099,Palm Beach County,2022-11-07,1,inperson,130137,,43058,56258,2615,28206,1,fl-doe,2026-09-08T00:32:43+00:00
2022,FL,12099,Palm Beach County,2022-11-07,1,mail,206380,,111092,50304,3608,41376,1,fl-doe,2026-09-08T00:32:43+00:00
2022,FL,12099,Palm Beach County,2022-11-14,-6,inperson,130137,,43058,56258,2615,28206,1,fl-doe,2026-09-08T00:32:43+00:00
2022,FL,12099,Palm Beach County,2022-11-14,-6,mail,221020,,118348,53645,3954,45073,1,fl-doe,2026-09-08T00:32:43+00:00
2022,FL,12099,Palm Beach County,2022-11-16,-8,inperson,130137,,43058,56258,2615,28206,1,fl-doe,2026-09-08T00:32:43+00:00
2022,FL,12099,Palm Beach County,2022-11-16,-8,mail,221057,,118372,53651,3954,45080,1,fl-doe,2026-09-08T00:32:43+00:00
2022,FL,12099,Palm Beach County,2022-11-17,-9,inperson,130137,,43058,56258,2615,28206,1,fl-doe,2026-09-08T00:32:43+00:00
2022,FL,12099,Palm Beach County,2022-11-17,-9,mail,221066,,118378,53652,3954,45082,1,fl-doe,2026-09-08T00:32:43+00:00
2022,FL,12099,Palm Beach County,2022-11-18,-10,inperson,130137,,43058,56258,2615,28206,1,fl-doe,2026-09-08T00:32:43+00:00
2022,FL,12099,Palm Beach County,2022-11-18,-10,mail,221078,,118386,53655,3954,45083,1,fl-doe,2026-09-08T00:32:43+00:00
2022,FL,12099,Palm Beach County,2022-11-19,-11,inperson,130137,,43058,56258,2615,28206,1,fl-doe,2026-09-08T00:32:43+00:00
2022,FL,12099,Palm Beach County,2022-11-19,-11,mail,221087,,118390,53655,3954,45088,1,fl-doe,2026-09-08T00:32:43+00:00
2022,FL,12099,Palm Beach County,2022-11-22,-14,inperson,130137,,43058,56258,2615,28206,1,fl-doe,2026-09-08T00:32:43+00:00
2022,FL,12099,Palm Beach County,2022-11-22,-14,mail,221087,,118390,53655,3954,45088,1,fl-doe,2026-09-08T00:32:43+00:00
2022,FL,12099,Palm Beach County,2022-11-23,-15,inperson,130137,,43058,56258,2615,28206,1,fl-doe,2026-09-08T00:32:43+00:00
2022,FL,12099,Palm Beach County,2022-11-23,-15,mail,221087,,118390,53655,3954,45088,1,fl-doe,2026-09-08T00:32:43+00:00
2022,FL,12101,Pasco County,2022-10-06,33,mail,147,,38,84,4,21,1,fl-doe,2026-09-08T00:32:43+00:00
2022,FL,12101,Pasco County,2022-10-07,32,mail,294,,87,150,4,53,1,fl-doe,2026-09-08T00:32:43+00:00
2022,FL,12101,Pasco County,2022-10-10,29,mail,6654,,2335,2831,118,1370,1,fl-doe,2026-09-08T00:32:43+00:00
2022,FL,12101,Pasco County,2022-10-21,18,mail,34653,,12968,14129,582,6974,1,fl-doe,2026-09-08T00:32:43+00:00
2022,FL,12101,Pasco County,2022-10-23,16,mail,37359,,13991,15185,636,7547,1,fl-doe,2026-09-08T00:32:43+00:00
2022,FL,12101,Pasco County,2022-10-24,15,mail,37359,,13991,15185,636,7547,1,fl-doe,2026-09-08T00:32:43+00:00
2022,FL,12101,Pasco County,2022-10-25,14,inperson,0,,0,0,0,0,1,fl-doe,2026-09-08T00:32:43+00:00
2022,FL,12101,Pasco County,2022-10-25,14,mail,41387,,15531,16759,696,8401,1,fl-doe,2026-09-08T00:32:43+00:00
2022,FL,12101,Pasco County,2022-10-27,12,inperson,5201,,1149,3135,55,862,1,fl-doe,2026-09-08T00:32:43+00:00
2022,FL,12101,Pasco County,2022-10-27,12,mail,48347,,18409,19321,801,9816,1,fl-doe,2026-09-08T00:32:43+00:00
2022,FL,12101,Pasco County,2022-10-28,11,inperson,9509,,2043,5752,125,1589,1,fl-doe,2026-09-08T00:32:43+00:00
2022,FL,12101,Pasco County,2022-10-28,11,mail,51447,,19620,20476,845,10506,1,fl-doe,2026-09-08T00:32:43+00:00
2022,FL,12101,Pasco County,2022-10-31,8,inperson,19273,,4286,11318,281,3388,1,fl-doe,2026-09-08T00:32:43+00:00
2022,FL,12101,Pasco County,2022-10-31,8,mail,56627,,21621,22477,930,11599,1,fl-doe,2026-09-08T00:32:43+00:00
2022,FL,12101,Pasco County,2022-11-01,7,inperson,23339,,5180,13672,352,4135,1,fl-doe,2026-09-08T00:32:43+00:00
2022,FL,12101,Pasco County,2022-11-01,7,mail,58310,,22263,23097,964,11986,1,fl-doe,2026-09-08T00:32:43+00:00
2022,FL,12101,Pasco County,2022-11-02,6,inperson,27723,,6042,16273,440,4968,1,fl-doe,2026-09-08T00:32:43+00:00
2022,FL,12101,Pasco County,2022-11-02,6,mail,61818,,23587,24423,1009,12799,1,fl-doe,2026-09-08T00:32:43+00:00
2022,FL,12101,Pasco County,2022-11-03,5,inperson,32148,,6956,18830,499,5863,1,fl-doe,2026-09-08T00:32:43+00:00
2022,FL,12101,Pasco County,2022-11-03,5,mail,64399,,24588,25391,1070,13350,1,fl-doe,2026-09-08T00:32:43+00:00
2022,FL,12101,Pasco County,2022-11-04,4,inperson,37300,,8044,21812,575,6869,1,fl-doe,2026-09-08T00:32:43+00:00
2022,FL,12101,Pasco County,2022-11-04,4,mail,66894,,25564,26309,1106,13915,1,fl-doe,2026-09-08T00:32:43+00:00
2022,FL,12101,Pasco County,2022-11-05,3,inperson,44395,,9548,25779,696,8372,1,fl-doe,2026-09-08T00:32:43+00:00
2022,FL,12101,Pasco County,2022-11-05,3,mail,69568,,26596,27321,1145,14506,1,fl-doe,2026-09-08T00:32:43+00:00
2022,FL,12101,Pasco County,2022-11-06,2,inperson,52197,,11494,29900,815,9988,1,fl-doe,2026-09-08T00:32:43+00:00
2022,FL,12101,Pasco County,2022-11-06,2,mail,71470,,27299,27998,1183,14990,1,fl-doe,2026-09-08T00:32:43+00:00
2022,FL,12101,Pasco County,2022-11-07,1,inperson,52197,,11494,29900,815,9988,1,fl-doe,2026-09-08T00:32:43+00:00
2022,FL,12101,Pasco County,2022-11-07,1,mail,72313,,27654,28283,1197,15179,1,fl-doe,2026-09-08T00:32:43+00:00
2022,FL,12101,Pasco County,2022-11-14,-6,inperson,52196,,11494,29900,815,9987,1,fl-doe,2026-09-08T00:32:43+00:00
2022,FL,12101,Pasco County,2022-11-14,-6,mail,77380,,29648,30005,1297,16430,1,fl-doe,2026-09-08T00:32:43+00:00
2022,FL,12101,Pasco County,2022-11-16,-8,inperson,52196,,11494,29900,815,9987,1,fl-doe,2026-09-08T00:32:43+00:00
2022,FL,12101,Pasco County,2022-11-16,-8,mail,77388,,29649,30006,1297,16436,1,fl-doe,2026-09-08T00:32:43+00:00
2022,FL,12101,Pasco County,2022-11-17,-9,inperson,52196,,11494,29900,815,9987,1,fl-doe,2026-09-08T00:32:43+00:00
2022,FL,12101,Pasco County,2022-11-17,-9,mail,77389,,29650,30006,1297,16436,1,fl-doe,2026-09-08T00:32:43+00:00
2022,FL,12101,Pasco County,2022-11-18,-10,inperson,52196,,11494,29900,815,9987,1,fl-doe,2026-09-08T00:32:43+00:00
2022,FL,12101,Pasco County,2022-11-18,-10,mail,77389,,29650,30006,1297,16436,1,fl-doe,2026-09-08T00:32:43+00:00
2022,FL,12101,Pasco County,2022-11-19,-11,inperson,52196,,11494,29900,815,9987,1,fl-doe,2026-09-08T00:32:43+00:00
2022,FL,12101,Pasco County,2022-11-19,-11,mail,77389,,29650,30006,1297,16436,1,fl-doe,2026-09-08T00:32:43+00:00
2022,FL,12101,Pasco County,2022-11-22,-14,inperson,52196,,11494,29900,815,9987,1,fl-doe,2026-09-08T00:32:43+00:00
2022,FL,12101,Pasco County,2022-11-22,-14,mail,77389,,29650,30006,1297,16436,1,fl-doe,2026-09-08T00:32:43+00:00
2022,FL,12101,Pasco County,2022-11-23,-15,inperson,52196,,11494,29900,815,9987,1,fl-doe,2026-09-08T00:32:43+00:00
2022,FL,12101,Pasco County,2022-11-23,-15,mail,77389,,29650,30006,1297,16436,1,fl-doe,2026-09-08T00:32:43+00:00
2022,FL,12103,Pinellas County,2022-10-06,33,mail,132,,43,46,4,39,1,fl-doe,2026-09-08T00:32:43+00:00
2022,FL,12103,Pinellas County,2022-10-07,32,mail,256,,86,96,6,68,1,fl-doe,2026-09-08T00:32:43+00:00
2022,FL,12103,Pinellas County,2022-10-10,29,mail,400,,143,146,10,101,1,fl-doe,2026-09-08T00:32:43+00:00
2022,FL,12103,Pinellas County,2022-10-21,18,mail,76514,,30487,29682,1192,15153,1,fl-doe,2026-09-08T00:32:43+00:00
2022,FL,12103,Pinellas County,2022-10-23,16,mail,83480,,33506,32248,1291,16435,1,fl-doe,2026-09-08T00:32:43+00:00
2022,FL,12103,Pinellas County,2022-10-24,15,mail,83480,,33506,32248,1291,16435,1,fl-doe,2026-09-08T00:32:43+00:00
2022,FL,12103,Pinellas County,2022-10-25,14,inperson,2456,,726,1233,39,458,1,fl-doe,2026-09-08T00:32:43+00:00
2022,FL,12103,Pinellas County,2022-10-25,14,mail,97699,,39533,37354,1472,19340,1,fl-doe,2026-09-08T00:32:43+00:00
2022,FL,12103,Pinellas County,2022-10-27,12,inperson,7134,,2147,3574,104,1309,1,fl-doe,2026-09-08T00:32:43+00:00
2022,FL,12103,Pinellas County,2022-10-27,12,mail,127515,,52571,47968,1852,25124,1,fl-doe,2026-09-08T00:32:43+00:00
2022,FL,12103,Pinellas County,2022-10-28,11,inperson,9358,,2821,4654,143,1740,1,fl-doe,2026-09-08T00:32:43+00:00
2022,FL,12103,Pinellas County,2022-10-28,11,mail,138678,,57313,51961,1996,27408,1,fl-doe,2026-09-08T00:32:43+00:00
2022,FL,12103,Pinellas County,2022-10-31,8,inperson,15041,,4561,7407,238,2835,1,fl-doe,2026-09-08T00:32:43+00:00
2022,FL,12103,Pinellas County,2022-10-31,8,mail,159868,,66129,59798,2257,31684,1,fl-doe,2026-09-08T00:32:43+00:00
2022,FL,12103,Pinellas County,2022-11-01,7,inperson,18047,,5357,8943,285,3462,1,fl-doe,2026-09-08T00:32:43+00:00
2022,FL,12103,Pinellas County,2022-11-01,7,mail,164634,,68179,61386,2330,32739,1,fl-doe,2026-09-08T00:32:43+00:00
2022,FL,12103,Pinellas County,2022-11-02,6,inperson,21443,,6253,10703,361,4126,1,fl-doe,2026-09-08T00:32:43+00:00
2022,FL,12103,Pinellas County,2022-11-02,6,mail,176703,,73140,65722,2502,35339,1,fl-doe,2026-09-08T00:32:43+00:00
2022,FL,12103,Pinellas County,2022-11-03,5,inperson,24983,,7260,12427,433,4863,1,fl-doe,2026-09-08T00:32:43+00:00
2022,FL,12103,Pinellas County,2022-11-03,5,mail,186859,,77254,69341,2651,37613,1,fl-doe,2026-09-08T00:32:43+00:00
2022,FL,12103,Pinellas County,2022-11-04,4,inperson,28905,,8300,14332,518,5755,1,fl-doe,2026-09-08T00:32:43+00:00
2022,FL,12103,Pinellas County,2022-11-04,4,mail,195740,,80728,72578,2788,39646,1,fl-doe,2026-09-08T00:32:43+00:00
2022,FL,12103,Pinellas County,2022-11-05,3,inperson,34751,,9949,17083,629,7090,1,fl-doe,2026-09-08T00:32:43+00:00
2022,FL,12103,Pinellas County,2022-11-05,3,mail,203586,,83947,75432,2911,41296,1,fl-doe,2026-09-08T00:32:43+00:00
2022,FL,12103,Pinellas County,2022-11-06,2,inperson,39712,,11539,19297,713,8163,1,fl-doe,2026-09-08T00:32:43+00:00
2022,FL,12103,Pinellas County,2022-11-06,2,mail,212189,,87466,78474,3047,43202,1,fl-doe,2026-09-08T00:32:43+00:00
2022,FL,12103,Pinellas County,2022-11-07,1,inperson,45960,,13749,21754,826,9631,1,fl-doe,2026-09-08T00:32:43+00:00
2022,FL,12103,Pinellas County,2022-11-07,1,mail,217005,,89611,80004,3114,44276,1,fl-doe,2026-09-08T00:32:43+00:00
2022,FL,12103,Pinellas County,2022-11-14,-6,inperson,45960,,13749,21754,826,9631,1,fl-doe,2026-09-08T00:32:43+00:00
2022,FL,12103,Pinellas County,2022-11-14,-6,mail,245268,,101950,89031,3612,50675,1,fl-doe,2026-09-08T00:32:43+00:00
2022,FL,12103,Pinellas County,2022-11-16,-8,inperson,45960,,13749,21754,826,9631,1,fl-doe,2026-09-08T00:32:43+00:00
2022,FL,12103,Pinellas County,2022-11-16,-8,mail,245319,,101969,89043,3614,50693,1,fl-doe,2026-09-08T00:32:43+00:00
2022,FL,12103,Pinellas County,2022-11-17,-9,inperson,45960,,13749,21754,826,9631,1,fl-doe,2026-09-08T00:32:43+00:00
2022,FL,12103,Pinellas County,2022-11-17,-9,mail,245381,,102003,89055,3615,50708,1,fl-doe,2026-09-08T00:32:43+00:00
2022,FL,12103,Pinellas County,2022-11-18,-10,inperson,45960,,13749,21754,826,9631,1,fl-doe,2026-09-08T00:32:43+00:00
2022,FL,12103,Pinellas County,2022-11-18,-10,mail,245389,,102007,89056,3615,50711,1,fl-doe,2026-09-08T00:32:43+00:00
2022,FL,12103,Pinellas County,2022-11-19,-11,inperson,45960,,13749,21754,826,9631,1,fl-doe,2026-09-08T00:32:43+00:00
2022,FL,12103,Pinellas County,2022-11-19,-11,mail,245389,,102007,89056,3615,50711,1,fl-doe,2026-09-08T00:32:43+00:00
2022,FL,12103,Pinellas County,2022-11-22,-14,inperson,45960,,13749,21754,826,9631,1,fl-doe,2026-09-08T00:32:43+00:00
2022,FL,12103,Pinellas County,2022-11-22,-14,mail,245395,,102011,89058,3615,50711,1,fl-doe,2026-09-08T00:32:43+00:00
2022,FL,12103,Pinellas County,2022-11-23,-15,inperson,45960,,13749,21754,826,9631,1,fl-doe,2026-09-08T00:32:43+00:00
2022,FL,12103,Pinellas County,2022-11-23,-15,mail,245395,,102011,89058,3615,50711,1,fl-doe,2026-09-08T00:32:43+00:00
2022,FL,12105,Polk County,2022-10-06,33,mail,0,,0,0,0,0,1,fl-doe,2026-09-08T00:32:43+00:00
2022,FL,12105,Polk County,2022-10-07,32,mail,0,,0,0,0,0,1,fl-doe,2026-09-08T00:32:43+00:00
2022,FL,12105,Polk County,2022-10-10,29,mail,169,,38,98,2,31,1,fl-doe,2026-09-08T00:32:43+00:00
2022,FL,12105,Polk County,2022-10-21,18,mail,32598,,13453,13464,465,5216,1,fl-doe,2026-09-08T00:32:43+00:00
2022,FL,12105,Polk County,2022-10-23,16,mail,37791,,15584,15707,523,5977,1,fl-doe,2026-09-08T00:32:43+00:00
2022,FL,12105,Polk County,2022-10-24,15,mail,37791,,15584,15707,523,5977,1,fl-doe,2026-09-08T00:32:43+00:00
2022,FL,12105,Polk County,2022-10-25,14,inperson,2181,,703,1178,27,273,1,fl-doe,2026-09-08T00:32:43+00:00
2022,FL,12105,Polk County,2022-10-25,14,mail,41512,,17132,17254,569,6557,1,fl-doe,2026-09-08T00:32:43+00:00
2022,FL,12105,Polk County,2022-10-27,12,inperson,7463,,2415,3967,81,1000,1,fl-doe,2026-09-08T00:32:43+00:00
2022,FL,12105,Polk County,2022-10-27,12,mail,48249,,20096,19882,652,7619,1,fl-doe,2026-09-08T00:32:43+00:00
2022,FL,12105,Polk County,2022-10-28,11,inperson,9988,,3205,5313,114,1356,1,fl-doe,2026-09-08T00:32:43+00:00
2022,FL,12105,Polk County,2022-10-28,11,mail,51120,,21308,21037,699,8076,1,fl-doe,2026-09-08T00:32:43+00:00
2022,FL,12105,Polk County,2022-10-31,8,inperson,16738,,5320,8841,191,2386,1,fl-doe,2026-09-08T00:32:43+00:00
2022,FL,12105,Polk County,2022-10-31,8,mail,54952,,22885,22675,742,8650,1,fl-doe,2026-09-08T00:32:43+00:00
2022,FL,12105,Polk County,2022-11-01,7,inperson,20347,,6371,10771,240,2965,1,fl-doe,2026-09-08T00:32:43+00:00
2022,FL,12105,Polk County,2022-11-01,7,mail,57377,,23933,23616,782,9046,1,fl-doe,2026-09-08T00:32:43+00:00
2022,FL,12105,Polk County,2022-11-02,6,inperson,24186,,7494,12805,295,3592,1,fl-doe,2026-09-08T00:32:43+00:00
2022,FL,12105,Polk County,2022-11-02,6,mail,60682,,25243,24956,822,9661,1,fl-doe,2026-09-08T00:32:43+00:00
2022,FL,12105,Polk County,2022-11-03,5,inperson,28192,,8627,14942,338,4285,1,fl-doe,2026-09-08T00:32:43+00:00
2022,FL,12105,Polk County,2022-11-03,5,mail,62737,,26109,25740,851,10037,1,fl-doe,2026-09-08T00:32:43+00:00
2022,FL,12105,Polk County,2022-11-04,4,inperson,32560,,9892,17243,402,5023,1,fl-doe,2026-09-08T00:32:43+00:00
2022,FL,12105,Polk County,2022-11-04,4,mail,65832,,27368,26977,896,10591,1,fl-doe,2026-09-08T00:32:43+00:00
2022,FL,12105,Polk County,2022-11-05,3,inperson,38587,,11634,20376,498,6079,1,fl-doe,2026-09-08T00:32:43+00:00
2022,FL,12105,Polk County,2022-11-05,3,mail,68418,,28390,28031,943,11054,1,fl-doe,2026-09-08T00:32:43+00:00
2022,FL,12105,Polk County,2022-11-06,2,inperson,44570,,13493,23288,601,7188,1,fl-doe,2026-09-08T00:32:43+00:00
2022,FL,12105,Polk County,2022-11-06,2,mail,70181,,29079,28716,974,11412,1,fl-doe,2026-09-08T00:32:43+00:00
2022,FL,12105,Polk County,2022-11-07,1,inperson,44570,,13493,23288,601,7188,1,fl-doe,2026-09-08T00:32:43+00:00
2022,FL,12105,Polk County,2022-11-07,1,mail,70181,,29079,28716,974,11412,1,fl-doe,2026-09-08T00:32:43+00:00
2022,FL,12105,Polk County,2022-11-14,-6,inperson,44570,,13493,23288,601,7188,1,fl-doe,2026-09-08T00:32:43+00:00
2022,FL,12105,Polk County,2022-11-14,-6,mail,76484,,31687,31139,1067,12591,1,fl-doe,2026-09-08T00:32:43+00:00
2022,FL,12105,Polk County,2022-11-16,-8,inperson,44570,,13493,23288,601,7188,1,fl-doe,2026-09-08T00:32:43+00:00
2022,FL,12105,Polk County,2022-11-16,-8,mail,76484,,31687,31139,1067,12591,1,fl-doe,2026-09-08T00:32:43+00:00
2022,FL,12105,Polk County,2022-11-17,-9,inperson,44570,,13493,23288,601,7188,1,fl-doe,2026-09-08T00:32:43+00:00
2022,FL,12105,Polk County,2022-11-17,-9,mail,76484,,31687,31139,1067,12591,1,fl-doe,2026-09-08T00:32:43+00:00
2022,FL,12105,Polk County,2022-11-18,-10,inperson,44570,,13493,23288,601,7188,1,fl-doe,2026-09-08T00:32:43+00:00
2022,FL,12105,Polk County,2022-11-18,-10,mail,76484,,31687,31139,1067,12591,1,fl-doe,2026-09-08T00:32:43+00:00
2022,FL,12105,Polk County,2022-11-19,-11,inperson,44570,,13493,23288,601,7188,1,fl-doe,2026-09-08T00:32:43+00:00
2022,FL,12105,Polk County,2022-11-19,-11,mail,76507,,31697,31148,1067,12595,1,fl-doe,2026-09-08T00:32:43+00:00
2022,FL,12105,Polk County,2022-11-22,-14,inperson,44570,,13493,23288,601,7188,1,fl-doe,2026-09-08T00:32:43+00:00
2022,FL,12105,Polk County,2022-11-22,-14,mail,76507,,31697,31148,1067,12595,1,fl-doe,2026-09-08T00:32:43+00:00
2022,FL,12105,Polk County,2022-11-23,-15,inperson,44570,,13493,23288,601,7188,1,fl-doe,2026-09-08T00:32:43+00:00
2022,FL,12105,Polk County,2022-11-23,-15,mail,76507,,31697,31148,1067,12595,1,fl-doe,2026-09-08T00:32:43+00:00
2022,FL,12107,Putnam County,2022-10-06,33,mail,11,,4,6,0,1,1,fl-doe,2026-09-08T00:32:43+00:00
2022,FL,12107,Putnam County,2022-10-07,32,mail,41,,20,14,0,7,1,fl-doe,2026-09-08T00:32:43+00:00
2022,FL,12107,Putnam County,2022-10-10,29,mail,76,,29,38,0,9,1,fl-doe,2026-09-08T00:32:43+00:00
2022,FL,12107,Putnam County,2022-10-21,18,mail,2195,,842,1066,28,259,1,fl-doe,2026-09-08T00:32:43+00:00
2022,FL,12107,Putnam County,2022-10-23,16,mail,2331,,902,1125,30,274,1,fl-doe,2026-09-08T00:32:43+00:00
2022,FL,12107,Putnam County,2022-10-24,15,mail,2331,,902,1125,30,274,1,fl-doe,2026-09-08T00:32:43+00:00
2022,FL,12107,Putnam County,2022-10-25,14,inperson,813,,202,538,4,69,1,fl-doe,2026-09-08T00:32:43+00:00
2022,FL,12107,Putnam County,2022-10-25,14,mail,2696,,1049,1310,32,305,1,fl-doe,2026-09-08T00:32:43+00:00
2022,FL,12107,Putnam County,2022-10-27,12,inperson,2392,,574,1611,15,192,1,fl-doe,2026-09-08T00:32:43+00:00
2022,FL,12107,Putnam County,2022-10-27,12,mail,3113,,1242,1476,41,354,1,fl-doe,2026-09-08T00:32:43+00:00
2022,FL,12107,Putnam County,2022-10-28,11,inperson,3020,,730,2021,19,250,1,fl-doe,2026-09-08T00:32:43+00:00
2022,FL,12107,Putnam County,2022-10-28,11,mail,3312,,1313,1590,42,367,1,fl-doe,2026-09-08T00:32:43+00:00
2022,FL,12107,Putnam County,2022-10-31,8,inperson,4260,,1035,2828,29,368,1,fl-doe,2026-09-08T00:32:43+00:00
2022,FL,12107,Putnam County,2022-10-31,8,mail,3690,,1455,1769,46,420,1,fl-doe,2026-09-08T00:32:43+00:00
2022,FL,12107,Putnam County,2022-11-01,7,inperson,4897,,1190,3237,31,439,1,fl-doe,2026-09-08T00:32:43+00:00
2022,FL,12107,Putnam County,2022-11-01,7,mail,3838,,1510,1830,46,452,1,fl-doe,2026-09-08T00:32:43+00:00
2022,FL,12107,Putnam County,2022-11-02,6,inperson,5565,,1337,3692,35,501,1,fl-doe,2026-09-08T00:32:43+00:00
2022,FL,12107,Putnam County,2022-11-02,6,mail,3961,,1552,1890,46,473,1,fl-doe,2026-09-08T00:32:43+00:00
2022,FL,12107,Putnam County,2022-11-03,5,inperson,6179,,1483,4086,40,570,1,fl-doe,2026-09-08T00:32:43+00:00
2022,FL,12107,Putnam County,2022-11-03,5,mail,4133,,1631,1957,50,495,1,fl-doe,2026-09-08T00:32:43+00:00
2022,FL,12107,Putnam County,2022-11-04,4,inperson,6845,,1652,4494,43,656,1,fl-doe,2026-09-08T00:32:43+00:00
2022,FL,12107,Putnam County,2022-11-04,4,mail,4427,,1748,2090,54,535,1,fl-doe,2026-09-08T00:32:43+00:00
2022,FL,12107,Putnam County,2022-11-05,3,inperson,7810,,1848,5157,51,754,1,fl-doe,2026-09-08T00:32:43+00:00
2022,FL,12107,Putnam County,2022-11-05,3,mail,4657,,1843,2197,56,561,1,fl-doe,2026-09-08T00:32:43+00:00
2022,FL,12107,Putnam County,2022-11-06,2,inperson,8644,,2052,5714,56,822,1,fl-doe,2026-09-08T00:32:43+00:00
2022,FL,12107,Putnam County,2022-11-06,2,mail,4817,,1905,2273,58,581,1,fl-doe,2026-09-08T00:32:43+00:00
2022,FL,12107,Putnam County,2022-11-07,1,inperson,8644,,2052,5714,56,822,1,fl-doe,2026-09-08T00:32:43+00:00
2022,FL,12107,Putnam County,2022-11-07,1,mail,4817,,1905,2273,58,581,1,fl-doe,2026-09-08T00:32:43+00:00
2022,FL,12107,Putnam County,2022-11-14,-6,inperson,8644,,2052,5714,56,822,1,fl-doe,2026-09-08T00:32:43+00:00
2022,FL,12107,Putnam County,2022-11-14,-6,mail,5276,,2114,2465,65,632,1,fl-doe,2026-09-08T00:32:43+00:00
2022,FL,12107,Putnam County,2022-11-16,-8,inperson,8644,,2052,5714,56,822,1,fl-doe,2026-09-08T00:32:43+00:00
2022,FL,12107,Putnam County,2022-11-16,-8,mail,5278,,2116,2465,65,632,1,fl-doe,2026-09-08T00:32:43+00:00
2022,FL,12107,Putnam County,2022-11-17,-9,inperson,8644,,2052,5714,56,822,1,fl-doe,2026-09-08T00:32:43+00:00
2022,FL,12107,Putnam County,2022-11-17,-9,mail,5278,,2116,2465,65,632,1,fl-doe,2026-09-08T00:32:43+00:00
2022,FL,12107,Putnam County,2022-11-18,-10,inperson,8644,,2052,5714,56,822,1,fl-doe,2026-09-08T00:32:43+00:00
2022,FL,12107,Putnam County,2022-11-18,-10,mail,5279,,2116,2466,65,632,1,fl-doe,2026-09-08T00:32:43+00:00
2022,FL,12107,Putnam County,2022-11-19,-11,inperson,8644,,2052,5714,56,822,1,fl-doe,2026-09-08T00:32:43+00:00
2022,FL,12107,Putnam County,2022-11-19,-11,mail,5281,,2118,2466,65,632,1,fl-doe,2026-09-08T00:32:43+00:00
2022,FL,12107,Putnam County,2022-11-22,-14,inperson,8644,,2052,5714,56,822,1,fl-doe,2026-09-08T00:32:43+00:00
2022,FL,12107,Putnam County,2022-11-22,-14,mail,5281,,2118,2466,65,632,1,fl-doe,2026-09-08T00:32:43+00:00
2022,FL,12107,Putnam County,2022-11-23,-15,inperson,8644,,2052,5714,56,822,1,fl-doe,2026-09-08T00:32:43+00:00
2022,FL,12107,Putnam County,2022-11-23,-15,mail,5281,,2118,2466,65,632,1,fl-doe,2026-09-08T00:32:43+00:00
2022,FL,12109,St. Johns County,2022-10-06,33,mail,122,,47,45,3,27,1,fl-doe,2026-09-08T00:32:43+00:00
2022,FL,12109,St. Johns County,2022-10-07,32,mail,238,,87,94,8,49,1,fl-doe,2026-09-08T00:32:43+00:00
2022,FL,12109,St. Johns County,2022-10-10,29,mail,738,,322,281,16,119,1,fl-doe,2026-09-08T00:32:43+00:00
2022,FL,12109,St. Johns County,2022-10-21,18,mail,11563,,4662,5011,175,1715,1,fl-doe,2026-09-08T00:32:43+00:00
2022,FL,12109,St. Johns County,2022-10-23,16,mail,13402,,5375,5818,209,2000,1,fl-doe,2026-09-08T00:32:43+00:00
2022,FL,12109,St. Johns County,2022-10-24,15,mail,13402,,5375,5818,209,2000,1,fl-doe,2026-09-08T00:32:43+00:00
2022,FL,12109,St. Johns County,2022-10-25,14,inperson,0,,0,0,0,0,1,fl-doe,2026-09-08T00:32:43+00:00
2022,FL,12109,St. Johns County,2022-10-25,14,mail,15066,,6007,6583,243,2233,1,fl-doe,2026-09-08T00:32:43+00:00
2022,FL,12109,St. Johns County,2022-10-27,12,inperson,5180,,1029,3475,61,615,1,fl-doe,2026-09-08T00:32:43+00:00
2022,FL,12109,St. Johns County,2022-10-27,12,mail,17734,,7072,7703,288,2671,1,fl-doe,2026-09-08T00:32:43+00:00
2022,FL,12109,St. Johns County,2022-10-28,11,inperson,10151,,2051,6721,110,1269,1,fl-doe,2026-09-08T00:32:43+00:00
2022,FL,12109,St. Johns County,2022-10-28,11,mail,19066,,7654,8251,310,2851,1,fl-doe,2026-09-08T00:32:43+00:00
2022,FL,12109,St. Johns County,2022-10-31,8,inperson,20419,,4134,13329,240,2716,1,fl-doe,2026-09-08T00:32:43+00:00
2022,FL,12109,St. Johns County,2022-10-31,8,mail,21777,,8651,9455,345,3326,1,fl-doe,2026-09-08T00:32:43+00:00
2022,FL,12109,St. Johns County,2022-11-01,7,inperson,25190,,5023,16463,303,3401,1,fl-doe,2026-09-08T00:32:43+00:00
2022,FL,12109,St. Johns County,2022-11-01,7,mail,22958,,9056,9981,364,3557,1,fl-doe,2026-09-08T00:32:43+00:00
2022,FL,12109,St. Johns County,2022-11-02,6,inperson,29820,,5853,19571,358,4038,1,fl-doe,2026-09-08T00:32:43+00:00
2022,FL,12109,St. Johns County,2022-11-02,6,mail,24632,,9657,10734,403,3838,1,fl-doe,2026-09-08T00:32:43+00:00
2022,FL,12109,St. Johns County,2022-11-03,5,inperson,34533,,6756,22627,409,4741,1,fl-doe,2026-09-08T00:32:43+00:00
2022,FL,12109,St. Johns County,2022-11-03,5,mail,25638,,10019,11198,425,3996,1,fl-doe,2026-09-08T00:32:43+00:00
2022,FL,12109,St. Johns County,2022-11-04,4,inperson,39898,,7698,26121,485,5594,1,fl-doe,2026-09-08T00:32:43+00:00
2022,FL,12109,St. Johns County,2022-11-04,4,mail,26769,,10401,11711,437,4220,1,fl-doe,2026-09-08T00:32:43+00:00
2022,FL,12109,St. Johns County,2022-11-05,3,inperson,47085,,9000,30732,581,6772,1,fl-doe,2026-09-08T00:32:43+00:00
2022,FL,12109,St. Johns County,2022-11-05,3,mail,27798,,10805,12136,449,4408,1,fl-doe,2026-09-08T00:32:43+00:00
2022,FL,12109,St. Johns County,2022-11-06,2,inperson,54181,,10613,34805,715,8048,1,fl-doe,2026-09-08T00:32:43+00:00
2022,FL,12109,St. Johns County,2022-11-06,2,mail,29061,,11286,12645,465,4665,1,fl-doe,2026-09-08T00:32:43+00:00
2022,FL,12109,St. Johns County,2022-11-07,1,inperson,54181,,10613,34805,715,8048,1,fl-doe,2026-09-08T00:32:43+00:00
2022,FL,12109,St. Johns County,2022-11-07,1,mail,29061,,11286,12645,465,4665,1,fl-doe,2026-09-08T00:32:43+00:00
2022,FL,12109,St. Johns County,2022-11-14,-6,inperson,54180,,10613,34804,715,8048,1,fl-doe,2026-09-08T00:32:43+00:00
2022,FL,12109,St. Johns County,2022-11-14,-6,mail,31605,,12274,13653,520,5158,1,fl-doe,2026-09-08T00:32:43+00:00
2022,FL,12109,St. Johns County,2022-11-16,-8,inperson,54180,,10613,34804,715,8048,1,fl-doe,2026-09-08T00:32:43+00:00
2022,FL,12109,St. Johns County,2022-11-16,-8,mail,31673,,12290,13686,524,5173,1,fl-doe,2026-09-08T00:32:43+00:00
2022,FL,12109,St. Johns County,2022-11-17,-9,inperson,54180,,10613,34804,715,8048,1,fl-doe,2026-09-08T00:32:43+00:00
2022,FL,12109,St. Johns County,2022-11-17,-9,mail,31673,,12290,13686,524,5173,1,fl-doe,2026-09-08T00:32:43+00:00
2022,FL,12109,St. Johns County,2022-11-18,-10,inperson,54180,,10613,34804,715,8048,1,fl-doe,2026-09-08T00:32:43+00:00
2022,FL,12109,St. Johns County,2022-11-18,-10,mail,31673,,12290,13686,524,5173,1,fl-doe,2026-09-08T00:32:43+00:00
2022,FL,12109,St. Johns County,2022-11-19,-11,inperson,54180,,10613,34804,715,8048,1,fl-doe,2026-09-08T00:32:43+00:00
2022,FL,12109,St. Johns County,2022-11-19,-11,mail,31684,,12295,13688,524,5177,1,fl-doe,2026-09-08T00:32:43+00:00
2022,FL,12109,St. Johns County,2022-11-22,-14,inperson,54180,,10613,34804,715,8048,1,fl-doe,2026-09-08T00:32:43+00:00
2022,FL,12109,St. Johns County,2022-11-22,-14,mail,31684,,12295,13688,524,5177,1,fl-doe,2026-09-08T00:32:43+00:00
2022,FL,12109,St. Johns County,2022-11-23,-15,inperson,54180,,10613,34804,715,8048,1,fl-doe,2026-09-08T00:32:43+00:00
2022,FL,12109,St. Johns County,2022-11-23,-15,mail,31684,,12295,13688,524,5177,1,fl-doe,2026-09-08T00:32:43+00:00
2022,FL,12111,St. Lucie County,2022-10-06,33,mail,88,,33,38,3,14,1,fl-doe,2026-09-08T00:32:43+00:00
2022,FL,12111,St. Lucie County,2022-10-07,32,mail,1702,,671,715,29,287,1,fl-doe,2026-09-08T00:32:43+00:00
2022,FL,12111,St. Lucie County,2022-10-10,29,mail,3972,,1595,1615,61,701,1,fl-doe,2026-09-08T00:32:43+00:00
2022,FL,12111,St. Lucie County,2022-10-21,18,mail,15441,,6625,5897,231,2688,1,fl-doe,2026-09-08T00:32:43+00:00
2022,FL,12111,St. Lucie County,2022-10-23,16,mail,16579,,7135,6320,244,2880,1,fl-doe,2026-09-08T00:32:43+00:00
2022,FL,12111,St. Lucie County,2022-10-24,15,mail,16579,,7135,6320,244,2880,1,fl-doe,2026-09-08T00:32:43+00:00
2022,FL,12111,St. Lucie County,2022-10-25,14,inperson,2847,,780,1541,46,480,1,fl-doe,2026-09-08T00:32:43+00:00
2022,FL,12111,St. Lucie County,2022-10-25,14,mail,19176,,8361,7179,290,3346,1,fl-doe,2026-09-08T00:32:43+00:00
2022,FL,12111,St. Lucie County,2022-10-27,12,inperson,8560,,2480,4487,129,1464,1,fl-doe,2026-09-08T00:32:43+00:00
2022,FL,12111,St. Lucie County,2022-10-27,12,mail,23174,,10298,8453,355,4068,1,fl-doe,2026-09-08T00:32:43+00:00
2022,FL,12111,St. Lucie County,2022-10-28,11,inperson,10989,,3183,5733,171,1902,1,fl-doe,2026-09-08T00:32:43+00:00
2022,FL,12111,St. Lucie County,2022-10-28,11,mail,24823,,11100,8971,376,4376,1,fl-doe,2026-09-08T00:32:43+00:00
2022,FL,12111,St. Lucie County,2022-10-31,8,inperson,17417,,5295,8882,249,2991,1,fl-doe,2026-09-08T00:32:43+00:00
2022,FL,12111,St. Lucie County,2022-10-31,8,mail,28557,,12911,10138,440,5068,1,fl-doe,2026-09-08T00:32:43+00:00
2022,FL,12111,St. Lucie County,2022-11-01,7,inperson,19963,,6086,10162,279,3436,1,fl-doe,2026-09-08T00:32:43+00:00
2022,FL,12111,St. Lucie County,2022-11-01,7,mail,30009,,13583,10612,475,5339,1,fl-doe,2026-09-08T00:32:43+00:00
2022,FL,12111,St. Lucie County,2022-11-02,6,inperson,22482,,6863,11383,314,3922,1,fl-doe,2026-09-08T00:32:43+00:00
2022,FL,12111,St. Lucie County,2022-11-02,6,mail,30010,,13583,10613,475,5339,1,fl-doe,2026-09-08T00:32:43+00:00
2022,FL,12111,St. Lucie County,2022-11-03,5,inperson,25215,,7713,12696,366,4440,1,fl-doe,2026-09-08T00:32:43+00:00
2022,FL,12111,St. Lucie County,2022-11-03,5,mail,32702,,14849,11468,523,5862,1,fl-doe,2026-09-08T00:32:43+00:00
2022,FL,12111,St. Lucie County,2022-11-04,4,inperson,28090,,8566,14060,423,5041,1,fl-doe,2026-09-08T00:32:43+00:00
2022,FL,12111,St. Lucie County,2022-11-04,4,mail,34105,,15527,11899,543,6136,1,fl-doe,2026-09-08T00:32:43+00:00
2022,FL,12111,St. Lucie County,2022-11-05,3,inperson,31659,,9752,15656,474,5777,1,fl-doe,2026-09-08T00:32:43+00:00
2022,FL,12111,St. Lucie County,2022-11-05,3,mail,34688,,15796,12092,549,6251,1,fl-doe,2026-09-08T00:32:43+00:00
2022,FL,12111,St. Lucie County,2022-11-06,2,inperson,35388,,11043,17269,530,6546,1,fl-doe,2026-09-08T00:32:43+00:00
2022,FL,12111,St. Lucie County,2022-11-06,2,mail,35952,,16416,12450,570,6516,1,fl-doe,2026-09-08T00:32:43+00:00
2022,FL,12111,St. Lucie County,2022-11-07,1,inperson,40025,,12559,19303,618,7545,1,fl-doe,2026-09-08T00:32:43+00:00
2022,FL,12111,St. Lucie County,2022-11-07,1,mail,36705,,16825,12640,580,6660,1,fl-doe,2026-09-08T00:32:43+00:00
2022,FL,12111,St. Lucie County,2022-11-14,-6,inperson,40025,,12559,19303,618,7545,1,fl-doe,2026-09-08T00:32:43+00:00
2022,FL,12111,St. Lucie County,2022-11-14,-6,mail,41280,,19041,13946,668,7625,1,fl-doe,2026-09-08T00:32:43+00:00
2022,FL,12111,St. Lucie County,2022-11-16,-8,inperson,40025,,12559,19303,618,7545,1,fl-doe,2026-09-08T00:32:43+00:00
2022,FL,12111,St. Lucie County,2022-11-16,-8,mail,41318,,19061,13957,670,7630,1,fl-doe,2026-09-08T00:32:43+00:00
2022,FL,12111,St. Lucie County,2022-11-17,-9,inperson,40025,,12559,19303,618,7545,1,fl-doe,2026-09-08T00:32:43+00:00
2022,FL,12111,St. Lucie County,2022-11-17,-9,mail,41319,,19062,13957,670,7630,1,fl-doe,2026-09-08T00:32:43+00:00
2022,FL,12111,St. Lucie County,2022-11-18,-10,inperson,40025,,12559,19303,618,7545,1,fl-doe,2026-09-08T00:32:43+00:00
2022,FL,12111,St. Lucie County,2022-11-18,-10,mail,41319,,19062,13957,670,7630,1,fl-doe,2026-09-08T00:32:43+00:00
2022,FL,12111,St. Lucie County,2022-11-19,-11,inperson,40025,,12559,19303,618,7545,1,fl-doe,2026-09-08T00:32:43+00:00
2022,FL,12111,St. Lucie County,2022-11-19,-11,mail,41321,,19064,13957,670,7630,1,fl-doe,2026-09-08T00:32:43+00:00
2022,FL,12111,St. Lucie County,2022-11-22,-14,inperson,40025,,12559,19303,618,7545,1,fl-doe,2026-09-08T00:32:43+00:00
2022,FL,12111,St. Lucie County,2022-11-22,-14,mail,41321,,19064,13957,670,7630,1,fl-doe,2026-09-08T00:32:43+00:00
2022,FL,12111,St. Lucie County,2022-11-23,-15,inperson,40025,,12559,19303,618,7545,1,fl-doe,2026-09-08T00:32:43+00:00
2022,FL,12111,St. Lucie County,2022-11-23,-15,mail,41321,,19064,13957,670,7630,1,fl-doe,2026-09-08T00:32:43+00:00
2022,FL,12113,Santa Rosa County,2022-10-06,33,mail,112,,30,59,6,17,1,fl-doe,2026-09-08T00:32:43+00:00
2022,FL,12113,Santa Rosa County,2022-10-07,32,mail,137,,35,75,6,21,1,fl-doe,2026-09-08T00:32:43+00:00
2022,FL,12113,Santa Rosa County,2022-10-10,29,mail,166,,42,91,6,27,1,fl-doe,2026-09-08T00:32:43+00:00
2022,FL,12113,Santa Rosa County,2022-10-21,18,mail,4116,,1109,2401,75,531,1,fl-doe,2026-09-08T00:32:43+00:00
2022,FL,12113,Santa Rosa County,2022-10-23,16,mail,4598,,1254,2657,83,604,1,fl-doe,2026-09-08T00:32:43+00:00
2022,FL,12113,Santa Rosa County,2022-10-24,15,mail,4598,,1254,2657,83,604,1,fl-doe,2026-09-08T00:32:43+00:00
2022,FL,12113,Santa Rosa County,2022-10-25,14,inperson,2406,,302,1836,34,234,1,fl-doe,2026-09-08T00:32:43+00:00
2022,FL,12113,Santa Rosa County,2022-10-25,14,mail,5154,,1444,2946,95,669,1,fl-doe,2026-09-08T00:32:43+00:00
2022,FL,12113,Santa Rosa County,2022-10-27,12,inperson,6944,,911,5278,79,676,1,fl-doe,2026-09-08T00:32:43+00:00
2022,FL,12113,Santa Rosa County,2022-10-27,12,mail,6795,,1916,3870,131,878,1,fl-doe,2026-09-08T00:32:43+00:00
2022,FL,12113,Santa Rosa County,2022-10-28,11,inperson,8888,,1188,6733,104,863,1,fl-doe,2026-09-08T00:32:43+00:00
2022,FL,12113,Santa Rosa County,2022-10-28,11,mail,7488,,2113,4267,142,966,1,fl-doe,2026-09-08T00:32:43+00:00
2022,FL,12113,Santa Rosa County,2022-10-31,8,inperson,13216,,1774,9955,147,1340,1,fl-doe,2026-09-08T00:32:43+00:00
2022,FL,12113,Santa Rosa County,2022-10-31,8,mail,8652,,2484,4853,161,1154,1,fl-doe,2026-09-08T00:32:43+00:00
2022,FL,12113,Santa Rosa County,2022-11-01,7,inperson,15321,,2058,11538,170,1555,1,fl-doe,2026-09-08T00:32:43+00:00
2022,FL,12113,Santa Rosa County,2022-11-01,7,mail,8990,,2584,5037,170,1199,1,fl-doe,2026-09-08T00:32:43+00:00
2022,FL,12113,Santa Rosa County,2022-11-02,6,inperson,17314,,2338,12988,214,1774,1,fl-doe,2026-09-08T00:32:43+00:00
2022,FL,12113,Santa Rosa County,2022-11-02,6,mail,9762,,2796,5453,188,1325,1,fl-doe,2026-09-08T00:32:43+00:00
2022,FL,12113,Santa Rosa County,2022-11-03,5,inperson,19629,,2668,14679,248,2034,1,fl-doe,2026-09-08T00:32:43+00:00
2022,FL,12113,Santa Rosa County,2022-11-03,5,mail,10315,,2968,5738,194,1415,1,fl-doe,2026-09-08T00:32:43+00:00
2022,FL,12113,Santa Rosa County,2022-11-04,4,inperson,22139,,2982,16487,296,2374,1,fl-doe,2026-09-08T00:32:43+00:00
2022,FL,12113,Santa Rosa County,2022-11-04,4,mail,10934,,3166,6055,204,1509,1,fl-doe,2026-09-08T00:32:43+00:00
2022,FL,12113,Santa Rosa County,2022-11-05,3,inperson,25712,,3512,18994,357,2849,1,fl-doe,2026-09-08T00:32:43+00:00
2022,FL,12113,Santa Rosa County,2022-11-05,3,mail,11357,,3287,6261,209,1600,1,fl-doe,2026-09-08T00:32:43+00:00
2022,FL,12113,Santa Rosa County,2022-11-06,2,inperson,28606,,3897,21027,402,3280,1,fl-doe,2026-09-08T00:32:43+00:00
2022,FL,12113,Santa Rosa County,2022-11-06,2,mail,12152,,3522,6651,233,1746,1,fl-doe,2026-09-08T00:32:43+00:00
2022,FL,12113,Santa Rosa County,2022-11-07,1,inperson,28606,,3897,21027,402,3280,1,fl-doe,2026-09-08T00:32:43+00:00
2022,FL,12113,Santa Rosa County,2022-11-07,1,mail,12152,,3522,6651,233,1746,1,fl-doe,2026-09-08T00:32:43+00:00
2022,FL,12113,Santa Rosa County,2022-11-14,-6,inperson,28606,,3897,21027,402,3280,1,fl-doe,2026-09-08T00:32:43+00:00
2022,FL,12113,Santa Rosa County,2022-11-14,-6,mail,13381,,3866,7316,268,1931,1,fl-doe,2026-09-08T00:32:43+00:00
2022,FL,12113,Santa Rosa County,2022-11-16,-8,inperson,28606,,3897,21027,402,3280,1,fl-doe,2026-09-08T00:32:43+00:00
2022,FL,12113,Santa Rosa County,2022-11-16,-8,mail,13395,,3869,7323,269,1934,1,fl-doe,2026-09-08T00:32:43+00:00
2022,FL,12113,Santa Rosa County,2022-11-17,-9,inperson,28606,,3897,21027,402,3280,1,fl-doe,2026-09-08T00:32:43+00:00
2022,FL,12113,Santa Rosa County,2022-11-17,-9,mail,13395,,3869,7323,269,1934,1,fl-doe,2026-09-08T00:32:43+00:00
2022,FL,12113,Santa Rosa County,2022-11-18,-10,inperson,28606,,3897,21027,402,3280,1,fl-doe,2026-09-08T00:32:43+00:00
2022,FL,12113,Santa Rosa County,2022-11-18,-10,mail,13398,,3869,7326,269,1934,1,fl-doe,2026-09-08T00:32:43+00:00
2022,FL,12113,Santa Rosa County,2022-11-19,-11,inperson,28606,,3897,21027,402,3280,1,fl-doe,2026-09-08T00:32:43+00:00
2022,FL,12113,Santa Rosa County,2022-11-19,-11,mail,13397,,3869,7325,269,1934,1,fl-doe,2026-09-08T00:32:43+00:00
2022,FL,12113,Santa Rosa County,2022-11-22,-14,inperson,28606,,3897,21027,402,3280,1,fl-doe,2026-09-08T00:32:43+00:00
2022,FL,12113,Santa Rosa County,2022-11-22,-14,mail,13397,,3869,7325,269,1934,1,fl-doe,2026-09-08T00:32:43+00:00
2022,FL,12113,Santa Rosa County,2022-11-23,-15,inperson,28606,,3897,21027,402,3280,1,fl-doe,2026-09-08T00:32:43+00:00
2022,FL,12113,Santa Rosa County,2022-11-23,-15,mail,13397,,3869,7325,269,1934,1,fl-doe,2026-09-08T00:32:43+00:00
2022,FL,12115,Sarasota County,2022-10-06,33,mail,98,,43,31,2,22,1,fl-doe,2026-09-08T00:32:43+00:00
2022,FL,12115,Sarasota County,2022-10-07,32,mail,121,,58,36,2,25,1,fl-doe,2026-09-08T00:32:43+00:00
2022,FL,12115,Sarasota County,2022-10-10,29,mail,157,,79,46,2,30,1,fl-doe,2026-09-08T00:32:43+00:00
2022,FL,12115,Sarasota County,2022-10-21,18,mail,31958,,14958,11188,423,5389,1,fl-doe,2026-09-08T00:32:43+00:00
2022,FL,12115,Sarasota County,2022-10-23,16,mail,36623,,17128,12829,476,6190,1,fl-doe,2026-09-08T00:32:43+00:00
2022,FL,12115,Sarasota County,2022-10-24,15,mail,36631,,17130,12834,476,6191,1,fl-doe,2026-09-08T00:32:43+00:00
2022,FL,12115,Sarasota County,2022-10-25,14,inperson,3899,,768,2391,56,684,1,fl-doe,2026-09-08T00:32:43+00:00
2022,FL,12115,Sarasota County,2022-10-25,14,mail,43276,,20305,15059,564,7348,1,fl-doe,2026-09-08T00:32:43+00:00
2022,FL,12115,Sarasota County,2022-10-27,12,inperson,11935,,2307,7350,169,2109,1,fl-doe,2026-09-08T00:32:43+00:00
2022,FL,12115,Sarasota County,2022-10-27,12,mail,52220,,24380,18155,687,8998,1,fl-doe,2026-09-08T00:32:43+00:00
2022,FL,12115,Sarasota County,2022-10-28,11,inperson,15440,,3011,9487,226,2716,1,fl-doe,2026-09-08T00:32:43+00:00
2022,FL,12115,Sarasota County,2022-10-28,11,mail,58871,,27358,20548,774,10191,1,fl-doe,2026-09-08T00:32:43+00:00
2022,FL,12115,Sarasota County,2022-10-31,8,inperson,23259,,4565,14138,352,4204,1,fl-doe,2026-09-08T00:32:43+00:00
2022,FL,12115,Sarasota County,2022-10-31,8,mail,66295,,30561,23256,889,11589,1,fl-doe,2026-09-08T00:32:43+00:00
2022,FL,12115,Sarasota County,2022-11-01,7,inperson,27169,,5270,16456,414,5029,1,fl-doe,2026-09-08T00:32:43+00:00
2022,FL,12115,Sarasota County,2022-11-01,7,mail,71668,,32746,25318,959,12645,1,fl-doe,2026-09-08T00:32:43+00:00
2022,FL,12115,Sarasota County,2022-11-02,6,inperson,31086,,5984,18796,484,5822,1,fl-doe,2026-09-08T00:32:43+00:00
2022,FL,12115,Sarasota County,2022-11-02,6,mail,74726,,33945,26518,1020,13243,1,fl-doe,2026-09-08T00:32:43+00:00
2022,FL,12115,Sarasota County,2022-11-03,5,inperson,35210,,6744,21222,554,6690,1,fl-doe,2026-09-08T00:32:43+00:00
2022,FL,12115,Sarasota County,2022-11-03,5,mail,77768,,35163,27701,1063,13841,1,fl-doe,2026-09-08T00:32:43+00:00
2022,FL,12115,Sarasota County,2022-11-04,4,inperson,39555,,7536,23805,622,7592,1,fl-doe,2026-09-08T00:32:43+00:00
2022,FL,12115,Sarasota County,2022-11-04,4,mail,81525,,36666,29133,1115,14611,1,fl-doe,2026-09-08T00:32:43+00:00
2022,FL,12115,Sarasota County,2022-11-05,3,inperson,45060,,8646,26948,701,8765,1,fl-doe,2026-09-08T00:32:43+00:00
2022,FL,12115,Sarasota County,2022-11-05,3,mail,84480,,37798,30314,1153,15215,1,fl-doe,2026-09-08T00:32:43+00:00
2022,FL,12115,Sarasota County,2022-11-06,2,inperson,49627,,9664,29438,773,9752,1,fl-doe,2026-09-08T00:32:43+00:00
2022,FL,12115,Sarasota County,2022-11-06,2,mail,85860,,38370,30809,1169,15512,1,fl-doe,2026-09-08T00:32:43+00:00
2022,FL,12115,Sarasota County,2022-11-07,1,inperson,55161,,10838,32520,862,10941,1,fl-doe,2026-09-08T00:32:43+00:00
2022,FL,12115,Sarasota County,2022-11-07,1,mail,87040,,38817,31267,1185,15771,1,fl-doe,2026-09-08T00:32:43+00:00
2022,FL,12115,Sarasota County,2022-11-14,-6,inperson,55167,,10840,32524,862,10941,1,fl-doe,2026-09-08T00:32:43+00:00
2022,FL,12115,Sarasota County,2022-11-14,-6,mail,94786,,41986,33970,1338,17492,1,fl-doe,2026-09-08T00:32:43+00:00
2022,FL,12115,Sarasota County,2022-11-16,-8,inperson,55167,,10840,32524,862,10941,1,fl-doe,2026-09-08T00:32:43+00:00
2022,FL,12115,Sarasota County,2022-11-16,-8,mail,94840,,42016,33979,1340,17505,1,fl-doe,2026-09-08T00:32:43+00:00
2022,FL,12115,Sarasota County,2022-11-17,-9,inperson,55167,,10840,32524,862,10941,1,fl-doe,2026-09-08T00:32:43+00:00
2022,FL,12115,Sarasota County,2022-11-17,-9,mail,94843,,42019,33980,1340,17504,1,fl-doe,2026-09-08T00:32:43+00:00
2022,FL,12115,Sarasota County,2022-11-18,-10,inperson,55167,,10840,32524,862,10941,1,fl-doe,2026-09-08T00:32:43+00:00
2022,FL,12115,Sarasota County,2022-11-18,-10,mail,94847,,42021,33981,1340,17505,1,fl-doe,2026-09-08T00:32:43+00:00
2022,FL,12115,Sarasota County,2022-11-19,-11,inperson,55167,,10840,32524,862,10941,1,fl-doe,2026-09-08T00:32:43+00:00
2022,FL,12115,Sarasota County,2022-11-19,-11,mail,94855,,42024,33981,1340,17510,1,fl-doe,2026-09-08T00:32:43+00:00
2022,FL,12115,Sarasota County,2022-11-22,-14,inperson,55167,,10840,32524,862,10941,1,fl-doe,2026-09-08T00:32:43+00:00
2022,FL,12115,Sarasota County,2022-11-22,-14,mail,94855,,42024,33981,1340,17510,1,fl-doe,2026-09-08T00:32:43+00:00
2022,FL,12115,Sarasota County,2022-11-23,-15,inperson,55167,,10840,32524,862,10941,1,fl-doe,2026-09-08T00:32:43+00:00
2022,FL,12115,Sarasota County,2022-11-23,-15,mail,94855,,42024,33981,1340,17510,1,fl-doe,2026-09-08T00:32:43+00:00
2022,FL,12117,Seminole County,2022-10-06,33,mail,90,,32,38,1,19,1,fl-doe,2026-09-08T00:32:43+00:00
2022,FL,12117,Seminole County,2022-10-07,32,mail,229,,88,98,3,40,1,fl-doe,2026-09-08T00:32:43+00:00
2022,FL,12117,Seminole County,2022-10-10,29,mail,2295,,872,932,35,456,1,fl-doe,2026-09-08T00:32:43+00:00
2022,FL,12117,Seminole County,2022-10-21,18,mail,14682,,5841,5813,217,2811,1,fl-doe,2026-09-08T00:32:43+00:00
2022,FL,12117,Seminole County,2022-10-23,16,mail,16025,,6380,6340,233,3072,1,fl-doe,2026-09-08T00:32:43+00:00
2022,FL,12117,Seminole County,2022-10-24,15,mail,16025,,6380,6340,233,3072,1,fl-doe,2026-09-08T00:32:43+00:00
2022,FL,12117,Seminole County,2022-10-25,14,inperson,3831,,1298,1952,58,523,1,fl-doe,2026-09-08T00:32:43+00:00
2022,FL,12117,Seminole County,2022-10-25,14,mail,18820,,7458,7471,276,3615,1,fl-doe,2026-09-08T00:32:43+00:00
2022,FL,12117,Seminole County,2022-10-27,12,inperson,11072,,3679,5563,142,1688,1,fl-doe,2026-09-08T00:32:43+00:00
2022,FL,12117,Seminole County,2022-10-27,12,mail,26505,,10663,10386,377,5079,1,fl-doe,2026-09-08T00:32:43+00:00
2022,FL,12117,Seminole County,2022-10-28,11,inperson,14563,,4765,7321,194,2283,1,fl-doe,2026-09-08T00:32:43+00:00
2022,FL,12117,Seminole County,2022-10-28,11,mail,29610,,11950,11553,412,5695,1,fl-doe,2026-09-08T00:32:43+00:00
2022,FL,12117,Seminole County,2022-10-31,8,inperson,23745,,7923,11475,323,4024,1,fl-doe,2026-09-08T00:32:43+00:00
2022,FL,12117,Seminole County,2022-10-31,8,mail,35905,,14633,13856,514,6902,1,fl-doe,2026-09-08T00:32:43+00:00
2022,FL,12117,Seminole County,2022-11-01,7,inperson,27120,,8943,13157,377,4643,1,fl-doe,2026-09-08T00:32:43+00:00
2022,FL,12117,Seminole County,2022-11-01,7,mail,37471,,15354,14376,532,7209,1,fl-doe,2026-09-08T00:32:43+00:00
2022,FL,12117,Seminole County,2022-11-02,6,inperson,30890,,10083,15051,437,5319,1,fl-doe,2026-09-08T00:32:43+00:00
2022,FL,12117,Seminole County,2022-11-02,6,mail,39311,,16080,15069,564,7598,1,fl-doe,2026-09-08T00:32:43+00:00
2022,FL,12117,Seminole County,2022-11-03,5,inperson,35038,,11325,17050,495,6168,1,fl-doe,2026-09-08T00:32:43+00:00
2022,FL,12117,Seminole County,2022-11-03,5,mail,41336,,16882,15878,585,7991,1,fl-doe,2026-09-08T00:32:43+00:00
2022,FL,12117,Seminole County,2022-11-04,4,inperson,39844,,12791,19355,572,7126,1,fl-doe,2026-09-08T00:32:43+00:00
2022,FL,12117,Seminole County,2022-11-04,4,mail,45438,,18446,17427,657,8908,1,fl-doe,2026-09-08T00:32:43+00:00
2022,FL,12117,Seminole County,2022-11-05,3,inperson,46748,,14898,22539,687,8624,1,fl-doe,2026-09-08T00:32:43+00:00
2022,FL,12117,Seminole County,2022-11-05,3,mail,48343,,19591,18525,696,9531,1,fl-doe,2026-09-08T00:32:43+00:00
2022,FL,12117,Seminole County,2022-11-06,2,inperson,53424,,17101,25334,814,10175,1,fl-doe,2026-09-08T00:32:43+00:00
2022,FL,12117,Seminole County,2022-11-06,2,mail,51316,,20766,19548,744,10258,1,fl-doe,2026-09-08T00:32:43+00:00
2022,FL,12117,Seminole County,2022-11-07,1,inperson,62300,,20170,28827,962,12341,1,fl-doe,2026-09-08T00:32:43+00:00
2022,FL,12117,Seminole County,2022-11-07,1,mail,53259,,21609,20154,768,10728,1,fl-doe,2026-09-08T00:32:43+00:00
2022,FL,12117,Seminole County,2022-11-14,-6,inperson,62300,,20170,28827,962,12341,1,fl-doe,2026-09-08T00:32:43+00:00
2022,FL,12117,Seminole County,2022-11-14,-6,mail,58488,,23817,21711,854,12106,1,fl-doe,2026-09-08T00:32:43+00:00
2022,FL,12117,Seminole County,2022-11-16,-8,inperson,62300,,20170,28827,962,12341,1,fl-doe,2026-09-08T00:32:43+00:00
2022,FL,12117,Seminole County,2022-11-16,-8,mail,58502,,23824,21712,854,12112,1,fl-doe,2026-09-08T00:32:43+00:00
2022,FL,12117,Seminole County,2022-11-17,-9,inperson,62300,,20170,28827,962,12341,1,fl-doe,2026-09-08T00:32:43+00:00
2022,FL,12117,Seminole County,2022-11-17,-9,mail,58502,,23824,21712,854,12112,1,fl-doe,2026-09-08T00:32:43+00:00
2022,FL,12117,Seminole County,2022-11-18,-10,inperson,62300,,20170,28827,962,12341,1,fl-doe,2026-09-08T00:32:43+00:00
2022,FL,12117,Seminole County,2022-11-18,-10,mail,58509,,23827,21712,854,12116,1,fl-doe,2026-09-08T00:32:43+00:00
2022,FL,12117,Seminole County,2022-11-19,-11,inperson,62300,,20170,28827,962,12341,1,fl-doe,2026-09-08T00:32:43+00:00
2022,FL,12117,Seminole County,2022-11-19,-11,mail,58513,,23828,21714,854,12117,1,fl-doe,2026-09-08T00:32:43+00:00
2022,FL,12117,Seminole County,2022-11-22,-14,inperson,62300,,20170,28827,962,12341,1,fl-doe,2026-09-08T00:32:43+00:00
2022,FL,12117,Seminole County,2022-11-22,-14,mail,58513,,23828,21714,854,12117,1,fl-doe,2026-09-08T00:32:43+00:00
2022,FL,12117,Seminole County,2022-11-23,-15,inperson,62300,,20170,28827,962,12341,1,fl-doe,2026-09-08T00:32:43+00:00
2022,FL,12117,Seminole County,2022-11-23,-15,mail,58513,,23828,21714,854,12117,1,fl-doe,2026-09-08T00:32:43+00:00
2022,FL,12119,Sumter County,2022-10-06,33,mail,35,,16,10,1,8,1,fl-doe,2026-09-08T00:32:43+00:00
2022,FL,12119,Sumter County,2022-10-07,32,mail,58,,20,24,1,13,1,fl-doe,2026-09-08T00:32:43+00:00
2022,FL,12119,Sumter County,2022-10-10,29,mail,71,,22,34,1,14,1,fl-doe,2026-09-08T00:32:43+00:00
2022,FL,12119,Sumter County,2022-10-21,18,mail,13428,,4454,6448,131,2395,1,fl-doe,2026-09-08T00:32:43+00:00
2022,FL,12119,Sumter County,2022-10-23,16,mail,15331,,5089,7399,145,2698,1,fl-doe,2026-09-08T00:32:43+00:00
2022,FL,12119,Sumter County,2022-10-24,15,mail,15331,,5089,7399,145,2698,1,fl-doe,2026-09-08T00:32:43+00:00
2022,FL,12119,Sumter County,2022-10-25,14,inperson,0,,0,0,0,0,1,fl-doe,2026-09-08T00:32:43+00:00
2022,FL,12119,Sumter County,2022-10-25,14,mail,17873,,5943,8577,171,3182,1,fl-doe,2026-09-08T00:32:43+00:00
2022,FL,12119,Sumter County,2022-10-27,12,inperson,8603,,1127,6314,54,1108,1,fl-doe,2026-09-08T00:32:43+00:00
2022,FL,12119,Sumter County,2022-10-27,12,mail,22339,,7355,10816,208,3960,1,fl-doe,2026-09-08T00:32:43+00:00
2022,FL,12119,Sumter County,2022-10-28,11,inperson,12516,,1618,9134,92,1672,1,fl-doe,2026-09-08T00:32:43+00:00
2022,FL,12119,Sumter County,2022-10-28,11,mail,24262,,8019,11740,224,4279,1,fl-doe,2026-09-08T00:32:43+00:00
2022,FL,12119,Sumter County,2022-10-31,8,inperson,18535,,2379,13429,135,2592,1,fl-doe,2026-09-08T00:32:43+00:00
2022,FL,12119,Sumter County,2022-10-31,8,mail,27328,,9060,13174,261,4833,1,fl-doe,2026-09-08T00:32:43+00:00
2022,FL,12119,Sumter County,2022-11-01,7,inperson,21771,,2797,15764,171,3039,1,fl-doe,2026-09-08T00:32:43+00:00
2022,FL,12119,Sumter County,2022-11-01,7,mail,28474,,9427,13747,265,5035,1,fl-doe,2026-09-08T00:32:43+00:00
2022,FL,12119,Sumter County,2022-11-02,6,inperson,24719,,3138,17875,197,3509,1,fl-doe,2026-09-08T00:32:43+00:00
2022,FL,12119,Sumter County,2022-11-02,6,mail,29660,,9741,14351,273,5295,1,fl-doe,2026-09-08T00:32:43+00:00
2022,FL,12119,Sumter County,2022-11-03,5,inperson,27445,,3502,19708,239,3996,1,fl-doe,2026-09-08T00:32:43+00:00
2022,FL,12119,Sumter County,2022-11-03,5,mail,31285,,10203,15166,292,5624,1,fl-doe,2026-09-08T00:32:43+00:00
2022,FL,12119,Sumter County,2022-11-04,4,inperson,30147,,3819,21608,257,4463,1,fl-doe,2026-09-08T00:32:43+00:00
2022,FL,12119,Sumter County,2022-11-04,4,mail,32021,,10437,15518,302,5764,1,fl-doe,2026-09-08T00:32:43+00:00
2022,FL,12119,Sumter County,2022-11-05,3,inperson,33092,,4206,23613,281,4992,1,fl-doe,2026-09-08T00:32:43+00:00
2022,FL,12119,Sumter County,2022-11-05,3,mail,32906,,10686,15958,310,5952,1,fl-doe,2026-09-08T00:32:43+00:00
2022,FL,12119,Sumter County,2022-11-06,2,inperson,35235,,4481,25037,307,5410,1,fl-doe,2026-09-08T00:32:43+00:00
2022,FL,12119,Sumter County,2022-11-06,2,mail,33785,,10932,16422,319,6112,1,fl-doe,2026-09-08T00:32:43+00:00
2022,FL,12119,Sumter County,2022-11-07,1,inperson,35235,,4481,25037,307,5410,1,fl-doe,2026-09-08T00:32:43+00:00
2022,FL,12119,Sumter County,2022-11-07,1,mail,33785,,10932,16422,319,6112,1,fl-doe,2026-09-08T00:32:43+00:00
2022,FL,12119,Sumter County,2022-11-14,-6,inperson,35235,,4481,25037,307,5410,1,fl-doe,2026-09-08T00:32:43+00:00
2022,FL,12119,Sumter County,2022-11-14,-6,mail,34957,,11232,17022,339,6364,1,fl-doe,2026-09-08T00:32:43+00:00
2022,FL,12119,Sumter County,2022-11-16,-8,inperson,35235,,4481,25037,307,5410,1,fl-doe,2026-09-08T00:32:43+00:00
2022,FL,12119,Sumter County,2022-11-16,-8,mail,34959,,11234,17022,339,6364,1,fl-doe,2026-09-08T00:32:43+00:00
2022,FL,12119,Sumter County,2022-11-17,-9,inperson,35235,,4481,25037,307,5410,1,fl-doe,2026-09-08T00:32:43+00:00
2022,FL,12119,Sumter County,2022-11-17,-9,mail,34960,,11235,17022,339,6364,1,fl-doe,2026-09-08T00:32:43+00:00
2022,FL,12119,Sumter County,2022-11-18,-10,inperson,35235,,4481,25037,307,5410,1,fl-doe,2026-09-08T00:32:43+00:00
2022,FL,12119,Sumter County,2022-11-18,-10,mail,34960,,11235,17022,339,6364,1,fl-doe,2026-09-08T00:32:43+00:00
2022,FL,12119,Sumter County,2022-11-19,-11,inperson,35235,,4481,25037,307,5410,1,fl-doe,2026-09-08T00:32:43+00:00
2022,FL,12119,Sumter County,2022-11-19,-11,mail,34963,,11236,17023,339,6365,1,fl-doe,2026-09-08T00:32:43+00:00
2022,FL,12119,Sumter County,2022-11-22,-14,inperson,35235,,4481,25037,307,5410,1,fl-doe,2026-09-08T00:32:43+00:00
2022,FL,12119,Sumter County,2022-11-22,-14,mail,34963,,11236,17023,339,6365,1,fl-doe,2026-09-08T00:32:43+00:00
2022,FL,12119,Sumter County,2022-11-23,-15,inperson,35235,,4481,25037,307,5410,1,fl-doe,2026-09-08T00:32:43+00:00
2022,FL,12119,Sumter County,2022-11-23,-15,mail,34963,,11236,17023,339,6365,1,fl-doe,2026-09-08T00:32:43+00:00
2022,FL,12121,Suwannee County,2022-10-06,33,mail,12,,5,5,0,2,1,fl-doe,2026-09-08T00:32:43+00:00
2022,FL,12121,Suwannee County,2022-10-07,32,mail,50,,19,25,1,5,1,fl-doe,2026-09-08T00:32:43+00:00
2022,FL,12121,Suwannee County,2022-10-10,29,mail,223,,75,125,5,18,1,fl-doe,2026-09-08T00:32:43+00:00
2022,FL,12121,Suwannee County,2022-10-21,18,mail,1803,,562,1059,21,161,1,fl-doe,2026-09-08T00:32:43+00:00
2022,FL,12121,Suwannee County,2022-10-23,16,mail,1945,,604,1143,24,174,1,fl-doe,2026-09-08T00:32:43+00:00
2022,FL,12121,Suwannee County,2022-10-24,15,mail,1945,,604,1143,24,174,1,fl-doe,2026-09-08T00:32:43+00:00
2022,FL,12121,Suwannee County,2022-10-25,14,inperson,0,,0,0,0,0,1,fl-doe,2026-09-08T00:32:43+00:00
2022,FL,12121,Suwannee County,2022-10-25,14,mail,2182,,669,1290,29,194,1,fl-doe,2026-09-08T00:32:43+00:00
2022,FL,12121,Suwannee County,2022-10-27,12,inperson,0,,0,0,0,0,1,fl-doe,2026-09-08T00:32:43+00:00
2022,FL,12121,Suwannee County,2022-10-27,12,mail,2450,,758,1441,35,216,1,fl-doe,2026-09-08T00:32:43+00:00
2022,FL,12121,Suwannee County,2022-10-28,11,inperson,0,,0,0,0,0,1,fl-doe,2026-09-08T00:32:43+00:00
2022,FL,12121,Suwannee County,2022-10-28,11,mail,2595,,790,1541,36,228,1,fl-doe,2026-09-08T00:32:43+00:00
2022,FL,12121,Suwannee County,2022-10-31,8,inperson,903,,154,681,8,60,1,fl-doe,2026-09-08T00:32:43+00:00
2022,FL,12121,Suwannee County,2022-10-31,8,mail,2737,,829,1626,38,244,1,fl-doe,2026-09-08T00:32:43+00:00
2022,FL,12121,Suwannee County,2022-11-01,7,inperson,1547,,260,1138,16,133,1,fl-doe,2026-09-08T00:32:43+00:00
2022,FL,12121,Suwannee County,2022-11-01,7,mail,2967,,915,1746,38,268,1,fl-doe,2026-09-08T00:32:43+00:00
2022,FL,12121,Suwannee County,2022-11-02,6,inperson,2114,,376,1550,17,171,1,fl-doe,2026-09-08T00:32:43+00:00
2022,FL,12121,Suwannee County,2022-11-02,6,mail,3154,,973,1858,41,282,1,fl-doe,2026-09-08T00:32:43+00:00
2022,FL,12121,Suwannee County,2022-11-03,5,inperson,2617,,472,1916,18,211,1,fl-doe,2026-09-08T00:32:43+00:00
2022,FL,12121,Suwannee County,2022-11-03,5,mail,3304,,1022,1937,43,302,1,fl-doe,2026-09-08T00:32:43+00:00
2022,FL,12121,Suwannee County,2022-11-04,4,inperson,3165,,574,2299,23,269,1,fl-doe,2026-09-08T00:32:43+00:00
2022,FL,12121,Suwannee County,2022-11-04,4,mail,3441,,1061,2017,45,318,1,fl-doe,2026-09-08T00:32:43+00:00
2022,FL,12121,Suwannee County,2022-11-05,3,inperson,3821,,690,2769,31,331,1,fl-doe,2026-09-08T00:32:43+00:00
2022,FL,12121,Suwannee County,2022-11-05,3,mail,3598,,1116,2100,46,336,1,fl-doe,2026-09-08T00:32:43+00:00
2022,FL,12121,Suwannee County,2022-11-06,2,inperson,4380,,796,3162,38,384,1,fl-doe,2026-09-08T00:32:43+00:00
2022,FL,12121,Suwannee County,2022-11-06,2,mail,3598,,1116,2100,46,336,1,fl-doe,2026-09-08T00:32:43+00:00
2022,FL,12121,Suwannee County,2022-11-07,1,inperson,4380,,796,3162,38,384,1,fl-doe,2026-09-08T00:32:43+00:00
2022,FL,12121,Suwannee County,2022-11-07,1,mail,3598,,1116,2100,46,336,1,fl-doe,2026-09-08T00:32:43+00:00
2022,FL,12121,Suwannee County,2022-11-14,-6,inperson,4380,,796,3162,38,384,1,fl-doe,2026-09-08T00:32:43+00:00
2022,FL,12121,Suwannee County,2022-11-14,-6,mail,4057,,1254,2376,47,380,1,fl-doe,2026-09-08T00:32:43+00:00
2022,FL,12121,Suwannee County,2022-11-16,-8,inperson,4380,,796,3162,38,384,1,fl-doe,2026-09-08T00:32:43+00:00
2022,FL,12121,Suwannee County,2022-11-16,-8,mail,4057,,1254,2376,47,380,1,fl-doe,2026-09-08T00:32:43+00:00
2022,FL,12121,Suwannee County,2022-11-17,-9,inperson,4380,,796,3162,38,384,1,fl-doe,2026-09-08T00:32:43+00:00
2022,FL,12121,Suwannee County,2022-11-17,-9,mail,4057,,1254,2376,47,380,1,fl-doe,2026-09-08T00:32:43+00:00
2022,FL,12121,Suwannee County,2022-11-18,-10,inperson,4380,,796,3162,38,384,1,fl-doe,2026-09-08T00:32:43+00:00
2022,FL,12121,Suwannee County,2022-11-18,-10,mail,4057,,1254,2376,47,380,1,fl-doe,2026-09-08T00:32:43+00:00
2022,FL,12121,Suwannee County,2022-11-19,-11,inperson,4380,,796,3162,38,384,1,fl-doe,2026-09-08T00:32:43+00:00
2022,FL,12121,Suwannee County,2022-11-19,-11,mail,4057,,1254,2376,47,380,1,fl-doe,2026-09-08T00:32:43+00:00
2022,FL,12121,Suwannee County,2022-11-22,-14,inperson,4380,,796,3162,38,384,1,fl-doe,2026-09-08T00:32:43+00:00
2022,FL,12121,Suwannee County,2022-11-22,-14,mail,4057,,1254,2376,47,380,1,fl-doe,2026-09-08T00:32:43+00:00
2022,FL,12121,Suwannee County,2022-11-23,-15,inperson,4380,,796,3162,38,384,1,fl-doe,2026-09-08T00:32:43+00:00
2022,FL,12121,Suwannee County,2022-11-23,-15,mail,4057,,1254,2376,47,380,1,fl-doe,2026-09-08T00:32:43+00:00
2022,FL,12123,Taylor County,2022-10-06,33,mail,0,,0,0,0,0,1,fl-doe,2026-09-08T00:32:43+00:00
2022,FL,12123,Taylor County,2022-10-07,32,mail,7,,1,6,0,0,1,fl-doe,2026-09-08T00:32:43+00:00
2022,FL,12123,Taylor County,2022-10-10,29,mail,7,,1,6,0,0,1,fl-doe,2026-09-08T00:32:43+00:00
2022,FL,12123,Taylor County,2022-10-21,18,mail,698,,232,437,6,23,1,fl-doe,2026-09-08T00:32:43+00:00
2022,FL,12123,Taylor County,2022-10-23,16,mail,827,,277,516,6,28,1,fl-doe,2026-09-08T00:32:43+00:00
2022,FL,12123,Taylor County,2022-10-24,15,mail,827,,277,516,6,28,1,fl-doe,2026-09-08T00:32:43+00:00
2022,FL,12123,Taylor County,2022-10-25,14,inperson,181,,44,132,0,5,1,fl-doe,2026-09-08T00:32:43+00:00
2022,FL,12123,Taylor County,2022-10-25,14,mail,853,,281,538,6,28,1,fl-doe,2026-09-08T00:32:43+00:00
2022,FL,12123,Taylor County,2022-10-27,12,inperson,477,,117,338,4,18,1,fl-doe,2026-09-08T00:32:43+00:00
2022,FL,12123,Taylor County,2022-10-27,12,mail,995,,340,613,9,33,1,fl-doe,2026-09-08T00:32:43+00:00
2022,FL,12123,Taylor County,2022-10-28,11,inperson,600,,140,433,4,23,1,fl-doe,2026-09-08T00:32:43+00:00
2022,FL,12123,Taylor County,2022-10-28,11,mail,1107,,385,675,9,38,1,fl-doe,2026-09-08T00:32:43+00:00
2022,FL,12123,Taylor County,2022-10-31,8,inperson,911,,208,665,4,34,1,fl-doe,2026-09-08T00:32:43+00:00
2022,FL,12123,Taylor County,2022-10-31,8,mail,1323,,461,809,10,43,1,fl-doe,2026-09-08T00:32:43+00:00
2022,FL,12123,Taylor County,2022-11-01,7,inperson,1092,,239,810,4,39,1,fl-doe,2026-09-08T00:32:43+00:00
2022,FL,12123,Taylor County,2022-11-01,7,mail,1363,,471,834,10,48,1,fl-doe,2026-09-08T00:32:43+00:00
2022,FL,12123,Taylor County,2022-11-02,6,inperson,1254,,267,940,6,41,1,fl-doe,2026-09-08T00:32:43+00:00
2022,FL,12123,Taylor County,2022-11-02,6,mail,1390,,479,853,10,48,1,fl-doe,2026-09-08T00:32:43+00:00
2022,FL,12123,Taylor County,2022-11-03,5,inperson,1397,,292,1051,6,48,1,fl-doe,2026-09-08T00:32:43+00:00
2022,FL,12123,Taylor County,2022-11-03,5,mail,1465,,501,899,12,53,1,fl-doe,2026-09-08T00:32:43+00:00
2022,FL,12123,Taylor County,2022-11-04,4,inperson,1606,,337,1206,6,57,1,fl-doe,2026-09-08T00:32:43+00:00
2022,FL,12123,Taylor County,2022-11-04,4,mail,1500,,515,918,12,55,1,fl-doe,2026-09-08T00:32:43+00:00
2022,FL,12123,Taylor County,2022-11-05,3,inperson,1871,,392,1397,6,76,1,fl-doe,2026-09-08T00:32:43+00:00
2022,FL,12123,Taylor County,2022-11-05,3,mail,1588,,546,970,13,59,1,fl-doe,2026-09-08T00:32:43+00:00
2022,FL,12123,Taylor County,2022-11-06,2,inperson,2024,,432,1494,9,89,1,fl-doe,2026-09-08T00:32:43+00:00
2022,FL,12123,Taylor County,2022-11-06,2,mail,1645,,568,1001,13,63,1,fl-doe,2026-09-08T00:32:43+00:00
2022,FL,12123,Taylor County,2022-11-07,1,inperson,2213,,485,1618,9,101,1,fl-doe,2026-09-08T00:32:43+00:00
2022,FL,12123,Taylor County,2022-11-07,1,mail,1690,,580,1031,13,66,1,fl-doe,2026-09-08T00:32:43+00:00
2022,FL,12123,Taylor County,2022-11-14,-6,inperson,2213,,485,1618,9,101,1,fl-doe,2026-09-08T00:32:43+00:00
2022,FL,12123,Taylor County,2022-11-14,-6,mail,1890,,674,1128,13,75,1,fl-doe,2026-09-08T00:32:43+00:00
2022,FL,12123,Taylor County,2022-11-16,-8,inperson,2213,,485,1618,9,101,1,fl-doe,2026-09-08T00:32:43+00:00
2022,FL,12123,Taylor County,2022-11-16,-8,mail,1890,,674,1128,13,75,1,fl-doe,2026-09-08T00:32:43+00:00
2022,FL,12123,Taylor County,2022-11-17,-9,inperson,2213,,485,1618,9,101,1,fl-doe,2026-09-08T00:32:43+00:00
2022,FL,12123,Taylor County,2022-11-17,-9,mail,1890,,674,1128,13,75,1,fl-doe,2026-09-08T00:32:43+00:00
2022,FL,12123,Taylor County,2022-11-18,-10,inperson,2213,,485,1618,9,101,1,fl-doe,2026-09-08T00:32:43+00:00
2022,FL,12123,Taylor County,2022-11-18,-10,mail,1890,,674,1128,13,75,1,fl-doe,2026-09-08T00:32:43+00:00
2022,FL,12123,Taylor County,2022-11-19,-11,inperson,2213,,485,1618,9,101,1,fl-doe,2026-09-08T00:32:43+00:00
2022,FL,12123,Taylor County,2022-11-19,-11,mail,1890,,674,1128,13,75,1,fl-doe,2026-09-08T00:32:43+00:00
2022,FL,12123,Taylor County,2022-11-22,-14,inperson,2213,,485,1618,9,101,1,fl-doe,2026-09-08T00:32:43+00:00
2022,FL,12123,Taylor County,2022-11-22,-14,mail,1890,,674,1128,13,75,1,fl-doe,2026-09-08T00:32:43+00:00
2022,FL,12123,Taylor County,2022-11-23,-15,inperson,2213,,485,1618,9,101,1,fl-doe,2026-09-08T00:32:43+00:00
2022,FL,12123,Taylor County,2022-11-23,-15,mail,1890,,674,1128,13,75,1,fl-doe,2026-09-08T00:32:43+00:00
2022,FL,12125,Union County,2022-10-06,33,mail,8,,3,3,0,2,1,fl-doe,2026-09-08T00:32:43+00:00
2022,FL,12125,Union County,2022-10-07,32,mail,28,,13,12,0,3,1,fl-doe,2026-09-08T00:32:43+00:00
2022,FL,12125,Union County,2022-10-10,29,mail,50,,18,27,1,4,1,fl-doe,2026-09-08T00:32:43+00:00
2022,FL,12125,Union County,2022-10-21,18,mail,240,,92,139,4,5,1,fl-doe,2026-09-08T00:32:43+00:00
2022,FL,12125,Union County,2022-10-23,16,mail,240,,92,139,4,5,1,fl-doe,2026-09-08T00:32:43+00:00
2022,FL,12125,Union County,2022-10-24,15,mail,240,,92,139,4,5,1,fl-doe,2026-09-08T00:32:43+00:00
2022,FL,12125,Union County,2022-10-25,14,inperson,0,,0,0,0,0,1,fl-doe,2026-09-08T00:32:43+00:00
2022,FL,12125,Union County,2022-10-25,14,mail,240,,92,139,4,5,1,fl-doe,2026-09-08T00:32:43+00:00
2022,FL,12125,Union County,2022-10-27,12,inperson,0,,0,0,0,0,1,fl-doe,2026-09-08T00:32:43+00:00
2022,FL,12125,Union County,2022-10-27,12,mail,338,,123,202,5,8,1,fl-doe,2026-09-08T00:32:43+00:00
2022,FL,12125,Union County,2022-10-28,11,inperson,0,,0,0,0,0,1,fl-doe,2026-09-08T00:32:43+00:00
2022,FL,12125,Union County,2022-10-28,11,mail,349,,124,210,6,9,1,fl-doe,2026-09-08T00:32:43+00:00
2022,FL,12125,Union County,2022-10-31,8,inperson,361,,54,290,4,13,1,fl-doe,2026-09-08T00:32:43+00:00
2022,FL,12125,Union County,2022-10-31,8,mail,372,,131,226,6,9,1,fl-doe,2026-09-08T00:32:43+00:00
2022,FL,12125,Union County,2022-11-01,7,inperson,547,,95,426,6,20,1,fl-doe,2026-09-08T00:32:43+00:00
2022,FL,12125,Union County,2022-11-01,7,mail,406,,147,242,6,11,1,fl-doe,2026-09-08T00:32:43+00:00
2022,FL,12125,Union County,2022-11-02,6,inperson,734,,130,568,6,30,1,fl-doe,2026-09-08T00:32:43+00:00
2022,FL,12125,Union County,2022-11-02,6,mail,429,,155,257,6,11,1,fl-doe,2026-09-08T00:32:43+00:00
2022,FL,12125,Union County,2022-11-03,5,inperson,917,,163,702,8,44,1,fl-doe,2026-09-08T00:32:43+00:00
2022,FL,12125,Union County,2022-11-03,5,mail,457,,163,275,6,13,1,fl-doe,2026-09-08T00:32:43+00:00
2022,FL,12125,Union County,2022-11-04,4,inperson,1113,,194,856,9,54,1,fl-doe,2026-09-08T00:32:43+00:00
2022,FL,12125,Union County,2022-11-04,4,mail,481,,167,295,6,13,1,fl-doe,2026-09-08T00:32:43+00:00
2022,FL,12125,Union County,2022-11-05,3,inperson,1360,,242,1039,10,69,1,fl-doe,2026-09-08T00:32:43+00:00
2022,FL,12125,Union County,2022-11-05,3,mail,531,,188,322,7,14,1,fl-doe,2026-09-08T00:32:43+00:00
2022,FL,12125,Union County,2022-11-06,2,inperson,1564,,281,1193,12,78,1,fl-doe,2026-09-08T00:32:43+00:00
2022,FL,12125,Union County,2022-11-06,2,mail,531,,188,322,7,14,1,fl-doe,2026-09-08T00:32:43+00:00
2022,FL,12125,Union County,2022-11-07,1,inperson,1564,,281,1193,12,78,1,fl-doe,2026-09-08T00:32:43+00:00
2022,FL,12125,Union County,2022-11-07,1,mail,531,,188,322,7,14,1,fl-doe,2026-09-08T00:32:43+00:00
2022,FL,12125,Union County,2022-11-14,-6,inperson,1564,,281,1193,12,78,1,fl-doe,2026-09-08T00:32:43+00:00
2022,FL,12125,Union County,2022-11-14,-6,mail,638,,223,390,7,18,1,fl-doe,2026-09-08T00:32:43+00:00
2022,FL,12125,Union County,2022-11-16,-8,inperson,1564,,281,1193,12,78,1,fl-doe,2026-09-08T00:32:43+00:00
2022,FL,12125,Union County,2022-11-16,-8,mail,638,,223,390,7,18,1,fl-doe,2026-09-08T00:32:43+00:00
2022,FL,12125,Union County,2022-11-17,-9,inperson,1564,,281,1193,12,78,1,fl-doe,2026-09-08T00:32:43+00:00
2022,FL,12125,Union County,2022-11-17,-9,mail,639,,223,391,7,18,1,fl-doe,2026-09-08T00:32:43+00:00
2022,FL,12125,Union County,2022-11-18,-10,inperson,1564,,281,1193,12,78,1,fl-doe,2026-09-08T00:32:43+00:00
2022,FL,12125,Union County,2022-11-18,-10,mail,639,,223,391,7,18,1,fl-doe,2026-09-08T00:32:43+00:00
2022,FL,12125,Union County,2022-11-19,-11,inperson,1564,,281,1193,12,78,1,fl-doe,2026-09-08T00:32:43+00:00
2022,FL,12125,Union County,2022-11-19,-11,mail,639,,223,391,7,18,1,fl-doe,2026-09-08T00:32:43+00:00
2022,FL,12125,Union County,2022-11-22,-14,inperson,1564,,281,1193,12,78,1,fl-doe,2026-09-08T00:32:43+00:00
2022,FL,12125,Union County,2022-11-22,-14,mail,639,,223,391,7,18,1,fl-doe,2026-09-08T00:32:43+00:00
2022,FL,12125,Union County,2022-11-23,-15,inperson,1564,,281,1193,12,78,1,fl-doe,2026-09-08T00:32:43+00:00
2022,FL,12125,Union County,2022-11-23,-15,mail,639,,223,391,7,18,1,fl-doe,2026-09-08T00:32:43+00:00
2022,FL,12127,Volusia County,2022-10-06,33,mail,0,,0,0,0,0,1,fl-doe,2026-09-08T00:32:43+00:00
2022,FL,12127,Volusia County,2022-10-07,32,mail,0,,0,0,0,0,1,fl-doe,2026-09-08T00:32:43+00:00
2022,FL,12127,Volusia County,2022-10-10,29,mail,0,,0,0,0,0,1,fl-doe,2026-09-08T00:32:43+00:00
2022,FL,12127,Volusia County,2022-10-21,18,mail,36259,,13251,15013,648,7347,1,fl-doe,2026-09-08T00:32:43+00:00
2022,FL,12127,Volusia County,2022-10-23,16,mail,42984,,15887,17647,751,8699,1,fl-doe,2026-09-08T00:32:43+00:00
2022,FL,12127,Volusia County,2022-10-24,15,mail,42984,,15887,17647,751,8699,1,fl-doe,2026-09-08T00:32:43+00:00
2022,FL,12127,Volusia County,2022-10-25,14,inperson,0,,0,0,0,0,1,fl-doe,2026-09-08T00:32:43+00:00
2022,FL,12127,Volusia County,2022-10-25,14,mail,47625,,17642,19508,820,9655,1,fl-doe,2026-09-08T00:32:43+00:00
2022,FL,12127,Volusia County,2022-10-27,12,inperson,4818,,1237,2782,48,751,1,fl-doe,2026-09-08T00:32:43+00:00
2022,FL,12127,Volusia County,2022-10-27,12,mail,56390,,21220,22822,949,11399,1,fl-doe,2026-09-08T00:32:43+00:00
2022,FL,12127,Volusia County,2022-10-28,11,inperson,9259,,2415,5308,107,1429,1,fl-doe,2026-09-08T00:32:43+00:00
2022,FL,12127,Volusia County,2022-10-28,11,mail,60413,,22846,24383,1023,12161,1,fl-doe,2026-09-08T00:32:43+00:00
2022,FL,12127,Volusia County,2022-10-31,8,inperson,19339,,5086,10887,270,3096,1,fl-doe,2026-09-08T00:32:43+00:00
2022,FL,12127,Volusia County,2022-10-31,8,mail,67216,,25640,26918,1111,13547,1,fl-doe,2026-09-08T00:32:43+00:00
2022,FL,12127,Volusia County,2022-11-01,7,inperson,24312,,6232,13741,351,3988,1,fl-doe,2026-09-08T00:32:43+00:00
2022,FL,12127,Volusia County,2022-11-01,7,mail,69986,,26797,27932,1149,14108,1,fl-doe,2026-09-08T00:32:43+00:00
2022,FL,12127,Volusia County,2022-11-02,6,inperson,29383,,7404,16598,445,4936,1,fl-doe,2026-09-08T00:32:43+00:00
2022,FL,12127,Volusia County,2022-11-02,6,mail,70055,,26830,27957,1153,14115,1,fl-doe,2026-09-08T00:32:43+00:00
2022,FL,12127,Volusia County,2022-11-03,5,inperson,35104,,8790,19696,541,6077,1,fl-doe,2026-09-08T00:32:43+00:00
2022,FL,12127,Volusia County,2022-11-03,5,mail,72570,,27829,28965,1195,14581,1,fl-doe,2026-09-08T00:32:43+00:00
2022,FL,12127,Volusia County,2022-11-04,4,inperson,40917,,10140,22865,642,7270,1,fl-doe,2026-09-08T00:32:43+00:00
2022,FL,12127,Volusia County,2022-11-04,4,mail,80065,,30704,31705,1350,16306,1,fl-doe,2026-09-08T00:32:43+00:00
2022,FL,12127,Volusia County,2022-11-05,3,inperson,48236,,11847,26838,781,8770,1,fl-doe,2026-09-08T00:32:43+00:00
2022,FL,12127,Volusia County,2022-11-05,3,mail,83399,,32017,32898,1405,17079,1,fl-doe,2026-09-08T00:32:43+00:00
2022,FL,12127,Volusia County,2022-11-06,2,inperson,57854,,14371,31734,960,10789,1,fl-doe,2026-09-08T00:32:43+00:00
2022,FL,12127,Volusia County,2022-11-06,2,mail,86276,,33189,33899,1452,17736,1,fl-doe,2026-09-08T00:32:43+00:00
2022,FL,12127,Volusia County,2022-11-07,1,inperson,57854,,14371,31734,960,10789,1,fl-doe,2026-09-08T00:32:43+00:00
2022,FL,12127,Volusia County,2022-11-07,1,mail,88591,,34182,34626,1502,18281,1,fl-doe,2026-09-08T00:32:43+00:00
2022,FL,12127,Volusia County,2022-11-14,-6,inperson,57853,,14370,31734,960,10789,1,fl-doe,2026-09-08T00:32:43+00:00
2022,FL,12127,Volusia County,2022-11-14,-6,mail,93021,,35875,36074,1598,19474,1,fl-doe,2026-09-08T00:32:43+00:00
2022,FL,12127,Volusia County,2022-11-16,-8,inperson,57853,,14370,31734,960,10789,1,fl-doe,2026-09-08T00:32:43+00:00
2022,FL,12127,Volusia County,2022-11-16,-8,mail,93034,,35886,36076,1598,19474,1,fl-doe,2026-09-08T00:32:43+00:00
2022,FL,12127,Volusia County,2022-11-17,-9,inperson,57853,,14370,31734,960,10789,1,fl-doe,2026-09-08T00:32:43+00:00
2022,FL,12127,Volusia County,2022-11-17,-9,mail,93035,,35887,36076,1598,19474,1,fl-doe,2026-09-08T00:32:43+00:00
2022,FL,12127,Volusia County,2022-11-18,-10,inperson,57853,,14370,31734,960,10789,1,fl-doe,2026-09-08T00:32:43+00:00
2022,FL,12127,Volusia County,2022-11-18,-10,mail,93042,,35890,36079,1598,19475,1,fl-doe,2026-09-08T00:32:43+00:00
2022,FL,12127,Volusia County,2022-11-19,-11,inperson,57853,,14370,31734,960,10789,1,fl-doe,2026-09-08T00:32:43+00:00
2022,FL,12127,Volusia County,2022-11-19,-11,mail,93042,,35890,36079,1598,19475,1,fl-doe,2026-09-08T00:32:43+00:00
2022,FL,12127,Volusia County,2022-11-22,-14,inperson,57853,,14370,31734,960,10789,1,fl-doe,2026-09-08T00:32:43+00:00
2022,FL,12127,Volusia County,2022-11-22,-14,mail,93042,,35890,36079,1598,19475,1,fl-doe,2026-09-08T00:32:43+00:00
2022,FL,12127,Volusia County,2022-11-23,-15,inperson,57853,,14370,31734,960,10789,1,fl-doe,2026-09-08T00:32:43+00:00
2022,FL,12127,Volusia County,2022-11-23,-15,mail,93042,,35890,36079,1598,19475,1,fl-doe,2026-09-08T00:32:43+00:00
2022,FL,12129,Wakulla County,2022-10-06,33,mail,20,,8,9,1,2,1,fl-doe,2026-09-08T00:32:43+00:00
2022,FL,12129,Wakulla County,2022-10-07,32,mail,21,,8,10,1,2,1,fl-doe,2026-09-08T00:32:43+00:00
2022,FL,12129,Wakulla County,2022-10-10,29,mail,25,,8,14,1,2,1,fl-doe,2026-09-08T00:32:43+00:00
2022,FL,12129,Wakulla County,2022-10-21,18,mail,1020,,476,439,9,96,1,fl-doe,2026-09-08T00:32:43+00:00
2022,FL,12129,Wakulla County,2022-10-23,16,mail,1188,,552,509,13,114,1,fl-doe,2026-09-08T00:32:43+00:00
2022,FL,12129,Wakulla County,2022-10-24,15,mail,1188,,552,509,13,114,1,fl-doe,2026-09-08T00:32:43+00:00
2022,FL,12129,Wakulla County,2022-10-25,14,inperson,0,,0,0,0,0,1,fl-doe,2026-09-08T00:32:43+00:00
2022,FL,12129,Wakulla County,2022-10-25,14,mail,1376,,626,602,14,134,1,fl-doe,2026-09-08T00:32:43+00:00
2022,FL,12129,Wakulla County,2022-10-27,12,inperson,0,,0,0,0,0,1,fl-doe,2026-09-08T00:32:43+00:00
2022,FL,12129,Wakulla County,2022-10-27,12,mail,1654,,745,723,14,172,1,fl-doe,2026-09-08T00:32:43+00:00
2022,FL,12129,Wakulla County,2022-10-28,11,inperson,0,,0,0,0,0,1,fl-doe,2026-09-08T00:32:43+00:00
2022,FL,12129,Wakulla County,2022-10-28,11,mail,1840,,830,798,16,196,1,fl-doe,2026-09-08T00:32:43+00:00
2022,FL,12129,Wakulla County,2022-10-31,8,inperson,976,,223,636,7,110,1,fl-doe,2026-09-08T00:32:43+00:00
2022,FL,12129,Wakulla County,2022-10-31,8,mail,2038,,913,879,17,229,1,fl-doe,2026-09-08T00:32:43+00:00
2022,FL,12129,Wakulla County,2022-11-01,7,inperson,1792,,431,1154,15,192,1,fl-doe,2026-09-08T00:32:43+00:00
2022,FL,12129,Wakulla County,2022-11-01,7,mail,2152,,962,927,17,246,1,fl-doe,2026-09-08T00:32:43+00:00
2022,FL,12129,Wakulla County,2022-11-02,6,inperson,2515,,611,1596,21,287,1,fl-doe,2026-09-08T00:32:43+00:00
2022,FL,12129,Wakulla County,2022-11-02,6,mail,2371,,1058,1021,18,274,1,fl-doe,2026-09-08T00:32:43+00:00
2022,FL,12129,Wakulla County,2022-11-03,5,inperson,3133,,768,1970,27,368,1,fl-doe,2026-09-08T00:32:43+00:00
2022,FL,12129,Wakulla County,2022-11-03,5,mail,2515,,1128,1076,19,292,1,fl-doe,2026-09-08T00:32:43+00:00
2022,FL,12129,Wakulla County,2022-11-04,4,inperson,3694,,901,2335,34,424,1,fl-doe,2026-09-08T00:32:43+00:00
2022,FL,12129,Wakulla County,2022-11-04,4,mail,2664,,1210,1127,20,307,1,fl-doe,2026-09-08T00:32:43+00:00
2022,FL,12129,Wakulla County,2022-11-05,3,inperson,4447,,1089,2789,41,528,1,fl-doe,2026-09-08T00:32:43+00:00
2022,FL,12129,Wakulla County,2022-11-05,3,mail,2807,,1277,1189,22,319,1,fl-doe,2026-09-08T00:32:43+00:00
2022,FL,12129,Wakulla County,2022-11-06,2,inperson,5047,,1269,3118,50,610,1,fl-doe,2026-09-08T00:32:43+00:00
2022,FL,12129,Wakulla County,2022-11-06,2,mail,2885,,1313,1226,22,324,1,fl-doe,2026-09-08T00:32:43+00:00
2022,FL,12129,Wakulla County,2022-11-07,1,inperson,5047,,1269,3118,50,610,1,fl-doe,2026-09-08T00:32:43+00:00
2022,FL,12129,Wakulla County,2022-11-07,1,mail,2885,,1313,1226,22,324,1,fl-doe,2026-09-08T00:32:43+00:00
2022,FL,12129,Wakulla County,2022-11-14,-6,inperson,5047,,1269,3118,50,610,1,fl-doe,2026-09-08T00:32:43+00:00
2022,FL,12129,Wakulla County,2022-11-14,-6,mail,3431,,1548,1462,26,395,1,fl-doe,2026-09-08T00:32:43+00:00
2022,FL,12129,Wakulla County,2022-11-16,-8,inperson,5047,,1269,3118,50,610,1,fl-doe,2026-09-08T00:32:43+00:00
2022,FL,12129,Wakulla County,2022-11-16,-8,mail,3436,,1550,1464,27,395,1,fl-doe,2026-09-08T00:32:43+00:00
2022,FL,12129,Wakulla County,2022-11-17,-9,inperson,5047,,1269,3118,50,610,1,fl-doe,2026-09-08T00:32:43+00:00
2022,FL,12129,Wakulla County,2022-11-17,-9,mail,3436,,1550,1464,27,395,1,fl-doe,2026-09-08T00:32:43+00:00
2022,FL,12129,Wakulla County,2022-11-18,-10,inperson,5047,,1269,3118,50,610,1,fl-doe,2026-09-08T00:32:43+00:00
2022,FL,12129,Wakulla County,2022-11-18,-10,mail,3436,,1550,1464,27,395,1,fl-doe,2026-09-08T00:32:43+00:00
2022,FL,12129,Wakulla County,2022-11-19,-11,inperson,5047,,1269,3118,50,610,1,fl-doe,2026-09-08T00:32:43+00:00
2022,FL,12129,Wakulla County,2022-11-19,-11,mail,3438,,1552,1464,27,395,1,fl-doe,2026-09-08T00:32:43+00:00
2022,FL,12129,Wakulla County,2022-11-22,-14,inperson,5047,,1269,3118,50,610,1,fl-doe,2026-09-08T00:32:43+00:00
2022,FL,12129,Wakulla County,2022-11-22,-14,mail,3438,,1552,1464,27,395,1,fl-doe,2026-09-08T00:32:43+00:00
2022,FL,12129,Wakulla County,2022-11-23,-15,inperson,5047,,1269,3118,50,610,1,fl-doe,2026-09-08T00:32:43+00:00
2022,FL,12129,Wakulla County,2022-11-23,-15,mail,3438,,1552,1464,27,395,1,fl-doe,2026-09-08T00:32:43+00:00
2022,FL,12131,Walton County,2022-10-06,33,mail,53,,11,30,2,10,1,fl-doe,2026-09-08T00:32:43+00:00
2022,FL,12131,Walton County,2022-10-07,32,mail,63,,13,38,2,10,1,fl-doe,2026-09-08T00:32:43+00:00
2022,FL,12131,Walton County,2022-10-10,29,mail,82,,17,51,2,12,1,fl-doe,2026-09-08T00:32:43+00:00
2022,FL,12131,Walton County,2022-10-21,18,mail,2456,,639,1462,38,317,1,fl-doe,2026-09-08T00:32:43+00:00
2022,FL,12131,Walton County,2022-10-23,16,mail,2698,,690,1626,42,340,1,fl-doe,2026-09-08T00:32:43+00:00
2022,FL,12131,Walton County,2022-10-24,15,mail,2698,,690,1626,42,340,1,fl-doe,2026-09-08T00:32:43+00:00
2022,FL,12131,Walton County,2022-10-25,14,inperson,0,,0,0,0,0,1,fl-doe,2026-09-08T00:32:43+00:00
2022,FL,12131,Walton County,2022-10-25,14,mail,3161,,805,1898,53,405,1,fl-doe,2026-09-08T00:32:43+00:00
2022,FL,12131,Walton County,2022-10-27,12,inperson,0,,0,0,0,0,1,fl-doe,2026-09-08T00:32:43+00:00
2022,FL,12131,Walton County,2022-10-27,12,mail,3364,,857,2018,59,430,1,fl-doe,2026-09-08T00:32:43+00:00
2022,FL,12131,Walton County,2022-10-28,11,inperson,0,,0,0,0,0,1,fl-doe,2026-09-08T00:32:43+00:00
2022,FL,12131,Walton County,2022-10-28,11,mail,3870,,982,2322,61,505,1,fl-doe,2026-09-08T00:32:43+00:00
2022,FL,12131,Walton County,2022-10-31,8,inperson,2506,,275,1920,32,279,1,fl-doe,2026-09-08T00:32:43+00:00
2022,FL,12131,Walton County,2022-10-31,8,mail,4352,,1103,2603,69,577,1,fl-doe,2026-09-08T00:32:43+00:00
2022,FL,12131,Walton County,2022-11-01,7,inperson,4261,,491,3255,54,461,1,fl-doe,2026-09-08T00:32:43+00:00
2022,FL,12131,Walton County,2022-11-01,7,mail,4670,,1179,2785,74,632,1,fl-doe,2026-09-08T00:32:43+00:00
2022,FL,12131,Walton County,2022-11-02,6,inperson,5824,,674,4455,70,625,1,fl-doe,2026-09-08T00:32:43+00:00
2022,FL,12131,Walton County,2022-11-02,6,mail,4825,,1216,2871,79,659,1,fl-doe,2026-09-08T00:32:43+00:00
2022,FL,12131,Walton County,2022-11-03,5,inperson,7217,,839,5464,102,812,1,fl-doe,2026-09-08T00:32:43+00:00
2022,FL,12131,Walton County,2022-11-03,5,mail,5096,,1290,3027,85,694,1,fl-doe,2026-09-08T00:32:43+00:00
2022,FL,12131,Walton County,2022-11-04,4,inperson,8648,,974,6569,129,976,1,fl-doe,2026-09-08T00:32:43+00:00
2022,FL,12131,Walton County,2022-11-04,4,mail,5382,,1363,3198,88,733,1,fl-doe,2026-09-08T00:32:43+00:00
2022,FL,12131,Walton County,2022-11-05,3,inperson,10440,,1161,7920,155,1204,1,fl-doe,2026-09-08T00:32:43+00:00
2022,FL,12131,Walton County,2022-11-05,3,mail,5557,,1410,3294,91,762,1,fl-doe,2026-09-08T00:32:43+00:00
2022,FL,12131,Walton County,2022-11-06,2,inperson,11832,,1346,8931,175,1380,1,fl-doe,2026-09-08T00:32:43+00:00
2022,FL,12131,Walton County,2022-11-06,2,mail,5866,,1501,3453,99,813,1,fl-doe,2026-09-08T00:32:43+00:00
2022,FL,12131,Walton County,2022-11-07,1,inperson,11832,,1346,8931,175,1380,1,fl-doe,2026-09-08T00:32:43+00:00
2022,FL,12131,Walton County,2022-11-07,1,mail,5891,,1512,3463,99,817,1,fl-doe,2026-09-08T00:32:43+00:00
2022,FL,12131,Walton County,2022-11-14,-6,inperson,11832,,1346,8931,175,1380,1,fl-doe,2026-09-08T00:32:43+00:00
2022,FL,12131,Walton County,2022-11-14,-6,mail,6436,,1632,3777,110,917,1,fl-doe,2026-09-08T00:32:43+00:00
2022,FL,12131,Walton County,2022-11-16,-8,inperson,11832,,1346,8931,175,1380,1,fl-doe,2026-09-08T00:32:43+00:00
2022,FL,12131,Walton County,2022-11-16,-8,mail,6437,,1632,3777,110,918,1,fl-doe,2026-09-08T00:32:43+00:00
2022,FL,12131,Walton County,2022-11-17,-9,inperson,11832,,1346,8931,175,1380,1,fl-doe,2026-09-08T00:32:43+00:00
2022,FL,12131,Walton County,2022-11-17,-9,mail,6438,,1633,3777,110,918,1,fl-doe,2026-09-08T00:32:43+00:00
2022,FL,12131,Walton County,2022-11-18,-10,inperson,11832,,1346,8931,175,1380,1,fl-doe,2026-09-08T00:32:43+00:00
2022,FL,12131,Walton County,2022-11-18,-10,mail,6438,,1633,3777,110,918,1,fl-doe,2026-09-08T00:32:43+00:00
2022,FL,12131,Walton County,2022-11-19,-11,inperson,11832,,1346,8931,175,1380,1,fl-doe,2026-09-08T00:32:43+00:00
2022,FL,12131,Walton County,2022-11-19,-11,mail,6438,,1633,3777,110,918,1,fl-doe,2026-09-08T00:32:43+00:00
2022,FL,12131,Walton County,2022-11-22,-14,inperson,11832,,1346,8931,175,1380,1,fl-doe,2026-09-08T00:32:43+00:00
2022,FL,12131,Walton County,2022-11-22,-14,mail,6438,,1633,3777,110,918,1,fl-doe,2026-09-08T00:32:43+00:00
2022,FL,12131,Walton County,2022-11-23,-15,inperson,11832,,1346,8931,175,1380,1,fl-doe,2026-09-08T00:32:43+00:00
2022,FL,12131,Walton County,2022-11-23,-15,mail,6438,,1633,3777,110,918,1,fl-doe,2026-09-08T00:32:43+00:00
2022,FL,12133,Washington County,2022-10-06,33,mail,4,,2,1,0,1,1,fl-doe,2026-09-08T00:32:43+00:00
2022,FL,12133,Washington County,2022-10-07,32,mail,4,,2,1,0,1,1,fl-doe,2026-09-08T00:32:43+00:00
2022,FL,12133,Washington County,2022-10-10,29,mail,5,,2,1,0,2,1,fl-doe,2026-09-08T00:32:43+00:00
2022,FL,12133,Washington County,2022-10-21,18,mail,732,,243,422,8,59,1,fl-doe,2026-09-08T00:32:43+00:00
2022,FL,12133,Washington County,2022-10-23,16,mail,844,,273,496,9,66,1,fl-doe,2026-09-08T00:32:43+00:00
2022,FL,12133,Washington County,2022-10-24,15,mail,844,,273,496,9,66,1,fl-doe,2026-09-08T00:32:43+00:00
2022,FL,12133,Washington County,2022-10-25,14,inperson,0,,0,0,0,0,1,fl-doe,2026-09-08T00:32:43+00:00
2022,FL,12133,Washington County,2022-10-25,14,mail,928,,309,539,9,71,1,fl-doe,2026-09-08T00:32:43+00:00
2022,FL,12133,Washington County,2022-10-27,12,inperson,0,,0,0,0,0,1,fl-doe,2026-09-08T00:32:43+00:00
2022,FL,12133,Washington County,2022-10-27,12,mail,1087,,358,633,10,86,1,fl-doe,2026-09-08T00:32:43+00:00
2022,FL,12133,Washington County,2022-10-28,11,inperson,0,,0,0,0,0,1,fl-doe,2026-09-08T00:32:43+00:00
2022,FL,12133,Washington County,2022-10-28,11,mail,1173,,386,684,11,92,1,fl-doe,2026-09-08T00:32:43+00:00
2022,FL,12133,Washington County,2022-10-31,8,inperson,480,,82,377,1,20,1,fl-doe,2026-09-08T00:32:43+00:00
2022,FL,12133,Washington County,2022-10-31,8,mail,1247,,422,717,12,96,1,fl-doe,2026-09-08T00:32:43+00:00
2022,FL,12133,Washington County,2022-11-01,7,inperson,791,,141,606,3,41,1,fl-doe,2026-09-08T00:32:43+00:00
2022,FL,12133,Washington County,2022-11-01,7,mail,1300,,437,748,14,101,1,fl-doe,2026-09-08T00:32:43+00:00
2022,FL,12133,Washington County,2022-11-02,6,inperson,1121,,201,844,4,72,1,fl-doe,2026-09-08T00:32:43+00:00
2022,FL,12133,Washington County,2022-11-02,6,mail,1381,,467,793,14,107,1,fl-doe,2026-09-08T00:32:43+00:00
2022,FL,12133,Washington County,2022-11-03,5,inperson,1413,,245,1078,5,85,1,fl-doe,2026-09-08T00:32:43+00:00
2022,FL,12133,Washington County,2022-11-03,5,mail,1442,,494,822,14,112,1,fl-doe,2026-09-08T00:32:43+00:00
2022,FL,12133,Washington County,2022-11-04,4,inperson,1678,,282,1281,6,109,1,fl-doe,2026-09-08T00:32:43+00:00
2022,FL,12133,Washington County,2022-11-04,4,mail,1509,,519,856,16,118,1,fl-doe,2026-09-08T00:32:43+00:00
2022,FL,12133,Washington County,2022-11-05,3,inperson,2080,,345,1597,7,131,1,fl-doe,2026-09-08T00:32:43+00:00
2022,FL,12133,Washington County,2022-11-05,3,mail,1605,,544,923,16,122,1,fl-doe,2026-09-08T00:32:43+00:00
2022,FL,12133,Washington County,2022-11-06,2,inperson,2441,,384,1879,11,167,1,fl-doe,2026-09-08T00:32:43+00:00
2022,FL,12133,Washington County,2022-11-06,2,mail,1643,,557,944,17,125,1,fl-doe,2026-09-08T00:32:43+00:00
2022,FL,12133,Washington County,2022-11-07,1,inperson,2441,,384,1879,11,167,1,fl-doe,2026-09-08T00:32:43+00:00
2022,FL,12133,Washington County,2022-11-07,1,mail,1643,,557,944,17,125,1,fl-doe,2026-09-08T00:32:43+00:00
2022,FL,12133,Washington County,2022-11-14,-6,inperson,2441,,384,1879,11,167,1,fl-doe,2026-09-08T00:32:43+00:00
2022,FL,12133,Washington County,2022-11-14,-6,mail,1783,,603,1027,17,136,1,fl-doe,2026-09-08T00:32:43+00:00
2022,FL,12133,Washington County,2022-11-16,-8,inperson,2441,,384,1879,11,167,1,fl-doe,2026-09-08T00:32:43+00:00
2022,FL,12133,Washington County,2022-11-16,-8,mail,1783,,603,1027,17,136,1,fl-doe,2026-09-08T00:32:43+00:00
2022,FL,12133,Washington County,2022-11-17,-9,inperson,2441,,384,1879,11,167,1,fl-doe,2026-09-08T00:32:43+00:00
2022,FL,12133,Washington County,2022-11-17,-9,mail,1783,,603,1027,17,136,1,fl-doe,2026-09-08T00:32:43+00:00
2022,FL,12133,Washington County,2022-11-18,-10,inperson,2441,,384,1879,11,167,1,fl-doe,2026-09-08T00:32:43+00:00
2022,FL,12133,Washington County,2022-11-18,-10,mail,1783,,603,1027,17,136,1,fl-doe,2026-09-08T00:32:43+00:00
2022,FL,12133,Washington County,2022-11-19,-11,inperson,2441,,384,1879,11,167,1,fl-doe,2026-09-08T00:32:43+00:00
2022,FL,12133,Washington County,2022-11-19,-11,mail,1783,,603,1027,17,136,1,fl-doe,2026-09-08T00:32:43+00:00
2022,FL,12133,Washington County,2022-11-22,-14,inperson,2441,,384,1879,11,167,1,fl-doe,2026-09-08T00:32:43+00:00
2022,FL,12133,Washington County,2022-11-22,-14,mail,1783,,603,1027,17,136,1,fl-doe,2026-09-08T00:32:43+00:00
2022,FL,12133,Washington County,2022-11-23,-15,inperson,2441,,384,1879,11,167,1,fl-doe,2026-09-08T00:32:43+00:00
2022,FL,12133,Washington County,2022-11-23,-15,mail,1783,,603,1027,17,136,1,fl-doe,2026-09-08T00:32:43+00:00
2024,FL,12001,Alachua County,2024-09-16,50,inperson,0,,0,0,0,0,1,fl-doe,2026-09-08T00:32:43+00:00
2024,FL,12001,Alachua County,2024-09-16,50,mail,0,,0,0,0,0,1,fl-doe,2026-09-08T00:32:43+00:00
2024,FL,12001,Alachua County,2024-09-17,49,inperson,0,,0,0,0,0,1,fl-doe,2026-09-08T00:32:43+00:00
2024,FL,12001,Alachua County,2024-09-17,49,mail,0,,0,0,0,0,1,fl-doe,2026-09-08T00:32:43+00:00
2024,FL,12001,Alachua County,2024-09-20,46,inperson,0,,0,0,0,0,1,fl-doe,2026-09-08T00:32:43+00:00
2024,FL,12001,Alachua County,2024-09-20,46,mail,0,,0,0,0,0,1,fl-doe,2026-09-08T00:32:43+00:00
2024,FL,12001,Alachua County,2024-09-24,42,inperson,0,,0,0,0,0,1,fl-doe,2026-09-08T00:32:43+00:00
2024,FL,12001,Alachua County,2024-09-24,42,mail,13,,8,3,0,2,1,fl-doe,2026-09-08T00:32:43+00:00
2024,FL,12001,Alachua County,2024-09-26,40,inperson,0,,0,0,0,0,1,fl-doe,2026-09-08T00:32:43+00:00
2024,FL,12001,Alachua County,2024-09-26,40,mail,26,,18,3,0,5,1,fl-doe,2026-09-08T00:32:43+00:00
2024,FL,12001,Alachua County,2024-09-29,37,inperson,0,,0,0,0,0,1,fl-doe,2026-09-08T00:32:43+00:00
2024,FL,12001,Alachua County,2024-09-29,37,mail,34,,25,3,0,6,1,fl-doe,2026-09-08T00:32:43+00:00
2024,FL,12001,Alachua County,2024-09-30,36,inperson,0,,0,0,0,0,1,fl-doe,2026-09-08T00:32:43+00:00
2024,FL,12001,Alachua County,2024-09-30,36,mail,34,,25,3,0,6,1,fl-doe,2026-09-08T00:32:43+00:00
2024,FL,12001,Alachua County,2024-10-01,35,inperson,0,,0,0,0,0,1,fl-doe,2026-09-08T00:32:43+00:00
2024,FL,12001,Alachua County,2024-10-01,35,mail,81,,45,18,1,17,1,fl-doe,2026-09-08T00:32:43+00:00
2024,FL,12001,Alachua County,2024-10-02,34,inperson,0,,0,0,0,0,1,fl-doe,2026-09-08T00:32:43+00:00
2024,FL,12001,Alachua County,2024-10-02,34,mail,577,,345,138,12,82,1,fl-doe,2026-09-08T00:32:43+00:00
2024,FL,12001,Alachua County,2024-10-03,33,inperson,0,,0,0,0,0,1,fl-doe,2026-09-08T00:32:43+00:00
2024,FL,12001,Alachua County,2024-10-03,33,mail,1667,,1007,381,28,251,1,fl-doe,2026-09-08T00:32:43+00:00
2024,FL,12001,Alachua County,2024-10-04,32,inperson,0,,0,0,0,0,1,fl-doe,2026-09-08T00:32:43+00:00
2024,FL,12001,Alachua County,2024-10-04,32,mail,1688,,1017,386,29,256,1,fl-doe,2026-09-08T00:32:43+00:00
2024,FL,12001,Alachua County,2024-10-06,30,inperson,0,,0,0,0,0,1,fl-doe,2026-09-08T00:32:43+00:00
2024,FL,12001,Alachua County,2024-10-06,30,mail,3368,,1971,801,66,530,1,fl-doe,2026-09-08T00:32:43+00:00
2024,FL,12001,Alachua County,2024-10-07,29,inperson,0,,0,0,0,0,1,fl-doe,2026-09-08T00:32:43+00:00
2024,FL,12001,Alachua County,2024-10-07,29,mail,3368,,1971,801,66,530,1,fl-doe,2026-09-08T00:32:43+00:00
2024,FL,12001,Alachua County,2024-10-23,13,inperson,9825,,4308,3832,199,1486,1,fl-doe,2026-09-08T00:32:43+00:00
2024,FL,12001,Alachua County,2024-10-23,13,mail,16857,,9996,3909,300,2652,1,fl-doe,2026-09-08T00:32:43+00:00
2024,FL,12001,Alachua County,2024-10-28,8,inperson,31656,,13819,11859,619,5359,1,fl-doe,2026-09-08T00:32:43+00:00
2024,FL,12001,Alachua County,2024-10-28,8,mail,22084,,13170,5031,391,3492,1,fl-doe,2026-09-08T00:32:43+00:00
2024,FL,12001,Alachua County,2024-10-29,7,inperson,37033,,16197,13691,760,6385,1,fl-doe,2026-09-08T00:32:43+00:00
2024,FL,12001,Alachua County,2024-10-29,7,mail,24721,,14721,5581,446,3973,1,fl-doe,2026-09-08T00:32:43+00:00
2024,FL,12001,Alachua County,2024-10-31,5,inperson,48212,,21024,17251,1072,8865,1,fl-doe,2026-09-08T00:32:43+00:00
2024,FL,12001,Alachua County,2024-10-31,5,mail,27808,,16427,6224,521,4636,1,fl-doe,2026-09-08T00:32:43+00:00
2024,FL,12001,Alachua County,2024-11-01,4,inperson,53645,,23351,18882,1246,10166,1,fl-doe,2026-09-08T00:32:43+00:00
2024,FL,12001,Alachua County,2024-11-01,4,mail,29198,,17193,6525,549,4931,1,fl-doe,2026-09-08T00:32:43+00:00
2024,FL,12001,Alachua County,2024-11-03,2,inperson,65738,,28777,22282,1588,13091,1,fl-doe,2026-09-08T00:32:43+00:00
2024,FL,12001,Alachua County,2024-11-03,2,mail,30468,,17894,6783,580,5211,1,fl-doe,2026-09-08T00:32:43+00:00
2024,FL,12001,Alachua County,2024-11-04,1,inperson,72599,,31956,23913,1793,14937,1,fl-doe,2026-09-08T00:32:43+00:00
2024,FL,12001,Alachua County,2024-11-04,1,mail,31931,,18751,7046,613,5521,1,fl-doe,2026-09-08T00:32:43+00:00
2024,FL,12001,Alachua County,2024-11-05,0,inperson,72599,,31956,23913,1793,14937,1,fl-doe,2026-09-08T00:32:43+00:00
2024,FL,12001,Alachua County,2024-11-05,0,mail,33084,,19337,7290,650,5807,1,fl-doe,2026-09-08T00:32:43+00:00
2024,FL,12001,Alachua County,2024-11-06,-1,inperson,72599,,31956,23913,1793,14937,1,fl-doe,2026-09-08T00:32:43+00:00
2024,FL,12001,Alachua County,2024-11-06,-1,mail,34599,,20174,7547,697,6181,1,fl-doe,2026-09-08T00:32:43+00:00
2024,FL,12001,Alachua County,2024-11-07,-2,inperson,72599,,31956,23913,1793,14937,1,fl-doe,2026-09-08T00:32:43+00:00
2024,FL,12001,Alachua County,2024-11-07,-2,mail,34622,,20186,7551,697,6188,1,fl-doe,2026-09-08T00:32:43+00:00
2024,FL,12001,Alachua County,2024-11-08,-3,inperson,72599,,31956,23913,1793,14937,1,fl-doe,2026-09-08T00:32:43+00:00
2024,FL,12001,Alachua County,2024-11-08,-3,mail,34628,,20190,7552,698,6188,1,fl-doe,2026-09-08T00:32:43+00:00
2024,FL,12001,Alachua County,2024-11-09,-4,inperson,72599,,31956,23913,1793,14937,1,fl-doe,2026-09-08T00:32:43+00:00
2024,FL,12001,Alachua County,2024-11-09,-4,mail,34650,,20203,7557,698,6192,1,fl-doe,2026-09-08T00:32:43+00:00
2024,FL,12001,Alachua County,2024-11-12,-7,inperson,72599,,31956,23913,1793,14937,1,fl-doe,2026-09-08T00:32:43+00:00
2024,FL,12001,Alachua County,2024-11-12,-7,mail,34650,,20203,7557,698,6192,1,fl-doe,2026-09-08T00:32:43+00:00
2024,FL,12001,Alachua County,2024-11-13,-8,inperson,72599,,31956,23913,1793,14937,1,fl-doe,2026-09-08T00:32:43+00:00
2024,FL,12001,Alachua County,2024-11-13,-8,mail,34661,,20208,7559,698,6196,1,fl-doe,2026-09-08T00:32:43+00:00
2024,FL,12001,Alachua County,2024-11-14,-9,inperson,72599,,31956,23913,1793,14937,1,fl-doe,2026-09-08T00:32:43+00:00
2024,FL,12001,Alachua County,2024-11-14,-9,mail,34661,,20208,7559,698,6196,1,fl-doe,2026-09-08T00:32:43+00:00
2024,FL,12001,Alachua County,2024-11-17,-12,inperson,72599,,31956,23913,1793,14937,1,fl-doe,2026-09-08T00:32:43+00:00
2024,FL,12001,Alachua County,2024-11-17,-12,mail,34678,,20214,7565,699,6200,1,fl-doe,2026-09-08T00:32:43+00:00
2024,FL,12001,Alachua County,2024-11-18,-13,inperson,72599,,31956,23913,1793,14937,1,fl-doe,2026-09-08T00:32:43+00:00
2024,FL,12001,Alachua County,2024-11-18,-13,mail,34678,,20214,7565,699,6200,1,fl-doe,2026-09-08T00:32:43+00:00
2024,FL,12001,Alachua County,2024-11-20,-15,inperson,72599,,31956,23913,1793,14937,1,fl-doe,2026-09-08T00:32:43+00:00
2024,FL,12001,Alachua County,2024-11-20,-15,mail,34678,,20214,7565,699,6200,1,fl-doe,2026-09-08T00:32:43+00:00
2024,FL,12003,Baker County,2024-09-24,42,inperson,0,,0,0,0,0,1,fl-doe,2026-09-08T00:32:43+00:00
2024,FL,12003,Baker County,2024-09-24,42,mail,0,,0,0,0,0,1,fl-doe,2026-09-08T00:32:43+00:00
2024,FL,12003,Baker County,2024-09-26,40,inperson,0,,0,0,0,0,1,fl-doe,2026-09-08T00:32:43+00:00
2024,FL,12003,Baker County,2024-09-26,40,mail,0,,0,0,0,0,1,fl-doe,2026-09-08T00:32:43+00:00
2024,FL,12003,Baker County,2024-09-29,37,inperson,0,,0,0,0,0,1,fl-doe,2026-09-08T00:32:43+00:00
2024,FL,12003,Baker County,2024-09-29,37,mail,0,,0,0,0,0,1,fl-doe,2026-09-08T00:32:43+00:00
2024,FL,12003,Baker County,2024-09-30,36,inperson,0,,0,0,0,0,1,fl-doe,2026-09-08T00:32:43+00:00
2024,FL,12003,Baker County,2024-09-30,36,mail,0,,0,0,0,0,1,fl-doe,2026-09-08T00:32:43+00:00
2024,FL,12003,Baker County,2024-10-01,35,inperson,0,,0,0,0,0,1,fl-doe,2026-09-08T00:32:43+00:00
2024,FL,12003,Baker County,2024-10-01,35,mail,0,,0,0,0,0,1,fl-doe,2026-09-08T00:32:43+00:00
2024,FL,12003,Baker County,2024-10-02,34,inperson,0,,0,0,0,0,1,fl-doe,2026-09-08T00:32:43+00:00
2024,FL,12003,Baker County,2024-10-02,34,mail,48,,7,39,0,2,1,fl-doe,2026-09-08T00:32:43+00:00
2024,FL,12003,Baker County,2024-10-03,33,inperson,0,,0,0,0,0,1,fl-doe,2026-09-08T00:32:43+00:00
2024,FL,12003,Baker County,2024-10-03,33,mail,48,,7,39,0,2,1,fl-doe,2026-09-08T00:32:43+00:00
2024,FL,12003,Baker County,2024-10-04,32,inperson,0,,0,0,0,0,1,fl-doe,2026-09-08T00:32:43+00:00
2024,FL,12003,Baker County,2024-10-04,32,mail,129,,29,96,0,4,1,fl-doe,2026-09-08T00:32:43+00:00
2024,FL,12003,Baker County,2024-10-06,30,inperson,0,,0,0,0,0,1,fl-doe,2026-09-08T00:32:43+00:00
2024,FL,12003,Baker County,2024-10-06,30,mail,191,,36,144,2,9,1,fl-doe,2026-09-08T00:32:43+00:00
2024,FL,12003,Baker County,2024-10-07,29,inperson,0,,0,0,0,0,1,fl-doe,2026-09-08T00:32:43+00:00
2024,FL,12003,Baker County,2024-10-07,29,mail,191,,36,144,2,9,1,fl-doe,2026-09-08T00:32:43+00:00
2024,FL,12003,Baker County,2024-10-23,13,inperson,0,,0,0,0,0,1,fl-doe,2026-09-08T00:32:43+00:00
2024,FL,12003,Baker County,2024-10-23,13,mail,973,,224,673,12,64,1,fl-doe,2026-09-08T00:32:43+00:00
2024,FL,12003,Baker County,2024-10-28,8,inperson,3622,,415,2917,43,247,1,fl-doe,2026-09-08T00:32:43+00:00
2024,FL,12003,Baker County,2024-10-28,8,mail,1238,,284,855,13,86,1,fl-doe,2026-09-08T00:32:43+00:00
2024,FL,12003,Baker County,2024-10-29,7,inperson,4742,,575,3771,62,334,1,fl-doe,2026-09-08T00:32:43+00:00
2024,FL,12003,Baker County,2024-10-29,7,mail,1352,,306,932,17,97,1,fl-doe,2026-09-08T00:32:43+00:00
2024,FL,12003,Baker County,2024-10-31,5,inperson,6590,,855,5159,90,486,1,fl-doe,2026-09-08T00:32:43+00:00
2024,FL,12003,Baker County,2024-10-31,5,mail,1476,,333,1016,21,106,1,fl-doe,2026-09-08T00:32:43+00:00
2024,FL,12003,Baker County,2024-11-01,4,inperson,7358,,954,5758,101,545,1,fl-doe,2026-09-08T00:32:43+00:00
2024,FL,12003,Baker County,2024-11-01,4,mail,1476,,333,1016,21,106,1,fl-doe,2026-09-08T00:32:43+00:00
2024,FL,12003,Baker County,2024-11-03,2,inperson,9102,,1193,7040,132,737,1,fl-doe,2026-09-08T00:32:43+00:00
2024,FL,12003,Baker County,2024-11-03,2,mail,1586,,357,1090,23,116,1,fl-doe,2026-09-08T00:32:43+00:00
2024,FL,12003,Baker County,2024-11-04,1,inperson,9102,,1193,7040,132,737,1,fl-doe,2026-09-08T00:32:43+00:00
2024,FL,12003,Baker County,2024-11-04,1,mail,1686,,381,1148,23,134,1,fl-doe,2026-09-08T00:32:43+00:00
2024,FL,12003,Baker County,2024-11-05,0,inperson,9102,,1193,7040,132,737,1,fl-doe,2026-09-08T00:32:43+00:00
2024,FL,12003,Baker County,2024-11-05,0,mail,1751,,402,1181,24,144,1,fl-doe,2026-09-08T00:32:43+00:00
2024,FL,12003,Baker County,2024-11-06,-1,inperson,9102,,1193,7040,132,737,1,fl-doe,2026-09-08T00:32:43+00:00
2024,FL,12003,Baker County,2024-11-06,-1,mail,1793,,411,1207,28,147,1,fl-doe,2026-09-08T00:32:43+00:00
2024,FL,12003,Baker County,2024-11-07,-2,inperson,9102,,1193,7040,132,737,1,fl-doe,2026-09-08T00:32:43+00:00
2024,FL,12003,Baker County,2024-11-07,-2,mail,1793,,411,1207,28,147,1,fl-doe,2026-09-08T00:32:43+00:00
2024,FL,12003,Baker County,2024-11-08,-3,inperson,9102,,1193,7040,132,737,1,fl-doe,2026-09-08T00:32:43+00:00
2024,FL,12003,Baker County,2024-11-08,-3,mail,1793,,411,1207,28,147,1,fl-doe,2026-09-08T00:32:43+00:00
2024,FL,12003,Baker County,2024-11-09,-4,inperson,9102,,1193,7040,132,737,1,fl-doe,2026-09-08T00:32:43+00:00
2024,FL,12003,Baker County,2024-11-09,-4,mail,1793,,411,1207,28,147,1,fl-doe,2026-09-08T00:32:43+00:00
2024,FL,12003,Baker County,2024-11-12,-7,inperson,9102,,1193,7040,132,737,1,fl-doe,2026-09-08T00:32:43+00:00
2024,FL,12003,Baker County,2024-11-12,-7,mail,1793,,411,1207,28,147,1,fl-doe,2026-09-08T00:32:43+00:00
2024,FL,12003,Baker County,2024-11-13,-8,inperson,9102,,1193,7040,132,737,1,fl-doe,2026-09-08T00:32:43+00:00
2024,FL,12003,Baker County,2024-11-13,-8,mail,1793,,411,1207,28,147,1,fl-doe,2026-09-08T00:32:43+00:00
2024,FL,12003,Baker County,2024-11-14,-9,inperson,9102,,1193,7040,132,737,1,fl-doe,2026-09-08T00:32:43+00:00
2024,FL,12003,Baker County,2024-11-14,-9,mail,1793,,411,1207,28,147,1,fl-doe,2026-09-08T00:32:43+00:00
2024,FL,12003,Baker County,2024-11-17,-12,inperson,9102,,1193,7040,132,737,1,fl-doe,2026-09-08T00:32:43+00:00
2024,FL,12003,Baker County,2024-11-17,-12,mail,1793,,411,1207,28,147,1,fl-doe,2026-09-08T00:32:43+00:00
2024,FL,12003,Baker County,2024-11-18,-13,inperson,9102,,1193,7040,132,737,1,fl-doe,2026-09-08T00:32:43+00:00
2024,FL,12003,Baker County,2024-11-18,-13,mail,1793,,411,1207,28,147,1,fl-doe,2026-09-08T00:32:43+00:00
2024,FL,12003,Baker County,2024-11-20,-15,inperson,9102,,1193,7040,132,737,1,fl-doe,2026-09-08T00:32:43+00:00
2024,FL,12003,Baker County,2024-11-20,-15,mail,1793,,411,1207,28,147,1,fl-doe,2026-09-08T00:32:43+00:00
2024,FL,12005,Bay County,2024-09-20,46,inperson,0,,0,0,0,0,1,fl-doe,2026-09-08T00:32:43+00:00
2024,FL,12005,Bay County,2024-09-20,46,mail,5,,1,1,1,2,1,fl-doe,2026-09-08T00:32:43+00:00
2024,FL,12005,Bay County,2024-09-24,42,inperson,0,,0,0,0,0,1,fl-doe,2026-09-08T00:32:43+00:00
2024,FL,12005,Bay County,2024-09-24,42,mail,10,,3,4,1,2,1,fl-doe,2026-09-08T00:32:43+00:00
2024,FL,12005,Bay County,2024-09-26,40,inperson,0,,0,0,0,0,1,fl-doe,2026-09-08T00:32:43+00:00
2024,FL,12005,Bay County,2024-09-26,40,mail,14,,3,6,1,4,1,fl-doe,2026-09-08T00:32:43+00:00
2024,FL,12005,Bay County,2024-09-29,37,inperson,0,,0,0,0,0,1,fl-doe,2026-09-08T00:32:43+00:00
2024,FL,12005,Bay County,2024-09-29,37,mail,14,,3,6,1,4,1,fl-doe,2026-09-08T00:32:43+00:00
2024,FL,12005,Bay County,2024-09-30,36,inperson,0,,0,0,0,0,1,fl-doe,2026-09-08T00:32:43+00:00
2024,FL,12005,Bay County,2024-09-30,36,mail,14,,3,6,1,4,1,fl-doe,2026-09-08T00:32:43+00:00
2024,FL,12005,Bay County,2024-10-01,35,inperson,0,,0,0,0,0,1,fl-doe,2026-09-08T00:32:43+00:00
2024,FL,12005,Bay County,2024-10-01,35,mail,82,,15,46,3,18,1,fl-doe,2026-09-08T00:32:43+00:00
2024,FL,12005,Bay County,2024-10-02,34,inperson,0,,0,0,0,0,1,fl-doe,2026-09-08T00:32:43+00:00
2024,FL,12005,Bay County,2024-10-02,34,mail,162,,36,84,7,35,1,fl-doe,2026-09-08T00:32:43+00:00
2024,FL,12005,Bay County,2024-10-03,33,inperson,0,,0,0,0,0,1,fl-doe,2026-09-08T00:32:43+00:00
2024,FL,12005,Bay County,2024-10-03,33,mail,210,,47,109,10,44,1,fl-doe,2026-09-08T00:32:43+00:00
2024,FL,12005,Bay County,2024-10-04,32,inperson,0,,0,0,0,0,1,fl-doe,2026-09-08T00:32:43+00:00
2024,FL,12005,Bay County,2024-10-04,32,mail,290,,78,152,12,48,1,fl-doe,2026-09-08T00:32:43+00:00
2024,FL,12005,Bay County,2024-10-06,30,inperson,0,,0,0,0,0,1,fl-doe,2026-09-08T00:32:43+00:00
2024,FL,12005,Bay County,2024-10-06,30,mail,1007,,300,514,34,159,1,fl-doe,2026-09-08T00:32:43+00:00
2024,FL,12005,Bay County,2024-10-07,29,inperson,0,,0,0,0,0,1,fl-doe,2026-09-08T00:32:43+00:00
2024,FL,12005,Bay County,2024-10-07,29,mail,1007,,300,514,34,159,1,fl-doe,2026-09-08T00:32:43+00:00
2024,FL,12005,Bay County,2024-10-23,13,inperson,15896,,2302,11462,320,1812,1,fl-doe,2026-09-08T00:32:43+00:00
2024,FL,12005,Bay County,2024-10-23,13,mail,10479,,3359,5391,219,1510,1,fl-doe,2026-09-08T00:32:43+00:00
2024,FL,12005,Bay County,2024-10-28,8,inperson,36219,,5392,25333,817,4677,1,fl-doe,2026-09-08T00:32:43+00:00
2024,FL,12005,Bay County,2024-10-28,8,mail,13792,,4389,7004,312,2087,1,fl-doe,2026-09-08T00:32:43+00:00
2024,FL,12005,Bay County,2024-10-29,7,inperson,40837,,6110,28342,960,5425,1,fl-doe,2026-09-08T00:32:43+00:00
2024,FL,12005,Bay County,2024-10-29,7,mail,14406,,4550,7303,332,2221,1,fl-doe,2026-09-08T00:32:43+00:00
2024,FL,12005,Bay County,2024-10-31,5,inperson,49028,,7445,33578,1208,6797,1,fl-doe,2026-09-08T00:32:43+00:00
2024,FL,12005,Bay County,2024-10-31,5,mail,15554,,4897,7832,368,2457,1,fl-doe,2026-09-08T00:32:43+00:00
2024,FL,12005,Bay County,2024-11-01,4,inperson,52405,,8030,35627,1318,7430,1,fl-doe,2026-09-08T00:32:43+00:00
2024,FL,12005,Bay County,2024-11-01,4,mail,15862,,4995,7963,378,2526,1,fl-doe,2026-09-08T00:32:43+00:00
2024,FL,12005,Bay County,2024-11-03,2,inperson,61414,,9768,40738,1664,9244,1,fl-doe,2026-09-08T00:32:43+00:00
2024,FL,12005,Bay County,2024-11-03,2,mail,16873,,5285,8442,402,2744,1,fl-doe,2026-09-08T00:32:43+00:00
2024,FL,12005,Bay County,2024-11-04,1,inperson,61414,,9768,40738,1664,9244,1,fl-doe,2026-09-08T00:32:43+00:00
2024,FL,12005,Bay County,2024-11-04,1,mail,17000,,5329,8485,404,2782,1,fl-doe,2026-09-08T00:32:43+00:00
2024,FL,12005,Bay County,2024-11-05,0,inperson,61414,,9768,40738,1664,9244,1,fl-doe,2026-09-08T00:32:43+00:00
2024,FL,12005,Bay County,2024-11-05,0,mail,17410,,5441,8692,418,2859,1,fl-doe,2026-09-08T00:32:43+00:00
2024,FL,12005,Bay County,2024-11-06,-1,inperson,61414,,9768,40738,1664,9244,1,fl-doe,2026-09-08T00:32:43+00:00
2024,FL,12005,Bay County,2024-11-06,-1,mail,17858,,5559,8897,432,2970,1,fl-doe,2026-09-08T00:32:43+00:00
2024,FL,12005,Bay County,2024-11-07,-2,inperson,61414,,9768,40738,1664,9244,1,fl-doe,2026-09-08T00:32:43+00:00
2024,FL,12005,Bay County,2024-11-07,-2,mail,17864,,5561,8899,432,2972,1,fl-doe,2026-09-08T00:32:43+00:00
2024,FL,12005,Bay County,2024-11-08,-3,inperson,61414,,9768,40738,1664,9244,1,fl-doe,2026-09-08T00:32:43+00:00
2024,FL,12005,Bay County,2024-11-08,-3,mail,17870,,5561,8901,432,2976,1,fl-doe,2026-09-08T00:32:43+00:00
2024,FL,12005,Bay County,2024-11-09,-4,inperson,61414,,9768,40738,1664,9244,1,fl-doe,2026-09-08T00:32:43+00:00
2024,FL,12005,Bay County,2024-11-09,-4,mail,17870,,5561,8901,432,2976,1,fl-doe,2026-09-08T00:32:43+00:00
2024,FL,12005,Bay County,2024-11-12,-7,inperson,61414,,9768,40738,1664,9244,1,fl-doe,2026-09-08T00:32:43+00:00
2024,FL,12005,Bay County,2024-11-12,-7,mail,17870,,5561,8901,432,2976,1,fl-doe,2026-09-08T00:32:43+00:00
2024,FL,12005,Bay County,2024-11-13,-8,inperson,61414,,9768,40738,1664,9244,1,fl-doe,2026-09-08T00:32:43+00:00
2024,FL,12005,Bay County,2024-11-13,-8,mail,17882,,5568,8903,432,2979,1,fl-doe,2026-09-08T00:32:43+00:00
2024,FL,12005,Bay County,2024-11-14,-9,inperson,61414,,9768,40738,1664,9244,1,fl-doe,2026-09-08T00:32:43+00:00
2024,FL,12005,Bay County,2024-11-14,-9,mail,17885,,5570,8903,432,2980,1,fl-doe,2026-09-08T00:32:43+00:00
2024,FL,12005,Bay County,2024-11-17,-12,inperson,61414,,9768,40738,1664,9244,1,fl-doe,2026-09-08T00:32:43+00:00
2024,FL,12005,Bay County,2024-11-17,-12,mail,17907,,5578,8914,432,2983,1,fl-doe,2026-09-08T00:32:43+00:00
2024,FL,12005,Bay County,2024-11-18,-13,inperson,61414,,9768,40738,1664,9244,1,fl-doe,2026-09-08T00:32:43+00:00
2024,FL,12005,Bay County,2024-11-18,-13,mail,17907,,5578,8914,432,2983,1,fl-doe,2026-09-08T00:32:43+00:00
2024,FL,12005,Bay County,2024-11-20,-15,inperson,61414,,9768,40738,1664,9244,1,fl-doe,2026-09-08T00:32:43+00:00
2024,FL,12005,Bay County,2024-11-20,-15,mail,17907,,5578,8914,432,2983,1,fl-doe,2026-09-08T00:32:43+00:00
2024,FL,12007,Bradford County,2024-09-24,42,inperson,0,,0,0,0,0,1,fl-doe,2026-09-08T00:32:43+00:00
2024,FL,12007,Bradford County,2024-09-24,42,mail,0,,0,0,0,0,1,fl-doe,2026-09-08T00:32:43+00:00
2024,FL,12007,Bradford County,2024-09-26,40,inperson,0,,0,0,0,0,1,fl-doe,2026-09-08T00:32:43+00:00
2024,FL,12007,Bradford County,2024-09-26,40,mail,0,,0,0,0,0,1,fl-doe,2026-09-08T00:32:43+00:00
2024,FL,12007,Bradford County,2024-09-29,37,inperson,0,,0,0,0,0,1,fl-doe,2026-09-08T00:32:43+00:00
2024,FL,12007,Bradford County,2024-09-29,37,mail,0,,0,0,0,0,1,fl-doe,2026-09-08T00:32:43+00:00
2024,FL,12007,Bradford County,2024-09-30,36,inperson,0,,0,0,0,0,1,fl-doe,2026-09-08T00:32:43+00:00
2024,FL,12007,Bradford County,2024-09-30,36,mail,0,,0,0,0,0,1,fl-doe,2026-09-08T00:32:43+00:00
2024,FL,12007,Bradford County,2024-10-01,35,inperson,0,,0,0,0,0,1,fl-doe,2026-09-08T00:32:43+00:00
2024,FL,12007,Bradford County,2024-10-01,35,mail,5,,1,4,0,0,1,fl-doe,2026-09-08T00:32:43+00:00
2024,FL,12007,Bradford County,2024-10-02,34,inperson,0,,0,0,0,0,1,fl-doe,2026-09-08T00:32:43+00:00
2024,FL,12007,Bradford County,2024-10-02,34,mail,8,,3,5,0,0,1,fl-doe,2026-09-08T00:32:43+00:00
2024,FL,12007,Bradford County,2024-10-03,33,inperson,0,,0,0,0,0,1,fl-doe,2026-09-08T00:32:43+00:00
2024,FL,12007,Bradford County,2024-10-03,33,mail,19,,8,11,0,0,1,fl-doe,2026-09-08T00:32:43+00:00
2024,FL,12007,Bradford County,2024-10-04,32,inperson,0,,0,0,0,0,1,fl-doe,2026-09-08T00:32:43+00:00
2024,FL,12007,Bradford County,2024-10-04,32,mail,45,,14,28,1,2,1,fl-doe,2026-09-08T00:32:43+00:00
2024,FL,12007,Bradford County,2024-10-06,30,inperson,0,,0,0,0,0,1,fl-doe,2026-09-08T00:32:43+00:00
2024,FL,12007,Bradford County,2024-10-06,30,mail,85,,23,56,3,3,1,fl-doe,2026-09-08T00:32:43+00:00
2024,FL,12007,Bradford County,2024-10-07,29,inperson,0,,0,0,0,0,1,fl-doe,2026-09-08T00:32:43+00:00
2024,FL,12007,Bradford County,2024-10-07,29,mail,85,,23,56,3,3,1,fl-doe,2026-09-08T00:32:43+00:00
2024,FL,12007,Bradford County,2024-10-23,13,inperson,1211,,177,953,9,72,1,fl-doe,2026-09-08T00:32:43+00:00
2024,FL,12007,Bradford County,2024-10-23,13,mail,1267,,424,731,13,99,1,fl-doe,2026-09-08T00:32:43+00:00
2024,FL,12007,Bradford County,2024-10-28,8,inperson,3397,,554,2559,43,241,1,fl-doe,2026-09-08T00:32:43+00:00
2024,FL,12007,Bradford County,2024-10-28,8,mail,1572,,517,915,16,124,1,fl-doe,2026-09-08T00:32:43+00:00
2024,FL,12007,Bradford County,2024-10-29,7,inperson,3946,,656,2947,52,291,1,fl-doe,2026-09-08T00:32:43+00:00
2024,FL,12007,Bradford County,2024-10-29,7,mail,1681,,546,980,17,138,1,fl-doe,2026-09-08T00:32:43+00:00
2024,FL,12007,Bradford County,2024-10-31,5,inperson,4885,,812,3605,69,399,1,fl-doe,2026-09-08T00:32:43+00:00
2024,FL,12007,Bradford County,2024-10-31,5,mail,1856,,602,1069,21,164,1,fl-doe,2026-09-08T00:32:43+00:00
2024,FL,12007,Bradford County,2024-11-01,4,inperson,5334,,911,3895,77,451,1,fl-doe,2026-09-08T00:32:43+00:00
2024,FL,12007,Bradford County,2024-11-01,4,mail,1920,,618,1107,21,174,1,fl-doe,2026-09-08T00:32:43+00:00
2024,FL,12007,Bradford County,2024-11-03,2,inperson,6374,,1134,4564,99,577,1,fl-doe,2026-09-08T00:32:43+00:00
2024,FL,12007,Bradford County,2024-11-03,2,mail,1964,,633,1132,23,176,1,fl-doe,2026-09-08T00:32:43+00:00
2024,FL,12007,Bradford County,2024-11-04,1,inperson,6951,,1273,4929,104,645,1,fl-doe,2026-09-08T00:32:43+00:00
2024,FL,12007,Bradford County,2024-11-04,1,mail,1964,,633,1132,23,176,1,fl-doe,2026-09-08T00:32:43+00:00
2024,FL,12007,Bradford County,2024-11-05,0,inperson,6951,,1273,4929,104,645,1,fl-doe,2026-09-08T00:32:43+00:00
2024,FL,12007,Bradford County,2024-11-05,0,mail,2149,,687,1237,25,200,1,fl-doe,2026-09-08T00:32:43+00:00
2024,FL,12007,Bradford County,2024-11-06,-1,inperson,6951,,1273,4929,104,645,1,fl-doe,2026-09-08T00:32:43+00:00
2024,FL,12007,Bradford County,2024-11-06,-1,mail,2194,,700,1263,27,204,1,fl-doe,2026-09-08T00:32:43+00:00
2024,FL,12007,Bradford County,2024-11-07,-2,inperson,6951,,1273,4929,104,645,1,fl-doe,2026-09-08T00:32:43+00:00
2024,FL,12007,Bradford County,2024-11-07,-2,mail,2194,,700,1263,27,204,1,fl-doe,2026-09-08T00:32:43+00:00
2024,FL,12007,Bradford County,2024-11-08,-3,inperson,6951,,1273,4929,104,645,1,fl-doe,2026-09-08T00:32:43+00:00
2024,FL,12007,Bradford County,2024-11-08,-3,mail,2194,,700,1263,27,204,1,fl-doe,2026-09-08T00:32:43+00:00
2024,FL,12007,Bradford County,2024-11-09,-4,inperson,6951,,1273,4929,104,645,1,fl-doe,2026-09-08T00:32:43+00:00
2024,FL,12007,Bradford County,2024-11-09,-4,mail,2194,,700,1263,27,204,1,fl-doe,2026-09-08T00:32:43+00:00
2024,FL,12007,Bradford County,2024-11-12,-7,inperson,6951,,1273,4929,104,645,1,fl-doe,2026-09-08T00:32:43+00:00
2024,FL,12007,Bradford County,2024-11-12,-7,mail,2194,,700,1263,27,204,1,fl-doe,2026-09-08T00:32:43+00:00
2024,FL,12007,Bradford County,2024-11-13,-8,inperson,6951,,1273,4929,104,645,1,fl-doe,2026-09-08T00:32:43+00:00
2024,FL,12007,Bradford County,2024-11-13,-8,mail,2194,,700,1263,27,204,1,fl-doe,2026-09-08T00:32:43+00:00
2024,FL,12007,Bradford County,2024-11-14,-9,inperson,6951,,1273,4929,104,645,1,fl-doe,2026-09-08T00:32:43+00:00
2024,FL,12007,Bradford County,2024-11-14,-9,mail,2194,,700,1263,27,204,1,fl-doe,2026-09-08T00:32:43+00:00
2024,FL,12007,Bradford County,2024-11-17,-12,inperson,6951,,1273,4929,104,645,1,fl-doe,2026-09-08T00:32:43+00:00
2024,FL,12007,Bradford County,2024-11-17,-12,mail,2194,,700,1263,27,204,1,fl-doe,2026-09-08T00:32:43+00:00
2024,FL,12007,Bradford County,2024-11-18,-13,inperson,6951,,1273,4929,104,645,1,fl-doe,2026-09-08T00:32:43+00:00
2024,FL,12007,Bradford County,2024-11-18,-13,mail,2194,,700,1263,27,204,1,fl-doe,2026-09-08T00:32:43+00:00
2024,FL,12007,Bradford County,2024-11-20,-15,inperson,6951,,1273,4929,104,645,1,fl-doe,2026-09-08T00:32:43+00:00
2024,FL,12007,Bradford County,2024-11-20,-15,mail,2194,,700,1263,27,204,1,fl-doe,2026-09-08T00:32:43+00:00
2024,FL,12009,Brevard County,2024-09-20,46,inperson,0,,0,0,0,0,1,fl-doe,2026-09-08T00:32:43+00:00
2024,FL,12009,Brevard County,2024-09-20,46,mail,0,,0,0,0,0,1,fl-doe,2026-09-08T00:32:43+00:00
2024,FL,12009,Brevard County,2024-09-24,42,inperson,0,,0,0,0,0,1,fl-doe,2026-09-08T00:32:43+00:00
2024,FL,12009,Brevard County,2024-09-24,42,mail,7,,1,4,0,2,1,fl-doe,2026-09-08T00:32:43+00:00
2024,FL,12009,Brevard County,2024-09-26,40,inperson,0,,0,0,0,0,1,fl-doe,2026-09-08T00:32:43+00:00
2024,FL,12009,Brevard County,2024-09-26,40,mail,20,,7,8,0,5,1,fl-doe,2026-09-08T00:32:43+00:00
2024,FL,12009,Brevard County,2024-09-29,37,inperson,0,,0,0,0,0,1,fl-doe,2026-09-08T00:32:43+00:00
2024,FL,12009,Brevard County,2024-09-29,37,mail,43,,14,22,0,7,1,fl-doe,2026-09-08T00:32:43+00:00
2024,FL,12009,Brevard County,2024-09-30,36,inperson,0,,0,0,0,0,1,fl-doe,2026-09-08T00:32:43+00:00
2024,FL,12009,Brevard County,2024-09-30,36,mail,43,,14,22,0,7,1,fl-doe,2026-09-08T00:32:43+00:00
2024,FL,12009,Brevard County,2024-10-01,35,inperson,0,,0,0,0,0,1,fl-doe,2026-09-08T00:32:43+00:00
2024,FL,12009,Brevard County,2024-10-01,35,mail,131,,45,56,3,27,1,fl-doe,2026-09-08T00:32:43+00:00
2024,FL,12009,Brevard County,2024-10-02,34,inperson,0,,0,0,0,0,1,fl-doe,2026-09-08T00:32:43+00:00
2024,FL,12009,Brevard County,2024-10-02,34,mail,177,,58,76,6,37,1,fl-doe,2026-09-08T00:32:43+00:00
2024,FL,12009,Brevard County,2024-10-03,33,inperson,0,,0,0,0,0,1,fl-doe,2026-09-08T00:32:43+00:00
2024,FL,12009,Brevard County,2024-10-03,33,mail,205,,71,85,8,41,1,fl-doe,2026-09-08T00:32:43+00:00
2024,FL,12009,Brevard County,2024-10-04,32,inperson,0,,0,0,0,0,1,fl-doe,2026-09-08T00:32:43+00:00
2024,FL,12009,Brevard County,2024-10-04,32,mail,275,,102,103,11,59,1,fl-doe,2026-09-08T00:32:43+00:00
2024,FL,12009,Brevard County,2024-10-06,30,inperson,0,,0,0,0,0,1,fl-doe,2026-09-08T00:32:43+00:00
2024,FL,12009,Brevard County,2024-10-06,30,mail,294,,107,114,12,61,1,fl-doe,2026-09-08T00:32:43+00:00
2024,FL,12009,Brevard County,2024-10-07,29,inperson,0,,0,0,0,0,1,fl-doe,2026-09-08T00:32:43+00:00
2024,FL,12009,Brevard County,2024-10-07,29,mail,294,,107,114,12,61,1,fl-doe,2026-09-08T00:32:43+00:00
2024,FL,12009,Brevard County,2024-10-23,13,inperson,26839,,6241,15756,666,4176,1,fl-doe,2026-09-08T00:32:43+00:00
2024,FL,12009,Brevard County,2024-10-23,13,mail,49229,,19130,19924,1184,8991,1,fl-doe,2026-09-08T00:32:43+00:00
2024,FL,12009,Brevard County,2024-10-28,8,inperson,91302,,20596,51651,2438,16617,1,fl-doe,2026-09-08T00:32:43+00:00
2024,FL,12009,Brevard County,2024-10-28,8,mail,68070,,26407,27087,1705,12871,1,fl-doe,2026-09-08T00:32:43+00:00
2024,FL,12009,Brevard County,2024-10-29,7,inperson,105415,,23763,59383,2841,19428,1,fl-doe,2026-09-08T00:32:43+00:00
2024,FL,12009,Brevard County,2024-10-29,7,mail,70182,,27109,27902,1771,13400,1,fl-doe,2026-09-08T00:32:43+00:00
2024,FL,12009,Brevard County,2024-10-31,5,inperson,132633,,29890,73549,3759,25435,1,fl-doe,2026-09-08T00:32:43+00:00
2024,FL,12009,Brevard County,2024-10-31,5,mail,78486,,30226,30839,2010,15411,1,fl-doe,2026-09-08T00:32:43+00:00
2024,FL,12009,Brevard County,2024-11-01,4,inperson,145029,,32859,79639,4155,28376,1,fl-doe,2026-09-08T00:32:43+00:00
2024,FL,12009,Brevard County,2024-11-01,4,mail,81549,,31321,31963,2098,16167,1,fl-doe,2026-09-08T00:32:43+00:00
2024,FL,12009,Brevard County,2024-11-03,2,inperson,178020,,40736,94880,5377,37027,1,fl-doe,2026-09-08T00:32:43+00:00
2024,FL,12009,Brevard County,2024-11-03,2,mail,86317,,33005,33670,2263,17379,1,fl-doe,2026-09-08T00:32:43+00:00
2024,FL,12009,Brevard County,2024-11-04,1,inperson,178020,,40736,94880,5377,37027,1,fl-doe,2026-09-08T00:32:43+00:00
2024,FL,12009,Brevard County,2024-11-04,1,mail,86317,,33005,33670,2263,17379,1,fl-doe,2026-09-08T00:32:43+00:00
2024,FL,12009,Brevard County,2024-11-05,0,inperson,178020,,40736,94880,5377,37027,1,fl-doe,2026-09-08T00:32:43+00:00
2024,FL,12009,Brevard County,2024-11-05,0,mail,89430,,34128,34720,2361,18221,1,fl-doe,2026-09-08T00:32:43+00:00
2024,FL,12009,Brevard County,2024-11-06,-1,inperson,178020,,40736,94880,5377,37027,1,fl-doe,2026-09-08T00:32:43+00:00
2024,FL,12009,Brevard County,2024-11-06,-1,mail,92217,,35122,35611,2481,19003,1,fl-doe,2026-09-08T00:32:43+00:00
2024,FL,12009,Brevard County,2024-11-07,-2,inperson,178020,,40736,94880,5377,37027,1,fl-doe,2026-09-08T00:32:43+00:00
2024,FL,12009,Brevard County,2024-11-07,-2,mail,92361,,35180,35649,2488,19044,1,fl-doe,2026-09-08T00:32:43+00:00
2024,FL,12009,Brevard County,2024-11-08,-3,inperson,178020,,40736,94880,5377,37027,1,fl-doe,2026-09-08T00:32:43+00:00
2024,FL,12009,Brevard County,2024-11-08,-3,mail,92407,,35196,35662,2492,19057,1,fl-doe,2026-09-08T00:32:43+00:00
2024,FL,12009,Brevard County,2024-11-09,-4,inperson,178020,,40736,94880,5377,37027,1,fl-doe,2026-09-08T00:32:43+00:00
2024,FL,12009,Brevard County,2024-11-09,-4,mail,92425,,35202,35664,2493,19066,1,fl-doe,2026-09-08T00:32:43+00:00
2024,FL,12009,Brevard County,2024-11-12,-7,inperson,178020,,40736,94880,5377,37027,1,fl-doe,2026-09-08T00:32:43+00:00
2024,FL,12009,Brevard County,2024-11-12,-7,mail,92425,,35202,35664,2493,19066,1,fl-doe,2026-09-08T00:32:43+00:00
2024,FL,12009,Brevard County,2024-11-13,-8,inperson,178020,,40736,94880,5377,37027,1,fl-doe,2026-09-08T00:32:43+00:00
2024,FL,12009,Brevard County,2024-11-13,-8,mail,92452,,35217,35670,2494,19071,1,fl-doe,2026-09-08T00:32:43+00:00
2024,FL,12009,Brevard County,2024-11-14,-9,inperson,178020,,40736,94880,5377,37027,1,fl-doe,2026-09-08T00:32:43+00:00
2024,FL,12009,Brevard County,2024-11-14,-9,mail,92464,,35223,35674,2494,19073,1,fl-doe,2026-09-08T00:32:43+00:00
2024,FL,12009,Brevard County,2024-11-17,-12,inperson,178020,,40736,94880,5377,37027,1,fl-doe,2026-09-08T00:32:43+00:00
2024,FL,12009,Brevard County,2024-11-17,-12,mail,92504,,35239,35685,2497,19083,1,fl-doe,2026-09-08T00:32:43+00:00
2024,FL,12009,Brevard County,2024-11-18,-13,inperson,178020,,40736,94880,5377,37027,1,fl-doe,2026-09-08T00:32:43+00:00
2024,FL,12009,Brevard County,2024-11-18,-13,mail,92504,,35239,35685,2497,19083,1,fl-doe,2026-09-08T00:32:43+00:00
2024,FL,12009,Brevard County,2024-11-20,-15,inperson,178020,,40736,94880,5377,37027,1,fl-doe,2026-09-08T00:32:43+00:00
2024,FL,12009,Brevard County,2024-11-20,-15,mail,92504,,35239,35685,2497,19083,1,fl-doe,2026-09-08T00:32:43+00:00
2024,FL,12011,Broward County,2024-09-20,46,inperson,0,,0,0,0,0,1,fl-doe,2026-09-08T00:32:43+00:00
2024,FL,12011,Broward County,2024-09-20,46,mail,0,,0,0,0,0,1,fl-doe,2026-09-08T00:32:43+00:00
2024,FL,12011,Broward County,2024-09-24,42,inperson,0,,0,0,0,0,1,fl-doe,2026-09-08T00:32:43+00:00
2024,FL,12011,Broward County,2024-09-24,42,mail,0,,0,0,0,0,1,fl-doe,2026-09-08T00:32:43+00:00
2024,FL,12011,Broward County,2024-09-26,40,inperson,0,,0,0,0,0,1,fl-doe,2026-09-08T00:32:43+00:00
2024,FL,12011,Broward County,2024-09-26,40,mail,0,,0,0,0,0,1,fl-doe,2026-09-08T00:32:43+00:00
2024,FL,12011,Broward County,2024-09-29,37,inperson,0,,0,0,0,0,1,fl-doe,2026-09-08T00:32:43+00:00
2024,FL,12011,Broward County,2024-09-29,37,mail,0,,0,0,0,0,1,fl-doe,2026-09-08T00:32:43+00:00
2024,FL,12011,Broward County,2024-09-30,36,inperson,0,,0,0,0,0,1,fl-doe,2026-09-08T00:32:43+00:00
2024,FL,12011,Broward County,2024-09-30,36,mail,0,,0,0,0,0,1,fl-doe,2026-09-08T00:32:43+00:00
2024,FL,12011,Broward County,2024-10-01,35,inperson,0,,0,0,0,0,1,fl-doe,2026-09-08T00:32:43+00:00
2024,FL,12011,Broward County,2024-10-01,35,mail,0,,0,0,0,0,1,fl-doe,2026-09-08T00:32:43+00:00
2024,FL,12011,Broward County,2024-10-02,34,inperson,0,,0,0,0,0,1,fl-doe,2026-09-08T00:32:43+00:00
2024,FL,12011,Broward County,2024-10-02,34,mail,117,,75,16,1,25,1,fl-doe,2026-09-08T00:32:43+00:00
2024,FL,12011,Broward County,2024-10-03,33,inperson,0,,0,0,0,0,1,fl-doe,2026-09-08T00:32:43+00:00
2024,FL,12011,Broward County,2024-10-03,33,mail,117,,75,16,1,25,1,fl-doe,2026-09-08T00:32:43+00:00
2024,FL,12011,Broward County,2024-10-04,32,inperson,0,,0,0,0,0,1,fl-doe,2026-09-08T00:32:43+00:00
2024,FL,12011,Broward County,2024-10-04,32,mail,178,,111,26,4,37,1,fl-doe,2026-09-08T00:32:43+00:00
2024,FL,12011,Broward County,2024-10-06,30,inperson,0,,0,0,0,0,1,fl-doe,2026-09-08T00:32:43+00:00
2024,FL,12011,Broward County,2024-10-06,30,mail,758,,407,179,17,155,1,fl-doe,2026-09-08T00:32:43+00:00
2024,FL,12011,Broward County,2024-10-07,29,inperson,0,,0,0,0,0,1,fl-doe,2026-09-08T00:32:43+00:00
2024,FL,12011,Broward County,2024-10-07,29,mail,758,,407,179,17,155,1,fl-doe,2026-09-08T00:32:43+00:00
2024,FL,12011,Broward County,2024-10-23,13,inperson,53394,,24935,17397,1038,10024,1,fl-doe,2026-09-08T00:32:43+00:00
2024,FL,12011,Broward County,2024-10-23,13,mail,116201,,65226,25218,2037,23720,1,fl-doe,2026-09-08T00:32:43+00:00
2024,FL,12011,Broward County,2024-10-28,8,inperson,188360,,83757,59257,3748,41598,1,fl-doe,2026-09-08T00:32:43+00:00
2024,FL,12011,Broward County,2024-10-28,8,mail,173517,,98356,35638,3012,36511,1,fl-doe,2026-09-08T00:32:43+00:00
2024,FL,12011,Broward County,2024-10-29,7,inperson,218816,,96643,68394,4383,49396,1,fl-doe,2026-09-08T00:32:43+00:00
2024,FL,12011,Broward County,2024-10-29,7,mail,181921,,103059,37017,3175,38670,1,fl-doe,2026-09-08T00:32:43+00:00
2024,FL,12011,Broward County,2024-10-31,5,inperson,283631,,124091,86709,5865,66966,1,fl-doe,2026-09-08T00:32:43+00:00
2024,FL,12011,Broward County,2024-10-31,5,mail,208099,,117175,41605,3709,45610,1,fl-doe,2026-09-08T00:32:43+00:00
2024,FL,12011,Broward County,2024-11-01,4,inperson,315315,,137635,94999,6574,76107,1,fl-doe,2026-09-08T00:32:43+00:00
2024,FL,12011,Broward County,2024-11-01,4,mail,219469,,123046,43533,3950,48940,1,fl-doe,2026-09-08T00:32:43+00:00
2024,FL,12011,Broward County,2024-11-03,2,inperson,389130,,169791,112696,8375,98268,1,fl-doe,2026-09-08T00:32:43+00:00
2024,FL,12011,Broward County,2024-11-03,2,mail,238877,,133113,46797,4365,54602,1,fl-doe,2026-09-08T00:32:43+00:00
2024,FL,12011,Broward County,2024-11-04,1,inperson,431538,,188940,121699,9456,111443,1,fl-doe,2026-09-08T00:32:43+00:00
2024,FL,12011,Broward County,2024-11-04,1,mail,248536,,138071,48250,4591,57624,1,fl-doe,2026-09-08T00:32:43+00:00
2024,FL,12011,Broward County,2024-11-05,0,inperson,431538,,188940,121699,9456,111443,1,fl-doe,2026-09-08T00:32:43+00:00
2024,FL,12011,Broward County,2024-11-05,0,mail,258819,,143252,49776,4846,60945,1,fl-doe,2026-09-08T00:32:43+00:00
2024,FL,12011,Broward County,2024-11-06,-1,inperson,431538,,188940,121699,9456,111443,1,fl-doe,2026-09-08T00:32:43+00:00
2024,FL,12011,Broward County,2024-11-06,-1,mail,269341,,148391,51348,5107,64495,1,fl-doe,2026-09-08T00:32:43+00:00
2024,FL,12011,Broward County,2024-11-07,-2,inperson,431538,,188940,121699,9456,111443,1,fl-doe,2026-09-08T00:32:43+00:00
2024,FL,12011,Broward County,2024-11-07,-2,mail,269392,,148419,51354,5108,64511,1,fl-doe,2026-09-08T00:32:43+00:00
2024,FL,12011,Broward County,2024-11-08,-3,inperson,431538,,188940,121699,9456,111443,1,fl-doe,2026-09-08T00:32:43+00:00
2024,FL,12011,Broward County,2024-11-08,-3,mail,269540,,148484,51379,5114,64563,1,fl-doe,2026-09-08T00:32:43+00:00
2024,FL,12011,Broward County,2024-11-09,-4,inperson,431538,,188940,121699,9456,111443,1,fl-doe,2026-09-08T00:32:43+00:00
2024,FL,12011,Broward County,2024-11-09,-4,mail,269542,,148484,51379,5114,64565,1,fl-doe,2026-09-08T00:32:43+00:00
2024,FL,12011,Broward County,2024-11-12,-7,inperson,431538,,188940,121699,9456,111443,1,fl-doe,2026-09-08T00:32:43+00:00
2024,FL,12011,Broward County,2024-11-12,-7,mail,269542,,148484,51379,5114,64565,1,fl-doe,2026-09-08T00:32:43+00:00
2024,FL,12011,Broward County,2024-11-13,-8,inperson,431538,,188940,121699,9456,111443,1,fl-doe,2026-09-08T00:32:43+00:00
2024,FL,12011,Broward County,2024-11-13,-8,mail,269544,,148485,51379,5114,64566,1,fl-doe,2026-09-08T00:32:43+00:00
2024,FL,12011,Broward County,2024-11-14,-9,inperson,431538,,188940,121699,9456,111443,1,fl-doe,2026-09-08T00:32:43+00:00
2024,FL,12011,Broward County,2024-11-14,-9,mail,269648,,148534,51397,5116,64601,1,fl-doe,2026-09-08T00:32:43+00:00
2024,FL,12011,Broward County,2024-11-17,-12,inperson,431538,,188940,121699,9456,111443,1,fl-doe,2026-09-08T00:32:43+00:00
2024,FL,12011,Broward County,2024-11-17,-12,mail,269740,,148590,51409,5117,64624,1,fl-doe,2026-09-08T00:32:43+00:00
2024,FL,12011,Broward County,2024-11-18,-13,inperson,431538,,188940,121699,9456,111443,1,fl-doe,2026-09-08T00:32:43+00:00
2024,FL,12011,Broward County,2024-11-18,-13,mail,269740,,148590,51409,5117,64624,1,fl-doe,2026-09-08T00:32:43+00:00
2024,FL,12011,Broward County,2024-11-20,-15,inperson,431538,,188940,121699,9456,111443,1,fl-doe,2026-09-08T00:32:43+00:00
2024,FL,12011,Broward County,2024-11-20,-15,mail,269740,,148590,51409,5117,64624,1,fl-doe,2026-09-08T00:32:43+00:00
2024,FL,12013,Calhoun County,2024-09-20,46,inperson,0,,0,0,0,0,1,fl-doe,2026-09-08T00:32:43+00:00
2024,FL,12013,Calhoun County,2024-09-20,46,mail,0,,0,0,0,0,1,fl-doe,2026-09-08T00:32:43+00:00
2024,FL,12013,Calhoun County,2024-09-24,42,inperson,0,,0,0,0,0,1,fl-doe,2026-09-08T00:32:43+00:00
2024,FL,12013,Calhoun County,2024-09-24,42,mail,0,,0,0,0,0,1,fl-doe,2026-09-08T00:32:43+00:00
2024,FL,12013,Calhoun County,2024-09-26,40,inperson,0,,0,0,0,0,1,fl-doe,2026-09-08T00:32:43+00:00
2024,FL,12013,Calhoun County,2024-09-26,40,mail,0,,0,0,0,0,1,fl-doe,2026-09-08T00:32:43+00:00
2024,FL,12013,Calhoun County,2024-09-29,37,inperson,0,,0,0,0,0,1,fl-doe,2026-09-08T00:32:43+00:00
2024,FL,12013,Calhoun County,2024-09-29,37,mail,2,,2,0,0,0,1,fl-doe,2026-09-08T00:32:43+00:00
2024,FL,12013,Calhoun County,2024-09-30,36,inperson,0,,0,0,0,0,1,fl-doe,2026-09-08T00:32:43+00:00
2024,FL,12013,Calhoun County,2024-09-30,36,mail,2,,2,0,0,0,1,fl-doe,2026-09-08T00:32:43+00:00
2024,FL,12013,Calhoun County,2024-10-01,35,inperson,0,,0,0,0,0,1,fl-doe,2026-09-08T00:32:43+00:00
2024,FL,12013,Calhoun County,2024-10-01,35,mail,3,,2,1,0,0,1,fl-doe,2026-09-08T00:32:43+00:00
2024,FL,12013,Calhoun County,2024-10-02,34,inperson,0,,0,0,0,0,1,fl-doe,2026-09-08T00:32:43+00:00
2024,FL,12013,Calhoun County,2024-10-02,34,mail,4,,2,2,0,0,1,fl-doe,2026-09-08T00:32:43+00:00
2024,FL,12013,Calhoun County,2024-10-03,33,inperson,0,,0,0,0,0,1,fl-doe,2026-09-08T00:32:43+00:00
2024,FL,12013,Calhoun County,2024-10-03,33,mail,6,,3,3,0,0,1,fl-doe,2026-09-08T00:32:43+00:00
2024,FL,12013,Calhoun County,2024-10-04,32,inperson,0,,0,0,0,0,1,fl-doe,2026-09-08T00:32:43+00:00
2024,FL,12013,Calhoun County,2024-10-04,32,mail,45,,15,29,0,1,1,fl-doe,2026-09-08T00:32:43+00:00
2024,FL,12013,Calhoun County,2024-10-06,30,inperson,0,,0,0,0,0,1,fl-doe,2026-09-08T00:32:43+00:00
2024,FL,12013,Calhoun County,2024-10-06,30,mail,110,,37,67,0,6,1,fl-doe,2026-09-08T00:32:43+00:00
2024,FL,12013,Calhoun County,2024-10-07,29,inperson,0,,0,0,0,0,1,fl-doe,2026-09-08T00:32:43+00:00
2024,FL,12013,Calhoun County,2024-10-07,29,mail,110,,37,67,0,6,1,fl-doe,2026-09-08T00:32:43+00:00
2024,FL,12013,Calhoun County,2024-10-23,13,inperson,551,,99,429,3,20,1,fl-doe,2026-09-08T00:32:43+00:00
2024,FL,12013,Calhoun County,2024-10-23,13,mail,680,,222,420,3,35,1,fl-doe,2026-09-08T00:32:43+00:00
2024,FL,12013,Calhoun County,2024-10-28,8,inperson,1627,,297,1243,7,80,1,fl-doe,2026-09-08T00:32:43+00:00
2024,FL,12013,Calhoun County,2024-10-28,8,mail,837,,279,506,3,49,1,fl-doe,2026-09-08T00:32:43+00:00
2024,FL,12013,Calhoun County,2024-10-29,7,inperson,1932,,351,1469,8,104,1,fl-doe,2026-09-08T00:32:43+00:00
2024,FL,12013,Calhoun County,2024-10-29,7,mail,882,,294,531,3,54,1,fl-doe,2026-09-08T00:32:43+00:00
2024,FL,12013,Calhoun County,2024-10-31,5,inperson,2428,,466,1812,12,138,1,fl-doe,2026-09-08T00:32:43+00:00
2024,FL,12013,Calhoun County,2024-10-31,5,mail,927,,304,562,3,58,1,fl-doe,2026-09-08T00:32:43+00:00
2024,FL,12013,Calhoun County,2024-11-01,4,inperson,2665,,511,1978,16,160,1,fl-doe,2026-09-08T00:32:43+00:00
2024,FL,12013,Calhoun County,2024-11-01,4,mail,953,,313,577,3,60,1,fl-doe,2026-09-08T00:32:43+00:00
2024,FL,12013,Calhoun County,2024-11-03,2,inperson,3250,,653,2367,21,209,1,fl-doe,2026-09-08T00:32:43+00:00
2024,FL,12013,Calhoun County,2024-11-03,2,mail,1003,,333,599,5,66,1,fl-doe,2026-09-08T00:32:43+00:00
2024,FL,12013,Calhoun County,2024-11-04,1,inperson,3250,,653,2367,21,209,1,fl-doe,2026-09-08T00:32:43+00:00
2024,FL,12013,Calhoun County,2024-11-04,1,mail,1003,,333,599,5,66,1,fl-doe,2026-09-08T00:32:43+00:00
2024,FL,12013,Calhoun County,2024-11-05,0,inperson,3250,,653,2367,21,209,1,fl-doe,2026-09-08T00:32:43+00:00
2024,FL,12013,Calhoun County,2024-11-05,0,mail,1057,,356,621,7,73,1,fl-doe,2026-09-08T00:32:43+00:00
2024,FL,12013,Calhoun County,2024-11-06,-1,inperson,3250,,653,2367,21,209,1,fl-doe,2026-09-08T00:32:43+00:00
2024,FL,12013,Calhoun County,2024-11-06,-1,mail,1082,,367,635,7,73,1,fl-doe,2026-09-08T00:32:43+00:00
2024,FL,12013,Calhoun County,2024-11-07,-2,inperson,3250,,653,2367,21,209,1,fl-doe,2026-09-08T00:32:43+00:00
2024,FL,12013,Calhoun County,2024-11-07,-2,mail,1082,,367,635,7,73,1,fl-doe,2026-09-08T00:32:43+00:00
2024,FL,12013,Calhoun County,2024-11-08,-3,inperson,3250,,653,2367,21,209,1,fl-doe,2026-09-08T00:32:43+00:00
2024,FL,12013,Calhoun County,2024-11-08,-3,mail,1083,,367,635,7,74,1,fl-doe,2026-09-08T00:32:43+00:00
2024,FL,12013,Calhoun County,2024-11-09,-4,inperson,3250,,653,2367,21,209,1,fl-doe,2026-09-08T00:32:43+00:00
2024,FL,12013,Calhoun County,2024-11-09,-4,mail,1083,,367,635,7,74,1,fl-doe,2026-09-08T00:32:43+00:00
2024,FL,12013,Calhoun County,2024-11-12,-7,inperson,3250,,653,2367,21,209,1,fl-doe,2026-09-08T00:32:43+00:00
2024,FL,12013,Calhoun County,2024-11-12,-7,mail,1083,,367,635,7,74,1,fl-doe,2026-09-08T00:32:43+00:00
2024,FL,12013,Calhoun County,2024-11-13,-8,inperson,3250,,653,2367,21,209,1,fl-doe,2026-09-08T00:32:43+00:00
2024,FL,12013,Calhoun County,2024-11-13,-8,mail,1083,,367,635,7,74,1,fl-doe,2026-09-08T00:32:43+00:00
2024,FL,12013,Calhoun County,2024-11-14,-9,inperson,3250,,653,2367,21,209,1,fl-doe,2026-09-08T00:32:43+00:00
2024,FL,12013,Calhoun County,2024-11-14,-9,mail,1083,,367,635,7,74,1,fl-doe,2026-09-08T00:32:43+00:00
2024,FL,12013,Calhoun County,2024-11-17,-12,inperson,3250,,653,2367,21,209,1,fl-doe,2026-09-08T00:32:43+00:00
2024,FL,12013,Calhoun County,2024-11-17,-12,mail,1085,,368,635,7,75,1,fl-doe,2026-09-08T00:32:43+00:00
2024,FL,12013,Calhoun County,2024-11-18,-13,inperson,3250,,653,2367,21,209,1,fl-doe,2026-09-08T00:32:43+00:00
2024,FL,12013,Calhoun County,2024-11-18,-13,mail,1086,,368,636,7,75,1,fl-doe,2026-09-08T00:32:43+00:00
2024,FL,12013,Calhoun County,2024-11-20,-15,inperson,3250,,653,2367,21,209,1,fl-doe,2026-09-08T00:32:43+00:00
2024,FL,12013,Calhoun County,2024-11-20,-15,mail,1086,,368,636,7,75,1,fl-doe,2026-09-08T00:32:43+00:00
2024,FL,12015,Charlotte County,2024-09-20,46,inperson,0,,0,0,0,0,1,fl-doe,2026-09-08T00:32:43+00:00
2024,FL,12015,Charlotte County,2024-09-20,46,mail,0,,0,0,0,0,1,fl-doe,2026-09-08T00:32:43+00:00
2024,FL,12015,Charlotte County,2024-09-24,42,inperson,0,,0,0,0,0,1,fl-doe,2026-09-08T00:32:43+00:00
2024,FL,12015,Charlotte County,2024-09-24,42,mail,17,,4,6,4,3,1,fl-doe,2026-09-08T00:32:43+00:00
2024,FL,12015,Charlotte County,2024-09-26,40,inperson,0,,0,0,0,0,1,fl-doe,2026-09-08T00:32:43+00:00
2024,FL,12015,Charlotte County,2024-09-26,40,mail,39,,11,17,5,6,1,fl-doe,2026-09-08T00:32:43+00:00
2024,FL,12015,Charlotte County,2024-09-29,37,inperson,0,,0,0,0,0,1,fl-doe,2026-09-08T00:32:43+00:00
2024,FL,12015,Charlotte County,2024-09-29,37,mail,39,,11,17,5,6,1,fl-doe,2026-09-08T00:32:43+00:00
2024,FL,12015,Charlotte County,2024-09-30,36,inperson,0,,0,0,0,0,1,fl-doe,2026-09-08T00:32:43+00:00
2024,FL,12015,Charlotte County,2024-09-30,36,mail,39,,11,17,5,6,1,fl-doe,2026-09-08T00:32:43+00:00
2024,FL,12015,Charlotte County,2024-10-01,35,inperson,0,,0,0,0,0,1,fl-doe,2026-09-08T00:32:43+00:00
2024,FL,12015,Charlotte County,2024-10-01,35,mail,55,,13,28,7,7,1,fl-doe,2026-09-08T00:32:43+00:00
2024,FL,12015,Charlotte County,2024-10-02,34,inperson,0,,0,0,0,0,1,fl-doe,2026-09-08T00:32:43+00:00
2024,FL,12015,Charlotte County,2024-10-02,34,mail,122,,40,53,8,21,1,fl-doe,2026-09-08T00:32:43+00:00
2024,FL,12015,Charlotte County,2024-10-03,33,inperson,0,,0,0,0,0,1,fl-doe,2026-09-08T00:32:43+00:00
2024,FL,12015,Charlotte County,2024-10-03,33,mail,1506,,530,686,54,236,1,fl-doe,2026-09-08T00:32:43+00:00
2024,FL,12015,Charlotte County,2024-10-04,32,inperson,0,,0,0,0,0,1,fl-doe,2026-09-08T00:32:43+00:00
2024,FL,12015,Charlotte County,2024-10-04,32,mail,3180,,1134,1406,111,529,1,fl-doe,2026-09-08T00:32:43+00:00
2024,FL,12015,Charlotte County,2024-10-06,30,inperson,0,,0,0,0,0,1,fl-doe,2026-09-08T00:32:43+00:00
2024,FL,12015,Charlotte County,2024-10-06,30,mail,5183,,1834,2279,176,894,1,fl-doe,2026-09-08T00:32:43+00:00
2024,FL,12015,Charlotte County,2024-10-07,29,inperson,0,,0,0,0,0,1,fl-doe,2026-09-08T00:32:43+00:00
2024,FL,12015,Charlotte County,2024-10-07,29,mail,5183,,1834,2279,176,894,1,fl-doe,2026-09-08T00:32:43+00:00
2024,FL,12015,Charlotte County,2024-10-23,13,inperson,10253,,1497,6843,266,1647,1,fl-doe,2026-09-08T00:32:43+00:00
2024,FL,12015,Charlotte County,2024-10-23,13,mail,25410,,8783,11090,695,4842,1,fl-doe,2026-09-08T00:32:43+00:00
2024,FL,12015,Charlotte County,2024-10-28,8,inperson,29042,,4091,19013,808,5130,1,fl-doe,2026-09-08T00:32:43+00:00
2024,FL,12015,Charlotte County,2024-10-28,8,mail,32904,,11026,14415,940,6523,1,fl-doe,2026-09-08T00:32:43+00:00
2024,FL,12015,Charlotte County,2024-10-29,7,inperson,34144,,4789,22188,945,6222,1,fl-doe,2026-09-08T00:32:43+00:00
2024,FL,12015,Charlotte County,2024-10-29,7,mail,34048,,11317,14954,971,6806,1,fl-doe,2026-09-08T00:32:43+00:00
2024,FL,12015,Charlotte County,2024-10-31,5,inperson,43277,,6128,27654,1249,8246,1,fl-doe,2026-09-08T00:32:43+00:00
2024,FL,12015,Charlotte County,2024-10-31,5,mail,37193,,12227,16287,1093,7586,1,fl-doe,2026-09-08T00:32:43+00:00
2024,FL,12015,Charlotte County,2024-11-01,4,inperson,47116,,6710,29955,1386,9065,1,fl-doe,2026-09-08T00:32:43+00:00
2024,FL,12015,Charlotte County,2024-11-01,4,mail,38715,,12666,16940,1139,7970,1,fl-doe,2026-09-08T00:32:43+00:00
2024,FL,12015,Charlotte County,2024-11-03,2,inperson,55431,,8003,34662,1702,11064,1,fl-doe,2026-09-08T00:32:43+00:00
2024,FL,12015,Charlotte County,2024-11-03,2,mail,40690,,13178,17797,1214,8501,1,fl-doe,2026-09-08T00:32:43+00:00
2024,FL,12015,Charlotte County,2024-11-04,1,inperson,59494,,8670,36899,1855,12070,1,fl-doe,2026-09-08T00:32:43+00:00
2024,FL,12015,Charlotte County,2024-11-04,1,mail,40986,,13265,17919,1228,8574,1,fl-doe,2026-09-08T00:32:43+00:00
2024,FL,12015,Charlotte County,2024-11-05,0,inperson,59494,,8670,36899,1855,12070,1,fl-doe,2026-09-08T00:32:43+00:00
2024,FL,12015,Charlotte County,2024-11-05,0,mail,41921,,13515,18329,1252,8825,1,fl-doe,2026-09-08T00:32:43+00:00
2024,FL,12015,Charlotte County,2024-11-06,-1,inperson,59494,,8670,36899,1855,12070,1,fl-doe,2026-09-08T00:32:43+00:00
2024,FL,12015,Charlotte County,2024-11-06,-1,mail,42764,,13740,18682,1286,9056,1,fl-doe,2026-09-08T00:32:43+00:00
2024,FL,12015,Charlotte County,2024-11-07,-2,inperson,59494,,8670,36899,1855,12070,1,fl-doe,2026-09-08T00:32:43+00:00
2024,FL,12015,Charlotte County,2024-11-07,-2,mail,42770,,13741,18684,1286,9059,1,fl-doe,2026-09-08T00:32:43+00:00
2024,FL,12015,Charlotte County,2024-11-08,-3,inperson,59494,,8670,36899,1855,12070,1,fl-doe,2026-09-08T00:32:43+00:00
2024,FL,12015,Charlotte County,2024-11-08,-3,mail,42787,,13747,18688,1288,9064,1,fl-doe,2026-09-08T00:32:43+00:00
2024,FL,12015,Charlotte County,2024-11-09,-4,inperson,59494,,8670,36899,1855,12070,1,fl-doe,2026-09-08T00:32:43+00:00
2024,FL,12015,Charlotte County,2024-11-09,-4,mail,42787,,13747,18688,1288,9064,1,fl-doe,2026-09-08T00:32:43+00:00
2024,FL,12015,Charlotte County,2024-11-12,-7,inperson,59494,,8670,36899,1855,12070,1,fl-doe,2026-09-08T00:32:43+00:00
2024,FL,12015,Charlotte County,2024-11-12,-7,mail,42787,,13747,18688,1288,9064,1,fl-doe,2026-09-08T00:32:43+00:00
2024,FL,12015,Charlotte County,2024-11-13,-8,inperson,59494,,8670,36899,1855,12070,1,fl-doe,2026-09-08T00:32:43+00:00
2024,FL,12015,Charlotte County,2024-11-13,-8,mail,42787,,13747,18688,1288,9064,1,fl-doe,2026-09-08T00:32:43+00:00
2024,FL,12015,Charlotte County,2024-11-14,-9,inperson,59494,,8670,36899,1855,12070,1,fl-doe,2026-09-08T00:32:43+00:00
2024,FL,12015,Charlotte County,2024-11-14,-9,mail,42805,,13756,18689,1288,9072,1,fl-doe,2026-09-08T00:32:43+00:00
2024,FL,12015,Charlotte County,2024-11-17,-12,inperson,59494,,8670,36899,1855,12070,1,fl-doe,2026-09-08T00:32:43+00:00
2024,FL,12015,Charlotte County,2024-11-17,-12,mail,42818,,13758,18695,1289,9076,1,fl-doe,2026-09-08T00:32:43+00:00
2024,FL,12015,Charlotte County,2024-11-18,-13,inperson,59494,,8670,36899,1855,12070,1,fl-doe,2026-09-08T00:32:43+00:00
2024,FL,12015,Charlotte County,2024-11-18,-13,mail,42818,,13758,18695,1289,9076,1,fl-doe,2026-09-08T00:32:43+00:00
2024,FL,12015,Charlotte County,2024-11-20,-15,inperson,59494,,8670,36899,1855,12070,1,fl-doe,2026-09-08T00:32:43+00:00
2024,FL,12015,Charlotte County,2024-11-20,-15,mail,42818,,13758,18695,1289,9076,1,fl-doe,2026-09-08T00:32:43+00:00
2024,FL,12017,Citrus County,2024-09-20,46,inperson,0,,0,0,0,0,1,fl-doe,2026-09-08T00:32:43+00:00
2024,FL,12017,Citrus County,2024-09-20,46,mail,0,,0,0,0,0,1,fl-doe,2026-09-08T00:32:43+00:00
2024,FL,12017,Citrus County,2024-09-24,42,inperson,0,,0,0,0,0,1,fl-doe,2026-09-08T00:32:43+00:00
2024,FL,12017,Citrus County,2024-09-24,42,mail,8,,3,3,0,2,1,fl-doe,2026-09-08T00:32:43+00:00
2024,FL,12017,Citrus County,2024-09-26,40,inperson,0,,0,0,0,0,1,fl-doe,2026-09-08T00:32:43+00:00
2024,FL,12017,Citrus County,2024-09-26,40,mail,15,,7,5,0,3,1,fl-doe,2026-09-08T00:32:43+00:00
2024,FL,12017,Citrus County,2024-09-29,37,inperson,0,,0,0,0,0,1,fl-doe,2026-09-08T00:32:43+00:00
2024,FL,12017,Citrus County,2024-09-29,37,mail,21,,10,5,0,6,1,fl-doe,2026-09-08T00:32:43+00:00
2024,FL,12017,Citrus County,2024-09-30,36,inperson,0,,0,0,0,0,1,fl-doe,2026-09-08T00:32:43+00:00
2024,FL,12017,Citrus County,2024-09-30,36,mail,21,,10,5,0,6,1,fl-doe,2026-09-08T00:32:43+00:00
2024,FL,12017,Citrus County,2024-10-01,35,inperson,0,,0,0,0,0,1,fl-doe,2026-09-08T00:32:43+00:00
2024,FL,12017,Citrus County,2024-10-01,35,mail,46,,22,15,0,9,1,fl-doe,2026-09-08T00:32:43+00:00
2024,FL,12017,Citrus County,2024-10-02,34,inperson,0,,0,0,0,0,1,fl-doe,2026-09-08T00:32:43+00:00
2024,FL,12017,Citrus County,2024-10-02,34,mail,221,,62,115,3,41,1,fl-doe,2026-09-08T00:32:43+00:00
2024,FL,12017,Citrus County,2024-10-03,33,inperson,0,,0,0,0,0,1,fl-doe,2026-09-08T00:32:43+00:00
2024,FL,12017,Citrus County,2024-10-03,33,mail,805,,212,425,20,148,1,fl-doe,2026-09-08T00:32:43+00:00
2024,FL,12017,Citrus County,2024-10-04,32,inperson,0,,0,0,0,0,1,fl-doe,2026-09-08T00:32:43+00:00
2024,FL,12017,Citrus County,2024-10-04,32,mail,1811,,548,926,41,296,1,fl-doe,2026-09-08T00:32:43+00:00
2024,FL,12017,Citrus County,2024-10-06,30,inperson,0,,0,0,0,0,1,fl-doe,2026-09-08T00:32:43+00:00
2024,FL,12017,Citrus County,2024-10-06,30,mail,3049,,928,1541,70,510,1,fl-doe,2026-09-08T00:32:43+00:00
2024,FL,12017,Citrus County,2024-10-07,29,inperson,0,,0,0,0,0,1,fl-doe,2026-09-08T00:32:43+00:00
2024,FL,12017,Citrus County,2024-10-07,29,mail,3049,,928,1541,70,510,1,fl-doe,2026-09-08T00:32:43+00:00
2024,FL,12017,Citrus County,2024-10-23,13,inperson,10734,,1461,7671,233,1369,1,fl-doe,2026-09-08T00:32:43+00:00
2024,FL,12017,Citrus County,2024-10-23,13,mail,17498,,5528,8537,429,3004,1,fl-doe,2026-09-08T00:32:43+00:00
2024,FL,12017,Citrus County,2024-10-28,8,inperson,26736,,3533,18612,651,3940,1,fl-doe,2026-09-08T00:32:43+00:00
2024,FL,12017,Citrus County,2024-10-28,8,mail,22317,,6952,10847,557,3961,1,fl-doe,2026-09-08T00:32:43+00:00
2024,FL,12017,Citrus County,2024-10-29,7,inperson,30379,,4041,20989,770,4579,1,fl-doe,2026-09-08T00:32:43+00:00
2024,FL,12017,Citrus County,2024-10-29,7,mail,23095,,7178,11208,569,4140,1,fl-doe,2026-09-08T00:32:43+00:00
2024,FL,12017,Citrus County,2024-10-31,5,inperson,36821,,4991,25126,954,5750,1,fl-doe,2026-09-08T00:32:43+00:00
2024,FL,12017,Citrus County,2024-10-31,5,mail,24796,,7663,12023,611,4499,1,fl-doe,2026-09-08T00:32:43+00:00
2024,FL,12017,Citrus County,2024-11-01,4,inperson,39647,,5405,26898,1037,6307,1,fl-doe,2026-09-08T00:32:43+00:00
2024,FL,12017,Citrus County,2024-11-01,4,mail,25341,,7791,12294,626,4630,1,fl-doe,2026-09-08T00:32:43+00:00
2024,FL,12017,Citrus County,2024-11-03,2,inperson,46759,,6513,31182,1275,7789,1,fl-doe,2026-09-08T00:32:43+00:00
2024,FL,12017,Citrus County,2024-11-03,2,mail,26252,,8049,12691,657,4855,1,fl-doe,2026-09-08T00:32:43+00:00
2024,FL,12017,Citrus County,2024-11-04,1,inperson,46759,,6513,31182,1275,7789,1,fl-doe,2026-09-08T00:32:43+00:00
2024,FL,12017,Citrus County,2024-11-04,1,mail,26252,,8049,12691,657,4855,1,fl-doe,2026-09-08T00:32:43+00:00
2024,FL,12017,Citrus County,2024-11-05,0,inperson,46759,,6513,31182,1275,7789,1,fl-doe,2026-09-08T00:32:43+00:00
2024,FL,12017,Citrus County,2024-11-05,0,mail,26713,,8166,12919,677,4951,1,fl-doe,2026-09-08T00:32:43+00:00
2024,FL,12017,Citrus County,2024-11-06,-1,inperson,46759,,6513,31182,1275,7789,1,fl-doe,2026-09-08T00:32:43+00:00
2024,FL,12017,Citrus County,2024-11-06,-1,mail,27137,,8280,13092,694,5071,1,fl-doe,2026-09-08T00:32:43+00:00
2024,FL,12017,Citrus County,2024-11-07,-2,inperson,46759,,6513,31182,1275,7789,1,fl-doe,2026-09-08T00:32:43+00:00
2024,FL,12017,Citrus County,2024-11-07,-2,mail,27137,,8280,13092,694,5071,1,fl-doe,2026-09-08T00:32:43+00:00
2024,FL,12017,Citrus County,2024-11-08,-3,inperson,46759,,6513,31182,1275,7789,1,fl-doe,2026-09-08T00:32:43+00:00
2024,FL,12017,Citrus County,2024-11-08,-3,mail,27139,,8280,13094,694,5071,1,fl-doe,2026-09-08T00:32:43+00:00
2024,FL,12017,Citrus County,2024-11-09,-4,inperson,46759,,6513,31182,1275,7789,1,fl-doe,2026-09-08T00:32:43+00:00
2024,FL,12017,Citrus County,2024-11-09,-4,mail,27164,,8286,13103,696,5079,1,fl-doe,2026-09-08T00:32:43+00:00
2024,FL,12017,Citrus County,2024-11-12,-7,inperson,46759,,6513,31182,1275,7789,1,fl-doe,2026-09-08T00:32:43+00:00
2024,FL,12017,Citrus County,2024-11-12,-7,mail,27164,,8286,13103,696,5079,1,fl-doe,2026-09-08T00:32:43+00:00
2024,FL,12017,Citrus County,2024-11-13,-8,inperson,46759,,6513,31182,1275,7789,1,fl-doe,2026-09-08T00:32:43+00:00
2024,FL,12017,Citrus County,2024-11-13,-8,mail,27169,,8289,13103,696,5081,1,fl-doe,2026-09-08T00:32:43+00:00
2024,FL,12017,Citrus County,2024-11-14,-9,inperson,46759,,6513,31182,1275,7789,1,fl-doe,2026-09-08T00:32:43+00:00
2024,FL,12017,Citrus County,2024-11-14,-9,mail,27169,,8289,13103,696,5081,1,fl-doe,2026-09-08T00:32:43+00:00
2024,FL,12017,Citrus County,2024-11-17,-12,inperson,46759,,6513,31182,1275,7789,1,fl-doe,2026-09-08T00:32:43+00:00
2024,FL,12017,Citrus County,2024-11-17,-12,mail,27181,,8291,13108,699,5083,1,fl-doe,2026-09-08T00:32:43+00:00
2024,FL,12017,Citrus County,2024-11-18,-13,inperson,46759,,6513,31182,1275,7789,1,fl-doe,2026-09-08T00:32:43+00:00
2024,FL,12017,Citrus County,2024-11-18,-13,mail,27181,,8291,13108,699,5083,1,fl-doe,2026-09-08T00:32:43+00:00
2024,FL,12017,Citrus County,2024-11-20,-15,inperson,46759,,6513,31182,1275,7789,1,fl-doe,2026-09-08T00:32:43+00:00
2024,FL,12017,Citrus County,2024-11-20,-15,mail,27181,,8291,13108,699,5083,1,fl-doe,2026-09-08T00:32:43+00:00
2024,FL,12019,Clay County,2024-09-20,46,inperson,0,,0,0,0,0,1,fl-doe,2026-09-08T00:32:43+00:00
2024,FL,12019,Clay County,2024-09-20,46,mail,0,,0,0,0,0,1,fl-doe,2026-09-08T00:32:43+00:00
2024,FL,12019,Clay County,2024-09-24,42,inperson,0,,0,0,0,0,1,fl-doe,2026-09-08T00:32:43+00:00
2024,FL,12019,Clay County,2024-09-24,42,mail,21,,6,12,1,2,1,fl-doe,2026-09-08T00:32:43+00:00
2024,FL,12019,Clay County,2024-09-26,40,inperson,0,,0,0,0,0,1,fl-doe,2026-09-08T00:32:43+00:00
2024,FL,12019,Clay County,2024-09-26,40,mail,38,,9,18,3,8,1,fl-doe,2026-09-08T00:32:43+00:00
2024,FL,12019,Clay County,2024-09-29,37,inperson,0,,0,0,0,0,1,fl-doe,2026-09-08T00:32:43+00:00
2024,FL,12019,Clay County,2024-09-29,37,mail,55,,13,27,3,12,1,fl-doe,2026-09-08T00:32:43+00:00
2024,FL,12019,Clay County,2024-09-30,36,inperson,0,,0,0,0,0,1,fl-doe,2026-09-08T00:32:43+00:00
2024,FL,12019,Clay County,2024-09-30,36,mail,55,,13,27,3,12,1,fl-doe,2026-09-08T00:32:43+00:00
2024,FL,12019,Clay County,2024-10-01,35,inperson,0,,0,0,0,0,1,fl-doe,2026-09-08T00:32:43+00:00
2024,FL,12019,Clay County,2024-10-01,35,mail,251,,72,119,10,50,1,fl-doe,2026-09-08T00:32:43+00:00
2024,FL,12019,Clay County,2024-10-02,34,inperson,0,,0,0,0,0,1,fl-doe,2026-09-08T00:32:43+00:00
2024,FL,12019,Clay County,2024-10-02,34,mail,393,,109,194,15,75,1,fl-doe,2026-09-08T00:32:43+00:00
2024,FL,12019,Clay County,2024-10-03,33,inperson,0,,0,0,0,0,1,fl-doe,2026-09-08T00:32:43+00:00
2024,FL,12019,Clay County,2024-10-03,33,mail,1271,,355,669,34,213,1,fl-doe,2026-09-08T00:32:43+00:00
2024,FL,12019,Clay County,2024-10-04,32,inperson,0,,0,0,0,0,1,fl-doe,2026-09-08T00:32:43+00:00
2024,FL,12019,Clay County,2024-10-04,32,mail,1998,,580,1047,49,322,1,fl-doe,2026-09-08T00:32:43+00:00
2024,FL,12019,Clay County,2024-10-06,30,inperson,0,,0,0,0,0,1,fl-doe,2026-09-08T00:32:43+00:00
2024,FL,12019,Clay County,2024-10-06,30,mail,2658,,822,1327,71,438,1,fl-doe,2026-09-08T00:32:43+00:00
2024,FL,12019,Clay County,2024-10-07,29,inperson,0,,0,0,0,0,1,fl-doe,2026-09-08T00:32:43+00:00
2024,FL,12019,Clay County,2024-10-07,29,mail,2658,,822,1327,71,438,1,fl-doe,2026-09-08T00:32:43+00:00
2024,FL,12019,Clay County,2024-10-23,13,inperson,8897,,1565,6192,176,964,1,fl-doe,2026-09-08T00:32:43+00:00
2024,FL,12019,Clay County,2024-10-23,13,mail,12177,,3623,6072,311,2171,1,fl-doe,2026-09-08T00:32:43+00:00
2024,FL,12019,Clay County,2024-10-28,8,inperson,38077,,6594,25845,738,4900,1,fl-doe,2026-09-08T00:32:43+00:00
2024,FL,12019,Clay County,2024-10-28,8,mail,16217,,4802,8138,399,2878,1,fl-doe,2026-09-08T00:32:43+00:00
2024,FL,12019,Clay County,2024-10-29,7,inperson,44406,,7624,30079,861,5842,1,fl-doe,2026-09-08T00:32:43+00:00
2024,FL,12019,Clay County,2024-10-29,7,mail,17042,,5042,8498,424,3078,1,fl-doe,2026-09-08T00:32:43+00:00
2024,FL,12019,Clay County,2024-10-31,5,inperson,55444,,9573,37012,1139,7720,1,fl-doe,2026-09-08T00:32:43+00:00
2024,FL,12019,Clay County,2024-10-31,5,mail,18492,,5432,9199,477,3384,1,fl-doe,2026-09-08T00:32:43+00:00
2024,FL,12019,Clay County,2024-11-01,4,inperson,60261,,10480,39879,1286,8616,1,fl-doe,2026-09-08T00:32:43+00:00
2024,FL,12019,Clay County,2024-11-01,4,mail,19480,,5709,9643,508,3620,1,fl-doe,2026-09-08T00:32:43+00:00
2024,FL,12019,Clay County,2024-11-03,2,inperson,74934,,13386,48113,1802,11633,1,fl-doe,2026-09-08T00:32:43+00:00
2024,FL,12019,Clay County,2024-11-03,2,mail,20544,,6059,10110,528,3847,1,fl-doe,2026-09-08T00:32:43+00:00
2024,FL,12019,Clay County,2024-11-04,1,inperson,74933,,13386,48112,1802,11633,1,fl-doe,2026-09-08T00:32:43+00:00
2024,FL,12019,Clay County,2024-11-04,1,mail,20573,,6068,10125,528,3852,1,fl-doe,2026-09-08T00:32:43+00:00
2024,FL,12019,Clay County,2024-11-05,0,inperson,74933,,13386,48112,1802,11633,1,fl-doe,2026-09-08T00:32:43+00:00
2024,FL,12019,Clay County,2024-11-05,0,mail,21478,,6315,10503,558,4102,1,fl-doe,2026-09-08T00:32:43+00:00
2024,FL,12019,Clay County,2024-11-06,-1,inperson,74933,,13386,48112,1802,11633,1,fl-doe,2026-09-08T00:32:43+00:00
2024,FL,12019,Clay County,2024-11-06,-1,mail,22155,,6513,10778,586,4278,1,fl-doe,2026-09-08T00:32:43+00:00
2024,FL,12019,Clay County,2024-11-07,-2,inperson,74933,,13386,48112,1802,11633,1,fl-doe,2026-09-08T00:32:43+00:00
2024,FL,12019,Clay County,2024-11-07,-2,mail,22199,,6522,10797,587,4293,1,fl-doe,2026-09-08T00:32:43+00:00
2024,FL,12019,Clay County,2024-11-08,-3,inperson,74933,,13386,48112,1802,11633,1,fl-doe,2026-09-08T00:32:43+00:00
2024,FL,12019,Clay County,2024-11-08,-3,mail,22215,,6529,10802,588,4296,1,fl-doe,2026-09-08T00:32:43+00:00
2024,FL,12019,Clay County,2024-11-09,-4,inperson,74933,,13386,48112,1802,11633,1,fl-doe,2026-09-08T00:32:43+00:00
2024,FL,12019,Clay County,2024-11-09,-4,mail,22216,,6530,10802,588,4296,1,fl-doe,2026-09-08T00:32:43+00:00
2024,FL,12019,Clay County,2024-11-12,-7,inperson,74933,,13386,48112,1802,11633,1,fl-doe,2026-09-08T00:32:43+00:00
2024,FL,12019,Clay County,2024-11-12,-7,mail,22216,,6530,10802,588,4296,1,fl-doe,2026-09-08T00:32:43+00:00
2024,FL,12019,Clay County,2024-11-13,-8,inperson,74933,,13386,48112,1802,11633,1,fl-doe,2026-09-08T00:32:43+00:00
2024,FL,12019,Clay County,2024-11-13,-8,mail,22223,,6533,10803,588,4299,1,fl-doe,2026-09-08T00:32:43+00:00
2024,FL,12019,Clay County,2024-11-14,-9,inperson,74933,,13386,48112,1802,11633,1,fl-doe,2026-09-08T00:32:43+00:00
2024,FL,12019,Clay County,2024-11-14,-9,mail,22223,,6533,10803,588,4299,1,fl-doe,2026-09-08T00:32:43+00:00
2024,FL,12019,Clay County,2024-11-17,-12,inperson,74933,,13386,48112,1802,11633,1,fl-doe,2026-09-08T00:32:43+00:00
2024,FL,12019,Clay County,2024-11-17,-12,mail,22235,,6539,10804,588,4304,1,fl-doe,2026-09-08T00:32:43+00:00
2024,FL,12019,Clay County,2024-11-18,-13,inperson,74933,,13386,48112,1802,11633,1,fl-doe,2026-09-08T00:32:43+00:00
2024,FL,12019,Clay County,2024-11-18,-13,mail,22235,,6539,10804,588,4304,1,fl-doe,2026-09-08T00:32:43+00:00
2024,FL,12019,Clay County,2024-11-20,-15,inperson,74933,,13386,48112,1802,11633,1,fl-doe,2026-09-08T00:32:43+00:00
2024,FL,12019,Clay County,2024-11-20,-15,mail,22235,,6539,10804,588,4304,1,fl-doe,2026-09-08T00:32:43+00:00
2024,FL,12021,Collier County,2024-09-24,42,inperson,0,,0,0,0,0,1,fl-doe,2026-09-08T00:32:43+00:00
2024,FL,12021,Collier County,2024-09-24,42,mail,29,,11,11,0,7,1,fl-doe,2026-09-08T00:32:43+00:00
2024,FL,12021,Collier County,2024-09-26,40,inperson,0,,0,0,0,0,1,fl-doe,2026-09-08T00:32:43+00:00
2024,FL,12021,Collier County,2024-09-26,40,mail,54,,22,17,1,14,1,fl-doe,2026-09-08T00:32:43+00:00
2024,FL,12021,Collier County,2024-09-29,37,inperson,0,,0,0,0,0,1,fl-doe,2026-09-08T00:32:43+00:00
2024,FL,12021,Collier County,2024-09-29,37,mail,62,,26,20,1,15,1,fl-doe,2026-09-08T00:32:43+00:00
2024,FL,12021,Collier County,2024-09-30,36,inperson,0,,0,0,0,0,1,fl-doe,2026-09-08T00:32:43+00:00
2024,FL,12021,Collier County,2024-09-30,36,mail,62,,26,20,1,15,1,fl-doe,2026-09-08T00:32:43+00:00
2024,FL,12021,Collier County,2024-10-01,35,inperson,0,,0,0,0,0,1,fl-doe,2026-09-08T00:32:43+00:00
2024,FL,12021,Collier County,2024-10-01,35,mail,112,,43,42,2,25,1,fl-doe,2026-09-08T00:32:43+00:00
2024,FL,12021,Collier County,2024-10-02,34,inperson,0,,0,0,0,0,1,fl-doe,2026-09-08T00:32:43+00:00
2024,FL,12021,Collier County,2024-10-02,34,mail,150,,52,56,5,37,1,fl-doe,2026-09-08T00:32:43+00:00
2024,FL,12021,Collier County,2024-10-03,33,inperson,0,,0,0,0,0,1,fl-doe,2026-09-08T00:32:43+00:00
2024,FL,12021,Collier County,2024-10-03,33,mail,690,,198,321,21,150,1,fl-doe,2026-09-08T00:32:43+00:00
2024,FL,12021,Collier County,2024-10-04,32,inperson,0,,0,0,0,0,1,fl-doe,2026-09-08T00:32:43+00:00
2024,FL,12021,Collier County,2024-10-04,32,mail,4030,,1142,2009,96,783,1,fl-doe,2026-09-08T00:32:43+00:00
2024,FL,12021,Collier County,2024-10-06,30,inperson,0,,0,0,0,0,1,fl-doe,2026-09-08T00:32:43+00:00
2024,FL,12021,Collier County,2024-10-06,30,mail,6209,,1679,3210,137,1183,1,fl-doe,2026-09-08T00:32:43+00:00
2024,FL,12021,Collier County,2024-10-07,29,inperson,0,,0,0,0,0,1,fl-doe,2026-09-08T00:32:43+00:00
2024,FL,12021,Collier County,2024-10-07,29,mail,6209,,1679,3210,137,1183,1,fl-doe,2026-09-08T00:32:43+00:00
2024,FL,12021,Collier County,2024-10-23,13,inperson,19457,,2870,13366,329,2892,1,fl-doe,2026-09-08T00:32:43+00:00
2024,FL,12021,Collier County,2024-10-23,13,mail,43400,,11397,22917,840,8246,1,fl-doe,2026-09-08T00:32:43+00:00
2024,FL,12021,Collier County,2024-10-28,8,inperson,53673,,8188,35276,984,9225,1,fl-doe,2026-09-08T00:32:43+00:00
2024,FL,12021,Collier County,2024-10-28,8,mail,56006,,14677,29330,1098,10901,1,fl-doe,2026-09-08T00:32:43+00:00
2024,FL,12021,Collier County,2024-10-29,7,inperson,62642,,9466,41030,1208,10938,1,fl-doe,2026-09-08T00:32:43+00:00
2024,FL,12021,Collier County,2024-10-29,7,mail,58657,,15285,30723,1162,11487,1,fl-doe,2026-09-08T00:32:43+00:00
2024,FL,12021,Collier County,2024-10-31,5,inperson,79065,,12310,50785,1631,14339,1,fl-doe,2026-09-08T00:32:43+00:00
2024,FL,12021,Collier County,2024-10-31,5,mail,64630,,16734,33677,1310,12909,1,fl-doe,2026-09-08T00:32:43+00:00
2024,FL,12021,Collier County,2024-11-01,4,inperson,86266,,13598,54848,1823,15997,1,fl-doe,2026-09-08T00:32:43+00:00
2024,FL,12021,Collier County,2024-11-01,4,mail,66849,,17262,34765,1376,13446,1,fl-doe,2026-09-08T00:32:43+00:00
2024,FL,12021,Collier County,2024-11-03,2,inperson,103785,,16982,64143,2308,20352,1,fl-doe,2026-09-08T00:32:43+00:00
2024,FL,12021,Collier County,2024-11-03,2,mail,68745,,17779,35620,1422,13924,1,fl-doe,2026-09-08T00:32:43+00:00
2024,FL,12021,Collier County,2024-11-04,1,inperson,103785,,16982,64143,2308,20352,1,fl-doe,2026-09-08T00:32:43+00:00
2024,FL,12021,Collier County,2024-11-04,1,mail,68745,,17779,35620,1422,13924,1,fl-doe,2026-09-08T00:32:43+00:00
2024,FL,12021,Collier County,2024-11-05,0,inperson,103785,,16982,64142,2308,20353,1,fl-doe,2026-09-08T00:32:43+00:00
2024,FL,12021,Collier County,2024-11-05,0,mail,72193,,18706,37203,1495,14789,1,fl-doe,2026-09-08T00:32:43+00:00
2024,FL,12021,Collier County,2024-11-06,-1,inperson,103785,,16982,64142,2308,20353,1,fl-doe,2026-09-08T00:32:43+00:00
2024,FL,12021,Collier County,2024-11-06,-1,mail,74296,,19240,38122,1567,15367,1,fl-doe,2026-09-08T00:32:43+00:00
2024,FL,12021,Collier County,2024-11-07,-2,inperson,103785,,16982,64142,2308,20353,1,fl-doe,2026-09-08T00:32:43+00:00
2024,FL,12021,Collier County,2024-11-07,-2,mail,74303,,19245,38124,1567,15367,1,fl-doe,2026-09-08T00:32:43+00:00
2024,FL,12021,Collier County,2024-11-08,-3,inperson,103785,,16982,64142,2308,20353,1,fl-doe,2026-09-08T00:32:43+00:00
2024,FL,12021,Collier County,2024-11-08,-3,mail,74320,,19251,38127,1568,15374,1,fl-doe,2026-09-08T00:32:43+00:00
2024,FL,12021,Collier County,2024-11-09,-4,inperson,103785,,16982,64142,2308,20353,1,fl-doe,2026-09-08T00:32:43+00:00
2024,FL,12021,Collier County,2024-11-09,-4,mail,74333,,19254,38133,1568,15378,1,fl-doe,2026-09-08T00:32:43+00:00
2024,FL,12021,Collier County,2024-11-12,-7,inperson,103785,,16982,64142,2308,20353,1,fl-doe,2026-09-08T00:32:43+00:00
2024,FL,12021,Collier County,2024-11-12,-7,mail,74333,,19254,38133,1568,15378,1,fl-doe,2026-09-08T00:32:43+00:00
2024,FL,12021,Collier County,2024-11-13,-8,inperson,103785,,16982,64142,2308,20353,1,fl-doe,2026-09-08T00:32:43+00:00
2024,FL,12021,Collier County,2024-11-13,-8,mail,74344,,19256,38139,1569,15380,1,fl-doe,2026-09-08T00:32:43+00:00
2024,FL,12021,Collier County,2024-11-14,-9,inperson,103785,,16982,64142,2308,20353,1,fl-doe,2026-09-08T00:32:43+00:00
2024,FL,12021,Collier County,2024-11-14,-9,mail,74346,,19257,38139,1569,15381,1,fl-doe,2026-09-08T00:32:43+00:00
2024,FL,12021,Collier County,2024-11-17,-12,inperson,103785,,16982,64142,2308,20353,1,fl-doe,2026-09-08T00:32:43+00:00
2024,FL,12021,Collier County,2024-11-17,-12,mail,74377,,19267,38148,1570,15392,1,fl-doe,2026-09-08T00:32:43+00:00
2024,FL,12021,Collier County,2024-11-18,-13,inperson,103785,,16982,64142,2308,20353,1,fl-doe,2026-09-08T00:32:43+00:00
2024,FL,12021,Collier County,2024-11-18,-13,mail,74377,,19267,38148,1570,15392,1,fl-doe,2026-09-08T00:32:43+00:00
2024,FL,12021,Collier County,2024-11-20,-15,inperson,103785,,16982,64142,2308,20353,1,fl-doe,2026-09-08T00:32:43+00:00
2024,FL,12021,Collier County,2024-11-20,-15,mail,74377,,19267,38148,1570,15392,1,fl-doe,2026-09-08T00:32:43+00:00
2024,FL,12023,Columbia County,2024-09-20,46,inperson,0,,0,0,0,0,1,fl-doe,2026-09-08T00:32:43+00:00
2024,FL,12023,Columbia County,2024-09-20,46,mail,0,,0,0,0,0,1,fl-doe,2026-09-08T00:32:43+00:00
2024,FL,12023,Columbia County,2024-09-24,42,inperson,0,,0,0,0,0,1,fl-doe,2026-09-08T00:32:43+00:00
2024,FL,12023,Columbia County,2024-09-24,42,mail,0,,0,0,0,0,1,fl-doe,2026-09-08T00:32:43+00:00
2024,FL,12023,Columbia County,2024-09-26,40,inperson,0,,0,0,0,0,1,fl-doe,2026-09-08T00:32:43+00:00
2024,FL,12023,Columbia County,2024-09-26,40,mail,0,,0,0,0,0,1,fl-doe,2026-09-08T00:32:43+00:00
2024,FL,12023,Columbia County,2024-09-29,37,inperson,0,,0,0,0,0,1,fl-doe,2026-09-08T00:32:43+00:00
2024,FL,12023,Columbia County,2024-09-29,37,mail,0,,0,0,0,0,1,fl-doe,2026-09-08T00:32:43+00:00
2024,FL,12023,Columbia County,2024-09-30,36,inperson,0,,0,0,0,0,1,fl-doe,2026-09-08T00:32:43+00:00
2024,FL,12023,Columbia County,2024-09-30,36,mail,0,,0,0,0,0,1,fl-doe,2026-09-08T00:32:43+00:00
2024,FL,12023,Columbia County,2024-10-01,35,inperson,0,,0,0,0,0,1,fl-doe,2026-09-08T00:32:43+00:00
2024,FL,12023,Columbia County,2024-10-01,35,mail,0,,0,0,0,0,1,fl-doe,2026-09-08T00:32:43+00:00
2024,FL,12023,Columbia County,2024-10-02,34,inperson,0,,0,0,0,0,1,fl-doe,2026-09-08T00:32:43+00:00
2024,FL,12023,Columbia County,2024-10-02,34,mail,0,,0,0,0,0,1,fl-doe,2026-09-08T00:32:43+00:00
2024,FL,12023,Columbia County,2024-10-03,33,inperson,0,,0,0,0,0,1,fl-doe,2026-09-08T00:32:43+00:00
2024,FL,12023,Columbia County,2024-10-03,33,mail,0,,0,0,0,0,1,fl-doe,2026-09-08T00:32:43+00:00
2024,FL,12023,Columbia County,2024-10-04,32,inperson,0,,0,0,0,0,1,fl-doe,2026-09-08T00:32:43+00:00
2024,FL,12023,Columbia County,2024-10-04,32,mail,0,,0,0,0,0,1,fl-doe,2026-09-08T00:32:43+00:00
2024,FL,12023,Columbia County,2024-10-06,30,inperson,0,,0,0,0,0,1,fl-doe,2026-09-08T00:32:43+00:00
2024,FL,12023,Columbia County,2024-10-06,30,mail,0,,0,0,0,0,1,fl-doe,2026-09-08T00:32:43+00:00
2024,FL,12023,Columbia County,2024-10-07,29,inperson,0,,0,0,0,0,1,fl-doe,2026-09-08T00:32:43+00:00
2024,FL,12023,Columbia County,2024-10-07,29,mail,0,,0,0,0,0,1,fl-doe,2026-09-08T00:32:43+00:00
2024,FL,12023,Columbia County,2024-10-23,13,inperson,4090,,792,2879,61,358,1,fl-doe,2026-09-08T00:32:43+00:00
2024,FL,12023,Columbia County,2024-10-23,13,mail,3250,,1136,1670,61,383,1,fl-doe,2026-09-08T00:32:43+00:00
2024,FL,12023,Columbia County,2024-10-28,8,inperson,11755,,2274,8189,167,1125,1,fl-doe,2026-09-08T00:32:43+00:00
2024,FL,12023,Columbia County,2024-10-28,8,mail,4265,,1500,2156,76,533,1,fl-doe,2026-09-08T00:32:43+00:00
2024,FL,12023,Columbia County,2024-10-29,7,inperson,13375,,2601,9263,195,1316,1,fl-doe,2026-09-08T00:32:43+00:00
2024,FL,12023,Columbia County,2024-10-29,7,mail,4451,,1559,2244,80,568,1,fl-doe,2026-09-08T00:32:43+00:00
2024,FL,12023,Columbia County,2024-10-31,5,inperson,16006,,3168,10907,264,1667,1,fl-doe,2026-09-08T00:32:43+00:00
2024,FL,12023,Columbia County,2024-10-31,5,mail,5034,,1761,2523,90,660,1,fl-doe,2026-09-08T00:32:43+00:00
2024,FL,12023,Columbia County,2024-11-01,4,inperson,17263,,3433,11709,286,1835,1,fl-doe,2026-09-08T00:32:43+00:00
2024,FL,12023,Columbia County,2024-11-01,4,mail,5153,,1806,2581,90,676,1,fl-doe,2026-09-08T00:32:43+00:00
2024,FL,12023,Columbia County,2024-11-03,2,inperson,20130,,4056,13385,362,2327,1,fl-doe,2026-09-08T00:32:43+00:00
2024,FL,12023,Columbia County,2024-11-03,2,mail,5567,,1956,2761,103,747,1,fl-doe,2026-09-08T00:32:43+00:00
2024,FL,12023,Columbia County,2024-11-04,1,inperson,20130,,4056,13385,362,2327,1,fl-doe,2026-09-08T00:32:43+00:00
2024,FL,12023,Columbia County,2024-11-04,1,mail,5567,,1956,2761,103,747,1,fl-doe,2026-09-08T00:32:43+00:00
2024,FL,12023,Columbia County,2024-11-05,0,inperson,20130,,4056,13385,362,2327,1,fl-doe,2026-09-08T00:32:43+00:00
2024,FL,12023,Columbia County,2024-11-05,0,mail,5682,,1985,2821,107,769,1,fl-doe,2026-09-08T00:32:43+00:00
2024,FL,12023,Columbia County,2024-11-06,-1,inperson,20130,,4056,13385,362,2327,1,fl-doe,2026-09-08T00:32:43+00:00
2024,FL,12023,Columbia County,2024-11-06,-1,mail,5863,,2064,2883,115,801,1,fl-doe,2026-09-08T00:32:43+00:00
2024,FL,12023,Columbia County,2024-11-07,-2,inperson,20130,,4056,13385,362,2327,1,fl-doe,2026-09-08T00:32:43+00:00
2024,FL,12023,Columbia County,2024-11-07,-2,mail,5863,,2064,2883,115,801,1,fl-doe,2026-09-08T00:32:43+00:00
2024,FL,12023,Columbia County,2024-11-08,-3,inperson,20130,,4056,13385,362,2327,1,fl-doe,2026-09-08T00:32:43+00:00
2024,FL,12023,Columbia County,2024-11-08,-3,mail,5863,,2064,2883,115,801,1,fl-doe,2026-09-08T00:32:43+00:00
2024,FL,12023,Columbia County,2024-11-09,-4,inperson,20130,,4056,13385,362,2327,1,fl-doe,2026-09-08T00:32:43+00:00
2024,FL,12023,Columbia County,2024-11-09,-4,mail,5867,,2066,2884,115,802,1,fl-doe,2026-09-08T00:32:43+00:00
2024,FL,12023,Columbia County,2024-11-12,-7,inperson,20130,,4056,13385,362,2327,1,fl-doe,2026-09-08T00:32:43+00:00
2024,FL,12023,Columbia County,2024-11-12,-7,mail,5867,,2066,2884,115,802,1,fl-doe,2026-09-08T00:32:43+00:00
2024,FL,12023,Columbia County,2024-11-13,-8,inperson,20130,,4056,13385,362,2327,1,fl-doe,2026-09-08T00:32:43+00:00
2024,FL,12023,Columbia County,2024-11-13,-8,mail,5867,,2066,2884,115,802,1,fl-doe,2026-09-08T00:32:43+00:00
2024,FL,12023,Columbia County,2024-11-14,-9,inperson,20130,,4056,13385,362,2327,1,fl-doe,2026-09-08T00:32:43+00:00
2024,FL,12023,Columbia County,2024-11-14,-9,mail,5867,,2066,2884,115,802,1,fl-doe,2026-09-08T00:32:43+00:00
2024,FL,12023,Columbia County,2024-11-17,-12,inperson,20130,,4056,13385,362,2327,1,fl-doe,2026-09-08T00:32:43+00:00
2024,FL,12023,Columbia County,2024-11-17,-12,mail,5867,,2066,2884,115,802,1,fl-doe,2026-09-08T00:32:43+00:00
2024,FL,12023,Columbia County,2024-11-18,-13,inperson,20130,,4056,13385,362,2327,1,fl-doe,2026-09-08T00:32:43+00:00
2024,FL,12023,Columbia County,2024-11-18,-13,mail,5867,,2066,2884,115,802,1,fl-doe,2026-09-08T00:32:43+00:00
2024,FL,12023,Columbia County,2024-11-20,-15,inperson,20130,,4056,13385,362,2327,1,fl-doe,2026-09-08T00:32:43+00:00
2024,FL,12023,Columbia County,2024-11-20,-15,mail,5871,,2066,2886,115,804,1,fl-doe,2026-09-08T00:32:43+00:00
2024,FL,12027,DeSoto County,2024-09-26,40,inperson,0,,0,0,0,0,1,fl-doe,2026-09-08T00:32:43+00:00
2024,FL,12027,DeSoto County,2024-09-26,40,mail,0,,0,0,0,0,1,fl-doe,2026-09-08T00:32:43+00:00
2024,FL,12027,DeSoto County,2024-09-29,37,inperson,0,,0,0,0,0,1,fl-doe,2026-09-08T00:32:43+00:00
2024,FL,12027,DeSoto County,2024-09-29,37,mail,0,,0,0,0,0,1,fl-doe,2026-09-08T00:32:43+00:00
2024,FL,12027,DeSoto County,2024-09-30,36,inperson,0,,0,0,0,0,1,fl-doe,2026-09-08T00:32:43+00:00
2024,FL,12027,DeSoto County,2024-09-30,36,mail,0,,0,0,0,0,1,fl-doe,2026-09-08T00:32:43+00:00
2024,FL,12027,DeSoto County,2024-10-01,35,inperson,0,,0,0,0,0,1,fl-doe,2026-09-08T00:32:43+00:00
2024,FL,12027,DeSoto County,2024-10-01,35,mail,1,,0,1,0,0,1,fl-doe,2026-09-08T00:32:43+00:00
2024,FL,12027,DeSoto County,2024-10-02,34,inperson,0,,0,0,0,0,1,fl-doe,2026-09-08T00:32:43+00:00
2024,FL,12027,DeSoto County,2024-10-02,34,mail,3,,1,1,0,1,1,fl-doe,2026-09-08T00:32:43+00:00
2024,FL,12027,DeSoto County,2024-10-03,33,inperson,0,,0,0,0,0,1,fl-doe,2026-09-08T00:32:43+00:00
2024,FL,12027,DeSoto County,2024-10-03,33,mail,3,,1,1,0,1,1,fl-doe,2026-09-08T00:32:43+00:00
2024,FL,12027,DeSoto County,2024-10-04,32,inperson,0,,0,0,0,0,1,fl-doe,2026-09-08T00:32:43+00:00
2024,FL,12027,DeSoto County,2024-10-04,32,mail,3,,1,1,0,1,1,fl-doe,2026-09-08T00:32:43+00:00
2024,FL,12027,DeSoto County,2024-10-06,30,inperson,0,,0,0,0,0,1,fl-doe,2026-09-08T00:32:43+00:00
2024,FL,12027,DeSoto County,2024-10-06,30,mail,3,,1,1,0,1,1,fl-doe,2026-09-08T00:32:43+00:00
2024,FL,12027,DeSoto County,2024-10-07,29,inperson,0,,0,0,0,0,1,fl-doe,2026-09-08T00:32:43+00:00
2024,FL,12027,DeSoto County,2024-10-07,29,mail,3,,1,1,0,1,1,fl-doe,2026-09-08T00:32:43+00:00
2024,FL,12027,DeSoto County,2024-10-23,13,inperson,1235,,294,756,32,153,1,fl-doe,2026-09-08T00:32:43+00:00
2024,FL,12027,DeSoto County,2024-10-23,13,mail,756,,278,344,16,118,1,fl-doe,2026-09-08T00:32:43+00:00
2024,FL,12027,DeSoto County,2024-10-28,8,inperson,3536,,856,2125,78,477,1,fl-doe,2026-09-08T00:32:43+00:00
2024,FL,12027,DeSoto County,2024-10-28,8,mail,1379,,505,615,24,235,1,fl-doe,2026-09-08T00:32:43+00:00
2024,FL,12027,DeSoto County,2024-10-29,7,inperson,4047,,987,2417,86,557,1,fl-doe,2026-09-08T00:32:43+00:00
2024,FL,12027,DeSoto County,2024-10-29,7,mail,1439,,527,639,27,246,1,fl-doe,2026-09-08T00:32:43+00:00
2024,FL,12027,DeSoto County,2024-10-31,5,inperson,4921,,1202,2905,106,708,1,fl-doe,2026-09-08T00:32:43+00:00
2024,FL,12027,DeSoto County,2024-10-31,5,mail,1607,,582,703,31,291,1,fl-doe,2026-09-08T00:32:43+00:00
2024,FL,12027,DeSoto County,2024-11-01,4,inperson,5337,,1326,3117,113,781,1,fl-doe,2026-09-08T00:32:43+00:00
2024,FL,12027,DeSoto County,2024-11-01,4,mail,1684,,607,736,32,309,1,fl-doe,2026-09-08T00:32:43+00:00
2024,FL,12027,DeSoto County,2024-11-03,2,inperson,6539,,1677,3707,142,1013,1,fl-doe,2026-09-08T00:32:43+00:00
2024,FL,12027,DeSoto County,2024-11-03,2,mail,1823,,654,815,32,322,1,fl-doe,2026-09-08T00:32:43+00:00
2024,FL,12027,DeSoto County,2024-11-04,1,inperson,6539,,1677,3707,142,1013,1,fl-doe,2026-09-08T00:32:43+00:00
2024,FL,12027,DeSoto County,2024-11-04,1,mail,1823,,654,815,32,322,1,fl-doe,2026-09-08T00:32:43+00:00
2024,FL,12027,DeSoto County,2024-11-05,0,inperson,6539,,1677,3707,142,1013,1,fl-doe,2026-09-08T00:32:43+00:00
2024,FL,12027,DeSoto County,2024-11-05,0,mail,1842,,664,819,32,327,1,fl-doe,2026-09-08T00:32:43+00:00
2024,FL,12027,DeSoto County,2024-11-06,-1,inperson,6539,,1677,3707,142,1013,1,fl-doe,2026-09-08T00:32:43+00:00
2024,FL,12027,DeSoto County,2024-11-06,-1,mail,1944,,695,863,34,352,1,fl-doe,2026-09-08T00:32:43+00:00
2024,FL,12027,DeSoto County,2024-11-07,-2,inperson,6539,,1677,3707,142,1013,1,fl-doe,2026-09-08T00:32:43+00:00
2024,FL,12027,DeSoto County,2024-11-07,-2,mail,1944,,695,863,34,352,1,fl-doe,2026-09-08T00:32:43+00:00
2024,FL,12027,DeSoto County,2024-11-08,-3,inperson,6539,,1677,3707,142,1013,1,fl-doe,2026-09-08T00:32:43+00:00
2024,FL,12027,DeSoto County,2024-11-08,-3,mail,1944,,695,863,34,352,1,fl-doe,2026-09-08T00:32:43+00:00
2024,FL,12027,DeSoto County,2024-11-09,-4,inperson,6539,,1677,3707,142,1013,1,fl-doe,2026-09-08T00:32:43+00:00
2024,FL,12027,DeSoto County,2024-11-09,-4,mail,1944,,695,863,34,352,1,fl-doe,2026-09-08T00:32:43+00:00
2024,FL,12027,DeSoto County,2024-11-12,-7,inperson,6539,,1677,3707,142,1013,1,fl-doe,2026-09-08T00:32:43+00:00
2024,FL,12027,DeSoto County,2024-11-12,-7,mail,1944,,695,863,34,352,1,fl-doe,2026-09-08T00:32:43+00:00
2024,FL,12027,DeSoto County,2024-11-13,-8,inperson,6539,,1677,3707,142,1013,1,fl-doe,2026-09-08T00:32:43+00:00
2024,FL,12027,DeSoto County,2024-11-13,-8,mail,1944,,695,863,34,352,1,fl-doe,2026-09-08T00:32:43+00:00
2024,FL,12027,DeSoto County,2024-11-14,-9,inperson,6539,,1677,3707,142,1013,1,fl-doe,2026-09-08T00:32:43+00:00
2024,FL,12027,DeSoto County,2024-11-14,-9,mail,1944,,695,863,34,352,1,fl-doe,2026-09-08T00:32:43+00:00
2024,FL,12027,DeSoto County,2024-11-17,-12,inperson,6539,,1677,3707,142,1013,1,fl-doe,2026-09-08T00:32:43+00:00
2024,FL,12027,DeSoto County,2024-11-17,-12,mail,1944,,695,863,34,352,1,fl-doe,2026-09-08T00:32:43+00:00
2024,FL,12027,DeSoto County,2024-11-18,-13,inperson,6539,,1677,3707,142,1013,1,fl-doe,2026-09-08T00:32:43+00:00
2024,FL,12027,DeSoto County,2024-11-18,-13,mail,1944,,695,863,34,352,1,fl-doe,2026-09-08T00:32:43+00:00
2024,FL,12027,DeSoto County,2024-11-20,-15,inperson,6539,,1677,3707,142,1013,1,fl-doe,2026-09-08T00:32:43+00:00
2024,FL,12027,DeSoto County,2024-11-20,-15,mail,1944,,695,863,34,352,1,fl-doe,2026-09-08T00:32:43+00:00
2024,FL,12029,Dixie County,2024-09-20,46,inperson,0,,0,0,0,0,1,fl-doe,2026-09-08T00:32:43+00:00
2024,FL,12029,Dixie County,2024-09-20,46,mail,0,,0,0,0,0,1,fl-doe,2026-09-08T00:32:43+00:00
2024,FL,12029,Dixie County,2024-09-24,42,inperson,0,,0,0,0,0,1,fl-doe,2026-09-08T00:32:43+00:00
2024,FL,12029,Dixie County,2024-09-24,42,mail,0,,0,0,0,0,1,fl-doe,2026-09-08T00:32:43+00:00
2024,FL,12029,Dixie County,2024-09-26,40,inperson,0,,0,0,0,0,1,fl-doe,2026-09-08T00:32:43+00:00
2024,FL,12029,Dixie County,2024-09-26,40,mail,1,,1,0,0,0,1,fl-doe,2026-09-08T00:32:43+00:00
2024,FL,12029,Dixie County,2024-09-29,37,inperson,0,,0,0,0,0,1,fl-doe,2026-09-08T00:32:43+00:00
2024,FL,12029,Dixie County,2024-09-29,37,mail,1,,1,0,0,0,1,fl-doe,2026-09-08T00:32:43+00:00
2024,FL,12029,Dixie County,2024-09-30,36,inperson,0,,0,0,0,0,1,fl-doe,2026-09-08T00:32:43+00:00
2024,FL,12029,Dixie County,2024-09-30,36,mail,1,,1,0,0,0,1,fl-doe,2026-09-08T00:32:43+00:00
2024,FL,12029,Dixie County,2024-10-01,35,inperson,0,,0,0,0,0,1,fl-doe,2026-09-08T00:32:43+00:00
2024,FL,12029,Dixie County,2024-10-01,35,mail,1,,1,0,0,0,1,fl-doe,2026-09-08T00:32:43+00:00
2024,FL,12029,Dixie County,2024-10-02,34,inperson,0,,0,0,0,0,1,fl-doe,2026-09-08T00:32:43+00:00
2024,FL,12029,Dixie County,2024-10-02,34,mail,1,,1,0,0,0,1,fl-doe,2026-09-08T00:32:43+00:00
2024,FL,12029,Dixie County,2024-10-03,33,inperson,0,,0,0,0,0,1,fl-doe,2026-09-08T00:32:43+00:00
2024,FL,12029,Dixie County,2024-10-03,33,mail,1,,1,0,0,0,1,fl-doe,2026-09-08T00:32:43+00:00
2024,FL,12029,Dixie County,2024-10-04,32,inperson,0,,0,0,0,0,1,fl-doe,2026-09-08T00:32:43+00:00
2024,FL,12029,Dixie County,2024-10-04,32,mail,8,,3,5,0,0,1,fl-doe,2026-09-08T00:32:43+00:00
2024,FL,12029,Dixie County,2024-10-06,30,inperson,0,,0,0,0,0,1,fl-doe,2026-09-08T00:32:43+00:00
2024,FL,12029,Dixie County,2024-10-06,30,mail,51,,8,38,0,5,1,fl-doe,2026-09-08T00:32:43+00:00
2024,FL,12029,Dixie County,2024-10-07,29,inperson,0,,0,0,0,0,1,fl-doe,2026-09-08T00:32:43+00:00
2024,FL,12029,Dixie County,2024-10-07,29,mail,51,,8,38,0,5,1,fl-doe,2026-09-08T00:32:43+00:00
2024,FL,12029,Dixie County,2024-10-23,13,inperson,0,,0,0,0,0,1,fl-doe,2026-09-08T00:32:43+00:00
2024,FL,12029,Dixie County,2024-10-23,13,mail,1035,,244,686,16,89,1,fl-doe,2026-09-08T00:32:43+00:00
2024,FL,12029,Dixie County,2024-10-28,8,inperson,1547,,158,1205,17,167,1,fl-doe,2026-09-08T00:32:43+00:00
2024,FL,12029,Dixie County,2024-10-28,8,mail,1333,,302,887,21,123,1,fl-doe,2026-09-08T00:32:43+00:00
2024,FL,12029,Dixie County,2024-10-29,7,inperson,1993,,207,1547,25,214,1,fl-doe,2026-09-08T00:32:43+00:00
2024,FL,12029,Dixie County,2024-10-29,7,mail,1404,,316,932,24,132,1,fl-doe,2026-09-08T00:32:43+00:00
2024,FL,12029,Dixie County,2024-10-31,5,inperson,2633,,300,2012,34,287,1,fl-doe,2026-09-08T00:32:43+00:00
2024,FL,12029,Dixie County,2024-10-31,5,mail,1519,,334,1011,24,150,1,fl-doe,2026-09-08T00:32:43+00:00
2024,FL,12029,Dixie County,2024-11-01,4,inperson,2909,,323,2234,38,314,1,fl-doe,2026-09-08T00:32:43+00:00
2024,FL,12029,Dixie County,2024-11-01,4,mail,1584,,345,1053,26,160,1,fl-doe,2026-09-08T00:32:43+00:00
2024,FL,12029,Dixie County,2024-11-03,2,inperson,3517,,423,2660,48,386,1,fl-doe,2026-09-08T00:32:43+00:00
2024,FL,12029,Dixie County,2024-11-03,2,mail,1673,,366,1112,26,169,1,fl-doe,2026-09-08T00:32:43+00:00
2024,FL,12029,Dixie County,2024-11-04,1,inperson,3517,,423,2660,48,386,1,fl-doe,2026-09-08T00:32:43+00:00
2024,FL,12029,Dixie County,2024-11-04,1,mail,1673,,366,1112,26,169,1,fl-doe,2026-09-08T00:32:43+00:00
2024,FL,12029,Dixie County,2024-11-05,0,inperson,3517,,423,2660,48,386,1,fl-doe,2026-09-08T00:32:43+00:00
2024,FL,12029,Dixie County,2024-11-05,0,mail,1737,,378,1158,27,174,1,fl-doe,2026-09-08T00:32:43+00:00
2024,FL,12029,Dixie County,2024-11-06,-1,inperson,3517,,423,2660,48,386,1,fl-doe,2026-09-08T00:32:43+00:00
2024,FL,12029,Dixie County,2024-11-06,-1,mail,1797,,389,1204,27,177,1,fl-doe,2026-09-08T00:32:43+00:00
2024,FL,12029,Dixie County,2024-11-07,-2,inperson,3517,,423,2660,48,386,1,fl-doe,2026-09-08T00:32:43+00:00
2024,FL,12029,Dixie County,2024-11-07,-2,mail,1797,,389,1204,27,177,1,fl-doe,2026-09-08T00:32:43+00:00
2024,FL,12029,Dixie County,2024-11-08,-3,inperson,3517,,423,2660,48,386,1,fl-doe,2026-09-08T00:32:43+00:00
2024,FL,12029,Dixie County,2024-11-08,-3,mail,1797,,389,1204,27,177,1,fl-doe,2026-09-08T00:32:43+00:00
2024,FL,12029,Dixie County,2024-11-09,-4,inperson,3517,,423,2660,48,386,1,fl-doe,2026-09-08T00:32:43+00:00
2024,FL,12029,Dixie County,2024-11-09,-4,mail,1802,,391,1206,27,178,1,fl-doe,2026-09-08T00:32:43+00:00
2024,FL,12029,Dixie County,2024-11-12,-7,inperson,3517,,423,2660,48,386,1,fl-doe,2026-09-08T00:32:43+00:00
2024,FL,12029,Dixie County,2024-11-12,-7,mail,1802,,391,1206,27,178,1,fl-doe,2026-09-08T00:32:43+00:00
2024,FL,12029,Dixie County,2024-11-13,-8,inperson,3517,,423,2660,48,386,1,fl-doe,2026-09-08T00:32:43+00:00
2024,FL,12029,Dixie County,2024-11-13,-8,mail,1802,,391,1206,27,178,1,fl-doe,2026-09-08T00:32:43+00:00
2024,FL,12029,Dixie County,2024-11-14,-9,inperson,3517,,423,2660,48,386,1,fl-doe,2026-09-08T00:32:43+00:00
2024,FL,12029,Dixie County,2024-11-14,-9,mail,1802,,391,1206,27,178,1,fl-doe,2026-09-08T00:32:43+00:00
2024,FL,12029,Dixie County,2024-11-17,-12,inperson,3517,,423,2660,48,386,1,fl-doe,2026-09-08T00:32:43+00:00
2024,FL,12029,Dixie County,2024-11-17,-12,mail,1802,,391,1206,27,178,1,fl-doe,2026-09-08T00:32:43+00:00
2024,FL,12029,Dixie County,2024-11-18,-13,inperson,3517,,423,2660,48,386,1,fl-doe,2026-09-08T00:32:43+00:00
2024,FL,12029,Dixie County,2024-11-18,-13,mail,1802,,391,1206,27,178,1,fl-doe,2026-09-08T00:32:43+00:00
2024,FL,12029,Dixie County,2024-11-20,-15,inperson,3517,,423,2660,48,386,1,fl-doe,2026-09-08T00:32:43+00:00
2024,FL,12029,Dixie County,2024-11-20,-15,mail,1802,,391,1206,27,178,1,fl-doe,2026-09-08T00:32:43+00:00
2024,FL,12031,Duval County,2024-09-16,50,inperson,0,,0,0,0,0,1,fl-doe,2026-09-08T00:32:43+00:00
2024,FL,12031,Duval County,2024-09-16,50,mail,0,,0,0,0,0,1,fl-doe,2026-09-08T00:32:43+00:00
2024,FL,12031,Duval County,2024-09-24,42,inperson,0,,0,0,0,0,1,fl-doe,2026-09-08T00:32:43+00:00
2024,FL,12031,Duval County,2024-09-24,42,mail,21,,14,7,0,0,1,fl-doe,2026-09-08T00:32:43+00:00
2024,FL,12031,Duval County,2024-09-26,40,inperson,0,,0,0,0,0,1,fl-doe,2026-09-08T00:32:43+00:00
2024,FL,12031,Duval County,2024-09-26,40,mail,74,,38,21,2,13,1,fl-doe,2026-09-08T00:32:43+00:00
2024,FL,12031,Duval County,2024-09-29,37,inperson,0,,0,0,0,0,1,fl-doe,2026-09-08T00:32:43+00:00
2024,FL,12031,Duval County,2024-09-29,37,mail,116,,59,34,3,20,1,fl-doe,2026-09-08T00:32:43+00:00
2024,FL,12031,Duval County,2024-09-30,36,inperson,0,,0,0,0,0,1,fl-doe,2026-09-08T00:32:43+00:00
2024,FL,12031,Duval County,2024-09-30,36,mail,118,,60,35,3,20,1,fl-doe,2026-09-08T00:32:43+00:00
2024,FL,12031,Duval County,2024-10-01,35,inperson,0,,0,0,0,0,1,fl-doe,2026-09-08T00:32:43+00:00
2024,FL,12031,Duval County,2024-10-01,35,mail,168,,85,47,4,32,1,fl-doe,2026-09-08T00:32:43+00:00
2024,FL,12031,Duval County,2024-10-02,34,inperson,0,,0,0,0,0,1,fl-doe,2026-09-08T00:32:43+00:00
2024,FL,12031,Duval County,2024-10-02,34,mail,200,,103,50,7,40,1,fl-doe,2026-09-08T00:32:43+00:00
2024,FL,12031,Duval County,2024-10-03,33,inperson,0,,0,0,0,0,1,fl-doe,2026-09-08T00:32:43+00:00
2024,FL,12031,Duval County,2024-10-03,33,mail,219,,116,54,7,42,1,fl-doe,2026-09-08T00:32:43+00:00
2024,FL,12031,Duval County,2024-10-04,32,inperson,0,,0,0,0,0,1,fl-doe,2026-09-08T00:32:43+00:00
2024,FL,12031,Duval County,2024-10-04,32,mail,287,,140,80,8,59,1,fl-doe,2026-09-08T00:32:43+00:00
2024,FL,12031,Duval County,2024-10-06,30,inperson,0,,0,0,0,0,1,fl-doe,2026-09-08T00:32:43+00:00
2024,FL,12031,Duval County,2024-10-06,30,mail,671,,296,228,23,124,1,fl-doe,2026-09-08T00:32:43+00:00
2024,FL,12031,Duval County,2024-10-07,29,inperson,0,,0,0,0,0,1,fl-doe,2026-09-08T00:32:43+00:00
2024,FL,12031,Duval County,2024-10-07,29,mail,837,,389,268,25,155,1,fl-doe,2026-09-08T00:32:43+00:00
2024,FL,12031,Duval County,2024-10-23,13,inperson,48410,,19525,22173,946,5766,1,fl-doe,2026-09-08T00:32:43+00:00
2024,FL,12031,Duval County,2024-10-23,13,mail,32473,,14971,12097,679,4726,1,fl-doe,2026-09-08T00:32:43+00:00
2024,FL,12031,Duval County,2024-10-28,8,inperson,142418,,54774,64704,3076,19864,1,fl-doe,2026-09-08T00:32:43+00:00
2024,FL,12031,Duval County,2024-10-28,8,mail,48152,,22194,17639,1017,7302,1,fl-doe,2026-09-08T00:32:43+00:00
2024,FL,12031,Duval County,2024-10-29,7,inperson,163203,,62357,74011,3562,23273,1,fl-doe,2026-09-08T00:32:43+00:00
2024,FL,12031,Duval County,2024-10-29,7,mail,49505,,22713,18157,1055,7580,1,fl-doe,2026-09-08T00:32:43+00:00
2024,FL,12031,Duval County,2024-10-31,5,inperson,203526,,76981,91279,4692,30574,1,fl-doe,2026-09-08T00:32:43+00:00
2024,FL,12031,Duval County,2024-10-31,5,mail,54404,,24835,19830,1186,8553,1,fl-doe,2026-09-08T00:32:43+00:00
2024,FL,12031,Duval County,2024-11-01,4,inperson,221732,,83751,98663,5192,34126,1,fl-doe,2026-09-08T00:32:43+00:00
2024,FL,12031,Duval County,2024-11-01,4,mail,59099,,26826,21407,1325,9541,1,fl-doe,2026-09-08T00:32:43+00:00
2024,FL,12031,Duval County,2024-11-03,2,inperson,265985,,100607,115211,6605,43562,1,fl-doe,2026-09-08T00:32:43+00:00
2024,FL,12031,Duval County,2024-11-03,2,mail,63755,,28854,22874,1468,10559,1,fl-doe,2026-09-08T00:32:43+00:00
2024,FL,12031,Duval County,2024-11-04,1,inperson,289205,,110343,122762,7343,48757,1,fl-doe,2026-09-08T00:32:43+00:00
2024,FL,12031,Duval County,2024-11-04,1,mail,64675,,29299,23132,1495,10749,1,fl-doe,2026-09-08T00:32:43+00:00
2024,FL,12031,Duval County,2024-11-05,0,inperson,289217,,110348,122765,7343,48761,1,fl-doe,2026-09-08T00:32:43+00:00
2024,FL,12031,Duval County,2024-11-05,0,mail,65947,,29845,23570,1530,11002,1,fl-doe,2026-09-08T00:32:43+00:00
2024,FL,12031,Duval County,2024-11-06,-1,inperson,289217,,110348,122765,7343,48761,1,fl-doe,2026-09-08T00:32:43+00:00
2024,FL,12031,Duval County,2024-11-06,-1,mail,71594,,32389,25085,1709,12411,1,fl-doe,2026-09-08T00:32:43+00:00
2024,FL,12031,Duval County,2024-11-07,-2,inperson,289217,,110348,122765,7343,48761,1,fl-doe,2026-09-08T00:32:43+00:00
2024,FL,12031,Duval County,2024-11-07,-2,mail,71671,,32424,25109,1712,12426,1,fl-doe,2026-09-08T00:32:43+00:00
2024,FL,12031,Duval County,2024-11-08,-3,inperson,289217,,110348,122765,7343,48761,1,fl-doe,2026-09-08T00:32:43+00:00
2024,FL,12031,Duval County,2024-11-08,-3,mail,71703,,32437,25118,1712,12436,1,fl-doe,2026-09-08T00:32:43+00:00
2024,FL,12031,Duval County,2024-11-09,-4,inperson,289217,,110348,122765,7343,48761,1,fl-doe,2026-09-08T00:32:43+00:00
2024,FL,12031,Duval County,2024-11-09,-4,mail,71727,,32448,25126,1712,12441,1,fl-doe,2026-09-08T00:32:43+00:00
2024,FL,12031,Duval County,2024-11-12,-7,inperson,289217,,110348,122765,7343,48761,1,fl-doe,2026-09-08T00:32:43+00:00
2024,FL,12031,Duval County,2024-11-12,-7,mail,71727,,32448,25126,1712,12441,1,fl-doe,2026-09-08T00:32:43+00:00
2024,FL,12031,Duval County,2024-11-13,-8,inperson,289217,,110348,122765,7343,48761,1,fl-doe,2026-09-08T00:32:43+00:00
2024,FL,12031,Duval County,2024-11-13,-8,mail,71772,,32468,25133,1713,12458,1,fl-doe,2026-09-08T00:32:43+00:00
2024,FL,12031,Duval County,2024-11-14,-9,inperson,289217,,110348,122765,7343,48761,1,fl-doe,2026-09-08T00:32:43+00:00
2024,FL,12031,Duval County,2024-11-14,-9,mail,71824,,32493,25146,1713,12472,1,fl-doe,2026-09-08T00:32:43+00:00
2024,FL,12031,Duval County,2024-11-17,-12,inperson,289217,,110348,122765,7343,48761,1,fl-doe,2026-09-08T00:32:43+00:00
2024,FL,12031,Duval County,2024-11-17,-12,mail,71878,,32519,25160,1715,12484,1,fl-doe,2026-09-08T00:32:43+00:00
2024,FL,12031,Duval County,2024-11-18,-13,inperson,289217,,110348,122765,7343,48761,1,fl-doe,2026-09-08T00:32:43+00:00
2024,FL,12031,Duval County,2024-11-18,-13,mail,71878,,32519,25160,1715,12484,1,fl-doe,2026-09-08T00:32:43+00:00
2024,FL,12031,Duval County,2024-11-20,-15,inperson,289217,,110348,122765,7343,48761,1,fl-doe,2026-09-08T00:32:43+00:00
2024,FL,12031,Duval County,2024-11-20,-15,mail,71878,,32519,25160,1715,12484,1,fl-doe,2026-09-08T00:32:43+00:00
2024,FL,12033,Escambia County,2024-09-20,46,inperson,0,,0,0,0,0,1,fl-doe,2026-09-08T00:32:43+00:00
2024,FL,12033,Escambia County,2024-09-20,46,mail,0,,0,0,0,0,1,fl-doe,2026-09-08T00:32:43+00:00
2024,FL,12033,Escambia County,2024-09-24,42,inperson,0,,0,0,0,0,1,fl-doe,2026-09-08T00:32:43+00:00
2024,FL,12033,Escambia County,2024-09-24,42,mail,2,,1,1,0,0,1,fl-doe,2026-09-08T00:32:43+00:00
2024,FL,12033,Escambia County,2024-09-26,40,inperson,0,,0,0,0,0,1,fl-doe,2026-09-08T00:32:43+00:00
2024,FL,12033,Escambia County,2024-09-26,40,mail,16,,6,10,0,0,1,fl-doe,2026-09-08T00:32:43+00:00
2024,FL,12033,Escambia County,2024-09-29,37,inperson,0,,0,0,0,0,1,fl-doe,2026-09-08T00:32:43+00:00
2024,FL,12033,Escambia County,2024-09-29,37,mail,149,,44,68,1,36,1,fl-doe,2026-09-08T00:32:43+00:00
2024,FL,12033,Escambia County,2024-09-30,36,inperson,0,,0,0,0,0,1,fl-doe,2026-09-08T00:32:43+00:00
2024,FL,12033,Escambia County,2024-09-30,36,mail,149,,44,68,1,36,1,fl-doe,2026-09-08T00:32:43+00:00
2024,FL,12033,Escambia County,2024-10-01,35,inperson,0,,0,0,0,0,1,fl-doe,2026-09-08T00:32:43+00:00
2024,FL,12033,Escambia County,2024-10-01,35,mail,165,,50,76,1,38,1,fl-doe,2026-09-08T00:32:43+00:00
2024,FL,12033,Escambia County,2024-10-02,34,inperson,0,,0,0,0,0,1,fl-doe,2026-09-08T00:32:43+00:00
2024,FL,12033,Escambia County,2024-10-02,34,mail,173,,52,81,1,39,1,fl-doe,2026-09-08T00:32:43+00:00
2024,FL,12033,Escambia County,2024-10-03,33,inperson,0,,0,0,0,0,1,fl-doe,2026-09-08T00:32:43+00:00
2024,FL,12033,Escambia County,2024-10-03,33,mail,174,,53,81,1,39,1,fl-doe,2026-09-08T00:32:43+00:00
2024,FL,12033,Escambia County,2024-10-04,32,inperson,0,,0,0,0,0,1,fl-doe,2026-09-08T00:32:43+00:00
2024,FL,12033,Escambia County,2024-10-04,32,mail,174,,53,81,1,39,1,fl-doe,2026-09-08T00:32:43+00:00
2024,FL,12033,Escambia County,2024-10-06,30,inperson,0,,0,0,0,0,1,fl-doe,2026-09-08T00:32:43+00:00
2024,FL,12033,Escambia County,2024-10-06,30,mail,963,,291,446,14,212,1,fl-doe,2026-09-08T00:32:43+00:00
2024,FL,12033,Escambia County,2024-10-07,29,inperson,0,,0,0,0,0,1,fl-doe,2026-09-08T00:32:43+00:00
2024,FL,12033,Escambia County,2024-10-07,29,mail,963,,291,446,14,212,1,fl-doe,2026-09-08T00:32:43+00:00
2024,FL,12033,Escambia County,2024-10-23,13,inperson,16605,,4128,10318,307,1852,1,fl-doe,2026-09-08T00:32:43+00:00
2024,FL,12033,Escambia County,2024-10-23,13,mail,13263,,4996,6074,268,1925,1,fl-doe,2026-09-08T00:32:43+00:00
2024,FL,12033,Escambia County,2024-10-28,8,inperson,43615,,10851,26354,858,5552,1,fl-doe,2026-09-08T00:32:43+00:00
2024,FL,12033,Escambia County,2024-10-28,8,mail,22036,,8476,9900,442,3218,1,fl-doe,2026-09-08T00:32:43+00:00
2024,FL,12033,Escambia County,2024-10-29,7,inperson,50087,,12483,29987,1013,6604,1,fl-doe,2026-09-08T00:32:43+00:00
2024,FL,12033,Escambia County,2024-10-29,7,mail,24541,,9431,11015,492,3603,1,fl-doe,2026-09-08T00:32:43+00:00
2024,FL,12033,Escambia County,2024-10-31,5,inperson,61834,,15641,36257,1325,8611,1,fl-doe,2026-09-08T00:32:43+00:00
2024,FL,12033,Escambia County,2024-10-31,5,mail,27449,,10516,12188,559,4186,1,fl-doe,2026-09-08T00:32:43+00:00
2024,FL,12033,Escambia County,2024-11-01,4,inperson,67076,,17080,38994,1469,9533,1,fl-doe,2026-09-08T00:32:43+00:00
2024,FL,12033,Escambia County,2024-11-01,4,mail,29430,,11273,12976,601,4580,1,fl-doe,2026-09-08T00:32:43+00:00
2024,FL,12033,Escambia County,2024-11-03,2,inperson,80805,,21398,45291,1895,12221,1,fl-doe,2026-09-08T00:32:43+00:00
2024,FL,12033,Escambia County,2024-11-03,2,mail,31771,,12104,13894,675,5098,1,fl-doe,2026-09-08T00:32:43+00:00
2024,FL,12033,Escambia County,2024-11-04,1,inperson,80805,,21398,45291,1895,12221,1,fl-doe,2026-09-08T00:32:43+00:00
2024,FL,12033,Escambia County,2024-11-04,1,mail,32746,,12506,14228,708,5304,1,fl-doe,2026-09-08T00:32:43+00:00
2024,FL,12033,Escambia County,2024-11-05,0,inperson,80805,,21398,45291,1895,12221,1,fl-doe,2026-09-08T00:32:43+00:00
2024,FL,12033,Escambia County,2024-11-05,0,mail,33619,,12800,14558,736,5525,1,fl-doe,2026-09-08T00:32:43+00:00
2024,FL,12033,Escambia County,2024-11-06,-1,inperson,80805,,21398,45291,1895,12221,1,fl-doe,2026-09-08T00:32:43+00:00
2024,FL,12033,Escambia County,2024-11-06,-1,mail,34990,,13278,15053,782,5877,1,fl-doe,2026-09-08T00:32:43+00:00
2024,FL,12033,Escambia County,2024-11-07,-2,inperson,80805,,21398,45291,1895,12221,1,fl-doe,2026-09-08T00:32:43+00:00
2024,FL,12033,Escambia County,2024-11-07,-2,mail,35007,,13281,15060,783,5883,1,fl-doe,2026-09-08T00:32:43+00:00
2024,FL,12033,Escambia County,2024-11-08,-3,inperson,80805,,21398,45291,1895,12221,1,fl-doe,2026-09-08T00:32:43+00:00
2024,FL,12033,Escambia County,2024-11-08,-3,mail,35020,,13286,15064,783,5887,1,fl-doe,2026-09-08T00:32:43+00:00
2024,FL,12033,Escambia County,2024-11-09,-4,inperson,80805,,21398,45291,1895,12221,1,fl-doe,2026-09-08T00:32:43+00:00
2024,FL,12033,Escambia County,2024-11-09,-4,mail,35077,,13302,15092,787,5896,1,fl-doe,2026-09-08T00:32:43+00:00
2024,FL,12033,Escambia County,2024-11-12,-7,inperson,80805,,21398,45291,1895,12221,1,fl-doe,2026-09-08T00:32:43+00:00
2024,FL,12033,Escambia County,2024-11-12,-7,mail,35077,,13302,15092,787,5896,1,fl-doe,2026-09-08T00:32:43+00:00
2024,FL,12033,Escambia County,2024-11-13,-8,inperson,80805,,21398,45291,1895,12221,1,fl-doe,2026-09-08T00:32:43+00:00
2024,FL,12033,Escambia County,2024-11-13,-8,mail,35100,,13308,15102,790,5900,1,fl-doe,2026-09-08T00:32:43+00:00
2024,FL,12033,Escambia County,2024-11-14,-9,inperson,80805,,21398,45291,1895,12221,1,fl-doe,2026-09-08T00:32:43+00:00
2024,FL,12033,Escambia County,2024-11-14,-9,mail,35100,,13308,15102,790,5900,1,fl-doe,2026-09-08T00:32:43+00:00
2024,FL,12033,Escambia County,2024-11-17,-12,inperson,80805,,21398,45291,1895,12221,1,fl-doe,2026-09-08T00:32:43+00:00
2024,FL,12033,Escambia County,2024-11-17,-12,mail,35115,,13311,15111,791,5902,1,fl-doe,2026-09-08T00:32:43+00:00
2024,FL,12033,Escambia County,2024-11-18,-13,inperson,80805,,21398,45291,1895,12221,1,fl-doe,2026-09-08T00:32:43+00:00
2024,FL,12033,Escambia County,2024-11-18,-13,mail,35115,,13311,15111,791,5902,1,fl-doe,2026-09-08T00:32:43+00:00
2024,FL,12033,Escambia County,2024-11-20,-15,inperson,80805,,21398,45291,1895,12221,1,fl-doe,2026-09-08T00:32:43+00:00
2024,FL,12033,Escambia County,2024-11-20,-15,mail,35115,,13311,15111,791,5902,1,fl-doe,2026-09-08T00:32:43+00:00
2024,FL,12035,Flagler County,2024-09-20,46,inperson,0,,0,0,0,0,1,fl-doe,2026-09-08T00:32:43+00:00
2024,FL,12035,Flagler County,2024-09-20,46,mail,0,,0,0,0,0,1,fl-doe,2026-09-08T00:32:43+00:00
2024,FL,12035,Flagler County,2024-09-24,42,inperson,0,,0,0,0,0,1,fl-doe,2026-09-08T00:32:43+00:00
2024,FL,12035,Flagler County,2024-09-24,42,mail,19,,6,10,1,2,1,fl-doe,2026-09-08T00:32:43+00:00
2024,FL,12035,Flagler County,2024-09-26,40,inperson,0,,0,0,0,0,1,fl-doe,2026-09-08T00:32:43+00:00
2024,FL,12035,Flagler County,2024-09-26,40,mail,62,,14,40,1,7,1,fl-doe,2026-09-08T00:32:43+00:00
2024,FL,12035,Flagler County,2024-09-29,37,inperson,0,,0,0,0,0,1,fl-doe,2026-09-08T00:32:43+00:00
2024,FL,12035,Flagler County,2024-09-29,37,mail,88,,20,55,3,10,1,fl-doe,2026-09-08T00:32:43+00:00
2024,FL,12035,Flagler County,2024-09-30,36,inperson,0,,0,0,0,0,1,fl-doe,2026-09-08T00:32:43+00:00
2024,FL,12035,Flagler County,2024-09-30,36,mail,88,,20,55,3,10,1,fl-doe,2026-09-08T00:32:43+00:00
2024,FL,12035,Flagler County,2024-10-01,35,inperson,0,,0,0,0,0,1,fl-doe,2026-09-08T00:32:43+00:00
2024,FL,12035,Flagler County,2024-10-01,35,mail,325,,122,146,5,52,1,fl-doe,2026-09-08T00:32:43+00:00
2024,FL,12035,Flagler County,2024-10-02,34,inperson,0,,0,0,0,0,1,fl-doe,2026-09-08T00:32:43+00:00
2024,FL,12035,Flagler County,2024-10-02,34,mail,608,,257,235,11,105,1,fl-doe,2026-09-08T00:32:43+00:00
2024,FL,12035,Flagler County,2024-10-03,33,inperson,0,,0,0,0,0,1,fl-doe,2026-09-08T00:32:43+00:00
2024,FL,12035,Flagler County,2024-10-03,33,mail,2088,,798,847,47,396,1,fl-doe,2026-09-08T00:32:43+00:00
2024,FL,12035,Flagler County,2024-10-04,32,inperson,0,,0,0,0,0,1,fl-doe,2026-09-08T00:32:43+00:00
2024,FL,12035,Flagler County,2024-10-04,32,mail,2799,,1101,1123,60,515,1,fl-doe,2026-09-08T00:32:43+00:00
2024,FL,12035,Flagler County,2024-10-06,30,inperson,0,,0,0,0,0,1,fl-doe,2026-09-08T00:32:43+00:00
2024,FL,12035,Flagler County,2024-10-06,30,mail,3486,,1373,1402,82,629,1,fl-doe,2026-09-08T00:32:43+00:00
2024,FL,12035,Flagler County,2024-10-07,29,inperson,0,,0,0,0,0,1,fl-doe,2026-09-08T00:32:43+00:00
2024,FL,12035,Flagler County,2024-10-07,29,mail,3486,,1373,1402,82,629,1,fl-doe,2026-09-08T00:32:43+00:00
2024,FL,12035,Flagler County,2024-10-23,13,inperson,6612,,1206,4329,134,943,1,fl-doe,2026-09-08T00:32:43+00:00
2024,FL,12035,Flagler County,2024-10-23,13,mail,13627,,5451,5395,306,2475,1,fl-doe,2026-09-08T00:32:43+00:00
2024,FL,12035,Flagler County,2024-10-28,8,inperson,22442,,4116,14173,501,3652,1,fl-doe,2026-09-08T00:32:43+00:00
2024,FL,12035,Flagler County,2024-10-28,8,mail,17571,,6953,6998,389,3231,1,fl-doe,2026-09-08T00:32:43+00:00
2024,FL,12035,Flagler County,2024-10-29,7,inperson,26022,,4768,16321,601,4332,1,fl-doe,2026-09-08T00:32:43+00:00
2024,FL,12035,Flagler County,2024-10-29,7,mail,18283,,7217,7268,414,3384,1,fl-doe,2026-09-08T00:32:43+00:00
2024,FL,12035,Flagler County,2024-10-31,5,inperson,32667,,6127,20042,796,5702,1,fl-doe,2026-09-08T00:32:43+00:00
2024,FL,12035,Flagler County,2024-10-31,5,mail,19985,,7830,7911,462,3782,1,fl-doe,2026-09-08T00:32:43+00:00
2024,FL,12035,Flagler County,2024-11-01,4,inperson,35655,,6744,21597,898,6416,1,fl-doe,2026-09-08T00:32:43+00:00
2024,FL,12035,Flagler County,2024-11-01,4,mail,20533,,8025,8104,470,3934,1,fl-doe,2026-09-08T00:32:43+00:00
2024,FL,12035,Flagler County,2024-11-03,2,inperson,42736,,8282,25195,1184,8075,1,fl-doe,2026-09-08T00:32:43+00:00
2024,FL,12035,Flagler County,2024-11-03,2,mail,21545,,8391,8480,504,4170,1,fl-doe,2026-09-08T00:32:43+00:00
2024,FL,12035,Flagler County,2024-11-04,1,inperson,42736,,8282,25195,1184,8075,1,fl-doe,2026-09-08T00:32:43+00:00
2024,FL,12035,Flagler County,2024-11-04,1,mail,21545,,8391,8480,504,4170,1,fl-doe,2026-09-08T00:32:43+00:00
2024,FL,12035,Flagler County,2024-11-05,0,inperson,42736,,8282,25195,1184,8075,1,fl-doe,2026-09-08T00:32:43+00:00
2024,FL,12035,Flagler County,2024-11-05,0,mail,22095,,8585,8672,526,4312,1,fl-doe,2026-09-08T00:32:43+00:00
2024,FL,12035,Flagler County,2024-11-06,-1,inperson,42736,,8282,25195,1184,8075,1,fl-doe,2026-09-08T00:32:43+00:00
2024,FL,12035,Flagler County,2024-11-06,-1,mail,22541,,8773,8816,538,4414,1,fl-doe,2026-09-08T00:32:43+00:00
2024,FL,12035,Flagler County,2024-11-07,-2,inperson,42736,,8282,25195,1184,8075,1,fl-doe,2026-09-08T00:32:43+00:00
2024,FL,12035,Flagler County,2024-11-07,-2,mail,22541,,8773,8816,538,4414,1,fl-doe,2026-09-08T00:32:43+00:00
2024,FL,12035,Flagler County,2024-11-08,-3,inperson,42736,,8282,25195,1184,8075,1,fl-doe,2026-09-08T00:32:43+00:00
2024,FL,12035,Flagler County,2024-11-08,-3,mail,22544,,8775,8816,538,4415,1,fl-doe,2026-09-08T00:32:43+00:00
2024,FL,12035,Flagler County,2024-11-09,-4,inperson,42736,,8282,25195,1184,8075,1,fl-doe,2026-09-08T00:32:43+00:00
2024,FL,12035,Flagler County,2024-11-09,-4,mail,22549,,8778,8818,538,4415,1,fl-doe,2026-09-08T00:32:43+00:00
2024,FL,12035,Flagler County,2024-11-12,-7,inperson,42736,,8282,25195,1184,8075,1,fl-doe,2026-09-08T00:32:43+00:00
2024,FL,12035,Flagler County,2024-11-12,-7,mail,22549,,8778,8818,538,4415,1,fl-doe,2026-09-08T00:32:43+00:00
2024,FL,12035,Flagler County,2024-11-13,-8,inperson,42736,,8282,25195,1184,8075,1,fl-doe,2026-09-08T00:32:43+00:00
2024,FL,12035,Flagler County,2024-11-13,-8,mail,22552,,8778,8819,538,4417,1,fl-doe,2026-09-08T00:32:43+00:00
2024,FL,12035,Flagler County,2024-11-14,-9,inperson,42736,,8282,25195,1184,8075,1,fl-doe,2026-09-08T00:32:43+00:00
2024,FL,12035,Flagler County,2024-11-14,-9,mail,22552,,8778,8819,538,4417,1,fl-doe,2026-09-08T00:32:43+00:00
2024,FL,12035,Flagler County,2024-11-17,-12,inperson,42736,,8282,25195,1184,8075,1,fl-doe,2026-09-08T00:32:43+00:00
2024,FL,12035,Flagler County,2024-11-17,-12,mail,22562,,8784,8823,538,4417,1,fl-doe,2026-09-08T00:32:43+00:00
2024,FL,12035,Flagler County,2024-11-18,-13,inperson,42736,,8282,25195,1184,8075,1,fl-doe,2026-09-08T00:32:43+00:00
2024,FL,12035,Flagler County,2024-11-18,-13,mail,22562,,8784,8823,538,4417,1,fl-doe,2026-09-08T00:32:43+00:00
2024,FL,12035,Flagler County,2024-11-20,-15,inperson,42736,,8282,25195,1184,8075,1,fl-doe,2026-09-08T00:32:43+00:00
2024,FL,12035,Flagler County,2024-11-20,-15,mail,22562,,8784,8823,538,4417,1,fl-doe,2026-09-08T00:32:43+00:00
2024,FL,12037,Franklin County,2024-09-16,50,inperson,0,,0,0,0,0,1,fl-doe,2026-09-08T00:32:43+00:00
2024,FL,12037,Franklin County,2024-09-16,50,mail,0,,0,0,0,0,1,fl-doe,2026-09-08T00:32:43+00:00
2024,FL,12037,Franklin County,2024-09-17,49,inperson,0,,0,0,0,0,1,fl-doe,2026-09-08T00:32:43+00:00
2024,FL,12037,Franklin County,2024-09-17,49,mail,0,,0,0,0,0,1,fl-doe,2026-09-08T00:32:43+00:00
2024,FL,12037,Franklin County,2024-09-20,46,inperson,0,,0,0,0,0,1,fl-doe,2026-09-08T00:32:43+00:00
2024,FL,12037,Franklin County,2024-09-20,46,mail,0,,0,0,0,0,1,fl-doe,2026-09-08T00:32:43+00:00
2024,FL,12037,Franklin County,2024-09-24,42,inperson,0,,0,0,0,0,1,fl-doe,2026-09-08T00:32:43+00:00
2024,FL,12037,Franklin County,2024-09-24,42,mail,2,,0,2,0,0,1,fl-doe,2026-09-08T00:32:43+00:00
2024,FL,12037,Franklin County,2024-09-26,40,inperson,0,,0,0,0,0,1,fl-doe,2026-09-08T00:32:43+00:00
2024,FL,12037,Franklin County,2024-09-26,40,mail,4,,0,2,0,2,1,fl-doe,2026-09-08T00:32:43+00:00
2024,FL,12037,Franklin County,2024-09-29,37,inperson,0,,0,0,0,0,1,fl-doe,2026-09-08T00:32:43+00:00
2024,FL,12037,Franklin County,2024-09-29,37,mail,4,,0,2,0,2,1,fl-doe,2026-09-08T00:32:43+00:00
2024,FL,12037,Franklin County,2024-09-30,36,inperson,0,,0,0,0,0,1,fl-doe,2026-09-08T00:32:43+00:00
2024,FL,12037,Franklin County,2024-09-30,36,mail,4,,0,2,0,2,1,fl-doe,2026-09-08T00:32:43+00:00
2024,FL,12037,Franklin County,2024-10-01,35,inperson,0,,0,0,0,0,1,fl-doe,2026-09-08T00:32:43+00:00
2024,FL,12037,Franklin County,2024-10-01,35,mail,4,,0,2,0,2,1,fl-doe,2026-09-08T00:32:43+00:00
2024,FL,12037,Franklin County,2024-10-02,34,inperson,0,,0,0,0,0,1,fl-doe,2026-09-08T00:32:43+00:00
2024,FL,12037,Franklin County,2024-10-02,34,mail,4,,0,2,0,2,1,fl-doe,2026-09-08T00:32:43+00:00
2024,FL,12037,Franklin County,2024-10-03,33,inperson,0,,0,0,0,0,1,fl-doe,2026-09-08T00:32:43+00:00
2024,FL,12037,Franklin County,2024-10-03,33,mail,8,,1,3,0,4,1,fl-doe,2026-09-08T00:32:43+00:00
2024,FL,12037,Franklin County,2024-10-04,32,inperson,0,,0,0,0,0,1,fl-doe,2026-09-08T00:32:43+00:00
2024,FL,12037,Franklin County,2024-10-04,32,mail,13,,1,8,0,4,1,fl-doe,2026-09-08T00:32:43+00:00
2024,FL,12037,Franklin County,2024-10-06,30,inperson,0,,0,0,0,0,1,fl-doe,2026-09-08T00:32:43+00:00
2024,FL,12037,Franklin County,2024-10-06,30,mail,41,,11,18,1,11,1,fl-doe,2026-09-08T00:32:43+00:00
2024,FL,12037,Franklin County,2024-10-07,29,inperson,0,,0,0,0,0,1,fl-doe,2026-09-08T00:32:43+00:00
2024,FL,12037,Franklin County,2024-10-07,29,mail,41,,11,18,1,11,1,fl-doe,2026-09-08T00:32:43+00:00
2024,FL,12037,Franklin County,2024-10-23,13,inperson,0,,0,0,0,0,1,fl-doe,2026-09-08T00:32:43+00:00
2024,FL,12037,Franklin County,2024-10-23,13,mail,865,,349,384,30,102,1,fl-doe,2026-09-08T00:32:43+00:00
2024,FL,12037,Franklin County,2024-10-28,8,inperson,1427,,333,877,45,172,1,fl-doe,2026-09-08T00:32:43+00:00
2024,FL,12037,Franklin County,2024-10-28,8,mail,1162,,449,539,34,140,1,fl-doe,2026-09-08T00:32:43+00:00
2024,FL,12037,Franklin County,2024-10-29,7,inperson,1803,,441,1094,50,218,1,fl-doe,2026-09-08T00:32:43+00:00
2024,FL,12037,Franklin County,2024-10-29,7,mail,1238,,477,576,37,148,1,fl-doe,2026-09-08T00:32:43+00:00
2024,FL,12037,Franklin County,2024-10-31,5,inperson,2390,,586,1451,62,291,1,fl-doe,2026-09-08T00:32:43+00:00
2024,FL,12037,Franklin County,2024-10-31,5,mail,1315,,505,607,41,162,1,fl-doe,2026-09-08T00:32:43+00:00
2024,FL,12037,Franklin County,2024-11-01,4,inperson,2650,,661,1589,70,330,1,fl-doe,2026-09-08T00:32:43+00:00
2024,FL,12037,Franklin County,2024-11-01,4,mail,1363,,526,621,44,172,1,fl-doe,2026-09-08T00:32:43+00:00
2024,FL,12037,Franklin County,2024-11-03,2,inperson,3075,,794,1809,82,390,1,fl-doe,2026-09-08T00:32:43+00:00
2024,FL,12037,Franklin County,2024-11-03,2,mail,1446,,560,654,48,184,1,fl-doe,2026-09-08T00:32:43+00:00
2024,FL,12037,Franklin County,2024-11-04,1,inperson,3075,,794,1809,82,390,1,fl-doe,2026-09-08T00:32:43+00:00
2024,FL,12037,Franklin County,2024-11-04,1,mail,1446,,560,654,48,184,1,fl-doe,2026-09-08T00:32:43+00:00
2024,FL,12037,Franklin County,2024-11-05,0,inperson,3075,,794,1809,82,390,1,fl-doe,2026-09-08T00:32:43+00:00
2024,FL,12037,Franklin County,2024-11-05,0,mail,1513,,580,683,50,200,1,fl-doe,2026-09-08T00:32:43+00:00
2024,FL,12037,Franklin County,2024-11-06,-1,inperson,3075,,794,1809,82,390,1,fl-doe,2026-09-08T00:32:43+00:00
2024,FL,12037,Franklin County,2024-11-06,-1,mail,1558,,609,695,50,204,1,fl-doe,2026-09-08T00:32:43+00:00
2024,FL,12037,Franklin County,2024-11-07,-2,inperson,3075,,794,1809,82,390,1,fl-doe,2026-09-08T00:32:43+00:00
2024,FL,12037,Franklin County,2024-11-07,-2,mail,1558,,609,695,50,204,1,fl-doe,2026-09-08T00:32:43+00:00
2024,FL,12037,Franklin County,2024-11-08,-3,inperson,3075,,794,1809,82,390,1,fl-doe,2026-09-08T00:32:43+00:00
2024,FL,12037,Franklin County,2024-11-08,-3,mail,1558,,609,695,50,204,1,fl-doe,2026-09-08T00:32:43+00:00
2024,FL,12037,Franklin County,2024-11-09,-4,inperson,3075,,794,1809,82,390,1,fl-doe,2026-09-08T00:32:43+00:00
2024,FL,12037,Franklin County,2024-11-09,-4,mail,1558,,609,695,50,204,1,fl-doe,2026-09-08T00:32:43+00:00
2024,FL,12037,Franklin County,2024-11-12,-7,inperson,3075,,794,1809,82,390,1,fl-doe,2026-09-08T00:32:43+00:00
2024,FL,12037,Franklin County,2024-11-12,-7,mail,1558,,609,695,50,204,1,fl-doe,2026-09-08T00:32:43+00:00
2024,FL,12037,Franklin County,2024-11-13,-8,inperson,3075,,794,1809,82,390,1,fl-doe,2026-09-08T00:32:43+00:00
2024,FL,12037,Franklin County,2024-11-13,-8,mail,1558,,609,695,50,204,1,fl-doe,2026-09-08T00:32:43+00:00
2024,FL,12037,Franklin County,2024-11-14,-9,inperson,3075,,794,1809,82,390,1,fl-doe,2026-09-08T00:32:43+00:00
2024,FL,12037,Franklin County,2024-11-14,-9,mail,1558,,609,695,50,204,1,fl-doe,2026-09-08T00:32:43+00:00
2024,FL,12037,Franklin County,2024-11-17,-12,inperson,3075,,794,1809,82,390,1,fl-doe,2026-09-08T00:32:43+00:00
2024,FL,12037,Franklin County,2024-11-17,-12,mail,1558,,609,695,50,204,1,fl-doe,2026-09-08T00:32:43+00:00
2024,FL,12037,Franklin County,2024-11-18,-13,inperson,3075,,794,1809,82,390,1,fl-doe,2026-09-08T00:32:43+00:00
2024,FL,12037,Franklin County,2024-11-18,-13,mail,1558,,609,695,50,204,1,fl-doe,2026-09-08T00:32:43+00:00
2024,FL,12037,Franklin County,2024-11-20,-15,inperson,3075,,794,1809,82,390,1,fl-doe,2026-09-08T00:32:43+00:00
2024,FL,12037,Franklin County,2024-11-20,-15,mail,1558,,609,695,50,204,1,fl-doe,2026-09-08T00:32:43+00:00
2024,FL,12039,Gadsden County,2024-09-16,50,inperson,0,,0,0,0,0,1,fl-doe,2026-09-08T00:32:43+00:00
2024,FL,12039,Gadsden County,2024-09-16,50,mail,0,,0,0,0,0,1,fl-doe,2026-09-08T00:32:43+00:00
2024,FL,12039,Gadsden County,2024-09-17,49,inperson,0,,0,0,0,0,1,fl-doe,2026-09-08T00:32:43+00:00
2024,FL,12039,Gadsden County,2024-09-17,49,mail,0,,0,0,0,0,1,fl-doe,2026-09-08T00:32:43+00:00
2024,FL,12039,Gadsden County,2024-09-20,46,inperson,0,,0,0,0,0,1,fl-doe,2026-09-08T00:32:43+00:00
2024,FL,12039,Gadsden County,2024-09-20,46,mail,2,,2,0,0,0,1,fl-doe,2026-09-08T00:32:43+00:00
2024,FL,12039,Gadsden County,2024-09-24,42,inperson,0,,0,0,0,0,1,fl-doe,2026-09-08T00:32:43+00:00
2024,FL,12039,Gadsden County,2024-09-24,42,mail,3,,3,0,0,0,1,fl-doe,2026-09-08T00:32:43+00:00
2024,FL,12039,Gadsden County,2024-09-26,40,inperson,0,,0,0,0,0,1,fl-doe,2026-09-08T00:32:43+00:00
2024,FL,12039,Gadsden County,2024-09-26,40,mail,4,,4,0,0,0,1,fl-doe,2026-09-08T00:32:43+00:00
2024,FL,12039,Gadsden County,2024-09-29,37,inperson,0,,0,0,0,0,1,fl-doe,2026-09-08T00:32:43+00:00
2024,FL,12039,Gadsden County,2024-09-29,37,mail,4,,4,0,0,0,1,fl-doe,2026-09-08T00:32:43+00:00
2024,FL,12039,Gadsden County,2024-09-30,36,inperson,0,,0,0,0,0,1,fl-doe,2026-09-08T00:32:43+00:00
2024,FL,12039,Gadsden County,2024-09-30,36,mail,4,,4,0,0,0,1,fl-doe,2026-09-08T00:32:43+00:00
2024,FL,12039,Gadsden County,2024-10-01,35,inperson,0,,0,0,0,0,1,fl-doe,2026-09-08T00:32:43+00:00
2024,FL,12039,Gadsden County,2024-10-01,35,mail,7,,6,1,0,0,1,fl-doe,2026-09-08T00:32:43+00:00
2024,FL,12039,Gadsden County,2024-10-02,34,inperson,0,,0,0,0,0,1,fl-doe,2026-09-08T00:32:43+00:00
2024,FL,12039,Gadsden County,2024-10-02,34,mail,17,,14,3,0,0,1,fl-doe,2026-09-08T00:32:43+00:00
2024,FL,12039,Gadsden County,2024-10-03,33,inperson,0,,0,0,0,0,1,fl-doe,2026-09-08T00:32:43+00:00
2024,FL,12039,Gadsden County,2024-10-03,33,mail,50,,38,11,0,1,1,fl-doe,2026-09-08T00:32:43+00:00
2024,FL,12039,Gadsden County,2024-10-04,32,inperson,0,,0,0,0,0,1,fl-doe,2026-09-08T00:32:43+00:00
2024,FL,12039,Gadsden County,2024-10-04,32,mail,90,,71,18,0,1,1,fl-doe,2026-09-08T00:32:43+00:00
2024,FL,12039,Gadsden County,2024-10-06,30,inperson,0,,0,0,0,0,1,fl-doe,2026-09-08T00:32:43+00:00
2024,FL,12039,Gadsden County,2024-10-06,30,mail,195,,154,32,3,6,1,fl-doe,2026-09-08T00:32:43+00:00
2024,FL,12039,Gadsden County,2024-10-07,29,inperson,0,,0,0,0,0,1,fl-doe,2026-09-08T00:32:43+00:00
2024,FL,12039,Gadsden County,2024-10-07,29,mail,195,,154,32,3,6,1,fl-doe,2026-09-08T00:32:43+00:00
2024,FL,12039,Gadsden County,2024-10-23,13,inperson,1885,,1126,627,21,111,1,fl-doe,2026-09-08T00:32:43+00:00
2024,FL,12039,Gadsden County,2024-10-23,13,mail,2509,,1939,389,23,158,1,fl-doe,2026-09-08T00:32:43+00:00
2024,FL,12039,Gadsden County,2024-10-28,8,inperson,5123,,3190,1520,62,351,1,fl-doe,2026-09-08T00:32:43+00:00
2024,FL,12039,Gadsden County,2024-10-28,8,mail,3101,,2382,496,25,198,1,fl-doe,2026-09-08T00:32:43+00:00
2024,FL,12039,Gadsden County,2024-10-29,7,inperson,5854,,3650,1732,68,404,1,fl-doe,2026-09-08T00:32:43+00:00
2024,FL,12039,Gadsden County,2024-10-29,7,mail,3270,,2518,516,25,211,1,fl-doe,2026-09-08T00:32:43+00:00
2024,FL,12039,Gadsden County,2024-10-31,5,inperson,7113,,4457,2063,85,508,1,fl-doe,2026-09-08T00:32:43+00:00
2024,FL,12039,Gadsden County,2024-10-31,5,mail,3558,,2729,566,26,237,1,fl-doe,2026-09-08T00:32:43+00:00
2024,FL,12039,Gadsden County,2024-11-01,4,inperson,7741,,4873,2216,94,558,1,fl-doe,2026-09-08T00:32:43+00:00
2024,FL,12039,Gadsden County,2024-11-01,4,mail,3696,,2824,592,28,252,1,fl-doe,2026-09-08T00:32:43+00:00
2024,FL,12039,Gadsden County,2024-11-03,2,inperson,9192,,5795,2570,108,719,1,fl-doe,2026-09-08T00:32:43+00:00
2024,FL,12039,Gadsden County,2024-11-03,2,mail,3903,,2980,621,30,272,1,fl-doe,2026-09-08T00:32:43+00:00
2024,FL,12039,Gadsden County,2024-11-04,1,inperson,10162,,6520,2725,116,801,1,fl-doe,2026-09-08T00:32:43+00:00
2024,FL,12039,Gadsden County,2024-11-04,1,mail,3955,,3023,622,31,279,1,fl-doe,2026-09-08T00:32:43+00:00
2024,FL,12039,Gadsden County,2024-11-05,0,inperson,10162,,6520,2725,116,801,1,fl-doe,2026-09-08T00:32:43+00:00
2024,FL,12039,Gadsden County,2024-11-05,0,mail,4039,,3089,629,31,290,1,fl-doe,2026-09-08T00:32:43+00:00
2024,FL,12039,Gadsden County,2024-11-06,-1,inperson,10162,,6520,2725,116,801,1,fl-doe,2026-09-08T00:32:43+00:00
2024,FL,12039,Gadsden County,2024-11-06,-1,mail,4159,,3186,640,31,302,1,fl-doe,2026-09-08T00:32:43+00:00
2024,FL,12039,Gadsden County,2024-11-07,-2,inperson,10162,,6520,2725,116,801,1,fl-doe,2026-09-08T00:32:43+00:00
2024,FL,12039,Gadsden County,2024-11-07,-2,mail,4161,,3188,640,31,302,1,fl-doe,2026-09-08T00:32:43+00:00
2024,FL,12039,Gadsden County,2024-11-08,-3,inperson,10162,,6520,2725,116,801,1,fl-doe,2026-09-08T00:32:43+00:00
2024,FL,12039,Gadsden County,2024-11-08,-3,mail,4161,,3188,640,31,302,1,fl-doe,2026-09-08T00:32:43+00:00
2024,FL,12039,Gadsden County,2024-11-09,-4,inperson,10162,,6520,2725,116,801,1,fl-doe,2026-09-08T00:32:43+00:00
2024,FL,12039,Gadsden County,2024-11-09,-4,mail,4169,,3196,640,31,302,1,fl-doe,2026-09-08T00:32:43+00:00
2024,FL,12039,Gadsden County,2024-11-12,-7,inperson,10162,,6520,2725,116,801,1,fl-doe,2026-09-08T00:32:43+00:00
2024,FL,12039,Gadsden County,2024-11-12,-7,mail,4169,,3196,640,31,302,1,fl-doe,2026-09-08T00:32:43+00:00
2024,FL,12039,Gadsden County,2024-11-13,-8,inperson,10162,,6520,2725,116,801,1,fl-doe,2026-09-08T00:32:43+00:00
2024,FL,12039,Gadsden County,2024-11-13,-8,mail,4169,,3196,640,31,302,1,fl-doe,2026-09-08T00:32:43+00:00
2024,FL,12039,Gadsden County,2024-11-14,-9,inperson,10162,,6520,2725,116,801,1,fl-doe,2026-09-08T00:32:43+00:00
2024,FL,12039,Gadsden County,2024-11-14,-9,mail,4172,,3197,642,31,302,1,fl-doe,2026-09-08T00:32:43+00:00
2024,FL,12039,Gadsden County,2024-11-17,-12,inperson,10162,,6520,2725,116,801,1,fl-doe,2026-09-08T00:32:43+00:00
2024,FL,12039,Gadsden County,2024-11-17,-12,mail,4172,,3197,642,31,302,1,fl-doe,2026-09-08T00:32:43+00:00
2024,FL,12039,Gadsden County,2024-11-18,-13,inperson,10162,,6520,2725,116,801,1,fl-doe,2026-09-08T00:32:43+00:00
2024,FL,12039,Gadsden County,2024-11-18,-13,mail,4172,,3197,642,31,302,1,fl-doe,2026-09-08T00:32:43+00:00
2024,FL,12039,Gadsden County,2024-11-20,-15,inperson,10162,,6520,2725,116,801,1,fl-doe,2026-09-08T00:32:43+00:00
2024,FL,12039,Gadsden County,2024-11-20,-15,mail,4172,,3197,642,31,302,1,fl-doe,2026-09-08T00:32:43+00:00
2024,FL,12041,Gilchrist County,2024-09-20,46,inperson,0,,0,0,0,0,1,fl-doe,2026-09-08T00:32:43+00:00
2024,FL,12041,Gilchrist County,2024-09-20,46,mail,0,,0,0,0,0,1,fl-doe,2026-09-08T00:32:43+00:00
2024,FL,12041,Gilchrist County,2024-09-24,42,inperson,0,,0,0,0,0,1,fl-doe,2026-09-08T00:32:43+00:00
2024,FL,12041,Gilchrist County,2024-09-24,42,mail,0,,0,0,0,0,1,fl-doe,2026-09-08T00:32:43+00:00
2024,FL,12041,Gilchrist County,2024-09-26,40,inperson,0,,0,0,0,0,1,fl-doe,2026-09-08T00:32:43+00:00
2024,FL,12041,Gilchrist County,2024-09-26,40,mail,0,,0,0,0,0,1,fl-doe,2026-09-08T00:32:43+00:00
2024,FL,12041,Gilchrist County,2024-09-29,37,inperson,0,,0,0,0,0,1,fl-doe,2026-09-08T00:32:43+00:00
2024,FL,12041,Gilchrist County,2024-09-29,37,mail,0,,0,0,0,0,1,fl-doe,2026-09-08T00:32:43+00:00
2024,FL,12041,Gilchrist County,2024-09-30,36,inperson,0,,0,0,0,0,1,fl-doe,2026-09-08T00:32:43+00:00
2024,FL,12041,Gilchrist County,2024-09-30,36,mail,0,,0,0,0,0,1,fl-doe,2026-09-08T00:32:43+00:00
2024,FL,12041,Gilchrist County,2024-10-01,35,inperson,0,,0,0,0,0,1,fl-doe,2026-09-08T00:32:43+00:00
2024,FL,12041,Gilchrist County,2024-10-01,35,mail,0,,0,0,0,0,1,fl-doe,2026-09-08T00:32:43+00:00
2024,FL,12041,Gilchrist County,2024-10-02,34,inperson,0,,0,0,0,0,1,fl-doe,2026-09-08T00:32:43+00:00
2024,FL,12041,Gilchrist County,2024-10-02,34,mail,0,,0,0,0,0,1,fl-doe,2026-09-08T00:32:43+00:00
2024,FL,12041,Gilchrist County,2024-10-03,33,inperson,0,,0,0,0,0,1,fl-doe,2026-09-08T00:32:43+00:00
2024,FL,12041,Gilchrist County,2024-10-03,33,mail,3,,0,3,0,0,1,fl-doe,2026-09-08T00:32:43+00:00
2024,FL,12041,Gilchrist County,2024-10-04,32,inperson,0,,0,0,0,0,1,fl-doe,2026-09-08T00:32:43+00:00
2024,FL,12041,Gilchrist County,2024-10-04,32,mail,4,,0,3,0,1,1,fl-doe,2026-09-08T00:32:43+00:00
2024,FL,12041,Gilchrist County,2024-10-06,30,inperson,0,,0,0,0,0,1,fl-doe,2026-09-08T00:32:43+00:00
2024,FL,12041,Gilchrist County,2024-10-06,30,mail,17,,1,14,0,2,1,fl-doe,2026-09-08T00:32:43+00:00
2024,FL,12041,Gilchrist County,2024-10-07,29,inperson,0,,0,0,0,0,1,fl-doe,2026-09-08T00:32:43+00:00
2024,FL,12041,Gilchrist County,2024-10-07,29,mail,17,,1,14,0,2,1,fl-doe,2026-09-08T00:32:43+00:00
2024,FL,12041,Gilchrist County,2024-10-23,13,inperson,0,,0,0,0,0,1,fl-doe,2026-09-08T00:32:43+00:00
2024,FL,12041,Gilchrist County,2024-10-23,13,mail,950,,256,603,13,78,1,fl-doe,2026-09-08T00:32:43+00:00
2024,FL,12041,Gilchrist County,2024-10-28,8,inperson,2140,,213,1706,33,188,1,fl-doe,2026-09-08T00:32:43+00:00
2024,FL,12041,Gilchrist County,2024-10-28,8,mail,1304,,351,814,18,121,1,fl-doe,2026-09-08T00:32:43+00:00
2024,FL,12041,Gilchrist County,2024-10-29,7,inperson,2640,,265,2096,43,236,1,fl-doe,2026-09-08T00:32:43+00:00
2024,FL,12041,Gilchrist County,2024-10-29,7,mail,1399,,363,880,22,134,1,fl-doe,2026-09-08T00:32:43+00:00
2024,FL,12041,Gilchrist County,2024-10-31,5,inperson,3478,,364,2718,58,338,1,fl-doe,2026-09-08T00:32:43+00:00
2024,FL,12041,Gilchrist County,2024-10-31,5,mail,1524,,388,957,23,156,1,fl-doe,2026-09-08T00:32:43+00:00
2024,FL,12041,Gilchrist County,2024-11-01,4,inperson,3818,,404,2952,71,391,1,fl-doe,2026-09-08T00:32:43+00:00
2024,FL,12041,Gilchrist County,2024-11-01,4,mail,1574,,400,987,24,163,1,fl-doe,2026-09-08T00:32:43+00:00
2024,FL,12041,Gilchrist County,2024-11-03,2,inperson,4718,,500,3629,99,490,1,fl-doe,2026-09-08T00:32:43+00:00
2024,FL,12041,Gilchrist County,2024-11-03,2,mail,1690,,425,1069,26,170,1,fl-doe,2026-09-08T00:32:43+00:00
2024,FL,12041,Gilchrist County,2024-11-04,1,inperson,4718,,500,3629,99,490,1,fl-doe,2026-09-08T00:32:43+00:00
2024,FL,12041,Gilchrist County,2024-11-04,1,mail,1690,,425,1069,26,170,1,fl-doe,2026-09-08T00:32:43+00:00
2024,FL,12041,Gilchrist County,2024-11-05,0,inperson,4718,,500,3629,99,490,1,fl-doe,2026-09-08T00:32:43+00:00
2024,FL,12041,Gilchrist County,2024-11-05,0,mail,1752,,442,1105,27,178,1,fl-doe,2026-09-08T00:32:43+00:00
2024,FL,12041,Gilchrist County,2024-11-06,-1,inperson,4718,,500,3629,99,490,1,fl-doe,2026-09-08T00:32:43+00:00
2024,FL,12041,Gilchrist County,2024-11-06,-1,mail,1805,,452,1137,29,187,1,fl-doe,2026-09-08T00:32:43+00:00
2024,FL,12041,Gilchrist County,2024-11-07,-2,inperson,4718,,500,3629,99,490,1,fl-doe,2026-09-08T00:32:43+00:00
2024,FL,12041,Gilchrist County,2024-11-07,-2,mail,1805,,452,1137,29,187,1,fl-doe,2026-09-08T00:32:43+00:00
2024,FL,12041,Gilchrist County,2024-11-08,-3,inperson,4718,,500,3629,99,490,1,fl-doe,2026-09-08T00:32:43+00:00
2024,FL,12041,Gilchrist County,2024-11-08,-3,mail,1807,,452,1138,29,188,1,fl-doe,2026-09-08T00:32:43+00:00
2024,FL,12041,Gilchrist County,2024-11-09,-4,inperson,4718,,500,3629,99,490,1,fl-doe,2026-09-08T00:32:43+00:00
2024,FL,12041,Gilchrist County,2024-11-09,-4,mail,1807,,452,1138,29,188,1,fl-doe,2026-09-08T00:32:43+00:00
2024,FL,12041,Gilchrist County,2024-11-12,-7,inperson,4718,,500,3629,99,490,1,fl-doe,2026-09-08T00:32:43+00:00
2024,FL,12041,Gilchrist County,2024-11-12,-7,mail,1807,,452,1138,29,188,1,fl-doe,2026-09-08T00:32:43+00:00
2024,FL,12041,Gilchrist County,2024-11-13,-8,inperson,4718,,500,3629,99,490,1,fl-doe,2026-09-08T00:32:43+00:00
2024,FL,12041,Gilchrist County,2024-11-13,-8,mail,1807,,452,1138,29,188,1,fl-doe,2026-09-08T00:32:43+00:00
2024,FL,12041,Gilchrist County,2024-11-14,-9,inperson,4718,,500,3629,99,490,1,fl-doe,2026-09-08T00:32:43+00:00
2024,FL,12041,Gilchrist County,2024-11-14,-9,mail,1807,,452,1138,29,188,1,fl-doe,2026-09-08T00:32:43+00:00
2024,FL,12041,Gilchrist County,2024-11-17,-12,inperson,4718,,500,3629,99,490,1,fl-doe,2026-09-08T00:32:43+00:00
2024,FL,12041,Gilchrist County,2024-11-17,-12,mail,1807,,452,1138,29,188,1,fl-doe,2026-09-08T00:32:43+00:00
2024,FL,12041,Gilchrist County,2024-11-18,-13,inperson,4718,,500,3629,99,490,1,fl-doe,2026-09-08T00:32:43+00:00
2024,FL,12041,Gilchrist County,2024-11-18,-13,mail,1807,,452,1138,29,188,1,fl-doe,2026-09-08T00:32:43+00:00
2024,FL,12041,Gilchrist County,2024-11-20,-15,inperson,4718,,500,3629,99,490,1,fl-doe,2026-09-08T00:32:43+00:00
2024,FL,12041,Gilchrist County,2024-11-20,-15,mail,1807,,452,1138,29,188,1,fl-doe,2026-09-08T00:32:43+00:00
2024,FL,12043,Glades County,2024-09-24,42,inperson,0,,0,0,0,0,1,fl-doe,2026-09-08T00:32:43+00:00
2024,FL,12043,Glades County,2024-09-24,42,mail,0,,0,0,0,0,1,fl-doe,2026-09-08T00:32:43+00:00
2024,FL,12043,Glades County,2024-09-26,40,inperson,0,,0,0,0,0,1,fl-doe,2026-09-08T00:32:43+00:00
2024,FL,12043,Glades County,2024-09-26,40,mail,0,,0,0,0,0,1,fl-doe,2026-09-08T00:32:43+00:00
2024,FL,12043,Glades County,2024-09-29,37,inperson,0,,0,0,0,0,1,fl-doe,2026-09-08T00:32:43+00:00
2024,FL,12043,Glades County,2024-09-29,37,mail,0,,0,0,0,0,1,fl-doe,2026-09-08T00:32:43+00:00
2024,FL,12043,Glades County,2024-09-30,36,inperson,0,,0,0,0,0,1,fl-doe,2026-09-08T00:32:43+00:00
2024,FL,12043,Glades County,2024-09-30,36,mail,0,,0,0,0,0,1,fl-doe,2026-09-08T00:32:43+00:00
2024,FL,12043,Glades County,2024-10-01,35,inperson,0,,0,0,0,0,1,fl-doe,2026-09-08T00:32:43+00:00
2024,FL,12043,Glades County,2024-10-01,35,mail,3,,2,1,0,0,1,fl-doe,2026-09-08T00:32:43+00:00
2024,FL,12043,Glades County,2024-10-02,34,inperson,0,,0,0,0,0,1,fl-doe,2026-09-08T00:32:43+00:00
2024,FL,12043,Glades County,2024-10-02,34,mail,10,,5,5,0,0,1,fl-doe,2026-09-08T00:32:43+00:00
2024,FL,12043,Glades County,2024-10-03,33,inperson,0,,0,0,0,0,1,fl-doe,2026-09-08T00:32:43+00:00
2024,FL,12043,Glades County,2024-10-03,33,mail,32,,16,15,0,1,1,fl-doe,2026-09-08T00:32:43+00:00
2024,FL,12043,Glades County,2024-10-04,32,inperson,0,,0,0,0,0,1,fl-doe,2026-09-08T00:32:43+00:00
2024,FL,12043,Glades County,2024-10-04,32,mail,32,,16,15,0,1,1,fl-doe,2026-09-08T00:32:43+00:00
2024,FL,12043,Glades County,2024-10-06,30,inperson,0,,0,0,0,0,1,fl-doe,2026-09-08T00:32:43+00:00
2024,FL,12043,Glades County,2024-10-06,30,mail,32,,16,15,0,1,1,fl-doe,2026-09-08T00:32:43+00:00
2024,FL,12043,Glades County,2024-10-07,29,inperson,0,,0,0,0,0,1,fl-doe,2026-09-08T00:32:43+00:00
2024,FL,12043,Glades County,2024-10-07,29,mail,131,,44,68,4,15,1,fl-doe,2026-09-08T00:32:43+00:00
2024,FL,12043,Glades County,2024-10-23,13,inperson,0,,0,0,0,0,1,fl-doe,2026-09-08T00:32:43+00:00
2024,FL,12043,Glades County,2024-10-23,13,mail,649,,183,370,22,74,1,fl-doe,2026-09-08T00:32:43+00:00
2024,FL,12043,Glades County,2024-10-28,8,inperson,487,,62,349,5,71,1,fl-doe,2026-09-08T00:32:43+00:00
2024,FL,12043,Glades County,2024-10-28,8,mail,835,,242,464,25,104,1,fl-doe,2026-09-08T00:32:43+00:00
2024,FL,12043,Glades County,2024-10-29,7,inperson,730,,87,530,11,102,1,fl-doe,2026-09-08T00:32:43+00:00
2024,FL,12043,Glades County,2024-10-29,7,mail,873,,249,489,27,108,1,fl-doe,2026-09-08T00:32:43+00:00
2024,FL,12043,Glades County,2024-10-31,5,inperson,1088,,151,783,16,138,1,fl-doe,2026-09-08T00:32:43+00:00
2024,FL,12043,Glades County,2024-10-31,5,mail,945,,268,531,28,118,1,fl-doe,2026-09-08T00:32:43+00:00
2024,FL,12043,Glades County,2024-11-01,4,inperson,1223,,168,869,19,167,1,fl-doe,2026-09-08T00:32:43+00:00
2024,FL,12043,Glades County,2024-11-01,4,mail,965,,274,544,28,119,1,fl-doe,2026-09-08T00:32:43+00:00
2024,FL,12043,Glades County,2024-11-03,2,inperson,1612,,240,1116,24,232,1,fl-doe,2026-09-08T00:32:43+00:00
2024,FL,12043,Glades County,2024-11-03,2,mail,1027,,292,580,30,125,1,fl-doe,2026-09-08T00:32:43+00:00
2024,FL,12043,Glades County,2024-11-04,1,inperson,1612,,240,1116,24,232,1,fl-doe,2026-09-08T00:32:43+00:00
2024,FL,12043,Glades County,2024-11-04,1,mail,1027,,292,580,30,125,1,fl-doe,2026-09-08T00:32:43+00:00
2024,FL,12043,Glades County,2024-11-05,0,inperson,1612,,240,1116,24,232,1,fl-doe,2026-09-08T00:32:43+00:00
2024,FL,12043,Glades County,2024-11-05,0,mail,1063,,300,599,31,133,1,fl-doe,2026-09-08T00:32:43+00:00
2024,FL,12043,Glades County,2024-11-06,-1,inperson,1612,,240,1116,24,232,1,fl-doe,2026-09-08T00:32:43+00:00
2024,FL,12043,Glades County,2024-11-06,-1,mail,1084,,310,609,31,134,1,fl-doe,2026-09-08T00:32:43+00:00
2024,FL,12043,Glades County,2024-11-07,-2,inperson,1612,,240,1116,24,232,1,fl-doe,2026-09-08T00:32:43+00:00
2024,FL,12043,Glades County,2024-11-07,-2,mail,1084,,310,609,31,134,1,fl-doe,2026-09-08T00:32:43+00:00
2024,FL,12043,Glades County,2024-11-08,-3,inperson,1612,,240,1116,24,232,1,fl-doe,2026-09-08T00:32:43+00:00
2024,FL,12043,Glades County,2024-11-08,-3,mail,1084,,310,609,31,134,1,fl-doe,2026-09-08T00:32:43+00:00
2024,FL,12043,Glades County,2024-11-09,-4,inperson,1612,,240,1116,24,232,1,fl-doe,2026-09-08T00:32:43+00:00
2024,FL,12043,Glades County,2024-11-09,-4,mail,1086,,311,610,31,134,1,fl-doe,2026-09-08T00:32:43+00:00
2024,FL,12043,Glades County,2024-11-12,-7,inperson,1612,,240,1116,24,232,1,fl-doe,2026-09-08T00:32:43+00:00
2024,FL,12043,Glades County,2024-11-12,-7,mail,1086,,311,610,31,134,1,fl-doe,2026-09-08T00:32:43+00:00
2024,FL,12043,Glades County,2024-11-13,-8,inperson,1612,,240,1116,24,232,1,fl-doe,2026-09-08T00:32:43+00:00
2024,FL,12043,Glades County,2024-11-13,-8,mail,1086,,311,610,31,134,1,fl-doe,2026-09-08T00:32:43+00:00
2024,FL,12043,Glades County,2024-11-14,-9,inperson,1612,,240,1116,24,232,1,fl-doe,2026-09-08T00:32:43+00:00
2024,FL,12043,Glades County,2024-11-14,-9,mail,1086,,311,610,31,134,1,fl-doe,2026-09-08T00:32:43+00:00
2024,FL,12043,Glades County,2024-11-17,-12,inperson,1612,,240,1116,24,232,1,fl-doe,2026-09-08T00:32:43+00:00
2024,FL,12043,Glades County,2024-11-17,-12,mail,1086,,311,610,31,134,1,fl-doe,2026-09-08T00:32:43+00:00
2024,FL,12043,Glades County,2024-11-18,-13,inperson,1612,,240,1116,24,232,1,fl-doe,2026-09-08T00:32:43+00:00
2024,FL,12043,Glades County,2024-11-18,-13,mail,1086,,311,610,31,134,1,fl-doe,2026-09-08T00:32:43+00:00
2024,FL,12043,Glades County,2024-11-20,-15,inperson,1612,,240,1116,24,232,1,fl-doe,2026-09-08T00:32:43+00:00
2024,FL,12043,Glades County,2024-11-20,-15,mail,1086,,311,610,31,134,1,fl-doe,2026-09-08T00:32:43+00:00
2024,FL,12045,Gulf County,2024-09-20,46,inperson,0,,0,0,0,0,1,fl-doe,2026-09-08T00:32:43+00:00
2024,FL,12045,Gulf County,2024-09-20,46,mail,0,,0,0,0,0,1,fl-doe,2026-09-08T00:32:43+00:00
2024,FL,12045,Gulf County,2024-09-24,42,inperson,0,,0,0,0,0,1,fl-doe,2026-09-08T00:32:43+00:00
2024,FL,12045,Gulf County,2024-09-24,42,mail,0,,0,0,0,0,1,fl-doe,2026-09-08T00:32:43+00:00
2024,FL,12045,Gulf County,2024-09-26,40,inperson,0,,0,0,0,0,1,fl-doe,2026-09-08T00:32:43+00:00
2024,FL,12045,Gulf County,2024-09-26,40,mail,0,,0,0,0,0,1,fl-doe,2026-09-08T00:32:43+00:00
2024,FL,12045,Gulf County,2024-09-29,37,inperson,0,,0,0,0,0,1,fl-doe,2026-09-08T00:32:43+00:00
2024,FL,12045,Gulf County,2024-09-29,37,mail,0,,0,0,0,0,1,fl-doe,2026-09-08T00:32:43+00:00
2024,FL,12045,Gulf County,2024-09-30,36,inperson,0,,0,0,0,0,1,fl-doe,2026-09-08T00:32:43+00:00
2024,FL,12045,Gulf County,2024-09-30,36,mail,0,,0,0,0,0,1,fl-doe,2026-09-08T00:32:43+00:00
2024,FL,12045,Gulf County,2024-10-01,35,inperson,0,,0,0,0,0,1,fl-doe,2026-09-08T00:32:43+00:00
2024,FL,12045,Gulf County,2024-10-01,35,mail,3,,0,3,0,0,1,fl-doe,2026-09-08T00:32:43+00:00
2024,FL,12045,Gulf County,2024-10-02,34,inperson,0,,0,0,0,0,1,fl-doe,2026-09-08T00:32:43+00:00
2024,FL,12045,Gulf County,2024-10-02,34,mail,5,,0,5,0,0,1,fl-doe,2026-09-08T00:32:43+00:00
2024,FL,12045,Gulf County,2024-10-03,33,inperson,0,,0,0,0,0,1,fl-doe,2026-09-08T00:32:43+00:00
2024,FL,12045,Gulf County,2024-10-03,33,mail,5,,0,5,0,0,1,fl-doe,2026-09-08T00:32:43+00:00
2024,FL,12045,Gulf County,2024-10-04,32,inperson,0,,0,0,0,0,1,fl-doe,2026-09-08T00:32:43+00:00
2024,FL,12045,Gulf County,2024-10-04,32,mail,5,,0,5,0,0,1,fl-doe,2026-09-08T00:32:43+00:00
2024,FL,12045,Gulf County,2024-10-06,30,inperson,0,,0,0,0,0,1,fl-doe,2026-09-08T00:32:43+00:00
2024,FL,12045,Gulf County,2024-10-06,30,mail,6,,0,6,0,0,1,fl-doe,2026-09-08T00:32:43+00:00
2024,FL,12045,Gulf County,2024-10-07,29,inperson,0,,0,0,0,0,1,fl-doe,2026-09-08T00:32:43+00:00
2024,FL,12045,Gulf County,2024-10-07,29,mail,6,,0,6,0,0,1,fl-doe,2026-09-08T00:32:43+00:00
2024,FL,12045,Gulf County,2024-10-23,13,inperson,0,,0,0,0,0,1,fl-doe,2026-09-08T00:32:43+00:00
2024,FL,12045,Gulf County,2024-10-23,13,mail,887,,299,483,19,86,1,fl-doe,2026-09-08T00:32:43+00:00
2024,FL,12045,Gulf County,2024-10-28,8,inperson,1554,,243,1196,29,86,1,fl-doe,2026-09-08T00:32:43+00:00
2024,FL,12045,Gulf County,2024-10-28,8,mail,1071,,361,578,22,110,1,fl-doe,2026-09-08T00:32:43+00:00
2024,FL,12045,Gulf County,2024-10-29,7,inperson,2550,,404,1914,52,180,1,fl-doe,2026-09-08T00:32:43+00:00
2024,FL,12045,Gulf County,2024-10-29,7,mail,1099,,366,599,22,112,1,fl-doe,2026-09-08T00:32:43+00:00
2024,FL,12045,Gulf County,2024-10-31,5,inperson,3930,,670,2852,86,322,1,fl-doe,2026-09-08T00:32:43+00:00
2024,FL,12045,Gulf County,2024-10-31,5,mail,1277,,414,700,28,135,1,fl-doe,2026-09-08T00:32:43+00:00
2024,FL,12045,Gulf County,2024-11-01,4,inperson,4362,,762,3134,101,365,1,fl-doe,2026-09-08T00:32:43+00:00
2024,FL,12045,Gulf County,2024-11-01,4,mail,1318,,432,718,29,139,1,fl-doe,2026-09-08T00:32:43+00:00
2024,FL,12045,Gulf County,2024-11-03,2,inperson,5211,,925,3693,129,464,1,fl-doe,2026-09-08T00:32:43+00:00
2024,FL,12045,Gulf County,2024-11-03,2,mail,1421,,463,777,33,148,1,fl-doe,2026-09-08T00:32:43+00:00
2024,FL,12045,Gulf County,2024-11-04,1,inperson,5211,,925,3693,129,464,1,fl-doe,2026-09-08T00:32:43+00:00
2024,FL,12045,Gulf County,2024-11-04,1,mail,1421,,463,777,33,148,1,fl-doe,2026-09-08T00:32:43+00:00
2024,FL,12045,Gulf County,2024-11-05,0,inperson,5211,,925,3693,129,464,1,fl-doe,2026-09-08T00:32:43+00:00
2024,FL,12045,Gulf County,2024-11-05,0,mail,1430,,466,782,33,149,1,fl-doe,2026-09-08T00:32:43+00:00
2024,FL,12045,Gulf County,2024-11-06,-1,inperson,5211,,925,3693,129,464,1,fl-doe,2026-09-08T00:32:43+00:00
2024,FL,12045,Gulf County,2024-11-06,-1,mail,1498,,486,819,34,159,1,fl-doe,2026-09-08T00:32:43+00:00
2024,FL,12045,Gulf County,2024-11-07,-2,inperson,5211,,925,3693,129,464,1,fl-doe,2026-09-08T00:32:43+00:00
2024,FL,12045,Gulf County,2024-11-07,-2,mail,1498,,486,819,34,159,1,fl-doe,2026-09-08T00:32:43+00:00
2024,FL,12045,Gulf County,2024-11-08,-3,inperson,5211,,925,3693,129,464,1,fl-doe,2026-09-08T00:32:43+00:00
2024,FL,12045,Gulf County,2024-11-08,-3,mail,1498,,486,819,34,159,1,fl-doe,2026-09-08T00:32:43+00:00
2024,FL,12045,Gulf County,2024-11-09,-4,inperson,5211,,925,3693,129,464,1,fl-doe,2026-09-08T00:32:43+00:00
2024,FL,12045,Gulf County,2024-11-09,-4,mail,1498,,486,819,34,159,1,fl-doe,2026-09-08T00:32:43+00:00
2024,FL,12045,Gulf County,2024-11-12,-7,inperson,5211,,925,3693,129,464,1,fl-doe,2026-09-08T00:32:43+00:00
2024,FL,12045,Gulf County,2024-11-12,-7,mail,1498,,486,819,34,159,1,fl-doe,2026-09-08T00:32:43+00:00
2024,FL,12045,Gulf County,2024-11-13,-8,inperson,5211,,925,3693,129,464,1,fl-doe,2026-09-08T00:32:43+00:00
2024,FL,12045,Gulf County,2024-11-13,-8,mail,1498,,486,819,34,159,1,fl-doe,2026-09-08T00:32:43+00:00
2024,FL,12045,Gulf County,2024-11-14,-9,inperson,5211,,925,3693,129,464,1,fl-doe,2026-09-08T00:32:43+00:00
2024,FL,12045,Gulf County,2024-11-14,-9,mail,1498,,486,819,34,159,1,fl-doe,2026-09-08T00:32:43+00:00
2024,FL,12045,Gulf County,2024-11-17,-12,inperson,5211,,925,3693,129,464,1,fl-doe,2026-09-08T00:32:43+00:00
2024,FL,12045,Gulf County,2024-11-17,-12,mail,1498,,486,819,34,159,1,fl-doe,2026-09-08T00:32:43+00:00
2024,FL,12045,Gulf County,2024-11-18,-13,inperson,5211,,925,3693,129,464,1,fl-doe,2026-09-08T00:32:43+00:00
2024,FL,12045,Gulf County,2024-11-18,-13,mail,1498,,486,819,34,159,1,fl-doe,2026-09-08T00:32:43+00:00
2024,FL,12045,Gulf County,2024-11-20,-15,inperson,5211,,925,3693,129,464,1,fl-doe,2026-09-08T00:32:43+00:00
2024,FL,12045,Gulf County,2024-11-20,-15,mail,1498,,486,819,34,159,1,fl-doe,2026-09-08T00:32:43+00:00
2024,FL,12047,Hamilton County,2024-09-20,46,inperson,0,,0,0,0,0,1,fl-doe,2026-09-08T00:32:43+00:00
2024,FL,12047,Hamilton County,2024-09-20,46,mail,0,,0,0,0,0,1,fl-doe,2026-09-08T00:32:43+00:00
2024,FL,12047,Hamilton County,2024-09-24,42,inperson,0,,0,0,0,0,1,fl-doe,2026-09-08T00:32:43+00:00
2024,FL,12047,Hamilton County,2024-09-24,42,mail,0,,0,0,0,0,1,fl-doe,2026-09-08T00:32:43+00:00
2024,FL,12047,Hamilton County,2024-09-26,40,inperson,0,,0,0,0,0,1,fl-doe,2026-09-08T00:32:43+00:00
2024,FL,12047,Hamilton County,2024-09-26,40,mail,0,,0,0,0,0,1,fl-doe,2026-09-08T00:32:43+00:00
2024,FL,12047,Hamilton County,2024-09-29,37,inperson,0,,0,0,0,0,1,fl-doe,2026-09-08T00:32:43+00:00
2024,FL,12047,Hamilton County,2024-09-29,37,mail,0,,0,0,0,0,1,fl-doe,2026-09-08T00:32:43+00:00
2024,FL,12047,Hamilton County,2024-09-30,36,inperson,0,,0,0,0,0,1,fl-doe,2026-09-08T00:32:43+00:00
2024,FL,12047,Hamilton County,2024-09-30,36,mail,0,,0,0,0,0,1,fl-doe,2026-09-08T00:32:43+00:00
2024,FL,12047,Hamilton County,2024-10-01,35,inperson,0,,0,0,0,0,1,fl-doe,2026-09-08T00:32:43+00:00
2024,FL,12047,Hamilton County,2024-10-01,35,mail,0,,0,0,0,0,1,fl-doe,2026-09-08T00:32:43+00:00
2024,FL,12047,Hamilton County,2024-10-02,34,inperson,0,,0,0,0,0,1,fl-doe,2026-09-08T00:32:43+00:00
2024,FL,12047,Hamilton County,2024-10-02,34,mail,0,,0,0,0,0,1,fl-doe,2026-09-08T00:32:43+00:00
2024,FL,12047,Hamilton County,2024-10-03,33,inperson,0,,0,0,0,0,1,fl-doe,2026-09-08T00:32:43+00:00
2024,FL,12047,Hamilton County,2024-10-03,33,mail,0,,0,0,0,0,1,fl-doe,2026-09-08T00:32:43+00:00
2024,FL,12047,Hamilton County,2024-10-04,32,inperson,0,,0,0,0,0,1,fl-doe,2026-09-08T00:32:43+00:00
2024,FL,12047,Hamilton County,2024-10-04,32,mail,3,,0,1,1,1,1,fl-doe,2026-09-08T00:32:43+00:00
2024,FL,12047,Hamilton County,2024-10-06,30,inperson,0,,0,0,0,0,1,fl-doe,2026-09-08T00:32:43+00:00
2024,FL,12047,Hamilton County,2024-10-06,30,mail,7,,4,1,1,1,1,fl-doe,2026-09-08T00:32:43+00:00
2024,FL,12047,Hamilton County,2024-10-07,29,inperson,0,,0,0,0,0,1,fl-doe,2026-09-08T00:32:43+00:00
2024,FL,12047,Hamilton County,2024-10-07,29,mail,7,,4,1,1,1,1,fl-doe,2026-09-08T00:32:43+00:00
2024,FL,12047,Hamilton County,2024-10-23,13,inperson,0,,0,0,0,0,1,fl-doe,2026-09-08T00:32:43+00:00
2024,FL,12047,Hamilton County,2024-10-23,13,mail,621,,252,314,8,47,1,fl-doe,2026-09-08T00:32:43+00:00
2024,FL,12047,Hamilton County,2024-10-28,8,inperson,775,,168,547,9,51,1,fl-doe,2026-09-08T00:32:43+00:00
2024,FL,12047,Hamilton County,2024-10-28,8,mail,764,,315,388,9,52,1,fl-doe,2026-09-08T00:32:43+00:00
2024,FL,12047,Hamilton County,2024-10-29,7,inperson,1193,,306,789,16,82,1,fl-doe,2026-09-08T00:32:43+00:00
2024,FL,12047,Hamilton County,2024-10-29,7,mail,768,,316,390,9,53,1,fl-doe,2026-09-08T00:32:43+00:00
2024,FL,12047,Hamilton County,2024-10-31,5,inperson,1777,,465,1142,22,148,1,fl-doe,2026-09-08T00:32:43+00:00
2024,FL,12047,Hamilton County,2024-10-31,5,mail,897,,365,456,14,62,1,fl-doe,2026-09-08T00:32:43+00:00
2024,FL,12047,Hamilton County,2024-11-01,4,inperson,1985,,515,1275,26,169,1,fl-doe,2026-09-08T00:32:43+00:00
2024,FL,12047,Hamilton County,2024-11-01,4,mail,942,,389,476,14,63,1,fl-doe,2026-09-08T00:32:43+00:00
2024,FL,12047,Hamilton County,2024-11-03,2,inperson,2516,,668,1570,40,238,1,fl-doe,2026-09-08T00:32:43+00:00
2024,FL,12047,Hamilton County,2024-11-03,2,mail,999,,416,503,15,65,1,fl-doe,2026-09-08T00:32:43+00:00
2024,FL,12047,Hamilton County,2024-11-04,1,inperson,2516,,668,1570,40,238,1,fl-doe,2026-09-08T00:32:43+00:00
2024,FL,12047,Hamilton County,2024-11-04,1,mail,999,,416,503,15,65,1,fl-doe,2026-09-08T00:32:43+00:00
2024,FL,12047,Hamilton County,2024-11-05,0,inperson,2516,,668,1570,40,238,1,fl-doe,2026-09-08T00:32:43+00:00
2024,FL,12047,Hamilton County,2024-11-05,0,mail,1048,,442,524,15,67,1,fl-doe,2026-09-08T00:32:43+00:00
2024,FL,12047,Hamilton County,2024-11-06,-1,inperson,2516,,668,1570,40,238,1,fl-doe,2026-09-08T00:32:43+00:00
2024,FL,12047,Hamilton County,2024-11-06,-1,mail,1073,,455,532,15,71,1,fl-doe,2026-09-08T00:32:43+00:00
2024,FL,12047,Hamilton County,2024-11-07,-2,inperson,2516,,668,1570,40,238,1,fl-doe,2026-09-08T00:32:43+00:00
2024,FL,12047,Hamilton County,2024-11-07,-2,mail,1073,,455,532,15,71,1,fl-doe,2026-09-08T00:32:43+00:00
2024,FL,12047,Hamilton County,2024-11-08,-3,inperson,2516,,668,1570,40,238,1,fl-doe,2026-09-08T00:32:43+00:00
2024,FL,12047,Hamilton County,2024-11-08,-3,mail,1073,,455,532,15,71,1,fl-doe,2026-09-08T00:32:43+00:00
2024,FL,12047,Hamilton County,2024-11-09,-4,inperson,2516,,668,1570,40,238,1,fl-doe,2026-09-08T00:32:43+00:00
2024,FL,12047,Hamilton County,2024-11-09,-4,mail,1073,,455,532,15,71,1,fl-doe,2026-09-08T00:32:43+00:00
2024,FL,12047,Hamilton County,2024-11-12,-7,inperson,2516,,668,1570,40,238,1,fl-doe,2026-09-08T00:32:43+00:00
2024,FL,12047,Hamilton County,2024-11-12,-7,mail,1073,,455,532,15,71,1,fl-doe,2026-09-08T00:32:43+00:00
2024,FL,12047,Hamilton County,2024-11-13,-8,inperson,2516,,668,1570,40,238,1,fl-doe,2026-09-08T00:32:43+00:00
2024,FL,12047,Hamilton County,2024-11-13,-8,mail,1073,,455,532,15,71,1,fl-doe,2026-09-08T00:32:43+00:00
2024,FL,12047,Hamilton County,2024-11-14,-9,inperson,2516,,668,1570,40,238,1,fl-doe,2026-09-08T00:32:43+00:00
2024,FL,12047,Hamilton County,2024-11-14,-9,mail,1073,,455,532,15,71,1,fl-doe,2026-09-08T00:32:43+00:00
2024,FL,12047,Hamilton County,2024-11-17,-12,inperson,2516,,668,1570,40,238,1,fl-doe,2026-09-08T00:32:43+00:00
2024,FL,12047,Hamilton County,2024-11-17,-12,mail,1074,,455,532,15,72,1,fl-doe,2026-09-08T00:32:43+00:00
2024,FL,12047,Hamilton County,2024-11-18,-13,inperson,2516,,668,1570,40,238,1,fl-doe,2026-09-08T00:32:43+00:00
2024,FL,12047,Hamilton County,2024-11-18,-13,mail,1074,,455,532,15,72,1,fl-doe,2026-09-08T00:32:43+00:00
2024,FL,12047,Hamilton County,2024-11-20,-15,inperson,2516,,668,1570,40,238,1,fl-doe,2026-09-08T00:32:43+00:00
2024,FL,12047,Hamilton County,2024-11-20,-15,mail,1074,,455,532,15,72,1,fl-doe,2026-09-08T00:32:43+00:00
2024,FL,12049,Hardee County,2024-09-20,46,inperson,0,,0,0,0,0,1,fl-doe,2026-09-08T00:32:43+00:00
2024,FL,12049,Hardee County,2024-09-20,46,mail,0,,0,0,0,0,1,fl-doe,2026-09-08T00:32:43+00:00
2024,FL,12049,Hardee County,2024-09-24,42,inperson,0,,0,0,0,0,1,fl-doe,2026-09-08T00:32:43+00:00
2024,FL,12049,Hardee County,2024-09-24,42,mail,0,,0,0,0,0,1,fl-doe,2026-09-08T00:32:43+00:00
2024,FL,12049,Hardee County,2024-09-26,40,inperson,0,,0,0,0,0,1,fl-doe,2026-09-08T00:32:43+00:00
2024,FL,12049,Hardee County,2024-09-26,40,mail,0,,0,0,0,0,1,fl-doe,2026-09-08T00:32:43+00:00
2024,FL,12049,Hardee County,2024-09-29,37,inperson,0,,0,0,0,0,1,fl-doe,2026-09-08T00:32:43+00:00
2024,FL,12049,Hardee County,2024-09-29,37,mail,0,,0,0,0,0,1,fl-doe,2026-09-08T00:32:43+00:00
2024,FL,12049,Hardee County,2024-09-30,36,inperson,0,,0,0,0,0,1,fl-doe,2026-09-08T00:32:43+00:00
2024,FL,12049,Hardee County,2024-09-30,36,mail,0,,0,0,0,0,1,fl-doe,2026-09-08T00:32:43+00:00
2024,FL,12049,Hardee County,2024-10-01,35,inperson,0,,0,0,0,0,1,fl-doe,2026-09-08T00:32:43+00:00
2024,FL,12049,Hardee County,2024-10-01,35,mail,0,,0,0,0,0,1,fl-doe,2026-09-08T00:32:43+00:00
2024,FL,12049,Hardee County,2024-10-02,34,inperson,0,,0,0,0,0,1,fl-doe,2026-09-08T00:32:43+00:00
2024,FL,12049,Hardee County,2024-10-02,34,mail,0,,0,0,0,0,1,fl-doe,2026-09-08T00:32:43+00:00
2024,FL,12049,Hardee County,2024-10-03,33,inperson,0,,0,0,0,0,1,fl-doe,2026-09-08T00:32:43+00:00
2024,FL,12049,Hardee County,2024-10-03,33,mail,12,,3,5,0,4,1,fl-doe,2026-09-08T00:32:43+00:00
2024,FL,12049,Hardee County,2024-10-04,32,inperson,0,,0,0,0,0,1,fl-doe,2026-09-08T00:32:43+00:00
2024,FL,12049,Hardee County,2024-10-04,32,mail,31,,8,15,0,8,1,fl-doe,2026-09-08T00:32:43+00:00
2024,FL,12049,Hardee County,2024-10-06,30,inperson,0,,0,0,0,0,1,fl-doe,2026-09-08T00:32:43+00:00
2024,FL,12049,Hardee County,2024-10-06,30,mail,31,,8,15,0,8,1,fl-doe,2026-09-08T00:32:43+00:00
2024,FL,12049,Hardee County,2024-10-07,29,inperson,0,,0,0,0,0,1,fl-doe,2026-09-08T00:32:43+00:00
2024,FL,12049,Hardee County,2024-10-07,29,mail,31,,8,15,0,8,1,fl-doe,2026-09-08T00:32:43+00:00
2024,FL,12049,Hardee County,2024-10-23,13,inperson,0,,0,0,0,0,1,fl-doe,2026-09-08T00:32:43+00:00
2024,FL,12049,Hardee County,2024-10-23,13,mail,437,,132,238,5,62,1,fl-doe,2026-09-08T00:32:43+00:00
2024,FL,12049,Hardee County,2024-10-28,8,inperson,1846,,263,1431,27,125,1,fl-doe,2026-09-08T00:32:43+00:00
2024,FL,12049,Hardee County,2024-10-28,8,mail,585,,187,313,10,75,1,fl-doe,2026-09-08T00:32:43+00:00
2024,FL,12049,Hardee County,2024-10-29,7,inperson,2367,,329,1824,32,182,1,fl-doe,2026-09-08T00:32:43+00:00
2024,FL,12049,Hardee County,2024-10-29,7,mail,635,,202,339,12,82,1,fl-doe,2026-09-08T00:32:43+00:00
2024,FL,12049,Hardee County,2024-10-31,5,inperson,3193,,457,2403,43,290,1,fl-doe,2026-09-08T00:32:43+00:00
2024,FL,12049,Hardee County,2024-10-31,5,mail,710,,231,377,13,89,1,fl-doe,2026-09-08T00:32:43+00:00
2024,FL,12049,Hardee County,2024-11-01,4,inperson,3533,,516,2631,47,339,1,fl-doe,2026-09-08T00:32:43+00:00
2024,FL,12049,Hardee County,2024-11-01,4,mail,710,,231,377,13,89,1,fl-doe,2026-09-08T00:32:43+00:00
2024,FL,12049,Hardee County,2024-11-03,2,inperson,4423,,672,3215,63,473,1,fl-doe,2026-09-08T00:32:43+00:00
2024,FL,12049,Hardee County,2024-11-03,2,mail,824,,271,422,15,116,1,fl-doe,2026-09-08T00:32:43+00:00
2024,FL,12049,Hardee County,2024-11-04,1,inperson,4423,,672,3215,63,473,1,fl-doe,2026-09-08T00:32:43+00:00
2024,FL,12049,Hardee County,2024-11-04,1,mail,824,,271,422,15,116,1,fl-doe,2026-09-08T00:32:43+00:00
2024,FL,12049,Hardee County,2024-11-05,0,inperson,4423,,672,3215,63,473,1,fl-doe,2026-09-08T00:32:43+00:00
2024,FL,12049,Hardee County,2024-11-05,0,mail,855,,281,438,16,120,1,fl-doe,2026-09-08T00:32:43+00:00
2024,FL,12049,Hardee County,2024-11-06,-1,inperson,4423,,672,3215,63,473,1,fl-doe,2026-09-08T00:32:43+00:00
2024,FL,12049,Hardee County,2024-11-06,-1,mail,884,,288,455,16,125,1,fl-doe,2026-09-08T00:32:43+00:00
2024,FL,12049,Hardee County,2024-11-07,-2,inperson,4423,,672,3215,63,473,1,fl-doe,2026-09-08T00:32:43+00:00
2024,FL,12049,Hardee County,2024-11-07,-2,mail,884,,288,455,16,125,1,fl-doe,2026-09-08T00:32:43+00:00
2024,FL,12049,Hardee County,2024-11-08,-3,inperson,4423,,672,3215,63,473,1,fl-doe,2026-09-08T00:32:43+00:00
2024,FL,12049,Hardee County,2024-11-08,-3,mail,884,,288,455,16,125,1,fl-doe,2026-09-08T00:32:43+00:00
2024,FL,12049,Hardee County,2024-11-09,-4,inperson,4423,,672,3215,63,473,1,fl-doe,2026-09-08T00:32:43+00:00
2024,FL,12049,Hardee County,2024-11-09,-4,mail,884,,288,455,16,125,1,fl-doe,2026-09-08T00:32:43+00:00
2024,FL,12049,Hardee County,2024-11-12,-7,inperson,4423,,672,3215,63,473,1,fl-doe,2026-09-08T00:32:43+00:00
2024,FL,12049,Hardee County,2024-11-12,-7,mail,884,,288,455,16,125,1,fl-doe,2026-09-08T00:32:43+00:00
2024,FL,12049,Hardee County,2024-11-13,-8,inperson,4423,,672,3215,63,473,1,fl-doe,2026-09-08T00:32:43+00:00
2024,FL,12049,Hardee County,2024-11-13,-8,mail,894,,292,459,16,127,1,fl-doe,2026-09-08T00:32:43+00:00
2024,FL,12049,Hardee County,2024-11-14,-9,inperson,4423,,672,3215,63,473,1,fl-doe,2026-09-08T00:32:43+00:00
2024,FL,12049,Hardee County,2024-11-14,-9,mail,894,,292,459,16,127,1,fl-doe,2026-09-08T00:32:43+00:00
2024,FL,12049,Hardee County,2024-11-17,-12,inperson,4423,,672,3215,63,473,1,fl-doe,2026-09-08T00:32:43+00:00
2024,FL,12049,Hardee County,2024-11-17,-12,mail,894,,292,459,16,127,1,fl-doe,2026-09-08T00:32:43+00:00
2024,FL,12049,Hardee County,2024-11-18,-13,inperson,4423,,672,3215,63,473,1,fl-doe,2026-09-08T00:32:43+00:00
2024,FL,12049,Hardee County,2024-11-18,-13,mail,894,,292,459,16,127,1,fl-doe,2026-09-08T00:32:43+00:00
2024,FL,12049,Hardee County,2024-11-20,-15,inperson,4423,,672,3215,63,473,1,fl-doe,2026-09-08T00:32:43+00:00
2024,FL,12049,Hardee County,2024-11-20,-15,mail,894,,292,459,16,127,1,fl-doe,2026-09-08T00:32:43+00:00
2024,FL,12051,Hendry County,2024-09-16,50,inperson,0,,0,0,0,0,1,fl-doe,2026-09-08T00:32:43+00:00
2024,FL,12051,Hendry County,2024-09-16,50,mail,0,,0,0,0,0,1,fl-doe,2026-09-08T00:32:43+00:00
2024,FL,12051,Hendry County,2024-09-17,49,inperson,0,,0,0,0,0,1,fl-doe,2026-09-08T00:32:43+00:00
2024,FL,12051,Hendry County,2024-09-17,49,mail,0,,0,0,0,0,1,fl-doe,2026-09-08T00:32:43+00:00
2024,FL,12051,Hendry County,2024-09-20,46,inperson,0,,0,0,0,0,1,fl-doe,2026-09-08T00:32:43+00:00
2024,FL,12051,Hendry County,2024-09-20,46,mail,0,,0,0,0,0,1,fl-doe,2026-09-08T00:32:43+00:00
2024,FL,12051,Hendry County,2024-09-24,42,inperson,0,,0,0,0,0,1,fl-doe,2026-09-08T00:32:43+00:00
2024,FL,12051,Hendry County,2024-09-24,42,mail,0,,0,0,0,0,1,fl-doe,2026-09-08T00:32:43+00:00
2024,FL,12051,Hendry County,2024-09-26,40,inperson,0,,0,0,0,0,1,fl-doe,2026-09-08T00:32:43+00:00
2024,FL,12051,Hendry County,2024-09-26,40,mail,0,,0,0,0,0,1,fl-doe,2026-09-08T00:32:43+00:00
2024,FL,12051,Hendry County,2024-09-29,37,inperson,0,,0,0,0,0,1,fl-doe,2026-09-08T00:32:43+00:00
2024,FL,12051,Hendry County,2024-09-29,37,mail,0,,0,0,0,0,1,fl-doe,2026-09-08T00:32:43+00:00
2024,FL,12051,Hendry County,2024-09-30,36,inperson,0,,0,0,0,0,1,fl-doe,2026-09-08T00:32:43+00:00
2024,FL,12051,Hendry County,2024-09-30,36,mail,0,,0,0,0,0,1,fl-doe,2026-09-08T00:32:43+00:00
2024,FL,12051,Hendry County,2024-10-01,35,inperson,0,,0,0,0,0,1,fl-doe,2026-09-08T00:32:43+00:00
2024,FL,12051,Hendry County,2024-10-01,35,mail,13,,4,5,0,4,1,fl-doe,2026-09-08T00:32:43+00:00
2024,FL,12051,Hendry County,2024-10-02,34,inperson,0,,0,0,0,0,1,fl-doe,2026-09-08T00:32:43+00:00
2024,FL,12051,Hendry County,2024-10-02,34,mail,31,,11,14,1,5,1,fl-doe,2026-09-08T00:32:43+00:00
2024,FL,12051,Hendry County,2024-10-03,33,inperson,0,,0,0,0,0,1,fl-doe,2026-09-08T00:32:43+00:00
2024,FL,12051,Hendry County,2024-10-03,33,mail,106,,40,44,6,16,1,fl-doe,2026-09-08T00:32:43+00:00
2024,FL,12051,Hendry County,2024-10-04,32,inperson,0,,0,0,0,0,1,fl-doe,2026-09-08T00:32:43+00:00
2024,FL,12051,Hendry County,2024-10-04,32,mail,232,,90,104,7,31,1,fl-doe,2026-09-08T00:32:43+00:00
2024,FL,12051,Hendry County,2024-10-06,30,inperson,0,,0,0,0,0,1,fl-doe,2026-09-08T00:32:43+00:00
2024,FL,12051,Hendry County,2024-10-06,30,mail,235,,91,106,7,31,1,fl-doe,2026-09-08T00:32:43+00:00
2024,FL,12051,Hendry County,2024-10-07,29,inperson,0,,0,0,0,0,1,fl-doe,2026-09-08T00:32:43+00:00
2024,FL,12051,Hendry County,2024-10-07,29,mail,235,,91,106,7,31,1,fl-doe,2026-09-08T00:32:43+00:00
2024,FL,12051,Hendry County,2024-10-23,13,inperson,1249,,289,845,22,93,1,fl-doe,2026-09-08T00:32:43+00:00
2024,FL,12051,Hendry County,2024-10-23,13,mail,1150,,442,550,22,136,1,fl-doe,2026-09-08T00:32:43+00:00
2024,FL,12051,Hendry County,2024-10-28,8,inperson,3545,,828,2343,53,321,1,fl-doe,2026-09-08T00:32:43+00:00
2024,FL,12051,Hendry County,2024-10-28,8,mail,1425,,549,693,22,161,1,fl-doe,2026-09-08T00:32:43+00:00
2024,FL,12051,Hendry County,2024-10-29,7,inperson,4161,,977,2720,61,403,1,fl-doe,2026-09-08T00:32:43+00:00
2024,FL,12051,Hendry County,2024-10-29,7,mail,1564,,606,748,25,185,1,fl-doe,2026-09-08T00:32:43+00:00
2024,FL,12051,Hendry County,2024-10-31,5,inperson,5389,,1292,3406,83,608,1,fl-doe,2026-09-08T00:32:43+00:00
2024,FL,12051,Hendry County,2024-10-31,5,mail,1766,,681,845,29,211,1,fl-doe,2026-09-08T00:32:43+00:00
2024,FL,12051,Hendry County,2024-11-01,4,inperson,5982,,1475,3726,91,690,1,fl-doe,2026-09-08T00:32:43+00:00
2024,FL,12051,Hendry County,2024-11-01,4,mail,1830,,699,879,29,223,1,fl-doe,2026-09-08T00:32:43+00:00
2024,FL,12051,Hendry County,2024-11-03,2,inperson,7448,,1930,4459,122,937,1,fl-doe,2026-09-08T00:32:43+00:00
2024,FL,12051,Hendry County,2024-11-03,2,mail,1946,,737,932,29,248,1,fl-doe,2026-09-08T00:32:43+00:00
2024,FL,12051,Hendry County,2024-11-04,1,inperson,7448,,1930,4459,122,937,1,fl-doe,2026-09-08T00:32:43+00:00
2024,FL,12051,Hendry County,2024-11-04,1,mail,1946,,737,932,29,248,1,fl-doe,2026-09-08T00:32:43+00:00
2024,FL,12051,Hendry County,2024-11-05,0,inperson,7448,,1930,4459,122,937,1,fl-doe,2026-09-08T00:32:43+00:00
2024,FL,12051,Hendry County,2024-11-05,0,mail,2005,,762,958,31,254,1,fl-doe,2026-09-08T00:32:43+00:00
2024,FL,12051,Hendry County,2024-11-06,-1,inperson,7448,,1930,4459,122,937,1,fl-doe,2026-09-08T00:32:43+00:00
2024,FL,12051,Hendry County,2024-11-06,-1,mail,2049,,782,965,36,266,1,fl-doe,2026-09-08T00:32:43+00:00
2024,FL,12051,Hendry County,2024-11-07,-2,inperson,7448,,1930,4459,122,937,1,fl-doe,2026-09-08T00:32:43+00:00
2024,FL,12051,Hendry County,2024-11-07,-2,mail,2049,,782,965,36,266,1,fl-doe,2026-09-08T00:32:43+00:00
2024,FL,12051,Hendry County,2024-11-08,-3,inperson,7448,,1930,4459,122,937,1,fl-doe,2026-09-08T00:32:43+00:00
2024,FL,12051,Hendry County,2024-11-08,-3,mail,2051,,783,965,37,266,1,fl-doe,2026-09-08T00:32:43+00:00
2024,FL,12051,Hendry County,2024-11-09,-4,inperson,7448,,1930,4459,122,937,1,fl-doe,2026-09-08T00:32:43+00:00
2024,FL,12051,Hendry County,2024-11-09,-4,mail,2051,,783,965,37,266,1,fl-doe,2026-09-08T00:32:43+00:00
2024,FL,12051,Hendry County,2024-11-12,-7,inperson,7448,,1930,4459,122,937,1,fl-doe,2026-09-08T00:32:43+00:00
2024,FL,12051,Hendry County,2024-11-12,-7,mail,2051,,783,965,37,266,1,fl-doe,2026-09-08T00:32:43+00:00
2024,FL,12051,Hendry County,2024-11-13,-8,inperson,7448,,1930,4459,122,937,1,fl-doe,2026-09-08T00:32:43+00:00
2024,FL,12051,Hendry County,2024-11-13,-8,mail,2051,,783,965,37,266,1,fl-doe,2026-09-08T00:32:43+00:00
2024,FL,12051,Hendry County,2024-11-14,-9,inperson,7448,,1930,4459,122,937,1,fl-doe,2026-09-08T00:32:43+00:00
2024,FL,12051,Hendry County,2024-11-14,-9,mail,2051,,783,965,37,266,1,fl-doe,2026-09-08T00:32:43+00:00
2024,FL,12051,Hendry County,2024-11-17,-12,inperson,7448,,1930,4459,122,937,1,fl-doe,2026-09-08T00:32:43+00:00
2024,FL,12051,Hendry County,2024-11-17,-12,mail,2051,,783,965,37,266,1,fl-doe,2026-09-08T00:32:43+00:00
2024,FL,12051,Hendry County,2024-11-18,-13,inperson,7448,,1930,4459,122,937,1,fl-doe,2026-09-08T00:32:43+00:00
2024,FL,12051,Hendry County,2024-11-18,-13,mail,2051,,783,965,37,266,1,fl-doe,2026-09-08T00:32:43+00:00
2024,FL,12051,Hendry County,2024-11-20,-15,inperson,7448,,1930,4459,122,937,1,fl-doe,2026-09-08T00:32:43+00:00
2024,FL,12051,Hendry County,2024-11-20,-15,mail,2051,,783,965,37,266,1,fl-doe,2026-09-08T00:32:43+00:00
2024,FL,12053,Hernando County,2024-09-20,46,inperson,0,,0,0,0,0,1,fl-doe,2026-09-08T00:32:43+00:00
2024,FL,12053,Hernando County,2024-09-20,46,mail,0,,0,0,0,0,1,fl-doe,2026-09-08T00:32:43+00:00
2024,FL,12053,Hernando County,2024-09-24,42,inperson,0,,0,0,0,0,1,fl-doe,2026-09-08T00:32:43+00:00
2024,FL,12053,Hernando County,2024-09-24,42,mail,1,,1,0,0,0,1,fl-doe,2026-09-08T00:32:43+00:00
2024,FL,12053,Hernando County,2024-09-26,40,inperson,0,,0,0,0,0,1,fl-doe,2026-09-08T00:32:43+00:00
2024,FL,12053,Hernando County,2024-09-26,40,mail,6,,2,4,0,0,1,fl-doe,2026-09-08T00:32:43+00:00
2024,FL,12053,Hernando County,2024-09-29,37,inperson,0,,0,0,0,0,1,fl-doe,2026-09-08T00:32:43+00:00
2024,FL,12053,Hernando County,2024-09-29,37,mail,6,,2,4,0,0,1,fl-doe,2026-09-08T00:32:43+00:00
2024,FL,12053,Hernando County,2024-09-30,36,inperson,0,,0,0,0,0,1,fl-doe,2026-09-08T00:32:43+00:00
2024,FL,12053,Hernando County,2024-09-30,36,mail,6,,2,4,0,0,1,fl-doe,2026-09-08T00:32:43+00:00
2024,FL,12053,Hernando County,2024-10-01,35,inperson,0,,0,0,0,0,1,fl-doe,2026-09-08T00:32:43+00:00
2024,FL,12053,Hernando County,2024-10-01,35,mail,16,,8,6,1,1,1,fl-doe,2026-09-08T00:32:43+00:00
2024,FL,12053,Hernando County,2024-10-02,34,inperson,0,,0,0,0,0,1,fl-doe,2026-09-08T00:32:43+00:00
2024,FL,12053,Hernando County,2024-10-02,34,mail,27,,9,11,1,6,1,fl-doe,2026-09-08T00:32:43+00:00
2024,FL,12053,Hernando County,2024-10-03,33,inperson,0,,0,0,0,0,1,fl-doe,2026-09-08T00:32:43+00:00
2024,FL,12053,Hernando County,2024-10-03,33,mail,218,,90,79,6,43,1,fl-doe,2026-09-08T00:32:43+00:00
2024,FL,12053,Hernando County,2024-10-04,32,inperson,0,,0,0,0,0,1,fl-doe,2026-09-08T00:32:43+00:00
2024,FL,12053,Hernando County,2024-10-04,32,mail,428,,173,168,10,77,1,fl-doe,2026-09-08T00:32:43+00:00
2024,FL,12053,Hernando County,2024-10-06,30,inperson,0,,0,0,0,0,1,fl-doe,2026-09-08T00:32:43+00:00
2024,FL,12053,Hernando County,2024-10-06,30,mail,2237,,833,1004,41,359,1,fl-doe,2026-09-08T00:32:43+00:00
2024,FL,12053,Hernando County,2024-10-07,29,inperson,0,,0,0,0,0,1,fl-doe,2026-09-08T00:32:43+00:00
2024,FL,12053,Hernando County,2024-10-07,29,mail,2237,,833,1004,41,359,1,fl-doe,2026-09-08T00:32:43+00:00
2024,FL,12053,Hernando County,2024-10-23,13,inperson,8052,,1438,5323,199,1092,1,fl-doe,2026-09-08T00:32:43+00:00
2024,FL,12053,Hernando County,2024-10-23,13,mail,16196,,5966,7129,305,2796,1,fl-doe,2026-09-08T00:32:43+00:00
2024,FL,12053,Hernando County,2024-10-28,8,inperson,24243,,4344,15507,633,3759,1,fl-doe,2026-09-08T00:32:43+00:00
2024,FL,12053,Hernando County,2024-10-28,8,mail,22716,,8284,9820,465,4147,1,fl-doe,2026-09-08T00:32:43+00:00
2024,FL,12053,Hernando County,2024-10-29,7,inperson,28427,,5074,18044,769,4540,1,fl-doe,2026-09-08T00:32:43+00:00
2024,FL,12053,Hernando County,2024-10-29,7,mail,23144,,8429,9985,481,4249,1,fl-doe,2026-09-08T00:32:43+00:00
2024,FL,12053,Hernando County,2024-10-31,5,inperson,36083,,6571,22380,1031,6101,1,fl-doe,2026-09-08T00:32:43+00:00
2024,FL,12053,Hernando County,2024-10-31,5,mail,25983,,9416,11115,560,4892,1,fl-doe,2026-09-08T00:32:43+00:00
2024,FL,12053,Hernando County,2024-11-01,4,inperson,39363,,7177,24230,1135,6821,1,fl-doe,2026-09-08T00:32:43+00:00
2024,FL,12053,Hernando County,2024-11-01,4,mail,27009,,9753,11526,591,5139,1,fl-doe,2026-09-08T00:32:43+00:00
2024,FL,12053,Hernando County,2024-11-03,2,inperson,48967,,9194,29214,1465,9094,1,fl-doe,2026-09-08T00:32:43+00:00
2024,FL,12053,Hernando County,2024-11-03,2,mail,28575,,10262,12154,649,5510,1,fl-doe,2026-09-08T00:32:43+00:00
2024,FL,12053,Hernando County,2024-11-04,1,inperson,48967,,9194,29214,1465,9094,1,fl-doe,2026-09-08T00:32:43+00:00
2024,FL,12053,Hernando County,2024-11-04,1,mail,28779,,10328,12237,655,5559,1,fl-doe,2026-09-08T00:32:43+00:00
2024,FL,12053,Hernando County,2024-11-05,0,inperson,48967,,9194,29214,1465,9094,1,fl-doe,2026-09-08T00:32:43+00:00
2024,FL,12053,Hernando County,2024-11-05,0,mail,29314,,10490,12446,681,5697,1,fl-doe,2026-09-08T00:32:43+00:00
2024,FL,12053,Hernando County,2024-11-06,-1,inperson,48967,,9194,29214,1465,9094,1,fl-doe,2026-09-08T00:32:43+00:00
2024,FL,12053,Hernando County,2024-11-06,-1,mail,30572,,10885,12907,734,6046,1,fl-doe,2026-09-08T00:32:43+00:00
2024,FL,12053,Hernando County,2024-11-07,-2,inperson,48967,,9194,29214,1465,9094,1,fl-doe,2026-09-08T00:32:43+00:00
2024,FL,12053,Hernando County,2024-11-07,-2,mail,30572,,10885,12907,734,6046,1,fl-doe,2026-09-08T00:32:43+00:00
2024,FL,12053,Hernando County,2024-11-08,-3,inperson,48967,,9194,29214,1465,9094,1,fl-doe,2026-09-08T00:32:43+00:00
2024,FL,12053,Hernando County,2024-11-08,-3,mail,30574,,10885,12908,735,6046,1,fl-doe,2026-09-08T00:32:43+00:00
2024,FL,12053,Hernando County,2024-11-09,-4,inperson,48967,,9194,29214,1465,9094,1,fl-doe,2026-09-08T00:32:43+00:00
2024,FL,12053,Hernando County,2024-11-09,-4,mail,30594,,10896,12910,735,6053,1,fl-doe,2026-09-08T00:32:43+00:00
2024,FL,12053,Hernando County,2024-11-12,-7,inperson,48967,,9194,29214,1465,9094,1,fl-doe,2026-09-08T00:32:43+00:00
2024,FL,12053,Hernando County,2024-11-12,-7,mail,30594,,10896,12910,735,6053,1,fl-doe,2026-09-08T00:32:43+00:00
2024,FL,12053,Hernando County,2024-11-13,-8,inperson,48967,,9194,29214,1465,9094,1,fl-doe,2026-09-08T00:32:43+00:00
2024,FL,12053,Hernando County,2024-11-13,-8,mail,30596,,10897,12910,735,6054,1,fl-doe,2026-09-08T00:32:43+00:00
2024,FL,12053,Hernando County,2024-11-14,-9,inperson,48967,,9194,29214,1465,9094,1,fl-doe,2026-09-08T00:32:43+00:00
2024,FL,12053,Hernando County,2024-11-14,-9,mail,30596,,10897,12910,735,6054,1,fl-doe,2026-09-08T00:32:43+00:00
2024,FL,12053,Hernando County,2024-11-17,-12,inperson,48967,,9194,29214,1465,9094,1,fl-doe,2026-09-08T00:32:43+00:00
2024,FL,12053,Hernando County,2024-11-17,-12,mail,30616,,10901,12919,736,6060,1,fl-doe,2026-09-08T00:32:43+00:00
2024,FL,12053,Hernando County,2024-11-18,-13,inperson,48967,,9194,29214,1465,9094,1,fl-doe,2026-09-08T00:32:43+00:00
2024,FL,12053,Hernando County,2024-11-18,-13,mail,30616,,10901,12919,736,6060,1,fl-doe,2026-09-08T00:32:43+00:00
2024,FL,12053,Hernando County,2024-11-20,-15,inperson,48967,,9194,29214,1465,9094,1,fl-doe,2026-09-08T00:32:43+00:00
2024,FL,12053,Hernando County,2024-11-20,-15,mail,30616,,10901,12919,736,6060,1,fl-doe,2026-09-08T00:32:43+00:00
2024,FL,12055,Highlands County,2024-09-20,46,inperson,0,,0,0,0,0,1,fl-doe,2026-09-08T00:32:43+00:00
2024,FL,12055,Highlands County,2024-09-20,46,mail,0,,0,0,0,0,1,fl-doe,2026-09-08T00:32:43+00:00
2024,FL,12055,Highlands County,2024-09-24,42,inperson,0,,0,0,0,0,1,fl-doe,2026-09-08T00:32:43+00:00
2024,FL,12055,Highlands County,2024-09-24,42,mail,1,,1,0,0,0,1,fl-doe,2026-09-08T00:32:43+00:00
2024,FL,12055,Highlands County,2024-09-26,40,inperson,0,,0,0,0,0,1,fl-doe,2026-09-08T00:32:43+00:00
2024,FL,12055,Highlands County,2024-09-26,40,mail,3,,2,0,0,1,1,fl-doe,2026-09-08T00:32:43+00:00
2024,FL,12055,Highlands County,2024-09-29,37,inperson,0,,0,0,0,0,1,fl-doe,2026-09-08T00:32:43+00:00
2024,FL,12055,Highlands County,2024-09-29,37,mail,5,,4,0,0,1,1,fl-doe,2026-09-08T00:32:43+00:00
2024,FL,12055,Highlands County,2024-09-30,36,inperson,0,,0,0,0,0,1,fl-doe,2026-09-08T00:32:43+00:00
2024,FL,12055,Highlands County,2024-09-30,36,mail,5,,4,0,0,1,1,fl-doe,2026-09-08T00:32:43+00:00
2024,FL,12055,Highlands County,2024-10-01,35,inperson,0,,0,0,0,0,1,fl-doe,2026-09-08T00:32:43+00:00
2024,FL,12055,Highlands County,2024-10-01,35,mail,9,,7,1,0,1,1,fl-doe,2026-09-08T00:32:43+00:00
2024,FL,12055,Highlands County,2024-10-02,34,inperson,0,,0,0,0,0,1,fl-doe,2026-09-08T00:32:43+00:00
2024,FL,12055,Highlands County,2024-10-02,34,mail,9,,7,1,0,1,1,fl-doe,2026-09-08T00:32:43+00:00
2024,FL,12055,Highlands County,2024-10-03,33,inperson,0,,0,0,0,0,1,fl-doe,2026-09-08T00:32:43+00:00
2024,FL,12055,Highlands County,2024-10-03,33,mail,107,,42,50,1,14,1,fl-doe,2026-09-08T00:32:43+00:00
2024,FL,12055,Highlands County,2024-10-04,32,inperson,0,,0,0,0,0,1,fl-doe,2026-09-08T00:32:43+00:00
2024,FL,12055,Highlands County,2024-10-04,32,mail,144,,53,69,1,21,1,fl-doe,2026-09-08T00:32:43+00:00
2024,FL,12055,Highlands County,2024-10-06,30,inperson,0,,0,0,0,0,1,fl-doe,2026-09-08T00:32:43+00:00
2024,FL,12055,Highlands County,2024-10-06,30,mail,265,,88,137,4,36,1,fl-doe,2026-09-08T00:32:43+00:00
2024,FL,12055,Highlands County,2024-10-07,29,inperson,0,,0,0,0,0,1,fl-doe,2026-09-08T00:32:43+00:00
2024,FL,12055,Highlands County,2024-10-07,29,mail,265,,88,137,4,36,1,fl-doe,2026-09-08T00:32:43+00:00
2024,FL,12055,Highlands County,2024-10-23,13,inperson,0,,0,0,0,0,1,fl-doe,2026-09-08T00:32:43+00:00
2024,FL,12055,Highlands County,2024-10-23,13,mail,5783,,2238,2503,132,910,1,fl-doe,2026-09-08T00:32:43+00:00
2024,FL,12055,Highlands County,2024-10-28,8,inperson,10503,,1778,7003,218,1504,1,fl-doe,2026-09-08T00:32:43+00:00
2024,FL,12055,Highlands County,2024-10-28,8,mail,7731,,2891,3411,183,1246,1,fl-doe,2026-09-08T00:32:43+00:00
2024,FL,12055,Highlands County,2024-10-29,7,inperson,13603,,2363,8947,275,2018,1,fl-doe,2026-09-08T00:32:43+00:00
2024,FL,12055,Highlands County,2024-10-29,7,mail,8287,,3042,3669,205,1371,1,fl-doe,2026-09-08T00:32:43+00:00
2024,FL,12055,Highlands County,2024-10-31,5,inperson,18823,,3344,12150,405,2924,1,fl-doe,2026-09-08T00:32:43+00:00
2024,FL,12055,Highlands County,2024-10-31,5,mail,9159,,3303,4084,224,1548,1,fl-doe,2026-09-08T00:32:43+00:00
2024,FL,12055,Highlands County,2024-11-01,4,inperson,21098,,3791,13547,469,3291,1,fl-doe,2026-09-08T00:32:43+00:00
2024,FL,12055,Highlands County,2024-11-01,4,mail,9558,,3433,4256,234,1635,1,fl-doe,2026-09-08T00:32:43+00:00
2024,FL,12055,Highlands County,2024-11-03,2,inperson,26050,,4758,16428,597,4267,1,fl-doe,2026-09-08T00:32:43+00:00
2024,FL,12055,Highlands County,2024-11-03,2,mail,9924,,3534,4421,243,1726,1,fl-doe,2026-09-08T00:32:43+00:00
2024,FL,12055,Highlands County,2024-11-04,1,inperson,26050,,4758,16428,597,4267,1,fl-doe,2026-09-08T00:32:43+00:00
2024,FL,12055,Highlands County,2024-11-04,1,mail,9924,,3534,4421,243,1726,1,fl-doe,2026-09-08T00:32:43+00:00
2024,FL,12055,Highlands County,2024-11-05,0,inperson,26050,,4758,16428,597,4267,1,fl-doe,2026-09-08T00:32:43+00:00
2024,FL,12055,Highlands County,2024-11-05,0,mail,10182,,3608,4539,245,1790,1,fl-doe,2026-09-08T00:32:43+00:00
2024,FL,12055,Highlands County,2024-11-06,-1,inperson,26050,,4758,16428,597,4267,1,fl-doe,2026-09-08T00:32:43+00:00
2024,FL,12055,Highlands County,2024-11-06,-1,mail,10373,,3661,4618,254,1840,1,fl-doe,2026-09-08T00:32:43+00:00
2024,FL,12055,Highlands County,2024-11-07,-2,inperson,26050,,4758,16428,597,4267,1,fl-doe,2026-09-08T00:32:43+00:00
2024,FL,12055,Highlands County,2024-11-07,-2,mail,10376,,3661,4619,254,1842,1,fl-doe,2026-09-08T00:32:43+00:00
2024,FL,12055,Highlands County,2024-11-08,-3,inperson,26050,,4758,16428,597,4267,1,fl-doe,2026-09-08T00:32:43+00:00
2024,FL,12055,Highlands County,2024-11-08,-3,mail,10376,,3661,4619,254,1842,1,fl-doe,2026-09-08T00:32:43+00:00
2024,FL,12055,Highlands County,2024-11-09,-4,inperson,26050,,4758,16428,597,4267,1,fl-doe,2026-09-08T00:32:43+00:00
2024,FL,12055,Highlands County,2024-11-09,-4,mail,10376,,3661,4619,254,1842,1,fl-doe,2026-09-08T00:32:43+00:00
2024,FL,12055,Highlands County,2024-11-12,-7,inperson,26050,,4758,16428,597,4267,1,fl-doe,2026-09-08T00:32:43+00:00
2024,FL,12055,Highlands County,2024-11-12,-7,mail,10376,,3661,4619,254,1842,1,fl-doe,2026-09-08T00:32:43+00:00
2024,FL,12055,Highlands County,2024-11-13,-8,inperson,26050,,4758,16428,597,4267,1,fl-doe,2026-09-08T00:32:43+00:00
2024,FL,12055,Highlands County,2024-11-13,-8,mail,10376,,3661,4619,254,1842,1,fl-doe,2026-09-08T00:32:43+00:00
2024,FL,12055,Highlands County,2024-11-14,-9,inperson,26050,,4758,16428,597,4267,1,fl-doe,2026-09-08T00:32:43+00:00
2024,FL,12055,Highlands County,2024-11-14,-9,mail,10378,,3662,4620,254,1842,1,fl-doe,2026-09-08T00:32:43+00:00
2024,FL,12055,Highlands County,2024-11-17,-12,inperson,26050,,4758,16428,597,4267,1,fl-doe,2026-09-08T00:32:43+00:00
2024,FL,12055,Highlands County,2024-11-17,-12,mail,10380,,3662,4621,254,1843,1,fl-doe,2026-09-08T00:32:43+00:00
2024,FL,12055,Highlands County,2024-11-18,-13,inperson,26050,,4758,16428,597,4267,1,fl-doe,2026-09-08T00:32:43+00:00
2024,FL,12055,Highlands County,2024-11-18,-13,mail,10380,,3662,4621,254,1843,1,fl-doe,2026-09-08T00:32:43+00:00
2024,FL,12055,Highlands County,2024-11-20,-15,inperson,26050,,4758,16428,597,4267,1,fl-doe,2026-09-08T00:32:43+00:00
2024,FL,12055,Highlands County,2024-11-20,-15,mail,10380,,3662,4621,254,1843,1,fl-doe,2026-09-08T00:32:43+00:00
2024,FL,12057,Hillsborough County,2024-09-17,49,inperson,0,,0,0,0,0,1,fl-doe,2026-09-08T00:32:43+00:00
2024,FL,12057,Hillsborough County,2024-09-17,49,mail,0,,0,0,0,0,1,fl-doe,2026-09-08T00:32:43+00:00
2024,FL,12057,Hillsborough County,2024-09-24,42,inperson,0,,0,0,0,0,1,fl-doe,2026-09-08T00:32:43+00:00
2024,FL,12057,Hillsborough County,2024-09-24,42,mail,83,,47,21,2,13,1,fl-doe,2026-09-08T00:32:43+00:00
2024,FL,12057,Hillsborough County,2024-09-26,40,inperson,0,,0,0,0,0,1,fl-doe,2026-09-08T00:32:43+00:00
2024,FL,12057,Hillsborough County,2024-09-26,40,mail,132,,76,32,5,19,1,fl-doe,2026-09-08T00:32:43+00:00
2024,FL,12057,Hillsborough County,2024-09-29,37,inperson,0,,0,0,0,0,1,fl-doe,2026-09-08T00:32:43+00:00
2024,FL,12057,Hillsborough County,2024-09-29,37,mail,151,,88,35,5,23,1,fl-doe,2026-09-08T00:32:43+00:00
2024,FL,12057,Hillsborough County,2024-09-30,36,inperson,0,,0,0,0,0,1,fl-doe,2026-09-08T00:32:43+00:00
2024,FL,12057,Hillsborough County,2024-09-30,36,mail,151,,88,35,5,23,1,fl-doe,2026-09-08T00:32:43+00:00
2024,FL,12057,Hillsborough County,2024-10-01,35,inperson,0,,0,0,0,0,1,fl-doe,2026-09-08T00:32:43+00:00
2024,FL,12057,Hillsborough County,2024-10-01,35,mail,237,,126,64,5,42,1,fl-doe,2026-09-08T00:32:43+00:00
2024,FL,12057,Hillsborough County,2024-10-02,34,inperson,0,,0,0,0,0,1,fl-doe,2026-09-08T00:32:43+00:00
2024,FL,12057,Hillsborough County,2024-10-02,34,mail,319,,157,92,12,58,1,fl-doe,2026-09-08T00:32:43+00:00
2024,FL,12057,Hillsborough County,2024-10-03,33,inperson,0,,0,0,0,0,1,fl-doe,2026-09-08T00:32:43+00:00
2024,FL,12057,Hillsborough County,2024-10-03,33,mail,494,,215,162,20,97,1,fl-doe,2026-09-08T00:32:43+00:00
2024,FL,12057,Hillsborough County,2024-10-04,32,inperson,0,,0,0,0,0,1,fl-doe,2026-09-08T00:32:43+00:00
2024,FL,12057,Hillsborough County,2024-10-04,32,mail,562,,254,180,21,107,1,fl-doe,2026-09-08T00:32:43+00:00
2024,FL,12057,Hillsborough County,2024-10-06,30,inperson,0,,0,0,0,0,1,fl-doe,2026-09-08T00:32:43+00:00
2024,FL,12057,Hillsborough County,2024-10-06,30,mail,773,,331,265,24,153,1,fl-doe,2026-09-08T00:32:43+00:00
2024,FL,12057,Hillsborough County,2024-10-07,29,inperson,0,,0,0,0,0,1,fl-doe,2026-09-08T00:32:43+00:00
2024,FL,12057,Hillsborough County,2024-10-07,29,mail,773,,331,265,24,153,1,fl-doe,2026-09-08T00:32:43+00:00
2024,FL,12057,Hillsborough County,2024-10-23,13,inperson,35957,,11840,17533,718,5866,1,fl-doe,2026-09-08T00:32:43+00:00
2024,FL,12057,Hillsborough County,2024-10-23,13,mail,78407,,34708,26767,1589,15343,1,fl-doe,2026-09-08T00:32:43+00:00
2024,FL,12057,Hillsborough County,2024-10-28,8,inperson,129423,,40929,60564,2817,25113,1,fl-doe,2026-09-08T00:32:43+00:00
2024,FL,12057,Hillsborough County,2024-10-28,8,mail,133077,,58827,44460,2658,27132,1,fl-doe,2026-09-08T00:32:43+00:00
2024,FL,12057,Hillsborough County,2024-10-29,7,inperson,153202,,48333,71075,3401,30393,1,fl-doe,2026-09-08T00:32:43+00:00
2024,FL,12057,Hillsborough County,2024-10-29,7,mail,138905,,61399,46143,2801,28562,1,fl-doe,2026-09-08T00:32:43+00:00
2024,FL,12057,Hillsborough County,2024-10-31,5,inperson,203607,,64393,91753,4820,42641,1,fl-doe,2026-09-08T00:32:43+00:00
2024,FL,12057,Hillsborough County,2024-10-31,5,mail,160469,,70641,52551,3323,33954,1,fl-doe,2026-09-08T00:32:43+00:00
2024,FL,12057,Hillsborough County,2024-11-01,4,inperson,228446,,72244,101449,5526,49227,1,fl-doe,2026-09-08T00:32:43+00:00
2024,FL,12057,Hillsborough County,2024-11-01,4,mail,169516,,74408,55174,3530,36404,1,fl-doe,2026-09-08T00:32:43+00:00
2024,FL,12057,Hillsborough County,2024-11-03,2,inperson,288907,,92686,122824,7300,66097,1,fl-doe,2026-09-08T00:32:43+00:00
2024,FL,12057,Hillsborough County,2024-11-03,2,mail,182939,,80136,58882,3862,40059,1,fl-doe,2026-09-08T00:32:43+00:00
2024,FL,12057,Hillsborough County,2024-11-04,1,inperson,323119,,104780,133473,8363,76503,1,fl-doe,2026-09-08T00:32:43+00:00
2024,FL,12057,Hillsborough County,2024-11-04,1,mail,186944,,81895,59855,3951,41243,1,fl-doe,2026-09-08T00:32:43+00:00
2024,FL,12057,Hillsborough County,2024-11-05,0,inperson,323115,,104779,133467,8362,76507,1,fl-doe,2026-09-08T00:32:43+00:00
2024,FL,12057,Hillsborough County,2024-11-05,0,mail,192934,,84388,61321,4143,43082,1,fl-doe,2026-09-08T00:32:43+00:00
2024,FL,12057,Hillsborough County,2024-11-06,-1,inperson,323115,,104779,133467,8362,76507,1,fl-doe,2026-09-08T00:32:43+00:00
2024,FL,12057,Hillsborough County,2024-11-06,-1,mail,199279,,86781,62974,4337,45187,1,fl-doe,2026-09-08T00:32:43+00:00
2024,FL,12057,Hillsborough County,2024-11-07,-2,inperson,323115,,104779,133467,8362,76507,1,fl-doe,2026-09-08T00:32:43+00:00
2024,FL,12057,Hillsborough County,2024-11-07,-2,mail,199460,,86857,63015,4341,45247,1,fl-doe,2026-09-08T00:32:43+00:00
2024,FL,12057,Hillsborough County,2024-11-08,-3,inperson,323115,,104779,133467,8362,76507,1,fl-doe,2026-09-08T00:32:43+00:00
2024,FL,12057,Hillsborough County,2024-11-08,-3,mail,199511,,86875,63029,4343,45264,1,fl-doe,2026-09-08T00:32:43+00:00
2024,FL,12057,Hillsborough County,2024-11-09,-4,inperson,323115,,104779,133467,8362,76507,1,fl-doe,2026-09-08T00:32:43+00:00
2024,FL,12057,Hillsborough County,2024-11-09,-4,mail,199529,,86885,63033,4343,45268,1,fl-doe,2026-09-08T00:32:43+00:00
2024,FL,12057,Hillsborough County,2024-11-12,-7,inperson,323115,,104779,133467,8362,76507,1,fl-doe,2026-09-08T00:32:43+00:00
2024,FL,12057,Hillsborough County,2024-11-12,-7,mail,199529,,86885,63033,4343,45268,1,fl-doe,2026-09-08T00:32:43+00:00
2024,FL,12057,Hillsborough County,2024-11-13,-8,inperson,323115,,104779,133467,8362,76507,1,fl-doe,2026-09-08T00:32:43+00:00
2024,FL,12057,Hillsborough County,2024-11-13,-8,mail,199544,,86888,63036,4344,45276,1,fl-doe,2026-09-08T00:32:43+00:00
2024,FL,12057,Hillsborough County,2024-11-14,-9,inperson,323115,,104779,133467,8362,76507,1,fl-doe,2026-09-08T00:32:43+00:00
2024,FL,12057,Hillsborough County,2024-11-14,-9,mail,199637,,86913,63062,4349,45313,1,fl-doe,2026-09-08T00:32:43+00:00
2024,FL,12057,Hillsborough County,2024-11-17,-12,inperson,323115,,104779,133467,8362,76507,1,fl-doe,2026-09-08T00:32:43+00:00
2024,FL,12057,Hillsborough County,2024-11-17,-12,mail,199685,,86938,63074,4349,45324,1,fl-doe,2026-09-08T00:32:43+00:00
2024,FL,12057,Hillsborough County,2024-11-18,-13,inperson,323115,,104779,133467,8362,76507,1,fl-doe,2026-09-08T00:32:43+00:00
2024,FL,12057,Hillsborough County,2024-11-18,-13,mail,199685,,86938,63074,4349,45324,1,fl-doe,2026-09-08T00:32:43+00:00
2024,FL,12057,Hillsborough County,2024-11-20,-15,inperson,323115,,104779,133467,8362,76507,1,fl-doe,2026-09-08T00:32:43+00:00
2024,FL,12057,Hillsborough County,2024-11-20,-15,mail,199685,,86938,63074,4349,45324,1,fl-doe,2026-09-08T00:32:43+00:00
2024,FL,12059,Holmes County,2024-09-20,46,inperson,0,,0,0,0,0,1,fl-doe,2026-09-08T00:32:43+00:00
2024,FL,12059,Holmes County,2024-09-20,46,mail,0,,0,0,0,0,1,fl-doe,2026-09-08T00:32:43+00:00
2024,FL,12059,Holmes County,2024-09-24,42,inperson,0,,0,0,0,0,1,fl-doe,2026-09-08T00:32:43+00:00
2024,FL,12059,Holmes County,2024-09-24,42,mail,0,,0,0,0,0,1,fl-doe,2026-09-08T00:32:43+00:00
2024,FL,12059,Holmes County,2024-09-26,40,inperson,0,,0,0,0,0,1,fl-doe,2026-09-08T00:32:43+00:00
2024,FL,12059,Holmes County,2024-09-26,40,mail,0,,0,0,0,0,1,fl-doe,2026-09-08T00:32:43+00:00
2024,FL,12059,Holmes County,2024-09-29,37,inperson,0,,0,0,0,0,1,fl-doe,2026-09-08T00:32:43+00:00
2024,FL,12059,Holmes County,2024-09-29,37,mail,0,,0,0,0,0,1,fl-doe,2026-09-08T00:32:43+00:00
2024,FL,12059,Holmes County,2024-09-30,36,inperson,0,,0,0,0,0,1,fl-doe,2026-09-08T00:32:43+00:00
2024,FL,12059,Holmes County,2024-09-30,36,mail,0,,0,0,0,0,1,fl-doe,2026-09-08T00:32:43+00:00
2024,FL,12059,Holmes County,2024-10-01,35,inperson,0,,0,0,0,0,1,fl-doe,2026-09-08T00:32:43+00:00
2024,FL,12059,Holmes County,2024-10-01,35,mail,1,,0,0,1,0,1,fl-doe,2026-09-08T00:32:43+00:00
2024,FL,12059,Holmes County,2024-10-02,34,inperson,0,,0,0,0,0,1,fl-doe,2026-09-08T00:32:43+00:00
2024,FL,12059,Holmes County,2024-10-02,34,mail,2,,1,0,1,0,1,fl-doe,2026-09-08T00:32:43+00:00
2024,FL,12059,Holmes County,2024-10-03,33,inperson,0,,0,0,0,0,1,fl-doe,2026-09-08T00:32:43+00:00
2024,FL,12059,Holmes County,2024-10-03,33,mail,13,,6,5,2,0,1,fl-doe,2026-09-08T00:32:43+00:00
2024,FL,12059,Holmes County,2024-10-04,32,inperson,0,,0,0,0,0,1,fl-doe,2026-09-08T00:32:43+00:00
2024,FL,12059,Holmes County,2024-10-04,32,mail,13,,6,5,2,0,1,fl-doe,2026-09-08T00:32:43+00:00
2024,FL,12059,Holmes County,2024-10-06,30,inperson,0,,0,0,0,0,1,fl-doe,2026-09-08T00:32:43+00:00
2024,FL,12059,Holmes County,2024-10-06,30,mail,97,,31,54,3,9,1,fl-doe,2026-09-08T00:32:43+00:00
2024,FL,12059,Holmes County,2024-10-07,29,inperson,0,,0,0,0,0,1,fl-doe,2026-09-08T00:32:43+00:00
2024,FL,12059,Holmes County,2024-10-07,29,mail,97,,31,54,3,9,1,fl-doe,2026-09-08T00:32:43+00:00
2024,FL,12059,Holmes County,2024-10-23,13,inperson,0,,0,0,0,0,1,fl-doe,2026-09-08T00:32:43+00:00
2024,FL,12059,Holmes County,2024-10-23,13,mail,934,,225,634,11,64,1,fl-doe,2026-09-08T00:32:43+00:00
2024,FL,12059,Holmes County,2024-10-28,8,inperson,1224,,119,1019,14,72,1,fl-doe,2026-09-08T00:32:43+00:00
2024,FL,12059,Holmes County,2024-10-28,8,mail,1123,,274,758,14,77,1,fl-doe,2026-09-08T00:32:43+00:00
2024,FL,12059,Holmes County,2024-10-29,7,inperson,1812,,191,1496,17,108,1,fl-doe,2026-09-08T00:32:43+00:00
2024,FL,12059,Holmes County,2024-10-29,7,mail,1172,,287,786,16,83,1,fl-doe,2026-09-08T00:32:43+00:00
2024,FL,12059,Holmes County,2024-10-31,5,inperson,2681,,302,2182,25,172,1,fl-doe,2026-09-08T00:32:43+00:00
2024,FL,12059,Holmes County,2024-10-31,5,mail,1258,,305,848,17,88,1,fl-doe,2026-09-08T00:32:43+00:00
2024,FL,12059,Holmes County,2024-11-01,4,inperson,2998,,331,2441,32,194,1,fl-doe,2026-09-08T00:32:43+00:00
2024,FL,12059,Holmes County,2024-11-01,4,mail,1311,,319,881,18,93,1,fl-doe,2026-09-08T00:32:43+00:00
2024,FL,12059,Holmes County,2024-11-03,2,inperson,3911,,433,3166,49,263,1,fl-doe,2026-09-08T00:32:43+00:00
2024,FL,12059,Holmes County,2024-11-03,2,mail,1374,,333,919,19,103,1,fl-doe,2026-09-08T00:32:43+00:00
2024,FL,12059,Holmes County,2024-11-04,1,inperson,3911,,433,3166,49,263,1,fl-doe,2026-09-08T00:32:43+00:00
2024,FL,12059,Holmes County,2024-11-04,1,mail,1374,,333,919,19,103,1,fl-doe,2026-09-08T00:32:43+00:00
2024,FL,12059,Holmes County,2024-11-05,0,inperson,3911,,433,3166,49,263,1,fl-doe,2026-09-08T00:32:43+00:00
2024,FL,12059,Holmes County,2024-11-05,0,mail,1405,,338,943,20,104,1,fl-doe,2026-09-08T00:32:43+00:00
2024,FL,12059,Holmes County,2024-11-06,-1,inperson,3911,,433,3166,49,263,1,fl-doe,2026-09-08T00:32:43+00:00
2024,FL,12059,Holmes County,2024-11-06,-1,mail,1431,,343,962,20,106,1,fl-doe,2026-09-08T00:32:43+00:00
2024,FL,12059,Holmes County,2024-11-07,-2,inperson,3911,,433,3166,49,263,1,fl-doe,2026-09-08T00:32:43+00:00
2024,FL,12059,Holmes County,2024-11-07,-2,mail,1431,,343,962,20,106,1,fl-doe,2026-09-08T00:32:43+00:00
2024,FL,12059,Holmes County,2024-11-08,-3,inperson,3911,,433,3166,49,263,1,fl-doe,2026-09-08T00:32:43+00:00
2024,FL,12059,Holmes County,2024-11-08,-3,mail,1431,,343,962,20,106,1,fl-doe,2026-09-08T00:32:43+00:00
2024,FL,12059,Holmes County,2024-11-09,-4,inperson,3911,,433,3166,49,263,1,fl-doe,2026-09-08T00:32:43+00:00
2024,FL,12059,Holmes County,2024-11-09,-4,mail,1431,,343,962,20,106,1,fl-doe,2026-09-08T00:32:43+00:00
2024,FL,12059,Holmes County,2024-11-12,-7,inperson,3911,,433,3166,49,263,1,fl-doe,2026-09-08T00:32:43+00:00
2024,FL,12059,Holmes County,2024-11-12,-7,mail,1431,,343,962,20,106,1,fl-doe,2026-09-08T00:32:43+00:00
2024,FL,12059,Holmes County,2024-11-13,-8,inperson,3911,,433,3166,49,263,1,fl-doe,2026-09-08T00:32:43+00:00
2024,FL,12059,Holmes County,2024-11-13,-8,mail,1431,,343,962,20,106,1,fl-doe,2026-09-08T00:32:43+00:00
2024,FL,12059,Holmes County,2024-11-14,-9,inperson,3911,,433,3166,49,263,1,fl-doe,2026-09-08T00:32:43+00:00
2024,FL,12059,Holmes County,2024-11-14,-9,mail,1431,,343,962,20,106,1,fl-doe,2026-09-08T00:32:43+00:00
2024,FL,12059,Holmes County,2024-11-17,-12,inperson,3911,,433,3166,49,263,1,fl-doe,2026-09-08T00:32:43+00:00
2024,FL,12059,Holmes County,2024-11-17,-12,mail,1431,,343,962,20,106,1,fl-doe,2026-09-08T00:32:43+00:00
2024,FL,12059,Holmes County,2024-11-18,-13,inperson,3911,,433,3166,49,263,1,fl-doe,2026-09-08T00:32:43+00:00
2024,FL,12059,Holmes County,2024-11-18,-13,mail,1431,,343,962,20,106,1,fl-doe,2026-09-08T00:32:43+00:00
2024,FL,12059,Holmes County,2024-11-20,-15,inperson,3911,,433,3166,49,263,1,fl-doe,2026-09-08T00:32:43+00:00
2024,FL,12059,Holmes County,2024-11-20,-15,mail,1431,,343,962,20,106,1,fl-doe,2026-09-08T00:32:43+00:00
2024,FL,12061,Indian River County,2024-09-24,42,inperson,0,,0,0,0,0,1,fl-doe,2026-09-08T00:32:43+00:00
2024,FL,12061,Indian River County,2024-09-24,42,mail,0,,0,0,0,0,1,fl-doe,2026-09-08T00:32:43+00:00
2024,FL,12061,Indian River County,2024-09-26,40,inperson,0,,0,0,0,0,1,fl-doe,2026-09-08T00:32:43+00:00
2024,FL,12061,Indian River County,2024-09-26,40,mail,26,,18,4,1,3,1,fl-doe,2026-09-08T00:32:43+00:00
2024,FL,12061,Indian River County,2024-09-29,37,inperson,0,,0,0,0,0,1,fl-doe,2026-09-08T00:32:43+00:00
2024,FL,12061,Indian River County,2024-09-29,37,mail,115,,35,53,2,25,1,fl-doe,2026-09-08T00:32:43+00:00
2024,FL,12061,Indian River County,2024-09-30,36,inperson,0,,0,0,0,0,1,fl-doe,2026-09-08T00:32:43+00:00
2024,FL,12061,Indian River County,2024-09-30,36,mail,115,,35,53,2,25,1,fl-doe,2026-09-08T00:32:43+00:00
2024,FL,12061,Indian River County,2024-10-01,35,inperson,0,,0,0,0,0,1,fl-doe,2026-09-08T00:32:43+00:00
2024,FL,12061,Indian River County,2024-10-01,35,mail,328,,104,157,5,62,1,fl-doe,2026-09-08T00:32:43+00:00
2024,FL,12061,Indian River County,2024-10-02,34,inperson,0,,0,0,0,0,1,fl-doe,2026-09-08T00:32:43+00:00
2024,FL,12061,Indian River County,2024-10-02,34,mail,1577,,529,696,39,313,1,fl-doe,2026-09-08T00:32:43+00:00
2024,FL,12061,Indian River County,2024-10-03,33,inperson,0,,0,0,0,0,1,fl-doe,2026-09-08T00:32:43+00:00
2024,FL,12061,Indian River County,2024-10-03,33,mail,2211,,753,968,59,431,1,fl-doe,2026-09-08T00:32:43+00:00
2024,FL,12061,Indian River County,2024-10-04,32,inperson,0,,0,0,0,0,1,fl-doe,2026-09-08T00:32:43+00:00
2024,FL,12061,Indian River County,2024-10-04,32,mail,3467,,1203,1514,102,648,1,fl-doe,2026-09-08T00:32:43+00:00
2024,FL,12061,Indian River County,2024-10-06,30,inperson,0,,0,0,0,0,1,fl-doe,2026-09-08T00:32:43+00:00
2024,FL,12061,Indian River County,2024-10-06,30,mail,4438,,1570,1926,122,820,1,fl-doe,2026-09-08T00:32:43+00:00
2024,FL,12061,Indian River County,2024-10-07,29,inperson,0,,0,0,0,0,1,fl-doe,2026-09-08T00:32:43+00:00
2024,FL,12061,Indian River County,2024-10-07,29,mail,4438,,1570,1926,122,820,1,fl-doe,2026-09-08T00:32:43+00:00
2024,FL,12061,Indian River County,2024-10-23,13,inperson,7791,,1295,5174,189,1133,1,fl-doe,2026-09-08T00:32:43+00:00
2024,FL,12061,Indian River County,2024-10-23,13,mail,18714,,6398,8413,506,3397,1,fl-doe,2026-09-08T00:32:43+00:00
2024,FL,12061,Indian River County,2024-10-28,8,inperson,23583,,3948,15245,573,3817,1,fl-doe,2026-09-08T00:32:43+00:00
2024,FL,12061,Indian River County,2024-10-28,8,mail,23551,,7925,10657,633,4336,1,fl-doe,2026-09-08T00:32:43+00:00
2024,FL,12061,Indian River County,2024-10-29,7,inperson,27249,,4537,17498,680,4534,1,fl-doe,2026-09-08T00:32:43+00:00
2024,FL,12061,Indian River County,2024-10-29,7,mail,24793,,8367,11181,660,4585,1,fl-doe,2026-09-08T00:32:43+00:00
2024,FL,12061,Indian River County,2024-10-31,5,inperson,34071,,5765,21489,928,5889,1,fl-doe,2026-09-08T00:32:43+00:00
2024,FL,12061,Indian River County,2024-10-31,5,mail,27455,,9228,12381,715,5131,1,fl-doe,2026-09-08T00:32:43+00:00
2024,FL,12061,Indian River County,2024-11-01,4,inperson,37142,,6383,23197,1019,6543,1,fl-doe,2026-09-08T00:32:43+00:00
2024,FL,12061,Indian River County,2024-11-01,4,mail,28234,,9461,12747,733,5293,1,fl-doe,2026-09-08T00:32:43+00:00
2024,FL,12061,Indian River County,2024-11-03,2,inperson,45309,,8007,27711,1289,8302,1,fl-doe,2026-09-08T00:32:43+00:00
2024,FL,12061,Indian River County,2024-11-03,2,mail,29892,,9977,13460,776,5679,1,fl-doe,2026-09-08T00:32:43+00:00
2024,FL,12061,Indian River County,2024-11-04,1,inperson,45309,,8007,27711,1289,8302,1,fl-doe,2026-09-08T00:32:43+00:00
2024,FL,12061,Indian River County,2024-11-04,1,mail,29892,,9977,13460,776,5679,1,fl-doe,2026-09-08T00:32:43+00:00
2024,FL,12061,Indian River County,2024-11-05,0,inperson,45309,,8007,27711,1289,8302,1,fl-doe,2026-09-08T00:32:43+00:00
2024,FL,12061,Indian River County,2024-11-05,0,mail,30757,,10216,13846,813,5882,1,fl-doe,2026-09-08T00:32:43+00:00
2024,FL,12061,Indian River County,2024-11-06,-1,inperson,45309,,8007,27711,1289,8302,1,fl-doe,2026-09-08T00:32:43+00:00
2024,FL,12061,Indian River County,2024-11-06,-1,mail,31427,,10402,14132,835,6058,1,fl-doe,2026-09-08T00:32:43+00:00
2024,FL,12061,Indian River County,2024-11-07,-2,inperson,45309,,8007,27711,1289,8302,1,fl-doe,2026-09-08T00:32:43+00:00
2024,FL,12061,Indian River County,2024-11-07,-2,mail,31436,,10404,14137,835,6060,1,fl-doe,2026-09-08T00:32:43+00:00
2024,FL,12061,Indian River County,2024-11-08,-3,inperson,45309,,8007,27711,1289,8302,1,fl-doe,2026-09-08T00:32:43+00:00
2024,FL,12061,Indian River County,2024-11-08,-3,mail,31457,,10409,14147,835,6066,1,fl-doe,2026-09-08T00:32:43+00:00
2024,FL,12061,Indian River County,2024-11-09,-4,inperson,45309,,8007,27711,1289,8302,1,fl-doe,2026-09-08T00:32:43+00:00
2024,FL,12061,Indian River County,2024-11-09,-4,mail,31457,,10409,14147,835,6066,1,fl-doe,2026-09-08T00:32:43+00:00
2024,FL,12061,Indian River County,2024-11-12,-7,inperson,45309,,8007,27711,1289,8302,1,fl-doe,2026-09-08T00:32:43+00:00
2024,FL,12061,Indian River County,2024-11-12,-7,mail,31457,,10409,14147,835,6066,1,fl-doe,2026-09-08T00:32:43+00:00
2024,FL,12061,Indian River County,2024-11-13,-8,inperson,45309,,8007,27711,1289,8302,1,fl-doe,2026-09-08T00:32:43+00:00
2024,FL,12061,Indian River County,2024-11-13,-8,mail,31464,,10413,14149,835,6067,1,fl-doe,2026-09-08T00:32:43+00:00
2024,FL,12061,Indian River County,2024-11-14,-9,inperson,45309,,8007,27711,1289,8302,1,fl-doe,2026-09-08T00:32:43+00:00
2024,FL,12061,Indian River County,2024-11-14,-9,mail,31468,,10416,14149,835,6068,1,fl-doe,2026-09-08T00:32:43+00:00
2024,FL,12061,Indian River County,2024-11-17,-12,inperson,45309,,8007,27711,1289,8302,1,fl-doe,2026-09-08T00:32:43+00:00
2024,FL,12061,Indian River County,2024-11-17,-12,mail,31471,,10418,14149,835,6069,1,fl-doe,2026-09-08T00:32:43+00:00
2024,FL,12061,Indian River County,2024-11-18,-13,inperson,45309,,8007,27711,1289,8302,1,fl-doe,2026-09-08T00:32:43+00:00
2024,FL,12061,Indian River County,2024-11-18,-13,mail,31471,,10418,14149,835,6069,1,fl-doe,2026-09-08T00:32:43+00:00
2024,FL,12061,Indian River County,2024-11-20,-15,inperson,45309,,8007,27711,1289,8302,1,fl-doe,2026-09-08T00:32:43+00:00
2024,FL,12061,Indian River County,2024-11-20,-15,mail,31471,,10418,14149,835,6069,1,fl-doe,2026-09-08T00:32:43+00:00
2024,FL,12063,Jackson County,2024-09-20,46,inperson,0,,0,0,0,0,1,fl-doe,2026-09-08T00:32:43+00:00
2024,FL,12063,Jackson County,2024-09-20,46,mail,0,,0,0,0,0,1,fl-doe,2026-09-08T00:32:43+00:00
2024,FL,12063,Jackson County,2024-09-24,42,inperson,0,,0,0,0,0,1,fl-doe,2026-09-08T00:32:43+00:00
2024,FL,12063,Jackson County,2024-09-24,42,mail,0,,0,0,0,0,1,fl-doe,2026-09-08T00:32:43+00:00
2024,FL,12063,Jackson County,2024-09-26,40,inperson,0,,0,0,0,0,1,fl-doe,2026-09-08T00:32:43+00:00
2024,FL,12063,Jackson County,2024-09-26,40,mail,0,,0,0,0,0,1,fl-doe,2026-09-08T00:32:43+00:00
2024,FL,12063,Jackson County,2024-09-29,37,inperson,0,,0,0,0,0,1,fl-doe,2026-09-08T00:32:43+00:00
2024,FL,12063,Jackson County,2024-09-29,37,mail,0,,0,0,0,0,1,fl-doe,2026-09-08T00:32:43+00:00
2024,FL,12063,Jackson County,2024-09-30,36,inperson,0,,0,0,0,0,1,fl-doe,2026-09-08T00:32:43+00:00
2024,FL,12063,Jackson County,2024-09-30,36,mail,0,,0,0,0,0,1,fl-doe,2026-09-08T00:32:43+00:00
2024,FL,12063,Jackson County,2024-10-01,35,inperson,0,,0,0,0,0,1,fl-doe,2026-09-08T00:32:43+00:00
2024,FL,12063,Jackson County,2024-10-01,35,mail,0,,0,0,0,0,1,fl-doe,2026-09-08T00:32:43+00:00
2024,FL,12063,Jackson County,2024-10-02,34,inperson,0,,0,0,0,0,1,fl-doe,2026-09-08T00:32:43+00:00
2024,FL,12063,Jackson County,2024-10-02,34,mail,0,,0,0,0,0,1,fl-doe,2026-09-08T00:32:43+00:00
2024,FL,12063,Jackson County,2024-10-03,33,inperson,0,,0,0,0,0,1,fl-doe,2026-09-08T00:32:43+00:00
2024,FL,12063,Jackson County,2024-10-03,33,mail,14,,3,10,0,1,1,fl-doe,2026-09-08T00:32:43+00:00
2024,FL,12063,Jackson County,2024-10-04,32,inperson,0,,0,0,0,0,1,fl-doe,2026-09-08T00:32:43+00:00
2024,FL,12063,Jackson County,2024-10-04,32,mail,105,,38,59,2,6,1,fl-doe,2026-09-08T00:32:43+00:00
2024,FL,12063,Jackson County,2024-10-06,30,inperson,0,,0,0,0,0,1,fl-doe,2026-09-08T00:32:43+00:00
2024,FL,12063,Jackson County,2024-10-06,30,mail,366,,150,196,2,18,1,fl-doe,2026-09-08T00:32:43+00:00
2024,FL,12063,Jackson County,2024-10-07,29,inperson,0,,0,0,0,0,1,fl-doe,2026-09-08T00:32:43+00:00
2024,FL,12063,Jackson County,2024-10-07,29,mail,366,,150,196,2,18,1,fl-doe,2026-09-08T00:32:43+00:00
2024,FL,12063,Jackson County,2024-10-23,13,inperson,1507,,366,1044,12,85,1,fl-doe,2026-09-08T00:32:43+00:00
2024,FL,12063,Jackson County,2024-10-23,13,mail,2448,,1091,1212,18,127,1,fl-doe,2026-09-08T00:32:43+00:00
2024,FL,12063,Jackson County,2024-10-28,8,inperson,6490,,1484,4560,49,397,1,fl-doe,2026-09-08T00:32:43+00:00
2024,FL,12063,Jackson County,2024-10-28,8,mail,3107,,1362,1560,28,157,1,fl-doe,2026-09-08T00:32:43+00:00
2024,FL,12063,Jackson County,2024-10-29,7,inperson,7519,,1721,5273,66,459,1,fl-doe,2026-09-08T00:32:43+00:00
2024,FL,12063,Jackson County,2024-10-29,7,mail,3107,,1362,1560,28,157,1,fl-doe,2026-09-08T00:32:43+00:00
2024,FL,12063,Jackson County,2024-10-31,5,inperson,9348,,2195,6473,91,589,1,fl-doe,2026-09-08T00:32:43+00:00
2024,FL,12063,Jackson County,2024-10-31,5,mail,3463,,1530,1724,34,175,1,fl-doe,2026-09-08T00:32:43+00:00
2024,FL,12063,Jackson County,2024-11-01,4,inperson,10067,,2389,6906,110,662,1,fl-doe,2026-09-08T00:32:43+00:00
2024,FL,12063,Jackson County,2024-11-01,4,mail,3563,,1564,1784,36,179,1,fl-doe,2026-09-08T00:32:43+00:00
2024,FL,12063,Jackson County,2024-11-03,2,inperson,12058,,2963,8118,135,842,1,fl-doe,2026-09-08T00:32:43+00:00
2024,FL,12063,Jackson County,2024-11-03,2,mail,3638,,1605,1817,36,180,1,fl-doe,2026-09-08T00:32:43+00:00
2024,FL,12063,Jackson County,2024-11-04,1,inperson,12058,,2963,8118,135,842,1,fl-doe,2026-09-08T00:32:43+00:00
2024,FL,12063,Jackson County,2024-11-04,1,mail,3795,,1674,1885,40,196,1,fl-doe,2026-09-08T00:32:43+00:00
2024,FL,12063,Jackson County,2024-11-05,0,inperson,12057,,2963,8117,135,842,1,fl-doe,2026-09-08T00:32:43+00:00
2024,FL,12063,Jackson County,2024-11-05,0,mail,3860,,1706,1909,40,205,1,fl-doe,2026-09-08T00:32:43+00:00
2024,FL,12063,Jackson County,2024-11-06,-1,inperson,12057,,2963,8117,135,842,1,fl-doe,2026-09-08T00:32:43+00:00
2024,FL,12063,Jackson County,2024-11-06,-1,mail,3991,,1761,1972,42,216,1,fl-doe,2026-09-08T00:32:43+00:00
2024,FL,12063,Jackson County,2024-11-07,-2,inperson,12057,,2963,8117,135,842,1,fl-doe,2026-09-08T00:32:43+00:00
2024,FL,12063,Jackson County,2024-11-07,-2,mail,3991,,1761,1972,42,216,1,fl-doe,2026-09-08T00:32:43+00:00
2024,FL,12063,Jackson County,2024-11-08,-3,inperson,12057,,2963,8117,135,842,1,fl-doe,2026-09-08T00:32:43+00:00
2024,FL,12063,Jackson County,2024-11-08,-3,mail,3991,,1761,1972,42,216,1,fl-doe,2026-09-08T00:32:43+00:00
2024,FL,12063,Jackson County,2024-11-09,-4,inperson,12057,,2963,8117,135,842,1,fl-doe,2026-09-08T00:32:43+00:00
2024,FL,12063,Jackson County,2024-11-09,-4,mail,3997,,1761,1974,43,219,1,fl-doe,2026-09-08T00:32:43+00:00
2024,FL,12063,Jackson County,2024-11-12,-7,inperson,12057,,2963,8117,135,842,1,fl-doe,2026-09-08T00:32:43+00:00
2024,FL,12063,Jackson County,2024-11-12,-7,mail,3997,,1761,1974,43,219,1,fl-doe,2026-09-08T00:32:43+00:00
2024,FL,12063,Jackson County,2024-11-13,-8,inperson,12057,,2963,8117,135,842,1,fl-doe,2026-09-08T00:32:43+00:00
2024,FL,12063,Jackson County,2024-11-13,-8,mail,3997,,1761,1974,43,219,1,fl-doe,2026-09-08T00:32:43+00:00
2024,FL,12063,Jackson County,2024-11-14,-9,inperson,12057,,2963,8117,135,842,1,fl-doe,2026-09-08T00:32:43+00:00
2024,FL,12063,Jackson County,2024-11-14,-9,mail,3997,,1761,1974,43,219,1,fl-doe,2026-09-08T00:32:43+00:00
2024,FL,12063,Jackson County,2024-11-17,-12,inperson,12057,,2963,8117,135,842,1,fl-doe,2026-09-08T00:32:43+00:00
2024,FL,12063,Jackson County,2024-11-17,-12,mail,3997,,1761,1974,43,219,1,fl-doe,2026-09-08T00:32:43+00:00
2024,FL,12063,Jackson County,2024-11-18,-13,inperson,12057,,2963,8117,135,842,1,fl-doe,2026-09-08T00:32:43+00:00
2024,FL,12063,Jackson County,2024-11-18,-13,mail,3997,,1761,1974,43,219,1,fl-doe,2026-09-08T00:32:43+00:00
2024,FL,12063,Jackson County,2024-11-20,-15,inperson,12057,,2963,8117,135,842,1,fl-doe,2026-09-08T00:32:43+00:00
2024,FL,12063,Jackson County,2024-11-20,-15,mail,3997,,1761,1974,43,219,1,fl-doe,2026-09-08T00:32:43+00:00
2024,FL,12065,Jefferson County,2024-09-08,58,inperson,0,,0,0,0,0,1,fl-doe,2026-09-08T00:32:43+00:00
2024,FL,12065,Jefferson County,2024-09-08,58,mail,0,,0,0,0,0,1,fl-doe,2026-09-08T00:32:43+00:00
2024,FL,12065,Jefferson County,2024-09-10,56,inperson,0,,0,0,0,0,1,fl-doe,2026-09-08T00:32:43+00:00
2024,FL,12065,Jefferson County,2024-09-10,56,mail,0,,0,0,0,0,1,fl-doe,2026-09-08T00:32:43+00:00
2024,FL,12065,Jefferson County,2024-09-12,54,inperson,0,,0,0,0,0,1,fl-doe,2026-09-08T00:32:43+00:00
2024,FL,12065,Jefferson County,2024-09-12,54,mail,0,,0,0,0,0,1,fl-doe,2026-09-08T00:32:43+00:00
2024,FL,12065,Jefferson County,2024-09-16,50,inperson,0,,0,0,0,0,1,fl-doe,2026-09-08T00:32:43+00:00
2024,FL,12065,Jefferson County,2024-09-16,50,mail,0,,0,0,0,0,1,fl-doe,2026-09-08T00:32:43+00:00
2024,FL,12065,Jefferson County,2024-09-17,49,inperson,0,,0,0,0,0,1,fl-doe,2026-09-08T00:32:43+00:00
2024,FL,12065,Jefferson County,2024-09-17,49,mail,0,,0,0,0,0,1,fl-doe,2026-09-08T00:32:43+00:00
2024,FL,12065,Jefferson County,2024-09-20,46,inperson,0,,0,0,0,0,1,fl-doe,2026-09-08T00:32:43+00:00
2024,FL,12065,Jefferson County,2024-09-20,46,mail,0,,0,0,0,0,1,fl-doe,2026-09-08T00:32:43+00:00
2024,FL,12065,Jefferson County,2024-09-24,42,inperson,0,,0,0,0,0,1,fl-doe,2026-09-08T00:32:43+00:00
2024,FL,12065,Jefferson County,2024-09-24,42,mail,0,,0,0,0,0,1,fl-doe,2026-09-08T00:32:43+00:00
2024,FL,12065,Jefferson County,2024-09-26,40,inperson,0,,0,0,0,0,1,fl-doe,2026-09-08T00:32:43+00:00
2024,FL,12065,Jefferson County,2024-09-26,40,mail,2,,1,1,0,0,1,fl-doe,2026-09-08T00:32:43+00:00
2024,FL,12065,Jefferson County,2024-09-29,37,inperson,0,,0,0,0,0,1,fl-doe,2026-09-08T00:32:43+00:00
2024,FL,12065,Jefferson County,2024-09-29,37,mail,2,,1,1,0,0,1,fl-doe,2026-09-08T00:32:43+00:00
2024,FL,12065,Jefferson County,2024-09-30,36,inperson,0,,0,0,0,0,1,fl-doe,2026-09-08T00:32:43+00:00
2024,FL,12065,Jefferson County,2024-09-30,36,mail,2,,1,1,0,0,1,fl-doe,2026-09-08T00:32:43+00:00
2024,FL,12065,Jefferson County,2024-10-01,35,inperson,0,,0,0,0,0,1,fl-doe,2026-09-08T00:32:43+00:00
2024,FL,12065,Jefferson County,2024-10-01,35,mail,3,,2,1,0,0,1,fl-doe,2026-09-08T00:32:43+00:00
2024,FL,12065,Jefferson County,2024-10-02,34,inperson,0,,0,0,0,0,1,fl-doe,2026-09-08T00:32:43+00:00
2024,FL,12065,Jefferson County,2024-10-02,34,mail,3,,2,1,0,0,1,fl-doe,2026-09-08T00:32:43+00:00
2024,FL,12065,Jefferson County,2024-10-03,33,inperson,0,,0,0,0,0,1,fl-doe,2026-09-08T00:32:43+00:00
2024,FL,12065,Jefferson County,2024-10-03,33,mail,3,,2,1,0,0,1,fl-doe,2026-09-08T00:32:43+00:00
2024,FL,12065,Jefferson County,2024-10-04,32,inperson,0,,0,0,0,0,1,fl-doe,2026-09-08T00:32:43+00:00
2024,FL,12065,Jefferson County,2024-10-04,32,mail,7,,6,1,0,0,1,fl-doe,2026-09-08T00:32:43+00:00
2024,FL,12065,Jefferson County,2024-10-06,30,inperson,0,,0,0,0,0,1,fl-doe,2026-09-08T00:32:43+00:00
2024,FL,12065,Jefferson County,2024-10-06,30,mail,18,,16,2,0,0,1,fl-doe,2026-09-08T00:32:43+00:00
2024,FL,12065,Jefferson County,2024-10-07,29,inperson,0,,0,0,0,0,1,fl-doe,2026-09-08T00:32:43+00:00
2024,FL,12065,Jefferson County,2024-10-07,29,mail,18,,16,2,0,0,1,fl-doe,2026-09-08T00:32:43+00:00
2024,FL,12065,Jefferson County,2024-10-23,13,inperson,929,,235,612,8,74,1,fl-doe,2026-09-08T00:32:43+00:00
2024,FL,12065,Jefferson County,2024-10-23,13,mail,870,,480,298,10,82,1,fl-doe,2026-09-08T00:32:43+00:00
2024,FL,12065,Jefferson County,2024-10-28,8,inperson,2431,,693,1513,24,201,1,fl-doe,2026-09-08T00:32:43+00:00
2024,FL,12065,Jefferson County,2024-10-28,8,mail,1174,,676,386,11,101,1,fl-doe,2026-09-08T00:32:43+00:00
2024,FL,12065,Jefferson County,2024-10-29,7,inperson,2713,,760,1699,25,229,1,fl-doe,2026-09-08T00:32:43+00:00
2024,FL,12065,Jefferson County,2024-10-29,7,mail,1224,,701,400,12,111,1,fl-doe,2026-09-08T00:32:43+00:00
2024,FL,12065,Jefferson County,2024-10-31,5,inperson,3268,,932,2019,34,283,1,fl-doe,2026-09-08T00:32:43+00:00
2024,FL,12065,Jefferson County,2024-10-31,5,mail,1330,,754,437,13,126,1,fl-doe,2026-09-08T00:32:43+00:00
2024,FL,12065,Jefferson County,2024-11-01,4,inperson,3546,,1028,2164,38,316,1,fl-doe,2026-09-08T00:32:43+00:00
2024,FL,12065,Jefferson County,2024-11-01,4,mail,1390,,778,460,16,136,1,fl-doe,2026-09-08T00:32:43+00:00
2024,FL,12065,Jefferson County,2024-11-03,2,inperson,4190,,1265,2463,51,411,1,fl-doe,2026-09-08T00:32:43+00:00
2024,FL,12065,Jefferson County,2024-11-03,2,mail,1462,,808,486,17,151,1,fl-doe,2026-09-08T00:32:43+00:00
2024,FL,12065,Jefferson County,2024-11-04,1,inperson,4190,,1265,2463,51,411,1,fl-doe,2026-09-08T00:32:43+00:00
2024,FL,12065,Jefferson County,2024-11-04,1,mail,1462,,808,486,17,151,1,fl-doe,2026-09-08T00:32:43+00:00
2024,FL,12065,Jefferson County,2024-11-05,0,inperson,4190,,1265,2463,51,411,1,fl-doe,2026-09-08T00:32:43+00:00
2024,FL,12065,Jefferson County,2024-11-05,0,mail,1480,,812,496,17,155,1,fl-doe,2026-09-08T00:32:43+00:00
2024,FL,12065,Jefferson County,2024-11-06,-1,inperson,4190,,1265,2463,51,411,1,fl-doe,2026-09-08T00:32:43+00:00
2024,FL,12065,Jefferson County,2024-11-06,-1,mail,1547,,852,514,18,163,1,fl-doe,2026-09-08T00:32:43+00:00
2024,FL,12065,Jefferson County,2024-11-07,-2,inperson,4190,,1265,2463,51,411,1,fl-doe,2026-09-08T00:32:43+00:00
2024,FL,12065,Jefferson County,2024-11-07,-2,mail,1547,,852,514,18,163,1,fl-doe,2026-09-08T00:32:43+00:00
2024,FL,12065,Jefferson County,2024-11-08,-3,inperson,4190,,1265,2463,51,411,1,fl-doe,2026-09-08T00:32:43+00:00
2024,FL,12065,Jefferson County,2024-11-08,-3,mail,1547,,852,514,18,163,1,fl-doe,2026-09-08T00:32:43+00:00
2024,FL,12065,Jefferson County,2024-11-09,-4,inperson,4190,,1265,2463,51,411,1,fl-doe,2026-09-08T00:32:43+00:00
2024,FL,12065,Jefferson County,2024-11-09,-4,mail,1548,,853,514,18,163,1,fl-doe,2026-09-08T00:32:43+00:00
2024,FL,12065,Jefferson County,2024-11-12,-7,inperson,4190,,1265,2463,51,411,1,fl-doe,2026-09-08T00:32:43+00:00
2024,FL,12065,Jefferson County,2024-11-12,-7,mail,1548,,853,514,18,163,1,fl-doe,2026-09-08T00:32:43+00:00
2024,FL,12065,Jefferson County,2024-11-13,-8,inperson,4190,,1265,2463,51,411,1,fl-doe,2026-09-08T00:32:43+00:00
2024,FL,12065,Jefferson County,2024-11-13,-8,mail,1548,,853,514,18,163,1,fl-doe,2026-09-08T00:32:43+00:00
2024,FL,12065,Jefferson County,2024-11-14,-9,inperson,4190,,1265,2463,51,411,1,fl-doe,2026-09-08T00:32:43+00:00
2024,FL,12065,Jefferson County,2024-11-14,-9,mail,1549,,853,514,18,164,1,fl-doe,2026-09-08T00:32:43+00:00
2024,FL,12065,Jefferson County,2024-11-17,-12,inperson,4190,,1265,2463,51,411,1,fl-doe,2026-09-08T00:32:43+00:00
2024,FL,12065,Jefferson County,2024-11-17,-12,mail,1549,,853,514,18,164,1,fl-doe,2026-09-08T00:32:43+00:00
2024,FL,12065,Jefferson County,2024-11-18,-13,inperson,4190,,1265,2463,51,411,1,fl-doe,2026-09-08T00:32:43+00:00
2024,FL,12065,Jefferson County,2024-11-18,-13,mail,1549,,853,514,18,164,1,fl-doe,2026-09-08T00:32:43+00:00
2024,FL,12065,Jefferson County,2024-11-20,-15,inperson,4190,,1265,2463,51,411,1,fl-doe,2026-09-08T00:32:43+00:00
2024,FL,12065,Jefferson County,2024-11-20,-15,mail,1549,,853,514,18,164,1,fl-doe,2026-09-08T00:32:43+00:00
2024,FL,12067,Lafayette County,2024-09-24,42,inperson,0,,0,0,0,0,1,fl-doe,2026-09-08T00:32:43+00:00
2024,FL,12067,Lafayette County,2024-09-24,42,mail,0,,0,0,0,0,1,fl-doe,2026-09-08T00:32:43+00:00
2024,FL,12067,Lafayette County,2024-09-26,40,inperson,0,,0,0,0,0,1,fl-doe,2026-09-08T00:32:43+00:00
2024,FL,12067,Lafayette County,2024-09-26,40,mail,0,,0,0,0,0,1,fl-doe,2026-09-08T00:32:43+00:00
2024,FL,12067,Lafayette County,2024-09-29,37,inperson,0,,0,0,0,0,1,fl-doe,2026-09-08T00:32:43+00:00
2024,FL,12067,Lafayette County,2024-09-29,37,mail,0,,0,0,0,0,1,fl-doe,2026-09-08T00:32:43+00:00
2024,FL,12067,Lafayette County,2024-09-30,36,inperson,0,,0,0,0,0,1,fl-doe,2026-09-08T00:32:43+00:00
2024,FL,12067,Lafayette County,2024-09-30,36,mail,0,,0,0,0,0,1,fl-doe,2026-09-08T00:32:43+00:00
2024,FL,12067,Lafayette County,2024-10-01,35,inperson,0,,0,0,0,0,1,fl-doe,2026-09-08T00:32:43+00:00
2024,FL,12067,Lafayette County,2024-10-01,35,mail,2,,0,1,1,0,1,fl-doe,2026-09-08T00:32:43+00:00
2024,FL,12067,Lafayette County,2024-10-02,34,inperson,0,,0,0,0,0,1,fl-doe,2026-09-08T00:32:43+00:00
2024,FL,12067,Lafayette County,2024-10-02,34,mail,4,,0,3,1,0,1,fl-doe,2026-09-08T00:32:43+00:00
2024,FL,12067,Lafayette County,2024-10-03,33,inperson,0,,0,0,0,0,1,fl-doe,2026-09-08T00:32:43+00:00
2024,FL,12067,Lafayette County,2024-10-03,33,mail,4,,0,3,1,0,1,fl-doe,2026-09-08T00:32:43+00:00
2024,FL,12067,Lafayette County,2024-10-04,32,inperson,0,,0,0,0,0,1,fl-doe,2026-09-08T00:32:43+00:00
2024,FL,12067,Lafayette County,2024-10-04,32,mail,19,,4,13,2,0,1,fl-doe,2026-09-08T00:32:43+00:00
2024,FL,12067,Lafayette County,2024-10-06,30,inperson,0,,0,0,0,0,1,fl-doe,2026-09-08T00:32:43+00:00
2024,FL,12067,Lafayette County,2024-10-06,30,mail,38,,9,26,2,1,1,fl-doe,2026-09-08T00:32:43+00:00
2024,FL,12067,Lafayette County,2024-10-07,29,inperson,0,,0,0,0,0,1,fl-doe,2026-09-08T00:32:43+00:00
2024,FL,12067,Lafayette County,2024-10-07,29,mail,38,,9,26,2,1,1,fl-doe,2026-09-08T00:32:43+00:00
2024,FL,12067,Lafayette County,2024-10-23,13,inperson,287,,24,245,3,15,1,fl-doe,2026-09-08T00:32:43+00:00
2024,FL,12067,Lafayette County,2024-10-23,13,mail,263,,53,193,3,14,1,fl-doe,2026-09-08T00:32:43+00:00
2024,FL,12067,Lafayette County,2024-10-28,8,inperson,968,,77,847,8,36,1,fl-doe,2026-09-08T00:32:43+00:00
2024,FL,12067,Lafayette County,2024-10-28,8,mail,326,,64,242,4,16,1,fl-doe,2026-09-08T00:32:43+00:00
2024,FL,12067,Lafayette County,2024-10-29,7,inperson,1112,,85,970,15,42,1,fl-doe,2026-09-08T00:32:43+00:00
2024,FL,12067,Lafayette County,2024-10-29,7,mail,343,,65,257,4,17,1,fl-doe,2026-09-08T00:32:43+00:00
2024,FL,12067,Lafayette County,2024-10-31,5,inperson,1410,,116,1228,15,51,1,fl-doe,2026-09-08T00:32:43+00:00
2024,FL,12067,Lafayette County,2024-10-31,5,mail,370,,66,281,4,19,1,fl-doe,2026-09-08T00:32:43+00:00
2024,FL,12067,Lafayette County,2024-11-01,4,inperson,1549,,131,1341,17,60,1,fl-doe,2026-09-08T00:32:43+00:00
2024,FL,12067,Lafayette County,2024-11-01,4,mail,390,,70,295,4,21,1,fl-doe,2026-09-08T00:32:43+00:00
2024,FL,12067,Lafayette County,2024-11-03,2,inperson,1924,,191,1625,22,86,1,fl-doe,2026-09-08T00:32:43+00:00
2024,FL,12067,Lafayette County,2024-11-03,2,mail,420,,74,316,5,25,1,fl-doe,2026-09-08T00:32:43+00:00
2024,FL,12067,Lafayette County,2024-11-04,1,inperson,1924,,191,1625,22,86,1,fl-doe,2026-09-08T00:32:43+00:00
2024,FL,12067,Lafayette County,2024-11-04,1,mail,420,,74,316,5,25,1,fl-doe,2026-09-08T00:32:43+00:00
2024,FL,12067,Lafayette County,2024-11-05,0,inperson,1924,,191,1625,22,86,1,fl-doe,2026-09-08T00:32:43+00:00
2024,FL,12067,Lafayette County,2024-11-05,0,mail,448,,76,336,5,31,1,fl-doe,2026-09-08T00:32:43+00:00
2024,FL,12067,Lafayette County,2024-11-06,-1,inperson,1924,,191,1625,22,86,1,fl-doe,2026-09-08T00:32:43+00:00
2024,FL,12067,Lafayette County,2024-11-06,-1,mail,464,,83,344,5,32,1,fl-doe,2026-09-08T00:32:43+00:00
2024,FL,12067,Lafayette County,2024-11-07,-2,inperson,1924,,191,1625,22,86,1,fl-doe,2026-09-08T00:32:43+00:00
2024,FL,12067,Lafayette County,2024-11-07,-2,mail,464,,83,344,5,32,1,fl-doe,2026-09-08T00:32:43+00:00
2024,FL,12067,Lafayette County,2024-11-08,-3,inperson,1924,,191,1625,22,86,1,fl-doe,2026-09-08T00:32:43+00:00
2024,FL,12067,Lafayette County,2024-11-08,-3,mail,464,,83,344,5,32,1,fl-doe,2026-09-08T00:32:43+00:00
2024,FL,12067,Lafayette County,2024-11-09,-4,inperson,1924,,191,1625,22,86,1,fl-doe,2026-09-08T00:32:43+00:00
2024,FL,12067,Lafayette County,2024-11-09,-4,mail,464,,83,344,5,32,1,fl-doe,2026-09-08T00:32:43+00:00
2024,FL,12067,Lafayette County,2024-11-12,-7,inperson,1924,,191,1625,22,86,1,fl-doe,2026-09-08T00:32:43+00:00
2024,FL,12067,Lafayette County,2024-11-12,-7,mail,464,,83,344,5,32,1,fl-doe,2026-09-08T00:32:43+00:00
2024,FL,12067,Lafayette County,2024-11-13,-8,inperson,1924,,191,1625,22,86,1,fl-doe,2026-09-08T00:32:43+00:00
2024,FL,12067,Lafayette County,2024-11-13,-8,mail,464,,83,344,5,32,1,fl-doe,2026-09-08T00:32:43+00:00
2024,FL,12067,Lafayette County,2024-11-14,-9,inperson,1924,,191,1625,22,86,1,fl-doe,2026-09-08T00:32:43+00:00
2024,FL,12067,Lafayette County,2024-11-14,-9,mail,464,,83,344,5,32,1,fl-doe,2026-09-08T00:32:43+00:00
2024,FL,12067,Lafayette County,2024-11-17,-12,inperson,1924,,191,1625,22,86,1,fl-doe,2026-09-08T00:32:43+00:00
2024,FL,12067,Lafayette County,2024-11-17,-12,mail,464,,83,344,5,32,1,fl-doe,2026-09-08T00:32:43+00:00
2024,FL,12067,Lafayette County,2024-11-18,-13,inperson,1924,,191,1625,22,86,1,fl-doe,2026-09-08T00:32:43+00:00
2024,FL,12067,Lafayette County,2024-11-18,-13,mail,464,,83,344,5,32,1,fl-doe,2026-09-08T00:32:43+00:00
2024,FL,12067,Lafayette County,2024-11-20,-15,inperson,1924,,191,1625,22,86,1,fl-doe,2026-09-08T00:32:43+00:00
2024,FL,12067,Lafayette County,2024-11-20,-15,mail,468,,86,345,5,32,1,fl-doe,2026-09-08T00:32:43+00:00
2024,FL,12069,Lake County,2024-09-24,42,inperson,0,,0,0,0,0,1,fl-doe,2026-09-08T00:32:43+00:00
2024,FL,12069,Lake County,2024-09-24,42,mail,0,,0,0,0,0,1,fl-doe,2026-09-08T00:32:43+00:00
2024,FL,12069,Lake County,2024-09-26,40,inperson,0,,0,0,0,0,1,fl-doe,2026-09-08T00:32:43+00:00
2024,FL,12069,Lake County,2024-09-26,40,mail,16,,11,3,1,1,1,fl-doe,2026-09-08T00:32:43+00:00
2024,FL,12069,Lake County,2024-09-29,37,inperson,0,,0,0,0,0,1,fl-doe,2026-09-08T00:32:43+00:00
2024,FL,12069,Lake County,2024-09-29,37,mail,16,,11,3,1,1,1,fl-doe,2026-09-08T00:32:43+00:00
2024,FL,12069,Lake County,2024-09-30,36,inperson,0,,0,0,0,0,1,fl-doe,2026-09-08T00:32:43+00:00
2024,FL,12069,Lake County,2024-09-30,36,mail,16,,11,3,1,1,1,fl-doe,2026-09-08T00:32:43+00:00
2024,FL,12069,Lake County,2024-10-01,35,inperson,0,,0,0,0,0,1,fl-doe,2026-09-08T00:32:43+00:00
2024,FL,12069,Lake County,2024-10-01,35,mail,36,,18,12,1,5,1,fl-doe,2026-09-08T00:32:43+00:00
2024,FL,12069,Lake County,2024-10-02,34,inperson,0,,0,0,0,0,1,fl-doe,2026-09-08T00:32:43+00:00
2024,FL,12069,Lake County,2024-10-02,34,mail,244,,94,112,3,35,1,fl-doe,2026-09-08T00:32:43+00:00
2024,FL,12069,Lake County,2024-10-03,33,inperson,0,,0,0,0,0,1,fl-doe,2026-09-08T00:32:43+00:00
2024,FL,12069,Lake County,2024-10-03,33,mail,1481,,583,626,28,244,1,fl-doe,2026-09-08T00:32:43+00:00
2024,FL,12069,Lake County,2024-10-04,32,inperson,0,,0,0,0,0,1,fl-doe,2026-09-08T00:32:43+00:00
2024,FL,12069,Lake County,2024-10-04,32,mail,2917,,1167,1240,46,464,1,fl-doe,2026-09-08T00:32:43+00:00
2024,FL,12069,Lake County,2024-10-06,30,inperson,0,,0,0,0,0,1,fl-doe,2026-09-08T00:32:43+00:00
2024,FL,12069,Lake County,2024-10-06,30,mail,3441,,1402,1412,59,568,1,fl-doe,2026-09-08T00:32:43+00:00
2024,FL,12069,Lake County,2024-10-07,29,inperson,0,,0,0,0,0,1,fl-doe,2026-09-08T00:32:43+00:00
2024,FL,12069,Lake County,2024-10-07,29,mail,3441,,1402,1412,59,568,1,fl-doe,2026-09-08T00:32:43+00:00
2024,FL,12069,Lake County,2024-10-23,13,inperson,16590,,4287,9325,335,2643,1,fl-doe,2026-09-08T00:32:43+00:00
2024,FL,12069,Lake County,2024-10-23,13,mail,20966,,8502,8157,381,3926,1,fl-doe,2026-09-08T00:32:43+00:00
2024,FL,12069,Lake County,2024-10-28,8,inperson,56195,,13222,31690,1291,9992,1,fl-doe,2026-09-08T00:32:43+00:00
2024,FL,12069,Lake County,2024-10-28,8,mail,30992,,12468,11950,605,5969,1,fl-doe,2026-09-08T00:32:43+00:00
2024,FL,12069,Lake County,2024-10-29,7,inperson,66440,,15563,37258,1559,12060,1,fl-doe,2026-09-08T00:32:43+00:00
2024,FL,12069,Lake County,2024-10-29,7,mail,33603,,13431,12927,677,6568,1,fl-doe,2026-09-08T00:32:43+00:00
2024,FL,12069,Lake County,2024-10-31,5,inperson,85882,,20050,47295,2093,16444,1,fl-doe,2026-09-08T00:32:43+00:00
2024,FL,12069,Lake County,2024-10-31,5,mail,37531,,14788,14396,789,7558,1,fl-doe,2026-09-08T00:32:43+00:00
2024,FL,12069,Lake County,2024-11-01,4,inperson,94746,,22169,51756,2360,18461,1,fl-doe,2026-09-08T00:32:43+00:00
2024,FL,12069,Lake County,2024-11-01,4,mail,39005,,15261,14926,831,7987,1,fl-doe,2026-09-08T00:32:43+00:00
2024,FL,12069,Lake County,2024-11-03,2,inperson,116441,,27464,62043,3013,23921,1,fl-doe,2026-09-08T00:32:43+00:00
2024,FL,12069,Lake County,2024-11-03,2,mail,41065,,16009,15651,884,8521,1,fl-doe,2026-09-08T00:32:43+00:00
2024,FL,12069,Lake County,2024-11-04,1,inperson,116441,,27464,62043,3013,23921,1,fl-doe,2026-09-08T00:32:43+00:00
2024,FL,12069,Lake County,2024-11-04,1,mail,41065,,16009,15651,884,8521,1,fl-doe,2026-09-08T00:32:43+00:00
2024,FL,12069,Lake County,2024-11-05,0,inperson,116441,,27464,62043,3013,23921,1,fl-doe,2026-09-08T00:32:43+00:00
2024,FL,12069,Lake County,2024-11-05,0,mail,42076,,16333,16025,922,8796,1,fl-doe,2026-09-08T00:32:43+00:00
2024,FL,12069,Lake County,2024-11-06,-1,inperson,116441,,27464,62043,3013,23921,1,fl-doe,2026-09-08T00:32:43+00:00
2024,FL,12069,Lake County,2024-11-06,-1,mail,42804,,16588,16272,949,8995,1,fl-doe,2026-09-08T00:32:43+00:00
2024,FL,12069,Lake County,2024-11-07,-2,inperson,116441,,27464,62043,3013,23921,1,fl-doe,2026-09-08T00:32:43+00:00
2024,FL,12069,Lake County,2024-11-07,-2,mail,42805,,16588,16272,949,8996,1,fl-doe,2026-09-08T00:32:43+00:00
2024,FL,12069,Lake County,2024-11-08,-3,inperson,116441,,27464,62043,3013,23921,1,fl-doe,2026-09-08T00:32:43+00:00
2024,FL,12069,Lake County,2024-11-08,-3,mail,42855,,16605,16285,949,9016,1,fl-doe,2026-09-08T00:32:43+00:00
2024,FL,12069,Lake County,2024-11-09,-4,inperson,116441,,27464,62043,3013,23921,1,fl-doe,2026-09-08T00:32:43+00:00
2024,FL,12069,Lake County,2024-11-09,-4,mail,42927,,16630,16302,953,9042,1,fl-doe,2026-09-08T00:32:43+00:00
2024,FL,12069,Lake County,2024-11-12,-7,inperson,116441,,27464,62043,3013,23921,1,fl-doe,2026-09-08T00:32:43+00:00
2024,FL,12069,Lake County,2024-11-12,-7,mail,42927,,16630,16302,953,9042,1,fl-doe,2026-09-08T00:32:43+00:00
2024,FL,12069,Lake County,2024-11-13,-8,inperson,116441,,27464,62043,3013,23921,1,fl-doe,2026-09-08T00:32:43+00:00
2024,FL,12069,Lake County,2024-11-13,-8,mail,42927,,16630,16302,953,9042,1,fl-doe,2026-09-08T00:32:43+00:00
2024,FL,12069,Lake County,2024-11-14,-9,inperson,116441,,27464,62043,3013,23921,1,fl-doe,2026-09-08T00:32:43+00:00
2024,FL,12069,Lake County,2024-11-14,-9,mail,42938,,16634,16305,954,9045,1,fl-doe,2026-09-08T00:32:43+00:00
2024,FL,12069,Lake County,2024-11-17,-12,inperson,116441,,27464,62043,3013,23921,1,fl-doe,2026-09-08T00:32:43+00:00
2024,FL,12069,Lake County,2024-11-17,-12,mail,42953,,16642,16310,954,9047,1,fl-doe,2026-09-08T00:32:43+00:00
2024,FL,12069,Lake County,2024-11-18,-13,inperson,116441,,27464,62043,3013,23921,1,fl-doe,2026-09-08T00:32:43+00:00
2024,FL,12069,Lake County,2024-11-18,-13,mail,42953,,16642,16310,954,9047,1,fl-doe,2026-09-08T00:32:43+00:00
2024,FL,12069,Lake County,2024-11-20,-15,inperson,116441,,27464,62043,3013,23921,1,fl-doe,2026-09-08T00:32:43+00:00
2024,FL,12069,Lake County,2024-11-20,-15,mail,42953,,16642,16310,954,9047,1,fl-doe,2026-09-08T00:32:43+00:00
2024,FL,12071,Lee County,2024-09-16,50,inperson,0,,0,0,0,0,1,fl-doe,2026-09-08T00:32:43+00:00
2024,FL,12071,Lee County,2024-09-16,50,mail,0,,0,0,0,0,1,fl-doe,2026-09-08T00:32:43+00:00
2024,FL,12071,Lee County,2024-09-17,49,inperson,0,,0,0,0,0,1,fl-doe,2026-09-08T00:32:43+00:00
2024,FL,12071,Lee County,2024-09-17,49,mail,0,,0,0,0,0,1,fl-doe,2026-09-08T00:32:43+00:00
2024,FL,12071,Lee County,2024-09-20,46,inperson,0,,0,0,0,0,1,fl-doe,2026-09-08T00:32:43+00:00
2024,FL,12071,Lee County,2024-09-20,46,mail,0,,0,0,0,0,1,fl-doe,2026-09-08T00:32:43+00:00
2024,FL,12071,Lee County,2024-09-24,42,inperson,0,,0,0,0,0,1,fl-doe,2026-09-08T00:32:43+00:00
2024,FL,12071,Lee County,2024-09-24,42,mail,22,,9,7,2,4,1,fl-doe,2026-09-08T00:32:43+00:00
2024,FL,12071,Lee County,2024-09-26,40,inperson,0,,0,0,0,0,1,fl-doe,2026-09-08T00:32:43+00:00
2024,FL,12071,Lee County,2024-09-26,40,mail,59,,21,19,5,14,1,fl-doe,2026-09-08T00:32:43+00:00
2024,FL,12071,Lee County,2024-09-29,37,inperson,0,,0,0,0,0,1,fl-doe,2026-09-08T00:32:43+00:00
2024,FL,12071,Lee County,2024-09-29,37,mail,59,,21,19,5,14,1,fl-doe,2026-09-08T00:32:43+00:00
2024,FL,12071,Lee County,2024-09-30,36,inperson,0,,0,0,0,0,1,fl-doe,2026-09-08T00:32:43+00:00
2024,FL,12071,Lee County,2024-09-30,36,mail,59,,21,19,5,14,1,fl-doe,2026-09-08T00:32:43+00:00
2024,FL,12071,Lee County,2024-10-01,35,inperson,0,,0,0,0,0,1,fl-doe,2026-09-08T00:32:43+00:00
2024,FL,12071,Lee County,2024-10-01,35,mail,116,,45,35,5,31,1,fl-doe,2026-09-08T00:32:43+00:00
2024,FL,12071,Lee County,2024-10-02,34,inperson,0,,0,0,0,0,1,fl-doe,2026-09-08T00:32:43+00:00
2024,FL,12071,Lee County,2024-10-02,34,mail,166,,58,56,7,45,1,fl-doe,2026-09-08T00:32:43+00:00
2024,FL,12071,Lee County,2024-10-03,33,inperson,0,,0,0,0,0,1,fl-doe,2026-09-08T00:32:43+00:00
2024,FL,12071,Lee County,2024-10-03,33,mail,213,,73,67,8,65,1,fl-doe,2026-09-08T00:32:43+00:00
2024,FL,12071,Lee County,2024-10-04,32,inperson,0,,0,0,0,0,1,fl-doe,2026-09-08T00:32:43+00:00
2024,FL,12071,Lee County,2024-10-04,32,mail,451,,154,182,9,106,1,fl-doe,2026-09-08T00:32:43+00:00
2024,FL,12071,Lee County,2024-10-06,30,inperson,0,,0,0,0,0,1,fl-doe,2026-09-08T00:32:43+00:00
2024,FL,12071,Lee County,2024-10-06,30,mail,13000,,3825,6194,249,2732,1,fl-doe,2026-09-08T00:32:43+00:00
2024,FL,12071,Lee County,2024-10-07,29,inperson,0,,0,0,0,0,1,fl-doe,2026-09-08T00:32:43+00:00
2024,FL,12071,Lee County,2024-10-07,29,mail,13000,,3825,6194,249,2732,1,fl-doe,2026-09-08T00:32:43+00:00
2024,FL,12071,Lee County,2024-10-23,13,inperson,24368,,4061,15353,526,4428,1,fl-doe,2026-09-08T00:32:43+00:00
2024,FL,12071,Lee County,2024-10-23,13,mail,97348,,28331,46504,1905,20608,1,fl-doe,2026-09-08T00:32:43+00:00
2024,FL,12071,Lee County,2024-10-28,8,inperson,79930,,13158,49008,1794,15970,1,fl-doe,2026-09-08T00:32:43+00:00
2024,FL,12071,Lee County,2024-10-28,8,mail,126278,,36408,60074,2548,27248,1,fl-doe,2026-09-08T00:32:43+00:00
2024,FL,12071,Lee County,2024-10-29,7,inperson,93442,,15460,56650,2172,19160,1,fl-doe,2026-09-08T00:32:43+00:00
2024,FL,12071,Lee County,2024-10-29,7,mail,131480,,37812,62473,2674,28521,1,fl-doe,2026-09-08T00:32:43+00:00
2024,FL,12071,Lee County,2024-10-31,5,inperson,120508,,20288,71627,2884,25709,1,fl-doe,2026-09-08T00:32:43+00:00
2024,FL,12071,Lee County,2024-10-31,5,mail,145753,,41617,68870,3030,32236,1,fl-doe,2026-09-08T00:32:43+00:00
2024,FL,12071,Lee County,2024-11-01,4,inperson,133180,,22600,78438,3213,28929,1,fl-doe,2026-09-08T00:32:43+00:00
2024,FL,12071,Lee County,2024-11-01,4,mail,151448,,43128,71339,3172,33809,1,fl-doe,2026-09-08T00:32:43+00:00
2024,FL,12071,Lee County,2024-11-03,2,inperson,163271,,28832,93144,4180,37115,1,fl-doe,2026-09-08T00:32:43+00:00
2024,FL,12071,Lee County,2024-11-03,2,mail,159448,,45263,74750,3378,36057,1,fl-doe,2026-09-08T00:32:43+00:00
2024,FL,12071,Lee County,2024-11-04,1,inperson,163271,,28832,93144,4180,37115,1,fl-doe,2026-09-08T00:32:43+00:00
2024,FL,12071,Lee County,2024-11-04,1,mail,159448,,45263,74750,3378,36057,1,fl-doe,2026-09-08T00:32:43+00:00
2024,FL,12071,Lee County,2024-11-05,0,inperson,163269,,28832,93143,4180,37114,1,fl-doe,2026-09-08T00:32:43+00:00
2024,FL,12071,Lee County,2024-11-05,0,mail,163768,,46421,76574,3494,37279,1,fl-doe,2026-09-08T00:32:43+00:00
2024,FL,12071,Lee County,2024-11-06,-1,inperson,163269,,28832,93143,4180,37114,1,fl-doe,2026-09-08T00:32:43+00:00
2024,FL,12071,Lee County,2024-11-06,-1,mail,168681,,47755,78471,3640,38815,1,fl-doe,2026-09-08T00:32:43+00:00
2024,FL,12071,Lee County,2024-11-07,-2,inperson,163269,,28832,93143,4180,37114,1,fl-doe,2026-09-08T00:32:43+00:00
2024,FL,12071,Lee County,2024-11-07,-2,mail,168692,,47761,78472,3640,38819,1,fl-doe,2026-09-08T00:32:43+00:00
2024,FL,12071,Lee County,2024-11-08,-3,inperson,163269,,28832,93143,4180,37114,1,fl-doe,2026-09-08T00:32:43+00:00
2024,FL,12071,Lee County,2024-11-08,-3,mail,168695,,47761,78474,3640,38820,1,fl-doe,2026-09-08T00:32:43+00:00
2024,FL,12071,Lee County,2024-11-09,-4,inperson,163269,,28832,93143,4180,37114,1,fl-doe,2026-09-08T00:32:43+00:00
2024,FL,12071,Lee County,2024-11-09,-4,mail,168697,,47762,78474,3640,38821,1,fl-doe,2026-09-08T00:32:43+00:00
2024,FL,12071,Lee County,2024-11-12,-7,inperson,163269,,28832,93143,4180,37114,1,fl-doe,2026-09-08T00:32:43+00:00
2024,FL,12071,Lee County,2024-11-12,-7,mail,168697,,47762,78474,3640,38821,1,fl-doe,2026-09-08T00:32:43+00:00
2024,FL,12071,Lee County,2024-11-13,-8,inperson,163269,,28832,93143,4180,37114,1,fl-doe,2026-09-08T00:32:43+00:00
2024,FL,12071,Lee County,2024-11-13,-8,mail,168749,,47786,78482,3642,38839,1,fl-doe,2026-09-08T00:32:43+00:00
2024,FL,12071,Lee County,2024-11-14,-9,inperson,163269,,28832,93143,4180,37114,1,fl-doe,2026-09-08T00:32:43+00:00
2024,FL,12071,Lee County,2024-11-14,-9,mail,168753,,47788,78482,3642,38841,1,fl-doe,2026-09-08T00:32:43+00:00
2024,FL,12071,Lee County,2024-11-17,-12,inperson,163269,,28832,93143,4180,37114,1,fl-doe,2026-09-08T00:32:43+00:00
2024,FL,12071,Lee County,2024-11-17,-12,mail,168785,,47806,78489,3643,38847,1,fl-doe,2026-09-08T00:32:43+00:00
2024,FL,12071,Lee County,2024-11-18,-13,inperson,163269,,28832,93143,4180,37114,1,fl-doe,2026-09-08T00:32:43+00:00
2024,FL,12071,Lee County,2024-11-18,-13,mail,168785,,47806,78489,3643,38847,1,fl-doe,2026-09-08T00:32:43+00:00
2024,FL,12071,Lee County,2024-11-20,-15,inperson,163269,,28832,93143,4180,37114,1,fl-doe,2026-09-08T00:32:43+00:00
2024,FL,12071,Lee County,2024-11-20,-15,mail,168785,,47806,78489,3643,38847,1,fl-doe,2026-09-08T00:32:43+00:00
2024,FL,12073,Leon County,2024-09-16,50,inperson,0,,0,0,0,0,1,fl-doe,2026-09-08T00:32:43+00:00
2024,FL,12073,Leon County,2024-09-16,50,mail,3,,2,0,0,1,1,fl-doe,2026-09-08T00:32:43+00:00
2024,FL,12073,Leon County,2024-09-17,49,inperson,0,,0,0,0,0,1,fl-doe,2026-09-08T00:32:43+00:00
2024,FL,12073,Leon County,2024-09-17,49,mail,3,,2,0,0,1,1,fl-doe,2026-09-08T00:32:43+00:00
2024,FL,12073,Leon County,2024-09-20,46,inperson,0,,0,0,0,0,1,fl-doe,2026-09-08T00:32:43+00:00
2024,FL,12073,Leon County,2024-09-20,46,mail,8,,7,0,0,1,1,fl-doe,2026-09-08T00:32:43+00:00
2024,FL,12073,Leon County,2024-09-24,42,inperson,0,,0,0,0,0,1,fl-doe,2026-09-08T00:32:43+00:00
2024,FL,12073,Leon County,2024-09-24,42,mail,35,,20,10,1,4,1,fl-doe,2026-09-08T00:32:43+00:00
2024,FL,12073,Leon County,2024-09-26,40,inperson,0,,0,0,0,0,1,fl-doe,2026-09-08T00:32:43+00:00
2024,FL,12073,Leon County,2024-09-26,40,mail,42,,25,11,1,5,1,fl-doe,2026-09-08T00:32:43+00:00
2024,FL,12073,Leon County,2024-09-29,37,inperson,0,,0,0,0,0,1,fl-doe,2026-09-08T00:32:43+00:00
2024,FL,12073,Leon County,2024-09-29,37,mail,42,,25,11,1,5,1,fl-doe,2026-09-08T00:32:43+00:00
2024,FL,12073,Leon County,2024-09-30,36,inperson,0,,0,0,0,0,1,fl-doe,2026-09-08T00:32:43+00:00
2024,FL,12073,Leon County,2024-09-30,36,mail,42,,25,11,1,5,1,fl-doe,2026-09-08T00:32:43+00:00
2024,FL,12073,Leon County,2024-10-01,35,inperson,0,,0,0,0,0,1,fl-doe,2026-09-08T00:32:43+00:00
2024,FL,12073,Leon County,2024-10-01,35,mail,127,,56,43,3,25,1,fl-doe,2026-09-08T00:32:43+00:00
2024,FL,12073,Leon County,2024-10-02,34,inperson,0,,0,0,0,0,1,fl-doe,2026-09-08T00:32:43+00:00
2024,FL,12073,Leon County,2024-10-02,34,mail,165,,73,52,5,35,1,fl-doe,2026-09-08T00:32:43+00:00
2024,FL,12073,Leon County,2024-10-03,33,inperson,0,,0,0,0,0,1,fl-doe,2026-09-08T00:32:43+00:00
2024,FL,12073,Leon County,2024-10-03,33,mail,385,,220,105,7,53,1,fl-doe,2026-09-08T00:32:43+00:00
2024,FL,12073,Leon County,2024-10-04,32,inperson,0,,0,0,0,0,1,fl-doe,2026-09-08T00:32:43+00:00
2024,FL,12073,Leon County,2024-10-04,32,mail,664,,396,169,10,89,1,fl-doe,2026-09-08T00:32:43+00:00
2024,FL,12073,Leon County,2024-10-06,30,inperson,0,,0,0,0,0,1,fl-doe,2026-09-08T00:32:43+00:00
2024,FL,12073,Leon County,2024-10-06,30,mail,1083,,660,270,12,141,1,fl-doe,2026-09-08T00:32:43+00:00
2024,FL,12073,Leon County,2024-10-07,29,inperson,0,,0,0,0,0,1,fl-doe,2026-09-08T00:32:43+00:00
2024,FL,12073,Leon County,2024-10-07,29,mail,1083,,660,270,12,141,1,fl-doe,2026-09-08T00:32:43+00:00
2024,FL,12073,Leon County,2024-10-23,13,inperson,12246,,5788,4631,236,1591,1,fl-doe,2026-09-08T00:32:43+00:00
2024,FL,12073,Leon County,2024-10-23,13,mail,20836,,12442,5395,302,2697,1,fl-doe,2026-09-08T00:32:43+00:00
2024,FL,12073,Leon County,2024-10-28,8,inperson,36010,,16537,13388,777,5308,1,fl-doe,2026-09-08T00:32:43+00:00
2024,FL,12073,Leon County,2024-10-28,8,mail,28831,,17140,7388,417,3886,1,fl-doe,2026-09-08T00:32:43+00:00
2024,FL,12073,Leon County,2024-10-29,7,inperson,40951,,18743,15161,893,6154,1,fl-doe,2026-09-08T00:32:43+00:00
2024,FL,12073,Leon County,2024-10-29,7,mail,29953,,17811,7619,442,4081,1,fl-doe,2026-09-08T00:32:43+00:00
2024,FL,12073,Leon County,2024-10-31,5,inperson,51898,,23679,18843,1201,8175,1,fl-doe,2026-09-08T00:32:43+00:00
2024,FL,12073,Leon County,2024-10-31,5,mail,33035,,19617,8314,485,4619,1,fl-doe,2026-09-08T00:32:43+00:00
2024,FL,12073,Leon County,2024-11-01,4,inperson,56965,,25970,20452,1364,9179,1,fl-doe,2026-09-08T00:32:43+00:00
2024,FL,12073,Leon County,2024-11-01,4,mail,34435,,20367,8675,520,4873,1,fl-doe,2026-09-08T00:32:43+00:00
2024,FL,12073,Leon County,2024-11-03,2,inperson,68780,,31318,24154,1686,11622,1,fl-doe,2026-09-08T00:32:43+00:00
2024,FL,12073,Leon County,2024-11-03,2,mail,36536,,21553,9143,575,5265,1,fl-doe,2026-09-08T00:32:43+00:00
2024,FL,12073,Leon County,2024-11-04,1,inperson,76783,,35454,26015,1933,13381,1,fl-doe,2026-09-08T00:32:43+00:00
2024,FL,12073,Leon County,2024-11-04,1,mail,37664,,22212,9356,597,5499,1,fl-doe,2026-09-08T00:32:43+00:00
2024,FL,12073,Leon County,2024-11-05,0,inperson,76784,,35454,26016,1933,13381,1,fl-doe,2026-09-08T00:32:43+00:00
2024,FL,12073,Leon County,2024-11-05,0,mail,38750,,22810,9595,622,5723,1,fl-doe,2026-09-08T00:32:43+00:00
2024,FL,12073,Leon County,2024-11-06,-1,inperson,76784,,35454,26016,1933,13381,1,fl-doe,2026-09-08T00:32:43+00:00
2024,FL,12073,Leon County,2024-11-06,-1,mail,41030,,24136,9963,687,6244,1,fl-doe,2026-09-08T00:32:43+00:00
2024,FL,12073,Leon County,2024-11-07,-2,inperson,76784,,35454,26016,1933,13381,1,fl-doe,2026-09-08T00:32:43+00:00
2024,FL,12073,Leon County,2024-11-07,-2,mail,41039,,24140,9965,687,6247,1,fl-doe,2026-09-08T00:32:43+00:00
2024,FL,12073,Leon County,2024-11-08,-3,inperson,76784,,35454,26016,1933,13381,1,fl-doe,2026-09-08T00:32:43+00:00
2024,FL,12073,Leon County,2024-11-08,-3,mail,41051,,24146,9965,687,6253,1,fl-doe,2026-09-08T00:32:43+00:00
2024,FL,12073,Leon County,2024-11-09,-4,inperson,76784,,35454,26016,1933,13381,1,fl-doe,2026-09-08T00:32:43+00:00
2024,FL,12073,Leon County,2024-11-09,-4,mail,41124,,24185,9982,687,6270,1,fl-doe,2026-09-08T00:32:43+00:00
2024,FL,12073,Leon County,2024-11-12,-7,inperson,76784,,35454,26016,1933,13381,1,fl-doe,2026-09-08T00:32:43+00:00
2024,FL,12073,Leon County,2024-11-12,-7,mail,41124,,24185,9982,687,6270,1,fl-doe,2026-09-08T00:32:43+00:00
2024,FL,12073,Leon County,2024-11-13,-8,inperson,76784,,35454,26016,1933,13381,1,fl-doe,2026-09-08T00:32:43+00:00
2024,FL,12073,Leon County,2024-11-13,-8,mail,41129,,24188,9983,687,6271,1,fl-doe,2026-09-08T00:32:43+00:00
2024,FL,12073,Leon County,2024-11-14,-9,inperson,76784,,35454,26016,1933,13381,1,fl-doe,2026-09-08T00:32:43+00:00
2024,FL,12073,Leon County,2024-11-14,-9,mail,41135,,24192,9983,687,6273,1,fl-doe,2026-09-08T00:32:43+00:00
2024,FL,12073,Leon County,2024-11-17,-12,inperson,76784,,35454,26016,1933,13381,1,fl-doe,2026-09-08T00:32:43+00:00
2024,FL,12073,Leon County,2024-11-17,-12,mail,41174,,24213,9990,687,6284,1,fl-doe,2026-09-08T00:32:43+00:00
2024,FL,12073,Leon County,2024-11-18,-13,inperson,76784,,35454,26016,1933,13381,1,fl-doe,2026-09-08T00:32:43+00:00
2024,FL,12073,Leon County,2024-11-18,-13,mail,41174,,24213,9990,687,6284,1,fl-doe,2026-09-08T00:32:43+00:00
2024,FL,12073,Leon County,2024-11-20,-15,inperson,76784,,35454,26016,1933,13381,1,fl-doe,2026-09-08T00:32:43+00:00
2024,FL,12073,Leon County,2024-11-20,-15,mail,41174,,24213,9990,687,6284,1,fl-doe,2026-09-08T00:32:43+00:00
2024,FL,12075,Levy County,2024-09-20,46,inperson,0,,0,0,0,0,1,fl-doe,2026-09-08T00:32:43+00:00
2024,FL,12075,Levy County,2024-09-20,46,mail,0,,0,0,0,0,1,fl-doe,2026-09-08T00:32:43+00:00
2024,FL,12075,Levy County,2024-09-24,42,inperson,0,,0,0,0,0,1,fl-doe,2026-09-08T00:32:43+00:00
2024,FL,12075,Levy County,2024-09-24,42,mail,0,,0,0,0,0,1,fl-doe,2026-09-08T00:32:43+00:00
2024,FL,12075,Levy County,2024-09-26,40,inperson,0,,0,0,0,0,1,fl-doe,2026-09-08T00:32:43+00:00
2024,FL,12075,Levy County,2024-09-26,40,mail,0,,0,0,0,0,1,fl-doe,2026-09-08T00:32:43+00:00
2024,FL,12075,Levy County,2024-09-29,37,inperson,0,,0,0,0,0,1,fl-doe,2026-09-08T00:32:43+00:00
2024,FL,12075,Levy County,2024-09-29,37,mail,0,,0,0,0,0,1,fl-doe,2026-09-08T00:32:43+00:00
2024,FL,12075,Levy County,2024-09-30,36,inperson,0,,0,0,0,0,1,fl-doe,2026-09-08T00:32:43+00:00
2024,FL,12075,Levy County,2024-09-30,36,mail,0,,0,0,0,0,1,fl-doe,2026-09-08T00:32:43+00:00
2024,FL,12075,Levy County,2024-10-01,35,inperson,0,,0,0,0,0,1,fl-doe,2026-09-08T00:32:43+00:00
2024,FL,12075,Levy County,2024-10-01,35,mail,13,,3,10,0,0,1,fl-doe,2026-09-08T00:32:43+00:00
2024,FL,12075,Levy County,2024-10-02,34,inperson,0,,0,0,0,0,1,fl-doe,2026-09-08T00:32:43+00:00
2024,FL,12075,Levy County,2024-10-02,34,mail,13,,3,10,0,0,1,fl-doe,2026-09-08T00:32:43+00:00
2024,FL,12075,Levy County,2024-10-03,33,inperson,0,,0,0,0,0,1,fl-doe,2026-09-08T00:32:43+00:00
2024,FL,12075,Levy County,2024-10-03,33,mail,44,,9,33,0,2,1,fl-doe,2026-09-08T00:32:43+00:00
2024,FL,12075,Levy County,2024-10-04,32,inperson,0,,0,0,0,0,1,fl-doe,2026-09-08T00:32:43+00:00
2024,FL,12075,Levy County,2024-10-04,32,mail,245,,68,142,9,26,1,fl-doe,2026-09-08T00:32:43+00:00
2024,FL,12075,Levy County,2024-10-06,30,inperson,0,,0,0,0,0,1,fl-doe,2026-09-08T00:32:43+00:00
2024,FL,12075,Levy County,2024-10-06,30,mail,487,,144,279,12,52,1,fl-doe,2026-09-08T00:32:43+00:00
2024,FL,12075,Levy County,2024-10-07,29,inperson,0,,0,0,0,0,1,fl-doe,2026-09-08T00:32:43+00:00
2024,FL,12075,Levy County,2024-10-07,29,mail,487,,144,279,12,52,1,fl-doe,2026-09-08T00:32:43+00:00
2024,FL,12075,Levy County,2024-10-23,13,inperson,1822,,271,1360,45,146,1,fl-doe,2026-09-08T00:32:43+00:00
2024,FL,12075,Levy County,2024-10-23,13,mail,3245,,1048,1810,62,325,1,fl-doe,2026-09-08T00:32:43+00:00
2024,FL,12075,Levy County,2024-10-28,8,inperson,5209,,832,3746,121,510,1,fl-doe,2026-09-08T00:32:43+00:00
2024,FL,12075,Levy County,2024-10-28,8,mail,3995,,1312,2177,84,422,1,fl-doe,2026-09-08T00:32:43+00:00
2024,FL,12075,Levy County,2024-10-29,7,inperson,5945,,958,4243,145,599,1,fl-doe,2026-09-08T00:32:43+00:00
2024,FL,12075,Levy County,2024-10-29,7,mail,4329,,1421,2361,89,458,1,fl-doe,2026-09-08T00:32:43+00:00
2024,FL,12075,Levy County,2024-10-31,5,inperson,7262,,1211,5109,183,759,1,fl-doe,2026-09-08T00:32:43+00:00
2024,FL,12075,Levy County,2024-10-31,5,mail,4632,,1519,2522,90,501,1,fl-doe,2026-09-08T00:32:43+00:00
2024,FL,12075,Levy County,2024-11-01,4,inperson,7802,,1299,5476,199,828,1,fl-doe,2026-09-08T00:32:43+00:00
2024,FL,12075,Levy County,2024-11-01,4,mail,4788,,1568,2604,92,524,1,fl-doe,2026-09-08T00:32:43+00:00
2024,FL,12075,Levy County,2024-11-03,2,inperson,9364,,1610,6438,256,1060,1,fl-doe,2026-09-08T00:32:43+00:00
2024,FL,12075,Levy County,2024-11-03,2,mail,5086,,1652,2768,99,567,1,fl-doe,2026-09-08T00:32:43+00:00
2024,FL,12075,Levy County,2024-11-04,1,inperson,10130,,1770,6923,272,1165,1,fl-doe,2026-09-08T00:32:43+00:00
2024,FL,12075,Levy County,2024-11-04,1,mail,5086,,1652,2768,99,567,1,fl-doe,2026-09-08T00:32:43+00:00
2024,FL,12075,Levy County,2024-11-05,0,inperson,10130,,1770,6923,272,1165,1,fl-doe,2026-09-08T00:32:43+00:00
2024,FL,12075,Levy County,2024-11-05,0,mail,5284,,1700,2882,106,596,1,fl-doe,2026-09-08T00:32:43+00:00
2024,FL,12075,Levy County,2024-11-06,-1,inperson,10130,,1770,6923,272,1165,1,fl-doe,2026-09-08T00:32:43+00:00
2024,FL,12075,Levy County,2024-11-06,-1,mail,5388,,1732,2942,110,604,1,fl-doe,2026-09-08T00:32:43+00:00
2024,FL,12075,Levy County,2024-11-07,-2,inperson,10130,,1770,6923,272,1165,1,fl-doe,2026-09-08T00:32:43+00:00
2024,FL,12075,Levy County,2024-11-07,-2,mail,5388,,1732,2942,110,604,1,fl-doe,2026-09-08T00:32:43+00:00
2024,FL,12075,Levy County,2024-11-08,-3,inperson,10130,,1770,6923,272,1165,1,fl-doe,2026-09-08T00:32:43+00:00
2024,FL,12075,Levy County,2024-11-08,-3,mail,5391,,1732,2942,110,607,1,fl-doe,2026-09-08T00:32:43+00:00
2024,FL,12075,Levy County,2024-11-09,-4,inperson,10130,,1770,6923,272,1165,1,fl-doe,2026-09-08T00:32:43+00:00
2024,FL,12075,Levy County,2024-11-09,-4,mail,5391,,1732,2942,110,607,1,fl-doe,2026-09-08T00:32:43+00:00
2024,FL,12075,Levy County,2024-11-12,-7,inperson,10130,,1770,6923,272,1165,1,fl-doe,2026-09-08T00:32:43+00:00
2024,FL,12075,Levy County,2024-11-12,-7,mail,5391,,1732,2942,110,607,1,fl-doe,2026-09-08T00:32:43+00:00
2024,FL,12075,Levy County,2024-11-13,-8,inperson,10130,,1770,6923,272,1165,1,fl-doe,2026-09-08T00:32:43+00:00
2024,FL,12075,Levy County,2024-11-13,-8,mail,5391,,1732,2942,110,607,1,fl-doe,2026-09-08T00:32:43+00:00
2024,FL,12075,Levy County,2024-11-14,-9,inperson,10130,,1770,6923,272,1165,1,fl-doe,2026-09-08T00:32:43+00:00
2024,FL,12075,Levy County,2024-11-14,-9,mail,5391,,1732,2942,110,607,1,fl-doe,2026-09-08T00:32:43+00:00
2024,FL,12075,Levy County,2024-11-17,-12,inperson,10130,,1770,6923,272,1165,1,fl-doe,2026-09-08T00:32:43+00:00
2024,FL,12075,Levy County,2024-11-17,-12,mail,5391,,1732,2942,110,607,1,fl-doe,2026-09-08T00:32:43+00:00
2024,FL,12075,Levy County,2024-11-18,-13,inperson,10130,,1770,6923,272,1165,1,fl-doe,2026-09-08T00:32:43+00:00
2024,FL,12075,Levy County,2024-11-18,-13,mail,5391,,1732,2942,110,607,1,fl-doe,2026-09-08T00:32:43+00:00
2024,FL,12075,Levy County,2024-11-20,-15,inperson,10130,,1770,6923,272,1165,1,fl-doe,2026-09-08T00:32:43+00:00
2024,FL,12075,Levy County,2024-11-20,-15,mail,5391,,1732,2942,110,607,1,fl-doe,2026-09-08T00:32:43+00:00
2024,FL,12077,Liberty County,2024-09-24,42,inperson,0,,0,0,0,0,1,fl-doe,2026-09-08T00:32:43+00:00
2024,FL,12077,Liberty County,2024-09-24,42,mail,0,,0,0,0,0,1,fl-doe,2026-09-08T00:32:43+00:00
2024,FL,12077,Liberty County,2024-09-26,40,inperson,0,,0,0,0,0,1,fl-doe,2026-09-08T00:32:43+00:00
2024,FL,12077,Liberty County,2024-09-26,40,mail,0,,0,0,0,0,1,fl-doe,2026-09-08T00:32:43+00:00
2024,FL,12077,Liberty County,2024-09-29,37,inperson,0,,0,0,0,0,1,fl-doe,2026-09-08T00:32:43+00:00
2024,FL,12077,Liberty County,2024-09-29,37,mail,0,,0,0,0,0,1,fl-doe,2026-09-08T00:32:43+00:00
2024,FL,12077,Liberty County,2024-09-30,36,inperson,0,,0,0,0,0,1,fl-doe,2026-09-08T00:32:43+00:00
2024,FL,12077,Liberty County,2024-09-30,36,mail,0,,0,0,0,0,1,fl-doe,2026-09-08T00:32:43+00:00
2024,FL,12077,Liberty County,2024-10-01,35,inperson,0,,0,0,0,0,1,fl-doe,2026-09-08T00:32:43+00:00
2024,FL,12077,Liberty County,2024-10-01,35,mail,0,,0,0,0,0,1,fl-doe,2026-09-08T00:32:43+00:00
2024,FL,12077,Liberty County,2024-10-02,34,inperson,0,,0,0,0,0,1,fl-doe,2026-09-08T00:32:43+00:00
2024,FL,12077,Liberty County,2024-10-02,34,mail,0,,0,0,0,0,1,fl-doe,2026-09-08T00:32:43+00:00
2024,FL,12077,Liberty County,2024-10-03,33,inperson,0,,0,0,0,0,1,fl-doe,2026-09-08T00:32:43+00:00
2024,FL,12077,Liberty County,2024-10-03,33,mail,1,,0,1,0,0,1,fl-doe,2026-09-08T00:32:43+00:00
2024,FL,12077,Liberty County,2024-10-04,32,inperson,0,,0,0,0,0,1,fl-doe,2026-09-08T00:32:43+00:00
2024,FL,12077,Liberty County,2024-10-04,32,mail,2,,1,1,0,0,1,fl-doe,2026-09-08T00:32:43+00:00
2024,FL,12077,Liberty County,2024-10-06,30,inperson,0,,0,0,0,0,1,fl-doe,2026-09-08T00:32:43+00:00
2024,FL,12077,Liberty County,2024-10-06,30,mail,9,,2,7,0,0,1,fl-doe,2026-09-08T00:32:43+00:00
2024,FL,12077,Liberty County,2024-10-07,29,inperson,0,,0,0,0,0,1,fl-doe,2026-09-08T00:32:43+00:00
2024,FL,12077,Liberty County,2024-10-07,29,mail,9,,2,7,0,0,1,fl-doe,2026-09-08T00:32:43+00:00
2024,FL,12077,Liberty County,2024-10-23,13,inperson,330,,57,256,0,17,1,fl-doe,2026-09-08T00:32:43+00:00
2024,FL,12077,Liberty County,2024-10-23,13,mail,255,,108,137,0,10,1,fl-doe,2026-09-08T00:32:43+00:00
2024,FL,12077,Liberty County,2024-10-28,8,inperson,976,,174,744,2,56,1,fl-doe,2026-09-08T00:32:43+00:00
2024,FL,12077,Liberty County,2024-10-28,8,mail,330,,128,187,1,14,1,fl-doe,2026-09-08T00:32:43+00:00
2024,FL,12077,Liberty County,2024-10-29,7,inperson,1148,,215,859,2,72,1,fl-doe,2026-09-08T00:32:43+00:00
2024,FL,12077,Liberty County,2024-10-29,7,mail,331,,128,187,2,14,1,fl-doe,2026-09-08T00:32:43+00:00
2024,FL,12077,Liberty County,2024-10-31,5,inperson,1424,,277,1060,3,84,1,fl-doe,2026-09-08T00:32:43+00:00
2024,FL,12077,Liberty County,2024-10-31,5,mail,376,,145,213,2,16,1,fl-doe,2026-09-08T00:32:43+00:00
2024,FL,12077,Liberty County,2024-11-01,4,inperson,1545,,298,1152,3,92,1,fl-doe,2026-09-08T00:32:43+00:00
2024,FL,12077,Liberty County,2024-11-01,4,mail,387,,152,217,2,16,1,fl-doe,2026-09-08T00:32:43+00:00
2024,FL,12077,Liberty County,2024-11-03,2,inperson,1889,,396,1380,5,108,1,fl-doe,2026-09-08T00:32:43+00:00
2024,FL,12077,Liberty County,2024-11-03,2,mail,408,,165,224,2,17,1,fl-doe,2026-09-08T00:32:43+00:00
2024,FL,12077,Liberty County,2024-11-04,1,inperson,1889,,396,1380,5,108,1,fl-doe,2026-09-08T00:32:43+00:00
2024,FL,12077,Liberty County,2024-11-04,1,mail,410,,165,226,2,17,1,fl-doe,2026-09-08T00:32:43+00:00
2024,FL,12077,Liberty County,2024-11-05,0,inperson,1889,,396,1380,5,108,1,fl-doe,2026-09-08T00:32:43+00:00
2024,FL,12077,Liberty County,2024-11-05,0,mail,419,,168,230,2,19,1,fl-doe,2026-09-08T00:32:43+00:00
2024,FL,12077,Liberty County,2024-11-06,-1,inperson,1889,,396,1380,5,108,1,fl-doe,2026-09-08T00:32:43+00:00
2024,FL,12077,Liberty County,2024-11-06,-1,mail,441,,172,245,2,22,1,fl-doe,2026-09-08T00:32:43+00:00
2024,FL,12077,Liberty County,2024-11-07,-2,inperson,1889,,396,1380,5,108,1,fl-doe,2026-09-08T00:32:43+00:00
2024,FL,12077,Liberty County,2024-11-07,-2,mail,441,,172,245,2,22,1,fl-doe,2026-09-08T00:32:43+00:00
2024,FL,12077,Liberty County,2024-11-08,-3,inperson,1889,,396,1380,5,108,1,fl-doe,2026-09-08T00:32:43+00:00
2024,FL,12077,Liberty County,2024-11-08,-3,mail,443,,173,246,2,22,1,fl-doe,2026-09-08T00:32:43+00:00
2024,FL,12077,Liberty County,2024-11-09,-4,inperson,1889,,396,1380,5,108,1,fl-doe,2026-09-08T00:32:43+00:00
2024,FL,12077,Liberty County,2024-11-09,-4,mail,443,,173,246,2,22,1,fl-doe,2026-09-08T00:32:43+00:00
2024,FL,12077,Liberty County,2024-11-12,-7,inperson,1889,,396,1380,5,108,1,fl-doe,2026-09-08T00:32:43+00:00
2024,FL,12077,Liberty County,2024-11-12,-7,mail,443,,173,246,2,22,1,fl-doe,2026-09-08T00:32:43+00:00
2024,FL,12077,Liberty County,2024-11-13,-8,inperson,1889,,396,1380,5,108,1,fl-doe,2026-09-08T00:32:43+00:00
2024,FL,12077,Liberty County,2024-11-13,-8,mail,443,,173,246,2,22,1,fl-doe,2026-09-08T00:32:43+00:00
2024,FL,12077,Liberty County,2024-11-14,-9,inperson,1889,,396,1380,5,108,1,fl-doe,2026-09-08T00:32:43+00:00
2024,FL,12077,Liberty County,2024-11-14,-9,mail,443,,173,246,2,22,1,fl-doe,2026-09-08T00:32:43+00:00
2024,FL,12077,Liberty County,2024-11-17,-12,inperson,1889,,396,1380,5,108,1,fl-doe,2026-09-08T00:32:43+00:00
2024,FL,12077,Liberty County,2024-11-17,-12,mail,444,,173,247,2,22,1,fl-doe,2026-09-08T00:32:43+00:00
2024,FL,12077,Liberty County,2024-11-18,-13,inperson,1889,,396,1380,5,108,1,fl-doe,2026-09-08T00:32:43+00:00
2024,FL,12077,Liberty County,2024-11-18,-13,mail,444,,173,247,2,22,1,fl-doe,2026-09-08T00:32:43+00:00
2024,FL,12077,Liberty County,2024-11-20,-15,inperson,1889,,396,1380,5,108,1,fl-doe,2026-09-08T00:32:43+00:00
2024,FL,12077,Liberty County,2024-11-20,-15,mail,444,,173,247,2,22,1,fl-doe,2026-09-08T00:32:43+00:00
2024,FL,12079,Madison County,2024-09-16,50,inperson,0,,0,0,0,0,1,fl-doe,2026-09-08T00:32:43+00:00
2024,FL,12079,Madison County,2024-09-16,50,mail,0,,0,0,0,0,1,fl-doe,2026-09-08T00:32:43+00:00
2024,FL,12079,Madison County,2024-09-17,49,inperson,0,,0,0,0,0,1,fl-doe,2026-09-08T00:32:43+00:00
2024,FL,12079,Madison County,2024-09-17,49,mail,0,,0,0,0,0,1,fl-doe,2026-09-08T00:32:43+00:00
2024,FL,12079,Madison County,2024-09-20,46,inperson,0,,0,0,0,0,1,fl-doe,2026-09-08T00:32:43+00:00
2024,FL,12079,Madison County,2024-09-20,46,mail,0,,0,0,0,0,1,fl-doe,2026-09-08T00:32:43+00:00
2024,FL,12079,Madison County,2024-09-24,42,inperson,0,,0,0,0,0,1,fl-doe,2026-09-08T00:32:43+00:00
2024,FL,12079,Madison County,2024-09-24,42,mail,1,,0,1,0,0,1,fl-doe,2026-09-08T00:32:43+00:00
2024,FL,12079,Madison County,2024-09-26,40,inperson,0,,0,0,0,0,1,fl-doe,2026-09-08T00:32:43+00:00
2024,FL,12079,Madison County,2024-09-26,40,mail,1,,0,1,0,0,1,fl-doe,2026-09-08T00:32:43+00:00
2024,FL,12079,Madison County,2024-09-29,37,inperson,0,,0,0,0,0,1,fl-doe,2026-09-08T00:32:43+00:00
2024,FL,12079,Madison County,2024-09-29,37,mail,1,,0,1,0,0,1,fl-doe,2026-09-08T00:32:43+00:00
2024,FL,12079,Madison County,2024-09-30,36,inperson,0,,0,0,0,0,1,fl-doe,2026-09-08T00:32:43+00:00
2024,FL,12079,Madison County,2024-09-30,36,mail,2,,0,1,0,1,1,fl-doe,2026-09-08T00:32:43+00:00
2024,FL,12079,Madison County,2024-10-01,35,inperson,0,,0,0,0,0,1,fl-doe,2026-09-08T00:32:43+00:00
2024,FL,12079,Madison County,2024-10-01,35,mail,4,,1,1,0,2,1,fl-doe,2026-09-08T00:32:43+00:00
2024,FL,12079,Madison County,2024-10-02,34,inperson,0,,0,0,0,0,1,fl-doe,2026-09-08T00:32:43+00:00
2024,FL,12079,Madison County,2024-10-02,34,mail,11,,3,5,0,3,1,fl-doe,2026-09-08T00:32:43+00:00
2024,FL,12079,Madison County,2024-10-03,33,inperson,0,,0,0,0,0,1,fl-doe,2026-09-08T00:32:43+00:00
2024,FL,12079,Madison County,2024-10-03,33,mail,11,,3,5,0,3,1,fl-doe,2026-09-08T00:32:43+00:00
2024,FL,12079,Madison County,2024-10-04,32,inperson,0,,0,0,0,0,1,fl-doe,2026-09-08T00:32:43+00:00
2024,FL,12079,Madison County,2024-10-04,32,mail,19,,8,8,0,3,1,fl-doe,2026-09-08T00:32:43+00:00
2024,FL,12079,Madison County,2024-10-06,30,inperson,0,,0,0,0,0,1,fl-doe,2026-09-08T00:32:43+00:00
2024,FL,12079,Madison County,2024-10-06,30,mail,29,,14,12,0,3,1,fl-doe,2026-09-08T00:32:43+00:00
2024,FL,12079,Madison County,2024-10-07,29,inperson,0,,0,0,0,0,1,fl-doe,2026-09-08T00:32:43+00:00
2024,FL,12079,Madison County,2024-10-07,29,mail,29,,14,12,0,3,1,fl-doe,2026-09-08T00:32:43+00:00
2024,FL,12079,Madison County,2024-10-23,13,inperson,1366,,402,840,16,108,1,fl-doe,2026-09-08T00:32:43+00:00
2024,FL,12079,Madison County,2024-10-23,13,mail,695,,345,285,8,57,1,fl-doe,2026-09-08T00:32:43+00:00
2024,FL,12079,Madison County,2024-10-28,8,inperson,3469,,1085,2058,29,297,1,fl-doe,2026-09-08T00:32:43+00:00
2024,FL,12079,Madison County,2024-10-28,8,mail,871,,419,359,9,84,1,fl-doe,2026-09-08T00:32:43+00:00
2024,FL,12079,Madison County,2024-10-29,7,inperson,3932,,1244,2314,32,342,1,fl-doe,2026-09-08T00:32:43+00:00
2024,FL,12079,Madison County,2024-10-29,7,mail,908,,441,372,9,86,1,fl-doe,2026-09-08T00:32:43+00:00
2024,FL,12079,Madison County,2024-10-31,5,inperson,4690,,1530,2722,37,401,1,fl-doe,2026-09-08T00:32:43+00:00
2024,FL,12079,Madison County,2024-10-31,5,mail,994,,484,410,10,90,1,fl-doe,2026-09-08T00:32:43+00:00
2024,FL,12079,Madison County,2024-11-01,4,inperson,5022,,1647,2900,41,434,1,fl-doe,2026-09-08T00:32:43+00:00
2024,FL,12079,Madison County,2024-11-01,4,mail,1026,,503,422,10,91,1,fl-doe,2026-09-08T00:32:43+00:00
2024,FL,12079,Madison County,2024-11-03,2,inperson,5885,,1961,3337,51,536,1,fl-doe,2026-09-08T00:32:43+00:00
2024,FL,12079,Madison County,2024-11-03,2,mail,1070,,526,437,11,96,1,fl-doe,2026-09-08T00:32:43+00:00
2024,FL,12079,Madison County,2024-11-04,1,inperson,5885,,1961,3337,51,536,1,fl-doe,2026-09-08T00:32:43+00:00
2024,FL,12079,Madison County,2024-11-04,1,mail,1070,,526,437,11,96,1,fl-doe,2026-09-08T00:32:43+00:00
2024,FL,12079,Madison County,2024-11-05,0,inperson,5885,,1961,3337,51,536,1,fl-doe,2026-09-08T00:32:43+00:00
2024,FL,12079,Madison County,2024-11-05,0,mail,1125,,555,458,13,99,1,fl-doe,2026-09-08T00:32:43+00:00
2024,FL,12079,Madison County,2024-11-06,-1,inperson,5885,,1961,3337,51,536,1,fl-doe,2026-09-08T00:32:43+00:00
2024,FL,12079,Madison County,2024-11-06,-1,mail,1159,,578,463,13,105,1,fl-doe,2026-09-08T00:32:43+00:00
2024,FL,12079,Madison County,2024-11-07,-2,inperson,5885,,1961,3337,51,536,1,fl-doe,2026-09-08T00:32:43+00:00
2024,FL,12079,Madison County,2024-11-07,-2,mail,1159,,578,463,13,105,1,fl-doe,2026-09-08T00:32:43+00:00
2024,FL,12079,Madison County,2024-11-08,-3,inperson,5885,,1961,3337,51,536,1,fl-doe,2026-09-08T00:32:43+00:00
2024,FL,12079,Madison County,2024-11-08,-3,mail,1159,,578,463,13,105,1,fl-doe,2026-09-08T00:32:43+00:00
2024,FL,12079,Madison County,2024-11-09,-4,inperson,5885,,1961,3337,51,536,1,fl-doe,2026-09-08T00:32:43+00:00
2024,FL,12079,Madison County,2024-11-09,-4,mail,1164,,580,466,13,105,1,fl-doe,2026-09-08T00:32:43+00:00
2024,FL,12079,Madison County,2024-11-12,-7,inperson,5885,,1961,3337,51,536,1,fl-doe,2026-09-08T00:32:43+00:00
2024,FL,12079,Madison County,2024-11-12,-7,mail,1164,,580,466,13,105,1,fl-doe,2026-09-08T00:32:43+00:00
2024,FL,12079,Madison County,2024-11-13,-8,inperson,5885,,1961,3337,51,536,1,fl-doe,2026-09-08T00:32:43+00:00
2024,FL,12079,Madison County,2024-11-13,-8,mail,1165,,580,467,13,105,1,fl-doe,2026-09-08T00:32:43+00:00
2024,FL,12079,Madison County,2024-11-14,-9,inperson,5885,,1961,3337,51,536,1,fl-doe,2026-09-08T00:32:43+00:00
2024,FL,12079,Madison County,2024-11-14,-9,mail,1165,,580,467,13,105,1,fl-doe,2026-09-08T00:32:43+00:00
2024,FL,12079,Madison County,2024-11-17,-12,inperson,5885,,1961,3337,51,536,1,fl-doe,2026-09-08T00:32:43+00:00
2024,FL,12079,Madison County,2024-11-17,-12,mail,1166,,580,468,13,105,1,fl-doe,2026-09-08T00:32:43+00:00
2024,FL,12079,Madison County,2024-11-18,-13,inperson,5885,,1961,3337,51,536,1,fl-doe,2026-09-08T00:32:43+00:00
2024,FL,12079,Madison County,2024-11-18,-13,mail,1166,,580,468,13,105,1,fl-doe,2026-09-08T00:32:43+00:00
2024,FL,12079,Madison County,2024-11-20,-15,inperson,5885,,1961,3337,51,536,1,fl-doe,2026-09-08T00:32:43+00:00
2024,FL,12079,Madison County,2024-11-20,-15,mail,1166,,580,468,13,105,1,fl-doe,2026-09-08T00:32:43+00:00
2024,FL,12081,Manatee County,2024-09-08,58,inperson,0,,0,0,0,0,1,fl-doe,2026-09-08T00:32:43+00:00
2024,FL,12081,Manatee County,2024-09-08,58,mail,0,,0,0,0,0,1,fl-doe,2026-09-08T00:32:43+00:00
2024,FL,12081,Manatee County,2024-09-10,56,inperson,0,,0,0,0,0,1,fl-doe,2026-09-08T00:32:43+00:00
2024,FL,12081,Manatee County,2024-09-10,56,mail,0,,0,0,0,0,1,fl-doe,2026-09-08T00:32:43+00:00
2024,FL,12081,Manatee County,2024-09-12,54,inperson,0,,0,0,0,0,1,fl-doe,2026-09-08T00:32:43+00:00
2024,FL,12081,Manatee County,2024-09-12,54,mail,0,,0,0,0,0,1,fl-doe,2026-09-08T00:32:43+00:00
2024,FL,12081,Manatee County,2024-09-16,50,inperson,0,,0,0,0,0,1,fl-doe,2026-09-08T00:32:43+00:00
2024,FL,12081,Manatee County,2024-09-16,50,mail,0,,0,0,0,0,1,fl-doe,2026-09-08T00:32:43+00:00
2024,FL,12081,Manatee County,2024-09-17,49,inperson,0,,0,0,0,0,1,fl-doe,2026-09-08T00:32:43+00:00
2024,FL,12081,Manatee County,2024-09-17,49,mail,0,,0,0,0,0,1,fl-doe,2026-09-08T00:32:43+00:00
2024,FL,12081,Manatee County,2024-09-20,46,inperson,0,,0,0,0,0,1,fl-doe,2026-09-08T00:32:43+00:00
2024,FL,12081,Manatee County,2024-09-20,46,mail,0,,0,0,0,0,1,fl-doe,2026-09-08T00:32:43+00:00
2024,FL,12081,Manatee County,2024-09-24,42,inperson,0,,0,0,0,0,1,fl-doe,2026-09-08T00:32:43+00:00
2024,FL,12081,Manatee County,2024-09-24,42,mail,34,,10,18,1,5,1,fl-doe,2026-09-08T00:32:43+00:00
2024,FL,12081,Manatee County,2024-09-26,40,inperson,0,,0,0,0,0,1,fl-doe,2026-09-08T00:32:43+00:00
2024,FL,12081,Manatee County,2024-09-26,40,mail,87,,30,35,2,20,1,fl-doe,2026-09-08T00:32:43+00:00
2024,FL,12081,Manatee County,2024-09-29,37,inperson,0,,0,0,0,0,1,fl-doe,2026-09-08T00:32:43+00:00
2024,FL,12081,Manatee County,2024-09-29,37,mail,98,,37,38,2,21,1,fl-doe,2026-09-08T00:32:43+00:00
2024,FL,12081,Manatee County,2024-09-30,36,inperson,0,,0,0,0,0,1,fl-doe,2026-09-08T00:32:43+00:00
2024,FL,12081,Manatee County,2024-09-30,36,mail,98,,37,38,2,21,1,fl-doe,2026-09-08T00:32:43+00:00
2024,FL,12081,Manatee County,2024-10-01,35,inperson,0,,0,0,0,0,1,fl-doe,2026-09-08T00:32:43+00:00
2024,FL,12081,Manatee County,2024-10-01,35,mail,127,,45,51,2,29,1,fl-doe,2026-09-08T00:32:43+00:00
2024,FL,12081,Manatee County,2024-10-02,34,inperson,0,,0,0,0,0,1,fl-doe,2026-09-08T00:32:43+00:00
2024,FL,12081,Manatee County,2024-10-02,34,mail,333,,126,135,5,67,1,fl-doe,2026-09-08T00:32:43+00:00
2024,FL,12081,Manatee County,2024-10-03,33,inperson,0,,0,0,0,0,1,fl-doe,2026-09-08T00:32:43+00:00
2024,FL,12081,Manatee County,2024-10-03,33,mail,685,,267,291,7,120,1,fl-doe,2026-09-08T00:32:43+00:00
2024,FL,12081,Manatee County,2024-10-04,32,inperson,0,,0,0,0,0,1,fl-doe,2026-09-08T00:32:43+00:00
2024,FL,12081,Manatee County,2024-10-04,32,mail,713,,284,299,7,123,1,fl-doe,2026-09-08T00:32:43+00:00
2024,FL,12081,Manatee County,2024-10-06,30,inperson,0,,0,0,0,0,1,fl-doe,2026-09-08T00:32:43+00:00
2024,FL,12081,Manatee County,2024-10-06,30,mail,4618,,1662,2077,83,796,1,fl-doe,2026-09-08T00:32:43+00:00
2024,FL,12081,Manatee County,2024-10-07,29,inperson,0,,0,0,0,0,1,fl-doe,2026-09-08T00:32:43+00:00
2024,FL,12081,Manatee County,2024-10-07,29,mail,4618,,1662,2077,83,796,1,fl-doe,2026-09-08T00:32:43+00:00
2024,FL,12081,Manatee County,2024-10-23,13,inperson,14865,,2779,9393,334,2359,1,fl-doe,2026-09-08T00:32:43+00:00
2024,FL,12081,Manatee County,2024-10-23,13,mail,31625,,11721,13542,599,5763,1,fl-doe,2026-09-08T00:32:43+00:00
2024,FL,12081,Manatee County,2024-10-28,8,inperson,48380,,9246,29334,1148,8652,1,fl-doe,2026-09-08T00:32:43+00:00
2024,FL,12081,Manatee County,2024-10-28,8,mail,47506,,17463,20138,930,8975,1,fl-doe,2026-09-08T00:32:43+00:00
2024,FL,12081,Manatee County,2024-10-29,7,inperson,56750,,10797,34262,1375,10316,1,fl-doe,2026-09-08T00:32:43+00:00
2024,FL,12081,Manatee County,2024-10-29,7,mail,51868,,19042,21944,1021,9861,1,fl-doe,2026-09-08T00:32:43+00:00
2024,FL,12081,Manatee County,2024-10-31,5,inperson,73673,,14084,43775,1889,13925,1,fl-doe,2026-09-08T00:32:43+00:00
2024,FL,12081,Manatee County,2024-10-31,5,mail,58893,,21454,24779,1194,11466,1,fl-doe,2026-09-08T00:32:43+00:00
2024,FL,12081,Manatee County,2024-11-01,4,inperson,81460,,15628,48093,2131,15608,1,fl-doe,2026-09-08T00:32:43+00:00
2024,FL,12081,Manatee County,2024-11-01,4,mail,62070,,22485,26116,1262,12207,1,fl-doe,2026-09-08T00:32:43+00:00
2024,FL,12081,Manatee County,2024-11-03,2,inperson,102318,,20045,58668,2791,20814,1,fl-doe,2026-09-08T00:32:43+00:00
2024,FL,12081,Manatee County,2024-11-03,2,mail,64734,,23313,27234,1331,12856,1,fl-doe,2026-09-08T00:32:43+00:00
2024,FL,12081,Manatee County,2024-11-04,1,inperson,102318,,20045,58668,2791,20814,1,fl-doe,2026-09-08T00:32:43+00:00
2024,FL,12081,Manatee County,2024-11-04,1,mail,65711,,23648,27589,1354,13120,1,fl-doe,2026-09-08T00:32:43+00:00
2024,FL,12081,Manatee County,2024-11-05,0,inperson,102318,,20045,58668,2791,20814,1,fl-doe,2026-09-08T00:32:43+00:00
2024,FL,12081,Manatee County,2024-11-05,0,mail,68079,,24381,28519,1423,13756,1,fl-doe,2026-09-08T00:32:43+00:00
2024,FL,12081,Manatee County,2024-11-06,-1,inperson,102318,,20045,58668,2791,20814,1,fl-doe,2026-09-08T00:32:43+00:00
2024,FL,12081,Manatee County,2024-11-06,-1,mail,70397,,25146,29417,1515,14319,1,fl-doe,2026-09-08T00:32:43+00:00
2024,FL,12081,Manatee County,2024-11-07,-2,inperson,102318,,20045,58668,2791,20814,1,fl-doe,2026-09-08T00:32:43+00:00
2024,FL,12081,Manatee County,2024-11-07,-2,mail,70415,,25155,29421,1515,14324,1,fl-doe,2026-09-08T00:32:43+00:00
2024,FL,12081,Manatee County,2024-11-08,-3,inperson,102318,,20045,58668,2791,20814,1,fl-doe,2026-09-08T00:32:43+00:00
2024,FL,12081,Manatee County,2024-11-08,-3,mail,70426,,25156,29427,1515,14328,1,fl-doe,2026-09-08T00:32:43+00:00
2024,FL,12081,Manatee County,2024-11-09,-4,inperson,102318,,20045,58668,2791,20814,1,fl-doe,2026-09-08T00:32:43+00:00
2024,FL,12081,Manatee County,2024-11-09,-4,mail,70428,,25157,29428,1515,14328,1,fl-doe,2026-09-08T00:32:43+00:00
2024,FL,12081,Manatee County,2024-11-12,-7,inperson,102318,,20045,58668,2791,20814,1,fl-doe,2026-09-08T00:32:43+00:00
2024,FL,12081,Manatee County,2024-11-12,-7,mail,70428,,25157,29428,1515,14328,1,fl-doe,2026-09-08T00:32:43+00:00
2024,FL,12081,Manatee County,2024-11-13,-8,inperson,102318,,20045,58668,2791,20814,1,fl-doe,2026-09-08T00:32:43+00:00
2024,FL,12081,Manatee County,2024-11-13,-8,mail,70470,,25168,29439,1519,14344,1,fl-doe,2026-09-08T00:32:43+00:00
2024,FL,12081,Manatee County,2024-11-14,-9,inperson,102318,,20045,58668,2791,20814,1,fl-doe,2026-09-08T00:32:43+00:00
2024,FL,12081,Manatee County,2024-11-14,-9,mail,70483,,25171,29440,1519,14353,1,fl-doe,2026-09-08T00:32:43+00:00
2024,FL,12081,Manatee County,2024-11-17,-12,inperson,102318,,20045,58668,2791,20814,1,fl-doe,2026-09-08T00:32:43+00:00
2024,FL,12081,Manatee County,2024-11-17,-12,mail,70485,,25172,29440,1519,14354,1,fl-doe,2026-09-08T00:32:43+00:00
2024,FL,12081,Manatee County,2024-11-18,-13,inperson,102318,,20045,58668,2791,20814,1,fl-doe,2026-09-08T00:32:43+00:00
2024,FL,12081,Manatee County,2024-11-18,-13,mail,70485,,25172,29440,1519,14354,1,fl-doe,2026-09-08T00:32:43+00:00
2024,FL,12081,Manatee County,2024-11-20,-15,inperson,102318,,20045,58668,2791,20814,1,fl-doe,2026-09-08T00:32:43+00:00
2024,FL,12081,Manatee County,2024-11-20,-15,mail,70485,,25172,29440,1519,14354,1,fl-doe,2026-09-08T00:32:43+00:00
2024,FL,12083,Marion County,2024-09-20,46,inperson,0,,0,0,0,0,1,fl-doe,2026-09-08T00:32:43+00:00
2024,FL,12083,Marion County,2024-09-20,46,mail,0,,0,0,0,0,1,fl-doe,2026-09-08T00:32:43+00:00
2024,FL,12083,Marion County,2024-09-24,42,inperson,0,,0,0,0,0,1,fl-doe,2026-09-08T00:32:43+00:00
2024,FL,12083,Marion County,2024-09-24,42,mail,22,,8,8,2,4,1,fl-doe,2026-09-08T00:32:43+00:00
2024,FL,12083,Marion County,2024-09-26,40,inperson,0,,0,0,0,0,1,fl-doe,2026-09-08T00:32:43+00:00
2024,FL,12083,Marion County,2024-09-26,40,mail,34,,15,11,2,6,1,fl-doe,2026-09-08T00:32:43+00:00
2024,FL,12083,Marion County,2024-09-29,37,inperson,0,,0,0,0,0,1,fl-doe,2026-09-08T00:32:43+00:00
2024,FL,12083,Marion County,2024-09-29,37,mail,77,,25,37,4,11,1,fl-doe,2026-09-08T00:32:43+00:00
2024,FL,12083,Marion County,2024-09-30,36,inperson,0,,0,0,0,0,1,fl-doe,2026-09-08T00:32:43+00:00
2024,FL,12083,Marion County,2024-09-30,36,mail,77,,25,37,4,11,1,fl-doe,2026-09-08T00:32:43+00:00
2024,FL,12083,Marion County,2024-10-01,35,inperson,0,,0,0,0,0,1,fl-doe,2026-09-08T00:32:43+00:00
2024,FL,12083,Marion County,2024-10-01,35,mail,130,,44,63,4,19,1,fl-doe,2026-09-08T00:32:43+00:00
2024,FL,12083,Marion County,2024-10-02,34,inperson,0,,0,0,0,0,1,fl-doe,2026-09-08T00:32:43+00:00
2024,FL,12083,Marion County,2024-10-02,34,mail,164,,51,80,6,27,1,fl-doe,2026-09-08T00:32:43+00:00
2024,FL,12083,Marion County,2024-10-03,33,inperson,0,,0,0,0,0,1,fl-doe,2026-09-08T00:32:43+00:00
2024,FL,12083,Marion County,2024-10-03,33,mail,199,,63,94,7,35,1,fl-doe,2026-09-08T00:32:43+00:00
2024,FL,12083,Marion County,2024-10-04,32,inperson,0,,0,0,0,0,1,fl-doe,2026-09-08T00:32:43+00:00
2024,FL,12083,Marion County,2024-10-04,32,mail,282,,102,123,9,48,1,fl-doe,2026-09-08T00:32:43+00:00
2024,FL,12083,Marion County,2024-10-06,30,inperson,0,,0,0,0,0,1,fl-doe,2026-09-08T00:32:43+00:00
2024,FL,12083,Marion County,2024-10-06,30,mail,532,,212,239,9,72,1,fl-doe,2026-09-08T00:32:43+00:00
2024,FL,12083,Marion County,2024-10-07,29,inperson,0,,0,0,0,0,1,fl-doe,2026-09-08T00:32:43+00:00
2024,FL,12083,Marion County,2024-10-07,29,mail,2408,,975,1009,46,378,1,fl-doe,2026-09-08T00:32:43+00:00
2024,FL,12083,Marion County,2024-10-23,13,inperson,17866,,3459,11796,329,2282,1,fl-doe,2026-09-08T00:32:43+00:00
2024,FL,12083,Marion County,2024-10-23,13,mail,28193,,12053,11311,590,4239,1,fl-doe,2026-09-08T00:32:43+00:00
2024,FL,12083,Marion County,2024-10-28,8,inperson,53847,,10957,33745,1195,7950,1,fl-doe,2026-09-08T00:32:43+00:00
2024,FL,12083,Marion County,2024-10-28,8,mail,35850,,15088,14507,780,5475,1,fl-doe,2026-09-08T00:32:43+00:00
2024,FL,12083,Marion County,2024-10-29,7,inperson,62293,,12733,38835,1403,9322,1,fl-doe,2026-09-08T00:32:43+00:00
2024,FL,12083,Marion County,2024-10-29,7,mail,37567,,15709,15231,817,5810,1,fl-doe,2026-09-08T00:32:43+00:00
2024,FL,12083,Marion County,2024-10-31,5,inperson,77720,,16198,47688,1835,11999,1,fl-doe,2026-09-08T00:32:43+00:00
2024,FL,12083,Marion County,2024-10-31,5,mail,40295,,16693,16381,889,6332,1,fl-doe,2026-09-08T00:32:43+00:00
2024,FL,12083,Marion County,2024-11-01,4,inperson,84734,,17852,51545,2024,13313,1,fl-doe,2026-09-08T00:32:43+00:00
2024,FL,12083,Marion County,2024-11-01,4,mail,41536,,17170,16902,917,6547,1,fl-doe,2026-09-08T00:32:43+00:00
2024,FL,12083,Marion County,2024-11-03,2,inperson,101856,,22099,60514,2587,16656,1,fl-doe,2026-09-08T00:32:43+00:00
2024,FL,12083,Marion County,2024-11-03,2,mail,43337,,17856,17637,953,6891,1,fl-doe,2026-09-08T00:32:43+00:00
2024,FL,12083,Marion County,2024-11-04,1,inperson,101856,,22099,60514,2587,16656,1,fl-doe,2026-09-08T00:32:43+00:00
2024,FL,12083,Marion County,2024-11-04,1,mail,43642,,17983,17745,959,6955,1,fl-doe,2026-09-08T00:32:43+00:00
2024,FL,12083,Marion County,2024-11-05,0,inperson,101856,,22099,60514,2587,16656,1,fl-doe,2026-09-08T00:32:43+00:00
2024,FL,12083,Marion County,2024-11-05,0,mail,44322,,18219,18030,974,7099,1,fl-doe,2026-09-08T00:32:43+00:00
2024,FL,12083,Marion County,2024-11-06,-1,inperson,101856,,22099,60514,2587,16656,1,fl-doe,2026-09-08T00:32:43+00:00
2024,FL,12083,Marion County,2024-11-06,-1,mail,45422,,18646,18423,1011,7342,1,fl-doe,2026-09-08T00:32:43+00:00
2024,FL,12083,Marion County,2024-11-07,-2,inperson,101856,,22099,60514,2587,16656,1,fl-doe,2026-09-08T00:32:43+00:00
2024,FL,12083,Marion County,2024-11-07,-2,mail,45455,,18661,18434,1012,7348,1,fl-doe,2026-09-08T00:32:43+00:00
2024,FL,12083,Marion County,2024-11-08,-3,inperson,101856,,22099,60514,2587,16656,1,fl-doe,2026-09-08T00:32:43+00:00
2024,FL,12083,Marion County,2024-11-08,-3,mail,45471,,18669,18439,1013,7350,1,fl-doe,2026-09-08T00:32:43+00:00
2024,FL,12083,Marion County,2024-11-09,-4,inperson,101856,,22099,60514,2587,16656,1,fl-doe,2026-09-08T00:32:43+00:00
2024,FL,12083,Marion County,2024-11-09,-4,mail,45481,,18672,18441,1013,7355,1,fl-doe,2026-09-08T00:32:43+00:00
2024,FL,12083,Marion County,2024-11-12,-7,inperson,101856,,22099,60514,2587,16656,1,fl-doe,2026-09-08T00:32:43+00:00
2024,FL,12083,Marion County,2024-11-12,-7,mail,45481,,18672,18441,1013,7355,1,fl-doe,2026-09-08T00:32:43+00:00
2024,FL,12083,Marion County,2024-11-13,-8,inperson,101856,,22099,60514,2587,16656,1,fl-doe,2026-09-08T00:32:43+00:00
2024,FL,12083,Marion County,2024-11-13,-8,mail,45481,,18672,18441,1013,7355,1,fl-doe,2026-09-08T00:32:43+00:00
2024,FL,12083,Marion County,2024-11-14,-9,inperson,101856,,22099,60514,2587,16656,1,fl-doe,2026-09-08T00:32:43+00:00
2024,FL,12083,Marion County,2024-11-14,-9,mail,45488,,18674,18444,1013,7357,1,fl-doe,2026-09-08T00:32:43+00:00
2024,FL,12083,Marion County,2024-11-17,-12,inperson,101856,,22099,60514,2587,16656,1,fl-doe,2026-09-08T00:32:43+00:00
2024,FL,12083,Marion County,2024-11-17,-12,mail,45496,,18679,18444,1013,7360,1,fl-doe,2026-09-08T00:32:43+00:00
2024,FL,12083,Marion County,2024-11-18,-13,inperson,101856,,22099,60514,2587,16656,1,fl-doe,2026-09-08T00:32:43+00:00
2024,FL,12083,Marion County,2024-11-18,-13,mail,45496,,18679,18444,1013,7360,1,fl-doe,2026-09-08T00:32:43+00:00
2024,FL,12083,Marion County,2024-11-20,-15,inperson,101856,,22099,60514,2587,16656,1,fl-doe,2026-09-08T00:32:43+00:00
2024,FL,12083,Marion County,2024-11-20,-15,mail,45496,,18679,18444,1013,7360,1,fl-doe,2026-09-08T00:32:43+00:00
2024,FL,12085,Martin County,2024-09-08,58,inperson,0,,0,0,0,0,1,fl-doe,2026-09-08T00:32:43+00:00
2024,FL,12085,Martin County,2024-09-08,58,mail,0,,0,0,0,0,1,fl-doe,2026-09-08T00:32:43+00:00
2024,FL,12085,Martin County,2024-09-10,56,inperson,0,,0,0,0,0,1,fl-doe,2026-09-08T00:32:43+00:00
2024,FL,12085,Martin County,2024-09-10,56,mail,0,,0,0,0,0,1,fl-doe,2026-09-08T00:32:43+00:00
2024,FL,12085,Martin County,2024-09-17,49,inperson,0,,0,0,0,0,1,fl-doe,2026-09-08T00:32:43+00:00
2024,FL,12085,Martin County,2024-09-17,49,mail,0,,0,0,0,0,1,fl-doe,2026-09-08T00:32:43+00:00
2024,FL,12085,Martin County,2024-09-20,46,inperson,0,,0,0,0,0,1,fl-doe,2026-09-08T00:32:43+00:00
2024,FL,12085,Martin County,2024-09-20,46,mail,0,,0,0,0,0,1,fl-doe,2026-09-08T00:32:43+00:00
2024,FL,12085,Martin County,2024-09-24,42,inperson,0,,0,0,0,0,1,fl-doe,2026-09-08T00:32:43+00:00
2024,FL,12085,Martin County,2024-09-24,42,mail,0,,0,0,0,0,1,fl-doe,2026-09-08T00:32:43+00:00
2024,FL,12085,Martin County,2024-09-26,40,inperson,0,,0,0,0,0,1,fl-doe,2026-09-08T00:32:43+00:00
2024,FL,12085,Martin County,2024-09-26,40,mail,0,,0,0,0,0,1,fl-doe,2026-09-08T00:32:43+00:00
2024,FL,12085,Martin County,2024-09-29,37,inperson,0,,0,0,0,0,1,fl-doe,2026-09-08T00:32:43+00:00
2024,FL,12085,Martin County,2024-09-29,37,mail,0,,0,0,0,0,1,fl-doe,2026-09-08T00:32:43+00:00
2024,FL,12085,Martin County,2024-09-30,36,inperson,0,,0,0,0,0,1,fl-doe,2026-09-08T00:32:43+00:00
2024,FL,12085,Martin County,2024-09-30,36,mail,0,,0,0,0,0,1,fl-doe,2026-09-08T00:32:43+00:00
2024,FL,12085,Martin County,2024-10-01,35,inperson,0,,0,0,0,0,1,fl-doe,2026-09-08T00:32:43+00:00
2024,FL,12085,Martin County,2024-10-01,35,mail,0,,0,0,0,0,1,fl-doe,2026-09-08T00:32:43+00:00
2024,FL,12085,Martin County,2024-10-02,34,inperson,0,,0,0,0,0,1,fl-doe,2026-09-08T00:32:43+00:00
2024,FL,12085,Martin County,2024-10-02,34,mail,272,,99,113,7,53,1,fl-doe,2026-09-08T00:32:43+00:00
2024,FL,12085,Martin County,2024-10-03,33,inperson,0,,0,0,0,0,1,fl-doe,2026-09-08T00:32:43+00:00
2024,FL,12085,Martin County,2024-10-03,33,mail,728,,260,319,19,130,1,fl-doe,2026-09-08T00:32:43+00:00
2024,FL,12085,Martin County,2024-10-04,32,inperson,0,,0,0,0,0,1,fl-doe,2026-09-08T00:32:43+00:00
2024,FL,12085,Martin County,2024-10-04,32,mail,1546,,547,711,40,248,1,fl-doe,2026-09-08T00:32:43+00:00
2024,FL,12085,Martin County,2024-10-06,30,inperson,0,,0,0,0,0,1,fl-doe,2026-09-08T00:32:43+00:00
2024,FL,12085,Martin County,2024-10-06,30,mail,3246,,1173,1493,82,498,1,fl-doe,2026-09-08T00:32:43+00:00
2024,FL,12085,Martin County,2024-10-07,29,inperson,0,,0,0,0,0,1,fl-doe,2026-09-08T00:32:43+00:00
2024,FL,12085,Martin County,2024-10-07,29,mail,3246,,1173,1493,82,498,1,fl-doe,2026-09-08T00:32:43+00:00
2024,FL,12085,Martin County,2024-10-23,13,inperson,10585,,1651,7119,242,1573,1,fl-doe,2026-09-08T00:32:43+00:00
2024,FL,12085,Martin County,2024-10-23,13,mail,17680,,5984,8302,454,2940,1,fl-doe,2026-09-08T00:32:43+00:00
2024,FL,12085,Martin County,2024-10-28,8,inperson,27972,,4419,18233,733,4587,1,fl-doe,2026-09-08T00:32:43+00:00
2024,FL,12085,Martin County,2024-10-28,8,mail,21853,,7302,10227,587,3737,1,fl-doe,2026-09-08T00:32:43+00:00
2024,FL,12085,Martin County,2024-10-29,7,inperson,31822,,5048,20607,863,5304,1,fl-doe,2026-09-08T00:32:43+00:00
2024,FL,12085,Martin County,2024-10-29,7,mail,23255,,7751,10857,621,4026,1,fl-doe,2026-09-08T00:32:43+00:00
2024,FL,12085,Martin County,2024-10-31,5,inperson,39061,,6323,24795,1102,6841,1,fl-doe,2026-09-08T00:32:43+00:00
2024,FL,12085,Martin County,2024-10-31,5,mail,25128,,8345,11630,698,4455,1,fl-doe,2026-09-08T00:32:43+00:00
2024,FL,12085,Martin County,2024-11-01,4,inperson,42323,,6867,26720,1205,7531,1,fl-doe,2026-09-08T00:32:43+00:00
2024,FL,12085,Martin County,2024-11-01,4,mail,25932,,8609,11977,732,4614,1,fl-doe,2026-09-08T00:32:43+00:00
2024,FL,12085,Martin County,2024-11-03,2,inperson,50934,,8457,31446,1518,9513,1,fl-doe,2026-09-08T00:32:43+00:00
2024,FL,12085,Martin County,2024-11-03,2,mail,27201,,8981,12549,798,4873,1,fl-doe,2026-09-08T00:32:43+00:00
2024,FL,12085,Martin County,2024-11-04,1,inperson,50934,,8457,31446,1518,9513,1,fl-doe,2026-09-08T00:32:43+00:00
2024,FL,12085,Martin County,2024-11-04,1,mail,27201,,8981,12549,798,4873,1,fl-doe,2026-09-08T00:32:43+00:00
2024,FL,12085,Martin County,2024-11-05,0,inperson,50934,,8457,31446,1518,9513,1,fl-doe,2026-09-08T00:32:43+00:00
2024,FL,12085,Martin County,2024-11-05,0,mail,28145,,9263,12929,828,5125,1,fl-doe,2026-09-08T00:32:43+00:00
2024,FL,12085,Martin County,2024-11-06,-1,inperson,50934,,8457,31446,1518,9513,1,fl-doe,2026-09-08T00:32:43+00:00
2024,FL,12085,Martin County,2024-11-06,-1,mail,28712,,9426,13167,852,5267,1,fl-doe,2026-09-08T00:32:43+00:00
2024,FL,12085,Martin County,2024-11-07,-2,inperson,50934,,8457,31446,1518,9513,1,fl-doe,2026-09-08T00:32:43+00:00
2024,FL,12085,Martin County,2024-11-07,-2,mail,28711,,9425,13167,852,5267,1,fl-doe,2026-09-08T00:32:43+00:00
2024,FL,12085,Martin County,2024-11-08,-3,inperson,50934,,8457,31446,1518,9513,1,fl-doe,2026-09-08T00:32:43+00:00
2024,FL,12085,Martin County,2024-11-08,-3,mail,28713,,9426,13168,852,5267,1,fl-doe,2026-09-08T00:32:43+00:00
2024,FL,12085,Martin County,2024-11-09,-4,inperson,50934,,8457,31446,1518,9513,1,fl-doe,2026-09-08T00:32:43+00:00
2024,FL,12085,Martin County,2024-11-09,-4,mail,28716,,9427,13169,852,5268,1,fl-doe,2026-09-08T00:32:43+00:00
2024,FL,12085,Martin County,2024-11-12,-7,inperson,50934,,8457,31446,1518,9513,1,fl-doe,2026-09-08T00:32:43+00:00
2024,FL,12085,Martin County,2024-11-12,-7,mail,28716,,9427,13169,852,5268,1,fl-doe,2026-09-08T00:32:43+00:00
2024,FL,12085,Martin County,2024-11-13,-8,inperson,50934,,8457,31446,1518,9513,1,fl-doe,2026-09-08T00:32:43+00:00
2024,FL,12085,Martin County,2024-11-13,-8,mail,28722,,9432,13169,852,5269,1,fl-doe,2026-09-08T00:32:43+00:00
2024,FL,12085,Martin County,2024-11-14,-9,inperson,50934,,8457,31446,1518,9513,1,fl-doe,2026-09-08T00:32:43+00:00
2024,FL,12085,Martin County,2024-11-14,-9,mail,28723,,9433,13169,852,5269,1,fl-doe,2026-09-08T00:32:43+00:00
2024,FL,12085,Martin County,2024-11-17,-12,inperson,50934,,8457,31446,1518,9513,1,fl-doe,2026-09-08T00:32:43+00:00
2024,FL,12085,Martin County,2024-11-17,-12,mail,28727,,9435,13169,852,5271,1,fl-doe,2026-09-08T00:32:43+00:00
2024,FL,12085,Martin County,2024-11-18,-13,inperson,50934,,8457,31446,1518,9513,1,fl-doe,2026-09-08T00:32:43+00:00
2024,FL,12085,Martin County,2024-11-18,-13,mail,28727,,9435,13169,852,5271,1,fl-doe,2026-09-08T00:32:43+00:00
2024,FL,12085,Martin County,2024-11-20,-15,inperson,50934,,8457,31446,1518,9513,1,fl-doe,2026-09-08T00:32:43+00:00
2024,FL,12085,Martin County,2024-11-20,-15,mail,28727,,9435,13169,852,5271,1,fl-doe,2026-09-08T00:32:43+00:00
2024,FL,12086,Miami-Dade County,2024-09-20,46,inperson,0,,0,0,0,0,1,fl-doe,2026-09-08T00:32:43+00:00
2024,FL,12086,Miami-Dade County,2024-09-20,46,mail,0,,0,0,0,0,1,fl-doe,2026-09-08T00:32:43+00:00
2024,FL,12086,Miami-Dade County,2024-09-24,42,inperson,0,,0,0,0,0,1,fl-doe,2026-09-08T00:32:43+00:00
2024,FL,12086,Miami-Dade County,2024-09-24,42,mail,86,,44,23,2,17,1,fl-doe,2026-09-08T00:32:43+00:00
2024,FL,12086,Miami-Dade County,2024-09-26,40,inperson,0,,0,0,0,0,1,fl-doe,2026-09-08T00:32:43+00:00
2024,FL,12086,Miami-Dade County,2024-09-26,40,mail,219,,123,47,3,46,1,fl-doe,2026-09-08T00:32:43+00:00
2024,FL,12086,Miami-Dade County,2024-09-29,37,inperson,0,,0,0,0,0,1,fl-doe,2026-09-08T00:32:43+00:00
2024,FL,12086,Miami-Dade County,2024-09-29,37,mail,328,,187,64,4,73,1,fl-doe,2026-09-08T00:32:43+00:00
2024,FL,12086,Miami-Dade County,2024-09-30,36,inperson,0,,0,0,0,0,1,fl-doe,2026-09-08T00:32:43+00:00
2024,FL,12086,Miami-Dade County,2024-09-30,36,mail,328,,187,64,4,73,1,fl-doe,2026-09-08T00:32:43+00:00
2024,FL,12086,Miami-Dade County,2024-10-01,35,inperson,0,,0,0,0,0,1,fl-doe,2026-09-08T00:32:43+00:00
2024,FL,12086,Miami-Dade County,2024-10-01,35,mail,447,,248,92,11,96,1,fl-doe,2026-09-08T00:32:43+00:00
2024,FL,12086,Miami-Dade County,2024-10-02,34,inperson,0,,0,0,0,0,1,fl-doe,2026-09-08T00:32:43+00:00
2024,FL,12086,Miami-Dade County,2024-10-02,34,mail,583,,311,130,17,125,1,fl-doe,2026-09-08T00:32:43+00:00
2024,FL,12086,Miami-Dade County,2024-10-03,33,inperson,0,,0,0,0,0,1,fl-doe,2026-09-08T00:32:43+00:00
2024,FL,12086,Miami-Dade County,2024-10-03,33,mail,809,,418,185,20,186,1,fl-doe,2026-09-08T00:32:43+00:00
2024,FL,12086,Miami-Dade County,2024-10-04,32,inperson,0,,0,0,0,0,1,fl-doe,2026-09-08T00:32:43+00:00
2024,FL,12086,Miami-Dade County,2024-10-04,32,mail,6328,,2746,2085,111,1386,1,fl-doe,2026-09-08T00:32:43+00:00
2024,FL,12086,Miami-Dade County,2024-10-06,30,inperson,0,,0,0,0,0,1,fl-doe,2026-09-08T00:32:43+00:00
2024,FL,12086,Miami-Dade County,2024-10-06,30,mail,14539,,6338,4689,245,3267,1,fl-doe,2026-09-08T00:32:43+00:00
2024,FL,12086,Miami-Dade County,2024-10-07,29,inperson,0,,0,0,0,0,1,fl-doe,2026-09-08T00:32:43+00:00
2024,FL,12086,Miami-Dade County,2024-10-07,29,mail,14539,,6338,4689,245,3267,1,fl-doe,2026-09-08T00:32:43+00:00
2024,FL,12086,Miami-Dade County,2024-10-23,13,inperson,73477,,23070,34173,1192,15042,1,fl-doe,2026-09-08T00:32:43+00:00
2024,FL,12086,Miami-Dade County,2024-10-23,13,mail,143989,,63157,42942,2384,35506,1,fl-doe,2026-09-08T00:32:43+00:00
2024,FL,12086,Miami-Dade County,2024-10-28,8,inperson,271356,,76304,125598,4865,64589,1,fl-doe,2026-09-08T00:32:43+00:00
2024,FL,12086,Miami-Dade County,2024-10-28,8,mail,183832,,79552,55548,3061,45671,1,fl-doe,2026-09-08T00:32:43+00:00
2024,FL,12086,Miami-Dade County,2024-10-29,7,inperson,313753,,88020,143853,5697,76183,1,fl-doe,2026-09-08T00:32:43+00:00
2024,FL,12086,Miami-Dade County,2024-10-29,7,mail,208148,,89463,62981,3508,52196,1,fl-doe,2026-09-08T00:32:43+00:00
2024,FL,12086,Miami-Dade County,2024-10-31,5,inperson,401020,,113927,177970,7481,101642,1,fl-doe,2026-09-08T00:32:43+00:00
2024,FL,12086,Miami-Dade County,2024-10-31,5,mail,237503,,101363,70968,4117,61055,1,fl-doe,2026-09-08T00:32:43+00:00
2024,FL,12086,Miami-Dade County,2024-11-01,4,inperson,441871,,126415,192984,8387,114085,1,fl-doe,2026-09-08T00:32:43+00:00
2024,FL,12086,Miami-Dade County,2024-11-01,4,mail,248387,,105668,73743,4335,64641,1,fl-doe,2026-09-08T00:32:43+00:00
2024,FL,12086,Miami-Dade County,2024-11-03,2,inperson,539512,,156741,226517,10602,145652,1,fl-doe,2026-09-08T00:32:43+00:00
2024,FL,12086,Miami-Dade County,2024-11-03,2,mail,266802,,113138,78330,4719,70615,1,fl-doe,2026-09-08T00:32:43+00:00
2024,FL,12086,Miami-Dade County,2024-11-04,1,inperson,597448,,175903,244423,11930,165192,1,fl-doe,2026-09-08T00:32:43+00:00
2024,FL,12086,Miami-Dade County,2024-11-04,1,mail,272220,,115262,79649,4836,72473,1,fl-doe,2026-09-08T00:32:43+00:00
2024,FL,12086,Miami-Dade County,2024-11-05,0,inperson,597448,,175903,244423,11930,165192,1,fl-doe,2026-09-08T00:32:43+00:00
2024,FL,12086,Miami-Dade County,2024-11-05,0,mail,282810,,119617,82010,5071,76112,1,fl-doe,2026-09-08T00:32:43+00:00
2024,FL,12086,Miami-Dade County,2024-11-06,-1,inperson,597448,,175903,244423,11930,165192,1,fl-doe,2026-09-08T00:32:43+00:00
2024,FL,12086,Miami-Dade County,2024-11-06,-1,mail,290805,,122419,83886,5314,79186,1,fl-doe,2026-09-08T00:32:43+00:00
2024,FL,12086,Miami-Dade County,2024-11-07,-2,inperson,597448,,175903,244423,11930,165192,1,fl-doe,2026-09-08T00:32:43+00:00
2024,FL,12086,Miami-Dade County,2024-11-07,-2,mail,290970,,122507,83915,5321,79227,1,fl-doe,2026-09-08T00:32:43+00:00
2024,FL,12086,Miami-Dade County,2024-11-08,-3,inperson,597448,,175903,244423,11930,165192,1,fl-doe,2026-09-08T00:32:43+00:00
2024,FL,12086,Miami-Dade County,2024-11-08,-3,mail,291310,,122662,83976,5331,79341,1,fl-doe,2026-09-08T00:32:43+00:00
2024,FL,12086,Miami-Dade County,2024-11-09,-4,inperson,597448,,175903,244423,11930,165192,1,fl-doe,2026-09-08T00:32:43+00:00
2024,FL,12086,Miami-Dade County,2024-11-09,-4,mail,291387,,122703,83992,5332,79360,1,fl-doe,2026-09-08T00:32:43+00:00
2024,FL,12086,Miami-Dade County,2024-11-12,-7,inperson,597448,,175903,244423,11930,165192,1,fl-doe,2026-09-08T00:32:43+00:00
2024,FL,12086,Miami-Dade County,2024-11-12,-7,mail,291387,,122703,83992,5332,79360,1,fl-doe,2026-09-08T00:32:43+00:00
2024,FL,12086,Miami-Dade County,2024-11-13,-8,inperson,597448,,175903,244423,11930,165192,1,fl-doe,2026-09-08T00:32:43+00:00
2024,FL,12086,Miami-Dade County,2024-11-13,-8,mail,291483,,122746,84004,5334,79399,1,fl-doe,2026-09-08T00:32:43+00:00
2024,FL,12086,Miami-Dade County,2024-11-14,-9,inperson,597448,,175903,244423,11930,165192,1,fl-doe,2026-09-08T00:32:43+00:00
2024,FL,12086,Miami-Dade County,2024-11-14,-9,mail,291519,,122764,84010,5334,79411,1,fl-doe,2026-09-08T00:32:43+00:00
2024,FL,12086,Miami-Dade County,2024-11-17,-12,inperson,597448,,175903,244423,11930,165192,1,fl-doe,2026-09-08T00:32:43+00:00
2024,FL,12086,Miami-Dade County,2024-11-17,-12,mail,291676,,122838,84036,5341,79461,1,fl-doe,2026-09-08T00:32:43+00:00
2024,FL,12086,Miami-Dade County,2024-11-18,-13,inperson,597448,,175903,244423,11930,165192,1,fl-doe,2026-09-08T00:32:43+00:00
2024,FL,12086,Miami-Dade County,2024-11-18,-13,mail,291676,,122838,84036,5341,79461,1,fl-doe,2026-09-08T00:32:43+00:00
2024,FL,12086,Miami-Dade County,2024-11-20,-15,inperson,597448,,175903,244423,11930,165192,1,fl-doe,2026-09-08T00:32:43+00:00
2024,FL,12086,Miami-Dade County,2024-11-20,-15,mail,291676,,122838,84036,5341,79461,1,fl-doe,2026-09-08T00:32:43+00:00
2024,FL,12087,Monroe County,2024-09-16,50,inperson,0,,0,0,0,0,1,fl-doe,2026-09-08T00:32:43+00:00
2024,FL,12087,Monroe County,2024-09-16,50,mail,2,,0,1,0,1,1,fl-doe,2026-09-08T00:32:43+00:00
2024,FL,12087,Monroe County,2024-09-17,49,inperson,0,,0,0,0,0,1,fl-doe,2026-09-08T00:32:43+00:00
2024,FL,12087,Monroe County,2024-09-17,49,mail,10,,6,2,0,2,1,fl-doe,2026-09-08T00:32:43+00:00
2024,FL,12087,Monroe County,2024-09-20,46,inperson,0,,0,0,0,0,1,fl-doe,2026-09-08T00:32:43+00:00
2024,FL,12087,Monroe County,2024-09-20,46,mail,18,,10,4,0,4,1,fl-doe,2026-09-08T00:32:43+00:00
2024,FL,12087,Monroe County,2024-09-24,42,inperson,0,,0,0,0,0,1,fl-doe,2026-09-08T00:32:43+00:00
2024,FL,12087,Monroe County,2024-09-24,42,mail,38,,23,6,1,8,1,fl-doe,2026-09-08T00:32:43+00:00
2024,FL,12087,Monroe County,2024-09-26,40,inperson,0,,0,0,0,0,1,fl-doe,2026-09-08T00:32:43+00:00
2024,FL,12087,Monroe County,2024-09-26,40,mail,58,,31,12,1,14,1,fl-doe,2026-09-08T00:32:43+00:00
2024,FL,12087,Monroe County,2024-09-29,37,inperson,0,,0,0,0,0,1,fl-doe,2026-09-08T00:32:43+00:00
2024,FL,12087,Monroe County,2024-09-29,37,mail,72,,40,14,1,17,1,fl-doe,2026-09-08T00:32:43+00:00
2024,FL,12087,Monroe County,2024-09-30,36,inperson,0,,0,0,0,0,1,fl-doe,2026-09-08T00:32:43+00:00
2024,FL,12087,Monroe County,2024-09-30,36,mail,72,,40,14,1,17,1,fl-doe,2026-09-08T00:32:43+00:00
2024,FL,12087,Monroe County,2024-10-01,35,inperson,0,,0,0,0,0,1,fl-doe,2026-09-08T00:32:43+00:00
2024,FL,12087,Monroe County,2024-10-01,35,mail,162,,67,59,4,32,1,fl-doe,2026-09-08T00:32:43+00:00
2024,FL,12087,Monroe County,2024-10-02,34,inperson,0,,0,0,0,0,1,fl-doe,2026-09-08T00:32:43+00:00
2024,FL,12087,Monroe County,2024-10-02,34,mail,420,,172,173,12,63,1,fl-doe,2026-09-08T00:32:43+00:00
2024,FL,12087,Monroe County,2024-10-03,33,inperson,0,,0,0,0,0,1,fl-doe,2026-09-08T00:32:43+00:00
2024,FL,12087,Monroe County,2024-10-03,33,mail,684,,312,263,16,93,1,fl-doe,2026-09-08T00:32:43+00:00
2024,FL,12087,Monroe County,2024-10-04,32,inperson,0,,0,0,0,0,1,fl-doe,2026-09-08T00:32:43+00:00
2024,FL,12087,Monroe County,2024-10-04,32,mail,940,,423,369,20,128,1,fl-doe,2026-09-08T00:32:43+00:00
2024,FL,12087,Monroe County,2024-10-06,30,inperson,0,,0,0,0,0,1,fl-doe,2026-09-08T00:32:43+00:00
2024,FL,12087,Monroe County,2024-10-06,30,mail,1274,,557,515,24,178,1,fl-doe,2026-09-08T00:32:43+00:00
2024,FL,12087,Monroe County,2024-10-07,29,inperson,0,,0,0,0,0,1,fl-doe,2026-09-08T00:32:43+00:00
2024,FL,12087,Monroe County,2024-10-07,29,mail,1274,,557,515,24,178,1,fl-doe,2026-09-08T00:32:43+00:00
2024,FL,12087,Monroe County,2024-10-23,13,inperson,3386,,835,2015,72,464,1,fl-doe,2026-09-08T00:32:43+00:00
2024,FL,12087,Monroe County,2024-10-23,13,mail,8905,,3468,3910,174,1353,1,fl-doe,2026-09-08T00:32:43+00:00
2024,FL,12087,Monroe County,2024-10-28,8,inperson,8685,,2057,4977,195,1456,1,fl-doe,2026-09-08T00:32:43+00:00
2024,FL,12087,Monroe County,2024-10-28,8,mail,11183,,4261,4960,217,1745,1,fl-doe,2026-09-08T00:32:43+00:00
2024,FL,12087,Monroe County,2024-10-29,7,inperson,10203,,2385,5830,239,1749,1,fl-doe,2026-09-08T00:32:43+00:00
2024,FL,12087,Monroe County,2024-10-29,7,mail,11620,,4416,5161,226,1817,1,fl-doe,2026-09-08T00:32:43+00:00
2024,FL,12087,Monroe County,2024-10-31,5,inperson,13082,,3056,7357,331,2338,1,fl-doe,2026-09-08T00:32:43+00:00
2024,FL,12087,Monroe County,2024-10-31,5,mail,12720,,4827,5612,254,2027,1,fl-doe,2026-09-08T00:32:43+00:00
2024,FL,12087,Monroe County,2024-11-01,4,inperson,14457,,3407,8042,368,2640,1,fl-doe,2026-09-08T00:32:43+00:00
2024,FL,12087,Monroe County,2024-11-01,4,mail,13302,,5036,5843,274,2149,1,fl-doe,2026-09-08T00:32:43+00:00
2024,FL,12087,Monroe County,2024-11-03,2,inperson,17663,,4193,9576,478,3416,1,fl-doe,2026-09-08T00:32:43+00:00
2024,FL,12087,Monroe County,2024-11-03,2,mail,14058,,5280,6159,306,2313,1,fl-doe,2026-09-08T00:32:43+00:00
2024,FL,12087,Monroe County,2024-11-04,1,inperson,17663,,4193,9576,478,3416,1,fl-doe,2026-09-08T00:32:43+00:00
2024,FL,12087,Monroe County,2024-11-04,1,mail,14063,,5283,6160,306,2314,1,fl-doe,2026-09-08T00:32:43+00:00
2024,FL,12087,Monroe County,2024-11-05,0,inperson,17663,,4193,9576,476,3418,1,fl-doe,2026-09-08T00:32:43+00:00
2024,FL,12087,Monroe County,2024-11-05,0,mail,14560,,5443,6363,317,2437,1,fl-doe,2026-09-08T00:32:43+00:00
2024,FL,12087,Monroe County,2024-11-06,-1,inperson,17663,,4193,9576,476,3418,1,fl-doe,2026-09-08T00:32:43+00:00
2024,FL,12087,Monroe County,2024-11-06,-1,mail,14815,,5530,6448,323,2514,1,fl-doe,2026-09-08T00:32:43+00:00
2024,FL,12087,Monroe County,2024-11-07,-2,inperson,17663,,4193,9576,476,3418,1,fl-doe,2026-09-08T00:32:43+00:00
2024,FL,12087,Monroe County,2024-11-07,-2,mail,14836,,5532,6459,323,2522,1,fl-doe,2026-09-08T00:32:43+00:00
2024,FL,12087,Monroe County,2024-11-08,-3,inperson,17663,,4193,9576,476,3418,1,fl-doe,2026-09-08T00:32:43+00:00
2024,FL,12087,Monroe County,2024-11-08,-3,mail,14839,,5532,6460,323,2524,1,fl-doe,2026-09-08T00:32:43+00:00
2024,FL,12087,Monroe County,2024-11-09,-4,inperson,17663,,4193,9576,476,3418,1,fl-doe,2026-09-08T00:32:43+00:00
2024,FL,12087,Monroe County,2024-11-09,-4,mail,14828,,5536,6451,323,2518,1,fl-doe,2026-09-08T00:32:43+00:00
2024,FL,12087,Monroe County,2024-11-12,-7,inperson,17663,,4193,9576,476,3418,1,fl-doe,2026-09-08T00:32:43+00:00
2024,FL,12087,Monroe County,2024-11-12,-7,mail,14828,,5536,6451,323,2518,1,fl-doe,2026-09-08T00:32:43+00:00
2024,FL,12087,Monroe County,2024-11-13,-8,inperson,17663,,4193,9576,476,3418,1,fl-doe,2026-09-08T00:32:43+00:00
2024,FL,12087,Monroe County,2024-11-13,-8,mail,14830,,5537,6451,323,2519,1,fl-doe,2026-09-08T00:32:43+00:00
2024,FL,12087,Monroe County,2024-11-14,-9,inperson,17663,,4193,9576,476,3418,1,fl-doe,2026-09-08T00:32:43+00:00
2024,FL,12087,Monroe County,2024-11-14,-9,mail,14830,,5537,6451,323,2519,1,fl-doe,2026-09-08T00:32:43+00:00
2024,FL,12087,Monroe County,2024-11-17,-12,inperson,17663,,4193,9576,476,3418,1,fl-doe,2026-09-08T00:32:43+00:00
2024,FL,12087,Monroe County,2024-11-17,-12,mail,14832,,5538,6451,323,2520,1,fl-doe,2026-09-08T00:32:43+00:00
2024,FL,12087,Monroe County,2024-11-18,-13,inperson,17663,,4193,9576,476,3418,1,fl-doe,2026-09-08T00:32:43+00:00
2024,FL,12087,Monroe County,2024-11-18,-13,mail,14832,,5538,6451,323,2520,1,fl-doe,2026-09-08T00:32:43+00:00
2024,FL,12087,Monroe County,2024-11-20,-15,inperson,17663,,4193,9576,476,3418,1,fl-doe,2026-09-08T00:32:43+00:00
2024,FL,12087,Monroe County,2024-11-20,-15,mail,14832,,5538,6451,323,2520,1,fl-doe,2026-09-08T00:32:43+00:00
2024,FL,12089,Nassau County,2024-09-17,49,inperson,0,,0,0,0,0,1,fl-doe,2026-09-08T00:32:43+00:00
2024,FL,12089,Nassau County,2024-09-17,49,mail,0,,0,0,0,0,1,fl-doe,2026-09-08T00:32:43+00:00
2024,FL,12089,Nassau County,2024-09-20,46,inperson,0,,0,0,0,0,1,fl-doe,2026-09-08T00:32:43+00:00
2024,FL,12089,Nassau County,2024-09-20,46,mail,17,,9,5,1,2,1,fl-doe,2026-09-08T00:32:43+00:00
2024,FL,12089,Nassau County,2024-09-24,42,inperson,0,,0,0,0,0,1,fl-doe,2026-09-08T00:32:43+00:00
2024,FL,12089,Nassau County,2024-09-24,42,mail,23,,13,5,2,3,1,fl-doe,2026-09-08T00:32:43+00:00
2024,FL,12089,Nassau County,2024-09-26,40,inperson,0,,0,0,0,0,1,fl-doe,2026-09-08T00:32:43+00:00
2024,FL,12089,Nassau County,2024-09-26,40,mail,87,,31,34,8,14,1,fl-doe,2026-09-08T00:32:43+00:00
2024,FL,12089,Nassau County,2024-09-29,37,inperson,0,,0,0,0,0,1,fl-doe,2026-09-08T00:32:43+00:00
2024,FL,12089,Nassau County,2024-09-29,37,mail,87,,31,34,8,14,1,fl-doe,2026-09-08T00:32:43+00:00
2024,FL,12089,Nassau County,2024-09-30,36,inperson,0,,0,0,0,0,1,fl-doe,2026-09-08T00:32:43+00:00
2024,FL,12089,Nassau County,2024-09-30,36,mail,87,,31,34,8,14,1,fl-doe,2026-09-08T00:32:43+00:00
2024,FL,12089,Nassau County,2024-10-01,35,inperson,0,,0,0,0,0,1,fl-doe,2026-09-08T00:32:43+00:00
2024,FL,12089,Nassau County,2024-10-01,35,mail,102,,35,42,8,17,1,fl-doe,2026-09-08T00:32:43+00:00
2024,FL,12089,Nassau County,2024-10-02,34,inperson,0,,0,0,0,0,1,fl-doe,2026-09-08T00:32:43+00:00
2024,FL,12089,Nassau County,2024-10-02,34,mail,102,,35,42,8,17,1,fl-doe,2026-09-08T00:32:43+00:00
2024,FL,12089,Nassau County,2024-10-03,33,inperson,0,,0,0,0,0,1,fl-doe,2026-09-08T00:32:43+00:00
2024,FL,12089,Nassau County,2024-10-03,33,mail,186,,52,93,10,31,1,fl-doe,2026-09-08T00:32:43+00:00
2024,FL,12089,Nassau County,2024-10-04,32,inperson,0,,0,0,0,0,1,fl-doe,2026-09-08T00:32:43+00:00
2024,FL,12089,Nassau County,2024-10-04,32,mail,193,,55,94,10,34,1,fl-doe,2026-09-08T00:32:43+00:00
2024,FL,12089,Nassau County,2024-10-06,30,inperson,0,,0,0,0,0,1,fl-doe,2026-09-08T00:32:43+00:00
2024,FL,12089,Nassau County,2024-10-06,30,mail,307,,96,146,13,52,1,fl-doe,2026-09-08T00:32:43+00:00
2024,FL,12089,Nassau County,2024-10-07,29,inperson,0,,0,0,0,0,1,fl-doe,2026-09-08T00:32:43+00:00
2024,FL,12089,Nassau County,2024-10-07,29,mail,307,,96,146,13,52,1,fl-doe,2026-09-08T00:32:43+00:00
2024,FL,12089,Nassau County,2024-10-23,13,inperson,0,,0,0,0,0,1,fl-doe,2026-09-08T00:32:43+00:00
2024,FL,12089,Nassau County,2024-10-23,13,mail,7534,,2178,3841,205,1310,1,fl-doe,2026-09-08T00:32:43+00:00
2024,FL,12089,Nassau County,2024-10-28,8,inperson,20276,,2862,14267,493,2654,1,fl-doe,2026-09-08T00:32:43+00:00
2024,FL,12089,Nassau County,2024-10-28,8,mail,10070,,2962,5080,258,1770,1,fl-doe,2026-09-08T00:32:43+00:00
2024,FL,12089,Nassau County,2024-10-29,7,inperson,24316,,3366,17092,620,3238,1,fl-doe,2026-09-08T00:32:43+00:00
2024,FL,12089,Nassau County,2024-10-29,7,mail,10588,,3084,5352,273,1879,1,fl-doe,2026-09-08T00:32:43+00:00
2024,FL,12089,Nassau County,2024-10-31,5,inperson,30903,,4313,21453,829,4308,1,fl-doe,2026-09-08T00:32:43+00:00
2024,FL,12089,Nassau County,2024-10-31,5,mail,11673,,3373,5896,309,2095,1,fl-doe,2026-09-08T00:32:43+00:00
2024,FL,12089,Nassau County,2024-11-01,4,inperson,33495,,4715,23079,902,4799,1,fl-doe,2026-09-08T00:32:43+00:00
2024,FL,12089,Nassau County,2024-11-01,4,mail,12118,,3502,6099,322,2195,1,fl-doe,2026-09-08T00:32:43+00:00
2024,FL,12089,Nassau County,2024-11-03,2,inperson,40218,,5748,27278,1103,6089,1,fl-doe,2026-09-08T00:32:43+00:00
2024,FL,12089,Nassau County,2024-11-03,2,mail,12833,,3692,6454,343,2344,1,fl-doe,2026-09-08T00:32:43+00:00
2024,FL,12089,Nassau County,2024-11-04,1,inperson,40218,,5748,27278,1103,6089,1,fl-doe,2026-09-08T00:32:43+00:00
2024,FL,12089,Nassau County,2024-11-04,1,mail,12833,,3692,6454,343,2344,1,fl-doe,2026-09-08T00:32:43+00:00
2024,FL,12089,Nassau County,2024-11-05,0,inperson,40218,,5748,27278,1103,6089,1,fl-doe,2026-09-08T00:32:43+00:00
2024,FL,12089,Nassau County,2024-11-05,0,mail,13174,,3771,6614,354,2435,1,fl-doe,2026-09-08T00:32:43+00:00
2024,FL,12089,Nassau County,2024-11-06,-1,inperson,40218,,5748,27278,1103,6089,1,fl-doe,2026-09-08T00:32:43+00:00
2024,FL,12089,Nassau County,2024-11-06,-1,mail,13591,,3882,6794,380,2535,1,fl-doe,2026-09-08T00:32:43+00:00
2024,FL,12089,Nassau County,2024-11-07,-2,inperson,40218,,5748,27278,1103,6089,1,fl-doe,2026-09-08T00:32:43+00:00
2024,FL,12089,Nassau County,2024-11-07,-2,mail,13591,,3882,6794,380,2535,1,fl-doe,2026-09-08T00:32:43+00:00
2024,FL,12089,Nassau County,2024-11-08,-3,inperson,40218,,5748,27278,1103,6089,1,fl-doe,2026-09-08T00:32:43+00:00
2024,FL,12089,Nassau County,2024-11-08,-3,mail,13626,,3893,6811,381,2541,1,fl-doe,2026-09-08T00:32:43+00:00
2024,FL,12089,Nassau County,2024-11-09,-4,inperson,40218,,5748,27278,1103,6089,1,fl-doe,2026-09-08T00:32:43+00:00
2024,FL,12089,Nassau County,2024-11-09,-4,mail,13626,,3893,6811,381,2541,1,fl-doe,2026-09-08T00:32:43+00:00
2024,FL,12089,Nassau County,2024-11-12,-7,inperson,40218,,5748,27278,1103,6089,1,fl-doe,2026-09-08T00:32:43+00:00
2024,FL,12089,Nassau County,2024-11-12,-7,mail,13626,,3893,6811,381,2541,1,fl-doe,2026-09-08T00:32:43+00:00
2024,FL,12089,Nassau County,2024-11-13,-8,inperson,40218,,5748,27278,1103,6089,1,fl-doe,2026-09-08T00:32:43+00:00
2024,FL,12089,Nassau County,2024-11-13,-8,mail,13626,,3893,6811,381,2541,1,fl-doe,2026-09-08T00:32:43+00:00
2024,FL,12089,Nassau County,2024-11-14,-9,inperson,40218,,5748,27278,1103,6089,1,fl-doe,2026-09-08T00:32:43+00:00
2024,FL,12089,Nassau County,2024-11-14,-9,mail,13626,,3893,6811,381,2541,1,fl-doe,2026-09-08T00:32:43+00:00
2024,FL,12089,Nassau County,2024-11-17,-12,inperson,40218,,5748,27278,1103,6089,1,fl-doe,2026-09-08T00:32:43+00:00
2024,FL,12089,Nassau County,2024-11-17,-12,mail,13641,,3897,6817,381,2546,1,fl-doe,2026-09-08T00:32:43+00:00
2024,FL,12089,Nassau County,2024-11-18,-13,inperson,40218,,5748,27278,1103,6089,1,fl-doe,2026-09-08T00:32:43+00:00
2024,FL,12089,Nassau County,2024-11-18,-13,mail,13641,,3897,6817,381,2546,1,fl-doe,2026-09-08T00:32:43+00:00
2024,FL,12089,Nassau County,2024-11-20,-15,inperson,40218,,5748,27278,1103,6089,1,fl-doe,2026-09-08T00:32:43+00:00
2024,FL,12089,Nassau County,2024-11-20,-15,mail,13641,,3897,6817,381,2546,1,fl-doe,2026-09-08T00:32:43+00:00
2024,FL,12091,Okaloosa County,2024-09-12,54,inperson,0,,0,0,0,0,1,fl-doe,2026-09-08T00:32:43+00:00
2024,FL,12091,Okaloosa County,2024-09-12,54,mail,0,,0,0,0,0,1,fl-doe,2026-09-08T00:32:43+00:00
2024,FL,12091,Okaloosa County,2024-09-16,50,inperson,0,,0,0,0,0,1,fl-doe,2026-09-08T00:32:43+00:00
2024,FL,12091,Okaloosa County,2024-09-16,50,mail,0,,0,0,0,0,1,fl-doe,2026-09-08T00:32:43+00:00
2024,FL,12091,Okaloosa County,2024-09-17,49,inperson,0,,0,0,0,0,1,fl-doe,2026-09-08T00:32:43+00:00
2024,FL,12091,Okaloosa County,2024-09-17,49,mail,0,,0,0,0,0,1,fl-doe,2026-09-08T00:32:43+00:00
2024,FL,12091,Okaloosa County,2024-09-20,46,inperson,0,,0,0,0,0,1,fl-doe,2026-09-08T00:32:43+00:00
2024,FL,12091,Okaloosa County,2024-09-20,46,mail,44,,13,21,1,9,1,fl-doe,2026-09-08T00:32:43+00:00
2024,FL,12091,Okaloosa County,2024-09-24,42,inperson,0,,0,0,0,0,1,fl-doe,2026-09-08T00:32:43+00:00
2024,FL,12091,Okaloosa County,2024-09-24,42,mail,159,,50,66,4,39,1,fl-doe,2026-09-08T00:32:43+00:00
2024,FL,12091,Okaloosa County,2024-09-26,40,inperson,0,,0,0,0,0,1,fl-doe,2026-09-08T00:32:43+00:00
2024,FL,12091,Okaloosa County,2024-09-26,40,mail,427,,117,204,15,91,1,fl-doe,2026-09-08T00:32:43+00:00
2024,FL,12091,Okaloosa County,2024-09-29,37,inperson,0,,0,0,0,0,1,fl-doe,2026-09-08T00:32:43+00:00
2024,FL,12091,Okaloosa County,2024-09-29,37,mail,608,,172,273,20,143,1,fl-doe,2026-09-08T00:32:43+00:00
2024,FL,12091,Okaloosa County,2024-09-30,36,inperson,0,,0,0,0,0,1,fl-doe,2026-09-08T00:32:43+00:00
2024,FL,12091,Okaloosa County,2024-09-30,36,mail,608,,172,273,20,143,1,fl-doe,2026-09-08T00:32:43+00:00
2024,FL,12091,Okaloosa County,2024-10-01,35,inperson,0,,0,0,0,0,1,fl-doe,2026-09-08T00:32:43+00:00
2024,FL,12091,Okaloosa County,2024-10-01,35,mail,693,,191,317,21,164,1,fl-doe,2026-09-08T00:32:43+00:00
2024,FL,12091,Okaloosa County,2024-10-02,34,inperson,0,,0,0,0,0,1,fl-doe,2026-09-08T00:32:43+00:00
2024,FL,12091,Okaloosa County,2024-10-02,34,mail,1089,,289,528,30,242,1,fl-doe,2026-09-08T00:32:43+00:00
2024,FL,12091,Okaloosa County,2024-10-03,33,inperson,0,,0,0,0,0,1,fl-doe,2026-09-08T00:32:43+00:00
2024,FL,12091,Okaloosa County,2024-10-03,33,mail,1623,,450,815,33,325,1,fl-doe,2026-09-08T00:32:43+00:00
2024,FL,12091,Okaloosa County,2024-10-04,32,inperson,0,,0,0,0,0,1,fl-doe,2026-09-08T00:32:43+00:00
2024,FL,12091,Okaloosa County,2024-10-04,32,mail,2113,,602,1077,41,393,1,fl-doe,2026-09-08T00:32:43+00:00
2024,FL,12091,Okaloosa County,2024-10-06,30,inperson,0,,0,0,0,0,1,fl-doe,2026-09-08T00:32:43+00:00
2024,FL,12091,Okaloosa County,2024-10-06,30,mail,2479,,719,1273,43,444,1,fl-doe,2026-09-08T00:32:43+00:00
2024,FL,12091,Okaloosa County,2024-10-07,29,inperson,0,,0,0,0,0,1,fl-doe,2026-09-08T00:32:43+00:00
2024,FL,12091,Okaloosa County,2024-10-07,29,mail,2479,,719,1273,43,444,1,fl-doe,2026-09-08T00:32:43+00:00
2024,FL,12091,Okaloosa County,2024-10-23,13,inperson,13978,,1852,10206,267,1653,1,fl-doe,2026-09-08T00:32:43+00:00
2024,FL,12091,Okaloosa County,2024-10-23,13,mail,11980,,3524,6166,267,2023,1,fl-doe,2026-09-08T00:32:43+00:00
2024,FL,12091,Okaloosa County,2024-10-28,8,inperson,34947,,4684,24731,744,4788,1,fl-doe,2026-09-08T00:32:43+00:00
2024,FL,12091,Okaloosa County,2024-10-28,8,mail,15450,,4449,7903,354,2744,1,fl-doe,2026-09-08T00:32:43+00:00
2024,FL,12091,Okaloosa County,2024-10-29,7,inperson,39790,,5245,28089,851,5605,1,fl-doe,2026-09-08T00:32:43+00:00
2024,FL,12091,Okaloosa County,2024-10-29,7,mail,16279,,4638,8311,379,2951,1,fl-doe,2026-09-08T00:32:43+00:00
2024,FL,12091,Okaloosa County,2024-10-31,5,inperson,48775,,6637,33725,1087,7326,1,fl-doe,2026-09-08T00:32:43+00:00
2024,FL,12091,Okaloosa County,2024-10-31,5,mail,18539,,5222,9413,454,3450,1,fl-doe,2026-09-08T00:32:43+00:00
2024,FL,12091,Okaloosa County,2024-11-01,4,inperson,52631,,7205,36104,1227,8095,1,fl-doe,2026-09-08T00:32:43+00:00
2024,FL,12091,Okaloosa County,2024-11-01,4,mail,19446,,5472,9820,480,3674,1,fl-doe,2026-09-08T00:32:43+00:00
2024,FL,12091,Okaloosa County,2024-11-03,2,inperson,62970,,8821,42198,1542,10409,1,fl-doe,2026-09-08T00:32:43+00:00
2024,FL,12091,Okaloosa County,2024-11-03,2,mail,20202,,5688,10171,497,3846,1,fl-doe,2026-09-08T00:32:43+00:00
2024,FL,12091,Okaloosa County,2024-11-04,1,inperson,62970,,8821,42198,1542,10409,1,fl-doe,2026-09-08T00:32:43+00:00
2024,FL,12091,Okaloosa County,2024-11-04,1,mail,20202,,5688,10171,497,3846,1,fl-doe,2026-09-08T00:32:43+00:00
2024,FL,12091,Okaloosa County,2024-11-05,0,inperson,62970,,8821,42198,1542,10409,1,fl-doe,2026-09-08T00:32:43+00:00
2024,FL,12091,Okaloosa County,2024-11-05,0,mail,21295,,5933,10668,536,4158,1,fl-doe,2026-09-08T00:32:43+00:00
2024,FL,12091,Okaloosa County,2024-11-06,-1,inperson,62970,,8821,42198,1542,10409,1,fl-doe,2026-09-08T00:32:43+00:00
2024,FL,12091,Okaloosa County,2024-11-06,-1,mail,22848,,6317,11372,587,4572,1,fl-doe,2026-09-08T00:32:43+00:00
2024,FL,12091,Okaloosa County,2024-11-07,-2,inperson,62970,,8821,42198,1542,10409,1,fl-doe,2026-09-08T00:32:43+00:00
2024,FL,12091,Okaloosa County,2024-11-07,-2,mail,22906,,6328,11398,589,4591,1,fl-doe,2026-09-08T00:32:43+00:00
2024,FL,12091,Okaloosa County,2024-11-08,-3,inperson,62970,,8821,42198,1542,10409,1,fl-doe,2026-09-08T00:32:43+00:00
2024,FL,12091,Okaloosa County,2024-11-08,-3,mail,22934,,6333,11413,589,4599,1,fl-doe,2026-09-08T00:32:43+00:00
2024,FL,12091,Okaloosa County,2024-11-09,-4,inperson,62970,,8821,42198,1542,10409,1,fl-doe,2026-09-08T00:32:43+00:00
2024,FL,12091,Okaloosa County,2024-11-09,-4,mail,22945,,6335,11420,589,4601,1,fl-doe,2026-09-08T00:32:43+00:00
2024,FL,12091,Okaloosa County,2024-11-12,-7,inperson,62970,,8821,42198,1542,10409,1,fl-doe,2026-09-08T00:32:43+00:00
2024,FL,12091,Okaloosa County,2024-11-12,-7,mail,22945,,6335,11420,589,4601,1,fl-doe,2026-09-08T00:32:43+00:00
2024,FL,12091,Okaloosa County,2024-11-13,-8,inperson,62970,,8821,42198,1542,10409,1,fl-doe,2026-09-08T00:32:43+00:00
2024,FL,12091,Okaloosa County,2024-11-13,-8,mail,22970,,6342,11428,590,4610,1,fl-doe,2026-09-08T00:32:43+00:00
2024,FL,12091,Okaloosa County,2024-11-14,-9,inperson,62970,,8821,42198,1542,10409,1,fl-doe,2026-09-08T00:32:43+00:00
2024,FL,12091,Okaloosa County,2024-11-14,-9,mail,22977,,6345,11430,590,4612,1,fl-doe,2026-09-08T00:32:43+00:00
2024,FL,12091,Okaloosa County,2024-11-17,-12,inperson,62970,,8821,42198,1542,10409,1,fl-doe,2026-09-08T00:32:43+00:00
2024,FL,12091,Okaloosa County,2024-11-17,-12,mail,23019,,6361,11443,592,4623,1,fl-doe,2026-09-08T00:32:43+00:00
2024,FL,12091,Okaloosa County,2024-11-18,-13,inperson,62970,,8821,42198,1542,10409,1,fl-doe,2026-09-08T00:32:43+00:00
2024,FL,12091,Okaloosa County,2024-11-18,-13,mail,23019,,6361,11443,592,4623,1,fl-doe,2026-09-08T00:32:43+00:00
2024,FL,12091,Okaloosa County,2024-11-20,-15,inperson,62970,,8821,42198,1542,10409,1,fl-doe,2026-09-08T00:32:43+00:00
2024,FL,12091,Okaloosa County,2024-11-20,-15,mail,23019,,6361,11443,592,4623,1,fl-doe,2026-09-08T00:32:43+00:00
2024,FL,12093,Okeechobee County,2024-09-20,46,inperson,0,,0,0,0,0,1,fl-doe,2026-09-08T00:32:43+00:00
2024,FL,12093,Okeechobee County,2024-09-20,46,mail,1,,1,0,0,0,1,fl-doe,2026-09-08T00:32:43+00:00
2024,FL,12093,Okeechobee County,2024-09-24,42,inperson,0,,0,0,0,0,1,fl-doe,2026-09-08T00:32:43+00:00
2024,FL,12093,Okeechobee County,2024-09-24,42,mail,1,,1,0,0,0,1,fl-doe,2026-09-08T00:32:43+00:00
2024,FL,12093,Okeechobee County,2024-09-26,40,inperson,0,,0,0,0,0,1,fl-doe,2026-09-08T00:32:43+00:00
2024,FL,12093,Okeechobee County,2024-09-26,40,mail,2,,1,1,0,0,1,fl-doe,2026-09-08T00:32:43+00:00
2024,FL,12093,Okeechobee County,2024-09-29,37,inperson,0,,0,0,0,0,1,fl-doe,2026-09-08T00:32:43+00:00
2024,FL,12093,Okeechobee County,2024-09-29,37,mail,5,,1,3,0,1,1,fl-doe,2026-09-08T00:32:43+00:00
2024,FL,12093,Okeechobee County,2024-09-30,36,inperson,0,,0,0,0,0,1,fl-doe,2026-09-08T00:32:43+00:00
2024,FL,12093,Okeechobee County,2024-09-30,36,mail,5,,1,3,0,1,1,fl-doe,2026-09-08T00:32:43+00:00
2024,FL,12093,Okeechobee County,2024-10-01,35,inperson,0,,0,0,0,0,1,fl-doe,2026-09-08T00:32:43+00:00
2024,FL,12093,Okeechobee County,2024-10-01,35,mail,11,,2,7,0,2,1,fl-doe,2026-09-08T00:32:43+00:00
2024,FL,12093,Okeechobee County,2024-10-02,34,inperson,0,,0,0,0,0,1,fl-doe,2026-09-08T00:32:43+00:00
2024,FL,12093,Okeechobee County,2024-10-02,34,mail,40,,8,23,0,9,1,fl-doe,2026-09-08T00:32:43+00:00
2024,FL,12093,Okeechobee County,2024-10-03,33,inperson,0,,0,0,0,0,1,fl-doe,2026-09-08T00:32:43+00:00
2024,FL,12093,Okeechobee County,2024-10-03,33,mail,163,,55,81,5,22,1,fl-doe,2026-09-08T00:32:43+00:00
2024,FL,12093,Okeechobee County,2024-10-04,32,inperson,0,,0,0,0,0,1,fl-doe,2026-09-08T00:32:43+00:00
2024,FL,12093,Okeechobee County,2024-10-04,32,mail,205,,76,97,7,25,1,fl-doe,2026-09-08T00:32:43+00:00
2024,FL,12093,Okeechobee County,2024-10-06,30,inperson,0,,0,0,0,0,1,fl-doe,2026-09-08T00:32:43+00:00
2024,FL,12093,Okeechobee County,2024-10-06,30,mail,233,,88,112,7,26,1,fl-doe,2026-09-08T00:32:43+00:00
2024,FL,12093,Okeechobee County,2024-10-07,29,inperson,0,,0,0,0,0,1,fl-doe,2026-09-08T00:32:43+00:00
2024,FL,12093,Okeechobee County,2024-10-07,29,mail,250,,92,123,8,27,1,fl-doe,2026-09-08T00:32:43+00:00
2024,FL,12093,Okeechobee County,2024-10-23,13,inperson,1575,,258,1141,31,145,1,fl-doe,2026-09-08T00:32:43+00:00
2024,FL,12093,Okeechobee County,2024-10-23,13,mail,1526,,546,778,39,163,1,fl-doe,2026-09-08T00:32:43+00:00
2024,FL,12093,Okeechobee County,2024-10-28,8,inperson,4405,,670,3208,71,456,1,fl-doe,2026-09-08T00:32:43+00:00
2024,FL,12093,Okeechobee County,2024-10-28,8,mail,1867,,654,954,49,210,1,fl-doe,2026-09-08T00:32:43+00:00
2024,FL,12093,Okeechobee County,2024-10-29,7,inperson,5064,,792,3642,85,545,1,fl-doe,2026-09-08T00:32:43+00:00
2024,FL,12093,Okeechobee County,2024-10-29,7,mail,1969,,679,1017,50,223,1,fl-doe,2026-09-08T00:32:43+00:00
2024,FL,12093,Okeechobee County,2024-10-31,5,inperson,6291,,1016,4453,112,710,1,fl-doe,2026-09-08T00:32:43+00:00
2024,FL,12093,Okeechobee County,2024-10-31,5,mail,2169,,753,1115,54,247,1,fl-doe,2026-09-08T00:32:43+00:00
2024,FL,12093,Okeechobee County,2024-11-01,4,inperson,6862,,1121,4824,125,792,1,fl-doe,2026-09-08T00:32:43+00:00
2024,FL,12093,Okeechobee County,2024-11-01,4,mail,2243,,774,1158,55,256,1,fl-doe,2026-09-08T00:32:43+00:00
2024,FL,12093,Okeechobee County,2024-11-03,2,inperson,8275,,1424,5682,166,1003,1,fl-doe,2026-09-08T00:32:43+00:00
2024,FL,12093,Okeechobee County,2024-11-03,2,mail,2315,,795,1197,58,265,1,fl-doe,2026-09-08T00:32:43+00:00
2024,FL,12093,Okeechobee County,2024-11-04,1,inperson,8275,,1424,5682,166,1003,1,fl-doe,2026-09-08T00:32:43+00:00
2024,FL,12093,Okeechobee County,2024-11-04,1,mail,2315,,795,1197,58,265,1,fl-doe,2026-09-08T00:32:43+00:00
2024,FL,12093,Okeechobee County,2024-11-05,0,inperson,8275,,1424,5682,166,1003,1,fl-doe,2026-09-08T00:32:43+00:00
2024,FL,12093,Okeechobee County,2024-11-05,0,mail,2439,,836,1252,59,292,1,fl-doe,2026-09-08T00:32:43+00:00
2024,FL,12093,Okeechobee County,2024-11-06,-1,inperson,8275,,1424,5682,166,1003,1,fl-doe,2026-09-08T00:32:43+00:00
2024,FL,12093,Okeechobee County,2024-11-06,-1,mail,2510,,859,1288,61,302,1,fl-doe,2026-09-08T00:32:43+00:00
2024,FL,12093,Okeechobee County,2024-11-07,-2,inperson,8275,,1424,5682,166,1003,1,fl-doe,2026-09-08T00:32:43+00:00
2024,FL,12093,Okeechobee County,2024-11-07,-2,mail,2512,,859,1290,61,302,1,fl-doe,2026-09-08T00:32:43+00:00
2024,FL,12093,Okeechobee County,2024-11-08,-3,inperson,8275,,1424,5682,166,1003,1,fl-doe,2026-09-08T00:32:43+00:00
2024,FL,12093,Okeechobee County,2024-11-08,-3,mail,2516,,859,1292,61,304,1,fl-doe,2026-09-08T00:32:43+00:00
2024,FL,12093,Okeechobee County,2024-11-09,-4,inperson,8275,,1424,5682,166,1003,1,fl-doe,2026-09-08T00:32:43+00:00
2024,FL,12093,Okeechobee County,2024-11-09,-4,mail,2517,,860,1292,61,304,1,fl-doe,2026-09-08T00:32:43+00:00
2024,FL,12093,Okeechobee County,2024-11-12,-7,inperson,8275,,1424,5682,166,1003,1,fl-doe,2026-09-08T00:32:43+00:00
2024,FL,12093,Okeechobee County,2024-11-12,-7,mail,2517,,860,1292,61,304,1,fl-doe,2026-09-08T00:32:43+00:00
2024,FL,12093,Okeechobee County,2024-11-13,-8,inperson,8275,,1424,5682,166,1003,1,fl-doe,2026-09-08T00:32:43+00:00
2024,FL,12093,Okeechobee County,2024-11-13,-8,mail,2518,,861,1292,61,304,1,fl-doe,2026-09-08T00:32:43+00:00
2024,FL,12093,Okeechobee County,2024-11-14,-9,inperson,8275,,1424,5682,166,1003,1,fl-doe,2026-09-08T00:32:43+00:00
2024,FL,12093,Okeechobee County,2024-11-14,-9,mail,2518,,861,1292,61,304,1,fl-doe,2026-09-08T00:32:43+00:00
2024,FL,12093,Okeechobee County,2024-11-17,-12,inperson,8275,,1424,5682,166,1003,1,fl-doe,2026-09-08T00:32:43+00:00
2024,FL,12093,Okeechobee County,2024-11-17,-12,mail,2519,,861,1293,61,304,1,fl-doe,2026-09-08T00:32:43+00:00
2024,FL,12093,Okeechobee County,2024-11-18,-13,inperson,8275,,1424,5682,166,1003,1,fl-doe,2026-09-08T00:32:43+00:00
2024,FL,12093,Okeechobee County,2024-11-18,-13,mail,2519,,861,1293,61,304,1,fl-doe,2026-09-08T00:32:43+00:00
2024,FL,12093,Okeechobee County,2024-11-20,-15,inperson,8275,,1424,5682,166,1003,1,fl-doe,2026-09-08T00:32:43+00:00
2024,FL,12093,Okeechobee County,2024-11-20,-15,mail,2519,,861,1293,61,304,1,fl-doe,2026-09-08T00:32:43+00:00
2024,FL,12095,Orange County,2024-09-16,50,inperson,0,,0,0,0,0,1,fl-doe,2026-09-08T00:32:43+00:00
2024,FL,12095,Orange County,2024-09-16,50,mail,0,,0,0,0,0,1,fl-doe,2026-09-08T00:32:43+00:00
2024,FL,12095,Orange County,2024-09-17,49,inperson,0,,0,0,0,0,1,fl-doe,2026-09-08T00:32:43+00:00
2024,FL,12095,Orange County,2024-09-17,49,mail,0,,0,0,0,0,1,fl-doe,2026-09-08T00:32:43+00:00
2024,FL,12095,Orange County,2024-09-20,46,inperson,0,,0,0,0,0,1,fl-doe,2026-09-08T00:32:43+00:00
2024,FL,12095,Orange County,2024-09-20,46,mail,0,,0,0,0,0,1,fl-doe,2026-09-08T00:32:43+00:00
2024,FL,12095,Orange County,2024-09-24,42,inperson,0,,0,0,0,0,1,fl-doe,2026-09-08T00:32:43+00:00
2024,FL,12095,Orange County,2024-09-24,42,mail,0,,0,0,0,0,1,fl-doe,2026-09-08T00:32:43+00:00
2024,FL,12095,Orange County,2024-09-26,40,inperson,0,,0,0,0,0,1,fl-doe,2026-09-08T00:32:43+00:00
2024,FL,12095,Orange County,2024-09-26,40,mail,0,,0,0,0,0,1,fl-doe,2026-09-08T00:32:43+00:00
2024,FL,12095,Orange County,2024-09-29,37,inperson,0,,0,0,0,0,1,fl-doe,2026-09-08T00:32:43+00:00
2024,FL,12095,Orange County,2024-09-29,37,mail,0,,0,0,0,0,1,fl-doe,2026-09-08T00:32:43+00:00
2024,FL,12095,Orange County,2024-09-30,36,inperson,0,,0,0,0,0,1,fl-doe,2026-09-08T00:32:43+00:00
2024,FL,12095,Orange County,2024-09-30,36,mail,0,,0,0,0,0,1,fl-doe,2026-09-08T00:32:43+00:00
2024,FL,12095,Orange County,2024-10-01,35,inperson,0,,0,0,0,0,1,fl-doe,2026-09-08T00:32:43+00:00
2024,FL,12095,Orange County,2024-10-01,35,mail,0,,0,0,0,0,1,fl-doe,2026-09-08T00:32:43+00:00
2024,FL,12095,Orange County,2024-10-02,34,inperson,0,,0,0,0,0,1,fl-doe,2026-09-08T00:32:43+00:00
2024,FL,12095,Orange County,2024-10-02,34,mail,0,,0,0,0,0,1,fl-doe,2026-09-08T00:32:43+00:00
2024,FL,12095,Orange County,2024-10-03,33,inperson,0,,0,0,0,0,1,fl-doe,2026-09-08T00:32:43+00:00
2024,FL,12095,Orange County,2024-10-03,33,mail,0,,0,0,0,0,1,fl-doe,2026-09-08T00:32:43+00:00
2024,FL,12095,Orange County,2024-10-04,32,inperson,0,,0,0,0,0,1,fl-doe,2026-09-08T00:32:43+00:00
2024,FL,12095,Orange County,2024-10-04,32,mail,29,,14,3,0,12,1,fl-doe,2026-09-08T00:32:43+00:00
2024,FL,12095,Orange County,2024-10-06,30,inperson,0,,0,0,0,0,1,fl-doe,2026-09-08T00:32:43+00:00
2024,FL,12095,Orange County,2024-10-06,30,mail,29,,14,3,0,12,1,fl-doe,2026-09-08T00:32:43+00:00
2024,FL,12095,Orange County,2024-10-07,29,inperson,0,,0,0,0,0,1,fl-doe,2026-09-08T00:32:43+00:00
2024,FL,12095,Orange County,2024-10-07,29,mail,29,,14,3,0,12,1,fl-doe,2026-09-08T00:32:43+00:00
2024,FL,12095,Orange County,2024-10-23,13,inperson,36537,,15846,12986,775,6930,1,fl-doe,2026-09-08T00:32:43+00:00
2024,FL,12095,Orange County,2024-10-23,13,mail,66513,,34268,17747,1262,13236,1,fl-doe,2026-09-08T00:32:43+00:00
2024,FL,12095,Orange County,2024-10-28,8,inperson,130225,,53816,45990,2781,27638,1,fl-doe,2026-09-08T00:32:43+00:00
2024,FL,12095,Orange County,2024-10-28,8,mail,93420,,47407,24790,1832,19391,1,fl-doe,2026-09-08T00:32:43+00:00
2024,FL,12095,Orange County,2024-10-29,7,inperson,152980,,62768,53717,3332,33163,1,fl-doe,2026-09-08T00:32:43+00:00
2024,FL,12095,Orange County,2024-10-29,7,mail,101105,,51144,26730,1981,21250,1,fl-doe,2026-09-08T00:32:43+00:00
2024,FL,12095,Orange County,2024-10-31,5,inperson,200930,,81704,68949,4636,45641,1,fl-doe,2026-09-08T00:32:43+00:00
2024,FL,12095,Orange County,2024-10-31,5,mail,115802,,57789,30431,2340,25242,1,fl-doe,2026-09-08T00:32:43+00:00
2024,FL,12095,Orange County,2024-11-01,4,inperson,223970,,90591,76123,5288,51968,1,fl-doe,2026-09-08T00:32:43+00:00
2024,FL,12095,Orange County,2024-11-01,4,mail,124988,,61829,32714,2584,27861,1,fl-doe,2026-09-08T00:32:43+00:00
2024,FL,12095,Orange County,2024-11-03,2,inperson,278017,,111951,91083,6919,68064,1,fl-doe,2026-09-08T00:32:43+00:00
2024,FL,12095,Orange County,2024-11-03,2,mail,137344,,67314,35578,2915,31537,1,fl-doe,2026-09-08T00:32:43+00:00
2024,FL,12095,Orange County,2024-11-04,1,inperson,308321,,124377,98273,7886,77785,1,fl-doe,2026-09-08T00:32:43+00:00
2024,FL,12095,Orange County,2024-11-04,1,mail,140532,,68718,36237,2998,32579,1,fl-doe,2026-09-08T00:32:43+00:00
2024,FL,12095,Orange County,2024-11-05,0,inperson,308623,,124480,98390,7893,77860,1,fl-doe,2026-09-08T00:32:43+00:00
2024,FL,12095,Orange County,2024-11-05,0,mail,146673,,71456,37544,3209,34464,1,fl-doe,2026-09-08T00:32:43+00:00
2024,FL,12095,Orange County,2024-11-06,-1,inperson,308623,,124480,98390,7893,77860,1,fl-doe,2026-09-08T00:32:43+00:00
2024,FL,12095,Orange County,2024-11-06,-1,mail,150768,,73207,38387,3353,35821,1,fl-doe,2026-09-08T00:32:43+00:00
2024,FL,12095,Orange County,2024-11-07,-2,inperson,308623,,124480,98390,7893,77860,1,fl-doe,2026-09-08T00:32:43+00:00
2024,FL,12095,Orange County,2024-11-07,-2,mail,150773,,73211,38387,3353,35822,1,fl-doe,2026-09-08T00:32:43+00:00
2024,FL,12095,Orange County,2024-11-08,-3,inperson,308623,,124480,98390,7893,77860,1,fl-doe,2026-09-08T00:32:43+00:00
2024,FL,12095,Orange County,2024-11-08,-3,mail,150795,,73223,38392,3353,35827,1,fl-doe,2026-09-08T00:32:43+00:00
2024,FL,12095,Orange County,2024-11-09,-4,inperson,308623,,124480,98390,7893,77860,1,fl-doe,2026-09-08T00:32:43+00:00
2024,FL,12095,Orange County,2024-11-09,-4,mail,150795,,73223,38392,3353,35827,1,fl-doe,2026-09-08T00:32:43+00:00
2024,FL,12095,Orange County,2024-11-12,-7,inperson,308623,,124480,98390,7893,77860,1,fl-doe,2026-09-08T00:32:43+00:00
2024,FL,12095,Orange County,2024-11-12,-7,mail,150825,,73237,38394,3354,35840,1,fl-doe,2026-09-08T00:32:43+00:00
2024,FL,12095,Orange County,2024-11-13,-8,inperson,308623,,124480,98390,7893,77860,1,fl-doe,2026-09-08T00:32:43+00:00
2024,FL,12095,Orange County,2024-11-13,-8,mail,150828,,73238,38395,3355,35840,1,fl-doe,2026-09-08T00:32:43+00:00
2024,FL,12095,Orange County,2024-11-14,-9,inperson,308623,,124480,98390,7893,77860,1,fl-doe,2026-09-08T00:32:43+00:00
2024,FL,12095,Orange County,2024-11-14,-9,mail,150895,,73272,38399,3358,35866,1,fl-doe,2026-09-08T00:32:43+00:00
2024,FL,12095,Orange County,2024-11-17,-12,inperson,308623,,124480,98390,7893,77860,1,fl-doe,2026-09-08T00:32:43+00:00
2024,FL,12095,Orange County,2024-11-17,-12,mail,150941,,73289,38407,3360,35885,1,fl-doe,2026-09-08T00:32:43+00:00
2024,FL,12095,Orange County,2024-11-18,-13,inperson,308623,,124480,98390,7893,77860,1,fl-doe,2026-09-08T00:32:43+00:00
2024,FL,12095,Orange County,2024-11-18,-13,mail,150941,,73289,38407,3360,35885,1,fl-doe,2026-09-08T00:32:43+00:00
2024,FL,12095,Orange County,2024-11-20,-15,inperson,308623,,124480,98390,7893,77860,1,fl-doe,2026-09-08T00:32:43+00:00
2024,FL,12095,Orange County,2024-11-20,-15,mail,150941,,73289,38407,3360,35885,1,fl-doe,2026-09-08T00:32:43+00:00
2024,FL,12097,Osceola County,2024-09-20,46,inperson,0,,0,0,0,0,1,fl-doe,2026-09-08T00:32:43+00:00
2024,FL,12097,Osceola County,2024-09-20,46,mail,0,,0,0,0,0,1,fl-doe,2026-09-08T00:32:43+00:00
2024,FL,12097,Osceola County,2024-09-24,42,inperson,0,,0,0,0,0,1,fl-doe,2026-09-08T00:32:43+00:00
2024,FL,12097,Osceola County,2024-09-24,42,mail,8,,1,3,0,4,1,fl-doe,2026-09-08T00:32:43+00:00
2024,FL,12097,Osceola County,2024-09-26,40,inperson,0,,0,0,0,0,1,fl-doe,2026-09-08T00:32:43+00:00
2024,FL,12097,Osceola County,2024-09-26,40,mail,10,,2,3,0,5,1,fl-doe,2026-09-08T00:32:43+00:00
2024,FL,12097,Osceola County,2024-09-29,37,inperson,0,,0,0,0,0,1,fl-doe,2026-09-08T00:32:43+00:00
2024,FL,12097,Osceola County,2024-09-29,37,mail,15,,4,5,0,6,1,fl-doe,2026-09-08T00:32:43+00:00
2024,FL,12097,Osceola County,2024-09-30,36,inperson,0,,0,0,0,0,1,fl-doe,2026-09-08T00:32:43+00:00
2024,FL,12097,Osceola County,2024-09-30,36,mail,15,,4,5,0,6,1,fl-doe,2026-09-08T00:32:43+00:00
2024,FL,12097,Osceola County,2024-10-01,35,inperson,0,,0,0,0,0,1,fl-doe,2026-09-08T00:32:43+00:00
2024,FL,12097,Osceola County,2024-10-01,35,mail,16,,4,6,0,6,1,fl-doe,2026-09-08T00:32:43+00:00
2024,FL,12097,Osceola County,2024-10-02,34,inperson,0,,0,0,0,0,1,fl-doe,2026-09-08T00:32:43+00:00
2024,FL,12097,Osceola County,2024-10-02,34,mail,34,,13,9,0,12,1,fl-doe,2026-09-08T00:32:43+00:00
2024,FL,12097,Osceola County,2024-10-03,33,inperson,0,,0,0,0,0,1,fl-doe,2026-09-08T00:32:43+00:00
2024,FL,12097,Osceola County,2024-10-03,33,mail,35,,13,10,0,12,1,fl-doe,2026-09-08T00:32:43+00:00
2024,FL,12097,Osceola County,2024-10-04,32,inperson,0,,0,0,0,0,1,fl-doe,2026-09-08T00:32:43+00:00
2024,FL,12097,Osceola County,2024-10-04,32,mail,85,,29,36,2,18,1,fl-doe,2026-09-08T00:32:43+00:00
2024,FL,12097,Osceola County,2024-10-06,30,inperson,0,,0,0,0,0,1,fl-doe,2026-09-08T00:32:43+00:00
2024,FL,12097,Osceola County,2024-10-06,30,mail,118,,45,46,2,25,1,fl-doe,2026-09-08T00:32:43+00:00
2024,FL,12097,Osceola County,2024-10-07,29,inperson,0,,0,0,0,0,1,fl-doe,2026-09-08T00:32:43+00:00
2024,FL,12097,Osceola County,2024-10-07,29,mail,118,,45,46,2,25,1,fl-doe,2026-09-08T00:32:43+00:00
2024,FL,12097,Osceola County,2024-10-23,13,inperson,10214,,3601,4276,194,2143,1,fl-doe,2026-09-08T00:32:43+00:00
2024,FL,12097,Osceola County,2024-10-23,13,mail,21600,,10017,6156,395,5032,1,fl-doe,2026-09-08T00:32:43+00:00
2024,FL,12097,Osceola County,2024-10-28,8,inperson,34424,,12131,13558,714,8021,1,fl-doe,2026-09-08T00:32:43+00:00
2024,FL,12097,Osceola County,2024-10-28,8,mail,30045,,13861,8372,565,7247,1,fl-doe,2026-09-08T00:32:43+00:00
2024,FL,12097,Osceola County,2024-10-29,7,inperson,41064,,14465,15848,901,9850,1,fl-doe,2026-09-08T00:32:43+00:00
2024,FL,12097,Osceola County,2024-10-29,7,mail,33920,,15641,9328,653,8298,1,fl-doe,2026-09-08T00:32:43+00:00
2024,FL,12097,Osceola County,2024-10-31,5,inperson,54710,,19443,20228,1237,13802,1,fl-doe,2026-09-08T00:32:43+00:00
2024,FL,12097,Osceola County,2024-10-31,5,mail,38280,,17606,10364,758,9552,1,fl-doe,2026-09-08T00:32:43+00:00
2024,FL,12097,Osceola County,2024-11-01,4,inperson,61004,,21655,22126,1381,15842,1,fl-doe,2026-09-08T00:32:43+00:00
2024,FL,12097,Osceola County,2024-11-01,4,mail,40138,,18410,10795,808,10125,1,fl-doe,2026-09-08T00:32:43+00:00
2024,FL,12097,Osceola County,2024-11-03,2,inperson,77574,,27513,26977,1868,21216,1,fl-doe,2026-09-08T00:32:43+00:00
2024,FL,12097,Osceola County,2024-11-03,2,mail,42792,,19523,11437,860,10972,1,fl-doe,2026-09-08T00:32:43+00:00
2024,FL,12097,Osceola County,2024-11-04,1,inperson,87831,,31304,29695,2138,24694,1,fl-doe,2026-09-08T00:32:43+00:00
2024,FL,12097,Osceola County,2024-11-04,1,mail,44817,,20415,11850,902,11650,1,fl-doe,2026-09-08T00:32:43+00:00
2024,FL,12097,Osceola County,2024-11-05,0,inperson,87824,,31300,29694,2137,24693,1,fl-doe,2026-09-08T00:32:43+00:00
2024,FL,12097,Osceola County,2024-11-05,0,mail,45969,,20871,12127,928,12043,1,fl-doe,2026-09-08T00:32:43+00:00
2024,FL,12097,Osceola County,2024-11-06,-1,inperson,87824,,31300,29694,2137,24693,1,fl-doe,2026-09-08T00:32:43+00:00
2024,FL,12097,Osceola County,2024-11-06,-1,mail,47211,,21369,12388,967,12487,1,fl-doe,2026-09-08T00:32:43+00:00
2024,FL,12097,Osceola County,2024-11-07,-2,inperson,87824,,31300,29694,2137,24693,1,fl-doe,2026-09-08T00:32:43+00:00
2024,FL,12097,Osceola County,2024-11-07,-2,mail,47214,,21370,12389,967,12488,1,fl-doe,2026-09-08T00:32:43+00:00
2024,FL,12097,Osceola County,2024-11-08,-3,inperson,87824,,31300,29694,2137,24693,1,fl-doe,2026-09-08T00:32:43+00:00
2024,FL,12097,Osceola County,2024-11-08,-3,mail,47215,,21371,12389,967,12488,1,fl-doe,2026-09-08T00:32:43+00:00
2024,FL,12097,Osceola County,2024-11-09,-4,inperson,87824,,31300,29694,2137,24693,1,fl-doe,2026-09-08T00:32:43+00:00
2024,FL,12097,Osceola County,2024-11-09,-4,mail,47259,,21393,12398,970,12498,1,fl-doe,2026-09-08T00:32:43+00:00
2024,FL,12097,Osceola County,2024-11-12,-7,inperson,87824,,31300,29694,2137,24693,1,fl-doe,2026-09-08T00:32:43+00:00
2024,FL,12097,Osceola County,2024-11-12,-7,mail,47259,,21393,12398,970,12498,1,fl-doe,2026-09-08T00:32:43+00:00
2024,FL,12097,Osceola County,2024-11-13,-8,inperson,87824,,31300,29694,2137,24693,1,fl-doe,2026-09-08T00:32:43+00:00
2024,FL,12097,Osceola County,2024-11-13,-8,mail,47272,,21399,12402,971,12500,1,fl-doe,2026-09-08T00:32:43+00:00
2024,FL,12097,Osceola County,2024-11-14,-9,inperson,87824,,31300,29694,2137,24693,1,fl-doe,2026-09-08T00:32:43+00:00
2024,FL,12097,Osceola County,2024-11-14,-9,mail,47272,,21399,12402,971,12500,1,fl-doe,2026-09-08T00:32:43+00:00
2024,FL,12097,Osceola County,2024-11-17,-12,inperson,87824,,31300,29694,2137,24693,1,fl-doe,2026-09-08T00:32:43+00:00
2024,FL,12097,Osceola County,2024-11-17,-12,mail,47292,,21410,12407,971,12504,1,fl-doe,2026-09-08T00:32:43+00:00
2024,FL,12097,Osceola County,2024-11-18,-13,inperson,87824,,31300,29694,2137,24693,1,fl-doe,2026-09-08T00:32:43+00:00
2024,FL,12097,Osceola County,2024-11-18,-13,mail,47292,,21410,12407,971,12504,1,fl-doe,2026-09-08T00:32:43+00:00
2024,FL,12097,Osceola County,2024-11-20,-15,inperson,87824,,31300,29694,2137,24693,1,fl-doe,2026-09-08T00:32:43+00:00
2024,FL,12097,Osceola County,2024-11-20,-15,mail,47292,,21410,12407,971,12504,1,fl-doe,2026-09-08T00:32:43+00:00
2024,FL,12099,Palm Beach County,2024-09-20,46,inperson,0,,0,0,0,0,1,fl-doe,2026-09-08T00:32:43+00:00
2024,FL,12099,Palm Beach County,2024-09-20,46,mail,0,,0,0,0,0,1,fl-doe,2026-09-08T00:32:43+00:00
2024,FL,12099,Palm Beach County,2024-09-24,42,inperson,0,,0,0,0,0,1,fl-doe,2026-09-08T00:32:43+00:00
2024,FL,12099,Palm Beach County,2024-09-24,42,mail,67,,39,13,1,14,1,fl-doe,2026-09-08T00:32:43+00:00
2024,FL,12099,Palm Beach County,2024-09-26,40,inperson,0,,0,0,0,0,1,fl-doe,2026-09-08T00:32:43+00:00
2024,FL,12099,Palm Beach County,2024-09-26,40,mail,137,,75,25,2,35,1,fl-doe,2026-09-08T00:32:43+00:00
2024,FL,12099,Palm Beach County,2024-09-29,37,inperson,0,,0,0,0,0,1,fl-doe,2026-09-08T00:32:43+00:00
2024,FL,12099,Palm Beach County,2024-09-29,37,mail,226,,116,42,6,62,1,fl-doe,2026-09-08T00:32:43+00:00
2024,FL,12099,Palm Beach County,2024-09-30,36,inperson,0,,0,0,0,0,1,fl-doe,2026-09-08T00:32:43+00:00
2024,FL,12099,Palm Beach County,2024-09-30,36,mail,226,,116,42,6,62,1,fl-doe,2026-09-08T00:32:43+00:00
2024,FL,12099,Palm Beach County,2024-10-01,35,inperson,0,,0,0,0,0,1,fl-doe,2026-09-08T00:32:43+00:00
2024,FL,12099,Palm Beach County,2024-10-01,35,mail,928,,539,192,21,176,1,fl-doe,2026-09-08T00:32:43+00:00
2024,FL,12099,Palm Beach County,2024-10-02,34,inperson,0,,0,0,0,0,1,fl-doe,2026-09-08T00:32:43+00:00
2024,FL,12099,Palm Beach County,2024-10-02,34,mail,10135,,5144,2736,243,2012,1,fl-doe,2026-09-08T00:32:43+00:00
2024,FL,12099,Palm Beach County,2024-10-03,33,inperson,0,,0,0,0,0,1,fl-doe,2026-09-08T00:32:43+00:00
2024,FL,12099,Palm Beach County,2024-10-03,33,mail,17551,,8981,4724,414,3432,1,fl-doe,2026-09-08T00:32:43+00:00
2024,FL,12099,Palm Beach County,2024-10-04,32,inperson,0,,0,0,0,0,1,fl-doe,2026-09-08T00:32:43+00:00
2024,FL,12099,Palm Beach County,2024-10-04,32,mail,23610,,12335,6180,550,4545,1,fl-doe,2026-09-08T00:32:43+00:00
2024,FL,12099,Palm Beach County,2024-10-06,30,inperson,0,,0,0,0,0,1,fl-doe,2026-09-08T00:32:43+00:00
2024,FL,12099,Palm Beach County,2024-10-06,30,mail,30529,,16186,7892,673,5778,1,fl-doe,2026-09-08T00:32:43+00:00
2024,FL,12099,Palm Beach County,2024-10-07,29,inperson,0,,0,0,0,0,1,fl-doe,2026-09-08T00:32:43+00:00
2024,FL,12099,Palm Beach County,2024-10-07,29,mail,30529,,16186,7892,673,5778,1,fl-doe,2026-09-08T00:32:43+00:00
2024,FL,12099,Palm Beach County,2024-10-23,13,inperson,51408,,15469,24119,1440,10380,1,fl-doe,2026-09-08T00:32:43+00:00
2024,FL,12099,Palm Beach County,2024-10-23,13,mail,135474,,70717,34659,3153,26945,1,fl-doe,2026-09-08T00:32:43+00:00
2024,FL,12099,Palm Beach County,2024-10-28,8,inperson,158944,,49290,70103,4527,35024,1,fl-doe,2026-09-08T00:32:43+00:00
2024,FL,12099,Palm Beach County,2024-10-28,8,mail,176507,,90514,45155,4263,36575,1,fl-doe,2026-09-08T00:32:43+00:00
2024,FL,12099,Palm Beach County,2024-10-29,7,inperson,184277,,56986,80741,5327,41223,1,fl-doe,2026-09-08T00:32:43+00:00
2024,FL,12099,Palm Beach County,2024-10-29,7,mail,185486,,94731,47454,4514,38787,1,fl-doe,2026-09-08T00:32:43+00:00
2024,FL,12099,Palm Beach County,2024-10-31,5,inperson,234899,,73131,100193,7004,54571,1,fl-doe,2026-09-08T00:32:43+00:00
2024,FL,12099,Palm Beach County,2024-10-31,5,mail,201559,,102150,51387,4978,43044,1,fl-doe,2026-09-08T00:32:43+00:00
2024,FL,12099,Palm Beach County,2024-11-01,4,inperson,259163,,81090,108963,7776,61334,1,fl-doe,2026-09-08T00:32:43+00:00
2024,FL,12099,Palm Beach County,2024-11-01,4,mail,209502,,105624,53320,5223,45335,1,fl-doe,2026-09-08T00:32:43+00:00
2024,FL,12099,Palm Beach County,2024-11-03,2,inperson,312971,,99184,126846,9593,77348,1,fl-doe,2026-09-08T00:32:43+00:00
2024,FL,12099,Palm Beach County,2024-11-03,2,mail,222151,,111002,56440,5646,49063,1,fl-doe,2026-09-08T00:32:43+00:00
2024,FL,12099,Palm Beach County,2024-11-04,1,inperson,344387,,110413,136240,10560,87174,1,fl-doe,2026-09-08T00:32:43+00:00
2024,FL,12099,Palm Beach County,2024-11-04,1,mail,225062,,112381,57023,5727,49931,1,fl-doe,2026-09-08T00:32:43+00:00
2024,FL,12099,Palm Beach County,2024-11-05,0,inperson,344386,,110413,136239,10560,87174,1,fl-doe,2026-09-08T00:32:43+00:00
2024,FL,12099,Palm Beach County,2024-11-05,0,mail,230881,,114781,58393,5939,51768,1,fl-doe,2026-09-08T00:32:43+00:00
2024,FL,12099,Palm Beach County,2024-11-06,-1,inperson,344386,,110413,136239,10560,87174,1,fl-doe,2026-09-08T00:32:43+00:00
2024,FL,12099,Palm Beach County,2024-11-06,-1,mail,235995,,116861,59579,6126,53429,1,fl-doe,2026-09-08T00:32:43+00:00
2024,FL,12099,Palm Beach County,2024-11-07,-2,inperson,344386,,110413,136239,10560,87174,1,fl-doe,2026-09-08T00:32:43+00:00
2024,FL,12099,Palm Beach County,2024-11-07,-2,mail,236108,,116910,59607,6129,53462,1,fl-doe,2026-09-08T00:32:43+00:00
2024,FL,12099,Palm Beach County,2024-11-08,-3,inperson,344386,,110413,136239,10560,87174,1,fl-doe,2026-09-08T00:32:43+00:00
2024,FL,12099,Palm Beach County,2024-11-08,-3,mail,236167,,116938,59614,6131,53484,1,fl-doe,2026-09-08T00:32:43+00:00
2024,FL,12099,Palm Beach County,2024-11-09,-4,inperson,344386,,110413,136239,10560,87174,1,fl-doe,2026-09-08T00:32:43+00:00
2024,FL,12099,Palm Beach County,2024-11-09,-4,mail,236210,,116953,59624,6132,53501,1,fl-doe,2026-09-08T00:32:43+00:00
2024,FL,12099,Palm Beach County,2024-11-12,-7,inperson,344386,,110413,136239,10560,87174,1,fl-doe,2026-09-08T00:32:43+00:00
2024,FL,12099,Palm Beach County,2024-11-12,-7,mail,236210,,116953,59624,6132,53501,1,fl-doe,2026-09-08T00:32:43+00:00
2024,FL,12099,Palm Beach County,2024-11-13,-8,inperson,344386,,110413,136239,10560,87174,1,fl-doe,2026-09-08T00:32:43+00:00
2024,FL,12099,Palm Beach County,2024-11-13,-8,mail,236286,,116982,59647,6133,53524,1,fl-doe,2026-09-08T00:32:43+00:00
2024,FL,12099,Palm Beach County,2024-11-14,-9,inperson,344386,,110413,136239,10560,87174,1,fl-doe,2026-09-08T00:32:43+00:00
2024,FL,12099,Palm Beach County,2024-11-14,-9,mail,236370,,117022,59660,6137,53551,1,fl-doe,2026-09-08T00:32:43+00:00
2024,FL,12099,Palm Beach County,2024-11-17,-12,inperson,344386,,110413,136239,10560,87174,1,fl-doe,2026-09-08T00:32:43+00:00
2024,FL,12099,Palm Beach County,2024-11-17,-12,mail,236428,,117049,59677,6137,53565,1,fl-doe,2026-09-08T00:32:43+00:00
2024,FL,12099,Palm Beach County,2024-11-18,-13,inperson,344386,,110413,136239,10560,87174,1,fl-doe,2026-09-08T00:32:43+00:00
2024,FL,12099,Palm Beach County,2024-11-18,-13,mail,236428,,117049,59677,6137,53565,1,fl-doe,2026-09-08T00:32:43+00:00
2024,FL,12099,Palm Beach County,2024-11-20,-15,inperson,344386,,110413,136239,10560,87174,1,fl-doe,2026-09-08T00:32:43+00:00
2024,FL,12099,Palm Beach County,2024-11-20,-15,mail,236488,,117074,59696,6141,53577,1,fl-doe,2026-09-08T00:32:43+00:00
2024,FL,12101,Pasco County,2024-09-20,46,inperson,0,,0,0,0,0,1,fl-doe,2026-09-08T00:32:43+00:00
2024,FL,12101,Pasco County,2024-09-20,46,mail,0,,0,0,0,0,1,fl-doe,2026-09-08T00:32:43+00:00
2024,FL,12101,Pasco County,2024-09-24,42,inperson,0,,0,0,0,0,1,fl-doe,2026-09-08T00:32:43+00:00
2024,FL,12101,Pasco County,2024-09-24,42,mail,49,,17,18,0,14,1,fl-doe,2026-09-08T00:32:43+00:00
2024,FL,12101,Pasco County,2024-09-26,40,inperson,0,,0,0,0,0,1,fl-doe,2026-09-08T00:32:43+00:00
2024,FL,12101,Pasco County,2024-09-26,40,mail,109,,38,49,0,22,1,fl-doe,2026-09-08T00:32:43+00:00
2024,FL,12101,Pasco County,2024-09-29,37,inperson,0,,0,0,0,0,1,fl-doe,2026-09-08T00:32:43+00:00
2024,FL,12101,Pasco County,2024-09-29,37,mail,152,,44,74,3,31,1,fl-doe,2026-09-08T00:32:43+00:00
2024,FL,12101,Pasco County,2024-09-30,36,inperson,0,,0,0,0,0,1,fl-doe,2026-09-08T00:32:43+00:00
2024,FL,12101,Pasco County,2024-09-30,36,mail,152,,44,74,3,31,1,fl-doe,2026-09-08T00:32:43+00:00
2024,FL,12101,Pasco County,2024-10-01,35,inperson,0,,0,0,0,0,1,fl-doe,2026-09-08T00:32:43+00:00
2024,FL,12101,Pasco County,2024-10-01,35,mail,169,,50,79,5,35,1,fl-doe,2026-09-08T00:32:43+00:00
2024,FL,12101,Pasco County,2024-10-02,34,inperson,0,,0,0,0,0,1,fl-doe,2026-09-08T00:32:43+00:00
2024,FL,12101,Pasco County,2024-10-02,34,mail,221,,72,101,7,41,1,fl-doe,2026-09-08T00:32:43+00:00
2024,FL,12101,Pasco County,2024-10-03,33,inperson,0,,0,0,0,0,1,fl-doe,2026-09-08T00:32:43+00:00
2024,FL,12101,Pasco County,2024-10-03,33,mail,447,,139,221,8,79,1,fl-doe,2026-09-08T00:32:43+00:00
2024,FL,12101,Pasco County,2024-10-04,32,inperson,0,,0,0,0,0,1,fl-doe,2026-09-08T00:32:43+00:00
2024,FL,12101,Pasco County,2024-10-04,32,mail,2867,,1030,1250,62,525,1,fl-doe,2026-09-08T00:32:43+00:00
2024,FL,12101,Pasco County,2024-10-06,30,inperson,0,,0,0,0,0,1,fl-doe,2026-09-08T00:32:43+00:00
2024,FL,12101,Pasco County,2024-10-06,30,mail,9868,,3855,4040,207,1766,1,fl-doe,2026-09-08T00:32:43+00:00
2024,FL,12101,Pasco County,2024-10-07,29,inperson,0,,0,0,0,0,1,fl-doe,2026-09-08T00:32:43+00:00
2024,FL,12101,Pasco County,2024-10-07,29,mail,9868,,3855,4040,207,1766,1,fl-doe,2026-09-08T00:32:43+00:00
2024,FL,12101,Pasco County,2024-10-23,13,inperson,20372,,4419,11986,520,3447,1,fl-doe,2026-09-08T00:32:43+00:00
2024,FL,12101,Pasco County,2024-10-23,13,mail,41567,,16534,15707,928,8398,1,fl-doe,2026-09-08T00:32:43+00:00
2024,FL,12101,Pasco County,2024-10-28,8,inperson,66943,,14412,37614,1811,13106,1,fl-doe,2026-09-08T00:32:43+00:00
2024,FL,12101,Pasco County,2024-10-28,8,mail,55800,,22023,20857,1298,11622,1,fl-doe,2026-09-08T00:32:43+00:00
2024,FL,12101,Pasco County,2024-10-29,7,inperson,78581,,16895,43851,2150,15685,1,fl-doe,2026-09-08T00:32:43+00:00
2024,FL,12101,Pasco County,2024-10-29,7,mail,57090,,22497,21299,1342,11952,1,fl-doe,2026-09-08T00:32:43+00:00
2024,FL,12101,Pasco County,2024-10-31,5,inperson,101320,,22215,55296,2851,20958,1,fl-doe,2026-09-08T00:32:43+00:00
2024,FL,12101,Pasco County,2024-10-31,5,mail,64599,,25321,23787,1555,13936,1,fl-doe,2026-09-08T00:32:43+00:00
2024,FL,12101,Pasco County,2024-11-01,4,inperson,112059,,24733,60520,3166,23640,1,fl-doe,2026-09-08T00:32:43+00:00
2024,FL,12101,Pasco County,2024-11-01,4,mail,67727,,26427,24813,1658,14829,1,fl-doe,2026-09-08T00:32:43+00:00
2024,FL,12101,Pasco County,2024-11-03,2,inperson,141270,,31779,73767,4195,31529,1,fl-doe,2026-09-08T00:32:43+00:00
2024,FL,12101,Pasco County,2024-11-03,2,mail,72725,,28222,26459,1818,16226,1,fl-doe,2026-09-08T00:32:43+00:00
2024,FL,12101,Pasco County,2024-11-04,1,inperson,141270,,31779,73767,4195,31529,1,fl-doe,2026-09-08T00:32:43+00:00
2024,FL,12101,Pasco County,2024-11-04,1,mail,74081,,28709,26866,1870,16636,1,fl-doe,2026-09-08T00:32:43+00:00
2024,FL,12101,Pasco County,2024-11-05,0,inperson,141273,,31780,73767,4195,31531,1,fl-doe,2026-09-08T00:32:43+00:00
2024,FL,12101,Pasco County,2024-11-05,0,mail,74713,,28931,27063,1897,16822,1,fl-doe,2026-09-08T00:32:43+00:00
2024,FL,12101,Pasco County,2024-11-06,-1,inperson,141273,,31780,73767,4195,31531,1,fl-doe,2026-09-08T00:32:43+00:00
2024,FL,12101,Pasco County,2024-11-06,-1,mail,77423,,29890,27877,1996,17660,1,fl-doe,2026-09-08T00:32:43+00:00
2024,FL,12101,Pasco County,2024-11-07,-2,inperson,141273,,31780,73767,4195,31531,1,fl-doe,2026-09-08T00:32:43+00:00
2024,FL,12101,Pasco County,2024-11-07,-2,mail,77446,,29902,27880,1997,17667,1,fl-doe,2026-09-08T00:32:43+00:00
2024,FL,12101,Pasco County,2024-11-08,-3,inperson,141273,,31780,73767,4195,31531,1,fl-doe,2026-09-08T00:32:43+00:00
2024,FL,12101,Pasco County,2024-11-08,-3,mail,77485,,29916,27891,1999,17679,1,fl-doe,2026-09-08T00:32:43+00:00
2024,FL,12101,Pasco County,2024-11-09,-4,inperson,141273,,31780,73767,4195,31531,1,fl-doe,2026-09-08T00:32:43+00:00
2024,FL,12101,Pasco County,2024-11-09,-4,mail,77488,,29918,27891,1999,17680,1,fl-doe,2026-09-08T00:32:43+00:00
2024,FL,12101,Pasco County,2024-11-12,-7,inperson,141273,,31780,73767,4195,31531,1,fl-doe,2026-09-08T00:32:43+00:00
2024,FL,12101,Pasco County,2024-11-12,-7,mail,77488,,29918,27891,1999,17680,1,fl-doe,2026-09-08T00:32:43+00:00
2024,FL,12101,Pasco County,2024-11-13,-8,inperson,141273,,31780,73767,4195,31531,1,fl-doe,2026-09-08T00:32:43+00:00
2024,FL,12101,Pasco County,2024-11-13,-8,mail,77500,,29923,27892,1999,17686,1,fl-doe,2026-09-08T00:32:43+00:00
2024,FL,12101,Pasco County,2024-11-14,-9,inperson,141273,,31780,73767,4195,31531,1,fl-doe,2026-09-08T00:32:43+00:00
2024,FL,12101,Pasco County,2024-11-14,-9,mail,77506,,29926,27892,2000,17688,1,fl-doe,2026-09-08T00:32:43+00:00
2024,FL,12101,Pasco County,2024-11-17,-12,inperson,141273,,31780,73767,4195,31531,1,fl-doe,2026-09-08T00:32:43+00:00
2024,FL,12101,Pasco County,2024-11-17,-12,mail,77509,,29928,27892,2000,17689,1,fl-doe,2026-09-08T00:32:43+00:00
2024,FL,12101,Pasco County,2024-11-18,-13,inperson,141273,,31780,73767,4195,31531,1,fl-doe,2026-09-08T00:32:43+00:00
2024,FL,12101,Pasco County,2024-11-18,-13,mail,77509,,29928,27892,2000,17689,1,fl-doe,2026-09-08T00:32:43+00:00
2024,FL,12101,Pasco County,2024-11-20,-15,inperson,141273,,31780,73767,4195,31531,1,fl-doe,2026-09-08T00:32:43+00:00
2024,FL,12101,Pasco County,2024-11-20,-15,mail,77509,,29928,27892,2000,17689,1,fl-doe,2026-09-08T00:32:43+00:00
2024,FL,12103,Pinellas County,2024-09-20,46,inperson,0,,0,0,0,0,1,fl-doe,2026-09-08T00:32:43+00:00
2024,FL,12103,Pinellas County,2024-09-20,46,mail,0,,0,0,0,0,1,fl-doe,2026-09-08T00:32:43+00:00
2024,FL,12103,Pinellas County,2024-09-24,42,inperson,0,,0,0,0,0,1,fl-doe,2026-09-08T00:32:43+00:00
2024,FL,12103,Pinellas County,2024-09-24,42,mail,39,,19,9,2,9,1,fl-doe,2026-09-08T00:32:43+00:00
2024,FL,12103,Pinellas County,2024-09-26,40,inperson,0,,0,0,0,0,1,fl-doe,2026-09-08T00:32:43+00:00
2024,FL,12103,Pinellas County,2024-09-26,40,mail,97,,44,23,6,24,1,fl-doe,2026-09-08T00:32:43+00:00
2024,FL,12103,Pinellas County,2024-09-29,37,inperson,0,,0,0,0,0,1,fl-doe,2026-09-08T00:32:43+00:00
2024,FL,12103,Pinellas County,2024-09-29,37,mail,112,,54,28,6,24,1,fl-doe,2026-09-08T00:32:43+00:00
2024,FL,12103,Pinellas County,2024-09-30,36,inperson,0,,0,0,0,0,1,fl-doe,2026-09-08T00:32:43+00:00
2024,FL,12103,Pinellas County,2024-09-30,36,mail,112,,54,28,6,24,1,fl-doe,2026-09-08T00:32:43+00:00
2024,FL,12103,Pinellas County,2024-10-01,35,inperson,0,,0,0,0,0,1,fl-doe,2026-09-08T00:32:43+00:00
2024,FL,12103,Pinellas County,2024-10-01,35,mail,181,,101,37,6,37,1,fl-doe,2026-09-08T00:32:43+00:00
2024,FL,12103,Pinellas County,2024-10-02,34,inperson,0,,0,0,0,0,1,fl-doe,2026-09-08T00:32:43+00:00
2024,FL,12103,Pinellas County,2024-10-02,34,mail,557,,242,188,18,109,1,fl-doe,2026-09-08T00:32:43+00:00
2024,FL,12103,Pinellas County,2024-10-03,33,inperson,0,,0,0,0,0,1,fl-doe,2026-09-08T00:32:43+00:00
2024,FL,12103,Pinellas County,2024-10-03,33,mail,674,,285,227,22,140,1,fl-doe,2026-09-08T00:32:43+00:00
2024,FL,12103,Pinellas County,2024-10-04,32,inperson,0,,0,0,0,0,1,fl-doe,2026-09-08T00:32:43+00:00
2024,FL,12103,Pinellas County,2024-10-04,32,mail,791,,327,268,25,171,1,fl-doe,2026-09-08T00:32:43+00:00
2024,FL,12103,Pinellas County,2024-10-06,30,inperson,0,,0,0,0,0,1,fl-doe,2026-09-08T00:32:43+00:00
2024,FL,12103,Pinellas County,2024-10-06,30,mail,1311,,561,458,36,256,1,fl-doe,2026-09-08T00:32:43+00:00
2024,FL,12103,Pinellas County,2024-10-07,29,inperson,0,,0,0,0,0,1,fl-doe,2026-09-08T00:32:43+00:00
2024,FL,12103,Pinellas County,2024-10-07,29,mail,1311,,561,458,36,256,1,fl-doe,2026-09-08T00:32:43+00:00
2024,FL,12103,Pinellas County,2024-10-23,13,inperson,15841,,4289,8386,400,2766,1,fl-doe,2026-09-08T00:32:43+00:00
2024,FL,12103,Pinellas County,2024-10-23,13,mail,90151,,37415,33516,1748,17472,1,fl-doe,2026-09-08T00:32:43+00:00
2024,FL,12103,Pinellas County,2024-10-28,8,inperson,53363,,13760,27725,1420,10458,1,fl-doe,2026-09-08T00:32:43+00:00
2024,FL,12103,Pinellas County,2024-10-28,8,mail,153278,,63173,56597,2936,30572,1,fl-doe,2026-09-08T00:32:43+00:00
2024,FL,12103,Pinellas County,2024-10-29,7,inperson,64145,,16483,33101,1751,12810,1,fl-doe,2026-09-08T00:32:43+00:00
2024,FL,12103,Pinellas County,2024-10-29,7,mail,162045,,66591,59625,3130,32699,1,fl-doe,2026-09-08T00:32:43+00:00
2024,FL,12103,Pinellas County,2024-10-31,5,inperson,88253,,22907,44145,2539,18662,1,fl-doe,2026-09-08T00:32:43+00:00
2024,FL,12103,Pinellas County,2024-10-31,5,mail,187523,,76841,68345,3675,38662,1,fl-doe,2026-09-08T00:32:43+00:00
2024,FL,12103,Pinellas County,2024-11-01,4,inperson,100042,,26169,49290,2910,21673,1,fl-doe,2026-09-08T00:32:43+00:00
2024,FL,12103,Pinellas County,2024-11-01,4,mail,198698,,81176,72200,3944,41378,1,fl-doe,2026-09-08T00:32:43+00:00
2024,FL,12103,Pinellas County,2024-11-03,2,inperson,127939,,34282,60834,3799,29024,1,fl-doe,2026-09-08T00:32:43+00:00
2024,FL,12103,Pinellas County,2024-11-03,2,mail,215710,,87811,77917,4344,45638,1,fl-doe,2026-09-08T00:32:43+00:00
2024,FL,12103,Pinellas County,2024-11-04,1,inperson,143555,,38901,66880,4324,33450,1,fl-doe,2026-09-08T00:32:43+00:00
2024,FL,12103,Pinellas County,2024-11-04,1,mail,220944,,89987,79500,4463,46994,1,fl-doe,2026-09-08T00:32:43+00:00
2024,FL,12103,Pinellas County,2024-11-05,0,inperson,150880,,41432,69269,4600,35579,1,fl-doe,2026-09-08T00:32:43+00:00
2024,FL,12103,Pinellas County,2024-11-05,0,mail,229215,,93118,82161,4688,49248,1,fl-doe,2026-09-08T00:32:43+00:00
2024,FL,12103,Pinellas County,2024-11-06,-1,inperson,150880,,41432,69269,4600,35579,1,fl-doe,2026-09-08T00:32:43+00:00
2024,FL,12103,Pinellas County,2024-11-06,-1,mail,240289,,97550,85510,4956,52273,1,fl-doe,2026-09-08T00:32:43+00:00
2024,FL,12103,Pinellas County,2024-11-07,-2,inperson,150880,,41432,69269,4600,35579,1,fl-doe,2026-09-08T00:32:43+00:00
2024,FL,12103,Pinellas County,2024-11-07,-2,mail,240289,,97550,85511,4955,52273,1,fl-doe,2026-09-08T00:32:43+00:00
2024,FL,12103,Pinellas County,2024-11-08,-3,inperson,150880,,41432,69269,4600,35579,1,fl-doe,2026-09-08T00:32:43+00:00
2024,FL,12103,Pinellas County,2024-11-08,-3,mail,240511,,97637,85574,4961,52339,1,fl-doe,2026-09-08T00:32:43+00:00
2024,FL,12103,Pinellas County,2024-11-09,-4,inperson,150880,,41432,69269,4600,35579,1,fl-doe,2026-09-08T00:32:43+00:00
2024,FL,12103,Pinellas County,2024-11-09,-4,mail,240532,,97647,85577,4963,52345,1,fl-doe,2026-09-08T00:32:43+00:00
2024,FL,12103,Pinellas County,2024-11-12,-7,inperson,150880,,41432,69269,4600,35579,1,fl-doe,2026-09-08T00:32:43+00:00
2024,FL,12103,Pinellas County,2024-11-12,-7,mail,240532,,97647,85577,4963,52345,1,fl-doe,2026-09-08T00:32:43+00:00
2024,FL,12103,Pinellas County,2024-11-13,-8,inperson,150880,,41432,69269,4600,35579,1,fl-doe,2026-09-08T00:32:43+00:00
2024,FL,12103,Pinellas County,2024-11-13,-8,mail,240567,,97666,85583,4963,52355,1,fl-doe,2026-09-08T00:32:43+00:00
2024,FL,12103,Pinellas County,2024-11-14,-9,inperson,150880,,41432,69269,4600,35579,1,fl-doe,2026-09-08T00:32:43+00:00
2024,FL,12103,Pinellas County,2024-11-14,-9,mail,240569,,97667,85584,4963,52355,1,fl-doe,2026-09-08T00:32:43+00:00
2024,FL,12103,Pinellas County,2024-11-17,-12,inperson,150880,,41432,69269,4600,35579,1,fl-doe,2026-09-08T00:32:43+00:00
2024,FL,12103,Pinellas County,2024-11-17,-12,mail,240571,,97668,85585,4963,52355,1,fl-doe,2026-09-08T00:32:43+00:00
2024,FL,12103,Pinellas County,2024-11-18,-13,inperson,150880,,41432,69269,4600,35579,1,fl-doe,2026-09-08T00:32:43+00:00
2024,FL,12103,Pinellas County,2024-11-18,-13,mail,240571,,97668,85585,4963,52355,1,fl-doe,2026-09-08T00:32:43+00:00
2024,FL,12103,Pinellas County,2024-11-20,-15,inperson,150880,,41432,69269,4600,35579,1,fl-doe,2026-09-08T00:32:43+00:00
2024,FL,12103,Pinellas County,2024-11-20,-15,mail,240625,,97698,85593,4965,52369,1,fl-doe,2026-09-08T00:32:43+00:00
2024,FL,12105,Polk County,2024-09-20,46,inperson,0,,0,0,0,0,1,fl-doe,2026-09-08T00:32:43+00:00
2024,FL,12105,Polk County,2024-09-20,46,mail,0,,0,0,0,0,1,fl-doe,2026-09-08T00:32:43+00:00
2024,FL,12105,Polk County,2024-09-24,42,inperson,0,,0,0,0,0,1,fl-doe,2026-09-08T00:32:43+00:00
2024,FL,12105,Polk County,2024-09-24,42,mail,0,,0,0,0,0,1,fl-doe,2026-09-08T00:32:43+00:00
2024,FL,12105,Polk County,2024-09-26,40,inperson,0,,0,0,0,0,1,fl-doe,2026-09-08T00:32:43+00:00
2024,FL,12105,Polk County,2024-09-26,40,mail,0,,0,0,0,0,1,fl-doe,2026-09-08T00:32:43+00:00
2024,FL,12105,Polk County,2024-09-29,37,inperson,0,,0,0,0,0,1,fl-doe,2026-09-08T00:32:43+00:00
2024,FL,12105,Polk County,2024-09-29,37,mail,0,,0,0,0,0,1,fl-doe,2026-09-08T00:32:43+00:00
2024,FL,12105,Polk County,2024-09-30,36,inperson,0,,0,0,0,0,1,fl-doe,2026-09-08T00:32:43+00:00
2024,FL,12105,Polk County,2024-09-30,36,mail,0,,0,0,0,0,1,fl-doe,2026-09-08T00:32:43+00:00
2024,FL,12105,Polk County,2024-10-01,35,inperson,0,,0,0,0,0,1,fl-doe,2026-09-08T00:32:43+00:00
2024,FL,12105,Polk County,2024-10-01,35,mail,0,,0,0,0,0,1,fl-doe,2026-09-08T00:32:43+00:00
2024,FL,12105,Polk County,2024-10-02,34,inperson,0,,0,0,0,0,1,fl-doe,2026-09-08T00:32:43+00:00
2024,FL,12105,Polk County,2024-10-02,34,mail,13,,4,6,1,2,1,fl-doe,2026-09-08T00:32:43+00:00
2024,FL,12105,Polk County,2024-10-03,33,inperson,0,,0,0,0,0,1,fl-doe,2026-09-08T00:32:43+00:00
2024,FL,12105,Polk County,2024-10-03,33,mail,171,,49,85,3,34,1,fl-doe,2026-09-08T00:32:43+00:00
2024,FL,12105,Polk County,2024-10-04,32,inperson,0,,0,0,0,0,1,fl-doe,2026-09-08T00:32:43+00:00
2024,FL,12105,Polk County,2024-10-04,32,mail,200,,63,94,3,40,1,fl-doe,2026-09-08T00:32:43+00:00
2024,FL,12105,Polk County,2024-10-06,30,inperson,0,,0,0,0,0,1,fl-doe,2026-09-08T00:32:43+00:00
2024,FL,12105,Polk County,2024-10-06,30,mail,1981,,792,828,44,317,1,fl-doe,2026-09-08T00:32:43+00:00
2024,FL,12105,Polk County,2024-10-07,29,inperson,0,,0,0,0,0,1,fl-doe,2026-09-08T00:32:43+00:00
2024,FL,12105,Polk County,2024-10-07,29,mail,1981,,792,828,44,317,1,fl-doe,2026-09-08T00:32:43+00:00
2024,FL,12105,Polk County,2024-10-23,13,inperson,19829,,5519,11168,355,2787,1,fl-doe,2026-09-08T00:32:43+00:00
2024,FL,12105,Polk County,2024-10-23,13,mail,43751,,17830,17802,847,7272,1,fl-doe,2026-09-08T00:32:43+00:00
2024,FL,12105,Polk County,2024-10-28,8,inperson,61568,,16807,33186,1270,10305,1,fl-doe,2026-09-08T00:32:43+00:00
2024,FL,12105,Polk County,2024-10-28,8,mail,63501,,25690,25628,1272,10911,1,fl-doe,2026-09-08T00:32:43+00:00
2024,FL,12105,Polk County,2024-10-29,7,inperson,73617,,20018,39459,1567,12573,1,fl-doe,2026-09-08T00:32:43+00:00
2024,FL,12105,Polk County,2024-10-29,7,mail,66493,,26859,26736,1337,11561,1,fl-doe,2026-09-08T00:32:43+00:00
2024,FL,12105,Polk County,2024-10-31,5,inperson,97321,,26545,51091,2222,17463,1,fl-doe,2026-09-08T00:32:43+00:00
2024,FL,12105,Polk County,2024-10-31,5,mail,69691,,28128,27899,1426,12238,1,fl-doe,2026-09-08T00:32:43+00:00
2024,FL,12105,Polk County,2024-11-01,4,inperson,108338,,29606,56233,2487,20012,1,fl-doe,2026-09-08T00:32:43+00:00
2024,FL,12105,Polk County,2024-11-01,4,mail,75444,,30369,29933,1586,13556,1,fl-doe,2026-09-08T00:32:43+00:00
2024,FL,12105,Polk County,2024-11-03,2,inperson,135366,,37460,67970,3286,26650,1,fl-doe,2026-09-08T00:32:43+00:00
2024,FL,12105,Polk County,2024-11-03,2,mail,82703,,33184,32480,1747,15292,1,fl-doe,2026-09-08T00:32:43+00:00
2024,FL,12105,Polk County,2024-11-04,1,inperson,149571,,41697,73708,3674,30492,1,fl-doe,2026-09-08T00:32:43+00:00
2024,FL,12105,Polk County,2024-11-04,1,mail,83186,,33352,32688,1760,15386,1,fl-doe,2026-09-08T00:32:43+00:00
2024,FL,12105,Polk County,2024-11-05,0,inperson,149570,,41697,73708,3673,30492,1,fl-doe,2026-09-08T00:32:43+00:00
2024,FL,12105,Polk County,2024-11-05,0,mail,86354,,34614,33617,1840,16283,1,fl-doe,2026-09-08T00:32:43+00:00
2024,FL,12105,Polk County,2024-11-06,-1,inperson,149570,,41697,73708,3673,30492,1,fl-doe,2026-09-08T00:32:43+00:00
2024,FL,12105,Polk County,2024-11-06,-1,mail,88889,,35532,34408,1916,17033,1,fl-doe,2026-09-08T00:32:43+00:00
2024,FL,12105,Polk County,2024-11-07,-2,inperson,149570,,41697,73708,3673,30492,1,fl-doe,2026-09-08T00:32:43+00:00
2024,FL,12105,Polk County,2024-11-07,-2,mail,88889,,35532,34408,1916,17033,1,fl-doe,2026-09-08T00:32:43+00:00
2024,FL,12105,Polk County,2024-11-08,-3,inperson,149570,,41697,73708,3673,30492,1,fl-doe,2026-09-08T00:32:43+00:00
2024,FL,12105,Polk County,2024-11-08,-3,mail,88887,,35532,34406,1916,17033,1,fl-doe,2026-09-08T00:32:43+00:00
2024,FL,12105,Polk County,2024-11-09,-4,inperson,149570,,41697,73708,3673,30492,1,fl-doe,2026-09-08T00:32:43+00:00
2024,FL,12105,Polk County,2024-11-09,-4,mail,88887,,35532,34406,1916,17033,1,fl-doe,2026-09-08T00:32:43+00:00
2024,FL,12105,Polk County,2024-11-12,-7,inperson,149570,,41697,73708,3673,30492,1,fl-doe,2026-09-08T00:32:43+00:00
2024,FL,12105,Polk County,2024-11-12,-7,mail,88887,,35532,34406,1916,17033,1,fl-doe,2026-09-08T00:32:43+00:00
2024,FL,12105,Polk County,2024-11-13,-8,inperson,149570,,41697,73708,3673,30492,1,fl-doe,2026-09-08T00:32:43+00:00
2024,FL,12105,Polk County,2024-11-13,-8,mail,88905,,35542,34406,1916,17041,1,fl-doe,2026-09-08T00:32:43+00:00
2024,FL,12105,Polk County,2024-11-14,-9,inperson,149570,,41697,73708,3673,30492,1,fl-doe,2026-09-08T00:32:43+00:00
2024,FL,12105,Polk County,2024-11-14,-9,mail,88906,,35542,34406,1916,17042,1,fl-doe,2026-09-08T00:32:43+00:00
2024,FL,12105,Polk County,2024-11-17,-12,inperson,149570,,41697,73708,3673,30492,1,fl-doe,2026-09-08T00:32:43+00:00
2024,FL,12105,Polk County,2024-11-17,-12,mail,88953,,35565,34417,1923,17048,1,fl-doe,2026-09-08T00:32:43+00:00
2024,FL,12105,Polk County,2024-11-18,-13,inperson,149570,,41697,73708,3673,30492,1,fl-doe,2026-09-08T00:32:43+00:00
2024,FL,12105,Polk County,2024-11-18,-13,mail,88953,,35565,34417,1923,17048,1,fl-doe,2026-09-08T00:32:43+00:00
2024,FL,12105,Polk County,2024-11-20,-15,inperson,149570,,41697,73708,3673,30492,1,fl-doe,2026-09-08T00:32:43+00:00
2024,FL,12105,Polk County,2024-11-20,-15,mail,88953,,35565,34417,1923,17048,1,fl-doe,2026-09-08T00:32:43+00:00
2024,FL,12107,Putnam County,2024-09-20,46,inperson,0,,0,0,0,0,1,fl-doe,2026-09-08T00:32:43+00:00
2024,FL,12107,Putnam County,2024-09-20,46,mail,0,,0,0,0,0,1,fl-doe,2026-09-08T00:32:43+00:00
2024,FL,12107,Putnam County,2024-09-24,42,inperson,0,,0,0,0,0,1,fl-doe,2026-09-08T00:32:43+00:00
2024,FL,12107,Putnam County,2024-09-24,42,mail,0,,0,0,0,0,1,fl-doe,2026-09-08T00:32:43+00:00
2024,FL,12107,Putnam County,2024-09-26,40,inperson,0,,0,0,0,0,1,fl-doe,2026-09-08T00:32:43+00:00
2024,FL,12107,Putnam County,2024-09-26,40,mail,1,,0,0,0,1,1,fl-doe,2026-09-08T00:32:43+00:00
2024,FL,12107,Putnam County,2024-09-29,37,inperson,0,,0,0,0,0,1,fl-doe,2026-09-08T00:32:43+00:00
2024,FL,12107,Putnam County,2024-09-29,37,mail,1,,0,0,0,1,1,fl-doe,2026-09-08T00:32:43+00:00
2024,FL,12107,Putnam County,2024-09-30,36,inperson,0,,0,0,0,0,1,fl-doe,2026-09-08T00:32:43+00:00
2024,FL,12107,Putnam County,2024-09-30,36,mail,1,,0,0,0,1,1,fl-doe,2026-09-08T00:32:43+00:00
2024,FL,12107,Putnam County,2024-10-01,35,inperson,0,,0,0,0,0,1,fl-doe,2026-09-08T00:32:43+00:00
2024,FL,12107,Putnam County,2024-10-01,35,mail,4,,2,0,1,1,1,fl-doe,2026-09-08T00:32:43+00:00
2024,FL,12107,Putnam County,2024-10-02,34,inperson,0,,0,0,0,0,1,fl-doe,2026-09-08T00:32:43+00:00
2024,FL,12107,Putnam County,2024-10-02,34,mail,31,,11,16,2,2,1,fl-doe,2026-09-08T00:32:43+00:00
2024,FL,12107,Putnam County,2024-10-03,33,inperson,0,,0,0,0,0,1,fl-doe,2026-09-08T00:32:43+00:00
2024,FL,12107,Putnam County,2024-10-03,33,mail,219,,84,102,5,28,1,fl-doe,2026-09-08T00:32:43+00:00
2024,FL,12107,Putnam County,2024-10-04,32,inperson,0,,0,0,0,0,1,fl-doe,2026-09-08T00:32:43+00:00
2024,FL,12107,Putnam County,2024-10-04,32,mail,401,,149,186,7,59,1,fl-doe,2026-09-08T00:32:43+00:00
2024,FL,12107,Putnam County,2024-10-06,30,inperson,0,,0,0,0,0,1,fl-doe,2026-09-08T00:32:43+00:00
2024,FL,12107,Putnam County,2024-10-06,30,mail,576,,215,267,9,85,1,fl-doe,2026-09-08T00:32:43+00:00
2024,FL,12107,Putnam County,2024-10-07,29,inperson,0,,0,0,0,0,1,fl-doe,2026-09-08T00:32:43+00:00
2024,FL,12107,Putnam County,2024-10-07,29,mail,576,,215,267,9,85,1,fl-doe,2026-09-08T00:32:43+00:00
2024,FL,12107,Putnam County,2024-10-23,13,inperson,3739,,802,2553,62,322,1,fl-doe,2026-09-08T00:32:43+00:00
2024,FL,12107,Putnam County,2024-10-23,13,mail,2902,,1107,1407,44,344,1,fl-doe,2026-09-08T00:32:43+00:00
2024,FL,12107,Putnam County,2024-10-28,8,inperson,9864,,2045,6663,151,1005,1,fl-doe,2026-09-08T00:32:43+00:00
2024,FL,12107,Putnam County,2024-10-28,8,mail,3993,,1480,1969,75,469,1,fl-doe,2026-09-08T00:32:43+00:00
2024,FL,12107,Putnam County,2024-10-29,7,inperson,11357,,2342,7634,183,1198,1,fl-doe,2026-09-08T00:32:43+00:00
2024,FL,12107,Putnam County,2024-10-29,7,mail,4172,,1533,2057,80,502,1,fl-doe,2026-09-08T00:32:43+00:00
2024,FL,12107,Putnam County,2024-10-31,5,inperson,13955,,2921,9274,227,1533,1,fl-doe,2026-09-08T00:32:43+00:00
2024,FL,12107,Putnam County,2024-10-31,5,mail,4635,,1713,2251,86,585,1,fl-doe,2026-09-08T00:32:43+00:00
2024,FL,12107,Putnam County,2024-11-01,4,inperson,15112,,3201,9965,244,1702,1,fl-doe,2026-09-08T00:32:43+00:00
2024,FL,12107,Putnam County,2024-11-01,4,mail,4817,,1778,2339,93,607,1,fl-doe,2026-09-08T00:32:43+00:00
2024,FL,12107,Putnam County,2024-11-03,2,inperson,18283,,3970,11859,320,2134,1,fl-doe,2026-09-08T00:32:43+00:00
2024,FL,12107,Putnam County,2024-11-03,2,mail,5185,,1916,2504,103,662,1,fl-doe,2026-09-08T00:32:43+00:00
2024,FL,12107,Putnam County,2024-11-04,1,inperson,18283,,3970,11859,320,2134,1,fl-doe,2026-09-08T00:32:43+00:00
2024,FL,12107,Putnam County,2024-11-04,1,mail,5185,,1916,2504,103,662,1,fl-doe,2026-09-08T00:32:43+00:00
2024,FL,12107,Putnam County,2024-11-05,0,inperson,18283,,3970,11859,320,2134,1,fl-doe,2026-09-08T00:32:43+00:00
2024,FL,12107,Putnam County,2024-11-05,0,mail,5343,,1979,2569,106,689,1,fl-doe,2026-09-08T00:32:43+00:00
2024,FL,12107,Putnam County,2024-11-06,-1,inperson,18283,,3970,11859,320,2134,1,fl-doe,2026-09-08T00:32:43+00:00
2024,FL,12107,Putnam County,2024-11-06,-1,mail,5467,,2025,2621,108,713,1,fl-doe,2026-09-08T00:32:43+00:00
2024,FL,12107,Putnam County,2024-11-07,-2,inperson,18283,,3970,11859,320,2134,1,fl-doe,2026-09-08T00:32:43+00:00
2024,FL,12107,Putnam County,2024-11-07,-2,mail,5472,,2026,2624,108,714,1,fl-doe,2026-09-08T00:32:43+00:00
2024,FL,12107,Putnam County,2024-11-08,-3,inperson,18283,,3970,11859,320,2134,1,fl-doe,2026-09-08T00:32:43+00:00
2024,FL,12107,Putnam County,2024-11-08,-3,mail,5472,,2026,2624,108,714,1,fl-doe,2026-09-08T00:32:43+00:00
2024,FL,12107,Putnam County,2024-11-09,-4,inperson,18283,,3970,11859,320,2134,1,fl-doe,2026-09-08T00:32:43+00:00
2024,FL,12107,Putnam County,2024-11-09,-4,mail,5472,,2026,2624,108,714,1,fl-doe,2026-09-08T00:32:43+00:00
2024,FL,12107,Putnam County,2024-11-12,-7,inperson,18283,,3970,11859,320,2134,1,fl-doe,2026-09-08T00:32:43+00:00
2024,FL,12107,Putnam County,2024-11-12,-7,mail,5472,,2026,2624,108,714,1,fl-doe,2026-09-08T00:32:43+00:00
2024,FL,12107,Putnam County,2024-11-13,-8,inperson,18283,,3970,11859,320,2134,1,fl-doe,2026-09-08T00:32:43+00:00
2024,FL,12107,Putnam County,2024-11-13,-8,mail,5477,,2028,2626,108,715,1,fl-doe,2026-09-08T00:32:43+00:00
2024,FL,12107,Putnam County,2024-11-14,-9,inperson,18283,,3970,11859,320,2134,1,fl-doe,2026-09-08T00:32:43+00:00
2024,FL,12107,Putnam County,2024-11-14,-9,mail,5477,,2028,2626,108,715,1,fl-doe,2026-09-08T00:32:43+00:00
2024,FL,12107,Putnam County,2024-11-17,-12,inperson,18283,,3970,11859,320,2134,1,fl-doe,2026-09-08T00:32:43+00:00
2024,FL,12107,Putnam County,2024-11-17,-12,mail,5477,,2028,2626,108,715,1,fl-doe,2026-09-08T00:32:43+00:00
2024,FL,12107,Putnam County,2024-11-18,-13,inperson,18283,,3970,11859,320,2134,1,fl-doe,2026-09-08T00:32:43+00:00
2024,FL,12107,Putnam County,2024-11-18,-13,mail,5477,,2028,2626,108,715,1,fl-doe,2026-09-08T00:32:43+00:00
2024,FL,12107,Putnam County,2024-11-20,-15,inperson,18283,,3970,11859,320,2134,1,fl-doe,2026-09-08T00:32:43+00:00
2024,FL,12107,Putnam County,2024-11-20,-15,mail,5478,,2028,2627,108,715,1,fl-doe,2026-09-08T00:32:43+00:00
2024,FL,12109,St. Johns County,2024-09-16,50,inperson,0,,0,0,0,0,1,fl-doe,2026-09-08T00:32:43+00:00
2024,FL,12109,St. Johns County,2024-09-16,50,mail,0,,0,0,0,0,1,fl-doe,2026-09-08T00:32:43+00:00
2024,FL,12109,St. Johns County,2024-09-17,49,inperson,0,,0,0,0,0,1,fl-doe,2026-09-08T00:32:43+00:00
2024,FL,12109,St. Johns County,2024-09-17,49,mail,0,,0,0,0,0,1,fl-doe,2026-09-08T00:32:43+00:00
2024,FL,12109,St. Johns County,2024-09-20,46,inperson,0,,0,0,0,0,1,fl-doe,2026-09-08T00:32:43+00:00
2024,FL,12109,St. Johns County,2024-09-20,46,mail,0,,0,0,0,0,1,fl-doe,2026-09-08T00:32:43+00:00
2024,FL,12109,St. Johns County,2024-09-24,42,inperson,0,,0,0,0,0,1,fl-doe,2026-09-08T00:32:43+00:00
2024,FL,12109,St. Johns County,2024-09-24,42,mail,13,,2,7,1,3,1,fl-doe,2026-09-08T00:32:43+00:00
2024,FL,12109,St. Johns County,2024-09-26,40,inperson,0,,0,0,0,0,1,fl-doe,2026-09-08T00:32:43+00:00
2024,FL,12109,St. Johns County,2024-09-26,40,mail,46,,17,14,2,13,1,fl-doe,2026-09-08T00:32:43+00:00
2024,FL,12109,St. Johns County,2024-09-29,37,inperson,0,,0,0,0,0,1,fl-doe,2026-09-08T00:32:43+00:00
2024,FL,12109,St. Johns County,2024-09-29,37,mail,93,,28,36,5,24,1,fl-doe,2026-09-08T00:32:43+00:00
2024,FL,12109,St. Johns County,2024-09-30,36,inperson,0,,0,0,0,0,1,fl-doe,2026-09-08T00:32:43+00:00
2024,FL,12109,St. Johns County,2024-09-30,36,mail,93,,28,36,5,24,1,fl-doe,2026-09-08T00:32:43+00:00
2024,FL,12109,St. Johns County,2024-10-01,35,inperson,0,,0,0,0,0,1,fl-doe,2026-09-08T00:32:43+00:00
2024,FL,12109,St. Johns County,2024-10-01,35,mail,143,,43,62,8,30,1,fl-doe,2026-09-08T00:32:43+00:00
2024,FL,12109,St. Johns County,2024-10-02,34,inperson,0,,0,0,0,0,1,fl-doe,2026-09-08T00:32:43+00:00
2024,FL,12109,St. Johns County,2024-10-02,34,mail,219,,67,97,12,43,1,fl-doe,2026-09-08T00:32:43+00:00
2024,FL,12109,St. Johns County,2024-10-03,33,inperson,0,,0,0,0,0,1,fl-doe,2026-09-08T00:32:43+00:00
2024,FL,12109,St. Johns County,2024-10-03,33,mail,363,,129,160,14,60,1,fl-doe,2026-09-08T00:32:43+00:00
2024,FL,12109,St. Johns County,2024-10-04,32,inperson,0,,0,0,0,0,1,fl-doe,2026-09-08T00:32:43+00:00
2024,FL,12109,St. Johns County,2024-10-04,32,mail,1194,,520,481,23,170,1,fl-doe,2026-09-08T00:32:43+00:00
2024,FL,12109,St. Johns County,2024-10-06,30,inperson,0,,0,0,0,0,1,fl-doe,2026-09-08T00:32:43+00:00
2024,FL,12109,St. Johns County,2024-10-06,30,mail,3516,,1539,1419,71,487,1,fl-doe,2026-09-08T00:32:43+00:00
2024,FL,12109,St. Johns County,2024-10-07,29,inperson,0,,0,0,0,0,1,fl-doe,2026-09-08T00:32:43+00:00
2024,FL,12109,St. Johns County,2024-10-07,29,mail,3516,,1539,1419,71,487,1,fl-doe,2026-09-08T00:32:43+00:00
2024,FL,12109,St. Johns County,2024-10-23,13,inperson,18526,,3857,11891,386,2392,1,fl-doe,2026-09-08T00:32:43+00:00
2024,FL,12109,St. Johns County,2024-10-23,13,mail,17930,,7307,7388,380,2855,1,fl-doe,2026-09-08T00:32:43+00:00
2024,FL,12109,St. Johns County,2024-10-28,8,inperson,61194,,11316,39603,1244,9031,1,fl-doe,2026-09-08T00:32:43+00:00
2024,FL,12109,St. Johns County,2024-10-28,8,mail,25028,,9857,10453,518,4200,1,fl-doe,2026-09-08T00:32:43+00:00
2024,FL,12109,St. Johns County,2024-10-29,7,inperson,70801,,12903,45822,1442,10634,1,fl-doe,2026-09-08T00:32:43+00:00
2024,FL,12109,St. Johns County,2024-10-29,7,mail,26512,,10356,11067,567,4522,1,fl-doe,2026-09-08T00:32:43+00:00
2024,FL,12109,St. Johns County,2024-10-31,5,inperson,89064,,16085,57087,1865,14027,1,fl-doe,2026-09-08T00:32:43+00:00
2024,FL,12109,St. Johns County,2024-10-31,5,mail,29101,,11225,12116,629,5131,1,fl-doe,2026-09-08T00:32:43+00:00
2024,FL,12109,St. Johns County,2024-11-01,4,inperson,97373,,17478,62142,2061,15692,1,fl-doe,2026-09-08T00:32:43+00:00
2024,FL,12109,St. Johns County,2024-11-01,4,mail,30661,,11747,12741,676,5497,1,fl-doe,2026-09-08T00:32:43+00:00
2024,FL,12109,St. Johns County,2024-11-03,2,inperson,118991,,21539,74283,2647,20522,1,fl-doe,2026-09-08T00:32:43+00:00
2024,FL,12109,St. Johns County,2024-11-03,2,mail,32924,,12407,13716,752,6049,1,fl-doe,2026-09-08T00:32:43+00:00
2024,FL,12109,St. Johns County,2024-11-04,1,inperson,118991,,21539,74283,2647,20522,1,fl-doe,2026-09-08T00:32:43+00:00
2024,FL,12109,St. Johns County,2024-11-04,1,mail,33431,,12591,13896,763,6181,1,fl-doe,2026-09-08T00:32:43+00:00
2024,FL,12109,St. Johns County,2024-11-05,0,inperson,118991,,21539,74283,2647,20522,1,fl-doe,2026-09-08T00:32:43+00:00
2024,FL,12109,St. Johns County,2024-11-05,0,mail,34368,,12896,14261,797,6414,1,fl-doe,2026-09-08T00:32:43+00:00
2024,FL,12109,St. Johns County,2024-11-06,-1,inperson,118991,,21539,74283,2647,20522,1,fl-doe,2026-09-08T00:32:43+00:00
2024,FL,12109,St. Johns County,2024-11-06,-1,mail,35729,,13337,14771,849,6772,1,fl-doe,2026-09-08T00:32:43+00:00
2024,FL,12109,St. Johns County,2024-11-07,-2,inperson,118991,,21539,74283,2647,20522,1,fl-doe,2026-09-08T00:32:43+00:00
2024,FL,12109,St. Johns County,2024-11-07,-2,mail,35776,,13352,14788,849,6787,1,fl-doe,2026-09-08T00:32:43+00:00
2024,FL,12109,St. Johns County,2024-11-08,-3,inperson,118991,,21539,74283,2647,20522,1,fl-doe,2026-09-08T00:32:43+00:00
2024,FL,12109,St. Johns County,2024-11-08,-3,mail,35824,,13361,14811,851,6801,1,fl-doe,2026-09-08T00:32:43+00:00
2024,FL,12109,St. Johns County,2024-11-09,-4,inperson,118991,,21539,74283,2647,20522,1,fl-doe,2026-09-08T00:32:43+00:00
2024,FL,12109,St. Johns County,2024-11-09,-4,mail,35834,,13364,14815,851,6804,1,fl-doe,2026-09-08T00:32:43+00:00
2024,FL,12109,St. Johns County,2024-11-12,-7,inperson,118991,,21539,74283,2647,20522,1,fl-doe,2026-09-08T00:32:43+00:00
2024,FL,12109,St. Johns County,2024-11-12,-7,mail,35834,,13364,14815,851,6804,1,fl-doe,2026-09-08T00:32:43+00:00
2024,FL,12109,St. Johns County,2024-11-13,-8,inperson,118991,,21539,74283,2647,20522,1,fl-doe,2026-09-08T00:32:43+00:00
2024,FL,12109,St. Johns County,2024-11-13,-8,mail,36087,,13416,14942,862,6867,1,fl-doe,2026-09-08T00:32:43+00:00
2024,FL,12109,St. Johns County,2024-11-14,-9,inperson,118991,,21539,74283,2647,20522,1,fl-doe,2026-09-08T00:32:43+00:00
2024,FL,12109,St. Johns County,2024-11-14,-9,mail,36100,,13420,14947,862,6871,1,fl-doe,2026-09-08T00:32:43+00:00
2024,FL,12109,St. Johns County,2024-11-17,-12,inperson,118991,,21539,74283,2647,20522,1,fl-doe,2026-09-08T00:32:43+00:00
2024,FL,12109,St. Johns County,2024-11-17,-12,mail,36125,,13425,14961,864,6875,1,fl-doe,2026-09-08T00:32:43+00:00
2024,FL,12109,St. Johns County,2024-11-18,-13,inperson,118991,,21539,74283,2647,20522,1,fl-doe,2026-09-08T00:32:43+00:00
2024,FL,12109,St. Johns County,2024-11-18,-13,mail,36125,,13425,14961,864,6875,1,fl-doe,2026-09-08T00:32:43+00:00
2024,FL,12109,St. Johns County,2024-11-20,-15,inperson,118991,,21539,74283,2647,20522,1,fl-doe,2026-09-08T00:32:43+00:00
2024,FL,12109,St. Johns County,2024-11-20,-15,mail,36125,,13425,14961,864,6875,1,fl-doe,2026-09-08T00:32:43+00:00
2024,FL,12111,St. Lucie County,2024-09-10,56,inperson,0,,0,0,0,0,1,fl-doe,2026-09-08T00:32:43+00:00
2024,FL,12111,St. Lucie County,2024-09-10,56,mail,0,,0,0,0,0,1,fl-doe,2026-09-08T00:32:43+00:00
2024,FL,12111,St. Lucie County,2024-09-16,50,inperson,0,,0,0,0,0,1,fl-doe,2026-09-08T00:32:43+00:00
2024,FL,12111,St. Lucie County,2024-09-16,50,mail,0,,0,0,0,0,1,fl-doe,2026-09-08T00:32:43+00:00
2024,FL,12111,St. Lucie County,2024-09-17,49,inperson,0,,0,0,0,0,1,fl-doe,2026-09-08T00:32:43+00:00
2024,FL,12111,St. Lucie County,2024-09-17,49,mail,0,,0,0,0,0,1,fl-doe,2026-09-08T00:32:43+00:00
2024,FL,12111,St. Lucie County,2024-09-20,46,inperson,0,,0,0,0,0,1,fl-doe,2026-09-08T00:32:43+00:00
2024,FL,12111,St. Lucie County,2024-09-20,46,mail,0,,0,0,0,0,1,fl-doe,2026-09-08T00:32:43+00:00
2024,FL,12111,St. Lucie County,2024-09-24,42,inperson,0,,0,0,0,0,1,fl-doe,2026-09-08T00:32:43+00:00
2024,FL,12111,St. Lucie County,2024-09-24,42,mail,0,,0,0,0,0,1,fl-doe,2026-09-08T00:32:43+00:00
2024,FL,12111,St. Lucie County,2024-09-26,40,inperson,0,,0,0,0,0,1,fl-doe,2026-09-08T00:32:43+00:00
2024,FL,12111,St. Lucie County,2024-09-26,40,mail,0,,0,0,0,0,1,fl-doe,2026-09-08T00:32:43+00:00
2024,FL,12111,St. Lucie County,2024-09-29,37,inperson,0,,0,0,0,0,1,fl-doe,2026-09-08T00:32:43+00:00
2024,FL,12111,St. Lucie County,2024-09-29,37,mail,0,,0,0,0,0,1,fl-doe,2026-09-08T00:32:43+00:00
2024,FL,12111,St. Lucie County,2024-09-30,36,inperson,0,,0,0,0,0,1,fl-doe,2026-09-08T00:32:43+00:00
2024,FL,12111,St. Lucie County,2024-09-30,36,mail,0,,0,0,0,0,1,fl-doe,2026-09-08T00:32:43+00:00
2024,FL,12111,St. Lucie County,2024-10-01,35,inperson,0,,0,0,0,0,1,fl-doe,2026-09-08T00:32:43+00:00
2024,FL,12111,St. Lucie County,2024-10-01,35,mail,109,,46,45,1,17,1,fl-doe,2026-09-08T00:32:43+00:00
2024,FL,12111,St. Lucie County,2024-10-02,34,inperson,0,,0,0,0,0,1,fl-doe,2026-09-08T00:32:43+00:00
2024,FL,12111,St. Lucie County,2024-10-02,34,mail,518,,241,164,12,101,1,fl-doe,2026-09-08T00:32:43+00:00
2024,FL,12111,St. Lucie County,2024-10-03,33,inperson,0,,0,0,0,0,1,fl-doe,2026-09-08T00:32:43+00:00
2024,FL,12111,St. Lucie County,2024-10-03,33,mail,1163,,557,371,26,209,1,fl-doe,2026-09-08T00:32:43+00:00
2024,FL,12111,St. Lucie County,2024-10-04,32,inperson,0,,0,0,0,0,1,fl-doe,2026-09-08T00:32:43+00:00
2024,FL,12111,St. Lucie County,2024-10-04,32,mail,3041,,1354,1049,77,561,1,fl-doe,2026-09-08T00:32:43+00:00
2024,FL,12111,St. Lucie County,2024-10-06,30,inperson,0,,0,0,0,0,1,fl-doe,2026-09-08T00:32:43+00:00
2024,FL,12111,St. Lucie County,2024-10-06,30,mail,5295,,2376,1871,125,923,1,fl-doe,2026-09-08T00:32:43+00:00
2024,FL,12111,St. Lucie County,2024-10-07,29,inperson,0,,0,0,0,0,1,fl-doe,2026-09-08T00:32:43+00:00
2024,FL,12111,St. Lucie County,2024-10-07,29,mail,5295,,2376,1871,125,923,1,fl-doe,2026-09-08T00:32:43+00:00
2024,FL,12111,St. Lucie County,2024-10-23,13,inperson,15021,,4523,7740,369,2389,1,fl-doe,2026-09-08T00:32:43+00:00
2024,FL,12111,St. Lucie County,2024-10-23,13,mail,25512,,11605,8569,626,4712,1,fl-doe,2026-09-08T00:32:43+00:00
2024,FL,12111,St. Lucie County,2024-10-28,8,inperson,48011,,14396,23744,1298,8573,1,fl-doe,2026-09-08T00:32:43+00:00
2024,FL,12111,St. Lucie County,2024-10-28,8,mail,36433,,16701,11938,881,6913,1,fl-doe,2026-09-08T00:32:43+00:00
2024,FL,12111,St. Lucie County,2024-10-29,7,inperson,55304,,16629,27056,1515,10104,1,fl-doe,2026-09-08T00:32:43+00:00
2024,FL,12111,St. Lucie County,2024-10-29,7,mail,37479,,17169,12253,914,7143,1,fl-doe,2026-09-08T00:32:43+00:00
2024,FL,12111,St. Lucie County,2024-10-31,5,inperson,69488,,21153,33091,1994,13250,1,fl-doe,2026-09-08T00:32:43+00:00
2024,FL,12111,St. Lucie County,2024-10-31,5,mail,41599,,19012,13457,1027,8103,1,fl-doe,2026-09-08T00:32:43+00:00
2024,FL,12111,St. Lucie County,2024-11-01,4,inperson,75854,,23200,35722,2205,14727,1,fl-doe,2026-09-08T00:32:43+00:00
2024,FL,12111,St. Lucie County,2024-11-01,4,mail,42894,,19581,13787,1070,8456,1,fl-doe,2026-09-08T00:32:43+00:00
2024,FL,12111,St. Lucie County,2024-11-03,2,inperson,91065,,28327,41498,2752,18488,1,fl-doe,2026-09-08T00:32:43+00:00
2024,FL,12111,St. Lucie County,2024-11-03,2,mail,46054,,20832,14762,1161,9299,1,fl-doe,2026-09-08T00:32:43+00:00
2024,FL,12111,St. Lucie County,2024-11-04,1,inperson,98225,,30815,44018,3022,20370,1,fl-doe,2026-09-08T00:32:43+00:00
2024,FL,12111,St. Lucie County,2024-11-04,1,mail,46050,,20838,14760,1159,9293,1,fl-doe,2026-09-08T00:32:43+00:00
2024,FL,12111,St. Lucie County,2024-11-05,0,inperson,98225,,30815,44018,3022,20370,1,fl-doe,2026-09-08T00:32:43+00:00
2024,FL,12111,St. Lucie County,2024-11-05,0,mail,48443,,21780,15419,1246,9998,1,fl-doe,2026-09-08T00:32:43+00:00
2024,FL,12111,St. Lucie County,2024-11-06,-1,inperson,98225,,30815,44018,3022,20370,1,fl-doe,2026-09-08T00:32:43+00:00
2024,FL,12111,St. Lucie County,2024-11-06,-1,mail,49511,,22241,15658,1283,10329,1,fl-doe,2026-09-08T00:32:43+00:00
2024,FL,12111,St. Lucie County,2024-11-07,-2,inperson,98225,,30815,44018,3022,20370,1,fl-doe,2026-09-08T00:32:43+00:00
2024,FL,12111,St. Lucie County,2024-11-07,-2,mail,49629,,22298,15683,1290,10358,1,fl-doe,2026-09-08T00:32:43+00:00
2024,FL,12111,St. Lucie County,2024-11-08,-3,inperson,98225,,30815,44018,3022,20370,1,fl-doe,2026-09-08T00:32:43+00:00
2024,FL,12111,St. Lucie County,2024-11-08,-3,mail,49659,,22309,15695,1291,10364,1,fl-doe,2026-09-08T00:32:43+00:00
2024,FL,12111,St. Lucie County,2024-11-09,-4,inperson,98225,,30815,44018,3022,20370,1,fl-doe,2026-09-08T00:32:43+00:00
2024,FL,12111,St. Lucie County,2024-11-09,-4,mail,49681,,22320,15699,1291,10371,1,fl-doe,2026-09-08T00:32:43+00:00
2024,FL,12111,St. Lucie County,2024-11-12,-7,inperson,98225,,30815,44018,3022,20370,1,fl-doe,2026-09-08T00:32:43+00:00
2024,FL,12111,St. Lucie County,2024-11-12,-7,mail,49681,,22320,15699,1291,10371,1,fl-doe,2026-09-08T00:32:43+00:00
2024,FL,12111,St. Lucie County,2024-11-13,-8,inperson,98225,,30815,44018,3022,20370,1,fl-doe,2026-09-08T00:32:43+00:00
2024,FL,12111,St. Lucie County,2024-11-13,-8,mail,49689,,22327,15698,1291,10373,1,fl-doe,2026-09-08T00:32:43+00:00
2024,FL,12111,St. Lucie County,2024-11-14,-9,inperson,98225,,30815,44018,3022,20370,1,fl-doe,2026-09-08T00:32:43+00:00
2024,FL,12111,St. Lucie County,2024-11-14,-9,mail,49692,,22327,15699,1291,10375,1,fl-doe,2026-09-08T00:32:43+00:00
2024,FL,12111,St. Lucie County,2024-11-17,-12,inperson,98225,,30815,44018,3022,20370,1,fl-doe,2026-09-08T00:32:43+00:00
2024,FL,12111,St. Lucie County,2024-11-17,-12,mail,49710,,22339,15703,1291,10377,1,fl-doe,2026-09-08T00:32:43+00:00
2024,FL,12111,St. Lucie County,2024-11-18,-13,inperson,98225,,30815,44018,3022,20370,1,fl-doe,2026-09-08T00:32:43+00:00
2024,FL,12111,St. Lucie County,2024-11-18,-13,mail,49710,,22339,15703,1291,10377,1,fl-doe,2026-09-08T00:32:43+00:00
2024,FL,12111,St. Lucie County,2024-11-20,-15,inperson,98225,,30815,44018,3022,20370,1,fl-doe,2026-09-08T00:32:43+00:00
2024,FL,12111,St. Lucie County,2024-11-20,-15,mail,49699,,22335,15698,1291,10375,1,fl-doe,2026-09-08T00:32:43+00:00
2024,FL,12113,Santa Rosa County,2024-09-20,46,inperson,0,,0,0,0,0,1,fl-doe,2026-09-08T00:32:43+00:00
2024,FL,12113,Santa Rosa County,2024-09-20,46,mail,2,,1,0,0,1,1,fl-doe,2026-09-08T00:32:43+00:00
2024,FL,12113,Santa Rosa County,2024-09-24,42,inperson,0,,0,0,0,0,1,fl-doe,2026-09-08T00:32:43+00:00
2024,FL,12113,Santa Rosa County,2024-09-24,42,mail,17,,5,7,0,5,1,fl-doe,2026-09-08T00:32:43+00:00
2024,FL,12113,Santa Rosa County,2024-09-26,40,inperson,0,,0,0,0,0,1,fl-doe,2026-09-08T00:32:43+00:00
2024,FL,12113,Santa Rosa County,2024-09-26,40,mail,28,,9,14,0,5,1,fl-doe,2026-09-08T00:32:43+00:00
2024,FL,12113,Santa Rosa County,2024-09-29,37,inperson,0,,0,0,0,0,1,fl-doe,2026-09-08T00:32:43+00:00
2024,FL,12113,Santa Rosa County,2024-09-29,37,mail,50,,14,24,0,12,1,fl-doe,2026-09-08T00:32:43+00:00
2024,FL,12113,Santa Rosa County,2024-09-30,36,inperson,0,,0,0,0,0,1,fl-doe,2026-09-08T00:32:43+00:00
2024,FL,12113,Santa Rosa County,2024-09-30,36,mail,50,,14,24,0,12,1,fl-doe,2026-09-08T00:32:43+00:00
2024,FL,12113,Santa Rosa County,2024-10-01,35,inperson,0,,0,0,0,0,1,fl-doe,2026-09-08T00:32:43+00:00
2024,FL,12113,Santa Rosa County,2024-10-01,35,mail,192,,46,114,3,29,1,fl-doe,2026-09-08T00:32:43+00:00
2024,FL,12113,Santa Rosa County,2024-10-02,34,inperson,0,,0,0,0,0,1,fl-doe,2026-09-08T00:32:43+00:00
2024,FL,12113,Santa Rosa County,2024-10-02,34,mail,379,,90,225,9,55,1,fl-doe,2026-09-08T00:32:43+00:00
2024,FL,12113,Santa Rosa County,2024-10-03,33,inperson,0,,0,0,0,0,1,fl-doe,2026-09-08T00:32:43+00:00
2024,FL,12113,Santa Rosa County,2024-10-03,33,mail,562,,146,328,11,77,1,fl-doe,2026-09-08T00:32:43+00:00
2024,FL,12113,Santa Rosa County,2024-10-04,32,inperson,0,,0,0,0,0,1,fl-doe,2026-09-08T00:32:43+00:00
2024,FL,12113,Santa Rosa County,2024-10-04,32,mail,957,,286,541,17,113,1,fl-doe,2026-09-08T00:32:43+00:00
2024,FL,12113,Santa Rosa County,2024-10-06,30,inperson,0,,0,0,0,0,1,fl-doe,2026-09-08T00:32:43+00:00
2024,FL,12113,Santa Rosa County,2024-10-06,30,mail,1435,,455,780,27,173,1,fl-doe,2026-09-08T00:32:43+00:00
2024,FL,12113,Santa Rosa County,2024-10-07,29,inperson,0,,0,0,0,0,1,fl-doe,2026-09-08T00:32:43+00:00
2024,FL,12113,Santa Rosa County,2024-10-07,29,mail,1435,,455,780,27,173,1,fl-doe,2026-09-08T00:32:43+00:00
2024,FL,12113,Santa Rosa County,2024-10-23,13,inperson,13822,,1712,10364,243,1503,1,fl-doe,2026-09-08T00:32:43+00:00
2024,FL,12113,Santa Rosa County,2024-10-23,13,mail,8608,,2514,4596,196,1302,1,fl-doe,2026-09-08T00:32:43+00:00
2024,FL,12113,Santa Rosa County,2024-10-28,8,inperson,36678,,4469,26910,746,4553,1,fl-doe,2026-09-08T00:32:43+00:00
2024,FL,12113,Santa Rosa County,2024-10-28,8,mail,11596,,3309,6199,273,1815,1,fl-doe,2026-09-08T00:32:43+00:00
2024,FL,12113,Santa Rosa County,2024-10-29,7,inperson,41950,,5083,30668,853,5346,1,fl-doe,2026-09-08T00:32:43+00:00
2024,FL,12113,Santa Rosa County,2024-10-29,7,mail,12292,,3479,6569,292,1952,1,fl-doe,2026-09-08T00:32:43+00:00
2024,FL,12113,Santa Rosa County,2024-10-31,5,inperson,51631,,6295,37346,1109,6881,1,fl-doe,2026-09-08T00:32:43+00:00
2024,FL,12113,Santa Rosa County,2024-10-31,5,mail,13717,,3883,7281,328,2225,1,fl-doe,2026-09-08T00:32:43+00:00
2024,FL,12113,Santa Rosa County,2024-11-01,4,inperson,55876,,6856,40143,1224,7653,1,fl-doe,2026-09-08T00:32:43+00:00
2024,FL,12113,Santa Rosa County,2024-11-01,4,mail,14287,,4036,7551,343,2357,1,fl-doe,2026-09-08T00:32:43+00:00
2024,FL,12113,Santa Rosa County,2024-11-03,2,inperson,66750,,8384,46990,1566,9810,1,fl-doe,2026-09-08T00:32:43+00:00
2024,FL,12113,Santa Rosa County,2024-11-03,2,mail,15459,,4320,8137,380,2622,1,fl-doe,2026-09-08T00:32:43+00:00
2024,FL,12113,Santa Rosa County,2024-11-04,1,inperson,66750,,8384,46990,1566,9810,1,fl-doe,2026-09-08T00:32:43+00:00
2024,FL,12113,Santa Rosa County,2024-11-04,1,mail,15599,,4355,8198,384,2662,1,fl-doe,2026-09-08T00:32:43+00:00
2024,FL,12113,Santa Rosa County,2024-11-05,0,inperson,66749,,8384,46989,1566,9810,1,fl-doe,2026-09-08T00:32:43+00:00
2024,FL,12113,Santa Rosa County,2024-11-05,0,mail,16345,,4513,8566,404,2862,1,fl-doe,2026-09-08T00:32:43+00:00
2024,FL,12113,Santa Rosa County,2024-11-06,-1,inperson,66749,,8384,46989,1566,9810,1,fl-doe,2026-09-08T00:32:43+00:00
2024,FL,12113,Santa Rosa County,2024-11-06,-1,mail,17073,,4665,8901,428,3079,1,fl-doe,2026-09-08T00:32:43+00:00
2024,FL,12113,Santa Rosa County,2024-11-07,-2,inperson,66749,,8384,46989,1566,9810,1,fl-doe,2026-09-08T00:32:43+00:00
2024,FL,12113,Santa Rosa County,2024-11-07,-2,mail,17081,,4668,8903,428,3082,1,fl-doe,2026-09-08T00:32:43+00:00
2024,FL,12113,Santa Rosa County,2024-11-08,-3,inperson,66749,,8384,46989,1566,9810,1,fl-doe,2026-09-08T00:32:43+00:00
2024,FL,12113,Santa Rosa County,2024-11-08,-3,mail,17084,,4668,8905,428,3083,1,fl-doe,2026-09-08T00:32:43+00:00
2024,FL,12113,Santa Rosa County,2024-11-09,-4,inperson,66749,,8384,46989,1566,9810,1,fl-doe,2026-09-08T00:32:43+00:00
2024,FL,12113,Santa Rosa County,2024-11-09,-4,mail,17111,,4672,8920,430,3089,1,fl-doe,2026-09-08T00:32:43+00:00
2024,FL,12113,Santa Rosa County,2024-11-12,-7,inperson,66749,,8384,46989,1566,9810,1,fl-doe,2026-09-08T00:32:43+00:00
2024,FL,12113,Santa Rosa County,2024-11-12,-7,mail,17111,,4672,8920,430,3089,1,fl-doe,2026-09-08T00:32:43+00:00
2024,FL,12113,Santa Rosa County,2024-11-13,-8,inperson,66749,,8384,46989,1566,9810,1,fl-doe,2026-09-08T00:32:43+00:00
2024,FL,12113,Santa Rosa County,2024-11-13,-8,mail,17120,,4675,8924,430,3091,1,fl-doe,2026-09-08T00:32:43+00:00
2024,FL,12113,Santa Rosa County,2024-11-14,-9,inperson,66749,,8384,46989,1566,9810,1,fl-doe,2026-09-08T00:32:43+00:00
2024,FL,12113,Santa Rosa County,2024-11-14,-9,mail,17120,,4675,8924,430,3091,1,fl-doe,2026-09-08T00:32:43+00:00
2024,FL,12113,Santa Rosa County,2024-11-17,-12,inperson,66749,,8384,46989,1566,9810,1,fl-doe,2026-09-08T00:32:43+00:00
2024,FL,12113,Santa Rosa County,2024-11-17,-12,mail,17122,,4675,8925,430,3092,1,fl-doe,2026-09-08T00:32:43+00:00
2024,FL,12113,Santa Rosa County,2024-11-18,-13,inperson,66749,,8384,46989,1566,9810,1,fl-doe,2026-09-08T00:32:43+00:00
2024,FL,12113,Santa Rosa County,2024-11-18,-13,mail,17122,,4675,8925,430,3092,1,fl-doe,2026-09-08T00:32:43+00:00
2024,FL,12113,Santa Rosa County,2024-11-20,-15,inperson,66749,,8384,46989,1566,9810,1,fl-doe,2026-09-08T00:32:43+00:00
2024,FL,12113,Santa Rosa County,2024-11-20,-15,mail,17122,,4675,8925,430,3092,1,fl-doe,2026-09-08T00:32:43+00:00
2024,FL,12115,Sarasota County,2024-09-16,50,inperson,0,,0,0,0,0,1,fl-doe,2026-09-08T00:32:43+00:00
2024,FL,12115,Sarasota County,2024-09-16,50,mail,0,,0,0,0,0,1,fl-doe,2026-09-08T00:32:43+00:00
2024,FL,12115,Sarasota County,2024-09-17,49,inperson,0,,0,0,0,0,1,fl-doe,2026-09-08T00:32:43+00:00
2024,FL,12115,Sarasota County,2024-09-17,49,mail,0,,0,0,0,0,1,fl-doe,2026-09-08T00:32:43+00:00
2024,FL,12115,Sarasota County,2024-09-20,46,inperson,0,,0,0,0,0,1,fl-doe,2026-09-08T00:32:43+00:00
2024,FL,12115,Sarasota County,2024-09-20,46,mail,0,,0,0,0,0,1,fl-doe,2026-09-08T00:32:43+00:00
2024,FL,12115,Sarasota County,2024-09-24,42,inperson,0,,0,0,0,0,1,fl-doe,2026-09-08T00:32:43+00:00
2024,FL,12115,Sarasota County,2024-09-24,42,mail,54,,16,20,5,13,1,fl-doe,2026-09-08T00:32:43+00:00
2024,FL,12115,Sarasota County,2024-09-26,40,inperson,0,,0,0,0,0,1,fl-doe,2026-09-08T00:32:43+00:00
2024,FL,12115,Sarasota County,2024-09-26,40,mail,66,,21,24,5,16,1,fl-doe,2026-09-08T00:32:43+00:00
2024,FL,12115,Sarasota County,2024-09-29,37,inperson,0,,0,0,0,0,1,fl-doe,2026-09-08T00:32:43+00:00
2024,FL,12115,Sarasota County,2024-09-29,37,mail,141,,48,54,7,32,1,fl-doe,2026-09-08T00:32:43+00:00
2024,FL,12115,Sarasota County,2024-09-30,36,inperson,0,,0,0,0,0,1,fl-doe,2026-09-08T00:32:43+00:00
2024,FL,12115,Sarasota County,2024-09-30,36,mail,141,,48,54,7,32,1,fl-doe,2026-09-08T00:32:43+00:00
2024,FL,12115,Sarasota County,2024-10-01,35,inperson,0,,0,0,0,0,1,fl-doe,2026-09-08T00:32:43+00:00
2024,FL,12115,Sarasota County,2024-10-01,35,mail,182,,71,58,10,43,1,fl-doe,2026-09-08T00:32:43+00:00
2024,FL,12115,Sarasota County,2024-10-02,34,inperson,0,,0,0,0,0,1,fl-doe,2026-09-08T00:32:43+00:00
2024,FL,12115,Sarasota County,2024-10-02,34,mail,182,,71,58,10,43,1,fl-doe,2026-09-08T00:32:43+00:00
2024,FL,12115,Sarasota County,2024-10-03,33,inperson,0,,0,0,0,0,1,fl-doe,2026-09-08T00:32:43+00:00
2024,FL,12115,Sarasota County,2024-10-03,33,mail,1293,,546,476,32,239,1,fl-doe,2026-09-08T00:32:43+00:00
2024,FL,12115,Sarasota County,2024-10-04,32,inperson,0,,0,0,0,0,1,fl-doe,2026-09-08T00:32:43+00:00
2024,FL,12115,Sarasota County,2024-10-04,32,mail,3888,,1674,1472,82,660,1,fl-doe,2026-09-08T00:32:43+00:00
2024,FL,12115,Sarasota County,2024-10-06,30,inperson,0,,0,0,0,0,1,fl-doe,2026-09-08T00:32:43+00:00
2024,FL,12115,Sarasota County,2024-10-06,30,mail,6773,,3004,2546,135,1088,1,fl-doe,2026-09-08T00:32:43+00:00
2024,FL,12115,Sarasota County,2024-10-07,29,inperson,0,,0,0,0,0,1,fl-doe,2026-09-08T00:32:43+00:00
2024,FL,12115,Sarasota County,2024-10-07,29,mail,6774,,3004,2547,135,1088,1,fl-doe,2026-09-08T00:32:43+00:00
2024,FL,12115,Sarasota County,2024-10-23,13,inperson,18226,,3219,11602,392,3013,1,fl-doe,2026-09-08T00:32:43+00:00
2024,FL,12115,Sarasota County,2024-10-23,13,mail,43483,,19050,16067,806,7560,1,fl-doe,2026-09-08T00:32:43+00:00
2024,FL,12115,Sarasota County,2024-10-28,8,inperson,57250,,9991,35307,1315,10637,1,fl-doe,2026-09-08T00:32:43+00:00
2024,FL,12115,Sarasota County,2024-10-28,8,mail,63704,,27290,23775,1224,11415,1,fl-doe,2026-09-08T00:32:43+00:00
2024,FL,12115,Sarasota County,2024-10-29,7,inperson,66847,,11658,40969,1559,12661,1,fl-doe,2026-09-08T00:32:43+00:00
2024,FL,12115,Sarasota County,2024-10-29,7,mail,70158,,29721,26323,1337,12777,1,fl-doe,2026-09-08T00:32:43+00:00
2024,FL,12115,Sarasota County,2024-10-31,5,inperson,85381,,15047,51486,2091,16757,1,fl-doe,2026-09-08T00:32:43+00:00
2024,FL,12115,Sarasota County,2024-10-31,5,mail,80410,,33462,30411,1569,14968,1,fl-doe,2026-09-08T00:32:43+00:00
2024,FL,12115,Sarasota County,2024-11-01,4,inperson,93726,,16605,56051,2330,18740,1,fl-doe,2026-09-08T00:32:43+00:00
2024,FL,12115,Sarasota County,2024-11-01,4,mail,90046,,36895,34097,1798,17256,1,fl-doe,2026-09-08T00:32:43+00:00
2024,FL,12115,Sarasota County,2024-11-03,2,inperson,112168,,20317,65657,2894,23300,1,fl-doe,2026-09-08T00:32:43+00:00
2024,FL,12115,Sarasota County,2024-11-03,2,mail,95705,,38760,36333,1973,18639,1,fl-doe,2026-09-08T00:32:43+00:00
2024,FL,12115,Sarasota County,2024-11-04,1,inperson,121529,,22275,70236,3226,25792,1,fl-doe,2026-09-08T00:32:43+00:00
2024,FL,12115,Sarasota County,2024-11-04,1,mail,95885,,38829,36381,1975,18700,1,fl-doe,2026-09-08T00:32:43+00:00
2024,FL,12115,Sarasota County,2024-11-05,0,inperson,121529,,22275,70236,3226,25792,1,fl-doe,2026-09-08T00:32:43+00:00
2024,FL,12115,Sarasota County,2024-11-05,0,mail,98798,,39879,37453,2050,19416,1,fl-doe,2026-09-08T00:32:43+00:00
2024,FL,12115,Sarasota County,2024-11-06,-1,inperson,121529,,22275,70236,3226,25792,1,fl-doe,2026-09-08T00:32:43+00:00
2024,FL,12115,Sarasota County,2024-11-06,-1,mail,101519,,40815,38420,2136,20148,1,fl-doe,2026-09-08T00:32:43+00:00
2024,FL,12115,Sarasota County,2024-11-07,-2,inperson,121529,,22275,70236,3226,25792,1,fl-doe,2026-09-08T00:32:43+00:00
2024,FL,12115,Sarasota County,2024-11-07,-2,mail,101589,,40848,38435,2137,20169,1,fl-doe,2026-09-08T00:32:43+00:00
2024,FL,12115,Sarasota County,2024-11-08,-3,inperson,121529,,22275,70236,3226,25792,1,fl-doe,2026-09-08T00:32:43+00:00
2024,FL,12115,Sarasota County,2024-11-08,-3,mail,101612,,40855,38440,2139,20178,1,fl-doe,2026-09-08T00:32:43+00:00
2024,FL,12115,Sarasota County,2024-11-09,-4,inperson,121529,,22275,70236,3226,25792,1,fl-doe,2026-09-08T00:32:43+00:00
2024,FL,12115,Sarasota County,2024-11-09,-4,mail,101659,,40872,38452,2142,20193,1,fl-doe,2026-09-08T00:32:43+00:00
2024,FL,12115,Sarasota County,2024-11-12,-7,inperson,121529,,22275,70236,3226,25792,1,fl-doe,2026-09-08T00:32:43+00:00
2024,FL,12115,Sarasota County,2024-11-12,-7,mail,101659,,40872,38452,2142,20193,1,fl-doe,2026-09-08T00:32:43+00:00
2024,FL,12115,Sarasota County,2024-11-13,-8,inperson,121529,,22275,70236,3226,25792,1,fl-doe,2026-09-08T00:32:43+00:00
2024,FL,12115,Sarasota County,2024-11-13,-8,mail,101696,,40888,38462,2143,20203,1,fl-doe,2026-09-08T00:32:43+00:00
2024,FL,12115,Sarasota County,2024-11-14,-9,inperson,121529,,22275,70236,3226,25792,1,fl-doe,2026-09-08T00:32:43+00:00
2024,FL,12115,Sarasota County,2024-11-14,-9,mail,101705,,40891,38463,2143,20208,1,fl-doe,2026-09-08T00:32:43+00:00
2024,FL,12115,Sarasota County,2024-11-17,-12,inperson,121529,,22275,70236,3226,25792,1,fl-doe,2026-09-08T00:32:43+00:00
2024,FL,12115,Sarasota County,2024-11-17,-12,mail,101725,,40899,38468,2144,20214,1,fl-doe,2026-09-08T00:32:43+00:00
2024,FL,12115,Sarasota County,2024-11-18,-13,inperson,121529,,22275,70236,3226,25792,1,fl-doe,2026-09-08T00:32:43+00:00
2024,FL,12115,Sarasota County,2024-11-18,-13,mail,101725,,40899,38468,2144,20214,1,fl-doe,2026-09-08T00:32:43+00:00
2024,FL,12115,Sarasota County,2024-11-20,-15,inperson,121529,,22275,70236,3226,25792,1,fl-doe,2026-09-08T00:32:43+00:00
2024,FL,12115,Sarasota County,2024-11-20,-15,mail,101725,,40899,38468,2144,20214,1,fl-doe,2026-09-08T00:32:43+00:00
2024,FL,12117,Seminole County,2024-09-20,46,inperson,0,,0,0,0,0,1,fl-doe,2026-09-08T00:32:43+00:00
2024,FL,12117,Seminole County,2024-09-20,46,mail,0,,0,0,0,0,1,fl-doe,2026-09-08T00:32:43+00:00
2024,FL,12117,Seminole County,2024-09-24,42,inperson,0,,0,0,0,0,1,fl-doe,2026-09-08T00:32:43+00:00
2024,FL,12117,Seminole County,2024-09-24,42,mail,12,,8,2,0,2,1,fl-doe,2026-09-08T00:32:43+00:00
2024,FL,12117,Seminole County,2024-09-26,40,inperson,0,,0,0,0,0,1,fl-doe,2026-09-08T00:32:43+00:00
2024,FL,12117,Seminole County,2024-09-26,40,mail,26,,12,11,0,3,1,fl-doe,2026-09-08T00:32:43+00:00
2024,FL,12117,Seminole County,2024-09-29,37,inperson,0,,0,0,0,0,1,fl-doe,2026-09-08T00:32:43+00:00
2024,FL,12117,Seminole County,2024-09-29,37,mail,32,,14,13,0,5,1,fl-doe,2026-09-08T00:32:43+00:00
2024,FL,12117,Seminole County,2024-09-30,36,inperson,0,,0,0,0,0,1,fl-doe,2026-09-08T00:32:43+00:00
2024,FL,12117,Seminole County,2024-09-30,36,mail,32,,14,13,0,5,1,fl-doe,2026-09-08T00:32:43+00:00
2024,FL,12117,Seminole County,2024-10-01,35,inperson,0,,0,0,0,0,1,fl-doe,2026-09-08T00:32:43+00:00
2024,FL,12117,Seminole County,2024-10-01,35,mail,44,,18,17,3,6,1,fl-doe,2026-09-08T00:32:43+00:00
2024,FL,12117,Seminole County,2024-10-02,34,inperson,0,,0,0,0,0,1,fl-doe,2026-09-08T00:32:43+00:00
2024,FL,12117,Seminole County,2024-10-02,34,mail,80,,29,35,4,12,1,fl-doe,2026-09-08T00:32:43+00:00
2024,FL,12117,Seminole County,2024-10-03,33,inperson,0,,0,0,0,0,1,fl-doe,2026-09-08T00:32:43+00:00
2024,FL,12117,Seminole County,2024-10-03,33,mail,117,,42,51,5,19,1,fl-doe,2026-09-08T00:32:43+00:00
2024,FL,12117,Seminole County,2024-10-04,32,inperson,0,,0,0,0,0,1,fl-doe,2026-09-08T00:32:43+00:00
2024,FL,12117,Seminole County,2024-10-04,32,mail,221,,91,83,7,40,1,fl-doe,2026-09-08T00:32:43+00:00
2024,FL,12117,Seminole County,2024-10-06,30,inperson,0,,0,0,0,0,1,fl-doe,2026-09-08T00:32:43+00:00
2024,FL,12117,Seminole County,2024-10-06,30,mail,1235,,574,406,33,222,1,fl-doe,2026-09-08T00:32:43+00:00
2024,FL,12117,Seminole County,2024-10-07,29,inperson,0,,0,0,0,0,1,fl-doe,2026-09-08T00:32:43+00:00
2024,FL,12117,Seminole County,2024-10-07,29,mail,1235,,574,406,33,222,1,fl-doe,2026-09-08T00:32:43+00:00
2024,FL,12117,Seminole County,2024-10-23,13,inperson,19824,,6311,9510,423,3580,1,fl-doe,2026-09-08T00:32:43+00:00
2024,FL,12117,Seminole County,2024-10-23,13,mail,23128,,10005,8201,453,4469,1,fl-doe,2026-09-08T00:32:43+00:00
2024,FL,12117,Seminole County,2024-10-28,8,inperson,62013,,19148,28407,1486,12972,1,fl-doe,2026-09-08T00:32:43+00:00
2024,FL,12117,Seminole County,2024-10-28,8,mail,40584,,17186,14367,828,8203,1,fl-doe,2026-09-08T00:32:43+00:00
2024,FL,12117,Seminole County,2024-10-29,7,inperson,71650,,22002,32626,1774,15248,1,fl-doe,2026-09-08T00:32:43+00:00
2024,FL,12117,Seminole County,2024-10-29,7,mail,41883,,17735,14734,856,8558,1,fl-doe,2026-09-08T00:32:43+00:00
2024,FL,12117,Seminole County,2024-10-31,5,inperson,91429,,27917,40775,2404,20333,1,fl-doe,2026-09-08T00:32:43+00:00
2024,FL,12117,Seminole County,2024-10-31,5,mail,48006,,20125,16738,1023,10120,1,fl-doe,2026-09-08T00:32:43+00:00
2024,FL,12117,Seminole County,2024-11-01,4,inperson,100472,,30591,44394,2685,22802,1,fl-doe,2026-09-08T00:32:43+00:00
2024,FL,12117,Seminole County,2024-11-01,4,mail,51035,,21381,17665,1097,10892,1,fl-doe,2026-09-08T00:32:43+00:00
2024,FL,12117,Seminole County,2024-11-03,2,inperson,123254,,37606,52649,3463,29536,1,fl-doe,2026-09-08T00:32:43+00:00
2024,FL,12117,Seminole County,2024-11-03,2,mail,55706,,23193,19067,1227,12219,1,fl-doe,2026-09-08T00:32:43+00:00
2024,FL,12117,Seminole County,2024-11-04,1,inperson,136444,,42060,56790,3988,33606,1,fl-doe,2026-09-08T00:32:43+00:00
2024,FL,12117,Seminole County,2024-11-04,1,mail,57991,,24091,19665,1315,12920,1,fl-doe,2026-09-08T00:32:43+00:00
2024,FL,12117,Seminole County,2024-11-05,0,inperson,136444,,42060,56790,3988,33606,1,fl-doe,2026-09-08T00:32:43+00:00
2024,FL,12117,Seminole County,2024-11-05,0,mail,60640,,25109,20376,1403,13752,1,fl-doe,2026-09-08T00:32:43+00:00
2024,FL,12117,Seminole County,2024-11-06,-1,inperson,136444,,42060,56790,3988,33606,1,fl-doe,2026-09-08T00:32:43+00:00
2024,FL,12117,Seminole County,2024-11-06,-1,mail,61599,,25485,20645,1439,14030,1,fl-doe,2026-09-08T00:32:43+00:00
2024,FL,12117,Seminole County,2024-11-07,-2,inperson,136444,,42060,56790,3988,33606,1,fl-doe,2026-09-08T00:32:43+00:00
2024,FL,12117,Seminole County,2024-11-07,-2,mail,61863,,25598,20708,1445,14112,1,fl-doe,2026-09-08T00:32:43+00:00
2024,FL,12117,Seminole County,2024-11-08,-3,inperson,136444,,42060,56790,3988,33606,1,fl-doe,2026-09-08T00:32:43+00:00
2024,FL,12117,Seminole County,2024-11-08,-3,mail,62008,,25653,20746,1449,14160,1,fl-doe,2026-09-08T00:32:43+00:00
2024,FL,12117,Seminole County,2024-11-09,-4,inperson,136444,,42060,56790,3988,33606,1,fl-doe,2026-09-08T00:32:43+00:00
2024,FL,12117,Seminole County,2024-11-09,-4,mail,62016,,25655,20748,1449,14164,1,fl-doe,2026-09-08T00:32:43+00:00
2024,FL,12117,Seminole County,2024-11-12,-7,inperson,136444,,42060,56790,3988,33606,1,fl-doe,2026-09-08T00:32:43+00:00
2024,FL,12117,Seminole County,2024-11-12,-7,mail,62016,,25655,20748,1449,14164,1,fl-doe,2026-09-08T00:32:43+00:00
2024,FL,12117,Seminole County,2024-11-13,-8,inperson,136444,,42060,56790,3988,33606,1,fl-doe,2026-09-08T00:32:43+00:00
2024,FL,12117,Seminole County,2024-11-13,-8,mail,62031,,25660,20749,1449,14173,1,fl-doe,2026-09-08T00:32:43+00:00
2024,FL,12117,Seminole County,2024-11-14,-9,inperson,136444,,42060,56790,3988,33606,1,fl-doe,2026-09-08T00:32:43+00:00
2024,FL,12117,Seminole County,2024-11-14,-9,mail,62039,,25664,20751,1449,14175,1,fl-doe,2026-09-08T00:32:43+00:00
2024,FL,12117,Seminole County,2024-11-17,-12,inperson,136444,,42060,56790,3988,33606,1,fl-doe,2026-09-08T00:32:43+00:00
2024,FL,12117,Seminole County,2024-11-17,-12,mail,62055,,25671,20754,1451,14179,1,fl-doe,2026-09-08T00:32:43+00:00
2024,FL,12117,Seminole County,2024-11-18,-13,inperson,136444,,42060,56790,3988,33606,1,fl-doe,2026-09-08T00:32:43+00:00
2024,FL,12117,Seminole County,2024-11-18,-13,mail,62055,,25671,20754,1451,14179,1,fl-doe,2026-09-08T00:32:43+00:00
2024,FL,12117,Seminole County,2024-11-20,-15,inperson,136444,,42060,56790,3988,33606,1,fl-doe,2026-09-08T00:32:43+00:00
2024,FL,12117,Seminole County,2024-11-20,-15,mail,62055,,25671,20754,1451,14179,1,fl-doe,2026-09-08T00:32:43+00:00
2024,FL,12119,Sumter County,2024-09-20,46,inperson,0,,0,0,0,0,1,fl-doe,2026-09-08T00:32:43+00:00
2024,FL,12119,Sumter County,2024-09-20,46,mail,0,,0,0,0,0,1,fl-doe,2026-09-08T00:32:43+00:00
2024,FL,12119,Sumter County,2024-09-24,42,inperson,0,,0,0,0,0,1,fl-doe,2026-09-08T00:32:43+00:00
2024,FL,12119,Sumter County,2024-09-24,42,mail,5,,0,4,0,1,1,fl-doe,2026-09-08T00:32:43+00:00
2024,FL,12119,Sumter County,2024-09-26,40,inperson,0,,0,0,0,0,1,fl-doe,2026-09-08T00:32:43+00:00
2024,FL,12119,Sumter County,2024-09-26,40,mail,38,,8,24,0,6,1,fl-doe,2026-09-08T00:32:43+00:00
2024,FL,12119,Sumter County,2024-09-29,37,inperson,0,,0,0,0,0,1,fl-doe,2026-09-08T00:32:43+00:00
2024,FL,12119,Sumter County,2024-09-29,37,mail,52,,17,26,0,9,1,fl-doe,2026-09-08T00:32:43+00:00
2024,FL,12119,Sumter County,2024-09-30,36,inperson,0,,0,0,0,0,1,fl-doe,2026-09-08T00:32:43+00:00
2024,FL,12119,Sumter County,2024-09-30,36,mail,52,,17,26,0,9,1,fl-doe,2026-09-08T00:32:43+00:00
2024,FL,12119,Sumter County,2024-10-01,35,inperson,0,,0,0,0,0,1,fl-doe,2026-09-08T00:32:43+00:00
2024,FL,12119,Sumter County,2024-10-01,35,mail,64,,20,34,1,9,1,fl-doe,2026-09-08T00:32:43+00:00
2024,FL,12119,Sumter County,2024-10-02,34,inperson,0,,0,0,0,0,1,fl-doe,2026-09-08T00:32:43+00:00
2024,FL,12119,Sumter County,2024-10-02,34,mail,111,,33,59,2,17,1,fl-doe,2026-09-08T00:32:43+00:00
2024,FL,12119,Sumter County,2024-10-03,33,inperson,0,,0,0,0,0,1,fl-doe,2026-09-08T00:32:43+00:00
2024,FL,12119,Sumter County,2024-10-03,33,mail,139,,44,70,2,23,1,fl-doe,2026-09-08T00:32:43+00:00
2024,FL,12119,Sumter County,2024-10-04,32,inperson,0,,0,0,0,0,1,fl-doe,2026-09-08T00:32:43+00:00
2024,FL,12119,Sumter County,2024-10-04,32,mail,169,,54,84,2,29,1,fl-doe,2026-09-08T00:32:43+00:00
2024,FL,12119,Sumter County,2024-10-06,30,inperson,0,,0,0,0,0,1,fl-doe,2026-09-08T00:32:43+00:00
2024,FL,12119,Sumter County,2024-10-06,30,mail,195,,62,89,2,42,1,fl-doe,2026-09-08T00:32:43+00:00
2024,FL,12119,Sumter County,2024-10-07,29,inperson,0,,0,0,0,0,1,fl-doe,2026-09-08T00:32:43+00:00
2024,FL,12119,Sumter County,2024-10-07,29,mail,195,,62,89,2,42,1,fl-doe,2026-09-08T00:32:43+00:00
2024,FL,12119,Sumter County,2024-10-23,13,inperson,8183,,899,6120,142,1022,1,fl-doe,2026-09-08T00:32:43+00:00
2024,FL,12119,Sumter County,2024-10-23,13,mail,21468,,7429,9923,342,3774,1,fl-doe,2026-09-08T00:32:43+00:00
2024,FL,12119,Sumter County,2024-10-28,8,inperson,34546,,3854,25308,590,4794,1,fl-doe,2026-09-08T00:32:43+00:00
2024,FL,12119,Sumter County,2024-10-28,8,mail,28666,,9466,13520,461,5219,1,fl-doe,2026-09-08T00:32:43+00:00
2024,FL,12119,Sumter County,2024-10-29,7,inperson,39577,,4469,28760,669,5679,1,fl-doe,2026-09-08T00:32:43+00:00
2024,FL,12119,Sumter County,2024-10-29,7,mail,30317,,9926,14300,495,5596,1,fl-doe,2026-09-08T00:32:43+00:00
2024,FL,12119,Sumter County,2024-10-31,5,inperson,47766,,5462,34306,857,7141,1,fl-doe,2026-09-08T00:32:43+00:00
2024,FL,12119,Sumter County,2024-10-31,5,mail,32268,,10450,15268,542,6008,1,fl-doe,2026-09-08T00:32:43+00:00
2024,FL,12119,Sumter County,2024-11-01,4,inperson,50883,,5897,36324,930,7732,1,fl-doe,2026-09-08T00:32:43+00:00
2024,FL,12119,Sumter County,2024-11-01,4,mail,33136,,10666,15707,562,6201,1,fl-doe,2026-09-08T00:32:43+00:00
2024,FL,12119,Sumter County,2024-11-03,2,inperson,56829,,6836,39951,1082,8960,1,fl-doe,2026-09-08T00:32:43+00:00
2024,FL,12119,Sumter County,2024-11-03,2,mail,34130,,10938,16181,578,6433,1,fl-doe,2026-09-08T00:32:43+00:00
2024,FL,12119,Sumter County,2024-11-04,1,inperson,56829,,6836,39951,1082,8960,1,fl-doe,2026-09-08T00:32:43+00:00
2024,FL,12119,Sumter County,2024-11-04,1,mail,34130,,10938,16181,578,6433,1,fl-doe,2026-09-08T00:32:43+00:00
2024,FL,12119,Sumter County,2024-11-05,0,inperson,56829,,6836,39951,1082,8960,1,fl-doe,2026-09-08T00:32:43+00:00
2024,FL,12119,Sumter County,2024-11-05,0,mail,34777,,11111,16472,593,6601,1,fl-doe,2026-09-08T00:32:43+00:00
2024,FL,12119,Sumter County,2024-11-06,-1,inperson,56829,,6836,39951,1082,8960,1,fl-doe,2026-09-08T00:32:43+00:00
2024,FL,12119,Sumter County,2024-11-06,-1,mail,35055,,11169,16601,605,6680,1,fl-doe,2026-09-08T00:32:43+00:00
2024,FL,12119,Sumter County,2024-11-07,-2,inperson,56829,,6836,39951,1082,8960,1,fl-doe,2026-09-08T00:32:43+00:00
2024,FL,12119,Sumter County,2024-11-07,-2,mail,35064,,11171,16603,605,6685,1,fl-doe,2026-09-08T00:32:43+00:00
2024,FL,12119,Sumter County,2024-11-08,-3,inperson,56829,,6836,39951,1082,8960,1,fl-doe,2026-09-08T00:32:43+00:00
2024,FL,12119,Sumter County,2024-11-08,-3,mail,35081,,11174,16609,607,6691,1,fl-doe,2026-09-08T00:32:43+00:00
2024,FL,12119,Sumter County,2024-11-09,-4,inperson,56829,,6836,39951,1082,8960,1,fl-doe,2026-09-08T00:32:43+00:00
2024,FL,12119,Sumter County,2024-11-09,-4,mail,35081,,11174,16609,607,6691,1,fl-doe,2026-09-08T00:32:43+00:00
2024,FL,12119,Sumter County,2024-11-12,-7,inperson,56829,,6836,39951,1082,8960,1,fl-doe,2026-09-08T00:32:43+00:00
2024,FL,12119,Sumter County,2024-11-12,-7,mail,35081,,11174,16609,607,6691,1,fl-doe,2026-09-08T00:32:43+00:00
2024,FL,12119,Sumter County,2024-11-13,-8,inperson,56829,,6836,39951,1082,8960,1,fl-doe,2026-09-08T00:32:43+00:00
2024,FL,12119,Sumter County,2024-11-13,-8,mail,35088,,11176,16609,607,6696,1,fl-doe,2026-09-08T00:32:43+00:00
2024,FL,12119,Sumter County,2024-11-14,-9,inperson,56829,,6836,39951,1082,8960,1,fl-doe,2026-09-08T00:32:43+00:00
2024,FL,12119,Sumter County,2024-11-14,-9,mail,35088,,11176,16609,607,6696,1,fl-doe,2026-09-08T00:32:43+00:00
2024,FL,12119,Sumter County,2024-11-17,-12,inperson,56829,,6836,39951,1082,8960,1,fl-doe,2026-09-08T00:32:43+00:00
2024,FL,12119,Sumter County,2024-11-17,-12,mail,35093,,11177,16610,607,6699,1,fl-doe,2026-09-08T00:32:43+00:00
2024,FL,12119,Sumter County,2024-11-18,-13,inperson,56829,,6836,39951,1082,8960,1,fl-doe,2026-09-08T00:32:43+00:00
2024,FL,12119,Sumter County,2024-11-18,-13,mail,35093,,11177,16610,607,6699,1,fl-doe,2026-09-08T00:32:43+00:00
2024,FL,12119,Sumter County,2024-11-20,-15,inperson,56829,,6836,39951,1082,8960,1,fl-doe,2026-09-08T00:32:43+00:00
2024,FL,12119,Sumter County,2024-11-20,-15,mail,35093,,11177,16610,607,6699,1,fl-doe,2026-09-08T00:32:43+00:00
2024,FL,12121,Suwannee County,2024-09-10,56,inperson,0,,0,0,0,0,1,fl-doe,2026-09-08T00:32:43+00:00
2024,FL,12121,Suwannee County,2024-09-10,56,mail,0,,0,0,0,0,1,fl-doe,2026-09-08T00:32:43+00:00
2024,FL,12121,Suwannee County,2024-09-12,54,inperson,0,,0,0,0,0,1,fl-doe,2026-09-08T00:32:43+00:00
2024,FL,12121,Suwannee County,2024-09-12,54,mail,2,,0,1,0,1,1,fl-doe,2026-09-08T00:32:43+00:00
2024,FL,12121,Suwannee County,2024-09-16,50,inperson,0,,0,0,0,0,1,fl-doe,2026-09-08T00:32:43+00:00
2024,FL,12121,Suwannee County,2024-09-16,50,mail,2,,0,1,0,1,1,fl-doe,2026-09-08T00:32:43+00:00
2024,FL,12121,Suwannee County,2024-09-17,49,inperson,0,,0,0,0,0,1,fl-doe,2026-09-08T00:32:43+00:00
2024,FL,12121,Suwannee County,2024-09-17,49,mail,2,,0,1,0,1,1,fl-doe,2026-09-08T00:32:43+00:00
2024,FL,12121,Suwannee County,2024-09-20,46,inperson,0,,0,0,0,0,1,fl-doe,2026-09-08T00:32:43+00:00
2024,FL,12121,Suwannee County,2024-09-20,46,mail,3,,0,2,0,1,1,fl-doe,2026-09-08T00:32:43+00:00
2024,FL,12121,Suwannee County,2024-09-24,42,inperson,0,,0,0,0,0,1,fl-doe,2026-09-08T00:32:43+00:00
2024,FL,12121,Suwannee County,2024-09-24,42,mail,11,,3,7,0,1,1,fl-doe,2026-09-08T00:32:43+00:00
2024,FL,12121,Suwannee County,2024-09-26,40,inperson,0,,0,0,0,0,1,fl-doe,2026-09-08T00:32:43+00:00
2024,FL,12121,Suwannee County,2024-09-26,40,mail,16,,4,11,0,1,1,fl-doe,2026-09-08T00:32:43+00:00
2024,FL,12121,Suwannee County,2024-09-29,37,inperson,0,,0,0,0,0,1,fl-doe,2026-09-08T00:32:43+00:00
2024,FL,12121,Suwannee County,2024-09-29,37,mail,16,,4,11,0,1,1,fl-doe,2026-09-08T00:32:43+00:00
2024,FL,12121,Suwannee County,2024-09-30,36,inperson,0,,0,0,0,0,1,fl-doe,2026-09-08T00:32:43+00:00
2024,FL,12121,Suwannee County,2024-09-30,36,mail,16,,4,11,0,1,1,fl-doe,2026-09-08T00:32:43+00:00
2024,FL,12121,Suwannee County,2024-10-01,35,inperson,0,,0,0,0,0,1,fl-doe,2026-09-08T00:32:43+00:00
2024,FL,12121,Suwannee County,2024-10-01,35,mail,22,,6,14,0,2,1,fl-doe,2026-09-08T00:32:43+00:00
2024,FL,12121,Suwannee County,2024-10-02,34,inperson,0,,0,0,0,0,1,fl-doe,2026-09-08T00:32:43+00:00
2024,FL,12121,Suwannee County,2024-10-02,34,mail,22,,6,14,0,2,1,fl-doe,2026-09-08T00:32:43+00:00
2024,FL,12121,Suwannee County,2024-10-03,33,inperson,0,,0,0,0,0,1,fl-doe,2026-09-08T00:32:43+00:00
2024,FL,12121,Suwannee County,2024-10-03,33,mail,25,,8,15,0,2,1,fl-doe,2026-09-08T00:32:43+00:00
2024,FL,12121,Suwannee County,2024-10-04,32,inperson,0,,0,0,0,0,1,fl-doe,2026-09-08T00:32:43+00:00
2024,FL,12121,Suwannee County,2024-10-04,32,mail,38,,15,20,1,2,1,fl-doe,2026-09-08T00:32:43+00:00
2024,FL,12121,Suwannee County,2024-10-06,30,inperson,0,,0,0,0,0,1,fl-doe,2026-09-08T00:32:43+00:00
2024,FL,12121,Suwannee County,2024-10-06,30,mail,61,,18,35,1,7,1,fl-doe,2026-09-08T00:32:43+00:00
2024,FL,12121,Suwannee County,2024-10-07,29,inperson,0,,0,0,0,0,1,fl-doe,2026-09-08T00:32:43+00:00
2024,FL,12121,Suwannee County,2024-10-07,29,mail,61,,18,35,1,7,1,fl-doe,2026-09-08T00:32:43+00:00
2024,FL,12121,Suwannee County,2024-10-23,13,inperson,0,,0,0,0,0,1,fl-doe,2026-09-08T00:32:43+00:00
2024,FL,12121,Suwannee County,2024-10-23,13,mail,2483,,767,1439,54,223,1,fl-doe,2026-09-08T00:32:43+00:00
2024,FL,12121,Suwannee County,2024-10-28,8,inperson,3277,,491,2458,52,276,1,fl-doe,2026-09-08T00:32:43+00:00
2024,FL,12121,Suwannee County,2024-10-28,8,mail,3076,,911,1822,61,282,1,fl-doe,2026-09-08T00:32:43+00:00
2024,FL,12121,Suwannee County,2024-10-29,7,inperson,5053,,798,3721,84,450,1,fl-doe,2026-09-08T00:32:43+00:00
2024,FL,12121,Suwannee County,2024-10-29,7,mail,3353,,987,1981,64,321,1,fl-doe,2026-09-08T00:32:43+00:00
2024,FL,12121,Suwannee County,2024-10-31,5,inperson,7583,,1255,5475,132,721,1,fl-doe,2026-09-08T00:32:43+00:00
2024,FL,12121,Suwannee County,2024-10-31,5,mail,3737,,1104,2197,71,365,1,fl-doe,2026-09-08T00:32:43+00:00
2024,FL,12121,Suwannee County,2024-11-01,4,inperson,8562,,1448,6139,143,832,1,fl-doe,2026-09-08T00:32:43+00:00
2024,FL,12121,Suwannee County,2024-11-01,4,mail,3864,,1137,2268,73,386,1,fl-doe,2026-09-08T00:32:43+00:00
2024,FL,12121,Suwannee County,2024-11-03,2,inperson,10992,,1885,7758,192,1157,1,fl-doe,2026-09-08T00:32:43+00:00
2024,FL,12121,Suwannee County,2024-11-03,2,mail,4041,,1190,2370,79,402,1,fl-doe,2026-09-08T00:32:43+00:00
2024,FL,12121,Suwannee County,2024-11-04,1,inperson,10992,,1885,7758,192,1157,1,fl-doe,2026-09-08T00:32:43+00:00
2024,FL,12121,Suwannee County,2024-11-04,1,mail,4041,,1190,2370,79,402,1,fl-doe,2026-09-08T00:32:43+00:00
2024,FL,12121,Suwannee County,2024-11-05,0,inperson,10992,,1885,7758,192,1157,1,fl-doe,2026-09-08T00:32:43+00:00
2024,FL,12121,Suwannee County,2024-11-05,0,mail,4271,,1248,2492,89,442,1,fl-doe,2026-09-08T00:32:43+00:00
2024,FL,12121,Suwannee County,2024-11-06,-1,inperson,10992,,1885,7758,192,1157,1,fl-doe,2026-09-08T00:32:43+00:00
2024,FL,12121,Suwannee County,2024-11-06,-1,mail,4363,,1281,2540,90,452,1,fl-doe,2026-09-08T00:32:43+00:00
2024,FL,12121,Suwannee County,2024-11-07,-2,inperson,10992,,1885,7758,192,1157,1,fl-doe,2026-09-08T00:32:43+00:00
2024,FL,12121,Suwannee County,2024-11-07,-2,mail,4363,,1281,2540,90,452,1,fl-doe,2026-09-08T00:32:43+00:00
2024,FL,12121,Suwannee County,2024-11-08,-3,inperson,10992,,1885,7758,192,1157,1,fl-doe,2026-09-08T00:32:43+00:00
2024,FL,12121,Suwannee County,2024-11-08,-3,mail,4363,,1281,2540,90,452,1,fl-doe,2026-09-08T00:32:43+00:00
2024,FL,12121,Suwannee County,2024-11-09,-4,inperson,10992,,1885,7758,192,1157,1,fl-doe,2026-09-08T00:32:43+00:00
2024,FL,12121,Suwannee County,2024-11-09,-4,mail,4363,,1281,2540,90,452,1,fl-doe,2026-09-08T00:32:43+00:00
2024,FL,12121,Suwannee County,2024-11-12,-7,inperson,10992,,1885,7758,192,1157,1,fl-doe,2026-09-08T00:32:43+00:00
2024,FL,12121,Suwannee County,2024-11-12,-7,mail,4363,,1281,2540,90,452,1,fl-doe,2026-09-08T00:32:43+00:00
2024,FL,12121,Suwannee County,2024-11-13,-8,inperson,10992,,1885,7758,192,1157,1,fl-doe,2026-09-08T00:32:43+00:00
2024,FL,12121,Suwannee County,2024-11-13,-8,mail,4363,,1281,2540,90,452,1,fl-doe,2026-09-08T00:32:43+00:00
2024,FL,12121,Suwannee County,2024-11-14,-9,inperson,10992,,1885,7758,192,1157,1,fl-doe,2026-09-08T00:32:43+00:00
2024,FL,12121,Suwannee County,2024-11-14,-9,mail,4363,,1281,2540,90,452,1,fl-doe,2026-09-08T00:32:43+00:00
2024,FL,12121,Suwannee County,2024-11-17,-12,inperson,10992,,1885,7758,192,1157,1,fl-doe,2026-09-08T00:32:43+00:00
2024,FL,12121,Suwannee County,2024-11-17,-12,mail,4363,,1281,2540,90,452,1,fl-doe,2026-09-08T00:32:43+00:00
2024,FL,12121,Suwannee County,2024-11-18,-13,inperson,10992,,1885,7758,192,1157,1,fl-doe,2026-09-08T00:32:43+00:00
2024,FL,12121,Suwannee County,2024-11-18,-13,mail,4363,,1281,2540,90,452,1,fl-doe,2026-09-08T00:32:43+00:00
2024,FL,12121,Suwannee County,2024-11-20,-15,inperson,10992,,1885,7758,192,1157,1,fl-doe,2026-09-08T00:32:43+00:00
2024,FL,12121,Suwannee County,2024-11-20,-15,mail,4363,,1281,2540,90,452,1,fl-doe,2026-09-08T00:32:43+00:00
2024,FL,12123,Taylor County,2024-09-20,46,inperson,0,,0,0,0,0,1,fl-doe,2026-09-08T00:32:43+00:00
2024,FL,12123,Taylor County,2024-09-20,46,mail,0,,0,0,0,0,1,fl-doe,2026-09-08T00:32:43+00:00
2024,FL,12123,Taylor County,2024-09-24,42,inperson,0,,0,0,0,0,1,fl-doe,2026-09-08T00:32:43+00:00
2024,FL,12123,Taylor County,2024-09-24,42,mail,0,,0,0,0,0,1,fl-doe,2026-09-08T00:32:43+00:00
2024,FL,12123,Taylor County,2024-09-26,40,inperson,0,,0,0,0,0,1,fl-doe,2026-09-08T00:32:43+00:00
2024,FL,12123,Taylor County,2024-09-26,40,mail,0,,0,0,0,0,1,fl-doe,2026-09-08T00:32:43+00:00
2024,FL,12123,Taylor County,2024-09-29,37,inperson,0,,0,0,0,0,1,fl-doe,2026-09-08T00:32:43+00:00
2024,FL,12123,Taylor County,2024-09-29,37,mail,0,,0,0,0,0,1,fl-doe,2026-09-08T00:32:43+00:00
2024,FL,12123,Taylor County,2024-09-30,36,inperson,0,,0,0,0,0,1,fl-doe,2026-09-08T00:32:43+00:00
2024,FL,12123,Taylor County,2024-09-30,36,mail,0,,0,0,0,0,1,fl-doe,2026-09-08T00:32:43+00:00
2024,FL,12123,Taylor County,2024-10-01,35,inperson,0,,0,0,0,0,1,fl-doe,2026-09-08T00:32:43+00:00
2024,FL,12123,Taylor County,2024-10-01,35,mail,0,,0,0,0,0,1,fl-doe,2026-09-08T00:32:43+00:00
2024,FL,12123,Taylor County,2024-10-02,34,inperson,0,,0,0,0,0,1,fl-doe,2026-09-08T00:32:43+00:00
2024,FL,12123,Taylor County,2024-10-02,34,mail,0,,0,0,0,0,1,fl-doe,2026-09-08T00:32:43+00:00
2024,FL,12123,Taylor County,2024-10-03,33,inperson,0,,0,0,0,0,1,fl-doe,2026-09-08T00:32:43+00:00
2024,FL,12123,Taylor County,2024-10-03,33,mail,0,,0,0,0,0,1,fl-doe,2026-09-08T00:32:43+00:00
2024,FL,12123,Taylor County,2024-10-04,32,inperson,0,,0,0,0,0,1,fl-doe,2026-09-08T00:32:43+00:00
2024,FL,12123,Taylor County,2024-10-04,32,mail,0,,0,0,0,0,1,fl-doe,2026-09-08T00:32:43+00:00
2024,FL,12123,Taylor County,2024-10-06,30,inperson,0,,0,0,0,0,1,fl-doe,2026-09-08T00:32:43+00:00
2024,FL,12123,Taylor County,2024-10-06,30,mail,0,,0,0,0,0,1,fl-doe,2026-09-08T00:32:43+00:00
2024,FL,12123,Taylor County,2024-10-07,29,inperson,0,,0,0,0,0,1,fl-doe,2026-09-08T00:32:43+00:00
2024,FL,12123,Taylor County,2024-10-07,29,mail,0,,0,0,0,0,1,fl-doe,2026-09-08T00:32:43+00:00
2024,FL,12123,Taylor County,2024-10-23,13,inperson,1055,,185,820,5,45,1,fl-doe,2026-09-08T00:32:43+00:00
2024,FL,12123,Taylor County,2024-10-23,13,mail,972,,340,562,16,54,1,fl-doe,2026-09-08T00:32:43+00:00
2024,FL,12123,Taylor County,2024-10-28,8,inperson,2672,,479,2035,25,133,1,fl-doe,2026-09-08T00:32:43+00:00
2024,FL,12123,Taylor County,2024-10-28,8,mail,1359,,455,797,24,83,1,fl-doe,2026-09-08T00:32:43+00:00
2024,FL,12123,Taylor County,2024-10-29,7,inperson,3044,,544,2317,34,149,1,fl-doe,2026-09-08T00:32:43+00:00
2024,FL,12123,Taylor County,2024-10-29,7,mail,1359,,455,797,24,83,1,fl-doe,2026-09-08T00:32:43+00:00
2024,FL,12123,Taylor County,2024-10-31,5,inperson,3759,,712,2811,43,193,1,fl-doe,2026-09-08T00:32:43+00:00
2024,FL,12123,Taylor County,2024-10-31,5,mail,1536,,516,900,24,96,1,fl-doe,2026-09-08T00:32:43+00:00
2024,FL,12123,Taylor County,2024-11-01,4,inperson,4054,,793,3007,45,209,1,fl-doe,2026-09-08T00:32:43+00:00
2024,FL,12123,Taylor County,2024-11-01,4,mail,1586,,536,924,24,102,1,fl-doe,2026-09-08T00:32:43+00:00
2024,FL,12123,Taylor County,2024-11-03,2,inperson,4733,,942,3460,56,275,1,fl-doe,2026-09-08T00:32:43+00:00
2024,FL,12123,Taylor County,2024-11-03,2,mail,1700,,564,1004,25,107,1,fl-doe,2026-09-08T00:32:43+00:00
2024,FL,12123,Taylor County,2024-11-04,1,inperson,4947,,1001,3588,56,302,1,fl-doe,2026-09-08T00:32:43+00:00
2024,FL,12123,Taylor County,2024-11-04,1,mail,1734,,581,1018,25,110,1,fl-doe,2026-09-08T00:32:43+00:00
2024,FL,12123,Taylor County,2024-11-05,0,inperson,5505,,1157,3920,60,368,1,fl-doe,2026-09-08T00:32:43+00:00
2024,FL,12123,Taylor County,2024-11-05,0,mail,1734,,581,1018,25,110,1,fl-doe,2026-09-08T00:32:43+00:00
2024,FL,12123,Taylor County,2024-11-06,-1,inperson,5505,,1157,3920,60,368,1,fl-doe,2026-09-08T00:32:43+00:00
2024,FL,12123,Taylor County,2024-11-06,-1,mail,1845,,622,1075,27,121,1,fl-doe,2026-09-08T00:32:43+00:00
2024,FL,12123,Taylor County,2024-11-07,-2,inperson,5505,,1157,3920,60,368,1,fl-doe,2026-09-08T00:32:43+00:00
2024,FL,12123,Taylor County,2024-11-07,-2,mail,1851,,622,1080,27,122,1,fl-doe,2026-09-08T00:32:43+00:00
2024,FL,12123,Taylor County,2024-11-08,-3,inperson,5505,,1157,3920,60,368,1,fl-doe,2026-09-08T00:32:43+00:00
2024,FL,12123,Taylor County,2024-11-08,-3,mail,1856,,625,1082,27,122,1,fl-doe,2026-09-08T00:32:43+00:00
2024,FL,12123,Taylor County,2024-11-09,-4,inperson,5505,,1157,3920,60,368,1,fl-doe,2026-09-08T00:32:43+00:00
2024,FL,12123,Taylor County,2024-11-09,-4,mail,1856,,625,1082,27,122,1,fl-doe,2026-09-08T00:32:43+00:00
2024,FL,12123,Taylor County,2024-11-12,-7,inperson,5505,,1157,3920,60,368,1,fl-doe,2026-09-08T00:32:43+00:00
2024,FL,12123,Taylor County,2024-11-12,-7,mail,1856,,625,1082,27,122,1,fl-doe,2026-09-08T00:32:43+00:00
2024,FL,12123,Taylor County,2024-11-13,-8,inperson,5505,,1157,3920,60,368,1,fl-doe,2026-09-08T00:32:43+00:00
2024,FL,12123,Taylor County,2024-11-13,-8,mail,1856,,625,1082,27,122,1,fl-doe,2026-09-08T00:32:43+00:00
2024,FL,12123,Taylor County,2024-11-14,-9,inperson,5505,,1157,3920,60,368,1,fl-doe,2026-09-08T00:32:43+00:00
2024,FL,12123,Taylor County,2024-11-14,-9,mail,1856,,625,1082,27,122,1,fl-doe,2026-09-08T00:32:43+00:00
2024,FL,12123,Taylor County,2024-11-17,-12,inperson,5505,,1157,3920,60,368,1,fl-doe,2026-09-08T00:32:43+00:00
2024,FL,12123,Taylor County,2024-11-17,-12,mail,1858,,625,1083,28,122,1,fl-doe,2026-09-08T00:32:43+00:00
2024,FL,12123,Taylor County,2024-11-18,-13,inperson,5505,,1157,3920,60,368,1,fl-doe,2026-09-08T00:32:43+00:00
2024,FL,12123,Taylor County,2024-11-18,-13,mail,1858,,625,1083,28,122,1,fl-doe,2026-09-08T00:32:43+00:00
2024,FL,12123,Taylor County,2024-11-20,-15,inperson,5505,,1157,3920,60,368,1,fl-doe,2026-09-08T00:32:43+00:00
2024,FL,12123,Taylor County,2024-11-20,-15,mail,1858,,625,1083,28,122,1,fl-doe,2026-09-08T00:32:43+00:00
2024,FL,12125,Union County,2024-09-20,46,inperson,0,,0,0,0,0,1,fl-doe,2026-09-08T00:32:43+00:00
2024,FL,12125,Union County,2024-09-20,46,mail,0,,0,0,0,0,1,fl-doe,2026-09-08T00:32:43+00:00
2024,FL,12125,Union County,2024-09-24,42,inperson,0,,0,0,0,0,1,fl-doe,2026-09-08T00:32:43+00:00
2024,FL,12125,Union County,2024-09-24,42,mail,9,,0,7,0,2,1,fl-doe,2026-09-08T00:32:43+00:00
2024,FL,12125,Union County,2024-09-26,40,inperson,0,,0,0,0,0,1,fl-doe,2026-09-08T00:32:43+00:00
2024,FL,12125,Union County,2024-09-26,40,mail,17,,0,15,0,2,1,fl-doe,2026-09-08T00:32:43+00:00
2024,FL,12125,Union County,2024-09-29,37,inperson,0,,0,0,0,0,1,fl-doe,2026-09-08T00:32:43+00:00
2024,FL,12125,Union County,2024-09-29,37,mail,17,,0,15,0,2,1,fl-doe,2026-09-08T00:32:43+00:00
2024,FL,12125,Union County,2024-09-30,36,inperson,0,,0,0,0,0,1,fl-doe,2026-09-08T00:32:43+00:00
2024,FL,12125,Union County,2024-09-30,36,mail,31,,6,22,0,3,1,fl-doe,2026-09-08T00:32:43+00:00
2024,FL,12125,Union County,2024-10-01,35,inperson,0,,0,0,0,0,1,fl-doe,2026-09-08T00:32:43+00:00
2024,FL,12125,Union County,2024-10-01,35,mail,36,,6,27,0,3,1,fl-doe,2026-09-08T00:32:43+00:00
2024,FL,12125,Union County,2024-10-02,34,inperson,0,,0,0,0,0,1,fl-doe,2026-09-08T00:32:43+00:00
2024,FL,12125,Union County,2024-10-02,34,mail,96,,26,61,2,7,1,fl-doe,2026-09-08T00:32:43+00:00
2024,FL,12125,Union County,2024-10-03,33,inperson,0,,0,0,0,0,1,fl-doe,2026-09-08T00:32:43+00:00
2024,FL,12125,Union County,2024-10-03,33,mail,109,,28,70,2,9,1,fl-doe,2026-09-08T00:32:43+00:00
2024,FL,12125,Union County,2024-10-04,32,inperson,0,,0,0,0,0,1,fl-doe,2026-09-08T00:32:43+00:00
2024,FL,12125,Union County,2024-10-04,32,mail,127,,31,85,2,9,1,fl-doe,2026-09-08T00:32:43+00:00
2024,FL,12125,Union County,2024-10-06,30,inperson,0,,0,0,0,0,1,fl-doe,2026-09-08T00:32:43+00:00
2024,FL,12125,Union County,2024-10-06,30,mail,143,,33,99,2,9,1,fl-doe,2026-09-08T00:32:43+00:00
2024,FL,12125,Union County,2024-10-07,29,inperson,0,,0,0,0,0,1,fl-doe,2026-09-08T00:32:43+00:00
2024,FL,12125,Union County,2024-10-07,29,mail,143,,33,99,2,9,1,fl-doe,2026-09-08T00:32:43+00:00
2024,FL,12125,Union County,2024-10-23,13,inperson,0,,0,0,0,0,1,fl-doe,2026-09-08T00:32:43+00:00
2024,FL,12125,Union County,2024-10-23,13,mail,319,,91,204,4,20,1,fl-doe,2026-09-08T00:32:43+00:00
2024,FL,12125,Union County,2024-10-28,8,inperson,1171,,135,959,12,65,1,fl-doe,2026-09-08T00:32:43+00:00
2024,FL,12125,Union County,2024-10-28,8,mail,414,,122,258,5,29,1,fl-doe,2026-09-08T00:32:43+00:00
2024,FL,12125,Union County,2024-10-29,7,inperson,1693,,230,1362,17,84,1,fl-doe,2026-09-08T00:32:43+00:00
2024,FL,12125,Union County,2024-10-29,7,mail,451,,133,283,5,30,1,fl-doe,2026-09-08T00:32:43+00:00
2024,FL,12125,Union County,2024-10-31,5,inperson,2425,,353,1909,29,134,1,fl-doe,2026-09-08T00:32:43+00:00
2024,FL,12125,Union County,2024-10-31,5,mail,549,,157,350,7,35,1,fl-doe,2026-09-08T00:32:43+00:00
2024,FL,12125,Union County,2024-11-01,4,inperson,2727,,406,2121,34,166,1,fl-doe,2026-09-08T00:32:43+00:00
2024,FL,12125,Union County,2024-11-01,4,mail,555,,158,355,7,35,1,fl-doe,2026-09-08T00:32:43+00:00
2024,FL,12125,Union County,2024-11-03,2,inperson,3433,,543,2625,43,222,1,fl-doe,2026-09-08T00:32:43+00:00
2024,FL,12125,Union County,2024-11-03,2,mail,639,,191,397,7,44,1,fl-doe,2026-09-08T00:32:43+00:00
2024,FL,12125,Union County,2024-11-04,1,inperson,3433,,543,2625,43,222,1,fl-doe,2026-09-08T00:32:43+00:00
2024,FL,12125,Union County,2024-11-04,1,mail,639,,191,397,7,44,1,fl-doe,2026-09-08T00:32:43+00:00
2024,FL,12125,Union County,2024-11-05,0,inperson,3433,,543,2625,43,222,1,fl-doe,2026-09-08T00:32:43+00:00
2024,FL,12125,Union County,2024-11-05,0,mail,670,,203,415,7,45,1,fl-doe,2026-09-08T00:32:43+00:00
2024,FL,12125,Union County,2024-11-06,-1,inperson,3433,,543,2625,43,222,1,fl-doe,2026-09-08T00:32:43+00:00
2024,FL,12125,Union County,2024-11-06,-1,mail,670,,203,415,7,45,1,fl-doe,2026-09-08T00:32:43+00:00
2024,FL,12125,Union County,2024-11-07,-2,inperson,3433,,543,2625,43,222,1,fl-doe,2026-09-08T00:32:43+00:00
2024,FL,12125,Union County,2024-11-07,-2,mail,719,,218,445,9,47,1,fl-doe,2026-09-08T00:32:43+00:00
2024,FL,12125,Union County,2024-11-08,-3,inperson,3433,,543,2625,43,222,1,fl-doe,2026-09-08T00:32:43+00:00
2024,FL,12125,Union County,2024-11-08,-3,mail,719,,218,445,9,47,1,fl-doe,2026-09-08T00:32:43+00:00
2024,FL,12125,Union County,2024-11-09,-4,inperson,3433,,543,2625,43,222,1,fl-doe,2026-09-08T00:32:43+00:00
2024,FL,12125,Union County,2024-11-09,-4,mail,719,,218,445,9,47,1,fl-doe,2026-09-08T00:32:43+00:00
2024,FL,12125,Union County,2024-11-12,-7,inperson,3433,,543,2625,43,222,1,fl-doe,2026-09-08T00:32:43+00:00
2024,FL,12125,Union County,2024-11-12,-7,mail,719,,218,445,9,47,1,fl-doe,2026-09-08T00:32:43+00:00
2024,FL,12125,Union County,2024-11-13,-8,inperson,3433,,543,2625,43,222,1,fl-doe,2026-09-08T00:32:43+00:00
2024,FL,12125,Union County,2024-11-13,-8,mail,719,,218,445,9,47,1,fl-doe,2026-09-08T00:32:43+00:00
2024,FL,12125,Union County,2024-11-14,-9,inperson,3433,,543,2625,43,222,1,fl-doe,2026-09-08T00:32:43+00:00
2024,FL,12125,Union County,2024-11-14,-9,mail,719,,218,445,9,47,1,fl-doe,2026-09-08T00:32:43+00:00
2024,FL,12125,Union County,2024-11-17,-12,inperson,3433,,543,2625,43,222,1,fl-doe,2026-09-08T00:32:43+00:00
2024,FL,12125,Union County,2024-11-17,-12,mail,719,,218,445,9,47,1,fl-doe,2026-09-08T00:32:43+00:00
2024,FL,12125,Union County,2024-11-18,-13,inperson,3433,,543,2625,43,222,1,fl-doe,2026-09-08T00:32:43+00:00
2024,FL,12125,Union County,2024-11-18,-13,mail,719,,218,445,9,47,1,fl-doe,2026-09-08T00:32:43+00:00
2024,FL,12125,Union County,2024-11-20,-15,inperson,3433,,543,2625,43,222,1,fl-doe,2026-09-08T00:32:43+00:00
2024,FL,12125,Union County,2024-11-20,-15,mail,719,,218,445,9,47,1,fl-doe,2026-09-08T00:32:43+00:00
2024,FL,12127,Volusia County,2024-09-20,46,inperson,0,,0,0,0,0,1,fl-doe,2026-09-08T00:32:43+00:00
2024,FL,12127,Volusia County,2024-09-20,46,mail,0,,0,0,0,0,1,fl-doe,2026-09-08T00:32:43+00:00
2024,FL,12127,Volusia County,2024-09-24,42,inperson,0,,0,0,0,0,1,fl-doe,2026-09-08T00:32:43+00:00
2024,FL,12127,Volusia County,2024-09-24,42,mail,0,,0,0,0,0,1,fl-doe,2026-09-08T00:32:43+00:00
2024,FL,12127,Volusia County,2024-09-26,40,inperson,0,,0,0,0,0,1,fl-doe,2026-09-08T00:32:43+00:00
2024,FL,12127,Volusia County,2024-09-26,40,mail,0,,0,0,0,0,1,fl-doe,2026-09-08T00:32:43+00:00
2024,FL,12127,Volusia County,2024-09-29,37,inperson,0,,0,0,0,0,1,fl-doe,2026-09-08T00:32:43+00:00
2024,FL,12127,Volusia County,2024-09-29,37,mail,0,,0,0,0,0,1,fl-doe,2026-09-08T00:32:43+00:00
2024,FL,12127,Volusia County,2024-09-30,36,inperson,0,,0,0,0,0,1,fl-doe,2026-09-08T00:32:43+00:00
2024,FL,12127,Volusia County,2024-09-30,36,mail,0,,0,0,0,0,1,fl-doe,2026-09-08T00:32:43+00:00
2024,FL,12127,Volusia County,2024-10-01,35,inperson,0,,0,0,0,0,1,fl-doe,2026-09-08T00:32:43+00:00
2024,FL,12127,Volusia County,2024-10-01,35,mail,0,,0,0,0,0,1,fl-doe,2026-09-08T00:32:43+00:00
2024,FL,12127,Volusia County,2024-10-02,34,inperson,0,,0,0,0,0,1,fl-doe,2026-09-08T00:32:43+00:00
2024,FL,12127,Volusia County,2024-10-02,34,mail,0,,0,0,0,0,1,fl-doe,2026-09-08T00:32:43+00:00
2024,FL,12127,Volusia County,2024-10-03,33,inperson,0,,0,0,0,0,1,fl-doe,2026-09-08T00:32:43+00:00
2024,FL,12127,Volusia County,2024-10-03,33,mail,85,,43,21,2,19,1,fl-doe,2026-09-08T00:32:43+00:00
2024,FL,12127,Volusia County,2024-10-04,32,inperson,0,,0,0,0,0,1,fl-doe,2026-09-08T00:32:43+00:00
2024,FL,12127,Volusia County,2024-10-04,32,mail,85,,43,21,2,19,1,fl-doe,2026-09-08T00:32:43+00:00
2024,FL,12127,Volusia County,2024-10-06,30,inperson,0,,0,0,0,0,1,fl-doe,2026-09-08T00:32:43+00:00
2024,FL,12127,Volusia County,2024-10-06,30,mail,85,,43,21,2,19,1,fl-doe,2026-09-08T00:32:43+00:00
2024,FL,12127,Volusia County,2024-10-07,29,inperson,0,,0,0,0,0,1,fl-doe,2026-09-08T00:32:43+00:00
2024,FL,12127,Volusia County,2024-10-07,29,mail,85,,43,21,2,19,1,fl-doe,2026-09-08T00:32:43+00:00
2024,FL,12127,Volusia County,2024-10-23,13,inperson,22514,,5183,13082,513,3736,1,fl-doe,2026-09-08T00:32:43+00:00
2024,FL,12127,Volusia County,2024-10-23,13,mail,50201,,19579,19479,1173,9970,1,fl-doe,2026-09-08T00:32:43+00:00
2024,FL,12127,Volusia County,2024-10-28,8,inperson,71652,,16697,39451,1839,13665,1,fl-doe,2026-09-08T00:32:43+00:00
2024,FL,12127,Volusia County,2024-10-28,8,mail,68728,,26656,26479,1622,13971,1,fl-doe,2026-09-08T00:32:43+00:00
2024,FL,12127,Volusia County,2024-10-29,7,inperson,83839,,19357,45880,2224,16378,1,fl-doe,2026-09-08T00:32:43+00:00
2024,FL,12127,Volusia County,2024-10-29,7,mail,71093,,27553,27313,1687,14540,1,fl-doe,2026-09-08T00:32:43+00:00
2024,FL,12127,Volusia County,2024-10-31,5,inperson,107467,,24888,57691,2918,21970,1,fl-doe,2026-09-08T00:32:43+00:00
2024,FL,12127,Volusia County,2024-10-31,5,mail,78357,,30226,29772,1910,16449,1,fl-doe,2026-09-08T00:32:43+00:00
2024,FL,12127,Volusia County,2024-11-01,4,inperson,118774,,27754,62927,3314,24779,1,fl-doe,2026-09-08T00:32:43+00:00
2024,FL,12127,Volusia County,2024-11-01,4,mail,81413,,31346,30787,1988,17292,1,fl-doe,2026-09-08T00:32:43+00:00
2024,FL,12127,Volusia County,2024-11-03,2,inperson,146924,,35114,75024,4325,32461,1,fl-doe,2026-09-08T00:32:43+00:00
2024,FL,12127,Volusia County,2024-11-03,2,mail,85807,,33000,32185,2128,18494,1,fl-doe,2026-09-08T00:32:43+00:00
2024,FL,12127,Volusia County,2024-11-04,1,inperson,146924,,35114,75024,4325,32461,1,fl-doe,2026-09-08T00:32:43+00:00
2024,FL,12127,Volusia County,2024-11-04,1,mail,87190,,33503,32611,2182,18894,1,fl-doe,2026-09-08T00:32:43+00:00
2024,FL,12127,Volusia County,2024-11-05,0,inperson,146924,,35114,75024,4325,32461,1,fl-doe,2026-09-08T00:32:43+00:00
2024,FL,12127,Volusia County,2024-11-05,0,mail,87873,,33733,32821,2213,19106,1,fl-doe,2026-09-08T00:32:43+00:00
2024,FL,12127,Volusia County,2024-11-06,-1,inperson,146924,,35114,75024,4325,32461,1,fl-doe,2026-09-08T00:32:43+00:00
2024,FL,12127,Volusia County,2024-11-06,-1,mail,90126,,34540,33477,2285,19824,1,fl-doe,2026-09-08T00:32:43+00:00
2024,FL,12127,Volusia County,2024-11-07,-2,inperson,146924,,35114,75024,4325,32461,1,fl-doe,2026-09-08T00:32:43+00:00
2024,FL,12127,Volusia County,2024-11-07,-2,mail,90126,,34540,33477,2285,19824,1,fl-doe,2026-09-08T00:32:43+00:00
2024,FL,12127,Volusia County,2024-11-08,-3,inperson,146924,,35114,75024,4325,32461,1,fl-doe,2026-09-08T00:32:43+00:00
2024,FL,12127,Volusia County,2024-11-08,-3,mail,90249,,34577,33512,2292,19868,1,fl-doe,2026-09-08T00:32:43+00:00
2024,FL,12127,Volusia County,2024-11-09,-4,inperson,146924,,35114,75024,4325,32461,1,fl-doe,2026-09-08T00:32:43+00:00
2024,FL,12127,Volusia County,2024-11-09,-4,mail,90251,,34579,33512,2292,19868,1,fl-doe,2026-09-08T00:32:43+00:00
2024,FL,12127,Volusia County,2024-11-12,-7,inperson,146924,,35114,75024,4325,32461,1,fl-doe,2026-09-08T00:32:43+00:00
2024,FL,12127,Volusia County,2024-11-12,-7,mail,90251,,34579,33512,2292,19868,1,fl-doe,2026-09-08T00:32:43+00:00
2024,FL,12127,Volusia County,2024-11-13,-8,inperson,146924,,35114,75024,4325,32461,1,fl-doe,2026-09-08T00:32:43+00:00
2024,FL,12127,Volusia County,2024-11-13,-8,mail,90252,,34580,33512,2292,19868,1,fl-doe,2026-09-08T00:32:43+00:00
2024,FL,12127,Volusia County,2024-11-14,-9,inperson,146924,,35114,75024,4325,32461,1,fl-doe,2026-09-08T00:32:43+00:00
2024,FL,12127,Volusia County,2024-11-14,-9,mail,90252,,34580,33512,2292,19868,1,fl-doe,2026-09-08T00:32:43+00:00
2024,FL,12127,Volusia County,2024-11-17,-12,inperson,146924,,35114,75024,4325,32461,1,fl-doe,2026-09-08T00:32:43+00:00
2024,FL,12127,Volusia County,2024-11-17,-12,mail,90337,,34616,33526,2296,19899,1,fl-doe,2026-09-08T00:32:43+00:00
2024,FL,12127,Volusia County,2024-11-18,-13,inperson,146924,,35114,75024,4325,32461,1,fl-doe,2026-09-08T00:32:43+00:00
2024,FL,12127,Volusia County,2024-11-18,-13,mail,90337,,34616,33526,2296,19899,1,fl-doe,2026-09-08T00:32:43+00:00
2024,FL,12127,Volusia County,2024-11-20,-15,inperson,146924,,35114,75024,4325,32461,1,fl-doe,2026-09-08T00:32:43+00:00
2024,FL,12127,Volusia County,2024-11-20,-15,mail,90337,,34616,33526,2296,19899,1,fl-doe,2026-09-08T00:32:43+00:00
2024,FL,12129,Wakulla County,2024-09-20,46,inperson,0,,0,0,0,0,1,fl-doe,2026-09-08T00:32:43+00:00
2024,FL,12129,Wakulla County,2024-09-20,46,mail,0,,0,0,0,0,1,fl-doe,2026-09-08T00:32:43+00:00
2024,FL,12129,Wakulla County,2024-09-24,42,inperson,0,,0,0,0,0,1,fl-doe,2026-09-08T00:32:43+00:00
2024,FL,12129,Wakulla County,2024-09-24,42,mail,0,,0,0,0,0,1,fl-doe,2026-09-08T00:32:43+00:00
2024,FL,12129,Wakulla County,2024-09-26,40,inperson,0,,0,0,0,0,1,fl-doe,2026-09-08T00:32:43+00:00
2024,FL,12129,Wakulla County,2024-09-26,40,mail,1,,0,0,0,1,1,fl-doe,2026-09-08T00:32:43+00:00
2024,FL,12129,Wakulla County,2024-09-29,37,inperson,0,,0,0,0,0,1,fl-doe,2026-09-08T00:32:43+00:00
2024,FL,12129,Wakulla County,2024-09-29,37,mail,1,,0,0,0,1,1,fl-doe,2026-09-08T00:32:43+00:00
2024,FL,12129,Wakulla County,2024-09-30,36,inperson,0,,0,0,0,0,1,fl-doe,2026-09-08T00:32:43+00:00
2024,FL,12129,Wakulla County,2024-09-30,36,mail,1,,0,0,0,1,1,fl-doe,2026-09-08T00:32:43+00:00
2024,FL,12129,Wakulla County,2024-10-01,35,inperson,0,,0,0,0,0,1,fl-doe,2026-09-08T00:32:43+00:00
2024,FL,12129,Wakulla County,2024-10-01,35,mail,4,,1,2,0,1,1,fl-doe,2026-09-08T00:32:43+00:00
2024,FL,12129,Wakulla County,2024-10-02,34,inperson,0,,0,0,0,0,1,fl-doe,2026-09-08T00:32:43+00:00
2024,FL,12129,Wakulla County,2024-10-02,34,mail,9,,1,5,0,3,1,fl-doe,2026-09-08T00:32:43+00:00
2024,FL,12129,Wakulla County,2024-10-03,33,inperson,0,,0,0,0,0,1,fl-doe,2026-09-08T00:32:43+00:00
2024,FL,12129,Wakulla County,2024-10-03,33,mail,19,,5,8,1,5,1,fl-doe,2026-09-08T00:32:43+00:00
2024,FL,12129,Wakulla County,2024-10-04,32,inperson,0,,0,0,0,0,1,fl-doe,2026-09-08T00:32:43+00:00
2024,FL,12129,Wakulla County,2024-10-04,32,mail,81,,26,43,2,10,1,fl-doe,2026-09-08T00:32:43+00:00
2024,FL,12129,Wakulla County,2024-10-06,30,inperson,0,,0,0,0,0,1,fl-doe,2026-09-08T00:32:43+00:00
2024,FL,12129,Wakulla County,2024-10-06,30,mail,192,,82,85,4,21,1,fl-doe,2026-09-08T00:32:43+00:00
2024,FL,12129,Wakulla County,2024-10-07,29,inperson,0,,0,0,0,0,1,fl-doe,2026-09-08T00:32:43+00:00
2024,FL,12129,Wakulla County,2024-10-07,29,mail,192,,82,85,4,21,1,fl-doe,2026-09-08T00:32:43+00:00
2024,FL,12129,Wakulla County,2024-10-23,13,inperson,2261,,443,1540,36,242,1,fl-doe,2026-09-08T00:32:43+00:00
2024,FL,12129,Wakulla County,2024-10-23,13,mail,1777,,736,773,34,234,1,fl-doe,2026-09-08T00:32:43+00:00
2024,FL,12129,Wakulla County,2024-10-28,8,inperson,6277,,1341,4075,110,751,1,fl-doe,2026-09-08T00:32:43+00:00
2024,FL,12129,Wakulla County,2024-10-28,8,mail,2305,,972,979,49,305,1,fl-doe,2026-09-08T00:32:43+00:00
2024,FL,12129,Wakulla County,2024-10-29,7,inperson,7028,,1510,4538,124,856,1,fl-doe,2026-09-08T00:32:43+00:00
2024,FL,12129,Wakulla County,2024-10-29,7,mail,2448,,1032,1029,51,336,1,fl-doe,2026-09-08T00:32:43+00:00
2024,FL,12129,Wakulla County,2024-10-31,5,inperson,8445,,1853,5402,152,1038,1,fl-doe,2026-09-08T00:32:43+00:00
2024,FL,12129,Wakulla County,2024-10-31,5,mail,2651,,1125,1107,55,364,1,fl-doe,2026-09-08T00:32:43+00:00
2024,FL,12129,Wakulla County,2024-11-01,4,inperson,9111,,2003,5800,167,1141,1,fl-doe,2026-09-08T00:32:43+00:00
2024,FL,12129,Wakulla County,2024-11-01,4,mail,2748,,1168,1144,59,377,1,fl-doe,2026-09-08T00:32:43+00:00
2024,FL,12129,Wakulla County,2024-11-03,2,inperson,10967,,2438,6889,211,1429,1,fl-doe,2026-09-08T00:32:43+00:00
2024,FL,12129,Wakulla County,2024-11-03,2,mail,2908,,1247,1201,61,399,1,fl-doe,2026-09-08T00:32:43+00:00
2024,FL,12129,Wakulla County,2024-11-04,1,inperson,10967,,2438,6889,211,1429,1,fl-doe,2026-09-08T00:32:43+00:00
2024,FL,12129,Wakulla County,2024-11-04,1,mail,2908,,1247,1201,61,399,1,fl-doe,2026-09-08T00:32:43+00:00
2024,FL,12129,Wakulla County,2024-11-05,0,inperson,10967,,2438,6889,211,1429,1,fl-doe,2026-09-08T00:32:43+00:00
2024,FL,12129,Wakulla County,2024-11-05,0,mail,2973,,1263,1240,64,406,1,fl-doe,2026-09-08T00:32:43+00:00
2024,FL,12129,Wakulla County,2024-11-06,-1,inperson,10967,,2438,6889,211,1429,1,fl-doe,2026-09-08T00:32:43+00:00
2024,FL,12129,Wakulla County,2024-11-06,-1,mail,3088,,1305,1292,68,423,1,fl-doe,2026-09-08T00:32:43+00:00
2024,FL,12129,Wakulla County,2024-11-07,-2,inperson,10967,,2438,6889,211,1429,1,fl-doe,2026-09-08T00:32:43+00:00
2024,FL,12129,Wakulla County,2024-11-07,-2,mail,3089,,1305,1292,68,424,1,fl-doe,2026-09-08T00:32:43+00:00
2024,FL,12129,Wakulla County,2024-11-08,-3,inperson,10967,,2438,6889,211,1429,1,fl-doe,2026-09-08T00:32:43+00:00
2024,FL,12129,Wakulla County,2024-11-08,-3,mail,3089,,1305,1292,68,424,1,fl-doe,2026-09-08T00:32:43+00:00
2024,FL,12129,Wakulla County,2024-11-09,-4,inperson,10967,,2438,6889,211,1429,1,fl-doe,2026-09-08T00:32:43+00:00
2024,FL,12129,Wakulla County,2024-11-09,-4,mail,3089,,1305,1292,68,424,1,fl-doe,2026-09-08T00:32:43+00:00
2024,FL,12129,Wakulla County,2024-11-12,-7,inperson,10967,,2438,6889,211,1429,1,fl-doe,2026-09-08T00:32:43+00:00
2024,FL,12129,Wakulla County,2024-11-12,-7,mail,3089,,1305,1292,68,424,1,fl-doe,2026-09-08T00:32:43+00:00
2024,FL,12129,Wakulla County,2024-11-13,-8,inperson,10967,,2438,6889,211,1429,1,fl-doe,2026-09-08T00:32:43+00:00
2024,FL,12129,Wakulla County,2024-11-13,-8,mail,3090,,1306,1292,68,424,1,fl-doe,2026-09-08T00:32:43+00:00
2024,FL,12129,Wakulla County,2024-11-14,-9,inperson,10967,,2438,6889,211,1429,1,fl-doe,2026-09-08T00:32:43+00:00
2024,FL,12129,Wakulla County,2024-11-14,-9,mail,3090,,1306,1292,68,424,1,fl-doe,2026-09-08T00:32:43+00:00
2024,FL,12129,Wakulla County,2024-11-17,-12,inperson,10967,,2438,6889,211,1429,1,fl-doe,2026-09-08T00:32:43+00:00
2024,FL,12129,Wakulla County,2024-11-17,-12,mail,3090,,1306,1292,68,424,1,fl-doe,2026-09-08T00:32:43+00:00
2024,FL,12129,Wakulla County,2024-11-18,-13,inperson,10967,,2438,6889,211,1429,1,fl-doe,2026-09-08T00:32:43+00:00
2024,FL,12129,Wakulla County,2024-11-18,-13,mail,3090,,1306,1292,68,424,1,fl-doe,2026-09-08T00:32:43+00:00
2024,FL,12129,Wakulla County,2024-11-20,-15,inperson,10967,,2438,6889,211,1429,1,fl-doe,2026-09-08T00:32:43+00:00
2024,FL,12129,Wakulla County,2024-11-20,-15,mail,3090,,1306,1292,68,424,1,fl-doe,2026-09-08T00:32:43+00:00
2024,FL,12131,Walton County,2024-09-12,54,inperson,0,,0,0,0,0,1,fl-doe,2026-09-08T00:32:43+00:00
2024,FL,12131,Walton County,2024-09-12,54,mail,0,,0,0,0,0,1,fl-doe,2026-09-08T00:32:43+00:00
2024,FL,12131,Walton County,2024-09-20,46,inperson,0,,0,0,0,0,1,fl-doe,2026-09-08T00:32:43+00:00
2024,FL,12131,Walton County,2024-09-20,46,mail,0,,0,0,0,0,1,fl-doe,2026-09-08T00:32:43+00:00
2024,FL,12131,Walton County,2024-09-24,42,inperson,0,,0,0,0,0,1,fl-doe,2026-09-08T00:32:43+00:00
2024,FL,12131,Walton County,2024-09-24,42,mail,6,,4,1,0,1,1,fl-doe,2026-09-08T00:32:43+00:00
2024,FL,12131,Walton County,2024-09-26,40,inperson,0,,0,0,0,0,1,fl-doe,2026-09-08T00:32:43+00:00
2024,FL,12131,Walton County,2024-09-26,40,mail,9,,5,3,0,1,1,fl-doe,2026-09-08T00:32:43+00:00
2024,FL,12131,Walton County,2024-09-29,37,inperson,0,,0,0,0,0,1,fl-doe,2026-09-08T00:32:43+00:00
2024,FL,12131,Walton County,2024-09-29,37,mail,15,,8,4,0,3,1,fl-doe,2026-09-08T00:32:43+00:00
2024,FL,12131,Walton County,2024-09-30,36,inperson,0,,0,0,0,0,1,fl-doe,2026-09-08T00:32:43+00:00
2024,FL,12131,Walton County,2024-09-30,36,mail,15,,8,4,0,3,1,fl-doe,2026-09-08T00:32:43+00:00
2024,FL,12131,Walton County,2024-10-01,35,inperson,0,,0,0,0,0,1,fl-doe,2026-09-08T00:32:43+00:00
2024,FL,12131,Walton County,2024-10-01,35,mail,38,,9,21,0,8,1,fl-doe,2026-09-08T00:32:43+00:00
2024,FL,12131,Walton County,2024-10-02,34,inperson,0,,0,0,0,0,1,fl-doe,2026-09-08T00:32:43+00:00
2024,FL,12131,Walton County,2024-10-02,34,mail,49,,15,24,0,10,1,fl-doe,2026-09-08T00:32:43+00:00
2024,FL,12131,Walton County,2024-10-03,33,inperson,0,,0,0,0,0,1,fl-doe,2026-09-08T00:32:43+00:00
2024,FL,12131,Walton County,2024-10-03,33,mail,78,,22,42,1,13,1,fl-doe,2026-09-08T00:32:43+00:00
2024,FL,12131,Walton County,2024-10-04,32,inperson,0,,0,0,0,0,1,fl-doe,2026-09-08T00:32:43+00:00
2024,FL,12131,Walton County,2024-10-04,32,mail,82,,23,43,1,15,1,fl-doe,2026-09-08T00:32:43+00:00
2024,FL,12131,Walton County,2024-10-06,30,inperson,0,,0,0,0,0,1,fl-doe,2026-09-08T00:32:43+00:00
2024,FL,12131,Walton County,2024-10-06,30,mail,115,,29,65,2,19,1,fl-doe,2026-09-08T00:32:43+00:00
2024,FL,12131,Walton County,2024-10-07,29,inperson,0,,0,0,0,0,1,fl-doe,2026-09-08T00:32:43+00:00
2024,FL,12131,Walton County,2024-10-07,29,mail,115,,29,65,2,19,1,fl-doe,2026-09-08T00:32:43+00:00
2024,FL,12131,Walton County,2024-10-23,13,inperson,0,,0,0,0,0,1,fl-doe,2026-09-08T00:32:43+00:00
2024,FL,12131,Walton County,2024-10-23,13,mail,4520,,1175,2609,104,632,1,fl-doe,2026-09-08T00:32:43+00:00
2024,FL,12131,Walton County,2024-10-28,8,inperson,8296,,835,6370,179,912,1,fl-doe,2026-09-08T00:32:43+00:00
2024,FL,12131,Walton County,2024-10-28,8,mail,5814,,1464,3375,130,845,1,fl-doe,2026-09-08T00:32:43+00:00
2024,FL,12131,Walton County,2024-10-29,7,inperson,12784,,1312,9734,284,1454,1,fl-doe,2026-09-08T00:32:43+00:00
2024,FL,12131,Walton County,2024-10-29,7,mail,6199,,1531,3619,136,913,1,fl-doe,2026-09-08T00:32:43+00:00
2024,FL,12131,Walton County,2024-10-31,5,inperson,19395,,1989,14608,449,2349,1,fl-doe,2026-09-08T00:32:43+00:00
2024,FL,12131,Walton County,2024-10-31,5,mail,6843,,1677,3959,160,1047,1,fl-doe,2026-09-08T00:32:43+00:00
2024,FL,12131,Walton County,2024-11-01,4,inperson,21941,,2249,16411,527,2754,1,fl-doe,2026-09-08T00:32:43+00:00
2024,FL,12131,Walton County,2024-11-01,4,mail,7101,,1725,4101,167,1108,1,fl-doe,2026-09-08T00:32:43+00:00
2024,FL,12131,Walton County,2024-11-03,2,inperson,27487,,2821,20366,692,3608,1,fl-doe,2026-09-08T00:32:43+00:00
2024,FL,12131,Walton County,2024-11-03,2,mail,7723,,1838,4468,191,1226,1,fl-doe,2026-09-08T00:32:43+00:00
2024,FL,12131,Walton County,2024-11-04,1,inperson,27487,,2821,20366,692,3608,1,fl-doe,2026-09-08T00:32:43+00:00
2024,FL,12131,Walton County,2024-11-04,1,mail,7726,,1838,4468,191,1229,1,fl-doe,2026-09-08T00:32:43+00:00
2024,FL,12131,Walton County,2024-11-05,0,inperson,27487,,2821,20366,692,3608,1,fl-doe,2026-09-08T00:32:43+00:00
2024,FL,12131,Walton County,2024-11-05,0,mail,8004,,1885,4625,198,1296,1,fl-doe,2026-09-08T00:32:43+00:00
2024,FL,12131,Walton County,2024-11-06,-1,inperson,27487,,2821,20366,692,3608,1,fl-doe,2026-09-08T00:32:43+00:00
2024,FL,12131,Walton County,2024-11-06,-1,mail,8244,,1933,4757,204,1350,1,fl-doe,2026-09-08T00:32:43+00:00
2024,FL,12131,Walton County,2024-11-07,-2,inperson,27487,,2821,20366,692,3608,1,fl-doe,2026-09-08T00:32:43+00:00
2024,FL,12131,Walton County,2024-11-07,-2,mail,8244,,1933,4757,204,1350,1,fl-doe,2026-09-08T00:32:43+00:00
2024,FL,12131,Walton County,2024-11-08,-3,inperson,27487,,2821,20366,692,3608,1,fl-doe,2026-09-08T00:32:43+00:00
2024,FL,12131,Walton County,2024-11-08,-3,mail,8245,,1933,4758,204,1350,1,fl-doe,2026-09-08T00:32:43+00:00
2024,FL,12131,Walton County,2024-11-09,-4,inperson,27487,,2821,20366,692,3608,1,fl-doe,2026-09-08T00:32:43+00:00
2024,FL,12131,Walton County,2024-11-09,-4,mail,8250,,1935,4758,204,1353,1,fl-doe,2026-09-08T00:32:43+00:00
2024,FL,12131,Walton County,2024-11-12,-7,inperson,27487,,2821,20366,692,3608,1,fl-doe,2026-09-08T00:32:43+00:00
2024,FL,12131,Walton County,2024-11-12,-7,mail,8250,,1935,4758,204,1353,1,fl-doe,2026-09-08T00:32:43+00:00
2024,FL,12131,Walton County,2024-11-13,-8,inperson,27487,,2821,20366,692,3608,1,fl-doe,2026-09-08T00:32:43+00:00
2024,FL,12131,Walton County,2024-11-13,-8,mail,8251,,1935,4759,204,1353,1,fl-doe,2026-09-08T00:32:43+00:00
2024,FL,12131,Walton County,2024-11-14,-9,inperson,27487,,2821,20366,692,3608,1,fl-doe,2026-09-08T00:32:43+00:00
2024,FL,12131,Walton County,2024-11-14,-9,mail,8253,,1936,4760,204,1353,1,fl-doe,2026-09-08T00:32:43+00:00
2024,FL,12131,Walton County,2024-11-17,-12,inperson,27487,,2821,20366,692,3608,1,fl-doe,2026-09-08T00:32:43+00:00
2024,FL,12131,Walton County,2024-11-17,-12,mail,8253,,1936,4760,204,1353,1,fl-doe,2026-09-08T00:32:43+00:00
2024,FL,12131,Walton County,2024-11-18,-13,inperson,27487,,2821,20366,692,3608,1,fl-doe,2026-09-08T00:32:43+00:00
2024,FL,12131,Walton County,2024-11-18,-13,mail,8253,,1936,4760,204,1353,1,fl-doe,2026-09-08T00:32:43+00:00
2024,FL,12131,Walton County,2024-11-20,-15,inperson,27487,,2821,20366,692,3608,1,fl-doe,2026-09-08T00:32:43+00:00
2024,FL,12131,Walton County,2024-11-20,-15,mail,8260,,1936,4765,204,1355,1,fl-doe,2026-09-08T00:32:43+00:00
2024,FL,12133,Washington County,2024-09-20,46,inperson,0,,0,0,0,0,1,fl-doe,2026-09-08T00:32:43+00:00
2024,FL,12133,Washington County,2024-09-20,46,mail,0,,0,0,0,0,1,fl-doe,2026-09-08T00:32:43+00:00
2024,FL,12133,Washington County,2024-09-24,42,inperson,0,,0,0,0,0,1,fl-doe,2026-09-08T00:32:43+00:00
2024,FL,12133,Washington County,2024-09-24,42,mail,0,,0,0,0,0,1,fl-doe,2026-09-08T00:32:43+00:00
2024,FL,12133,Washington County,2024-09-26,40,inperson,0,,0,0,0,0,1,fl-doe,2026-09-08T00:32:43+00:00
2024,FL,12133,Washington County,2024-09-26,40,mail,0,,0,0,0,0,1,fl-doe,2026-09-08T00:32:43+00:00
2024,FL,12133,Washington County,2024-09-29,37,inperson,0,,0,0,0,0,1,fl-doe,2026-09-08T00:32:43+00:00
2024,FL,12133,Washington County,2024-09-29,37,mail,0,,0,0,0,0,1,fl-doe,2026-09-08T00:32:43+00:00
2024,FL,12133,Washington County,2024-09-30,36,inperson,0,,0,0,0,0,1,fl-doe,2026-09-08T00:32:43+00:00
2024,FL,12133,Washington County,2024-09-30,36,mail,0,,0,0,0,0,1,fl-doe,2026-09-08T00:32:43+00:00
2024,FL,12133,Washington County,2024-10-01,35,inperson,0,,0,0,0,0,1,fl-doe,2026-09-08T00:32:43+00:00
2024,FL,12133,Washington County,2024-10-01,35,mail,0,,0,0,0,0,1,fl-doe,2026-09-08T00:32:43+00:00
2024,FL,12133,Washington County,2024-10-02,34,inperson,0,,0,0,0,0,1,fl-doe,2026-09-08T00:32:43+00:00
2024,FL,12133,Washington County,2024-10-02,34,mail,2,,1,1,0,0,1,fl-doe,2026-09-08T00:32:43+00:00
2024,FL,12133,Washington County,2024-10-03,33,inperson,0,,0,0,0,0,1,fl-doe,2026-09-08T00:32:43+00:00
2024,FL,12133,Washington County,2024-10-03,33,mail,2,,1,1,0,0,1,fl-doe,2026-09-08T00:32:43+00:00
2024,FL,12133,Washington County,2024-10-04,32,inperson,0,,0,0,0,0,1,fl-doe,2026-09-08T00:32:43+00:00
2024,FL,12133,Washington County,2024-10-04,32,mail,8,,4,4,0,0,1,fl-doe,2026-09-08T00:32:43+00:00
2024,FL,12133,Washington County,2024-10-06,30,inperson,0,,0,0,0,0,1,fl-doe,2026-09-08T00:32:43+00:00
2024,FL,12133,Washington County,2024-10-06,30,mail,19,,6,11,0,2,1,fl-doe,2026-09-08T00:32:43+00:00
2024,FL,12133,Washington County,2024-10-07,29,inperson,0,,0,0,0,0,1,fl-doe,2026-09-08T00:32:43+00:00
2024,FL,12133,Washington County,2024-10-07,29,mail,19,,6,11,0,2,1,fl-doe,2026-09-08T00:32:43+00:00
2024,FL,12133,Washington County,2024-10-23,13,inperson,1313,,186,1035,9,83,1,fl-doe,2026-09-08T00:32:43+00:00
2024,FL,12133,Washington County,2024-10-23,13,mail,959,,275,600,12,72,1,fl-doe,2026-09-08T00:32:43+00:00
2024,FL,12133,Washington County,2024-10-28,8,inperson,3533,,499,2747,32,255,1,fl-doe,2026-09-08T00:32:43+00:00
2024,FL,12133,Washington County,2024-10-28,8,mail,1194,,345,743,17,89,1,fl-doe,2026-09-08T00:32:43+00:00
2024,FL,12133,Washington County,2024-10-29,7,inperson,4045,,582,3124,39,300,1,fl-doe,2026-09-08T00:32:43+00:00
2024,FL,12133,Washington County,2024-10-29,7,mail,1292,,371,803,20,98,1,fl-doe,2026-09-08T00:32:43+00:00
2024,FL,12133,Washington County,2024-10-31,5,inperson,4983,,731,3805,54,393,1,fl-doe,2026-09-08T00:32:43+00:00
2024,FL,12133,Washington County,2024-10-31,5,mail,1433,,417,887,22,107,1,fl-doe,2026-09-08T00:32:43+00:00
2024,FL,12133,Washington County,2024-11-01,4,inperson,5398,,834,4069,57,438,1,fl-doe,2026-09-08T00:32:43+00:00
2024,FL,12133,Washington County,2024-11-01,4,mail,1485,,436,915,24,110,1,fl-doe,2026-09-08T00:32:43+00:00
2024,FL,12133,Washington County,2024-11-03,2,inperson,6542,,1020,4896,74,552,1,fl-doe,2026-09-08T00:32:43+00:00
2024,FL,12133,Washington County,2024-11-03,2,mail,1574,,469,955,26,124,1,fl-doe,2026-09-08T00:32:43+00:00
2024,FL,12133,Washington County,2024-11-04,1,inperson,6542,,1020,4896,74,552,1,fl-doe,2026-09-08T00:32:43+00:00
2024,FL,12133,Washington County,2024-11-04,1,mail,1574,,469,955,26,124,1,fl-doe,2026-09-08T00:32:43+00:00
2024,FL,12133,Washington County,2024-11-05,0,inperson,6542,,1020,4896,74,552,1,fl-doe,2026-09-08T00:32:43+00:00
2024,FL,12133,Washington County,2024-11-05,0,mail,1640,,491,986,27,136,1,fl-doe,2026-09-08T00:32:43+00:00
2024,FL,12133,Washington County,2024-11-06,-1,inperson,6542,,1020,4896,74,552,1,fl-doe,2026-09-08T00:32:43+00:00
2024,FL,12133,Washington County,2024-11-06,-1,mail,1690,,500,1020,27,143,1,fl-doe,2026-09-08T00:32:43+00:00
2024,FL,12133,Washington County,2024-11-07,-2,inperson,6542,,1020,4896,74,552,1,fl-doe,2026-09-08T00:32:43+00:00
2024,FL,12133,Washington County,2024-11-07,-2,mail,1690,,500,1020,27,143,1,fl-doe,2026-09-08T00:32:43+00:00
2024,FL,12133,Washington County,2024-11-08,-3,inperson,6542,,1020,4896,74,552,1,fl-doe,2026-09-08T00:32:43+00:00
2024,FL,12133,Washington County,2024-11-08,-3,mail,1690,,500,1020,27,143,1,fl-doe,2026-09-08T00:32:43+00:00
2024,FL,12133,Washington County,2024-11-09,-4,inperson,6542,,1020,4896,74,552,1,fl-doe,2026-09-08T00:32:43+00:00
2024,FL,12133,Washington County,2024-11-09,-4,mail,1690,,500,1020,27,143,1,fl-doe,2026-09-08T00:32:43+00:00
2024,FL,12133,Washington County,2024-11-12,-7,inperson,6542,,1020,4896,74,552,1,fl-doe,2026-09-08T00:32:43+00:00
2024,FL,12133,Washington County,2024-11-12,-7,mail,1690,,500,1020,27,143,1,fl-doe,2026-09-08T00:32:43+00:00
2024,FL,12133,Washington County,2024-11-13,-8,inperson,6542,,1020,4896,74,552,1,fl-doe,2026-09-08T00:32:43+00:00
2024,FL,12133,Washington County,2024-11-13,-8,mail,1690,,500,1020,27,143,1,fl-doe,2026-09-08T00:32:43+00:00
2024,FL,12133,Washington County,2024-11-14,-9,inperson,6542,,1020,4896,74,552,1,fl-doe,2026-09-08T00:32:43+00:00
2024,FL,12133,Washington County,2024-11-14,-9,mail,1690,,500,1020,27,143,1,fl-doe,2026-09-08T00:32:43+00:00
2024,FL,12133,Washington County,2024-11-17,-12,inperson,6542,,1020,4896,74,552,1,fl-doe,2026-09-08T00:32:43+00:00
2024,FL,12133,Washington County,2024-11-17,-12,mail,1690,,500,1020,27,143,1,fl-doe,2026-09-08T00:32:43+00:00
2024,FL,12133,Washington County,2024-11-18,-13,inperson,6542,,1020,4896,74,552,1,fl-doe,2026-09-08T00:32:43+00:00
2024,FL,12133,Washington County,2024-11-18,-13,mail,1690,,500,1020,27,143,1,fl-doe,2026-09-08T00:32:43+00:00
2024,FL,12133,Washington County,2024-11-20,-15,inperson,6542,,1020,4896,74,552,1,fl-doe,2026-09-08T00:32:43+00:00
2024,FL,12133,Washington County,2024-11-20,-15,mail,1690,,500,1020,27,143,1,fl-doe,2026-09-08T00:32:43+00:00
