cycle,state,county_fips,county_name,date,days_to_election,method,ballots_total,ballots_new,party_dem,party_rep,party_oth,party_npa,source_tier,source_name,retrieved_at
2022,KY,21001,Adair County,2022-11-04,4,inperson,964,,219,709,,,1,ky-sbe,2026-09-08T00:21:20+00:00
2022,KY,21001,Adair County,2022-11-04,4,mail,216,,65,138,,,1,ky-sbe,2026-09-08T00:21:20+00:00
2022,KY,21003,Allen County,2022-11-04,4,inperson,1113,,248,831,,,1,ky-sbe,2026-09-08T00:21:20+00:00
2022,KY,21003,Allen County,2022-11-04,4,mail,210,,72,132,,,1,ky-sbe,2026-09-08T00:21:20+00:00
2022,KY,21005,Anderson County,2022-11-04,4,inperson,2874,,1171,1599,,,1,ky-sbe,2026-09-08T00:21:20+00:00
2022,KY,21005,Anderson County,2022-11-04,4,mail,212,,124,74,,,1,ky-sbe,2026-09-08T00:21:20+00:00
2022,KY,21007,Ballard County,2022-11-04,4,inperson,483,,286,183,,,1,ky-sbe,2026-09-08T00:21:20+00:00
2022,KY,21007,Ballard County,2022-11-04,4,mail,99,,68,29,,,1,ky-sbe,2026-09-08T00:21:20+00:00
2022,KY,21009,Barren County,2022-11-04,4,inperson,4140,,1740,2278,,,1,ky-sbe,2026-09-08T00:21:20+00:00
2022,KY,21009,Barren County,2022-11-04,4,mail,588,,351,205,,,1,ky-sbe,2026-09-08T00:21:20+00:00
2022,KY,21011,Bath County,2022-11-04,4,inperson,1163,,808,316,,,1,ky-sbe,2026-09-08T00:21:20+00:00
2022,KY,21011,Bath County,2022-11-04,4,mail,510,,434,73,,,1,ky-sbe,2026-09-08T00:21:20+00:00
2022,KY,21013,Bell County,2022-11-04,4,inperson,1201,,285,883,,,1,ky-sbe,2026-09-08T00:21:20+00:00
2022,KY,21013,Bell County,2022-11-04,4,mail,420,,144,264,,,1,ky-sbe,2026-09-08T00:21:20+00:00
2022,KY,21015,Boone County,2022-11-04,4,inperson,5469,,1790,3074,,,1,ky-sbe,2026-09-08T00:21:20+00:00
2022,KY,21015,Boone County,2022-11-04,4,mail,2021,,731,1042,,,1,ky-sbe,2026-09-08T00:21:20+00:00
2022,KY,21017,Bourbon County,2022-11-04,4,inperson,1546,,846,641,,,1,ky-sbe,2026-09-08T00:21:20+00:00
2022,KY,21017,Bourbon County,2022-11-04,4,mail,386,,264,114,,,1,ky-sbe,2026-09-08T00:21:20+00:00
2022,KY,21019,Boyd County,2022-11-04,4,inperson,1677,,772,812,,,1,ky-sbe,2026-09-08T00:21:20+00:00
2022,KY,21019,Boyd County,2022-11-04,4,mail,1001,,555,378,,,1,ky-sbe,2026-09-08T00:21:20+00:00
2022,KY,21021,Boyle County,2022-11-04,4,inperson,2168,,1134,913,,,1,ky-sbe,2026-09-08T00:21:20+00:00
2022,KY,21021,Boyle County,2022-11-04,4,mail,499,,313,157,,,1,ky-sbe,2026-09-08T00:21:20+00:00
2022,KY,21023,Bracken County,2022-11-04,4,inperson,685,,427,238,,,1,ky-sbe,2026-09-08T00:21:20+00:00
2022,KY,21023,Bracken County,2022-11-04,4,mail,226,,162,60,,,1,ky-sbe,2026-09-08T00:21:20+00:00
2022,KY,21025,Breathitt County,2022-11-04,4,inperson,587,,494,80,,,1,ky-sbe,2026-09-08T00:21:20+00:00
2022,KY,21025,Breathitt County,2022-11-04,4,mail,351,,325,23,,,1,ky-sbe,2026-09-08T00:21:20+00:00
2022,KY,21027,Breckinridge County,2022-11-04,4,inperson,1031,,360,630,,,1,ky-sbe,2026-09-08T00:21:20+00:00
2022,KY,21027,Breckinridge County,2022-11-04,4,mail,227,,110,105,,,1,ky-sbe,2026-09-08T00:21:20+00:00
2022,KY,21029,Bullitt County,2022-11-04,4,inperson,5603,,2166,3105,,,1,ky-sbe,2026-09-08T00:21:20+00:00
2022,KY,21029,Bullitt County,2022-11-04,4,mail,1142,,607,455,,,1,ky-sbe,2026-09-08T00:21:20+00:00
2022,KY,21031,Butler County,2022-11-04,4,inperson,507,,103,389,,,1,ky-sbe,2026-09-08T00:21:20+00:00
2022,KY,21031,Butler County,2022-11-04,4,mail,111,,25,80,,,1,ky-sbe,2026-09-08T00:21:20+00:00
2022,KY,21033,Caldwell County,2022-11-04,4,inperson,1575,,759,770,,,1,ky-sbe,2026-09-08T00:21:20+00:00
2022,KY,21033,Caldwell County,2022-11-04,4,mail,225,,143,76,,,1,ky-sbe,2026-09-08T00:21:20+00:00
2022,KY,21035,Calloway County,2022-11-04,4,inperson,3162,,1684,1263,,,1,ky-sbe,2026-09-08T00:21:20+00:00
2022,KY,21035,Calloway County,2022-11-04,4,mail,567,,324,201,,,1,ky-sbe,2026-09-08T00:21:20+00:00
2022,KY,21037,Campbell County,2022-11-04,4,inperson,5542,,2289,2679,,,1,ky-sbe,2026-09-08T00:21:20+00:00
2022,KY,21037,Campbell County,2022-11-04,4,mail,1341,,648,558,,,1,ky-sbe,2026-09-08T00:21:20+00:00
2022,KY,21039,Carlisle County,2022-11-04,4,inperson,385,,206,172,,,1,ky-sbe,2026-09-08T00:21:20+00:00
2022,KY,21039,Carlisle County,2022-11-04,4,mail,71,,50,20,,,1,ky-sbe,2026-09-08T00:21:20+00:00
2022,KY,21041,Carroll County,2022-11-04,4,inperson,863,,624,222,,,1,ky-sbe,2026-09-08T00:21:20+00:00
2022,KY,21041,Carroll County,2022-11-04,4,mail,185,,149,33,,,1,ky-sbe,2026-09-08T00:21:20+00:00
2022,KY,21043,Carter County,2022-11-04,4,inperson,1189,,502,643,,,1,ky-sbe,2026-09-08T00:21:20+00:00
2022,KY,21043,Carter County,2022-11-04,4,mail,331,,188,136,,,1,ky-sbe,2026-09-08T00:21:20+00:00
2022,KY,21045,Casey County,2022-11-04,4,inperson,1526,,179,1322,,,1,ky-sbe,2026-09-08T00:21:20+00:00
2022,KY,21045,Casey County,2022-11-04,4,mail,183,,41,131,,,1,ky-sbe,2026-09-08T00:21:20+00:00
2022,KY,21047,Christian County,2022-11-04,4,inperson,4054,,2175,1719,,,1,ky-sbe,2026-09-08T00:21:20+00:00
2022,KY,21047,Christian County,2022-11-04,4,mail,520,,307,184,,,1,ky-sbe,2026-09-08T00:21:20+00:00
2022,KY,21049,Clark County,2022-11-04,4,inperson,2979,,1427,1393,,,1,ky-sbe,2026-09-08T00:21:20+00:00
2022,KY,21049,Clark County,2022-11-04,4,mail,540,,355,156,,,1,ky-sbe,2026-09-08T00:21:20+00:00
2022,KY,21051,Clay County,2022-11-04,4,inperson,468,,71,390,,,1,ky-sbe,2026-09-08T00:21:20+00:00
2022,KY,21051,Clay County,2022-11-04,4,mail,198,,38,155,,,1,ky-sbe,2026-09-08T00:21:20+00:00
2022,KY,21053,Clinton County,2022-11-04,4,inperson,1195,,97,1087,,,1,ky-sbe,2026-09-08T00:21:20+00:00
2022,KY,21053,Clinton County,2022-11-04,4,mail,378,,38,333,,,1,ky-sbe,2026-09-08T00:21:20+00:00
2022,KY,21055,Crittenden County,2022-11-04,4,inperson,548,,151,381,,,1,ky-sbe,2026-09-08T00:21:20+00:00
2022,KY,21055,Crittenden County,2022-11-04,4,mail,94,,26,63,,,1,ky-sbe,2026-09-08T00:21:20+00:00
2022,KY,21057,Cumberland County,2022-11-04,4,inperson,634,,79,544,,,1,ky-sbe,2026-09-08T00:21:20+00:00
2022,KY,21057,Cumberland County,2022-11-04,4,mail,95,,17,76,,,1,ky-sbe,2026-09-08T00:21:20+00:00
2022,KY,21059,Daviess County,2022-11-04,4,inperson,7436,,3664,3420,,,1,ky-sbe,2026-09-08T00:21:20+00:00
2022,KY,21059,Daviess County,2022-11-04,4,mail,1512,,944,468,,,1,ky-sbe,2026-09-08T00:21:20+00:00
2022,KY,21061,Edmonson County,2022-11-04,4,inperson,560,,106,440,,,1,ky-sbe,2026-09-08T00:21:20+00:00
2022,KY,21061,Edmonson County,2022-11-04,4,mail,136,,37,96,,,1,ky-sbe,2026-09-08T00:21:20+00:00
2022,KY,21063,Elliott County,2022-11-04,4,inperson,178,,138,36,,,1,ky-sbe,2026-09-08T00:21:20+00:00
2022,KY,21063,Elliott County,2022-11-04,4,mail,175,,144,29,,,1,ky-sbe,2026-09-08T00:21:20+00:00
2022,KY,21065,Estill County,2022-11-04,4,inperson,1046,,336,681,,,1,ky-sbe,2026-09-08T00:21:20+00:00
2022,KY,21065,Estill County,2022-11-04,4,mail,325,,127,194,,,1,ky-sbe,2026-09-08T00:21:20+00:00
2022,KY,21067,Fayette County,2022-11-04,4,inperson,8967,,5400,2750,,,1,ky-sbe,2026-09-08T00:21:20+00:00
2022,KY,21067,Fayette County,2022-11-04,4,mail,7740,,4935,2157,,,1,ky-sbe,2026-09-08T00:21:20+00:00
2022,KY,21069,Fleming County,2022-11-04,4,inperson,648,,292,341,,,1,ky-sbe,2026-09-08T00:21:20+00:00
2022,KY,21069,Fleming County,2022-11-04,4,mail,238,,136,92,,,1,ky-sbe,2026-09-08T00:21:20+00:00
2022,KY,21071,Floyd County,2022-11-04,4,inperson,1609,,1160,412,,,1,ky-sbe,2026-09-08T00:21:20+00:00
2022,KY,21071,Floyd County,2022-11-04,4,mail,623,,494,119,,,1,ky-sbe,2026-09-08T00:21:20+00:00
2022,KY,21073,Franklin County,2022-11-04,4,inperson,4821,,3473,1139,,,1,ky-sbe,2026-09-08T00:21:20+00:00
2022,KY,21073,Franklin County,2022-11-04,4,mail,1013,,797,182,,,1,ky-sbe,2026-09-08T00:21:20+00:00
2022,KY,21075,Fulton County,2022-11-04,4,inperson,220,,138,77,,,1,ky-sbe,2026-09-08T00:21:20+00:00
2022,KY,21075,Fulton County,2022-11-04,4,mail,53,,37,15,,,1,ky-sbe,2026-09-08T00:21:20+00:00
2022,KY,21077,Gallatin County,2022-11-04,4,inperson,506,,291,197,,,1,ky-sbe,2026-09-08T00:21:20+00:00
2022,KY,21077,Gallatin County,2022-11-04,4,mail,142,,73,58,,,1,ky-sbe,2026-09-08T00:21:20+00:00
2022,KY,21079,Garrard County,2022-11-04,4,inperson,862,,169,653,,,1,ky-sbe,2026-09-08T00:21:20+00:00
2022,KY,21079,Garrard County,2022-11-04,4,mail,226,,86,128,,,1,ky-sbe,2026-09-08T00:21:20+00:00
2022,KY,21081,Grant County,2022-11-04,4,inperson,1414,,513,813,,,1,ky-sbe,2026-09-08T00:21:20+00:00
2022,KY,21081,Grant County,2022-11-04,4,mail,260,,134,110,,,1,ky-sbe,2026-09-08T00:21:20+00:00
2022,KY,21083,Graves County,2022-11-04,4,inperson,1925,,956,894,,,1,ky-sbe,2026-09-08T00:21:20+00:00
2022,KY,21083,Graves County,2022-11-04,4,mail,503,,320,158,,,1,ky-sbe,2026-09-08T00:21:20+00:00
2022,KY,21085,Grayson County,2022-11-04,4,inperson,969,,241,706,,,1,ky-sbe,2026-09-08T00:21:20+00:00
2022,KY,21085,Grayson County,2022-11-04,4,mail,239,,87,141,,,1,ky-sbe,2026-09-08T00:21:20+00:00
2022,KY,21087,Green County,2022-11-04,4,inperson,762,,125,614,,,1,ky-sbe,2026-09-08T00:21:20+00:00
2022,KY,21087,Green County,2022-11-04,4,mail,214,,69,135,,,1,ky-sbe,2026-09-08T00:21:20+00:00
2022,KY,21089,Greenup County,2022-11-04,4,inperson,1150,,420,691,,,1,ky-sbe,2026-09-08T00:21:20+00:00
2022,KY,21089,Greenup County,2022-11-04,4,mail,637,,323,284,,,1,ky-sbe,2026-09-08T00:21:20+00:00
2022,KY,21091,Hancock County,2022-11-04,4,inperson,327,,165,152,,,1,ky-sbe,2026-09-08T00:21:20+00:00
2022,KY,21091,Hancock County,2022-11-04,4,mail,107,,62,40,,,1,ky-sbe,2026-09-08T00:21:20+00:00
2022,KY,21093,Hardin County,2022-11-04,4,inperson,6681,,3001,3236,,,1,ky-sbe,2026-09-08T00:21:20+00:00
2022,KY,21093,Hardin County,2022-11-04,4,mail,1507,,884,492,,,1,ky-sbe,2026-09-08T00:21:20+00:00
2022,KY,21095,Harlan County,2022-11-04,4,inperson,988,,273,691,,,1,ky-sbe,2026-09-08T00:21:20+00:00
2022,KY,21095,Harlan County,2022-11-04,4,mail,281,,103,175,,,1,ky-sbe,2026-09-08T00:21:20+00:00
2022,KY,21097,Harrison County,2022-11-04,4,inperson,1153,,666,447,,,1,ky-sbe,2026-09-08T00:21:20+00:00
2022,KY,21097,Harrison County,2022-11-04,4,mail,326,,221,80,,,1,ky-sbe,2026-09-08T00:21:20+00:00
2022,KY,21099,Hart County,2022-11-04,4,inperson,1033,,498,490,,,1,ky-sbe,2026-09-08T00:21:20+00:00
2022,KY,21099,Hart County,2022-11-04,4,mail,335,,197,125,,,1,ky-sbe,2026-09-08T00:21:20+00:00
2022,KY,21101,Henderson County,2022-11-04,4,inperson,4179,,2636,1390,,,1,ky-sbe,2026-09-08T00:21:20+00:00
2022,KY,21101,Henderson County,2022-11-04,4,mail,592,,428,129,,,1,ky-sbe,2026-09-08T00:21:20+00:00
2022,KY,21103,Henry County,2022-11-04,4,inperson,902,,432,439,,,1,ky-sbe,2026-09-08T00:21:20+00:00
2022,KY,21103,Henry County,2022-11-04,4,mail,212,,144,62,,,1,ky-sbe,2026-09-08T00:21:20+00:00
2022,KY,21105,Hickman County,2022-11-04,4,inperson,244,,100,135,,,1,ky-sbe,2026-09-08T00:21:20+00:00
2022,KY,21105,Hickman County,2022-11-04,4,mail,59,,30,26,,,1,ky-sbe,2026-09-08T00:21:20+00:00
2022,KY,21107,Hopkins County,2022-11-04,4,inperson,2785,,1495,1184,,,1,ky-sbe,2026-09-08T00:21:20+00:00
2022,KY,21107,Hopkins County,2022-11-04,4,mail,505,,319,157,,,1,ky-sbe,2026-09-08T00:21:20+00:00
2022,KY,21109,Jackson County,2022-11-04,4,inperson,792,,47,729,,,1,ky-sbe,2026-09-08T00:21:20+00:00
2022,KY,21109,Jackson County,2022-11-04,4,mail,228,,36,180,,,1,ky-sbe,2026-09-08T00:21:20+00:00
2022,KY,21111,Jefferson County,2022-11-04,4,inperson,40937,,25416,12450,,,1,ky-sbe,2026-09-08T00:21:20+00:00
2022,KY,21111,Jefferson County,2022-11-04,4,mail,12490,,7973,3453,,,1,ky-sbe,2026-09-08T00:21:20+00:00
2022,KY,21113,Jessamine County,2022-11-04,4,inperson,2390,,924,1282,,,1,ky-sbe,2026-09-08T00:21:20+00:00
2022,KY,21113,Jessamine County,2022-11-04,4,mail,940,,430,407,,,1,ky-sbe,2026-09-08T00:21:20+00:00
2022,KY,21115,Johnson County,2022-11-04,4,inperson,1314,,255,1026,,,1,ky-sbe,2026-09-08T00:21:20+00:00
2022,KY,21115,Johnson County,2022-11-04,4,mail,344,,106,231,,,1,ky-sbe,2026-09-08T00:21:20+00:00
2022,KY,21117,Kenton County,2022-11-04,4,inperson,9504,,3892,4575,,,1,ky-sbe,2026-09-08T00:21:20+00:00
2022,KY,21117,Kenton County,2022-11-04,4,mail,2574,,1172,1114,,,1,ky-sbe,2026-09-08T00:21:20+00:00
2022,KY,21119,Knott County,2022-11-04,4,inperson,680,,484,183,,,1,ky-sbe,2026-09-08T00:21:20+00:00
2022,KY,21119,Knott County,2022-11-04,4,mail,485,,425,49,,,1,ky-sbe,2026-09-08T00:21:20+00:00
2022,KY,21121,Knox County,2022-11-04,4,inperson,1309,,239,1044,,,1,ky-sbe,2026-09-08T00:21:20+00:00
2022,KY,21121,Knox County,2022-11-04,4,mail,406,,123,274,,,1,ky-sbe,2026-09-08T00:21:20+00:00
2022,KY,21123,Larue County,2022-11-04,4,inperson,1202,,537,619,,,1,ky-sbe,2026-09-08T00:21:20+00:00
2022,KY,21123,Larue County,2022-11-04,4,mail,164,,98,60,,,1,ky-sbe,2026-09-08T00:21:20+00:00
2022,KY,21125,Laurel County,2022-11-04,4,inperson,3250,,386,2782,,,1,ky-sbe,2026-09-08T00:21:20+00:00
2022,KY,21125,Laurel County,2022-11-04,4,mail,1045,,259,744,,,1,ky-sbe,2026-09-08T00:21:20+00:00
2022,KY,21127,Lawrence County,2022-11-04,4,inperson,624,,176,430,,,1,ky-sbe,2026-09-08T00:21:20+00:00
2022,KY,21127,Lawrence County,2022-11-04,4,mail,209,,102,98,,,1,ky-sbe,2026-09-08T00:21:20+00:00
2022,KY,21129,Lee County,2022-11-04,4,inperson,285,,71,211,,,1,ky-sbe,2026-09-08T00:21:20+00:00
2022,KY,21129,Lee County,2022-11-04,4,mail,135,,40,91,,,1,ky-sbe,2026-09-08T00:21:20+00:00
2022,KY,21131,Leslie County,2022-11-04,4,inperson,379,,17,358,,,1,ky-sbe,2026-09-08T00:21:20+00:00
2022,KY,21131,Leslie County,2022-11-04,4,mail,140,,10,129,,,1,ky-sbe,2026-09-08T00:21:20+00:00
2022,KY,21133,Letcher County,2022-11-04,4,inperson,1153,,583,539,,,1,ky-sbe,2026-09-08T00:21:20+00:00
2022,KY,21133,Letcher County,2022-11-04,4,mail,290,,196,87,,,1,ky-sbe,2026-09-08T00:21:20+00:00
2022,KY,21135,Lewis County,2022-11-04,4,inperson,302,,38,258,,,1,ky-sbe,2026-09-08T00:21:20+00:00
2022,KY,21135,Lewis County,2022-11-04,4,mail,122,,24,93,,,1,ky-sbe,2026-09-08T00:21:20+00:00
2022,KY,21137,Lincoln County,2022-11-04,4,inperson,1424,,538,829,,,1,ky-sbe,2026-09-08T00:21:20+00:00
2022,KY,21137,Lincoln County,2022-11-04,4,mail,357,,173,171,,,1,ky-sbe,2026-09-08T00:21:20+00:00
2022,KY,21139,Livingston County,2022-11-04,4,inperson,412,,148,252,,,1,ky-sbe,2026-09-08T00:21:20+00:00
2022,KY,21139,Livingston County,2022-11-04,4,mail,117,,58,57,,,1,ky-sbe,2026-09-08T00:21:20+00:00
2022,KY,21141,Logan County,2022-11-04,4,inperson,1824,,884,877,,,1,ky-sbe,2026-09-08T00:21:20+00:00
2022,KY,21141,Logan County,2022-11-04,4,mail,245,,161,67,,,1,ky-sbe,2026-09-08T00:21:20+00:00
2022,KY,21143,Lyon County,2022-11-04,4,inperson,769,,328,392,,,1,ky-sbe,2026-09-08T00:21:20+00:00
2022,KY,21143,Lyon County,2022-11-04,4,mail,95,,53,40,,,1,ky-sbe,2026-09-08T00:21:20+00:00
2022,KY,21145,McCracken County,2022-11-04,4,inperson,2291,,1087,1080,,,1,ky-sbe,2026-09-08T00:21:20+00:00
2022,KY,21145,McCracken County,2022-11-04,4,mail,1241,,681,480,,,1,ky-sbe,2026-09-08T00:21:20+00:00
2022,KY,21147,McCreary County,2022-11-04,4,inperson,695,,101,581,,,1,ky-sbe,2026-09-08T00:21:20+00:00
2022,KY,21147,McCreary County,2022-11-04,4,mail,248,,53,187,,,1,ky-sbe,2026-09-08T00:21:20+00:00
2022,KY,21149,McLean County,2022-11-04,4,inperson,412,,206,199,,,1,ky-sbe,2026-09-08T00:21:20+00:00
2022,KY,21149,McLean County,2022-11-04,4,mail,129,,77,47,,,1,ky-sbe,2026-09-08T00:21:20+00:00
2022,KY,21151,Madison County,2022-11-04,4,inperson,7849,,3581,3752,,,1,ky-sbe,2026-09-08T00:21:20+00:00
2022,KY,21151,Madison County,2022-11-04,4,mail,1650,,939,601,,,1,ky-sbe,2026-09-08T00:21:20+00:00
2022,KY,21153,Magoffin County,2022-11-04,4,inperson,643,,361,273,,,1,ky-sbe,2026-09-08T00:21:20+00:00
2022,KY,21153,Magoffin County,2022-11-04,4,mail,706,,482,220,,,1,ky-sbe,2026-09-08T00:21:20+00:00
2022,KY,21155,Marion County,2022-11-04,4,inperson,699,,475,203,,,1,ky-sbe,2026-09-08T00:21:20+00:00
2022,KY,21155,Marion County,2022-11-04,4,mail,202,,175,23,,,1,ky-sbe,2026-09-08T00:21:20+00:00
2022,KY,21157,Marshall County,2022-11-04,4,inperson,1317,,535,703,,,1,ky-sbe,2026-09-08T00:21:20+00:00
2022,KY,21157,Marshall County,2022-11-04,4,mail,284,,157,112,,,1,ky-sbe,2026-09-08T00:21:20+00:00
2022,KY,21159,Martin County,2022-11-04,4,inperson,675,,51,615,,,1,ky-sbe,2026-09-08T00:21:20+00:00
2022,KY,21159,Martin County,2022-11-04,4,mail,187,,28,155,,,1,ky-sbe,2026-09-08T00:21:20+00:00
2022,KY,21161,Mason County,2022-11-04,4,inperson,1085,,603,424,,,1,ky-sbe,2026-09-08T00:21:20+00:00
2022,KY,21161,Mason County,2022-11-04,4,mail,356,,229,109,,,1,ky-sbe,2026-09-08T00:21:20+00:00
2022,KY,21163,Meade County,2022-11-04,4,inperson,1466,,669,737,,,1,ky-sbe,2026-09-08T00:21:20+00:00
2022,KY,21163,Meade County,2022-11-04,4,mail,260,,160,83,,,1,ky-sbe,2026-09-08T00:21:20+00:00
2022,KY,21165,Menifee County,2022-11-04,4,inperson,430,,253,163,,,1,ky-sbe,2026-09-08T00:21:20+00:00
2022,KY,21165,Menifee County,2022-11-04,4,mail,294,,234,55,,,1,ky-sbe,2026-09-08T00:21:20+00:00
2022,KY,21167,Mercer County,2022-11-04,4,inperson,1321,,581,676,,,1,ky-sbe,2026-09-08T00:21:20+00:00
2022,KY,21167,Mercer County,2022-11-04,4,mail,283,,170,97,,,1,ky-sbe,2026-09-08T00:21:20+00:00
2022,KY,21169,Metcalfe County,2022-11-04,4,inperson,763,,340,387,,,1,ky-sbe,2026-09-08T00:21:20+00:00
2022,KY,21169,Metcalfe County,2022-11-04,4,mail,193,,103,75,,,1,ky-sbe,2026-09-08T00:21:20+00:00
2022,KY,21171,Monroe County,2022-11-04,4,inperson,277,,19,253,,,1,ky-sbe,2026-09-08T00:21:20+00:00
2022,KY,21171,Monroe County,2022-11-04,4,mail,93,,13,80,,,1,ky-sbe,2026-09-08T00:21:20+00:00
2022,KY,21173,Montgomery County,2022-11-04,4,inperson,2707,,1464,1160,,,1,ky-sbe,2026-09-08T00:21:20+00:00
2022,KY,21173,Montgomery County,2022-11-04,4,mail,362,,252,96,,,1,ky-sbe,2026-09-08T00:21:20+00:00
2022,KY,21175,Morgan County,2022-11-04,4,inperson,244,,185,55,,,1,ky-sbe,2026-09-08T00:21:20+00:00
2022,KY,21175,Morgan County,2022-11-04,4,mail,279,,231,43,,,1,ky-sbe,2026-09-08T00:21:20+00:00
2022,KY,21177,Muhlenberg County,2022-11-04,4,inperson,3229,,1864,1268,,,1,ky-sbe,2026-09-08T00:21:20+00:00
2022,KY,21177,Muhlenberg County,2022-11-04,4,mail,594,,429,138,,,1,ky-sbe,2026-09-08T00:21:20+00:00
2022,KY,21179,Nelson County,2022-11-04,4,inperson,3627,,1930,1500,,,1,ky-sbe,2026-09-08T00:21:20+00:00
2022,KY,21179,Nelson County,2022-11-04,4,mail,776,,528,195,,,1,ky-sbe,2026-09-08T00:21:20+00:00
2022,KY,21181,Nicholas County,2022-11-04,4,inperson,670,,500,155,,,1,ky-sbe,2026-09-08T00:21:20+00:00
2022,KY,21181,Nicholas County,2022-11-04,4,mail,220,,187,27,,,1,ky-sbe,2026-09-08T00:21:20+00:00
2022,KY,21183,Ohio County,2022-11-04,4,inperson,1351,,411,896,,,1,ky-sbe,2026-09-08T00:21:20+00:00
2022,KY,21183,Ohio County,2022-11-04,4,mail,212,,94,111,,,1,ky-sbe,2026-09-08T00:21:20+00:00
2022,KY,21185,Oldham County,2022-11-04,4,inperson,5199,,1950,2811,,,1,ky-sbe,2026-09-08T00:21:20+00:00
2022,KY,21185,Oldham County,2022-11-04,4,mail,1081,,474,500,,,1,ky-sbe,2026-09-08T00:21:20+00:00
2022,KY,21187,Owen County,2022-11-04,4,inperson,569,,290,258,,,1,ky-sbe,2026-09-08T00:21:20+00:00
2022,KY,21187,Owen County,2022-11-04,4,mail,140,,75,60,,,1,ky-sbe,2026-09-08T00:21:20+00:00
2022,KY,21189,Owsley County,2022-11-04,4,inperson,693,,133,548,,,1,ky-sbe,2026-09-08T00:21:20+00:00
2022,KY,21189,Owsley County,2022-11-04,4,mail,184,,45,136,,,1,ky-sbe,2026-09-08T00:21:20+00:00
2022,KY,21191,Pendleton County,2022-11-04,4,inperson,612,,218,360,,,1,ky-sbe,2026-09-08T00:21:20+00:00
2022,KY,21191,Pendleton County,2022-11-04,4,mail,188,,100,76,,,1,ky-sbe,2026-09-08T00:21:20+00:00
2022,KY,21193,Perry County,2022-11-04,4,inperson,706,,388,298,,,1,ky-sbe,2026-09-08T00:21:20+00:00
2022,KY,21193,Perry County,2022-11-04,4,mail,362,,236,121,,,1,ky-sbe,2026-09-08T00:21:20+00:00
2022,KY,21195,Pike County,2022-11-04,4,inperson,1421,,830,550,,,1,ky-sbe,2026-09-08T00:21:20+00:00
2022,KY,21195,Pike County,2022-11-04,4,mail,642,,447,180,,,1,ky-sbe,2026-09-08T00:21:20+00:00
2022,KY,21197,Powell County,2022-11-04,4,inperson,983,,510,425,,,1,ky-sbe,2026-09-08T00:21:20+00:00
2022,KY,21197,Powell County,2022-11-04,4,mail,343,,225,111,,,1,ky-sbe,2026-09-08T00:21:20+00:00
2022,KY,21199,Pulaski County,2022-11-04,4,inperson,6805,,1101,5466,,,1,ky-sbe,2026-09-08T00:21:20+00:00
2022,KY,21199,Pulaski County,2022-11-04,4,mail,931,,248,624,,,1,ky-sbe,2026-09-08T00:21:20+00:00
2022,KY,21201,Robertson County,2022-11-04,4,inperson,159,,105,52,,,1,ky-sbe,2026-09-08T00:21:20+00:00
2022,KY,21201,Robertson County,2022-11-04,4,mail,127,,104,18,,,1,ky-sbe,2026-09-08T00:21:20+00:00
2022,KY,21203,Rockcastle County,2022-11-04,4,inperson,900,,112,760,,,1,ky-sbe,2026-09-08T00:21:20+00:00
2022,KY,21203,Rockcastle County,2022-11-04,4,mail,216,,52,159,,,1,ky-sbe,2026-09-08T00:21:20+00:00
2022,KY,21205,Rowan County,2022-11-04,4,inperson,1594,,909,602,,,1,ky-sbe,2026-09-08T00:21:20+00:00
2022,KY,21205,Rowan County,2022-11-04,4,mail,434,,268,150,,,1,ky-sbe,2026-09-08T00:21:20+00:00
2022,KY,21207,Russell County,2022-11-04,4,inperson,1376,,170,1178,,,1,ky-sbe,2026-09-08T00:21:20+00:00
2022,KY,21207,Russell County,2022-11-04,4,mail,312,,86,213,,,1,ky-sbe,2026-09-08T00:21:20+00:00
2022,KY,21209,Scott County,2022-11-04,4,inperson,4417,,2030,2107,,,1,ky-sbe,2026-09-08T00:21:20+00:00
2022,KY,21209,Scott County,2022-11-04,4,mail,870,,492,301,,,1,ky-sbe,2026-09-08T00:21:20+00:00
2022,KY,21211,Shelby County,2022-11-04,4,inperson,2111,,948,1021,,,1,ky-sbe,2026-09-08T00:21:20+00:00
2022,KY,21211,Shelby County,2022-11-04,4,mail,749,,377,318,,,1,ky-sbe,2026-09-08T00:21:20+00:00
2022,KY,21213,Simpson County,2022-11-04,4,inperson,1754,,711,952,,,1,ky-sbe,2026-09-08T00:21:20+00:00
2022,KY,21213,Simpson County,2022-11-04,4,mail,201,,128,66,,,1,ky-sbe,2026-09-08T00:21:20+00:00
2022,KY,21215,Spencer County,2022-11-04,4,inperson,1701,,535,1059,,,1,ky-sbe,2026-09-08T00:21:20+00:00
2022,KY,21215,Spencer County,2022-11-04,4,mail,187,,88,86,,,1,ky-sbe,2026-09-08T00:21:20+00:00
2022,KY,21217,Taylor County,2022-11-04,4,inperson,2176,,685,1422,,,1,ky-sbe,2026-09-08T00:21:20+00:00
2022,KY,21217,Taylor County,2022-11-04,4,mail,312,,123,178,,,1,ky-sbe,2026-09-08T00:21:20+00:00
2022,KY,21219,Todd County,2022-11-04,4,inperson,463,,254,189,,,1,ky-sbe,2026-09-08T00:21:20+00:00
2022,KY,21219,Todd County,2022-11-04,4,mail,71,,47,22,,,1,ky-sbe,2026-09-08T00:21:20+00:00
2022,KY,21221,Trigg County,2022-11-04,4,inperson,1385,,543,784,,,1,ky-sbe,2026-09-08T00:21:20+00:00
2022,KY,21221,Trigg County,2022-11-04,4,mail,205,,113,83,,,1,ky-sbe,2026-09-08T00:21:20+00:00
2022,KY,21223,Trimble County,2022-11-04,4,inperson,477,,271,191,,,1,ky-sbe,2026-09-08T00:21:20+00:00
2022,KY,21223,Trimble County,2022-11-04,4,mail,163,,122,36,,,1,ky-sbe,2026-09-08T00:21:20+00:00
2022,KY,21225,Union County,2022-11-04,4,inperson,854,,510,313,,,1,ky-sbe,2026-09-08T00:21:20+00:00
2022,KY,21225,Union County,2022-11-04,4,mail,164,,113,44,,,1,ky-sbe,2026-09-08T00:21:20+00:00
2022,KY,21227,Warren County,2022-11-04,4,inperson,13516,,6091,6637,,,1,ky-sbe,2026-09-08T00:21:20+00:00
2022,KY,21227,Warren County,2022-11-04,4,mail,1946,,1112,684,,,1,ky-sbe,2026-09-08T00:21:20+00:00
2022,KY,21229,Washington County,2022-11-04,4,inperson,1383,,765,582,,,1,ky-sbe,2026-09-08T00:21:20+00:00
2022,KY,21229,Washington County,2022-11-04,4,mail,189,,118,61,,,1,ky-sbe,2026-09-08T00:21:20+00:00
2022,KY,21231,Wayne County,2022-11-04,4,inperson,1584,,322,1221,,,1,ky-sbe,2026-09-08T00:21:20+00:00
2022,KY,21231,Wayne County,2022-11-04,4,mail,463,,130,322,,,1,ky-sbe,2026-09-08T00:21:20+00:00
2022,KY,21233,Webster County,2022-11-04,4,inperson,500,,269,212,,,1,ky-sbe,2026-09-08T00:21:20+00:00
2022,KY,21233,Webster County,2022-11-04,4,mail,108,,70,35,,,1,ky-sbe,2026-09-08T00:21:20+00:00
2022,KY,21235,Whitley County,2022-11-04,4,inperson,2577,,327,2194,,,1,ky-sbe,2026-09-08T00:21:20+00:00
2022,KY,21235,Whitley County,2022-11-04,4,mail,523,,112,391,,,1,ky-sbe,2026-09-08T00:21:20+00:00
2022,KY,21237,Wolfe County,2022-11-04,4,inperson,391,,324,59,,,1,ky-sbe,2026-09-08T00:21:20+00:00
2022,KY,21237,Wolfe County,2022-11-04,4,mail,147,,121,18,,,1,ky-sbe,2026-09-08T00:21:20+00:00
2022,KY,21239,Woodford County,2022-11-04,4,inperson,2927,,1635,1096,,,1,ky-sbe,2026-09-08T00:21:20+00:00
2022,KY,21239,Woodford County,2022-11-04,4,mail,625,,410,170,,,1,ky-sbe,2026-09-08T00:21:20+00:00
2024,KY,21001,Adair County,2024-09-23,43,mail,0,,,,,,1,ky-sbe,2026-09-08T00:21:59+00:00
2024,KY,21001,Adair County,2024-09-26,40,mail,0,,,,,,1,ky-sbe,2026-09-08T00:21:59+00:00
2024,KY,21001,Adair County,2024-09-30,36,mail,0,,,,,,1,ky-sbe,2026-09-08T00:21:59+00:00
2024,KY,21001,Adair County,2024-10-08,28,mail,77,,11,65,,,1,ky-sbe,2026-09-08T00:21:59+00:00
2024,KY,21001,Adair County,2024-10-14,22,mail,120,,22,92,,,1,ky-sbe,2026-09-08T00:21:59+00:00
2024,KY,21001,Adair County,2024-10-21,15,mail,185,,36,134,,,1,ky-sbe,2026-09-08T00:21:59+00:00
2024,KY,21001,Adair County,2024-10-23,13,mail,222,,49,158,,,1,ky-sbe,2026-09-08T00:21:59+00:00
2024,KY,21001,Adair County,2024-10-25,11,inperson,29,,10,16,,,1,ky-sbe,2026-09-08T00:21:59+00:00
2024,KY,21001,Adair County,2024-10-25,11,mail,244,,56,172,,,1,ky-sbe,2026-09-08T00:21:59+00:00
2024,KY,21001,Adair County,2024-10-26,10,inperson,45,,12,29,,,1,ky-sbe,2026-09-08T00:21:59+00:00
2024,KY,21001,Adair County,2024-10-26,10,mail,267,,66,183,,,1,ky-sbe,2026-09-08T00:21:59+00:00
2024,KY,21001,Adair County,2024-10-29,7,inperson,63,,15,42,,,1,ky-sbe,2026-09-08T00:21:59+00:00
2024,KY,21001,Adair County,2024-10-29,7,mail,296,,72,206,,,1,ky-sbe,2026-09-08T00:21:59+00:00
2024,KY,21001,Adair County,2024-10-30,6,inperson,77,,15,55,,,1,ky-sbe,2026-09-08T00:21:59+00:00
2024,KY,21001,Adair County,2024-10-30,6,mail,314,,78,218,,,1,ky-sbe,2026-09-08T00:21:59+00:00
2024,KY,21001,Adair County,2024-10-31,5,inperson,88,,17,64,,,1,ky-sbe,2026-09-08T00:21:59+00:00
2024,KY,21001,Adair County,2024-10-31,5,mail,320,,81,221,,,1,ky-sbe,2026-09-08T00:21:59+00:00
2024,KY,21001,Adair County,2024-11-01,4,inperson,1014,,173,778,,,1,ky-sbe,2026-09-08T00:21:59+00:00
2024,KY,21001,Adair County,2024-11-01,4,mail,320,,81,221,,,1,ky-sbe,2026-09-08T00:21:59+00:00
2024,KY,21001,Adair County,2024-11-02,3,inperson,1819,,337,1378,,,1,ky-sbe,2026-09-08T00:21:59+00:00
2024,KY,21001,Adair County,2024-11-02,3,mail,320,,81,221,,,1,ky-sbe,2026-09-08T00:21:59+00:00
2024,KY,21001,Adair County,2024-11-03,2,inperson,2470,,438,1899,,,1,ky-sbe,2026-09-08T00:21:59+00:00
2024,KY,21001,Adair County,2024-11-03,2,mail,355,,92,240,,,1,ky-sbe,2026-09-08T00:21:59+00:00
2024,KY,21001,Adair County,2024-11-05,0,inperson,2470,,438,1899,,,1,ky-sbe,2026-09-08T00:21:59+00:00
2024,KY,21001,Adair County,2024-11-05,0,mail,365,,95,247,,,1,ky-sbe,2026-09-08T00:21:59+00:00
2024,KY,21003,Allen County,2024-09-23,43,mail,0,,,,,,1,ky-sbe,2026-09-08T00:21:59+00:00
2024,KY,21003,Allen County,2024-09-26,40,mail,0,,,,,,1,ky-sbe,2026-09-08T00:21:59+00:00
2024,KY,21003,Allen County,2024-09-30,36,mail,0,,,,,,1,ky-sbe,2026-09-08T00:21:59+00:00
2024,KY,21003,Allen County,2024-10-08,28,mail,74,,32,40,,,1,ky-sbe,2026-09-08T00:21:59+00:00
2024,KY,21003,Allen County,2024-10-14,22,mail,110,,51,55,,,1,ky-sbe,2026-09-08T00:21:59+00:00
2024,KY,21003,Allen County,2024-10-21,15,mail,163,,69,85,,,1,ky-sbe,2026-09-08T00:21:59+00:00
2024,KY,21003,Allen County,2024-10-23,13,mail,200,,82,107,,,1,ky-sbe,2026-09-08T00:21:59+00:00
2024,KY,21003,Allen County,2024-10-25,11,inperson,65,,17,43,,,1,ky-sbe,2026-09-08T00:21:59+00:00
2024,KY,21003,Allen County,2024-10-25,11,mail,237,,93,128,,,1,ky-sbe,2026-09-08T00:21:59+00:00
2024,KY,21003,Allen County,2024-10-26,10,inperson,102,,23,74,,,1,ky-sbe,2026-09-08T00:21:59+00:00
2024,KY,21003,Allen County,2024-10-26,10,mail,253,,97,140,,,1,ky-sbe,2026-09-08T00:21:59+00:00
2024,KY,21003,Allen County,2024-10-29,7,inperson,128,,29,93,,,1,ky-sbe,2026-09-08T00:21:59+00:00
2024,KY,21003,Allen County,2024-10-29,7,mail,286,,108,159,,,1,ky-sbe,2026-09-08T00:21:59+00:00
2024,KY,21003,Allen County,2024-10-30,6,inperson,153,,36,110,,,1,ky-sbe,2026-09-08T00:21:59+00:00
2024,KY,21003,Allen County,2024-10-30,6,mail,299,,112,168,,,1,ky-sbe,2026-09-08T00:21:59+00:00
2024,KY,21003,Allen County,2024-10-31,5,inperson,173,,44,122,,,1,ky-sbe,2026-09-08T00:21:59+00:00
2024,KY,21003,Allen County,2024-10-31,5,mail,306,,115,171,,,1,ky-sbe,2026-09-08T00:21:59+00:00
2024,KY,21003,Allen County,2024-11-01,4,inperson,1206,,235,912,,,1,ky-sbe,2026-09-08T00:21:59+00:00
2024,KY,21003,Allen County,2024-11-01,4,mail,321,,119,182,,,1,ky-sbe,2026-09-08T00:21:59+00:00
2024,KY,21003,Allen County,2024-11-02,3,inperson,2119,,415,1608,,,1,ky-sbe,2026-09-08T00:21:59+00:00
2024,KY,21003,Allen County,2024-11-02,3,mail,334,,123,187,,,1,ky-sbe,2026-09-08T00:21:59+00:00
2024,KY,21003,Allen County,2024-11-03,2,inperson,2934,,555,2231,,,1,ky-sbe,2026-09-08T00:21:59+00:00
2024,KY,21003,Allen County,2024-11-03,2,mail,334,,123,187,,,1,ky-sbe,2026-09-08T00:21:59+00:00
2024,KY,21003,Allen County,2024-11-05,0,inperson,2934,,555,2231,,,1,ky-sbe,2026-09-08T00:21:59+00:00
2024,KY,21003,Allen County,2024-11-05,0,mail,350,,128,197,,,1,ky-sbe,2026-09-08T00:21:59+00:00
2024,KY,21005,Anderson County,2024-09-23,43,mail,0,,,,,,1,ky-sbe,2026-09-08T00:21:59+00:00
2024,KY,21005,Anderson County,2024-09-26,40,mail,0,,,,,,1,ky-sbe,2026-09-08T00:21:59+00:00
2024,KY,21005,Anderson County,2024-09-30,36,mail,0,,,,,,1,ky-sbe,2026-09-08T00:21:59+00:00
2024,KY,21005,Anderson County,2024-10-08,28,mail,65,,26,34,,,1,ky-sbe,2026-09-08T00:21:59+00:00
2024,KY,21005,Anderson County,2024-10-14,22,mail,96,,43,46,,,1,ky-sbe,2026-09-08T00:21:59+00:00
2024,KY,21005,Anderson County,2024-10-21,15,mail,168,,83,71,,,1,ky-sbe,2026-09-08T00:21:59+00:00
2024,KY,21005,Anderson County,2024-10-23,13,mail,205,,106,80,,,1,ky-sbe,2026-09-08T00:21:59+00:00
2024,KY,21005,Anderson County,2024-10-25,11,inperson,21,,8,12,,,1,ky-sbe,2026-09-08T00:21:59+00:00
2024,KY,21005,Anderson County,2024-10-25,11,mail,240,,122,95,,,1,ky-sbe,2026-09-08T00:21:59+00:00
2024,KY,21005,Anderson County,2024-10-26,10,inperson,23,,8,13,,,1,ky-sbe,2026-09-08T00:21:59+00:00
2024,KY,21005,Anderson County,2024-10-26,10,mail,255,,127,105,,,1,ky-sbe,2026-09-08T00:21:59+00:00
2024,KY,21005,Anderson County,2024-10-29,7,inperson,25,,9,13,,,1,ky-sbe,2026-09-08T00:21:59+00:00
2024,KY,21005,Anderson County,2024-10-29,7,mail,293,,141,125,,,1,ky-sbe,2026-09-08T00:21:59+00:00
2024,KY,21005,Anderson County,2024-10-30,6,inperson,31,,14,14,,,1,ky-sbe,2026-09-08T00:21:59+00:00
2024,KY,21005,Anderson County,2024-10-30,6,mail,315,,153,133,,,1,ky-sbe,2026-09-08T00:21:59+00:00
2024,KY,21005,Anderson County,2024-10-31,5,inperson,38,,16,19,,,1,ky-sbe,2026-09-08T00:21:59+00:00
2024,KY,21005,Anderson County,2024-10-31,5,mail,339,,162,146,,,1,ky-sbe,2026-09-08T00:21:59+00:00
2024,KY,21005,Anderson County,2024-11-01,4,inperson,3271,,1215,1902,,,1,ky-sbe,2026-09-08T00:21:59+00:00
2024,KY,21005,Anderson County,2024-11-01,4,mail,346,,165,150,,,1,ky-sbe,2026-09-08T00:21:59+00:00
2024,KY,21005,Anderson County,2024-11-02,3,inperson,5984,,2243,3441,,,1,ky-sbe,2026-09-08T00:21:59+00:00
2024,KY,21005,Anderson County,2024-11-02,3,mail,363,,171,158,,,1,ky-sbe,2026-09-08T00:21:59+00:00
2024,KY,21005,Anderson County,2024-11-03,2,inperson,7894,,2902,4585,,,1,ky-sbe,2026-09-08T00:21:59+00:00
2024,KY,21005,Anderson County,2024-11-03,2,mail,363,,171,158,,,1,ky-sbe,2026-09-08T00:21:59+00:00
2024,KY,21005,Anderson County,2024-11-05,0,inperson,7894,,2901,4585,,,1,ky-sbe,2026-09-08T00:21:59+00:00
2024,KY,21005,Anderson County,2024-11-05,0,mail,415,,192,179,,,1,ky-sbe,2026-09-08T00:21:59+00:00
2024,KY,21007,Ballard County,2024-09-23,43,mail,0,,,,,,1,ky-sbe,2026-09-08T00:21:59+00:00
2024,KY,21007,Ballard County,2024-09-26,40,mail,0,,,,,,1,ky-sbe,2026-09-08T00:21:59+00:00
2024,KY,21007,Ballard County,2024-09-30,36,mail,0,,,,,,1,ky-sbe,2026-09-08T00:21:59+00:00
2024,KY,21007,Ballard County,2024-10-08,28,mail,13,,6,5,,,1,ky-sbe,2026-09-08T00:21:59+00:00
2024,KY,21007,Ballard County,2024-10-14,22,mail,27,,16,9,,,1,ky-sbe,2026-09-08T00:21:59+00:00
2024,KY,21007,Ballard County,2024-10-21,15,mail,50,,29,18,,,1,ky-sbe,2026-09-08T00:21:59+00:00
2024,KY,21007,Ballard County,2024-10-23,13,mail,72,,44,25,,,1,ky-sbe,2026-09-08T00:21:59+00:00
2024,KY,21007,Ballard County,2024-10-25,11,inperson,10,,5,4,,,1,ky-sbe,2026-09-08T00:21:59+00:00
2024,KY,21007,Ballard County,2024-10-25,11,mail,80,,47,28,,,1,ky-sbe,2026-09-08T00:21:59+00:00
2024,KY,21007,Ballard County,2024-10-26,10,inperson,15,,6,8,,,1,ky-sbe,2026-09-08T00:21:59+00:00
2024,KY,21007,Ballard County,2024-10-26,10,mail,89,,53,30,,,1,ky-sbe,2026-09-08T00:21:59+00:00
2024,KY,21007,Ballard County,2024-10-29,7,inperson,19,,6,12,,,1,ky-sbe,2026-09-08T00:21:59+00:00
2024,KY,21007,Ballard County,2024-10-29,7,mail,97,,59,32,,,1,ky-sbe,2026-09-08T00:21:59+00:00
2024,KY,21007,Ballard County,2024-10-30,6,inperson,29,,11,16,,,1,ky-sbe,2026-09-08T00:21:59+00:00
2024,KY,21007,Ballard County,2024-10-30,6,mail,106,,62,38,,,1,ky-sbe,2026-09-08T00:21:59+00:00
2024,KY,21007,Ballard County,2024-10-31,5,inperson,32,,14,16,,,1,ky-sbe,2026-09-08T00:21:59+00:00
2024,KY,21007,Ballard County,2024-10-31,5,mail,113,,66,41,,,1,ky-sbe,2026-09-08T00:21:59+00:00
2024,KY,21007,Ballard County,2024-11-01,4,inperson,369,,165,188,,,1,ky-sbe,2026-09-08T00:21:59+00:00
2024,KY,21007,Ballard County,2024-11-01,4,mail,115,,68,41,,,1,ky-sbe,2026-09-08T00:21:59+00:00
2024,KY,21007,Ballard County,2024-11-02,3,inperson,731,,320,376,,,1,ky-sbe,2026-09-08T00:21:59+00:00
2024,KY,21007,Ballard County,2024-11-02,3,mail,117,,68,43,,,1,ky-sbe,2026-09-08T00:21:59+00:00
2024,KY,21007,Ballard County,2024-11-03,2,inperson,927,,426,461,,,1,ky-sbe,2026-09-08T00:21:59+00:00
2024,KY,21007,Ballard County,2024-11-03,2,mail,117,,68,43,,,1,ky-sbe,2026-09-08T00:21:59+00:00
2024,KY,21007,Ballard County,2024-11-05,0,inperson,927,,426,461,,,1,ky-sbe,2026-09-08T00:21:59+00:00
2024,KY,21007,Ballard County,2024-11-05,0,mail,129,,74,49,,,1,ky-sbe,2026-09-08T00:21:59+00:00
2024,KY,21009,Barren County,2024-09-23,43,mail,0,,,,,,1,ky-sbe,2026-09-08T00:21:59+00:00
2024,KY,21009,Barren County,2024-09-26,40,mail,0,,,,,,1,ky-sbe,2026-09-08T00:21:59+00:00
2024,KY,21009,Barren County,2024-09-30,36,mail,0,,,,,,1,ky-sbe,2026-09-08T00:21:59+00:00
2024,KY,21009,Barren County,2024-10-08,28,mail,164,,77,77,,,1,ky-sbe,2026-09-08T00:21:59+00:00
2024,KY,21009,Barren County,2024-10-14,22,mail,262,,123,123,,,1,ky-sbe,2026-09-08T00:21:59+00:00
2024,KY,21009,Barren County,2024-10-21,15,mail,419,,205,186,,,1,ky-sbe,2026-09-08T00:21:59+00:00
2024,KY,21009,Barren County,2024-10-23,13,mail,511,,254,221,,,1,ky-sbe,2026-09-08T00:21:59+00:00
2024,KY,21009,Barren County,2024-10-25,11,inperson,137,,56,72,,,1,ky-sbe,2026-09-08T00:21:59+00:00
2024,KY,21009,Barren County,2024-10-25,11,mail,588,,289,253,,,1,ky-sbe,2026-09-08T00:21:59+00:00
2024,KY,21009,Barren County,2024-10-26,10,inperson,205,,79,109,,,1,ky-sbe,2026-09-08T00:21:59+00:00
2024,KY,21009,Barren County,2024-10-26,10,mail,631,,310,274,,,1,ky-sbe,2026-09-08T00:21:59+00:00
2024,KY,21009,Barren County,2024-10-29,7,inperson,283,,95,167,,,1,ky-sbe,2026-09-08T00:21:59+00:00
2024,KY,21009,Barren County,2024-10-29,7,mail,688,,338,295,,,1,ky-sbe,2026-09-08T00:21:59+00:00
2024,KY,21009,Barren County,2024-10-30,6,inperson,337,,117,197,,,1,ky-sbe,2026-09-08T00:21:59+00:00
2024,KY,21009,Barren County,2024-10-30,6,mail,730,,355,318,,,1,ky-sbe,2026-09-08T00:21:59+00:00
2024,KY,21009,Barren County,2024-10-31,5,inperson,392,,137,232,,,1,ky-sbe,2026-09-08T00:21:59+00:00
2024,KY,21009,Barren County,2024-10-31,5,mail,773,,380,332,,,1,ky-sbe,2026-09-08T00:21:59+00:00
2024,KY,21009,Barren County,2024-11-01,4,inperson,2403,,856,1436,,,1,ky-sbe,2026-09-08T00:21:59+00:00
2024,KY,21009,Barren County,2024-11-01,4,mail,823,,401,354,,,1,ky-sbe,2026-09-08T00:21:59+00:00
2024,KY,21009,Barren County,2024-11-02,3,inperson,4658,,1710,2725,,,1,ky-sbe,2026-09-08T00:21:59+00:00
2024,KY,21009,Barren County,2024-11-02,3,mail,853,,414,369,,,1,ky-sbe,2026-09-08T00:21:59+00:00
2024,KY,21009,Barren County,2024-11-03,2,inperson,6986,,2546,4107,,,1,ky-sbe,2026-09-08T00:21:59+00:00
2024,KY,21009,Barren County,2024-11-03,2,mail,853,,414,369,,,1,ky-sbe,2026-09-08T00:21:59+00:00
2024,KY,21009,Barren County,2024-11-05,0,inperson,6986,,2546,4107,,,1,ky-sbe,2026-09-08T00:21:59+00:00
2024,KY,21009,Barren County,2024-11-05,0,mail,906,,438,384,,,1,ky-sbe,2026-09-08T00:21:59+00:00
2024,KY,21011,Bath County,2024-09-23,43,mail,0,,,,,,1,ky-sbe,2026-09-08T00:21:59+00:00
2024,KY,21011,Bath County,2024-09-26,40,mail,0,,,,,,1,ky-sbe,2026-09-08T00:21:59+00:00
2024,KY,21011,Bath County,2024-09-30,36,mail,0,,,,,,1,ky-sbe,2026-09-08T00:21:59+00:00
2024,KY,21011,Bath County,2024-10-08,28,mail,83,,65,17,,,1,ky-sbe,2026-09-08T00:21:59+00:00
2024,KY,21011,Bath County,2024-10-14,22,mail,134,,103,25,,,1,ky-sbe,2026-09-08T00:21:59+00:00
2024,KY,21011,Bath County,2024-10-21,15,mail,221,,168,44,,,1,ky-sbe,2026-09-08T00:21:59+00:00
2024,KY,21011,Bath County,2024-10-23,13,mail,252,,192,50,,,1,ky-sbe,2026-09-08T00:21:59+00:00
2024,KY,21011,Bath County,2024-10-25,11,inperson,23,,13,10,,,1,ky-sbe,2026-09-08T00:21:59+00:00
2024,KY,21011,Bath County,2024-10-25,11,mail,289,,222,56,,,1,ky-sbe,2026-09-08T00:21:59+00:00
2024,KY,21011,Bath County,2024-10-26,10,inperson,30,,16,13,,,1,ky-sbe,2026-09-08T00:21:59+00:00
2024,KY,21011,Bath County,2024-10-26,10,mail,306,,235,60,,,1,ky-sbe,2026-09-08T00:21:59+00:00
2024,KY,21011,Bath County,2024-10-29,7,inperson,35,,20,14,,,1,ky-sbe,2026-09-08T00:21:59+00:00
2024,KY,21011,Bath County,2024-10-29,7,mail,327,,248,67,,,1,ky-sbe,2026-09-08T00:21:59+00:00
2024,KY,21011,Bath County,2024-10-30,6,inperson,38,,22,15,,,1,ky-sbe,2026-09-08T00:21:59+00:00
2024,KY,21011,Bath County,2024-10-30,6,mail,341,,260,68,,,1,ky-sbe,2026-09-08T00:21:59+00:00
2024,KY,21011,Bath County,2024-10-31,5,inperson,42,,25,16,,,1,ky-sbe,2026-09-08T00:21:59+00:00
2024,KY,21011,Bath County,2024-10-31,5,mail,350,,267,70,,,1,ky-sbe,2026-09-08T00:21:59+00:00
2024,KY,21011,Bath County,2024-11-01,4,inperson,774,,457,279,,,1,ky-sbe,2026-09-08T00:21:59+00:00
2024,KY,21011,Bath County,2024-11-01,4,mail,371,,281,76,,,1,ky-sbe,2026-09-08T00:21:59+00:00
2024,KY,21011,Bath County,2024-11-02,3,inperson,1398,,842,487,,,1,ky-sbe,2026-09-08T00:21:59+00:00
2024,KY,21011,Bath County,2024-11-02,3,mail,392,,298,80,,,1,ky-sbe,2026-09-08T00:21:59+00:00
2024,KY,21011,Bath County,2024-11-03,2,inperson,2002,,1187,723,,,1,ky-sbe,2026-09-08T00:21:59+00:00
2024,KY,21011,Bath County,2024-11-03,2,mail,392,,298,80,,,1,ky-sbe,2026-09-08T00:21:59+00:00
2024,KY,21011,Bath County,2024-11-05,0,inperson,2002,,1187,723,,,1,ky-sbe,2026-09-08T00:21:59+00:00
2024,KY,21011,Bath County,2024-11-05,0,mail,407,,309,83,,,1,ky-sbe,2026-09-08T00:21:59+00:00
2024,KY,21013,Bell County,2024-09-23,43,mail,0,,,,,,1,ky-sbe,2026-09-08T00:21:59+00:00
2024,KY,21013,Bell County,2024-09-26,40,mail,0,,,,,,1,ky-sbe,2026-09-08T00:21:59+00:00
2024,KY,21013,Bell County,2024-09-30,36,mail,0,,,,,,1,ky-sbe,2026-09-08T00:21:59+00:00
2024,KY,21013,Bell County,2024-10-08,28,mail,28,,7,17,,,1,ky-sbe,2026-09-08T00:21:59+00:00
2024,KY,21013,Bell County,2024-10-14,22,mail,114,,40,67,,,1,ky-sbe,2026-09-08T00:21:59+00:00
2024,KY,21013,Bell County,2024-10-21,15,mail,256,,91,153,,,1,ky-sbe,2026-09-08T00:21:59+00:00
2024,KY,21013,Bell County,2024-10-23,13,mail,324,,115,195,,,1,ky-sbe,2026-09-08T00:21:59+00:00
2024,KY,21013,Bell County,2024-10-25,11,inperson,96,,22,71,,,1,ky-sbe,2026-09-08T00:21:59+00:00
2024,KY,21013,Bell County,2024-10-25,11,mail,368,,119,231,,,1,ky-sbe,2026-09-08T00:21:59+00:00
2024,KY,21013,Bell County,2024-10-26,10,inperson,173,,40,127,,,1,ky-sbe,2026-09-08T00:21:59+00:00
2024,KY,21013,Bell County,2024-10-26,10,mail,386,,124,244,,,1,ky-sbe,2026-09-08T00:21:59+00:00
2024,KY,21013,Bell County,2024-10-29,7,inperson,268,,70,190,,,1,ky-sbe,2026-09-08T00:21:59+00:00
2024,KY,21013,Bell County,2024-10-29,7,mail,422,,130,273,,,1,ky-sbe,2026-09-08T00:21:59+00:00
2024,KY,21013,Bell County,2024-10-30,6,inperson,374,,94,268,,,1,ky-sbe,2026-09-08T00:21:59+00:00
2024,KY,21013,Bell County,2024-10-30,6,mail,470,,147,301,,,1,ky-sbe,2026-09-08T00:21:59+00:00
2024,KY,21013,Bell County,2024-10-31,5,inperson,483,,112,357,,,1,ky-sbe,2026-09-08T00:21:59+00:00
2024,KY,21013,Bell County,2024-10-31,5,mail,491,,155,311,,,1,ky-sbe,2026-09-08T00:21:59+00:00
2024,KY,21013,Bell County,2024-11-01,4,inperson,1451,,323,1067,,,1,ky-sbe,2026-09-08T00:21:59+00:00
2024,KY,21013,Bell County,2024-11-01,4,mail,512,,160,327,,,1,ky-sbe,2026-09-08T00:21:59+00:00
2024,KY,21013,Bell County,2024-11-02,3,inperson,2111,,480,1544,,,1,ky-sbe,2026-09-08T00:21:59+00:00
2024,KY,21013,Bell County,2024-11-02,3,mail,543,,176,340,,,1,ky-sbe,2026-09-08T00:21:59+00:00
2024,KY,21013,Bell County,2024-11-03,2,inperson,2754,,606,2039,,,1,ky-sbe,2026-09-08T00:21:59+00:00
2024,KY,21013,Bell County,2024-11-03,2,mail,548,,177,343,,,1,ky-sbe,2026-09-08T00:21:59+00:00
2024,KY,21013,Bell County,2024-11-05,0,inperson,2754,,606,2039,,,1,ky-sbe,2026-09-08T00:21:59+00:00
2024,KY,21013,Bell County,2024-11-05,0,mail,583,,186,366,,,1,ky-sbe,2026-09-08T00:21:59+00:00
2024,KY,21015,Boone County,2024-09-23,43,mail,0,,,,,,1,ky-sbe,2026-09-08T00:21:59+00:00
2024,KY,21015,Boone County,2024-09-26,40,mail,0,,,,,,1,ky-sbe,2026-09-08T00:21:59+00:00
2024,KY,21015,Boone County,2024-09-30,36,mail,0,,,,,,1,ky-sbe,2026-09-08T00:21:59+00:00
2024,KY,21015,Boone County,2024-10-08,28,mail,501,,171,254,,,1,ky-sbe,2026-09-08T00:21:59+00:00
2024,KY,21015,Boone County,2024-10-14,22,mail,799,,273,402,,,1,ky-sbe,2026-09-08T00:21:59+00:00
2024,KY,21015,Boone County,2024-10-21,15,mail,1707,,571,881,,,1,ky-sbe,2026-09-08T00:21:59+00:00
2024,KY,21015,Boone County,2024-10-23,13,mail,2090,,702,1069,,,1,ky-sbe,2026-09-08T00:21:59+00:00
2024,KY,21015,Boone County,2024-10-25,11,inperson,592,,136,394,,,1,ky-sbe,2026-09-08T00:21:59+00:00
2024,KY,21015,Boone County,2024-10-25,11,mail,2517,,850,1278,,,1,ky-sbe,2026-09-08T00:21:59+00:00
2024,KY,21015,Boone County,2024-10-26,10,inperson,825,,181,559,,,1,ky-sbe,2026-09-08T00:21:59+00:00
2024,KY,21015,Boone County,2024-10-26,10,mail,2721,,906,1390,,,1,ky-sbe,2026-09-08T00:21:59+00:00
2024,KY,21015,Boone County,2024-10-29,7,inperson,1094,,231,752,,,1,ky-sbe,2026-09-08T00:21:59+00:00
2024,KY,21015,Boone County,2024-10-29,7,mail,2991,,984,1541,,,1,ky-sbe,2026-09-08T00:21:59+00:00
2024,KY,21015,Boone County,2024-10-30,6,inperson,1367,,294,929,,,1,ky-sbe,2026-09-08T00:21:59+00:00
2024,KY,21015,Boone County,2024-10-30,6,mail,3212,,1068,1646,,,1,ky-sbe,2026-09-08T00:21:59+00:00
2024,KY,21015,Boone County,2024-10-31,5,inperson,1585,,327,1089,,,1,ky-sbe,2026-09-08T00:21:59+00:00
2024,KY,21015,Boone County,2024-10-31,5,mail,3511,,1166,1791,,,1,ky-sbe,2026-09-08T00:21:59+00:00
2024,KY,21015,Boone County,2024-11-01,4,inperson,6502,,1656,4175,,,1,ky-sbe,2026-09-08T00:21:59+00:00
2024,KY,21015,Boone County,2024-11-01,4,mail,3658,,1212,1864,,,1,ky-sbe,2026-09-08T00:21:59+00:00
2024,KY,21015,Boone County,2024-11-02,3,inperson,12379,,3177,7868,,,1,ky-sbe,2026-09-08T00:21:59+00:00
2024,KY,21015,Boone County,2024-11-02,3,mail,3797,,1268,1924,,,1,ky-sbe,2026-09-08T00:21:59+00:00
2024,KY,21015,Boone County,2024-11-03,2,inperson,17670,,4576,11082,,,1,ky-sbe,2026-09-08T00:21:59+00:00
2024,KY,21015,Boone County,2024-11-03,2,mail,3797,,1268,1924,,,1,ky-sbe,2026-09-08T00:21:59+00:00
2024,KY,21015,Boone County,2024-11-05,0,inperson,17670,,4576,11082,,,1,ky-sbe,2026-09-08T00:21:59+00:00
2024,KY,21015,Boone County,2024-11-05,0,mail,4204,,1398,2117,,,1,ky-sbe,2026-09-08T00:21:59+00:00
2024,KY,21017,Bourbon County,2024-09-23,43,mail,0,,,,,,1,ky-sbe,2026-09-08T00:21:59+00:00
2024,KY,21017,Bourbon County,2024-09-26,40,mail,0,,,,,,1,ky-sbe,2026-09-08T00:21:59+00:00
2024,KY,21017,Bourbon County,2024-09-30,36,mail,0,,,,,,1,ky-sbe,2026-09-08T00:21:59+00:00
2024,KY,21017,Bourbon County,2024-10-08,28,mail,58,,32,20,,,1,ky-sbe,2026-09-08T00:21:59+00:00
2024,KY,21017,Bourbon County,2024-10-14,22,mail,103,,63,29,,,1,ky-sbe,2026-09-08T00:21:59+00:00
2024,KY,21017,Bourbon County,2024-10-21,15,mail,166,,105,47,,,1,ky-sbe,2026-09-08T00:21:59+00:00
2024,KY,21017,Bourbon County,2024-10-23,13,mail,198,,125,53,,,1,ky-sbe,2026-09-08T00:21:59+00:00
2024,KY,21017,Bourbon County,2024-10-25,11,inperson,51,,19,28,,,1,ky-sbe,2026-09-08T00:21:59+00:00
2024,KY,21017,Bourbon County,2024-10-25,11,mail,386,,235,118,,,1,ky-sbe,2026-09-08T00:21:59+00:00
2024,KY,21017,Bourbon County,2024-10-26,10,inperson,51,,19,28,,,1,ky-sbe,2026-09-08T00:21:59+00:00
2024,KY,21017,Bourbon County,2024-10-26,10,mail,397,,240,124,,,1,ky-sbe,2026-09-08T00:21:59+00:00
2024,KY,21017,Bourbon County,2024-10-29,7,inperson,75,,33,38,,,1,ky-sbe,2026-09-08T00:21:59+00:00
2024,KY,21017,Bourbon County,2024-10-29,7,mail,426,,253,137,,,1,ky-sbe,2026-09-08T00:21:59+00:00
2024,KY,21017,Bourbon County,2024-10-30,6,inperson,82,,37,41,,,1,ky-sbe,2026-09-08T00:21:59+00:00
2024,KY,21017,Bourbon County,2024-10-30,6,mail,440,,258,146,,,1,ky-sbe,2026-09-08T00:21:59+00:00
2024,KY,21017,Bourbon County,2024-10-31,5,inperson,102,,48,49,,,1,ky-sbe,2026-09-08T00:21:59+00:00
2024,KY,21017,Bourbon County,2024-10-31,5,mail,523,,315,168,,,1,ky-sbe,2026-09-08T00:21:59+00:00
2024,KY,21017,Bourbon County,2024-11-01,4,inperson,1522,,734,708,,,1,ky-sbe,2026-09-08T00:21:59+00:00
2024,KY,21017,Bourbon County,2024-11-01,4,mail,559,,331,180,,,1,ky-sbe,2026-09-08T00:21:59+00:00
2024,KY,21017,Bourbon County,2024-11-02,3,inperson,2850,,1375,1309,,,1,ky-sbe,2026-09-08T00:21:59+00:00
2024,KY,21017,Bourbon County,2024-11-02,3,mail,565,,334,182,,,1,ky-sbe,2026-09-08T00:21:59+00:00
2024,KY,21017,Bourbon County,2024-11-03,2,inperson,4012,,1881,1885,,,1,ky-sbe,2026-09-08T00:21:59+00:00
2024,KY,21017,Bourbon County,2024-11-03,2,mail,565,,334,182,,,1,ky-sbe,2026-09-08T00:21:59+00:00
2024,KY,21017,Bourbon County,2024-11-05,0,inperson,4012,,1881,1885,,,1,ky-sbe,2026-09-08T00:21:59+00:00
2024,KY,21017,Bourbon County,2024-11-05,0,mail,591,,351,190,,,1,ky-sbe,2026-09-08T00:21:59+00:00
2024,KY,21019,Boyd County,2024-09-23,43,mail,0,,,,,,1,ky-sbe,2026-09-08T00:21:59+00:00
2024,KY,21019,Boyd County,2024-09-26,40,mail,0,,,,,,1,ky-sbe,2026-09-08T00:21:59+00:00
2024,KY,21019,Boyd County,2024-09-30,36,mail,0,,,,,,1,ky-sbe,2026-09-08T00:21:59+00:00
2024,KY,21019,Boyd County,2024-10-08,28,mail,246,,123,107,,,1,ky-sbe,2026-09-08T00:21:59+00:00
2024,KY,21019,Boyd County,2024-10-14,22,mail,412,,198,184,,,1,ky-sbe,2026-09-08T00:21:59+00:00
2024,KY,21019,Boyd County,2024-10-21,15,mail,676,,337,290,,,1,ky-sbe,2026-09-08T00:21:59+00:00
2024,KY,21019,Boyd County,2024-10-23,13,mail,838,,435,343,,,1,ky-sbe,2026-09-08T00:21:59+00:00
2024,KY,21019,Boyd County,2024-10-25,11,inperson,79,,21,54,,,1,ky-sbe,2026-09-08T00:21:59+00:00
2024,KY,21019,Boyd County,2024-10-25,11,mail,933,,482,386,,,1,ky-sbe,2026-09-08T00:21:59+00:00
2024,KY,21019,Boyd County,2024-10-26,10,inperson,115,,29,78,,,1,ky-sbe,2026-09-08T00:21:59+00:00
2024,KY,21019,Boyd County,2024-10-26,10,mail,1001,,517,414,,,1,ky-sbe,2026-09-08T00:21:59+00:00
2024,KY,21019,Boyd County,2024-10-29,7,inperson,139,,37,93,,,1,ky-sbe,2026-09-08T00:21:59+00:00
2024,KY,21019,Boyd County,2024-10-29,7,mail,1086,,563,448,,,1,ky-sbe,2026-09-08T00:21:59+00:00
2024,KY,21019,Boyd County,2024-10-30,6,inperson,170,,50,109,,,1,ky-sbe,2026-09-08T00:21:59+00:00
2024,KY,21019,Boyd County,2024-10-30,6,mail,1122,,579,466,,,1,ky-sbe,2026-09-08T00:21:59+00:00
2024,KY,21019,Boyd County,2024-10-31,5,inperson,193,,56,126,,,1,ky-sbe,2026-09-08T00:21:59+00:00
2024,KY,21019,Boyd County,2024-10-31,5,mail,1158,,593,484,,,1,ky-sbe,2026-09-08T00:21:59+00:00
2024,KY,21019,Boyd County,2024-11-01,4,inperson,2999,,1141,1664,,,1,ky-sbe,2026-09-08T00:21:59+00:00
2024,KY,21019,Boyd County,2024-11-01,4,mail,1247,,633,527,,,1,ky-sbe,2026-09-08T00:21:59+00:00
2024,KY,21019,Boyd County,2024-11-02,3,inperson,5392,,2066,2976,,,1,ky-sbe,2026-09-08T00:21:59+00:00
2024,KY,21019,Boyd County,2024-11-02,3,mail,1309,,667,547,,,1,ky-sbe,2026-09-08T00:21:59+00:00
2024,KY,21019,Boyd County,2024-11-03,2,inperson,7434,,2823,4105,,,1,ky-sbe,2026-09-08T00:21:59+00:00
2024,KY,21019,Boyd County,2024-11-03,2,mail,1341,,685,556,,,1,ky-sbe,2026-09-08T00:21:59+00:00
2024,KY,21019,Boyd County,2024-11-05,0,inperson,7434,,2823,4105,,,1,ky-sbe,2026-09-08T00:21:59+00:00
2024,KY,21019,Boyd County,2024-11-05,0,mail,1375,,702,569,,,1,ky-sbe,2026-09-08T00:21:59+00:00
2024,KY,21021,Boyle County,2024-09-23,43,mail,0,,,,,,1,ky-sbe,2026-09-08T00:21:59+00:00
2024,KY,21021,Boyle County,2024-09-26,40,mail,0,,,,,,1,ky-sbe,2026-09-08T00:21:59+00:00
2024,KY,21021,Boyle County,2024-09-30,36,mail,0,,,,,,1,ky-sbe,2026-09-08T00:21:59+00:00
2024,KY,21021,Boyle County,2024-10-08,28,mail,90,,53,32,,,1,ky-sbe,2026-09-08T00:21:59+00:00
2024,KY,21021,Boyle County,2024-10-14,22,mail,161,,87,62,,,1,ky-sbe,2026-09-08T00:21:59+00:00
2024,KY,21021,Boyle County,2024-10-21,15,mail,362,,199,137,,,1,ky-sbe,2026-09-08T00:21:59+00:00
2024,KY,21021,Boyle County,2024-10-23,13,mail,459,,248,169,,,1,ky-sbe,2026-09-08T00:21:59+00:00
2024,KY,21021,Boyle County,2024-10-25,11,inperson,61,,28,32,,,1,ky-sbe,2026-09-08T00:21:59+00:00
2024,KY,21021,Boyle County,2024-10-25,11,mail,540,,286,206,,,1,ky-sbe,2026-09-08T00:21:59+00:00
2024,KY,21021,Boyle County,2024-10-26,10,inperson,86,,40,43,,,1,ky-sbe,2026-09-08T00:21:59+00:00
2024,KY,21021,Boyle County,2024-10-26,10,mail,572,,309,213,,,1,ky-sbe,2026-09-08T00:21:59+00:00
2024,KY,21021,Boyle County,2024-10-29,7,inperson,109,,50,52,,,1,ky-sbe,2026-09-08T00:21:59+00:00
2024,KY,21021,Boyle County,2024-10-29,7,mail,620,,333,234,,,1,ky-sbe,2026-09-08T00:21:59+00:00
2024,KY,21021,Boyle County,2024-10-30,6,inperson,124,,57,60,,,1,ky-sbe,2026-09-08T00:21:59+00:00
2024,KY,21021,Boyle County,2024-10-30,6,mail,655,,357,242,,,1,ky-sbe,2026-09-08T00:21:59+00:00
2024,KY,21021,Boyle County,2024-10-31,5,inperson,130,,57,64,,,1,ky-sbe,2026-09-08T00:21:59+00:00
2024,KY,21021,Boyle County,2024-10-31,5,mail,715,,390,263,,,1,ky-sbe,2026-09-08T00:21:59+00:00
2024,KY,21021,Boyle County,2024-11-01,4,inperson,2091,,915,1021,,,1,ky-sbe,2026-09-08T00:21:59+00:00
2024,KY,21021,Boyle County,2024-11-01,4,mail,752,,410,278,,,1,ky-sbe,2026-09-08T00:21:59+00:00
2024,KY,21021,Boyle County,2024-11-02,3,inperson,4356,,1894,2135,,,1,ky-sbe,2026-09-08T00:21:59+00:00
2024,KY,21021,Boyle County,2024-11-02,3,mail,791,,433,292,,,1,ky-sbe,2026-09-08T00:21:59+00:00
2024,KY,21021,Boyle County,2024-11-03,2,inperson,6073,,2654,2985,,,1,ky-sbe,2026-09-08T00:21:59+00:00
2024,KY,21021,Boyle County,2024-11-03,2,mail,799,,436,296,,,1,ky-sbe,2026-09-08T00:21:59+00:00
2024,KY,21021,Boyle County,2024-11-05,0,inperson,6073,,2654,2985,,,1,ky-sbe,2026-09-08T00:21:59+00:00
2024,KY,21021,Boyle County,2024-11-05,0,mail,855,,464,316,,,1,ky-sbe,2026-09-08T00:21:59+00:00
2024,KY,21023,Bracken County,2024-09-23,43,mail,0,,,,,,1,ky-sbe,2026-09-08T00:21:59+00:00
2024,KY,21023,Bracken County,2024-09-26,40,mail,0,,,,,,1,ky-sbe,2026-09-08T00:21:59+00:00
2024,KY,21023,Bracken County,2024-09-30,36,mail,0,,,,,,1,ky-sbe,2026-09-08T00:21:59+00:00
2024,KY,21023,Bracken County,2024-10-08,28,mail,25,,20,5,,,1,ky-sbe,2026-09-08T00:21:59+00:00
2024,KY,21023,Bracken County,2024-10-14,22,mail,56,,37,19,,,1,ky-sbe,2026-09-08T00:21:59+00:00
2024,KY,21023,Bracken County,2024-10-21,15,mail,122,,82,31,,,1,ky-sbe,2026-09-08T00:21:59+00:00
2024,KY,21023,Bracken County,2024-10-23,13,mail,132,,88,34,,,1,ky-sbe,2026-09-08T00:21:59+00:00
2024,KY,21023,Bracken County,2024-10-25,11,inperson,32,,15,17,,,1,ky-sbe,2026-09-08T00:21:59+00:00
2024,KY,21023,Bracken County,2024-10-25,11,mail,144,,97,37,,,1,ky-sbe,2026-09-08T00:21:59+00:00
2024,KY,21023,Bracken County,2024-10-26,10,inperson,44,,20,24,,,1,ky-sbe,2026-09-08T00:21:59+00:00
2024,KY,21023,Bracken County,2024-10-26,10,mail,152,,102,40,,,1,ky-sbe,2026-09-08T00:21:59+00:00
2024,KY,21023,Bracken County,2024-10-29,7,inperson,60,,27,32,,,1,ky-sbe,2026-09-08T00:21:59+00:00
2024,KY,21023,Bracken County,2024-10-29,7,mail,171,,112,48,,,1,ky-sbe,2026-09-08T00:21:59+00:00
2024,KY,21023,Bracken County,2024-10-30,6,inperson,79,,35,43,,,1,ky-sbe,2026-09-08T00:21:59+00:00
2024,KY,21023,Bracken County,2024-10-30,6,mail,184,,120,52,,,1,ky-sbe,2026-09-08T00:21:59+00:00
2024,KY,21023,Bracken County,2024-10-31,5,inperson,90,,43,46,,,1,ky-sbe,2026-09-08T00:21:59+00:00
2024,KY,21023,Bracken County,2024-10-31,5,mail,191,,127,52,,,1,ky-sbe,2026-09-08T00:21:59+00:00
2024,KY,21023,Bracken County,2024-11-01,4,inperson,561,,251,283,,,1,ky-sbe,2026-09-08T00:21:59+00:00
2024,KY,21023,Bracken County,2024-11-01,4,mail,199,,132,54,,,1,ky-sbe,2026-09-08T00:21:59+00:00
2024,KY,21023,Bracken County,2024-11-02,3,inperson,974,,423,500,,,1,ky-sbe,2026-09-08T00:21:59+00:00
2024,KY,21023,Bracken County,2024-11-02,3,mail,208,,138,57,,,1,ky-sbe,2026-09-08T00:21:59+00:00
2024,KY,21023,Bracken County,2024-11-03,2,inperson,1318,,581,671,,,1,ky-sbe,2026-09-08T00:21:59+00:00
2024,KY,21023,Bracken County,2024-11-03,2,mail,208,,138,57,,,1,ky-sbe,2026-09-08T00:21:59+00:00
2024,KY,21023,Bracken County,2024-11-05,0,inperson,1318,,581,671,,,1,ky-sbe,2026-09-08T00:21:59+00:00
2024,KY,21023,Bracken County,2024-11-05,0,mail,214,,141,58,,,1,ky-sbe,2026-09-08T00:21:59+00:00
2024,KY,21025,Breathitt County,2024-09-23,43,mail,0,,,,,,1,ky-sbe,2026-09-08T00:21:59+00:00
2024,KY,21025,Breathitt County,2024-09-26,40,mail,0,,,,,,1,ky-sbe,2026-09-08T00:21:59+00:00
2024,KY,21025,Breathitt County,2024-09-30,36,mail,0,,,,,,1,ky-sbe,2026-09-08T00:21:59+00:00
2024,KY,21025,Breathitt County,2024-10-08,28,mail,65,,54,9,,,1,ky-sbe,2026-09-08T00:21:59+00:00
2024,KY,21025,Breathitt County,2024-10-14,22,mail,110,,91,17,,,1,ky-sbe,2026-09-08T00:21:59+00:00
2024,KY,21025,Breathitt County,2024-10-21,15,mail,229,,193,34,,,1,ky-sbe,2026-09-08T00:21:59+00:00
2024,KY,21025,Breathitt County,2024-10-23,13,mail,273,,234,37,,,1,ky-sbe,2026-09-08T00:21:59+00:00
2024,KY,21025,Breathitt County,2024-10-25,11,inperson,13,,9,4,,,1,ky-sbe,2026-09-08T00:21:59+00:00
2024,KY,21025,Breathitt County,2024-10-25,11,mail,319,,274,42,,,1,ky-sbe,2026-09-08T00:21:59+00:00
2024,KY,21025,Breathitt County,2024-10-26,10,inperson,29,,20,9,,,1,ky-sbe,2026-09-08T00:21:59+00:00
2024,KY,21025,Breathitt County,2024-10-26,10,mail,337,,288,45,,,1,ky-sbe,2026-09-08T00:21:59+00:00
2024,KY,21025,Breathitt County,2024-10-29,7,inperson,50,,37,13,,,1,ky-sbe,2026-09-08T00:21:59+00:00
2024,KY,21025,Breathitt County,2024-10-29,7,mail,361,,309,47,,,1,ky-sbe,2026-09-08T00:21:59+00:00
2024,KY,21025,Breathitt County,2024-10-30,6,inperson,72,,54,17,,,1,ky-sbe,2026-09-08T00:21:59+00:00
2024,KY,21025,Breathitt County,2024-10-30,6,mail,393,,339,49,,,1,ky-sbe,2026-09-08T00:21:59+00:00
2024,KY,21025,Breathitt County,2024-10-31,5,inperson,83,,60,22,,,1,ky-sbe,2026-09-08T00:21:59+00:00
2024,KY,21025,Breathitt County,2024-10-31,5,mail,401,,347,49,,,1,ky-sbe,2026-09-08T00:21:59+00:00
2024,KY,21025,Breathitt County,2024-11-01,4,inperson,595,,436,147,,,1,ky-sbe,2026-09-08T00:21:59+00:00
2024,KY,21025,Breathitt County,2024-11-01,4,mail,418,,360,52,,,1,ky-sbe,2026-09-08T00:21:59+00:00
2024,KY,21025,Breathitt County,2024-11-02,3,inperson,1132,,844,266,,,1,ky-sbe,2026-09-08T00:21:59+00:00
2024,KY,21025,Breathitt County,2024-11-02,3,mail,433,,373,54,,,1,ky-sbe,2026-09-08T00:21:59+00:00
2024,KY,21025,Breathitt County,2024-11-03,2,inperson,1538,,1148,356,,,1,ky-sbe,2026-09-08T00:21:59+00:00
2024,KY,21025,Breathitt County,2024-11-03,2,mail,434,,373,54,,,1,ky-sbe,2026-09-08T00:21:59+00:00
2024,KY,21025,Breathitt County,2024-11-05,0,inperson,1538,,1148,356,,,1,ky-sbe,2026-09-08T00:21:59+00:00
2024,KY,21025,Breathitt County,2024-11-05,0,mail,456,,390,59,,,1,ky-sbe,2026-09-08T00:21:59+00:00
2024,KY,21027,Breckinridge County,2024-09-23,43,mail,0,,,,,,1,ky-sbe,2026-09-08T00:21:59+00:00
2024,KY,21027,Breckinridge County,2024-09-26,40,mail,0,,,,,,1,ky-sbe,2026-09-08T00:21:59+00:00
2024,KY,21027,Breckinridge County,2024-09-30,36,mail,0,,,,,,1,ky-sbe,2026-09-08T00:21:59+00:00
2024,KY,21027,Breckinridge County,2024-10-08,28,mail,39,,19,19,,,1,ky-sbe,2026-09-08T00:21:59+00:00
2024,KY,21027,Breckinridge County,2024-10-14,22,mail,98,,48,41,,,1,ky-sbe,2026-09-08T00:21:59+00:00
2024,KY,21027,Breckinridge County,2024-10-21,15,mail,138,,72,53,,,1,ky-sbe,2026-09-08T00:21:59+00:00
2024,KY,21027,Breckinridge County,2024-10-23,13,mail,165,,88,63,,,1,ky-sbe,2026-09-08T00:21:59+00:00
2024,KY,21027,Breckinridge County,2024-10-25,11,inperson,105,,24,71,,,1,ky-sbe,2026-09-08T00:21:59+00:00
2024,KY,21027,Breckinridge County,2024-10-25,11,mail,186,,100,72,,,1,ky-sbe,2026-09-08T00:21:59+00:00
2024,KY,21027,Breckinridge County,2024-10-26,10,inperson,152,,34,106,,,1,ky-sbe,2026-09-08T00:21:59+00:00
2024,KY,21027,Breckinridge County,2024-10-26,10,mail,197,,108,75,,,1,ky-sbe,2026-09-08T00:21:59+00:00
2024,KY,21027,Breckinridge County,2024-10-29,7,inperson,192,,47,132,,,1,ky-sbe,2026-09-08T00:21:59+00:00
2024,KY,21027,Breckinridge County,2024-10-29,7,mail,221,,116,90,,,1,ky-sbe,2026-09-08T00:21:59+00:00
2024,KY,21027,Breckinridge County,2024-10-30,6,inperson,238,,53,167,,,1,ky-sbe,2026-09-08T00:21:59+00:00
2024,KY,21027,Breckinridge County,2024-10-30,6,mail,225,,118,91,,,1,ky-sbe,2026-09-08T00:21:59+00:00
2024,KY,21027,Breckinridge County,2024-10-31,5,inperson,270,,59,193,,,1,ky-sbe,2026-09-08T00:21:59+00:00
2024,KY,21027,Breckinridge County,2024-10-31,5,mail,230,,120,94,,,1,ky-sbe,2026-09-08T00:21:59+00:00
2024,KY,21027,Breckinridge County,2024-11-01,4,inperson,1084,,321,711,,,1,ky-sbe,2026-09-08T00:21:59+00:00
2024,KY,21027,Breckinridge County,2024-11-01,4,mail,253,,133,104,,,1,ky-sbe,2026-09-08T00:21:59+00:00
2024,KY,21027,Breckinridge County,2024-11-02,3,inperson,1943,,591,1263,,,1,ky-sbe,2026-09-08T00:21:59+00:00
2024,KY,21027,Breckinridge County,2024-11-02,3,mail,259,,136,106,,,1,ky-sbe,2026-09-08T00:21:59+00:00
2024,KY,21027,Breckinridge County,2024-11-03,2,inperson,2702,,804,1771,,,1,ky-sbe,2026-09-08T00:21:59+00:00
2024,KY,21027,Breckinridge County,2024-11-03,2,mail,264,,138,108,,,1,ky-sbe,2026-09-08T00:21:59+00:00
2024,KY,21027,Breckinridge County,2024-11-05,0,inperson,2702,,804,1771,,,1,ky-sbe,2026-09-08T00:21:59+00:00
2024,KY,21027,Breckinridge County,2024-11-05,0,mail,270,,141,110,,,1,ky-sbe,2026-09-08T00:21:59+00:00
2024,KY,21029,Bullitt County,2024-09-23,43,mail,0,,,,,,1,ky-sbe,2026-09-08T00:21:59+00:00
2024,KY,21029,Bullitt County,2024-09-26,40,mail,0,,,,,,1,ky-sbe,2026-09-08T00:21:59+00:00
2024,KY,21029,Bullitt County,2024-09-30,36,mail,0,,,,,,1,ky-sbe,2026-09-08T00:21:59+00:00
2024,KY,21029,Bullitt County,2024-10-08,28,mail,396,,208,164,,,1,ky-sbe,2026-09-08T00:21:59+00:00
2024,KY,21029,Bullitt County,2024-10-14,22,mail,647,,342,267,,,1,ky-sbe,2026-09-08T00:21:59+00:00
2024,KY,21029,Bullitt County,2024-10-21,15,mail,1003,,511,422,,,1,ky-sbe,2026-09-08T00:21:59+00:00
2024,KY,21029,Bullitt County,2024-10-23,13,mail,1247,,620,529,,,1,ky-sbe,2026-09-08T00:21:59+00:00
2024,KY,21029,Bullitt County,2024-10-25,11,inperson,201,,59,123,,,1,ky-sbe,2026-09-08T00:21:59+00:00
2024,KY,21029,Bullitt County,2024-10-25,11,mail,1513,,755,642,,,1,ky-sbe,2026-09-08T00:21:59+00:00
2024,KY,21029,Bullitt County,2024-10-26,10,inperson,259,,78,156,,,1,ky-sbe,2026-09-08T00:21:59+00:00
2024,KY,21029,Bullitt County,2024-10-26,10,mail,1674,,819,722,,,1,ky-sbe,2026-09-08T00:21:59+00:00
2024,KY,21029,Bullitt County,2024-10-29,7,inperson,332,,97,206,,,1,ky-sbe,2026-09-08T00:21:59+00:00
2024,KY,21029,Bullitt County,2024-10-29,7,mail,1865,,905,808,,,1,ky-sbe,2026-09-08T00:21:59+00:00
2024,KY,21029,Bullitt County,2024-10-30,6,inperson,388,,108,244,,,1,ky-sbe,2026-09-08T00:21:59+00:00
2024,KY,21029,Bullitt County,2024-10-30,6,mail,1991,,967,862,,,1,ky-sbe,2026-09-08T00:21:59+00:00
2024,KY,21029,Bullitt County,2024-10-31,5,inperson,455,,127,287,,,1,ky-sbe,2026-09-08T00:21:59+00:00
2024,KY,21029,Bullitt County,2024-10-31,5,mail,1997,,970,863,,,1,ky-sbe,2026-09-08T00:21:59+00:00
2024,KY,21029,Bullitt County,2024-11-01,4,inperson,8862,,2843,5466,,,1,ky-sbe,2026-09-08T00:21:59+00:00
2024,KY,21029,Bullitt County,2024-11-01,4,mail,2194,,1053,960,,,1,ky-sbe,2026-09-08T00:21:59+00:00
2024,KY,21029,Bullitt County,2024-11-02,3,inperson,16367,,5214,10031,,,1,ky-sbe,2026-09-08T00:21:59+00:00
2024,KY,21029,Bullitt County,2024-11-02,3,mail,2321,,1111,1017,,,1,ky-sbe,2026-09-08T00:21:59+00:00
2024,KY,21029,Bullitt County,2024-11-03,2,inperson,22738,,7096,13965,,,1,ky-sbe,2026-09-08T00:21:59+00:00
2024,KY,21029,Bullitt County,2024-11-03,2,mail,2359,,1129,1035,,,1,ky-sbe,2026-09-08T00:21:59+00:00
2024,KY,21029,Bullitt County,2024-11-05,0,inperson,22738,,7096,13965,,,1,ky-sbe,2026-09-08T00:21:59+00:00
2024,KY,21029,Bullitt County,2024-11-05,0,mail,2412,,1153,1059,,,1,ky-sbe,2026-09-08T00:21:59+00:00
2024,KY,21031,Butler County,2024-09-23,43,mail,0,,,,,,1,ky-sbe,2026-09-08T00:21:59+00:00
2024,KY,21031,Butler County,2024-09-26,40,mail,0,,,,,,1,ky-sbe,2026-09-08T00:21:59+00:00
2024,KY,21031,Butler County,2024-09-30,36,mail,0,,,,,,1,ky-sbe,2026-09-08T00:21:59+00:00
2024,KY,21031,Butler County,2024-10-08,28,mail,22,,6,15,,,1,ky-sbe,2026-09-08T00:21:59+00:00
2024,KY,21031,Butler County,2024-10-14,22,mail,48,,12,35,,,1,ky-sbe,2026-09-08T00:21:59+00:00
2024,KY,21031,Butler County,2024-10-21,15,mail,94,,19,70,,,1,ky-sbe,2026-09-08T00:21:59+00:00
2024,KY,21031,Butler County,2024-10-23,13,mail,119,,24,89,,,1,ky-sbe,2026-09-08T00:21:59+00:00
2024,KY,21031,Butler County,2024-10-25,11,inperson,16,,3,13,,,1,ky-sbe,2026-09-08T00:21:59+00:00
2024,KY,21031,Butler County,2024-10-25,11,mail,132,,26,99,,,1,ky-sbe,2026-09-08T00:21:59+00:00
2024,KY,21031,Butler County,2024-10-26,10,inperson,21,,5,16,,,1,ky-sbe,2026-09-08T00:21:59+00:00
2024,KY,21031,Butler County,2024-10-26,10,mail,147,,29,109,,,1,ky-sbe,2026-09-08T00:21:59+00:00
2024,KY,21031,Butler County,2024-10-29,7,inperson,25,,5,20,,,1,ky-sbe,2026-09-08T00:21:59+00:00
2024,KY,21031,Butler County,2024-10-29,7,mail,151,,30,111,,,1,ky-sbe,2026-09-08T00:21:59+00:00
2024,KY,21031,Butler County,2024-10-30,6,inperson,31,,5,24,,,1,ky-sbe,2026-09-08T00:21:59+00:00
2024,KY,21031,Butler County,2024-10-30,6,mail,157,,31,116,,,1,ky-sbe,2026-09-08T00:21:59+00:00
2024,KY,21031,Butler County,2024-10-31,5,inperson,35,,5,28,,,1,ky-sbe,2026-09-08T00:21:59+00:00
2024,KY,21031,Butler County,2024-10-31,5,mail,167,,36,121,,,1,ky-sbe,2026-09-08T00:21:59+00:00
2024,KY,21031,Butler County,2024-11-01,4,inperson,493,,94,374,,,1,ky-sbe,2026-09-08T00:21:59+00:00
2024,KY,21031,Butler County,2024-11-01,4,mail,176,,37,128,,,1,ky-sbe,2026-09-08T00:21:59+00:00
2024,KY,21031,Butler County,2024-11-02,3,inperson,923,,158,723,,,1,ky-sbe,2026-09-08T00:21:59+00:00
2024,KY,21031,Butler County,2024-11-02,3,mail,181,,38,132,,,1,ky-sbe,2026-09-08T00:21:59+00:00
2024,KY,21031,Butler County,2024-11-03,2,inperson,1298,,197,1035,,,1,ky-sbe,2026-09-08T00:21:59+00:00
2024,KY,21031,Butler County,2024-11-03,2,mail,181,,38,132,,,1,ky-sbe,2026-09-08T00:21:59+00:00
2024,KY,21031,Butler County,2024-11-05,0,inperson,1298,,197,1035,,,1,ky-sbe,2026-09-08T00:21:59+00:00
2024,KY,21031,Butler County,2024-11-05,0,mail,185,,39,135,,,1,ky-sbe,2026-09-08T00:21:59+00:00
2024,KY,21033,Caldwell County,2024-09-23,43,mail,0,,,,,,1,ky-sbe,2026-09-08T00:21:59+00:00
2024,KY,21033,Caldwell County,2024-09-26,40,mail,0,,,,,,1,ky-sbe,2026-09-08T00:21:59+00:00
2024,KY,21033,Caldwell County,2024-09-30,36,mail,0,,,,,,1,ky-sbe,2026-09-08T00:21:59+00:00
2024,KY,21033,Caldwell County,2024-10-08,28,mail,13,,7,4,,,1,ky-sbe,2026-09-08T00:21:59+00:00
2024,KY,21033,Caldwell County,2024-10-14,22,mail,58,,39,16,,,1,ky-sbe,2026-09-08T00:21:59+00:00
2024,KY,21033,Caldwell County,2024-10-21,15,mail,100,,67,28,,,1,ky-sbe,2026-09-08T00:21:59+00:00
2024,KY,21033,Caldwell County,2024-10-23,13,mail,143,,91,44,,,1,ky-sbe,2026-09-08T00:21:59+00:00
2024,KY,21033,Caldwell County,2024-10-25,11,inperson,40,,12,25,,,1,ky-sbe,2026-09-08T00:21:59+00:00
2024,KY,21033,Caldwell County,2024-10-25,11,mail,182,,106,63,,,1,ky-sbe,2026-09-08T00:21:59+00:00
2024,KY,21033,Caldwell County,2024-10-26,10,inperson,56,,18,35,,,1,ky-sbe,2026-09-08T00:21:59+00:00
2024,KY,21033,Caldwell County,2024-10-26,10,mail,191,,112,65,,,1,ky-sbe,2026-09-08T00:21:59+00:00
2024,KY,21033,Caldwell County,2024-10-29,7,inperson,79,,25,50,,,1,ky-sbe,2026-09-08T00:21:59+00:00
2024,KY,21033,Caldwell County,2024-10-29,7,mail,226,,131,81,,,1,ky-sbe,2026-09-08T00:21:59+00:00
2024,KY,21033,Caldwell County,2024-10-30,6,inperson,86,,27,55,,,1,ky-sbe,2026-09-08T00:21:59+00:00
2024,KY,21033,Caldwell County,2024-10-30,6,mail,244,,142,87,,,1,ky-sbe,2026-09-08T00:21:59+00:00
2024,KY,21033,Caldwell County,2024-10-31,5,inperson,89,,29,56,,,1,ky-sbe,2026-09-08T00:21:59+00:00
2024,KY,21033,Caldwell County,2024-10-31,5,mail,258,,150,93,,,1,ky-sbe,2026-09-08T00:21:59+00:00
2024,KY,21033,Caldwell County,2024-11-01,4,inperson,1015,,416,556,,,1,ky-sbe,2026-09-08T00:21:59+00:00
2024,KY,21033,Caldwell County,2024-11-01,4,mail,262,,153,94,,,1,ky-sbe,2026-09-08T00:21:59+00:00
2024,KY,21033,Caldwell County,2024-11-02,3,inperson,1872,,810,977,,,1,ky-sbe,2026-09-08T00:21:59+00:00
2024,KY,21033,Caldwell County,2024-11-02,3,mail,262,,153,94,,,1,ky-sbe,2026-09-08T00:21:59+00:00
2024,KY,21033,Caldwell County,2024-11-03,2,inperson,2660,,1147,1387,,,1,ky-sbe,2026-09-08T00:21:59+00:00
2024,KY,21033,Caldwell County,2024-11-03,2,mail,266,,156,95,,,1,ky-sbe,2026-09-08T00:21:59+00:00
2024,KY,21033,Caldwell County,2024-11-05,0,inperson,2660,,1147,1387,,,1,ky-sbe,2026-09-08T00:21:59+00:00
2024,KY,21033,Caldwell County,2024-11-05,0,mail,306,,174,115,,,1,ky-sbe,2026-09-08T00:21:59+00:00
2024,KY,21035,Calloway County,2024-09-23,43,mail,0,,,,,,1,ky-sbe,2026-09-08T00:21:59+00:00
2024,KY,21035,Calloway County,2024-09-26,40,mail,0,,,,,,1,ky-sbe,2026-09-08T00:21:59+00:00
2024,KY,21035,Calloway County,2024-09-30,36,mail,0,,,,,,1,ky-sbe,2026-09-08T00:21:59+00:00
2024,KY,21035,Calloway County,2024-10-08,28,mail,155,,88,41,,,1,ky-sbe,2026-09-08T00:21:59+00:00
2024,KY,21035,Calloway County,2024-10-14,22,mail,257,,133,86,,,1,ky-sbe,2026-09-08T00:21:59+00:00
2024,KY,21035,Calloway County,2024-10-21,15,mail,423,,212,160,,,1,ky-sbe,2026-09-08T00:21:59+00:00
2024,KY,21035,Calloway County,2024-10-23,13,mail,522,,263,197,,,1,ky-sbe,2026-09-08T00:21:59+00:00
2024,KY,21035,Calloway County,2024-10-25,11,inperson,64,,22,35,,,1,ky-sbe,2026-09-08T00:21:59+00:00
2024,KY,21035,Calloway County,2024-10-25,11,mail,632,,325,235,,,1,ky-sbe,2026-09-08T00:21:59+00:00
2024,KY,21035,Calloway County,2024-10-26,10,inperson,98,,31,60,,,1,ky-sbe,2026-09-08T00:21:59+00:00
2024,KY,21035,Calloway County,2024-10-26,10,mail,675,,346,252,,,1,ky-sbe,2026-09-08T00:21:59+00:00
2024,KY,21035,Calloway County,2024-10-29,7,inperson,132,,47,76,,,1,ky-sbe,2026-09-08T00:21:59+00:00
2024,KY,21035,Calloway County,2024-10-29,7,mail,739,,381,270,,,1,ky-sbe,2026-09-08T00:21:59+00:00
2024,KY,21035,Calloway County,2024-10-30,6,inperson,145,,53,81,,,1,ky-sbe,2026-09-08T00:21:59+00:00
2024,KY,21035,Calloway County,2024-10-30,6,mail,783,,408,278,,,1,ky-sbe,2026-09-08T00:21:59+00:00
2024,KY,21035,Calloway County,2024-10-31,5,inperson,160,,60,88,,,1,ky-sbe,2026-09-08T00:21:59+00:00
2024,KY,21035,Calloway County,2024-10-31,5,mail,803,,413,290,,,1,ky-sbe,2026-09-08T00:21:59+00:00
2024,KY,21035,Calloway County,2024-11-01,4,inperson,2501,,986,1291,,,1,ky-sbe,2026-09-08T00:21:59+00:00
2024,KY,21035,Calloway County,2024-11-01,4,mail,825,,424,300,,,1,ky-sbe,2026-09-08T00:21:59+00:00
2024,KY,21035,Calloway County,2024-11-02,3,inperson,4730,,2028,2308,,,1,ky-sbe,2026-09-08T00:21:59+00:00
2024,KY,21035,Calloway County,2024-11-02,3,mail,843,,430,307,,,1,ky-sbe,2026-09-08T00:21:59+00:00
2024,KY,21035,Calloway County,2024-11-03,2,inperson,6481,,2792,3154,,,1,ky-sbe,2026-09-08T00:21:59+00:00
2024,KY,21035,Calloway County,2024-11-03,2,mail,865,,438,317,,,1,ky-sbe,2026-09-08T00:21:59+00:00
2024,KY,21035,Calloway County,2024-11-05,0,inperson,6481,,2792,3154,,,1,ky-sbe,2026-09-08T00:21:59+00:00
2024,KY,21035,Calloway County,2024-11-05,0,mail,933,,472,344,,,1,ky-sbe,2026-09-08T00:21:59+00:00
2024,KY,21037,Campbell County,2024-09-23,43,mail,0,,,,,,1,ky-sbe,2026-09-08T00:21:59+00:00
2024,KY,21037,Campbell County,2024-09-26,40,mail,0,,,,,,1,ky-sbe,2026-09-08T00:21:59+00:00
2024,KY,21037,Campbell County,2024-09-30,36,mail,0,,,,,,1,ky-sbe,2026-09-08T00:21:59+00:00
2024,KY,21037,Campbell County,2024-10-08,28,mail,282,,115,125,,,1,ky-sbe,2026-09-08T00:21:59+00:00
2024,KY,21037,Campbell County,2024-10-14,22,mail,498,,203,229,,,1,ky-sbe,2026-09-08T00:21:59+00:00
2024,KY,21037,Campbell County,2024-10-21,15,mail,882,,383,381,,,1,ky-sbe,2026-09-08T00:21:59+00:00
2024,KY,21037,Campbell County,2024-10-23,13,mail,1225,,541,504,,,1,ky-sbe,2026-09-08T00:21:59+00:00
2024,KY,21037,Campbell County,2024-10-25,11,inperson,373,,149,188,,,1,ky-sbe,2026-09-08T00:21:59+00:00
2024,KY,21037,Campbell County,2024-10-25,11,mail,1422,,633,579,,,1,ky-sbe,2026-09-08T00:21:59+00:00
2024,KY,21037,Campbell County,2024-10-26,10,inperson,485,,191,250,,,1,ky-sbe,2026-09-08T00:21:59+00:00
2024,KY,21037,Campbell County,2024-10-26,10,mail,1501,,664,613,,,1,ky-sbe,2026-09-08T00:21:59+00:00
2024,KY,21037,Campbell County,2024-10-29,7,inperson,604,,235,317,,,1,ky-sbe,2026-09-08T00:21:59+00:00
2024,KY,21037,Campbell County,2024-10-29,7,mail,1737,,769,711,,,1,ky-sbe,2026-09-08T00:21:59+00:00
2024,KY,21037,Campbell County,2024-10-30,6,inperson,692,,261,371,,,1,ky-sbe,2026-09-08T00:21:59+00:00
2024,KY,21037,Campbell County,2024-10-30,6,mail,1863,,818,771,,,1,ky-sbe,2026-09-08T00:21:59+00:00
2024,KY,21037,Campbell County,2024-10-31,5,inperson,782,,292,419,,,1,ky-sbe,2026-09-08T00:21:59+00:00
2024,KY,21037,Campbell County,2024-10-31,5,mail,1942,,855,807,,,1,ky-sbe,2026-09-08T00:21:59+00:00
2024,KY,21037,Campbell County,2024-11-01,4,inperson,4558,,1628,2466,,,1,ky-sbe,2026-09-08T00:21:59+00:00
2024,KY,21037,Campbell County,2024-11-01,4,mail,2030,,893,848,,,1,ky-sbe,2026-09-08T00:21:59+00:00
2024,KY,21037,Campbell County,2024-11-02,3,inperson,9067,,3260,4903,,,1,ky-sbe,2026-09-08T00:21:59+00:00
2024,KY,21037,Campbell County,2024-11-02,3,mail,2162,,943,897,,,1,ky-sbe,2026-09-08T00:21:59+00:00
2024,KY,21037,Campbell County,2024-11-03,2,inperson,13361,,4820,7133,,,1,ky-sbe,2026-09-08T00:21:59+00:00
2024,KY,21037,Campbell County,2024-11-03,2,mail,2272,,1001,931,,,1,ky-sbe,2026-09-08T00:21:59+00:00
2024,KY,21037,Campbell County,2024-11-05,0,inperson,13361,,4820,7133,,,1,ky-sbe,2026-09-08T00:21:59+00:00
2024,KY,21037,Campbell County,2024-11-05,0,mail,2456,,1092,1001,,,1,ky-sbe,2026-09-08T00:21:59+00:00
2024,KY,21039,Carlisle County,2024-09-23,43,mail,0,,,,,,1,ky-sbe,2026-09-08T00:21:59+00:00
2024,KY,21039,Carlisle County,2024-09-26,40,mail,0,,,,,,1,ky-sbe,2026-09-08T00:21:59+00:00
2024,KY,21039,Carlisle County,2024-09-30,36,mail,0,,,,,,1,ky-sbe,2026-09-08T00:21:59+00:00
2024,KY,21039,Carlisle County,2024-10-08,28,mail,25,,16,7,,,1,ky-sbe,2026-09-08T00:21:59+00:00
2024,KY,21039,Carlisle County,2024-10-14,22,mail,27,,17,8,,,1,ky-sbe,2026-09-08T00:21:59+00:00
2024,KY,21039,Carlisle County,2024-10-21,15,mail,42,,28,12,,,1,ky-sbe,2026-09-08T00:21:59+00:00
2024,KY,21039,Carlisle County,2024-10-23,13,mail,47,,33,12,,,1,ky-sbe,2026-09-08T00:21:59+00:00
2024,KY,21039,Carlisle County,2024-10-25,11,inperson,8,,6,2,,,1,ky-sbe,2026-09-08T00:21:59+00:00
2024,KY,21039,Carlisle County,2024-10-25,11,mail,53,,36,15,,,1,ky-sbe,2026-09-08T00:21:59+00:00
2024,KY,21039,Carlisle County,2024-10-26,10,inperson,11,,6,5,,,1,ky-sbe,2026-09-08T00:21:59+00:00
2024,KY,21039,Carlisle County,2024-10-26,10,mail,53,,36,15,,,1,ky-sbe,2026-09-08T00:21:59+00:00
2024,KY,21039,Carlisle County,2024-10-29,7,inperson,13,,7,6,,,1,ky-sbe,2026-09-08T00:21:59+00:00
2024,KY,21039,Carlisle County,2024-10-29,7,mail,55,,38,15,,,1,ky-sbe,2026-09-08T00:21:59+00:00
2024,KY,21039,Carlisle County,2024-10-30,6,inperson,14,,8,6,,,1,ky-sbe,2026-09-08T00:21:59+00:00
2024,KY,21039,Carlisle County,2024-10-30,6,mail,69,,43,23,,,1,ky-sbe,2026-09-08T00:21:59+00:00
2024,KY,21039,Carlisle County,2024-10-31,5,inperson,15,,8,6,,,1,ky-sbe,2026-09-08T00:21:59+00:00
2024,KY,21039,Carlisle County,2024-10-31,5,mail,71,,44,24,,,1,ky-sbe,2026-09-08T00:21:59+00:00
2024,KY,21039,Carlisle County,2024-11-01,4,inperson,292,,123,165,,,1,ky-sbe,2026-09-08T00:21:59+00:00
2024,KY,21039,Carlisle County,2024-11-01,4,mail,72,,44,25,,,1,ky-sbe,2026-09-08T00:21:59+00:00
2024,KY,21039,Carlisle County,2024-11-02,3,inperson,543,,245,287,,,1,ky-sbe,2026-09-08T00:21:59+00:00
2024,KY,21039,Carlisle County,2024-11-02,3,mail,84,,52,29,,,1,ky-sbe,2026-09-08T00:21:59+00:00
2024,KY,21039,Carlisle County,2024-11-03,2,inperson,734,,326,394,,,1,ky-sbe,2026-09-08T00:21:59+00:00
2024,KY,21039,Carlisle County,2024-11-03,2,mail,85,,53,29,,,1,ky-sbe,2026-09-08T00:21:59+00:00
2024,KY,21039,Carlisle County,2024-11-05,0,inperson,734,,326,394,,,1,ky-sbe,2026-09-08T00:21:59+00:00
2024,KY,21039,Carlisle County,2024-11-05,0,mail,90,,53,33,,,1,ky-sbe,2026-09-08T00:21:59+00:00
2024,KY,21041,Carroll County,2024-09-23,43,mail,0,,,,,,1,ky-sbe,2026-09-08T00:21:59+00:00
2024,KY,21041,Carroll County,2024-09-26,40,mail,0,,,,,,1,ky-sbe,2026-09-08T00:21:59+00:00
2024,KY,21041,Carroll County,2024-09-30,36,mail,0,,,,,,1,ky-sbe,2026-09-08T00:21:59+00:00
2024,KY,21041,Carroll County,2024-10-08,28,mail,51,,34,15,,,1,ky-sbe,2026-09-08T00:21:59+00:00
2024,KY,21041,Carroll County,2024-10-14,22,mail,77,,53,20,,,1,ky-sbe,2026-09-08T00:21:59+00:00
2024,KY,21041,Carroll County,2024-10-21,15,mail,108,,70,32,,,1,ky-sbe,2026-09-08T00:21:59+00:00
2024,KY,21041,Carroll County,2024-10-23,13,mail,161,,103,49,,,1,ky-sbe,2026-09-08T00:21:59+00:00
2024,KY,21041,Carroll County,2024-10-25,11,inperson,81,,50,31,,,1,ky-sbe,2026-09-08T00:21:59+00:00
2024,KY,21041,Carroll County,2024-10-25,11,mail,172,,109,52,,,1,ky-sbe,2026-09-08T00:21:59+00:00
2024,KY,21041,Carroll County,2024-10-26,10,inperson,129,,81,44,,,1,ky-sbe,2026-09-08T00:21:59+00:00
2024,KY,21041,Carroll County,2024-10-26,10,mail,178,,113,54,,,1,ky-sbe,2026-09-08T00:21:59+00:00
2024,KY,21041,Carroll County,2024-10-29,7,inperson,183,,119,60,,,1,ky-sbe,2026-09-08T00:21:59+00:00
2024,KY,21041,Carroll County,2024-10-29,7,mail,190,,121,58,,,1,ky-sbe,2026-09-08T00:21:59+00:00
2024,KY,21041,Carroll County,2024-10-30,6,inperson,220,,138,77,,,1,ky-sbe,2026-09-08T00:21:59+00:00
2024,KY,21041,Carroll County,2024-10-30,6,mail,201,,125,64,,,1,ky-sbe,2026-09-08T00:21:59+00:00
2024,KY,21041,Carroll County,2024-10-31,5,inperson,256,,164,86,,,1,ky-sbe,2026-09-08T00:21:59+00:00
2024,KY,21041,Carroll County,2024-10-31,5,mail,212,,133,67,,,1,ky-sbe,2026-09-08T00:21:59+00:00
2024,KY,21041,Carroll County,2024-11-01,4,inperson,743,,446,274,,,1,ky-sbe,2026-09-08T00:21:59+00:00
2024,KY,21041,Carroll County,2024-11-01,4,mail,224,,142,70,,,1,ky-sbe,2026-09-08T00:21:59+00:00
2024,KY,21041,Carroll County,2024-11-02,3,inperson,1200,,730,428,,,1,ky-sbe,2026-09-08T00:21:59+00:00
2024,KY,21041,Carroll County,2024-11-02,3,mail,228,,146,70,,,1,ky-sbe,2026-09-08T00:21:59+00:00
2024,KY,21041,Carroll County,2024-11-03,2,inperson,1493,,897,545,,,1,ky-sbe,2026-09-08T00:21:59+00:00
2024,KY,21041,Carroll County,2024-11-03,2,mail,228,,146,70,,,1,ky-sbe,2026-09-08T00:21:59+00:00
2024,KY,21041,Carroll County,2024-11-05,0,inperson,1493,,897,545,,,1,ky-sbe,2026-09-08T00:21:59+00:00
2024,KY,21041,Carroll County,2024-11-05,0,mail,240,,155,70,,,1,ky-sbe,2026-09-08T00:21:59+00:00
2024,KY,21043,Carter County,2024-09-23,43,mail,0,,,,,,1,ky-sbe,2026-09-08T00:21:59+00:00
2024,KY,21043,Carter County,2024-09-26,40,mail,0,,,,,,1,ky-sbe,2026-09-08T00:21:59+00:00
2024,KY,21043,Carter County,2024-09-30,36,mail,0,,,,,,1,ky-sbe,2026-09-08T00:21:59+00:00
2024,KY,21043,Carter County,2024-10-08,28,mail,50,,23,24,,,1,ky-sbe,2026-09-08T00:21:59+00:00
2024,KY,21043,Carter County,2024-10-14,22,mail,113,,58,49,,,1,ky-sbe,2026-09-08T00:21:59+00:00
2024,KY,21043,Carter County,2024-10-21,15,mail,271,,142,122,,,1,ky-sbe,2026-09-08T00:21:59+00:00
2024,KY,21043,Carter County,2024-10-23,13,mail,323,,169,143,,,1,ky-sbe,2026-09-08T00:21:59+00:00
2024,KY,21043,Carter County,2024-10-25,11,inperson,57,,15,41,,,1,ky-sbe,2026-09-08T00:21:59+00:00
2024,KY,21043,Carter County,2024-10-25,11,mail,352,,183,157,,,1,ky-sbe,2026-09-08T00:21:59+00:00
2024,KY,21043,Carter County,2024-10-26,10,inperson,94,,21,70,,,1,ky-sbe,2026-09-08T00:21:59+00:00
2024,KY,21043,Carter County,2024-10-26,10,mail,403,,212,177,,,1,ky-sbe,2026-09-08T00:21:59+00:00
2024,KY,21043,Carter County,2024-10-29,7,inperson,120,,34,81,,,1,ky-sbe,2026-09-08T00:21:59+00:00
2024,KY,21043,Carter County,2024-10-29,7,mail,436,,223,194,,,1,ky-sbe,2026-09-08T00:21:59+00:00
2024,KY,21043,Carter County,2024-10-30,6,inperson,143,,46,92,,,1,ky-sbe,2026-09-08T00:21:59+00:00
2024,KY,21043,Carter County,2024-10-30,6,mail,471,,235,211,,,1,ky-sbe,2026-09-08T00:21:59+00:00
2024,KY,21043,Carter County,2024-10-31,5,inperson,164,,53,106,,,1,ky-sbe,2026-09-08T00:21:59+00:00
2024,KY,21043,Carter County,2024-10-31,5,mail,507,,252,227,,,1,ky-sbe,2026-09-08T00:21:59+00:00
2024,KY,21043,Carter County,2024-11-01,4,inperson,1124,,373,688,,,1,ky-sbe,2026-09-08T00:21:59+00:00
2024,KY,21043,Carter County,2024-11-01,4,mail,529,,261,240,,,1,ky-sbe,2026-09-08T00:21:59+00:00
2024,KY,21043,Carter County,2024-11-02,3,inperson,2061,,688,1273,,,1,ky-sbe,2026-09-08T00:21:59+00:00
2024,KY,21043,Carter County,2024-11-02,3,mail,529,,261,240,,,1,ky-sbe,2026-09-08T00:21:59+00:00
2024,KY,21043,Carter County,2024-11-03,2,inperson,2846,,1001,1721,,,1,ky-sbe,2026-09-08T00:21:59+00:00
2024,KY,21043,Carter County,2024-11-03,2,mail,544,,267,249,,,1,ky-sbe,2026-09-08T00:21:59+00:00
2024,KY,21043,Carter County,2024-11-05,0,inperson,2846,,1001,1721,,,1,ky-sbe,2026-09-08T00:21:59+00:00
2024,KY,21043,Carter County,2024-11-05,0,mail,544,,267,249,,,1,ky-sbe,2026-09-08T00:21:59+00:00
2024,KY,21045,Casey County,2024-09-23,43,mail,0,,,,,,1,ky-sbe,2026-09-08T00:21:59+00:00
2024,KY,21045,Casey County,2024-09-26,40,mail,0,,,,,,1,ky-sbe,2026-09-08T00:21:59+00:00
2024,KY,21045,Casey County,2024-09-30,36,mail,0,,,,,,1,ky-sbe,2026-09-08T00:21:59+00:00
2024,KY,21045,Casey County,2024-10-08,28,mail,29,,6,19,,,1,ky-sbe,2026-09-08T00:21:59+00:00
2024,KY,21045,Casey County,2024-10-14,22,mail,54,,9,38,,,1,ky-sbe,2026-09-08T00:21:59+00:00
2024,KY,21045,Casey County,2024-10-21,15,mail,114,,16,83,,,1,ky-sbe,2026-09-08T00:21:59+00:00
2024,KY,21045,Casey County,2024-10-23,13,mail,122,,16,91,,,1,ky-sbe,2026-09-08T00:21:59+00:00
2024,KY,21045,Casey County,2024-10-25,11,inperson,66,,7,58,,,1,ky-sbe,2026-09-08T00:21:59+00:00
2024,KY,21045,Casey County,2024-10-25,11,mail,135,,18,100,,,1,ky-sbe,2026-09-08T00:21:59+00:00
2024,KY,21045,Casey County,2024-10-26,10,inperson,104,,12,88,,,1,ky-sbe,2026-09-08T00:21:59+00:00
2024,KY,21045,Casey County,2024-10-26,10,mail,135,,18,100,,,1,ky-sbe,2026-09-08T00:21:59+00:00
2024,KY,21045,Casey County,2024-10-29,7,inperson,124,,15,105,,,1,ky-sbe,2026-09-08T00:21:59+00:00
2024,KY,21045,Casey County,2024-10-29,7,mail,164,,25,120,,,1,ky-sbe,2026-09-08T00:21:59+00:00
2024,KY,21045,Casey County,2024-10-30,6,inperson,157,,16,137,,,1,ky-sbe,2026-09-08T00:21:59+00:00
2024,KY,21045,Casey County,2024-10-30,6,mail,164,,25,120,,,1,ky-sbe,2026-09-08T00:21:59+00:00
2024,KY,21045,Casey County,2024-10-31,5,inperson,176,,17,155,,,1,ky-sbe,2026-09-08T00:21:59+00:00
2024,KY,21045,Casey County,2024-10-31,5,mail,187,,32,135,,,1,ky-sbe,2026-09-08T00:21:59+00:00
2024,KY,21045,Casey County,2024-11-01,4,inperson,1332,,145,1141,,,1,ky-sbe,2026-09-08T00:21:59+00:00
2024,KY,21045,Casey County,2024-11-01,4,mail,190,,32,138,,,1,ky-sbe,2026-09-08T00:21:59+00:00
2024,KY,21045,Casey County,2024-11-02,3,inperson,2077,,209,1799,,,1,ky-sbe,2026-09-08T00:21:59+00:00
2024,KY,21045,Casey County,2024-11-02,3,mail,192,,32,140,,,1,ky-sbe,2026-09-08T00:21:59+00:00
2024,KY,21045,Casey County,2024-11-03,2,inperson,2787,,272,2426,,,1,ky-sbe,2026-09-08T00:21:59+00:00
2024,KY,21045,Casey County,2024-11-03,2,mail,205,,37,148,,,1,ky-sbe,2026-09-08T00:21:59+00:00
2024,KY,21045,Casey County,2024-11-05,0,inperson,2787,,272,2426,,,1,ky-sbe,2026-09-08T00:21:59+00:00
2024,KY,21045,Casey County,2024-11-05,0,mail,221,,42,155,,,1,ky-sbe,2026-09-08T00:21:59+00:00
2024,KY,21047,Christian County,2024-09-23,43,mail,0,,,,,,1,ky-sbe,2026-09-08T00:21:59+00:00
2024,KY,21047,Christian County,2024-09-26,40,mail,0,,,,,,1,ky-sbe,2026-09-08T00:21:59+00:00
2024,KY,21047,Christian County,2024-09-30,36,mail,0,,,,,,1,ky-sbe,2026-09-08T00:21:59+00:00
2024,KY,21047,Christian County,2024-10-08,28,mail,99,,50,35,,,1,ky-sbe,2026-09-08T00:21:59+00:00
2024,KY,21047,Christian County,2024-10-14,22,mail,167,,90,52,,,1,ky-sbe,2026-09-08T00:21:59+00:00
2024,KY,21047,Christian County,2024-10-21,15,mail,315,,175,92,,,1,ky-sbe,2026-09-08T00:21:59+00:00
2024,KY,21047,Christian County,2024-10-23,13,mail,427,,220,136,,,1,ky-sbe,2026-09-08T00:21:59+00:00
2024,KY,21047,Christian County,2024-10-25,11,inperson,89,,34,53,,,1,ky-sbe,2026-09-08T00:21:59+00:00
2024,KY,21047,Christian County,2024-10-25,11,mail,527,,274,172,,,1,ky-sbe,2026-09-08T00:21:59+00:00
2024,KY,21047,Christian County,2024-10-26,10,inperson,109,,42,64,,,1,ky-sbe,2026-09-08T00:21:59+00:00
2024,KY,21047,Christian County,2024-10-26,10,mail,582,,302,192,,,1,ky-sbe,2026-09-08T00:21:59+00:00
2024,KY,21047,Christian County,2024-10-29,7,inperson,148,,55,85,,,1,ky-sbe,2026-09-08T00:21:59+00:00
2024,KY,21047,Christian County,2024-10-29,7,mail,682,,347,238,,,1,ky-sbe,2026-09-08T00:21:59+00:00
2024,KY,21047,Christian County,2024-10-30,6,inperson,176,,68,97,,,1,ky-sbe,2026-09-08T00:21:59+00:00
2024,KY,21047,Christian County,2024-10-30,6,mail,720,,368,253,,,1,ky-sbe,2026-09-08T00:21:59+00:00
2024,KY,21047,Christian County,2024-10-31,5,inperson,197,,80,105,,,1,ky-sbe,2026-09-08T00:21:59+00:00
2024,KY,21047,Christian County,2024-10-31,5,mail,753,,384,264,,,1,ky-sbe,2026-09-08T00:21:59+00:00
2024,KY,21047,Christian County,2024-11-01,4,inperson,3130,,1491,1451,,,1,ky-sbe,2026-09-08T00:21:59+00:00
2024,KY,21047,Christian County,2024-11-01,4,mail,801,,410,283,,,1,ky-sbe,2026-09-08T00:21:59+00:00
2024,KY,21047,Christian County,2024-11-02,3,inperson,5975,,2845,2777,,,1,ky-sbe,2026-09-08T00:21:59+00:00
2024,KY,21047,Christian County,2024-11-02,3,mail,846,,430,300,,,1,ky-sbe,2026-09-08T00:21:59+00:00
2024,KY,21047,Christian County,2024-11-03,2,inperson,8397,,3954,3955,,,1,ky-sbe,2026-09-08T00:21:59+00:00
2024,KY,21047,Christian County,2024-11-03,2,mail,890,,453,313,,,1,ky-sbe,2026-09-08T00:21:59+00:00
2024,KY,21047,Christian County,2024-11-05,0,inperson,8397,,3954,3955,,,1,ky-sbe,2026-09-08T00:21:59+00:00
2024,KY,21047,Christian County,2024-11-05,0,mail,940,,474,330,,,1,ky-sbe,2026-09-08T00:21:59+00:00
2024,KY,21049,Clark County,2024-09-23,43,mail,0,,,,,,1,ky-sbe,2026-09-08T00:21:59+00:00
2024,KY,21049,Clark County,2024-09-26,40,mail,0,,,,,,1,ky-sbe,2026-09-08T00:21:59+00:00
2024,KY,21049,Clark County,2024-09-30,36,mail,0,,,,,,1,ky-sbe,2026-09-08T00:21:59+00:00
2024,KY,21049,Clark County,2024-10-08,28,mail,159,,97,42,,,1,ky-sbe,2026-09-08T00:21:59+00:00
2024,KY,21049,Clark County,2024-10-14,22,mail,296,,182,84,,,1,ky-sbe,2026-09-08T00:21:59+00:00
2024,KY,21049,Clark County,2024-10-21,15,mail,441,,255,147,,,1,ky-sbe,2026-09-08T00:21:59+00:00
2024,KY,21049,Clark County,2024-10-23,13,mail,540,,313,183,,,1,ky-sbe,2026-09-08T00:21:59+00:00
2024,KY,21049,Clark County,2024-10-25,11,inperson,59,,22,36,,,1,ky-sbe,2026-09-08T00:21:59+00:00
2024,KY,21049,Clark County,2024-10-25,11,mail,617,,355,210,,,1,ky-sbe,2026-09-08T00:21:59+00:00
2024,KY,21049,Clark County,2024-10-26,10,inperson,84,,31,50,,,1,ky-sbe,2026-09-08T00:21:59+00:00
2024,KY,21049,Clark County,2024-10-26,10,mail,632,,363,216,,,1,ky-sbe,2026-09-08T00:21:59+00:00
2024,KY,21049,Clark County,2024-10-29,7,inperson,110,,42,65,,,1,ky-sbe,2026-09-08T00:21:59+00:00
2024,KY,21049,Clark County,2024-10-29,7,mail,688,,389,241,,,1,ky-sbe,2026-09-08T00:21:59+00:00
2024,KY,21049,Clark County,2024-10-30,6,inperson,118,,43,72,,,1,ky-sbe,2026-09-08T00:21:59+00:00
2024,KY,21049,Clark County,2024-10-30,6,mail,721,,402,260,,,1,ky-sbe,2026-09-08T00:21:59+00:00
2024,KY,21049,Clark County,2024-10-31,5,inperson,131,,48,79,,,1,ky-sbe,2026-09-08T00:21:59+00:00
2024,KY,21049,Clark County,2024-10-31,5,mail,770,,433,274,,,1,ky-sbe,2026-09-08T00:21:59+00:00
2024,KY,21049,Clark County,2024-11-01,4,inperson,2024,,838,1073,,,1,ky-sbe,2026-09-08T00:21:59+00:00
2024,KY,21049,Clark County,2024-11-01,4,mail,804,,451,287,,,1,ky-sbe,2026-09-08T00:21:59+00:00
2024,KY,21049,Clark County,2024-11-02,3,inperson,3847,,1559,2053,,,1,ky-sbe,2026-09-08T00:21:59+00:00
2024,KY,21049,Clark County,2024-11-02,3,mail,833,,465,299,,,1,ky-sbe,2026-09-08T00:21:59+00:00
2024,KY,21049,Clark County,2024-11-03,2,inperson,5704,,2312,3006,,,1,ky-sbe,2026-09-08T00:21:59+00:00
2024,KY,21049,Clark County,2024-11-03,2,mail,856,,474,308,,,1,ky-sbe,2026-09-08T00:21:59+00:00
2024,KY,21049,Clark County,2024-11-05,0,inperson,5704,,2312,3006,,,1,ky-sbe,2026-09-08T00:21:59+00:00
2024,KY,21049,Clark County,2024-11-05,0,mail,924,,513,323,,,1,ky-sbe,2026-09-08T00:21:59+00:00
2024,KY,21051,Clay County,2024-09-23,43,mail,0,,,,,,1,ky-sbe,2026-09-08T00:21:59+00:00
2024,KY,21051,Clay County,2024-09-26,40,mail,0,,,,,,1,ky-sbe,2026-09-08T00:21:59+00:00
2024,KY,21051,Clay County,2024-09-30,36,mail,0,,,,,,1,ky-sbe,2026-09-08T00:21:59+00:00
2024,KY,21051,Clay County,2024-10-08,28,mail,66,,18,46,,,1,ky-sbe,2026-09-08T00:21:59+00:00
2024,KY,21051,Clay County,2024-10-14,22,mail,96,,27,67,,,1,ky-sbe,2026-09-08T00:21:59+00:00
2024,KY,21051,Clay County,2024-10-21,15,mail,158,,34,116,,,1,ky-sbe,2026-09-08T00:21:59+00:00
2024,KY,21051,Clay County,2024-10-23,13,mail,199,,39,149,,,1,ky-sbe,2026-09-08T00:21:59+00:00
2024,KY,21051,Clay County,2024-10-25,11,inperson,59,,5,52,,,1,ky-sbe,2026-09-08T00:21:59+00:00
2024,KY,21051,Clay County,2024-10-25,11,mail,231,,44,175,,,1,ky-sbe,2026-09-08T00:21:59+00:00
2024,KY,21051,Clay County,2024-10-26,10,inperson,85,,7,76,,,1,ky-sbe,2026-09-08T00:21:59+00:00
2024,KY,21051,Clay County,2024-10-26,10,mail,248,,48,186,,,1,ky-sbe,2026-09-08T00:21:59+00:00
2024,KY,21051,Clay County,2024-10-29,7,inperson,114,,11,101,,,1,ky-sbe,2026-09-08T00:21:59+00:00
2024,KY,21051,Clay County,2024-10-29,7,mail,282,,57,209,,,1,ky-sbe,2026-09-08T00:21:59+00:00
2024,KY,21051,Clay County,2024-10-30,6,inperson,144,,14,128,,,1,ky-sbe,2026-09-08T00:21:59+00:00
2024,KY,21051,Clay County,2024-10-30,6,mail,291,,58,217,,,1,ky-sbe,2026-09-08T00:21:59+00:00
2024,KY,21051,Clay County,2024-10-31,5,inperson,171,,19,150,,,1,ky-sbe,2026-09-08T00:21:59+00:00
2024,KY,21051,Clay County,2024-10-31,5,mail,303,,62,225,,,1,ky-sbe,2026-09-08T00:21:59+00:00
2024,KY,21051,Clay County,2024-11-01,4,inperson,469,,51,409,,,1,ky-sbe,2026-09-08T00:21:59+00:00
2024,KY,21051,Clay County,2024-11-01,4,mail,327,,62,247,,,1,ky-sbe,2026-09-08T00:21:59+00:00
2024,KY,21051,Clay County,2024-11-02,3,inperson,799,,83,698,,,1,ky-sbe,2026-09-08T00:21:59+00:00
2024,KY,21051,Clay County,2024-11-02,3,mail,336,,63,253,,,1,ky-sbe,2026-09-08T00:21:59+00:00
2024,KY,21051,Clay County,2024-11-03,2,inperson,1101,,108,968,,,1,ky-sbe,2026-09-08T00:21:59+00:00
2024,KY,21051,Clay County,2024-11-03,2,mail,344,,67,257,,,1,ky-sbe,2026-09-08T00:21:59+00:00
2024,KY,21051,Clay County,2024-11-05,0,inperson,1101,,108,968,,,1,ky-sbe,2026-09-08T00:21:59+00:00
2024,KY,21051,Clay County,2024-11-05,0,mail,372,,73,276,,,1,ky-sbe,2026-09-08T00:21:59+00:00
2024,KY,21053,Clinton County,2024-09-23,43,mail,0,,,,,,1,ky-sbe,2026-09-08T00:21:59+00:00
2024,KY,21053,Clinton County,2024-09-26,40,mail,0,,,,,,1,ky-sbe,2026-09-08T00:21:59+00:00
2024,KY,21053,Clinton County,2024-09-30,36,mail,0,,,,,,1,ky-sbe,2026-09-08T00:21:59+00:00
2024,KY,21053,Clinton County,2024-10-08,28,mail,104,,13,87,,,1,ky-sbe,2026-09-08T00:21:59+00:00
2024,KY,21053,Clinton County,2024-10-14,22,mail,142,,17,120,,,1,ky-sbe,2026-09-08T00:21:59+00:00
2024,KY,21053,Clinton County,2024-10-21,15,mail,206,,26,175,,,1,ky-sbe,2026-09-08T00:21:59+00:00
2024,KY,21053,Clinton County,2024-10-23,13,mail,291,,35,249,,,1,ky-sbe,2026-09-08T00:21:59+00:00
2024,KY,21053,Clinton County,2024-10-25,11,inperson,49,,5,42,,,1,ky-sbe,2026-09-08T00:21:59+00:00
2024,KY,21053,Clinton County,2024-10-25,11,mail,312,,39,265,,,1,ky-sbe,2026-09-08T00:21:59+00:00
2024,KY,21053,Clinton County,2024-10-26,10,inperson,68,,5,60,,,1,ky-sbe,2026-09-08T00:21:59+00:00
2024,KY,21053,Clinton County,2024-10-26,10,mail,327,,43,276,,,1,ky-sbe,2026-09-08T00:21:59+00:00
2024,KY,21053,Clinton County,2024-10-29,7,inperson,102,,10,87,,,1,ky-sbe,2026-09-08T00:21:59+00:00
2024,KY,21053,Clinton County,2024-10-29,7,mail,344,,43,293,,,1,ky-sbe,2026-09-08T00:21:59+00:00
2024,KY,21053,Clinton County,2024-10-30,6,inperson,126,,12,109,,,1,ky-sbe,2026-09-08T00:21:59+00:00
2024,KY,21053,Clinton County,2024-10-30,6,mail,386,,49,328,,,1,ky-sbe,2026-09-08T00:21:59+00:00
2024,KY,21053,Clinton County,2024-10-31,5,inperson,143,,13,125,,,1,ky-sbe,2026-09-08T00:21:59+00:00
2024,KY,21053,Clinton County,2024-10-31,5,mail,389,,50,329,,,1,ky-sbe,2026-09-08T00:21:59+00:00
2024,KY,21053,Clinton County,2024-11-01,4,inperson,1176,,93,1058,,,1,ky-sbe,2026-09-08T00:21:59+00:00
2024,KY,21053,Clinton County,2024-11-01,4,mail,400,,52,337,,,1,ky-sbe,2026-09-08T00:21:59+00:00
2024,KY,21053,Clinton County,2024-11-02,3,inperson,1999,,155,1813,,,1,ky-sbe,2026-09-08T00:21:59+00:00
2024,KY,21053,Clinton County,2024-11-02,3,mail,403,,54,338,,,1,ky-sbe,2026-09-08T00:21:59+00:00
2024,KY,21053,Clinton County,2024-11-03,2,inperson,2640,,214,2383,,,1,ky-sbe,2026-09-08T00:21:59+00:00
2024,KY,21053,Clinton County,2024-11-03,2,mail,408,,54,343,,,1,ky-sbe,2026-09-08T00:21:59+00:00
2024,KY,21053,Clinton County,2024-11-05,0,inperson,2640,,214,2383,,,1,ky-sbe,2026-09-08T00:21:59+00:00
2024,KY,21053,Clinton County,2024-11-05,0,mail,438,,63,363,,,1,ky-sbe,2026-09-08T00:21:59+00:00
2024,KY,21055,Crittenden County,2024-09-23,43,mail,0,,,,,,1,ky-sbe,2026-09-08T00:21:59+00:00
2024,KY,21055,Crittenden County,2024-09-26,40,mail,0,,,,,,1,ky-sbe,2026-09-08T00:21:59+00:00
2024,KY,21055,Crittenden County,2024-09-30,36,mail,0,,,,,,1,ky-sbe,2026-09-08T00:21:59+00:00
2024,KY,21055,Crittenden County,2024-10-08,28,mail,20,,7,11,,,1,ky-sbe,2026-09-08T00:21:59+00:00
2024,KY,21055,Crittenden County,2024-10-14,22,mail,31,,11,16,,,1,ky-sbe,2026-09-08T00:21:59+00:00
2024,KY,21055,Crittenden County,2024-10-21,15,mail,50,,21,24,,,1,ky-sbe,2026-09-08T00:21:59+00:00
2024,KY,21055,Crittenden County,2024-10-23,13,mail,60,,25,30,,,1,ky-sbe,2026-09-08T00:21:59+00:00
2024,KY,21055,Crittenden County,2024-10-25,11,inperson,15,,2,12,,,1,ky-sbe,2026-09-08T00:21:59+00:00
2024,KY,21055,Crittenden County,2024-10-25,11,mail,70,,29,36,,,1,ky-sbe,2026-09-08T00:21:59+00:00
2024,KY,21055,Crittenden County,2024-10-26,10,inperson,23,,5,16,,,1,ky-sbe,2026-09-08T00:21:59+00:00
2024,KY,21055,Crittenden County,2024-10-26,10,mail,74,,29,39,,,1,ky-sbe,2026-09-08T00:21:59+00:00
2024,KY,21055,Crittenden County,2024-10-29,7,inperson,38,,5,29,,,1,ky-sbe,2026-09-08T00:21:59+00:00
2024,KY,21055,Crittenden County,2024-10-29,7,mail,82,,33,42,,,1,ky-sbe,2026-09-08T00:21:59+00:00
2024,KY,21055,Crittenden County,2024-10-30,6,inperson,47,,6,35,,,1,ky-sbe,2026-09-08T00:21:59+00:00
2024,KY,21055,Crittenden County,2024-10-30,6,mail,86,,35,44,,,1,ky-sbe,2026-09-08T00:21:59+00:00
2024,KY,21055,Crittenden County,2024-10-31,5,inperson,54,,8,39,,,1,ky-sbe,2026-09-08T00:21:59+00:00
2024,KY,21055,Crittenden County,2024-10-31,5,mail,88,,36,45,,,1,ky-sbe,2026-09-08T00:21:59+00:00
2024,KY,21055,Crittenden County,2024-11-01,4,inperson,637,,152,450,,,1,ky-sbe,2026-09-08T00:21:59+00:00
2024,KY,21055,Crittenden County,2024-11-01,4,mail,92,,38,47,,,1,ky-sbe,2026-09-08T00:21:59+00:00
2024,KY,21055,Crittenden County,2024-11-02,3,inperson,1214,,291,859,,,1,ky-sbe,2026-09-08T00:21:59+00:00
2024,KY,21055,Crittenden County,2024-11-02,3,mail,92,,38,47,,,1,ky-sbe,2026-09-08T00:21:59+00:00
2024,KY,21055,Crittenden County,2024-11-03,2,inperson,1575,,376,1113,,,1,ky-sbe,2026-09-08T00:21:59+00:00
2024,KY,21055,Crittenden County,2024-11-03,2,mail,100,,40,50,,,1,ky-sbe,2026-09-08T00:21:59+00:00
2024,KY,21055,Crittenden County,2024-11-05,0,inperson,1575,,376,1113,,,1,ky-sbe,2026-09-08T00:21:59+00:00
2024,KY,21055,Crittenden County,2024-11-05,0,mail,103,,42,51,,,1,ky-sbe,2026-09-08T00:21:59+00:00
2024,KY,21057,Cumberland County,2024-09-23,43,mail,0,,,,,,1,ky-sbe,2026-09-08T00:21:59+00:00
2024,KY,21057,Cumberland County,2024-09-26,40,mail,0,,,,,,1,ky-sbe,2026-09-08T00:21:59+00:00
2024,KY,21057,Cumberland County,2024-09-30,36,mail,0,,,,,,1,ky-sbe,2026-09-08T00:21:59+00:00
2024,KY,21057,Cumberland County,2024-10-08,28,mail,25,,9,15,,,1,ky-sbe,2026-09-08T00:21:59+00:00
2024,KY,21057,Cumberland County,2024-10-14,22,mail,48,,12,33,,,1,ky-sbe,2026-09-08T00:21:59+00:00
2024,KY,21057,Cumberland County,2024-10-21,15,mail,85,,16,64,,,1,ky-sbe,2026-09-08T00:21:59+00:00
2024,KY,21057,Cumberland County,2024-10-23,13,mail,97,,20,72,,,1,ky-sbe,2026-09-08T00:21:59+00:00
2024,KY,21057,Cumberland County,2024-10-25,11,inperson,18,,5,11,,,1,ky-sbe,2026-09-08T00:21:59+00:00
2024,KY,21057,Cumberland County,2024-10-25,11,mail,117,,23,87,,,1,ky-sbe,2026-09-08T00:21:59+00:00
2024,KY,21057,Cumberland County,2024-10-26,10,inperson,25,,5,18,,,1,ky-sbe,2026-09-08T00:21:59+00:00
2024,KY,21057,Cumberland County,2024-10-26,10,mail,124,,23,94,,,1,ky-sbe,2026-09-08T00:21:59+00:00
2024,KY,21057,Cumberland County,2024-10-29,7,inperson,32,,5,25,,,1,ky-sbe,2026-09-08T00:21:59+00:00
2024,KY,21057,Cumberland County,2024-10-29,7,mail,139,,24,105,,,1,ky-sbe,2026-09-08T00:21:59+00:00
2024,KY,21057,Cumberland County,2024-10-30,6,inperson,35,,6,27,,,1,ky-sbe,2026-09-08T00:21:59+00:00
2024,KY,21057,Cumberland County,2024-10-30,6,mail,157,,25,122,,,1,ky-sbe,2026-09-08T00:21:59+00:00
2024,KY,21057,Cumberland County,2024-10-31,5,inperson,38,,6,30,,,1,ky-sbe,2026-09-08T00:21:59+00:00
2024,KY,21057,Cumberland County,2024-10-31,5,mail,161,,26,125,,,1,ky-sbe,2026-09-08T00:21:59+00:00
2024,KY,21057,Cumberland County,2024-11-01,4,inperson,494,,52,432,,,1,ky-sbe,2026-09-08T00:21:59+00:00
2024,KY,21057,Cumberland County,2024-11-01,4,mail,167,,27,130,,,1,ky-sbe,2026-09-08T00:21:59+00:00
2024,KY,21057,Cumberland County,2024-11-02,3,inperson,957,,91,836,,,1,ky-sbe,2026-09-08T00:21:59+00:00
2024,KY,21057,Cumberland County,2024-11-02,3,mail,172,,29,133,,,1,ky-sbe,2026-09-08T00:21:59+00:00
2024,KY,21057,Cumberland County,2024-11-03,2,inperson,1279,,115,1118,,,1,ky-sbe,2026-09-08T00:21:59+00:00
2024,KY,21057,Cumberland County,2024-11-03,2,mail,174,,29,135,,,1,ky-sbe,2026-09-08T00:21:59+00:00
2024,KY,21057,Cumberland County,2024-11-05,0,inperson,1279,,115,1118,,,1,ky-sbe,2026-09-08T00:21:59+00:00
2024,KY,21057,Cumberland County,2024-11-05,0,mail,185,,32,142,,,1,ky-sbe,2026-09-08T00:21:59+00:00
2024,KY,21059,Daviess County,2024-09-23,43,mail,0,,,,,,1,ky-sbe,2026-09-08T00:21:59+00:00
2024,KY,21059,Daviess County,2024-09-26,40,mail,0,,,,,,1,ky-sbe,2026-09-08T00:21:59+00:00
2024,KY,21059,Daviess County,2024-09-30,36,mail,0,,,,,,1,ky-sbe,2026-09-08T00:21:59+00:00
2024,KY,21059,Daviess County,2024-10-08,28,mail,436,,247,152,,,1,ky-sbe,2026-09-08T00:21:59+00:00
2024,KY,21059,Daviess County,2024-10-14,22,mail,745,,436,252,,,1,ky-sbe,2026-09-08T00:21:59+00:00
2024,KY,21059,Daviess County,2024-10-21,15,mail,1244,,737,406,,,1,ky-sbe,2026-09-08T00:21:59+00:00
2024,KY,21059,Daviess County,2024-10-23,13,mail,1564,,914,515,,,1,ky-sbe,2026-09-08T00:21:59+00:00
2024,KY,21059,Daviess County,2024-10-25,11,inperson,222,,81,129,,,1,ky-sbe,2026-09-08T00:21:59+00:00
2024,KY,21059,Daviess County,2024-10-25,11,mail,1810,,1041,603,,,1,ky-sbe,2026-09-08T00:21:59+00:00
2024,KY,21059,Daviess County,2024-10-26,10,inperson,295,,104,172,,,1,ky-sbe,2026-09-08T00:21:59+00:00
2024,KY,21059,Daviess County,2024-10-26,10,mail,1914,,1096,642,,,1,ky-sbe,2026-09-08T00:21:59+00:00
2024,KY,21059,Daviess County,2024-10-29,7,inperson,351,,122,208,,,1,ky-sbe,2026-09-08T00:21:59+00:00
2024,KY,21059,Daviess County,2024-10-29,7,mail,2077,,1177,709,,,1,ky-sbe,2026-09-08T00:21:59+00:00
2024,KY,21059,Daviess County,2024-10-30,6,inperson,411,,137,252,,,1,ky-sbe,2026-09-08T00:21:59+00:00
2024,KY,21059,Daviess County,2024-10-30,6,mail,2251,,1261,783,,,1,ky-sbe,2026-09-08T00:21:59+00:00
2024,KY,21059,Daviess County,2024-10-31,5,inperson,445,,149,274,,,1,ky-sbe,2026-09-08T00:21:59+00:00
2024,KY,21059,Daviess County,2024-10-31,5,mail,2321,,1294,813,,,1,ky-sbe,2026-09-08T00:21:59+00:00
2024,KY,21059,Daviess County,2024-11-01,4,inperson,3999,,1694,2096,,,1,ky-sbe,2026-09-08T00:21:59+00:00
2024,KY,21059,Daviess County,2024-11-01,4,mail,2412,,1337,851,,,1,ky-sbe,2026-09-08T00:21:59+00:00
2024,KY,21059,Daviess County,2024-11-02,3,inperson,8067,,3490,4148,,,1,ky-sbe,2026-09-08T00:21:59+00:00
2024,KY,21059,Daviess County,2024-11-02,3,mail,2499,,1382,888,,,1,ky-sbe,2026-09-08T00:21:59+00:00
2024,KY,21059,Daviess County,2024-11-03,2,inperson,12009,,5129,6196,,,1,ky-sbe,2026-09-08T00:21:59+00:00
2024,KY,21059,Daviess County,2024-11-03,2,mail,2499,,1382,888,,,1,ky-sbe,2026-09-08T00:21:59+00:00
2024,KY,21059,Daviess County,2024-11-05,0,inperson,12009,,5129,6196,,,1,ky-sbe,2026-09-08T00:21:59+00:00
2024,KY,21059,Daviess County,2024-11-05,0,mail,2723,,1499,973,,,1,ky-sbe,2026-09-08T00:21:59+00:00
2024,KY,21061,Edmonson County,2024-09-23,43,mail,0,,,,,,1,ky-sbe,2026-09-08T00:21:59+00:00
2024,KY,21061,Edmonson County,2024-09-26,40,mail,0,,,,,,1,ky-sbe,2026-09-08T00:21:59+00:00
2024,KY,21061,Edmonson County,2024-09-30,36,mail,0,,,,,,1,ky-sbe,2026-09-08T00:21:59+00:00
2024,KY,21061,Edmonson County,2024-10-08,28,mail,34,,7,20,,,1,ky-sbe,2026-09-08T00:21:59+00:00
2024,KY,21061,Edmonson County,2024-10-14,22,mail,43,,10,26,,,1,ky-sbe,2026-09-08T00:21:59+00:00
2024,KY,21061,Edmonson County,2024-10-21,15,mail,94,,26,58,,,1,ky-sbe,2026-09-08T00:21:59+00:00
2024,KY,21061,Edmonson County,2024-10-23,13,mail,126,,41,75,,,1,ky-sbe,2026-09-08T00:21:59+00:00
2024,KY,21061,Edmonson County,2024-10-25,11,inperson,39,,6,31,,,1,ky-sbe,2026-09-08T00:21:59+00:00
2024,KY,21061,Edmonson County,2024-10-25,11,mail,151,,47,93,,,1,ky-sbe,2026-09-08T00:21:59+00:00
2024,KY,21061,Edmonson County,2024-10-26,10,inperson,63,,11,50,,,1,ky-sbe,2026-09-08T00:21:59+00:00
2024,KY,21061,Edmonson County,2024-10-26,10,mail,165,,50,102,,,1,ky-sbe,2026-09-08T00:21:59+00:00
2024,KY,21061,Edmonson County,2024-10-29,7,inperson,96,,19,75,,,1,ky-sbe,2026-09-08T00:21:59+00:00
2024,KY,21061,Edmonson County,2024-10-29,7,mail,170,,51,106,,,1,ky-sbe,2026-09-08T00:21:59+00:00
2024,KY,21061,Edmonson County,2024-10-30,6,inperson,120,,24,93,,,1,ky-sbe,2026-09-08T00:21:59+00:00
2024,KY,21061,Edmonson County,2024-10-30,6,mail,173,,51,108,,,1,ky-sbe,2026-09-08T00:21:59+00:00
2024,KY,21061,Edmonson County,2024-10-31,5,inperson,144,,31,110,,,1,ky-sbe,2026-09-08T00:21:59+00:00
2024,KY,21061,Edmonson County,2024-10-31,5,mail,181,,54,113,,,1,ky-sbe,2026-09-08T00:21:59+00:00
2024,KY,21061,Edmonson County,2024-11-01,4,inperson,670,,124,525,,,1,ky-sbe,2026-09-08T00:21:59+00:00
2024,KY,21061,Edmonson County,2024-11-01,4,mail,181,,54,113,,,1,ky-sbe,2026-09-08T00:21:59+00:00
2024,KY,21061,Edmonson County,2024-11-02,3,inperson,1337,,241,1047,,,1,ky-sbe,2026-09-08T00:21:59+00:00
2024,KY,21061,Edmonson County,2024-11-02,3,mail,207,,62,129,,,1,ky-sbe,2026-09-08T00:21:59+00:00
2024,KY,21061,Edmonson County,2024-11-03,2,inperson,1876,,322,1478,,,1,ky-sbe,2026-09-08T00:21:59+00:00
2024,KY,21061,Edmonson County,2024-11-03,2,mail,212,,64,132,,,1,ky-sbe,2026-09-08T00:21:59+00:00
2024,KY,21061,Edmonson County,2024-11-05,0,inperson,1876,,322,1478,,,1,ky-sbe,2026-09-08T00:21:59+00:00
2024,KY,21061,Edmonson County,2024-11-05,0,mail,216,,64,135,,,1,ky-sbe,2026-09-08T00:21:59+00:00
2024,KY,21063,Elliott County,2024-09-23,43,mail,0,,,,,,1,ky-sbe,2026-09-08T00:21:59+00:00
2024,KY,21063,Elliott County,2024-09-26,40,mail,0,,,,,,1,ky-sbe,2026-09-08T00:21:59+00:00
2024,KY,21063,Elliott County,2024-09-30,36,mail,0,,,,,,1,ky-sbe,2026-09-08T00:21:59+00:00
2024,KY,21063,Elliott County,2024-10-08,28,mail,24,,19,5,,,1,ky-sbe,2026-09-08T00:21:59+00:00
2024,KY,21063,Elliott County,2024-10-14,22,mail,41,,32,8,,,1,ky-sbe,2026-09-08T00:21:59+00:00
2024,KY,21063,Elliott County,2024-10-21,15,mail,74,,57,16,,,1,ky-sbe,2026-09-08T00:21:59+00:00
2024,KY,21063,Elliott County,2024-10-23,13,mail,107,,82,21,,,1,ky-sbe,2026-09-08T00:21:59+00:00
2024,KY,21063,Elliott County,2024-10-25,11,inperson,34,,21,13,,,1,ky-sbe,2026-09-08T00:21:59+00:00
2024,KY,21063,Elliott County,2024-10-25,11,mail,125,,96,25,,,1,ky-sbe,2026-09-08T00:21:59+00:00
2024,KY,21063,Elliott County,2024-10-26,10,inperson,57,,37,19,,,1,ky-sbe,2026-09-08T00:21:59+00:00
2024,KY,21063,Elliott County,2024-10-26,10,mail,128,,98,26,,,1,ky-sbe,2026-09-08T00:21:59+00:00
2024,KY,21063,Elliott County,2024-10-29,7,inperson,85,,53,29,,,1,ky-sbe,2026-09-08T00:21:59+00:00
2024,KY,21063,Elliott County,2024-10-29,7,mail,137,,105,28,,,1,ky-sbe,2026-09-08T00:21:59+00:00
2024,KY,21063,Elliott County,2024-10-30,6,inperson,99,,65,31,,,1,ky-sbe,2026-09-08T00:21:59+00:00
2024,KY,21063,Elliott County,2024-10-30,6,mail,137,,105,28,,,1,ky-sbe,2026-09-08T00:21:59+00:00
2024,KY,21063,Elliott County,2024-10-31,5,inperson,113,,75,35,,,1,ky-sbe,2026-09-08T00:21:59+00:00
2024,KY,21063,Elliott County,2024-10-31,5,mail,141,,107,30,,,1,ky-sbe,2026-09-08T00:21:59+00:00
2024,KY,21063,Elliott County,2024-11-01,4,inperson,296,,186,99,,,1,ky-sbe,2026-09-08T00:21:59+00:00
2024,KY,21063,Elliott County,2024-11-01,4,mail,185,,137,44,,,1,ky-sbe,2026-09-08T00:21:59+00:00
2024,KY,21063,Elliott County,2024-11-02,3,inperson,467,,292,154,,,1,ky-sbe,2026-09-08T00:21:59+00:00
2024,KY,21063,Elliott County,2024-11-02,3,mail,186,,137,44,,,1,ky-sbe,2026-09-08T00:21:59+00:00
2024,KY,21063,Elliott County,2024-11-03,2,inperson,640,,410,202,,,1,ky-sbe,2026-09-08T00:21:59+00:00
2024,KY,21063,Elliott County,2024-11-03,2,mail,186,,137,44,,,1,ky-sbe,2026-09-08T00:21:59+00:00
2024,KY,21063,Elliott County,2024-11-05,0,inperson,640,,410,202,,,1,ky-sbe,2026-09-08T00:21:59+00:00
2024,KY,21063,Elliott County,2024-11-05,0,mail,198,,147,46,,,1,ky-sbe,2026-09-08T00:21:59+00:00
2024,KY,21065,Estill County,2024-09-23,43,mail,0,,,,,,1,ky-sbe,2026-09-08T00:21:59+00:00
2024,KY,21065,Estill County,2024-09-26,40,mail,0,,,,,,1,ky-sbe,2026-09-08T00:21:59+00:00
2024,KY,21065,Estill County,2024-09-30,36,mail,0,,,,,,1,ky-sbe,2026-09-08T00:21:59+00:00
2024,KY,21065,Estill County,2024-10-08,28,mail,46,,14,28,,,1,ky-sbe,2026-09-08T00:21:59+00:00
2024,KY,21065,Estill County,2024-10-14,22,mail,66,,24,37,,,1,ky-sbe,2026-09-08T00:21:59+00:00
2024,KY,21065,Estill County,2024-10-21,15,mail,92,,36,50,,,1,ky-sbe,2026-09-08T00:21:59+00:00
2024,KY,21065,Estill County,2024-10-23,13,mail,114,,43,62,,,1,ky-sbe,2026-09-08T00:21:59+00:00
2024,KY,21065,Estill County,2024-10-25,11,inperson,18,,3,15,,,1,ky-sbe,2026-09-08T00:21:59+00:00
2024,KY,21065,Estill County,2024-10-25,11,mail,135,,53,72,,,1,ky-sbe,2026-09-08T00:21:59+00:00
2024,KY,21065,Estill County,2024-10-26,10,inperson,30,,7,23,,,1,ky-sbe,2026-09-08T00:21:59+00:00
2024,KY,21065,Estill County,2024-10-26,10,mail,140,,56,74,,,1,ky-sbe,2026-09-08T00:21:59+00:00
2024,KY,21065,Estill County,2024-10-29,7,inperson,44,,11,33,,,1,ky-sbe,2026-09-08T00:21:59+00:00
2024,KY,21065,Estill County,2024-10-29,7,mail,154,,61,82,,,1,ky-sbe,2026-09-08T00:21:59+00:00
2024,KY,21065,Estill County,2024-10-30,6,inperson,48,,12,36,,,1,ky-sbe,2026-09-08T00:21:59+00:00
2024,KY,21065,Estill County,2024-10-30,6,mail,163,,65,87,,,1,ky-sbe,2026-09-08T00:21:59+00:00
2024,KY,21065,Estill County,2024-10-31,5,inperson,56,,12,44,,,1,ky-sbe,2026-09-08T00:21:59+00:00
2024,KY,21065,Estill County,2024-10-31,5,mail,301,,119,168,,,1,ky-sbe,2026-09-08T00:21:59+00:00
2024,KY,21065,Estill County,2024-11-01,4,inperson,555,,137,386,,,1,ky-sbe,2026-09-08T00:21:59+00:00
2024,KY,21065,Estill County,2024-11-01,4,mail,311,,122,173,,,1,ky-sbe,2026-09-08T00:21:59+00:00
2024,KY,21065,Estill County,2024-11-02,3,inperson,1171,,301,807,,,1,ky-sbe,2026-09-08T00:21:59+00:00
2024,KY,21065,Estill County,2024-11-02,3,mail,329,,131,180,,,1,ky-sbe,2026-09-08T00:21:59+00:00
2024,KY,21065,Estill County,2024-11-03,2,inperson,1799,,460,1246,,,1,ky-sbe,2026-09-08T00:21:59+00:00
2024,KY,21065,Estill County,2024-11-03,2,mail,329,,131,180,,,1,ky-sbe,2026-09-08T00:21:59+00:00
2024,KY,21065,Estill County,2024-11-05,0,inperson,1799,,460,1246,,,1,ky-sbe,2026-09-08T00:21:59+00:00
2024,KY,21065,Estill County,2024-11-05,0,mail,329,,131,180,,,1,ky-sbe,2026-09-08T00:21:59+00:00
2024,KY,21067,Fayette County,2024-09-23,43,mail,0,,,,,,1,ky-sbe,2026-09-08T00:21:59+00:00
2024,KY,21067,Fayette County,2024-09-26,40,mail,0,,,,,,1,ky-sbe,2026-09-08T00:21:59+00:00
2024,KY,21067,Fayette County,2024-09-30,36,mail,0,,,,,,1,ky-sbe,2026-09-08T00:21:59+00:00
2024,KY,21067,Fayette County,2024-10-08,28,mail,1444,,921,367,,,1,ky-sbe,2026-09-08T00:21:59+00:00
2024,KY,21067,Fayette County,2024-10-14,22,mail,2364,,1447,652,,,1,ky-sbe,2026-09-08T00:21:59+00:00
2024,KY,21067,Fayette County,2024-10-21,15,mail,4698,,2859,1294,,,1,ky-sbe,2026-09-08T00:21:59+00:00
2024,KY,21067,Fayette County,2024-10-23,13,mail,6374,,3844,1780,,,1,ky-sbe,2026-09-08T00:21:59+00:00
2024,KY,21067,Fayette County,2024-10-25,11,inperson,367,,181,149,,,1,ky-sbe,2026-09-08T00:21:59+00:00
2024,KY,21067,Fayette County,2024-10-25,11,mail,7433,,4458,2081,,,1,ky-sbe,2026-09-08T00:21:59+00:00
2024,KY,21067,Fayette County,2024-10-26,10,inperson,506,,244,212,,,1,ky-sbe,2026-09-08T00:21:59+00:00
2024,KY,21067,Fayette County,2024-10-26,10,mail,7609,,4567,2124,,,1,ky-sbe,2026-09-08T00:21:59+00:00
2024,KY,21067,Fayette County,2024-10-29,7,inperson,613,,310,242,,,1,ky-sbe,2026-09-08T00:21:59+00:00
2024,KY,21067,Fayette County,2024-10-29,7,mail,8829,,5297,2454,,,1,ky-sbe,2026-09-08T00:21:59+00:00
2024,KY,21067,Fayette County,2024-10-30,6,inperson,696,,357,267,,,1,ky-sbe,2026-09-08T00:21:59+00:00
2024,KY,21067,Fayette County,2024-10-30,6,mail,9002,,5390,2499,,,1,ky-sbe,2026-09-08T00:21:59+00:00
2024,KY,21067,Fayette County,2024-10-31,5,inperson,761,,389,293,,,1,ky-sbe,2026-09-08T00:21:59+00:00
2024,KY,21067,Fayette County,2024-10-31,5,mail,9744,,5819,2708,,,1,ky-sbe,2026-09-08T00:21:59+00:00
2024,KY,21067,Fayette County,2024-11-01,4,inperson,9007,,5119,3013,,,1,ky-sbe,2026-09-08T00:21:59+00:00
2024,KY,21067,Fayette County,2024-11-01,4,mail,10430,,6227,2898,,,1,ky-sbe,2026-09-08T00:21:59+00:00
2024,KY,21067,Fayette County,2024-11-02,3,inperson,19809,,11181,6722,,,1,ky-sbe,2026-09-08T00:21:59+00:00
2024,KY,21067,Fayette County,2024-11-02,3,mail,10719,,6390,2983,,,1,ky-sbe,2026-09-08T00:21:59+00:00
2024,KY,21067,Fayette County,2024-11-03,2,inperson,31133,,17719,10289,,,1,ky-sbe,2026-09-08T00:21:59+00:00
2024,KY,21067,Fayette County,2024-11-03,2,mail,10931,,6521,3040,,,1,ky-sbe,2026-09-08T00:21:59+00:00
2024,KY,21067,Fayette County,2024-11-05,0,inperson,31133,,17719,10289,,,1,ky-sbe,2026-09-08T00:21:59+00:00
2024,KY,21067,Fayette County,2024-11-05,0,mail,11771,,7004,3264,,,1,ky-sbe,2026-09-08T00:21:59+00:00
2024,KY,21069,Fleming County,2024-09-23,43,mail,0,,,,,,1,ky-sbe,2026-09-08T00:21:59+00:00
2024,KY,21069,Fleming County,2024-09-26,40,mail,0,,,,,,1,ky-sbe,2026-09-08T00:21:59+00:00
2024,KY,21069,Fleming County,2024-09-30,36,mail,0,,,,,,1,ky-sbe,2026-09-08T00:21:59+00:00
2024,KY,21069,Fleming County,2024-10-08,28,mail,58,,35,21,,,1,ky-sbe,2026-09-08T00:21:59+00:00
2024,KY,21069,Fleming County,2024-10-14,22,mail,95,,56,37,,,1,ky-sbe,2026-09-08T00:21:59+00:00
2024,KY,21069,Fleming County,2024-10-21,15,mail,188,,104,77,,,1,ky-sbe,2026-09-08T00:21:59+00:00
2024,KY,21069,Fleming County,2024-10-23,13,mail,247,,137,100,,,1,ky-sbe,2026-09-08T00:21:59+00:00
2024,KY,21069,Fleming County,2024-10-25,11,inperson,51,,13,34,,,1,ky-sbe,2026-09-08T00:21:59+00:00
2024,KY,21069,Fleming County,2024-10-25,11,mail,271,,148,109,,,1,ky-sbe,2026-09-08T00:21:59+00:00
2024,KY,21069,Fleming County,2024-10-26,10,inperson,70,,17,49,,,1,ky-sbe,2026-09-08T00:21:59+00:00
2024,KY,21069,Fleming County,2024-10-26,10,mail,279,,150,114,,,1,ky-sbe,2026-09-08T00:21:59+00:00
2024,KY,21069,Fleming County,2024-10-29,7,inperson,93,,23,66,,,1,ky-sbe,2026-09-08T00:21:59+00:00
2024,KY,21069,Fleming County,2024-10-29,7,mail,299,,156,124,,,1,ky-sbe,2026-09-08T00:21:59+00:00
2024,KY,21069,Fleming County,2024-10-30,6,inperson,115,,35,76,,,1,ky-sbe,2026-09-08T00:21:59+00:00
2024,KY,21069,Fleming County,2024-10-30,6,mail,319,,168,131,,,1,ky-sbe,2026-09-08T00:21:59+00:00
2024,KY,21069,Fleming County,2024-10-31,5,inperson,134,,39,90,,,1,ky-sbe,2026-09-08T00:21:59+00:00
2024,KY,21069,Fleming County,2024-10-31,5,mail,336,,174,140,,,1,ky-sbe,2026-09-08T00:21:59+00:00
2024,KY,21069,Fleming County,2024-11-01,4,inperson,755,,279,445,,,1,ky-sbe,2026-09-08T00:21:59+00:00
2024,KY,21069,Fleming County,2024-11-01,4,mail,341,,177,142,,,1,ky-sbe,2026-09-08T00:21:59+00:00
2024,KY,21069,Fleming County,2024-11-02,3,inperson,1201,,434,712,,,1,ky-sbe,2026-09-08T00:21:59+00:00
2024,KY,21069,Fleming County,2024-11-02,3,mail,341,,177,142,,,1,ky-sbe,2026-09-08T00:21:59+00:00
2024,KY,21069,Fleming County,2024-11-03,2,inperson,1696,,611,997,,,1,ky-sbe,2026-09-08T00:21:59+00:00
2024,KY,21069,Fleming County,2024-11-03,2,mail,356,,184,149,,,1,ky-sbe,2026-09-08T00:21:59+00:00
2024,KY,21069,Fleming County,2024-11-05,0,inperson,1696,,611,997,,,1,ky-sbe,2026-09-08T00:21:59+00:00
2024,KY,21069,Fleming County,2024-11-05,0,mail,376,,192,160,,,1,ky-sbe,2026-09-08T00:21:59+00:00
2024,KY,21071,Floyd County,2024-09-23,43,mail,0,,,,,,1,ky-sbe,2026-09-08T00:21:59+00:00
2024,KY,21071,Floyd County,2024-09-26,40,mail,0,,,,,,1,ky-sbe,2026-09-08T00:21:59+00:00
2024,KY,21071,Floyd County,2024-09-30,36,mail,0,,,,,,1,ky-sbe,2026-09-08T00:21:59+00:00
2024,KY,21071,Floyd County,2024-10-08,28,mail,135,,102,26,,,1,ky-sbe,2026-09-08T00:21:59+00:00
2024,KY,21071,Floyd County,2024-10-14,22,mail,215,,169,35,,,1,ky-sbe,2026-09-08T00:21:59+00:00
2024,KY,21071,Floyd County,2024-10-21,15,mail,370,,283,69,,,1,ky-sbe,2026-09-08T00:21:59+00:00
2024,KY,21071,Floyd County,2024-10-23,13,mail,468,,354,90,,,1,ky-sbe,2026-09-08T00:21:59+00:00
2024,KY,21071,Floyd County,2024-10-25,11,inperson,63,,30,31,,,1,ky-sbe,2026-09-08T00:21:59+00:00
2024,KY,21071,Floyd County,2024-10-25,11,mail,519,,386,108,,,1,ky-sbe,2026-09-08T00:21:59+00:00
2024,KY,21071,Floyd County,2024-10-26,10,inperson,94,,48,43,,,1,ky-sbe,2026-09-08T00:21:59+00:00
2024,KY,21071,Floyd County,2024-10-26,10,mail,562,,417,116,,,1,ky-sbe,2026-09-08T00:21:59+00:00
2024,KY,21071,Floyd County,2024-10-29,7,inperson,134,,62,66,,,1,ky-sbe,2026-09-08T00:21:59+00:00
2024,KY,21071,Floyd County,2024-10-29,7,mail,631,,465,132,,,1,ky-sbe,2026-09-08T00:21:59+00:00
2024,KY,21071,Floyd County,2024-10-30,6,inperson,171,,82,82,,,1,ky-sbe,2026-09-08T00:21:59+00:00
2024,KY,21071,Floyd County,2024-10-30,6,mail,668,,489,142,,,1,ky-sbe,2026-09-08T00:21:59+00:00
2024,KY,21071,Floyd County,2024-10-31,5,inperson,211,,107,95,,,1,ky-sbe,2026-09-08T00:21:59+00:00
2024,KY,21071,Floyd County,2024-10-31,5,mail,707,,522,148,,,1,ky-sbe,2026-09-08T00:21:59+00:00
2024,KY,21071,Floyd County,2024-11-01,4,inperson,1307,,736,518,,,1,ky-sbe,2026-09-08T00:21:59+00:00
2024,KY,21071,Floyd County,2024-11-01,4,mail,727,,535,154,,,1,ky-sbe,2026-09-08T00:21:59+00:00
2024,KY,21071,Floyd County,2024-11-02,3,inperson,2656,,1543,1006,,,1,ky-sbe,2026-09-08T00:21:59+00:00
2024,KY,21071,Floyd County,2024-11-02,3,mail,765,,562,162,,,1,ky-sbe,2026-09-08T00:21:59+00:00
2024,KY,21071,Floyd County,2024-11-03,2,inperson,3919,,2297,1463,,,1,ky-sbe,2026-09-08T00:21:59+00:00
2024,KY,21071,Floyd County,2024-11-03,2,mail,780,,570,167,,,1,ky-sbe,2026-09-08T00:21:59+00:00
2024,KY,21071,Floyd County,2024-11-05,0,inperson,3919,,2297,1463,,,1,ky-sbe,2026-09-08T00:21:59+00:00
2024,KY,21071,Floyd County,2024-11-05,0,mail,806,,586,175,,,1,ky-sbe,2026-09-08T00:21:59+00:00
2024,KY,21073,Franklin County,2024-09-23,43,mail,0,,,,,,1,ky-sbe,2026-09-08T00:21:59+00:00
2024,KY,21073,Franklin County,2024-09-26,40,mail,0,,,,,,1,ky-sbe,2026-09-08T00:21:59+00:00
2024,KY,21073,Franklin County,2024-09-30,36,mail,0,,,,,,1,ky-sbe,2026-09-08T00:21:59+00:00
2024,KY,21073,Franklin County,2024-10-08,28,mail,126,,94,24,,,1,ky-sbe,2026-09-08T00:21:59+00:00
2024,KY,21073,Franklin County,2024-10-14,22,mail,271,,204,49,,,1,ky-sbe,2026-09-08T00:21:59+00:00
2024,KY,21073,Franklin County,2024-10-21,15,mail,577,,433,111,,,1,ky-sbe,2026-09-08T00:21:59+00:00
2024,KY,21073,Franklin County,2024-10-23,13,mail,735,,537,153,,,1,ky-sbe,2026-09-08T00:21:59+00:00
2024,KY,21073,Franklin County,2024-10-25,11,inperson,79,,50,23,,,1,ky-sbe,2026-09-08T00:21:59+00:00
2024,KY,21073,Franklin County,2024-10-25,11,mail,875,,638,182,,,1,ky-sbe,2026-09-08T00:21:59+00:00
2024,KY,21073,Franklin County,2024-10-26,10,inperson,110,,70,32,,,1,ky-sbe,2026-09-08T00:21:59+00:00
2024,KY,21073,Franklin County,2024-10-26,10,mail,916,,661,191,,,1,ky-sbe,2026-09-08T00:21:59+00:00
2024,KY,21073,Franklin County,2024-10-29,7,inperson,126,,81,35,,,1,ky-sbe,2026-09-08T00:21:59+00:00
2024,KY,21073,Franklin County,2024-10-29,7,mail,988,,714,204,,,1,ky-sbe,2026-09-08T00:21:59+00:00
2024,KY,21073,Franklin County,2024-10-30,6,inperson,140,,88,41,,,1,ky-sbe,2026-09-08T00:21:59+00:00
2024,KY,21073,Franklin County,2024-10-30,6,mail,1082,,768,235,,,1,ky-sbe,2026-09-08T00:21:59+00:00
2024,KY,21073,Franklin County,2024-10-31,5,inperson,152,,95,46,,,1,ky-sbe,2026-09-08T00:21:59+00:00
2024,KY,21073,Franklin County,2024-10-31,5,mail,1128,,802,243,,,1,ky-sbe,2026-09-08T00:21:59+00:00
2024,KY,21073,Franklin County,2024-11-01,4,inperson,3732,,2389,1145,,,1,ky-sbe,2026-09-08T00:21:59+00:00
2024,KY,21073,Franklin County,2024-11-01,4,mail,1182,,842,254,,,1,ky-sbe,2026-09-08T00:21:59+00:00
2024,KY,21073,Franklin County,2024-11-02,3,inperson,7873,,5051,2408,,,1,ky-sbe,2026-09-08T00:21:59+00:00
2024,KY,21073,Franklin County,2024-11-02,3,mail,1182,,842,254,,,1,ky-sbe,2026-09-08T00:21:59+00:00
2024,KY,21073,Franklin County,2024-11-03,2,inperson,10673,,6724,3379,,,1,ky-sbe,2026-09-08T00:21:59+00:00
2024,KY,21073,Franklin County,2024-11-03,2,mail,1257,,888,276,,,1,ky-sbe,2026-09-08T00:21:59+00:00
2024,KY,21073,Franklin County,2024-11-05,0,inperson,10673,,6724,3379,,,1,ky-sbe,2026-09-08T00:21:59+00:00
2024,KY,21073,Franklin County,2024-11-05,0,mail,1372,,958,306,,,1,ky-sbe,2026-09-08T00:21:59+00:00
2024,KY,21075,Fulton County,2024-09-23,43,mail,0,,,,,,1,ky-sbe,2026-09-08T00:21:59+00:00
2024,KY,21075,Fulton County,2024-09-26,40,mail,0,,,,,,1,ky-sbe,2026-09-08T00:21:59+00:00
2024,KY,21075,Fulton County,2024-09-30,36,mail,0,,,,,,1,ky-sbe,2026-09-08T00:21:59+00:00
2024,KY,21075,Fulton County,2024-10-08,28,mail,14,,11,3,,,1,ky-sbe,2026-09-08T00:21:59+00:00
2024,KY,21075,Fulton County,2024-10-14,22,mail,19,,14,4,,,1,ky-sbe,2026-09-08T00:21:59+00:00
2024,KY,21075,Fulton County,2024-10-21,15,mail,47,,35,11,,,1,ky-sbe,2026-09-08T00:21:59+00:00
2024,KY,21075,Fulton County,2024-10-23,13,mail,52,,39,11,,,1,ky-sbe,2026-09-08T00:21:59+00:00
2024,KY,21075,Fulton County,2024-10-25,11,inperson,5,,4,1,,,1,ky-sbe,2026-09-08T00:21:59+00:00
2024,KY,21075,Fulton County,2024-10-25,11,mail,59,,44,13,,,1,ky-sbe,2026-09-08T00:21:59+00:00
2024,KY,21075,Fulton County,2024-10-26,10,inperson,6,,4,2,,,1,ky-sbe,2026-09-08T00:21:59+00:00
2024,KY,21075,Fulton County,2024-10-26,10,mail,63,,46,15,,,1,ky-sbe,2026-09-08T00:21:59+00:00
2024,KY,21075,Fulton County,2024-10-29,7,inperson,7,,5,2,,,1,ky-sbe,2026-09-08T00:21:59+00:00
2024,KY,21075,Fulton County,2024-10-29,7,mail,67,,50,15,,,1,ky-sbe,2026-09-08T00:21:59+00:00
2024,KY,21075,Fulton County,2024-10-30,6,inperson,8,,5,2,,,1,ky-sbe,2026-09-08T00:21:59+00:00
2024,KY,21075,Fulton County,2024-10-30,6,mail,67,,50,15,,,1,ky-sbe,2026-09-08T00:21:59+00:00
2024,KY,21075,Fulton County,2024-10-31,5,inperson,13,,9,3,,,1,ky-sbe,2026-09-08T00:21:59+00:00
2024,KY,21075,Fulton County,2024-10-31,5,mail,70,,51,17,,,1,ky-sbe,2026-09-08T00:21:59+00:00
2024,KY,21075,Fulton County,2024-11-01,4,inperson,269,,117,139,,,1,ky-sbe,2026-09-08T00:21:59+00:00
2024,KY,21075,Fulton County,2024-11-01,4,mail,70,,51,17,,,1,ky-sbe,2026-09-08T00:21:59+00:00
2024,KY,21075,Fulton County,2024-11-02,3,inperson,509,,261,226,,,1,ky-sbe,2026-09-08T00:21:59+00:00
2024,KY,21075,Fulton County,2024-11-02,3,mail,73,,54,17,,,1,ky-sbe,2026-09-08T00:21:59+00:00
2024,KY,21075,Fulton County,2024-11-03,2,inperson,683,,340,308,,,1,ky-sbe,2026-09-08T00:21:59+00:00
2024,KY,21075,Fulton County,2024-11-03,2,mail,73,,54,17,,,1,ky-sbe,2026-09-08T00:21:59+00:00
2024,KY,21075,Fulton County,2024-11-05,0,inperson,683,,340,308,,,1,ky-sbe,2026-09-08T00:21:59+00:00
2024,KY,21075,Fulton County,2024-11-05,0,mail,77,,56,18,,,1,ky-sbe,2026-09-08T00:21:59+00:00
2024,KY,21077,Gallatin County,2024-09-23,43,mail,0,,,,,,1,ky-sbe,2026-09-08T00:21:59+00:00
2024,KY,21077,Gallatin County,2024-09-26,40,mail,0,,,,,,1,ky-sbe,2026-09-08T00:21:59+00:00
2024,KY,21077,Gallatin County,2024-09-30,36,mail,0,,,,,,1,ky-sbe,2026-09-08T00:21:59+00:00
2024,KY,21077,Gallatin County,2024-10-08,28,mail,24,,12,9,,,1,ky-sbe,2026-09-08T00:21:59+00:00
2024,KY,21077,Gallatin County,2024-10-14,22,mail,28,,14,11,,,1,ky-sbe,2026-09-08T00:21:59+00:00
2024,KY,21077,Gallatin County,2024-10-21,15,mail,55,,25,24,,,1,ky-sbe,2026-09-08T00:21:59+00:00
2024,KY,21077,Gallatin County,2024-10-23,13,mail,67,,31,29,,,1,ky-sbe,2026-09-08T00:21:59+00:00
2024,KY,21077,Gallatin County,2024-10-25,11,inperson,18,,4,14,,,1,ky-sbe,2026-09-08T00:21:59+00:00
2024,KY,21077,Gallatin County,2024-10-25,11,mail,76,,36,33,,,1,ky-sbe,2026-09-08T00:21:59+00:00
2024,KY,21077,Gallatin County,2024-10-26,10,inperson,37,,7,30,,,1,ky-sbe,2026-09-08T00:21:59+00:00
2024,KY,21077,Gallatin County,2024-10-26,10,mail,81,,39,35,,,1,ky-sbe,2026-09-08T00:21:59+00:00
2024,KY,21077,Gallatin County,2024-10-29,7,inperson,53,,13,38,,,1,ky-sbe,2026-09-08T00:21:59+00:00
2024,KY,21077,Gallatin County,2024-10-29,7,mail,89,,44,36,,,1,ky-sbe,2026-09-08T00:21:59+00:00
2024,KY,21077,Gallatin County,2024-10-30,6,inperson,58,,14,42,,,1,ky-sbe,2026-09-08T00:21:59+00:00
2024,KY,21077,Gallatin County,2024-10-30,6,mail,98,,49,40,,,1,ky-sbe,2026-09-08T00:21:59+00:00
2024,KY,21077,Gallatin County,2024-10-31,5,inperson,67,,16,49,,,1,ky-sbe,2026-09-08T00:21:59+00:00
2024,KY,21077,Gallatin County,2024-10-31,5,mail,104,,51,43,,,1,ky-sbe,2026-09-08T00:21:59+00:00
2024,KY,21077,Gallatin County,2024-11-01,4,inperson,391,,144,229,,,1,ky-sbe,2026-09-08T00:21:59+00:00
2024,KY,21077,Gallatin County,2024-11-01,4,mail,110,,54,45,,,1,ky-sbe,2026-09-08T00:21:59+00:00
2024,KY,21077,Gallatin County,2024-11-02,3,inperson,706,,265,398,,,1,ky-sbe,2026-09-08T00:21:59+00:00
2024,KY,21077,Gallatin County,2024-11-02,3,mail,143,,71,55,,,1,ky-sbe,2026-09-08T00:21:59+00:00
2024,KY,21077,Gallatin County,2024-11-03,2,inperson,957,,377,515,,,1,ky-sbe,2026-09-08T00:21:59+00:00
2024,KY,21077,Gallatin County,2024-11-03,2,mail,143,,71,55,,,1,ky-sbe,2026-09-08T00:21:59+00:00
2024,KY,21077,Gallatin County,2024-11-05,0,inperson,957,,377,515,,,1,ky-sbe,2026-09-08T00:21:59+00:00
2024,KY,21077,Gallatin County,2024-11-05,0,mail,150,,74,57,,,1,ky-sbe,2026-09-08T00:21:59+00:00
2024,KY,21079,Garrard County,2024-09-23,43,mail,0,,,,,,1,ky-sbe,2026-09-08T00:21:59+00:00
2024,KY,21079,Garrard County,2024-09-26,40,mail,0,,,,,,1,ky-sbe,2026-09-08T00:21:59+00:00
2024,KY,21079,Garrard County,2024-09-30,36,mail,0,,,,,,1,ky-sbe,2026-09-08T00:21:59+00:00
2024,KY,21079,Garrard County,2024-10-08,28,mail,87,,24,56,,,1,ky-sbe,2026-09-08T00:21:59+00:00
2024,KY,21079,Garrard County,2024-10-14,22,mail,135,,38,87,,,1,ky-sbe,2026-09-08T00:21:59+00:00
2024,KY,21079,Garrard County,2024-10-21,15,mail,200,,60,125,,,1,ky-sbe,2026-09-08T00:21:59+00:00
2024,KY,21079,Garrard County,2024-10-23,13,mail,235,,76,140,,,1,ky-sbe,2026-09-08T00:21:59+00:00
2024,KY,21079,Garrard County,2024-10-25,11,inperson,38,,7,29,,,1,ky-sbe,2026-09-08T00:21:59+00:00
2024,KY,21079,Garrard County,2024-10-25,11,mail,259,,90,148,,,1,ky-sbe,2026-09-08T00:21:59+00:00
2024,KY,21079,Garrard County,2024-10-26,10,inperson,68,,14,47,,,1,ky-sbe,2026-09-08T00:21:59+00:00
2024,KY,21079,Garrard County,2024-10-26,10,mail,278,,94,163,,,1,ky-sbe,2026-09-08T00:21:59+00:00
2024,KY,21079,Garrard County,2024-10-29,7,inperson,82,,16,57,,,1,ky-sbe,2026-09-08T00:21:59+00:00
2024,KY,21079,Garrard County,2024-10-29,7,mail,311,,105,183,,,1,ky-sbe,2026-09-08T00:21:59+00:00
2024,KY,21079,Garrard County,2024-10-30,6,inperson,94,,17,67,,,1,ky-sbe,2026-09-08T00:21:59+00:00
2024,KY,21079,Garrard County,2024-10-30,6,mail,339,,114,199,,,1,ky-sbe,2026-09-08T00:21:59+00:00
2024,KY,21079,Garrard County,2024-10-31,5,inperson,120,,23,87,,,1,ky-sbe,2026-09-08T00:21:59+00:00
2024,KY,21079,Garrard County,2024-10-31,5,mail,363,,123,211,,,1,ky-sbe,2026-09-08T00:21:59+00:00
2024,KY,21079,Garrard County,2024-11-01,4,inperson,1150,,232,858,,,1,ky-sbe,2026-09-08T00:21:59+00:00
2024,KY,21079,Garrard County,2024-11-01,4,mail,382,,128,225,,,1,ky-sbe,2026-09-08T00:21:59+00:00
2024,KY,21079,Garrard County,2024-11-02,3,inperson,2120,,442,1554,,,1,ky-sbe,2026-09-08T00:21:59+00:00
2024,KY,21079,Garrard County,2024-11-02,3,mail,398,,132,234,,,1,ky-sbe,2026-09-08T00:21:59+00:00
2024,KY,21079,Garrard County,2024-11-03,2,inperson,2922,,605,2134,,,1,ky-sbe,2026-09-08T00:21:59+00:00
2024,KY,21079,Garrard County,2024-11-03,2,mail,398,,132,234,,,1,ky-sbe,2026-09-08T00:21:59+00:00
2024,KY,21079,Garrard County,2024-11-05,0,inperson,2922,,605,2134,,,1,ky-sbe,2026-09-08T00:21:59+00:00
2024,KY,21079,Garrard County,2024-11-05,0,mail,427,,145,248,,,1,ky-sbe,2026-09-08T00:21:59+00:00
2024,KY,21081,Grant County,2024-09-23,43,mail,0,,,,,,1,ky-sbe,2026-09-08T00:21:59+00:00
2024,KY,21081,Grant County,2024-09-26,40,mail,0,,,,,,1,ky-sbe,2026-09-08T00:21:59+00:00
2024,KY,21081,Grant County,2024-09-30,36,mail,0,,,,,,1,ky-sbe,2026-09-08T00:21:59+00:00
2024,KY,21081,Grant County,2024-10-08,28,mail,58,,24,30,,,1,ky-sbe,2026-09-08T00:21:59+00:00
2024,KY,21081,Grant County,2024-10-14,22,mail,95,,40,48,,,1,ky-sbe,2026-09-08T00:21:59+00:00
2024,KY,21081,Grant County,2024-10-21,15,mail,156,,69,73,,,1,ky-sbe,2026-09-08T00:21:59+00:00
2024,KY,21081,Grant County,2024-10-23,13,mail,199,,91,92,,,1,ky-sbe,2026-09-08T00:21:59+00:00
2024,KY,21081,Grant County,2024-10-25,11,inperson,34,,6,27,,,1,ky-sbe,2026-09-08T00:21:59+00:00
2024,KY,21081,Grant County,2024-10-25,11,mail,245,,105,117,,,1,ky-sbe,2026-09-08T00:21:59+00:00
2024,KY,21081,Grant County,2024-10-26,10,inperson,55,,11,42,,,1,ky-sbe,2026-09-08T00:21:59+00:00
2024,KY,21081,Grant County,2024-10-26,10,mail,264,,116,125,,,1,ky-sbe,2026-09-08T00:21:59+00:00
2024,KY,21081,Grant County,2024-10-29,7,inperson,77,,17,56,,,1,ky-sbe,2026-09-08T00:21:59+00:00
2024,KY,21081,Grant County,2024-10-29,7,mail,292,,127,141,,,1,ky-sbe,2026-09-08T00:21:59+00:00
2024,KY,21081,Grant County,2024-10-30,6,inperson,89,,19,66,,,1,ky-sbe,2026-09-08T00:21:59+00:00
2024,KY,21081,Grant County,2024-10-30,6,mail,319,,138,153,,,1,ky-sbe,2026-09-08T00:21:59+00:00
2024,KY,21081,Grant County,2024-10-31,5,inperson,96,,22,70,,,1,ky-sbe,2026-09-08T00:21:59+00:00
2024,KY,21081,Grant County,2024-10-31,5,mail,324,,138,157,,,1,ky-sbe,2026-09-08T00:21:59+00:00
2024,KY,21081,Grant County,2024-11-01,4,inperson,1456,,415,932,,,1,ky-sbe,2026-09-08T00:21:59+00:00
2024,KY,21081,Grant County,2024-11-01,4,mail,357,,149,174,,,1,ky-sbe,2026-09-08T00:21:59+00:00
2024,KY,21081,Grant County,2024-11-02,3,inperson,2780,,796,1769,,,1,ky-sbe,2026-09-08T00:21:59+00:00
2024,KY,21081,Grant County,2024-11-02,3,mail,383,,160,188,,,1,ky-sbe,2026-09-08T00:21:59+00:00
2024,KY,21081,Grant County,2024-11-03,2,inperson,3926,,1107,2513,,,1,ky-sbe,2026-09-08T00:21:59+00:00
2024,KY,21081,Grant County,2024-11-03,2,mail,383,,160,188,,,1,ky-sbe,2026-09-08T00:21:59+00:00
2024,KY,21081,Grant County,2024-11-05,0,inperson,3926,,1107,2513,,,1,ky-sbe,2026-09-08T00:21:59+00:00
2024,KY,21081,Grant County,2024-11-05,0,mail,431,,177,213,,,1,ky-sbe,2026-09-08T00:21:59+00:00
2024,KY,21083,Graves County,2024-09-23,43,mail,0,,,,,,1,ky-sbe,2026-09-08T00:21:59+00:00
2024,KY,21083,Graves County,2024-09-26,40,mail,0,,,,,,1,ky-sbe,2026-09-08T00:21:59+00:00
2024,KY,21083,Graves County,2024-09-30,36,mail,0,,,,,,1,ky-sbe,2026-09-08T00:21:59+00:00
2024,KY,21083,Graves County,2024-10-08,28,mail,92,,46,41,,,1,ky-sbe,2026-09-08T00:21:59+00:00
2024,KY,21083,Graves County,2024-10-14,22,mail,143,,81,54,,,1,ky-sbe,2026-09-08T00:21:59+00:00
2024,KY,21083,Graves County,2024-10-21,15,mail,257,,143,102,,,1,ky-sbe,2026-09-08T00:21:59+00:00
2024,KY,21083,Graves County,2024-10-23,13,mail,285,,154,118,,,1,ky-sbe,2026-09-08T00:21:59+00:00
2024,KY,21083,Graves County,2024-10-25,11,inperson,54,,14,38,,,1,ky-sbe,2026-09-08T00:21:59+00:00
2024,KY,21083,Graves County,2024-10-25,11,mail,358,,205,140,,,1,ky-sbe,2026-09-08T00:21:59+00:00
2024,KY,21083,Graves County,2024-10-26,10,inperson,76,,17,56,,,1,ky-sbe,2026-09-08T00:21:59+00:00
2024,KY,21083,Graves County,2024-10-26,10,mail,379,,213,148,,,1,ky-sbe,2026-09-08T00:21:59+00:00
2024,KY,21083,Graves County,2024-10-29,7,inperson,93,,22,67,,,1,ky-sbe,2026-09-08T00:21:59+00:00
2024,KY,21083,Graves County,2024-10-29,7,mail,436,,237,178,,,1,ky-sbe,2026-09-08T00:21:59+00:00
2024,KY,21083,Graves County,2024-10-30,6,inperson,106,,26,76,,,1,ky-sbe,2026-09-08T00:21:59+00:00
2024,KY,21083,Graves County,2024-10-30,6,mail,463,,250,191,,,1,ky-sbe,2026-09-08T00:21:59+00:00
2024,KY,21083,Graves County,2024-10-31,5,inperson,126,,30,91,,,1,ky-sbe,2026-09-08T00:21:59+00:00
2024,KY,21083,Graves County,2024-10-31,5,mail,504,,273,208,,,1,ky-sbe,2026-09-08T00:21:59+00:00
2024,KY,21083,Graves County,2024-11-01,4,inperson,1698,,656,960,,,1,ky-sbe,2026-09-08T00:21:59+00:00
2024,KY,21083,Graves County,2024-11-01,4,mail,526,,282,219,,,1,ky-sbe,2026-09-08T00:21:59+00:00
2024,KY,21083,Graves County,2024-11-02,3,inperson,3405,,1369,1871,,,1,ky-sbe,2026-09-08T00:21:59+00:00
2024,KY,21083,Graves County,2024-11-02,3,mail,536,,286,222,,,1,ky-sbe,2026-09-08T00:21:59+00:00
2024,KY,21083,Graves County,2024-11-03,2,inperson,4511,,1818,2472,,,1,ky-sbe,2026-09-08T00:21:59+00:00
2024,KY,21083,Graves County,2024-11-03,2,mail,558,,294,234,,,1,ky-sbe,2026-09-08T00:21:59+00:00
2024,KY,21083,Graves County,2024-11-05,0,inperson,4511,,1818,2472,,,1,ky-sbe,2026-09-08T00:21:59+00:00
2024,KY,21083,Graves County,2024-11-05,0,mail,581,,303,246,,,1,ky-sbe,2026-09-08T00:21:59+00:00
2024,KY,21085,Grayson County,2024-09-23,43,mail,0,,,,,,1,ky-sbe,2026-09-08T00:21:59+00:00
2024,KY,21085,Grayson County,2024-09-26,40,mail,0,,,,,,1,ky-sbe,2026-09-08T00:21:59+00:00
2024,KY,21085,Grayson County,2024-09-30,36,mail,0,,,,,,1,ky-sbe,2026-09-08T00:21:59+00:00
2024,KY,21085,Grayson County,2024-10-08,28,mail,50,,18,30,,,1,ky-sbe,2026-09-08T00:21:59+00:00
2024,KY,21085,Grayson County,2024-10-14,22,mail,111,,41,65,,,1,ky-sbe,2026-09-08T00:21:59+00:00
2024,KY,21085,Grayson County,2024-10-21,15,mail,201,,75,117,,,1,ky-sbe,2026-09-08T00:21:59+00:00
2024,KY,21085,Grayson County,2024-10-23,13,mail,257,,97,150,,,1,ky-sbe,2026-09-08T00:21:59+00:00
2024,KY,21085,Grayson County,2024-10-25,11,inperson,46,,12,34,,,1,ky-sbe,2026-09-08T00:21:59+00:00
2024,KY,21085,Grayson County,2024-10-25,11,mail,302,,114,175,,,1,ky-sbe,2026-09-08T00:21:59+00:00
2024,KY,21085,Grayson County,2024-10-26,10,inperson,54,,13,41,,,1,ky-sbe,2026-09-08T00:21:59+00:00
2024,KY,21085,Grayson County,2024-10-26,10,mail,317,,121,182,,,1,ky-sbe,2026-09-08T00:21:59+00:00
2024,KY,21085,Grayson County,2024-10-29,7,inperson,69,,16,52,,,1,ky-sbe,2026-09-08T00:21:59+00:00
2024,KY,21085,Grayson County,2024-10-29,7,mail,360,,133,208,,,1,ky-sbe,2026-09-08T00:21:59+00:00
2024,KY,21085,Grayson County,2024-10-30,6,inperson,80,,17,62,,,1,ky-sbe,2026-09-08T00:21:59+00:00
2024,KY,21085,Grayson County,2024-10-30,6,mail,381,,142,219,,,1,ky-sbe,2026-09-08T00:21:59+00:00
2024,KY,21085,Grayson County,2024-10-31,5,inperson,88,,19,67,,,1,ky-sbe,2026-09-08T00:21:59+00:00
2024,KY,21085,Grayson County,2024-10-31,5,mail,389,,147,222,,,1,ky-sbe,2026-09-08T00:21:59+00:00
2024,KY,21085,Grayson County,2024-11-01,4,inperson,1082,,248,782,,,1,ky-sbe,2026-09-08T00:21:59+00:00
2024,KY,21085,Grayson County,2024-11-01,4,mail,408,,154,231,,,1,ky-sbe,2026-09-08T00:21:59+00:00
2024,KY,21085,Grayson County,2024-11-02,3,inperson,2151,,479,1586,,,1,ky-sbe,2026-09-08T00:21:59+00:00
2024,KY,21085,Grayson County,2024-11-02,3,mail,413,,158,232,,,1,ky-sbe,2026-09-08T00:21:59+00:00
2024,KY,21085,Grayson County,2024-11-03,2,inperson,3317,,716,2467,,,1,ky-sbe,2026-09-08T00:21:59+00:00
2024,KY,21085,Grayson County,2024-11-03,2,mail,413,,158,232,,,1,ky-sbe,2026-09-08T00:21:59+00:00
2024,KY,21085,Grayson County,2024-11-05,0,inperson,3317,,716,2467,,,1,ky-sbe,2026-09-08T00:21:59+00:00
2024,KY,21085,Grayson County,2024-11-05,0,mail,429,,167,237,,,1,ky-sbe,2026-09-08T00:21:59+00:00
2024,KY,21087,Green County,2024-09-23,43,mail,0,,,,,,1,ky-sbe,2026-09-08T00:21:59+00:00
2024,KY,21087,Green County,2024-09-26,40,mail,0,,,,,,1,ky-sbe,2026-09-08T00:21:59+00:00
2024,KY,21087,Green County,2024-09-30,36,mail,0,,,,,,1,ky-sbe,2026-09-08T00:21:59+00:00
2024,KY,21087,Green County,2024-10-08,28,mail,52,,23,29,,,1,ky-sbe,2026-09-08T00:21:59+00:00
2024,KY,21087,Green County,2024-10-14,22,mail,98,,36,61,,,1,ky-sbe,2026-09-08T00:21:59+00:00
2024,KY,21087,Green County,2024-10-21,15,mail,153,,51,100,,,1,ky-sbe,2026-09-08T00:21:59+00:00
2024,KY,21087,Green County,2024-10-23,13,mail,176,,59,112,,,1,ky-sbe,2026-09-08T00:21:59+00:00
2024,KY,21087,Green County,2024-10-25,11,inperson,46,,7,35,,,1,ky-sbe,2026-09-08T00:21:59+00:00
2024,KY,21087,Green County,2024-10-25,11,mail,198,,66,126,,,1,ky-sbe,2026-09-08T00:21:59+00:00
2024,KY,21087,Green County,2024-10-26,10,inperson,72,,15,53,,,1,ky-sbe,2026-09-08T00:21:59+00:00
2024,KY,21087,Green County,2024-10-26,10,mail,209,,71,130,,,1,ky-sbe,2026-09-08T00:21:59+00:00
2024,KY,21087,Green County,2024-10-29,7,inperson,91,,18,66,,,1,ky-sbe,2026-09-08T00:21:59+00:00
2024,KY,21087,Green County,2024-10-29,7,mail,225,,79,137,,,1,ky-sbe,2026-09-08T00:21:59+00:00
2024,KY,21087,Green County,2024-10-30,6,inperson,108,,18,82,,,1,ky-sbe,2026-09-08T00:21:59+00:00
2024,KY,21087,Green County,2024-10-30,6,mail,234,,83,142,,,1,ky-sbe,2026-09-08T00:21:59+00:00
2024,KY,21087,Green County,2024-10-31,5,inperson,139,,21,110,,,1,ky-sbe,2026-09-08T00:21:59+00:00
2024,KY,21087,Green County,2024-10-31,5,mail,240,,84,144,,,1,ky-sbe,2026-09-08T00:21:59+00:00
2024,KY,21087,Green County,2024-11-01,4,inperson,722,,110,576,,,1,ky-sbe,2026-09-08T00:21:59+00:00
2024,KY,21087,Green County,2024-11-01,4,mail,250,,87,150,,,1,ky-sbe,2026-09-08T00:21:59+00:00
2024,KY,21087,Green County,2024-11-02,3,inperson,1358,,217,1087,,,1,ky-sbe,2026-09-08T00:21:59+00:00
2024,KY,21087,Green County,2024-11-02,3,mail,260,,91,155,,,1,ky-sbe,2026-09-08T00:21:59+00:00
2024,KY,21087,Green County,2024-11-03,2,inperson,1721,,269,1380,,,1,ky-sbe,2026-09-08T00:21:59+00:00
2024,KY,21087,Green County,2024-11-03,2,mail,260,,91,155,,,1,ky-sbe,2026-09-08T00:21:59+00:00
2024,KY,21087,Green County,2024-11-05,0,inperson,1721,,269,1380,,,1,ky-sbe,2026-09-08T00:21:59+00:00
2024,KY,21087,Green County,2024-11-05,0,mail,280,,96,168,,,1,ky-sbe,2026-09-08T00:21:59+00:00
2024,KY,21089,Greenup County,2024-09-23,43,mail,0,,,,,,1,ky-sbe,2026-09-08T00:21:59+00:00
2024,KY,21089,Greenup County,2024-09-26,40,mail,0,,,,,,1,ky-sbe,2026-09-08T00:21:59+00:00
2024,KY,21089,Greenup County,2024-09-30,36,mail,0,,,,,,1,ky-sbe,2026-09-08T00:21:59+00:00
2024,KY,21089,Greenup County,2024-10-08,28,mail,168,,93,64,,,1,ky-sbe,2026-09-08T00:21:59+00:00
2024,KY,21089,Greenup County,2024-10-14,22,mail,302,,155,127,,,1,ky-sbe,2026-09-08T00:21:59+00:00
2024,KY,21089,Greenup County,2024-10-21,15,mail,495,,239,226,,,1,ky-sbe,2026-09-08T00:21:59+00:00
2024,KY,21089,Greenup County,2024-10-23,13,mail,576,,279,261,,,1,ky-sbe,2026-09-08T00:21:59+00:00
2024,KY,21089,Greenup County,2024-10-25,11,inperson,233,,68,150,,,1,ky-sbe,2026-09-08T00:21:59+00:00
2024,KY,21089,Greenup County,2024-10-25,11,mail,659,,318,300,,,1,ky-sbe,2026-09-08T00:21:59+00:00
2024,KY,21089,Greenup County,2024-10-26,10,inperson,358,,95,239,,,1,ky-sbe,2026-09-08T00:21:59+00:00
2024,KY,21089,Greenup County,2024-10-26,10,mail,699,,337,319,,,1,ky-sbe,2026-09-08T00:21:59+00:00
2024,KY,21089,Greenup County,2024-10-29,7,inperson,451,,114,311,,,1,ky-sbe,2026-09-08T00:21:59+00:00
2024,KY,21089,Greenup County,2024-10-29,7,mail,723,,346,330,,,1,ky-sbe,2026-09-08T00:21:59+00:00
2024,KY,21089,Greenup County,2024-10-30,6,inperson,556,,142,381,,,1,ky-sbe,2026-09-08T00:21:59+00:00
2024,KY,21089,Greenup County,2024-10-30,6,mail,857,,399,403,,,1,ky-sbe,2026-09-08T00:21:59+00:00
2024,KY,21089,Greenup County,2024-10-31,5,inperson,621,,159,423,,,1,ky-sbe,2026-09-08T00:21:59+00:00
2024,KY,21089,Greenup County,2024-10-31,5,mail,898,,423,418,,,1,ky-sbe,2026-09-08T00:21:59+00:00
2024,KY,21089,Greenup County,2024-11-01,4,inperson,1617,,455,1060,,,1,ky-sbe,2026-09-08T00:21:59+00:00
2024,KY,21089,Greenup County,2024-11-01,4,mail,937,,440,436,,,1,ky-sbe,2026-09-08T00:21:59+00:00
2024,KY,21089,Greenup County,2024-11-02,3,inperson,2601,,755,1688,,,1,ky-sbe,2026-09-08T00:21:59+00:00
2024,KY,21089,Greenup County,2024-11-02,3,mail,965,,449,452,,,1,ky-sbe,2026-09-08T00:21:59+00:00
2024,KY,21089,Greenup County,2024-11-03,2,inperson,3393,,1003,2186,,,1,ky-sbe,2026-09-08T00:21:59+00:00
2024,KY,21089,Greenup County,2024-11-03,2,mail,980,,457,458,,,1,ky-sbe,2026-09-08T00:21:59+00:00
2024,KY,21089,Greenup County,2024-11-05,0,inperson,3393,,1003,2186,,,1,ky-sbe,2026-09-08T00:21:59+00:00
2024,KY,21089,Greenup County,2024-11-05,0,mail,1029,,477,483,,,1,ky-sbe,2026-09-08T00:21:59+00:00
2024,KY,21091,Hancock County,2024-09-23,43,mail,0,,,,,,1,ky-sbe,2026-09-08T00:21:59+00:00
2024,KY,21091,Hancock County,2024-09-26,40,mail,0,,,,,,1,ky-sbe,2026-09-08T00:21:59+00:00
2024,KY,21091,Hancock County,2024-09-30,36,mail,0,,,,,,1,ky-sbe,2026-09-08T00:21:59+00:00
2024,KY,21091,Hancock County,2024-10-08,28,mail,25,,8,15,,,1,ky-sbe,2026-09-08T00:21:59+00:00
2024,KY,21091,Hancock County,2024-10-14,22,mail,31,,9,20,,,1,ky-sbe,2026-09-08T00:21:59+00:00
2024,KY,21091,Hancock County,2024-10-21,15,mail,77,,37,36,,,1,ky-sbe,2026-09-08T00:21:59+00:00
2024,KY,21091,Hancock County,2024-10-23,13,mail,91,,46,41,,,1,ky-sbe,2026-09-08T00:21:59+00:00
2024,KY,21091,Hancock County,2024-10-25,11,inperson,18,,4,14,,,1,ky-sbe,2026-09-08T00:21:59+00:00
2024,KY,21091,Hancock County,2024-10-25,11,mail,109,,58,46,,,1,ky-sbe,2026-09-08T00:21:59+00:00
2024,KY,21091,Hancock County,2024-10-26,10,inperson,25,,8,17,,,1,ky-sbe,2026-09-08T00:21:59+00:00
2024,KY,21091,Hancock County,2024-10-26,10,mail,123,,64,54,,,1,ky-sbe,2026-09-08T00:21:59+00:00
2024,KY,21091,Hancock County,2024-10-29,7,inperson,30,,10,19,,,1,ky-sbe,2026-09-08T00:21:59+00:00
2024,KY,21091,Hancock County,2024-10-29,7,mail,134,,68,59,,,1,ky-sbe,2026-09-08T00:21:59+00:00
2024,KY,21091,Hancock County,2024-10-30,6,inperson,39,,14,24,,,1,ky-sbe,2026-09-08T00:21:59+00:00
2024,KY,21091,Hancock County,2024-10-30,6,mail,142,,70,65,,,1,ky-sbe,2026-09-08T00:21:59+00:00
2024,KY,21091,Hancock County,2024-10-31,5,inperson,46,,17,28,,,1,ky-sbe,2026-09-08T00:21:59+00:00
2024,KY,21091,Hancock County,2024-10-31,5,mail,147,,72,68,,,1,ky-sbe,2026-09-08T00:21:59+00:00
2024,KY,21091,Hancock County,2024-11-01,4,inperson,445,,187,240,,,1,ky-sbe,2026-09-08T00:21:59+00:00
2024,KY,21091,Hancock County,2024-11-01,4,mail,151,,76,68,,,1,ky-sbe,2026-09-08T00:21:59+00:00
2024,KY,21091,Hancock County,2024-11-02,3,inperson,822,,343,440,,,1,ky-sbe,2026-09-08T00:21:59+00:00
2024,KY,21091,Hancock County,2024-11-02,3,mail,158,,81,70,,,1,ky-sbe,2026-09-08T00:21:59+00:00
2024,KY,21091,Hancock County,2024-11-03,2,inperson,1108,,458,592,,,1,ky-sbe,2026-09-08T00:21:59+00:00
2024,KY,21091,Hancock County,2024-11-03,2,mail,158,,81,70,,,1,ky-sbe,2026-09-08T00:21:59+00:00
2024,KY,21091,Hancock County,2024-11-05,0,inperson,1108,,458,592,,,1,ky-sbe,2026-09-08T00:21:59+00:00
2024,KY,21091,Hancock County,2024-11-05,0,mail,160,,81,72,,,1,ky-sbe,2026-09-08T00:21:59+00:00
2024,KY,21093,Hardin County,2024-09-23,43,mail,0,,,,,,1,ky-sbe,2026-09-08T00:21:59+00:00
2024,KY,21093,Hardin County,2024-09-26,40,mail,0,,,,,,1,ky-sbe,2026-09-08T00:21:59+00:00
2024,KY,21093,Hardin County,2024-09-30,36,mail,0,,,,,,1,ky-sbe,2026-09-08T00:21:59+00:00
2024,KY,21093,Hardin County,2024-10-08,28,mail,525,,262,196,,,1,ky-sbe,2026-09-08T00:21:59+00:00
2024,KY,21093,Hardin County,2024-10-14,22,mail,854,,420,318,,,1,ky-sbe,2026-09-08T00:21:59+00:00
2024,KY,21093,Hardin County,2024-10-21,15,mail,1448,,742,515,,,1,ky-sbe,2026-09-08T00:21:59+00:00
2024,KY,21093,Hardin County,2024-10-23,13,mail,1826,,917,665,,,1,ky-sbe,2026-09-08T00:21:59+00:00
2024,KY,21093,Hardin County,2024-10-25,11,inperson,532,,214,286,,,1,ky-sbe,2026-09-08T00:21:59+00:00
2024,KY,21093,Hardin County,2024-10-25,11,mail,2167,,1089,793,,,1,ky-sbe,2026-09-08T00:21:59+00:00
2024,KY,21093,Hardin County,2024-10-26,10,inperson,735,,297,388,,,1,ky-sbe,2026-09-08T00:21:59+00:00
2024,KY,21093,Hardin County,2024-10-26,10,mail,2273,,1130,842,,,1,ky-sbe,2026-09-08T00:21:59+00:00
2024,KY,21093,Hardin County,2024-10-29,7,inperson,982,,389,518,,,1,ky-sbe,2026-09-08T00:21:59+00:00
2024,KY,21093,Hardin County,2024-10-29,7,mail,2549,,1267,949,,,1,ky-sbe,2026-09-08T00:21:59+00:00
2024,KY,21093,Hardin County,2024-10-30,6,inperson,1281,,514,675,,,1,ky-sbe,2026-09-08T00:21:59+00:00
2024,KY,21093,Hardin County,2024-10-30,6,mail,2632,,1316,967,,,1,ky-sbe,2026-09-08T00:21:59+00:00
2024,KY,21093,Hardin County,2024-10-31,5,inperson,1678,,680,890,,,1,ky-sbe,2026-09-08T00:21:59+00:00
2024,KY,21093,Hardin County,2024-10-31,5,mail,2790,,1386,1038,,,1,ky-sbe,2026-09-08T00:21:59+00:00
2024,KY,21093,Hardin County,2024-11-01,4,inperson,5929,,2362,3092,,,1,ky-sbe,2026-09-08T00:21:59+00:00
2024,KY,21093,Hardin County,2024-11-01,4,mail,2934,,1449,1093,,,1,ky-sbe,2026-09-08T00:21:59+00:00
2024,KY,21093,Hardin County,2024-11-02,3,inperson,10762,,4331,5535,,,1,ky-sbe,2026-09-08T00:21:59+00:00
2024,KY,21093,Hardin County,2024-11-02,3,mail,3025,,1489,1124,,,1,ky-sbe,2026-09-08T00:21:59+00:00
2024,KY,21093,Hardin County,2024-11-03,2,inperson,15561,,6289,7907,,,1,ky-sbe,2026-09-08T00:21:59+00:00
2024,KY,21093,Hardin County,2024-11-03,2,mail,3112,,1530,1157,,,1,ky-sbe,2026-09-08T00:21:59+00:00
2024,KY,21093,Hardin County,2024-11-05,0,inperson,15561,,6289,7907,,,1,ky-sbe,2026-09-08T00:21:59+00:00
2024,KY,21093,Hardin County,2024-11-05,0,mail,3419,,1693,1262,,,1,ky-sbe,2026-09-08T00:21:59+00:00
2024,KY,21095,Harlan County,2024-09-23,43,mail,0,,,,,,1,ky-sbe,2026-09-08T00:21:59+00:00
2024,KY,21095,Harlan County,2024-09-26,40,mail,0,,,,,,1,ky-sbe,2026-09-08T00:21:59+00:00
2024,KY,21095,Harlan County,2024-09-30,36,mail,0,,,,,,1,ky-sbe,2026-09-08T00:21:59+00:00
2024,KY,21095,Harlan County,2024-10-08,28,mail,60,,23,35,,,1,ky-sbe,2026-09-08T00:21:59+00:00
2024,KY,21095,Harlan County,2024-10-14,22,mail,122,,50,70,,,1,ky-sbe,2026-09-08T00:21:59+00:00
2024,KY,21095,Harlan County,2024-10-21,15,mail,183,,79,99,,,1,ky-sbe,2026-09-08T00:21:59+00:00
2024,KY,21095,Harlan County,2024-10-23,13,mail,235,,99,129,,,1,ky-sbe,2026-09-08T00:21:59+00:00
2024,KY,21095,Harlan County,2024-10-25,11,inperson,22,,5,17,,,1,ky-sbe,2026-09-08T00:21:59+00:00
2024,KY,21095,Harlan County,2024-10-25,11,mail,277,,111,158,,,1,ky-sbe,2026-09-08T00:21:59+00:00
2024,KY,21095,Harlan County,2024-10-26,10,inperson,40,,5,35,,,1,ky-sbe,2026-09-08T00:21:59+00:00
2024,KY,21095,Harlan County,2024-10-26,10,mail,291,,114,169,,,1,ky-sbe,2026-09-08T00:21:59+00:00
2024,KY,21095,Harlan County,2024-10-29,7,inperson,65,,13,51,,,1,ky-sbe,2026-09-08T00:21:59+00:00
2024,KY,21095,Harlan County,2024-10-29,7,mail,322,,119,193,,,1,ky-sbe,2026-09-08T00:21:59+00:00
2024,KY,21095,Harlan County,2024-10-30,6,inperson,70,,14,55,,,1,ky-sbe,2026-09-08T00:21:59+00:00
2024,KY,21095,Harlan County,2024-10-30,6,mail,325,,119,195,,,1,ky-sbe,2026-09-08T00:21:59+00:00
2024,KY,21095,Harlan County,2024-10-31,5,inperson,76,,18,57,,,1,ky-sbe,2026-09-08T00:21:59+00:00
2024,KY,21095,Harlan County,2024-10-31,5,mail,345,,129,205,,,1,ky-sbe,2026-09-08T00:21:59+00:00
2024,KY,21095,Harlan County,2024-11-01,4,inperson,908,,243,635,,,1,ky-sbe,2026-09-08T00:21:59+00:00
2024,KY,21095,Harlan County,2024-11-01,4,mail,362,,133,218,,,1,ky-sbe,2026-09-08T00:21:59+00:00
2024,KY,21095,Harlan County,2024-11-02,3,inperson,1811,,450,1295,,,1,ky-sbe,2026-09-08T00:21:59+00:00
2024,KY,21095,Harlan County,2024-11-02,3,mail,371,,137,223,,,1,ky-sbe,2026-09-08T00:21:59+00:00
2024,KY,21095,Harlan County,2024-11-03,2,inperson,2578,,607,1874,,,1,ky-sbe,2026-09-08T00:21:59+00:00
2024,KY,21095,Harlan County,2024-11-03,2,mail,371,,137,223,,,1,ky-sbe,2026-09-08T00:21:59+00:00
2024,KY,21095,Harlan County,2024-11-05,0,inperson,2578,,607,1874,,,1,ky-sbe,2026-09-08T00:21:59+00:00
2024,KY,21095,Harlan County,2024-11-05,0,mail,394,,144,234,,,1,ky-sbe,2026-09-08T00:21:59+00:00
2024,KY,21097,Harrison County,2024-09-23,43,mail,0,,,,,,1,ky-sbe,2026-09-08T00:21:59+00:00
2024,KY,21097,Harrison County,2024-09-26,40,mail,0,,,,,,1,ky-sbe,2026-09-08T00:21:59+00:00
2024,KY,21097,Harrison County,2024-09-30,36,mail,0,,,,,,1,ky-sbe,2026-09-08T00:21:59+00:00
2024,KY,21097,Harrison County,2024-10-08,28,mail,93,,61,30,,,1,ky-sbe,2026-09-08T00:21:59+00:00
2024,KY,21097,Harrison County,2024-10-14,22,mail,131,,89,39,,,1,ky-sbe,2026-09-08T00:21:59+00:00
2024,KY,21097,Harrison County,2024-10-21,15,mail,183,,119,56,,,1,ky-sbe,2026-09-08T00:21:59+00:00
2024,KY,21097,Harrison County,2024-10-23,13,mail,250,,164,77,,,1,ky-sbe,2026-09-08T00:21:59+00:00
2024,KY,21097,Harrison County,2024-10-25,11,inperson,49,,21,26,,,1,ky-sbe,2026-09-08T00:21:59+00:00
2024,KY,21097,Harrison County,2024-10-25,11,mail,278,,185,84,,,1,ky-sbe,2026-09-08T00:21:59+00:00
2024,KY,21097,Harrison County,2024-10-26,10,inperson,71,,28,38,,,1,ky-sbe,2026-09-08T00:21:59+00:00
2024,KY,21097,Harrison County,2024-10-26,10,mail,300,,196,92,,,1,ky-sbe,2026-09-08T00:21:59+00:00
2024,KY,21097,Harrison County,2024-10-29,7,inperson,88,,36,46,,,1,ky-sbe,2026-09-08T00:21:59+00:00
2024,KY,21097,Harrison County,2024-10-29,7,mail,325,,211,101,,,1,ky-sbe,2026-09-08T00:21:59+00:00
2024,KY,21097,Harrison County,2024-10-30,6,inperson,104,,41,57,,,1,ky-sbe,2026-09-08T00:21:59+00:00
2024,KY,21097,Harrison County,2024-10-30,6,mail,334,,218,103,,,1,ky-sbe,2026-09-08T00:21:59+00:00
2024,KY,21097,Harrison County,2024-10-31,5,inperson,111,,43,62,,,1,ky-sbe,2026-09-08T00:21:59+00:00
2024,KY,21097,Harrison County,2024-10-31,5,mail,351,,227,111,,,1,ky-sbe,2026-09-08T00:21:59+00:00
2024,KY,21097,Harrison County,2024-11-01,4,inperson,1044,,498,500,,,1,ky-sbe,2026-09-08T00:21:59+00:00
2024,KY,21097,Harrison County,2024-11-01,4,mail,363,,233,115,,,1,ky-sbe,2026-09-08T00:21:59+00:00
2024,KY,21097,Harrison County,2024-11-02,3,inperson,1931,,908,937,,,1,ky-sbe,2026-09-08T00:21:59+00:00
2024,KY,21097,Harrison County,2024-11-02,3,mail,380,,246,118,,,1,ky-sbe,2026-09-08T00:21:59+00:00
2024,KY,21097,Harrison County,2024-11-03,2,inperson,2648,,1225,1296,,,1,ky-sbe,2026-09-08T00:21:59+00:00
2024,KY,21097,Harrison County,2024-11-03,2,mail,383,,247,120,,,1,ky-sbe,2026-09-08T00:21:59+00:00
2024,KY,21097,Harrison County,2024-11-05,0,inperson,2648,,1225,1296,,,1,ky-sbe,2026-09-08T00:21:59+00:00
2024,KY,21097,Harrison County,2024-11-05,0,mail,414,,262,133,,,1,ky-sbe,2026-09-08T00:21:59+00:00
2024,KY,21099,Hart County,2024-09-23,43,mail,0,,,,,,1,ky-sbe,2026-09-08T00:21:59+00:00
2024,KY,21099,Hart County,2024-09-26,40,mail,0,,,,,,1,ky-sbe,2026-09-08T00:21:59+00:00
2024,KY,21099,Hart County,2024-09-30,36,mail,0,,,,,,1,ky-sbe,2026-09-08T00:21:59+00:00
2024,KY,21099,Hart County,2024-10-08,28,mail,97,,59,32,,,1,ky-sbe,2026-09-08T00:21:59+00:00
2024,KY,21099,Hart County,2024-10-14,22,mail,130,,74,48,,,1,ky-sbe,2026-09-08T00:21:59+00:00
2024,KY,21099,Hart County,2024-10-21,15,mail,193,,104,78,,,1,ky-sbe,2026-09-08T00:21:59+00:00
2024,KY,21099,Hart County,2024-10-23,13,mail,242,,135,94,,,1,ky-sbe,2026-09-08T00:21:59+00:00
2024,KY,21099,Hart County,2024-10-25,11,inperson,75,,21,47,,,1,ky-sbe,2026-09-08T00:21:59+00:00
2024,KY,21099,Hart County,2024-10-25,11,mail,282,,157,107,,,1,ky-sbe,2026-09-08T00:21:59+00:00
2024,KY,21099,Hart County,2024-10-26,10,inperson,127,,36,80,,,1,ky-sbe,2026-09-08T00:21:59+00:00
2024,KY,21099,Hart County,2024-10-26,10,mail,287,,159,110,,,1,ky-sbe,2026-09-08T00:21:59+00:00
2024,KY,21099,Hart County,2024-10-29,7,inperson,164,,44,107,,,1,ky-sbe,2026-09-08T00:21:59+00:00
2024,KY,21099,Hart County,2024-10-29,7,mail,315,,176,119,,,1,ky-sbe,2026-09-08T00:21:59+00:00
2024,KY,21099,Hart County,2024-10-30,6,inperson,206,,64,127,,,1,ky-sbe,2026-09-08T00:21:59+00:00
2024,KY,21099,Hart County,2024-10-30,6,mail,325,,178,127,,,1,ky-sbe,2026-09-08T00:21:59+00:00
2024,KY,21099,Hart County,2024-10-31,5,inperson,243,,78,145,,,1,ky-sbe,2026-09-08T00:21:59+00:00
2024,KY,21099,Hart County,2024-10-31,5,mail,339,,183,135,,,1,ky-sbe,2026-09-08T00:21:59+00:00
2024,KY,21099,Hart County,2024-11-01,4,inperson,869,,319,496,,,1,ky-sbe,2026-09-08T00:21:59+00:00
2024,KY,21099,Hart County,2024-11-01,4,mail,372,,198,150,,,1,ky-sbe,2026-09-08T00:21:59+00:00
2024,KY,21099,Hart County,2024-11-02,3,inperson,1564,,591,886,,,1,ky-sbe,2026-09-08T00:21:59+00:00
2024,KY,21099,Hart County,2024-11-02,3,mail,389,,206,158,,,1,ky-sbe,2026-09-08T00:21:59+00:00
2024,KY,21099,Hart County,2024-11-03,2,inperson,2017,,749,1156,,,1,ky-sbe,2026-09-08T00:21:59+00:00
2024,KY,21099,Hart County,2024-11-03,2,mail,393,,207,161,,,1,ky-sbe,2026-09-08T00:21:59+00:00
2024,KY,21099,Hart County,2024-11-05,0,inperson,2017,,749,1156,,,1,ky-sbe,2026-09-08T00:21:59+00:00
2024,KY,21099,Hart County,2024-11-05,0,mail,404,,212,166,,,1,ky-sbe,2026-09-08T00:21:59+00:00
2024,KY,21101,Henderson County,2024-09-23,43,mail,0,,,,,,1,ky-sbe,2026-09-08T00:21:59+00:00
2024,KY,21101,Henderson County,2024-09-26,40,mail,0,,,,,,1,ky-sbe,2026-09-08T00:21:59+00:00
2024,KY,21101,Henderson County,2024-09-30,36,mail,0,,,,,,1,ky-sbe,2026-09-08T00:21:59+00:00
2024,KY,21101,Henderson County,2024-10-08,28,mail,192,,137,37,,,1,ky-sbe,2026-09-08T00:21:59+00:00
2024,KY,21101,Henderson County,2024-10-14,22,mail,266,,190,57,,,1,ky-sbe,2026-09-08T00:21:59+00:00
2024,KY,21101,Henderson County,2024-10-21,15,mail,430,,304,93,,,1,ky-sbe,2026-09-08T00:21:59+00:00
2024,KY,21101,Henderson County,2024-10-23,13,mail,551,,390,117,,,1,ky-sbe,2026-09-08T00:21:59+00:00
2024,KY,21101,Henderson County,2024-10-25,11,inperson,77,,48,27,,,1,ky-sbe,2026-09-08T00:21:59+00:00
2024,KY,21101,Henderson County,2024-10-25,11,mail,627,,439,134,,,1,ky-sbe,2026-09-08T00:21:59+00:00
2024,KY,21101,Henderson County,2024-10-26,10,inperson,107,,68,35,,,1,ky-sbe,2026-09-08T00:21:59+00:00
2024,KY,21101,Henderson County,2024-10-26,10,mail,666,,466,145,,,1,ky-sbe,2026-09-08T00:21:59+00:00
2024,KY,21101,Henderson County,2024-10-29,7,inperson,143,,90,48,,,1,ky-sbe,2026-09-08T00:21:59+00:00
2024,KY,21101,Henderson County,2024-10-29,7,mail,719,,493,166,,,1,ky-sbe,2026-09-08T00:21:59+00:00
2024,KY,21101,Henderson County,2024-10-30,6,inperson,175,,108,60,,,1,ky-sbe,2026-09-08T00:21:59+00:00
2024,KY,21101,Henderson County,2024-10-30,6,mail,754,,509,180,,,1,ky-sbe,2026-09-08T00:21:59+00:00
2024,KY,21101,Henderson County,2024-10-31,5,inperson,194,,119,67,,,1,ky-sbe,2026-09-08T00:21:59+00:00
2024,KY,21101,Henderson County,2024-10-31,5,mail,803,,550,186,,,1,ky-sbe,2026-09-08T00:21:59+00:00
2024,KY,21101,Henderson County,2024-11-01,4,inperson,3217,,1808,1273,,,1,ky-sbe,2026-09-08T00:21:59+00:00
2024,KY,21101,Henderson County,2024-11-01,4,mail,825,,561,193,,,1,ky-sbe,2026-09-08T00:21:59+00:00
2024,KY,21101,Henderson County,2024-11-02,3,inperson,6223,,3479,2466,,,1,ky-sbe,2026-09-08T00:21:59+00:00
2024,KY,21101,Henderson County,2024-11-02,3,mail,854,,570,204,,,1,ky-sbe,2026-09-08T00:21:59+00:00
2024,KY,21101,Henderson County,2024-11-03,2,inperson,8590,,4663,3496,,,1,ky-sbe,2026-09-08T00:21:59+00:00
2024,KY,21101,Henderson County,2024-11-03,2,mail,854,,570,204,,,1,ky-sbe,2026-09-08T00:21:59+00:00
2024,KY,21101,Henderson County,2024-11-05,0,inperson,8590,,4663,3496,,,1,ky-sbe,2026-09-08T00:21:59+00:00
2024,KY,21101,Henderson County,2024-11-05,0,mail,972,,635,246,,,1,ky-sbe,2026-09-08T00:21:59+00:00
2024,KY,21103,Henry County,2024-09-23,43,mail,0,,,,,,1,ky-sbe,2026-09-08T00:21:59+00:00
2024,KY,21103,Henry County,2024-09-26,40,mail,0,,,,,,1,ky-sbe,2026-09-08T00:21:59+00:00
2024,KY,21103,Henry County,2024-09-30,36,mail,0,,,,,,1,ky-sbe,2026-09-08T00:21:59+00:00
2024,KY,21103,Henry County,2024-10-08,28,mail,29,,20,8,,,1,ky-sbe,2026-09-08T00:21:59+00:00
2024,KY,21103,Henry County,2024-10-14,22,mail,43,,27,15,,,1,ky-sbe,2026-09-08T00:21:59+00:00
2024,KY,21103,Henry County,2024-10-21,15,mail,82,,55,24,,,1,ky-sbe,2026-09-08T00:21:59+00:00
2024,KY,21103,Henry County,2024-10-23,13,mail,92,,62,26,,,1,ky-sbe,2026-09-08T00:21:59+00:00
2024,KY,21103,Henry County,2024-10-25,11,inperson,38,,13,25,,,1,ky-sbe,2026-09-08T00:21:59+00:00
2024,KY,21103,Henry County,2024-10-25,11,mail,108,,71,32,,,1,ky-sbe,2026-09-08T00:21:59+00:00
2024,KY,21103,Henry County,2024-10-26,10,inperson,47,,18,29,,,1,ky-sbe,2026-09-08T00:21:59+00:00
2024,KY,21103,Henry County,2024-10-26,10,mail,119,,75,39,,,1,ky-sbe,2026-09-08T00:21:59+00:00
2024,KY,21103,Henry County,2024-10-29,7,inperson,61,,21,40,,,1,ky-sbe,2026-09-08T00:21:59+00:00
2024,KY,21103,Henry County,2024-10-29,7,mail,129,,82,42,,,1,ky-sbe,2026-09-08T00:21:59+00:00
2024,KY,21103,Henry County,2024-10-30,6,inperson,67,,25,42,,,1,ky-sbe,2026-09-08T00:21:59+00:00
2024,KY,21103,Henry County,2024-10-30,6,mail,132,,84,43,,,1,ky-sbe,2026-09-08T00:21:59+00:00
2024,KY,21103,Henry County,2024-10-31,5,inperson,102,,42,60,,,1,ky-sbe,2026-09-08T00:21:59+00:00
2024,KY,21103,Henry County,2024-10-31,5,mail,135,,86,43,,,1,ky-sbe,2026-09-08T00:21:59+00:00
2024,KY,21103,Henry County,2024-11-01,4,inperson,945,,371,534,,,1,ky-sbe,2026-09-08T00:21:59+00:00
2024,KY,21103,Henry County,2024-11-01,4,mail,148,,94,47,,,1,ky-sbe,2026-09-08T00:21:59+00:00
2024,KY,21103,Henry County,2024-11-02,3,inperson,1710,,667,964,,,1,ky-sbe,2026-09-08T00:21:59+00:00
2024,KY,21103,Henry County,2024-11-02,3,mail,153,,96,50,,,1,ky-sbe,2026-09-08T00:21:59+00:00
2024,KY,21103,Henry County,2024-11-03,2,inperson,2398,,894,1388,,,1,ky-sbe,2026-09-08T00:21:59+00:00
2024,KY,21103,Henry County,2024-11-03,2,mail,153,,96,50,,,1,ky-sbe,2026-09-08T00:21:59+00:00
2024,KY,21103,Henry County,2024-11-05,0,inperson,2398,,894,1388,,,1,ky-sbe,2026-09-08T00:21:59+00:00
2024,KY,21103,Henry County,2024-11-05,0,mail,160,,99,51,,,1,ky-sbe,2026-09-08T00:21:59+00:00
2024,KY,21105,Hickman County,2024-09-23,43,mail,0,,,,,,1,ky-sbe,2026-09-08T00:21:59+00:00
2024,KY,21105,Hickman County,2024-09-26,40,mail,0,,,,,,1,ky-sbe,2026-09-08T00:21:59+00:00
2024,KY,21105,Hickman County,2024-09-30,36,mail,0,,,,,,1,ky-sbe,2026-09-08T00:21:59+00:00
2024,KY,21105,Hickman County,2024-10-08,28,mail,20,,9,8,,,1,ky-sbe,2026-09-08T00:21:59+00:00
2024,KY,21105,Hickman County,2024-10-14,22,mail,41,,23,13,,,1,ky-sbe,2026-09-08T00:21:59+00:00
2024,KY,21105,Hickman County,2024-10-21,15,mail,66,,36,24,,,1,ky-sbe,2026-09-08T00:21:59+00:00
2024,KY,21105,Hickman County,2024-10-23,13,mail,75,,41,28,,,1,ky-sbe,2026-09-08T00:21:59+00:00
2024,KY,21105,Hickman County,2024-10-25,11,inperson,0,,0,0,,,1,ky-sbe,2026-09-08T00:21:59+00:00
2024,KY,21105,Hickman County,2024-10-25,11,mail,76,,42,28,,,1,ky-sbe,2026-09-08T00:21:59+00:00
2024,KY,21105,Hickman County,2024-10-26,10,inperson,3,,0,3,,,1,ky-sbe,2026-09-08T00:21:59+00:00
2024,KY,21105,Hickman County,2024-10-26,10,mail,81,,43,31,,,1,ky-sbe,2026-09-08T00:21:59+00:00
2024,KY,21105,Hickman County,2024-10-29,7,inperson,5,,0,5,,,1,ky-sbe,2026-09-08T00:21:59+00:00
2024,KY,21105,Hickman County,2024-10-29,7,mail,82,,44,31,,,1,ky-sbe,2026-09-08T00:21:59+00:00
2024,KY,21105,Hickman County,2024-10-30,6,inperson,5,,0,5,,,1,ky-sbe,2026-09-08T00:21:59+00:00
2024,KY,21105,Hickman County,2024-10-30,6,mail,89,,49,33,,,1,ky-sbe,2026-09-08T00:21:59+00:00
2024,KY,21105,Hickman County,2024-10-31,5,inperson,7,,1,6,,,1,ky-sbe,2026-09-08T00:21:59+00:00
2024,KY,21105,Hickman County,2024-10-31,5,mail,92,,52,33,,,1,ky-sbe,2026-09-08T00:21:59+00:00
2024,KY,21105,Hickman County,2024-11-01,4,inperson,244,,101,135,,,1,ky-sbe,2026-09-08T00:21:59+00:00
2024,KY,21105,Hickman County,2024-11-01,4,mail,92,,52,33,,,1,ky-sbe,2026-09-08T00:21:59+00:00
2024,KY,21105,Hickman County,2024-11-02,3,inperson,470,,194,261,,,1,ky-sbe,2026-09-08T00:21:59+00:00
2024,KY,21105,Hickman County,2024-11-02,3,mail,96,,52,37,,,1,ky-sbe,2026-09-08T00:21:59+00:00
2024,KY,21105,Hickman County,2024-11-03,2,inperson,619,,259,342,,,1,ky-sbe,2026-09-08T00:21:59+00:00
2024,KY,21105,Hickman County,2024-11-03,2,mail,96,,52,37,,,1,ky-sbe,2026-09-08T00:21:59+00:00
2024,KY,21105,Hickman County,2024-11-05,0,inperson,619,,259,342,,,1,ky-sbe,2026-09-08T00:21:59+00:00
2024,KY,21105,Hickman County,2024-11-05,0,mail,96,,52,37,,,1,ky-sbe,2026-09-08T00:21:59+00:00
2024,KY,21107,Hopkins County,2024-09-23,43,mail,0,,,,,,1,ky-sbe,2026-09-08T00:21:59+00:00
2024,KY,21107,Hopkins County,2024-09-26,40,mail,0,,,,,,1,ky-sbe,2026-09-08T00:21:59+00:00
2024,KY,21107,Hopkins County,2024-09-30,36,mail,0,,,,,,1,ky-sbe,2026-09-08T00:21:59+00:00
2024,KY,21107,Hopkins County,2024-10-08,28,mail,23,,12,9,,,1,ky-sbe,2026-09-08T00:21:59+00:00
2024,KY,21107,Hopkins County,2024-10-14,22,mail,134,,75,50,,,1,ky-sbe,2026-09-08T00:21:59+00:00
2024,KY,21107,Hopkins County,2024-10-21,15,mail,187,,101,70,,,1,ky-sbe,2026-09-08T00:21:59+00:00
2024,KY,21107,Hopkins County,2024-10-23,13,mail,371,,205,132,,,1,ky-sbe,2026-09-08T00:21:59+00:00
2024,KY,21107,Hopkins County,2024-10-25,11,inperson,82,,31,49,,,1,ky-sbe,2026-09-08T00:21:59+00:00
2024,KY,21107,Hopkins County,2024-10-25,11,mail,470,,261,168,,,1,ky-sbe,2026-09-08T00:21:59+00:00
2024,KY,21107,Hopkins County,2024-10-26,10,inperson,118,,47,69,,,1,ky-sbe,2026-09-08T00:21:59+00:00
2024,KY,21107,Hopkins County,2024-10-26,10,mail,546,,306,195,,,1,ky-sbe,2026-09-08T00:21:59+00:00
2024,KY,21107,Hopkins County,2024-10-29,7,inperson,164,,67,93,,,1,ky-sbe,2026-09-08T00:21:59+00:00
2024,KY,21107,Hopkins County,2024-10-29,7,mail,608,,345,213,,,1,ky-sbe,2026-09-08T00:21:59+00:00
2024,KY,21107,Hopkins County,2024-10-30,6,inperson,197,,81,109,,,1,ky-sbe,2026-09-08T00:21:59+00:00
2024,KY,21107,Hopkins County,2024-10-30,6,mail,671,,376,244,,,1,ky-sbe,2026-09-08T00:21:59+00:00
2024,KY,21107,Hopkins County,2024-10-31,5,inperson,227,,95,124,,,1,ky-sbe,2026-09-08T00:21:59+00:00
2024,KY,21107,Hopkins County,2024-10-31,5,mail,719,,401,266,,,1,ky-sbe,2026-09-08T00:21:59+00:00
2024,KY,21107,Hopkins County,2024-11-01,4,inperson,2380,,1046,1234,,,1,ky-sbe,2026-09-08T00:21:59+00:00
2024,KY,21107,Hopkins County,2024-11-01,4,mail,755,,424,278,,,1,ky-sbe,2026-09-08T00:21:59+00:00
2024,KY,21107,Hopkins County,2024-11-02,3,inperson,4686,,2124,2351,,,1,ky-sbe,2026-09-08T00:21:59+00:00
2024,KY,21107,Hopkins County,2024-11-02,3,mail,755,,424,278,,,1,ky-sbe,2026-09-08T00:21:59+00:00
2024,KY,21107,Hopkins County,2024-11-03,2,inperson,6540,,2857,3351,,,1,ky-sbe,2026-09-08T00:21:59+00:00
2024,KY,21107,Hopkins County,2024-11-03,2,mail,787,,441,289,,,1,ky-sbe,2026-09-08T00:21:59+00:00
2024,KY,21107,Hopkins County,2024-11-05,0,inperson,6540,,2857,3351,,,1,ky-sbe,2026-09-08T00:21:59+00:00
2024,KY,21107,Hopkins County,2024-11-05,0,mail,814,,451,301,,,1,ky-sbe,2026-09-08T00:21:59+00:00
2024,KY,21109,Jackson County,2024-09-23,43,mail,0,,,,,,1,ky-sbe,2026-09-08T00:21:59+00:00
2024,KY,21109,Jackson County,2024-09-26,40,mail,0,,,,,,1,ky-sbe,2026-09-08T00:21:59+00:00
2024,KY,21109,Jackson County,2024-09-30,36,mail,0,,,,,,1,ky-sbe,2026-09-08T00:21:59+00:00
2024,KY,21109,Jackson County,2024-10-08,28,mail,63,,8,54,,,1,ky-sbe,2026-09-08T00:21:59+00:00
2024,KY,21109,Jackson County,2024-10-14,22,mail,101,,16,83,,,1,ky-sbe,2026-09-08T00:21:59+00:00
2024,KY,21109,Jackson County,2024-10-21,15,mail,193,,30,159,,,1,ky-sbe,2026-09-08T00:21:59+00:00
2024,KY,21109,Jackson County,2024-10-23,13,mail,241,,37,198,,,1,ky-sbe,2026-09-08T00:21:59+00:00
2024,KY,21109,Jackson County,2024-10-25,11,inperson,0,,0,0,,,1,ky-sbe,2026-09-08T00:21:59+00:00
2024,KY,21109,Jackson County,2024-10-25,11,mail,273,,38,228,,,1,ky-sbe,2026-09-08T00:21:59+00:00
2024,KY,21109,Jackson County,2024-10-26,10,inperson,69,,5,63,,,1,ky-sbe,2026-09-08T00:21:59+00:00
2024,KY,21109,Jackson County,2024-10-26,10,mail,283,,39,236,,,1,ky-sbe,2026-09-08T00:21:59+00:00
2024,KY,21109,Jackson County,2024-10-29,7,inperson,104,,5,98,,,1,ky-sbe,2026-09-08T00:21:59+00:00
2024,KY,21109,Jackson County,2024-10-29,7,mail,322,,47,266,,,1,ky-sbe,2026-09-08T00:21:59+00:00
2024,KY,21109,Jackson County,2024-10-30,6,inperson,129,,6,120,,,1,ky-sbe,2026-09-08T00:21:59+00:00
2024,KY,21109,Jackson County,2024-10-30,6,mail,344,,49,286,,,1,ky-sbe,2026-09-08T00:21:59+00:00
2024,KY,21109,Jackson County,2024-10-31,5,inperson,158,,6,149,,,1,ky-sbe,2026-09-08T00:21:59+00:00
2024,KY,21109,Jackson County,2024-10-31,5,mail,351,,51,291,,,1,ky-sbe,2026-09-08T00:21:59+00:00
2024,KY,21109,Jackson County,2024-11-01,4,inperson,662,,37,603,,,1,ky-sbe,2026-09-08T00:21:59+00:00
2024,KY,21109,Jackson County,2024-11-01,4,mail,359,,53,297,,,1,ky-sbe,2026-09-08T00:21:59+00:00
2024,KY,21109,Jackson County,2024-11-02,3,inperson,1198,,74,1087,,,1,ky-sbe,2026-09-08T00:21:59+00:00
2024,KY,21109,Jackson County,2024-11-02,3,mail,374,,57,306,,,1,ky-sbe,2026-09-08T00:21:59+00:00
2024,KY,21109,Jackson County,2024-11-03,2,inperson,1649,,106,1491,,,1,ky-sbe,2026-09-08T00:21:59+00:00
2024,KY,21109,Jackson County,2024-11-03,2,mail,386,,57,316,,,1,ky-sbe,2026-09-08T00:21:59+00:00
2024,KY,21109,Jackson County,2024-11-05,0,inperson,1649,,106,1491,,,1,ky-sbe,2026-09-08T00:21:59+00:00
2024,KY,21109,Jackson County,2024-11-05,0,mail,400,,59,326,,,1,ky-sbe,2026-09-08T00:21:59+00:00
2024,KY,21111,Jefferson County,2024-09-23,43,mail,0,,,,,,1,ky-sbe,2026-09-08T00:21:59+00:00
2024,KY,21111,Jefferson County,2024-09-26,40,mail,0,,,,,,1,ky-sbe,2026-09-08T00:21:59+00:00
2024,KY,21111,Jefferson County,2024-09-30,36,mail,0,,,,,,1,ky-sbe,2026-09-08T00:21:59+00:00
2024,KY,21111,Jefferson County,2024-10-08,28,mail,2034,,1233,556,,,1,ky-sbe,2026-09-08T00:21:59+00:00
2024,KY,21111,Jefferson County,2024-10-14,22,mail,3587,,2152,1004,,,1,ky-sbe,2026-09-08T00:21:59+00:00
2024,KY,21111,Jefferson County,2024-10-21,15,mail,7075,,4140,2091,,,1,ky-sbe,2026-09-08T00:21:59+00:00
2024,KY,21111,Jefferson County,2024-10-23,13,mail,8705,,5060,2554,,,1,ky-sbe,2026-09-08T00:21:59+00:00
2024,KY,21111,Jefferson County,2024-10-25,11,inperson,1542,,728,695,,,1,ky-sbe,2026-09-08T00:21:59+00:00
2024,KY,21111,Jefferson County,2024-10-25,11,mail,10795,,6227,3228,,,1,ky-sbe,2026-09-08T00:21:59+00:00
2024,KY,21111,Jefferson County,2024-10-26,10,inperson,2093,,983,952,,,1,ky-sbe,2026-09-08T00:21:59+00:00
2024,KY,21111,Jefferson County,2024-10-26,10,mail,11224,,6458,3342,,,1,ky-sbe,2026-09-08T00:21:59+00:00
2024,KY,21111,Jefferson County,2024-10-29,7,inperson,2705,,1268,1215,,,1,ky-sbe,2026-09-08T00:21:59+00:00
2024,KY,21111,Jefferson County,2024-10-29,7,mail,12388,,7104,3691,,,1,ky-sbe,2026-09-08T00:21:59+00:00
2024,KY,21111,Jefferson County,2024-10-30,6,inperson,3144,,1460,1410,,,1,ky-sbe,2026-09-08T00:21:59+00:00
2024,KY,21111,Jefferson County,2024-10-30,6,mail,13847,,7953,4107,,,1,ky-sbe,2026-09-08T00:21:59+00:00
2024,KY,21111,Jefferson County,2024-10-31,5,inperson,3489,,1629,1557,,,1,ky-sbe,2026-09-08T00:21:59+00:00
2024,KY,21111,Jefferson County,2024-10-31,5,mail,14649,,8434,4334,,,1,ky-sbe,2026-09-08T00:21:59+00:00
2024,KY,21111,Jefferson County,2024-11-01,4,inperson,42083,,22692,16206,,,1,ky-sbe,2026-09-08T00:21:59+00:00
2024,KY,21111,Jefferson County,2024-11-01,4,mail,15964,,9205,4714,,,1,ky-sbe,2026-09-08T00:21:59+00:00
2024,KY,21111,Jefferson County,2024-11-02,3,inperson,81966,,44967,30548,,,1,ky-sbe,2026-09-08T00:21:59+00:00
2024,KY,21111,Jefferson County,2024-11-02,3,mail,17056,,9827,5044,,,1,ky-sbe,2026-09-08T00:21:59+00:00
2024,KY,21111,Jefferson County,2024-11-03,2,inperson,116187,,65169,41547,,,1,ky-sbe,2026-09-08T00:21:59+00:00
2024,KY,21111,Jefferson County,2024-11-03,2,mail,17057,,9828,5044,,,1,ky-sbe,2026-09-08T00:21:59+00:00
2024,KY,21111,Jefferson County,2024-11-05,0,inperson,116188,,65170,41547,,,1,ky-sbe,2026-09-08T00:21:59+00:00
2024,KY,21111,Jefferson County,2024-11-05,0,mail,19181,,11149,5559,,,1,ky-sbe,2026-09-08T00:21:59+00:00
2024,KY,21113,Jessamine County,2024-09-23,43,mail,0,,,,,,1,ky-sbe,2026-09-08T00:21:59+00:00
2024,KY,21113,Jessamine County,2024-09-26,40,mail,0,,,,,,1,ky-sbe,2026-09-08T00:21:59+00:00
2024,KY,21113,Jessamine County,2024-09-30,36,mail,0,,,,,,1,ky-sbe,2026-09-08T00:21:59+00:00
2024,KY,21113,Jessamine County,2024-10-08,28,mail,308,,141,142,,,1,ky-sbe,2026-09-08T00:21:59+00:00
2024,KY,21113,Jessamine County,2024-10-14,22,mail,505,,232,230,,,1,ky-sbe,2026-09-08T00:21:59+00:00
2024,KY,21113,Jessamine County,2024-10-21,15,mail,838,,360,394,,,1,ky-sbe,2026-09-08T00:21:59+00:00
2024,KY,21113,Jessamine County,2024-10-23,13,mail,1002,,438,460,,,1,ky-sbe,2026-09-08T00:21:59+00:00
2024,KY,21113,Jessamine County,2024-10-25,11,inperson,190,,50,122,,,1,ky-sbe,2026-09-08T00:21:59+00:00
2024,KY,21113,Jessamine County,2024-10-25,11,mail,1119,,492,512,,,1,ky-sbe,2026-09-08T00:21:59+00:00
2024,KY,21113,Jessamine County,2024-10-26,10,inperson,260,,72,165,,,1,ky-sbe,2026-09-08T00:21:59+00:00
2024,KY,21113,Jessamine County,2024-10-26,10,mail,1197,,530,537,,,1,ky-sbe,2026-09-08T00:21:59+00:00
2024,KY,21113,Jessamine County,2024-10-29,7,inperson,318,,88,204,,,1,ky-sbe,2026-09-08T00:21:59+00:00
2024,KY,21113,Jessamine County,2024-10-29,7,mail,1324,,589,587,,,1,ky-sbe,2026-09-08T00:21:59+00:00
2024,KY,21113,Jessamine County,2024-10-30,6,inperson,379,,102,248,,,1,ky-sbe,2026-09-08T00:21:59+00:00
2024,KY,21113,Jessamine County,2024-10-30,6,mail,1456,,639,644,,,1,ky-sbe,2026-09-08T00:21:59+00:00
2024,KY,21113,Jessamine County,2024-10-31,5,inperson,439,,119,288,,,1,ky-sbe,2026-09-08T00:21:59+00:00
2024,KY,21113,Jessamine County,2024-10-31,5,mail,1491,,654,661,,,1,ky-sbe,2026-09-08T00:21:59+00:00
2024,KY,21113,Jessamine County,2024-11-01,4,inperson,2606,,767,1606,,,1,ky-sbe,2026-09-08T00:21:59+00:00
2024,KY,21113,Jessamine County,2024-11-01,4,mail,1536,,670,687,,,1,ky-sbe,2026-09-08T00:21:59+00:00
2024,KY,21113,Jessamine County,2024-11-02,3,inperson,4909,,1493,3006,,,1,ky-sbe,2026-09-08T00:21:59+00:00
2024,KY,21113,Jessamine County,2024-11-02,3,mail,1690,,739,757,,,1,ky-sbe,2026-09-08T00:21:59+00:00
2024,KY,21113,Jessamine County,2024-11-03,2,inperson,7359,,2286,4446,,,1,ky-sbe,2026-09-08T00:21:59+00:00
2024,KY,21113,Jessamine County,2024-11-03,2,mail,1692,,739,758,,,1,ky-sbe,2026-09-08T00:21:59+00:00
2024,KY,21113,Jessamine County,2024-11-05,0,inperson,7359,,2286,4446,,,1,ky-sbe,2026-09-08T00:21:59+00:00
2024,KY,21113,Jessamine County,2024-11-05,0,mail,1902,,814,862,,,1,ky-sbe,2026-09-08T00:21:59+00:00
2024,KY,21115,Johnson County,2024-09-23,43,mail,0,,,,,,1,ky-sbe,2026-09-08T00:21:59+00:00
2024,KY,21115,Johnson County,2024-09-26,40,mail,0,,,,,,1,ky-sbe,2026-09-08T00:21:59+00:00
2024,KY,21115,Johnson County,2024-09-30,36,mail,0,,,,,,1,ky-sbe,2026-09-08T00:21:59+00:00
2024,KY,21115,Johnson County,2024-10-08,28,mail,47,,12,34,,,1,ky-sbe,2026-09-08T00:21:59+00:00
2024,KY,21115,Johnson County,2024-10-14,22,mail,161,,47,108,,,1,ky-sbe,2026-09-08T00:21:59+00:00
2024,KY,21115,Johnson County,2024-10-21,15,mail,299,,98,191,,,1,ky-sbe,2026-09-08T00:21:59+00:00
2024,KY,21115,Johnson County,2024-10-23,13,mail,397,,132,251,,,1,ky-sbe,2026-09-08T00:21:59+00:00
2024,KY,21115,Johnson County,2024-10-25,11,inperson,266,,33,225,,,1,ky-sbe,2026-09-08T00:21:59+00:00
2024,KY,21115,Johnson County,2024-10-25,11,mail,563,,174,372,,,1,ky-sbe,2026-09-08T00:21:59+00:00
2024,KY,21115,Johnson County,2024-10-26,10,inperson,389,,50,329,,,1,ky-sbe,2026-09-08T00:21:59+00:00
2024,KY,21115,Johnson County,2024-10-26,10,mail,601,,185,398,,,1,ky-sbe,2026-09-08T00:21:59+00:00
2024,KY,21115,Johnson County,2024-10-29,7,inperson,525,,68,443,,,1,ky-sbe,2026-09-08T00:21:59+00:00
2024,KY,21115,Johnson County,2024-10-29,7,mail,649,,198,430,,,1,ky-sbe,2026-09-08T00:21:59+00:00
2024,KY,21115,Johnson County,2024-10-30,6,inperson,676,,105,547,,,1,ky-sbe,2026-09-08T00:21:59+00:00
2024,KY,21115,Johnson County,2024-10-30,6,mail,683,,208,453,,,1,ky-sbe,2026-09-08T00:21:59+00:00
2024,KY,21115,Johnson County,2024-10-31,5,inperson,811,,122,663,,,1,ky-sbe,2026-09-08T00:21:59+00:00
2024,KY,21115,Johnson County,2024-10-31,5,mail,683,,208,453,,,1,ky-sbe,2026-09-08T00:21:59+00:00
2024,KY,21115,Johnson County,2024-11-01,4,inperson,987,,153,802,,,1,ky-sbe,2026-09-08T00:21:59+00:00
2024,KY,21115,Johnson County,2024-11-01,4,mail,716,,221,470,,,1,ky-sbe,2026-09-08T00:21:59+00:00
2024,KY,21115,Johnson County,2024-11-02,3,inperson,1190,,194,960,,,1,ky-sbe,2026-09-08T00:21:59+00:00
2024,KY,21115,Johnson County,2024-11-02,3,mail,716,,221,470,,,1,ky-sbe,2026-09-08T00:21:59+00:00
2024,KY,21115,Johnson County,2024-11-03,2,inperson,1451,,237,1166,,,1,ky-sbe,2026-09-08T00:21:59+00:00
2024,KY,21115,Johnson County,2024-11-03,2,mail,716,,221,470,,,1,ky-sbe,2026-09-08T00:21:59+00:00
2024,KY,21115,Johnson County,2024-11-05,0,inperson,3854,,700,3041,,,1,ky-sbe,2026-09-08T00:21:59+00:00
2024,KY,21115,Johnson County,2024-11-05,0,mail,790,,244,516,,,1,ky-sbe,2026-09-08T00:21:59+00:00
2024,KY,21117,Kenton County,2024-09-23,43,mail,0,,,,,,1,ky-sbe,2026-09-08T00:21:59+00:00
2024,KY,21117,Kenton County,2024-09-26,40,mail,0,,,,,,1,ky-sbe,2026-09-08T00:21:59+00:00
2024,KY,21117,Kenton County,2024-09-30,36,mail,0,,,,,,1,ky-sbe,2026-09-08T00:21:59+00:00
2024,KY,21117,Kenton County,2024-10-08,28,mail,671,,304,284,,,1,ky-sbe,2026-09-08T00:21:59+00:00
2024,KY,21117,Kenton County,2024-10-14,22,mail,1213,,558,522,,,1,ky-sbe,2026-09-08T00:21:59+00:00
2024,KY,21117,Kenton County,2024-10-21,15,mail,2152,,945,943,,,1,ky-sbe,2026-09-08T00:21:59+00:00
2024,KY,21117,Kenton County,2024-10-23,13,mail,2615,,1141,1141,,,1,ky-sbe,2026-09-08T00:21:59+00:00
2024,KY,21117,Kenton County,2024-10-25,11,inperson,333,,117,174,,,1,ky-sbe,2026-09-08T00:21:59+00:00
2024,KY,21117,Kenton County,2024-10-25,11,mail,3063,,1316,1356,,,1,ky-sbe,2026-09-08T00:21:59+00:00
2024,KY,21117,Kenton County,2024-10-26,10,inperson,501,,171,269,,,1,ky-sbe,2026-09-08T00:21:59+00:00
2024,KY,21117,Kenton County,2024-10-26,10,mail,3256,,1392,1445,,,1,ky-sbe,2026-09-08T00:21:59+00:00
2024,KY,21117,Kenton County,2024-10-29,7,inperson,662,,221,361,,,1,ky-sbe,2026-09-08T00:21:59+00:00
2024,KY,21117,Kenton County,2024-10-29,7,mail,3302,,1413,1459,,,1,ky-sbe,2026-09-08T00:21:59+00:00
2024,KY,21117,Kenton County,2024-10-30,6,inperson,768,,260,417,,,1,ky-sbe,2026-09-08T00:21:59+00:00
2024,KY,21117,Kenton County,2024-10-30,6,mail,3845,,1628,1694,,,1,ky-sbe,2026-09-08T00:21:59+00:00
2024,KY,21117,Kenton County,2024-10-31,5,inperson,845,,289,457,,,1,ky-sbe,2026-09-08T00:21:59+00:00
2024,KY,21117,Kenton County,2024-10-31,5,mail,4097,,1717,1817,,,1,ky-sbe,2026-09-08T00:21:59+00:00
2024,KY,21117,Kenton County,2024-11-01,4,inperson,10265,,3485,5602,,,1,ky-sbe,2026-09-08T00:21:59+00:00
2024,KY,21117,Kenton County,2024-11-01,4,mail,4426,,1860,1943,,,1,ky-sbe,2026-09-08T00:21:59+00:00
2024,KY,21117,Kenton County,2024-11-02,3,inperson,21142,,7176,11586,,,1,ky-sbe,2026-09-08T00:21:59+00:00
2024,KY,21117,Kenton County,2024-11-02,3,mail,4579,,1911,2012,,,1,ky-sbe,2026-09-08T00:21:59+00:00
2024,KY,21117,Kenton County,2024-11-03,2,inperson,31256,,10738,16871,,,1,ky-sbe,2026-09-08T00:21:59+00:00
2024,KY,21117,Kenton County,2024-11-03,2,mail,4751,,1979,2088,,,1,ky-sbe,2026-09-08T00:21:59+00:00
2024,KY,21117,Kenton County,2024-11-05,0,inperson,31256,,10738,16871,,,1,ky-sbe,2026-09-08T00:21:59+00:00
2024,KY,21117,Kenton County,2024-11-05,0,mail,5085,,2137,2211,,,1,ky-sbe,2026-09-08T00:21:59+00:00
2024,KY,21119,Knott County,2024-09-23,43,mail,0,,,,,,1,ky-sbe,2026-09-08T00:21:59+00:00
2024,KY,21119,Knott County,2024-09-26,40,mail,0,,,,,,1,ky-sbe,2026-09-08T00:21:59+00:00
2024,KY,21119,Knott County,2024-09-30,36,mail,0,,,,,,1,ky-sbe,2026-09-08T00:21:59+00:00
2024,KY,21119,Knott County,2024-10-08,28,mail,64,,53,8,,,1,ky-sbe,2026-09-08T00:21:59+00:00
2024,KY,21119,Knott County,2024-10-14,22,mail,116,,102,11,,,1,ky-sbe,2026-09-08T00:21:59+00:00
2024,KY,21119,Knott County,2024-10-21,15,mail,220,,190,25,,,1,ky-sbe,2026-09-08T00:21:59+00:00
2024,KY,21119,Knott County,2024-10-23,13,mail,276,,234,35,,,1,ky-sbe,2026-09-08T00:21:59+00:00
2024,KY,21119,Knott County,2024-10-25,11,inperson,121,,82,33,,,1,ky-sbe,2026-09-08T00:21:59+00:00
2024,KY,21119,Knott County,2024-10-25,11,mail,343,,291,45,,,1,ky-sbe,2026-09-08T00:21:59+00:00
2024,KY,21119,Knott County,2024-10-26,10,inperson,187,,131,49,,,1,ky-sbe,2026-09-08T00:21:59+00:00
2024,KY,21119,Knott County,2024-10-26,10,mail,369,,315,47,,,1,ky-sbe,2026-09-08T00:21:59+00:00
2024,KY,21119,Knott County,2024-10-29,7,inperson,260,,180,71,,,1,ky-sbe,2026-09-08T00:21:59+00:00
2024,KY,21119,Knott County,2024-10-29,7,mail,380,,325,48,,,1,ky-sbe,2026-09-08T00:21:59+00:00
2024,KY,21119,Knott County,2024-10-30,6,inperson,344,,244,89,,,1,ky-sbe,2026-09-08T00:21:59+00:00
2024,KY,21119,Knott County,2024-10-30,6,mail,422,,361,54,,,1,ky-sbe,2026-09-08T00:21:59+00:00
2024,KY,21119,Knott County,2024-10-31,5,inperson,432,,297,121,,,1,ky-sbe,2026-09-08T00:21:59+00:00
2024,KY,21119,Knott County,2024-10-31,5,mail,439,,373,57,,,1,ky-sbe,2026-09-08T00:21:59+00:00
2024,KY,21119,Knott County,2024-11-01,4,inperson,780,,510,244,,,1,ky-sbe,2026-09-08T00:21:59+00:00
2024,KY,21119,Knott County,2024-11-01,4,mail,454,,385,60,,,1,ky-sbe,2026-09-08T00:21:59+00:00
2024,KY,21119,Knott County,2024-11-02,3,inperson,1186,,765,377,,,1,ky-sbe,2026-09-08T00:21:59+00:00
2024,KY,21119,Knott County,2024-11-02,3,mail,470,,395,65,,,1,ky-sbe,2026-09-08T00:21:59+00:00
2024,KY,21119,Knott County,2024-11-03,2,inperson,1523,,997,475,,,1,ky-sbe,2026-09-08T00:21:59+00:00
2024,KY,21119,Knott County,2024-11-03,2,mail,482,,405,66,,,1,ky-sbe,2026-09-08T00:21:59+00:00
2024,KY,21119,Knott County,2024-11-05,0,inperson,1523,,997,475,,,1,ky-sbe,2026-09-08T00:21:59+00:00
2024,KY,21119,Knott County,2024-11-05,0,mail,499,,421,67,,,1,ky-sbe,2026-09-08T00:21:59+00:00
2024,KY,21121,Knox County,2024-09-23,43,mail,0,,,,,,1,ky-sbe,2026-09-08T00:21:59+00:00
2024,KY,21121,Knox County,2024-09-26,40,mail,0,,,,,,1,ky-sbe,2026-09-08T00:21:59+00:00
2024,KY,21121,Knox County,2024-09-30,36,mail,0,,,,,,1,ky-sbe,2026-09-08T00:21:59+00:00
2024,KY,21121,Knox County,2024-10-08,28,mail,157,,41,106,,,1,ky-sbe,2026-09-08T00:21:59+00:00
2024,KY,21121,Knox County,2024-10-14,22,mail,234,,58,165,,,1,ky-sbe,2026-09-08T00:21:59+00:00
2024,KY,21121,Knox County,2024-10-21,15,mail,414,,104,288,,,1,ky-sbe,2026-09-08T00:21:59+00:00
2024,KY,21121,Knox County,2024-10-23,13,mail,503,,130,348,,,1,ky-sbe,2026-09-08T00:21:59+00:00
2024,KY,21121,Knox County,2024-10-25,11,inperson,49,,6,40,,,1,ky-sbe,2026-09-08T00:21:59+00:00
2024,KY,21121,Knox County,2024-10-25,11,mail,546,,139,382,,,1,ky-sbe,2026-09-08T00:21:59+00:00
2024,KY,21121,Knox County,2024-10-26,10,inperson,81,,9,69,,,1,ky-sbe,2026-09-08T00:21:59+00:00
2024,KY,21121,Knox County,2024-10-26,10,mail,583,,150,408,,,1,ky-sbe,2026-09-08T00:21:59+00:00
2024,KY,21121,Knox County,2024-10-29,7,inperson,120,,16,101,,,1,ky-sbe,2026-09-08T00:21:59+00:00
2024,KY,21121,Knox County,2024-10-29,7,mail,632,,166,437,,,1,ky-sbe,2026-09-08T00:21:59+00:00
2024,KY,21121,Knox County,2024-10-30,6,inperson,141,,18,120,,,1,ky-sbe,2026-09-08T00:21:59+00:00
2024,KY,21121,Knox County,2024-10-30,6,mail,677,,179,468,,,1,ky-sbe,2026-09-08T00:21:59+00:00
2024,KY,21121,Knox County,2024-10-31,5,inperson,160,,21,135,,,1,ky-sbe,2026-09-08T00:21:59+00:00
2024,KY,21121,Knox County,2024-10-31,5,mail,714,,187,493,,,1,ky-sbe,2026-09-08T00:21:59+00:00
2024,KY,21121,Knox County,2024-11-01,4,inperson,1468,,214,1210,,,1,ky-sbe,2026-09-08T00:21:59+00:00
2024,KY,21121,Knox County,2024-11-01,4,mail,714,,187,493,,,1,ky-sbe,2026-09-08T00:21:59+00:00
2024,KY,21121,Knox County,2024-11-02,3,inperson,2746,,410,2251,,,1,ky-sbe,2026-09-08T00:21:59+00:00
2024,KY,21121,Knox County,2024-11-02,3,mail,766,,196,533,,,1,ky-sbe,2026-09-08T00:21:59+00:00
2024,KY,21121,Knox County,2024-11-03,2,inperson,3878,,552,3195,,,1,ky-sbe,2026-09-08T00:21:59+00:00
2024,KY,21121,Knox County,2024-11-03,2,mail,766,,196,533,,,1,ky-sbe,2026-09-08T00:21:59+00:00
2024,KY,21121,Knox County,2024-11-05,0,inperson,3878,,552,3195,,,1,ky-sbe,2026-09-08T00:21:59+00:00
2024,KY,21121,Knox County,2024-11-05,0,mail,819,,209,570,,,1,ky-sbe,2026-09-08T00:21:59+00:00
2024,KY,21123,Larue County,2024-09-23,43,mail,0,,,,,,1,ky-sbe,2026-09-08T00:21:59+00:00
2024,KY,21123,Larue County,2024-09-26,40,mail,0,,,,,,1,ky-sbe,2026-09-08T00:21:59+00:00
2024,KY,21123,Larue County,2024-09-30,36,mail,0,,,,,,1,ky-sbe,2026-09-08T00:21:59+00:00
2024,KY,21123,Larue County,2024-10-08,28,mail,33,,17,14,,,1,ky-sbe,2026-09-08T00:21:59+00:00
2024,KY,21123,Larue County,2024-10-14,22,mail,61,,37,21,,,1,ky-sbe,2026-09-08T00:21:59+00:00
2024,KY,21123,Larue County,2024-10-21,15,mail,112,,65,41,,,1,ky-sbe,2026-09-08T00:21:59+00:00
2024,KY,21123,Larue County,2024-10-23,13,mail,145,,76,60,,,1,ky-sbe,2026-09-08T00:21:59+00:00
2024,KY,21123,Larue County,2024-10-25,11,inperson,71,,27,40,,,1,ky-sbe,2026-09-08T00:21:59+00:00
2024,KY,21123,Larue County,2024-10-25,11,mail,168,,89,69,,,1,ky-sbe,2026-09-08T00:21:59+00:00
2024,KY,21123,Larue County,2024-10-26,10,inperson,108,,38,66,,,1,ky-sbe,2026-09-08T00:21:59+00:00
2024,KY,21123,Larue County,2024-10-26,10,mail,173,,92,69,,,1,ky-sbe,2026-09-08T00:21:59+00:00
2024,KY,21123,Larue County,2024-10-29,7,inperson,135,,44,86,,,1,ky-sbe,2026-09-08T00:21:59+00:00
2024,KY,21123,Larue County,2024-10-29,7,mail,205,,110,83,,,1,ky-sbe,2026-09-08T00:21:59+00:00
2024,KY,21123,Larue County,2024-10-30,6,inperson,161,,52,103,,,1,ky-sbe,2026-09-08T00:21:59+00:00
2024,KY,21123,Larue County,2024-10-30,6,mail,208,,111,84,,,1,ky-sbe,2026-09-08T00:21:59+00:00
2024,KY,21123,Larue County,2024-10-31,5,inperson,216,,68,140,,,1,ky-sbe,2026-09-08T00:21:59+00:00
2024,KY,21123,Larue County,2024-10-31,5,mail,225,,118,92,,,1,ky-sbe,2026-09-08T00:21:59+00:00
2024,KY,21123,Larue County,2024-11-01,4,inperson,1036,,378,602,,,1,ky-sbe,2026-09-08T00:21:59+00:00
2024,KY,21123,Larue County,2024-11-01,4,mail,240,,126,98,,,1,ky-sbe,2026-09-08T00:21:59+00:00
2024,KY,21123,Larue County,2024-11-02,3,inperson,1879,,693,1093,,,1,ky-sbe,2026-09-08T00:21:59+00:00
2024,KY,21123,Larue County,2024-11-02,3,mail,252,,128,107,,,1,ky-sbe,2026-09-08T00:21:59+00:00
2024,KY,21123,Larue County,2024-11-03,2,inperson,2565,,916,1517,,,1,ky-sbe,2026-09-08T00:21:59+00:00
2024,KY,21123,Larue County,2024-11-03,2,mail,259,,131,110,,,1,ky-sbe,2026-09-08T00:21:59+00:00
2024,KY,21123,Larue County,2024-11-05,0,inperson,2565,,916,1517,,,1,ky-sbe,2026-09-08T00:21:59+00:00
2024,KY,21123,Larue County,2024-11-05,0,mail,279,,139,119,,,1,ky-sbe,2026-09-08T00:21:59+00:00
2024,KY,21125,Laurel County,2024-09-23,43,mail,0,,,,,,1,ky-sbe,2026-09-08T00:21:59+00:00
2024,KY,21125,Laurel County,2024-09-26,40,mail,0,,,,,,1,ky-sbe,2026-09-08T00:21:59+00:00
2024,KY,21125,Laurel County,2024-09-30,36,mail,0,,,,,,1,ky-sbe,2026-09-08T00:21:59+00:00
2024,KY,21125,Laurel County,2024-10-08,28,mail,290,,64,208,,,1,ky-sbe,2026-09-08T00:21:59+00:00
2024,KY,21125,Laurel County,2024-10-14,22,mail,555,,137,389,,,1,ky-sbe,2026-09-08T00:21:59+00:00
2024,KY,21125,Laurel County,2024-10-21,15,mail,917,,215,660,,,1,ky-sbe,2026-09-08T00:21:59+00:00
2024,KY,21125,Laurel County,2024-10-23,13,mail,1150,,256,836,,,1,ky-sbe,2026-09-08T00:21:59+00:00
2024,KY,21125,Laurel County,2024-10-25,11,inperson,130,,11,117,,,1,ky-sbe,2026-09-08T00:21:59+00:00
2024,KY,21125,Laurel County,2024-10-25,11,mail,1302,,303,930,,,1,ky-sbe,2026-09-08T00:21:59+00:00
2024,KY,21125,Laurel County,2024-10-26,10,inperson,192,,17,173,,,1,ky-sbe,2026-09-08T00:21:59+00:00
2024,KY,21125,Laurel County,2024-10-26,10,mail,1394,,323,995,,,1,ky-sbe,2026-09-08T00:21:59+00:00
2024,KY,21125,Laurel County,2024-10-29,7,inperson,271,,24,244,,,1,ky-sbe,2026-09-08T00:21:59+00:00
2024,KY,21125,Laurel County,2024-10-29,7,mail,1511,,348,1080,,,1,ky-sbe,2026-09-08T00:21:59+00:00
2024,KY,21125,Laurel County,2024-10-30,6,inperson,340,,33,301,,,1,ky-sbe,2026-09-08T00:21:59+00:00
2024,KY,21125,Laurel County,2024-10-30,6,mail,1586,,366,1130,,,1,ky-sbe,2026-09-08T00:21:59+00:00
2024,KY,21125,Laurel County,2024-10-31,5,inperson,417,,42,366,,,1,ky-sbe,2026-09-08T00:21:59+00:00
2024,KY,21125,Laurel County,2024-10-31,5,mail,1645,,385,1161,,,1,ky-sbe,2026-09-08T00:21:59+00:00
2024,KY,21125,Laurel County,2024-11-01,4,inperson,2185,,277,1845,,,1,ky-sbe,2026-09-08T00:21:59+00:00
2024,KY,21125,Laurel County,2024-11-01,4,mail,1688,,399,1186,,,1,ky-sbe,2026-09-08T00:21:59+00:00
2024,KY,21125,Laurel County,2024-11-02,3,inperson,4104,,520,3445,,,1,ky-sbe,2026-09-08T00:21:59+00:00
2024,KY,21125,Laurel County,2024-11-02,3,mail,1746,,413,1227,,,1,ky-sbe,2026-09-08T00:21:59+00:00
2024,KY,21125,Laurel County,2024-11-03,2,inperson,6470,,816,5401,,,1,ky-sbe,2026-09-08T00:21:59+00:00
2024,KY,21125,Laurel County,2024-11-03,2,mail,1746,,413,1227,,,1,ky-sbe,2026-09-08T00:21:59+00:00
2024,KY,21125,Laurel County,2024-11-05,0,inperson,6470,,816,5401,,,1,ky-sbe,2026-09-08T00:21:59+00:00
2024,KY,21125,Laurel County,2024-11-05,0,mail,1862,,456,1289,,,1,ky-sbe,2026-09-08T00:21:59+00:00
2024,KY,21127,Lawrence County,2024-09-23,43,mail,0,,,,,,1,ky-sbe,2026-09-08T00:21:59+00:00
2024,KY,21127,Lawrence County,2024-09-26,40,mail,0,,,,,,1,ky-sbe,2026-09-08T00:21:59+00:00
2024,KY,21127,Lawrence County,2024-09-30,36,mail,0,,,,,,1,ky-sbe,2026-09-08T00:21:59+00:00
2024,KY,21127,Lawrence County,2024-10-08,28,mail,45,,22,19,,,1,ky-sbe,2026-09-08T00:21:59+00:00
2024,KY,21127,Lawrence County,2024-10-14,22,mail,94,,41,48,,,1,ky-sbe,2026-09-08T00:21:59+00:00
2024,KY,21127,Lawrence County,2024-10-21,15,mail,196,,80,106,,,1,ky-sbe,2026-09-08T00:21:59+00:00
2024,KY,21127,Lawrence County,2024-10-23,13,mail,224,,90,122,,,1,ky-sbe,2026-09-08T00:21:59+00:00
2024,KY,21127,Lawrence County,2024-10-25,11,inperson,15,,2,13,,,1,ky-sbe,2026-09-08T00:21:59+00:00
2024,KY,21127,Lawrence County,2024-10-25,11,mail,269,,106,149,,,1,ky-sbe,2026-09-08T00:21:59+00:00
2024,KY,21127,Lawrence County,2024-10-26,10,inperson,56,,17,37,,,1,ky-sbe,2026-09-08T00:21:59+00:00
2024,KY,21127,Lawrence County,2024-10-26,10,mail,285,,115,156,,,1,ky-sbe,2026-09-08T00:21:59+00:00
2024,KY,21127,Lawrence County,2024-10-29,7,inperson,96,,24,66,,,1,ky-sbe,2026-09-08T00:21:59+00:00
2024,KY,21127,Lawrence County,2024-10-29,7,mail,321,,130,175,,,1,ky-sbe,2026-09-08T00:21:59+00:00
2024,KY,21127,Lawrence County,2024-10-30,6,inperson,116,,26,79,,,1,ky-sbe,2026-09-08T00:21:59+00:00
2024,KY,21127,Lawrence County,2024-10-30,6,mail,341,,137,187,,,1,ky-sbe,2026-09-08T00:21:59+00:00
2024,KY,21127,Lawrence County,2024-10-31,5,inperson,145,,34,98,,,1,ky-sbe,2026-09-08T00:21:59+00:00
2024,KY,21127,Lawrence County,2024-10-31,5,mail,347,,139,189,,,1,ky-sbe,2026-09-08T00:21:59+00:00
2024,KY,21127,Lawrence County,2024-11-01,4,inperson,745,,178,519,,,1,ky-sbe,2026-09-08T00:21:59+00:00
2024,KY,21127,Lawrence County,2024-11-01,4,mail,350,,142,189,,,1,ky-sbe,2026-09-08T00:21:59+00:00
2024,KY,21127,Lawrence County,2024-11-02,3,inperson,1352,,322,953,,,1,ky-sbe,2026-09-08T00:21:59+00:00
2024,KY,21127,Lawrence County,2024-11-02,3,mail,387,,167,201,,,1,ky-sbe,2026-09-08T00:21:59+00:00
2024,KY,21127,Lawrence County,2024-11-03,2,inperson,1739,,415,1224,,,1,ky-sbe,2026-09-08T00:21:59+00:00
2024,KY,21127,Lawrence County,2024-11-03,2,mail,387,,167,201,,,1,ky-sbe,2026-09-08T00:21:59+00:00
2024,KY,21127,Lawrence County,2024-11-05,0,inperson,1739,,415,1224,,,1,ky-sbe,2026-09-08T00:21:59+00:00
2024,KY,21127,Lawrence County,2024-11-05,0,mail,408,,176,207,,,1,ky-sbe,2026-09-08T00:21:59+00:00
2024,KY,21129,Lee County,2024-09-23,43,mail,0,,,,,,1,ky-sbe,2026-09-08T00:21:59+00:00
2024,KY,21129,Lee County,2024-09-26,40,mail,0,,,,,,1,ky-sbe,2026-09-08T00:21:59+00:00
2024,KY,21129,Lee County,2024-09-30,36,mail,0,,,,,,1,ky-sbe,2026-09-08T00:21:59+00:00
2024,KY,21129,Lee County,2024-10-08,28,mail,47,,9,38,,,1,ky-sbe,2026-09-08T00:21:59+00:00
2024,KY,21129,Lee County,2024-10-14,22,mail,58,,15,43,,,1,ky-sbe,2026-09-08T00:21:59+00:00
2024,KY,21129,Lee County,2024-10-21,15,mail,100,,30,69,,,1,ky-sbe,2026-09-08T00:21:59+00:00
2024,KY,21129,Lee County,2024-10-23,13,mail,123,,34,86,,,1,ky-sbe,2026-09-08T00:21:59+00:00
2024,KY,21129,Lee County,2024-10-25,11,inperson,29,,4,24,,,1,ky-sbe,2026-09-08T00:21:59+00:00
2024,KY,21129,Lee County,2024-10-25,11,mail,130,,37,90,,,1,ky-sbe,2026-09-08T00:21:59+00:00
2024,KY,21129,Lee County,2024-10-26,10,inperson,29,,4,24,,,1,ky-sbe,2026-09-08T00:21:59+00:00
2024,KY,21129,Lee County,2024-10-26,10,mail,130,,37,90,,,1,ky-sbe,2026-09-08T00:21:59+00:00
2024,KY,21129,Lee County,2024-10-29,7,inperson,60,,6,53,,,1,ky-sbe,2026-09-08T00:21:59+00:00
2024,KY,21129,Lee County,2024-10-29,7,mail,149,,43,102,,,1,ky-sbe,2026-09-08T00:21:59+00:00
2024,KY,21129,Lee County,2024-10-30,6,inperson,78,,9,67,,,1,ky-sbe,2026-09-08T00:21:59+00:00
2024,KY,21129,Lee County,2024-10-30,6,mail,156,,44,105,,,1,ky-sbe,2026-09-08T00:21:59+00:00
2024,KY,21129,Lee County,2024-10-31,5,inperson,103,,11,88,,,1,ky-sbe,2026-09-08T00:21:59+00:00
2024,KY,21129,Lee County,2024-10-31,5,mail,164,,48,108,,,1,ky-sbe,2026-09-08T00:21:59+00:00
2024,KY,21129,Lee County,2024-11-01,4,inperson,301,,50,243,,,1,ky-sbe,2026-09-08T00:21:59+00:00
2024,KY,21129,Lee County,2024-11-01,4,mail,173,,51,113,,,1,ky-sbe,2026-09-08T00:21:59+00:00
2024,KY,21129,Lee County,2024-11-02,3,inperson,481,,88,382,,,1,ky-sbe,2026-09-08T00:21:59+00:00
2024,KY,21129,Lee County,2024-11-02,3,mail,177,,51,116,,,1,ky-sbe,2026-09-08T00:21:59+00:00
2024,KY,21129,Lee County,2024-11-03,2,inperson,646,,122,508,,,1,ky-sbe,2026-09-08T00:21:59+00:00
2024,KY,21129,Lee County,2024-11-03,2,mail,177,,51,116,,,1,ky-sbe,2026-09-08T00:21:59+00:00
2024,KY,21129,Lee County,2024-11-05,0,inperson,646,,122,508,,,1,ky-sbe,2026-09-08T00:21:59+00:00
2024,KY,21129,Lee County,2024-11-05,0,mail,183,,54,119,,,1,ky-sbe,2026-09-08T00:21:59+00:00
2024,KY,21131,Leslie County,2024-09-23,43,mail,0,,,,,,1,ky-sbe,2026-09-08T00:21:59+00:00
2024,KY,21131,Leslie County,2024-09-26,40,mail,0,,,,,,1,ky-sbe,2026-09-08T00:21:59+00:00
2024,KY,21131,Leslie County,2024-09-30,36,mail,0,,,,,,1,ky-sbe,2026-09-08T00:21:59+00:00
2024,KY,21131,Leslie County,2024-10-08,28,mail,44,,0,44,,,1,ky-sbe,2026-09-08T00:21:59+00:00
2024,KY,21131,Leslie County,2024-10-14,22,mail,70,,5,65,,,1,ky-sbe,2026-09-08T00:21:59+00:00
2024,KY,21131,Leslie County,2024-10-21,15,mail,116,,8,107,,,1,ky-sbe,2026-09-08T00:21:59+00:00
2024,KY,21131,Leslie County,2024-10-23,13,mail,143,,10,130,,,1,ky-sbe,2026-09-08T00:21:59+00:00
2024,KY,21131,Leslie County,2024-10-25,11,inperson,10,,0,10,,,1,ky-sbe,2026-09-08T00:21:59+00:00
2024,KY,21131,Leslie County,2024-10-25,11,mail,170,,14,152,,,1,ky-sbe,2026-09-08T00:21:59+00:00
2024,KY,21131,Leslie County,2024-10-26,10,inperson,18,,2,16,,,1,ky-sbe,2026-09-08T00:21:59+00:00
2024,KY,21131,Leslie County,2024-10-26,10,mail,183,,15,164,,,1,ky-sbe,2026-09-08T00:21:59+00:00
2024,KY,21131,Leslie County,2024-10-29,7,inperson,22,,2,19,,,1,ky-sbe,2026-09-08T00:21:59+00:00
2024,KY,21131,Leslie County,2024-10-29,7,mail,192,,16,172,,,1,ky-sbe,2026-09-08T00:21:59+00:00
2024,KY,21131,Leslie County,2024-10-30,6,inperson,27,,2,23,,,1,ky-sbe,2026-09-08T00:21:59+00:00
2024,KY,21131,Leslie County,2024-10-30,6,mail,206,,18,182,,,1,ky-sbe,2026-09-08T00:21:59+00:00
2024,KY,21131,Leslie County,2024-10-31,5,inperson,29,,2,25,,,1,ky-sbe,2026-09-08T00:21:59+00:00
2024,KY,21131,Leslie County,2024-10-31,5,mail,218,,18,191,,,1,ky-sbe,2026-09-08T00:21:59+00:00
2024,KY,21131,Leslie County,2024-11-01,4,inperson,398,,20,370,,,1,ky-sbe,2026-09-08T00:21:59+00:00
2024,KY,21131,Leslie County,2024-11-01,4,mail,228,,18,200,,,1,ky-sbe,2026-09-08T00:21:59+00:00
2024,KY,21131,Leslie County,2024-11-02,3,inperson,735,,42,675,,,1,ky-sbe,2026-09-08T00:21:59+00:00
2024,KY,21131,Leslie County,2024-11-02,3,mail,251,,22,218,,,1,ky-sbe,2026-09-08T00:21:59+00:00
2024,KY,21131,Leslie County,2024-11-03,2,inperson,1070,,59,988,,,1,ky-sbe,2026-09-08T00:21:59+00:00
2024,KY,21131,Leslie County,2024-11-03,2,mail,259,,23,223,,,1,ky-sbe,2026-09-08T00:21:59+00:00
2024,KY,21131,Leslie County,2024-11-05,0,inperson,1070,,59,988,,,1,ky-sbe,2026-09-08T00:21:59+00:00
2024,KY,21131,Leslie County,2024-11-05,0,mail,273,,26,234,,,1,ky-sbe,2026-09-08T00:21:59+00:00
2024,KY,21133,Letcher County,2024-09-23,43,mail,0,,,,,,1,ky-sbe,2026-09-08T00:21:59+00:00
2024,KY,21133,Letcher County,2024-09-26,40,mail,0,,,,,,1,ky-sbe,2026-09-08T00:21:59+00:00
2024,KY,21133,Letcher County,2024-09-30,36,mail,0,,,,,,1,ky-sbe,2026-09-08T00:21:59+00:00
2024,KY,21133,Letcher County,2024-10-08,28,mail,31,,19,11,,,1,ky-sbe,2026-09-08T00:21:59+00:00
2024,KY,21133,Letcher County,2024-10-14,22,mail,101,,58,41,,,1,ky-sbe,2026-09-08T00:21:59+00:00
2024,KY,21133,Letcher County,2024-10-21,15,mail,153,,88,61,,,1,ky-sbe,2026-09-08T00:21:59+00:00
2024,KY,21133,Letcher County,2024-10-23,13,mail,234,,127,98,,,1,ky-sbe,2026-09-08T00:21:59+00:00
2024,KY,21133,Letcher County,2024-10-25,11,inperson,25,,9,15,,,1,ky-sbe,2026-09-08T00:21:59+00:00
2024,KY,21133,Letcher County,2024-10-25,11,mail,271,,154,107,,,1,ky-sbe,2026-09-08T00:21:59+00:00
2024,KY,21133,Letcher County,2024-10-26,10,inperson,34,,10,22,,,1,ky-sbe,2026-09-08T00:21:59+00:00
2024,KY,21133,Letcher County,2024-10-26,10,mail,285,,161,113,,,1,ky-sbe,2026-09-08T00:21:59+00:00
2024,KY,21133,Letcher County,2024-10-29,7,inperson,41,,11,27,,,1,ky-sbe,2026-09-08T00:21:59+00:00
2024,KY,21133,Letcher County,2024-10-29,7,mail,339,,193,131,,,1,ky-sbe,2026-09-08T00:21:59+00:00
2024,KY,21133,Letcher County,2024-10-30,6,inperson,47,,14,30,,,1,ky-sbe,2026-09-08T00:21:59+00:00
2024,KY,21133,Letcher County,2024-10-30,6,mail,353,,199,139,,,1,ky-sbe,2026-09-08T00:21:59+00:00
2024,KY,21133,Letcher County,2024-10-31,5,inperson,49,,16,30,,,1,ky-sbe,2026-09-08T00:21:59+00:00
2024,KY,21133,Letcher County,2024-10-31,5,mail,374,,213,141,,,1,ky-sbe,2026-09-08T00:21:59+00:00
2024,KY,21133,Letcher County,2024-11-01,4,inperson,850,,410,415,,,1,ky-sbe,2026-09-08T00:21:59+00:00
2024,KY,21133,Letcher County,2024-11-01,4,mail,387,,219,146,,,1,ky-sbe,2026-09-08T00:21:59+00:00
2024,KY,21133,Letcher County,2024-11-02,3,inperson,1663,,781,832,,,1,ky-sbe,2026-09-08T00:21:59+00:00
2024,KY,21133,Letcher County,2024-11-02,3,mail,409,,230,155,,,1,ky-sbe,2026-09-08T00:21:59+00:00
2024,KY,21133,Letcher County,2024-11-03,2,inperson,2293,,1070,1155,,,1,ky-sbe,2026-09-08T00:21:59+00:00
2024,KY,21133,Letcher County,2024-11-03,2,mail,409,,230,155,,,1,ky-sbe,2026-09-08T00:21:59+00:00
2024,KY,21133,Letcher County,2024-11-05,0,inperson,2293,,1070,1155,,,1,ky-sbe,2026-09-08T00:21:59+00:00
2024,KY,21133,Letcher County,2024-11-05,0,mail,436,,245,166,,,1,ky-sbe,2026-09-08T00:21:59+00:00
2024,KY,21135,Lewis County,2024-09-23,43,mail,0,,,,,,1,ky-sbe,2026-09-08T00:21:59+00:00
2024,KY,21135,Lewis County,2024-09-26,40,mail,0,,,,,,1,ky-sbe,2026-09-08T00:21:59+00:00
2024,KY,21135,Lewis County,2024-09-30,36,mail,0,,,,,,1,ky-sbe,2026-09-08T00:21:59+00:00
2024,KY,21135,Lewis County,2024-10-08,28,mail,35,,5,27,,,1,ky-sbe,2026-09-08T00:21:59+00:00
2024,KY,21135,Lewis County,2024-10-14,22,mail,76,,12,58,,,1,ky-sbe,2026-09-08T00:21:59+00:00
2024,KY,21135,Lewis County,2024-10-21,15,mail,136,,19,108,,,1,ky-sbe,2026-09-08T00:21:59+00:00
2024,KY,21135,Lewis County,2024-10-23,13,mail,159,,27,122,,,1,ky-sbe,2026-09-08T00:21:59+00:00
2024,KY,21135,Lewis County,2024-10-25,11,inperson,32,,7,24,,,1,ky-sbe,2026-09-08T00:21:59+00:00
2024,KY,21135,Lewis County,2024-10-25,11,mail,179,,33,136,,,1,ky-sbe,2026-09-08T00:21:59+00:00
2024,KY,21135,Lewis County,2024-10-26,10,inperson,53,,9,43,,,1,ky-sbe,2026-09-08T00:21:59+00:00
2024,KY,21135,Lewis County,2024-10-26,10,mail,200,,34,156,,,1,ky-sbe,2026-09-08T00:21:59+00:00
2024,KY,21135,Lewis County,2024-10-29,7,inperson,76,,11,63,,,1,ky-sbe,2026-09-08T00:21:59+00:00
2024,KY,21135,Lewis County,2024-10-29,7,mail,225,,36,177,,,1,ky-sbe,2026-09-08T00:21:59+00:00
2024,KY,21135,Lewis County,2024-10-30,6,inperson,85,,12,71,,,1,ky-sbe,2026-09-08T00:21:59+00:00
2024,KY,21135,Lewis County,2024-10-30,6,mail,252,,41,198,,,1,ky-sbe,2026-09-08T00:21:59+00:00
2024,KY,21135,Lewis County,2024-10-31,5,inperson,90,,12,76,,,1,ky-sbe,2026-09-08T00:21:59+00:00
2024,KY,21135,Lewis County,2024-10-31,5,mail,260,,42,205,,,1,ky-sbe,2026-09-08T00:21:59+00:00
2024,KY,21135,Lewis County,2024-11-01,4,inperson,492,,61,420,,,1,ky-sbe,2026-09-08T00:21:59+00:00
2024,KY,21135,Lewis County,2024-11-01,4,mail,263,,42,206,,,1,ky-sbe,2026-09-08T00:21:59+00:00
2024,KY,21135,Lewis County,2024-11-02,3,inperson,848,,112,704,,,1,ky-sbe,2026-09-08T00:21:59+00:00
2024,KY,21135,Lewis County,2024-11-02,3,mail,279,,45,218,,,1,ky-sbe,2026-09-08T00:21:59+00:00
2024,KY,21135,Lewis County,2024-11-03,2,inperson,1111,,148,921,,,1,ky-sbe,2026-09-08T00:21:59+00:00
2024,KY,21135,Lewis County,2024-11-03,2,mail,279,,45,218,,,1,ky-sbe,2026-09-08T00:21:59+00:00
2024,KY,21135,Lewis County,2024-11-05,0,inperson,1111,,148,921,,,1,ky-sbe,2026-09-08T00:21:59+00:00
2024,KY,21135,Lewis County,2024-11-05,0,mail,295,,47,231,,,1,ky-sbe,2026-09-08T00:21:59+00:00
2024,KY,21137,Lincoln County,2024-09-23,43,mail,0,,,,,,1,ky-sbe,2026-09-08T00:21:59+00:00
2024,KY,21137,Lincoln County,2024-09-26,40,mail,0,,,,,,1,ky-sbe,2026-09-08T00:21:59+00:00
2024,KY,21137,Lincoln County,2024-09-30,36,mail,0,,,,,,1,ky-sbe,2026-09-08T00:21:59+00:00
2024,KY,21137,Lincoln County,2024-10-08,28,mail,95,,49,42,,,1,ky-sbe,2026-09-08T00:21:59+00:00
2024,KY,21137,Lincoln County,2024-10-14,22,mail,118,,61,53,,,1,ky-sbe,2026-09-08T00:21:59+00:00
2024,KY,21137,Lincoln County,2024-10-21,15,mail,220,,109,101,,,1,ky-sbe,2026-09-08T00:21:59+00:00
2024,KY,21137,Lincoln County,2024-10-23,13,mail,294,,135,142,,,1,ky-sbe,2026-09-08T00:21:59+00:00
2024,KY,21137,Lincoln County,2024-10-25,11,inperson,255,,76,167,,,1,ky-sbe,2026-09-08T00:21:59+00:00
2024,KY,21137,Lincoln County,2024-10-25,11,mail,305,,141,147,,,1,ky-sbe,2026-09-08T00:21:59+00:00
2024,KY,21137,Lincoln County,2024-10-26,10,inperson,377,,117,241,,,1,ky-sbe,2026-09-08T00:21:59+00:00
2024,KY,21137,Lincoln County,2024-10-26,10,mail,317,,144,154,,,1,ky-sbe,2026-09-08T00:21:59+00:00
2024,KY,21137,Lincoln County,2024-10-29,7,inperson,526,,169,333,,,1,ky-sbe,2026-09-08T00:21:59+00:00
2024,KY,21137,Lincoln County,2024-10-29,7,mail,398,,173,199,,,1,ky-sbe,2026-09-08T00:21:59+00:00
2024,KY,21137,Lincoln County,2024-10-30,6,inperson,646,,200,417,,,1,ky-sbe,2026-09-08T00:21:59+00:00
2024,KY,21137,Lincoln County,2024-10-30,6,mail,404,,176,202,,,1,ky-sbe,2026-09-08T00:21:59+00:00
2024,KY,21137,Lincoln County,2024-10-31,5,inperson,775,,229,509,,,1,ky-sbe,2026-09-08T00:21:59+00:00
2024,KY,21137,Lincoln County,2024-10-31,5,mail,451,,200,224,,,1,ky-sbe,2026-09-08T00:21:59+00:00
2024,KY,21137,Lincoln County,2024-11-01,4,inperson,1787,,554,1141,,,1,ky-sbe,2026-09-08T00:21:59+00:00
2024,KY,21137,Lincoln County,2024-11-01,4,mail,451,,200,224,,,1,ky-sbe,2026-09-08T00:21:59+00:00
2024,KY,21137,Lincoln County,2024-11-02,3,inperson,2817,,846,1821,,,1,ky-sbe,2026-09-08T00:21:59+00:00
2024,KY,21137,Lincoln County,2024-11-02,3,mail,458,,204,226,,,1,ky-sbe,2026-09-08T00:21:59+00:00
2024,KY,21137,Lincoln County,2024-11-03,2,inperson,3652,,1070,2380,,,1,ky-sbe,2026-09-08T00:21:59+00:00
2024,KY,21137,Lincoln County,2024-11-03,2,mail,497,,223,244,,,1,ky-sbe,2026-09-08T00:21:59+00:00
2024,KY,21137,Lincoln County,2024-11-05,0,inperson,3652,,1070,2380,,,1,ky-sbe,2026-09-08T00:21:59+00:00
2024,KY,21137,Lincoln County,2024-11-05,0,mail,497,,223,244,,,1,ky-sbe,2026-09-08T00:21:59+00:00
2024,KY,21139,Livingston County,2024-09-23,43,mail,0,,,,,,1,ky-sbe,2026-09-08T00:21:59+00:00
2024,KY,21139,Livingston County,2024-09-26,40,mail,0,,,,,,1,ky-sbe,2026-09-08T00:21:59+00:00
2024,KY,21139,Livingston County,2024-09-30,36,mail,0,,,,,,1,ky-sbe,2026-09-08T00:21:59+00:00
2024,KY,21139,Livingston County,2024-10-08,28,mail,47,,21,23,,,1,ky-sbe,2026-09-08T00:21:59+00:00
2024,KY,21139,Livingston County,2024-10-14,22,mail,70,,35,32,,,1,ky-sbe,2026-09-08T00:21:59+00:00
2024,KY,21139,Livingston County,2024-10-21,15,mail,143,,73,66,,,1,ky-sbe,2026-09-08T00:21:59+00:00
2024,KY,21139,Livingston County,2024-10-23,13,mail,181,,93,81,,,1,ky-sbe,2026-09-08T00:21:59+00:00
2024,KY,21139,Livingston County,2024-10-25,11,inperson,59,,18,39,,,1,ky-sbe,2026-09-08T00:21:59+00:00
2024,KY,21139,Livingston County,2024-10-25,11,mail,226,,121,96,,,1,ky-sbe,2026-09-08T00:21:59+00:00
2024,KY,21139,Livingston County,2024-10-26,10,inperson,78,,21,55,,,1,ky-sbe,2026-09-08T00:21:59+00:00
2024,KY,21139,Livingston County,2024-10-26,10,mail,238,,124,105,,,1,ky-sbe,2026-09-08T00:21:59+00:00
2024,KY,21139,Livingston County,2024-10-29,7,inperson,95,,25,66,,,1,ky-sbe,2026-09-08T00:21:59+00:00
2024,KY,21139,Livingston County,2024-10-29,7,mail,256,,133,113,,,1,ky-sbe,2026-09-08T00:21:59+00:00
2024,KY,21139,Livingston County,2024-10-30,6,inperson,108,,29,74,,,1,ky-sbe,2026-09-08T00:21:59+00:00
2024,KY,21139,Livingston County,2024-10-30,6,mail,262,,134,118,,,1,ky-sbe,2026-09-08T00:21:59+00:00
2024,KY,21139,Livingston County,2024-10-31,5,inperson,150,,45,98,,,1,ky-sbe,2026-09-08T00:21:59+00:00
2024,KY,21139,Livingston County,2024-10-31,5,mail,277,,140,127,,,1,ky-sbe,2026-09-08T00:21:59+00:00
2024,KY,21139,Livingston County,2024-11-01,4,inperson,729,,230,467,,,1,ky-sbe,2026-09-08T00:21:59+00:00
2024,KY,21139,Livingston County,2024-11-01,4,mail,286,,146,130,,,1,ky-sbe,2026-09-08T00:21:59+00:00
2024,KY,21139,Livingston County,2024-11-02,3,inperson,1198,,389,754,,,1,ky-sbe,2026-09-08T00:21:59+00:00
2024,KY,21139,Livingston County,2024-11-02,3,mail,287,,146,131,,,1,ky-sbe,2026-09-08T00:21:59+00:00
2024,KY,21139,Livingston County,2024-11-03,2,inperson,1563,,538,947,,,1,ky-sbe,2026-09-08T00:21:59+00:00
2024,KY,21139,Livingston County,2024-11-03,2,mail,295,,149,136,,,1,ky-sbe,2026-09-08T00:21:59+00:00
2024,KY,21139,Livingston County,2024-11-05,0,inperson,1563,,538,947,,,1,ky-sbe,2026-09-08T00:21:59+00:00
2024,KY,21139,Livingston County,2024-11-05,0,mail,302,,153,139,,,1,ky-sbe,2026-09-08T00:21:59+00:00
2024,KY,21141,Logan County,2024-09-23,43,mail,0,,,,,,1,ky-sbe,2026-09-08T00:21:59+00:00
2024,KY,21141,Logan County,2024-09-26,40,mail,0,,,,,,1,ky-sbe,2026-09-08T00:21:59+00:00
2024,KY,21141,Logan County,2024-09-30,36,mail,0,,,,,,1,ky-sbe,2026-09-08T00:21:59+00:00
2024,KY,21141,Logan County,2024-10-08,28,mail,90,,56,30,,,1,ky-sbe,2026-09-08T00:21:59+00:00
2024,KY,21141,Logan County,2024-10-14,22,mail,147,,96,46,,,1,ky-sbe,2026-09-08T00:21:59+00:00
2024,KY,21141,Logan County,2024-10-21,15,mail,227,,143,72,,,1,ky-sbe,2026-09-08T00:21:59+00:00
2024,KY,21141,Logan County,2024-10-23,13,mail,296,,179,99,,,1,ky-sbe,2026-09-08T00:21:59+00:00
2024,KY,21141,Logan County,2024-10-25,11,inperson,56,,25,30,,,1,ky-sbe,2026-09-08T00:21:59+00:00
2024,KY,21141,Logan County,2024-10-25,11,mail,335,,200,109,,,1,ky-sbe,2026-09-08T00:21:59+00:00
2024,KY,21141,Logan County,2024-10-26,10,inperson,62,,28,31,,,1,ky-sbe,2026-09-08T00:21:59+00:00
2024,KY,21141,Logan County,2024-10-26,10,mail,358,,209,120,,,1,ky-sbe,2026-09-08T00:21:59+00:00
2024,KY,21141,Logan County,2024-10-29,7,inperson,98,,48,45,,,1,ky-sbe,2026-09-08T00:21:59+00:00
2024,KY,21141,Logan County,2024-10-29,7,mail,385,,224,130,,,1,ky-sbe,2026-09-08T00:21:59+00:00
2024,KY,21141,Logan County,2024-10-30,6,inperson,125,,58,59,,,1,ky-sbe,2026-09-08T00:21:59+00:00
2024,KY,21141,Logan County,2024-10-30,6,mail,404,,234,136,,,1,ky-sbe,2026-09-08T00:21:59+00:00
2024,KY,21141,Logan County,2024-10-31,5,inperson,144,,66,70,,,1,ky-sbe,2026-09-08T00:21:59+00:00
2024,KY,21141,Logan County,2024-10-31,5,mail,435,,254,144,,,1,ky-sbe,2026-09-08T00:21:59+00:00
2024,KY,21141,Logan County,2024-11-01,4,inperson,2025,,868,1051,,,1,ky-sbe,2026-09-08T00:21:59+00:00
2024,KY,21141,Logan County,2024-11-01,4,mail,449,,262,149,,,1,ky-sbe,2026-09-08T00:21:59+00:00
2024,KY,21141,Logan County,2024-11-02,3,inperson,3645,,1501,1943,,,1,ky-sbe,2026-09-08T00:21:59+00:00
2024,KY,21141,Logan County,2024-11-02,3,mail,458,,266,153,,,1,ky-sbe,2026-09-08T00:21:59+00:00
2024,KY,21141,Logan County,2024-11-03,2,inperson,4960,,1989,2694,,,1,ky-sbe,2026-09-08T00:21:59+00:00
2024,KY,21141,Logan County,2024-11-03,2,mail,458,,266,153,,,1,ky-sbe,2026-09-08T00:21:59+00:00
2024,KY,21141,Logan County,2024-11-05,0,inperson,4960,,1989,2694,,,1,ky-sbe,2026-09-08T00:21:59+00:00
2024,KY,21141,Logan County,2024-11-05,0,mail,493,,287,165,,,1,ky-sbe,2026-09-08T00:21:59+00:00
2024,KY,21143,Lyon County,2024-09-23,43,mail,0,,,,,,1,ky-sbe,2026-09-08T00:21:59+00:00
2024,KY,21143,Lyon County,2024-09-26,40,mail,0,,,,,,1,ky-sbe,2026-09-08T00:21:59+00:00
2024,KY,21143,Lyon County,2024-09-30,36,mail,0,,,,,,1,ky-sbe,2026-09-08T00:21:59+00:00
2024,KY,21143,Lyon County,2024-10-08,28,mail,42,,23,16,,,1,ky-sbe,2026-09-08T00:21:59+00:00
2024,KY,21143,Lyon County,2024-10-14,22,mail,61,,32,24,,,1,ky-sbe,2026-09-08T00:21:59+00:00
2024,KY,21143,Lyon County,2024-10-21,15,mail,89,,46,35,,,1,ky-sbe,2026-09-08T00:21:59+00:00
2024,KY,21143,Lyon County,2024-10-23,13,mail,110,,57,45,,,1,ky-sbe,2026-09-08T00:21:59+00:00
2024,KY,21143,Lyon County,2024-10-25,11,inperson,39,,15,20,,,1,ky-sbe,2026-09-08T00:21:59+00:00
2024,KY,21143,Lyon County,2024-10-25,11,mail,133,,71,54,,,1,ky-sbe,2026-09-08T00:21:59+00:00
2024,KY,21143,Lyon County,2024-10-26,10,inperson,65,,22,39,,,1,ky-sbe,2026-09-08T00:21:59+00:00
2024,KY,21143,Lyon County,2024-10-26,10,mail,140,,75,56,,,1,ky-sbe,2026-09-08T00:21:59+00:00
2024,KY,21143,Lyon County,2024-10-29,7,inperson,76,,23,47,,,1,ky-sbe,2026-09-08T00:21:59+00:00
2024,KY,21143,Lyon County,2024-10-29,7,mail,157,,82,66,,,1,ky-sbe,2026-09-08T00:21:59+00:00
2024,KY,21143,Lyon County,2024-10-30,6,inperson,88,,29,53,,,1,ky-sbe,2026-09-08T00:21:59+00:00
2024,KY,21143,Lyon County,2024-10-30,6,mail,167,,87,71,,,1,ky-sbe,2026-09-08T00:21:59+00:00
2024,KY,21143,Lyon County,2024-10-31,5,inperson,93,,29,58,,,1,ky-sbe,2026-09-08T00:21:59+00:00
2024,KY,21143,Lyon County,2024-10-31,5,mail,174,,92,73,,,1,ky-sbe,2026-09-08T00:21:59+00:00
2024,KY,21143,Lyon County,2024-11-01,4,inperson,778,,276,448,,,1,ky-sbe,2026-09-08T00:21:59+00:00
2024,KY,21143,Lyon County,2024-11-01,4,mail,182,,94,78,,,1,ky-sbe,2026-09-08T00:21:59+00:00
2024,KY,21143,Lyon County,2024-11-02,3,inperson,1372,,529,745,,,1,ky-sbe,2026-09-08T00:21:59+00:00
2024,KY,21143,Lyon County,2024-11-02,3,mail,189,,96,83,,,1,ky-sbe,2026-09-08T00:21:59+00:00
2024,KY,21143,Lyon County,2024-11-03,2,inperson,1715,,656,933,,,1,ky-sbe,2026-09-08T00:21:59+00:00
2024,KY,21143,Lyon County,2024-11-03,2,mail,189,,96,83,,,1,ky-sbe,2026-09-08T00:21:59+00:00
2024,KY,21143,Lyon County,2024-11-05,0,inperson,1715,,656,933,,,1,ky-sbe,2026-09-08T00:21:59+00:00
2024,KY,21143,Lyon County,2024-11-05,0,mail,197,,100,85,,,1,ky-sbe,2026-09-08T00:21:59+00:00
2024,KY,21145,McCracken County,2024-09-23,43,mail,0,,,,,,1,ky-sbe,2026-09-08T00:21:59+00:00
2024,KY,21145,McCracken County,2024-09-26,40,mail,0,,,,,,1,ky-sbe,2026-09-08T00:21:59+00:00
2024,KY,21145,McCracken County,2024-09-30,36,mail,0,,,,,,1,ky-sbe,2026-09-08T00:21:59+00:00
2024,KY,21145,McCracken County,2024-10-08,28,mail,277,,133,127,,,1,ky-sbe,2026-09-08T00:21:59+00:00
2024,KY,21145,McCracken County,2024-10-14,22,mail,475,,232,208,,,1,ky-sbe,2026-09-08T00:21:59+00:00
2024,KY,21145,McCracken County,2024-10-21,15,mail,823,,447,320,,,1,ky-sbe,2026-09-08T00:21:59+00:00
2024,KY,21145,McCracken County,2024-10-23,13,mail,1119,,600,421,,,1,ky-sbe,2026-09-08T00:21:59+00:00
2024,KY,21145,McCracken County,2024-10-25,11,inperson,215,,66,129,,,1,ky-sbe,2026-09-08T00:21:59+00:00
2024,KY,21145,McCracken County,2024-10-25,11,mail,1309,,695,505,,,1,ky-sbe,2026-09-08T00:21:59+00:00
2024,KY,21145,McCracken County,2024-10-26,10,inperson,352,,120,207,,,1,ky-sbe,2026-09-08T00:21:59+00:00
2024,KY,21145,McCracken County,2024-10-26,10,mail,1440,,764,560,,,1,ky-sbe,2026-09-08T00:21:59+00:00
2024,KY,21145,McCracken County,2024-10-29,7,inperson,493,,161,298,,,1,ky-sbe,2026-09-08T00:21:59+00:00
2024,KY,21145,McCracken County,2024-10-29,7,mail,1503,,791,585,,,1,ky-sbe,2026-09-08T00:21:59+00:00
2024,KY,21145,McCracken County,2024-10-30,6,inperson,625,,210,375,,,1,ky-sbe,2026-09-08T00:21:59+00:00
2024,KY,21145,McCracken County,2024-10-30,6,mail,1706,,886,665,,,1,ky-sbe,2026-09-08T00:21:59+00:00
2024,KY,21145,McCracken County,2024-10-31,5,inperson,724,,252,426,,,1,ky-sbe,2026-09-08T00:21:59+00:00
2024,KY,21145,McCracken County,2024-10-31,5,mail,1749,,907,683,,,1,ky-sbe,2026-09-08T00:21:59+00:00
2024,KY,21145,McCracken County,2024-11-01,4,inperson,3309,,1140,1937,,,1,ky-sbe,2026-09-08T00:21:59+00:00
2024,KY,21145,McCracken County,2024-11-01,4,mail,1829,,948,714,,,1,ky-sbe,2026-09-08T00:21:59+00:00
2024,KY,21145,McCracken County,2024-11-02,3,inperson,6132,,2250,3447,,,1,ky-sbe,2026-09-08T00:21:59+00:00
2024,KY,21145,McCracken County,2024-11-02,3,mail,1953,,1003,768,,,1,ky-sbe,2026-09-08T00:21:59+00:00
2024,KY,21145,McCracken County,2024-11-03,2,inperson,8339,,3172,4544,,,1,ky-sbe,2026-09-08T00:21:59+00:00
2024,KY,21145,McCracken County,2024-11-03,2,mail,1971,,1013,776,,,1,ky-sbe,2026-09-08T00:21:59+00:00
2024,KY,21145,McCracken County,2024-11-05,0,inperson,8339,,3172,4544,,,1,ky-sbe,2026-09-08T00:21:59+00:00
2024,KY,21145,McCracken County,2024-11-05,0,mail,2069,,1067,807,,,1,ky-sbe,2026-09-08T00:21:59+00:00
2024,KY,21147,McCreary County,2024-09-23,43,mail,0,,,,,,1,ky-sbe,2026-09-08T00:21:59+00:00
2024,KY,21147,McCreary County,2024-09-26,40,mail,0,,,,,,1,ky-sbe,2026-09-08T00:21:59+00:00
2024,KY,21147,McCreary County,2024-09-30,36,mail,0,,,,,,1,ky-sbe,2026-09-08T00:21:59+00:00
2024,KY,21147,McCreary County,2024-10-08,28,mail,45,,9,35,,,1,ky-sbe,2026-09-08T00:21:59+00:00
2024,KY,21147,McCreary County,2024-10-14,22,mail,73,,15,57,,,1,ky-sbe,2026-09-08T00:21:59+00:00
2024,KY,21147,McCreary County,2024-10-21,15,mail,134,,36,92,,,1,ky-sbe,2026-09-08T00:21:59+00:00
2024,KY,21147,McCreary County,2024-10-23,13,mail,192,,46,135,,,1,ky-sbe,2026-09-08T00:21:59+00:00
2024,KY,21147,McCreary County,2024-10-25,11,inperson,115,,8,101,,,1,ky-sbe,2026-09-08T00:21:59+00:00
2024,KY,21147,McCreary County,2024-10-25,11,mail,209,,49,147,,,1,ky-sbe,2026-09-08T00:21:59+00:00
2024,KY,21147,McCreary County,2024-10-26,10,inperson,171,,14,148,,,1,ky-sbe,2026-09-08T00:21:59+00:00
2024,KY,21147,McCreary County,2024-10-26,10,mail,221,,52,156,,,1,ky-sbe,2026-09-08T00:21:59+00:00
2024,KY,21147,McCreary County,2024-10-29,7,inperson,223,,19,193,,,1,ky-sbe,2026-09-08T00:21:59+00:00
2024,KY,21147,McCreary County,2024-10-29,7,mail,252,,54,184,,,1,ky-sbe,2026-09-08T00:21:59+00:00
2024,KY,21147,McCreary County,2024-10-30,6,inperson,251,,24,216,,,1,ky-sbe,2026-09-08T00:21:59+00:00
2024,KY,21147,McCreary County,2024-10-30,6,mail,264,,57,191,,,1,ky-sbe,2026-09-08T00:21:59+00:00
2024,KY,21147,McCreary County,2024-10-31,5,inperson,269,,27,230,,,1,ky-sbe,2026-09-08T00:21:59+00:00
2024,KY,21147,McCreary County,2024-10-31,5,mail,288,,62,208,,,1,ky-sbe,2026-09-08T00:21:59+00:00
2024,KY,21147,McCreary County,2024-11-01,4,inperson,677,,65,577,,,1,ky-sbe,2026-09-08T00:21:59+00:00
2024,KY,21147,McCreary County,2024-11-01,4,mail,294,,64,210,,,1,ky-sbe,2026-09-08T00:21:59+00:00
2024,KY,21147,McCreary County,2024-11-02,3,inperson,1087,,112,917,,,1,ky-sbe,2026-09-08T00:21:59+00:00
2024,KY,21147,McCreary County,2024-11-02,3,mail,310,,65,224,,,1,ky-sbe,2026-09-08T00:21:59+00:00
2024,KY,21147,McCreary County,2024-11-03,2,inperson,1471,,172,1222,,,1,ky-sbe,2026-09-08T00:21:59+00:00
2024,KY,21147,McCreary County,2024-11-03,2,mail,310,,65,224,,,1,ky-sbe,2026-09-08T00:21:59+00:00
2024,KY,21147,McCreary County,2024-11-05,0,inperson,1471,,172,1222,,,1,ky-sbe,2026-09-08T00:21:59+00:00
2024,KY,21147,McCreary County,2024-11-05,0,mail,327,,66,237,,,1,ky-sbe,2026-09-08T00:21:59+00:00
2024,KY,21149,McLean County,2024-09-23,43,mail,0,,,,,,1,ky-sbe,2026-09-08T00:21:59+00:00
2024,KY,21149,McLean County,2024-09-26,40,mail,0,,,,,,1,ky-sbe,2026-09-08T00:21:59+00:00
2024,KY,21149,McLean County,2024-09-30,36,mail,0,,,,,,1,ky-sbe,2026-09-08T00:21:59+00:00
2024,KY,21149,McLean County,2024-10-08,28,mail,41,,21,17,,,1,ky-sbe,2026-09-08T00:21:59+00:00
2024,KY,21149,McLean County,2024-10-14,22,mail,59,,29,25,,,1,ky-sbe,2026-09-08T00:21:59+00:00
2024,KY,21149,McLean County,2024-10-21,15,mail,91,,47,39,,,1,ky-sbe,2026-09-08T00:21:59+00:00
2024,KY,21149,McLean County,2024-10-23,13,mail,111,,56,49,,,1,ky-sbe,2026-09-08T00:21:59+00:00
2024,KY,21149,McLean County,2024-10-25,11,inperson,35,,19,16,,,1,ky-sbe,2026-09-08T00:21:59+00:00
2024,KY,21149,McLean County,2024-10-25,11,mail,136,,69,58,,,1,ky-sbe,2026-09-08T00:21:59+00:00
2024,KY,21149,McLean County,2024-10-26,10,inperson,55,,25,30,,,1,ky-sbe,2026-09-08T00:21:59+00:00
2024,KY,21149,McLean County,2024-10-26,10,mail,148,,75,63,,,1,ky-sbe,2026-09-08T00:21:59+00:00
2024,KY,21149,McLean County,2024-10-29,7,inperson,82,,37,45,,,1,ky-sbe,2026-09-08T00:21:59+00:00
2024,KY,21149,McLean County,2024-10-29,7,mail,158,,81,67,,,1,ky-sbe,2026-09-08T00:21:59+00:00
2024,KY,21149,McLean County,2024-10-30,6,inperson,99,,44,55,,,1,ky-sbe,2026-09-08T00:21:59+00:00
2024,KY,21149,McLean County,2024-10-30,6,mail,161,,82,68,,,1,ky-sbe,2026-09-08T00:21:59+00:00
2024,KY,21149,McLean County,2024-10-31,5,inperson,114,,52,62,,,1,ky-sbe,2026-09-08T00:21:59+00:00
2024,KY,21149,McLean County,2024-10-31,5,mail,167,,83,72,,,1,ky-sbe,2026-09-08T00:21:59+00:00
2024,KY,21149,McLean County,2024-11-01,4,inperson,446,,201,228,,,1,ky-sbe,2026-09-08T00:21:59+00:00
2024,KY,21149,McLean County,2024-11-01,4,mail,177,,90,75,,,1,ky-sbe,2026-09-08T00:21:59+00:00
2024,KY,21149,McLean County,2024-11-02,3,inperson,757,,351,375,,,1,ky-sbe,2026-09-08T00:21:59+00:00
2024,KY,21149,McLean County,2024-11-02,3,mail,178,,91,75,,,1,ky-sbe,2026-09-08T00:21:59+00:00
2024,KY,21149,McLean County,2024-11-03,2,inperson,976,,423,511,,,1,ky-sbe,2026-09-08T00:21:59+00:00
2024,KY,21149,McLean County,2024-11-03,2,mail,183,,94,77,,,1,ky-sbe,2026-09-08T00:21:59+00:00
2024,KY,21149,McLean County,2024-11-05,0,inperson,976,,423,511,,,1,ky-sbe,2026-09-08T00:21:59+00:00
2024,KY,21149,McLean County,2024-11-05,0,mail,187,,94,80,,,1,ky-sbe,2026-09-08T00:21:59+00:00
2024,KY,21151,Madison County,2024-09-23,43,mail,0,,,,,,1,ky-sbe,2026-09-08T00:21:59+00:00
2024,KY,21151,Madison County,2024-09-26,40,mail,0,,,,,,1,ky-sbe,2026-09-08T00:21:59+00:00
2024,KY,21151,Madison County,2024-09-30,36,mail,0,,,,,,1,ky-sbe,2026-09-08T00:21:59+00:00
2024,KY,21151,Madison County,2024-10-08,28,mail,5,,0,0,,,1,ky-sbe,2026-09-08T00:21:59+00:00
2024,KY,21151,Madison County,2024-10-14,22,mail,427,,250,132,,,1,ky-sbe,2026-09-08T00:21:59+00:00
2024,KY,21151,Madison County,2024-10-21,15,mail,934,,497,354,,,1,ky-sbe,2026-09-08T00:21:59+00:00
2024,KY,21151,Madison County,2024-10-23,13,mail,1225,,657,464,,,1,ky-sbe,2026-09-08T00:21:59+00:00
2024,KY,21151,Madison County,2024-10-25,11,inperson,172,,79,86,,,1,ky-sbe,2026-09-08T00:21:59+00:00
2024,KY,21151,Madison County,2024-10-25,11,mail,1350,,712,522,,,1,ky-sbe,2026-09-08T00:21:59+00:00
2024,KY,21151,Madison County,2024-10-26,10,inperson,217,,95,108,,,1,ky-sbe,2026-09-08T00:21:59+00:00
2024,KY,21151,Madison County,2024-10-26,10,mail,1359,,713,524,,,1,ky-sbe,2026-09-08T00:21:59+00:00
2024,KY,21151,Madison County,2024-10-29,7,inperson,259,,111,129,,,1,ky-sbe,2026-09-08T00:21:59+00:00
2024,KY,21151,Madison County,2024-10-29,7,mail,1722,,901,672,,,1,ky-sbe,2026-09-08T00:21:59+00:00
2024,KY,21151,Madison County,2024-10-30,6,inperson,288,,122,145,,,1,ky-sbe,2026-09-08T00:21:59+00:00
2024,KY,21151,Madison County,2024-10-30,6,mail,1724,,901,672,,,1,ky-sbe,2026-09-08T00:21:59+00:00
2024,KY,21151,Madison County,2024-10-31,5,inperson,308,,135,152,,,1,ky-sbe,2026-09-08T00:21:59+00:00
2024,KY,21151,Madison County,2024-10-31,5,mail,2178,,1148,842,,,1,ky-sbe,2026-09-08T00:21:59+00:00
2024,KY,21151,Madison County,2024-11-01,4,inperson,8243,,3293,4316,,,1,ky-sbe,2026-09-08T00:21:59+00:00
2024,KY,21151,Madison County,2024-11-01,4,mail,2183,,1148,842,,,1,ky-sbe,2026-09-08T00:21:59+00:00
2024,KY,21151,Madison County,2024-11-02,3,inperson,15785,,6085,8502,,,1,ky-sbe,2026-09-08T00:21:59+00:00
2024,KY,21151,Madison County,2024-11-02,3,mail,2371,,1244,917,,,1,ky-sbe,2026-09-08T00:21:59+00:00
2024,KY,21151,Madison County,2024-11-03,2,inperson,22421,,8496,12149,,,1,ky-sbe,2026-09-08T00:21:59+00:00
2024,KY,21151,Madison County,2024-11-03,2,mail,2371,,1244,917,,,1,ky-sbe,2026-09-08T00:21:59+00:00
2024,KY,21151,Madison County,2024-11-05,0,inperson,22421,,8496,12149,,,1,ky-sbe,2026-09-08T00:21:59+00:00
2024,KY,21151,Madison County,2024-11-05,0,mail,2644,,1368,1024,,,1,ky-sbe,2026-09-08T00:21:59+00:00
2024,KY,21153,Magoffin County,2024-09-23,43,mail,0,,,,,,1,ky-sbe,2026-09-08T00:21:59+00:00
2024,KY,21153,Magoffin County,2024-09-26,40,mail,0,,,,,,1,ky-sbe,2026-09-08T00:21:59+00:00
2024,KY,21153,Magoffin County,2024-09-30,36,mail,0,,,,,,1,ky-sbe,2026-09-08T00:21:59+00:00
2024,KY,21153,Magoffin County,2024-10-08,28,mail,74,,47,26,,,1,ky-sbe,2026-09-08T00:21:59+00:00
2024,KY,21153,Magoffin County,2024-10-14,22,mail,117,,83,33,,,1,ky-sbe,2026-09-08T00:21:59+00:00
2024,KY,21153,Magoffin County,2024-10-21,15,mail,204,,133,69,,,1,ky-sbe,2026-09-08T00:21:59+00:00
2024,KY,21153,Magoffin County,2024-10-23,13,mail,259,,164,91,,,1,ky-sbe,2026-09-08T00:21:59+00:00
2024,KY,21153,Magoffin County,2024-10-25,11,inperson,106,,36,67,,,1,ky-sbe,2026-09-08T00:21:59+00:00
2024,KY,21153,Magoffin County,2024-10-25,11,mail,322,,201,117,,,1,ky-sbe,2026-09-08T00:21:59+00:00
2024,KY,21153,Magoffin County,2024-10-26,10,inperson,170,,65,101,,,1,ky-sbe,2026-09-08T00:21:59+00:00
2024,KY,21153,Magoffin County,2024-10-26,10,mail,375,,236,134,,,1,ky-sbe,2026-09-08T00:21:59+00:00
2024,KY,21153,Magoffin County,2024-10-29,7,inperson,244,,95,143,,,1,ky-sbe,2026-09-08T00:21:59+00:00
2024,KY,21153,Magoffin County,2024-10-29,7,mail,386,,242,139,,,1,ky-sbe,2026-09-08T00:21:59+00:00
2024,KY,21153,Magoffin County,2024-10-30,6,inperson,322,,135,181,,,1,ky-sbe,2026-09-08T00:21:59+00:00
2024,KY,21153,Magoffin County,2024-10-30,6,mail,414,,256,152,,,1,ky-sbe,2026-09-08T00:21:59+00:00
2024,KY,21153,Magoffin County,2024-10-31,5,inperson,404,,178,218,,,1,ky-sbe,2026-09-08T00:21:59+00:00
2024,KY,21153,Magoffin County,2024-10-31,5,mail,441,,267,168,,,1,ky-sbe,2026-09-08T00:21:59+00:00
2024,KY,21153,Magoffin County,2024-11-01,4,inperson,640,,293,331,,,1,ky-sbe,2026-09-08T00:21:59+00:00
2024,KY,21153,Magoffin County,2024-11-01,4,mail,441,,267,168,,,1,ky-sbe,2026-09-08T00:21:59+00:00
2024,KY,21153,Magoffin County,2024-11-02,3,inperson,946,,452,473,,,1,ky-sbe,2026-09-08T00:21:59+00:00
2024,KY,21153,Magoffin County,2024-11-02,3,mail,473,,288,178,,,1,ky-sbe,2026-09-08T00:21:59+00:00
2024,KY,21153,Magoffin County,2024-11-03,2,inperson,1245,,600,621,,,1,ky-sbe,2026-09-08T00:21:59+00:00
2024,KY,21153,Magoffin County,2024-11-03,2,mail,473,,288,178,,,1,ky-sbe,2026-09-08T00:21:59+00:00
2024,KY,21153,Magoffin County,2024-11-05,0,inperson,1245,,600,621,,,1,ky-sbe,2026-09-08T00:21:59+00:00
2024,KY,21153,Magoffin County,2024-11-05,0,mail,503,,305,191,,,1,ky-sbe,2026-09-08T00:21:59+00:00
2024,KY,21155,Marion County,2024-09-23,43,mail,0,,,,,,1,ky-sbe,2026-09-08T00:21:59+00:00
2024,KY,21155,Marion County,2024-09-26,40,mail,0,,,,,,1,ky-sbe,2026-09-08T00:21:59+00:00
2024,KY,21155,Marion County,2024-09-30,36,mail,0,,,,,,1,ky-sbe,2026-09-08T00:21:59+00:00
2024,KY,21155,Marion County,2024-10-08,28,mail,48,,34,12,,,1,ky-sbe,2026-09-08T00:21:59+00:00
2024,KY,21155,Marion County,2024-10-14,22,mail,80,,54,22,,,1,ky-sbe,2026-09-08T00:21:59+00:00
2024,KY,21155,Marion County,2024-10-21,15,mail,160,,119,30,,,1,ky-sbe,2026-09-08T00:21:59+00:00
2024,KY,21155,Marion County,2024-10-23,13,mail,188,,141,32,,,1,ky-sbe,2026-09-08T00:21:59+00:00
2024,KY,21155,Marion County,2024-10-25,11,inperson,28,,13,15,,,1,ky-sbe,2026-09-08T00:21:59+00:00
2024,KY,21155,Marion County,2024-10-25,11,mail,220,,169,34,,,1,ky-sbe,2026-09-08T00:21:59+00:00
2024,KY,21155,Marion County,2024-10-26,10,inperson,45,,21,23,,,1,ky-sbe,2026-09-08T00:21:59+00:00
2024,KY,21155,Marion County,2024-10-26,10,mail,222,,171,34,,,1,ky-sbe,2026-09-08T00:21:59+00:00
2024,KY,21155,Marion County,2024-10-29,7,inperson,60,,28,31,,,1,ky-sbe,2026-09-08T00:21:59+00:00
2024,KY,21155,Marion County,2024-10-29,7,mail,238,,180,40,,,1,ky-sbe,2026-09-08T00:21:59+00:00
2024,KY,21155,Marion County,2024-10-30,6,inperson,64,,30,33,,,1,ky-sbe,2026-09-08T00:21:59+00:00
2024,KY,21155,Marion County,2024-10-30,6,mail,260,,196,45,,,1,ky-sbe,2026-09-08T00:21:59+00:00
2024,KY,21155,Marion County,2024-10-31,5,inperson,65,,30,34,,,1,ky-sbe,2026-09-08T00:21:59+00:00
2024,KY,21155,Marion County,2024-10-31,5,mail,274,,204,50,,,1,ky-sbe,2026-09-08T00:21:59+00:00
2024,KY,21155,Marion County,2024-11-01,4,inperson,1253,,774,437,,,1,ky-sbe,2026-09-08T00:21:59+00:00
2024,KY,21155,Marion County,2024-11-01,4,mail,286,,208,58,,,1,ky-sbe,2026-09-08T00:21:59+00:00
2024,KY,21155,Marion County,2024-11-02,3,inperson,2377,,1425,857,,,1,ky-sbe,2026-09-08T00:21:59+00:00
2024,KY,21155,Marion County,2024-11-02,3,mail,302,,219,63,,,1,ky-sbe,2026-09-08T00:21:59+00:00
2024,KY,21155,Marion County,2024-11-03,2,inperson,3208,,1908,1162,,,1,ky-sbe,2026-09-08T00:21:59+00:00
2024,KY,21155,Marion County,2024-11-03,2,mail,302,,219,63,,,1,ky-sbe,2026-09-08T00:21:59+00:00
2024,KY,21155,Marion County,2024-11-05,0,inperson,3208,,1908,1162,,,1,ky-sbe,2026-09-08T00:21:59+00:00
2024,KY,21155,Marion County,2024-11-05,0,mail,315,,226,67,,,1,ky-sbe,2026-09-08T00:21:59+00:00
2024,KY,21157,Marshall County,2024-09-23,43,mail,0,,,,,,1,ky-sbe,2026-09-08T00:21:59+00:00
2024,KY,21157,Marshall County,2024-09-26,40,mail,0,,,,,,1,ky-sbe,2026-09-08T00:21:59+00:00
2024,KY,21157,Marshall County,2024-09-30,36,mail,0,,,,,,1,ky-sbe,2026-09-08T00:21:59+00:00
2024,KY,21157,Marshall County,2024-10-08,28,mail,44,,28,14,,,1,ky-sbe,2026-09-08T00:21:59+00:00
2024,KY,21157,Marshall County,2024-10-14,22,mail,86,,48,31,,,1,ky-sbe,2026-09-08T00:21:59+00:00
2024,KY,21157,Marshall County,2024-10-21,15,mail,263,,131,115,,,1,ky-sbe,2026-09-08T00:21:59+00:00
2024,KY,21157,Marshall County,2024-10-23,13,mail,308,,146,139,,,1,ky-sbe,2026-09-08T00:21:59+00:00
2024,KY,21157,Marshall County,2024-10-25,11,inperson,83,,30,47,,,1,ky-sbe,2026-09-08T00:21:59+00:00
2024,KY,21157,Marshall County,2024-10-25,11,mail,457,,218,207,,,1,ky-sbe,2026-09-08T00:21:59+00:00
2024,KY,21157,Marshall County,2024-10-26,10,inperson,105,,34,65,,,1,ky-sbe,2026-09-08T00:21:59+00:00
2024,KY,21157,Marshall County,2024-10-26,10,mail,479,,228,217,,,1,ky-sbe,2026-09-08T00:21:59+00:00
2024,KY,21157,Marshall County,2024-10-29,7,inperson,134,,42,83,,,1,ky-sbe,2026-09-08T00:21:59+00:00
2024,KY,21157,Marshall County,2024-10-29,7,mail,521,,248,236,,,1,ky-sbe,2026-09-08T00:21:59+00:00
2024,KY,21157,Marshall County,2024-10-30,6,inperson,148,,49,90,,,1,ky-sbe,2026-09-08T00:21:59+00:00
2024,KY,21157,Marshall County,2024-10-30,6,mail,574,,272,260,,,1,ky-sbe,2026-09-08T00:21:59+00:00
2024,KY,21157,Marshall County,2024-10-31,5,inperson,162,,51,102,,,1,ky-sbe,2026-09-08T00:21:59+00:00
2024,KY,21157,Marshall County,2024-10-31,5,mail,593,,278,273,,,1,ky-sbe,2026-09-08T00:21:59+00:00
2024,KY,21157,Marshall County,2024-11-01,4,inperson,2063,,682,1250,,,1,ky-sbe,2026-09-08T00:21:59+00:00
2024,KY,21157,Marshall County,2024-11-01,4,mail,593,,278,273,,,1,ky-sbe,2026-09-08T00:21:59+00:00
2024,KY,21157,Marshall County,2024-11-02,3,inperson,3995,,1389,2371,,,1,ky-sbe,2026-09-08T00:21:59+00:00
2024,KY,21157,Marshall County,2024-11-02,3,mail,608,,285,279,,,1,ky-sbe,2026-09-08T00:21:59+00:00
2024,KY,21157,Marshall County,2024-11-03,2,inperson,5588,,1985,3287,,,1,ky-sbe,2026-09-08T00:21:59+00:00
2024,KY,21157,Marshall County,2024-11-03,2,mail,608,,285,279,,,1,ky-sbe,2026-09-08T00:21:59+00:00
2024,KY,21157,Marshall County,2024-11-05,0,inperson,5588,,1985,3287,,,1,ky-sbe,2026-09-08T00:21:59+00:00
2024,KY,21157,Marshall County,2024-11-05,0,mail,672,,313,312,,,1,ky-sbe,2026-09-08T00:21:59+00:00
2024,KY,21159,Martin County,2024-09-23,43,mail,0,,,,,,1,ky-sbe,2026-09-08T00:21:59+00:00
2024,KY,21159,Martin County,2024-09-26,40,mail,0,,,,,,1,ky-sbe,2026-09-08T00:21:59+00:00
2024,KY,21159,Martin County,2024-09-30,36,mail,0,,,,,,1,ky-sbe,2026-09-08T00:21:59+00:00
2024,KY,21159,Martin County,2024-10-08,28,mail,5,,3,2,,,1,ky-sbe,2026-09-08T00:21:59+00:00
2024,KY,21159,Martin County,2024-10-14,22,mail,47,,13,32,,,1,ky-sbe,2026-09-08T00:21:59+00:00
2024,KY,21159,Martin County,2024-10-21,15,mail,87,,18,67,,,1,ky-sbe,2026-09-08T00:21:59+00:00
2024,KY,21159,Martin County,2024-10-23,13,mail,87,,18,67,,,1,ky-sbe,2026-09-08T00:21:59+00:00
2024,KY,21159,Martin County,2024-10-25,11,inperson,106,,12,91,,,1,ky-sbe,2026-09-08T00:21:59+00:00
2024,KY,21159,Martin County,2024-10-25,11,mail,121,,24,94,,,1,ky-sbe,2026-09-08T00:21:59+00:00
2024,KY,21159,Martin County,2024-10-26,10,inperson,165,,19,142,,,1,ky-sbe,2026-09-08T00:21:59+00:00
2024,KY,21159,Martin County,2024-10-26,10,mail,121,,24,94,,,1,ky-sbe,2026-09-08T00:21:59+00:00
2024,KY,21159,Martin County,2024-10-29,7,inperson,206,,21,181,,,1,ky-sbe,2026-09-08T00:21:59+00:00
2024,KY,21159,Martin County,2024-10-29,7,mail,152,,26,123,,,1,ky-sbe,2026-09-08T00:21:59+00:00
2024,KY,21159,Martin County,2024-10-30,6,inperson,255,,26,225,,,1,ky-sbe,2026-09-08T00:21:59+00:00
2024,KY,21159,Martin County,2024-10-30,6,mail,182,,29,150,,,1,ky-sbe,2026-09-08T00:21:59+00:00
2024,KY,21159,Martin County,2024-10-31,5,inperson,284,,26,254,,,1,ky-sbe,2026-09-08T00:21:59+00:00
2024,KY,21159,Martin County,2024-10-31,5,mail,182,,29,150,,,1,ky-sbe,2026-09-08T00:21:59+00:00
2024,KY,21159,Martin County,2024-11-01,4,inperson,586,,47,527,,,1,ky-sbe,2026-09-08T00:21:59+00:00
2024,KY,21159,Martin County,2024-11-01,4,mail,182,,29,150,,,1,ky-sbe,2026-09-08T00:21:59+00:00
2024,KY,21159,Martin County,2024-11-02,3,inperson,961,,81,863,,,1,ky-sbe,2026-09-08T00:21:59+00:00
2024,KY,21159,Martin County,2024-11-02,3,mail,182,,29,150,,,1,ky-sbe,2026-09-08T00:21:59+00:00
2024,KY,21159,Martin County,2024-11-03,2,inperson,1261,,110,1123,,,1,ky-sbe,2026-09-08T00:21:59+00:00
2024,KY,21159,Martin County,2024-11-03,2,mail,206,,34,168,,,1,ky-sbe,2026-09-08T00:21:59+00:00
2024,KY,21159,Martin County,2024-11-05,0,inperson,1261,,110,1123,,,1,ky-sbe,2026-09-08T00:21:59+00:00
2024,KY,21159,Martin County,2024-11-05,0,mail,216,,35,176,,,1,ky-sbe,2026-09-08T00:21:59+00:00
2024,KY,21161,Mason County,2024-09-23,43,mail,0,,,,,,1,ky-sbe,2026-09-08T00:21:59+00:00
2024,KY,21161,Mason County,2024-09-26,40,mail,0,,,,,,1,ky-sbe,2026-09-08T00:21:59+00:00
2024,KY,21161,Mason County,2024-09-30,36,mail,0,,,,,,1,ky-sbe,2026-09-08T00:21:59+00:00
2024,KY,21161,Mason County,2024-10-08,28,mail,80,,49,23,,,1,ky-sbe,2026-09-08T00:21:59+00:00
2024,KY,21161,Mason County,2024-10-14,22,mail,138,,75,51,,,1,ky-sbe,2026-09-08T00:21:59+00:00
2024,KY,21161,Mason County,2024-10-21,15,mail,239,,137,78,,,1,ky-sbe,2026-09-08T00:21:59+00:00
2024,KY,21161,Mason County,2024-10-23,13,mail,296,,169,99,,,1,ky-sbe,2026-09-08T00:21:59+00:00
2024,KY,21161,Mason County,2024-10-25,11,inperson,39,,16,22,,,1,ky-sbe,2026-09-08T00:21:59+00:00
2024,KY,21161,Mason County,2024-10-25,11,mail,313,,173,109,,,1,ky-sbe,2026-09-08T00:21:59+00:00
2024,KY,21161,Mason County,2024-10-26,10,inperson,58,,26,28,,,1,ky-sbe,2026-09-08T00:21:59+00:00
2024,KY,21161,Mason County,2024-10-26,10,mail,336,,188,116,,,1,ky-sbe,2026-09-08T00:21:59+00:00
2024,KY,21161,Mason County,2024-10-29,7,inperson,76,,32,38,,,1,ky-sbe,2026-09-08T00:21:59+00:00
2024,KY,21161,Mason County,2024-10-29,7,mail,372,,204,132,,,1,ky-sbe,2026-09-08T00:21:59+00:00
2024,KY,21161,Mason County,2024-10-30,6,inperson,84,,34,44,,,1,ky-sbe,2026-09-08T00:21:59+00:00
2024,KY,21161,Mason County,2024-10-30,6,mail,393,,213,142,,,1,ky-sbe,2026-09-08T00:21:59+00:00
2024,KY,21161,Mason County,2024-10-31,5,inperson,91,,38,47,,,1,ky-sbe,2026-09-08T00:21:59+00:00
2024,KY,21161,Mason County,2024-10-31,5,mail,410,,223,147,,,1,ky-sbe,2026-09-08T00:21:59+00:00
2024,KY,21161,Mason County,2024-11-01,4,inperson,1207,,594,538,,,1,ky-sbe,2026-09-08T00:21:59+00:00
2024,KY,21161,Mason County,2024-11-01,4,mail,435,,236,156,,,1,ky-sbe,2026-09-08T00:21:59+00:00
2024,KY,21161,Mason County,2024-11-02,3,inperson,2102,,1030,948,,,1,ky-sbe,2026-09-08T00:21:59+00:00
2024,KY,21161,Mason County,2024-11-02,3,mail,451,,242,161,,,1,ky-sbe,2026-09-08T00:21:59+00:00
2024,KY,21161,Mason County,2024-11-03,2,inperson,2854,,1367,1303,,,1,ky-sbe,2026-09-08T00:21:59+00:00
2024,KY,21161,Mason County,2024-11-03,2,mail,451,,242,161,,,1,ky-sbe,2026-09-08T00:21:59+00:00
2024,KY,21161,Mason County,2024-11-05,0,inperson,2854,,1367,1303,,,1,ky-sbe,2026-09-08T00:21:59+00:00
2024,KY,21161,Mason County,2024-11-05,0,mail,485,,255,176,,,1,ky-sbe,2026-09-08T00:21:59+00:00
2024,KY,21163,Meade County,2024-09-23,43,mail,0,,,,,,1,ky-sbe,2026-09-08T00:21:59+00:00
2024,KY,21163,Meade County,2024-09-26,40,mail,0,,,,,,1,ky-sbe,2026-09-08T00:21:59+00:00
2024,KY,21163,Meade County,2024-09-30,36,mail,0,,,,,,1,ky-sbe,2026-09-08T00:21:59+00:00
2024,KY,21163,Meade County,2024-10-08,28,mail,88,,49,35,,,1,ky-sbe,2026-09-08T00:21:59+00:00
2024,KY,21163,Meade County,2024-10-14,22,mail,135,,76,53,,,1,ky-sbe,2026-09-08T00:21:59+00:00
2024,KY,21163,Meade County,2024-10-21,15,mail,212,,111,84,,,1,ky-sbe,2026-09-08T00:21:59+00:00
2024,KY,21163,Meade County,2024-10-23,13,mail,297,,144,115,,,1,ky-sbe,2026-09-08T00:21:59+00:00
2024,KY,21163,Meade County,2024-10-25,11,inperson,72,,24,43,,,1,ky-sbe,2026-09-08T00:21:59+00:00
2024,KY,21163,Meade County,2024-10-25,11,mail,373,,181,143,,,1,ky-sbe,2026-09-08T00:21:59+00:00
2024,KY,21163,Meade County,2024-10-26,10,inperson,110,,40,63,,,1,ky-sbe,2026-09-08T00:21:59+00:00
2024,KY,21163,Meade County,2024-10-26,10,mail,397,,193,152,,,1,ky-sbe,2026-09-08T00:21:59+00:00
2024,KY,21163,Meade County,2024-10-29,7,inperson,144,,53,84,,,1,ky-sbe,2026-09-08T00:21:59+00:00
2024,KY,21163,Meade County,2024-10-29,7,mail,449,,205,173,,,1,ky-sbe,2026-09-08T00:21:59+00:00
2024,KY,21163,Meade County,2024-10-30,6,inperson,163,,55,101,,,1,ky-sbe,2026-09-08T00:21:59+00:00
2024,KY,21163,Meade County,2024-10-30,6,mail,472,,214,184,,,1,ky-sbe,2026-09-08T00:21:59+00:00
2024,KY,21163,Meade County,2024-10-31,5,inperson,184,,64,111,,,1,ky-sbe,2026-09-08T00:21:59+00:00
2024,KY,21163,Meade County,2024-10-31,5,mail,497,,226,192,,,1,ky-sbe,2026-09-08T00:21:59+00:00
2024,KY,21163,Meade County,2024-11-01,4,inperson,1556,,565,901,,,1,ky-sbe,2026-09-08T00:21:59+00:00
2024,KY,21163,Meade County,2024-11-01,4,mail,526,,238,204,,,1,ky-sbe,2026-09-08T00:21:59+00:00
2024,KY,21163,Meade County,2024-11-02,3,inperson,3318,,1254,1855,,,1,ky-sbe,2026-09-08T00:21:59+00:00
2024,KY,21163,Meade County,2024-11-02,3,mail,559,,251,221,,,1,ky-sbe,2026-09-08T00:21:59+00:00
2024,KY,21163,Meade County,2024-11-03,2,inperson,4900,,1818,2756,,,1,ky-sbe,2026-09-08T00:21:59+00:00
2024,KY,21163,Meade County,2024-11-03,2,mail,559,,251,221,,,1,ky-sbe,2026-09-08T00:21:59+00:00
2024,KY,21163,Meade County,2024-11-05,0,inperson,4900,,1818,2756,,,1,ky-sbe,2026-09-08T00:21:59+00:00
2024,KY,21163,Meade County,2024-11-05,0,mail,611,,272,245,,,1,ky-sbe,2026-09-08T00:21:59+00:00
2024,KY,21165,Menifee County,2024-09-23,43,mail,0,,,,,,1,ky-sbe,2026-09-08T00:21:59+00:00
2024,KY,21165,Menifee County,2024-09-26,40,mail,0,,,,,,1,ky-sbe,2026-09-08T00:21:59+00:00
2024,KY,21165,Menifee County,2024-09-30,36,mail,0,,,,,,1,ky-sbe,2026-09-08T00:21:59+00:00
2024,KY,21165,Menifee County,2024-10-08,28,mail,68,,59,9,,,1,ky-sbe,2026-09-08T00:21:59+00:00
2024,KY,21165,Menifee County,2024-10-14,22,mail,109,,84,25,,,1,ky-sbe,2026-09-08T00:21:59+00:00
2024,KY,21165,Menifee County,2024-10-21,15,mail,158,,116,42,,,1,ky-sbe,2026-09-08T00:21:59+00:00
2024,KY,21165,Menifee County,2024-10-23,13,mail,205,,147,58,,,1,ky-sbe,2026-09-08T00:21:59+00:00
2024,KY,21165,Menifee County,2024-10-25,11,inperson,56,,30,23,,,1,ky-sbe,2026-09-08T00:21:59+00:00
2024,KY,21165,Menifee County,2024-10-25,11,mail,226,,163,63,,,1,ky-sbe,2026-09-08T00:21:59+00:00
2024,KY,21165,Menifee County,2024-10-26,10,inperson,93,,47,42,,,1,ky-sbe,2026-09-08T00:21:59+00:00
2024,KY,21165,Menifee County,2024-10-26,10,mail,255,,187,66,,,1,ky-sbe,2026-09-08T00:21:59+00:00
2024,KY,21165,Menifee County,2024-10-29,7,inperson,118,,56,54,,,1,ky-sbe,2026-09-08T00:21:59+00:00
2024,KY,21165,Menifee County,2024-10-29,7,mail,265,,196,67,,,1,ky-sbe,2026-09-08T00:21:59+00:00
2024,KY,21165,Menifee County,2024-10-30,6,inperson,147,,67,69,,,1,ky-sbe,2026-09-08T00:21:59+00:00
2024,KY,21165,Menifee County,2024-10-30,6,mail,286,,213,70,,,1,ky-sbe,2026-09-08T00:21:59+00:00
2024,KY,21165,Menifee County,2024-10-31,5,inperson,187,,80,92,,,1,ky-sbe,2026-09-08T00:21:59+00:00
2024,KY,21165,Menifee County,2024-10-31,5,mail,289,,215,71,,,1,ky-sbe,2026-09-08T00:21:59+00:00
2024,KY,21165,Menifee County,2024-11-01,4,inperson,515,,260,219,,,1,ky-sbe,2026-09-08T00:21:59+00:00
2024,KY,21165,Menifee County,2024-11-01,4,mail,307,,229,75,,,1,ky-sbe,2026-09-08T00:21:59+00:00
2024,KY,21165,Menifee County,2024-11-02,3,inperson,820,,409,359,,,1,ky-sbe,2026-09-08T00:21:59+00:00
2024,KY,21165,Menifee County,2024-11-02,3,mail,329,,248,76,,,1,ky-sbe,2026-09-08T00:21:59+00:00
2024,KY,21165,Menifee County,2024-11-03,2,inperson,1138,,577,501,,,1,ky-sbe,2026-09-08T00:21:59+00:00
2024,KY,21165,Menifee County,2024-11-03,2,mail,329,,248,76,,,1,ky-sbe,2026-09-08T00:21:59+00:00
2024,KY,21165,Menifee County,2024-11-05,0,inperson,1138,,577,501,,,1,ky-sbe,2026-09-08T00:21:59+00:00
2024,KY,21165,Menifee County,2024-11-05,0,mail,357,,264,87,,,1,ky-sbe,2026-09-08T00:21:59+00:00
2024,KY,21167,Mercer County,2024-09-23,43,mail,0,,,,,,1,ky-sbe,2026-09-08T00:21:59+00:00
2024,KY,21167,Mercer County,2024-09-26,40,mail,0,,,,,,1,ky-sbe,2026-09-08T00:21:59+00:00
2024,KY,21167,Mercer County,2024-09-30,36,mail,0,,,,,,1,ky-sbe,2026-09-08T00:21:59+00:00
2024,KY,21167,Mercer County,2024-10-08,28,mail,86,,46,40,,,1,ky-sbe,2026-09-08T00:21:59+00:00
2024,KY,21167,Mercer County,2024-10-14,22,mail,160,,85,73,,,1,ky-sbe,2026-09-08T00:21:59+00:00
2024,KY,21167,Mercer County,2024-10-21,15,mail,288,,155,122,,,1,ky-sbe,2026-09-08T00:21:59+00:00
2024,KY,21167,Mercer County,2024-10-23,13,mail,330,,174,141,,,1,ky-sbe,2026-09-08T00:21:59+00:00
2024,KY,21167,Mercer County,2024-10-25,11,inperson,118,,42,71,,,1,ky-sbe,2026-09-08T00:21:59+00:00
2024,KY,21167,Mercer County,2024-10-25,11,mail,385,,212,152,,,1,ky-sbe,2026-09-08T00:21:59+00:00
2024,KY,21167,Mercer County,2024-10-26,10,inperson,173,,57,108,,,1,ky-sbe,2026-09-08T00:21:59+00:00
2024,KY,21167,Mercer County,2024-10-26,10,mail,402,,221,159,,,1,ky-sbe,2026-09-08T00:21:59+00:00
2024,KY,21167,Mercer County,2024-10-29,7,inperson,226,,77,139,,,1,ky-sbe,2026-09-08T00:21:59+00:00
2024,KY,21167,Mercer County,2024-10-29,7,mail,448,,244,180,,,1,ky-sbe,2026-09-08T00:21:59+00:00
2024,KY,21167,Mercer County,2024-10-30,6,inperson,256,,89,155,,,1,ky-sbe,2026-09-08T00:21:59+00:00
2024,KY,21167,Mercer County,2024-10-30,6,mail,464,,256,184,,,1,ky-sbe,2026-09-08T00:21:59+00:00
2024,KY,21167,Mercer County,2024-10-31,5,inperson,298,,105,180,,,1,ky-sbe,2026-09-08T00:21:59+00:00
2024,KY,21167,Mercer County,2024-10-31,5,mail,483,,269,190,,,1,ky-sbe,2026-09-08T00:21:59+00:00
2024,KY,21167,Mercer County,2024-11-01,4,inperson,976,,362,555,,,1,ky-sbe,2026-09-08T00:21:59+00:00
2024,KY,21167,Mercer County,2024-11-01,4,mail,510,,278,207,,,1,ky-sbe,2026-09-08T00:21:59+00:00
2024,KY,21167,Mercer County,2024-11-02,3,inperson,1876,,702,1051,,,1,ky-sbe,2026-09-08T00:21:59+00:00
2024,KY,21167,Mercer County,2024-11-02,3,mail,523,,283,213,,,1,ky-sbe,2026-09-08T00:21:59+00:00
2024,KY,21167,Mercer County,2024-11-03,2,inperson,2800,,1064,1551,,,1,ky-sbe,2026-09-08T00:21:59+00:00
2024,KY,21167,Mercer County,2024-11-03,2,mail,542,,288,221,,,1,ky-sbe,2026-09-08T00:21:59+00:00
2024,KY,21167,Mercer County,2024-11-05,0,inperson,2800,,1064,1551,,,1,ky-sbe,2026-09-08T00:21:59+00:00
2024,KY,21167,Mercer County,2024-11-05,0,mail,560,,294,228,,,1,ky-sbe,2026-09-08T00:21:59+00:00
2024,KY,21169,Metcalfe County,2024-09-23,43,mail,0,,,,,,1,ky-sbe,2026-09-08T00:21:59+00:00
2024,KY,21169,Metcalfe County,2024-09-26,40,mail,0,,,,,,1,ky-sbe,2026-09-08T00:21:59+00:00
2024,KY,21169,Metcalfe County,2024-09-30,36,mail,0,,,,,,1,ky-sbe,2026-09-08T00:21:59+00:00
2024,KY,21169,Metcalfe County,2024-10-08,28,mail,43,,23,16,,,1,ky-sbe,2026-09-08T00:21:59+00:00
2024,KY,21169,Metcalfe County,2024-10-14,22,mail,76,,37,30,,,1,ky-sbe,2026-09-08T00:21:59+00:00
2024,KY,21169,Metcalfe County,2024-10-21,15,mail,119,,57,48,,,1,ky-sbe,2026-09-08T00:21:59+00:00
2024,KY,21169,Metcalfe County,2024-10-23,13,mail,138,,66,56,,,1,ky-sbe,2026-09-08T00:21:59+00:00
2024,KY,21169,Metcalfe County,2024-10-25,11,inperson,28,,7,18,,,1,ky-sbe,2026-09-08T00:21:59+00:00
2024,KY,21169,Metcalfe County,2024-10-25,11,mail,150,,70,63,,,1,ky-sbe,2026-09-08T00:21:59+00:00
2024,KY,21169,Metcalfe County,2024-10-26,10,inperson,36,,10,23,,,1,ky-sbe,2026-09-08T00:21:59+00:00
2024,KY,21169,Metcalfe County,2024-10-26,10,mail,157,,73,66,,,1,ky-sbe,2026-09-08T00:21:59+00:00
2024,KY,21169,Metcalfe County,2024-10-29,7,inperson,40,,10,27,,,1,ky-sbe,2026-09-08T00:21:59+00:00
2024,KY,21169,Metcalfe County,2024-10-29,7,mail,175,,82,74,,,1,ky-sbe,2026-09-08T00:21:59+00:00
2024,KY,21169,Metcalfe County,2024-10-30,6,inperson,48,,15,30,,,1,ky-sbe,2026-09-08T00:21:59+00:00
2024,KY,21169,Metcalfe County,2024-10-30,6,mail,180,,83,78,,,1,ky-sbe,2026-09-08T00:21:59+00:00
2024,KY,21169,Metcalfe County,2024-10-31,5,inperson,51,,16,32,,,1,ky-sbe,2026-09-08T00:21:59+00:00
2024,KY,21169,Metcalfe County,2024-10-31,5,mail,193,,92,81,,,1,ky-sbe,2026-09-08T00:21:59+00:00
2024,KY,21169,Metcalfe County,2024-11-01,4,inperson,491,,176,285,,,1,ky-sbe,2026-09-08T00:21:59+00:00
2024,KY,21169,Metcalfe County,2024-11-01,4,mail,198,,94,83,,,1,ky-sbe,2026-09-08T00:21:59+00:00
2024,KY,21169,Metcalfe County,2024-11-02,3,inperson,941,,324,555,,,1,ky-sbe,2026-09-08T00:21:59+00:00
2024,KY,21169,Metcalfe County,2024-11-02,3,mail,205,,97,86,,,1,ky-sbe,2026-09-08T00:21:59+00:00
2024,KY,21169,Metcalfe County,2024-11-03,2,inperson,1340,,427,816,,,1,ky-sbe,2026-09-08T00:21:59+00:00
2024,KY,21169,Metcalfe County,2024-11-03,2,mail,205,,97,86,,,1,ky-sbe,2026-09-08T00:21:59+00:00
2024,KY,21169,Metcalfe County,2024-11-05,0,inperson,1340,,427,816,,,1,ky-sbe,2026-09-08T00:21:59+00:00
2024,KY,21169,Metcalfe County,2024-11-05,0,mail,212,,100,90,,,1,ky-sbe,2026-09-08T00:21:59+00:00
2024,KY,21171,Monroe County,2024-09-23,43,mail,0,,,,,,1,ky-sbe,2026-09-08T00:21:59+00:00
2024,KY,21171,Monroe County,2024-09-26,40,mail,0,,,,,,1,ky-sbe,2026-09-08T00:21:59+00:00
2024,KY,21171,Monroe County,2024-09-30,36,mail,0,,,,,,1,ky-sbe,2026-09-08T00:21:59+00:00
2024,KY,21171,Monroe County,2024-10-08,28,mail,44,,6,35,,,1,ky-sbe,2026-09-08T00:21:59+00:00
2024,KY,21171,Monroe County,2024-10-14,22,mail,67,,6,55,,,1,ky-sbe,2026-09-08T00:21:59+00:00
2024,KY,21171,Monroe County,2024-10-21,15,mail,105,,8,91,,,1,ky-sbe,2026-09-08T00:21:59+00:00
2024,KY,21171,Monroe County,2024-10-23,13,mail,120,,9,102,,,1,ky-sbe,2026-09-08T00:21:59+00:00
2024,KY,21171,Monroe County,2024-10-25,11,inperson,21,,2,19,,,1,ky-sbe,2026-09-08T00:21:59+00:00
2024,KY,21171,Monroe County,2024-10-25,11,mail,149,,12,127,,,1,ky-sbe,2026-09-08T00:21:59+00:00
2024,KY,21171,Monroe County,2024-10-26,10,inperson,37,,2,34,,,1,ky-sbe,2026-09-08T00:21:59+00:00
2024,KY,21171,Monroe County,2024-10-26,10,mail,158,,14,133,,,1,ky-sbe,2026-09-08T00:21:59+00:00
2024,KY,21171,Monroe County,2024-10-29,7,inperson,60,,2,55,,,1,ky-sbe,2026-09-08T00:21:59+00:00
2024,KY,21171,Monroe County,2024-10-29,7,mail,162,,14,137,,,1,ky-sbe,2026-09-08T00:21:59+00:00
2024,KY,21171,Monroe County,2024-10-30,6,inperson,80,,3,74,,,1,ky-sbe,2026-09-08T00:21:59+00:00
2024,KY,21171,Monroe County,2024-10-30,6,mail,182,,16,155,,,1,ky-sbe,2026-09-08T00:21:59+00:00
2024,KY,21171,Monroe County,2024-10-31,5,inperson,92,,3,86,,,1,ky-sbe,2026-09-08T00:21:59+00:00
2024,KY,21171,Monroe County,2024-10-31,5,mail,189,,16,162,,,1,ky-sbe,2026-09-08T00:21:59+00:00
2024,KY,21171,Monroe County,2024-11-01,4,inperson,370,,38,320,,,1,ky-sbe,2026-09-08T00:21:59+00:00
2024,KY,21171,Monroe County,2024-11-01,4,mail,197,,18,168,,,1,ky-sbe,2026-09-08T00:21:59+00:00
2024,KY,21171,Monroe County,2024-11-02,3,inperson,672,,63,587,,,1,ky-sbe,2026-09-08T00:21:59+00:00
2024,KY,21171,Monroe County,2024-11-02,3,mail,197,,18,168,,,1,ky-sbe,2026-09-08T00:21:59+00:00
2024,KY,21171,Monroe County,2024-11-03,2,inperson,912,,84,799,,,1,ky-sbe,2026-09-08T00:21:59+00:00
2024,KY,21171,Monroe County,2024-11-03,2,mail,197,,18,168,,,1,ky-sbe,2026-09-08T00:21:59+00:00
2024,KY,21171,Monroe County,2024-11-05,0,inperson,912,,84,799,,,1,ky-sbe,2026-09-08T00:21:59+00:00
2024,KY,21171,Monroe County,2024-11-05,0,mail,207,,19,177,,,1,ky-sbe,2026-09-08T00:21:59+00:00
2024,KY,21173,Montgomery County,2024-09-23,43,mail,0,,,,,,1,ky-sbe,2026-09-08T00:21:59+00:00
2024,KY,21173,Montgomery County,2024-09-26,40,mail,0,,,,,,1,ky-sbe,2026-09-08T00:21:59+00:00
2024,KY,21173,Montgomery County,2024-09-30,36,mail,0,,,,,,1,ky-sbe,2026-09-08T00:21:59+00:00
2024,KY,21173,Montgomery County,2024-10-08,28,mail,109,,66,33,,,1,ky-sbe,2026-09-08T00:21:59+00:00
2024,KY,21173,Montgomery County,2024-10-14,22,mail,194,,122,59,,,1,ky-sbe,2026-09-08T00:21:59+00:00
2024,KY,21173,Montgomery County,2024-10-21,15,mail,271,,167,79,,,1,ky-sbe,2026-09-08T00:21:59+00:00
2024,KY,21173,Montgomery County,2024-10-23,13,mail,351,,216,103,,,1,ky-sbe,2026-09-08T00:21:59+00:00
2024,KY,21173,Montgomery County,2024-10-25,11,inperson,21,,7,13,,,1,ky-sbe,2026-09-08T00:21:59+00:00
2024,KY,21173,Montgomery County,2024-10-25,11,mail,439,,270,135,,,1,ky-sbe,2026-09-08T00:21:59+00:00
2024,KY,21173,Montgomery County,2024-10-26,10,inperson,38,,10,27,,,1,ky-sbe,2026-09-08T00:21:59+00:00
2024,KY,21173,Montgomery County,2024-10-26,10,mail,462,,285,142,,,1,ky-sbe,2026-09-08T00:21:59+00:00
2024,KY,21173,Montgomery County,2024-10-29,7,inperson,49,,12,36,,,1,ky-sbe,2026-09-08T00:21:59+00:00
2024,KY,21173,Montgomery County,2024-10-29,7,mail,483,,297,149,,,1,ky-sbe,2026-09-08T00:21:59+00:00
2024,KY,21173,Montgomery County,2024-10-30,6,inperson,57,,15,41,,,1,ky-sbe,2026-09-08T00:21:59+00:00
2024,KY,21173,Montgomery County,2024-10-30,6,mail,520,,318,163,,,1,ky-sbe,2026-09-08T00:21:59+00:00
2024,KY,21173,Montgomery County,2024-10-31,5,inperson,61,,15,43,,,1,ky-sbe,2026-09-08T00:21:59+00:00
2024,KY,21173,Montgomery County,2024-10-31,5,mail,544,,332,172,,,1,ky-sbe,2026-09-08T00:21:59+00:00
2024,KY,21173,Montgomery County,2024-11-01,4,inperson,1968,,897,987,,,1,ky-sbe,2026-09-08T00:21:59+00:00
2024,KY,21173,Montgomery County,2024-11-01,4,mail,584,,359,183,,,1,ky-sbe,2026-09-08T00:21:59+00:00
2024,KY,21173,Montgomery County,2024-11-02,3,inperson,3879,,1766,1942,,,1,ky-sbe,2026-09-08T00:21:59+00:00
2024,KY,21173,Montgomery County,2024-11-02,3,mail,595,,363,188,,,1,ky-sbe,2026-09-08T00:21:59+00:00
2024,KY,21173,Montgomery County,2024-11-03,2,inperson,5772,,2563,2933,,,1,ky-sbe,2026-09-08T00:21:59+00:00
2024,KY,21173,Montgomery County,2024-11-03,2,mail,595,,363,188,,,1,ky-sbe,2026-09-08T00:21:59+00:00
2024,KY,21173,Montgomery County,2024-11-05,0,inperson,5772,,2563,2933,,,1,ky-sbe,2026-09-08T00:21:59+00:00
2024,KY,21173,Montgomery County,2024-11-05,0,mail,647,,389,203,,,1,ky-sbe,2026-09-08T00:21:59+00:00
2024,KY,21175,Morgan County,2024-09-23,43,mail,0,,,,,,1,ky-sbe,2026-09-08T00:21:59+00:00
2024,KY,21175,Morgan County,2024-09-26,40,mail,0,,,,,,1,ky-sbe,2026-09-08T00:21:59+00:00
2024,KY,21175,Morgan County,2024-09-30,36,mail,0,,,,,,1,ky-sbe,2026-09-08T00:21:59+00:00
2024,KY,21175,Morgan County,2024-10-08,28,mail,32,,23,9,,,1,ky-sbe,2026-09-08T00:21:59+00:00
2024,KY,21175,Morgan County,2024-10-14,22,mail,50,,34,16,,,1,ky-sbe,2026-09-08T00:21:59+00:00
2024,KY,21175,Morgan County,2024-10-21,15,mail,136,,90,44,,,1,ky-sbe,2026-09-08T00:21:59+00:00
2024,KY,21175,Morgan County,2024-10-23,13,mail,179,,125,51,,,1,ky-sbe,2026-09-08T00:21:59+00:00
2024,KY,21175,Morgan County,2024-10-25,11,inperson,78,,56,21,,,1,ky-sbe,2026-09-08T00:21:59+00:00
2024,KY,21175,Morgan County,2024-10-25,11,mail,218,,156,57,,,1,ky-sbe,2026-09-08T00:21:59+00:00
2024,KY,21175,Morgan County,2024-10-26,10,inperson,112,,74,36,,,1,ky-sbe,2026-09-08T00:21:59+00:00
2024,KY,21175,Morgan County,2024-10-26,10,mail,226,,160,61,,,1,ky-sbe,2026-09-08T00:21:59+00:00
2024,KY,21175,Morgan County,2024-10-29,7,inperson,148,,92,53,,,1,ky-sbe,2026-09-08T00:21:59+00:00
2024,KY,21175,Morgan County,2024-10-29,7,mail,262,,187,69,,,1,ky-sbe,2026-09-08T00:21:59+00:00
2024,KY,21175,Morgan County,2024-10-30,6,inperson,170,,105,62,,,1,ky-sbe,2026-09-08T00:21:59+00:00
2024,KY,21175,Morgan County,2024-10-30,6,mail,269,,192,71,,,1,ky-sbe,2026-09-08T00:21:59+00:00
2024,KY,21175,Morgan County,2024-10-31,5,inperson,206,,130,73,,,1,ky-sbe,2026-09-08T00:21:59+00:00
2024,KY,21175,Morgan County,2024-10-31,5,mail,282,,199,75,,,1,ky-sbe,2026-09-08T00:21:59+00:00
2024,KY,21175,Morgan County,2024-11-01,4,inperson,587,,349,219,,,1,ky-sbe,2026-09-08T00:21:59+00:00
2024,KY,21175,Morgan County,2024-11-01,4,mail,291,,205,76,,,1,ky-sbe,2026-09-08T00:21:59+00:00
2024,KY,21175,Morgan County,2024-11-02,3,inperson,1001,,594,376,,,1,ky-sbe,2026-09-08T00:21:59+00:00
2024,KY,21175,Morgan County,2024-11-02,3,mail,314,,223,81,,,1,ky-sbe,2026-09-08T00:21:59+00:00
2024,KY,21175,Morgan County,2024-11-03,2,inperson,1376,,830,500,,,1,ky-sbe,2026-09-08T00:21:59+00:00
2024,KY,21175,Morgan County,2024-11-03,2,mail,321,,227,84,,,1,ky-sbe,2026-09-08T00:21:59+00:00
2024,KY,21175,Morgan County,2024-11-05,0,inperson,1376,,830,500,,,1,ky-sbe,2026-09-08T00:21:59+00:00
2024,KY,21175,Morgan County,2024-11-05,0,mail,324,,227,86,,,1,ky-sbe,2026-09-08T00:21:59+00:00
2024,KY,21177,Muhlenberg County,2024-09-23,43,mail,0,,,,,,1,ky-sbe,2026-09-08T00:21:59+00:00
2024,KY,21177,Muhlenberg County,2024-09-26,40,mail,0,,,,,,1,ky-sbe,2026-09-08T00:21:59+00:00
2024,KY,21177,Muhlenberg County,2024-09-30,36,mail,0,,,,,,1,ky-sbe,2026-09-08T00:21:59+00:00
2024,KY,21177,Muhlenberg County,2024-10-08,28,mail,64,,41,20,,,1,ky-sbe,2026-09-08T00:21:59+00:00
2024,KY,21177,Muhlenberg County,2024-10-14,22,mail,174,,115,50,,,1,ky-sbe,2026-09-08T00:21:59+00:00
2024,KY,21177,Muhlenberg County,2024-10-21,15,mail,343,,227,99,,,1,ky-sbe,2026-09-08T00:21:59+00:00
2024,KY,21177,Muhlenberg County,2024-10-23,13,mail,419,,279,119,,,1,ky-sbe,2026-09-08T00:21:59+00:00
2024,KY,21177,Muhlenberg County,2024-10-25,11,inperson,81,,34,44,,,1,ky-sbe,2026-09-08T00:21:59+00:00
2024,KY,21177,Muhlenberg County,2024-10-25,11,mail,480,,321,135,,,1,ky-sbe,2026-09-08T00:21:59+00:00
2024,KY,21177,Muhlenberg County,2024-10-26,10,inperson,117,,45,65,,,1,ky-sbe,2026-09-08T00:21:59+00:00
2024,KY,21177,Muhlenberg County,2024-10-26,10,mail,522,,351,146,,,1,ky-sbe,2026-09-08T00:21:59+00:00
2024,KY,21177,Muhlenberg County,2024-10-29,7,inperson,151,,54,90,,,1,ky-sbe,2026-09-08T00:21:59+00:00
2024,KY,21177,Muhlenberg County,2024-10-29,7,mail,524,,351,146,,,1,ky-sbe,2026-09-08T00:21:59+00:00
2024,KY,21177,Muhlenberg County,2024-10-30,6,inperson,180,,72,98,,,1,ky-sbe,2026-09-08T00:21:59+00:00
2024,KY,21177,Muhlenberg County,2024-10-30,6,mail,577,,384,163,,,1,ky-sbe,2026-09-08T00:21:59+00:00
2024,KY,21177,Muhlenberg County,2024-10-31,5,inperson,204,,83,111,,,1,ky-sbe,2026-09-08T00:21:59+00:00
2024,KY,21177,Muhlenberg County,2024-10-31,5,mail,577,,384,163,,,1,ky-sbe,2026-09-08T00:21:59+00:00
2024,KY,21177,Muhlenberg County,2024-11-01,4,inperson,1922,,910,941,,,1,ky-sbe,2026-09-08T00:21:59+00:00
2024,KY,21177,Muhlenberg County,2024-11-01,4,mail,578,,384,163,,,1,ky-sbe,2026-09-08T00:21:59+00:00
2024,KY,21177,Muhlenberg County,2024-11-02,3,inperson,3677,,1749,1776,,,1,ky-sbe,2026-09-08T00:21:59+00:00
2024,KY,21177,Muhlenberg County,2024-11-02,3,mail,640,,414,187,,,1,ky-sbe,2026-09-08T00:21:59+00:00
2024,KY,21177,Muhlenberg County,2024-11-03,2,inperson,5359,,2518,2631,,,1,ky-sbe,2026-09-08T00:21:59+00:00
2024,KY,21177,Muhlenberg County,2024-11-03,2,mail,640,,414,187,,,1,ky-sbe,2026-09-08T00:21:59+00:00
2024,KY,21177,Muhlenberg County,2024-11-05,0,inperson,5359,,2518,2631,,,1,ky-sbe,2026-09-08T00:21:59+00:00
2024,KY,21177,Muhlenberg County,2024-11-05,0,mail,675,,434,201,,,1,ky-sbe,2026-09-08T00:21:59+00:00
2024,KY,21179,Nelson County,2024-09-23,43,mail,0,,,,,,1,ky-sbe,2026-09-08T00:21:59+00:00
2024,KY,21179,Nelson County,2024-09-26,40,mail,0,,,,,,1,ky-sbe,2026-09-08T00:21:59+00:00
2024,KY,21179,Nelson County,2024-09-30,36,mail,0,,,,,,1,ky-sbe,2026-09-08T00:21:59+00:00
2024,KY,21179,Nelson County,2024-10-08,28,mail,215,,140,53,,,1,ky-sbe,2026-09-08T00:21:59+00:00
2024,KY,21179,Nelson County,2024-10-14,22,mail,386,,244,108,,,1,ky-sbe,2026-09-08T00:21:59+00:00
2024,KY,21179,Nelson County,2024-10-21,15,mail,636,,392,194,,,1,ky-sbe,2026-09-08T00:21:59+00:00
2024,KY,21179,Nelson County,2024-10-23,13,mail,711,,425,222,,,1,ky-sbe,2026-09-08T00:21:59+00:00
2024,KY,21179,Nelson County,2024-10-25,11,inperson,237,,110,119,,,1,ky-sbe,2026-09-08T00:21:59+00:00
2024,KY,21179,Nelson County,2024-10-25,11,mail,801,,479,247,,,1,ky-sbe,2026-09-08T00:21:59+00:00
2024,KY,21179,Nelson County,2024-10-26,10,inperson,316,,156,151,,,1,ky-sbe,2026-09-08T00:21:59+00:00
2024,KY,21179,Nelson County,2024-10-26,10,mail,858,,509,264,,,1,ky-sbe,2026-09-08T00:21:59+00:00
2024,KY,21179,Nelson County,2024-10-29,7,inperson,394,,186,192,,,1,ky-sbe,2026-09-08T00:21:59+00:00
2024,KY,21179,Nelson County,2024-10-29,7,mail,946,,560,294,,,1,ky-sbe,2026-09-08T00:21:59+00:00
2024,KY,21179,Nelson County,2024-10-30,6,inperson,476,,228,225,,,1,ky-sbe,2026-09-08T00:21:59+00:00
2024,KY,21179,Nelson County,2024-10-30,6,mail,994,,585,311,,,1,ky-sbe,2026-09-08T00:21:59+00:00
2024,KY,21179,Nelson County,2024-10-31,5,inperson,524,,264,237,,,1,ky-sbe,2026-09-08T00:21:59+00:00
2024,KY,21179,Nelson County,2024-10-31,5,mail,1033,,613,320,,,1,ky-sbe,2026-09-08T00:21:59+00:00
2024,KY,21179,Nelson County,2024-11-01,4,inperson,2043,,919,1002,,,1,ky-sbe,2026-09-08T00:21:59+00:00
2024,KY,21179,Nelson County,2024-11-01,4,mail,1071,,638,331,,,1,ky-sbe,2026-09-08T00:21:59+00:00
2024,KY,21179,Nelson County,2024-11-02,3,inperson,3663,,1635,1801,,,1,ky-sbe,2026-09-08T00:21:59+00:00
2024,KY,21179,Nelson County,2024-11-02,3,mail,1105,,653,347,,,1,ky-sbe,2026-09-08T00:21:59+00:00
2024,KY,21179,Nelson County,2024-11-03,2,inperson,5320,,2311,2643,,,1,ky-sbe,2026-09-08T00:21:59+00:00
2024,KY,21179,Nelson County,2024-11-03,2,mail,1105,,653,347,,,1,ky-sbe,2026-09-08T00:21:59+00:00
2024,KY,21179,Nelson County,2024-11-05,0,inperson,5320,,2311,2643,,,1,ky-sbe,2026-09-08T00:21:59+00:00
2024,KY,21179,Nelson County,2024-11-05,0,mail,1202,,699,383,,,1,ky-sbe,2026-09-08T00:21:59+00:00
2024,KY,21181,Nicholas County,2024-09-23,43,mail,0,,,,,,1,ky-sbe,2026-09-08T00:21:59+00:00
2024,KY,21181,Nicholas County,2024-09-26,40,mail,0,,,,,,1,ky-sbe,2026-09-08T00:21:59+00:00
2024,KY,21181,Nicholas County,2024-09-30,36,mail,0,,,,,,1,ky-sbe,2026-09-08T00:21:59+00:00
2024,KY,21181,Nicholas County,2024-10-08,28,mail,52,,38,11,,,1,ky-sbe,2026-09-08T00:21:59+00:00
2024,KY,21181,Nicholas County,2024-10-14,22,mail,95,,67,23,,,1,ky-sbe,2026-09-08T00:21:59+00:00
2024,KY,21181,Nicholas County,2024-10-21,15,mail,144,,107,31,,,1,ky-sbe,2026-09-08T00:21:59+00:00
2024,KY,21181,Nicholas County,2024-10-23,13,mail,171,,129,32,,,1,ky-sbe,2026-09-08T00:21:59+00:00
2024,KY,21181,Nicholas County,2024-10-25,11,inperson,12,,4,8,,,1,ky-sbe,2026-09-08T00:21:59+00:00
2024,KY,21181,Nicholas County,2024-10-25,11,mail,181,,137,34,,,1,ky-sbe,2026-09-08T00:21:59+00:00
2024,KY,21181,Nicholas County,2024-10-26,10,inperson,15,,7,8,,,1,ky-sbe,2026-09-08T00:21:59+00:00
2024,KY,21181,Nicholas County,2024-10-26,10,mail,184,,140,34,,,1,ky-sbe,2026-09-08T00:21:59+00:00
2024,KY,21181,Nicholas County,2024-10-29,7,inperson,22,,11,11,,,1,ky-sbe,2026-09-08T00:21:59+00:00
2024,KY,21181,Nicholas County,2024-10-29,7,mail,199,,150,38,,,1,ky-sbe,2026-09-08T00:21:59+00:00
2024,KY,21181,Nicholas County,2024-10-30,6,inperson,23,,11,12,,,1,ky-sbe,2026-09-08T00:21:59+00:00
2024,KY,21181,Nicholas County,2024-10-30,6,mail,213,,157,44,,,1,ky-sbe,2026-09-08T00:21:59+00:00
2024,KY,21181,Nicholas County,2024-10-31,5,inperson,26,,14,12,,,1,ky-sbe,2026-09-08T00:21:59+00:00
2024,KY,21181,Nicholas County,2024-10-31,5,mail,223,,164,47,,,1,ky-sbe,2026-09-08T00:21:59+00:00
2024,KY,21181,Nicholas County,2024-11-01,4,inperson,491,,315,158,,,1,ky-sbe,2026-09-08T00:21:59+00:00
2024,KY,21181,Nicholas County,2024-11-01,4,mail,234,,173,49,,,1,ky-sbe,2026-09-08T00:21:59+00:00
2024,KY,21181,Nicholas County,2024-11-02,3,inperson,878,,573,270,,,1,ky-sbe,2026-09-08T00:21:59+00:00
2024,KY,21181,Nicholas County,2024-11-02,3,mail,240,,177,51,,,1,ky-sbe,2026-09-08T00:21:59+00:00
2024,KY,21181,Nicholas County,2024-11-03,2,inperson,1203,,770,383,,,1,ky-sbe,2026-09-08T00:21:59+00:00
2024,KY,21181,Nicholas County,2024-11-03,2,mail,240,,177,51,,,1,ky-sbe,2026-09-08T00:21:59+00:00
2024,KY,21181,Nicholas County,2024-11-05,0,inperson,1203,,770,383,,,1,ky-sbe,2026-09-08T00:21:59+00:00
2024,KY,21181,Nicholas County,2024-11-05,0,mail,256,,189,53,,,1,ky-sbe,2026-09-08T00:21:59+00:00
2024,KY,21183,Ohio County,2024-09-23,43,mail,0,,,,,,1,ky-sbe,2026-09-08T00:21:59+00:00
2024,KY,21183,Ohio County,2024-09-26,40,mail,0,,,,,,1,ky-sbe,2026-09-08T00:21:59+00:00
2024,KY,21183,Ohio County,2024-09-30,36,mail,0,,,,,,1,ky-sbe,2026-09-08T00:21:59+00:00
2024,KY,21183,Ohio County,2024-10-08,28,mail,45,,20,23,,,1,ky-sbe,2026-09-08T00:21:59+00:00
2024,KY,21183,Ohio County,2024-10-14,22,mail,78,,34,40,,,1,ky-sbe,2026-09-08T00:21:59+00:00
2024,KY,21183,Ohio County,2024-10-21,15,mail,124,,54,61,,,1,ky-sbe,2026-09-08T00:21:59+00:00
2024,KY,21183,Ohio County,2024-10-23,13,mail,200,,82,104,,,1,ky-sbe,2026-09-08T00:21:59+00:00
2024,KY,21183,Ohio County,2024-10-25,11,inperson,57,,22,35,,,1,ky-sbe,2026-09-08T00:21:59+00:00
2024,KY,21183,Ohio County,2024-10-25,11,mail,252,,108,124,,,1,ky-sbe,2026-09-08T00:21:59+00:00
2024,KY,21183,Ohio County,2024-10-26,10,inperson,86,,30,56,,,1,ky-sbe,2026-09-08T00:21:59+00:00
2024,KY,21183,Ohio County,2024-10-26,10,mail,272,,120,129,,,1,ky-sbe,2026-09-08T00:21:59+00:00
2024,KY,21183,Ohio County,2024-10-29,7,inperson,117,,43,73,,,1,ky-sbe,2026-09-08T00:21:59+00:00
2024,KY,21183,Ohio County,2024-10-29,7,mail,306,,131,148,,,1,ky-sbe,2026-09-08T00:21:59+00:00
2024,KY,21183,Ohio County,2024-10-30,6,inperson,147,,59,87,,,1,ky-sbe,2026-09-08T00:21:59+00:00
2024,KY,21183,Ohio County,2024-10-30,6,mail,331,,148,155,,,1,ky-sbe,2026-09-08T00:21:59+00:00
2024,KY,21183,Ohio County,2024-10-31,5,inperson,168,,68,98,,,1,ky-sbe,2026-09-08T00:21:59+00:00
2024,KY,21183,Ohio County,2024-10-31,5,mail,358,,163,165,,,1,ky-sbe,2026-09-08T00:21:59+00:00
2024,KY,21183,Ohio County,2024-11-01,4,inperson,1314,,419,853,,,1,ky-sbe,2026-09-08T00:21:59+00:00
2024,KY,21183,Ohio County,2024-11-01,4,mail,373,,166,175,,,1,ky-sbe,2026-09-08T00:21:59+00:00
2024,KY,21183,Ohio County,2024-11-02,3,inperson,2421,,751,1566,,,1,ky-sbe,2026-09-08T00:21:59+00:00
2024,KY,21183,Ohio County,2024-11-02,3,mail,378,,169,177,,,1,ky-sbe,2026-09-08T00:21:59+00:00
2024,KY,21183,Ohio County,2024-11-03,2,inperson,3127,,928,2058,,,1,ky-sbe,2026-09-08T00:21:59+00:00
2024,KY,21183,Ohio County,2024-11-03,2,mail,388,,174,181,,,1,ky-sbe,2026-09-08T00:21:59+00:00
2024,KY,21183,Ohio County,2024-11-05,0,inperson,3127,,928,2058,,,1,ky-sbe,2026-09-08T00:21:59+00:00
2024,KY,21183,Ohio County,2024-11-05,0,mail,402,,177,190,,,1,ky-sbe,2026-09-08T00:21:59+00:00
2024,KY,21185,Oldham County,2024-09-23,43,mail,0,,,,,,1,ky-sbe,2026-09-08T00:21:59+00:00
2024,KY,21185,Oldham County,2024-09-26,40,mail,0,,,,,,1,ky-sbe,2026-09-08T00:21:59+00:00
2024,KY,21185,Oldham County,2024-09-30,36,mail,0,,,,,,1,ky-sbe,2026-09-08T00:21:59+00:00
2024,KY,21185,Oldham County,2024-10-08,28,mail,259,,92,136,,,1,ky-sbe,2026-09-08T00:21:59+00:00
2024,KY,21185,Oldham County,2024-10-14,22,mail,433,,165,219,,,1,ky-sbe,2026-09-08T00:21:59+00:00
2024,KY,21185,Oldham County,2024-10-21,15,mail,865,,319,439,,,1,ky-sbe,2026-09-08T00:21:59+00:00
2024,KY,21185,Oldham County,2024-10-23,13,mail,1035,,386,512,,,1,ky-sbe,2026-09-08T00:21:59+00:00
2024,KY,21185,Oldham County,2024-10-25,11,inperson,123,,40,76,,,1,ky-sbe,2026-09-08T00:21:59+00:00
2024,KY,21185,Oldham County,2024-10-25,11,mail,1257,,482,615,,,1,ky-sbe,2026-09-08T00:21:59+00:00
2024,KY,21185,Oldham County,2024-10-26,10,inperson,178,,53,112,,,1,ky-sbe,2026-09-08T00:21:59+00:00
2024,KY,21185,Oldham County,2024-10-26,10,mail,1336,,519,645,,,1,ky-sbe,2026-09-08T00:21:59+00:00
2024,KY,21185,Oldham County,2024-10-29,7,inperson,244,,70,158,,,1,ky-sbe,2026-09-08T00:21:59+00:00
2024,KY,21185,Oldham County,2024-10-29,7,mail,1575,,620,743,,,1,ky-sbe,2026-09-08T00:21:59+00:00
2024,KY,21185,Oldham County,2024-10-30,6,inperson,270,,75,174,,,1,ky-sbe,2026-09-08T00:21:59+00:00
2024,KY,21185,Oldham County,2024-10-30,6,mail,1622,,637,762,,,1,ky-sbe,2026-09-08T00:21:59+00:00
2024,KY,21185,Oldham County,2024-10-31,5,inperson,293,,83,185,,,1,ky-sbe,2026-09-08T00:21:59+00:00
2024,KY,21185,Oldham County,2024-10-31,5,mail,1722,,676,810,,,1,ky-sbe,2026-09-08T00:21:59+00:00
2024,KY,21185,Oldham County,2024-11-01,4,inperson,8052,,2516,4875,,,1,ky-sbe,2026-09-08T00:21:59+00:00
2024,KY,21185,Oldham County,2024-11-01,4,mail,1946,,772,914,,,1,ky-sbe,2026-09-08T00:21:59+00:00
2024,KY,21185,Oldham County,2024-11-02,3,inperson,14471,,4564,8667,,,1,ky-sbe,2026-09-08T00:21:59+00:00
2024,KY,21185,Oldham County,2024-11-02,3,mail,2033,,805,955,,,1,ky-sbe,2026-09-08T00:21:59+00:00
2024,KY,21185,Oldham County,2024-11-03,2,inperson,19523,,6184,11524,,,1,ky-sbe,2026-09-08T00:21:59+00:00
2024,KY,21185,Oldham County,2024-11-03,2,mail,2033,,805,955,,,1,ky-sbe,2026-09-08T00:21:59+00:00
2024,KY,21185,Oldham County,2024-11-05,0,inperson,19523,,6184,11524,,,1,ky-sbe,2026-09-08T00:21:59+00:00
2024,KY,21185,Oldham County,2024-11-05,0,mail,2316,,940,1063,,,1,ky-sbe,2026-09-08T00:21:59+00:00
2024,KY,21187,Owen County,2024-09-23,43,mail,0,,,,,,1,ky-sbe,2026-09-08T00:21:59+00:00
2024,KY,21187,Owen County,2024-09-26,40,mail,0,,,,,,1,ky-sbe,2026-09-08T00:21:59+00:00
2024,KY,21187,Owen County,2024-09-30,36,mail,0,,,,,,1,ky-sbe,2026-09-08T00:21:59+00:00
2024,KY,21187,Owen County,2024-10-08,28,mail,36,,17,17,,,1,ky-sbe,2026-09-08T00:21:59+00:00
2024,KY,21187,Owen County,2024-10-14,22,mail,52,,26,23,,,1,ky-sbe,2026-09-08T00:21:59+00:00
2024,KY,21187,Owen County,2024-10-21,15,mail,107,,52,47,,,1,ky-sbe,2026-09-08T00:21:59+00:00
2024,KY,21187,Owen County,2024-10-23,13,mail,133,,71,54,,,1,ky-sbe,2026-09-08T00:21:59+00:00
2024,KY,21187,Owen County,2024-10-25,11,inperson,44,,13,27,,,1,ky-sbe,2026-09-08T00:21:59+00:00
2024,KY,21187,Owen County,2024-10-25,11,mail,152,,80,64,,,1,ky-sbe,2026-09-08T00:21:59+00:00
2024,KY,21187,Owen County,2024-10-26,10,inperson,71,,24,40,,,1,ky-sbe,2026-09-08T00:21:59+00:00
2024,KY,21187,Owen County,2024-10-26,10,mail,157,,83,66,,,1,ky-sbe,2026-09-08T00:21:59+00:00
2024,KY,21187,Owen County,2024-10-29,7,inperson,79,,29,42,,,1,ky-sbe,2026-09-08T00:21:59+00:00
2024,KY,21187,Owen County,2024-10-29,7,mail,165,,86,70,,,1,ky-sbe,2026-09-08T00:21:59+00:00
2024,KY,21187,Owen County,2024-10-30,6,inperson,89,,30,50,,,1,ky-sbe,2026-09-08T00:21:59+00:00
2024,KY,21187,Owen County,2024-10-30,6,mail,168,,88,71,,,1,ky-sbe,2026-09-08T00:21:59+00:00
2024,KY,21187,Owen County,2024-10-31,5,inperson,108,,36,63,,,1,ky-sbe,2026-09-08T00:21:59+00:00
2024,KY,21187,Owen County,2024-10-31,5,mail,172,,89,74,,,1,ky-sbe,2026-09-08T00:21:59+00:00
2024,KY,21187,Owen County,2024-11-01,4,inperson,576,,220,322,,,1,ky-sbe,2026-09-08T00:21:59+00:00
2024,KY,21187,Owen County,2024-11-01,4,mail,182,,89,83,,,1,ky-sbe,2026-09-08T00:21:59+00:00
2024,KY,21187,Owen County,2024-11-02,3,inperson,1049,,391,596,,,1,ky-sbe,2026-09-08T00:21:59+00:00
2024,KY,21187,Owen County,2024-11-02,3,mail,188,,93,84,,,1,ky-sbe,2026-09-08T00:21:59+00:00
2024,KY,21187,Owen County,2024-11-03,2,inperson,1360,,509,782,,,1,ky-sbe,2026-09-08T00:21:59+00:00
2024,KY,21187,Owen County,2024-11-03,2,mail,191,,94,86,,,1,ky-sbe,2026-09-08T00:21:59+00:00
2024,KY,21187,Owen County,2024-11-05,0,inperson,1360,,509,782,,,1,ky-sbe,2026-09-08T00:21:59+00:00
2024,KY,21187,Owen County,2024-11-05,0,mail,200,,99,90,,,1,ky-sbe,2026-09-08T00:21:59+00:00
2024,KY,21189,Owsley County,2024-09-23,43,mail,0,,,,,,1,ky-sbe,2026-09-08T00:21:59+00:00
2024,KY,21189,Owsley County,2024-09-26,40,mail,0,,,,,,1,ky-sbe,2026-09-08T00:21:59+00:00
2024,KY,21189,Owsley County,2024-09-30,36,mail,0,,,,,,1,ky-sbe,2026-09-08T00:21:59+00:00
2024,KY,21189,Owsley County,2024-10-08,28,mail,21,,2,19,,,1,ky-sbe,2026-09-08T00:21:59+00:00
2024,KY,21189,Owsley County,2024-10-14,22,mail,38,,4,32,,,1,ky-sbe,2026-09-08T00:21:59+00:00
2024,KY,21189,Owsley County,2024-10-21,15,mail,71,,14,55,,,1,ky-sbe,2026-09-08T00:21:59+00:00
2024,KY,21189,Owsley County,2024-10-23,13,mail,93,,20,71,,,1,ky-sbe,2026-09-08T00:21:59+00:00
2024,KY,21189,Owsley County,2024-10-25,11,inperson,35,,2,32,,,1,ky-sbe,2026-09-08T00:21:59+00:00
2024,KY,21189,Owsley County,2024-10-25,11,mail,97,,21,74,,,1,ky-sbe,2026-09-08T00:21:59+00:00
2024,KY,21189,Owsley County,2024-10-26,10,inperson,54,,2,50,,,1,ky-sbe,2026-09-08T00:21:59+00:00
2024,KY,21189,Owsley County,2024-10-26,10,mail,101,,23,76,,,1,ky-sbe,2026-09-08T00:21:59+00:00
2024,KY,21189,Owsley County,2024-10-29,7,inperson,69,,4,63,,,1,ky-sbe,2026-09-08T00:21:59+00:00
2024,KY,21189,Owsley County,2024-10-29,7,mail,108,,24,82,,,1,ky-sbe,2026-09-08T00:21:59+00:00
2024,KY,21189,Owsley County,2024-10-30,6,inperson,81,,4,75,,,1,ky-sbe,2026-09-08T00:21:59+00:00
2024,KY,21189,Owsley County,2024-10-30,6,mail,112,,25,85,,,1,ky-sbe,2026-09-08T00:21:59+00:00
2024,KY,21189,Owsley County,2024-10-31,5,inperson,88,,4,82,,,1,ky-sbe,2026-09-08T00:21:59+00:00
2024,KY,21189,Owsley County,2024-10-31,5,mail,112,,25,85,,,1,ky-sbe,2026-09-08T00:21:59+00:00
2024,KY,21189,Owsley County,2024-11-01,4,inperson,262,,39,217,,,1,ky-sbe,2026-09-08T00:21:59+00:00
2024,KY,21189,Owsley County,2024-11-01,4,mail,119,,25,92,,,1,ky-sbe,2026-09-08T00:21:59+00:00
2024,KY,21189,Owsley County,2024-11-02,3,inperson,481,,84,384,,,1,ky-sbe,2026-09-08T00:21:59+00:00
2024,KY,21189,Owsley County,2024-11-02,3,mail,128,,27,96,,,1,ky-sbe,2026-09-08T00:21:59+00:00
2024,KY,21189,Owsley County,2024-11-03,2,inperson,642,,114,512,,,1,ky-sbe,2026-09-08T00:21:59+00:00
2024,KY,21189,Owsley County,2024-11-03,2,mail,128,,27,96,,,1,ky-sbe,2026-09-08T00:21:59+00:00
2024,KY,21189,Owsley County,2024-11-05,0,inperson,642,,114,512,,,1,ky-sbe,2026-09-08T00:21:59+00:00
2024,KY,21189,Owsley County,2024-11-05,0,mail,129,,27,97,,,1,ky-sbe,2026-09-08T00:21:59+00:00
2024,KY,21191,Pendleton County,2024-09-23,43,mail,0,,,,,,1,ky-sbe,2026-09-08T00:21:59+00:00
2024,KY,21191,Pendleton County,2024-09-26,40,mail,0,,,,,,1,ky-sbe,2026-09-08T00:21:59+00:00
2024,KY,21191,Pendleton County,2024-09-30,36,mail,0,,,,,,1,ky-sbe,2026-09-08T00:21:59+00:00
2024,KY,21191,Pendleton County,2024-10-08,28,mail,60,,25,33,,,1,ky-sbe,2026-09-08T00:21:59+00:00
2024,KY,21191,Pendleton County,2024-10-14,22,mail,117,,54,57,,,1,ky-sbe,2026-09-08T00:21:59+00:00
2024,KY,21191,Pendleton County,2024-10-21,15,mail,164,,79,76,,,1,ky-sbe,2026-09-08T00:21:59+00:00
2024,KY,21191,Pendleton County,2024-10-23,13,mail,198,,93,94,,,1,ky-sbe,2026-09-08T00:21:59+00:00
2024,KY,21191,Pendleton County,2024-10-25,11,inperson,87,,26,61,,,1,ky-sbe,2026-09-08T00:21:59+00:00
2024,KY,21191,Pendleton County,2024-10-25,11,mail,227,,108,105,,,1,ky-sbe,2026-09-08T00:21:59+00:00
2024,KY,21191,Pendleton County,2024-10-26,10,inperson,119,,35,83,,,1,ky-sbe,2026-09-08T00:21:59+00:00
2024,KY,21191,Pendleton County,2024-10-26,10,mail,235,,110,110,,,1,ky-sbe,2026-09-08T00:21:59+00:00
2024,KY,21191,Pendleton County,2024-10-29,7,inperson,149,,42,103,,,1,ky-sbe,2026-09-08T00:21:59+00:00
2024,KY,21191,Pendleton County,2024-10-29,7,mail,252,,118,117,,,1,ky-sbe,2026-09-08T00:21:59+00:00
2024,KY,21191,Pendleton County,2024-10-30,6,inperson,175,,54,115,,,1,ky-sbe,2026-09-08T00:21:59+00:00
2024,KY,21191,Pendleton County,2024-10-30,6,mail,255,,119,119,,,1,ky-sbe,2026-09-08T00:21:59+00:00
2024,KY,21191,Pendleton County,2024-10-31,5,inperson,213,,68,138,,,1,ky-sbe,2026-09-08T00:21:59+00:00
2024,KY,21191,Pendleton County,2024-10-31,5,mail,275,,131,126,,,1,ky-sbe,2026-09-08T00:21:59+00:00
2024,KY,21191,Pendleton County,2024-11-01,4,inperson,711,,238,433,,,1,ky-sbe,2026-09-08T00:21:59+00:00
2024,KY,21191,Pendleton County,2024-11-01,4,mail,284,,134,132,,,1,ky-sbe,2026-09-08T00:21:59+00:00
2024,KY,21191,Pendleton County,2024-11-02,3,inperson,1267,,405,783,,,1,ky-sbe,2026-09-08T00:21:59+00:00
2024,KY,21191,Pendleton County,2024-11-02,3,mail,292,,138,134,,,1,ky-sbe,2026-09-08T00:21:59+00:00
2024,KY,21191,Pendleton County,2024-11-03,2,inperson,1750,,538,1105,,,1,ky-sbe,2026-09-08T00:21:59+00:00
2024,KY,21191,Pendleton County,2024-11-03,2,mail,300,,142,137,,,1,ky-sbe,2026-09-08T00:21:59+00:00
2024,KY,21191,Pendleton County,2024-11-05,0,inperson,1750,,538,1105,,,1,ky-sbe,2026-09-08T00:21:59+00:00
2024,KY,21191,Pendleton County,2024-11-05,0,mail,319,,148,150,,,1,ky-sbe,2026-09-08T00:21:59+00:00
2024,KY,21193,Perry County,2024-09-23,43,mail,0,,,,,,1,ky-sbe,2026-09-08T00:21:59+00:00
2024,KY,21193,Perry County,2024-09-26,40,mail,0,,,,,,1,ky-sbe,2026-09-08T00:21:59+00:00
2024,KY,21193,Perry County,2024-09-30,36,mail,0,,,,,,1,ky-sbe,2026-09-08T00:21:59+00:00
2024,KY,21193,Perry County,2024-10-08,28,mail,108,,68,37,,,1,ky-sbe,2026-09-08T00:21:59+00:00
2024,KY,21193,Perry County,2024-10-14,22,mail,165,,106,55,,,1,ky-sbe,2026-09-08T00:21:59+00:00
2024,KY,21193,Perry County,2024-10-21,15,mail,281,,180,93,,,1,ky-sbe,2026-09-08T00:21:59+00:00
2024,KY,21193,Perry County,2024-10-23,13,mail,320,,206,102,,,1,ky-sbe,2026-09-08T00:21:59+00:00
2024,KY,21193,Perry County,2024-10-25,11,inperson,27,,16,11,,,1,ky-sbe,2026-09-08T00:21:59+00:00
2024,KY,21193,Perry County,2024-10-25,11,mail,373,,245,115,,,1,ky-sbe,2026-09-08T00:21:59+00:00
2024,KY,21193,Perry County,2024-10-26,10,inperson,40,,25,15,,,1,ky-sbe,2026-09-08T00:21:59+00:00
2024,KY,21193,Perry County,2024-10-26,10,mail,394,,257,123,,,1,ky-sbe,2026-09-08T00:21:59+00:00
2024,KY,21193,Perry County,2024-10-29,7,inperson,59,,31,27,,,1,ky-sbe,2026-09-08T00:21:59+00:00
2024,KY,21193,Perry County,2024-10-29,7,mail,427,,275,137,,,1,ky-sbe,2026-09-08T00:21:59+00:00
2024,KY,21193,Perry County,2024-10-30,6,inperson,85,,46,36,,,1,ky-sbe,2026-09-08T00:21:59+00:00
2024,KY,21193,Perry County,2024-10-30,6,mail,433,,279,138,,,1,ky-sbe,2026-09-08T00:21:59+00:00
2024,KY,21193,Perry County,2024-10-31,5,inperson,98,,52,43,,,1,ky-sbe,2026-09-08T00:21:59+00:00
2024,KY,21193,Perry County,2024-10-31,5,mail,447,,288,142,,,1,ky-sbe,2026-09-08T00:21:59+00:00
2024,KY,21193,Perry County,2024-11-01,4,inperson,908,,427,453,,,1,ky-sbe,2026-09-08T00:21:59+00:00
2024,KY,21193,Perry County,2024-11-01,4,mail,461,,296,147,,,1,ky-sbe,2026-09-08T00:21:59+00:00
2024,KY,21193,Perry County,2024-11-02,3,inperson,1572,,778,749,,,1,ky-sbe,2026-09-08T00:21:59+00:00
2024,KY,21193,Perry County,2024-11-02,3,mail,479,,309,152,,,1,ky-sbe,2026-09-08T00:21:59+00:00
2024,KY,21193,Perry County,2024-11-03,2,inperson,2148,,1055,1035,,,1,ky-sbe,2026-09-08T00:21:59+00:00
2024,KY,21193,Perry County,2024-11-03,2,mail,499,,318,161,,,1,ky-sbe,2026-09-08T00:21:59+00:00
2024,KY,21193,Perry County,2024-11-05,0,inperson,2148,,1055,1035,,,1,ky-sbe,2026-09-08T00:21:59+00:00
2024,KY,21193,Perry County,2024-11-05,0,mail,515,,326,167,,,1,ky-sbe,2026-09-08T00:21:59+00:00
2024,KY,21195,Pike County,2024-09-23,43,mail,0,,,,,,1,ky-sbe,2026-09-08T00:21:59+00:00
2024,KY,21195,Pike County,2024-09-26,40,mail,0,,,,,,1,ky-sbe,2026-09-08T00:21:59+00:00
2024,KY,21195,Pike County,2024-09-30,36,mail,0,,,,,,1,ky-sbe,2026-09-08T00:21:59+00:00
2024,KY,21195,Pike County,2024-10-08,28,mail,137,,86,44,,,1,ky-sbe,2026-09-08T00:21:59+00:00
2024,KY,21195,Pike County,2024-10-14,22,mail,291,,177,100,,,1,ky-sbe,2026-09-08T00:21:59+00:00
2024,KY,21195,Pike County,2024-10-21,15,mail,481,,289,166,,,1,ky-sbe,2026-09-08T00:21:59+00:00
2024,KY,21195,Pike County,2024-10-23,13,mail,670,,405,230,,,1,ky-sbe,2026-09-08T00:21:59+00:00
2024,KY,21195,Pike County,2024-10-25,11,inperson,123,,57,62,,,1,ky-sbe,2026-09-08T00:21:59+00:00
2024,KY,21195,Pike County,2024-10-25,11,mail,775,,449,282,,,1,ky-sbe,2026-09-08T00:21:59+00:00
2024,KY,21195,Pike County,2024-10-26,10,inperson,185,,77,101,,,1,ky-sbe,2026-09-08T00:21:59+00:00
2024,KY,21195,Pike County,2024-10-26,10,mail,806,,469,291,,,1,ky-sbe,2026-09-08T00:21:59+00:00
2024,KY,21195,Pike County,2024-10-29,7,inperson,270,,102,160,,,1,ky-sbe,2026-09-08T00:21:59+00:00
2024,KY,21195,Pike County,2024-10-29,7,mail,923,,530,345,,,1,ky-sbe,2026-09-08T00:21:59+00:00
2024,KY,21195,Pike County,2024-10-30,6,inperson,347,,133,202,,,1,ky-sbe,2026-09-08T00:21:59+00:00
2024,KY,21195,Pike County,2024-10-30,6,mail,961,,549,364,,,1,ky-sbe,2026-09-08T00:21:59+00:00
2024,KY,21195,Pike County,2024-10-31,5,inperson,423,,166,242,,,1,ky-sbe,2026-09-08T00:21:59+00:00
2024,KY,21195,Pike County,2024-10-31,5,mail,1046,,596,391,,,1,ky-sbe,2026-09-08T00:21:59+00:00
2024,KY,21195,Pike County,2024-11-01,4,inperson,2053,,864,1120,,,1,ky-sbe,2026-09-08T00:21:59+00:00
2024,KY,21195,Pike County,2024-11-01,4,mail,1087,,615,411,,,1,ky-sbe,2026-09-08T00:21:59+00:00
2024,KY,21195,Pike County,2024-11-02,3,inperson,3633,,1549,1935,,,1,ky-sbe,2026-09-08T00:21:59+00:00
2024,KY,21195,Pike County,2024-11-02,3,mail,1122,,634,421,,,1,ky-sbe,2026-09-08T00:21:59+00:00
2024,KY,21195,Pike County,2024-11-03,2,inperson,5368,,2306,2840,,,1,ky-sbe,2026-09-08T00:21:59+00:00
2024,KY,21195,Pike County,2024-11-03,2,mail,1148,,643,434,,,1,ky-sbe,2026-09-08T00:21:59+00:00
2024,KY,21195,Pike County,2024-11-05,0,inperson,5368,,2306,2840,,,1,ky-sbe,2026-09-08T00:21:59+00:00
2024,KY,21195,Pike County,2024-11-05,0,mail,1180,,670,438,,,1,ky-sbe,2026-09-08T00:21:59+00:00
2024,KY,21197,Powell County,2024-09-23,43,mail,0,,,,,,1,ky-sbe,2026-09-08T00:21:59+00:00
2024,KY,21197,Powell County,2024-09-26,40,mail,0,,,,,,1,ky-sbe,2026-09-08T00:21:59+00:00
2024,KY,21197,Powell County,2024-09-30,36,mail,0,,,,,,1,ky-sbe,2026-09-08T00:21:59+00:00
2024,KY,21197,Powell County,2024-10-08,28,mail,71,,37,32,,,1,ky-sbe,2026-09-08T00:21:59+00:00
2024,KY,21197,Powell County,2024-10-14,22,mail,133,,77,53,,,1,ky-sbe,2026-09-08T00:21:59+00:00
2024,KY,21197,Powell County,2024-10-21,15,mail,218,,123,91,,,1,ky-sbe,2026-09-08T00:21:59+00:00
2024,KY,21197,Powell County,2024-10-23,13,mail,280,,156,117,,,1,ky-sbe,2026-09-08T00:21:59+00:00
2024,KY,21197,Powell County,2024-10-25,11,inperson,1,,1,0,,,1,ky-sbe,2026-09-08T00:21:59+00:00
2024,KY,21197,Powell County,2024-10-25,11,mail,301,,170,124,,,1,ky-sbe,2026-09-08T00:21:59+00:00
2024,KY,21197,Powell County,2024-10-26,10,inperson,4,,1,3,,,1,ky-sbe,2026-09-08T00:21:59+00:00
2024,KY,21197,Powell County,2024-10-26,10,mail,335,,187,140,,,1,ky-sbe,2026-09-08T00:21:59+00:00
2024,KY,21197,Powell County,2024-10-29,7,inperson,15,,4,11,,,1,ky-sbe,2026-09-08T00:21:59+00:00
2024,KY,21197,Powell County,2024-10-29,7,mail,360,,205,147,,,1,ky-sbe,2026-09-08T00:21:59+00:00
2024,KY,21197,Powell County,2024-10-30,6,inperson,18,,5,13,,,1,ky-sbe,2026-09-08T00:21:59+00:00
2024,KY,21197,Powell County,2024-10-30,6,mail,380,,217,154,,,1,ky-sbe,2026-09-08T00:21:59+00:00
2024,KY,21197,Powell County,2024-10-31,5,inperson,21,,8,13,,,1,ky-sbe,2026-09-08T00:21:59+00:00
2024,KY,21197,Powell County,2024-10-31,5,mail,396,,230,157,,,1,ky-sbe,2026-09-08T00:21:59+00:00
2024,KY,21197,Powell County,2024-11-01,4,inperson,864,,370,451,,,1,ky-sbe,2026-09-08T00:21:59+00:00
2024,KY,21197,Powell County,2024-11-01,4,mail,403,,234,160,,,1,ky-sbe,2026-09-08T00:21:59+00:00
2024,KY,21197,Powell County,2024-11-02,3,inperson,1680,,736,872,,,1,ky-sbe,2026-09-08T00:21:59+00:00
2024,KY,21197,Powell County,2024-11-02,3,mail,424,,245,167,,,1,ky-sbe,2026-09-08T00:21:59+00:00
2024,KY,21197,Powell County,2024-11-03,2,inperson,2280,,977,1196,,,1,ky-sbe,2026-09-08T00:21:59+00:00
2024,KY,21197,Powell County,2024-11-03,2,mail,429,,249,168,,,1,ky-sbe,2026-09-08T00:21:59+00:00
2024,KY,21197,Powell County,2024-11-05,0,inperson,2280,,977,1196,,,1,ky-sbe,2026-09-08T00:21:59+00:00
2024,KY,21197,Powell County,2024-11-05,0,mail,432,,250,169,,,1,ky-sbe,2026-09-08T00:21:59+00:00
2024,KY,21199,Pulaski County,2024-09-23,43,mail,0,,,,,,1,ky-sbe,2026-09-08T00:21:59+00:00
2024,KY,21199,Pulaski County,2024-09-26,40,mail,0,,,,,,1,ky-sbe,2026-09-08T00:21:59+00:00
2024,KY,21199,Pulaski County,2024-09-30,36,mail,0,,,,,,1,ky-sbe,2026-09-08T00:21:59+00:00
2024,KY,21199,Pulaski County,2024-10-08,28,mail,147,,41,91,,,1,ky-sbe,2026-09-08T00:21:59+00:00
2024,KY,21199,Pulaski County,2024-10-14,22,mail,409,,121,260,,,1,ky-sbe,2026-09-08T00:21:59+00:00
2024,KY,21199,Pulaski County,2024-10-21,15,mail,693,,206,439,,,1,ky-sbe,2026-09-08T00:21:59+00:00
2024,KY,21199,Pulaski County,2024-10-23,13,mail,902,,253,578,,,1,ky-sbe,2026-09-08T00:21:59+00:00
2024,KY,21199,Pulaski County,2024-10-25,11,inperson,127,,13,104,,,1,ky-sbe,2026-09-08T00:21:59+00:00
2024,KY,21199,Pulaski County,2024-10-25,11,mail,973,,281,615,,,1,ky-sbe,2026-09-08T00:21:59+00:00
2024,KY,21199,Pulaski County,2024-10-26,10,inperson,158,,15,131,,,1,ky-sbe,2026-09-08T00:21:59+00:00
2024,KY,21199,Pulaski County,2024-10-26,10,mail,1115,,312,721,,,1,ky-sbe,2026-09-08T00:21:59+00:00
2024,KY,21199,Pulaski County,2024-10-29,7,inperson,187,,19,154,,,1,ky-sbe,2026-09-08T00:21:59+00:00
2024,KY,21199,Pulaski County,2024-10-29,7,mail,1206,,331,782,,,1,ky-sbe,2026-09-08T00:21:59+00:00
2024,KY,21199,Pulaski County,2024-10-30,6,inperson,200,,19,167,,,1,ky-sbe,2026-09-08T00:21:59+00:00
2024,KY,21199,Pulaski County,2024-10-30,6,mail,1263,,346,822,,,1,ky-sbe,2026-09-08T00:21:59+00:00
2024,KY,21199,Pulaski County,2024-10-31,5,inperson,299,,29,248,,,1,ky-sbe,2026-09-08T00:21:59+00:00
2024,KY,21199,Pulaski County,2024-10-31,5,mail,1301,,361,844,,,1,ky-sbe,2026-09-08T00:21:59+00:00
2024,KY,21199,Pulaski County,2024-11-01,4,inperson,7015,,1079,5599,,,1,ky-sbe,2026-09-08T00:21:59+00:00
2024,KY,21199,Pulaski County,2024-11-01,4,mail,1318,,365,855,,,1,ky-sbe,2026-09-08T00:21:59+00:00
2024,KY,21199,Pulaski County,2024-11-02,3,inperson,12401,,1858,9951,,,1,ky-sbe,2026-09-08T00:21:59+00:00
2024,KY,21199,Pulaski County,2024-11-02,3,mail,1359,,382,877,,,1,ky-sbe,2026-09-08T00:21:59+00:00
2024,KY,21199,Pulaski County,2024-11-03,2,inperson,16610,,2373,13407,,,1,ky-sbe,2026-09-08T00:21:59+00:00
2024,KY,21199,Pulaski County,2024-11-03,2,mail,1360,,382,878,,,1,ky-sbe,2026-09-08T00:21:59+00:00
2024,KY,21199,Pulaski County,2024-11-05,0,inperson,16610,,2372,13407,,,1,ky-sbe,2026-09-08T00:21:59+00:00
2024,KY,21199,Pulaski County,2024-11-05,0,mail,1599,,450,1027,,,1,ky-sbe,2026-09-08T00:21:59+00:00
2024,KY,21201,Robertson County,2024-09-23,43,mail,0,,,,,,1,ky-sbe,2026-09-08T00:21:59+00:00
2024,KY,21201,Robertson County,2024-09-26,40,mail,0,,,,,,1,ky-sbe,2026-09-08T00:21:59+00:00
2024,KY,21201,Robertson County,2024-09-30,36,mail,0,,,,,,1,ky-sbe,2026-09-08T00:21:59+00:00
2024,KY,21201,Robertson County,2024-10-08,28,mail,11,,8,3,,,1,ky-sbe,2026-09-08T00:21:59+00:00
2024,KY,21201,Robertson County,2024-10-14,22,mail,19,,14,5,,,1,ky-sbe,2026-09-08T00:21:59+00:00
2024,KY,21201,Robertson County,2024-10-21,15,mail,27,,19,8,,,1,ky-sbe,2026-09-08T00:21:59+00:00
2024,KY,21201,Robertson County,2024-10-23,13,mail,36,,27,9,,,1,ky-sbe,2026-09-08T00:21:59+00:00
2024,KY,21201,Robertson County,2024-10-25,11,inperson,1,,1,0,,,1,ky-sbe,2026-09-08T00:21:59+00:00
2024,KY,21201,Robertson County,2024-10-25,11,mail,40,,30,10,,,1,ky-sbe,2026-09-08T00:21:59+00:00
2024,KY,21201,Robertson County,2024-10-26,10,inperson,2,,2,0,,,1,ky-sbe,2026-09-08T00:21:59+00:00
2024,KY,21201,Robertson County,2024-10-26,10,mail,41,,31,10,,,1,ky-sbe,2026-09-08T00:21:59+00:00
2024,KY,21201,Robertson County,2024-10-29,7,inperson,4,,3,1,,,1,ky-sbe,2026-09-08T00:21:59+00:00
2024,KY,21201,Robertson County,2024-10-29,7,mail,44,,34,10,,,1,ky-sbe,2026-09-08T00:21:59+00:00
2024,KY,21201,Robertson County,2024-10-30,6,inperson,4,,3,1,,,1,ky-sbe,2026-09-08T00:21:59+00:00
2024,KY,21201,Robertson County,2024-10-30,6,mail,47,,36,11,,,1,ky-sbe,2026-09-08T00:21:59+00:00
2024,KY,21201,Robertson County,2024-10-31,5,inperson,8,,5,3,,,1,ky-sbe,2026-09-08T00:21:59+00:00
2024,KY,21201,Robertson County,2024-10-31,5,mail,56,,41,15,,,1,ky-sbe,2026-09-08T00:21:59+00:00
2024,KY,21201,Robertson County,2024-11-01,4,inperson,109,,64,42,,,1,ky-sbe,2026-09-08T00:21:59+00:00
2024,KY,21201,Robertson County,2024-11-01,4,mail,59,,42,17,,,1,ky-sbe,2026-09-08T00:21:59+00:00
2024,KY,21201,Robertson County,2024-11-02,3,inperson,200,,113,79,,,1,ky-sbe,2026-09-08T00:21:59+00:00
2024,KY,21201,Robertson County,2024-11-02,3,mail,66,,47,19,,,1,ky-sbe,2026-09-08T00:21:59+00:00
2024,KY,21201,Robertson County,2024-11-03,2,inperson,275,,153,113,,,1,ky-sbe,2026-09-08T00:21:59+00:00
2024,KY,21201,Robertson County,2024-11-03,2,mail,67,,48,19,,,1,ky-sbe,2026-09-08T00:21:59+00:00
2024,KY,21201,Robertson County,2024-11-05,0,inperson,275,,153,113,,,1,ky-sbe,2026-09-08T00:21:59+00:00
2024,KY,21201,Robertson County,2024-11-05,0,mail,72,,52,20,,,1,ky-sbe,2026-09-08T00:21:59+00:00
2024,KY,21203,Rockcastle County,2024-09-23,43,mail,0,,,,,,1,ky-sbe,2026-09-08T00:21:59+00:00
2024,KY,21203,Rockcastle County,2024-09-26,40,mail,0,,,,,,1,ky-sbe,2026-09-08T00:21:59+00:00
2024,KY,21203,Rockcastle County,2024-09-30,36,mail,0,,,,,,1,ky-sbe,2026-09-08T00:21:59+00:00
2024,KY,21203,Rockcastle County,2024-10-08,28,mail,55,,11,44,,,1,ky-sbe,2026-09-08T00:21:59+00:00
2024,KY,21203,Rockcastle County,2024-10-14,22,mail,102,,16,83,,,1,ky-sbe,2026-09-08T00:21:59+00:00
2024,KY,21203,Rockcastle County,2024-10-21,15,mail,162,,27,130,,,1,ky-sbe,2026-09-08T00:21:59+00:00
2024,KY,21203,Rockcastle County,2024-10-23,13,mail,213,,36,170,,,1,ky-sbe,2026-09-08T00:21:59+00:00
2024,KY,21203,Rockcastle County,2024-10-25,11,inperson,35,,2,32,,,1,ky-sbe,2026-09-08T00:21:59+00:00
2024,KY,21203,Rockcastle County,2024-10-25,11,mail,241,,42,190,,,1,ky-sbe,2026-09-08T00:21:59+00:00
2024,KY,21203,Rockcastle County,2024-10-26,10,inperson,54,,4,48,,,1,ky-sbe,2026-09-08T00:21:59+00:00
2024,KY,21203,Rockcastle County,2024-10-26,10,mail,270,,45,214,,,1,ky-sbe,2026-09-08T00:21:59+00:00
2024,KY,21203,Rockcastle County,2024-10-29,7,inperson,70,,6,60,,,1,ky-sbe,2026-09-08T00:21:59+00:00
2024,KY,21203,Rockcastle County,2024-10-29,7,mail,292,,49,232,,,1,ky-sbe,2026-09-08T00:21:59+00:00
2024,KY,21203,Rockcastle County,2024-10-30,6,inperson,83,,9,70,,,1,ky-sbe,2026-09-08T00:21:59+00:00
2024,KY,21203,Rockcastle County,2024-10-30,6,mail,309,,52,246,,,1,ky-sbe,2026-09-08T00:21:59+00:00
2024,KY,21203,Rockcastle County,2024-10-31,5,inperson,94,,9,80,,,1,ky-sbe,2026-09-08T00:21:59+00:00
2024,KY,21203,Rockcastle County,2024-10-31,5,mail,325,,57,255,,,1,ky-sbe,2026-09-08T00:21:59+00:00
2024,KY,21203,Rockcastle County,2024-11-01,4,inperson,996,,112,832,,,1,ky-sbe,2026-09-08T00:21:59+00:00
2024,KY,21203,Rockcastle County,2024-11-01,4,mail,333,,60,259,,,1,ky-sbe,2026-09-08T00:21:59+00:00
2024,KY,21203,Rockcastle County,2024-11-02,3,inperson,1734,,176,1472,,,1,ky-sbe,2026-09-08T00:21:59+00:00
2024,KY,21203,Rockcastle County,2024-11-02,3,mail,345,,62,267,,,1,ky-sbe,2026-09-08T00:21:59+00:00
2024,KY,21203,Rockcastle County,2024-11-03,2,inperson,2592,,277,2188,,,1,ky-sbe,2026-09-08T00:21:59+00:00
2024,KY,21203,Rockcastle County,2024-11-03,2,mail,348,,62,269,,,1,ky-sbe,2026-09-08T00:21:59+00:00
2024,KY,21203,Rockcastle County,2024-11-05,0,inperson,2592,,277,2188,,,1,ky-sbe,2026-09-08T00:21:59+00:00
2024,KY,21203,Rockcastle County,2024-11-05,0,mail,386,,74,292,,,1,ky-sbe,2026-09-08T00:21:59+00:00
2024,KY,21205,Rowan County,2024-09-23,43,mail,0,,,,,,1,ky-sbe,2026-09-08T00:21:59+00:00
2024,KY,21205,Rowan County,2024-09-26,40,mail,0,,,,,,1,ky-sbe,2026-09-08T00:21:59+00:00
2024,KY,21205,Rowan County,2024-09-30,36,mail,0,,,,,,1,ky-sbe,2026-09-08T00:21:59+00:00
2024,KY,21205,Rowan County,2024-10-08,28,mail,82,,49,32,,,1,ky-sbe,2026-09-08T00:21:59+00:00
2024,KY,21205,Rowan County,2024-10-14,22,mail,153,,90,56,,,1,ky-sbe,2026-09-08T00:21:59+00:00
2024,KY,21205,Rowan County,2024-10-21,15,mail,260,,159,91,,,1,ky-sbe,2026-09-08T00:21:59+00:00
2024,KY,21205,Rowan County,2024-10-23,13,mail,331,,205,111,,,1,ky-sbe,2026-09-08T00:21:59+00:00
2024,KY,21205,Rowan County,2024-10-25,11,inperson,46,,19,23,,,1,ky-sbe,2026-09-08T00:21:59+00:00
2024,KY,21205,Rowan County,2024-10-25,11,mail,380,,227,133,,,1,ky-sbe,2026-09-08T00:21:59+00:00
2024,KY,21205,Rowan County,2024-10-26,10,inperson,69,,22,42,,,1,ky-sbe,2026-09-08T00:21:59+00:00
2024,KY,21205,Rowan County,2024-10-26,10,mail,380,,227,133,,,1,ky-sbe,2026-09-08T00:21:59+00:00
2024,KY,21205,Rowan County,2024-10-29,7,inperson,88,,28,54,,,1,ky-sbe,2026-09-08T00:21:59+00:00
2024,KY,21205,Rowan County,2024-10-29,7,mail,380,,227,133,,,1,ky-sbe,2026-09-08T00:21:59+00:00
2024,KY,21205,Rowan County,2024-10-30,6,inperson,99,,35,57,,,1,ky-sbe,2026-09-08T00:21:59+00:00
2024,KY,21205,Rowan County,2024-10-30,6,mail,484,,280,175,,,1,ky-sbe,2026-09-08T00:21:59+00:00
2024,KY,21205,Rowan County,2024-10-31,5,inperson,108,,39,62,,,1,ky-sbe,2026-09-08T00:21:59+00:00
2024,KY,21205,Rowan County,2024-10-31,5,mail,492,,284,179,,,1,ky-sbe,2026-09-08T00:21:59+00:00
2024,KY,21205,Rowan County,2024-11-01,4,inperson,1311,,638,587,,,1,ky-sbe,2026-09-08T00:21:59+00:00
2024,KY,21205,Rowan County,2024-11-01,4,mail,493,,284,180,,,1,ky-sbe,2026-09-08T00:21:59+00:00
2024,KY,21205,Rowan County,2024-11-02,3,inperson,2437,,1215,1063,,,1,ky-sbe,2026-09-08T00:21:59+00:00
2024,KY,21205,Rowan County,2024-11-02,3,mail,536,,317,189,,,1,ky-sbe,2026-09-08T00:21:59+00:00
2024,KY,21205,Rowan County,2024-11-03,2,inperson,3334,,1663,1448,,,1,ky-sbe,2026-09-08T00:21:59+00:00
2024,KY,21205,Rowan County,2024-11-03,2,mail,537,,318,189,,,1,ky-sbe,2026-09-08T00:21:59+00:00
2024,KY,21205,Rowan County,2024-11-05,0,inperson,3334,,1663,1448,,,1,ky-sbe,2026-09-08T00:21:59+00:00
2024,KY,21205,Rowan County,2024-11-05,0,mail,537,,318,189,,,1,ky-sbe,2026-09-08T00:21:59+00:00
2024,KY,21207,Russell County,2024-09-23,43,mail,0,,,,,,1,ky-sbe,2026-09-08T00:21:59+00:00
2024,KY,21207,Russell County,2024-09-26,40,mail,0,,,,,,1,ky-sbe,2026-09-08T00:21:59+00:00
2024,KY,21207,Russell County,2024-09-30,36,mail,0,,,,,,1,ky-sbe,2026-09-08T00:21:59+00:00
2024,KY,21207,Russell County,2024-10-08,28,mail,71,,20,48,,,1,ky-sbe,2026-09-08T00:21:59+00:00
2024,KY,21207,Russell County,2024-10-14,22,mail,150,,41,98,,,1,ky-sbe,2026-09-08T00:21:59+00:00
2024,KY,21207,Russell County,2024-10-21,15,mail,268,,69,182,,,1,ky-sbe,2026-09-08T00:21:59+00:00
2024,KY,21207,Russell County,2024-10-23,13,mail,290,,72,199,,,1,ky-sbe,2026-09-08T00:21:59+00:00
2024,KY,21207,Russell County,2024-10-25,11,inperson,56,,7,48,,,1,ky-sbe,2026-09-08T00:21:59+00:00
2024,KY,21207,Russell County,2024-10-25,11,mail,364,,91,253,,,1,ky-sbe,2026-09-08T00:21:59+00:00
2024,KY,21207,Russell County,2024-10-26,10,inperson,99,,12,86,,,1,ky-sbe,2026-09-08T00:21:59+00:00
2024,KY,21207,Russell County,2024-10-26,10,mail,364,,91,253,,,1,ky-sbe,2026-09-08T00:21:59+00:00
2024,KY,21207,Russell County,2024-10-29,7,inperson,122,,17,104,,,1,ky-sbe,2026-09-08T00:21:59+00:00
2024,KY,21207,Russell County,2024-10-29,7,mail,365,,91,253,,,1,ky-sbe,2026-09-08T00:21:59+00:00
2024,KY,21207,Russell County,2024-10-30,6,inperson,154,,21,132,,,1,ky-sbe,2026-09-08T00:21:59+00:00
2024,KY,21207,Russell County,2024-10-30,6,mail,450,,101,321,,,1,ky-sbe,2026-09-08T00:21:59+00:00
2024,KY,21207,Russell County,2024-10-31,5,inperson,181,,23,155,,,1,ky-sbe,2026-09-08T00:21:59+00:00
2024,KY,21207,Russell County,2024-10-31,5,mail,450,,101,321,,,1,ky-sbe,2026-09-08T00:21:59+00:00
2024,KY,21207,Russell County,2024-11-01,4,inperson,1146,,144,965,,,1,ky-sbe,2026-09-08T00:21:59+00:00
2024,KY,21207,Russell County,2024-11-01,4,mail,450,,101,321,,,1,ky-sbe,2026-09-08T00:21:59+00:00
2024,KY,21207,Russell County,2024-11-02,3,inperson,2165,,285,1794,,,1,ky-sbe,2026-09-08T00:21:59+00:00
2024,KY,21207,Russell County,2024-11-02,3,mail,450,,101,321,,,1,ky-sbe,2026-09-08T00:21:59+00:00
2024,KY,21207,Russell County,2024-11-03,2,inperson,2814,,357,2344,,,1,ky-sbe,2026-09-08T00:21:59+00:00
2024,KY,21207,Russell County,2024-11-03,2,mail,450,,101,321,,,1,ky-sbe,2026-09-08T00:21:59+00:00
2024,KY,21207,Russell County,2024-11-05,0,inperson,2814,,357,2344,,,1,ky-sbe,2026-09-08T00:21:59+00:00
2024,KY,21207,Russell County,2024-11-05,0,mail,528,,122,375,,,1,ky-sbe,2026-09-08T00:21:59+00:00
2024,KY,21209,Scott County,2024-09-23,43,mail,0,,,,,,1,ky-sbe,2026-09-08T00:21:59+00:00
2024,KY,21209,Scott County,2024-09-26,40,mail,0,,,,,,1,ky-sbe,2026-09-08T00:21:59+00:00
2024,KY,21209,Scott County,2024-09-30,36,mail,0,,,,,,1,ky-sbe,2026-09-08T00:21:59+00:00
2024,KY,21209,Scott County,2024-10-08,28,mail,253,,143,83,,,1,ky-sbe,2026-09-08T00:21:59+00:00
2024,KY,21209,Scott County,2024-10-14,22,mail,440,,241,154,,,1,ky-sbe,2026-09-08T00:21:59+00:00
2024,KY,21209,Scott County,2024-10-21,15,mail,696,,354,269,,,1,ky-sbe,2026-09-08T00:21:59+00:00
2024,KY,21209,Scott County,2024-10-23,13,mail,834,,411,332,,,1,ky-sbe,2026-09-08T00:21:59+00:00
2024,KY,21209,Scott County,2024-10-25,11,inperson,105,,34,60,,,1,ky-sbe,2026-09-08T00:21:59+00:00
2024,KY,21209,Scott County,2024-10-25,11,mail,973,,470,394,,,1,ky-sbe,2026-09-08T00:21:59+00:00
2024,KY,21209,Scott County,2024-10-26,10,inperson,148,,48,81,,,1,ky-sbe,2026-09-08T00:21:59+00:00
2024,KY,21209,Scott County,2024-10-26,10,mail,1032,,498,417,,,1,ky-sbe,2026-09-08T00:21:59+00:00
2024,KY,21209,Scott County,2024-10-29,7,inperson,180,,54,103,,,1,ky-sbe,2026-09-08T00:21:59+00:00
2024,KY,21209,Scott County,2024-10-29,7,mail,1118,,538,455,,,1,ky-sbe,2026-09-08T00:21:59+00:00
2024,KY,21209,Scott County,2024-10-30,6,inperson,199,,54,120,,,1,ky-sbe,2026-09-08T00:21:59+00:00
2024,KY,21209,Scott County,2024-10-30,6,mail,1159,,555,473,,,1,ky-sbe,2026-09-08T00:21:59+00:00
2024,KY,21209,Scott County,2024-10-31,5,inperson,231,,66,137,,,1,ky-sbe,2026-09-08T00:21:59+00:00
2024,KY,21209,Scott County,2024-10-31,5,mail,1224,,591,494,,,1,ky-sbe,2026-09-08T00:21:59+00:00
2024,KY,21209,Scott County,2024-11-01,4,inperson,3881,,1489,2104,,,1,ky-sbe,2026-09-08T00:21:59+00:00
2024,KY,21209,Scott County,2024-11-01,4,mail,1290,,627,522,,,1,ky-sbe,2026-09-08T00:21:59+00:00
2024,KY,21209,Scott County,2024-11-02,3,inperson,7898,,3056,4206,,,1,ky-sbe,2026-09-08T00:21:59+00:00
2024,KY,21209,Scott County,2024-11-02,3,mail,1329,,649,534,,,1,ky-sbe,2026-09-08T00:21:59+00:00
2024,KY,21209,Scott County,2024-11-03,2,inperson,11843,,4609,6256,,,1,ky-sbe,2026-09-08T00:21:59+00:00
2024,KY,21209,Scott County,2024-11-03,2,mail,1329,,649,534,,,1,ky-sbe,2026-09-08T00:21:59+00:00
2024,KY,21209,Scott County,2024-11-05,0,inperson,11843,,4609,6256,,,1,ky-sbe,2026-09-08T00:21:59+00:00
2024,KY,21209,Scott County,2024-11-05,0,mail,1446,,692,586,,,1,ky-sbe,2026-09-08T00:21:59+00:00
2024,KY,21211,Shelby County,2024-09-23,43,mail,0,,,,,,1,ky-sbe,2026-09-08T00:21:59+00:00
2024,KY,21211,Shelby County,2024-09-26,40,mail,0,,,,,,1,ky-sbe,2026-09-08T00:21:59+00:00
2024,KY,21211,Shelby County,2024-09-30,36,mail,0,,,,,,1,ky-sbe,2026-09-08T00:21:59+00:00
2024,KY,21211,Shelby County,2024-10-08,28,mail,3,,0,0,,,1,ky-sbe,2026-09-08T00:21:59+00:00
2024,KY,21211,Shelby County,2024-10-14,22,mail,7,,2,0,,,1,ky-sbe,2026-09-08T00:21:59+00:00
2024,KY,21211,Shelby County,2024-10-21,15,mail,313,,149,134,,,1,ky-sbe,2026-09-08T00:21:59+00:00
2024,KY,21211,Shelby County,2024-10-23,13,mail,458,,215,198,,,1,ky-sbe,2026-09-08T00:21:59+00:00
2024,KY,21211,Shelby County,2024-10-25,11,inperson,171,,64,100,,,1,ky-sbe,2026-09-08T00:21:59+00:00
2024,KY,21211,Shelby County,2024-10-25,11,mail,583,,272,250,,,1,ky-sbe,2026-09-08T00:21:59+00:00
2024,KY,21211,Shelby County,2024-10-26,10,inperson,244,,92,138,,,1,ky-sbe,2026-09-08T00:21:59+00:00
2024,KY,21211,Shelby County,2024-10-26,10,mail,610,,288,261,,,1,ky-sbe,2026-09-08T00:21:59+00:00
2024,KY,21211,Shelby County,2024-10-29,7,inperson,321,,109,191,,,1,ky-sbe,2026-09-08T00:21:59+00:00
2024,KY,21211,Shelby County,2024-10-29,7,mail,747,,341,327,,,1,ky-sbe,2026-09-08T00:21:59+00:00
2024,KY,21211,Shelby County,2024-10-30,6,inperson,381,,129,226,,,1,ky-sbe,2026-09-08T00:21:59+00:00
2024,KY,21211,Shelby County,2024-10-30,6,mail,820,,374,357,,,1,ky-sbe,2026-09-08T00:21:59+00:00
2024,KY,21211,Shelby County,2024-10-31,5,inperson,430,,149,250,,,1,ky-sbe,2026-09-08T00:21:59+00:00
2024,KY,21211,Shelby County,2024-10-31,5,mail,850,,389,365,,,1,ky-sbe,2026-09-08T00:21:59+00:00
2024,KY,21211,Shelby County,2024-11-01,4,inperson,1957,,649,1179,,,1,ky-sbe,2026-09-08T00:21:59+00:00
2024,KY,21211,Shelby County,2024-11-01,4,mail,850,,389,365,,,1,ky-sbe,2026-09-08T00:21:59+00:00
2024,KY,21211,Shelby County,2024-11-02,3,inperson,3792,,1295,2247,,,1,ky-sbe,2026-09-08T00:21:59+00:00
2024,KY,21211,Shelby County,2024-11-02,3,mail,949,,437,408,,,1,ky-sbe,2026-09-08T00:21:59+00:00
2024,KY,21211,Shelby County,2024-11-03,2,inperson,5491,,1941,3160,,,1,ky-sbe,2026-09-08T00:21:59+00:00
2024,KY,21211,Shelby County,2024-11-03,2,mail,1022,,461,439,,,1,ky-sbe,2026-09-08T00:21:59+00:00
2024,KY,21211,Shelby County,2024-11-05,0,inperson,5491,,1941,3160,,,1,ky-sbe,2026-09-08T00:21:59+00:00
2024,KY,21211,Shelby County,2024-11-05,0,mail,1140,,506,478,,,1,ky-sbe,2026-09-08T00:21:59+00:00
2024,KY,21213,Simpson County,2024-09-23,43,mail,0,,,,,,1,ky-sbe,2026-09-08T00:21:59+00:00
2024,KY,21213,Simpson County,2024-09-26,40,mail,0,,,,,,1,ky-sbe,2026-09-08T00:21:59+00:00
2024,KY,21213,Simpson County,2024-09-30,36,mail,0,,,,,,1,ky-sbe,2026-09-08T00:21:59+00:00
2024,KY,21213,Simpson County,2024-10-08,28,mail,75,,45,23,,,1,ky-sbe,2026-09-08T00:21:59+00:00
2024,KY,21213,Simpson County,2024-10-14,22,mail,124,,76,39,,,1,ky-sbe,2026-09-08T00:21:59+00:00
2024,KY,21213,Simpson County,2024-10-21,15,mail,183,,104,63,,,1,ky-sbe,2026-09-08T00:21:59+00:00
2024,KY,21213,Simpson County,2024-10-23,13,mail,220,,128,74,,,1,ky-sbe,2026-09-08T00:21:59+00:00
2024,KY,21213,Simpson County,2024-10-25,11,inperson,24,,8,14,,,1,ky-sbe,2026-09-08T00:21:59+00:00
2024,KY,21213,Simpson County,2024-10-25,11,mail,252,,139,91,,,1,ky-sbe,2026-09-08T00:21:59+00:00
2024,KY,21213,Simpson County,2024-10-26,10,inperson,26,,9,15,,,1,ky-sbe,2026-09-08T00:21:59+00:00
2024,KY,21213,Simpson County,2024-10-26,10,mail,276,,152,97,,,1,ky-sbe,2026-09-08T00:21:59+00:00
2024,KY,21213,Simpson County,2024-10-29,7,inperson,40,,10,28,,,1,ky-sbe,2026-09-08T00:21:59+00:00
2024,KY,21213,Simpson County,2024-10-29,7,mail,295,,161,107,,,1,ky-sbe,2026-09-08T00:21:59+00:00
2024,KY,21213,Simpson County,2024-10-30,6,inperson,47,,13,32,,,1,ky-sbe,2026-09-08T00:21:59+00:00
2024,KY,21213,Simpson County,2024-10-30,6,mail,310,,168,113,,,1,ky-sbe,2026-09-08T00:21:59+00:00
2024,KY,21213,Simpson County,2024-10-31,5,inperson,54,,15,37,,,1,ky-sbe,2026-09-08T00:21:59+00:00
2024,KY,21213,Simpson County,2024-10-31,5,mail,323,,177,117,,,1,ky-sbe,2026-09-08T00:21:59+00:00
2024,KY,21213,Simpson County,2024-11-01,4,inperson,1252,,468,691,,,1,ky-sbe,2026-09-08T00:21:59+00:00
2024,KY,21213,Simpson County,2024-11-01,4,mail,335,,183,121,,,1,ky-sbe,2026-09-08T00:21:59+00:00
2024,KY,21213,Simpson County,2024-11-02,3,inperson,2465,,886,1402,,,1,ky-sbe,2026-09-08T00:21:59+00:00
2024,KY,21213,Simpson County,2024-11-02,3,mail,342,,187,124,,,1,ky-sbe,2026-09-08T00:21:59+00:00
2024,KY,21213,Simpson County,2024-11-03,2,inperson,3716,,1370,2085,,,1,ky-sbe,2026-09-08T00:21:59+00:00
2024,KY,21213,Simpson County,2024-11-03,2,mail,342,,187,124,,,1,ky-sbe,2026-09-08T00:21:59+00:00
2024,KY,21213,Simpson County,2024-11-05,0,inperson,3716,,1370,2085,,,1,ky-sbe,2026-09-08T00:21:59+00:00
2024,KY,21213,Simpson County,2024-11-05,0,mail,378,,209,134,,,1,ky-sbe,2026-09-08T00:21:59+00:00
2024,KY,21215,Spencer County,2024-09-23,43,mail,0,,,,,,1,ky-sbe,2026-09-08T00:21:59+00:00
2024,KY,21215,Spencer County,2024-09-26,40,mail,0,,,,,,1,ky-sbe,2026-09-08T00:21:59+00:00
2024,KY,21215,Spencer County,2024-09-30,36,mail,0,,,,,,1,ky-sbe,2026-09-08T00:21:59+00:00
2024,KY,21215,Spencer County,2024-10-08,28,mail,49,,21,16,,,1,ky-sbe,2026-09-08T00:21:59+00:00
2024,KY,21215,Spencer County,2024-10-14,22,mail,96,,37,36,,,1,ky-sbe,2026-09-08T00:21:59+00:00
2024,KY,21215,Spencer County,2024-10-21,15,mail,150,,58,68,,,1,ky-sbe,2026-09-08T00:21:59+00:00
2024,KY,21215,Spencer County,2024-10-23,13,mail,169,,67,78,,,1,ky-sbe,2026-09-08T00:21:59+00:00
2024,KY,21215,Spencer County,2024-10-25,11,inperson,127,,39,81,,,1,ky-sbe,2026-09-08T00:21:59+00:00
2024,KY,21215,Spencer County,2024-10-25,11,mail,198,,75,91,,,1,ky-sbe,2026-09-08T00:21:59+00:00
2024,KY,21215,Spencer County,2024-10-26,10,inperson,213,,59,144,,,1,ky-sbe,2026-09-08T00:21:59+00:00
2024,KY,21215,Spencer County,2024-10-26,10,mail,216,,78,105,,,1,ky-sbe,2026-09-08T00:21:59+00:00
2024,KY,21215,Spencer County,2024-10-29,7,inperson,267,,71,186,,,1,ky-sbe,2026-09-08T00:21:59+00:00
2024,KY,21215,Spencer County,2024-10-29,7,mail,251,,89,124,,,1,ky-sbe,2026-09-08T00:21:59+00:00
2024,KY,21215,Spencer County,2024-10-30,6,inperson,309,,83,213,,,1,ky-sbe,2026-09-08T00:21:59+00:00
2024,KY,21215,Spencer County,2024-10-30,6,mail,256,,92,126,,,1,ky-sbe,2026-09-08T00:21:59+00:00
2024,KY,21215,Spencer County,2024-10-31,5,inperson,346,,92,237,,,1,ky-sbe,2026-09-08T00:21:59+00:00
2024,KY,21215,Spencer County,2024-10-31,5,mail,270,,98,133,,,1,ky-sbe,2026-09-08T00:21:59+00:00
2024,KY,21215,Spencer County,2024-11-01,4,inperson,1682,,450,1133,,,1,ky-sbe,2026-09-08T00:21:59+00:00
2024,KY,21215,Spencer County,2024-11-01,4,mail,280,,102,139,,,1,ky-sbe,2026-09-08T00:21:59+00:00
2024,KY,21215,Spencer County,2024-11-02,3,inperson,3180,,888,2100,,,1,ky-sbe,2026-09-08T00:21:59+00:00
2024,KY,21215,Spencer County,2024-11-02,3,mail,302,,111,149,,,1,ky-sbe,2026-09-08T00:21:59+00:00
2024,KY,21215,Spencer County,2024-11-03,2,inperson,5800,,1583,3857,,,1,ky-sbe,2026-09-08T00:21:59+00:00
2024,KY,21215,Spencer County,2024-11-03,2,mail,302,,111,149,,,1,ky-sbe,2026-09-08T00:21:59+00:00
2024,KY,21215,Spencer County,2024-11-05,0,inperson,5800,,1583,3857,,,1,ky-sbe,2026-09-08T00:21:59+00:00
2024,KY,21215,Spencer County,2024-11-05,0,mail,327,,122,158,,,1,ky-sbe,2026-09-08T00:21:59+00:00
2024,KY,21217,Taylor County,2024-09-23,43,mail,0,,,,,,1,ky-sbe,2026-09-08T00:21:59+00:00
2024,KY,21217,Taylor County,2024-09-26,40,mail,0,,,,,,1,ky-sbe,2026-09-08T00:21:59+00:00
2024,KY,21217,Taylor County,2024-09-30,36,mail,0,,,,,,1,ky-sbe,2026-09-08T00:21:59+00:00
2024,KY,21217,Taylor County,2024-10-08,28,mail,95,,32,59,,,1,ky-sbe,2026-09-08T00:21:59+00:00
2024,KY,21217,Taylor County,2024-10-14,22,mail,172,,61,106,,,1,ky-sbe,2026-09-08T00:21:59+00:00
2024,KY,21217,Taylor County,2024-10-21,15,mail,237,,88,140,,,1,ky-sbe,2026-09-08T00:21:59+00:00
2024,KY,21217,Taylor County,2024-10-23,13,mail,252,,97,146,,,1,ky-sbe,2026-09-08T00:21:59+00:00
2024,KY,21217,Taylor County,2024-10-25,11,inperson,52,,11,40,,,1,ky-sbe,2026-09-08T00:21:59+00:00
2024,KY,21217,Taylor County,2024-10-25,11,mail,311,,124,176,,,1,ky-sbe,2026-09-08T00:21:59+00:00
2024,KY,21217,Taylor County,2024-10-26,10,inperson,72,,13,57,,,1,ky-sbe,2026-09-08T00:21:59+00:00
2024,KY,21217,Taylor County,2024-10-26,10,mail,320,,128,179,,,1,ky-sbe,2026-09-08T00:21:59+00:00
2024,KY,21217,Taylor County,2024-10-29,7,inperson,86,,16,66,,,1,ky-sbe,2026-09-08T00:21:59+00:00
2024,KY,21217,Taylor County,2024-10-29,7,mail,376,,145,217,,,1,ky-sbe,2026-09-08T00:21:59+00:00
2024,KY,21217,Taylor County,2024-10-30,6,inperson,103,,21,76,,,1,ky-sbe,2026-09-08T00:21:59+00:00
2024,KY,21217,Taylor County,2024-10-30,6,mail,400,,156,229,,,1,ky-sbe,2026-09-08T00:21:59+00:00
2024,KY,21217,Taylor County,2024-10-31,5,inperson,111,,22,83,,,1,ky-sbe,2026-09-08T00:21:59+00:00
2024,KY,21217,Taylor County,2024-10-31,5,mail,427,,167,243,,,1,ky-sbe,2026-09-08T00:21:59+00:00
2024,KY,21217,Taylor County,2024-11-01,4,inperson,1433,,389,972,,,1,ky-sbe,2026-09-08T00:21:59+00:00
2024,KY,21217,Taylor County,2024-11-01,4,mail,438,,173,246,,,1,ky-sbe,2026-09-08T00:21:59+00:00
2024,KY,21217,Taylor County,2024-11-02,3,inperson,3020,,809,2075,,,1,ky-sbe,2026-09-08T00:21:59+00:00
2024,KY,21217,Taylor County,2024-11-02,3,mail,445,,174,248,,,1,ky-sbe,2026-09-08T00:21:59+00:00
2024,KY,21217,Taylor County,2024-11-03,2,inperson,4122,,1077,2847,,,1,ky-sbe,2026-09-08T00:21:59+00:00
2024,KY,21217,Taylor County,2024-11-03,2,mail,447,,174,250,,,1,ky-sbe,2026-09-08T00:21:59+00:00
2024,KY,21217,Taylor County,2024-11-05,0,inperson,4122,,1077,2847,,,1,ky-sbe,2026-09-08T00:21:59+00:00
2024,KY,21217,Taylor County,2024-11-05,0,mail,458,,178,256,,,1,ky-sbe,2026-09-08T00:21:59+00:00
2024,KY,21219,Todd County,2024-09-23,43,mail,0,,,,,,1,ky-sbe,2026-09-08T00:21:59+00:00
2024,KY,21219,Todd County,2024-09-26,40,mail,0,,,,,,1,ky-sbe,2026-09-08T00:21:59+00:00
2024,KY,21219,Todd County,2024-09-30,36,mail,0,,,,,,1,ky-sbe,2026-09-08T00:21:59+00:00
2024,KY,21219,Todd County,2024-10-08,28,mail,0,,0,0,,,1,ky-sbe,2026-09-08T00:21:59+00:00
2024,KY,21219,Todd County,2024-10-14,22,mail,26,,14,10,,,1,ky-sbe,2026-09-08T00:21:59+00:00
2024,KY,21219,Todd County,2024-10-21,15,mail,57,,38,15,,,1,ky-sbe,2026-09-08T00:21:59+00:00
2024,KY,21219,Todd County,2024-10-23,13,mail,70,,45,20,,,1,ky-sbe,2026-09-08T00:21:59+00:00
2024,KY,21219,Todd County,2024-10-25,11,inperson,17,,9,8,,,1,ky-sbe,2026-09-08T00:21:59+00:00
2024,KY,21219,Todd County,2024-10-25,11,mail,70,,45,20,,,1,ky-sbe,2026-09-08T00:21:59+00:00
2024,KY,21219,Todd County,2024-10-26,10,inperson,25,,13,12,,,1,ky-sbe,2026-09-08T00:21:59+00:00
2024,KY,21219,Todd County,2024-10-26,10,mail,70,,45,20,,,1,ky-sbe,2026-09-08T00:21:59+00:00
2024,KY,21219,Todd County,2024-10-29,7,inperson,35,,15,19,,,1,ky-sbe,2026-09-08T00:21:59+00:00
2024,KY,21219,Todd County,2024-10-29,7,mail,105,,58,38,,,1,ky-sbe,2026-09-08T00:21:59+00:00
2024,KY,21219,Todd County,2024-10-30,6,inperson,47,,23,23,,,1,ky-sbe,2026-09-08T00:21:59+00:00
2024,KY,21219,Todd County,2024-10-30,6,mail,105,,58,38,,,1,ky-sbe,2026-09-08T00:21:59+00:00
2024,KY,21219,Todd County,2024-10-31,5,inperson,50,,24,25,,,1,ky-sbe,2026-09-08T00:21:59+00:00
2024,KY,21219,Todd County,2024-10-31,5,mail,105,,58,38,,,1,ky-sbe,2026-09-08T00:21:59+00:00
2024,KY,21219,Todd County,2024-11-01,4,inperson,542,,251,269,,,1,ky-sbe,2026-09-08T00:21:59+00:00
2024,KY,21219,Todd County,2024-11-01,4,mail,120,,67,43,,,1,ky-sbe,2026-09-08T00:21:59+00:00
2024,KY,21219,Todd County,2024-11-02,3,inperson,1014,,470,490,,,1,ky-sbe,2026-09-08T00:21:59+00:00
2024,KY,21219,Todd County,2024-11-02,3,mail,120,,67,43,,,1,ky-sbe,2026-09-08T00:21:59+00:00
2024,KY,21219,Todd County,2024-11-03,2,inperson,1425,,660,698,,,1,ky-sbe,2026-09-08T00:21:59+00:00
2024,KY,21219,Todd County,2024-11-03,2,mail,120,,67,43,,,1,ky-sbe,2026-09-08T00:21:59+00:00
2024,KY,21219,Todd County,2024-11-05,0,inperson,1425,,660,698,,,1,ky-sbe,2026-09-08T00:21:59+00:00
2024,KY,21219,Todd County,2024-11-05,0,mail,120,,67,43,,,1,ky-sbe,2026-09-08T00:21:59+00:00
2024,KY,21221,Trigg County,2024-09-23,43,mail,0,,,,,,1,ky-sbe,2026-09-08T00:21:59+00:00
2024,KY,21221,Trigg County,2024-09-26,40,mail,0,,,,,,1,ky-sbe,2026-09-08T00:21:59+00:00
2024,KY,21221,Trigg County,2024-09-30,36,mail,0,,,,,,1,ky-sbe,2026-09-08T00:21:59+00:00
2024,KY,21221,Trigg County,2024-10-08,28,mail,64,,38,25,,,1,ky-sbe,2026-09-08T00:21:59+00:00
2024,KY,21221,Trigg County,2024-10-14,22,mail,86,,48,35,,,1,ky-sbe,2026-09-08T00:21:59+00:00
2024,KY,21221,Trigg County,2024-10-21,15,mail,156,,83,61,,,1,ky-sbe,2026-09-08T00:21:59+00:00
2024,KY,21221,Trigg County,2024-10-23,13,mail,189,,94,75,,,1,ky-sbe,2026-09-08T00:21:59+00:00
2024,KY,21221,Trigg County,2024-10-25,11,inperson,31,,5,22,,,1,ky-sbe,2026-09-08T00:21:59+00:00
2024,KY,21221,Trigg County,2024-10-25,11,mail,210,,104,85,,,1,ky-sbe,2026-09-08T00:21:59+00:00
2024,KY,21221,Trigg County,2024-10-26,10,inperson,39,,6,29,,,1,ky-sbe,2026-09-08T00:21:59+00:00
2024,KY,21221,Trigg County,2024-10-26,10,mail,233,,115,95,,,1,ky-sbe,2026-09-08T00:21:59+00:00
2024,KY,21221,Trigg County,2024-10-29,7,inperson,48,,6,35,,,1,ky-sbe,2026-09-08T00:21:59+00:00
2024,KY,21221,Trigg County,2024-10-29,7,mail,251,,119,107,,,1,ky-sbe,2026-09-08T00:21:59+00:00
2024,KY,21221,Trigg County,2024-10-30,6,inperson,57,,12,38,,,1,ky-sbe,2026-09-08T00:21:59+00:00
2024,KY,21221,Trigg County,2024-10-30,6,mail,279,,131,119,,,1,ky-sbe,2026-09-08T00:21:59+00:00
2024,KY,21221,Trigg County,2024-10-31,5,inperson,60,,13,40,,,1,ky-sbe,2026-09-08T00:21:59+00:00
2024,KY,21221,Trigg County,2024-10-31,5,mail,291,,138,123,,,1,ky-sbe,2026-09-08T00:21:59+00:00
2024,KY,21221,Trigg County,2024-11-01,4,inperson,802,,259,488,,,1,ky-sbe,2026-09-08T00:21:59+00:00
2024,KY,21221,Trigg County,2024-11-01,4,mail,305,,147,128,,,1,ky-sbe,2026-09-08T00:21:59+00:00
2024,KY,21221,Trigg County,2024-11-02,3,inperson,1750,,591,1052,,,1,ky-sbe,2026-09-08T00:21:59+00:00
2024,KY,21221,Trigg County,2024-11-02,3,mail,308,,147,129,,,1,ky-sbe,2026-09-08T00:21:59+00:00
2024,KY,21221,Trigg County,2024-11-03,2,inperson,2585,,876,1564,,,1,ky-sbe,2026-09-08T00:21:59+00:00
2024,KY,21221,Trigg County,2024-11-03,2,mail,308,,147,129,,,1,ky-sbe,2026-09-08T00:21:59+00:00
2024,KY,21221,Trigg County,2024-11-05,0,inperson,2585,,876,1564,,,1,ky-sbe,2026-09-08T00:21:59+00:00
2024,KY,21221,Trigg County,2024-11-05,0,mail,325,,154,137,,,1,ky-sbe,2026-09-08T00:21:59+00:00
2024,KY,21223,Trimble County,2024-09-23,43,mail,0,,,,,,1,ky-sbe,2026-09-08T00:21:59+00:00
2024,KY,21223,Trimble County,2024-09-26,40,mail,0,,,,,,1,ky-sbe,2026-09-08T00:21:59+00:00
2024,KY,21223,Trimble County,2024-09-30,36,mail,0,,,,,,1,ky-sbe,2026-09-08T00:21:59+00:00
2024,KY,21223,Trimble County,2024-10-08,28,mail,16,,9,6,,,1,ky-sbe,2026-09-08T00:21:59+00:00
2024,KY,21223,Trimble County,2024-10-14,22,mail,83,,54,26,,,1,ky-sbe,2026-09-08T00:21:59+00:00
2024,KY,21223,Trimble County,2024-10-21,15,mail,129,,79,46,,,1,ky-sbe,2026-09-08T00:21:59+00:00
2024,KY,21223,Trimble County,2024-10-23,13,mail,158,,99,51,,,1,ky-sbe,2026-09-08T00:21:59+00:00
2024,KY,21223,Trimble County,2024-10-25,11,inperson,32,,13,15,,,1,ky-sbe,2026-09-08T00:21:59+00:00
2024,KY,21223,Trimble County,2024-10-25,11,mail,171,,108,54,,,1,ky-sbe,2026-09-08T00:21:59+00:00
2024,KY,21223,Trimble County,2024-10-26,10,inperson,58,,27,27,,,1,ky-sbe,2026-09-08T00:21:59+00:00
2024,KY,21223,Trimble County,2024-10-26,10,mail,171,,108,54,,,1,ky-sbe,2026-09-08T00:21:59+00:00
2024,KY,21223,Trimble County,2024-10-29,7,inperson,76,,35,36,,,1,ky-sbe,2026-09-08T00:21:59+00:00
2024,KY,21223,Trimble County,2024-10-29,7,mail,190,,121,60,,,1,ky-sbe,2026-09-08T00:21:59+00:00
2024,KY,21223,Trimble County,2024-10-30,6,inperson,100,,47,45,,,1,ky-sbe,2026-09-08T00:21:59+00:00
2024,KY,21223,Trimble County,2024-10-30,6,mail,203,,128,66,,,1,ky-sbe,2026-09-08T00:21:59+00:00
2024,KY,21223,Trimble County,2024-10-31,5,inperson,116,,52,56,,,1,ky-sbe,2026-09-08T00:21:59+00:00
2024,KY,21223,Trimble County,2024-10-31,5,mail,203,,128,66,,,1,ky-sbe,2026-09-08T00:21:59+00:00
2024,KY,21223,Trimble County,2024-11-01,4,inperson,561,,259,274,,,1,ky-sbe,2026-09-08T00:21:59+00:00
2024,KY,21223,Trimble County,2024-11-01,4,mail,203,,128,66,,,1,ky-sbe,2026-09-08T00:21:59+00:00
2024,KY,21223,Trimble County,2024-11-02,3,inperson,1092,,524,512,,,1,ky-sbe,2026-09-08T00:21:59+00:00
2024,KY,21223,Trimble County,2024-11-02,3,mail,221,,134,76,,,1,ky-sbe,2026-09-08T00:21:59+00:00
2024,KY,21223,Trimble County,2024-11-03,2,inperson,1401,,649,675,,,1,ky-sbe,2026-09-08T00:21:59+00:00
2024,KY,21223,Trimble County,2024-11-03,2,mail,221,,134,76,,,1,ky-sbe,2026-09-08T00:21:59+00:00
2024,KY,21223,Trimble County,2024-11-05,0,inperson,1401,,649,675,,,1,ky-sbe,2026-09-08T00:21:59+00:00
2024,KY,21223,Trimble County,2024-11-05,0,mail,225,,136,78,,,1,ky-sbe,2026-09-08T00:21:59+00:00
2024,KY,21225,Union County,2024-09-23,43,mail,0,,,,,,1,ky-sbe,2026-09-08T00:21:59+00:00
2024,KY,21225,Union County,2024-09-26,40,mail,0,,,,,,1,ky-sbe,2026-09-08T00:21:59+00:00
2024,KY,21225,Union County,2024-09-30,36,mail,0,,,,,,1,ky-sbe,2026-09-08T00:21:59+00:00
2024,KY,21225,Union County,2024-10-08,28,mail,17,,9,7,,,1,ky-sbe,2026-09-08T00:21:59+00:00
2024,KY,21225,Union County,2024-10-14,22,mail,33,,20,11,,,1,ky-sbe,2026-09-08T00:21:59+00:00
2024,KY,21225,Union County,2024-10-21,15,mail,62,,42,18,,,1,ky-sbe,2026-09-08T00:21:59+00:00
2024,KY,21225,Union County,2024-10-23,13,mail,87,,53,29,,,1,ky-sbe,2026-09-08T00:21:59+00:00
2024,KY,21225,Union County,2024-10-25,11,inperson,28,,10,17,,,1,ky-sbe,2026-09-08T00:21:59+00:00
2024,KY,21225,Union County,2024-10-25,11,mail,117,,71,40,,,1,ky-sbe,2026-09-08T00:21:59+00:00
2024,KY,21225,Union County,2024-10-26,10,inperson,43,,15,27,,,1,ky-sbe,2026-09-08T00:21:59+00:00
2024,KY,21225,Union County,2024-10-26,10,mail,125,,78,41,,,1,ky-sbe,2026-09-08T00:21:59+00:00
2024,KY,21225,Union County,2024-10-29,7,inperson,60,,21,38,,,1,ky-sbe,2026-09-08T00:21:59+00:00
2024,KY,21225,Union County,2024-10-29,7,mail,149,,89,52,,,1,ky-sbe,2026-09-08T00:21:59+00:00
2024,KY,21225,Union County,2024-10-30,6,inperson,66,,23,40,,,1,ky-sbe,2026-09-08T00:21:59+00:00
2024,KY,21225,Union County,2024-10-30,6,mail,161,,96,56,,,1,ky-sbe,2026-09-08T00:21:59+00:00
2024,KY,21225,Union County,2024-10-31,5,inperson,75,,27,45,,,1,ky-sbe,2026-09-08T00:21:59+00:00
2024,KY,21225,Union County,2024-10-31,5,mail,180,,104,66,,,1,ky-sbe,2026-09-08T00:21:59+00:00
2024,KY,21225,Union County,2024-11-01,4,inperson,778,,398,355,,,1,ky-sbe,2026-09-08T00:21:59+00:00
2024,KY,21225,Union County,2024-11-01,4,mail,182,,106,66,,,1,ky-sbe,2026-09-08T00:21:59+00:00
2024,KY,21225,Union County,2024-11-02,3,inperson,1426,,743,643,,,1,ky-sbe,2026-09-08T00:21:59+00:00
2024,KY,21225,Union County,2024-11-02,3,mail,188,,111,67,,,1,ky-sbe,2026-09-08T00:21:59+00:00
2024,KY,21225,Union County,2024-11-03,2,inperson,1947,,978,912,,,1,ky-sbe,2026-09-08T00:21:59+00:00
2024,KY,21225,Union County,2024-11-03,2,mail,188,,111,67,,,1,ky-sbe,2026-09-08T00:21:59+00:00
2024,KY,21225,Union County,2024-11-05,0,inperson,1947,,978,912,,,1,ky-sbe,2026-09-08T00:21:59+00:00
2024,KY,21225,Union County,2024-11-05,0,mail,201,,122,69,,,1,ky-sbe,2026-09-08T00:21:59+00:00
2024,KY,21227,Warren County,2024-09-23,43,mail,0,,,,,,1,ky-sbe,2026-09-08T00:21:59+00:00
2024,KY,21227,Warren County,2024-09-26,40,mail,0,,,,,,1,ky-sbe,2026-09-08T00:21:59+00:00
2024,KY,21227,Warren County,2024-09-30,36,mail,0,,,,,,1,ky-sbe,2026-09-08T00:21:59+00:00
2024,KY,21227,Warren County,2024-10-08,28,mail,365,,185,142,,,1,ky-sbe,2026-09-08T00:21:59+00:00
2024,KY,21227,Warren County,2024-10-14,22,mail,717,,379,267,,,1,ky-sbe,2026-09-08T00:21:59+00:00
2024,KY,21227,Warren County,2024-10-21,15,mail,1269,,652,485,,,1,ky-sbe,2026-09-08T00:21:59+00:00
2024,KY,21227,Warren County,2024-10-23,13,mail,1481,,754,566,,,1,ky-sbe,2026-09-08T00:21:59+00:00
2024,KY,21227,Warren County,2024-10-25,11,inperson,198,,73,115,,,1,ky-sbe,2026-09-08T00:21:59+00:00
2024,KY,21227,Warren County,2024-10-25,11,mail,1745,,877,675,,,1,ky-sbe,2026-09-08T00:21:59+00:00
2024,KY,21227,Warren County,2024-10-26,10,inperson,284,,103,161,,,1,ky-sbe,2026-09-08T00:21:59+00:00
2024,KY,21227,Warren County,2024-10-26,10,mail,1909,,966,732,,,1,ky-sbe,2026-09-08T00:21:59+00:00
2024,KY,21227,Warren County,2024-10-29,7,inperson,372,,138,209,,,1,ky-sbe,2026-09-08T00:21:59+00:00
2024,KY,21227,Warren County,2024-10-29,7,mail,2124,,1064,818,,,1,ky-sbe,2026-09-08T00:21:59+00:00
2024,KY,21227,Warren County,2024-10-30,6,inperson,431,,161,238,,,1,ky-sbe,2026-09-08T00:21:59+00:00
2024,KY,21227,Warren County,2024-10-30,6,mail,2269,,1133,873,,,1,ky-sbe,2026-09-08T00:21:59+00:00
2024,KY,21227,Warren County,2024-10-31,5,inperson,467,,175,255,,,1,ky-sbe,2026-09-08T00:21:59+00:00
2024,KY,21227,Warren County,2024-10-31,5,mail,2363,,1170,914,,,1,ky-sbe,2026-09-08T00:21:59+00:00
2024,KY,21227,Warren County,2024-11-01,4,inperson,10762,,4053,5965,,,1,ky-sbe,2026-09-08T00:21:59+00:00
2024,KY,21227,Warren County,2024-11-01,4,mail,2454,,1218,950,,,1,ky-sbe,2026-09-08T00:21:59+00:00
2024,KY,21227,Warren County,2024-11-02,3,inperson,20331,,7671,11208,,,1,ky-sbe,2026-09-08T00:21:59+00:00
2024,KY,21227,Warren County,2024-11-02,3,mail,2630,,1310,1008,,,1,ky-sbe,2026-09-08T00:21:59+00:00
2024,KY,21227,Warren County,2024-11-03,2,inperson,28328,,10801,15406,,,1,ky-sbe,2026-09-08T00:21:59+00:00
2024,KY,21227,Warren County,2024-11-03,2,mail,2634,,1313,1009,,,1,ky-sbe,2026-09-08T00:21:59+00:00
2024,KY,21227,Warren County,2024-11-05,0,inperson,28328,,10801,15406,,,1,ky-sbe,2026-09-08T00:21:59+00:00
2024,KY,21227,Warren County,2024-11-05,0,mail,2864,,1442,1081,,,1,ky-sbe,2026-09-08T00:21:59+00:00
2024,KY,21229,Washington County,2024-09-23,43,mail,0,,,,,,1,ky-sbe,2026-09-08T00:21:59+00:00
2024,KY,21229,Washington County,2024-09-26,40,mail,0,,,,,,1,ky-sbe,2026-09-08T00:21:59+00:00
2024,KY,21229,Washington County,2024-09-30,36,mail,0,,,,,,1,ky-sbe,2026-09-08T00:21:59+00:00
2024,KY,21229,Washington County,2024-10-08,28,mail,64,,52,9,,,1,ky-sbe,2026-09-08T00:21:59+00:00
2024,KY,21229,Washington County,2024-10-14,22,mail,81,,61,16,,,1,ky-sbe,2026-09-08T00:21:59+00:00
2024,KY,21229,Washington County,2024-10-21,15,mail,114,,81,25,,,1,ky-sbe,2026-09-08T00:21:59+00:00
2024,KY,21229,Washington County,2024-10-23,13,mail,119,,84,27,,,1,ky-sbe,2026-09-08T00:21:59+00:00
2024,KY,21229,Washington County,2024-10-25,11,inperson,10,,7,3,,,1,ky-sbe,2026-09-08T00:21:59+00:00
2024,KY,21229,Washington County,2024-10-25,11,mail,157,,107,40,,,1,ky-sbe,2026-09-08T00:21:59+00:00
2024,KY,21229,Washington County,2024-10-26,10,inperson,18,,9,9,,,1,ky-sbe,2026-09-08T00:21:59+00:00
2024,KY,21229,Washington County,2024-10-26,10,mail,160,,107,43,,,1,ky-sbe,2026-09-08T00:21:59+00:00
2024,KY,21229,Washington County,2024-10-29,7,inperson,22,,11,11,,,1,ky-sbe,2026-09-08T00:21:59+00:00
2024,KY,21229,Washington County,2024-10-29,7,mail,194,,128,54,,,1,ky-sbe,2026-09-08T00:21:59+00:00
2024,KY,21229,Washington County,2024-10-30,6,inperson,29,,15,13,,,1,ky-sbe,2026-09-08T00:21:59+00:00
2024,KY,21229,Washington County,2024-10-30,6,mail,202,,132,55,,,1,ky-sbe,2026-09-08T00:21:59+00:00
2024,KY,21229,Washington County,2024-10-31,5,inperson,35,,17,17,,,1,ky-sbe,2026-09-08T00:21:59+00:00
2024,KY,21229,Washington County,2024-10-31,5,mail,206,,135,55,,,1,ky-sbe,2026-09-08T00:21:59+00:00
2024,KY,21229,Washington County,2024-11-01,4,inperson,911,,417,467,,,1,ky-sbe,2026-09-08T00:21:59+00:00
2024,KY,21229,Washington County,2024-11-01,4,mail,207,,135,55,,,1,ky-sbe,2026-09-08T00:21:59+00:00
2024,KY,21229,Washington County,2024-11-02,3,inperson,1792,,817,920,,,1,ky-sbe,2026-09-08T00:21:59+00:00
2024,KY,21229,Washington County,2024-11-02,3,mail,235,,151,64,,,1,ky-sbe,2026-09-08T00:21:59+00:00
2024,KY,21229,Washington County,2024-11-03,2,inperson,2429,,1097,1248,,,1,ky-sbe,2026-09-08T00:21:59+00:00
2024,KY,21229,Washington County,2024-11-03,2,mail,235,,151,64,,,1,ky-sbe,2026-09-08T00:21:59+00:00
2024,KY,21229,Washington County,2024-11-05,0,inperson,2429,,1097,1248,,,1,ky-sbe,2026-09-08T00:21:59+00:00
2024,KY,21229,Washington County,2024-11-05,0,mail,239,,153,65,,,1,ky-sbe,2026-09-08T00:21:59+00:00
2024,KY,21231,Wayne County,2024-09-23,43,mail,0,,,,,,1,ky-sbe,2026-09-08T00:21:59+00:00
2024,KY,21231,Wayne County,2024-09-26,40,mail,0,,,,,,1,ky-sbe,2026-09-08T00:21:59+00:00
2024,KY,21231,Wayne County,2024-09-30,36,mail,0,,,,,,1,ky-sbe,2026-09-08T00:21:59+00:00
2024,KY,21231,Wayne County,2024-10-08,28,mail,126,,40,78,,,1,ky-sbe,2026-09-08T00:21:59+00:00
2024,KY,21231,Wayne County,2024-10-14,22,mail,190,,54,125,,,1,ky-sbe,2026-09-08T00:21:59+00:00
2024,KY,21231,Wayne County,2024-10-21,15,mail,302,,88,199,,,1,ky-sbe,2026-09-08T00:21:59+00:00
2024,KY,21231,Wayne County,2024-10-23,13,mail,410,,118,270,,,1,ky-sbe,2026-09-08T00:21:59+00:00
2024,KY,21231,Wayne County,2024-10-25,11,inperson,64,,12,48,,,1,ky-sbe,2026-09-08T00:21:59+00:00
2024,KY,21231,Wayne County,2024-10-25,11,mail,471,,144,301,,,1,ky-sbe,2026-09-08T00:21:59+00:00
2024,KY,21231,Wayne County,2024-10-26,10,inperson,97,,16,74,,,1,ky-sbe,2026-09-08T00:21:59+00:00
2024,KY,21231,Wayne County,2024-10-26,10,mail,471,,144,301,,,1,ky-sbe,2026-09-08T00:21:59+00:00
2024,KY,21231,Wayne County,2024-10-29,7,inperson,121,,20,94,,,1,ky-sbe,2026-09-08T00:21:59+00:00
2024,KY,21231,Wayne County,2024-10-29,7,mail,471,,144,301,,,1,ky-sbe,2026-09-08T00:21:59+00:00
2024,KY,21231,Wayne County,2024-10-30,6,inperson,148,,23,116,,,1,ky-sbe,2026-09-08T00:21:59+00:00
2024,KY,21231,Wayne County,2024-10-30,6,mail,573,,165,378,,,1,ky-sbe,2026-09-08T00:21:59+00:00
2024,KY,21231,Wayne County,2024-10-31,5,inperson,167,,26,132,,,1,ky-sbe,2026-09-08T00:21:59+00:00
2024,KY,21231,Wayne County,2024-10-31,5,mail,609,,174,405,,,1,ky-sbe,2026-09-08T00:21:59+00:00
2024,KY,21231,Wayne County,2024-11-01,4,inperson,859,,159,668,,,1,ky-sbe,2026-09-08T00:21:59+00:00
2024,KY,21231,Wayne County,2024-11-01,4,mail,609,,174,405,,,1,ky-sbe,2026-09-08T00:21:59+00:00
2024,KY,21231,Wayne County,2024-11-02,3,inperson,1622,,316,1242,,,1,ky-sbe,2026-09-08T00:21:59+00:00
2024,KY,21231,Wayne County,2024-11-02,3,mail,609,,174,405,,,1,ky-sbe,2026-09-08T00:21:59+00:00
2024,KY,21231,Wayne County,2024-11-03,2,inperson,2348,,461,1793,,,1,ky-sbe,2026-09-08T00:21:59+00:00
2024,KY,21231,Wayne County,2024-11-03,2,mail,646,,187,425,,,1,ky-sbe,2026-09-08T00:21:59+00:00
2024,KY,21231,Wayne County,2024-11-05,0,inperson,2348,,461,1793,,,1,ky-sbe,2026-09-08T00:21:59+00:00
2024,KY,21231,Wayne County,2024-11-05,0,mail,663,,193,435,,,1,ky-sbe,2026-09-08T00:21:59+00:00
2024,KY,21233,Webster County,2024-09-23,43,mail,0,,,,,,1,ky-sbe,2026-09-08T00:21:59+00:00
2024,KY,21233,Webster County,2024-09-26,40,mail,0,,,,,,1,ky-sbe,2026-09-08T00:21:59+00:00
2024,KY,21233,Webster County,2024-09-30,36,mail,0,,,,,,1,ky-sbe,2026-09-08T00:21:59+00:00
2024,KY,21233,Webster County,2024-10-08,28,mail,19,,14,4,,,1,ky-sbe,2026-09-08T00:21:59+00:00
2024,KY,21233,Webster County,2024-10-14,22,mail,22,,15,6,,,1,ky-sbe,2026-09-08T00:21:59+00:00
2024,KY,21233,Webster County,2024-10-21,15,mail,52,,35,14,,,1,ky-sbe,2026-09-08T00:21:59+00:00
2024,KY,21233,Webster County,2024-10-23,13,mail,72,,48,20,,,1,ky-sbe,2026-09-08T00:21:59+00:00
2024,KY,21233,Webster County,2024-10-25,11,inperson,12,,9,3,,,1,ky-sbe,2026-09-08T00:21:59+00:00
2024,KY,21233,Webster County,2024-10-25,11,mail,94,,61,27,,,1,ky-sbe,2026-09-08T00:21:59+00:00
2024,KY,21233,Webster County,2024-10-26,10,inperson,21,,13,8,,,1,ky-sbe,2026-09-08T00:21:59+00:00
2024,KY,21233,Webster County,2024-10-26,10,mail,103,,67,30,,,1,ky-sbe,2026-09-08T00:21:59+00:00
2024,KY,21233,Webster County,2024-10-29,7,inperson,27,,16,11,,,1,ky-sbe,2026-09-08T00:21:59+00:00
2024,KY,21233,Webster County,2024-10-29,7,mail,115,,74,34,,,1,ky-sbe,2026-09-08T00:21:59+00:00
2024,KY,21233,Webster County,2024-10-30,6,inperson,29,,16,13,,,1,ky-sbe,2026-09-08T00:21:59+00:00
2024,KY,21233,Webster County,2024-10-30,6,mail,118,,74,36,,,1,ky-sbe,2026-09-08T00:21:59+00:00
2024,KY,21233,Webster County,2024-10-31,5,inperson,31,,17,14,,,1,ky-sbe,2026-09-08T00:21:59+00:00
2024,KY,21233,Webster County,2024-10-31,5,mail,133,,83,42,,,1,ky-sbe,2026-09-08T00:21:59+00:00
2024,KY,21233,Webster County,2024-11-01,4,inperson,504,,225,265,,,1,ky-sbe,2026-09-08T00:21:59+00:00
2024,KY,21233,Webster County,2024-11-01,4,mail,139,,87,43,,,1,ky-sbe,2026-09-08T00:21:59+00:00
2024,KY,21233,Webster County,2024-11-02,3,inperson,1008,,461,513,,,1,ky-sbe,2026-09-08T00:21:59+00:00
2024,KY,21233,Webster County,2024-11-02,3,mail,146,,88,49,,,1,ky-sbe,2026-09-08T00:21:59+00:00
2024,KY,21233,Webster County,2024-11-03,2,inperson,1428,,655,727,,,1,ky-sbe,2026-09-08T00:21:59+00:00
2024,KY,21233,Webster County,2024-11-03,2,mail,146,,88,49,,,1,ky-sbe,2026-09-08T00:21:59+00:00
2024,KY,21233,Webster County,2024-11-05,0,inperson,1428,,655,727,,,1,ky-sbe,2026-09-08T00:21:59+00:00
2024,KY,21233,Webster County,2024-11-05,0,mail,155,,90,53,,,1,ky-sbe,2026-09-08T00:21:59+00:00
2024,KY,21235,Whitley County,2024-09-23,43,mail,0,,,,,,1,ky-sbe,2026-09-08T00:21:59+00:00
2024,KY,21235,Whitley County,2024-09-26,40,mail,0,,,,,,1,ky-sbe,2026-09-08T00:21:59+00:00
2024,KY,21235,Whitley County,2024-09-30,36,mail,0,,,,,,1,ky-sbe,2026-09-08T00:21:59+00:00
2024,KY,21235,Whitley County,2024-10-08,28,mail,170,,37,124,,,1,ky-sbe,2026-09-08T00:21:59+00:00
2024,KY,21235,Whitley County,2024-10-14,22,mail,290,,59,216,,,1,ky-sbe,2026-09-08T00:21:59+00:00
2024,KY,21235,Whitley County,2024-10-21,15,mail,402,,93,287,,,1,ky-sbe,2026-09-08T00:21:59+00:00
2024,KY,21235,Whitley County,2024-10-23,13,mail,508,,116,361,,,1,ky-sbe,2026-09-08T00:21:59+00:00
2024,KY,21235,Whitley County,2024-10-25,11,inperson,37,,5,29,,,1,ky-sbe,2026-09-08T00:21:59+00:00
2024,KY,21235,Whitley County,2024-10-25,11,mail,577,,133,408,,,1,ky-sbe,2026-09-08T00:21:59+00:00
2024,KY,21235,Whitley County,2024-10-26,10,inperson,53,,5,44,,,1,ky-sbe,2026-09-08T00:21:59+00:00
2024,KY,21235,Whitley County,2024-10-26,10,mail,612,,148,426,,,1,ky-sbe,2026-09-08T00:21:59+00:00
2024,KY,21235,Whitley County,2024-10-29,7,inperson,77,,5,66,,,1,ky-sbe,2026-09-08T00:21:59+00:00
2024,KY,21235,Whitley County,2024-10-29,7,mail,660,,158,463,,,1,ky-sbe,2026-09-08T00:21:59+00:00
2024,KY,21235,Whitley County,2024-10-30,6,inperson,90,,6,77,,,1,ky-sbe,2026-09-08T00:21:59+00:00
2024,KY,21235,Whitley County,2024-10-30,6,mail,687,,170,478,,,1,ky-sbe,2026-09-08T00:21:59+00:00
2024,KY,21235,Whitley County,2024-10-31,5,inperson,104,,8,89,,,1,ky-sbe,2026-09-08T00:21:59+00:00
2024,KY,21235,Whitley County,2024-10-31,5,mail,710,,173,497,,,1,ky-sbe,2026-09-08T00:21:59+00:00
2024,KY,21235,Whitley County,2024-11-01,4,inperson,2391,,329,1981,,,1,ky-sbe,2026-09-08T00:21:59+00:00
2024,KY,21235,Whitley County,2024-11-01,4,mail,731,,175,515,,,1,ky-sbe,2026-09-08T00:21:59+00:00
2024,KY,21235,Whitley County,2024-11-02,3,inperson,4451,,607,3681,,,1,ky-sbe,2026-09-08T00:21:59+00:00
2024,KY,21235,Whitley County,2024-11-02,3,mail,764,,183,535,,,1,ky-sbe,2026-09-08T00:21:59+00:00
2024,KY,21235,Whitley County,2024-11-03,2,inperson,5593,,739,4644,,,1,ky-sbe,2026-09-08T00:21:59+00:00
2024,KY,21235,Whitley County,2024-11-03,2,mail,765,,183,535,,,1,ky-sbe,2026-09-08T00:21:59+00:00
2024,KY,21235,Whitley County,2024-11-05,0,inperson,5593,,739,4644,,,1,ky-sbe,2026-09-08T00:21:59+00:00
2024,KY,21235,Whitley County,2024-11-05,0,mail,805,,190,561,,,1,ky-sbe,2026-09-08T00:21:59+00:00
2024,KY,21237,Wolfe County,2024-09-23,43,mail,0,,,,,,1,ky-sbe,2026-09-08T00:21:59+00:00
2024,KY,21237,Wolfe County,2024-09-26,40,mail,0,,,,,,1,ky-sbe,2026-09-08T00:21:59+00:00
2024,KY,21237,Wolfe County,2024-09-30,36,mail,0,,,,,,1,ky-sbe,2026-09-08T00:21:59+00:00
2024,KY,21237,Wolfe County,2024-10-08,28,mail,17,,15,2,,,1,ky-sbe,2026-09-08T00:21:59+00:00
2024,KY,21237,Wolfe County,2024-10-14,22,mail,33,,27,5,,,1,ky-sbe,2026-09-08T00:21:59+00:00
2024,KY,21237,Wolfe County,2024-10-21,15,mail,55,,44,9,,,1,ky-sbe,2026-09-08T00:21:59+00:00
2024,KY,21237,Wolfe County,2024-10-23,13,mail,67,,53,12,,,1,ky-sbe,2026-09-08T00:21:59+00:00
2024,KY,21237,Wolfe County,2024-10-25,11,inperson,8,,6,2,,,1,ky-sbe,2026-09-08T00:21:59+00:00
2024,KY,21237,Wolfe County,2024-10-25,11,mail,95,,69,22,,,1,ky-sbe,2026-09-08T00:21:59+00:00
2024,KY,21237,Wolfe County,2024-10-26,10,inperson,14,,11,2,,,1,ky-sbe,2026-09-08T00:21:59+00:00
2024,KY,21237,Wolfe County,2024-10-26,10,mail,102,,76,22,,,1,ky-sbe,2026-09-08T00:21:59+00:00
2024,KY,21237,Wolfe County,2024-10-29,7,inperson,23,,17,5,,,1,ky-sbe,2026-09-08T00:21:59+00:00
2024,KY,21237,Wolfe County,2024-10-29,7,mail,123,,90,28,,,1,ky-sbe,2026-09-08T00:21:59+00:00
2024,KY,21237,Wolfe County,2024-10-30,6,inperson,28,,21,6,,,1,ky-sbe,2026-09-08T00:21:59+00:00
2024,KY,21237,Wolfe County,2024-10-30,6,mail,130,,97,28,,,1,ky-sbe,2026-09-08T00:21:59+00:00
2024,KY,21237,Wolfe County,2024-10-31,5,inperson,31,,24,6,,,1,ky-sbe,2026-09-08T00:21:59+00:00
2024,KY,21237,Wolfe County,2024-10-31,5,mail,131,,98,28,,,1,ky-sbe,2026-09-08T00:21:59+00:00
2024,KY,21237,Wolfe County,2024-11-01,4,inperson,226,,159,61,,,1,ky-sbe,2026-09-08T00:21:59+00:00
2024,KY,21237,Wolfe County,2024-11-01,4,mail,142,,108,29,,,1,ky-sbe,2026-09-08T00:21:59+00:00
2024,KY,21237,Wolfe County,2024-11-02,3,inperson,433,,305,115,,,1,ky-sbe,2026-09-08T00:21:59+00:00
2024,KY,21237,Wolfe County,2024-11-02,3,mail,145,,110,30,,,1,ky-sbe,2026-09-08T00:21:59+00:00
2024,KY,21237,Wolfe County,2024-11-03,2,inperson,614,,447,150,,,1,ky-sbe,2026-09-08T00:21:59+00:00
2024,KY,21237,Wolfe County,2024-11-03,2,mail,148,,112,31,,,1,ky-sbe,2026-09-08T00:21:59+00:00
2024,KY,21237,Wolfe County,2024-11-05,0,inperson,614,,447,150,,,1,ky-sbe,2026-09-08T00:21:59+00:00
2024,KY,21237,Wolfe County,2024-11-05,0,mail,149,,112,32,,,1,ky-sbe,2026-09-08T00:21:59+00:00
2024,KY,21239,Woodford County,2024-09-23,43,mail,0,,,,,,1,ky-sbe,2026-09-08T00:21:59+00:00
2024,KY,21239,Woodford County,2024-09-26,40,mail,0,,,,,,1,ky-sbe,2026-09-08T00:21:59+00:00
2024,KY,21239,Woodford County,2024-09-30,36,mail,0,,,,,,1,ky-sbe,2026-09-08T00:21:59+00:00
2024,KY,21239,Woodford County,2024-10-08,28,mail,162,,88,58,,,1,ky-sbe,2026-09-08T00:21:59+00:00
2024,KY,21239,Woodford County,2024-10-14,22,mail,237,,132,76,,,1,ky-sbe,2026-09-08T00:21:59+00:00
2024,KY,21239,Woodford County,2024-10-21,15,mail,462,,267,143,,,1,ky-sbe,2026-09-08T00:21:59+00:00
2024,KY,21239,Woodford County,2024-10-23,13,mail,571,,329,181,,,1,ky-sbe,2026-09-08T00:21:59+00:00
2024,KY,21239,Woodford County,2024-10-25,11,inperson,125,,71,45,,,1,ky-sbe,2026-09-08T00:21:59+00:00
2024,KY,21239,Woodford County,2024-10-25,11,mail,617,,358,197,,,1,ky-sbe,2026-09-08T00:21:59+00:00
2024,KY,21239,Woodford County,2024-10-26,10,inperson,160,,90,60,,,1,ky-sbe,2026-09-08T00:21:59+00:00
2024,KY,21239,Woodford County,2024-10-26,10,mail,653,,375,213,,,1,ky-sbe,2026-09-08T00:21:59+00:00
2024,KY,21239,Woodford County,2024-10-29,7,inperson,193,,108,73,,,1,ky-sbe,2026-09-08T00:21:59+00:00
2024,KY,21239,Woodford County,2024-10-29,7,mail,702,,401,227,,,1,ky-sbe,2026-09-08T00:21:59+00:00
2024,KY,21239,Woodford County,2024-10-30,6,inperson,225,,126,85,,,1,ky-sbe,2026-09-08T00:21:59+00:00
2024,KY,21239,Woodford County,2024-10-30,6,mail,748,,422,250,,,1,ky-sbe,2026-09-08T00:21:59+00:00
2024,KY,21239,Woodford County,2024-10-31,5,inperson,259,,141,101,,,1,ky-sbe,2026-09-08T00:21:59+00:00
2024,KY,21239,Woodford County,2024-10-31,5,mail,783,,442,262,,,1,ky-sbe,2026-09-08T00:21:59+00:00
2024,KY,21239,Woodford County,2024-11-01,4,inperson,2945,,1364,1338,,,1,ky-sbe,2026-09-08T00:21:59+00:00
2024,KY,21239,Woodford County,2024-11-01,4,mail,834,,468,281,,,1,ky-sbe,2026-09-08T00:21:59+00:00
2024,KY,21239,Woodford County,2024-11-02,3,inperson,5898,,2766,2658,,,1,ky-sbe,2026-09-08T00:21:59+00:00
2024,KY,21239,Woodford County,2024-11-02,3,mail,834,,468,281,,,1,ky-sbe,2026-09-08T00:21:59+00:00
2024,KY,21239,Woodford County,2024-11-03,2,inperson,7780,,3615,3550,,,1,ky-sbe,2026-09-08T00:21:59+00:00
2024,KY,21239,Woodford County,2024-11-03,2,mail,835,,468,281,,,1,ky-sbe,2026-09-08T00:21:59+00:00
2024,KY,21239,Woodford County,2024-11-05,0,inperson,7780,,3615,3550,,,1,ky-sbe,2026-09-08T00:21:59+00:00
2024,KY,21239,Woodford County,2024-11-05,0,mail,930,,514,316,,,1,ky-sbe,2026-09-08T00:21:59+00:00
