cycle,state,date,days_to_election,reference_cycle,reference_date,reference_days_to_election,implied_margin_2024,actual_margin_2024,shift_pp,shift_lo,shift_hi,composition_margin,reference_composition_margin,dims_used,dims_reported,counties_used,counties_total,county_coverage,reference_counties_used,reference_county_coverage,ballots,reference_ballots,completeness,reference_completeness,party_margin_shift_pp,party_coverage,reference_party_coverage,age_shift_tv,race_shift_tv,sex_shift_tv,demo_coverage,behaviour_cycle,confidence,method,source_name,retrieved_at
2022,OK,2022-11-08,0,2020,2020-11-03,0,-35.9180,-34.9401,-0.9779,-11.9779,10.0221,-31.8936,-30.9157,county,county;party,77,77,1.0000,77,1.0000,204082,454142,0.4494,1.0000,-10.6194,1.0000,1.0000,,,,,2024,medium,pres2024-county-composition-diff,electindex-counterfactual/pres2024-county-returns,2026-09-08T15:12:09+00:00
2022,PA,2022-08-31,69,2020,2020-08-26,69,9.7449,-1.7264,11.4713,-12.0287,34.9713,-31.3172,-42.7885,county,county;party,1,67,1.0000,2,1.0000,1,6,0.0000,0.0000,66.6667,1.0000,1.0000,,,,,2024,early,pres2024-county-composition-diff,electindex-counterfactual/pres2024-county-returns,2026-09-20T23:59:11+00:00
2022,PA,2022-09-01,68,2020,2020-08-27,68,9.7449,-1.7264,11.4713,-12.0287,34.9713,-31.3172,-42.7885,county,county;party,1,67,1.0000,2,1.0000,1,6,0.0000,0.0000,66.6667,1.0000,1.0000,,,,,2024,early,pres2024-county-composition-diff,electindex-counterfactual/pres2024-county-returns,2026-09-20T23:59:11+00:00
2022,PA,2022-09-02,67,2020,2020-08-28,67,8.9450,-1.7264,10.6714,-12.8286,34.1714,-31.3172,-41.9886,county,county;party,1,67,1.0000,3,1.0000,1,7,0.0000,0.0000,57.1429,1.0000,1.0000,,,,,2024,early,pres2024-county-composition-diff,electindex-counterfactual/pres2024-county-returns,2026-09-20T23:59:11+00:00
2022,PA,2022-09-03,66,2020,2020-08-29,66,8.9450,-1.7264,10.6714,-12.8286,34.1714,-31.3172,-41.9886,county,county;party,1,67,1.0000,3,1.0000,1,7,0.0000,0.0000,57.1429,1.0000,1.0000,,,,,2024,early,pres2024-county-composition-diff,electindex-counterfactual/pres2024-county-returns,2026-09-20T23:59:11+00:00
2022,PA,2022-09-04,65,2020,2020-08-30,65,8.9450,-1.7264,10.6714,-12.8286,34.1714,-31.3172,-41.9886,county,county;party,1,67,1.0000,3,1.0000,1,7,0.0000,0.0000,57.1429,1.0000,1.0000,,,,,2024,early,pres2024-county-composition-diff,electindex-counterfactual/pres2024-county-returns,2026-09-20T23:59:11+00:00
2022,PA,2022-09-05,64,2020,2020-08-31,64,7.8786,-1.7264,9.6050,-13.8950,33.1050,-31.3172,-40.9222,county,county;party,1,67,1.0000,3,1.0000,1,9,0.0000,0.0000,50.0000,1.0000,1.0000,,,,,2024,early,pres2024-county-composition-diff,electindex-counterfactual/pres2024-county-returns,2026-09-20T23:59:11+00:00
2022,PA,2022-09-06,63,2020,2020-09-01,63,-4.4286,-1.7264,-2.7022,-26.2022,20.7978,-31.3172,-28.6150,county,county;party,1,67,1.0000,4,1.0000,1,20,0.0000,0.0000,47.0588,1.0000,1.0000,,,,,2024,early,pres2024-county-composition-diff,electindex-counterfactual/pres2024-county-returns,2026-09-20T23:59:11+00:00
2022,PA,2022-09-07,62,2020,2020-09-02,62,-7.6039,-1.7264,-5.8775,-29.3775,17.6225,-31.3172,-25.4397,county,county;party,1,67,1.0000,4,1.0000,1,24,0.0000,0.0000,47.6190,1.0000,1.0000,,,,,2024,early,pres2024-county-composition-diff,electindex-counterfactual/pres2024-county-returns,2026-09-20T23:59:11+00:00
2022,PA,2022-09-08,61,2020,2020-09-03,61,0.6365,-1.7264,2.3628,-21.1372,25.8628,-21.8068,-24.1696,county,county;party,2,67,1.0000,6,1.0000,2,32,0.0000,0.0000,44.4444,1.0000,1.0000,,,,,2024,early,pres2024-county-composition-diff,electindex-counterfactual/pres2024-county-returns,2026-09-20T23:59:11+00:00
2022,PA,2022-09-09,60,2020,2020-09-04,60,4.4388,-1.7264,6.1652,-17.3348,29.6652,-15.4719,-21.6371,county,county;party,4,67,1.0000,6,1.0000,11,41,0.0000,0.0000,-50.0000,1.0000,1.0000,,,,,2024,early,pres2024-county-composition-diff,electindex-counterfactual/pres2024-county-returns,2026-09-20T23:59:11+00:00
2022,PA,2022-09-10,59,2020,2020-09-05,59,4.4388,-1.7264,6.1652,-17.3348,29.6652,-15.4719,-21.6371,county,county;party,4,67,1.0000,6,1.0000,11,41,0.0000,0.0000,-50.0000,1.0000,1.0000,,,,,2024,early,pres2024-county-composition-diff,electindex-counterfactual/pres2024-county-returns,2026-09-20T23:59:11+00:00
2022,PA,2022-09-11,58,2020,2020-09-06,58,3.8383,-1.7264,5.5647,-17.9353,29.0647,-15.4719,-21.0366,county,county;party,4,67,1.0000,7,1.0000,11,46,0.0000,0.0000,-50.0000,1.0000,1.0000,,,,,2024,early,pres2024-county-composition-diff,electindex-counterfactual/pres2024-county-returns,2026-09-20T23:59:11+00:00
2022,PA,2022-09-12,57,2020,2020-09-07,57,3.0920,-1.7264,4.8184,-18.6816,28.3184,-16.2181,-21.0366,county,county;party,6,67,1.0000,7,1.0000,13,46,0.0000,0.0000,-40.9091,1.0000,1.0000,,,,,2024,early,pres2024-county-composition-diff,electindex-counterfactual/pres2024-county-returns,2026-09-20T23:59:11+00:00
2022,PA,2022-09-13,56,2020,2020-09-08,56,5.2956,-1.7264,7.0220,-16.4780,30.5220,-15.3308,-22.3528,county,county;party,6,67,1.0000,9,1.0000,15,62,0.0000,0.0000,-11.4685,1.0000,1.0000,,,,,2024,early,pres2024-county-composition-diff,electindex-counterfactual/pres2024-county-returns,2026-09-20T23:59:11+00:00
2022,PA,2022-09-14,55,2020,2020-09-09,55,-0.6394,-1.7264,1.0870,-22.4130,24.5870,-19.9036,-20.9906,county,county;party,7,67,1.0000,9,1.0000,19,91,0.0000,0.0000,-18.1683,1.0000,1.0000,,,,,2024,early,pres2024-county-composition-diff,electindex-counterfactual/pres2024-county-returns,2026-09-20T23:59:11+00:00
2022,PA,2022-09-15,54,2020,2020-09-10,54,-0.3841,-1.7264,1.3423,-22.1577,24.8423,-19.1791,-20.5214,county,county;party,7,67,1.0000,9,1.0000,21,100,0.0000,0.0000,-12.9462,1.0000,1.0000,,,,,2024,early,pres2024-county-composition-diff,electindex-counterfactual/pres2024-county-returns,2026-09-20T23:59:11+00:00
2022,PA,2022-09-16,53,2020,2020-09-11,53,0.1459,-1.7264,1.8722,-21.6278,25.3722,-19.1791,-21.0513,county,county;party,7,67,1.0000,10,1.0000,21,104,0.0000,0.0000,-13.8809,1.0000,1.0000,,,,,2024,early,pres2024-county-composition-diff,electindex-counterfactual/pres2024-county-returns,2026-09-20T23:59:11+00:00
2022,PA,2022-09-17,52,2020,2020-09-12,52,-0.6747,-1.7264,1.0517,-22.4483,24.5517,-19.1791,-20.2307,county,county;party,7,67,1.0000,10,1.0000,21,112,0.0000,0.0000,-16.8636,1.0000,1.0000,,,,,2024,early,pres2024-county-composition-diff,electindex-counterfactual/pres2024-county-returns,2026-09-20T23:59:11+00:00
2022,PA,2022-09-18,51,2020,2020-09-13,51,0.4302,-1.7264,2.1565,-21.3435,25.6565,-19.1791,-21.3356,county,county;party,7,67,1.0000,10,1.0000,21,117,0.0000,0.0000,-20.1329,1.0000,1.0000,,,,,2024,early,pres2024-county-composition-diff,electindex-counterfactual/pres2024-county-returns,2026-09-20T23:59:11+00:00
2022,PA,2022-09-19,50,2020,2020-09-14,50,1.4074,-1.7264,3.1338,-20.3662,26.6338,-16.9574,-20.0911,county,county;party,8,67,1.0000,12,1.0000,37,172,0.0000,0.0001,-12.5541,1.0000,1.0000,,,,,2024,early,pres2024-county-composition-diff,electindex-counterfactual/pres2024-county-returns,2026-09-20T23:59:11+00:00
2022,PA,2022-09-20,49,2020,2020-09-15,49,-0.1892,-1.7264,1.5372,-21.9628,25.0372,-18.3090,-19.8462,county,county;party,8,67,1.0000,13,1.0000,48,225,0.0000,0.0001,1.5504,1.0000,0.9822,,,,,2024,early,pres2024-county-composition-diff,electindex-counterfactual/pres2024-county-returns,2026-09-20T23:59:11+00:00
2022,PA,2022-09-21,48,2020,2020-09-16,48,-2.6506,-1.7264,-0.9242,-24.4242,22.5758,-20.6588,-19.7346,county,county;party,8,67,1.0000,15,1.0000,58,260,0.0000,0.0001,-6.1099,1.0000,0.9846,,,,,2024,early,pres2024-county-composition-diff,electindex-counterfactual/pres2024-county-returns,2026-09-20T23:59:11+00:00
2022,PA,2022-09-22,47,2020,2020-09-17,47,-3.7026,-1.7264,-1.9762,-25.4762,21.5238,-21.8516,-19.8754,county,county;party,8,67,1.0000,16,1.0000,74,284,0.0000,0.0001,-12.7173,1.0000,0.9824,,,,,2024,early,pres2024-county-composition-diff,electindex-counterfactual/pres2024-county-returns,2026-09-20T23:59:11+00:00
2022,PA,2022-09-23,46,2020,2020-09-18,46,-6.8051,-1.7264,-5.0787,-28.5787,18.4213,-24.6580,-19.5793,county,county;party,11,67,1.0000,19,1.0000,90,341,0.0000,0.0001,-20.1451,1.0000,0.9795,,,,,2024,early,pres2024-county-composition-diff,electindex-counterfactual/pres2024-county-returns,2026-09-20T23:59:11+00:00
2022,PA,2022-09-24,45,2020,2020-09-19,45,-7.0409,-1.7264,-5.3145,-28.8145,18.1855,-24.8266,-19.5121,county,county;party,12,67,1.0000,19,1.0000,91,366,0.0000,0.0001,-20.0101,1.0000,0.9809,,,,,2024,early,pres2024-county-composition-diff,electindex-counterfactual/pres2024-county-returns,2026-09-20T23:59:11+00:00
2022,PA,2022-09-25,44,2020,2020-09-20,44,-7.0409,-1.7264,-5.3145,-28.8145,18.1855,-24.8266,-19.5121,county,county;party,12,67,1.0000,19,1.0000,91,366,0.0000,0.0001,-20.0101,1.0000,0.9809,,,,,2024,early,pres2024-county-composition-diff,electindex-counterfactual/pres2024-county-returns,2026-09-20T23:59:11+00:00
2022,PA,2022-09-26,43,2020,2020-09-21,43,11.9277,-1.7264,13.6540,-9.8460,37.1540,-5.0502,-18.7042,county,county;party,17,67,1.0000,27,1.0000,1251,465,0.0005,0.0002,21.2417,0.9992,0.9806,,,,,2024,early,pres2024-county-composition-diff,electindex-counterfactual/pres2024-county-returns,2026-09-20T23:59:11+00:00
2022,PA,2022-09-27,42,2020,2020-09-22,42,10.8371,-1.7264,12.5635,-10.9365,36.0635,-4.9941,-17.5575,county,county;party,23,67,1.0000,32,1.0000,1403,535,0.0005,0.0002,22.1259,0.9993,0.9832,,,,,2024,early,pres2024-county-composition-diff,electindex-counterfactual/pres2024-county-returns,2026-09-20T23:59:11+00:00
2022,PA,2022-09-28,41,2020,2020-09-23,41,13.2725,-1.7264,14.9989,-8.5011,38.4989,-1.3951,-16.3940,county,county;party,31,67,1.0000,37,1.0000,3234,669,0.0013,0.0003,20.5914,0.9994,0.9865,,,,,2024,early,pres2024-county-composition-diff,electindex-counterfactual/pres2024-county-returns,2026-09-20T23:59:11+00:00
2022,PA,2022-09-29,40,2020,2020-09-24,40,12.4005,-1.7264,14.1269,-9.3731,37.6269,-0.6624,-14.7892,county,county;party,37,67,1.0000,43,1.0000,4623,822,0.0018,0.0003,22.1032,0.9994,0.9866,,,,,2024,early,pres2024-county-composition-diff,electindex-counterfactual/pres2024-county-returns,2026-09-20T23:59:11+00:00
2022,PA,2022-09-30,39,2020,2020-09-25,39,10.0858,-1.7264,11.8122,-11.6878,35.3122,-1.2892,-13.1014,county,county;party,42,67,1.0000,47,1.0000,5804,1107,0.0023,0.0004,18.2698,0.9993,0.9874,,,,,2024,early,pres2024-county-composition-diff,electindex-counterfactual/pres2024-county-returns,2026-09-20T23:59:11+00:00
2022,PA,2022-10-01,38,2020,2020-09-26,38,9.5435,-1.7264,11.2699,-12.2301,34.7699,-1.2761,-12.5460,county,county;party,43,67,1.0000,47,1.0000,5808,1141,0.0023,0.0004,17.7217,0.9993,0.9877,,,,,2024,early,pres2024-county-composition-diff,electindex-counterfactual/pres2024-county-returns,2026-09-20T23:59:11+00:00
2022,PA,2022-10-02,37,2020,2020-09-27,37,8.4240,-1.7264,10.1504,-13.3496,33.6504,-1.2761,-11.4266,county,county;party,43,67,1.0000,48,1.0000,5808,1185,0.0023,0.0005,16.3147,0.9993,0.9882,,,,,2024,early,pres2024-county-composition-diff,electindex-counterfactual/pres2024-county-returns,2026-09-20T23:59:11+00:00
2022,PA,2022-10-03,36,2020,2020-09-28,36,1.8071,-1.7264,3.5335,-19.9665,27.0335,-8.0824,-11.6159,county,county;party,46,67,1.0000,54,1.0000,10245,1819,0.0040,0.0007,13.5979,0.9992,0.9879,,,,,2024,early,pres2024-county-composition-diff,electindex-counterfactual/pres2024-county-returns,2026-09-20T23:59:11+00:00
2022,PA,2022-10-04,35,2020,2020-09-29,35,-1.7628,-1.7264,-0.0364,-23.5364,23.4636,-12.7873,-12.7509,county,county;party,53,67,1.0000,54,1.0000,12232,2617,0.0047,0.0010,12.4254,0.9993,0.9897,,,,,2024,early,pres2024-county-composition-diff,electindex-counterfactual/pres2024-county-returns,2026-09-20T23:59:11+00:00
2022,PA,2022-10-05,34,2020,2020-09-30,34,-29.6446,-1.7264,-27.9182,-51.4182,0.0000,-15.5079,12.4104,county,county;party,56,67,1.0000,54,1.0000,22546,14239,0.0088,0.0055,-20.4985,0.9994,0.9940,,,,,2024,early,pres2024-county-composition-diff,electindex-counterfactual/pres2024-county-returns,2026-09-20T23:59:11+00:00
2022,PA,2022-10-06,33,2020,2020-10-01,33,-25.7140,-1.7264,-23.9876,-47.4876,0.0000,-11.4678,12.5199,county,county;party,59,67,1.0000,55,1.0000,34037,21035,0.0132,0.0082,-17.0199,0.9994,0.9946,,,,,2024,early,pres2024-county-composition-diff,electindex-counterfactual/pres2024-county-returns,2026-09-20T23:59:11+00:00
2022,PA,2022-10-07,32,2020,2020-10-02,32,-22.3237,-1.7264,-20.5974,-44.0974,2.9026,-8.3319,12.2655,county,county;party,61,67,1.0000,57,1.0000,49226,29752,0.0191,0.0116,-14.4561,0.9995,0.9949,,,,,2024,early,pres2024-county-composition-diff,electindex-counterfactual/pres2024-county-returns,2026-09-20T23:59:11+00:00
2022,PA,2022-10-08,31,2020,2020-10-03,31,-21.8486,-1.7264,-20.1222,-43.6222,3.3778,-8.0001,12.1222,county,county;party,61,67,1.0000,57,1.0000,50728,38466,0.0197,0.0149,-14.6947,0.9995,0.9953,,,,,2024,early,pres2024-county-composition-diff,electindex-counterfactual/pres2024-county-returns,2026-09-20T23:59:11+00:00
2022,PA,2022-10-09,30,2020,2020-10-04,30,-21.8156,-1.7264,-20.0892,-43.5892,3.4108,-8.0304,12.0589,county,county;party,61,67,1.0000,58,1.0000,50816,38685,0.0197,0.0150,-14.5216,0.9995,0.9953,,,,,2024,early,pres2024-county-composition-diff,electindex-counterfactual/pres2024-county-returns,2026-09-20T23:59:11+00:00
2022,PA,2022-10-10,29,2020,2020-10-05,29,-21.1669,-1.7264,-19.4405,-42.9405,4.0595,-8.4003,11.0402,county,county;party,63,67,1.0000,60,1.0000,51973,76356,0.0202,0.0296,-14.9207,0.9995,0.9954,,,,,2024,early,pres2024-county-composition-diff,electindex-counterfactual/pres2024-county-returns,2026-09-20T23:59:11+00:00
2022,PA,2022-10-11,28,2020,2020-10-06,28,-18.0140,-1.7264,-16.2876,-39.7876,7.2124,-7.2208,9.0668,county,county;party,63,67,1.0000,62,1.0000,98556,91811,0.0383,0.0356,-12.4510,0.9996,0.9956,,,,,2024,early,pres2024-county-composition-diff,electindex-counterfactual/pres2024-county-returns,2026-09-20T23:59:11+00:00
2022,PA,2022-10-12,27,2020,2020-10-07,27,-17.7746,-1.7264,-16.0482,-39.5482,7.4518,-6.2409,9.8073,county,county;party,63,67,1.0000,64,1.0000,123988,170018,0.0481,0.0660,-9.5739,0.9996,0.9962,,,,,2024,early,pres2024-county-composition-diff,electindex-counterfactual/pres2024-county-returns,2026-09-20T23:59:11+00:00
2022,PA,2022-10-13,26,2020,2020-10-08,26,-18.0312,-1.7264,-16.3049,-39.8049,7.1951,-6.1637,10.1412,county,county;party,64,67,1.0000,65,1.0000,181807,216888,0.0706,0.0842,-8.6853,0.9997,0.9966,,,,,2024,early,pres2024-county-composition-diff,electindex-counterfactual/pres2024-county-returns,2026-09-20T23:59:11+00:00
2022,PA,2022-10-14,25,2020,2020-10-09,25,-19.4612,-1.7264,-17.7348,-41.2348,5.7652,-6.6334,11.1015,county,county;party,64,67,1.0000,65,1.0000,225703,273024,0.0876,0.1060,-9.2152,0.9997,0.9969,,,,,2024,early,pres2024-county-composition-diff,electindex-counterfactual/pres2024-county-returns,2026-09-20T23:59:11+00:00
2022,PA,2022-10-15,24,2020,2020-10-10,24,-26.7797,-1.7264,-25.0533,-48.5533,0.0000,-6.0558,18.9976,county,county;party,64,67,1.0000,65,1.0000,235362,359007,0.0914,0.1394,-12.5884,0.9996,0.9973,,,,,2024,early,pres2024-county-composition-diff,electindex-counterfactual/pres2024-county-returns,2026-09-20T23:59:11+00:00
2022,PA,2022-10-16,23,2020,2020-10-11,23,-28.1381,-1.7264,-26.4117,-49.9117,0.0000,-6.0558,20.3559,county,county;party,64,67,1.0000,65,1.0000,235362,379147,0.0914,0.1472,-13.3839,0.9996,0.9973,,,,,2024,early,pres2024-county-composition-diff,electindex-counterfactual/pres2024-county-returns,2026-09-20T23:59:11+00:00
2022,PA,2022-10-17,22,2020,2020-10-12,22,-22.0560,-1.7264,-20.3296,-43.8296,3.1704,-1.1033,19.2263,county,county;party,64,67,1.0000,65,1.0000,316930,436100,0.1230,0.1693,-10.1996,0.9995,0.9973,,,,,2024,early,pres2024-county-composition-diff,electindex-counterfactual/pres2024-county-returns,2026-09-20T23:59:11+00:00
2022,PA,2022-10-18,21,2020,2020-10-13,21,-16.9912,-1.7264,-15.2649,-38.7649,8.2351,0.7427,16.0076,county,county;party,65,67,1.0000,66,1.0000,367751,514155,0.1428,0.1996,-6.5008,0.9995,0.9975,,,,,2024,early,pres2024-county-composition-diff,electindex-counterfactual/pres2024-county-returns,2026-09-20T23:59:11+00:00
2022,PA,2022-10-19,20,2020,2020-10-14,20,-14.9656,-1.7264,-13.2392,-36.7392,10.2608,1.0381,14.2773,county,county;party,66,67,1.0000,66,1.0000,439358,585605,0.1706,0.2273,-5.6295,0.9995,0.9976,,,,,2024,early,pres2024-county-composition-diff,electindex-counterfactual/pres2024-county-returns,2026-09-20T23:59:11+00:00
2022,PA,2022-10-20,19,2020,2020-10-15,19,-14.3365,-1.7264,-12.6101,-36.1101,10.8899,0.5383,13.1484,county,county;party,66,67,1.0000,66,1.0000,499834,683297,0.1940,0.2653,-4.7726,0.9994,0.9978,,,,,2024,early,pres2024-county-composition-diff,electindex-counterfactual/pres2024-county-returns,2026-09-20T23:59:11+00:00
2022,PA,2022-10-21,18,2020,2020-10-16,18,-12.3306,-1.7264,-10.6042,-34.1042,12.8958,-0.2468,10.3574,county,county;party,66,67,1.0000,66,1.0000,532413,822765,0.2067,0.3194,-3.4634,0.9994,0.9980,,,,,2024,early,pres2024-county-composition-diff,electindex-counterfactual/pres2024-county-returns,2026-09-20T23:59:11+00:00
2022,PA,2022-10-22,17,2020,2020-10-17,17,-10.9797,-1.7264,-9.2533,-32.7533,14.2467,0.1535,9.4068,county,county;party,66,67,1.0000,66,1.0000,551459,869369,0.2141,0.3375,-2.8849,0.9994,0.9980,,,,,2024,early,pres2024-county-composition-diff,electindex-counterfactual/pres2024-county-returns,2026-09-20T23:59:11+00:00
2022,PA,2022-10-23,16,2020,2020-10-18,16,-10.9300,-1.7264,-9.2036,-32.7036,14.2964,1.2085,10.4121,county,county;party,66,67,1.0000,66,1.0000,561439,891032,0.2180,0.3459,-2.7926,0.9994,0.9980,,,,,2024,early,pres2024-county-composition-diff,electindex-counterfactual/pres2024-county-returns,2026-09-20T23:59:11+00:00
2022,PA,2022-10-24,15,2020,2020-10-19,15,-10.5873,-1.7264,-8.8610,-32.3610,14.6390,0.8544,9.7153,county,county;party,67,67,1.0000,66,1.0000,629770,1032191,0.2445,0.4007,-2.2364,0.9994,0.9981,,,,,2024,early,pres2024-county-composition-diff,electindex-counterfactual/pres2024-county-returns,2026-09-20T23:59:11+00:00
2022,PA,2022-10-25,14,2020,2020-10-20,14,-8.7909,-1.7264,-7.0645,-18.0645,3.9355,1.2365,8.3010,county,county;party,67,67,1.0000,67,1.0000,678194,1183737,0.2633,0.4596,-0.5842,0.9994,0.9981,,,,,2024,medium,pres2024-county-composition-diff,electindex-counterfactual/pres2024-county-returns,2026-09-08T15:12:09+00:00
2022,PA,2022-10-26,13,2020,2020-10-21,13,-8.1372,-1.7264,-6.4108,-17.4108,4.5892,1.1198,7.5306,county,county;party,67,67,1.0000,67,1.0000,730100,1324281,0.2834,0.5141,0.0090,0.9994,0.9982,,,,,2024,medium,pres2024-county-composition-diff,electindex-counterfactual/pres2024-county-returns,2026-09-08T15:12:09+00:00
2022,PA,2022-10-27,12,2020,2020-10-22,12,-7.3985,-1.7264,-5.6721,-16.6721,5.3279,1.0997,6.7718,county,county;party,67,67,1.0000,67,1.0000,782292,1451912,0.3037,0.5637,0.5337,0.9994,0.9982,,,,,2024,medium,pres2024-county-composition-diff,electindex-counterfactual/pres2024-county-returns,2026-09-08T15:12:09+00:00
2022,PA,2022-10-28,11,2020,2020-10-23,11,-6.9149,-1.7264,-5.1885,-16.1885,5.8115,1.2278,6.4163,county,county;party,67,67,1.0000,67,1.0000,824705,1569168,0.3202,0.6092,0.9005,0.9994,0.9983,,,,,2024,medium,pres2024-county-composition-diff,electindex-counterfactual/pres2024-county-returns,2026-09-08T15:12:09+00:00
2022,PA,2022-10-29,10,2020,2020-10-24,10,-6.8497,-1.7264,-5.1233,-16.1233,5.8767,1.4334,6.5566,county,county;party,67,67,1.0000,67,1.0000,839823,1671776,0.3260,0.6490,1.3134,0.9994,0.9983,,,,,2024,medium,pres2024-county-composition-diff,electindex-counterfactual/pres2024-county-returns,2026-09-08T15:12:09+00:00
2022,PA,2022-10-30,9,2020,2020-10-25,9,-6.9917,-1.7264,-5.2653,-16.2653,5.7347,1.4743,6.7395,county,county;party,67,67,1.0000,67,1.0000,841271,1708532,0.3266,0.6633,1.3390,0.9994,0.9983,,,,,2024,medium,pres2024-county-composition-diff,electindex-counterfactual/pres2024-county-returns,2026-09-08T15:12:09+00:00
2022,PA,2022-10-31,8,2020,2020-10-26,8,-6.8186,-1.7264,-5.0922,-16.0922,5.9078,1.0885,6.1807,county,county;party,67,67,1.0000,67,1.0000,901987,1836011,0.3502,0.7128,1.5778,0.9994,0.9983,,,,,2024,medium,pres2024-county-composition-diff,electindex-counterfactual/pres2024-county-returns,2026-09-08T15:12:09+00:00
2022,PA,2022-11-01,7,2020,2020-10-27,7,-6.5338,-1.7264,-4.8074,-15.8074,6.1926,1.4730,6.2805,county,county;party,67,67,1.0000,67,1.0000,951838,1976809,0.3695,0.7674,2.0897,0.9994,0.9983,,,,,2024,medium,pres2024-county-composition-diff,electindex-counterfactual/pres2024-county-returns,2026-09-08T15:12:09+00:00
2022,PA,2022-11-02,6,2020,2020-10-28,6,-6.1894,-1.7264,-4.4631,-15.4631,6.5369,1.5801,6.0432,county,county;party,67,67,1.0000,67,1.0000,1003823,2117300,0.3897,0.8220,2.7572,0.9994,0.9983,,,,,2024,medium,pres2024-county-composition-diff,electindex-counterfactual/pres2024-county-returns,2026-09-08T15:12:09+00:00
2022,PA,2022-11-03,5,2020,2020-10-29,5,-6.1530,-1.7264,-4.4266,-15.4266,6.5734,1.6138,6.0405,county,county;party,67,67,1.0000,67,1.0000,1048421,2238547,0.4070,0.8691,3.2633,0.9994,0.9983,,,,,2024,medium,pres2024-county-composition-diff,electindex-counterfactual/pres2024-county-returns,2026-09-08T15:12:09+00:00
2022,PA,2022-11-04,4,2020,2020-10-30,4,-5.9724,-1.7264,-4.2461,-15.2461,6.7539,1.5587,5.8047,county,county;party,67,67,1.0000,67,1.0000,1079956,2325157,0.4193,0.9027,3.7100,0.9994,0.9983,,,,,2024,medium,pres2024-county-composition-diff,electindex-counterfactual/pres2024-county-returns,2026-09-08T15:12:09+00:00
2022,PA,2022-11-05,3,2020,2020-10-31,3,-5.4949,-1.7264,-3.7685,-14.7685,7.2315,1.8944,5.6629,county,county;party,67,67,1.0000,67,1.0000,1107452,2376089,0.4299,0.9225,4.2856,0.9993,0.9983,,,,,2024,medium,pres2024-county-composition-diff,electindex-counterfactual/pres2024-county-returns,2026-09-08T15:12:09+00:00
2022,PA,2022-11-06,2,2020,2020-11-01,2,-5.5842,-1.7264,-3.8578,-14.8578,7.1422,1.9614,5.8192,county,county;party,67,67,1.0000,67,1.0000,1109885,2403752,0.4309,0.9332,4.4780,0.9994,0.9983,,,,,2024,medium,pres2024-county-composition-diff,electindex-counterfactual/pres2024-county-returns,2026-09-08T15:12:09+00:00
2022,PA,2022-11-07,1,2020,2020-11-02,1,-5.3003,-1.7264,-3.5739,-14.5739,7.4261,1.9884,5.5623,county,county;party,67,67,1.0000,67,1.0000,1174369,2496977,0.4559,0.9694,4.8232,0.9993,0.9983,,,,,2024,medium,pres2024-county-composition-diff,electindex-counterfactual/pres2024-county-returns,2026-09-08T15:12:09+00:00
2022,PA,2022-11-08,0,2020,2020-11-03,0,-4.8345,-1.7264,-3.1081,-14.1081,7.8919,2.4170,5.5251,county,county;party,67,67,1.0000,67,1.0000,1229449,2575821,0.4773,1.0000,5.5695,0.9993,0.9983,,,,,2024,medium,pres2024-county-composition-diff,electindex-counterfactual/pres2024-county-returns,2026-09-08T15:12:09+00:00
2024,CA,2024-10-31,5,2022,2022-11-04,4,19.7966,20.8003,-1.0037,-12.0037,9.9963,19.9200,20.9237,county,county,58,58,1.0000,58,1.0000,6010176,3839942,1.1490,0.7341,,,,,,,,2024,medium,pres2024-county-composition-diff,electindex-counterfactual/pres2024-county-returns,2026-09-09T18:31:47+00:00
2024,CA,2024-11-04,1,2022,2022-11-07,1,20.5103,20.8003,-0.2900,-11.2900,10.7100,20.9426,21.2326,county,county,58,58,1.0000,58,1.0000,8058584,4727091,1.5406,0.9037,,,,,,,,2024,medium,pres2024-county-composition-diff,electindex-counterfactual/pres2024-county-returns,2026-09-09T18:31:47+00:00
2024,CA,2024-11-05,0,2022,2022-11-08,0,20.5816,20.8003,-0.2187,-11.2187,10.7813,21.1272,21.3458,county,county,58,58,1.0000,58,1.0000,9137249,5230699,1.7469,1.0000,,,,,,,,2024,medium,pres2024-county-composition-diff,electindex-counterfactual/pres2024-county-returns,2026-09-09T18:31:47+00:00
2024,CO,2024-10-28,8,2022,2022-10-31,8,11.5483,11.2931,0.2552,-10.7448,11.2552,9.8451,9.5899,county,county;party,64,64,1.0000,64,1.0000,1271157,742935,0.7538,0.4406,-2.2285,1.0000,1.0000,,,,,2024,medium,pres2024-county-composition-diff,electindex-counterfactual/pres2024-county-returns,2026-09-08T15:12:09+00:00
2024,CO,2024-10-29,7,2022,2022-11-01,7,11.3419,11.2931,0.0488,-10.9512,11.0488,10.0934,10.0446,county,county;party,64,64,1.0000,64,1.0000,1436325,862637,0.8518,0.5116,-2.3494,1.0000,1.0000,,,,,2024,medium,pres2024-county-composition-diff,electindex-counterfactual/pres2024-county-returns,2026-09-08T15:12:09+00:00
2024,CO,2024-10-30,6,2022,2022-11-02,6,11.4665,11.2931,0.1734,-10.8266,11.1734,10.1475,9.9741,county,county;party,64,64,1.0000,64,1.0000,1592308,981210,0.9443,0.5819,-2.0092,1.0000,1.0000,,,,,2024,medium,pres2024-county-composition-diff,electindex-counterfactual/pres2024-county-returns,2026-09-08T15:12:09+00:00
2024,CO,2024-10-31,5,2022,2022-11-03,5,11.4073,11.2931,0.1142,-10.8858,11.1142,10.2376,10.1234,county,county;party,64,64,1.0000,64,1.0000,1731171,1099847,1.0266,0.6522,-1.9829,1.0000,1.0000,,,,,2024,medium,pres2024-county-composition-diff,electindex-counterfactual/pres2024-county-returns,2026-09-08T15:12:09+00:00
2024,DE,2024-10-29,7,2022,2022-11-04,4,14.1006,14.9585,-0.8579,-11.8579,10.1421,6.7476,7.6054,county,county,3,3,1.0000,3,1.0000,112206,58398,1.4241,0.7412,,,1.0000,,,,,2024,medium,pres2024-county-composition-diff,electindex-counterfactual/pres2024-county-returns,2026-09-08T18:47:25+00:00
2024,DE,2024-11-01,4,2022,2022-11-04,4,15.1374,14.9585,0.1789,-10.8211,11.1789,7.7843,7.6054,county,county,3,3,1.0000,3,1.0000,187338,58398,2.3776,0.7412,,,1.0000,,,,,2024,medium,pres2024-county-composition-diff,electindex-counterfactual/pres2024-county-returns,2026-09-08T18:47:25+00:00
2024,DE,2024-11-03,2,2022,2022-11-07,1,15.9498,14.9585,0.9914,-10.0086,11.9914,8.9951,8.0038,county,county,3,3,1.0000,3,1.0000,229492,76977,2.9126,0.9770,,,1.0000,,,,,2024,medium,pres2024-county-composition-diff,electindex-counterfactual/pres2024-county-returns,2026-09-08T18:47:25+00:00
2024,DE,2024-11-04,1,2022,2022-11-07,1,16.3791,14.9585,1.4206,-9.5794,12.4206,9.4244,8.0038,county,county,3,3,1.0000,3,1.0000,245920,76977,3.1211,0.9770,,,1.0000,,,,,2024,medium,pres2024-county-composition-diff,electindex-counterfactual/pres2024-county-returns,2026-09-08T18:47:25+00:00
2024,DE,2024-11-05,0,2022,2022-11-08,0,16.4732,14.9585,1.5147,-9.4853,12.5147,9.4347,7.9200,county,county,3,3,1.0000,3,1.0000,247172,78792,3.1370,1.0000,,,1.0000,,,,,2024,medium,pres2024-county-composition-diff,electindex-counterfactual/pres2024-county-returns,2026-09-08T18:47:25+00:00
2024,FL,2024-09-30,36,2022,2022-10-06,33,-27.7870,-13.2221,-14.5649,-38.0649,8.9351,-23.9003,-9.3355,county,county;party,67,67,1.0000,67,1.0000,3244,27187,0.0007,0.0057,-8.6048,1.0000,1.0000,,,,,2024,early,pres2024-county-composition-diff,electindex-counterfactual/pres2024-county-returns,2026-09-20T23:59:11+00:00
2024,FL,2024-10-01,35,2022,2022-10-06,33,-25.4620,-13.2221,-12.2398,-35.7398,11.2602,-21.5753,-9.3355,county,county;party,67,67,1.0000,67,1.0000,6152,27187,0.0013,0.0057,-7.4782,1.0000,1.0000,,,,,2024,early,pres2024-county-composition-diff,electindex-counterfactual/pres2024-county-returns,2026-09-20T23:59:11+00:00
2024,FL,2024-10-02,34,2022,2022-10-06,33,-15.9647,-13.2221,-2.7426,-26.2426,20.7574,-12.0781,-9.3355,county,county;party,67,67,1.0000,67,1.0000,21232,27187,0.0044,0.0057,0.7204,1.0000,1.0000,,,,,2024,early,pres2024-county-composition-diff,electindex-counterfactual/pres2024-county-returns,2026-09-20T23:59:11+00:00
2024,FL,2024-10-03,33,2022,2022-10-06,33,-17.8394,-13.2221,-4.6173,-28.1173,18.8827,-13.9528,-9.3355,county,county;party,67,67,1.0000,67,1.0000,42573,27187,0.0089,0.0057,-1.4142,1.0000,1.0000,,,,,2024,early,pres2024-county-composition-diff,electindex-counterfactual/pres2024-county-returns,2026-09-20T23:59:11+00:00
2024,FL,2024-10-04,32,2022,2022-10-07,32,-17.1726,-13.2221,-3.9505,-27.4505,19.5495,-16.7095,-12.7590,county,county;party,67,67,1.0000,67,1.0000,76587,47199,0.0160,0.0099,0.5656,1.0000,1.0000,,,,,2024,early,pres2024-county-composition-diff,electindex-counterfactual/pres2024-county-returns,2026-09-20T23:59:11+00:00
2024,FL,2024-10-06,30,2022,2022-10-10,29,-18.5863,-13.2221,-5.3641,-28.8641,18.1359,-18.6972,-13.3331,county,county;party,67,67,1.0000,67,1.0000,145635,94668,0.0304,0.0198,-1.7224,1.0000,1.0000,,,,,2024,early,pres2024-county-composition-diff,electindex-counterfactual/pres2024-county-returns,2026-09-20T23:59:11+00:00
2024,FL,2024-10-07,29,2022,2022-10-10,29,-18.7614,-13.2221,-5.5392,-29.0392,17.9608,-18.8724,-13.3331,county,county;party,67,67,1.0000,67,1.0000,147794,94668,0.0309,0.0198,-1.7677,1.0000,1.0000,,,,,2024,early,pres2024-county-composition-diff,electindex-counterfactual/pres2024-county-returns,2026-09-20T23:59:11+00:00
2024,FL,2024-10-23,13,2022,2022-10-25,14,-14.0768,-13.2221,-0.8547,-11.8547,10.1453,-13.9523,-13.0976,county,county;party,67,67,1.0000,67,1.0000,2251158,1401072,0.4700,0.2925,-8.7854,1.0000,1.0000,,,,,2024,medium,pres2024-county-composition-diff,electindex-counterfactual/pres2024-county-returns,2026-09-08T15:12:09+00:00
2024,FL,2024-10-28,8,2022,2022-10-31,8,-13.9605,-13.2221,-0.7384,-11.7384,10.2616,-13.8198,-13.0814,county,county;party,67,67,1.0000,67,1.0000,4599039,2774204,0.9601,0.5792,-9.5410,1.0000,1.0000,,,,,2024,medium,pres2024-county-composition-diff,electindex-counterfactual/pres2024-county-returns,2026-09-08T15:12:09+00:00
2024,FL,2024-10-29,7,2022,2022-11-01,7,-13.7003,-13.2221,-0.4782,-11.4782,10.5218,-13.8801,-13.4019,county,county;party,67,67,1.0000,67,1.0000,5141915,3025793,1.0735,0.6317,-9.0553,1.0000,1.0000,,,,,2024,medium,pres2024-county-composition-diff,electindex-counterfactual/pres2024-county-returns,2026-09-08T15:12:09+00:00
2024,FL,2024-10-31,5,2022,2022-11-03,5,-13.3335,-13.2221,-0.1114,-11.1114,10.8886,-13.7508,-13.6394,county,county;party,67,67,1.0000,67,1.0000,6225974,3581580,1.2998,0.7477,-7.5347,1.0000,1.0000,,,,,2024,medium,pres2024-county-composition-diff,electindex-counterfactual/pres2024-county-returns,2026-09-08T15:12:09+00:00
2024,FL,2024-11-01,4,2022,2022-11-04,4,-13.2287,-13.2221,-0.0066,-11.0066,10.9934,-13.6485,-13.6419,county,county;party,67,67,1.0000,67,1.0000,6731960,3887262,1.4054,0.8115,-6.7655,1.0000,1.0000,,,,,2024,medium,pres2024-county-composition-diff,electindex-counterfactual/pres2024-county-returns,2026-09-08T15:12:09+00:00
2024,FL,2024-11-03,2,2022,2022-11-06,2,-13.1683,-13.2221,0.0539,-10.9461,11.0539,-13.5615,-13.6154,county,county;party,67,67,1.0000,67,1.0000,7833099,4558818,1.6353,0.9517,-5.3764,1.0000,1.0000,,,,,2024,medium,pres2024-county-composition-diff,electindex-counterfactual/pres2024-county-returns,2026-09-08T15:12:09+00:00
2024,FL,2024-11-04,1,2022,2022-11-07,1,-13.2099,-13.2221,0.0122,-10.9878,11.0122,-12.9998,-13.0120,county,county;party,67,67,1.0000,67,1.0000,8189384,4789974,1.7097,1.0000,-5.2105,1.0000,1.0000,,,,,2024,medium,pres2024-county-composition-diff,electindex-counterfactual/pres2024-county-returns,2026-09-08T15:12:09+00:00
2024,FL,2024-11-05,0,2022,2022-11-07,1,-13.1775,-13.2221,0.0447,-10.9553,11.0447,-12.9673,-13.0120,county,county;party,67,67,1.0000,67,1.0000,8289955,4789974,1.7307,1.0000,-4.9375,1.0000,1.0000,,,,,2024,medium,pres2024-county-composition-diff,electindex-counterfactual/pres2024-county-returns,2026-09-08T15:12:09+00:00
2024,IA,2024-10-17,19,2022,2022-10-20,19,-18.0841,-13.4456,-4.6385,-28.1385,18.8615,-17.4556,-12.8171,county,county;party,99,99,1.0000,99,1.0000,28102,11206,0.0758,0.0302,-9.5562,1.0000,1.0000,,,,,2024,early,pres2024-county-composition-diff,electindex-counterfactual/pres2024-county-returns,2026-09-20T23:59:11+00:00
2024,IA,2024-10-18,18,2022,2022-10-21,18,-15.7292,-13.4456,-2.2836,-25.7836,21.2164,-15.1864,-12.9027,county,county;party,99,99,1.0000,99,1.0000,49618,20799,0.1339,0.0561,-6.1997,1.0000,1.0000,,,,,2024,early,pres2024-county-composition-diff,electindex-counterfactual/pres2024-county-returns,2026-09-20T23:59:11+00:00
2024,IA,2024-10-21,15,2022,2022-10-24,15,-17.8043,-13.4456,-4.3587,-27.8587,19.1413,-15.7879,-11.4292,county,county;party,99,99,1.0000,99,1.0000,112312,35956,0.3031,0.0970,-12.9477,1.0000,1.0000,,,,,2024,early,pres2024-county-composition-diff,electindex-counterfactual/pres2024-county-returns,2026-09-20T23:59:11+00:00
2024,IA,2024-10-22,14,2022,2022-10-25,14,-16.5743,-13.4456,-3.1287,-26.6287,20.3713,-14.1000,-10.9713,county,county;party,99,99,1.0000,99,1.0000,165819,70879,0.4475,0.1913,-18.1940,1.0000,1.0000,,,,,2024,early,pres2024-county-composition-diff,electindex-counterfactual/pres2024-county-returns,2026-09-20T23:59:11+00:00
2024,IA,2024-10-23,13,2022,2022-10-26,13,-15.0993,-13.4456,-1.6537,-12.6537,9.3463,-11.9290,-10.2753,county,county;party,99,99,1.0000,99,1.0000,214870,99413,0.5799,0.2683,-18.9907,1.0000,1.0000,,,,,2024,medium,pres2024-county-composition-diff,electindex-counterfactual/pres2024-county-returns,2026-09-08T15:12:09+00:00
2024,IA,2024-10-24,12,2022,2022-10-27,12,-14.6703,-13.4456,-1.2247,-12.2247,9.7753,-12.1213,-10.8966,county,county;party,99,99,1.0000,99,1.0000,272010,136616,0.7341,0.3687,-21.7792,1.0000,1.0000,,,,,2024,medium,pres2024-county-composition-diff,electindex-counterfactual/pres2024-county-returns,2026-09-08T15:12:09+00:00
2024,IA,2024-10-25,11,2022,2022-10-28,11,-14.4919,-13.4456,-1.0463,-12.0463,9.9537,-12.1031,-11.0568,county,county;party,99,99,1.0000,99,1.0000,317952,167105,0.8581,0.4510,-23.5910,1.0000,1.0000,,,,,2024,medium,pres2024-county-composition-diff,electindex-counterfactual/pres2024-county-returns,2026-09-08T15:12:09+00:00
2024,IA,2024-10-28,8,2022,2022-10-31,8,-13.5659,-13.4456,-0.1203,-11.1203,10.8797,-11.2435,-11.1232,county,county;party,99,99,1.0000,99,1.0000,401760,199358,1.0842,0.5380,-24.1966,1.0000,1.0000,,,,,2024,medium,pres2024-county-composition-diff,electindex-counterfactual/pres2024-county-returns,2026-09-08T15:12:09+00:00
2024,IA,2024-10-29,7,2022,2022-11-01,7,-13.5531,-13.4456,-0.1075,-11.1075,10.8925,-11.6102,-11.5027,county,county;party,99,99,1.0000,99,1.0000,451219,238979,1.2177,0.6449,-23.8617,1.0000,1.0000,,,,,2024,medium,pres2024-county-composition-diff,electindex-counterfactual/pres2024-county-returns,2026-09-08T15:12:09+00:00
2024,IA,2024-10-30,6,2022,2022-11-02,6,-13.8437,-13.4456,-0.3981,-11.3981,10.6019,-11.7311,-11.3330,county,county;party,99,99,1.0000,99,1.0000,480383,250126,1.2964,0.6750,-23.9302,1.0000,1.0000,,,,,2024,medium,pres2024-county-composition-diff,electindex-counterfactual/pres2024-county-returns,2026-09-08T15:12:09+00:00
2024,IA,2024-10-31,5,2022,2022-11-03,5,-14.0839,-13.4456,-0.6383,-11.6383,10.3617,-12.0892,-11.4508,county,county;party,99,99,1.0000,99,1.0000,517525,272469,1.3967,0.7353,-24.2169,1.0000,1.0000,,,,,2024,medium,pres2024-county-composition-diff,electindex-counterfactual/pres2024-county-returns,2026-09-08T15:12:09+00:00
2024,IA,2024-11-01,4,2022,2022-11-04,4,-14.0254,-13.4456,-0.5798,-11.5798,10.4202,-12.1403,-11.5606,county,county;party,99,99,1.0000,99,1.0000,556265,292506,1.5012,0.7894,-24.1756,1.0000,1.0000,,,,,2024,medium,pres2024-county-composition-diff,electindex-counterfactual/pres2024-county-returns,2026-09-08T15:12:09+00:00
2024,IA,2024-11-02,3,2022,2022-11-04,4,-14.4032,-13.4456,-0.9577,-11.9577,10.0423,-12.5182,-11.5606,county,county;party,99,99,1.0000,99,1.0000,603985,292506,1.6300,0.7894,-25.4055,1.0000,1.0000,,,,,2024,medium,pres2024-county-composition-diff,electindex-counterfactual/pres2024-county-returns,2026-09-08T15:12:09+00:00
2024,IA,2024-11-04,1,2022,2022-11-07,1,-14.8521,-13.4456,-1.4065,-12.4065,9.5935,-12.4312,-11.0248,county,county;party,99,99,1.0000,99,1.0000,634836,341237,1.7132,0.9209,-23.8803,1.0000,1.0000,,,,,2024,medium,pres2024-county-composition-diff,electindex-counterfactual/pres2024-county-returns,2026-09-08T15:12:09+00:00
2024,IA,2024-11-05,0,2022,2022-11-08,0,-14.7678,-13.4456,-1.3222,-12.3222,9.6778,-12.5889,-11.2667,county,county;party,99,99,1.0000,99,1.0000,675464,370546,1.8229,1.0000,-23.1185,1.0000,1.0000,,,,,2024,medium,pres2024-county-composition-diff,electindex-counterfactual/pres2024-county-returns,2026-09-08T15:12:09+00:00
2024,ID,2024-11-05,0,2022,2022-11-08,0,-38.5267,-37.5218,-1.0049,-12.0049,9.9951,-33.8142,-32.8093,county,county,44,44,1.0000,42,1.0000,408407,193166,2.1143,1.0000,,,,,,,0.9246,2024,medium,pres2024-county-composition-diff,electindex-counterfactual/pres2024-county-returns,2026-09-09T19:11:32+00:00
2024,KY,2024-10-29,7,2022,2022-11-04,4,-30.5007,-31.0281,0.5275,-10.4725,11.5275,-31.7287,-32.2562,county,county;party,120,120,1.0000,120,1.0000,105265,337975,0.3115,1.0000,0.4191,0.9109,0.9424,,,,,2024,medium,pres2024-county-composition-diff,electindex-counterfactual/pres2024-county-returns,2026-09-08T15:12:09+00:00
2024,KY,2024-10-30,6,2022,2022-11-04,4,-30.7117,-31.0281,0.3164,-10.6836,11.3164,-31.9398,-32.2562,county,county;party,120,120,1.0000,120,1.0000,115665,337975,0.3422,1.0000,-0.5106,0.9105,0.9424,,,,,2024,medium,pres2024-county-composition-diff,electindex-counterfactual/pres2024-county-returns,2026-09-08T15:12:09+00:00
2024,KY,2024-10-31,5,2022,2022-11-04,4,-30.8636,-31.0281,0.1646,-10.8354,11.1646,-32.0916,-32.2562,county,county;party,120,120,1.0000,120,1.0000,125052,337975,0.3700,1.0000,-1.0121,0.9110,0.9424,,,,,2024,medium,pres2024-county-composition-diff,electindex-counterfactual/pres2024-county-returns,2026-09-08T15:12:09+00:00
2024,KY,2024-11-01,4,2022,2022-11-04,4,-30.4164,-31.0281,0.6118,-10.3882,11.6118,-31.6445,-32.2562,county,county;party,120,120,1.0000,120,1.0000,355909,337975,1.0531,1.0000,-11.3584,0.9254,0.9424,,,,,2024,medium,pres2024-county-composition-diff,electindex-counterfactual/pres2024-county-returns,2026-09-08T15:12:09+00:00
2024,KY,2024-11-02,3,2022,2022-11-04,4,-29.8767,-31.0281,1.1514,-9.8486,12.1514,-31.1048,-32.2562,county,county;party,120,120,1.0000,120,1.0000,590442,337975,1.7470,1.0000,-12.7171,0.9270,0.9424,,,,,2024,medium,pres2024-county-composition-diff,electindex-counterfactual/pres2024-county-returns,2026-09-08T15:12:09+00:00
2024,KY,2024-11-03,2,2022,2022-11-04,4,-29.5973,-31.0281,1.4308,-9.5692,12.4308,-30.8254,-32.2562,county,county;party,120,120,1.0000,120,1.0000,792476,337975,2.3448,1.0000,-13.2237,0.9257,0.9424,,,,,2024,medium,pres2024-county-composition-diff,electindex-counterfactual/pres2024-county-returns,2026-09-08T15:12:09+00:00
2024,LA,2024-11-05,0,2022,2022-11-08,0,-21.8582,-22.3570,0.4989,-10.5011,11.4989,-21.6646,-22.1635,county,county;party;race;sex,64,64,1.0000,64,1.0000,975019,377428,2.5833,1.0000,-9.7941,0.8069,0.8510,,1.4046,1.4972,1.0000,2024,medium,pres2024-county-composition-diff,electindex-counterfactual/pres2024-county-returns,2026-09-08T15:12:09+00:00
2024,MD,2024-10-24,12,2022,2022-10-27,12,31.5590,29.5095,2.0495,-21.4505,25.5495,26.0074,23.9579,county,county;party;sex,24,24,1.0000,24,1.0000,150302,43724,0.3935,0.1145,-6.8735,1.0000,1.0000,,,1.6587,1.0000,2024,early,pres2024-county-composition-diff,electindex-counterfactual/pres2024-county-returns,2026-09-20T23:59:11+00:00
2024,MD,2024-10-25,11,2022,2022-10-28,11,31.3760,29.5095,1.8665,-21.6335,25.3665,26.3496,24.4831,county,county;party;sex,24,24,1.0000,24,1.0000,286197,89082,0.7493,0.2332,-5.7183,1.0000,1.0000,,,1.5299,1.0000,2024,early,pres2024-county-composition-diff,electindex-counterfactual/pres2024-county-returns,2026-09-20T23:59:11+00:00
2024,MD,2024-10-26,10,2022,2022-10-29,10,31.7011,29.5095,2.1916,-8.8084,13.1916,26.9824,24.7908,county,county;party;sex,24,24,1.0000,24,1.0000,367370,115595,0.9618,0.3026,-5.2752,1.0000,1.0000,,,1.2777,1.0000,2024,medium,pres2024-county-composition-diff,electindex-counterfactual/pres2024-county-returns,2026-09-08T15:12:09+00:00
2024,MD,2024-10-27,9,2022,2022-10-30,9,31.7149,29.5095,2.2054,-8.7946,13.2054,27.1853,24.9799,county,county;party;sex,24,24,1.0000,24,1.0000,440587,141349,1.1535,0.3701,-5.0039,1.0000,1.0000,,,1.1775,1.0000,2024,medium,pres2024-county-composition-diff,electindex-counterfactual/pres2024-county-returns,2026-09-08T15:12:09+00:00
2024,MD,2024-10-28,8,2022,2022-10-31,8,31.2859,29.5095,1.7764,-9.2236,12.7764,27.2437,25.4672,county,county;party;sex,24,24,1.0000,24,1.0000,568428,185121,1.4881,0.4846,-5.4568,1.0000,1.0000,,,1.2478,1.0000,2024,medium,pres2024-county-composition-diff,electindex-counterfactual/pres2024-county-returns,2026-09-08T15:12:09+00:00
2024,MD,2024-10-29,7,2022,2022-11-01,7,30.9366,29.5095,1.4271,-9.5729,12.4271,27.3682,25.9411,county,county;party;sex,24,24,1.0000,24,1.0000,695651,234859,1.8212,0.6149,-5.7892,1.0000,1.0000,,,1.1302,1.0000,2024,medium,pres2024-county-composition-diff,electindex-counterfactual/pres2024-county-returns,2026-09-08T15:12:09+00:00
2024,MD,2024-10-30,6,2022,2022-11-02,6,30.5947,29.5095,1.0852,-9.9148,12.0852,27.6295,26.5443,county,county;party;sex,24,24,1.0000,24,1.0000,835503,293917,2.1873,0.7695,-5.7984,1.0000,1.0000,,,0.9615,1.0000,2024,medium,pres2024-county-composition-diff,electindex-counterfactual/pres2024-county-returns,2026-09-08T15:12:09+00:00
2024,MD,2024-10-31,5,2022,2022-11-03,5,30.2120,29.5095,0.7025,-10.2975,11.7025,28.2576,27.5551,county,county;party;sex,24,24,1.0000,24,1.0000,994663,381972,2.6040,1.0000,-6.2778,1.0000,1.0000,,,0.7189,1.0000,2024,medium,pres2024-county-composition-diff,electindex-counterfactual/pres2024-county-returns,2026-09-08T15:12:09+00:00
2024,ME,2024-07-08,120,2022,2022-07-11,120,-4.6572,7.0886,-11.7458,-43.5707,36.9386,-13.1292,-1.3833,county,county;party,1,16,0.5000,2,1.0000,1,2,0.0000,0.0000,200.0000,1.0000,1.0000,,,,,2024,early,pres2024-county-composition-diff,electindex-counterfactual/pres2024-county-returns,2026-09-20T23:59:11+00:00
2024,ME,2024-07-09,119,2022,2022-07-12,119,-4.6572,7.0886,-11.7458,-43.5707,36.9386,-13.1292,-1.3833,county,county;party,1,16,0.5000,2,1.0000,1,2,0.0000,0.0000,200.0000,1.0000,1.0000,,,,,2024,early,pres2024-county-composition-diff,electindex-counterfactual/pres2024-county-returns,2026-09-20T23:59:11+00:00
2024,ME,2024-07-10,118,2022,2022-07-13,118,-4.6572,7.0886,-11.7458,-43.5707,36.9386,-13.1292,-1.3833,county,county;party,1,16,0.5000,2,1.0000,1,2,0.0000,0.0000,200.0000,1.0000,1.0000,,,,,2024,early,pres2024-county-composition-diff,electindex-counterfactual/pres2024-county-returns,2026-09-20T23:59:11+00:00
2024,ME,2024-07-11,117,2022,2022-07-14,117,-4.6572,7.0886,-11.7458,-43.5707,36.9386,-13.1292,-1.3833,county,county;party,1,16,0.5000,2,1.0000,1,2,0.0000,0.0000,200.0000,1.0000,1.0000,,,,,2024,early,pres2024-county-composition-diff,electindex-counterfactual/pres2024-county-returns,2026-09-20T23:59:11+00:00
2024,ME,2024-07-12,116,2022,2022-07-15,116,-4.6572,7.0886,-11.7458,-43.5707,36.9386,-13.1292,-1.3833,county,county;party,1,16,0.5000,2,1.0000,1,2,0.0000,0.0000,200.0000,1.0000,1.0000,,,,,2024,early,pres2024-county-composition-diff,electindex-counterfactual/pres2024-county-returns,2026-09-20T23:59:11+00:00
2024,ME,2024-07-13,115,2022,2022-07-16,115,-4.6572,7.0886,-11.7458,-43.5707,36.9386,-13.1292,-1.3833,county,county;party,1,16,0.5000,2,1.0000,1,2,0.0000,0.0000,200.0000,1.0000,1.0000,,,,,2024,early,pres2024-county-composition-diff,electindex-counterfactual/pres2024-county-returns,2026-09-20T23:59:11+00:00
2024,ME,2024-07-14,114,2022,2022-07-17,114,-4.6572,7.0886,-11.7458,-43.5707,36.9386,-13.1292,-1.3833,county,county;party,1,16,0.5000,2,1.0000,1,2,0.0000,0.0000,200.0000,1.0000,1.0000,,,,,2024,early,pres2024-county-composition-diff,electindex-counterfactual/pres2024-county-returns,2026-09-20T23:59:11+00:00
2024,ME,2024-07-15,113,2022,2022-07-18,113,-4.6572,7.0886,-11.7458,-43.5707,36.9386,-13.1292,-1.3833,county,county;party,1,16,0.5000,2,1.0000,1,2,0.0000,0.0000,200.0000,1.0000,1.0000,,,,,2024,early,pres2024-county-composition-diff,electindex-counterfactual/pres2024-county-returns,2026-09-20T23:59:11+00:00
2024,ME,2024-07-16,112,2022,2022-07-19,112,-4.6572,7.0886,-11.7458,-43.5707,36.9386,-13.1292,-1.3833,county,county;party,1,16,0.5000,2,1.0000,1,2,0.0000,0.0000,200.0000,1.0000,1.0000,,,,,2024,early,pres2024-county-composition-diff,electindex-counterfactual/pres2024-county-returns,2026-09-20T23:59:11+00:00
2024,ME,2024-07-17,111,2022,2022-07-20,111,-4.6572,7.0886,-11.7458,-43.5707,36.9386,-13.1292,-1.3833,county,county;party,1,16,0.5000,2,1.0000,1,2,0.0000,0.0000,200.0000,1.0000,1.0000,,,,,2024,early,pres2024-county-composition-diff,electindex-counterfactual/pres2024-county-returns,2026-09-20T23:59:11+00:00
2024,ME,2024-07-18,110,2022,2022-07-21,110,-4.6572,7.0886,-11.7458,-43.5707,36.9386,-13.1292,-1.3833,county,county;party,1,16,0.5000,2,1.0000,1,2,0.0000,0.0000,200.0000,1.0000,1.0000,,,,,2024,early,pres2024-county-composition-diff,electindex-counterfactual/pres2024-county-returns,2026-09-20T23:59:11+00:00
2024,ME,2024-07-19,109,2022,2022-07-22,109,-4.6572,7.0886,-11.7458,-43.5707,36.9386,-13.1292,-1.3833,county,county;party,1,16,0.5000,2,1.0000,1,2,0.0000,0.0000,200.0000,1.0000,1.0000,,,,,2024,early,pres2024-county-composition-diff,electindex-counterfactual/pres2024-county-returns,2026-09-20T23:59:11+00:00
2024,ME,2024-07-20,108,2022,2022-07-23,108,-4.6572,7.0886,-11.7458,-43.5707,36.9386,-13.1292,-1.3833,county,county;party,1,16,0.5000,2,1.0000,1,2,0.0000,0.0000,200.0000,1.0000,1.0000,,,,,2024,early,pres2024-county-composition-diff,electindex-counterfactual/pres2024-county-returns,2026-09-20T23:59:11+00:00
2024,ME,2024-07-21,107,2022,2022-07-24,107,-4.6572,7.0886,-11.7458,-43.5707,36.9386,-13.1292,-1.3833,county,county;party,1,16,0.5000,2,1.0000,1,2,0.0000,0.0000,200.0000,1.0000,1.0000,,,,,2024,early,pres2024-county-composition-diff,electindex-counterfactual/pres2024-county-returns,2026-09-20T23:59:11+00:00
2024,ME,2024-07-22,106,2022,2022-07-25,106,-4.6572,7.0886,-11.7458,-43.5707,36.9386,-13.1292,-1.3833,county,county;party,1,16,0.5000,2,1.0000,1,2,0.0000,0.0000,200.0000,1.0000,1.0000,,,,,2024,early,pres2024-county-composition-diff,electindex-counterfactual/pres2024-county-returns,2026-09-20T23:59:11+00:00
2024,ME,2024-07-23,105,2022,2022-07-26,105,-4.6572,7.0886,-11.7458,-43.5707,36.9386,-13.1292,-1.3833,county,county;party,1,16,0.5000,2,1.0000,1,2,0.0000,0.0000,200.0000,1.0000,1.0000,,,,,2024,early,pres2024-county-composition-diff,electindex-counterfactual/pres2024-county-returns,2026-09-20T23:59:11+00:00
2024,ME,2024-07-24,104,2022,2022-07-27,104,-4.6572,7.0886,-11.7458,-43.5707,36.9386,-13.1292,-1.3833,county,county;party,1,16,0.5000,2,1.0000,1,2,0.0000,0.0000,200.0000,1.0000,1.0000,,,,,2024,early,pres2024-county-composition-diff,electindex-counterfactual/pres2024-county-returns,2026-09-20T23:59:11+00:00
2024,ME,2024-07-25,103,2022,2022-07-28,103,-4.6572,7.0886,-11.7458,-43.5707,36.9386,-13.1292,-1.3833,county,county;party,1,16,0.5000,2,1.0000,1,2,0.0000,0.0000,200.0000,1.0000,1.0000,,,,,2024,early,pres2024-county-composition-diff,electindex-counterfactual/pres2024-county-returns,2026-09-20T23:59:11+00:00
2024,ME,2024-07-26,102,2022,2022-07-29,102,-4.6572,7.0886,-11.7458,-43.5707,36.9386,-13.1292,-1.3833,county,county;party,1,16,0.5000,2,1.0000,1,2,0.0000,0.0000,200.0000,1.0000,1.0000,,,,,2024,early,pres2024-county-composition-diff,electindex-counterfactual/pres2024-county-returns,2026-09-20T23:59:11+00:00
2024,ME,2024-07-27,101,2022,2022-07-30,101,-4.6572,7.0886,-11.7458,-43.5707,36.9386,-13.1292,-1.3833,county,county;party,1,16,0.5000,2,1.0000,1,2,0.0000,0.0000,200.0000,1.0000,1.0000,,,,,2024,early,pres2024-county-composition-diff,electindex-counterfactual/pres2024-county-returns,2026-09-20T23:59:11+00:00
2024,ME,2024-07-28,100,2022,2022-07-31,100,-4.6572,7.0886,-11.7458,-43.5707,36.9386,-13.1292,-1.3833,county,county;party,1,16,0.5000,2,1.0000,1,2,0.0000,0.0000,200.0000,1.0000,1.0000,,,,,2024,early,pres2024-county-composition-diff,electindex-counterfactual/pres2024-county-returns,2026-09-20T23:59:11+00:00
2024,ME,2024-07-29,99,2022,2022-08-01,99,-4.6572,7.0886,-11.7458,-43.5707,36.9386,-13.1292,-1.3833,county,county;party,1,16,0.5000,2,1.0000,1,2,0.0000,0.0000,200.0000,1.0000,1.0000,,,,,2024,early,pres2024-county-composition-diff,electindex-counterfactual/pres2024-county-returns,2026-09-20T23:59:11+00:00
2024,ME,2024-07-30,98,2022,2022-08-02,98,-4.6572,7.0886,-11.7458,-43.5707,36.9386,-13.1292,-1.3833,county,county;party,1,16,0.5000,2,1.0000,1,2,0.0000,0.0000,200.0000,1.0000,1.0000,,,,,2024,early,pres2024-county-composition-diff,electindex-counterfactual/pres2024-county-returns,2026-09-20T23:59:11+00:00
2024,ME,2024-07-31,97,2022,2022-08-03,97,-4.6572,7.0886,-11.7458,-43.5707,36.9386,-13.1292,-1.3833,county,county;party,1,16,0.5000,2,1.0000,1,2,0.0000,0.0000,200.0000,1.0000,1.0000,,,,,2024,early,pres2024-county-composition-diff,electindex-counterfactual/pres2024-county-returns,2026-09-20T23:59:11+00:00
2024,ME,2024-08-01,96,2022,2022-08-04,96,-4.6572,7.0886,-11.7458,-43.5707,36.9386,-13.1292,-1.3833,county,county;party,1,16,0.5000,2,1.0000,1,2,0.0000,0.0000,200.0000,1.0000,1.0000,,,,,2024,early,pres2024-county-composition-diff,electindex-counterfactual/pres2024-county-returns,2026-09-20T23:59:11+00:00
2024,ME,2024-08-02,95,2022,2022-08-05,95,-4.6572,7.0886,-11.7458,-43.5707,36.9386,-13.1292,-1.3833,county,county;party,1,16,0.5000,2,1.0000,1,2,0.0000,0.0000,200.0000,1.0000,1.0000,,,,,2024,early,pres2024-county-composition-diff,electindex-counterfactual/pres2024-county-returns,2026-09-20T23:59:11+00:00
2024,ME,2024-08-03,94,2022,2022-08-06,94,-4.6572,7.0886,-11.7458,-43.5707,36.9386,-13.1292,-1.3833,county,county;party,1,16,0.5000,2,1.0000,1,2,0.0000,0.0000,200.0000,1.0000,1.0000,,,,,2024,early,pres2024-county-composition-diff,electindex-counterfactual/pres2024-county-returns,2026-09-20T23:59:11+00:00
2024,ME,2024-08-04,93,2022,2022-08-07,93,-4.6572,7.0886,-11.7458,-43.5707,36.9386,-13.1292,-1.3833,county,county;party,1,16,0.5000,2,1.0000,1,2,0.0000,0.0000,200.0000,1.0000,1.0000,,,,,2024,early,pres2024-county-composition-diff,electindex-counterfactual/pres2024-county-returns,2026-09-20T23:59:11+00:00
2024,ME,2024-08-05,92,2022,2022-08-08,92,-4.6572,7.0886,-11.7458,-43.5707,36.9386,-13.1292,-1.3833,county,county;party,1,16,0.5000,2,1.0000,1,2,0.0000,0.0000,200.0000,1.0000,1.0000,,,,,2024,early,pres2024-county-composition-diff,electindex-counterfactual/pres2024-county-returns,2026-09-20T23:59:11+00:00
2024,ME,2024-08-06,91,2022,2022-08-09,91,-1.4123,7.0886,-8.5009,-40.3258,40.1835,-13.1292,-4.6283,county,county;party,1,16,0.5000,3,1.0000,1,3,0.0000,0.0000,133.3333,1.0000,1.0000,,,,,2024,early,pres2024-county-composition-diff,electindex-counterfactual/pres2024-county-returns,2026-09-20T23:59:11+00:00
2024,ME,2024-08-07,90,2022,2022-08-10,90,-1.4123,7.0886,-8.5009,-40.3258,40.1835,-13.1292,-4.6283,county,county;party,1,16,0.5000,3,1.0000,1,3,0.0000,0.0000,133.3333,1.0000,1.0000,,,,,2024,early,pres2024-county-composition-diff,electindex-counterfactual/pres2024-county-returns,2026-09-20T23:59:11+00:00
2024,ME,2024-08-08,89,2022,2022-08-11,89,-11.8793,7.0886,-18.9679,-50.7928,29.7165,-13.1292,5.8387,county,county;party,1,16,0.5000,4,1.0000,1,4,0.0000,0.0000,100.0000,1.0000,1.0000,,,,,2024,early,pres2024-county-composition-diff,electindex-counterfactual/pres2024-county-returns,2026-09-20T23:59:11+00:00
2024,ME,2024-08-09,88,2022,2022-08-12,88,-11.8793,7.0886,-18.9679,-50.7928,29.7165,-13.1292,5.8387,county,county;party,1,16,0.5000,4,1.0000,1,4,0.0000,0.0000,100.0000,1.0000,1.0000,,,,,2024,early,pres2024-county-composition-diff,electindex-counterfactual/pres2024-county-returns,2026-09-20T23:59:11+00:00
2024,ME,2024-08-10,87,2022,2022-08-13,87,-11.8793,7.0886,-18.9679,-50.7928,29.7165,-13.1292,5.8387,county,county;party,1,16,0.5000,4,1.0000,1,4,0.0000,0.0000,100.0000,1.0000,1.0000,,,,,2024,early,pres2024-county-composition-diff,electindex-counterfactual/pres2024-county-returns,2026-09-20T23:59:11+00:00
2024,ME,2024-08-11,86,2022,2022-08-14,86,-11.8793,7.0886,-18.9679,-50.7928,29.7165,-13.1292,5.8387,county,county;party,1,16,0.5000,4,1.0000,1,4,0.0000,0.0000,100.0000,1.0000,1.0000,,,,,2024,early,pres2024-county-composition-diff,electindex-counterfactual/pres2024-county-returns,2026-09-20T23:59:11+00:00
2024,ME,2024-08-12,85,2022,2022-08-15,85,-11.8793,7.0886,-18.9679,-50.7928,29.7165,-13.1292,5.8387,county,county;party,1,16,0.5000,4,1.0000,1,4,0.0000,0.0000,100.0000,1.0000,1.0000,,,,,2024,early,pres2024-county-composition-diff,electindex-counterfactual/pres2024-county-returns,2026-09-20T23:59:11+00:00
2024,ME,2024-08-13,84,2022,2022-08-16,84,-19.0701,7.0886,-26.1587,-52.8117,16.5279,-20.3200,5.8387,county,county;party,2,16,0.6667,4,1.0000,2,4,0.0000,0.0000,33.3333,1.0000,1.0000,,,,,2024,early,pres2024-county-composition-diff,electindex-counterfactual/pres2024-county-returns,2026-09-20T23:59:11+00:00
2024,ME,2024-08-14,83,2022,2022-08-17,83,-4.0575,7.0886,-11.1461,-38.8621,21.5416,-8.6987,2.4473,county,county;party,4,16,0.8000,4,1.0000,4,5,0.0000,0.0000,40.0000,1.0000,1.0000,,,,,2024,early,pres2024-county-composition-diff,electindex-counterfactual/pres2024-county-returns,2026-09-20T23:59:11+00:00
2024,ME,2024-08-15,82,2022,2022-08-18,82,-0.1812,7.0886,-7.2699,-34.9293,23.2405,-4.8225,2.4473,county,county;party,5,16,0.8333,4,1.0000,5,5,0.0000,0.0000,13.3333,1.0000,1.0000,,,,,2024,early,pres2024-county-composition-diff,electindex-counterfactual/pres2024-county-returns,2026-09-20T23:59:11+00:00
2024,ME,2024-08-16,81,2022,2022-08-19,81,-4.3406,7.0886,-11.4293,-37.4450,18.6738,-8.9819,2.4473,county,county;party,6,16,0.8571,4,1.0000,6,5,0.0000,0.0000,22.8571,1.0000,1.0000,,,,,2024,early,pres2024-county-composition-diff,electindex-counterfactual/pres2024-county-returns,2026-09-20T23:59:11+00:00
2024,ME,2024-08-17,80,2022,2022-08-20,80,-4.3406,7.0886,-11.4293,-37.4450,18.6738,-8.9819,2.4473,county,county;party,6,16,0.8571,4,1.0000,6,5,0.0000,0.0000,22.8571,1.0000,1.0000,,,,,2024,early,pres2024-county-composition-diff,electindex-counterfactual/pres2024-county-returns,2026-09-20T23:59:11+00:00
2024,ME,2024-08-18,79,2022,2022-08-21,79,-4.3406,7.0886,-11.4293,-37.4450,18.6738,-8.9819,2.4473,county,county;party,6,16,0.8571,4,1.0000,6,5,0.0000,0.0000,22.8571,1.0000,1.0000,,,,,2024,early,pres2024-county-composition-diff,electindex-counterfactual/pres2024-county-returns,2026-09-20T23:59:11+00:00
2024,ME,2024-08-19,78,2022,2022-08-22,78,-0.3434,7.0886,-7.4320,-33.6329,21.3461,-4.9846,2.4473,county,county;party,7,16,0.8750,4,1.0000,7,5,0.0000,0.0000,22.8571,1.0000,1.0000,,,,,2024,early,pres2024-county-composition-diff,electindex-counterfactual/pres2024-county-returns,2026-09-20T23:59:11+00:00
2024,ME,2024-08-20,77,2022,2022-08-23,77,-0.3434,7.0886,-7.4320,-33.6329,21.3461,-4.9846,2.4473,county,county;party,7,16,0.8750,4,1.0000,7,5,0.0000,0.0000,22.8571,1.0000,1.0000,,,,,2024,early,pres2024-county-composition-diff,electindex-counterfactual/pres2024-county-returns,2026-09-20T23:59:11+00:00
2024,ME,2024-08-21,76,2022,2022-08-24,76,-0.3434,7.0886,-7.4320,-33.6329,21.3461,-4.9846,2.4473,county,county;party,7,16,0.8750,4,1.0000,7,5,0.0000,0.0000,22.8571,1.0000,1.0000,,,,,2024,early,pres2024-county-composition-diff,electindex-counterfactual/pres2024-county-returns,2026-09-20T23:59:11+00:00
2024,ME,2024-08-22,75,2022,2022-08-25,75,-0.3434,7.0886,-7.4320,-33.6329,21.3461,-4.9846,2.4473,county,county;party,7,16,0.8750,4,1.0000,7,5,0.0000,0.0000,22.8571,1.0000,1.0000,,,,,2024,early,pres2024-county-composition-diff,electindex-counterfactual/pres2024-county-returns,2026-09-20T23:59:11+00:00
2024,ME,2024-08-23,74,2022,2022-08-26,74,-0.3434,7.0886,-7.4320,-33.6329,21.3461,-4.9846,2.4473,county,county;party,7,16,0.8750,4,1.0000,7,5,0.0000,0.0000,22.8571,1.0000,1.0000,,,,,2024,early,pres2024-county-composition-diff,electindex-counterfactual/pres2024-county-returns,2026-09-20T23:59:11+00:00
2024,ME,2024-08-24,73,2022,2022-08-27,73,-0.3434,7.0886,-7.4320,-33.6329,21.3461,-4.9846,2.4473,county,county;party,7,16,0.8750,4,1.0000,7,5,0.0000,0.0000,22.8571,1.0000,1.0000,,,,,2024,early,pres2024-county-composition-diff,electindex-counterfactual/pres2024-county-returns,2026-09-20T23:59:11+00:00
2024,ME,2024-08-25,72,2022,2022-08-28,72,-0.3434,7.0886,-7.4320,-33.6329,21.3461,-4.9846,2.4473,county,county;party,7,16,0.8750,4,1.0000,7,5,0.0000,0.0000,22.8571,1.0000,1.0000,,,,,2024,early,pres2024-county-composition-diff,electindex-counterfactual/pres2024-county-returns,2026-09-20T23:59:11+00:00
2024,ME,2024-08-26,71,2022,2022-08-29,71,6.0890,7.0886,-0.9996,-27.3036,24.0565,1.4477,2.4473,county,county;party,8,16,0.9000,4,1.0000,9,5,0.0000,0.0000,5.0000,1.0000,1.0000,,,,,2024,early,pres2024-county-composition-diff,electindex-counterfactual/pres2024-county-returns,2026-09-20T23:59:11+00:00
2024,ME,2024-08-27,70,2022,2022-08-30,70,2.9663,7.0886,-4.1223,-29.8875,21.0763,-1.6749,2.4473,county,county;party,8,16,0.9091,4,1.0000,10,5,0.0000,0.0000,5.0000,1.0000,1.0000,,,,,2024,early,pres2024-county-composition-diff,electindex-counterfactual/pres2024-county-returns,2026-09-20T23:59:11+00:00
2024,ME,2024-08-28,69,2022,2022-08-31,69,2.8626,7.0886,-4.2260,-29.7937,20.8397,-1.7786,2.4473,county,county;party,9,16,0.9167,4,1.0000,11,5,0.0000,0.0000,5.0000,1.0000,1.0000,,,,,2024,early,pres2024-county-composition-diff,electindex-counterfactual/pres2024-county-returns,2026-09-20T23:59:11+00:00
2024,ME,2024-08-29,68,2022,2022-09-01,68,2.8626,7.0886,-4.2260,-29.7937,20.8397,-1.7786,2.4473,county,county;party,9,16,0.9167,4,1.0000,11,5,0.0000,0.0000,5.0000,1.0000,1.0000,,,,,2024,early,pres2024-county-composition-diff,electindex-counterfactual/pres2024-county-returns,2026-09-20T23:59:11+00:00
2024,ME,2024-08-30,67,2022,2022-09-02,67,2.8626,7.0886,-4.2260,-29.7937,20.8397,-1.7786,2.4473,county,county;party,9,16,0.9167,4,1.0000,11,5,0.0000,0.0000,5.0000,1.0000,1.0000,,,,,2024,early,pres2024-county-composition-diff,electindex-counterfactual/pres2024-county-returns,2026-09-20T23:59:11+00:00
2024,ME,2024-08-31,66,2022,2022-09-03,66,2.8626,7.0886,-4.2260,-29.7937,20.8397,-1.7786,2.4473,county,county;party,9,16,0.9167,4,1.0000,11,5,0.0000,0.0000,5.0000,1.0000,1.0000,,,,,2024,early,pres2024-county-composition-diff,electindex-counterfactual/pres2024-county-returns,2026-09-20T23:59:11+00:00
2024,ME,2024-09-01,65,2022,2022-09-04,65,2.8626,7.0886,-4.2260,-29.7937,20.8397,-1.7786,2.4473,county,county;party,9,16,0.9167,4,1.0000,11,5,0.0000,0.0000,5.0000,1.0000,1.0000,,,,,2024,early,pres2024-county-composition-diff,electindex-counterfactual/pres2024-county-returns,2026-09-20T23:59:11+00:00
2024,ME,2024-09-02,64,2022,2022-09-05,64,2.8626,7.0886,-4.2260,-29.7937,20.8397,-1.7786,2.4473,county,county;party,9,16,0.9167,4,1.0000,11,5,0.0000,0.0000,5.0000,1.0000,1.0000,,,,,2024,early,pres2024-county-composition-diff,electindex-counterfactual/pres2024-county-returns,2026-09-20T23:59:11+00:00
2024,ME,2024-09-03,63,2022,2022-09-06,63,-1.3308,7.0886,-8.4194,-33.6866,16.6674,-3.6192,4.8002,county,county;party,10,16,0.9231,5,1.0000,12,7,0.0001,0.0000,5.0000,1.0000,1.0000,,,,,2024,early,pres2024-county-composition-diff,electindex-counterfactual/pres2024-county-returns,2026-09-20T23:59:11+00:00
2024,ME,2024-09-04,62,2022,2022-09-07,62,1.6631,7.0886,-5.4255,-30.6053,19.5090,-3.0749,2.3506,county,county;party,11,16,0.9286,5,1.0000,13,9,0.0001,0.0000,-9.5238,1.0000,1.0000,,,,,2024,early,pres2024-county-composition-diff,electindex-counterfactual/pres2024-county-returns,2026-09-20T23:59:11+00:00
2024,ME,2024-09-05,61,2022,2022-09-08,61,10.0245,7.0886,2.9359,-22.3699,27.3552,2.3003,-0.6355,county,county;party,11,16,0.9375,6,1.0000,15,10,0.0001,0.0000,-9.5238,1.0000,1.0000,,,,,2024,early,pres2024-county-composition-diff,electindex-counterfactual/pres2024-county-returns,2026-09-20T23:59:11+00:00
2024,ME,2024-09-06,60,2022,2022-09-09,60,10.0245,7.0886,2.9359,-22.3699,27.3552,2.3003,-0.6355,county,county;party,11,16,0.9375,6,1.0000,15,10,0.0001,0.0000,-9.5238,1.0000,1.0000,,,,,2024,early,pres2024-county-composition-diff,electindex-counterfactual/pres2024-county-returns,2026-09-20T23:59:11+00:00
2024,ME,2024-09-07,59,2022,2022-09-10,59,10.0245,7.0886,2.9359,-22.3699,27.3552,2.3003,-0.6355,county,county;party,11,16,0.9375,6,1.0000,15,10,0.0001,0.0000,-9.5238,1.0000,1.0000,,,,,2024,early,pres2024-county-composition-diff,electindex-counterfactual/pres2024-county-returns,2026-09-20T23:59:11+00:00
2024,ME,2024-09-08,58,2022,2022-09-11,58,10.0245,7.0886,2.9359,-22.3699,27.3552,2.3003,-0.6355,county,county;party,11,16,0.9375,6,1.0000,15,10,0.0001,0.0000,-9.5238,1.0000,1.0000,,,,,2024,early,pres2024-county-composition-diff,electindex-counterfactual/pres2024-county-returns,2026-09-20T23:59:11+00:00
2024,ME,2024-09-09,57,2022,2022-09-12,57,8.3328,7.0886,1.2442,-23.6373,25.6575,-0.3444,-1.5885,county,county;party,12,16,0.9474,6,1.0000,18,11,0.0001,0.0000,-40.9091,1.0000,1.0000,,,,,2024,early,pres2024-county-composition-diff,electindex-counterfactual/pres2024-county-returns,2026-09-20T23:59:11+00:00
2024,ME,2024-09-10,56,2022,2022-09-13,56,4.9670,7.0886,-2.1216,-26.9275,22.2526,-0.4744,1.6472,county,county;party,12,16,0.9500,6,1.0000,19,12,0.0001,0.0001,-50.0000,1.0000,1.0000,,,,,2024,early,pres2024-county-composition-diff,electindex-counterfactual/pres2024-county-returns,2026-09-20T23:59:11+00:00
2024,ME,2024-09-11,55,2022,2022-09-14,55,4.1654,7.0886,-2.9232,-27.7291,21.4510,-0.4744,2.4488,county,county;party,12,16,0.9500,7,1.0000,19,13,0.0001,0.0001,-55.5556,1.0000,1.0000,,,,,2024,early,pres2024-county-composition-diff,electindex-counterfactual/pres2024-county-returns,2026-09-20T23:59:11+00:00
2024,ME,2024-09-12,54,2022,2022-09-15,54,4.8938,7.0886,-2.1948,-26.7129,21.9641,-0.1220,2.0728,county,county;party,13,16,0.9615,8,1.0000,25,14,0.0001,0.0001,-37.9085,1.0000,1.0000,,,,,2024,early,pres2024-county-composition-diff,electindex-counterfactual/pres2024-county-returns,2026-09-20T23:59:11+00:00
2024,ME,2024-09-13,53,2022,2022-09-16,53,8.0874,7.0886,0.9988,-23.5192,25.1577,-0.1220,-1.1209,county,county;party,13,16,0.9615,10,1.0000,25,17,0.0001,0.0001,-15.6863,1.0000,1.0000,,,,,2024,early,pres2024-county-composition-diff,electindex-counterfactual/pres2024-county-returns,2026-09-20T23:59:11+00:00
2024,ME,2024-09-14,52,2022,2022-09-17,52,8.0874,7.0886,0.9988,-23.5192,25.1577,-0.1220,-1.1209,county,county;party,13,16,0.9615,10,1.0000,25,17,0.0001,0.0001,-15.6863,1.0000,1.0000,,,,,2024,early,pres2024-county-composition-diff,electindex-counterfactual/pres2024-county-returns,2026-09-20T23:59:11+00:00
2024,ME,2024-09-15,51,2022,2022-09-18,51,8.0874,7.0886,0.9988,-23.5192,25.1577,-0.1220,-1.1209,county,county;party,13,16,0.9615,10,1.0000,25,17,0.0001,0.0001,-15.6863,1.0000,1.0000,,,,,2024,early,pres2024-county-composition-diff,electindex-counterfactual/pres2024-county-returns,2026-09-20T23:59:11+00:00
2024,ME,2024-09-16,50,2022,2022-09-19,50,9.5244,7.0886,2.4358,-22.0978,26.5171,1.3149,-1.1209,county,county;party,13,16,0.9630,10,1.0000,26,17,0.0001,0.0001,-15.6863,1.0000,1.0000,,,,,2024,early,pres2024-county-composition-diff,electindex-counterfactual/pres2024-county-returns,2026-09-20T23:59:11+00:00
2024,ME,2024-09-17,49,2022,2022-09-20,49,5.2970,7.0886,-1.7916,-26.1664,22.2870,-0.3500,1.4416,county,county;party,13,16,0.9667,11,1.0000,29,20,0.0001,0.0001,-41.4035,1.0000,1.0000,,,,,2024,early,pres2024-county-composition-diff,electindex-counterfactual/pres2024-county-returns,2026-09-20T23:59:11+00:00
2024,ME,2024-09-18,48,2022,2022-09-21,48,5.2970,7.0886,-1.7916,-26.1664,22.2870,-0.3500,1.4416,county,county;party,13,16,0.9667,11,1.0000,29,20,0.0001,0.0001,-41.4035,1.0000,1.0000,,,,,2024,early,pres2024-county-composition-diff,electindex-counterfactual/pres2024-county-returns,2026-09-20T23:59:11+00:00
2024,ME,2024-09-19,47,2022,2022-09-22,47,-0.8569,7.0886,-7.9455,-31.8970,16.0210,3.1838,11.1293,county,county;party,16,16,0.9863,14,1.0000,144,77,0.0006,0.0003,-8.7623,1.0000,1.0000,,,,,2024,early,pres2024-county-composition-diff,electindex-counterfactual/pres2024-county-returns,2026-09-20T23:59:11+00:00
2024,ME,2024-09-20,46,2022,2022-09-23,46,5.9617,7.0886,-1.1269,-25.1706,22.7433,10.0917,11.2186,county,county;party,16,16,0.9864,15,1.0000,651,132,0.0028,0.0006,-8.1955,1.0000,1.0000,,,,,2024,early,pres2024-county-composition-diff,electindex-counterfactual/pres2024-county-returns,2026-09-20T23:59:11+00:00
2024,ME,2024-09-21,45,2022,2022-09-24,45,7.0590,7.0886,-0.0296,-23.9517,23.7489,10.6023,10.6319,county,county;party,16,16,0.9895,15,1.0000,852,172,0.0036,0.0007,-9.9598,1.0000,1.0000,,,,,2024,early,pres2024-county-composition-diff,electindex-counterfactual/pres2024-county-returns,2026-09-20T23:59:11+00:00
2024,ME,2024-09-22,44,2022,2022-09-25,44,7.1178,7.0886,0.0292,-23.8576,23.7831,10.6830,10.6538,county,county;party,16,16,0.9904,15,1.0000,1036,192,0.0044,0.0008,-10.6428,1.0000,1.0000,,,,,2024,early,pres2024-county-composition-diff,electindex-counterfactual/pres2024-county-returns,2026-09-20T23:59:11+00:00
2024,ME,2024-09-23,43,2022,2022-09-26,43,7.4131,7.0886,0.3245,-23.7301,24.3880,10.4701,10.1456,county,county;party,16,16,0.9922,16,0.9911,1273,223,0.0054,0.0009,-7.9645,1.0000,1.0000,,,,,2024,early,pres2024-county-composition-diff,electindex-counterfactual/pres2024-county-returns,2026-09-20T23:59:11+00:00
2024,ME,2024-09-24,42,2022,2022-09-27,42,7.0786,7.0886,-0.0100,-24.0092,24.0059,10.6865,10.6964,county,county;party,16,16,0.9930,16,0.9918,1422,243,0.0060,0.0010,-9.5881,1.0000,1.0000,,,,,2024,early,pres2024-county-composition-diff,electindex-counterfactual/pres2024-county-returns,2026-09-20T23:59:11+00:00
2024,ME,2024-09-25,41,2022,2022-09-28,41,5.4401,7.0886,-1.6485,-25.5894,22.3304,10.2860,11.9344,county,county;party,16,16,0.9937,16,0.9926,1566,269,0.0066,0.0011,-7.9480,1.0000,1.0000,,,,,2024,early,pres2024-county-composition-diff,electindex-counterfactual/pres2024-county-returns,2026-09-20T23:59:11+00:00
2024,ME,2024-09-26,40,2022,2022-09-29,40,5.3612,7.0886,-1.7275,-25.6277,22.2105,10.5196,12.2471,county,county;party,16,16,0.9943,16,0.9932,1736,293,0.0074,0.0012,-9.7542,1.0000,1.0000,,,,,2024,early,pres2024-county-composition-diff,electindex-counterfactual/pres2024-county-returns,2026-09-20T23:59:11+00:00
2024,ME,2024-09-27,39,2022,2022-09-30,39,4.5899,7.0886,-2.4988,-26.3936,21.4252,10.0647,12.5635,county,county;party,16,16,0.9938,16,0.9939,1937,328,0.0082,0.0014,-9.4044,1.0000,1.0000,,,,,2024,early,pres2024-county-composition-diff,electindex-counterfactual/pres2024-county-returns,2026-09-20T23:59:11+00:00
2024,ME,2024-09-28,38,2022,2022-10-01,38,4.5520,7.0886,-2.5367,-26.4887,21.4970,10.1372,12.6739,county,county;party,16,16,0.9941,16,0.9912,2018,338,0.0086,0.0014,-9.9543,1.0000,1.0000,,,,,2024,early,pres2024-county-composition-diff,electindex-counterfactual/pres2024-county-returns,2026-09-20T23:59:11+00:00
2024,ME,2024-09-29,37,2022,2022-10-02,37,4.4245,7.0886,-2.6641,-26.6508,21.3832,10.2540,12.9181,county,county;party,16,16,0.9929,16,0.9917,2099,357,0.0089,0.0015,-9.7857,1.0000,1.0000,,,,,2024,early,pres2024-county-composition-diff,electindex-counterfactual/pres2024-county-returns,2026-09-20T23:59:11+00:00
2024,ME,2024-09-30,36,2022,2022-10-03,36,-0.6675,7.0886,-7.7561,-31.5710,16.1027,9.9069,17.6630,county,county;party,16,16,0.9941,16,0.9958,2708,715,0.0115,0.0030,-7.5400,1.0000,1.0000,,,,,2024,early,pres2024-county-composition-diff,electindex-counterfactual/pres2024-county-returns,2026-09-20T23:59:11+00:00
2024,ME,2024-10-01,35,2022,2022-10-04,35,-0.8015,7.0886,-7.8901,-31.6446,15.8824,10.2141,18.1042,county,county;party,16,16,0.9950,16,0.9971,3592,1040,0.0152,0.0044,-8.8612,1.0000,1.0000,,,,,2024,early,pres2024-county-composition-diff,electindex-counterfactual/pres2024-county-returns,2026-09-20T23:59:11+00:00
2024,ME,2024-10-02,34,2022,2022-10-05,34,0.0224,7.0886,-7.0662,-30.8332,16.7480,10.1840,17.2502,county,county;party,16,16,0.9953,16,0.9960,4880,1751,0.0207,0.0074,-8.1586,1.0000,1.0000,,,,,2024,early,pres2024-county-composition-diff,electindex-counterfactual/pres2024-county-returns,2026-09-20T23:59:11+00:00
2024,ME,2024-10-03,33,2022,2022-10-06,33,1.1177,7.0886,-5.9709,-29.6824,17.7543,10.0697,16.0407,county,county;party,16,16,0.9961,16,0.9974,6586,2702,0.0280,0.0115,-8.1211,1.0000,1.0000,,,,,2024,early,pres2024-county-composition-diff,electindex-counterfactual/pres2024-county-returns,2026-09-20T23:59:11+00:00
2024,ME,2024-10-04,32,2022,2022-10-07,32,1.0296,7.0886,-6.0590,-29.7865,17.7271,8.3128,14.3718,county,county;party,16,16,0.9966,16,0.9958,8131,3766,0.0345,0.0160,-8.3507,1.0000,1.0000,,,,,2024,early,pres2024-county-composition-diff,electindex-counterfactual/pres2024-county-returns,2026-09-20T23:59:11+00:00
2024,ME,2024-10-05,31,2022,2022-10-08,31,1.3394,7.0886,-5.7493,-29.5097,18.0708,8.5853,14.3345,county,county;party,16,16,0.9960,16,0.9954,8431,3857,0.0358,0.0164,-8.3780,1.0000,1.0000,,,,,2024,early,pres2024-county-composition-diff,electindex-counterfactual/pres2024-county-returns,2026-09-20T23:59:11+00:00
2024,ME,2024-10-06,30,2022,2022-10-09,30,1.8634,7.0886,-5.2252,-28.9822,18.5832,9.1820,14.4072,county,county;party,16,16,0.9960,16,0.9956,8734,4031,0.0371,0.0171,-7.7664,1.0000,1.0000,,,,,2024,early,pres2024-county-composition-diff,electindex-counterfactual/pres2024-county-returns,2026-09-20T23:59:11+00:00
2024,ME,2024-10-07,29,2022,2022-10-10,29,1.7986,7.0886,-5.2900,-29.0539,18.5399,9.0694,14.3594,county,county;party,16,16,0.9962,16,0.9950,17406,4355,0.0739,0.0185,-11.6865,1.0000,1.0000,,,,,2024,early,pres2024-county-composition-diff,electindex-counterfactual/pres2024-county-returns,2026-09-20T23:59:11+00:00
2024,ME,2024-10-08,28,2022,2022-10-11,28,4.0479,7.0886,-3.0407,-26.8436,20.8004,8.8798,11.9205,county,county;party,16,16,0.9955,16,0.9949,26968,11028,0.1145,0.0468,-12.6875,1.0000,1.0000,,,,,2024,early,pres2024-county-composition-diff,electindex-counterfactual/pres2024-county-returns,2026-09-20T23:59:11+00:00
2024,ME,2024-10-09,27,2022,2022-10-12,27,4.2405,7.0886,-2.8481,-26.6513,20.9947,8.9660,11.8141,county,county;party,16,16,0.9956,16,0.9947,37430,16212,0.1589,0.0688,-12.5542,1.0000,1.0000,,,,,2024,early,pres2024-county-composition-diff,electindex-counterfactual/pres2024-county-returns,2026-09-20T23:59:11+00:00
2024,ME,2024-10-10,26,2022,2022-10-13,26,3.9718,7.0886,-3.1168,-26.9388,20.7505,9.0622,12.1790,county,county;party,16,16,0.9953,16,0.9944,49100,24229,0.2084,0.1029,-12.9396,1.0000,1.0000,,,,,2024,early,pres2024-county-composition-diff,electindex-counterfactual/pres2024-county-returns,2026-09-20T23:59:11+00:00
2024,ME,2024-10-11,25,2022,2022-10-14,25,4.3552,7.0886,-2.7334,-26.5894,21.1571,8.6540,11.3874,county,county;party,16,16,0.9946,16,0.9943,57244,28778,0.2430,0.1222,-12.2535,1.0000,1.0000,,,,,2024,early,pres2024-county-composition-diff,electindex-counterfactual/pres2024-county-returns,2026-09-20T23:59:11+00:00
2024,ME,2024-10-12,24,2022,2022-10-15,24,4.4832,7.0886,-2.6054,-26.4631,21.2832,8.7621,11.3675,county,county;party,16,16,0.9945,16,0.9944,57962,29242,0.2461,0.1241,-11.8677,1.0000,1.0000,,,,,2024,early,pres2024-county-composition-diff,electindex-counterfactual/pres2024-county-returns,2026-09-20T23:59:11+00:00
2024,ME,2024-10-13,23,2022,2022-10-16,23,4.4531,7.0886,-2.6355,-26.4893,21.2491,8.8581,11.4936,county,county;party,16,16,0.9946,16,0.9944,58658,29605,0.2490,0.1257,-11.7700,1.0000,1.0000,,,,,2024,early,pres2024-county-composition-diff,electindex-counterfactual/pres2024-county-returns,2026-09-20T23:59:11+00:00
2024,ME,2024-10-14,22,2022,2022-10-17,22,4.9522,7.0886,-2.1364,-25.9819,21.7306,9.0960,11.2324,county,county;party,16,16,0.9946,16,0.9947,60061,41931,0.2550,0.1780,-12.1391,1.0000,1.0000,,,,,2024,early,pres2024-county-composition-diff,electindex-counterfactual/pres2024-county-returns,2026-09-20T23:59:11+00:00
2024,ME,2024-10-15,21,2022,2022-10-18,21,5.3628,7.0886,-1.7258,-25.6229,22.1876,9.2209,10.9466,county,county;party,16,16,0.9938,16,0.9941,84383,50187,0.3582,0.2131,-13.8206,1.0000,1.0000,,,,,2024,early,pres2024-county-composition-diff,electindex-counterfactual/pres2024-county-returns,2026-09-20T23:59:11+00:00
2024,ME,2024-10-16,20,2022,2022-10-19,20,5.7804,7.0886,-1.3082,-12.7149,10.1078,9.4736,10.7818,county,county;party,16,16,0.9936,16,0.9941,102315,60734,0.4343,0.2578,-14.0723,1.0000,1.0000,,,,,2024,medium,pres2024-county-composition-diff,electindex-counterfactual/pres2024-county-returns,2026-09-08T15:12:09+00:00
2024,ME,2024-10-17,19,2022,2022-10-20,19,6.0156,7.0886,-1.0730,-12.4859,10.3520,9.5490,10.6220,county,county;party,16,16,0.9937,16,0.9938,118487,69611,0.5030,0.2955,-14.0199,1.0000,1.0000,,,,,2024,medium,pres2024-county-composition-diff,electindex-counterfactual/pres2024-county-returns,2026-09-08T15:12:09+00:00
2024,ME,2024-10-18,18,2022,2022-10-21,18,5.8925,7.0886,-1.1961,-12.6118,10.2319,9.2490,10.4451,county,county;party,16,16,0.9936,16,0.9938,128781,77283,0.5467,0.3281,-13.8323,1.0000,1.0000,,,,,2024,medium,pres2024-county-composition-diff,electindex-counterfactual/pres2024-county-returns,2026-09-08T15:12:09+00:00
2024,ME,2024-10-19,17,2022,2022-10-22,17,5.9648,7.0886,-1.1239,-12.5365,10.3007,9.3700,10.4939,county,county;party,16,16,0.9937,16,0.9938,130619,77899,0.5545,0.3307,-13.6228,1.0000,1.0000,,,,,2024,medium,pres2024-county-composition-diff,electindex-counterfactual/pres2024-county-returns,2026-09-08T15:12:09+00:00
2024,ME,2024-10-20,16,2022,2022-10-23,16,6.0234,7.0886,-1.0653,-12.4779,10.3582,9.4344,10.4997,county,county;party,16,16,0.9937,16,0.9939,131599,78173,0.5587,0.3319,-13.5390,1.0000,1.0000,,,,,2024,medium,pres2024-county-composition-diff,electindex-counterfactual/pres2024-county-returns,2026-09-08T15:12:09+00:00
2024,ME,2024-10-21,15,2022,2022-10-24,15,6.0685,7.0886,-1.0201,-12.4397,10.4034,9.6183,10.6385,county,county;party,16,16,0.9934,16,0.9941,152720,92117,0.6483,0.3910,-14.0336,1.0000,1.0000,,,,,2024,medium,pres2024-county-composition-diff,electindex-counterfactual/pres2024-county-returns,2026-09-08T15:12:09+00:00
2024,ME,2024-10-22,14,2022,2022-10-25,14,6.2432,7.0886,-0.8454,-12.2689,10.5791,9.6113,10.4567,county,county;party,16,16,0.9933,16,0.9941,170987,103360,0.7259,0.4388,-13.8717,1.0000,1.0000,,,,,2024,medium,pres2024-county-composition-diff,electindex-counterfactual/pres2024-county-returns,2026-09-08T15:12:09+00:00
2024,ME,2024-10-23,13,2022,2022-10-26,13,6.3028,7.0886,-0.7858,-12.2095,10.6360,9.6789,10.4646,county,county;party,16,16,0.9932,16,0.9942,188525,112706,0.8003,0.4785,-14.2999,1.0000,1.0000,,,,,2024,medium,pres2024-county-composition-diff,electindex-counterfactual/pres2024-county-returns,2026-09-08T15:12:09+00:00
2024,ME,2024-10-24,12,2022,2022-10-27,12,6.2173,7.0886,-0.8713,-12.2944,10.5497,9.6998,10.5711,county,county;party,16,16,0.9932,16,0.9942,207167,123710,0.8795,0.5252,-14.8094,1.0000,1.0000,,,,,2024,medium,pres2024-county-composition-diff,electindex-counterfactual/pres2024-county-returns,2026-09-08T15:12:09+00:00
2024,ME,2024-10-25,11,2022,2022-10-28,11,6.1129,7.0886,-0.9757,-12.4086,10.4577,9.5160,10.4917,county,county;party,16,16,0.9931,16,0.9940,220147,132899,0.9346,0.5642,-14.8087,1.0000,1.0000,,,,,2024,medium,pres2024-county-composition-diff,electindex-counterfactual/pres2024-county-returns,2026-09-08T15:12:09+00:00
2024,ME,2024-10-26,10,2022,2022-10-29,10,6.2152,7.0886,-0.8734,-12.3064,10.5583,9.6903,10.5637,county,county;party,16,16,0.9931,16,0.9940,223254,133970,0.9477,0.5687,-14.7026,1.0000,1.0000,,,,,2024,medium,pres2024-county-composition-diff,electindex-counterfactual/pres2024-county-returns,2026-09-08T15:12:09+00:00
2024,ME,2024-10-27,9,2022,2022-10-30,9,6.2378,7.0886,-0.8508,-12.2830,10.5797,9.7411,10.5919,county,county;party,16,16,0.9931,16,0.9940,224640,134818,0.9536,0.5723,-14.5887,1.0000,1.0000,,,,,2024,medium,pres2024-county-composition-diff,electindex-counterfactual/pres2024-county-returns,2026-09-08T15:12:09+00:00
2024,ME,2024-10-28,8,2022,2022-10-31,8,6.2157,7.0886,-0.8729,-12.2996,10.5504,9.7879,10.6607,county,county;party,16,16,0.9931,16,0.9942,252690,152332,1.0727,0.6467,-14.9979,1.0000,1.0000,,,,,2024,medium,pres2024-county-composition-diff,electindex-counterfactual/pres2024-county-returns,2026-09-08T15:12:09+00:00
2024,ME,2024-10-29,7,2022,2022-11-01,7,6.2886,7.0886,-0.8000,-12.2297,10.6276,9.7634,10.5634,county,county;party,16,16,0.9931,16,0.9941,280091,166733,1.1890,0.7078,-15.0595,1.0000,1.0000,,,,,2024,medium,pres2024-county-composition-diff,electindex-counterfactual/pres2024-county-returns,2026-09-08T15:12:09+00:00
2024,ME,2024-10-30,6,2022,2022-11-02,6,6.2368,7.0886,-0.8518,-12.2758,10.5720,9.7546,10.6064,county,county;party,16,16,0.9932,16,0.9941,306495,181802,1.3011,0.7718,-15.1858,1.0000,1.0000,,,,,2024,medium,pres2024-county-composition-diff,electindex-counterfactual/pres2024-county-returns,2026-09-08T15:12:09+00:00
2024,ME,2024-10-31,5,2022,2022-11-03,5,6.1156,7.0886,-0.9731,-12.3946,10.4511,9.7043,10.6774,county,county;party,16,16,0.9933,16,0.9941,336888,200159,1.4301,0.8497,-15.0639,1.0000,1.0000,,,,,2024,medium,pres2024-county-composition-diff,electindex-counterfactual/pres2024-county-returns,2026-09-08T15:12:09+00:00
2024,ME,2024-11-01,4,2022,2022-11-04,4,6.1313,7.0886,-0.9573,-12.3832,10.4714,9.6859,10.6432,county,county;party,16,16,0.9933,16,0.9940,344406,207930,1.4620,0.8827,-14.5738,1.0000,1.0000,,,,,2024,medium,pres2024-county-composition-diff,electindex-counterfactual/pres2024-county-returns,2026-09-08T15:12:09+00:00
2024,ME,2024-11-02,3,2022,2022-11-05,3,6.1313,7.0886,-0.9573,-12.3838,10.4726,9.7583,10.7156,county,county;party,16,16,0.9933,16,0.9939,346559,209554,1.4712,0.8896,-14.5013,1.0000,1.0000,,,,,2024,medium,pres2024-county-composition-diff,electindex-counterfactual/pres2024-county-returns,2026-09-08T15:12:09+00:00
2024,ME,2024-11-03,2,2022,2022-11-06,2,6.1578,7.0886,-0.9308,-12.3558,10.4974,9.8205,10.7513,county,county;party,16,16,0.9933,16,0.9940,348914,210801,1.4812,0.8949,-14.3270,1.0000,1.0000,,,,,2024,medium,pres2024-county-composition-diff,electindex-counterfactual/pres2024-county-returns,2026-09-08T15:12:09+00:00
2024,ME,2024-11-04,1,2022,2022-11-07,1,6.0365,7.0886,-1.0521,-12.4781,10.3772,9.8821,10.9342,county,county;party,16,16,0.9932,16,0.9940,365198,228054,1.5503,0.9681,-13.9149,1.0000,1.0000,,,,,2024,medium,pres2024-county-composition-diff,electindex-counterfactual/pres2024-county-returns,2026-09-08T15:12:09+00:00
2024,ME,2024-11-05,0,2022,2022-11-08,0,5.9079,7.0886,-1.1807,-12.6039,10.2465,9.9414,11.1221,county,county;party,16,16,0.9933,16,0.9941,376204,235564,1.5970,1.0000,-13.9930,1.0000,1.0000,,,,,2024,medium,pres2024-county-composition-diff,electindex-counterfactual/pres2024-county-returns,2026-09-08T15:12:09+00:00
2024,MI,2024-10-15,21,2022,2022-10-17,22,1.7979,-1.4425,3.2403,-20.3025,23.4660,4.1644,0.9241,county,county,39,83,0.7769,83,1.0000,522521,432960,0.4639,0.3844,,,,,,,,2024,low,pres2024-county-composition-diff,electindex-counterfactual/pres2024-county-returns,2026-09-09T18:22:11+00:00
2024,MI,2024-10-22,14,2022,2022-10-24,15,0.2721,-1.4425,1.7145,-13.0339,12.3137,2.5182,0.8037,county,county,64,83,0.9313,83,1.0000,1068251,771967,0.9485,0.6854,,,,,,,,2024,low,pres2024-county-composition-diff,electindex-counterfactual/pres2024-county-returns,2026-09-09T18:22:11+00:00
2024,MI,2024-10-29,7,2022,2022-10-31,8,-0.1762,-1.4425,1.2663,-12.1255,12.0383,1.8199,0.5536,county,county,72,83,0.9556,83,1.0000,1531669,1126246,1.3600,1.0000,,,,,,,,2024,medium,pres2024-county-composition-diff,electindex-counterfactual/pres2024-county-returns,2026-09-09T18:22:11+00:00
2024,NC,2024-09-20,46,2022,2022-09-23,46,-13.8805,-3.2607,-10.6198,-34.1198,12.8802,-3.8820,6.7378,county,county;party;age;race;sex,28,100,1.0000,96,1.0000,152,6896,0.0001,0.0032,-17.3849,1.0000,1.0000,41.1726,32.2305,19.9437,1.0000,2024,early,pres2024-county-composition-diff,electindex-counterfactual/pres2024-county-returns,2026-09-20T23:59:11+00:00
2024,NC,2024-09-21,45,2022,2022-09-24,45,3.9352,-3.2607,7.1959,-16.3041,30.6959,13.8468,6.6509,county,county;party;age;race;sex,39,100,1.0000,96,1.0000,355,6938,0.0002,0.0032,6.8617,1.0000,1.0000,38.1460,27.0577,14.9369,1.0000,2024,early,pres2024-county-composition-diff,electindex-counterfactual/pres2024-county-returns,2026-09-20T23:59:11+00:00
2024,NC,2024-09-22,44,2022,2022-09-25,44,11.3503,-3.2607,14.6110,-8.8890,38.1110,21.2502,6.6392,county,county;party;age;race;sex,41,100,1.0000,96,1.0000,572,6944,0.0003,0.0032,8.0149,1.0000,1.0000,37.7918,28.1539,11.4915,1.0000,2024,early,pres2024-county-composition-diff,electindex-counterfactual/pres2024-county-returns,2026-09-20T23:59:11+00:00
2024,NC,2024-09-23,43,2022,2022-09-26,43,6.0222,-3.2607,9.2829,-14.2171,32.7829,15.1481,5.8652,county,county;party;age;race;sex,63,100,1.0000,96,1.0000,1466,9079,0.0007,0.0041,6.7835,1.0000,1.0000,36.6448,25.8316,11.4875,1.0000,2024,early,pres2024-county-composition-diff,electindex-counterfactual/pres2024-county-returns,2026-09-20T23:59:11+00:00
2024,NC,2024-09-24,42,2022,2022-09-27,42,5.5057,-3.2607,8.7664,-14.7336,32.2664,14.5365,5.7701,county,county;party;age;race;sex,74,100,1.0000,96,1.0000,2252,9698,0.0010,0.0044,5.9434,1.0000,1.0000,36.7074,25.5539,10.8235,1.0000,2024,early,pres2024-county-composition-diff,electindex-counterfactual/pres2024-county-returns,2026-09-20T23:59:11+00:00
2024,NC,2024-09-25,41,2022,2022-09-28,41,7.5500,-3.2607,10.8107,-12.6893,34.3107,16.8933,6.0827,county,county;party;age;race;sex,77,100,1.0000,96,1.0000,3393,11669,0.0016,0.0053,9.6834,1.0000,1.0000,37.6282,25.5372,11.0371,1.0000,2024,early,pres2024-county-composition-diff,electindex-counterfactual/pres2024-county-returns,2026-09-20T23:59:11+00:00
2024,NC,2024-09-26,40,2022,2022-09-29,40,5.4648,-3.2607,8.7255,-14.7745,32.2255,14.5800,5.8546,county,county;party;age;race;sex,81,100,1.0000,97,1.0000,3837,12843,0.0018,0.0059,7.4326,1.0000,1.0000,36.0716,24.2885,11.7771,1.0000,2024,early,pres2024-county-composition-diff,electindex-counterfactual/pres2024-county-returns,2026-09-20T23:59:11+00:00
2024,NC,2024-09-27,39,2022,2022-09-30,39,4.3423,-3.2607,7.6029,-15.8971,31.1029,13.6489,6.0459,county,county;party;age;race;sex,85,100,1.0000,97,1.0000,4485,13918,0.0020,0.0064,5.7529,1.0000,1.0000,34.4442,23.3994,11.5661,1.0000,2024,early,pres2024-county-composition-diff,electindex-counterfactual/pres2024-county-returns,2026-09-20T23:59:11+00:00
2024,NC,2024-09-28,38,2022,2022-10-01,38,6.0198,-3.2607,9.2805,-14.2195,32.7805,15.2247,5.9442,county,county;party;age;race;sex,86,100,1.0000,97,1.0000,5028,13996,0.0023,0.0064,6.1618,1.0000,1.0000,34.9113,23.7439,10.8763,1.0000,2024,early,pres2024-county-composition-diff,electindex-counterfactual/pres2024-county-returns,2026-09-20T23:59:11+00:00
2024,NC,2024-09-29,37,2022,2022-10-02,37,6.4496,-3.2607,9.7103,-13.7897,33.2103,15.6618,5.9515,county,county;party;age;race;sex,86,100,1.0000,97,1.0000,5188,14003,0.0024,0.0064,6.5766,1.0000,1.0000,35.1803,23.8980,10.8813,1.0000,2024,early,pres2024-county-composition-diff,electindex-counterfactual/pres2024-county-returns,2026-09-20T23:59:11+00:00
2024,NC,2024-09-30,36,2022,2022-10-03,36,-0.3434,-3.2607,2.9173,-20.5827,26.4173,8.3760,5.4587,county,county;party;age;race;sex,94,100,1.0000,98,1.0000,7793,16149,0.0036,0.0074,-8.6982,1.0000,1.0000,25.4292,17.2893,9.3767,1.0000,2024,early,pres2024-county-composition-diff,electindex-counterfactual/pres2024-county-returns,2026-09-20T23:59:11+00:00
2024,NC,2024-10-01,35,2022,2022-10-04,35,-2.4574,-3.2607,0.8033,-22.6967,24.3033,6.3306,5.5274,county,county;party;age;race;sex,97,100,1.0000,99,1.0000,9987,17064,0.0046,0.0078,-16.2030,1.0000,1.0000,19.6742,14.0609,8.2812,1.0000,2024,early,pres2024-county-composition-diff,electindex-counterfactual/pres2024-county-returns,2026-09-20T23:59:11+00:00
2024,NC,2024-10-02,34,2022,2022-10-05,34,-3.4568,-3.2607,-0.1962,-23.6962,23.3038,5.5772,5.7733,county,county;party;age;race;sex,98,100,1.0000,99,1.0000,13557,19277,0.0062,0.0088,-21.1643,1.0000,1.0000,14.8671,11.2971,6.7295,1.0000,2024,early,pres2024-county-composition-diff,electindex-counterfactual/pres2024-county-returns,2026-09-20T23:59:11+00:00
2024,NC,2024-10-03,33,2022,2022-10-06,33,-3.0521,-3.2607,0.2086,-23.2914,23.7086,5.7517,5.5432,county,county;party;age;race;sex,98,100,1.0000,99,1.0000,18335,20996,0.0084,0.0096,-25.4679,1.0000,1.0000,10.7045,8.7337,5.3842,1.0000,2024,early,pres2024-county-composition-diff,electindex-counterfactual/pres2024-county-returns,2026-09-20T23:59:11+00:00
2024,NC,2024-10-04,32,2022,2022-10-07,32,-4.4445,-3.2607,-1.1838,-24.6838,22.3162,4.4735,5.6573,county,county;party;age;race;sex,98,100,1.0000,99,1.0000,22642,22818,0.0103,0.0104,-28.8559,1.0000,1.0000,8.7951,8.4772,4.9011,1.0000,2024,early,pres2024-county-composition-diff,electindex-counterfactual/pres2024-county-returns,2026-09-20T23:59:11+00:00
2024,NC,2024-10-05,31,2022,2022-10-08,31,-4.0641,-3.2607,-0.8034,-24.3034,22.6966,5.0984,5.9018,county,county;party;age;race;sex,98,100,1.0000,99,1.0000,23914,23267,0.0109,0.0106,-29.6659,1.0000,1.0000,8.5545,8.4423,4.7583,1.0000,2024,early,pres2024-county-composition-diff,electindex-counterfactual/pres2024-county-returns,2026-09-20T23:59:11+00:00
2024,NC,2024-10-06,30,2022,2022-10-09,30,-4.0315,-3.2607,-0.7709,-24.2709,22.7291,5.1425,5.9134,county,county;party;age;race;sex,98,100,1.0000,99,1.0000,24137,23278,0.0110,0.0106,-29.5123,1.0000,1.0000,8.6299,8.4650,4.7566,1.0000,2024,early,pres2024-county-composition-diff,electindex-counterfactual/pres2024-county-returns,2026-09-20T23:59:11+00:00
2024,NC,2024-10-07,29,2022,2022-10-10,29,-4.8826,-3.2607,-1.6219,-25.1219,21.8781,3.8441,5.4660,county,county;party;age;race;sex,99,100,1.0000,99,1.0000,31387,24502,0.0143,0.0112,-32.9691,1.0000,1.0000,6.9851,8.3200,4.0505,1.0000,2024,early,pres2024-county-composition-diff,electindex-counterfactual/pres2024-county-returns,2026-09-20T23:59:11+00:00
2024,NC,2024-10-08,28,2022,2022-10-11,28,-4.7582,-3.2607,-1.4975,-24.9975,22.0025,3.5542,5.0517,county,county;party;age;race;sex,99,100,1.0000,99,1.0000,36202,27250,0.0165,0.0125,-33.3085,1.0000,1.0000,6.3955,7.8384,3.6566,1.0000,2024,early,pres2024-county-composition-diff,electindex-counterfactual/pres2024-county-returns,2026-09-20T23:59:11+00:00
2024,NC,2024-10-09,27,2022,2022-10-12,27,-5.5310,-3.2607,-2.2703,-25.7703,21.2297,3.0857,5.3560,county,county;party;age;race;sex,99,100,1.0000,99,1.0000,41655,28685,0.0190,0.0131,-34.5464,1.0000,1.0000,5.6089,7.9878,3.3535,1.0000,2024,early,pres2024-county-composition-diff,electindex-counterfactual/pres2024-county-returns,2026-09-20T23:59:11+00:00
2024,NC,2024-10-10,26,2022,2022-10-13,26,-5.9815,-3.2607,-2.7208,-26.2208,20.7792,2.2261,4.9469,county,county;party;age;race;sex,99,100,1.0000,99,1.0000,46843,32340,0.0214,0.0148,-34.5279,1.0000,1.0000,5.2447,7.6473,3.1218,1.0000,2024,early,pres2024-county-composition-diff,electindex-counterfactual/pres2024-county-returns,2026-09-20T23:59:11+00:00
2024,NC,2024-10-11,25,2022,2022-10-14,25,-6.2113,-3.2607,-2.9506,-26.4506,20.5494,2.5116,5.4623,county,county;party;age;race;sex,99,100,1.0000,99,1.0000,53984,35958,0.0247,0.0164,-34.8829,1.0000,1.0000,5.2245,7.4791,2.8742,1.0000,2024,early,pres2024-county-composition-diff,electindex-counterfactual/pres2024-county-returns,2026-09-20T23:59:11+00:00
2024,NC,2024-10-12,24,2022,2022-10-15,24,-5.6344,-3.2607,-2.3737,-25.8737,21.1263,3.4401,5.8138,county,county;party;age;race;sex,99,100,1.0000,99,1.0000,56999,36747,0.0261,0.0168,-34.4413,1.0000,1.0000,5.3661,7.1459,2.7384,1.0000,2024,early,pres2024-county-composition-diff,electindex-counterfactual/pres2024-county-returns,2026-09-20T23:59:11+00:00
2024,NC,2024-10-13,23,2022,2022-10-16,23,-5.6494,-3.2607,-2.3887,-25.8887,21.1113,3.4323,5.8210,county,county;party;age;race;sex,99,100,1.0000,99,1.0000,57354,36763,0.0262,0.0168,-34.3653,1.0000,1.0000,5.4741,7.1341,2.7380,1.0000,2024,early,pres2024-county-composition-diff,electindex-counterfactual/pres2024-county-returns,2026-09-20T23:59:11+00:00
2024,NC,2024-10-14,22,2022,2022-10-17,22,-5.7804,-3.2607,-2.5197,-26.0197,20.9803,2.8963,5.4161,county,county;party;age;race;sex,99,100,1.0000,99,1.0000,61840,41672,0.0283,0.0190,-33.7685,1.0000,1.0000,5.6346,6.7910,2.7018,1.0000,2024,early,pres2024-county-composition-diff,electindex-counterfactual/pres2024-county-returns,2026-09-20T23:59:11+00:00
2024,NC,2024-10-15,21,2022,2022-10-18,21,-6.4194,-3.2607,-3.1588,-26.6588,20.3412,2.2665,5.4252,county,county;party;age;race;sex,99,100,1.0000,99,1.0000,67224,43638,0.0307,0.0199,-33.7978,1.0000,1.0000,5.8596,6.6711,2.6198,1.0000,2024,early,pres2024-county-composition-diff,electindex-counterfactual/pres2024-county-returns,2026-09-20T23:59:11+00:00
2024,NC,2024-10-16,20,2022,2022-10-19,20,-6.5974,-3.2607,-3.3367,-26.8367,20.1633,1.9305,5.2672,county,county;party;age;race;sex,99,100,1.0000,99,1.0000,71898,47513,0.0329,0.0217,-33.2940,1.0000,1.0000,6.0382,6.4653,2.6430,1.0000,2024,early,pres2024-county-composition-diff,electindex-counterfactual/pres2024-county-returns,2026-09-20T23:59:11+00:00
2024,NC,2024-10-17,19,2022,2022-10-20,19,-5.2599,-3.2607,-1.9992,-25.4992,21.5008,-4.0283,-2.0291,county,county;party;age;race;sex,100,100,1.0000,100,1.0000,441232,189375,0.2017,0.0866,-14.2712,1.0000,1.0000,8.8439,3.6216,2.4493,1.0000,2024,early,pres2024-county-composition-diff,electindex-counterfactual/pres2024-county-returns,2026-09-20T23:59:11+00:00
2024,NC,2024-10-18,18,2022,2022-10-21,18,-4.8928,-3.2607,-1.6321,-25.1321,21.8679,-4.3488,-2.7167,county,county;party;age;race;sex,100,100,1.0000,100,1.0000,792014,326248,0.3620,0.1491,-13.1993,1.0000,1.0000,10.1394,3.3212,2.4220,1.0000,2024,early,pres2024-county-composition-diff,electindex-counterfactual/pres2024-county-returns,2026-09-20T23:59:11+00:00
2024,NC,2024-10-19,17,2022,2022-10-22,17,-4.9894,-3.2607,-1.7287,-25.2287,21.7713,-3.2112,-1.4825,county,county;party;age;race;sex,100,100,1.0000,100,1.0000,966624,362643,0.4418,0.1658,-13.6146,1.0000,1.0000,11.2934,3.0964,2.3526,1.0000,2024,early,pres2024-county-composition-diff,electindex-counterfactual/pres2024-county-returns,2026-09-20T23:59:11+00:00
2024,NC,2024-10-20,16,2022,2022-10-23,16,-4.8840,-3.2607,-1.6233,-25.1233,21.8767,-2.2585,-0.6352,county,county;party;age;race;sex,100,100,1.0000,100,1.0000,1044819,383029,0.4776,0.1751,-13.5763,1.0000,1.0000,11.1563,2.9392,2.4164,1.0000,2024,early,pres2024-county-composition-diff,electindex-counterfactual/pres2024-county-returns,2026-09-20T23:59:11+00:00
2024,NC,2024-10-21,15,2022,2022-10-24,15,-4.6419,-3.2607,-1.3812,-24.8812,22.1188,-2.9458,-1.5646,county,county;party;age;race;sex,100,100,1.0000,100,1.0000,1397710,532240,0.6388,0.2433,-12.4785,1.0000,1.0000,11.3545,3.0960,2.4684,1.0000,2024,early,pres2024-county-composition-diff,electindex-counterfactual/pres2024-county-returns,2026-09-20T23:59:11+00:00
2024,NC,2024-10-22,14,2022,2022-10-25,14,-4.4898,-3.2607,-1.2292,-12.2292,9.7708,-3.2275,-1.9984,county,county;party;age;race;sex,100,100,1.0000,100,1.0000,1722969,668913,0.7875,0.3057,-12.0125,1.0000,1.0000,11.5485,3.1950,2.3980,1.0000,2024,medium,pres2024-county-composition-diff,electindex-counterfactual/pres2024-county-returns,2026-09-08T15:12:09+00:00
2024,NC,2024-10-23,13,2022,2022-10-26,13,-4.4006,-3.2607,-1.1399,-12.1399,9.8601,-3.3827,-2.2428,county,county;party;age;race;sex,100,100,1.0000,100,1.0000,2025320,798778,0.9257,0.3651,-12.2511,1.0000,1.0000,11.7757,3.3370,2.4153,1.0000,2024,medium,pres2024-county-composition-diff,electindex-counterfactual/pres2024-county-returns,2026-09-08T15:12:09+00:00
2024,NC,2024-10-24,12,2022,2022-10-27,12,-4.3971,-3.2607,-1.1364,-12.1364,9.8636,-3.4144,-2.2780,county,county;party;age;race;sex,100,100,1.0000,100,1.0000,2314976,927708,1.0581,0.4240,-12.7572,1.0000,1.0000,12.2038,3.4330,2.2886,1.0000,2024,medium,pres2024-county-composition-diff,electindex-counterfactual/pres2024-county-returns,2026-09-08T15:12:09+00:00
2024,NC,2024-10-25,11,2022,2022-10-28,11,-4.4019,-3.2607,-1.1412,-12.1412,9.8588,-3.4885,-2.3473,county,county;party;age;race;sex,100,100,1.0000,100,1.0000,2613449,1067593,1.1945,0.4880,-12.9038,1.0000,1.0000,12.6011,3.5718,2.2540,1.0000,2024,medium,pres2024-county-composition-diff,electindex-counterfactual/pres2024-county-returns,2026-09-08T15:12:09+00:00
2024,NC,2024-10-26,10,2022,2022-10-29,10,-4.6718,-3.2607,-1.4111,-12.4111,9.5889,-3.1944,-1.7833,county,county;party;age;race;sex,100,100,1.0000,100,1.0000,2758884,1130865,1.2610,0.5169,-13.0937,1.0000,1.0000,12.5968,3.6005,2.2288,1.0000,2024,medium,pres2024-county-composition-diff,electindex-counterfactual/pres2024-county-returns,2026-09-08T15:12:09+00:00
2024,NC,2024-10-27,9,2022,2022-10-30,9,-4.7484,-3.2607,-1.4878,-12.4878,9.5122,-2.8240,-1.3362,county,county;party;age;race;sex,100,100,1.0000,100,1.0000,2839881,1163784,1.2980,0.5319,-13.2873,1.0000,1.0000,12.6179,3.6340,2.2357,1.0000,2024,medium,pres2024-county-composition-diff,electindex-counterfactual/pres2024-county-returns,2026-09-08T15:12:09+00:00
2024,NC,2024-10-28,8,2022,2022-10-31,8,-4.6359,-3.2607,-1.3752,-12.3752,9.6248,-2.9208,-1.5455,county,county;party;age;race;sex,100,100,1.0000,100,1.0000,3128275,1298679,1.4298,0.5936,-13.0593,1.0000,1.0000,13.1342,3.7759,2.3447,1.0000,2024,medium,pres2024-county-composition-diff,electindex-counterfactual/pres2024-county-returns,2026-09-08T15:12:09+00:00
2024,NC,2024-10-29,7,2022,2022-11-01,7,-4.5249,-3.2607,-1.2642,-12.2642,9.7358,-2.9457,-1.6815,county,county;party;age;race;sex,100,100,1.0000,100,1.0000,3393638,1440100,1.5511,0.6582,-12.5500,1.0000,1.0000,13.5524,3.9240,2.3734,1.0000,2024,medium,pres2024-county-composition-diff,electindex-counterfactual/pres2024-county-returns,2026-09-08T15:12:09+00:00
2024,NC,2024-10-30,6,2022,2022-11-02,6,-4.4366,-3.2607,-1.1759,-12.1759,9.8241,-2.8888,-1.7128,county,county;party;age;race;sex,100,100,1.0000,100,1.0000,3651028,1585988,1.6688,0.7249,-12.0839,1.0000,1.0000,13.8055,4.0698,2.4127,1.0000,2024,medium,pres2024-county-composition-diff,electindex-counterfactual/pres2024-county-returns,2026-09-08T15:12:09+00:00
2024,NC,2024-10-31,5,2022,2022-11-03,5,-4.4207,-3.2607,-1.1600,-12.1600,9.8400,-2.8147,-1.6547,county,county;party;age;race;sex,100,100,1.0000,100,1.0000,3891855,1753484,1.7788,0.8015,-11.7290,1.0000,1.0000,13.5875,4.1128,2.4352,1.0000,2024,medium,pres2024-county-composition-diff,electindex-counterfactual/pres2024-county-returns,2026-09-08T15:12:09+00:00
2024,NC,2024-11-01,4,2022,2022-11-04,4,-4.4045,-3.2607,-1.1438,-12.1438,9.8562,-2.7600,-1.6162,county,county;party;age;race;sex,100,100,1.0000,100,1.0000,4215302,1975607,1.9267,0.9030,-11.2469,1.0000,1.0000,13.2105,4.2000,2.4498,1.0000,2024,medium,pres2024-county-composition-diff,electindex-counterfactual/pres2024-county-returns,2026-09-08T15:12:09+00:00
2024,NC,2024-11-02,3,2022,2022-11-05,3,-4.4169,-3.2607,-1.1562,-12.1562,9.8438,-2.6503,-1.4941,county,county;party;age;race;sex,100,100,1.0000,100,1.0000,4477678,2152378,2.0466,0.9838,-11.1955,1.0000,1.0000,12.7055,4.2680,2.4629,1.0000,2024,medium,pres2024-county-composition-diff,electindex-counterfactual/pres2024-county-returns,2026-09-08T15:12:09+00:00
2024,NC,2024-11-03,2,2022,2022-11-06,2,-4.4467,-3.2607,-1.1860,-12.1860,9.8140,-2.6431,-1.4571,county,county;party;age;race;sex,100,100,1.0000,100,1.0000,4481102,2155459,2.0482,0.9852,-11.2191,1.0000,1.0000,12.6862,4.2594,2.4595,1.0000,2024,medium,pres2024-county-composition-diff,electindex-counterfactual/pres2024-county-returns,2026-09-08T15:12:09+00:00
2024,NC,2024-11-04,1,2022,2022-11-07,1,-4.4673,-3.2607,-1.2066,-12.2066,9.7934,-2.6345,-1.4279,county,county;party;age;race;sex,100,100,1.0000,100,1.0000,4496546,2170133,2.0552,0.9919,-11.3125,1.0000,1.0000,12.6521,4.2390,2.4478,1.0000,2024,medium,pres2024-county-composition-diff,electindex-counterfactual/pres2024-county-returns,2026-09-08T15:12:09+00:00
2024,NC,2024-11-05,0,2022,2022-11-08,0,-4.5082,-3.2607,-1.2475,-12.2475,9.7525,-2.5814,-1.3339,county,county;party;age;race;sex,100,100,1.0000,100,1.0000,4520768,2187856,2.0663,1.0000,-11.4167,1.0000,1.0000,12.5504,4.2138,2.4351,1.0000,2024,medium,pres2024-county-composition-diff,electindex-counterfactual/pres2024-county-returns,2026-09-08T15:12:09+00:00
2024,ND,2024-11-05,0,2022,2022-11-08,0,-34.4899,-37.3930,2.9031,-8.0969,13.9031,-36.9097,-39.8128,county,county,53,53,1.0000,53,1.0000,190563,106577,1.7880,1.0000,,,,,,,,2024,medium,pres2024-county-composition-diff,electindex-counterfactual/pres2024-county-returns,2026-09-08T18:47:25+00:00
2024,NM,2024-11-05,0,2022,2022-11-08,0,4.0108,6.1418,-2.1310,-13.1310,8.8690,7.3921,9.5231,county,county,33,33,1.0000,33,1.0000,668889,451934,1.4801,1.0000,,,,,,,,2024,medium,pres2024-county-composition-diff,electindex-counterfactual/pres2024-county-returns,2026-09-09T20:28:15+00:00
2024,OH,2024-11-05,0,2022,2022-11-08,0,-13.5286,-11.3132,-2.2154,-13.2154,8.7846,-13.2961,-11.0807,county,county,88,88,1.0000,88,1.0000,2620750,1473983,1.7780,1.0000,,,,,,,,2024,medium,pres2024-county-composition-diff,electindex-counterfactual/pres2024-county-returns,2026-09-08T15:12:09+00:00
2024,OK,2024-11-05,0,2022,2022-11-08,0,-39.1671,-34.9401,-4.2270,-15.2270,6.7730,-36.1207,-31.8936,county,county;party,77,77,1.0000,77,1.0000,401467,204082,1.9672,1.0000,-18.8880,1.0000,1.0000,,,,,2024,medium,pres2024-county-composition-diff,electindex-counterfactual/pres2024-county-returns,2026-09-08T15:12:09+00:00
2024,OR,2024-10-18,18,2022,2022-10-21,18,9.8888,14.8523,-4.9635,-28.4635,18.5365,15.1891,20.1526,county,county,36,36,1.0000,36,1.0000,15747,6979,0.0113,0.0050,,,,,,,,2024,early,pres2024-county-composition-diff,electindex-counterfactual/pres2024-county-returns,2026-09-20T23:59:11+00:00
2024,OR,2024-10-21,15,2022,2022-10-24,15,7.6057,14.8523,-7.2466,-30.7466,16.2534,8.6119,15.8585,county,county,36,36,1.0000,36,1.0000,97793,64563,0.0704,0.0465,,,,,,,,2024,early,pres2024-county-composition-diff,electindex-counterfactual/pres2024-county-returns,2026-09-20T23:59:11+00:00
2024,OR,2024-10-22,14,2022,2022-10-25,14,7.5039,14.8523,-7.3485,-30.8485,16.1515,7.6186,14.9670,county,county,36,36,1.0000,36,1.0000,164050,65944,0.1180,0.0474,,,1.0000,,,,,2024,early,pres2024-county-composition-diff,electindex-counterfactual/pres2024-county-returns,2026-09-20T23:59:11+00:00
2024,OR,2024-10-23,13,2022,2022-10-26,13,12.8977,14.8523,-1.9547,-25.4547,21.5453,7.9246,9.8793,county,county,36,36,1.0000,36,1.0000,292894,238196,0.2107,0.1714,,,,,,,,2024,early,pres2024-county-composition-diff,electindex-counterfactual/pres2024-county-returns,2026-09-20T23:59:11+00:00
2024,OR,2024-10-24,12,2022,2022-10-27,12,13.4018,14.8523,-1.4505,-24.9505,22.0495,8.7901,10.2406,county,county,36,36,1.0000,36,1.0000,429929,318343,0.3093,0.2290,,,,,,,,2024,early,pres2024-county-composition-diff,electindex-counterfactual/pres2024-county-returns,2026-09-20T23:59:11+00:00
2024,OR,2024-10-25,11,2022,2022-10-28,11,15.4388,14.8523,0.5864,-10.4136,11.5864,10.2109,9.6245,county,county,36,36,1.0000,36,1.0000,594947,414071,0.4280,0.2979,,,,,,,,2024,medium,pres2024-county-composition-diff,electindex-counterfactual/pres2024-county-returns,2026-09-08T15:12:09+00:00
2024,OR,2024-10-28,8,2022,2022-10-31,8,13.5394,14.8523,-1.3129,-12.3129,9.6871,9.9115,11.2244,county,county,36,36,1.0000,36,1.0000,815563,590337,0.5868,0.4247,,,,,,,,2024,medium,pres2024-county-composition-diff,electindex-counterfactual/pres2024-county-returns,2026-09-08T15:12:09+00:00
2024,OR,2024-10-29,7,2022,2022-11-01,7,15.8188,14.8523,0.9664,-10.0336,11.9664,10.9451,9.9787,county,county,36,36,1.0000,36,1.0000,950848,666713,0.6841,0.4797,,,,,,,,2024,medium,pres2024-county-composition-diff,electindex-counterfactual/pres2024-county-returns,2026-09-08T15:12:09+00:00
2024,OR,2024-10-30,6,2022,2022-11-02,6,15.0810,14.8523,0.2287,-10.7713,11.2287,11.0691,10.8404,county,county,36,36,1.0000,36,1.0000,1108695,774480,0.7977,0.5572,,,,,,,,2024,medium,pres2024-county-composition-diff,electindex-counterfactual/pres2024-county-returns,2026-09-08T15:12:09+00:00
2024,OR,2024-10-31,5,2022,2022-11-03,5,15.4599,14.8523,0.6076,-10.3924,11.6076,11.6117,11.0041,county,county,36,36,1.0000,36,1.0000,1227920,869375,0.8834,0.6255,,,,,,,,2024,medium,pres2024-county-composition-diff,electindex-counterfactual/pres2024-county-returns,2026-09-08T15:12:09+00:00
2024,OR,2024-11-01,4,2022,2022-11-04,4,16.3732,14.8523,1.5209,-9.4791,12.5209,12.5250,11.0041,county,county,36,36,1.0000,36,1.0000,1424739,869375,1.0250,0.6255,,,1.0000,,,,,2024,medium,pres2024-county-composition-diff,electindex-counterfactual/pres2024-county-returns,2026-09-08T15:12:09+00:00
2024,OR,2024-11-04,1,2022,2022-11-07,1,15.1602,14.8523,0.3078,-10.6922,11.3078,12.9925,12.6847,county,county,36,36,1.0000,36,1.0000,1738233,1080052,1.2506,0.7771,,,1.0000,,,,,2024,medium,pres2024-county-composition-diff,electindex-counterfactual/pres2024-county-returns,2026-09-08T15:12:09+00:00
2024,OR,2024-11-05,0,2022,2022-11-08,0,14.7171,14.8523,-0.1352,-11.1352,10.8648,13.9290,14.0641,county,county;party,36,36,1.0000,36,1.0000,2004468,1389930,1.4421,1.0000,0.8163,1.0000,1.0000,,,,,2024,medium,pres2024-county-composition-diff,electindex-counterfactual/pres2024-county-returns,2026-09-08T15:12:09+00:00
2024,PA,2024-08-28,69,2022,2022-08-31,69,-14.1831,-1.7264,-12.4567,-35.9567,11.0433,-43.7739,-31.3172,county,county;party,1,67,1.0000,1,1.0000,1,1,0.0000,0.0000,0.0000,1.0000,1.0000,,,,,2024,early,pres2024-county-composition-diff,electindex-counterfactual/pres2024-county-returns,2026-09-20T23:59:11+00:00
2024,PA,2024-08-29,68,2022,2022-09-01,68,-14.1831,-1.7264,-12.4567,-35.9567,11.0433,-43.7739,-31.3172,county,county;party,1,67,1.0000,1,1.0000,1,1,0.0000,0.0000,0.0000,1.0000,1.0000,,,,,2024,early,pres2024-county-composition-diff,electindex-counterfactual/pres2024-county-returns,2026-09-20T23:59:11+00:00
2024,PA,2024-08-30,67,2022,2022-09-02,67,-14.1831,-1.7264,-12.4567,-35.9567,11.0433,-43.7739,-31.3172,county,county;party,1,67,1.0000,1,1.0000,1,1,0.0000,0.0000,0.0000,1.0000,1.0000,,,,,2024,early,pres2024-county-composition-diff,electindex-counterfactual/pres2024-county-returns,2026-09-20T23:59:11+00:00
2024,PA,2024-08-31,66,2022,2022-09-03,66,-14.1831,-1.7264,-12.4567,-35.9567,11.0433,-43.7739,-31.3172,county,county;party,1,67,1.0000,1,1.0000,1,1,0.0000,0.0000,0.0000,1.0000,1.0000,,,,,2024,early,pres2024-county-composition-diff,electindex-counterfactual/pres2024-county-returns,2026-09-20T23:59:11+00:00
2024,PA,2024-09-01,65,2022,2022-09-04,65,37.4605,-1.7264,39.1869,0.0000,62.6869,7.8697,-31.3172,county,county;party,2,67,1.0000,1,1.0000,2,1,0.0000,0.0000,0.0000,1.0000,1.0000,,,,,2024,early,pres2024-county-composition-diff,electindex-counterfactual/pres2024-county-returns,2026-09-20T23:59:11+00:00
2024,PA,2024-09-02,64,2022,2022-09-05,64,37.4605,-1.7264,39.1869,0.0000,62.6869,7.8697,-31.3172,county,county;party,2,67,1.0000,1,1.0000,2,1,0.0000,0.0000,0.0000,1.0000,1.0000,,,,,2024,early,pres2024-county-composition-diff,electindex-counterfactual/pres2024-county-returns,2026-09-20T23:59:11+00:00
2024,PA,2024-09-03,63,2022,2022-09-06,63,24.3859,-1.7264,26.1123,0.0000,49.6123,-5.2049,-31.3172,county,county;party,3,67,1.0000,1,1.0000,8,1,0.0000,0.0000,-114.2857,1.0000,1.0000,,,,,2024,early,pres2024-county-composition-diff,electindex-counterfactual/pres2024-county-returns,2026-09-20T23:59:11+00:00
2024,PA,2024-09-04,62,2022,2022-09-07,62,22.7097,-1.7264,24.4361,0.0000,47.9361,-6.8811,-31.3172,county,county;party,3,67,1.0000,1,1.0000,13,1,0.0000,0.0000,-66.6667,1.0000,1.0000,,,,,2024,early,pres2024-county-composition-diff,electindex-counterfactual/pres2024-county-returns,2026-09-20T23:59:11+00:00
2024,PA,2024-09-05,61,2022,2022-09-08,61,10.6171,-1.7264,12.3435,-11.1565,35.8435,-9.4632,-21.8068,county,county;party,4,67,1.0000,2,1.0000,20,2,0.0000,0.0000,-52.6316,1.0000,1.0000,,,,,2024,early,pres2024-county-composition-diff,electindex-counterfactual/pres2024-county-returns,2026-09-20T23:59:11+00:00
2024,PA,2024-09-06,60,2022,2022-09-09,60,4.2775,-1.7264,6.0039,-17.4961,29.5039,-9.4680,-15.4719,county,county;party,4,67,1.0000,4,1.0000,21,11,0.0000,0.0000,40.0000,1.0000,1.0000,,,,,2024,early,pres2024-county-composition-diff,electindex-counterfactual/pres2024-county-returns,2026-09-20T23:59:11+00:00
2024,PA,2024-09-07,59,2022,2022-09-10,59,4.2775,-1.7264,6.0039,-17.4961,29.5039,-9.4680,-15.4719,county,county;party,4,67,1.0000,4,1.0000,21,11,0.0000,0.0000,40.0000,1.0000,1.0000,,,,,2024,early,pres2024-county-composition-diff,electindex-counterfactual/pres2024-county-returns,2026-09-20T23:59:11+00:00
2024,PA,2024-09-08,58,2022,2022-09-11,58,4.2775,-1.7264,6.0039,-17.4961,29.5039,-9.4680,-15.4719,county,county;party,4,67,1.0000,4,1.0000,21,11,0.0000,0.0000,40.0000,1.0000,1.0000,,,,,2024,early,pres2024-county-composition-diff,electindex-counterfactual/pres2024-county-returns,2026-09-20T23:59:11+00:00
2024,PA,2024-09-09,57,2022,2022-09-12,57,2.6285,-1.7264,4.3549,-19.1451,27.8549,-11.8633,-16.2181,county,county;party,4,67,1.0000,6,1.0000,42,13,0.0000,0.0000,10.9091,1.0000,1.0000,,,,,2024,early,pres2024-county-composition-diff,electindex-counterfactual/pres2024-county-returns,2026-09-20T23:59:11+00:00
2024,PA,2024-09-10,56,2022,2022-09-13,56,1.7946,-1.7264,3.5210,-19.9790,27.0210,-11.8098,-15.3308,county,county;party,4,67,1.0000,6,1.0000,43,15,0.0000,0.0000,-1.1257,1.0000,1.0000,,,,,2024,early,pres2024-county-composition-diff,electindex-counterfactual/pres2024-county-returns,2026-09-20T23:59:11+00:00
2024,PA,2024-09-11,55,2022,2022-09-14,55,4.7617,-1.7264,6.4881,-17.0119,29.9881,-13.4155,-19.9036,county,county;party,5,67,1.0000,7,1.0000,45,19,0.0000,0.0000,13.1653,1.0000,1.0000,,,,,2024,early,pres2024-county-composition-diff,electindex-counterfactual/pres2024-county-returns,2026-09-20T23:59:11+00:00
2024,PA,2024-09-12,54,2022,2022-09-15,54,4.3340,-1.7264,6.0604,-17.4396,29.5604,-13.1187,-19.1791,county,county;party,5,67,1.0000,7,1.0000,58,21,0.0000,0.0000,13.8402,1.0000,1.0000,,,,,2024,early,pres2024-county-composition-diff,electindex-counterfactual/pres2024-county-returns,2026-09-20T23:59:11+00:00
2024,PA,2024-09-13,53,2022,2022-09-16,53,1.8510,-1.7264,3.5774,-19.9226,27.0774,-15.6017,-19.1791,county,county;party,6,67,1.0000,7,1.0000,66,21,0.0001,0.0000,8.8007,1.0000,1.0000,,,,,2024,early,pres2024-county-composition-diff,electindex-counterfactual/pres2024-county-returns,2026-09-20T23:59:11+00:00
2024,PA,2024-09-14,52,2022,2022-09-17,52,1.8510,-1.7264,3.5774,-19.9226,27.0774,-15.6017,-19.1791,county,county;party,6,67,1.0000,7,1.0000,66,21,0.0001,0.0000,8.8007,1.0000,1.0000,,,,,2024,early,pres2024-county-composition-diff,electindex-counterfactual/pres2024-county-returns,2026-09-20T23:59:11+00:00
2024,PA,2024-09-15,51,2022,2022-09-18,51,1.8510,-1.7264,3.5774,-19.9226,27.0774,-15.6017,-19.1791,county,county;party,6,67,1.0000,7,1.0000,66,21,0.0001,0.0000,8.8007,1.0000,1.0000,,,,,2024,early,pres2024-county-composition-diff,electindex-counterfactual/pres2024-county-returns,2026-09-20T23:59:11+00:00
2024,PA,2024-09-16,50,2022,2022-09-19,50,-0.3679,-1.7264,1.3585,-22.1415,24.8585,-15.5989,-16.9574,county,county;party,8,67,1.0000,8,1.0000,97,37,0.0001,0.0000,1.1408,1.0000,1.0000,,,,,2024,early,pres2024-county-composition-diff,electindex-counterfactual/pres2024-county-returns,2026-09-20T23:59:11+00:00
2024,PA,2024-09-17,49,2022,2022-09-20,49,-0.8293,-1.7264,0.8971,-22.6029,24.3971,-17.4119,-18.3090,county,county;party,8,67,1.0000,8,1.0000,105,48,0.0001,0.0000,-10.1525,1.0000,1.0000,,,,,2024,early,pres2024-county-composition-diff,electindex-counterfactual/pres2024-county-returns,2026-09-20T23:59:11+00:00
2024,PA,2024-09-18,48,2022,2022-09-21,48,0.4829,-1.7264,2.2093,-21.2907,25.7093,-18.4495,-20.6588,county,county;party,9,67,1.0000,8,1.0000,125,58,0.0001,0.0000,-0.1401,1.0000,1.0000,,,,,2024,early,pres2024-county-composition-diff,electindex-counterfactual/pres2024-county-returns,2026-09-20T23:59:11+00:00
2024,PA,2024-09-19,47,2022,2022-09-22,47,2.0985,-1.7264,3.8249,-19.6751,27.3249,-18.0267,-21.8516,county,county;party,10,67,1.0000,8,1.0000,140,74,0.0001,0.0001,3.8961,1.0000,1.0000,,,,,2024,early,pres2024-county-composition-diff,electindex-counterfactual/pres2024-county-returns,2026-09-20T23:59:11+00:00
2024,PA,2024-09-20,46,2022,2022-09-23,46,4.0880,-1.7264,5.8144,-17.6856,29.3144,-18.8437,-24.6580,county,county;party,15,67,1.0000,11,1.0000,166,90,0.0001,0.0001,5.8333,1.0000,1.0000,,,,,2024,early,pres2024-county-composition-diff,electindex-counterfactual/pres2024-county-returns,2026-09-20T23:59:11+00:00
2024,PA,2024-09-21,45,2022,2022-09-24,45,4.2565,-1.7264,5.9829,-17.5171,29.4829,-18.8437,-24.8266,county,county;party,15,67,1.0000,12,1.0000,166,91,0.0001,0.0001,7.1605,1.0000,1.0000,,,,,2024,early,pres2024-county-composition-diff,electindex-counterfactual/pres2024-county-returns,2026-09-20T23:59:11+00:00
2024,PA,2024-09-22,44,2022,2022-09-25,44,4.2565,-1.7264,5.9829,-17.5171,29.4829,-18.8437,-24.8266,county,county;party,15,67,1.0000,12,1.0000,166,91,0.0001,0.0001,7.1605,1.0000,1.0000,,,,,2024,early,pres2024-county-composition-diff,electindex-counterfactual/pres2024-county-returns,2026-09-20T23:59:11+00:00
2024,PA,2024-09-23,43,2022,2022-09-26,43,-26.2772,-1.7264,-24.5508,-48.0508,0.0000,-29.6010,-5.0502,county,county;party,20,67,1.0000,17,1.0000,493,1251,0.0004,0.0010,-37.4315,1.0000,0.9992,,,,,2024,early,pres2024-county-composition-diff,electindex-counterfactual/pres2024-county-returns,2026-09-20T23:59:11+00:00
2024,PA,2024-09-24,42,2022,2022-09-27,42,-20.7824,-1.7264,-19.0560,-42.5560,4.4440,-24.0501,-4.9941,county,county;party,27,67,1.0000,23,1.0000,632,1403,0.0005,0.0011,-40.0945,1.0000,0.9993,,,,,2024,early,pres2024-county-composition-diff,electindex-counterfactual/pres2024-county-returns,2026-09-20T23:59:11+00:00
2024,PA,2024-09-25,41,2022,2022-09-28,41,-23.0563,-1.7264,-21.3300,-44.8300,2.1700,-22.7250,-1.3951,county,county;party,30,67,1.0000,31,1.0000,996,3234,0.0008,0.0026,-44.1820,1.0000,0.9994,,,,,2024,early,pres2024-county-composition-diff,electindex-counterfactual/pres2024-county-returns,2026-09-20T23:59:11+00:00
2024,PA,2024-09-26,40,2022,2022-09-29,40,-21.3984,-1.7264,-19.6720,-43.1720,3.8280,-20.3344,-0.6624,county,county;party,38,67,1.0000,37,1.0000,1375,4623,0.0011,0.0038,-44.7816,1.0000,0.9994,,,,,2024,early,pres2024-county-composition-diff,electindex-counterfactual/pres2024-county-returns,2026-09-20T23:59:11+00:00
2024,PA,2024-09-27,39,2022,2022-09-30,39,-10.3973,-1.7264,-8.6710,-32.1710,14.8290,-9.9601,-1.2892,county,county;party,44,67,1.0000,42,1.0000,2072,5804,0.0017,0.0047,-36.9712,1.0000,0.9993,,,,,2024,early,pres2024-county-composition-diff,electindex-counterfactual/pres2024-county-returns,2026-09-20T23:59:11+00:00
2024,PA,2024-09-28,38,2022,2022-10-01,38,15.3742,-1.7264,17.1006,-6.3994,40.6006,15.8244,-1.2761,county,county;party,45,67,1.0000,43,1.0000,3305,5808,0.0027,0.0047,-8.3478,1.0000,0.9993,,,,,2024,early,pres2024-county-composition-diff,electindex-counterfactual/pres2024-county-returns,2026-09-20T23:59:11+00:00
2024,PA,2024-09-29,37,2022,2022-10-02,37,19.3623,-1.7264,21.0887,-2.4113,44.5887,19.8125,-1.2761,county,county;party,45,67,1.0000,43,1.0000,3637,5808,0.0030,0.0047,-3.3936,1.0000,0.9993,,,,,2024,early,pres2024-county-composition-diff,electindex-counterfactual/pres2024-county-returns,2026-09-20T23:59:11+00:00
2024,PA,2024-09-30,36,2022,2022-10-03,36,37.4644,-1.7264,39.1908,0.0000,62.6908,31.1084,-8.0824,county,county;party,53,67,1.0000,46,1.0000,22810,10245,0.0186,0.0083,11.9213,1.0000,0.9992,,,,,2024,early,pres2024-county-composition-diff,electindex-counterfactual/pres2024-county-returns,2026-09-20T23:59:11+00:00
2024,PA,2024-10-01,35,2022,2022-10-04,35,42.9212,-1.7264,44.6475,0.0000,68.1475,31.8602,-12.7873,county,county;party,56,67,1.0000,53,1.0000,33700,12232,0.0274,0.0099,14.3553,1.0000,0.9993,,,,,2024,early,pres2024-county-composition-diff,electindex-counterfactual/pres2024-county-returns,2026-09-20T23:59:11+00:00
2024,PA,2024-10-02,34,2022,2022-10-05,34,44.6713,-1.7264,46.3977,0.0000,69.8977,30.8898,-15.5079,county,county;party,57,67,1.0000,56,1.0000,57264,22546,0.0466,0.0183,14.1590,1.0000,0.9994,,,,,2024,early,pres2024-county-composition-diff,electindex-counterfactual/pres2024-county-returns,2026-09-20T23:59:11+00:00
2024,PA,2024-10-03,33,2022,2022-10-06,33,38.3285,-1.7264,40.0549,0.0000,63.5549,28.5872,-11.4678,county,county;party,58,67,1.0000,59,1.0000,89243,34037,0.0726,0.0277,8.6284,1.0000,0.9994,,,,,2024,early,pres2024-county-composition-diff,electindex-counterfactual/pres2024-county-returns,2026-09-20T23:59:11+00:00
2024,PA,2024-10-04,32,2022,2022-10-07,32,32.6818,-1.7264,34.4082,0.0000,57.9082,26.0763,-8.3319,county,county;party,60,67,1.0000,61,1.0000,126117,49226,0.1026,0.0400,5.4986,1.0000,0.9995,,,,,2024,early,pres2024-county-composition-diff,electindex-counterfactual/pres2024-county-returns,2026-09-20T23:59:11+00:00
2024,PA,2024-10-05,31,2022,2022-10-08,31,32.6579,-1.7264,34.3843,0.0000,57.8843,26.3843,-8.0001,county,county;party,60,67,1.0000,61,1.0000,131017,50728,0.1066,0.0413,5.1066,1.0000,0.9995,,,,,2024,early,pres2024-county-composition-diff,electindex-counterfactual/pres2024-county-returns,2026-09-20T23:59:11+00:00
2024,PA,2024-10-06,30,2022,2022-10-09,30,32.6909,-1.7264,34.4173,0.0000,57.9173,26.3869,-8.0304,county,county;party,60,67,1.0000,61,1.0000,136366,50816,0.1109,0.0413,5.6265,1.0000,0.9995,,,,,2024,early,pres2024-county-composition-diff,electindex-counterfactual/pres2024-county-returns,2026-09-20T23:59:11+00:00
2024,PA,2024-10-07,29,2022,2022-10-10,29,27.6472,-1.7264,29.3736,0.0000,52.8736,20.9733,-8.4003,county,county;party,61,67,1.0000,63,1.0000,219768,51973,0.1788,0.0423,3.0021,1.0000,0.9995,,,,,2024,early,pres2024-county-composition-diff,electindex-counterfactual/pres2024-county-returns,2026-09-20T23:59:11+00:00
2024,PA,2024-10-08,28,2022,2022-10-11,28,22.6859,-1.7264,24.4122,0.0000,47.9122,17.1914,-7.2208,county,county;party,63,67,1.0000,63,1.0000,266492,98556,0.2168,0.0802,-1.4882,1.0000,0.9996,,,,,2024,early,pres2024-county-composition-diff,electindex-counterfactual/pres2024-county-returns,2026-09-20T23:59:11+00:00
2024,PA,2024-10-09,27,2022,2022-10-12,27,18.9235,-1.7264,20.6498,-2.8502,44.1498,14.4090,-6.2409,county,county;party,64,67,1.0000,63,1.0000,347625,123988,0.2827,0.1008,-4.5269,1.0000,0.9996,,,,,2024,early,pres2024-county-composition-diff,electindex-counterfactual/pres2024-county-returns,2026-09-20T23:59:11+00:00
2024,PA,2024-10-10,26,2022,2022-10-13,26,16.4243,-1.7264,18.1507,-5.3493,41.6507,11.9870,-6.1637,county,county;party,65,67,1.0000,64,1.0000,418039,181807,0.3400,0.1479,-6.8019,1.0000,0.9997,,,,,2024,early,pres2024-county-composition-diff,electindex-counterfactual/pres2024-county-returns,2026-09-20T23:59:11+00:00
2024,PA,2024-10-11,25,2022,2022-10-14,25,14.9915,-1.7264,16.7179,-6.7821,40.2179,10.0845,-6.6334,county,county;party,65,67,1.0000,64,1.0000,487097,225703,0.3962,0.1836,-8.5325,1.0000,0.9997,,,,,2024,early,pres2024-county-composition-diff,electindex-counterfactual/pres2024-county-returns,2026-09-20T23:59:11+00:00
2024,PA,2024-10-12,24,2022,2022-10-15,24,14.6727,-1.7264,16.3991,-7.1009,39.8991,10.3433,-6.0558,county,county;party,65,67,1.0000,64,1.0000,497529,235362,0.4047,0.1914,-8.7494,1.0000,0.9996,,,,,2024,early,pres2024-county-composition-diff,electindex-counterfactual/pres2024-county-returns,2026-09-20T23:59:11+00:00
2024,PA,2024-10-13,23,2022,2022-10-16,23,14.6147,-1.7264,16.3411,-7.1589,39.8411,10.2853,-6.0558,county,county;party,65,67,1.0000,64,1.0000,500336,235362,0.4070,0.1914,-8.7232,1.0000,0.9996,,,,,2024,early,pres2024-county-composition-diff,electindex-counterfactual/pres2024-county-returns,2026-09-20T23:59:11+00:00
2024,PA,2024-10-14,22,2022,2022-10-17,22,8.7570,-1.7264,10.4834,-0.5166,21.4834,9.3801,-1.1033,county,county;party,65,67,1.0000,64,1.0000,536147,316930,0.4361,0.2578,-12.0799,1.0000,0.9995,,,,,2024,medium,pres2024-county-composition-diff,electindex-counterfactual/pres2024-county-returns,2026-09-08T15:12:09+00:00
2024,PA,2024-10-15,21,2022,2022-10-18,21,4.9340,-1.7264,6.6604,-4.3396,17.6604,7.4031,0.7427,county,county;party,66,67,1.0000,65,1.0000,635685,367751,0.5170,0.2991,-15.0548,1.0000,0.9995,,,,,2024,medium,pres2024-county-composition-diff,electindex-counterfactual/pres2024-county-returns,2026-09-08T15:12:09+00:00
2024,PA,2024-10-16,20,2022,2022-10-19,20,3.4236,-1.7264,5.1500,-5.8500,16.1500,6.1881,1.0381,county,county;party,66,67,1.0000,66,1.0000,695899,439358,0.5660,0.3574,-16.7105,1.0000,0.9995,,,,,2024,medium,pres2024-county-composition-diff,electindex-counterfactual/pres2024-county-returns,2026-09-08T15:12:09+00:00
2024,PA,2024-10-17,19,2022,2022-10-20,19,2.3822,-1.7264,4.1086,-6.8914,15.1086,4.6468,0.5383,county,county;party,67,67,1.0000,66,1.0000,798235,499834,0.6493,0.4066,-18.7099,1.0000,0.9994,,,,,2024,medium,pres2024-county-composition-diff,electindex-counterfactual/pres2024-county-returns,2026-09-08T15:12:09+00:00
2024,PA,2024-10-18,18,2022,2022-10-21,18,2.0497,-1.7264,3.7761,-7.2239,14.7761,3.5294,-0.2468,county,county;party,67,67,1.0000,66,1.0000,894251,532413,0.7274,0.4331,-19.7945,1.0000,0.9994,,,,,2024,medium,pres2024-county-composition-diff,electindex-counterfactual/pres2024-county-returns,2026-09-08T15:12:09+00:00
2024,PA,2024-10-19,17,2022,2022-10-22,17,1.8184,-1.7264,3.5448,-7.4552,14.5448,3.6983,0.1535,county,county;party,67,67,1.0000,66,1.0000,917851,551459,0.7466,0.4485,-19.6595,1.0000,0.9994,,,,,2024,medium,pres2024-county-composition-diff,electindex-counterfactual/pres2024-county-returns,2026-09-08T15:12:09+00:00
2024,PA,2024-10-20,16,2022,2022-10-23,16,0.8641,-1.7264,2.5905,-8.4095,13.5905,3.7990,1.2085,county,county;party,67,67,1.0000,66,1.0000,922751,561439,0.7505,0.4567,-20.2911,1.0000,0.9994,,,,,2024,medium,pres2024-county-composition-diff,electindex-counterfactual/pres2024-county-returns,2026-09-08T15:12:09+00:00
2024,PA,2024-10-21,15,2022,2022-10-24,15,-0.2134,-1.7264,1.5130,-9.4870,12.5130,2.3673,0.8544,county,county;party,67,67,1.0000,67,1.0000,1054165,629770,0.8574,0.5122,-22.0309,1.0000,0.9994,,,,,2024,medium,pres2024-county-composition-diff,electindex-counterfactual/pres2024-county-returns,2026-09-08T15:12:09+00:00
2024,PA,2024-10-22,14,2022,2022-10-25,14,-1.0580,-1.7264,0.6683,-10.3317,11.6683,1.9048,1.2365,county,county;party,67,67,1.0000,67,1.0000,1126896,678194,0.9166,0.5516,-23.4339,1.0000,0.9994,,,,,2024,medium,pres2024-county-composition-diff,electindex-counterfactual/pres2024-county-returns,2026-09-08T15:12:09+00:00
2024,PA,2024-10-23,13,2022,2022-10-26,13,-1.5212,-1.7264,0.2052,-10.7948,11.2052,1.3250,1.1198,county,county;party,67,67,1.0000,67,1.0000,1210241,730100,0.9844,0.5938,-24.4383,1.0000,0.9994,,,,,2024,medium,pres2024-county-composition-diff,electindex-counterfactual/pres2024-county-returns,2026-09-08T15:12:09+00:00
2024,PA,2024-10-24,12,2022,2022-10-27,12,-1.7157,-1.7264,0.0107,-10.9893,11.0107,1.1104,1.0997,county,county;party,67,67,1.0000,67,1.0000,1288331,782292,1.0479,0.6363,-25.2347,1.0000,0.9994,,,,,2024,medium,pres2024-county-composition-diff,electindex-counterfactual/pres2024-county-returns,2026-09-08T15:12:09+00:00
2024,PA,2024-10-25,11,2022,2022-10-28,11,-1.9995,-1.7264,-0.2732,-11.2732,10.7268,0.9546,1.2278,county,county;party,67,67,1.0000,67,1.0000,1343860,824705,1.0931,0.6708,-25.7050,1.0000,0.9994,,,,,2024,medium,pres2024-county-composition-diff,electindex-counterfactual/pres2024-county-returns,2026-09-08T15:12:09+00:00
2024,PA,2024-10-26,10,2022,2022-10-29,10,-2.1931,-1.7264,-0.4667,-11.4667,10.5333,0.9667,1.4334,county,county;party,67,67,1.0000,67,1.0000,1383998,839823,1.1257,0.6831,-26.1059,1.0000,0.9994,,,,,2024,medium,pres2024-county-composition-diff,electindex-counterfactual/pres2024-county-returns,2026-09-08T15:12:09+00:00
2024,PA,2024-10-27,9,2022,2022-10-30,9,-2.0521,-1.7264,-0.3257,-11.3257,10.6743,1.1485,1.4743,county,county;party,67,67,1.0000,67,1.0000,1397135,841271,1.1364,0.6843,-26.3026,1.0000,0.9994,,,,,2024,medium,pres2024-county-composition-diff,electindex-counterfactual/pres2024-county-returns,2026-09-08T15:12:09+00:00
2024,PA,2024-10-28,8,2022,2022-10-31,8,-1.9313,-1.7264,-0.2050,-11.2050,10.7950,0.8836,1.0885,county,county;party,67,67,1.0000,67,1.0000,1475329,901987,1.2000,0.7337,-26.8028,1.0000,0.9994,,,,,2024,medium,pres2024-county-composition-diff,electindex-counterfactual/pres2024-county-returns,2026-09-08T15:12:09+00:00
2024,PA,2024-10-29,7,2022,2022-11-01,7,-2.6267,-1.7264,-0.9003,-11.9003,10.0997,0.5727,1.4730,county,county;party,67,67,1.0000,67,1.0000,1554318,951838,1.2642,0.7742,-28.0054,1.0000,0.9994,,,,,2024,medium,pres2024-county-composition-diff,electindex-counterfactual/pres2024-county-returns,2026-09-08T15:12:09+00:00
2024,PA,2024-10-30,6,2022,2022-11-02,6,-2.5379,-1.7264,-0.8115,-11.8115,10.1885,0.7686,1.5801,county,county;party,67,67,1.0000,67,1.0000,1628662,1003823,1.3247,0.8165,-28.0132,1.0000,0.9994,,,,,2024,medium,pres2024-county-composition-diff,electindex-counterfactual/pres2024-county-returns,2026-09-08T15:12:09+00:00
2024,PA,2024-10-31,5,2022,2022-11-03,5,-2.5994,-1.7264,-0.8730,-11.8730,10.1270,0.7408,1.6138,county,county;party,67,67,1.0000,67,1.0000,1686023,1048421,1.3714,0.8528,-27.9638,1.0000,0.9994,,,,,2024,medium,pres2024-county-composition-diff,electindex-counterfactual/pres2024-county-returns,2026-09-08T15:12:09+00:00
2024,PA,2024-11-01,4,2022,2022-11-04,4,-2.6287,-1.7264,-0.9023,-11.9023,10.0977,0.6564,1.5587,county,county;party,67,67,1.0000,67,1.0000,1744473,1079956,1.4189,0.8784,-27.9715,1.0000,0.9994,,,,,2024,medium,pres2024-county-composition-diff,electindex-counterfactual/pres2024-county-returns,2026-09-08T15:12:09+00:00
2024,PA,2024-11-02,3,2022,2022-11-05,3,-2.8580,-1.7264,-1.1316,-12.1316,9.8684,0.7627,1.8944,county,county;party,67,67,1.0000,67,1.0000,1777160,1107452,1.4455,0.9008,-27.9534,1.0000,0.9993,,,,,2024,medium,pres2024-county-composition-diff,electindex-counterfactual/pres2024-county-returns,2026-09-08T15:12:09+00:00
2024,PA,2024-11-03,2,2022,2022-11-06,2,-2.8240,-1.7264,-1.0976,-12.0976,9.9024,0.8638,1.9614,county,county;party,67,67,1.0000,67,1.0000,1789624,1109885,1.4556,0.9027,-27.9425,1.0000,0.9994,,,,,2024,medium,pres2024-county-composition-diff,electindex-counterfactual/pres2024-county-returns,2026-09-08T15:12:09+00:00
2024,PA,2024-11-04,1,2022,2022-11-07,1,-2.9440,-1.7264,-1.2176,-12.2176,9.7824,0.7708,1.9884,county,county;party,67,67,1.0000,67,1.0000,1876980,1174369,1.5267,0.9552,-27.7777,1.0000,0.9993,,,,,2024,medium,pres2024-county-composition-diff,electindex-counterfactual/pres2024-county-returns,2026-09-08T15:12:09+00:00
2024,PA,2024-11-05,0,2022,2022-11-08,0,-2.9842,-1.7264,-1.2579,-12.2579,9.7421,1.1591,2.4170,county,county;party,67,67,1.0000,67,1.0000,1960226,1229449,1.5944,1.0000,-27.6412,1.0000,0.9993,,,,,2024,medium,pres2024-county-composition-diff,electindex-counterfactual/pres2024-county-returns,2026-09-08T15:12:09+00:00
2024,TN,2024-10-16,20,2022,2022-10-19,20,-27.3915,-30.1211,2.7296,-20.7704,26.2296,-29.8662,-32.5959,county,county,95,95,1.0000,95,1.0000,215936,59178,0.2447,0.0671,,,,,,,,2024,early,pres2024-county-composition-diff,electindex-counterfactual/pres2024-county-returns,2026-09-20T23:59:11+00:00
2024,TN,2024-10-17,19,2022,2022-10-20,19,-26.4707,-30.1211,3.6504,-19.8496,27.1504,-29.9760,-33.6263,county,county,95,95,1.0000,95,1.0000,386000,106718,0.4375,0.1210,,,,,,,,2024,early,pres2024-county-composition-diff,electindex-counterfactual/pres2024-county-returns,2026-09-20T23:59:11+00:00
2024,TN,2024-10-18,18,2022,2022-10-21,18,-26.4862,-30.1211,3.6349,-19.8651,27.1349,-30.3340,-33.9690,county,county,95,95,1.0000,95,1.0000,558391,157447,0.6329,0.1784,,,,,,,,2024,early,pres2024-county-composition-diff,electindex-counterfactual/pres2024-county-returns,2026-09-20T23:59:11+00:00
2024,TN,2024-10-19,17,2022,2022-10-22,17,-26.3365,-30.1211,3.7846,-19.7154,27.2846,-29.6145,-33.3991,county,county,95,95,1.0000,95,1.0000,654223,177677,0.7415,0.2014,,,,,,,,2024,early,pres2024-county-composition-diff,electindex-counterfactual/pres2024-county-returns,2026-09-20T23:59:11+00:00
2024,TN,2024-10-21,15,2022,2022-10-24,15,-26.4731,-30.1211,3.6480,-7.3520,14.6480,-29.6185,-33.2665,county,county,95,95,1.0000,95,1.0000,820564,234800,0.9300,0.2661,,,,,,,,2024,medium,pres2024-county-composition-diff,electindex-counterfactual/pres2024-county-returns,2026-09-08T15:12:09+00:00
2024,TN,2024-10-22,14,2022,2022-10-25,14,-27.8291,-30.1211,2.2920,-8.7080,13.2920,-29.4728,-31.7648,county,county,95,95,1.0000,95,1.0000,988462,294221,1.1203,0.3335,,,,,,,,2024,medium,pres2024-county-composition-diff,electindex-counterfactual/pres2024-county-returns,2026-09-08T15:12:09+00:00
2024,TN,2024-10-23,13,2022,2022-10-26,13,-28.8615,-30.1211,1.2596,-9.7404,12.2596,-29.4507,-30.7104,county,county,95,95,1.0000,95,1.0000,1143192,357973,1.2957,0.4057,,,,,,,,2024,medium,pres2024-county-composition-diff,electindex-counterfactual/pres2024-county-returns,2026-09-08T15:12:09+00:00
2024,TN,2024-10-24,12,2022,2022-10-27,12,-29.6939,-30.1211,0.4272,-10.5728,11.4272,-29.3536,-29.7807,county,county,95,95,1.0000,95,1.0000,1292095,423151,1.4644,0.4796,,,,,,,,2024,medium,pres2024-county-composition-diff,electindex-counterfactual/pres2024-county-returns,2026-09-08T15:12:09+00:00
2024,TN,2024-10-25,11,2022,2022-10-28,11,-30.3715,-30.1211,-0.2504,-11.2504,10.7496,-29.4309,-29.1805,county,county,95,95,1.0000,95,1.0000,1450599,493972,1.6441,0.5599,,,,,,,,2024,medium,pres2024-county-composition-diff,electindex-counterfactual/pres2024-county-returns,2026-09-08T15:12:09+00:00
2024,TN,2024-10-26,10,2022,2022-10-29,10,-30.9968,-30.1211,-0.8757,-11.8757,10.1243,-29.2230,-28.3473,county,county,95,95,1.0000,95,1.0000,1555231,536792,1.7627,0.6084,,,,,,,,2024,medium,pres2024-county-composition-diff,electindex-counterfactual/pres2024-county-returns,2026-09-08T15:12:09+00:00
2024,TN,2024-10-28,8,2022,2022-10-31,8,-31.2543,-30.1211,-1.1332,-12.1334,9.8670,-29.0648,-27.9316,county,county,95,95,1.0000,95,1.0000,1712441,609758,1.9409,0.6911,,,,,,,,2024,medium,pres2024-county-composition-diff,electindex-counterfactual/pres2024-county-returns,2026-09-08T15:12:09+00:00
2024,TN,2024-10-29,7,2022,2022-11-01,7,-31.6143,-30.1211,-1.4932,-12.4932,9.5068,-28.8142,-27.3210,county,county,95,95,1.0000,95,1.0000,1875293,688001,2.1254,0.7798,,,,,,,,2024,medium,pres2024-county-composition-diff,electindex-counterfactual/pres2024-county-returns,2026-09-08T15:12:09+00:00
2024,TN,2024-10-30,6,2022,2022-11-02,6,-31.8629,-30.1211,-1.7418,-12.7418,9.2582,-28.6200,-26.8782,county,county,95,95,1.0000,95,1.0000,2037440,770986,2.3092,0.8738,,,,,,,,2024,medium,pres2024-county-composition-diff,electindex-counterfactual/pres2024-county-returns,2026-09-08T15:12:09+00:00
2024,TN,2024-10-31,5,2022,2022-11-03,5,-32.4492,-30.1211,-2.3281,-13.3281,8.6719,-28.4210,-26.0929,county,county,95,95,1.0000,95,1.0000,2214870,882310,2.5103,1.0000,,,,,,,,2024,medium,pres2024-county-composition-diff,electindex-counterfactual/pres2024-county-returns,2026-09-08T15:12:09+00:00
2024,TX,2024-09-29,37,2022,2022-10-02,37,-11.7751,-13.8781,2.1030,-21.3970,25.6030,-51.7580,-53.8610,county,county,254,254,1.0000,254,1.0000,1596,1499,0.0003,0.0003,,,,,,,,2024,early,pres2024-county-composition-diff,electindex-counterfactual/pres2024-county-returns,2026-09-20T23:59:11+00:00
2024,TX,2024-09-30,36,2022,2022-10-03,36,-10.6381,-13.8781,3.2399,-20.2601,26.7399,-43.1976,-46.4375,county,county,254,254,1.0000,254,1.0000,4215,3751,0.0008,0.0007,,,,,,,,2024,early,pres2024-county-composition-diff,electindex-counterfactual/pres2024-county-returns,2026-09-20T23:59:11+00:00
2024,TX,2024-10-01,35,2022,2022-10-04,35,-11.0700,-13.8781,2.8080,-20.6920,26.3080,-43.8168,-46.6248,county,county,254,254,1.0000,254,1.0000,5727,4846,0.0010,0.0009,,,,,,,,2024,early,pres2024-county-composition-diff,electindex-counterfactual/pres2024-county-returns,2026-09-20T23:59:11+00:00
2024,TX,2024-10-02,34,2022,2022-10-05,34,-8.5768,-13.8781,5.3012,-18.1988,28.8012,-38.6752,-43.9764,county,county,254,254,1.0000,254,1.0000,9245,7948,0.0017,0.0014,,,,,,,,2024,early,pres2024-county-composition-diff,electindex-counterfactual/pres2024-county-returns,2026-09-20T23:59:11+00:00
2024,TX,2024-10-03,33,2022,2022-10-06,33,-5.8095,-13.8781,8.0685,-15.4315,31.5685,-35.8520,-43.9205,county,county,254,254,1.0000,254,1.0000,13159,10573,0.0024,0.0019,,,,,,,,2024,early,pres2024-county-composition-diff,electindex-counterfactual/pres2024-county-returns,2026-09-20T23:59:11+00:00
2024,TX,2024-10-04,32,2022,2022-10-07,32,-4.6152,-13.8781,9.2628,-14.2372,32.7628,-31.0802,-40.3431,county,county,254,254,1.0000,254,1.0000,18016,14043,0.0033,0.0026,,,,,,,,2024,early,pres2024-county-composition-diff,electindex-counterfactual/pres2024-county-returns,2026-09-20T23:59:11+00:00
2024,TX,2024-10-05,31,2022,2022-10-08,31,-2.5447,-13.8781,11.3334,-12.1666,34.8334,-29.0140,-40.3474,county,county,254,254,1.0000,254,1.0000,19432,14192,0.0035,0.0026,,,,,,,,2024,early,pres2024-county-composition-diff,electindex-counterfactual/pres2024-county-returns,2026-09-20T23:59:11+00:00
2024,TX,2024-10-06,30,2022,2022-10-09,30,-2.7416,-13.8781,11.1364,-12.3636,34.6364,-29.2170,-40.3535,county,county,254,254,1.0000,254,1.0000,19544,14194,0.0036,0.0026,,,,,,,,2024,early,pres2024-county-composition-diff,electindex-counterfactual/pres2024-county-returns,2026-09-20T23:59:11+00:00
2024,TX,2024-10-07,29,2022,2022-10-10,29,-0.9471,-13.8781,12.9310,-10.5690,36.4310,-27.5922,-40.5232,county,county,254,254,1.0000,254,1.0000,28932,15428,0.0053,0.0028,,,,,,,,2024,early,pres2024-county-composition-diff,electindex-counterfactual/pres2024-county-returns,2026-09-20T23:59:11+00:00
2024,TX,2024-10-08,28,2022,2022-10-11,28,-0.6420,-13.8781,13.2361,-10.2639,36.7361,-22.0287,-35.2648,county,county,254,254,1.0000,254,1.0000,39157,24452,0.0071,0.0044,,,,,,,,2024,early,pres2024-county-composition-diff,electindex-counterfactual/pres2024-county-returns,2026-09-20T23:59:11+00:00
2024,TX,2024-10-09,27,2022,2022-10-12,27,-5.2676,-13.8781,8.6105,-14.8895,32.1105,-22.7674,-31.3779,county,county,254,254,1.0000,254,1.0000,47003,31086,0.0086,0.0057,,,,,,,,2024,early,pres2024-county-composition-diff,electindex-counterfactual/pres2024-county-returns,2026-09-20T23:59:11+00:00
2024,TX,2024-10-10,26,2022,2022-10-13,26,-5.7350,-13.8781,8.1430,-15.3570,31.6430,-19.3800,-27.5230,county,county,254,254,1.0000,254,1.0000,61940,44243,0.0113,0.0080,,,,,,,,2024,early,pres2024-county-composition-diff,electindex-counterfactual/pres2024-county-returns,2026-09-20T23:59:11+00:00
2024,TX,2024-10-11,25,2022,2022-10-14,25,-7.8450,-13.8781,6.0331,-17.4669,29.5331,-18.3238,-24.3569,county,county,254,254,1.0000,254,1.0000,73909,57716,0.0134,0.0105,,,,,,,,2024,early,pres2024-county-composition-diff,electindex-counterfactual/pres2024-county-returns,2026-09-20T23:59:11+00:00
2024,TX,2024-10-12,24,2022,2022-10-15,24,-6.6859,-13.8781,7.1922,-16.3078,30.6922,-16.6358,-23.8280,county,county,254,254,1.0000,254,1.0000,78915,59717,0.0144,0.0109,,,,,,,,2024,early,pres2024-county-composition-diff,electindex-counterfactual/pres2024-county-returns,2026-09-20T23:59:11+00:00
2024,TX,2024-10-13,23,2022,2022-10-16,23,-6.5540,-13.8781,7.3241,-16.1759,30.8241,-16.7381,-24.0622,county,county,254,254,1.0000,254,1.0000,79614,60143,0.0145,0.0109,,,,,,,,2024,early,pres2024-county-composition-diff,electindex-counterfactual/pres2024-county-returns,2026-09-20T23:59:11+00:00
2024,TX,2024-10-14,22,2022,2022-10-17,22,-6.5753,-13.8781,7.3028,-16.1972,30.8028,-15.9908,-23.2936,county,county,254,254,1.0000,254,1.0000,86762,78190,0.0158,0.0142,,,,,,,,2024,early,pres2024-county-composition-diff,electindex-counterfactual/pres2024-county-returns,2026-09-20T23:59:11+00:00
2024,TX,2024-10-15,21,2022,2022-10-18,21,-8.1643,-13.8781,5.7138,-17.7862,29.2138,-16.1008,-21.8145,county,county,254,254,1.0000,254,1.0000,102549,89992,0.0187,0.0164,,,,,,,,2024,early,pres2024-county-composition-diff,electindex-counterfactual/pres2024-county-returns,2026-09-20T23:59:11+00:00
2024,TX,2024-10-16,20,2022,2022-10-19,20,-7.9238,-13.8781,5.9543,-17.5457,29.4543,-15.1040,-21.0583,county,county,254,254,1.0000,254,1.0000,119544,103445,0.0217,0.0188,,,,,,,,2024,early,pres2024-county-composition-diff,electindex-counterfactual/pres2024-county-returns,2026-09-20T23:59:11+00:00
2024,TX,2024-10-17,19,2022,2022-10-20,19,-9.3653,-13.8781,4.5127,-18.9873,28.0127,-14.6708,-19.1835,county,county,254,254,1.0000,254,1.0000,136201,120675,0.0248,0.0220,,,,,,,,2024,early,pres2024-county-composition-diff,electindex-counterfactual/pres2024-county-returns,2026-09-20T23:59:11+00:00
2024,TX,2024-10-18,18,2022,2022-10-21,18,-9.6331,-13.8781,4.2449,-19.2551,27.7449,-14.2738,-18.5188,county,county,254,254,1.0000,254,1.0000,152327,135408,0.0277,0.0246,,,,,,,,2024,early,pres2024-county-composition-diff,electindex-counterfactual/pres2024-county-returns,2026-09-20T23:59:11+00:00
2024,TX,2024-10-19,17,2022,2022-10-22,17,-12.8997,-13.8781,0.9784,-22.5216,24.4784,-13.7980,-14.7763,county,county,254,254,1.0000,254,1.0000,160730,153841,0.0292,0.0280,,,,,,,,2024,early,pres2024-county-composition-diff,electindex-counterfactual/pres2024-county-returns,2026-09-20T23:59:11+00:00
2024,TX,2024-10-20,16,2022,2022-10-23,16,-12.9903,-13.8781,0.8878,-22.6122,24.3878,-13.9011,-14.7889,county,county,254,254,1.0000,254,1.0000,161982,154206,0.0295,0.0281,,,,,,,,2024,early,pres2024-county-composition-diff,electindex-counterfactual/pres2024-county-returns,2026-09-20T23:59:11+00:00
2024,TX,2024-10-21,15,2022,2022-10-24,15,-14.5974,-13.8781,-0.7194,-24.2194,22.7806,-15.3127,-14.5934,county,county,254,254,1.0000,254,1.0000,1112044,647957,0.2023,0.1179,,,,,,,,2024,early,pres2024-county-composition-diff,electindex-counterfactual/pres2024-county-returns,2026-09-20T23:59:11+00:00
2024,TX,2024-10-22,14,2022,2022-10-25,14,-14.6262,-13.8781,-0.7482,-24.2482,22.7518,-15.2338,-14.4856,county,county,254,254,1.0000,254,1.0000,1996043,1147219,0.3631,0.2087,,,,,,,,2024,early,pres2024-county-composition-diff,electindex-counterfactual/pres2024-county-returns,2026-09-20T23:59:11+00:00
2024,TX,2024-10-23,13,2022,2022-10-26,13,-14.7618,-13.8781,-0.8837,-11.8837,10.1163,-15.0783,-14.1946,county,county,254,254,1.0000,254,1.0000,2850176,1617402,0.5185,0.2942,,,,,,,,2024,medium,pres2024-county-composition-diff,electindex-counterfactual/pres2024-county-returns,2026-09-08T15:12:09+00:00
2024,TX,2024-10-24,12,2022,2022-10-27,12,-14.7255,-13.8781,-0.8475,-11.8475,10.1525,-14.9272,-14.0798,county,county,254,254,1.0000,254,1.0000,3644731,2064995,0.6630,0.3757,,,,,,,,2024,medium,pres2024-county-composition-diff,electindex-counterfactual/pres2024-county-returns,2026-09-08T15:12:09+00:00
2024,TX,2024-10-25,11,2022,2022-10-28,11,-14.6592,-13.8781,-0.7812,-11.7812,10.2188,-14.8367,-14.0555,county,county,254,254,1.0000,254,1.0000,4507733,2515156,0.8200,0.4575,,,,,,,,2024,medium,pres2024-county-composition-diff,electindex-counterfactual/pres2024-county-returns,2026-09-08T15:12:09+00:00
2024,TX,2024-10-26,10,2022,2022-10-29,10,-15.0560,-13.8781,-1.1780,-12.1780,9.8220,-14.6413,-13.4633,county,county,254,254,1.0000,254,1.0000,5156750,2845953,0.9381,0.5177,,,,,,,,2024,medium,pres2024-county-composition-diff,electindex-counterfactual/pres2024-county-returns,2026-09-08T15:12:09+00:00
2024,TX,2024-10-27,9,2022,2022-10-30,9,-15.2915,-13.8781,-1.4134,-12.4134,9.5866,-14.4769,-13.0634,county,county,254,254,1.0000,254,1.0000,5479281,2992421,0.9968,0.5444,,,,,,,,2024,medium,pres2024-county-composition-diff,electindex-counterfactual/pres2024-county-returns,2026-09-08T15:12:09+00:00
2024,TX,2024-10-28,8,2022,2022-10-31,8,-15.1660,-13.8781,-1.2880,-12.2880,9.7120,-14.3897,-13.1017,county,county,254,254,1.0000,254,1.0000,6228042,3407723,1.1330,0.6199,,,,,,,,2024,medium,pres2024-county-composition-diff,electindex-counterfactual/pres2024-county-returns,2026-09-08T15:12:09+00:00
2024,TX,2024-10-29,7,2022,2022-11-01,7,-15.0026,-13.8781,-1.1246,-12.1246,9.8754,-14.2101,-13.0856,county,county,254,254,1.0000,254,1.0000,6912655,3803294,1.2575,0.6919,,,,,,,,2024,medium,pres2024-county-composition-diff,electindex-counterfactual/pres2024-county-returns,2026-09-08T15:12:09+00:00
2024,TX,2024-10-30,6,2022,2022-11-02,6,-14.9584,-13.8781,-1.0803,-12.0803,9.9197,-13.9650,-12.8846,county,county,254,254,1.0000,254,1.0000,7552471,4242737,1.3739,0.7718,,,,,,,,2024,medium,pres2024-county-composition-diff,electindex-counterfactual/pres2024-county-returns,2026-09-08T15:12:09+00:00
2024,TX,2024-10-31,5,2022,2022-11-03,5,-15.0303,-13.8781,-1.1522,-12.1522,9.8478,-13.7294,-12.5772,county,county,254,254,1.0000,254,1.0000,8158109,4762628,1.4841,0.8664,,,,,,,,2024,medium,pres2024-county-composition-diff,electindex-counterfactual/pres2024-county-returns,2026-09-08T15:12:09+00:00
2024,TX,2024-11-01,4,2022,2022-11-04,4,-15.1783,-13.8781,-1.3002,-12.3002,9.6998,-13.5115,-12.2113,county,county,254,254,1.0000,254,1.0000,9058436,5497027,1.6479,1.0000,,,,,,,,2024,medium,pres2024-county-composition-diff,electindex-counterfactual/pres2024-county-returns,2026-09-08T15:12:09+00:00
2024,VA,2024-11-05,0,2022,2022-11-08,0,4.5900,5.9021,-1.3121,-12.3121,9.6879,8.0388,9.3509,county,county,133,133,1.0000,133,1.0000,2376938,992231,2.3955,1.0000,,,,,,,,2024,medium,pres2024-county-composition-diff,electindex-counterfactual/pres2024-county-returns,2026-09-08T15:12:09+00:00
2024,WA,2024-09-13,53,2022,2022-09-13,56,25.9787,18.9296,7.0491,-16.4509,30.5491,-2.5805,-9.6296,county,county;sex,1,39,1.0000,1,1.0000,2,2,0.0000,0.0000,,,,,,0.0000,1.0000,2024,early,pres2024-county-composition-diff,electindex-counterfactual/pres2024-county-returns,2026-09-20T23:59:11+00:00
2024,WA,2024-09-16,50,2022,2022-09-22,47,18.3515,18.9296,-0.5781,-24.0781,22.9219,-10.8151,-10.2370,county,county;sex,3,39,1.0000,2,1.0000,4,3,0.0000,0.0000,,,,,,16.6667,1.0000,2024,early,pres2024-county-composition-diff,electindex-counterfactual/pres2024-county-returns,2026-09-20T23:59:11+00:00
2024,WA,2024-09-18,48,2022,2022-09-22,47,13.9785,18.9296,-4.9511,-28.4511,18.5489,-15.1881,-10.2370,county,county;sex,3,39,1.0000,2,1.0000,6,3,0.0000,0.0000,,,,,,16.6667,1.0000,2024,early,pres2024-county-composition-diff,electindex-counterfactual/pres2024-county-returns,2026-09-20T23:59:11+00:00
2024,WA,2024-09-19,47,2022,2022-09-22,47,16.3471,18.9296,-2.5824,-26.0824,20.9176,-12.8195,-10.2370,county,county;sex,5,39,1.0000,2,1.0000,14,3,0.0000,0.0000,,,,,,9.5238,1.0000,2024,early,pres2024-county-composition-diff,electindex-counterfactual/pres2024-county-returns,2026-09-20T23:59:11+00:00
2024,WA,2024-09-20,46,2022,2022-09-23,46,12.7518,18.9296,-6.1778,-29.6778,17.3222,38.8681,45.0459,county,county;sex,7,39,1.0000,3,1.0000,158,45,0.0001,0.0000,,,,,,0.5204,1.0000,2024,early,pres2024-county-composition-diff,electindex-counterfactual/pres2024-county-returns,2026-09-20T23:59:11+00:00
2024,WA,2024-09-21,45,2022,2022-09-24,45,17.9639,18.9296,-0.9656,-24.4656,22.5344,48.0502,49.0158,county,county;sex,7,39,1.0000,4,1.0000,424,100,0.0002,0.0000,,,,,,4.2170,1.0000,2024,early,pres2024-county-composition-diff,electindex-counterfactual/pres2024-county-returns,2026-09-20T23:59:11+00:00
2024,WA,2024-09-22,44,2022,2022-09-25,44,19.5192,18.9296,0.5896,-22.9104,24.0896,49.9133,49.3237,county,county;sex,7,39,1.0000,4,1.0000,644,140,0.0003,0.0001,,,,,,8.7578,1.0000,2024,early,pres2024-county-composition-diff,electindex-counterfactual/pres2024-county-returns,2026-09-20T23:59:11+00:00
2024,WA,2024-09-23,43,2022,2022-09-26,43,17.5110,18.9296,-1.4186,-24.9186,22.0814,47.4710,48.8895,county,county;sex,10,39,1.0000,5,1.0000,1062,212,0.0004,0.0001,,,,,,7.4592,1.0000,2024,early,pres2024-county-composition-diff,electindex-counterfactual/pres2024-county-returns,2026-09-20T23:59:11+00:00
2024,WA,2024-09-24,42,2022,2022-09-27,42,14.6584,18.9296,-4.2712,-27.7712,19.2288,44.5108,48.7819,county,county;sex,11,39,1.0000,7,1.0000,1566,255,0.0006,0.0001,,,,,,10.4282,1.0000,2024,early,pres2024-county-composition-diff,electindex-counterfactual/pres2024-county-returns,2026-09-20T23:59:11+00:00
2024,WA,2024-09-25,41,2022,2022-09-28,41,17.5886,18.9296,-1.3409,-24.8409,22.1591,40.7345,42.0754,county,county;sex,13,39,1.0000,9,1.0000,2024,350,0.0008,0.0001,,,,,,9.4351,1.0000,2024,early,pres2024-county-composition-diff,electindex-counterfactual/pres2024-county-returns,2026-09-20T23:59:11+00:00
2024,WA,2024-09-26,40,2022,2022-09-29,40,20.1058,18.9296,1.1763,-22.3237,24.6763,40.2537,39.0774,county,county;sex,13,39,1.0000,9,1.0000,2236,426,0.0009,0.0002,,,,,,10.8204,1.0000,2024,early,pres2024-county-composition-diff,electindex-counterfactual/pres2024-county-returns,2026-09-20T23:59:11+00:00
2024,WA,2024-09-27,39,2022,2022-09-30,39,17.4255,18.9296,-1.5041,-25.0041,21.9959,36.4381,37.9421,county,county;sex,14,39,1.0000,9,1.0000,3091,475,0.0013,0.0002,,,,,,11.9269,1.0000,2024,early,pres2024-county-composition-diff,electindex-counterfactual/pres2024-county-returns,2026-09-20T23:59:11+00:00
2024,WA,2024-09-28,38,2022,2022-10-01,38,17.4952,18.9296,-1.4343,-24.9343,22.0657,37.0334,38.4677,county,county;sex,14,39,1.0000,9,1.0000,3211,500,0.0013,0.0002,,,,,,11.1713,1.0000,2024,early,pres2024-county-composition-diff,electindex-counterfactual/pres2024-county-returns,2026-09-20T23:59:11+00:00
2024,WA,2024-09-29,37,2022,2022-10-02,37,17.4564,18.9296,-1.4731,-24.9731,22.0269,37.8242,39.2973,county,county;sex,14,39,1.0000,9,1.0000,3386,534,0.0014,0.0002,,,,,,10.5359,1.0000,2024,early,pres2024-county-composition-diff,electindex-counterfactual/pres2024-county-returns,2026-09-20T23:59:11+00:00
2024,WA,2024-09-30,36,2022,2022-10-03,36,14.2616,18.9296,-4.6679,-28.1679,18.8321,34.8204,39.4883,county,county;sex,17,39,1.0000,11,1.0000,4460,650,0.0018,0.0003,,,,,,9.0383,1.0000,2024,early,pres2024-county-composition-diff,electindex-counterfactual/pres2024-county-returns,2026-09-20T23:59:11+00:00
2024,WA,2024-10-01,35,2022,2022-10-04,35,15.2817,18.9296,-3.6478,-27.1478,19.8522,35.2861,38.9339,county,county;sex,18,39,1.0000,11,1.0000,5388,747,0.0022,0.0003,,,,,,8.6266,1.0000,2024,early,pres2024-county-composition-diff,electindex-counterfactual/pres2024-county-returns,2026-09-20T23:59:11+00:00
2024,WA,2024-10-02,34,2022,2022-10-05,34,15.2580,18.9296,-3.6716,-27.1716,19.8284,34.9290,38.6005,county,county;sex,19,39,1.0000,11,1.0000,6047,822,0.0025,0.0003,,,,,,8.1025,1.0000,2024,early,pres2024-county-composition-diff,electindex-counterfactual/pres2024-county-returns,2026-09-20T23:59:11+00:00
2024,WA,2024-10-03,33,2022,2022-10-06,33,15.4132,18.9296,-3.5164,-27.0164,19.9836,34.8361,38.3525,county,county;sex,19,39,1.0000,11,1.0000,6413,906,0.0026,0.0004,,,,,,7.1305,1.0000,2024,early,pres2024-county-composition-diff,electindex-counterfactual/pres2024-county-returns,2026-09-20T23:59:11+00:00
2024,WA,2024-10-04,32,2022,2022-10-07,32,16.5532,18.9296,-2.3764,-25.8764,21.1236,34.5040,36.8804,county,county;sex,21,39,1.0000,12,1.0000,8236,987,0.0033,0.0004,,,,,,6.9197,1.0000,2024,early,pres2024-county-composition-diff,electindex-counterfactual/pres2024-county-returns,2026-09-20T23:59:11+00:00
2024,WA,2024-10-05,31,2022,2022-10-08,31,16.4088,18.9296,-2.5208,-26.0208,20.9792,34.8772,37.3980,county,county;sex,21,39,1.0000,12,1.0000,8401,1023,0.0034,0.0004,,,,,,6.7827,1.0000,2024,early,pres2024-county-composition-diff,electindex-counterfactual/pres2024-county-returns,2026-09-20T23:59:11+00:00
2024,WA,2024-10-06,30,2022,2022-10-09,30,16.2115,18.9296,-2.7181,-26.2181,20.7819,35.2274,37.9455,county,county;sex,21,39,1.0000,12,1.0000,8562,1059,0.0035,0.0004,,,,,,6.4070,1.0000,2024,early,pres2024-county-composition-diff,electindex-counterfactual/pres2024-county-returns,2026-09-20T23:59:11+00:00
2024,WA,2024-10-07,29,2022,2022-10-10,29,23.9768,18.9296,5.0473,-18.4527,28.5473,34.5596,29.5123,county,county;sex,22,39,1.0000,13,1.0000,9320,1638,0.0038,0.0007,,,,,,6.9334,1.0000,2024,early,pres2024-county-composition-diff,electindex-counterfactual/pres2024-county-returns,2026-09-20T23:59:11+00:00
2024,WA,2024-10-08,28,2022,2022-10-11,28,24.3516,18.9296,5.4221,-18.0779,28.9221,34.8528,29.4307,county,county;sex,22,39,1.0000,14,1.0000,10620,1772,0.0043,0.0007,,,,,,6.8569,1.0000,2024,early,pres2024-county-composition-diff,electindex-counterfactual/pres2024-county-returns,2026-09-20T23:59:11+00:00
2024,WA,2024-10-09,27,2022,2022-10-12,27,16.9530,18.9296,-1.9766,-25.4766,21.5234,34.5819,36.5585,county,county;sex,22,39,1.0000,14,1.0000,11070,2596,0.0045,0.0011,,,,,,6.5993,1.0000,2024,early,pres2024-county-composition-diff,electindex-counterfactual/pres2024-county-returns,2026-09-20T23:59:11+00:00
2024,WA,2024-10-10,26,2022,2022-10-13,26,19.2403,18.9296,0.3107,-23.1893,23.8107,34.4692,34.1584,county,county;sex,22,39,1.0000,16,1.0000,11522,3037,0.0047,0.0012,,,,,,5.9008,1.0000,2024,early,pres2024-county-composition-diff,electindex-counterfactual/pres2024-county-returns,2026-09-20T23:59:11+00:00
2024,WA,2024-10-11,25,2022,2022-10-14,25,19.1573,18.9296,0.2278,-23.2722,23.7278,33.1542,32.9264,county,county;sex,23,39,1.0000,16,1.0000,14647,3445,0.0059,0.0014,,,,,,5.9753,1.0000,2024,early,pres2024-county-composition-diff,electindex-counterfactual/pres2024-county-returns,2026-09-20T23:59:11+00:00
2024,WA,2024-10-12,24,2022,2022-10-15,24,19.1579,18.9296,0.2284,-23.2716,23.7284,33.3384,33.1100,county,county;sex,23,39,1.0000,16,1.0000,14787,3476,0.0060,0.0014,,,,,,5.9668,1.0000,2024,early,pres2024-county-composition-diff,electindex-counterfactual/pres2024-county-returns,2026-09-20T23:59:11+00:00
2024,WA,2024-10-13,23,2022,2022-10-16,23,19.1750,18.9296,0.2454,-23.2546,23.7454,33.6154,33.3700,county,county;sex,23,39,1.0000,16,1.0000,14993,3526,0.0061,0.0014,,,,,,5.8755,1.0000,2024,early,pres2024-county-composition-diff,electindex-counterfactual/pres2024-county-returns,2026-09-20T23:59:11+00:00
2024,WA,2024-10-14,22,2022,2022-10-17,22,15.8732,18.9296,-3.0563,-26.5563,20.4437,26.6319,29.6883,county,county;sex,24,39,1.0000,17,1.0000,23350,5091,0.0095,0.0021,,,,,,6.0284,1.0000,2024,early,pres2024-county-composition-diff,electindex-counterfactual/pres2024-county-returns,2026-09-20T23:59:11+00:00
2024,WA,2024-10-15,21,2022,2022-10-18,21,11.0538,18.9296,-7.8757,-31.3757,15.6243,17.9158,25.7915,county,county;sex,25,39,1.0000,17,1.0000,38277,12977,0.0155,0.0053,,,,,,2.6371,1.0000,2024,early,pres2024-county-composition-diff,electindex-counterfactual/pres2024-county-returns,2026-09-20T23:59:11+00:00
2024,WA,2024-10-16,20,2022,2022-10-19,20,6.8231,18.9296,-12.1064,-35.6064,11.3936,12.6042,24.7107,county,county;sex,27,39,1.0000,18,1.0000,61533,17717,0.0250,0.0072,,,,,,2.2238,1.0000,2024,early,pres2024-county-composition-diff,electindex-counterfactual/pres2024-county-returns,2026-09-20T23:59:11+00:00
2024,WA,2024-10-17,19,2022,2022-10-20,19,4.6082,18.9296,-14.3213,-37.8213,9.1787,9.8524,24.1737,county,county;sex,28,39,1.0000,18,1.0000,87194,22391,0.0354,0.0091,,,,,,1.6906,1.0000,2024,early,pres2024-county-composition-diff,electindex-counterfactual/pres2024-county-returns,2026-09-20T23:59:11+00:00
2024,WA,2024-10-18,18,2022,2022-10-21,18,7.8355,18.9296,-11.0941,-34.5941,12.4059,9.9371,21.0312,county,county;sex,32,39,1.0000,22,1.0000,121683,30046,0.0494,0.0122,,,,,,1.8954,1.0000,2024,early,pres2024-county-composition-diff,electindex-counterfactual/pres2024-county-returns,2026-09-20T23:59:11+00:00
2024,WA,2024-10-19,17,2022,2022-10-22,17,7.8343,18.9296,-11.0952,-34.5952,12.4048,9.9879,21.0831,county,county;sex,32,39,1.0000,22,1.0000,121825,30098,0.0494,0.0122,,,,,,1.8953,1.0000,2024,early,pres2024-county-composition-diff,electindex-counterfactual/pres2024-county-returns,2026-09-20T23:59:11+00:00
2024,WA,2024-10-20,16,2022,2022-10-23,16,14.6358,18.9296,-4.2937,-27.7937,19.2063,16.8654,21.1592,county,county;sex,32,39,1.0000,22,1.0000,144693,30173,0.0587,0.0122,,,,,,1.5923,1.0000,2024,early,pres2024-county-composition-diff,electindex-counterfactual/pres2024-county-returns,2026-09-20T23:59:11+00:00
2024,WA,2024-10-21,15,2022,2022-10-24,15,18.2373,18.9296,-0.6922,-24.1922,22.8078,16.0755,16.7677,county,county;sex,38,39,1.0000,35,1.0000,332413,129420,0.1349,0.0525,,,,,,2.0864,1.0000,2024,early,pres2024-county-composition-diff,electindex-counterfactual/pres2024-county-returns,2026-09-20T23:59:11+00:00
2024,WA,2024-10-22,14,2022,2022-10-25,14,17.6242,18.9296,-1.3054,-24.8054,22.1946,17.2529,18.5583,county,county;sex,39,39,1.0000,37,1.0000,555118,246932,0.2252,0.1002,,,,,,1.7535,1.0000,2024,early,pres2024-county-composition-diff,electindex-counterfactual/pres2024-county-returns,2026-09-20T23:59:11+00:00
2024,WA,2024-10-23,13,2022,2022-10-26,13,19.2546,18.9296,0.3251,-23.1749,23.8251,17.6591,17.3340,county,county;sex,39,39,1.0000,38,1.0000,773520,402386,0.3138,0.1633,,,,,,1.4269,1.0000,2024,early,pres2024-county-composition-diff,electindex-counterfactual/pres2024-county-returns,2026-09-20T23:59:11+00:00
2024,WA,2024-10-24,12,2022,2022-10-27,12,19.5578,18.9296,0.6283,-22.8717,24.1283,17.5913,16.9630,county,county;sex,39,39,1.0000,39,1.0000,974940,536235,0.3955,0.2176,,,,,,1.2753,1.0000,2024,early,pres2024-county-composition-diff,electindex-counterfactual/pres2024-county-returns,2026-09-20T23:59:11+00:00
2024,WA,2024-10-25,11,2022,2022-10-28,11,20.1557,18.9296,1.2261,-9.7739,12.2261,17.8423,16.6162,county,county;sex,39,39,1.0000,39,1.0000,1176720,669461,0.4774,0.2716,,,,,,1.2156,1.0000,2024,medium,pres2024-county-composition-diff,electindex-counterfactual/pres2024-county-returns,2026-09-08T18:47:25+00:00
2024,WA,2024-10-26,10,2022,2022-10-29,10,20.0157,18.9296,1.0861,-9.9139,12.0861,17.7089,16.6228,county,county;sex,39,39,1.0000,39,1.0000,1189528,669582,0.4826,0.2717,,,,,,1.2329,1.0000,2024,medium,pres2024-county-composition-diff,electindex-counterfactual/pres2024-county-returns,2026-09-08T18:47:25+00:00
2024,WA,2024-10-27,9,2022,2022-10-30,9,20.9438,18.9296,2.0143,-8.9857,13.0143,18.6440,16.6297,county,county;sex,39,39,1.0000,39,1.0000,1221514,669708,0.4956,0.2717,,,,,,1.2592,1.0000,2024,medium,pres2024-county-composition-diff,electindex-counterfactual/pres2024-county-returns,2026-09-08T18:47:25+00:00
2024,WA,2024-10-28,8,2022,2022-10-31,8,19.6765,18.9296,0.7469,-10.2531,11.7469,18.3131,17.5662,county,county;sex,39,39,1.0000,39,1.0000,1527868,909395,0.6199,0.3690,,,,,,1.0127,1.0000,2024,medium,pres2024-county-composition-diff,electindex-counterfactual/pres2024-county-returns,2026-09-08T18:47:25+00:00
2024,WA,2024-10-29,7,2022,2022-11-01,7,19.6083,18.9296,0.6788,-10.3212,11.6788,18.5368,17.8580,county,county;sex,39,39,1.0000,39,1.0000,1769218,1073053,0.7178,0.4354,,,,,,1.0213,1.0000,2024,medium,pres2024-county-composition-diff,electindex-counterfactual/pres2024-county-returns,2026-09-08T18:47:25+00:00
2024,WA,2024-10-30,6,2022,2022-11-02,6,19.7421,18.9296,0.8125,-10.1875,11.8125,18.6380,17.8255,county,county;sex,39,39,1.0000,39,1.0000,2023382,1244620,0.8209,0.5050,,,,,,1.0009,1.0000,2024,medium,pres2024-county-composition-diff,electindex-counterfactual/pres2024-county-returns,2026-09-08T18:47:25+00:00
2024,WA,2024-10-31,5,2022,2022-11-03,5,19.7022,18.9296,0.7727,-10.2273,11.7727,18.6652,17.8926,county,county;sex,39,39,1.0000,39,1.0000,2218578,1389280,0.9001,0.5636,,,,,,0.9841,1.0000,2024,medium,pres2024-county-composition-diff,electindex-counterfactual/pres2024-county-returns,2026-09-08T18:47:25+00:00
2024,WA,2024-11-01,4,2022,2022-11-04,4,19.7840,18.9296,0.8544,-10.1456,11.8544,18.6936,17.8392,county,county;sex,39,39,1.0000,39,1.0000,2397346,1547683,0.9726,0.6279,,,,,,0.9436,1.0000,2024,medium,pres2024-county-composition-diff,electindex-counterfactual/pres2024-county-returns,2026-09-08T18:47:25+00:00
2024,WA,2024-11-02,3,2022,2022-11-05,3,20.4316,18.9296,1.5021,-9.4979,12.5021,18.9870,17.4850,county,county;sex,39,39,1.0000,39,1.0000,2528887,1598195,1.0260,0.6484,,,,,,0.9794,1.0000,2024,medium,pres2024-county-composition-diff,electindex-counterfactual/pres2024-county-returns,2026-09-08T18:47:25+00:00
2024,WA,2024-11-03,2,2022,2022-11-06,2,19.2504,18.9296,0.3209,-10.6791,11.3209,19.4401,19.1192,county,county;sex,39,39,1.0000,39,1.0000,2617115,1683700,1.0618,0.6831,,,,,,0.9635,1.0000,2024,medium,pres2024-county-composition-diff,electindex-counterfactual/pres2024-county-returns,2026-09-08T18:47:25+00:00
2024,WA,2024-11-04,1,2022,2022-11-07,1,19.5868,18.9296,0.6573,-10.3427,11.6573,19.7534,19.0962,county,county;sex,39,39,1.0000,39,1.0000,3027077,2031714,1.2281,0.8243,,,,,,0.9999,1.0000,2024,medium,pres2024-county-composition-diff,electindex-counterfactual/pres2024-county-returns,2026-09-08T18:47:25+00:00
2024,WA,2024-11-05,0,2022,2022-11-08,0,20.2311,18.9296,1.3016,-9.6984,12.3016,20.3680,19.0664,county,county;sex,39,39,1.0000,39,1.0000,3583213,2464793,1.4538,1.0000,,,,,,1.0895,1.0000,2024,medium,pres2024-county-composition-diff,electindex-counterfactual/pres2024-county-returns,2026-09-08T18:47:25+00:00
2024,WI,2024-10-06,30,2022,2022-10-12,27,-4.0367,-0.8734,-3.1633,-26.6633,20.3367,2.4423,5.6057,county,county,72,72,1.0000,72,1.0000,142464,125903,0.1921,0.1697,,,,,,,,2024,early,pres2024-county-composition-diff,electindex-counterfactual/pres2024-county-returns,2026-09-20T23:59:11+00:00
2024,WI,2024-10-07,29,2022,2022-10-12,27,-4.0578,-0.8734,-3.1844,-26.6844,20.3156,2.4213,5.6057,county,county,72,72,1.0000,72,1.0000,143115,125903,0.1929,0.1697,,,,,,,,2024,early,pres2024-county-composition-diff,electindex-counterfactual/pres2024-county-returns,2026-09-20T23:59:11+00:00
2024,WI,2024-10-08,28,2022,2022-10-12,27,-3.8389,-0.8734,-2.9655,-26.4655,20.5345,2.6402,5.6057,county,county,72,72,1.0000,72,1.0000,168463,125903,0.2271,0.1697,,,,,,,,2024,early,pres2024-county-composition-diff,electindex-counterfactual/pres2024-county-returns,2026-09-20T23:59:11+00:00
2024,WI,2024-10-10,26,2022,2022-10-13,26,-4.0354,-0.8734,-3.1620,-26.6620,20.3380,2.8389,6.0009,county,county,72,72,1.0000,72,1.0000,199206,136134,0.2685,0.1835,,,,,,,,2024,early,pres2024-county-composition-diff,electindex-counterfactual/pres2024-county-returns,2026-09-20T23:59:11+00:00
2024,WI,2024-10-11,25,2022,2022-10-14,25,-4.2899,-0.8734,-3.4165,-26.9165,20.0835,2.8170,6.2335,county,county,72,72,1.0000,72,1.0000,212518,150965,0.2865,0.2035,,,,,,,,2024,early,pres2024-county-composition-diff,electindex-counterfactual/pres2024-county-returns,2026-09-20T23:59:11+00:00
2024,WI,2024-10-12,24,2022,2022-10-14,25,-4.1023,-0.8734,-3.2289,-26.7289,20.2711,3.0046,6.2335,county,county,72,72,1.0000,72,1.0000,225486,150965,0.3040,0.2035,,,,,,,,2024,early,pres2024-county-composition-diff,electindex-counterfactual/pres2024-county-returns,2026-09-20T23:59:11+00:00
2024,WI,2024-10-13,23,2022,2022-10-17,22,-3.8057,-0.8734,-2.9323,-26.4323,20.5677,2.9628,5.8951,county,county,72,72,1.0000,72,1.0000,226020,160993,0.3047,0.2170,,,,,,,,2024,early,pres2024-county-composition-diff,electindex-counterfactual/pres2024-county-returns,2026-09-20T23:59:11+00:00
2024,WI,2024-10-14,22,2022,2022-10-17,22,-3.8091,-0.8734,-2.9358,-26.4358,20.5642,2.9593,5.8951,county,county,72,72,1.0000,72,1.0000,226859,160993,0.3058,0.2170,,,,,,,,2024,early,pres2024-county-composition-diff,electindex-counterfactual/pres2024-county-returns,2026-09-20T23:59:11+00:00
2024,WI,2024-10-15,21,2022,2022-10-18,21,-3.9157,-0.8734,-3.0423,-26.5423,20.4577,2.9499,5.9922,county,county,72,72,1.0000,72,1.0000,239997,183680,0.3235,0.2476,,,,,,,,2024,early,pres2024-county-composition-diff,electindex-counterfactual/pres2024-county-returns,2026-09-20T23:59:11+00:00
2024,WI,2024-10-16,20,2022,2022-10-19,20,-3.2951,-0.8734,-2.4217,-13.4217,8.5783,3.2101,5.6318,county,county,72,72,1.0000,72,1.0000,267524,195287,0.3606,0.2633,,,,,,,,2024,medium,pres2024-county-composition-diff,electindex-counterfactual/pres2024-county-returns,2026-09-08T15:12:09+00:00
2024,WI,2024-10-17,19,2022,2022-10-20,19,-3.2712,-0.8734,-2.3978,-13.3978,8.6022,3.0262,5.4240,county,county,72,72,1.0000,72,1.0000,283123,210754,0.3817,0.2841,,,,,,,,2024,medium,pres2024-county-composition-diff,electindex-counterfactual/pres2024-county-returns,2026-09-08T15:12:09+00:00
2024,WI,2024-10-18,18,2022,2022-10-21,18,-2.9940,-0.8734,-2.1206,-13.1206,8.8794,3.2542,5.3747,county,county,72,72,1.0000,72,1.0000,305344,225330,0.4116,0.3038,,,,,,,,2024,medium,pres2024-county-composition-diff,electindex-counterfactual/pres2024-county-returns,2026-09-08T15:12:09+00:00
2024,WI,2024-10-19,17,2022,2022-10-21,18,-3.0242,-0.8734,-2.1508,-13.1508,8.8492,3.2239,5.3747,county,county,72,72,1.0000,72,1.0000,323421,225330,0.4360,0.3038,,,,,,,,2024,medium,pres2024-county-composition-diff,electindex-counterfactual/pres2024-county-returns,2026-09-08T15:12:09+00:00
2024,WI,2024-10-20,16,2022,2022-10-24,15,-3.1942,-0.8734,-2.3208,-13.3208,8.6792,3.2073,5.5281,county,county,72,72,1.0000,72,1.0000,324999,238293,0.4381,0.3212,,,,,,,,2024,medium,pres2024-county-composition-diff,electindex-counterfactual/pres2024-county-returns,2026-09-08T15:12:09+00:00
2024,WI,2024-10-21,15,2022,2022-10-24,15,-3.1845,-0.8734,-2.3111,-13.3111,8.6889,3.2170,5.5281,county,county,72,72,1.0000,72,1.0000,326124,238293,0.4396,0.3212,,,,,,,,2024,medium,pres2024-county-composition-diff,electindex-counterfactual/pres2024-county-returns,2026-09-08T15:12:09+00:00
2024,WI,2024-10-22,14,2022,2022-10-25,14,-2.7891,-0.8734,-1.9157,-12.9157,9.0843,3.1359,5.0516,county,county,72,72,1.0000,72,1.0000,360372,258761,0.4858,0.3488,,,,,,,,2024,medium,pres2024-county-composition-diff,electindex-counterfactual/pres2024-county-returns,2026-09-08T15:12:09+00:00
2024,WI,2024-10-23,13,2022,2022-10-26,13,-3.4426,-0.8734,-2.5692,-13.5692,8.4308,2.3657,4.9349,county,county,72,72,1.0000,72,1.0000,475460,305453,0.6410,0.4118,,,,,,,,2024,medium,pres2024-county-composition-diff,electindex-counterfactual/pres2024-county-returns,2026-09-08T15:12:09+00:00
2024,WI,2024-10-24,12,2022,2022-10-27,12,-3.6919,-0.8734,-2.8185,-13.8185,8.1815,1.9577,4.7762,county,county,72,72,1.0000,72,1.0000,592902,353929,0.7993,0.4771,,,,,,,,2024,medium,pres2024-county-composition-diff,electindex-counterfactual/pres2024-county-returns,2026-09-08T15:12:09+00:00
2024,WI,2024-10-25,11,2022,2022-10-28,11,-3.7388,-0.8734,-2.8654,-13.8654,8.1346,1.7419,4.6073,county,county,72,72,1.0000,72,1.0000,715395,397174,0.9644,0.5354,,,,,,,,2024,medium,pres2024-county-composition-diff,electindex-counterfactual/pres2024-county-returns,2026-09-08T15:12:09+00:00
2024,WI,2024-10-28,8,2022,2022-10-31,8,-3.6348,-0.8734,-2.7614,-13.7614,8.2386,2.1986,4.9601,county,county,72,72,1.0000,72,1.0000,858166,444876,1.1569,0.5997,,,,,,,,2024,medium,pres2024-county-composition-diff,electindex-counterfactual/pres2024-county-returns,2026-09-08T15:12:09+00:00
2024,WI,2024-10-30,6,2022,2022-11-02,6,-3.5130,-0.8734,-2.6396,-13.6396,8.3604,2.1310,4.7707,county,county,72,72,1.0000,72,1.0000,1109037,545461,1.4951,0.7353,,,,,,,,2024,medium,pres2024-county-composition-diff,electindex-counterfactual/pres2024-county-returns,2026-09-08T15:12:09+00:00
2024,WI,2024-11-05,0,2022,2022-11-08,0,-3.3659,-0.8734,-2.4925,-13.4925,8.5075,2.5118,5.0043,county,county,72,72,1.0000,72,1.0000,1540288,741795,2.0764,1.0000,,,,,,,,2024,medium,pres2024-county-composition-diff,electindex-counterfactual/pres2024-county-returns,2026-09-08T15:12:09+00:00
2024,WV,2024-11-05,0,2022,2022-11-08,0,-40.1531,-42.6878,2.5346,-8.4654,13.5346,-40.8840,-43.4187,county,county,55,55,1.0000,51,1.0000,332929,120351,2.7663,1.0000,,,,,,,,2024,medium,pres2024-county-composition-diff,electindex-counterfactual/pres2024-county-returns,2026-09-09T20:28:15+00:00
2024,WY,2024-11-05,0,2022,2022-11-08,0,-47.2466,-46.9583,-0.2882,-11.2882,10.7118,-42.7567,-42.4685,county,county,23,23,1.0000,19,1.0000,115364,74743,1.5435,1.0000,,,,,,,,2024,low,pres2024-county-composition-diff,electindex-counterfactual/pres2024-county-returns,2026-09-09T20:28:15+00:00
2026,FL,2026-09-15,49,2024,2024-09-17,49,-40.0574,-13.2221,-26.8353,-50.3353,0.0000,-42.9202,-16.0849,county,county;party,12,67,1.0000,19,1.0000,2,15,0.0000,0.0000,-145.4545,1.0000,1.0000,,,,,2024,early,pres2024-county-composition-diff,electindex-counterfactual/pres2024-county-returns,2026-09-20T23:59:11+00:00
2026,FL,2026-09-16,48,2024,2024-09-17,49,-42.0401,-13.2221,-28.8180,-52.3180,0.0000,-44.9029,-16.0849,county,county;party,22,67,1.0000,19,1.0000,5,15,0.0000,0.0000,-12.1212,1.0000,1.0000,,,,,2024,early,pres2024-county-composition-diff,electindex-counterfactual/pres2024-county-returns,2026-09-20T23:59:11+00:00
2026,FL,2026-09-17,47,2024,2024-09-20,46,2.8726,-13.2221,16.0947,-7.4053,39.5947,-17.5829,-33.6776,county,county;party,31,67,1.0000,56,1.0000,22,100,0.0000,0.0000,3.3613,1.0000,1.0000,,,,,2024,early,pres2024-county-composition-diff,electindex-counterfactual/pres2024-county-returns,2026-09-20T23:59:11+00:00
2026,FL,2026-09-18,46,2024,2024-09-20,46,0.7431,-13.2221,13.9652,-9.5348,37.4652,-19.7123,-33.6776,county,county;party,58,67,1.0000,56,1.0000,44,100,0.0000,0.0000,0.8658,1.0000,1.0000,,,,,2024,early,pres2024-county-composition-diff,electindex-counterfactual/pres2024-county-returns,2026-09-20T23:59:11+00:00
2026,FL,2026-09-19,45,2024,2024-09-20,46,-0.1398,-13.2221,13.0823,-10.4177,36.5823,-20.5953,-33.6776,county,county;party,67,67,1.0000,56,1.0000,131,100,0.0000,0.0000,9.2437,1.0000,1.0000,,,,,2024,early,pres2024-county-composition-diff,electindex-counterfactual/pres2024-county-returns,2026-09-20T23:59:11+00:00
2026,FL,2026-09-20,44,2024,2024-09-20,46,-0.1398,-13.2221,13.0823,-10.4177,36.5823,-20.5953,-33.6776,county,county;party,67,67,1.0000,56,1.0000,131,100,0.0000,0.0000,9.2437,1.0000,1.0000,,,,,2024,early,pres2024-county-composition-diff,electindex-counterfactual/pres2024-county-returns,2026-09-20T23:59:11+00:00
2026,FL,2026-09-21,43,2024,2024-09-24,42,-10.4155,-13.2221,2.8066,-20.6934,26.3066,-18.9833,-21.7899,county,county;party,67,67,1.0000,66,1.0000,153,948,0.0000,0.0001,20.8312,1.0000,1.0000,,,,,2024,early,pres2024-county-composition-diff,electindex-counterfactual/pres2024-county-returns,2026-09-21T16:14:54+00:00
2026,FL,2026-09-22,42,2024,2024-09-24,42,-9.1594,-13.2221,4.0627,-19.4373,27.5627,-17.7272,-21.7899,county,county;party,67,67,1.0000,66,1.0000,628,948,0.0001,0.0001,27.1044,1.0000,1.0000,,,,,2024,early,pres2024-county-composition-diff,electindex-counterfactual/pres2024-county-returns,2026-09-22T13:08:05+00:00
2026,FL,2026-09-23,41,2024,2024-09-24,42,-9.5518,-13.2221,3.6704,-19.8296,27.1704,-18.1195,-21.7899,county,county;party,67,67,1.0000,66,1.0000,992,948,0.0001,0.0001,21.6889,1.0000,1.0000,,,,,2024,early,pres2024-county-composition-diff,electindex-counterfactual/pres2024-county-returns,2026-09-23T16:09:40+00:00
2026,FL,2026-09-24,40,2024,2024-09-26,40,-6.2116,-13.2221,7.0105,-16.4895,30.5105,-16.8571,-23.8676,county,county;party,67,67,1.0000,67,1.0000,1340,2169,0.0002,0.0003,29.9983,1.0000,1.0000,,,,,2024,early,pres2024-county-composition-diff,electindex-counterfactual/pres2024-county-returns,2026-09-24T12:37:11+00:00
2026,ME,2026-08-10,85,2024,2024-08-12,85,32.2859,7.0886,25.1973,-23.4872,57.0221,12.0681,-13.1292,county,county;party,1,16,1.0000,1,0.5000,2,1,0.0000,0.0000,0.0000,1.0000,1.0000,,,,,2024,early,pres2024-county-composition-diff,electindex-counterfactual/pres2024-county-returns,2026-09-22T20:59:20+00:00
2026,ME,2026-08-11,84,2024,2024-08-13,84,39.4767,7.0886,32.3880,-10.2985,59.0410,12.0681,-20.3200,county,county;party,1,16,1.0000,2,0.6667,2,2,0.0000,0.0000,66.6667,1.0000,1.0000,,,,,2024,early,pres2024-county-composition-diff,electindex-counterfactual/pres2024-county-returns,2026-09-22T20:59:20+00:00
2026,ME,2026-08-12,83,2024,2024-08-14,83,27.8554,7.0886,20.7668,-11.9209,48.4829,12.0681,-8.6987,county,county;party,1,16,1.0000,4,0.8000,2,4,0.0000,0.0000,40.0000,1.0000,1.0000,,,,,2024,early,pres2024-county-composition-diff,electindex-counterfactual/pres2024-county-returns,2026-09-22T20:59:20+00:00
2026,ME,2026-08-13,82,2024,2024-08-15,82,23.9792,7.0886,16.8906,-13.6198,44.5500,12.0681,-4.8225,county,county;party,1,16,1.0000,5,0.8333,2,5,0.0000,0.0000,66.6667,1.0000,1.0000,,,,,2024,early,pres2024-county-composition-diff,electindex-counterfactual/pres2024-county-returns,2026-09-22T20:59:20+00:00
2026,ME,2026-08-14,81,2024,2024-08-16,81,28.1386,7.0886,21.0500,-9.0531,47.0657,12.0681,-8.9819,county,county;party,1,16,1.0000,6,0.8571,2,6,0.0000,0.0000,57.1429,1.0000,1.0000,,,,,2024,early,pres2024-county-composition-diff,electindex-counterfactual/pres2024-county-returns,2026-09-22T20:59:20+00:00
2026,ME,2026-08-15,80,2024,2024-08-17,80,28.1386,7.0886,21.0500,-9.0531,47.0657,12.0681,-8.9819,county,county;party,1,16,1.0000,6,0.8571,2,6,0.0000,0.0000,57.1429,1.0000,1.0000,,,,,2024,early,pres2024-county-composition-diff,electindex-counterfactual/pres2024-county-returns,2026-09-22T20:59:20+00:00
2026,ME,2026-08-16,79,2024,2024-08-18,79,28.1386,7.0886,21.0500,-9.0531,47.0657,12.0681,-8.9819,county,county;party,1,16,1.0000,6,0.8571,2,6,0.0000,0.0000,57.1429,1.0000,1.0000,,,,,2024,early,pres2024-county-composition-diff,electindex-counterfactual/pres2024-county-returns,2026-09-22T20:59:20+00:00
2026,ME,2026-08-17,78,2024,2024-08-19,78,24.1413,7.0886,17.0527,-11.7253,43.2536,12.0681,-4.9846,county,county;party,1,16,1.0000,7,0.8750,2,7,0.0000,0.0000,57.1429,1.0000,1.0000,,,,,2024,early,pres2024-county-composition-diff,electindex-counterfactual/pres2024-county-returns,2026-09-22T20:59:20+00:00
2026,ME,2026-08-18,77,2024,2024-08-20,77,24.1413,7.0886,17.0527,-11.7253,43.2536,12.0681,-4.9846,county,county;party,1,16,1.0000,7,0.8750,2,7,0.0000,0.0000,57.1429,1.0000,1.0000,,,,,2024,early,pres2024-county-composition-diff,electindex-counterfactual/pres2024-county-returns,2026-09-22T20:59:20+00:00
2026,ME,2026-08-19,76,2024,2024-08-21,76,24.1413,7.0886,17.0527,-11.7253,43.2536,12.0681,-4.9846,county,county;party,1,16,1.0000,7,0.8750,2,7,0.0000,0.0000,57.1429,1.0000,1.0000,,,,,2024,early,pres2024-county-composition-diff,electindex-counterfactual/pres2024-county-returns,2026-09-22T20:59:20+00:00
2026,ME,2026-08-20,75,2024,2024-08-22,75,24.1413,7.0886,17.0527,-11.7253,43.2536,12.0681,-4.9846,county,county;party,1,16,1.0000,7,0.8750,2,7,0.0000,0.0000,57.1429,1.0000,1.0000,,,,,2024,early,pres2024-county-composition-diff,electindex-counterfactual/pres2024-county-returns,2026-09-22T20:59:20+00:00
2026,ME,2026-08-21,74,2024,2024-08-23,74,26.4517,7.0886,19.3631,-9.4150,45.5640,14.3784,-4.9846,county,county;party,2,16,1.0000,7,0.8750,3,7,0.0000,0.0000,57.1429,1.0000,1.0000,,,,,2024,early,pres2024-county-composition-diff,electindex-counterfactual/pres2024-county-returns,2026-09-22T20:59:20+00:00
2026,ME,2026-08-22,73,2024,2024-08-24,73,26.4517,7.0886,19.3631,-9.4150,45.5640,14.3784,-4.9846,county,county;party,2,16,1.0000,7,0.8750,3,7,0.0000,0.0000,57.1429,1.0000,1.0000,,,,,2024,early,pres2024-county-composition-diff,electindex-counterfactual/pres2024-county-returns,2026-09-22T20:59:20+00:00
2026,ME,2026-08-23,72,2024,2024-08-25,72,26.4517,7.0886,19.3631,-9.4150,45.5640,14.3784,-4.9846,county,county;party,2,16,1.0000,7,0.8750,3,7,0.0000,0.0000,57.1429,1.0000,1.0000,,,,,2024,early,pres2024-county-composition-diff,electindex-counterfactual/pres2024-county-returns,2026-09-22T20:59:20+00:00
2026,ME,2026-08-24,71,2024,2024-08-26,71,20.0193,7.0886,12.9307,-12.1254,39.2347,14.3784,1.4477,county,county;party,2,16,1.0000,8,0.9000,3,9,0.0000,0.0000,75.0000,1.0000,1.0000,,,,,2024,early,pres2024-county-composition-diff,electindex-counterfactual/pres2024-county-returns,2026-09-22T20:59:20+00:00
2026,ME,2026-08-25,70,2024,2024-08-27,70,23.1420,7.0886,16.0534,-9.1452,41.8185,14.3784,-1.6749,county,county;party,2,16,1.0000,8,0.9091,3,10,0.0000,0.0000,75.0000,1.0000,1.0000,,,,,2024,early,pres2024-county-composition-diff,electindex-counterfactual/pres2024-county-returns,2026-09-22T20:59:20+00:00
2026,ME,2026-08-26,69,2024,2024-08-28,69,23.2457,7.0886,16.1571,-8.9086,41.7248,14.3784,-1.7786,county,county;party,2,16,1.0000,9,0.9167,3,11,0.0000,0.0000,75.0000,1.0000,1.0000,,,,,2024,early,pres2024-county-composition-diff,electindex-counterfactual/pres2024-county-returns,2026-09-22T20:59:20+00:00
2026,ME,2026-08-27,68,2024,2024-08-29,68,23.2457,7.0886,16.1571,-8.9086,41.7248,14.3784,-1.7786,county,county;party,2,16,1.0000,9,0.9167,3,11,0.0000,0.0000,75.0000,1.0000,1.0000,,,,,2024,early,pres2024-county-composition-diff,electindex-counterfactual/pres2024-county-returns,2026-09-22T20:59:20+00:00
2026,ME,2026-08-28,67,2024,2024-08-30,67,23.2457,7.0886,16.1571,-8.9086,41.7248,14.3784,-1.7786,county,county;party,2,16,1.0000,9,0.9167,3,11,0.0000,0.0000,75.0000,1.0000,1.0000,,,,,2024,early,pres2024-county-composition-diff,electindex-counterfactual/pres2024-county-returns,2026-09-22T20:59:20+00:00
2026,ME,2026-08-29,66,2024,2024-08-31,66,23.2457,7.0886,16.1571,-8.9086,41.7248,14.3784,-1.7786,county,county;party,2,16,1.0000,9,0.9167,3,11,0.0000,0.0000,75.0000,1.0000,1.0000,,,,,2024,early,pres2024-county-composition-diff,electindex-counterfactual/pres2024-county-returns,2026-09-22T20:59:20+00:00
2026,ME,2026-08-30,65,2024,2024-09-01,65,23.2457,7.0886,16.1571,-8.9086,41.7248,14.3784,-1.7786,county,county;party,2,16,1.0000,9,0.9167,3,11,0.0000,0.0000,75.0000,1.0000,1.0000,,,,,2024,early,pres2024-county-composition-diff,electindex-counterfactual/pres2024-county-returns,2026-09-22T20:59:20+00:00
2026,ME,2026-08-31,64,2024,2024-09-02,64,23.2457,7.0886,16.1571,-8.9086,41.7248,14.3784,-1.7786,county,county;party,2,16,1.0000,9,0.9167,3,11,0.0000,0.0000,75.0000,1.0000,1.0000,,,,,2024,early,pres2024-county-composition-diff,electindex-counterfactual/pres2024-county-returns,2026-09-22T20:59:20+00:00
2026,ME,2026-09-01,63,2024,2024-09-03,63,25.0863,7.0886,17.9977,-7.0891,43.2648,14.3784,-3.6192,county,county;party,2,16,1.0000,10,0.9231,3,12,0.0000,0.0000,75.0000,1.0000,1.0000,,,,,2024,early,pres2024-county-composition-diff,electindex-counterfactual/pres2024-county-returns,2026-09-22T20:59:20+00:00
2026,ME,2026-09-02,62,2024,2024-09-04,62,24.5420,7.0886,17.4534,-7.4812,42.6332,14.3784,-3.0749,county,county;party,2,16,1.0000,11,0.9286,3,13,0.0000,0.0000,66.6667,1.0000,1.0000,,,,,2024,early,pres2024-county-composition-diff,electindex-counterfactual/pres2024-county-returns,2026-09-22T20:59:20+00:00
2026,ME,2026-09-03,61,2024,2024-09-05,61,19.1667,7.0886,12.0781,-12.3412,37.3839,14.3784,2.3003,county,county;party,2,16,1.0000,11,0.9375,3,15,0.0000,0.0000,66.6667,1.0000,1.0000,,,,,2024,early,pres2024-county-composition-diff,electindex-counterfactual/pres2024-county-returns,2026-09-22T20:59:20+00:00
2026,ME,2026-09-04,60,2024,2024-09-06,60,19.1667,7.0886,12.0781,-12.3412,37.3839,14.3784,2.3003,county,county;party,2,16,1.0000,11,0.9375,3,15,0.0000,0.0000,66.6667,1.0000,1.0000,,,,,2024,early,pres2024-county-composition-diff,electindex-counterfactual/pres2024-county-returns,2026-09-22T20:59:20+00:00
2026,ME,2026-09-05,59,2024,2024-09-07,59,19.1667,7.0886,12.0781,-12.3412,37.3839,14.3784,2.3003,county,county;party,2,16,1.0000,11,0.9375,3,15,0.0000,0.0000,66.6667,1.0000,1.0000,,,,,2024,early,pres2024-county-composition-diff,electindex-counterfactual/pres2024-county-returns,2026-09-22T20:59:20+00:00
2026,ME,2026-09-06,58,2024,2024-09-08,58,19.1667,7.0886,12.0781,-12.3412,37.3839,14.3784,2.3003,county,county;party,2,16,1.0000,11,0.9375,3,15,0.0000,0.0000,66.6667,1.0000,1.0000,,,,,2024,early,pres2024-county-composition-diff,electindex-counterfactual/pres2024-county-returns,2026-09-22T20:59:20+00:00
2026,ME,2026-09-07,57,2024,2024-09-09,57,21.8114,7.0886,14.7228,-9.6906,39.6042,14.3784,-0.3444,county,county;party,2,16,1.0000,12,0.9474,3,18,0.0000,0.0000,90.9091,1.0000,1.0000,,,,,2024,early,pres2024-county-composition-diff,electindex-counterfactual/pres2024-county-returns,2026-09-22T20:59:20+00:00
2026,ME,2026-09-08,56,2024,2024-09-10,56,21.3639,7.0886,14.2753,-10.0989,39.0811,13.8008,-0.4744,county,county;party,2,16,1.0000,12,0.9500,4,19,0.0000,0.0001,100.0000,1.0000,1.0000,,,,,2024,early,pres2024-county-composition-diff,electindex-counterfactual/pres2024-county-returns,2026-09-22T20:59:20+00:00
2026,ME,2026-09-09,55,2024,2024-09-11,55,21.0173,7.0886,13.9287,-10.4455,38.7346,13.4543,-0.4744,county,county;party,2,16,1.0000,12,0.9500,5,19,0.0000,0.0001,100.0000,1.0000,1.0000,,,,,2024,early,pres2024-county-composition-diff,electindex-counterfactual/pres2024-county-returns,2026-09-22T20:59:20+00:00
2026,ME,2026-09-10,54,2024,2024-09-12,54,20.6650,7.0886,13.5763,-10.5825,38.0944,13.4543,-0.1220,county,county;party,2,16,1.0000,13,0.9615,5,25,0.0000,0.0001,82.3529,1.0000,1.0000,,,,,2024,early,pres2024-county-composition-diff,electindex-counterfactual/pres2024-county-returns,2026-09-22T20:59:20+00:00
2026,ME,2026-09-11,53,2024,2024-09-13,53,20.6650,7.0886,13.5763,-10.5825,38.0944,13.4543,-0.1220,county,county;party,2,16,1.0000,13,0.9615,5,25,0.0000,0.0001,82.3529,1.0000,1.0000,,,,,2024,early,pres2024-county-composition-diff,electindex-counterfactual/pres2024-county-returns,2026-09-22T20:59:20+00:00
2026,ME,2026-09-12,52,2024,2024-09-14,52,20.6650,7.0886,13.5763,-10.5825,38.0944,13.4543,-0.1220,county,county;party,2,16,1.0000,13,0.9615,5,25,0.0000,0.0001,82.3529,1.0000,1.0000,,,,,2024,early,pres2024-county-composition-diff,electindex-counterfactual/pres2024-county-returns,2026-09-22T20:59:20+00:00
2026,ME,2026-09-13,51,2024,2024-09-15,51,20.6650,7.0886,13.5763,-10.5825,38.0944,13.4543,-0.1220,county,county;party,2,16,1.0000,13,0.9615,5,25,0.0000,0.0001,82.3529,1.0000,1.0000,,,,,2024,early,pres2024-county-composition-diff,electindex-counterfactual/pres2024-county-returns,2026-09-22T20:59:20+00:00
2026,ME,2026-09-14,50,2024,2024-09-16,50,19.2280,7.0886,12.1394,-11.9419,36.6729,13.4543,1.3149,county,county;party,2,16,1.0000,13,0.9630,5,26,0.0000,0.0001,82.3529,1.0000,1.0000,,,,,2024,early,pres2024-county-composition-diff,electindex-counterfactual/pres2024-county-returns,2026-09-22T20:59:20+00:00
2026,ME,2026-09-15,49,2024,2024-09-17,49,24.8572,7.0886,17.7685,-6.3101,42.1433,17.4185,-0.3500,county,county;party,3,16,1.0000,13,0.9667,6,29,0.0000,0.0001,94.7368,1.0000,1.0000,,,,,2024,early,pres2024-county-composition-diff,electindex-counterfactual/pres2024-county-returns,2026-09-22T20:59:20+00:00
2026,ME,2026-09-16,48,2024,2024-09-18,48,24.8572,7.0886,17.7685,-6.3101,42.1433,17.4185,-0.3500,county,county;party,3,16,1.0000,13,0.9667,6,29,0.0000,0.0001,94.7368,1.0000,1.0000,,,,,2024,early,pres2024-county-composition-diff,electindex-counterfactual/pres2024-county-returns,2026-09-22T20:59:20+00:00
2026,ME,2026-09-17,47,2024,2024-09-19,47,18.4328,7.0886,11.3442,-12.6224,35.2957,14.5279,3.1838,county,county;party,4,16,1.0000,16,0.9863,7,144,0.0000,0.0004,43.1373,1.0000,1.0000,,,,,2024,early,pres2024-county-composition-diff,electindex-counterfactual/pres2024-county-returns,2026-09-22T20:59:20+00:00
2026,ME,2026-09-18,46,2024,2024-09-20,46,12.0837,7.0886,4.9951,-18.8751,29.0388,15.0868,10.0917,county,county;party,4,16,1.0000,16,0.9864,8,651,0.0000,0.0017,32.0487,1.0000,1.0000,,,,,2024,early,pres2024-county-composition-diff,electindex-counterfactual/pres2024-county-returns,2026-09-22T20:59:20+00:00
2026,ME,2026-09-19,45,2024,2024-09-21,45,11.5731,7.0886,4.4845,-19.2939,28.4066,15.0868,10.6023,county,county;party,4,16,1.0000,16,0.9895,8,852,0.0000,0.0023,30.7932,1.0000,1.0000,,,,,2024,early,pres2024-county-composition-diff,electindex-counterfactual/pres2024-county-returns,2026-09-22T20:59:20+00:00
2026,ME,2026-09-20,44,2024,2024-09-22,44,11.4924,7.0886,4.4038,-19.3501,28.2906,15.0868,10.6830,county,county;party,4,16,1.0000,16,0.9904,8,1036,0.0000,0.0028,29.1613,1.0000,1.0000,,,,,2024,early,pres2024-county-composition-diff,electindex-counterfactual/pres2024-county-returns,2026-09-22T20:59:20+00:00
2026,ME,2026-09-21,43,2024,2024-09-23,43,11.7054,7.0886,4.6167,-19.0919,28.4305,15.0868,10.4701,county,county;party,4,16,1.0000,16,0.9922,8,1273,0.0000,0.0034,25.7656,1.0000,1.0000,,,,,2024,early,pres2024-county-composition-diff,electindex-counterfactual/pres2024-county-returns,2026-09-22T20:59:20+00:00
2026,ME,2026-09-22,42,2024,2024-09-24,42,11.4890,7.0886,4.4004,-19.2851,28.1829,15.0868,10.6865,county,county;party,4,16,1.0000,16,0.9930,8,1422,0.0000,0.0038,26.0132,1.0000,1.0000,,,,,2024,early,pres2024-county-composition-diff,electindex-counterfactual/pres2024-county-returns,2026-09-22T20:59:20+00:00
2026,ME,2026-09-23,41,2024,2024-09-25,41,11.8895,7.0886,4.8009,-18.8702,28.5551,15.0868,10.2860,county,county;party,4,16,1.0000,16,0.9937,8,1566,0.0000,0.0042,25.4919,1.0000,1.0000,,,,,2024,early,pres2024-county-composition-diff,electindex-counterfactual/pres2024-county-returns,2026-09-23T04:36:58+00:00
2026,ME,2026-09-24,40,2024,2024-09-26,40,11.6558,7.0886,4.5672,-19.0858,28.2980,15.0868,10.5196,county,county;party,4,16,1.0000,16,0.9943,8,1736,0.0000,0.0046,27.4962,1.0000,1.0000,,,,,2024,early,pres2024-county-composition-diff,electindex-counterfactual/pres2024-county-returns,2026-09-24T00:16:33+00:00
2026,NC,2026-09-15,49,2024,2024-09-20,46,8.8075,-3.2607,12.0682,-11.4318,35.5682,8.1862,-3.8820,county,county;party;age;race;sex,85,100,1.0000,28,1.0000,3315,152,0.0007,0.0000,26.1453,1.0000,1.0000,36.3200,24.3335,13.7604,1.0000,2024,early,pres2024-county-composition-diff,electindex-counterfactual/pres2024-county-returns,2026-09-24T12:37:11+00:00
2026,NC,2026-09-16,48,2024,2024-09-20,46,8.6260,-3.2607,11.8867,-11.6133,35.3867,8.0047,-3.8820,county,county;party;age;race;sex,86,100,1.0000,28,1.0000,4123,152,0.0009,0.0000,22.6317,1.0000,1.0000,39.6647,25.7102,14.9648,1.0000,2024,early,pres2024-county-composition-diff,electindex-counterfactual/pres2024-county-returns,2026-09-24T12:37:11+00:00
2026,NC,2026-09-17,47,2024,2024-09-20,46,7.5425,-3.2607,10.8032,-12.6968,34.3032,6.9212,-3.8820,county,county;party;age;race;sex,86,100,1.0000,28,1.0000,4840,152,0.0011,0.0000,21.6946,1.0000,1.0000,40.6883,26.5262,15.5698,1.0000,2024,early,pres2024-county-composition-diff,electindex-counterfactual/pres2024-county-returns,2026-09-24T12:37:11+00:00
2026,NC,2026-09-18,46,2024,2024-09-20,46,6.4585,-3.2607,9.7192,-13.7808,33.2192,5.8372,-3.8820,county,county;party;age;race;sex,90,100,1.0000,28,1.0000,5587,152,0.0012,0.0000,18.8318,1.0000,1.0000,42.4935,27.2632,15.6915,1.0000,2024,early,pres2024-county-composition-diff,electindex-counterfactual/pres2024-county-returns,2026-09-24T12:37:11+00:00
2026,NC,2026-09-19,45,2024,2024-09-21,45,-11.3209,-3.2607,-8.0603,-31.5603,15.4397,5.7865,13.8468,county,county;party;age;race;sex,90,100,1.0000,39,1.0000,5664,355,0.0013,0.0001,-5.5552,1.0000,1.0000,39.4261,22.0030,10.6967,1.0000,2024,early,pres2024-county-composition-diff,electindex-counterfactual/pres2024-county-returns,2026-09-24T12:37:11+00:00
2026,NC,2026-09-20,44,2024,2024-09-22,44,-18.5650,-3.2607,-15.3044,-38.8044,8.1956,5.9459,21.2502,county,county;party;age;race;sex,90,100,1.0000,41,1.0000,5684,572,0.0013,0.0001,-6.5986,1.0000,1.0000,38.9792,23.5639,7.3260,1.0000,2024,early,pres2024-county-composition-diff,electindex-counterfactual/pres2024-county-returns,2026-09-24T12:37:11+00:00
2026,NC,2026-09-21,43,2024,2024-09-23,43,-12.4372,-3.2607,-9.1765,-32.6765,14.3235,5.9716,15.1481,county,county;party;age;race;sex,92,100,1.0000,63,1.0000,7506,1466,0.0017,0.0003,-5.6746,1.0000,1.0000,37.9801,22.9770,7.3068,1.0000,2024,early,pres2024-county-composition-diff,electindex-counterfactual/pres2024-county-returns,2026-09-24T12:37:11+00:00
2026,NC,2026-09-22,42,2024,2024-09-24,42,-11.8297,-3.2607,-8.5690,-32.0690,14.9310,5.9675,14.5365,county,county;party;age;race;sex,92,100,1.0000,74,1.0000,8295,2252,0.0018,0.0005,-5.6410,1.0000,1.0000,38.3318,23.1489,6.9176,1.0000,2024,early,pres2024-county-composition-diff,electindex-counterfactual/pres2024-county-returns,2026-09-24T12:37:11+00:00
2026,NC,2026-09-23,41,2024,2024-09-25,41,-15.0963,-3.2607,-11.8357,-35.3357,11.6643,5.0577,16.8933,county,county;party;age;race;sex,92,100,1.0000,77,1.0000,9286,3393,0.0021,0.0008,-11.1848,1.0000,1.0000,39.9086,23.5104,7.9643,1.0000,2024,early,pres2024-county-composition-diff,electindex-counterfactual/pres2024-county-returns,2026-09-24T12:37:11+00:00
2026,NC,2026-09-24,40,2024,2024-09-26,40,-12.7830,-3.2607,-9.5223,-33.0223,13.9777,5.0577,14.5800,county,county;party;age;race;sex,92,100,1.0000,81,1.0000,9286,3837,0.0021,0.0008,-8.3446,1.0000,1.0000,37.9667,22.0474,8.1320,1.0000,2024,early,pres2024-county-composition-diff,electindex-counterfactual/pres2024-county-returns,2026-09-24T12:37:11+00:00
2026,PA,2026-08-23,72,2024,2024-08-28,69,3.8049,-1.7264,5.5313,-17.9687,29.0313,-38.2427,-43.7739,county,county;party,12,67,1.0000,1,1.0000,34,1,0.0000,0.0000,-85.7143,1.0000,1.0000,,,,,2024,early,pres2024-county-composition-diff,electindex-counterfactual/pres2024-county-returns,2026-09-20T23:59:11+00:00
2026,PA,2026-08-24,71,2024,2024-08-28,69,3.8049,-1.7264,5.5313,-17.9687,29.0313,-38.2427,-43.7739,county,county;party,12,67,1.0000,1,1.0000,34,1,0.0000,0.0000,-85.7143,1.0000,1.0000,,,,,2024,early,pres2024-county-composition-diff,electindex-counterfactual/pres2024-county-returns,2026-09-20T23:59:11+00:00
2026,PA,2026-08-25,70,2024,2024-08-28,69,3.8049,-1.7264,5.5313,-17.9687,29.0313,-38.2427,-43.7739,county,county;party,12,67,1.0000,1,1.0000,34,1,0.0000,0.0000,-85.7143,1.0000,1.0000,,,,,2024,early,pres2024-county-composition-diff,electindex-counterfactual/pres2024-county-returns,2026-09-20T23:59:11+00:00
2026,PA,2026-08-26,69,2024,2024-08-28,69,2.2047,-1.7264,3.9311,-19.5689,27.4311,-39.8428,-43.7739,county,county;party,12,67,1.0000,1,1.0000,38,1,0.0000,0.0000,-81.2500,1.0000,1.0000,,,,,2024,early,pres2024-county-composition-diff,electindex-counterfactual/pres2024-county-returns,2026-09-20T23:59:11+00:00
2026,PA,2026-08-27,68,2024,2024-08-29,68,2.2047,-1.7264,3.9311,-19.5689,27.4311,-39.8428,-43.7739,county,county;party,12,67,1.0000,1,1.0000,38,1,0.0000,0.0000,-81.2500,1.0000,1.0000,,,,,2024,early,pres2024-county-composition-diff,electindex-counterfactual/pres2024-county-returns,2026-09-20T23:59:11+00:00
2026,PA,2026-08-28,67,2024,2024-08-30,67,2.2047,-1.7264,3.9311,-19.5689,27.4311,-39.8428,-43.7739,county,county;party,12,67,1.0000,1,1.0000,38,1,0.0000,0.0000,-81.2500,1.0000,1.0000,,,,,2024,early,pres2024-county-composition-diff,electindex-counterfactual/pres2024-county-returns,2026-09-20T23:59:11+00:00
2026,PA,2026-08-29,66,2024,2024-08-31,66,2.2047,-1.7264,3.9311,-19.5689,27.4311,-39.8428,-43.7739,county,county;party,12,67,1.0000,1,1.0000,38,1,0.0000,0.0000,-81.2500,1.0000,1.0000,,,,,2024,early,pres2024-county-composition-diff,electindex-counterfactual/pres2024-county-returns,2026-09-20T23:59:11+00:00
2026,PA,2026-08-30,65,2024,2024-09-01,65,-49.4389,-1.7264,-47.7125,-71.2125,0.0000,-39.8428,7.8697,county,county;party,12,67,1.0000,2,1.0000,38,2,0.0000,0.0000,-81.2500,1.0000,1.0000,,,,,2024,early,pres2024-county-composition-diff,electindex-counterfactual/pres2024-county-returns,2026-09-20T23:59:11+00:00
2026,PA,2026-08-31,64,2024,2024-09-02,64,-48.2132,-1.7264,-46.4868,-69.9868,0.0000,-38.6171,7.8697,county,county;party,14,67,1.0000,2,1.0000,43,2,0.0000,0.0000,-75.6757,1.0000,1.0000,,,,,2024,early,pres2024-county-composition-diff,electindex-counterfactual/pres2024-county-returns,2026-09-20T23:59:11+00:00
2026,PA,2026-09-01,63,2024,2024-09-03,63,-34.5632,-1.7264,-32.8368,-56.3368,0.0000,-38.0417,-5.2049,county,county;party,14,67,1.0000,3,1.0000,45,8,0.0000,0.0000,42.4908,1.0000,1.0000,,,,,2024,early,pres2024-county-composition-diff,electindex-counterfactual/pres2024-county-returns,2026-09-20T23:59:11+00:00
2026,PA,2026-09-02,62,2024,2024-09-04,62,-23.9758,-1.7264,-22.2494,-45.7494,1.2506,-29.1305,-6.8811,county,county;party,14,67,1.0000,3,1.0000,63,13,0.0000,0.0000,3.5088,1.0000,1.0000,,,,,2024,early,pres2024-county-composition-diff,electindex-counterfactual/pres2024-county-returns,2026-09-20T23:59:11+00:00
2026,PA,2026-09-03,61,2024,2024-09-05,61,-21.9703,-1.7264,-20.2439,-43.7439,3.2561,-29.7071,-9.4632,county,county;party,15,67,1.0000,4,1.0000,66,20,0.0000,0.0000,-14.0351,1.0000,1.0000,,,,,2024,early,pres2024-county-composition-diff,electindex-counterfactual/pres2024-county-returns,2026-09-20T23:59:11+00:00
2026,PA,2026-09-04,60,2024,2024-09-06,60,-22.1561,-1.7264,-20.4297,-43.9297,3.0703,-29.8977,-9.4680,county,county;party,15,67,1.0000,4,1.0000,67,21,0.0000,0.0000,-5.5738,1.0000,1.0000,,,,,2024,early,pres2024-county-composition-diff,electindex-counterfactual/pres2024-county-returns,2026-09-20T23:59:11+00:00
2026,PA,2026-09-05,59,2024,2024-09-07,59,-22.1561,-1.7264,-20.4297,-43.9297,3.0703,-29.8977,-9.4680,county,county;party,15,67,1.0000,4,1.0000,67,21,0.0000,0.0000,-5.5738,1.0000,1.0000,,,,,2024,early,pres2024-county-composition-diff,electindex-counterfactual/pres2024-county-returns,2026-09-20T23:59:11+00:00
2026,PA,2026-09-06,58,2024,2024-09-08,58,-22.1561,-1.7264,-20.4297,-43.9297,3.0703,-29.8977,-9.4680,county,county;party,15,67,1.0000,4,1.0000,67,21,0.0000,0.0000,-5.5738,1.0000,1.0000,,,,,2024,early,pres2024-county-composition-diff,electindex-counterfactual/pres2024-county-returns,2026-09-20T23:59:11+00:00
2026,PA,2026-09-07,57,2024,2024-09-09,57,-19.7608,-1.7264,-18.0344,-41.5344,5.4656,-29.8977,-11.8633,county,county;party,15,67,1.0000,4,1.0000,67,42,0.0000,0.0000,14.4262,1.0000,1.0000,,,,,2024,early,pres2024-county-composition-diff,electindex-counterfactual/pres2024-county-returns,2026-09-20T23:59:11+00:00
2026,PA,2026-09-08,56,2024,2024-09-10,56,-18.4544,-1.7264,-16.7280,-40.2280,6.7720,-28.5378,-11.8098,county,county;party,15,67,1.0000,4,1.0000,82,43,0.0000,0.0000,8.7154,1.0000,1.0000,,,,,2024,early,pres2024-county-composition-diff,electindex-counterfactual/pres2024-county-returns,2026-09-20T23:59:11+00:00
2026,PA,2026-09-09,55,2024,2024-09-11,55,-17.0146,-1.7264,-15.2882,-38.7882,8.2118,-28.7037,-13.4155,county,county;party,16,67,1.0000,5,1.0000,85,45,0.0000,0.0000,11.7216,1.0000,1.0000,,,,,2024,early,pres2024-county-composition-diff,electindex-counterfactual/pres2024-county-returns,2026-09-20T23:59:11+00:00
2026,PA,2026-09-10,54,2024,2024-09-12,54,-16.5549,-1.7264,-14.8285,-38.3285,8.6715,-27.9473,-13.1187,county,county;party,17,67,1.0000,5,1.0000,90,58,0.0000,0.0000,2.0777,1.0000,1.0000,,,,,2024,early,pres2024-county-composition-diff,electindex-counterfactual/pres2024-county-returns,2026-09-20T23:59:11+00:00
2026,PA,2026-09-11,53,2024,2024-09-13,53,-16.1065,-1.7264,-14.3801,-37.8801,9.1199,-29.9818,-15.6017,county,county;party,17,67,1.0000,6,1.0000,123,66,0.0001,0.0000,8.7432,1.0000,1.0000,,,,,2024,early,pres2024-county-composition-diff,electindex-counterfactual/pres2024-county-returns,2026-09-20T23:59:11+00:00
2026,PA,2026-09-12,52,2024,2024-09-14,52,-16.1065,-1.7264,-14.3801,-37.8801,9.1199,-29.9818,-15.6017,county,county;party,17,67,1.0000,6,1.0000,123,66,0.0001,0.0000,8.7432,1.0000,1.0000,,,,,2024,early,pres2024-county-composition-diff,electindex-counterfactual/pres2024-county-returns,2026-09-20T23:59:11+00:00
2026,PA,2026-09-13,51,2024,2024-09-15,51,-16.1065,-1.7264,-14.3801,-37.8801,9.1199,-29.9818,-15.6017,county,county;party,17,67,1.0000,6,1.0000,123,66,0.0001,0.0000,8.7432,1.0000,1.0000,,,,,2024,early,pres2024-county-composition-diff,electindex-counterfactual/pres2024-county-returns,2026-09-20T23:59:11+00:00
2026,PA,2026-09-14,50,2024,2024-09-16,50,-22.5838,-1.7264,-20.8575,-44.3575,2.6425,-36.4564,-15.5989,county,county;party,18,67,1.0000,8,1.0000,387,97,0.0002,0.0000,8.3513,1.0000,1.0000,,,,,2024,early,pres2024-county-composition-diff,electindex-counterfactual/pres2024-county-returns,2026-09-20T23:59:11+00:00
2026,PA,2026-09-15,49,2024,2024-09-17,49,-21.4045,-1.7264,-19.6781,-43.1781,3.8219,-37.0900,-17.4119,county,county;party,18,67,1.0000,8,1.0000,747,105,0.0004,0.0001,9.0859,1.0000,1.0000,,,,,2024,early,pres2024-county-composition-diff,electindex-counterfactual/pres2024-county-returns,2026-09-20T23:59:11+00:00
2026,PA,2026-09-16,48,2024,2024-09-18,48,-20.8909,-1.7264,-19.1645,-42.6645,4.3355,-37.6140,-18.4495,county,county;party,18,67,1.0000,9,1.0000,1257,125,0.0006,0.0001,7.1551,1.0000,1.0000,,,,,2024,early,pres2024-county-composition-diff,electindex-counterfactual/pres2024-county-returns,2026-09-20T23:59:11+00:00
2026,PA,2026-09-17,47,2024,2024-09-19,47,-21.4010,-1.7264,-19.6746,-43.1746,3.8254,-37.7013,-18.0267,county,county;party,25,67,1.0000,10,1.0000,1729,140,0.0009,0.0001,5.7644,1.0000,1.0000,,,,,2024,early,pres2024-county-composition-diff,electindex-counterfactual/pres2024-county-returns,2026-09-23T16:09:40+00:00
2026,PA,2026-09-18,46,2024,2024-09-20,46,-19.9172,-1.7264,-18.1908,-41.6908,5.3092,-37.0344,-18.8437,county,county;party,29,67,1.0000,15,1.0000,2088,166,0.0011,0.0001,13.3056,1.0000,1.0000,,,,,2024,early,pres2024-county-composition-diff,electindex-counterfactual/pres2024-county-returns,2026-09-23T16:09:40+00:00
2026,PA,2026-09-19,45,2024,2024-09-21,45,-11.3239,-1.7264,-9.5975,-33.0975,13.9025,-28.4412,-18.8437,county,county;party,29,67,1.0000,15,1.0000,2292,166,0.0012,0.0001,19.6534,1.0000,1.0000,,,,,2024,early,pres2024-county-composition-diff,electindex-counterfactual/pres2024-county-returns,2026-09-23T16:09:40+00:00
2026,PA,2026-09-20,44,2024,2024-09-22,44,-0.8451,-1.7264,0.8813,-22.6187,24.3813,-17.9624,-18.8437,county,county;party,29,67,1.0000,15,1.0000,2602,166,0.0013,0.0001,27.7114,1.0000,1.0000,,,,,2024,early,pres2024-county-composition-diff,electindex-counterfactual/pres2024-county-returns,2026-09-23T16:09:40+00:00
2026,PA,2026-09-21,43,2024,2024-09-23,43,15.1511,-1.7264,16.8775,-6.6225,40.3775,-12.7235,-29.6010,county,county;party,32,67,1.0000,20,1.0000,3478,493,0.0018,0.0003,31.6882,1.0000,1.0000,,,,,2024,early,pres2024-county-composition-diff,electindex-counterfactual/pres2024-county-returns,2026-09-23T16:09:40+00:00
2026,PA,2026-09-22,42,2024,2024-09-24,42,43.9893,-1.7264,45.7157,0.0000,69.2157,21.6656,-24.0501,county,county;party,36,67,1.0000,27,1.0000,7637,632,0.0039,0.0003,55.4454,1.0000,1.0000,,,,,2024,early,pres2024-county-composition-diff,electindex-counterfactual/pres2024-county-returns,2026-09-23T16:09:40+00:00
2026,PA,2026-09-23,41,2024,2024-09-25,41,42.6643,-1.7264,44.3906,0.0000,67.8906,21.6656,-22.7250,county,county;party,36,67,1.0000,30,1.0000,7637,996,0.0039,0.0005,58.5496,1.0000,1.0000,,,,,2024,early,pres2024-county-composition-diff,electindex-counterfactual/pres2024-county-returns,2026-09-23T16:09:40+00:00
2026,PA,2026-09-24,40,2024,2024-09-26,40,40.2736,-1.7264,42.0000,0.0000,65.5000,21.6656,-20.3344,county,county;party,36,67,1.0000,38,1.0000,7637,1375,0.0039,0.0007,57.0738,1.0000,1.0000,,,,,2024,early,pres2024-county-composition-diff,electindex-counterfactual/pres2024-county-returns,2026-09-24T00:16:33+00:00
