cycle,state,cd_code,date,days_to_election,ballots_total,ballots_new,mail_returned,inperson,party_dem,party_rep,party_oth,party_npa,basis,source_tier,source_name,retrieved_at
2022,FL,FL-01,2022-10-06,33,1658,,1658,,387,870,48,352,apportioned,1,fl-doe,2026-09-06T18:41:42+00:00
2022,FL,FL-01,2022-10-07,32,2882,,2882,,752,1524,72,533,apportioned,1,fl-doe,2026-09-06T18:41:42+00:00
2022,FL,FL-01,2022-10-10,29,3317,,3317,,860,1762,80,615,apportioned,1,fl-doe,2026-09-06T18:41:42+00:00
2022,FL,FL-01,2022-10-21,18,27187,,27187,,8513,14298,463,3912,apportioned,1,fl-doe,2026-09-06T18:41:42+00:00
2022,FL,FL-01,2022-10-23,16,29440,,29440,,9263,15472,500,4205,apportioned,1,fl-doe,2026-09-06T18:41:42+00:00
2022,FL,FL-01,2022-10-24,15,29440,,29440,,9263,15472,500,4205,apportioned,1,fl-doe,2026-09-06T18:41:42+00:00
2022,FL,FL-01,2022-10-25,14,40269,,32703,7566,11656,22537,648,5428,apportioned,1,fl-doe,2026-09-06T18:41:42+00:00
2022,FL,FL-01,2022-10-27,12,61448,,39374,22074,16478,36178,911,7882,apportioned,1,fl-doe,2026-09-06T18:41:42+00:00
2022,FL,FL-01,2022-10-28,11,70785,,42238,28547,18746,42088,1022,8929,apportioned,1,fl-doe,2026-09-06T18:41:42+00:00
2022,FL,FL-01,2022-10-31,8,91871,,47912,43959,23372,55704,1302,11493,apportioned,1,fl-doe,2026-09-06T18:41:42+00:00
2022,FL,FL-01,2022-11-01,7,101238,,49573,51665,25174,62008,1430,12626,apportioned,1,fl-doe,2026-09-06T18:41:42+00:00
2022,FL,FL-01,2022-11-02,6,111295,,51867,59428,27242,68540,1595,13918,apportioned,1,fl-doe,2026-09-06T18:41:42+00:00
2022,FL,FL-01,2022-11-03,5,122530,,54918,67612,29768,75617,1764,15381,apportioned,1,fl-doe,2026-09-06T18:41:42+00:00
2022,FL,FL-01,2022-11-04,4,132768,,56359,76408,31732,82329,1921,16786,apportioned,1,fl-doe,2026-09-06T18:41:42+00:00
2022,FL,FL-01,2022-11-05,3,147098,,58825,88273,34822,91234,2155,18888,apportioned,1,fl-doe,2026-09-06T18:41:42+00:00
2022,FL,FL-01,2022-11-06,2,159544,,61254,98290,37684,98685,2365,20810,apportioned,1,fl-doe,2026-09-06T18:41:42+00:00
2022,FL,FL-01,2022-11-07,1,159816,,61526,98290,37789,98808,2369,20851,apportioned,1,fl-doe,2026-09-06T18:41:42+00:00
2022,FL,FL-01,2022-11-14,-6,166846,,68556,98290,40236,101973,2520,22118,apportioned,1,fl-doe,2026-09-06T18:41:42+00:00
2022,FL,FL-01,2022-11-16,-8,166886,,68596,98290,40253,101987,2521,22126,apportioned,1,fl-doe,2026-09-06T18:41:42+00:00
2022,FL,FL-01,2022-11-17,-9,166894,,68604,98290,40259,101987,2521,22128,apportioned,1,fl-doe,2026-09-06T18:41:42+00:00
2022,FL,FL-01,2022-11-18,-10,166902,,68612,98290,40262,101991,2521,22129,apportioned,1,fl-doe,2026-09-06T18:41:42+00:00
2022,FL,FL-01,2022-11-19,-11,166903,,68613,98290,40263,101990,2521,22130,apportioned,1,fl-doe,2026-09-06T18:41:42+00:00
2022,FL,FL-01,2022-11-22,-14,166903,,68613,98290,40263,101990,2521,22130,apportioned,1,fl-doe,2026-09-06T18:41:42+00:00
2022,FL,FL-01,2022-11-23,-15,166903,,68613,98290,40263,101990,2521,22130,apportioned,1,fl-doe,2026-09-06T18:41:42+00:00
2022,FL,FL-02,2022-10-06,33,1252,,1252,,594,496,13,150,apportioned,1,fl-doe,2026-09-06T18:41:42+00:00
2022,FL,FL-02,2022-10-07,32,1965,,1965,,957,757,22,230,apportioned,1,fl-doe,2026-09-06T18:41:42+00:00
2022,FL,FL-02,2022-10-10,29,3390,,3390,,1711,1245,39,395,apportioned,1,fl-doe,2026-09-06T18:41:42+00:00
2022,FL,FL-02,2022-10-21,18,31356,,31356,,15422,12341,330,3263,apportioned,1,fl-doe,2026-09-06T18:41:42+00:00
2022,FL,FL-02,2022-10-23,16,33948,,33948,,16672,13412,361,3503,apportioned,1,fl-doe,2026-09-06T18:41:42+00:00
2022,FL,FL-02,2022-10-24,15,33988,,33988,,16687,13433,361,3507,apportioned,1,fl-doe,2026-09-06T18:41:42+00:00
2022,FL,FL-02,2022-10-25,14,43546,,38103,5443,20624,18044,433,4446,apportioned,1,fl-doe,2026-09-06T18:41:42+00:00
2022,FL,FL-02,2022-10-27,12,61141,,44415,16726,27747,26560,597,6236,apportioned,1,fl-doe,2026-09-06T18:41:42+00:00
2022,FL,FL-02,2022-10-28,11,69850,,48276,21574,31146,30885,679,7139,apportioned,1,fl-doe,2026-09-06T18:41:42+00:00
2022,FL,FL-02,2022-10-31,8,91479,,53505,37974,38707,42579,899,9294,apportioned,1,fl-doe,2026-09-06T18:41:42+00:00
2022,FL,FL-02,2022-11-01,7,102189,,55533,46656,42107,48697,992,10393,apportioned,1,fl-doe,2026-09-06T18:41:42+00:00
2022,FL,FL-02,2022-11-02,6,114693,,59357,55336,46560,55256,1117,11760,apportioned,1,fl-doe,2026-09-06T18:41:42+00:00
2022,FL,FL-02,2022-11-03,5,126811,,62950,63861,50705,61722,1256,13127,apportioned,1,fl-doe,2026-09-06T18:41:42+00:00
2022,FL,FL-02,2022-11-04,4,138510,,65545,72965,55043,67631,1394,14442,apportioned,1,fl-doe,2026-09-06T18:41:42+00:00
2022,FL,FL-02,2022-11-05,3,154371,,69369,85001,60859,75649,1560,16302,apportioned,1,fl-doe,2026-09-06T18:41:42+00:00
2022,FL,FL-02,2022-11-06,2,165481,,70923,94558,64943,81102,1692,17744,apportioned,1,fl-doe,2026-09-06T18:41:42+00:00
2022,FL,FL-02,2022-11-07,1,172652,,72801,99851,69275,82861,1776,18739,apportioned,1,fl-doe,2026-09-06T18:41:42+00:00
2022,FL,FL-02,2022-11-14,-6,181471,,81622,99849,74219,85400,1870,19981,apportioned,1,fl-doe,2026-09-06T18:41:42+00:00
2022,FL,FL-02,2022-11-16,-8,181545,,81696,99849,74251,85431,1871,19992,apportioned,1,fl-doe,2026-09-06T18:41:42+00:00
2022,FL,FL-02,2022-11-17,-9,181548,,81699,99849,74253,85431,1871,19993,apportioned,1,fl-doe,2026-09-06T18:41:42+00:00
2022,FL,FL-02,2022-11-18,-10,181551,,81702,99849,74255,85431,1871,19994,apportioned,1,fl-doe,2026-09-06T18:41:42+00:00
2022,FL,FL-02,2022-11-19,-11,181560,,81711,99849,74262,85430,1871,19997,apportioned,1,fl-doe,2026-09-06T18:41:42+00:00
2022,FL,FL-02,2022-11-22,-14,181563,,81714,99849,74265,85430,1871,19997,apportioned,1,fl-doe,2026-09-06T18:41:42+00:00
2022,FL,FL-02,2022-11-23,-15,181563,,81714,99849,74265,85430,1871,19997,apportioned,1,fl-doe,2026-09-06T18:41:42+00:00
2022,FL,FL-03,2022-10-06,33,1047,,1047,,371,477,17,181,apportioned,1,fl-doe,2026-09-06T18:41:42+00:00
2022,FL,FL-03,2022-10-07,32,2495,,2495,,882,1189,38,386,apportioned,1,fl-doe,2026-09-06T18:41:42+00:00
2022,FL,FL-03,2022-10-10,29,3390,,3390,,1243,1588,53,505,apportioned,1,fl-doe,2026-09-06T18:41:42+00:00
2022,FL,FL-03,2022-10-21,18,33336,,33336,,14100,14358,446,4433,apportioned,1,fl-doe,2026-09-06T18:41:42+00:00
2022,FL,FL-03,2022-10-23,16,35797,,35797,,15165,15416,466,4750,apportioned,1,fl-doe,2026-09-06T18:41:42+00:00
2022,FL,FL-03,2022-10-24,15,35797,,35797,,15165,15416,466,4750,apportioned,1,fl-doe,2026-09-06T18:41:42+00:00
2022,FL,FL-03,2022-10-25,14,41227,,39202,2025,17419,17846,544,5417,apportioned,1,fl-doe,2026-09-06T18:41:42+00:00
2022,FL,FL-03,2022-10-27,12,52261,,45918,6343,22660,22127,675,6800,apportioned,1,fl-doe,2026-09-06T18:41:42+00:00
2022,FL,FL-03,2022-10-28,11,61085,,49403,11682,25855,26563,779,7890,apportioned,1,fl-doe,2026-09-06T18:41:42+00:00
2022,FL,FL-03,2022-10-31,8,81326,,54894,26432,32747,37305,994,10280,apportioned,1,fl-doe,2026-09-06T18:41:42+00:00
2022,FL,FL-03,2022-11-01,7,91815,,57710,34105,36031,43230,1098,11456,apportioned,1,fl-doe,2026-09-06T18:41:42+00:00
2022,FL,FL-03,2022-11-02,6,102880,,61317,41563,39704,49129,1228,12820,apportioned,1,fl-doe,2026-09-06T18:41:42+00:00
2022,FL,FL-03,2022-11-03,5,113103,,64061,49042,43084,54559,1329,14132,apportioned,1,fl-doe,2026-09-06T18:41:42+00:00
2022,FL,FL-03,2022-11-04,4,124015,,66933,57083,46712,60313,1451,15538,apportioned,1,fl-doe,2026-09-06T18:41:42+00:00
2022,FL,FL-03,2022-11-05,3,137686,,69776,67911,51128,67442,1607,17509,apportioned,1,fl-doe,2026-09-06T18:41:42+00:00
2022,FL,FL-03,2022-11-06,2,149424,,71900,77524,55464,72975,1773,19212,apportioned,1,fl-doe,2026-09-06T18:41:42+00:00
2022,FL,FL-03,2022-11-07,1,152276,,73059,79217,57036,73829,1811,19600,apportioned,1,fl-doe,2026-09-06T18:41:42+00:00
2022,FL,FL-03,2022-11-14,-6,160845,,81629,79217,61363,76557,1933,20993,apportioned,1,fl-doe,2026-09-06T18:41:42+00:00
2022,FL,FL-03,2022-11-16,-8,160919,,81702,79217,61397,76582,1935,21004,apportioned,1,fl-doe,2026-09-06T18:41:42+00:00
2022,FL,FL-03,2022-11-17,-9,160934,,81717,79217,61405,76584,1935,21009,apportioned,1,fl-doe,2026-09-06T18:41:42+00:00
2022,FL,FL-03,2022-11-18,-10,160947,,81730,79217,61410,76589,1935,21012,apportioned,1,fl-doe,2026-09-06T18:41:42+00:00
2022,FL,FL-03,2022-11-19,-11,160950,,81733,79217,61411,76590,1935,21013,apportioned,1,fl-doe,2026-09-06T18:41:42+00:00
2022,FL,FL-03,2022-11-22,-14,160950,,81733,79217,61411,76590,1935,21013,apportioned,1,fl-doe,2026-09-06T18:41:42+00:00
2022,FL,FL-03,2022-11-23,-15,160951,,81734,79217,61411,76591,1935,21013,apportioned,1,fl-doe,2026-09-06T18:41:42+00:00
2022,FL,FL-04,2022-10-06,33,560,,560,,176,271,13,100,apportioned,1,fl-doe,2026-09-06T18:41:42+00:00
2022,FL,FL-04,2022-10-07,32,1595,,1595,,657,677,31,230,apportioned,1,fl-doe,2026-09-06T18:41:42+00:00
2022,FL,FL-04,2022-10-10,29,4319,,4319,,1676,1950,78,616,apportioned,1,fl-doe,2026-09-06T18:41:42+00:00
2022,FL,FL-04,2022-10-21,18,25478,,25478,,8969,12400,418,3691,apportioned,1,fl-doe,2026-09-06T18:41:42+00:00
2022,FL,FL-04,2022-10-23,16,28222,,28222,,10016,13640,455,4111,apportioned,1,fl-doe,2026-09-06T18:41:42+00:00
2022,FL,FL-04,2022-10-24,15,28222,,28222,,10016,13640,455,4111,apportioned,1,fl-doe,2026-09-06T18:41:42+00:00
2022,FL,FL-04,2022-10-25,14,35511,,31185,4326,12810,17145,544,5012,apportioned,1,fl-doe,2026-09-06T18:41:42+00:00
2022,FL,FL-04,2022-10-27,12,50384,,35981,14404,18014,24806,749,6816,apportioned,1,fl-doe,2026-09-06T18:41:42+00:00
2022,FL,FL-04,2022-10-28,11,57446,,37917,19529,20393,28559,837,7658,apportioned,1,fl-doe,2026-09-06T18:41:42+00:00
2022,FL,FL-04,2022-10-31,8,84698,,43385,41313,28147,44229,1206,11116,apportioned,1,fl-doe,2026-09-06T18:41:42+00:00
2022,FL,FL-04,2022-11-01,7,94976,,44960,50017,30991,50245,1338,12402,apportioned,1,fl-doe,2026-09-06T18:41:42+00:00
2022,FL,FL-04,2022-11-02,6,106615,,47771,58844,34297,56873,1470,13976,apportioned,1,fl-doe,2026-09-06T18:41:42+00:00
2022,FL,FL-04,2022-11-03,5,117347,,49690,67657,37283,63033,1624,15408,apportioned,1,fl-doe,2026-09-06T18:41:42+00:00
2022,FL,FL-04,2022-11-04,4,128784,,51608,77176,40506,69465,1807,17007,apportioned,1,fl-doe,2026-09-06T18:41:42+00:00
2022,FL,FL-04,2022-11-05,3,143689,,53782,89907,44710,77820,2026,19133,apportioned,1,fl-doe,2026-09-06T18:41:42+00:00
2022,FL,FL-04,2022-11-06,2,158111,,55685,102427,49106,85487,2234,21285,apportioned,1,fl-doe,2026-09-06T18:41:42+00:00
2022,FL,FL-04,2022-11-07,1,165396,,55918,109478,52543,88192,2338,22322,apportioned,1,fl-doe,2026-09-06T18:41:42+00:00
2022,FL,FL-04,2022-11-14,-6,170280,,60802,109478,54352,90241,2431,23256,apportioned,1,fl-doe,2026-09-06T18:41:42+00:00
2022,FL,FL-04,2022-11-16,-8,170316,,60838,109478,54359,90258,2432,23268,apportioned,1,fl-doe,2026-09-06T18:41:42+00:00
2022,FL,FL-04,2022-11-17,-9,170330,,60852,109478,54365,90260,2432,23273,apportioned,1,fl-doe,2026-09-06T18:41:42+00:00
2022,FL,FL-04,2022-11-18,-10,170341,,60863,109478,54370,90262,2433,23276,apportioned,1,fl-doe,2026-09-06T18:41:42+00:00
2022,FL,FL-04,2022-11-19,-11,170359,,60881,109478,54375,90271,2434,23279,apportioned,1,fl-doe,2026-09-06T18:41:42+00:00
2022,FL,FL-04,2022-11-22,-14,170361,,60883,109478,54375,90272,2434,23280,apportioned,1,fl-doe,2026-09-06T18:41:42+00:00
2022,FL,FL-04,2022-11-23,-15,170362,,60884,109478,54375,90273,2434,23280,apportioned,1,fl-doe,2026-09-06T18:41:42+00:00
2022,FL,FL-05,2022-10-06,33,604,,604,,221,278,11,95,apportioned,1,fl-doe,2026-09-06T18:41:42+00:00
2022,FL,FL-05,2022-10-07,32,1926,,1926,,846,782,37,261,apportioned,1,fl-doe,2026-09-06T18:41:42+00:00
2022,FL,FL-05,2022-10-10,29,4408,,4408,,1938,1811,78,580,apportioned,1,fl-doe,2026-09-06T18:41:42+00:00
2022,FL,FL-05,2022-10-21,18,25132,,25132,,10664,10640,387,3440,apportioned,1,fl-doe,2026-09-06T18:41:42+00:00
2022,FL,FL-05,2022-10-23,16,28850,,28850,,12208,12222,447,3973,apportioned,1,fl-doe,2026-09-06T18:41:42+00:00
2022,FL,FL-05,2022-10-24,15,28850,,28850,,12208,12222,447,3973,apportioned,1,fl-doe,2026-09-06T18:41:42+00:00
2022,FL,FL-05,2022-10-25,14,37846,,32219,5627,15852,16418,567,5009,apportioned,1,fl-doe,2026-09-06T18:41:42+00:00
2022,FL,FL-05,2022-10-27,12,57348,,36582,20765,22871,26333,804,7339,apportioned,1,fl-doe,2026-09-06T18:41:42+00:00
2022,FL,FL-05,2022-10-28,11,68206,,38647,29559,26495,32094,931,8685,apportioned,1,fl-doe,2026-09-06T18:41:42+00:00
2022,FL,FL-05,2022-10-31,8,94973,,44463,50510,35739,45591,1287,12356,apportioned,1,fl-doe,2026-09-06T18:41:42+00:00
2022,FL,FL-05,2022-11-01,7,105434,,46200,59233,39092,51106,1424,13811,apportioned,1,fl-doe,2026-09-06T18:41:42+00:00
2022,FL,FL-05,2022-11-02,6,117354,,49141,68212,42954,57335,1578,15486,apportioned,1,fl-doe,2026-09-06T18:41:42+00:00
2022,FL,FL-05,2022-11-03,5,128550,,50989,77561,46499,63238,1739,17072,apportioned,1,fl-doe,2026-09-06T18:41:42+00:00
2022,FL,FL-05,2022-11-04,4,140762,,52937,87826,50305,69623,1922,18911,apportioned,1,fl-doe,2026-09-06T18:41:42+00:00
2022,FL,FL-05,2022-11-05,3,156346,,54786,101560,55149,77680,2144,21374,apportioned,1,fl-doe,2026-09-06T18:41:42+00:00
2022,FL,FL-05,2022-11-06,2,171725,,56930,114794,60475,84914,2381,23954,apportioned,1,fl-doe,2026-09-06T18:41:42+00:00
2022,FL,FL-05,2022-11-07,1,181198,,57233,123965,64947,88433,2517,25302,apportioned,1,fl-doe,2026-09-06T18:41:42+00:00
2022,FL,FL-05,2022-11-14,-6,185845,,61881,123964,67051,90006,2615,26173,apportioned,1,fl-doe,2026-09-06T18:41:42+00:00
2022,FL,FL-05,2022-11-16,-8,185914,,61950,123964,67070,90036,2620,26187,apportioned,1,fl-doe,2026-09-06T18:41:42+00:00
2022,FL,FL-05,2022-11-17,-9,185921,,61957,123964,67075,90039,2620,26187,apportioned,1,fl-doe,2026-09-06T18:41:42+00:00
2022,FL,FL-05,2022-11-18,-10,185927,,61963,123964,67077,90039,2621,26190,apportioned,1,fl-doe,2026-09-06T18:41:42+00:00
2022,FL,FL-05,2022-11-19,-11,185942,,61977,123964,67082,90042,2621,26197,apportioned,1,fl-doe,2026-09-06T18:41:42+00:00
2022,FL,FL-05,2022-11-22,-14,185942,,61977,123964,67082,90042,2621,26197,apportioned,1,fl-doe,2026-09-06T18:41:42+00:00
2022,FL,FL-05,2022-11-23,-15,185942,,61977,123964,67082,90042,2621,26197,apportioned,1,fl-doe,2026-09-06T18:41:42+00:00
2022,FL,FL-06,2022-10-06,33,2019,,2019,,719,916,31,353,apportioned,1,fl-doe,2026-09-06T18:41:42+00:00
2022,FL,FL-06,2022-10-07,32,3663,,3663,,1332,1621,56,654,apportioned,1,fl-doe,2026-09-06T18:41:42+00:00
2022,FL,FL-06,2022-10-10,29,4878,,4878,,1788,2147,73,872,apportioned,1,fl-doe,2026-09-06T18:41:42+00:00
2022,FL,FL-06,2022-10-21,18,44131,,44131,,16860,18836,638,7798,apportioned,1,fl-doe,2026-09-06T18:41:42+00:00
2022,FL,FL-06,2022-10-23,16,49591,,49591,,19060,21047,707,8778,apportioned,1,fl-doe,2026-09-06T18:41:42+00:00
2022,FL,FL-06,2022-10-24,15,49591,,49591,,19060,21047,707,8778,apportioned,1,fl-doe,2026-09-06T18:41:42+00:00
2022,FL,FL-06,2022-10-25,14,57809,,54475,3334,21714,25210,790,10095,apportioned,1,fl-doe,2026-09-06T18:41:42+00:00
2022,FL,FL-06,2022-10-27,12,76725,,63368,13357,27793,34874,995,13062,apportioned,1,fl-doe,2026-09-06T18:41:42+00:00
2022,FL,FL-06,2022-10-28,11,89226,,67968,21258,31612,41497,1159,14959,apportioned,1,fl-doe,2026-09-06T18:41:42+00:00
2022,FL,FL-06,2022-10-31,8,113090,,75792,37297,38665,54141,1463,18821,apportioned,1,fl-doe,2026-09-06T18:41:42+00:00
2022,FL,FL-06,2022-11-01,7,124365,,78924,45440,41707,60333,1603,20723,apportioned,1,fl-doe,2026-09-06T18:41:42+00:00
2022,FL,FL-06,2022-11-02,6,134280,,80841,53441,44184,65972,1736,22387,apportioned,1,fl-doe,2026-09-06T18:41:42+00:00
2022,FL,FL-06,2022-11-03,5,145655,,83779,61876,47219,72168,1879,24390,apportioned,1,fl-doe,2026-09-06T18:41:42+00:00
2022,FL,FL-06,2022-11-04,4,159946,,89207,70738,51228,79442,2088,27188,apportioned,1,fl-doe,2026-09-06T18:41:42+00:00
2022,FL,FL-06,2022-11-05,3,174936,,92656,82280,55135,87496,2298,30005,apportioned,1,fl-doe,2026-09-06T18:41:42+00:00
2022,FL,FL-06,2022-11-06,2,189809,,95896,93913,59350,95090,2531,32838,apportioned,1,fl-doe,2026-09-06T18:41:42+00:00
2022,FL,FL-06,2022-11-07,1,191012,,97099,93913,59860,95496,2556,33100,apportioned,1,fl-doe,2026-09-06T18:41:42+00:00
2022,FL,FL-06,2022-11-14,-6,196974,,103061,93912,62208,97711,2672,34382,apportioned,1,fl-doe,2026-09-06T18:41:42+00:00
2022,FL,FL-06,2022-11-16,-8,197068,,103156,93912,62240,97747,2673,34407,apportioned,1,fl-doe,2026-09-06T18:41:42+00:00
2022,FL,FL-06,2022-11-17,-9,197070,,103158,93912,62240,97748,2673,34408,apportioned,1,fl-doe,2026-09-06T18:41:42+00:00
2022,FL,FL-06,2022-11-18,-10,197077,,103164,93912,62242,97752,2673,34410,apportioned,1,fl-doe,2026-09-06T18:41:42+00:00
2022,FL,FL-06,2022-11-19,-11,197081,,103169,93912,62246,97752,2673,34410,apportioned,1,fl-doe,2026-09-06T18:41:42+00:00
2022,FL,FL-06,2022-11-22,-14,197081,,103169,93912,62246,97752,2673,34410,apportioned,1,fl-doe,2026-09-06T18:41:42+00:00
2022,FL,FL-06,2022-11-23,-15,197081,,103169,93912,62246,97752,2673,34410,apportioned,1,fl-doe,2026-09-06T18:41:42+00:00
2022,FL,FL-07,2022-10-06,33,90,,90,,32,38,1,19,apportioned,1,fl-doe,2026-09-06T18:41:42+00:00
2022,FL,FL-07,2022-10-07,32,229,,229,,88,98,3,40,apportioned,1,fl-doe,2026-09-06T18:41:42+00:00
2022,FL,FL-07,2022-10-10,29,2295,,2295,,872,932,35,456,apportioned,1,fl-doe,2026-09-06T18:41:42+00:00
2022,FL,FL-07,2022-10-21,18,34880,,34880,,13222,14176,578,6904,apportioned,1,fl-doe,2026-09-06T18:41:42+00:00
2022,FL,FL-07,2022-10-23,16,39969,,39969,,15230,16170,651,7918,apportioned,1,fl-doe,2026-09-06T18:41:42+00:00
2022,FL,FL-07,2022-10-24,15,39969,,39969,,15230,16170,651,7918,apportioned,1,fl-doe,2026-09-06T18:41:42+00:00
2022,FL,FL-07,2022-10-25,14,49180,,45349,3831,18583,20290,791,9516,apportioned,1,fl-doe,2026-09-06T18:41:42+00:00
2022,FL,FL-07,2022-10-27,12,71672,,57916,13756,26851,30211,1074,13535,apportioned,1,fl-doe,2026-09-06T18:41:42+00:00
2022,FL,FL-07,2022-10-28,11,82983,,63262,19721,30786,35413,1235,15548,apportioned,1,fl-doe,2026-09-06T18:41:42+00:00
2022,FL,FL-07,2022-10-31,8,107864,,73347,34518,39671,46390,1606,20197,apportioned,1,fl-doe,2026-09-06T18:41:42+00:00
2022,FL,FL-07,2022-11-01,7,117118,,76456,40663,42695,50746,1745,21932,apportioned,1,fl-doe,2026-09-06T18:41:42+00:00
2022,FL,FL-07,2022-11-02,6,125592,,78334,47257,45233,54939,1891,23529,apportioned,1,fl-doe,2026-09-06T18:41:42+00:00
2022,FL,FL-07,2022-11-03,5,136352,,81760,54592,48605,60034,2047,25666,apportioned,1,fl-doe,2026-09-06T18:41:42+00:00
2022,FL,FL-07,2022-11-04,4,152673,,90037,62636,53989,67179,2339,29167,apportioned,1,fl-doe,2026-09-06T18:41:42+00:00
2022,FL,FL-07,2022-11-05,3,168416,,94799,73617,58923,74339,2601,32554,apportioned,1,fl-doe,2026-09-06T18:41:42+00:00
2022,FL,FL-07,2022-11-06,2,185026,,99375,85651,64360,81442,2902,36322,apportioned,1,fl-doe,2026-09-06T18:41:42+00:00
2022,FL,FL-07,2022-11-07,1,197134,,102607,94527,68825,85946,3101,39262,apportioned,1,fl-doe,2026-09-06T18:41:42+00:00
2022,FL,FL-07,2022-11-14,-6,204830,,110304,94526,71975,88309,3241,41305,apportioned,1,fl-doe,2026-09-06T18:41:42+00:00
2022,FL,FL-07,2022-11-16,-8,204851,,110325,94526,71988,88312,3241,41311,apportioned,1,fl-doe,2026-09-06T18:41:42+00:00
2022,FL,FL-07,2022-11-17,-9,204852,,110326,94526,71989,88312,3241,41311,apportioned,1,fl-doe,2026-09-06T18:41:42+00:00
2022,FL,FL-07,2022-11-18,-10,204863,,110337,94526,71994,88313,3241,41315,apportioned,1,fl-doe,2026-09-06T18:41:42+00:00
2022,FL,FL-07,2022-11-19,-11,204867,,110341,94526,71995,88315,3241,41316,apportioned,1,fl-doe,2026-09-06T18:41:42+00:00
2022,FL,FL-07,2022-11-22,-14,204867,,110341,94526,71995,88315,3241,41316,apportioned,1,fl-doe,2026-09-06T18:41:42+00:00
2022,FL,FL-07,2022-11-23,-15,204867,,110341,94526,71995,88315,3241,41316,apportioned,1,fl-doe,2026-09-06T18:41:42+00:00
2022,FL,FL-08,2022-10-06,33,156,,156,,55,63,6,33,apportioned,1,fl-doe,2026-09-06T18:41:42+00:00
2022,FL,FL-08,2022-10-07,32,185,,185,,65,76,7,38,apportioned,1,fl-doe,2026-09-06T18:41:42+00:00
2022,FL,FL-08,2022-10-10,29,256,,256,,96,102,7,51,apportioned,1,fl-doe,2026-09-06T18:41:42+00:00
2022,FL,FL-08,2022-10-21,18,37990,,37990,,14733,15798,661,6799,apportioned,1,fl-doe,2026-09-06T18:41:42+00:00
2022,FL,FL-08,2022-10-23,16,42230,,42230,,16471,17537,727,7495,apportioned,1,fl-doe,2026-09-06T18:41:42+00:00
2022,FL,FL-08,2022-10-24,15,42230,,42230,,16471,17537,727,7495,apportioned,1,fl-doe,2026-09-06T18:41:42+00:00
2022,FL,FL-08,2022-10-25,14,52939,,48191,4749,20359,22485,901,9194,apportioned,1,fl-doe,2026-09-06T18:41:42+00:00
2022,FL,FL-08,2022-10-27,12,76083,,60838,15245,28912,32870,1283,13018,apportioned,1,fl-doe,2026-09-06T18:41:42+00:00
2022,FL,FL-08,2022-10-28,11,86175,,65560,20615,32321,37643,1452,14759,apportioned,1,fl-doe,2026-09-06T18:41:42+00:00
2022,FL,FL-08,2022-10-31,8,109963,,74215,35748,40111,48967,1843,19042,apportioned,1,fl-doe,2026-09-06T18:41:42+00:00
2022,FL,FL-08,2022-11-01,7,118698,,76779,41919,42747,53299,1979,20672,apportioned,1,fl-doe,2026-09-06T18:41:42+00:00
2022,FL,FL-08,2022-11-02,6,126786,,78652,48133,45111,57424,2123,22127,apportioned,1,fl-doe,2026-09-06T18:41:42+00:00
2022,FL,FL-08,2022-11-03,5,136835,,81569,55266,48183,62364,2311,23977,apportioned,1,fl-doe,2026-09-06T18:41:42+00:00
2022,FL,FL-08,2022-11-04,4,151888,,88600,63288,53048,69280,2573,26986,apportioned,1,fl-doe,2026-09-06T18:41:42+00:00
2022,FL,FL-08,2022-11-05,3,167565,,92527,75038,57686,76856,2893,30130,apportioned,1,fl-doe,2026-09-06T18:41:42+00:00
2022,FL,FL-08,2022-11-06,2,182657,,96081,86576,62353,83885,3145,33273,apportioned,1,fl-doe,2026-09-06T18:41:42+00:00
2022,FL,FL-08,2022-11-07,1,185332,,96452,88880,63672,84594,3186,33879,apportioned,1,fl-doe,2026-09-06T18:41:42+00:00
2022,FL,FL-08,2022-11-14,-6,194966,,106088,88878,67604,87991,3365,36006,apportioned,1,fl-doe,2026-09-06T18:41:42+00:00
2022,FL,FL-08,2022-11-16,-8,194980,,106102,88878,67611,87992,3366,36011,apportioned,1,fl-doe,2026-09-06T18:41:42+00:00
2022,FL,FL-08,2022-11-17,-9,194983,,106105,88878,67613,87992,3366,36011,apportioned,1,fl-doe,2026-09-06T18:41:42+00:00
2022,FL,FL-08,2022-11-18,-10,194990,,106112,88878,67618,87994,3366,36011,apportioned,1,fl-doe,2026-09-06T18:41:42+00:00
2022,FL,FL-08,2022-11-19,-11,194999,,106121,88878,67624,87994,3366,36015,apportioned,1,fl-doe,2026-09-06T18:41:42+00:00
2022,FL,FL-08,2022-11-22,-14,194999,,106121,88878,67624,87994,3366,36015,apportioned,1,fl-doe,2026-09-06T18:41:42+00:00
2022,FL,FL-08,2022-11-23,-15,194999,,106121,88878,67624,87994,3366,36015,apportioned,1,fl-doe,2026-09-06T18:41:42+00:00
2022,FL,FL-09,2022-10-06,33,396,,396,,129,201,7,59,apportioned,1,fl-doe,2026-09-06T18:41:42+00:00
2022,FL,FL-09,2022-10-07,32,1508,,1508,,502,710,30,265,apportioned,1,fl-doe,2026-09-06T18:41:42+00:00
2022,FL,FL-09,2022-10-10,29,2648,,2648,,888,1240,56,463,apportioned,1,fl-doe,2026-09-06T18:41:42+00:00
2022,FL,FL-09,2022-10-21,18,37862,,37862,,14951,15084,541,7287,apportioned,1,fl-doe,2026-09-06T18:41:42+00:00
2022,FL,FL-09,2022-10-23,16,41198,,41198,,16307,16390,582,7920,apportioned,1,fl-doe,2026-09-06T18:41:42+00:00
2022,FL,FL-09,2022-10-24,15,41198,,41198,,16307,16390,582,7920,apportioned,1,fl-doe,2026-09-06T18:41:42+00:00
2022,FL,FL-09,2022-10-25,14,50387,,46748,3639,19564,20479,689,9656,apportioned,1,fl-doe,2026-09-06T18:41:42+00:00
2022,FL,FL-09,2022-10-27,12,67406,,56362,11044,25852,27748,924,12882,apportioned,1,fl-doe,2026-09-06T18:41:42+00:00
2022,FL,FL-09,2022-10-28,11,76060,,59917,16143,28576,32004,1049,14432,apportioned,1,fl-doe,2026-09-06T18:41:42+00:00
2022,FL,FL-09,2022-10-31,8,93171,,65328,27843,34107,40298,1262,17503,apportioned,1,fl-doe,2026-09-06T18:41:42+00:00
2022,FL,FL-09,2022-11-01,7,103376,,69659,33717,37425,45102,1384,19465,apportioned,1,fl-doe,2026-09-06T18:41:42+00:00
2022,FL,FL-09,2022-11-02,6,111462,,72020,39443,39812,49140,1488,21023,apportioned,1,fl-doe,2026-09-06T18:41:42+00:00
2022,FL,FL-09,2022-11-03,5,119987,,74437,45549,42376,53302,1610,22700,apportioned,1,fl-doe,2026-09-06T18:41:42+00:00
2022,FL,FL-09,2022-11-04,4,130354,,78367,51988,45698,58062,1768,24826,apportioned,1,fl-doe,2026-09-06T18:41:42+00:00
2022,FL,FL-09,2022-11-05,3,142883,,82437,60447,49692,63809,1936,27447,apportioned,1,fl-doe,2026-09-06T18:41:42+00:00
2022,FL,FL-09,2022-11-06,2,152179,,83985,68194,52667,68079,2059,29373,apportioned,1,fl-doe,2026-09-06T18:41:42+00:00
2022,FL,FL-09,2022-11-07,1,157867,,84285,73583,55180,69784,2146,30758,apportioned,1,fl-doe,2026-09-06T18:41:42+00:00
2022,FL,FL-09,2022-11-14,-6,167358,,93775,73583,59137,72852,2292,33077,apportioned,1,fl-doe,2026-09-06T18:41:42+00:00
2022,FL,FL-09,2022-11-16,-8,167407,,93823,73583,59160,72862,2292,33092,apportioned,1,fl-doe,2026-09-06T18:41:42+00:00
2022,FL,FL-09,2022-11-17,-9,167411,,93828,73583,59163,72862,2292,33095,apportioned,1,fl-doe,2026-09-06T18:41:42+00:00
2022,FL,FL-09,2022-11-18,-10,167421,,93838,73583,59167,72866,2292,33097,apportioned,1,fl-doe,2026-09-06T18:41:42+00:00
2022,FL,FL-09,2022-11-19,-11,167422,,93838,73583,59167,72866,2292,33097,apportioned,1,fl-doe,2026-09-06T18:41:42+00:00
2022,FL,FL-09,2022-11-22,-14,167422,,93838,73583,59167,72866,2292,33097,apportioned,1,fl-doe,2026-09-06T18:41:42+00:00
2022,FL,FL-09,2022-11-23,-15,167422,,93838,73583,59167,72866,2292,33097,apportioned,1,fl-doe,2026-09-06T18:41:42+00:00
2022,FL,FL-10,2022-10-06,33,48,,48,,30,10,2,6,apportioned,1,fl-doe,2026-09-06T18:41:42+00:00
2022,FL,FL-10,2022-10-07,32,52,,52,,32,12,2,7,apportioned,1,fl-doe,2026-09-06T18:41:42+00:00
2022,FL,FL-10,2022-10-10,29,249,,249,,119,86,5,39,apportioned,1,fl-doe,2026-09-06T18:41:42+00:00
2022,FL,FL-10,2022-10-21,18,18607,,18607,,8625,6139,269,3574,apportioned,1,fl-doe,2026-09-06T18:41:42+00:00
2022,FL,FL-10,2022-10-23,16,22486,,22486,,10527,7379,310,4270,apportioned,1,fl-doe,2026-09-06T18:41:42+00:00
2022,FL,FL-10,2022-10-24,15,22486,,22486,,10527,7379,310,4270,apportioned,1,fl-doe,2026-09-06T18:41:42+00:00
2022,FL,FL-10,2022-10-25,14,29838,,26104,3733,13834,10010,402,5592,apportioned,1,fl-doe,2026-09-06T18:41:42+00:00
2022,FL,FL-10,2022-10-27,12,44105,,33081,11024,20361,14941,566,8238,apportioned,1,fl-doe,2026-09-06T18:41:42+00:00
2022,FL,FL-10,2022-10-28,11,50045,,35659,14386,23053,17012,649,9331,apportioned,1,fl-doe,2026-09-06T18:41:42+00:00
2022,FL,FL-10,2022-10-31,8,65292,,40783,24509,29991,22153,831,12317,apportioned,1,fl-doe,2026-09-06T18:41:42+00:00
2022,FL,FL-10,2022-11-01,7,71576,,42995,28581,32802,24307,904,13564,apportioned,1,fl-doe,2026-09-06T18:41:42+00:00
2022,FL,FL-10,2022-11-02,6,77150,,44110,33040,35186,26326,969,14670,apportioned,1,fl-doe,2026-09-06T18:41:42+00:00
2022,FL,FL-10,2022-11-03,5,83776,,45672,38104,38071,28667,1059,15978,apportioned,1,fl-doe,2026-09-06T18:41:42+00:00
2022,FL,FL-10,2022-11-04,4,95362,,51594,43767,43274,32315,1228,18545,apportioned,1,fl-doe,2026-09-06T18:41:42+00:00
2022,FL,FL-10,2022-11-05,3,106603,,54969,51633,48198,35924,1405,21076,apportioned,1,fl-doe,2026-09-06T18:41:42+00:00
2022,FL,FL-10,2022-11-06,2,116604,,57528,59076,52831,38835,1534,23404,apportioned,1,fl-doe,2026-09-06T18:41:42+00:00
2022,FL,FL-10,2022-11-07,1,128126,,59125,69001,58512,41890,1712,26012,apportioned,1,fl-doe,2026-09-06T18:41:42+00:00
2022,FL,FL-10,2022-11-14,-6,132386,,63385,69001,60697,42874,1780,27035,apportioned,1,fl-doe,2026-09-06T18:41:42+00:00
2022,FL,FL-10,2022-11-16,-8,132394,,63393,69001,60702,42875,1780,27037,apportioned,1,fl-doe,2026-09-06T18:41:42+00:00
2022,FL,FL-10,2022-11-17,-9,132398,,63396,69001,60704,42876,1780,27038,apportioned,1,fl-doe,2026-09-06T18:41:42+00:00
2022,FL,FL-10,2022-11-18,-10,132402,,63401,69001,60706,42876,1780,27040,apportioned,1,fl-doe,2026-09-06T18:41:42+00:00
2022,FL,FL-10,2022-11-19,-11,132404,,63404,69001,60708,42876,1780,27041,apportioned,1,fl-doe,2026-09-06T18:41:42+00:00
2022,FL,FL-10,2022-11-22,-14,132404,,63404,69001,60708,42876,1780,27041,apportioned,1,fl-doe,2026-09-06T18:41:42+00:00
2022,FL,FL-10,2022-11-23,-15,132404,,63404,69001,60708,42876,1780,27041,apportioned,1,fl-doe,2026-09-06T18:41:42+00:00
2022,FL,FL-11,2022-10-06,33,267,,267,,108,107,6,45,apportioned,1,fl-doe,2026-09-06T18:41:42+00:00
2022,FL,FL-11,2022-10-07,32,495,,495,,188,206,11,89,apportioned,1,fl-doe,2026-09-06T18:41:42+00:00
2022,FL,FL-11,2022-10-10,29,957,,957,,365,404,18,170,apportioned,1,fl-doe,2026-09-06T18:41:42+00:00
2022,FL,FL-11,2022-10-21,18,34577,,34577,,13480,14329,413,6354,apportioned,1,fl-doe,2026-09-06T18:41:42+00:00
2022,FL,FL-11,2022-10-23,16,39524,,39524,,15544,16312,456,7211,apportioned,1,fl-doe,2026-09-06T18:41:42+00:00
2022,FL,FL-11,2022-10-24,15,39524,,39524,,15544,16312,456,7211,apportioned,1,fl-doe,2026-09-06T18:41:42+00:00
2022,FL,FL-11,2022-10-25,14,49617,,45074,4543,19364,20727,569,8957,apportioned,1,fl-doe,2026-09-06T18:41:42+00:00
2022,FL,FL-11,2022-10-27,12,79124,,56324,22801,28197,36322,846,13760,apportioned,1,fl-doe,2026-09-06T18:41:42+00:00
2022,FL,FL-11,2022-10-28,11,92432,,61211,31221,32189,43275,989,15977,apportioned,1,fl-doe,2026-09-06T18:41:42+00:00
2022,FL,FL-11,2022-10-31,8,119660,,70933,48727,41095,56454,1297,20814,apportioned,1,fl-doe,2026-09-06T18:41:42+00:00
2022,FL,FL-11,2022-11-01,7,131602,,74236,57366,44601,62661,1430,22910,apportioned,1,fl-doe,2026-09-06T18:41:42+00:00
2022,FL,FL-11,2022-11-02,6,142784,,76889,65895,47731,68520,1552,24980,apportioned,1,fl-doe,2026-09-06T18:41:42+00:00
2022,FL,FL-11,2022-11-03,5,154966,,80079,74887,51327,74647,1710,27282,apportioned,1,fl-doe,2026-09-06T18:41:42+00:00
2022,FL,FL-11,2022-11-04,4,169721,,85194,84527,56184,81371,1891,30275,apportioned,1,fl-doe,2026-09-06T18:41:42+00:00
2022,FL,FL-11,2022-11-05,3,186199,,89141,97058,61350,89039,2112,33697,apportioned,1,fl-doe,2026-09-06T18:41:42+00:00
2022,FL,FL-11,2022-11-06,2,200489,,92895,107594,66268,95153,2294,36775,apportioned,1,fl-doe,2026-09-06T18:41:42+00:00
2022,FL,FL-11,2022-11-07,1,207555,,93875,113680,69751,97026,2403,38375,apportioned,1,fl-doe,2026-09-06T18:41:42+00:00
2022,FL,FL-11,2022-11-14,-6,213304,,99623,113681,72142,98971,2504,39687,apportioned,1,fl-doe,2026-09-06T18:41:42+00:00
2022,FL,FL-11,2022-11-16,-8,213319,,99639,113681,72151,98974,2504,39691,apportioned,1,fl-doe,2026-09-06T18:41:42+00:00
2022,FL,FL-11,2022-11-17,-9,213322,,99642,113681,72153,98974,2504,39691,apportioned,1,fl-doe,2026-09-06T18:41:42+00:00
2022,FL,FL-11,2022-11-18,-10,213327,,99647,113681,72156,98975,2504,39692,apportioned,1,fl-doe,2026-09-06T18:41:42+00:00
2022,FL,FL-11,2022-11-19,-11,213335,,99655,113681,72161,98976,2504,39693,apportioned,1,fl-doe,2026-09-06T18:41:42+00:00
2022,FL,FL-11,2022-11-22,-14,213335,,99655,113681,72161,98976,2504,39693,apportioned,1,fl-doe,2026-09-06T18:41:42+00:00
2022,FL,FL-11,2022-11-23,-15,213335,,99655,113681,72161,98976,2504,39693,apportioned,1,fl-doe,2026-09-06T18:41:42+00:00
2022,FL,FL-12,2022-10-06,33,145,,145,,46,70,5,25,apportioned,1,fl-doe,2026-09-06T18:41:42+00:00
2022,FL,FL-12,2022-10-07,32,246,,246,,80,114,6,47,apportioned,1,fl-doe,2026-09-06T18:41:42+00:00
2022,FL,FL-12,2022-10-10,29,4253,,4253,,1495,1805,77,876,apportioned,1,fl-doe,2026-09-06T18:41:42+00:00
2022,FL,FL-12,2022-10-21,18,40500,,40500,,16274,15539,661,8026,apportioned,1,fl-doe,2026-09-06T18:41:42+00:00
2022,FL,FL-12,2022-10-23,16,43944,,43944,,17688,16823,721,8711,apportioned,1,fl-doe,2026-09-06T18:41:42+00:00
2022,FL,FL-12,2022-10-24,15,43944,,43944,,17688,16823,721,8711,apportioned,1,fl-doe,2026-09-06T18:41:42+00:00
2022,FL,FL-12,2022-10-25,14,51300,,49382,1918,20607,19757,828,10108,apportioned,1,fl-doe,2026-09-06T18:41:42+00:00
2022,FL,FL-12,2022-10-27,12,69025,,59833,9192,27327,27371,1058,13267,apportioned,1,fl-doe,2026-09-06T18:41:42+00:00
2022,FL,FL-12,2022-10-28,11,78024,,64267,13756,30402,31503,1189,14931,apportioned,1,fl-doe,2026-09-06T18:41:42+00:00
2022,FL,FL-12,2022-10-31,8,97133,,72003,25131,36953,40174,1469,18537,apportioned,1,fl-doe,2026-09-06T18:41:42+00:00
2022,FL,FL-12,2022-11-01,7,104268,,74369,29899,39240,43517,1587,19922,apportioned,1,fl-doe,2026-09-06T18:41:42+00:00
2022,FL,FL-12,2022-11-02,6,114405,,79383,35021,42571,48064,1748,22022,apportioned,1,fl-doe,2026-09-06T18:41:42+00:00
2022,FL,FL-12,2022-11-03,5,123447,,83046,40400,45469,52181,1894,23901,apportioned,1,fl-doe,2026-09-06T18:41:42+00:00
2022,FL,FL-12,2022-11-04,4,133075,,86581,46494,48551,56600,2038,25886,apportioned,1,fl-doe,2026-09-06T18:41:42+00:00
2022,FL,FL-12,2022-11-05,3,145181,,90145,55035,52285,62166,2236,28494,apportioned,1,fl-doe,2026-09-06T18:41:42+00:00
2022,FL,FL-12,2022-11-06,2,157167,,93306,63862,56278,67378,2423,31088,apportioned,1,fl-doe,2026-09-06T18:41:42+00:00
2022,FL,FL-12,2022-11-07,1,163457,,94857,68601,58896,69551,2525,32486,apportioned,1,fl-doe,2026-09-06T18:41:42+00:00
2022,FL,FL-12,2022-11-14,-6,171765,,103165,68599,62451,71995,2678,34641,apportioned,1,fl-doe,2026-09-06T18:41:42+00:00
2022,FL,FL-12,2022-11-16,-8,171774,,103174,68599,62453,71996,2678,34647,apportioned,1,fl-doe,2026-09-06T18:41:42+00:00
2022,FL,FL-12,2022-11-17,-9,171775,,103175,68599,62454,71996,2678,34647,apportioned,1,fl-doe,2026-09-06T18:41:42+00:00
2022,FL,FL-12,2022-11-18,-10,171790,,103191,68599,62460,72001,2678,34651,apportioned,1,fl-doe,2026-09-06T18:41:42+00:00
2022,FL,FL-12,2022-11-19,-11,171790,,103191,68599,62460,72001,2678,34651,apportioned,1,fl-doe,2026-09-06T18:41:42+00:00
2022,FL,FL-12,2022-11-22,-14,171795,,103196,68599,62463,72002,2678,34652,apportioned,1,fl-doe,2026-09-06T18:41:42+00:00
2022,FL,FL-12,2022-11-23,-15,171795,,103196,68599,62463,72002,2678,34652,apportioned,1,fl-doe,2026-09-06T18:41:42+00:00
2022,FL,FL-13,2022-10-06,33,110,,110,,34,42,3,30,apportioned,1,fl-doe,2026-09-06T18:41:42+00:00
2022,FL,FL-13,2022-10-07,32,214,,214,,71,84,4,55,apportioned,1,fl-doe,2026-09-06T18:41:42+00:00
2022,FL,FL-13,2022-10-10,29,913,,913,,322,371,18,202,apportioned,1,fl-doe,2026-09-06T18:41:42+00:00
2022,FL,FL-13,2022-10-21,18,59075,,59075,,23460,22981,924,11710,apportioned,1,fl-doe,2026-09-06T18:41:42+00:00
2022,FL,FL-13,2022-10-23,16,64410,,64410,,25759,24952,1002,12698,apportioned,1,fl-doe,2026-09-06T18:41:42+00:00
2022,FL,FL-13,2022-10-24,15,64410,,64410,,25759,24952,1002,12698,apportioned,1,fl-doe,2026-09-06T18:41:42+00:00
2022,FL,FL-13,2022-10-25,14,76956,,75163,1792,30831,29726,1168,15233,apportioned,1,fl-doe,2026-09-06T18:41:42+00:00
2022,FL,FL-13,2022-10-27,12,103265,,97573,5691,41759,39711,1507,20288,apportioned,1,fl-doe,2026-09-06T18:41:42+00:00
2022,FL,FL-13,2022-10-28,11,113726,,106009,7717,45908,43765,1652,22401,apportioned,1,fl-doe,2026-09-06T18:41:42+00:00
2022,FL,FL-13,2022-10-31,8,134733,,121957,12776,54007,52201,1934,26591,apportioned,1,fl-doe,2026-09-06T18:41:42+00:00
2022,FL,FL-13,2022-11-01,7,140942,,125592,15350,56228,54758,2031,27924,apportioned,1,fl-doe,2026-09-06T18:41:42+00:00
2022,FL,FL-13,2022-11-02,6,152964,,134728,18237,60707,59574,2224,30460,apportioned,1,fl-doe,2026-09-06T18:41:42+00:00
2022,FL,FL-13,2022-11-03,5,163613,,142380,21233,64623,63802,2398,32793,apportioned,1,fl-doe,2026-09-06T18:41:42+00:00
2022,FL,FL-13,2022-11-04,4,173671,,149094,24577,68109,67919,2570,35073,apportioned,1,fl-doe,2026-09-06T18:41:42+00:00
2022,FL,FL-13,2022-11-05,3,184575,,155070,29505,71899,72474,2755,37448,apportioned,1,fl-doe,2026-09-06T18:41:42+00:00
2022,FL,FL-13,2022-11-06,2,195380,,161526,33854,75874,76758,2931,39818,apportioned,1,fl-doe,2026-09-06T18:41:42+00:00
2022,FL,FL-13,2022-11-07,1,203534,,165119,38413,79086,79694,3063,41690,apportioned,1,fl-doe,2026-09-06T18:41:42+00:00
2022,FL,FL-13,2022-11-14,-6,224633,,186219,38413,88277,86442,3436,46477,apportioned,1,fl-doe,2026-09-06T18:41:42+00:00
2022,FL,FL-13,2022-11-16,-8,224671,,186257,38413,88292,86451,3437,46491,apportioned,1,fl-doe,2026-09-06T18:41:42+00:00
2022,FL,FL-13,2022-11-17,-9,224716,,186302,38413,88316,86460,3438,46502,apportioned,1,fl-doe,2026-09-06T18:41:42+00:00
2022,FL,FL-13,2022-11-18,-10,224722,,186308,38413,88319,86461,3438,46504,apportioned,1,fl-doe,2026-09-06T18:41:42+00:00
2022,FL,FL-13,2022-11-19,-11,224722,,186308,38413,88319,86461,3438,46504,apportioned,1,fl-doe,2026-09-06T18:41:42+00:00
2022,FL,FL-13,2022-11-22,-14,224727,,186312,38413,88322,86462,3438,46504,apportioned,1,fl-doe,2026-09-06T18:41:42+00:00
2022,FL,FL-13,2022-11-23,-15,224727,,186312,38413,88322,86462,3438,46504,apportioned,1,fl-doe,2026-09-06T18:41:42+00:00
2022,FL,FL-14,2022-10-06,33,111,,111,,46,37,4,24,apportioned,1,fl-doe,2026-09-06T18:41:42+00:00
2022,FL,FL-14,2022-10-07,32,129,,129,,52,43,5,29,apportioned,1,fl-doe,2026-09-06T18:41:42+00:00
2022,FL,FL-14,2022-10-10,29,158,,158,,62,57,6,33,apportioned,1,fl-doe,2026-09-06T18:41:42+00:00
2022,FL,FL-14,2022-10-21,18,39614,,39614,,17189,14093,623,7709,apportioned,1,fl-doe,2026-09-06T18:41:42+00:00
2022,FL,FL-14,2022-10-23,16,43302,,43302,,18818,15406,682,8395,apportioned,1,fl-doe,2026-09-06T18:41:42+00:00
2022,FL,FL-14,2022-10-24,15,43302,,43302,,18818,15406,682,8395,apportioned,1,fl-doe,2026-09-06T18:41:42+00:00
2022,FL,FL-14,2022-10-25,14,53504,,49450,4054,22944,19519,825,10215,apportioned,1,fl-doe,2026-09-06T18:41:42+00:00
2022,FL,FL-14,2022-10-27,12,74830,,62305,12526,31804,28053,1102,13872,apportioned,1,fl-doe,2026-09-06T18:41:42+00:00
2022,FL,FL-14,2022-10-28,11,84018,,67561,16457,35507,31777,1226,15508,apportioned,1,fl-doe,2026-09-06T18:41:42+00:00
2022,FL,FL-14,2022-10-31,8,104577,,77037,27539,43724,40064,1499,19290,apportioned,1,fl-doe,2026-09-06T18:41:42+00:00
2022,FL,FL-14,2022-11-01,7,112027,,79805,32223,46521,43183,1610,20714,apportioned,1,fl-doe,2026-09-06T18:41:42+00:00
2022,FL,FL-14,2022-11-02,6,122979,,85748,37230,50659,47582,1770,22968,apportioned,1,fl-doe,2026-09-06T18:41:42+00:00
2022,FL,FL-14,2022-11-03,5,132791,,90065,42727,54243,51606,1922,25021,apportioned,1,fl-doe,2026-09-06T18:41:42+00:00
2022,FL,FL-14,2022-11-04,4,142995,,94225,48770,58019,55769,2077,27131,apportioned,1,fl-doe,2026-09-06T18:41:42+00:00
2022,FL,FL-14,2022-11-05,3,155618,,98210,57407,62543,60925,2284,29865,apportioned,1,fl-doe,2026-09-06T18:41:42+00:00
2022,FL,FL-14,2022-11-06,2,168074,,102366,65709,67468,65575,2471,32560,apportioned,1,fl-doe,2026-09-06T18:41:42+00:00
2022,FL,FL-14,2022-11-07,1,180252,,104525,75727,72529,69791,2668,35263,apportioned,1,fl-doe,2026-09-06T18:41:42+00:00
2022,FL,FL-14,2022-11-14,-6,191087,,115363,75725,77398,72670,2858,38161,apportioned,1,fl-doe,2026-09-06T18:41:42+00:00
2022,FL,FL-14,2022-11-16,-8,191095,,115371,75725,77402,72671,2858,38165,apportioned,1,fl-doe,2026-09-06T18:41:42+00:00
2022,FL,FL-14,2022-11-17,-9,191095,,115371,75725,77402,72671,2858,38165,apportioned,1,fl-doe,2026-09-06T18:41:42+00:00
2022,FL,FL-14,2022-11-18,-10,191128,,115404,75725,77414,72682,2858,38175,apportioned,1,fl-doe,2026-09-06T18:41:42+00:00
2022,FL,FL-14,2022-11-19,-11,191128,,115404,75725,77414,72682,2858,38175,apportioned,1,fl-doe,2026-09-06T18:41:42+00:00
2022,FL,FL-14,2022-11-22,-14,191138,,115413,75725,77420,72684,2858,38176,apportioned,1,fl-doe,2026-09-06T18:41:42+00:00
2022,FL,FL-14,2022-11-23,-15,191138,,115413,75725,77420,72684,2858,38176,apportioned,1,fl-doe,2026-09-06T18:41:42+00:00
2022,FL,FL-15,2022-10-06,33,1047,,1047,,299,534,20,194,apportioned,1,fl-doe,2026-09-06T18:41:42+00:00
2022,FL,FL-15,2022-10-07,32,2681,,2681,,796,1373,54,457,apportioned,1,fl-doe,2026-09-06T18:41:42+00:00
2022,FL,FL-15,2022-10-10,29,6670,,6670,,2198,3124,111,1237,apportioned,1,fl-doe,2026-09-06T18:41:42+00:00
2022,FL,FL-15,2022-10-21,18,48333,,48333,,17660,21080,730,8863,apportioned,1,fl-doe,2026-09-06T18:41:42+00:00
2022,FL,FL-15,2022-10-23,16,51661,,51661,,18917,22471,782,9492,apportioned,1,fl-doe,2026-09-06T18:41:42+00:00
2022,FL,FL-15,2022-10-24,15,51661,,51661,,18917,22471,782,9492,apportioned,1,fl-doe,2026-09-06T18:41:42+00:00
2022,FL,FL-15,2022-10-25,14,58092,,57034,1058,21332,25235,875,10650,apportioned,1,fl-doe,2026-09-06T18:41:42+00:00
2022,FL,FL-15,2022-10-27,12,73633,,66971,6662,26976,32260,1096,13302,apportioned,1,fl-doe,2026-09-06T18:41:42+00:00
2022,FL,FL-15,2022-10-28,11,81689,,71130,10560,29595,36156,1212,14725,apportioned,1,fl-doe,2026-09-06T18:41:42+00:00
2022,FL,FL-15,2022-10-31,8,103390,,77894,25496,35657,47838,1513,18382,apportioned,1,fl-doe,2026-09-06T18:41:42+00:00
2022,FL,FL-15,2022-11-01,7,113270,,81116,32153,38270,53186,1665,20150,apportioned,1,fl-doe,2026-09-06T18:41:42+00:00
2022,FL,FL-15,2022-11-02,6,124776,,86096,38681,41372,59219,1866,22318,apportioned,1,fl-doe,2026-09-06T18:41:42+00:00
2022,FL,FL-15,2022-11-03,5,135052,,89745,45307,44112,64630,2025,24284,apportioned,1,fl-doe,2026-09-06T18:41:42+00:00
2022,FL,FL-15,2022-11-04,4,145281,,93092,52189,46904,69901,2192,26283,apportioned,1,fl-doe,2026-09-06T18:41:42+00:00
2022,FL,FL-15,2022-11-05,3,157589,,96335,61256,50108,76351,2394,28736,apportioned,1,fl-doe,2026-09-06T18:41:42+00:00
2022,FL,FL-15,2022-11-06,2,168187,,98489,69697,53080,81712,2575,30819,apportioned,1,fl-doe,2026-09-06T18:41:42+00:00
2022,FL,FL-15,2022-11-07,1,171599,,99287,72312,54500,82892,2630,31578,apportioned,1,fl-doe,2026-09-06T18:41:42+00:00
2022,FL,FL-15,2022-11-14,-6,180838,,108528,72311,57920,86346,2809,33764,apportioned,1,fl-doe,2026-09-06T18:41:42+00:00
2022,FL,FL-15,2022-11-16,-8,180853,,108543,72311,57927,86350,2809,33766,apportioned,1,fl-doe,2026-09-06T18:41:42+00:00
2022,FL,FL-15,2022-11-17,-9,180854,,108544,72311,57928,86350,2809,33766,apportioned,1,fl-doe,2026-09-06T18:41:42+00:00
2022,FL,FL-15,2022-11-18,-10,180863,,108552,72311,57931,86352,2810,33769,apportioned,1,fl-doe,2026-09-06T18:41:42+00:00
2022,FL,FL-15,2022-11-19,-11,180864,,108553,72311,57932,86352,2810,33769,apportioned,1,fl-doe,2026-09-06T18:41:42+00:00
2022,FL,FL-15,2022-11-22,-14,180866,,108556,72311,57934,86353,2810,33769,apportioned,1,fl-doe,2026-09-06T18:41:42+00:00
2022,FL,FL-15,2022-11-23,-15,180866,,108556,72311,57934,86353,2810,33769,apportioned,1,fl-doe,2026-09-06T18:41:42+00:00
2022,FL,FL-16,2022-10-06,33,69,,69,,29,20,1,19,apportioned,1,fl-doe,2026-09-06T18:41:42+00:00
2022,FL,FL-16,2022-10-07,32,116,,116,,49,37,2,28,apportioned,1,fl-doe,2026-09-06T18:41:42+00:00
2022,FL,FL-16,2022-10-10,29,361,,361,,123,157,7,73,apportioned,1,fl-doe,2026-09-06T18:41:42+00:00
2022,FL,FL-16,2022-10-21,18,53356,,53356,,20363,22072,783,10138,apportioned,1,fl-doe,2026-09-06T18:41:42+00:00
2022,FL,FL-16,2022-10-23,16,59570,,59570,,22863,24566,864,11277,apportioned,1,fl-doe,2026-09-06T18:41:42+00:00
2022,FL,FL-16,2022-10-24,15,59571,,59571,,22864,24567,864,11278,apportioned,1,fl-doe,2026-09-06T18:41:42+00:00
2022,FL,FL-16,2022-10-25,14,69723,,66065,3659,26473,29200,1006,13043,apportioned,1,fl-doe,2026-09-06T18:41:42+00:00
2022,FL,FL-16,2022-10-27,12,92896,,81165,11731,34681,39713,1309,17194,apportioned,1,fl-doe,2026-09-06T18:41:42+00:00
2022,FL,FL-16,2022-10-28,11,104834,,89293,15542,38812,45146,1470,19407,apportioned,1,fl-doe,2026-09-06T18:41:42+00:00
2022,FL,FL-16,2022-10-31,8,130248,,105736,24512,47297,57117,1817,24018,apportioned,1,fl-doe,2026-09-06T18:41:42+00:00
2022,FL,FL-16,2022-11-01,7,138257,,109286,28971,49730,61063,1927,25538,apportioned,1,fl-doe,2026-09-06T18:41:42+00:00
2022,FL,FL-16,2022-11-02,6,149780,,116271,33509,53404,66460,2111,27805,apportioned,1,fl-doe,2026-09-06T18:41:42+00:00
2022,FL,FL-16,2022-11-03,5,161860,,123559,38301,57220,72160,2295,30183,apportioned,1,fl-doe,2026-09-06T18:41:42+00:00
2022,FL,FL-16,2022-11-04,4,173077,,129775,43302,60692,77447,2483,32457,apportioned,1,fl-doe,2026-09-06T18:41:42+00:00
2022,FL,FL-16,2022-11-05,3,184554,,134527,50026,63956,83130,2686,34783,apportioned,1,fl-doe,2026-09-06T18:41:42+00:00
2022,FL,FL-16,2022-11-06,2,193966,,138226,55738,66858,87562,2834,36712,apportioned,1,fl-doe,2026-09-06T18:41:42+00:00
2022,FL,FL-16,2022-11-07,1,201710,,139687,62024,69100,91224,2962,38425,apportioned,1,fl-doe,2026-09-06T18:41:42+00:00
2022,FL,FL-16,2022-11-14,-6,218810,,156785,62024,76023,97351,3255,42181,apportioned,1,fl-doe,2026-09-06T18:41:42+00:00
2022,FL,FL-16,2022-11-16,-8,218911,,156887,62024,76050,97393,3257,42210,apportioned,1,fl-doe,2026-09-06T18:41:42+00:00
2022,FL,FL-16,2022-11-17,-9,218931,,156906,62024,76061,97396,3257,42215,apportioned,1,fl-doe,2026-09-06T18:41:42+00:00
2022,FL,FL-16,2022-11-18,-10,218937,,156913,62024,76063,97398,3257,42217,apportioned,1,fl-doe,2026-09-06T18:41:42+00:00
2022,FL,FL-16,2022-11-19,-11,218944,,156921,62024,76068,97399,3257,42221,apportioned,1,fl-doe,2026-09-06T18:41:42+00:00
2022,FL,FL-16,2022-11-22,-14,218945,,156923,62024,76069,97400,3257,42221,apportioned,1,fl-doe,2026-09-06T18:41:42+00:00
2022,FL,FL-16,2022-11-23,-15,218945,,156923,62024,76069,97400,3257,42221,apportioned,1,fl-doe,2026-09-06T18:41:42+00:00
2022,FL,FL-17,2022-10-06,33,111,,111,,54,32,2,23,apportioned,1,fl-doe,2026-09-06T18:41:42+00:00
2022,FL,FL-17,2022-10-07,32,136,,136,,68,39,2,27,apportioned,1,fl-doe,2026-09-06T18:41:42+00:00
2022,FL,FL-17,2022-10-10,29,221,,221,,101,79,3,37,apportioned,1,fl-doe,2026-09-06T18:41:42+00:00
2022,FL,FL-17,2022-10-21,18,51295,,51295,,20493,20899,797,9104,apportioned,1,fl-doe,2026-09-06T18:41:42+00:00
2022,FL,FL-17,2022-10-23,16,58807,,58807,,23495,23973,894,10445,apportioned,1,fl-doe,2026-09-06T18:41:42+00:00
2022,FL,FL-17,2022-10-24,15,58814,,58814,,23496,23977,894,10445,apportioned,1,fl-doe,2026-09-06T18:41:42+00:00
2022,FL,FL-17,2022-10-25,14,74683,,68132,6551,28635,31640,1098,13309,apportioned,1,fl-doe,2026-09-06T18:41:42+00:00
2022,FL,FL-17,2022-10-27,12,103902,,83323,20579,37305,46510,1546,18541,apportioned,1,fl-doe,2026-09-06T18:41:42+00:00
2022,FL,FL-17,2022-10-28,11,118670,,91732,26937,41864,53799,1758,21248,apportioned,1,fl-doe,2026-09-06T18:41:42+00:00
2022,FL,FL-17,2022-10-31,8,144015,,103665,40350,48941,66920,2125,26029,apportioned,1,fl-doe,2026-09-06T18:41:42+00:00
2022,FL,FL-17,2022-11-01,7,158663,,110476,48186,52825,74516,2351,28970,apportioned,1,fl-doe,2026-09-06T18:41:42+00:00
2022,FL,FL-17,2022-11-02,6,172568,,116578,55990,56245,81873,2593,31857,apportioned,1,fl-doe,2026-09-06T18:41:42+00:00
2022,FL,FL-17,2022-11-03,5,185589,,121646,63943,59425,88782,2811,34573,apportioned,1,fl-doe,2026-09-06T18:41:42+00:00
2022,FL,FL-17,2022-11-04,4,199503,,127221,72282,62814,96221,3007,37460,apportioned,1,fl-doe,2026-09-06T18:41:42+00:00
2022,FL,FL-17,2022-11-05,3,214423,,131904,82520,66271,104295,3242,40614,apportioned,1,fl-doe,2026-09-06T18:41:42+00:00
2022,FL,FL-17,2022-11-06,2,224053,,134145,89908,68559,109427,3396,42672,apportioned,1,fl-doe,2026-09-06T18:41:42+00:00
2022,FL,FL-17,2022-11-07,1,232993,,135166,97826,70514,114319,3548,44612,apportioned,1,fl-doe,2026-09-06T18:41:42+00:00
2022,FL,FL-17,2022-11-14,-6,254050,,147875,106176,76602,124087,3970,49391,apportioned,1,fl-doe,2026-09-06T18:41:42+00:00
2022,FL,FL-17,2022-11-16,-8,254108,,147931,106176,76630,124102,3972,49404,apportioned,1,fl-doe,2026-09-06T18:41:42+00:00
2022,FL,FL-17,2022-11-17,-9,254112,,147936,106176,76634,124103,3972,49404,apportioned,1,fl-doe,2026-09-06T18:41:42+00:00
2022,FL,FL-17,2022-11-18,-10,254116,,147939,106176,76636,124104,3972,49405,apportioned,1,fl-doe,2026-09-06T18:41:42+00:00
2022,FL,FL-17,2022-11-19,-11,254123,,147947,106176,76639,124104,3972,49409,apportioned,1,fl-doe,2026-09-06T18:41:42+00:00
2022,FL,FL-17,2022-11-22,-14,254123,,147947,106176,76639,124104,3972,49409,apportioned,1,fl-doe,2026-09-06T18:41:42+00:00
2022,FL,FL-17,2022-11-23,-15,254123,,147947,106176,76639,124104,3972,49409,apportioned,1,fl-doe,2026-09-06T18:41:42+00:00
2022,FL,FL-18,2022-10-06,33,9,,9,,4,3,0,2,apportioned,1,fl-doe,2026-09-06T18:41:42+00:00
2022,FL,FL-18,2022-10-07,32,13,,13,,5,4,1,3,apportioned,1,fl-doe,2026-09-06T18:41:42+00:00
2022,FL,FL-18,2022-10-10,29,180,,180,,43,101,3,34,apportioned,1,fl-doe,2026-09-06T18:41:42+00:00
2022,FL,FL-18,2022-10-21,18,34618,,34618,,14421,13947,484,5765,apportioned,1,fl-doe,2026-09-06T18:41:42+00:00
2022,FL,FL-18,2022-10-23,16,39887,,39887,,16595,16186,543,6561,apportioned,1,fl-doe,2026-09-06T18:41:42+00:00
2022,FL,FL-18,2022-10-24,15,39887,,39887,,16595,16186,543,6561,apportioned,1,fl-doe,2026-09-06T18:41:42+00:00
2022,FL,FL-18,2022-10-25,14,46340,,43928,2412,19080,19090,620,7549,apportioned,1,fl-doe,2026-09-06T18:41:42+00:00
2022,FL,FL-18,2022-10-27,12,59495,,51333,8161,24266,24855,769,9604,apportioned,1,fl-doe,2026-09-06T18:41:42+00:00
2022,FL,FL-18,2022-10-28,11,65361,,54455,10905,26467,27500,858,10535,apportioned,1,fl-doe,2026-09-06T18:41:42+00:00
2022,FL,FL-18,2022-10-31,8,76787,,58546,18241,30517,32940,985,12346,apportioned,1,fl-doe,2026-09-06T18:41:42+00:00
2022,FL,FL-18,2022-11-01,7,83556,,61457,22100,32948,36025,1079,13505,apportioned,1,fl-doe,2026-09-06T18:41:42+00:00
2022,FL,FL-18,2022-11-02,6,91030,,64849,26181,35520,39504,1177,14829,apportioned,1,fl-doe,2026-09-06T18:41:42+00:00
2022,FL,FL-18,2022-11-03,5,97553,,67066,30488,37702,42577,1255,16019,apportioned,1,fl-doe,2026-09-06T18:41:42+00:00
2022,FL,FL-18,2022-11-04,4,105404,,70226,35178,40379,46239,1367,17419,apportioned,1,fl-doe,2026-09-06T18:41:42+00:00
2022,FL,FL-18,2022-11-05,3,114808,,73171,41637,43467,50661,1519,19160,apportioned,1,fl-doe,2026-09-06T18:41:42+00:00
2022,FL,FL-18,2022-11-06,2,122897,,74882,48016,46156,54346,1657,20738,apportioned,1,fl-doe,2026-09-06T18:41:42+00:00
2022,FL,FL-18,2022-11-07,1,123708,,74882,48826,46488,54606,1669,20944,apportioned,1,fl-doe,2026-09-06T18:41:42+00:00
2022,FL,FL-18,2022-11-14,-6,130945,,82120,48826,49536,57233,1774,22403,apportioned,1,fl-doe,2026-09-06T18:41:42+00:00
2022,FL,FL-18,2022-11-16,-8,130954,,82129,48826,49540,57235,1774,22406,apportioned,1,fl-doe,2026-09-06T18:41:42+00:00
2022,FL,FL-18,2022-11-17,-9,130954,,82129,48826,49540,57235,1774,22406,apportioned,1,fl-doe,2026-09-06T18:41:42+00:00
2022,FL,FL-18,2022-11-18,-10,130954,,82129,48826,49540,57235,1774,22406,apportioned,1,fl-doe,2026-09-06T18:41:42+00:00
2022,FL,FL-18,2022-11-19,-11,130977,,82151,48826,49549,57243,1774,22410,apportioned,1,fl-doe,2026-09-06T18:41:42+00:00
2022,FL,FL-18,2022-11-22,-14,130977,,82151,48826,49549,57243,1774,22410,apportioned,1,fl-doe,2026-09-06T18:41:42+00:00
2022,FL,FL-18,2022-11-23,-15,130977,,82151,48826,49549,57243,1774,22410,apportioned,1,fl-doe,2026-09-06T18:41:42+00:00
2022,FL,FL-19,2022-10-06,33,45,,45,,23,15,0,7,apportioned,1,fl-doe,2026-09-06T18:41:42+00:00
2022,FL,FL-19,2022-10-07,32,128,,128,,47,60,1,20,apportioned,1,fl-doe,2026-09-06T18:41:42+00:00
2022,FL,FL-19,2022-10-10,29,249,,249,,88,118,2,43,apportioned,1,fl-doe,2026-09-06T18:41:42+00:00
2022,FL,FL-19,2022-10-21,18,48200,,48200,,13747,24833,572,9050,apportioned,1,fl-doe,2026-09-06T18:41:42+00:00
2022,FL,FL-19,2022-10-23,16,57633,,57633,,16571,29614,699,10750,apportioned,1,fl-doe,2026-09-06T18:41:42+00:00
2022,FL,FL-19,2022-10-24,15,57633,,57633,,16571,29614,699,10750,apportioned,1,fl-doe,2026-09-06T18:41:42+00:00
2022,FL,FL-19,2022-10-25,14,66406,,63113,3293,18674,34574,803,12356,apportioned,1,fl-doe,2026-09-06T18:41:42+00:00
2022,FL,FL-19,2022-10-27,12,89941,,79045,10896,24866,47185,1107,16782,apportioned,1,fl-doe,2026-09-06T18:41:42+00:00
2022,FL,FL-19,2022-10-28,11,102299,,84377,17922,27644,54374,1242,19040,apportioned,1,fl-doe,2026-09-06T18:41:42+00:00
2022,FL,FL-19,2022-10-31,8,129467,,97013,32453,33788,70009,1562,24107,apportioned,1,fl-doe,2026-09-06T18:41:42+00:00
2022,FL,FL-19,2022-11-01,7,143588,,101964,41624,36556,78357,1758,26917,apportioned,1,fl-doe,2026-09-06T18:41:42+00:00
2022,FL,FL-19,2022-11-02,6,160179,,109792,50388,40176,87575,1974,30455,apportioned,1,fl-doe,2026-09-06T18:41:42+00:00
2022,FL,FL-19,2022-11-03,5,174075,,115107,58968,43089,95503,2169,33313,apportioned,1,fl-doe,2026-09-06T18:41:42+00:00
2022,FL,FL-19,2022-11-04,4,188666,,120466,68200,46053,103847,2361,36405,apportioned,1,fl-doe,2026-09-06T18:41:42+00:00
2022,FL,FL-19,2022-11-05,3,205218,,125665,79553,49434,113196,2591,39996,apportioned,1,fl-doe,2026-09-06T18:41:42+00:00
2022,FL,FL-19,2022-11-06,2,217478,,129323,88156,52052,119996,2773,42657,apportioned,1,fl-doe,2026-09-06T18:41:42+00:00
2022,FL,FL-19,2022-11-07,1,222851,,129323,93529,53000,123154,2861,43836,apportioned,1,fl-doe,2026-09-06T18:41:42+00:00
2022,FL,FL-19,2022-11-14,-6,250560,,143277,107283,59544,137191,3316,50509,apportioned,1,fl-doe,2026-09-06T18:41:42+00:00
2022,FL,FL-19,2022-11-16,-8,250572,,143289,107283,59551,137194,3316,50511,apportioned,1,fl-doe,2026-09-06T18:41:42+00:00
2022,FL,FL-19,2022-11-17,-9,250581,,143298,107283,59555,137194,3316,50516,apportioned,1,fl-doe,2026-09-06T18:41:42+00:00
2022,FL,FL-19,2022-11-18,-10,250582,,143299,107283,59555,137194,3317,50516,apportioned,1,fl-doe,2026-09-06T18:41:42+00:00
2022,FL,FL-19,2022-11-19,-11,250585,,143302,107283,59557,137195,3317,50516,apportioned,1,fl-doe,2026-09-06T18:41:42+00:00
2022,FL,FL-19,2022-11-22,-14,250585,,143302,107283,59557,137195,3317,50516,apportioned,1,fl-doe,2026-09-06T18:41:42+00:00
2022,FL,FL-19,2022-11-23,-15,250585,,143302,107283,59557,137195,3317,50516,apportioned,1,fl-doe,2026-09-06T18:41:42+00:00
2022,FL,FL-20,2022-10-06,33,38,,38,,27,4,1,7,apportioned,1,fl-doe,2026-09-06T18:41:42+00:00
2022,FL,FL-20,2022-10-07,32,67,,67,,38,16,1,13,apportioned,1,fl-doe,2026-09-06T18:41:42+00:00
2022,FL,FL-20,2022-10-10,29,118,,118,,65,31,1,21,apportioned,1,fl-doe,2026-09-06T18:41:42+00:00
2022,FL,FL-20,2022-10-21,18,26787,,26787,,15204,6419,326,4838,apportioned,1,fl-doe,2026-09-06T18:41:42+00:00
2022,FL,FL-20,2022-10-23,16,32231,,32231,,18501,7568,391,5773,apportioned,1,fl-doe,2026-09-06T18:41:42+00:00
2022,FL,FL-20,2022-10-24,15,33423,,33423,,19176,7822,404,6021,apportioned,1,fl-doe,2026-09-06T18:41:42+00:00
2022,FL,FL-20,2022-10-25,14,37581,,33750,3831,21257,9214,457,6653,apportioned,1,fl-doe,2026-09-06T18:41:42+00:00
2022,FL,FL-20,2022-10-27,12,55726,,44439,11287,31378,13874,683,9792,apportioned,1,fl-doe,2026-09-06T18:41:42+00:00
2022,FL,FL-20,2022-10-28,11,62757,,47998,14759,35143,15760,765,11089,apportioned,1,fl-doe,2026-09-06T18:41:42+00:00
2022,FL,FL-20,2022-10-31,8,81418,,56060,25357,45307,20496,989,14626,apportioned,1,fl-doe,2026-09-06T18:41:42+00:00
2022,FL,FL-20,2022-11-01,7,86645,,57414,29231,47925,22027,1049,15643,apportioned,1,fl-doe,2026-09-06T18:41:42+00:00
2022,FL,FL-20,2022-11-02,6,95034,,61438,33595,52186,24247,1166,17435,apportioned,1,fl-doe,2026-09-06T18:41:42+00:00
2022,FL,FL-20,2022-11-03,5,102664,,64190,38474,55946,26356,1259,19103,apportioned,1,fl-doe,2026-09-06T18:41:42+00:00
2022,FL,FL-20,2022-11-04,4,111445,,67206,44239,60259,28757,1378,21051,apportioned,1,fl-doe,2026-09-06T18:41:42+00:00
2022,FL,FL-20,2022-11-05,3,121664,,70128,51536,65216,31509,1539,23400,apportioned,1,fl-doe,2026-09-06T18:41:42+00:00
2022,FL,FL-20,2022-11-06,2,132278,,73299,58979,70629,34098,1685,25866,apportioned,1,fl-doe,2026-09-06T18:41:42+00:00
2022,FL,FL-20,2022-11-07,1,145586,,75488,70097,77369,37416,1878,28923,apportioned,1,fl-doe,2026-09-06T18:41:42+00:00
2022,FL,FL-20,2022-11-14,-6,154041,,83944,70097,82485,38612,1991,30953,apportioned,1,fl-doe,2026-09-06T18:41:42+00:00
2022,FL,FL-20,2022-11-16,-8,154073,,83976,70097,82503,38616,1992,30961,apportioned,1,fl-doe,2026-09-06T18:41:42+00:00
2022,FL,FL-20,2022-11-17,-9,154075,,83978,70097,82505,38616,1992,30963,apportioned,1,fl-doe,2026-09-06T18:41:42+00:00
2022,FL,FL-20,2022-11-18,-10,154080,,83983,70097,82509,38617,1992,30963,apportioned,1,fl-doe,2026-09-06T18:41:42+00:00
2022,FL,FL-20,2022-11-19,-11,154084,,83987,70097,82510,38618,1992,30964,apportioned,1,fl-doe,2026-09-06T18:41:42+00:00
2022,FL,FL-20,2022-11-22,-14,154084,,83987,70097,82510,38618,1992,30964,apportioned,1,fl-doe,2026-09-06T18:41:42+00:00
2022,FL,FL-20,2022-11-23,-15,154084,,83987,70097,82510,38618,1992,30964,apportioned,1,fl-doe,2026-09-06T18:41:42+00:00
2022,FL,FL-21,2022-10-06,33,4006,,4006,,1937,1170,81,818,apportioned,1,fl-doe,2026-09-06T18:41:42+00:00
2022,FL,FL-21,2022-10-07,32,8216,,8216,,3591,2889,152,1584,apportioned,1,fl-doe,2026-09-06T18:41:42+00:00
2022,FL,FL-21,2022-10-10,29,12421,,12421,,5463,4413,217,2328,apportioned,1,fl-doe,2026-09-06T18:41:42+00:00
2022,FL,FL-21,2022-10-21,18,49727,,49727,,22687,17320,797,8924,apportioned,1,fl-doe,2026-09-06T18:41:42+00:00
2022,FL,FL-21,2022-10-23,16,53532,,53532,,24424,18677,856,9575,apportioned,1,fl-doe,2026-09-06T18:41:42+00:00
2022,FL,FL-21,2022-10-24,15,53607,,53607,,24466,18695,857,9588,apportioned,1,fl-doe,2026-09-06T18:41:42+00:00
2022,FL,FL-21,2022-10-25,14,64468,,59649,4820,28662,23229,1047,11531,apportioned,1,fl-doe,2026-09-06T18:41:42+00:00
2022,FL,FL-21,2022-10-27,12,87800,,71089,16711,37600,33038,1414,15748,apportioned,1,fl-doe,2026-09-06T18:41:42+00:00
2022,FL,FL-21,2022-10-28,11,98144,,74983,23161,41107,37817,1592,17628,apportioned,1,fl-doe,2026-09-06T18:41:42+00:00
2022,FL,FL-21,2022-10-31,8,122096,,83300,38796,49796,48342,1974,21984,apportioned,1,fl-doe,2026-09-06T18:41:42+00:00
2022,FL,FL-21,2022-11-01,7,132678,,87218,45460,53288,53223,2164,24004,apportioned,1,fl-doe,2026-09-06T18:41:42+00:00
2022,FL,FL-21,2022-11-02,6,141882,,89998,51885,56306,57413,2325,25838,apportioned,1,fl-doe,2026-09-06T18:41:42+00:00
2022,FL,FL-21,2022-11-03,5,154429,,95536,58893,60844,62727,2573,28284,apportioned,1,fl-doe,2026-09-06T18:41:42+00:00
2022,FL,FL-21,2022-11-04,4,165645,,99334,66311,64490,67803,2780,30572,apportioned,1,fl-doe,2026-09-06T18:41:42+00:00
2022,FL,FL-21,2022-11-05,3,177916,,101891,76025,68330,73442,2996,33148,apportioned,1,fl-doe,2026-09-06T18:41:42+00:00
2022,FL,FL-21,2022-11-06,2,190345,,104910,85435,72547,78745,3213,35840,apportioned,1,fl-doe,2026-09-06T18:41:42+00:00
2022,FL,FL-21,2022-11-07,1,200546,,106494,94052,76395,82595,3415,38141,apportioned,1,fl-doe,2026-09-06T18:41:42+00:00
2022,FL,FL-21,2022-11-14,-6,211136,,117084,94052,81100,85917,3633,40485,apportioned,1,fl-doe,2026-09-06T18:41:42+00:00
2022,FL,FL-21,2022-11-16,-8,211186,,117135,94052,81128,85930,3635,40493,apportioned,1,fl-doe,2026-09-06T18:41:42+00:00
2022,FL,FL-21,2022-11-17,-9,211191,,117140,94052,81131,85931,3635,40494,apportioned,1,fl-doe,2026-09-06T18:41:42+00:00
2022,FL,FL-21,2022-11-18,-10,211194,,117142,94052,81133,85931,3635,40495,apportioned,1,fl-doe,2026-09-06T18:41:42+00:00
2022,FL,FL-21,2022-11-19,-11,211198,,117146,94052,81136,85931,3635,40496,apportioned,1,fl-doe,2026-09-06T18:41:42+00:00
2022,FL,FL-21,2022-11-22,-14,211198,,117146,94052,81136,85931,3635,40496,apportioned,1,fl-doe,2026-09-06T18:41:42+00:00
2022,FL,FL-21,2022-11-23,-15,211198,,117146,94052,81136,85931,3635,40496,apportioned,1,fl-doe,2026-09-06T18:41:42+00:00
2022,FL,FL-22,2022-10-06,33,2482,,2482,,1233,692,47,510,apportioned,1,fl-doe,2026-09-06T18:41:42+00:00
2022,FL,FL-22,2022-10-07,32,3448,,3448,,1681,999,62,705,apportioned,1,fl-doe,2026-09-06T18:41:42+00:00
2022,FL,FL-22,2022-10-10,29,4510,,4510,,2250,1282,80,897,apportioned,1,fl-doe,2026-09-06T18:41:42+00:00
2022,FL,FL-22,2022-10-21,18,40512,,40512,,19231,13473,543,7266,apportioned,1,fl-doe,2026-09-06T18:41:42+00:00
2022,FL,FL-22,2022-10-23,16,45165,,45165,,21692,14800,603,8068,apportioned,1,fl-doe,2026-09-06T18:41:42+00:00
2022,FL,FL-22,2022-10-24,15,45818,,45818,,22063,14940,611,8203,apportioned,1,fl-doe,2026-09-06T18:41:42+00:00
2022,FL,FL-22,2022-10-25,14,52323,,48884,3437,24743,17570,712,9297,apportioned,1,fl-doe,2026-09-06T18:41:42+00:00
2022,FL,FL-22,2022-10-27,12,70281,,60215,10065,33389,23454,956,12482,apportioned,1,fl-doe,2026-09-06T18:41:42+00:00
2022,FL,FL-22,2022-10-28,11,79693,,63766,15928,36866,27649,1074,14103,apportioned,1,fl-doe,2026-09-06T18:41:42+00:00
2022,FL,FL-22,2022-10-31,8,101716,,72422,29296,45729,36494,1358,18134,apportioned,1,fl-doe,2026-09-06T18:41:42+00:00
2022,FL,FL-22,2022-11-01,7,110285,,74791,35495,48525,40538,1469,19753,apportioned,1,fl-doe,2026-09-06T18:41:42+00:00
2022,FL,FL-22,2022-11-02,6,121457,,79634,41822,52599,45162,1623,22074,apportioned,1,fl-doe,2026-09-06T18:41:42+00:00
2022,FL,FL-22,2022-11-03,5,131732,,83396,48337,56342,49461,1769,24162,apportioned,1,fl-doe,2026-09-06T18:41:42+00:00
2022,FL,FL-22,2022-11-04,4,142546,,86873,55674,60217,53963,1930,26436,apportioned,1,fl-doe,2026-09-06T18:41:42+00:00
2022,FL,FL-22,2022-11-05,3,154964,,90216,64748,64670,59037,2130,29128,apportioned,1,fl-doe,2026-09-06T18:41:42+00:00
2022,FL,FL-22,2022-11-06,2,165721,,92621,73099,68932,62942,2289,31558,apportioned,1,fl-doe,2026-09-06T18:41:42+00:00
2022,FL,FL-22,2022-11-07,1,175602,,94272,81329,73602,65683,2454,33861,apportioned,1,fl-doe,2026-09-06T18:41:42+00:00
2022,FL,FL-22,2022-11-14,-6,185250,,103920,81329,78122,68323,2615,36188,apportioned,1,fl-doe,2026-09-06T18:41:42+00:00
2022,FL,FL-22,2022-11-16,-8,185279,,103950,81329,78140,68330,2615,36195,apportioned,1,fl-doe,2026-09-06T18:41:42+00:00
2022,FL,FL-22,2022-11-17,-9,185282,,103953,81329,78142,68330,2615,36195,apportioned,1,fl-doe,2026-09-06T18:41:42+00:00
2022,FL,FL-22,2022-11-18,-10,185287,,103958,81329,78145,68331,2615,36196,apportioned,1,fl-doe,2026-09-06T18:41:42+00:00
2022,FL,FL-22,2022-11-19,-11,185293,,103963,81329,78147,68332,2615,36197,apportioned,1,fl-doe,2026-09-06T18:41:42+00:00
2022,FL,FL-22,2022-11-22,-14,185293,,103963,81329,78147,68332,2615,36197,apportioned,1,fl-doe,2026-09-06T18:41:42+00:00
2022,FL,FL-22,2022-11-23,-15,185293,,103963,81329,78147,68332,2615,36197,apportioned,1,fl-doe,2026-09-06T18:41:42+00:00
2022,FL,FL-23,2022-10-06,33,7576,,7576,,3746,2122,145,1564,apportioned,1,fl-doe,2026-09-06T18:41:42+00:00
2022,FL,FL-23,2022-10-07,32,10228,,10228,,5037,2882,192,2118,apportioned,1,fl-doe,2026-09-06T18:41:42+00:00
2022,FL,FL-23,2022-10-10,29,13023,,13023,,6600,3554,234,2636,apportioned,1,fl-doe,2026-09-06T18:41:42+00:00
2022,FL,FL-23,2022-10-21,18,46929,,46929,,25509,11658,790,8970,apportioned,1,fl-doe,2026-09-06T18:41:42+00:00
2022,FL,FL-23,2022-10-23,16,50071,,50071,,27233,12440,843,9556,apportioned,1,fl-doe,2026-09-06T18:41:42+00:00
2022,FL,FL-23,2022-10-24,15,50222,,50222,,27319,12475,846,9583,apportioned,1,fl-doe,2026-09-06T18:41:42+00:00
2022,FL,FL-23,2022-10-25,14,58366,,54358,4008,30886,15337,1015,11128,apportioned,1,fl-doe,2026-09-06T18:41:42+00:00
2022,FL,FL-23,2022-10-27,12,76041,,64896,11145,39150,21053,1317,14521,apportioned,1,fl-doe,2026-09-06T18:41:42+00:00
2022,FL,FL-23,2022-10-28,11,81757,,67354,14404,41487,23187,1424,15660,apportioned,1,fl-doe,2026-09-06T18:41:42+00:00
2022,FL,FL-23,2022-10-31,8,97195,,74060,23136,48118,28593,1712,18773,apportioned,1,fl-doe,2026-09-06T18:41:42+00:00
2022,FL,FL-23,2022-11-01,7,102927,,76026,26901,50293,30816,1822,19996,apportioned,1,fl-doe,2026-09-06T18:41:42+00:00
2022,FL,FL-23,2022-11-02,6,110587,,79860,30726,53407,33474,1969,21737,apportioned,1,fl-doe,2026-09-06T18:41:42+00:00
2022,FL,FL-23,2022-11-03,5,118754,,83946,34808,56838,36309,2126,23481,apportioned,1,fl-doe,2026-09-06T18:41:42+00:00
2022,FL,FL-23,2022-11-04,4,126229,,86823,39406,59719,39038,2271,25201,apportioned,1,fl-doe,2026-09-06T18:41:42+00:00
2022,FL,FL-23,2022-11-05,3,135210,,89702,45508,63085,42371,2458,27297,apportioned,1,fl-doe,2026-09-06T18:41:42+00:00
2022,FL,FL-23,2022-11-06,2,143075,,92053,51023,66109,45099,2615,29252,apportioned,1,fl-doe,2026-09-06T18:41:42+00:00
2022,FL,FL-23,2022-11-07,1,152848,,93739,59109,70016,48401,2827,31605,apportioned,1,fl-doe,2026-09-06T18:41:42+00:00
2022,FL,FL-23,2022-11-14,-6,159498,,100389,59109,73312,49919,2984,33284,apportioned,1,fl-doe,2026-09-06T18:41:42+00:00
2022,FL,FL-23,2022-11-16,-8,159514,,100405,59109,73322,49922,2984,33287,apportioned,1,fl-doe,2026-09-06T18:41:42+00:00
2022,FL,FL-23,2022-11-17,-9,159519,,100409,59109,73325,49922,2984,33288,apportioned,1,fl-doe,2026-09-06T18:41:42+00:00
2022,FL,FL-23,2022-11-18,-10,159524,,100415,59109,73329,49923,2984,33288,apportioned,1,fl-doe,2026-09-06T18:41:42+00:00
2022,FL,FL-23,2022-11-19,-11,159528,,100419,59109,73331,49923,2984,33290,apportioned,1,fl-doe,2026-09-06T18:41:42+00:00
2022,FL,FL-23,2022-11-22,-14,159528,,100419,59109,73331,49923,2984,33290,apportioned,1,fl-doe,2026-09-06T18:41:42+00:00
2022,FL,FL-23,2022-11-23,-15,159528,,100419,59109,73331,49923,2984,33290,apportioned,1,fl-doe,2026-09-06T18:41:42+00:00
2022,FL,FL-24,2022-10-06,33,44,,44,,24,9,1,10,apportioned,1,fl-doe,2026-09-06T18:41:42+00:00
2022,FL,FL-24,2022-10-07,32,67,,67,,33,18,1,16,apportioned,1,fl-doe,2026-09-06T18:41:42+00:00
2022,FL,FL-24,2022-10-10,29,2777,,2777,,1146,988,39,604,apportioned,1,fl-doe,2026-09-06T18:41:42+00:00
2022,FL,FL-24,2022-10-21,18,24632,,24632,,11618,7515,311,5189,apportioned,1,fl-doe,2026-09-06T18:41:42+00:00
2022,FL,FL-24,2022-10-23,16,27379,,27379,,13075,8227,342,5735,apportioned,1,fl-doe,2026-09-06T18:41:42+00:00
2022,FL,FL-24,2022-10-24,15,27708,,27708,,13261,8298,346,5803,apportioned,1,fl-doe,2026-09-06T18:41:42+00:00
2022,FL,FL-24,2022-10-25,14,32703,,29584,3119,15335,10228,404,6735,apportioned,1,fl-doe,2026-09-06T18:41:42+00:00
2022,FL,FL-24,2022-10-27,12,46594,,36718,9876,21485,15161,563,9384,apportioned,1,fl-doe,2026-09-06T18:41:42+00:00
2022,FL,FL-24,2022-10-28,11,52268,,39334,12933,23907,17209,627,10526,apportioned,1,fl-doe,2026-09-06T18:41:42+00:00
2022,FL,FL-24,2022-10-31,8,65982,,42991,22992,29462,22402,788,13332,apportioned,1,fl-doe,2026-09-06T18:41:42+00:00
2022,FL,FL-24,2022-11-01,7,72371,,46021,26350,32053,24734,864,14719,apportioned,1,fl-doe,2026-09-06T18:41:42+00:00
2022,FL,FL-24,2022-11-02,6,79025,,48974,30051,34788,27048,944,16245,apportioned,1,fl-doe,2026-09-06T18:41:42+00:00
2022,FL,FL-24,2022-11-03,5,85526,,51213,34313,37372,29413,1026,17715,apportioned,1,fl-doe,2026-09-06T18:41:42+00:00
2022,FL,FL-24,2022-11-04,4,92496,,53423,39073,40129,31880,1118,19369,apportioned,1,fl-doe,2026-09-06T18:41:42+00:00
2022,FL,FL-24,2022-11-05,3,100907,,55625,45282,43423,34838,1237,21409,apportioned,1,fl-doe,2026-09-06T18:41:42+00:00
2022,FL,FL-24,2022-11-06,2,108648,,56499,52149,46416,37553,1345,23335,apportioned,1,fl-doe,2026-09-06T18:41:42+00:00
2022,FL,FL-24,2022-11-07,1,120650,,59263,61386,51365,41394,1512,26378,apportioned,1,fl-doe,2026-09-06T18:41:42+00:00
2022,FL,FL-24,2022-11-14,-6,126371,,64985,61386,54283,42548,1596,27944,apportioned,1,fl-doe,2026-09-06T18:41:42+00:00
2022,FL,FL-24,2022-11-16,-8,126392,,65006,61386,54295,42550,1596,27950,apportioned,1,fl-doe,2026-09-06T18:41:42+00:00
2022,FL,FL-24,2022-11-17,-9,126394,,65007,61386,54296,42551,1596,27950,apportioned,1,fl-doe,2026-09-06T18:41:42+00:00
2022,FL,FL-24,2022-11-18,-10,126399,,65013,61386,54299,42551,1596,27952,apportioned,1,fl-doe,2026-09-06T18:41:42+00:00
2022,FL,FL-24,2022-11-19,-11,126405,,65019,61386,54303,42553,1596,27953,apportioned,1,fl-doe,2026-09-06T18:41:42+00:00
2022,FL,FL-24,2022-11-22,-14,126405,,65019,61386,54303,42553,1596,27953,apportioned,1,fl-doe,2026-09-06T18:41:42+00:00
2022,FL,FL-24,2022-11-23,-15,126405,,65019,61386,54303,42553,1596,27953,apportioned,1,fl-doe,2026-09-06T18:41:42+00:00
2022,FL,FL-25,2022-10-06,33,2980,,2980,,1478,830,56,615,apportioned,1,fl-doe,2026-09-06T18:41:42+00:00
2022,FL,FL-25,2022-10-07,32,4033,,4033,,1986,1135,75,837,apportioned,1,fl-doe,2026-09-06T18:41:42+00:00
2022,FL,FL-25,2022-10-10,29,6551,,6551,,3185,1907,112,1347,apportioned,1,fl-doe,2026-09-06T18:41:42+00:00
2022,FL,FL-25,2022-10-21,18,39283,,39283,,20623,10416,570,7674,apportioned,1,fl-doe,2026-09-06T18:41:42+00:00
2022,FL,FL-25,2022-10-23,16,43600,,43600,,23059,11443,625,8472,apportioned,1,fl-doe,2026-09-06T18:41:42+00:00
2022,FL,FL-25,2022-10-24,15,44192,,44192,,23397,11570,633,8593,apportioned,1,fl-doe,2026-09-06T18:41:42+00:00
2022,FL,FL-25,2022-10-25,14,51237,,46880,4358,26501,14116,745,9874,apportioned,1,fl-doe,2026-09-06T18:41:42+00:00
2022,FL,FL-25,2022-10-27,12,70898,,57964,12936,36012,20338,1014,13535,apportioned,1,fl-doe,2026-09-06T18:41:42+00:00
2022,FL,FL-25,2022-10-28,11,78230,,61371,16857,39333,22812,1114,14969,apportioned,1,fl-doe,2026-09-06T18:41:42+00:00
2022,FL,FL-25,2022-10-31,8,97084,,68346,28738,47912,29070,1378,18723,apportioned,1,fl-doe,2026-09-06T18:41:42+00:00
2022,FL,FL-25,2022-11-01,7,104246,,71106,33139,50910,31621,1480,20235,apportioned,1,fl-doe,2026-09-06T18:41:42+00:00
2022,FL,FL-25,2022-11-02,6,113257,,75368,37890,54848,34540,1615,22254,apportioned,1,fl-doe,2026-09-06T18:41:42+00:00
2022,FL,FL-25,2022-11-03,5,122156,,78965,43190,58680,37522,1747,24208,apportioned,1,fl-doe,2026-09-06T18:41:42+00:00
2022,FL,FL-25,2022-11-04,4,131380,,82158,49221,62554,40603,1887,26337,apportioned,1,fl-doe,2026-09-06T18:41:42+00:00
2022,FL,FL-25,2022-11-05,3,142382,,85317,57064,67094,44282,2072,28932,apportioned,1,fl-doe,2026-09-06T18:41:42+00:00
2022,FL,FL-25,2022-11-06,2,152720,,87654,65065,71483,47551,2233,31451,apportioned,1,fl-doe,2026-09-06T18:41:42+00:00
2022,FL,FL-25,2022-11-07,1,166846,,90423,76425,77643,51855,2462,34888,apportioned,1,fl-doe,2026-09-06T18:41:42+00:00
2022,FL,FL-25,2022-11-14,-6,175000,,98575,76425,82010,53412,2601,36978,apportioned,1,fl-doe,2026-09-06T18:41:42+00:00
2022,FL,FL-25,2022-11-16,-8,175027,,98601,76425,82026,53416,2601,36984,apportioned,1,fl-doe,2026-09-06T18:41:42+00:00
2022,FL,FL-25,2022-11-17,-9,175029,,98606,76425,82027,53416,2601,36985,apportioned,1,fl-doe,2026-09-06T18:41:42+00:00
2022,FL,FL-25,2022-11-18,-10,175036,,98612,76425,82031,53417,2601,36986,apportioned,1,fl-doe,2026-09-06T18:41:42+00:00
2022,FL,FL-25,2022-11-19,-11,175042,,98618,76425,82034,53418,2601,36989,apportioned,1,fl-doe,2026-09-06T18:41:42+00:00
2022,FL,FL-25,2022-11-22,-14,175042,,98618,76425,82034,53418,2601,36989,apportioned,1,fl-doe,2026-09-06T18:41:42+00:00
2022,FL,FL-25,2022-11-23,-15,175042,,98618,76425,82034,53418,2601,36989,apportioned,1,fl-doe,2026-09-06T18:41:42+00:00
2022,FL,FL-26,2022-10-06,33,48,,48,,28,10,0,11,apportioned,1,fl-doe,2026-09-06T18:41:42+00:00
2022,FL,FL-26,2022-10-07,32,77,,77,,37,20,0,18,apportioned,1,fl-doe,2026-09-06T18:41:42+00:00
2022,FL,FL-26,2022-10-10,29,2636,,2636,,1092,935,38,572,apportioned,1,fl-doe,2026-09-06T18:41:42+00:00
2022,FL,FL-26,2022-10-21,18,28435,,28435,,13915,8331,357,5832,apportioned,1,fl-doe,2026-09-06T18:41:42+00:00
2022,FL,FL-26,2022-10-23,16,32086,,32086,,15933,9227,398,6529,apportioned,1,fl-doe,2026-09-06T18:41:42+00:00
2022,FL,FL-26,2022-10-24,15,32629,,32629,,16241,9343,404,6642,apportioned,1,fl-doe,2026-09-06T18:41:42+00:00
2022,FL,FL-26,2022-10-25,14,38147,,34459,3688,18601,11433,471,7642,apportioned,1,fl-doe,2026-09-06T18:41:42+00:00
2022,FL,FL-26,2022-10-27,12,54777,,43269,11508,26373,16989,663,10752,apportioned,1,fl-doe,2026-09-06T18:41:42+00:00
2022,FL,FL-26,2022-10-28,11,61496,,46431,15067,29391,19286,740,12080,apportioned,1,fl-doe,2026-09-06T18:41:42+00:00
2022,FL,FL-26,2022-10-31,8,78064,,51452,26610,36612,25102,936,15414,apportioned,1,fl-doe,2026-09-06T18:41:42+00:00
2022,FL,FL-26,2022-11-01,7,85100,,54570,30530,39564,27597,1019,16920,apportioned,1,fl-doe,2026-09-06T18:41:42+00:00
2022,FL,FL-26,2022-11-02,6,93007,,58138,34869,42973,30210,1117,18707,apportioned,1,fl-doe,2026-09-06T18:41:42+00:00
2022,FL,FL-26,2022-11-03,5,100623,,60786,39837,46143,32848,1213,20417,apportioned,1,fl-doe,2026-09-06T18:41:42+00:00
2022,FL,FL-26,2022-11-04,4,108903,,63456,45447,49582,35642,1322,22356,apportioned,1,fl-doe,2026-09-06T18:41:42+00:00
2022,FL,FL-26,2022-11-05,3,118822,,66101,52722,53656,38964,1466,24737,apportioned,1,fl-doe,2026-09-06T18:41:42+00:00
2022,FL,FL-26,2022-11-06,2,128190,,67546,60644,57533,42028,1596,27032,apportioned,1,fl-doe,2026-09-06T18:41:42+00:00
2022,FL,FL-26,2022-11-07,1,142094,,70577,71517,63513,46294,1791,30497,apportioned,1,fl-doe,2026-09-06T18:41:42+00:00
2022,FL,FL-26,2022-11-14,-6,149137,,77620,71517,67263,47613,1893,32368,apportioned,1,fl-doe,2026-09-06T18:41:42+00:00
2022,FL,FL-26,2022-11-16,-8,149163,,77646,71517,67278,47617,1893,32375,apportioned,1,fl-doe,2026-09-06T18:41:42+00:00
2022,FL,FL-26,2022-11-17,-9,149165,,77648,71517,67279,47617,1894,32375,apportioned,1,fl-doe,2026-09-06T18:41:42+00:00
2022,FL,FL-26,2022-11-18,-10,149170,,77653,71517,67282,47618,1894,32377,apportioned,1,fl-doe,2026-09-06T18:41:42+00:00
2022,FL,FL-26,2022-11-19,-11,149178,,77660,71517,67285,47619,1894,32379,apportioned,1,fl-doe,2026-09-06T18:41:42+00:00
2022,FL,FL-26,2022-11-22,-14,149178,,77660,71517,67285,47619,1894,32379,apportioned,1,fl-doe,2026-09-06T18:41:42+00:00
2022,FL,FL-26,2022-11-23,-15,149178,,77660,71517,67285,47619,1894,32379,apportioned,1,fl-doe,2026-09-06T18:41:42+00:00
2022,FL,FL-27,2022-10-06,33,60,,60,,30,14,1,14,apportioned,1,fl-doe,2026-09-06T18:41:42+00:00
2022,FL,FL-27,2022-10-07,32,87,,87,,38,26,1,22,apportioned,1,fl-doe,2026-09-06T18:41:42+00:00
2022,FL,FL-27,2022-10-10,29,4900,,4900,,2014,1747,70,1068,apportioned,1,fl-doe,2026-09-06T18:41:42+00:00
2022,FL,FL-27,2022-10-21,18,30798,,30798,,13261,10258,395,6884,apportioned,1,fl-doe,2026-09-06T18:41:42+00:00
2022,FL,FL-27,2022-10-23,16,33023,,33023,,14241,10966,418,7398,apportioned,1,fl-doe,2026-09-06T18:41:42+00:00
2022,FL,FL-27,2022-10-24,15,33023,,33023,,14241,10966,418,7398,apportioned,1,fl-doe,2026-09-06T18:41:42+00:00
2022,FL,FL-27,2022-10-25,14,39897,,36212,3685,16920,13730,497,8751,apportioned,1,fl-doe,2026-09-06T18:41:42+00:00
2022,FL,FL-27,2022-10-27,12,55768,,43689,12079,22918,20244,669,11937,apportioned,1,fl-doe,2026-09-06T18:41:42+00:00
2022,FL,FL-27,2022-10-28,11,62440,,46610,15830,25388,22973,743,13336,apportioned,1,fl-doe,2026-09-06T18:41:42+00:00
2022,FL,FL-27,2022-10-31,8,77743,,49170,28573,30304,29914,919,16605,apportioned,1,fl-doe,2026-09-06T18:41:42+00:00
2022,FL,FL-27,2022-11-01,7,86577,,53914,32663,33643,33326,1026,18583,apportioned,1,fl-doe,2026-09-06T18:41:42+00:00
2022,FL,FL-27,2022-11-02,6,94330,,57207,37123,36428,36363,1112,20426,apportioned,1,fl-doe,2026-09-06T18:41:42+00:00
2022,FL,FL-27,2022-11-03,5,102184,,59852,42332,39193,39548,1212,22230,apportioned,1,fl-doe,2026-09-06T18:41:42+00:00
2022,FL,FL-27,2022-11-04,4,110305,,62311,47994,41991,42772,1317,24224,apportioned,1,fl-doe,2026-09-06T18:41:42+00:00
2022,FL,FL-27,2022-11-05,3,120294,,64804,55490,45434,46698,1452,26711,apportioned,1,fl-doe,2026-09-06T18:41:42+00:00
2022,FL,FL-27,2022-11-06,2,128891,,64804,64087,48113,50273,1572,28935,apportioned,1,fl-doe,2026-09-06T18:41:42+00:00
2022,FL,FL-27,2022-11-07,1,143772,,68663,75109,53632,55499,1775,32865,apportioned,1,fl-doe,2026-09-06T18:41:42+00:00
2022,FL,FL-27,2022-11-14,-6,149827,,74718,75109,56325,56971,1870,34662,apportioned,1,fl-doe,2026-09-06T18:41:42+00:00
2022,FL,FL-27,2022-11-16,-8,149848,,74739,75109,56337,56973,1870,34667,apportioned,1,fl-doe,2026-09-06T18:41:42+00:00
2022,FL,FL-27,2022-11-17,-9,149851,,74741,75109,56338,56974,1870,34668,apportioned,1,fl-doe,2026-09-06T18:41:42+00:00
2022,FL,FL-27,2022-11-18,-10,149856,,74747,75109,56341,56975,1870,34670,apportioned,1,fl-doe,2026-09-06T18:41:42+00:00
2022,FL,FL-27,2022-11-19,-11,149866,,74757,75109,56347,56976,1871,34673,apportioned,1,fl-doe,2026-09-06T18:41:42+00:00
2022,FL,FL-27,2022-11-22,-14,149866,,74757,75109,56347,56976,1871,34673,apportioned,1,fl-doe,2026-09-06T18:41:42+00:00
2022,FL,FL-27,2022-11-23,-15,149866,,74757,75109,56347,56976,1871,34673,apportioned,1,fl-doe,2026-09-06T18:41:42+00:00
2022,FL,FL-28,2022-10-06,33,209,,209,,88,76,5,39,apportioned,1,fl-doe,2026-09-06T18:41:42+00:00
2022,FL,FL-28,2022-10-07,32,318,,318,,139,113,7,59,apportioned,1,fl-doe,2026-09-06T18:41:42+00:00
2022,FL,FL-28,2022-10-10,29,4620,,4620,,1915,1653,70,981,apportioned,1,fl-doe,2026-09-06T18:41:42+00:00
2022,FL,FL-28,2022-10-21,18,31323,,31323,,13358,11054,397,6513,apportioned,1,fl-doe,2026-09-06T18:41:42+00:00
2022,FL,FL-28,2022-10-23,16,33614,,33614,,14358,11831,422,7002,apportioned,1,fl-doe,2026-09-06T18:41:42+00:00
2022,FL,FL-28,2022-10-24,15,33614,,33614,,14358,11831,422,7002,apportioned,1,fl-doe,2026-09-06T18:41:42+00:00
2022,FL,FL-28,2022-10-25,14,41177,,37293,3884,17258,15023,510,8387,apportioned,1,fl-doe,2026-09-06T18:41:42+00:00
2022,FL,FL-28,2022-10-27,12,57436,,45155,12280,23400,21874,685,11476,apportioned,1,fl-doe,2026-09-06T18:41:42+00:00
2022,FL,FL-28,2022-10-28,11,64239,,48238,16001,25949,24709,759,12822,apportioned,1,fl-doe,2026-09-06T18:41:42+00:00
2022,FL,FL-28,2022-10-31,8,79169,,51211,27958,30787,31527,941,15914,apportioned,1,fl-doe,2026-09-06T18:41:42+00:00
2022,FL,FL-28,2022-11-01,7,88006,,55832,32174,34061,35095,1062,17788,apportioned,1,fl-doe,2026-09-06T18:41:42+00:00
2022,FL,FL-28,2022-11-02,6,95889,,59219,36670,36919,38255,1157,19557,apportioned,1,fl-doe,2026-09-06T18:41:42+00:00
2022,FL,FL-28,2022-11-03,5,103620,,61856,41764,39596,41483,1257,21285,apportioned,1,fl-doe,2026-09-06T18:41:42+00:00
2022,FL,FL-28,2022-11-04,4,111858,,64488,47370,42403,44870,1370,23216,apportioned,1,fl-doe,2026-09-06T18:41:42+00:00
2022,FL,FL-28,2022-11-05,3,122176,,67173,55003,45906,49097,1511,25662,apportioned,1,fl-doe,2026-09-06T18:41:42+00:00
2022,FL,FL-28,2022-11-06,2,130699,,67521,63178,48603,52686,1630,27780,apportioned,1,fl-doe,2026-09-06T18:41:42+00:00
2022,FL,FL-28,2022-11-07,1,143562,,70857,72705,53375,57203,1807,31177,apportioned,1,fl-doe,2026-09-06T18:41:42+00:00
2022,FL,FL-28,2022-11-14,-6,149794,,77089,72705,56122,58834,1910,32927,apportioned,1,fl-doe,2026-09-06T18:41:42+00:00
2022,FL,FL-28,2022-11-16,-8,149815,,77110,72705,56134,58838,1911,32933,apportioned,1,fl-doe,2026-09-06T18:41:42+00:00
2022,FL,FL-28,2022-11-17,-9,149818,,77113,72705,56135,58839,1911,32934,apportioned,1,fl-doe,2026-09-06T18:41:42+00:00
2022,FL,FL-28,2022-11-18,-10,149824,,77118,72705,56138,58839,1911,32936,apportioned,1,fl-doe,2026-09-06T18:41:42+00:00
2022,FL,FL-28,2022-11-19,-11,149834,,77129,72705,56143,58840,1911,32941,apportioned,1,fl-doe,2026-09-06T18:41:42+00:00
2022,FL,FL-28,2022-11-22,-14,149834,,77129,72705,56143,58840,1911,32941,apportioned,1,fl-doe,2026-09-06T18:41:42+00:00
2022,FL,FL-28,2022-11-23,-15,149834,,77129,72705,56143,58840,1911,32941,apportioned,1,fl-doe,2026-09-06T18:41:42+00:00
2024,FL,FL-01,2024-09-12,54,0,,0,0,0,0,0,0,apportioned,1,fl-doe,2026-09-06T18:40:55+00:00
2024,FL,FL-01,2024-09-16,50,0,,0,0,0,0,0,0,apportioned,1,fl-doe,2026-09-06T18:40:55+00:00
2024,FL,FL-01,2024-09-17,49,0,,0,0,0,0,0,0,apportioned,1,fl-doe,2026-09-06T18:40:55+00:00
2024,FL,FL-01,2024-09-20,46,46,,46,0,14,21,1,10,apportioned,1,fl-doe,2026-09-06T18:40:55+00:00
2024,FL,FL-01,2024-09-24,42,182,,182,0,59,75,4,45,apportioned,1,fl-doe,2026-09-06T18:40:55+00:00
2024,FL,FL-01,2024-09-26,40,477,,477,0,135,230,15,97,apportioned,1,fl-doe,2026-09-06T18:40:55+00:00
2024,FL,FL-01,2024-09-29,37,817,,817,0,235,368,21,193,apportioned,1,fl-doe,2026-09-06T18:40:55+00:00
2024,FL,FL-01,2024-09-30,36,817,,817,0,235,368,21,193,apportioned,1,fl-doe,2026-09-06T18:40:55+00:00
2024,FL,FL-01,2024-10-01,35,1074,,1074,0,293,520,25,236,apportioned,1,fl-doe,2026-09-06T18:40:55+00:00
2024,FL,FL-01,2024-10-02,34,1672,,1672,0,441,849,40,342,apportioned,1,fl-doe,2026-09-06T18:40:55+00:00
2024,FL,FL-01,2024-10-03,33,2409,,2409,0,663,1251,46,449,apportioned,1,fl-doe,2026-09-06T18:40:55+00:00
2024,FL,FL-01,2024-10-04,32,3297,,3297,0,956,1727,60,555,apportioned,1,fl-doe,2026-09-06T18:40:55+00:00
2024,FL,FL-01,2024-10-06,30,4951,,4951,0,1484,2541,85,841,apportioned,1,fl-doe,2026-09-06T18:40:55+00:00
2024,FL,FL-01,2024-10-07,29,4951,,4951,0,1484,2541,85,841,apportioned,1,fl-doe,2026-09-06T18:40:55+00:00
2024,FL,FL-01,2024-10-23,13,81154,,36749,44405,19479,49397,1615,10663,apportioned,1,fl-doe,2026-09-06T18:40:55+00:00
2024,FL,FL-01,2024-10-28,8,173370,,52810,120560,37712,108246,3615,23797,apportioned,1,fl-doe,2026-09-06T18:40:55+00:00
2024,FL,FL-01,2024-10-29,7,197112,,57087,140025,42182,123201,4149,27579,apportioned,1,fl-doe,2026-09-06T18:40:55+00:00
2024,FL,FL-01,2024-10-31,5,238770,,64093,174677,50545,148116,5253,34857,apportioned,1,fl-doe,2026-09-06T18:40:55+00:00
2024,FL,FL-01,2024-11-01,4,257369,,67716,189652,54470,158741,5789,38368,apportioned,1,fl-doe,2026-09-06T18:40:55+00:00
2024,FL,FL-01,2024-11-03,2,300535,,72384,228151,63703,182606,7121,47106,apportioned,1,fl-doe,2026-09-06T18:40:55+00:00
2024,FL,FL-01,2024-11-04,1,301652,,73501,228151,64140,183001,7158,47354,apportioned,1,fl-doe,2026-09-06T18:40:55+00:00
2024,FL,FL-01,2024-11-05,0,304541,,76391,228150,64867,184295,7250,48130,apportioned,1,fl-doe,2026-09-06T18:40:55+00:00
2024,FL,FL-01,2024-11-06,-1,308347,,80197,228150,65911,185914,7375,49147,apportioned,1,fl-doe,2026-09-06T18:40:55+00:00
2024,FL,FL-01,2024-11-07,-2,308430,,80280,228150,65928,185949,7378,49175,apportioned,1,fl-doe,2026-09-06T18:40:55+00:00
2024,FL,FL-01,2024-11-08,-3,308475,,80325,228150,65938,185970,7378,49188,apportioned,1,fl-doe,2026-09-06T18:40:55+00:00
2024,FL,FL-01,2024-11-09,-4,308573,,80423,228150,65962,186020,7384,49207,apportioned,1,fl-doe,2026-09-06T18:40:55+00:00
2024,FL,FL-01,2024-11-12,-7,308573,,80423,228150,65962,186020,7384,49207,apportioned,1,fl-doe,2026-09-06T18:40:55+00:00
2024,FL,FL-01,2024-11-13,-8,308631,,80481,228150,65978,186043,7388,49222,apportioned,1,fl-doe,2026-09-06T18:40:55+00:00
2024,FL,FL-01,2024-11-14,-9,308639,,80489,228150,65981,186046,7388,49224,apportioned,1,fl-doe,2026-09-06T18:40:55+00:00
2024,FL,FL-01,2024-11-17,-12,308698,,80548,228150,66000,186069,7391,49238,apportioned,1,fl-doe,2026-09-06T18:40:55+00:00
2024,FL,FL-01,2024-11-18,-13,308698,,80548,228150,66000,186069,7391,49238,apportioned,1,fl-doe,2026-09-06T18:40:55+00:00
2024,FL,FL-01,2024-11-20,-15,308702,,80553,228150,66000,186072,7391,49239,apportioned,1,fl-doe,2026-09-06T18:40:55+00:00
2024,FL,FL-02,2024-09-08,58,0,,0,0,0,0,0,0,apportioned,1,fl-doe,2026-09-06T18:40:55+00:00
2024,FL,FL-02,2024-09-10,56,0,,0,0,0,0,0,0,apportioned,1,fl-doe,2026-09-06T18:40:55+00:00
2024,FL,FL-02,2024-09-12,54,0,,0,0,0,0,0,0,apportioned,1,fl-doe,2026-09-06T18:40:55+00:00
2024,FL,FL-02,2024-09-16,50,3,,3,0,2,0,0,1,apportioned,1,fl-doe,2026-09-06T18:40:55+00:00
2024,FL,FL-02,2024-09-17,49,3,,3,0,2,0,0,1,apportioned,1,fl-doe,2026-09-06T18:40:55+00:00
2024,FL,FL-02,2024-09-20,46,15,,15,0,10,1,1,3,apportioned,1,fl-doe,2026-09-06T18:40:55+00:00
2024,FL,FL-02,2024-09-24,42,53,,53,0,27,17,2,6,apportioned,1,fl-doe,2026-09-06T18:40:55+00:00
2024,FL,FL-02,2024-09-26,40,71,,71,0,35,22,2,12,apportioned,1,fl-doe,2026-09-06T18:40:55+00:00
2024,FL,FL-02,2024-09-29,37,75,,75,0,38,22,2,13,apportioned,1,fl-doe,2026-09-06T18:40:55+00:00
2024,FL,FL-02,2024-09-30,36,76,,76,0,38,22,2,14,apportioned,1,fl-doe,2026-09-06T18:40:55+00:00
2024,FL,FL-02,2024-10-01,35,252,,252,0,86,108,7,51,apportioned,1,fl-doe,2026-09-06T18:40:55+00:00
2024,FL,FL-02,2024-10-02,34,403,,403,0,138,169,13,82,apportioned,1,fl-doe,2026-09-06T18:40:55+00:00
2024,FL,FL-02,2024-10-03,33,756,,756,0,337,282,20,116,apportioned,1,fl-doe,2026-09-06T18:40:55+00:00
2024,FL,FL-02,2024-10-04,32,1374,,1374,0,659,519,28,167,apportioned,1,fl-doe,2026-09-06T18:40:55+00:00
2024,FL,FL-02,2024-10-06,30,3218,,3218,0,1474,1301,60,383,apportioned,1,fl-doe,2026-09-06T18:40:55+00:00
2024,FL,FL-02,2024-10-07,29,3218,,3218,0,1474,1301,60,383,apportioned,1,fl-doe,2026-09-06T18:40:55+00:00
2024,FL,FL-02,2024-10-23,13,86202,,46824,39378,33831,41255,1409,9707,apportioned,1,fl-doe,2026-09-06T18:40:55+00:00
2024,FL,FL-02,2024-10-28,8,174527,,62387,112140,62341,88232,3101,20853,apportioned,1,fl-doe,2026-09-06T18:40:55+00:00
2024,FL,FL-02,2024-10-29,7,194865,,64960,129905,68299,99368,3547,23652,apportioned,1,fl-doe,2026-09-06T18:40:55+00:00
2024,FL,FL-02,2024-10-31,5,233747,,71212,162535,80917,119046,4442,29342,apportioned,1,fl-doe,2026-09-06T18:40:55+00:00
2024,FL,FL-02,2024-11-01,4,250335,,73724,176612,86496,126909,4899,32031,apportioned,1,fl-doe,2026-09-06T18:40:55+00:00
2024,FL,FL-02,2024-11-03,2,289364,,78144,211220,99269,145492,5933,38669,apportioned,1,fl-doe,2026-09-06T18:40:55+00:00
2024,FL,FL-02,2024-11-04,1,300052,,79645,220407,105021,147977,6217,40836,apportioned,1,fl-doe,2026-09-06T18:40:55+00:00
2024,FL,FL-02,2024-11-05,0,302732,,81768,220965,106127,149031,6273,41301,apportioned,1,fl-doe,2026-09-06T18:40:55+00:00
2024,FL,FL-02,2024-11-06,-1,306363,,85398,220965,107966,149989,6364,42044,apportioned,1,fl-doe,2026-09-06T18:40:55+00:00
2024,FL,FL-02,2024-11-07,-2,306387,,85422,220965,107974,149998,6364,42051,apportioned,1,fl-doe,2026-09-06T18:40:55+00:00
2024,FL,FL-02,2024-11-08,-3,306413,,85448,220965,107984,150004,6364,42062,apportioned,1,fl-doe,2026-09-06T18:40:55+00:00
2024,FL,FL-02,2024-11-09,-4,306508,,85543,220965,108034,150026,6365,42083,apportioned,1,fl-doe,2026-09-06T18:40:55+00:00
2024,FL,FL-02,2024-11-12,-7,306508,,85543,220965,108034,150026,6365,42083,apportioned,1,fl-doe,2026-09-06T18:40:55+00:00
2024,FL,FL-02,2024-11-13,-8,306527,,85562,220965,108045,150030,6365,42087,apportioned,1,fl-doe,2026-09-06T18:40:55+00:00
2024,FL,FL-02,2024-11-14,-9,306541,,85576,220965,108053,150032,6365,42091,apportioned,1,fl-doe,2026-09-06T18:40:55+00:00
2024,FL,FL-02,2024-11-17,-12,306608,,85643,220965,108083,150053,6366,42106,apportioned,1,fl-doe,2026-09-06T18:40:55+00:00
2024,FL,FL-02,2024-11-18,-13,306609,,85644,220965,108083,150054,6366,42106,apportioned,1,fl-doe,2026-09-06T18:40:55+00:00
2024,FL,FL-02,2024-11-20,-15,306612,,85647,220965,108084,150056,6366,42107,apportioned,1,fl-doe,2026-09-06T18:40:55+00:00
2024,FL,FL-03,2024-09-10,56,0,,0,0,0,0,0,0,apportioned,1,fl-doe,2026-09-06T18:40:55+00:00
2024,FL,FL-03,2024-09-12,54,2,,2,0,0,1,0,1,apportioned,1,fl-doe,2026-09-06T18:40:55+00:00
2024,FL,FL-03,2024-09-16,50,2,,2,0,0,1,0,1,apportioned,1,fl-doe,2026-09-06T18:40:55+00:00
2024,FL,FL-03,2024-09-17,49,2,,2,0,0,1,0,1,apportioned,1,fl-doe,2026-09-06T18:40:55+00:00
2024,FL,FL-03,2024-09-20,46,3,,3,0,0,2,0,1,apportioned,1,fl-doe,2026-09-06T18:40:55+00:00
2024,FL,FL-03,2024-09-24,42,45,,45,0,15,21,1,7,apportioned,1,fl-doe,2026-09-06T18:40:55+00:00
2024,FL,FL-03,2024-09-26,40,79,,79,0,31,35,1,11,apportioned,1,fl-doe,2026-09-06T18:40:55+00:00
2024,FL,FL-03,2024-09-29,37,111,,111,0,44,50,2,15,apportioned,1,fl-doe,2026-09-06T18:40:55+00:00
2024,FL,FL-03,2024-09-30,36,125,,125,0,50,57,2,16,apportioned,1,fl-doe,2026-09-06T18:40:55+00:00
2024,FL,FL-03,2024-10-01,35,233,,233,0,87,109,4,33,apportioned,1,fl-doe,2026-09-06T18:40:55+00:00
2024,FL,FL-03,2024-10-02,34,860,,860,0,420,315,18,108,apportioned,1,fl-doe,2026-09-06T18:40:55+00:00
2024,FL,FL-03,2024-10-03,33,2030,,2030,0,1103,608,35,286,apportioned,1,fl-doe,2026-09-06T18:40:55+00:00
2024,FL,FL-03,2024-10-04,32,2461,,2461,0,1237,846,50,328,apportioned,1,fl-doe,2026-09-06T18:40:55+00:00
2024,FL,FL-03,2024-10-06,30,4740,,4740,0,2365,1623,94,659,apportioned,1,fl-doe,2026-09-06T18:40:55+00:00
2024,FL,FL-03,2024-10-07,29,5789,,5789,0,2791,2053,115,830,apportioned,1,fl-doe,2026-09-06T18:40:55+00:00
2024,FL,FL-03,2024-10-23,13,74173,,46989,27184,28725,34359,1376,9713,apportioned,1,fl-doe,2026-09-06T18:40:55+00:00
2024,FL,FL-03,2024-10-28,8,155858,,60369,95489,52526,79365,2924,21043,apportioned,1,fl-doe,2026-09-06T18:40:55+00:00
2024,FL,FL-03,2024-10-29,7,178607,,65207,113400,59492,91280,3429,24406,apportioned,1,fl-doe,2026-09-06T18:40:55+00:00
2024,FL,FL-03,2024-10-31,5,217399,,71879,145519,71342,110735,4374,30947,apportioned,1,fl-doe,2026-09-06T18:40:55+00:00
2024,FL,FL-03,2024-11-01,4,234725,,74612,160113,76745,119093,4800,34088,apportioned,1,fl-doe,2026-09-06T18:40:55+00:00
2024,FL,FL-03,2024-11-03,2,272794,,78304,194490,88435,137304,5842,41212,apportioned,1,fl-doe,2026-09-06T18:40:55+00:00
2024,FL,FL-03,2024-11-04,1,282732,,80038,202694,92865,140167,6104,43595,apportioned,1,fl-doe,2026-09-06T18:40:55+00:00
2024,FL,FL-03,2024-11-05,0,285289,,82594,202694,93862,141142,6176,44108,apportioned,1,fl-doe,2026-09-06T18:40:55+00:00
2024,FL,FL-03,2024-11-06,-1,288034,,85340,202694,95144,141934,6265,44691,apportioned,1,fl-doe,2026-09-06T18:40:55+00:00
2024,FL,FL-03,2024-11-07,-2,288124,,85430,202694,95179,141974,6267,44704,apportioned,1,fl-doe,2026-09-06T18:40:55+00:00
2024,FL,FL-03,2024-11-08,-3,288144,,85450,202694,95188,141979,6269,44709,apportioned,1,fl-doe,2026-09-06T18:40:55+00:00
2024,FL,FL-03,2024-11-09,-4,288181,,85487,202694,95207,141988,6269,44718,apportioned,1,fl-doe,2026-09-06T18:40:55+00:00
2024,FL,FL-03,2024-11-12,-7,288181,,85487,202694,95207,141988,6269,44718,apportioned,1,fl-doe,2026-09-06T18:40:55+00:00
2024,FL,FL-03,2024-11-13,-8,288192,,85498,202694,95212,141990,6269,44722,apportioned,1,fl-doe,2026-09-06T18:40:55+00:00
2024,FL,FL-03,2024-11-14,-9,288196,,85502,202694,95213,141992,6269,44723,apportioned,1,fl-doe,2026-09-06T18:40:55+00:00
2024,FL,FL-03,2024-11-17,-12,288218,,85524,202694,95222,141998,6270,44729,apportioned,1,fl-doe,2026-09-06T18:40:55+00:00
2024,FL,FL-03,2024-11-18,-13,288218,,85524,202694,95222,141998,6270,44729,apportioned,1,fl-doe,2026-09-06T18:40:55+00:00
2024,FL,FL-03,2024-11-20,-15,288226,,85531,202694,95224,142001,6270,44731,apportioned,1,fl-doe,2026-09-06T18:40:55+00:00
2024,FL,FL-04,2024-09-16,50,0,,0,0,0,0,0,0,apportioned,1,fl-doe,2026-09-06T18:40:55+00:00
2024,FL,FL-04,2024-09-17,49,0,,0,0,0,0,0,0,apportioned,1,fl-doe,2026-09-06T18:40:55+00:00
2024,FL,FL-04,2024-09-20,46,17,,17,0,9,5,1,2,apportioned,1,fl-doe,2026-09-06T18:40:55+00:00
2024,FL,FL-04,2024-09-24,42,53,,53,0,25,20,3,5,apportioned,1,fl-doe,2026-09-06T18:40:55+00:00
2024,FL,FL-04,2024-09-26,40,157,,157,0,57,61,12,28,apportioned,1,fl-doe,2026-09-06T18:40:55+00:00
2024,FL,FL-04,2024-09-29,37,192,,192,0,70,76,12,35,apportioned,1,fl-doe,2026-09-06T18:40:55+00:00
2024,FL,FL-04,2024-09-30,36,193,,193,0,70,76,12,35,apportioned,1,fl-doe,2026-09-06T18:40:55+00:00
2024,FL,FL-04,2024-10-01,35,426,,426,0,144,181,20,81,apportioned,1,fl-doe,2026-09-06T18:40:55+00:00
2024,FL,FL-04,2024-10-02,34,582,,582,0,189,258,26,109,apportioned,1,fl-doe,2026-09-06T18:40:55+00:00
2024,FL,FL-04,2024-10-03,33,1552,,1552,0,457,785,47,262,apportioned,1,fl-doe,2026-09-06T18:40:55+00:00
2024,FL,FL-04,2024-10-04,32,2316,,2316,0,696,1176,62,382,apportioned,1,fl-doe,2026-09-06T18:40:55+00:00
2024,FL,FL-04,2024-10-06,30,3257,,3257,0,1047,1572,94,544,apportioned,1,fl-doe,2026-09-06T18:40:55+00:00
2024,FL,FL-04,2024-10-07,29,3329,,3329,0,1087,1589,95,557,apportioned,1,fl-doe,2026-09-06T18:40:55+00:00
2024,FL,FL-04,2024-10-23,13,63767,,33827,29940,22361,31002,1398,9006,apportioned,1,fl-doe,2026-09-06T18:40:55+00:00
2024,FL,FL-04,2024-10-28,8,167478,,47218,120260,50677,89124,3667,24011,apportioned,1,fl-doe,2026-09-06T18:40:55+00:00
2024,FL,FL-04,2024-10-29,7,188814,,49149,139664,56095,101085,4185,27448,apportioned,1,fl-doe,2026-09-06T18:40:55+00:00
2024,FL,FL-04,2024-10-31,5,228631,,53814,174817,66949,121858,5309,34515,apportioned,1,fl-doe,2026-09-06T18:40:55+00:00
2024,FL,FL-04,2024-11-01,4,247428,,57288,190140,72472,130893,5851,38212,apportioned,1,fl-doe,2026-09-06T18:40:55+00:00
2024,FL,FL-04,2024-11-03,2,291863,,61091,230772,85160,151979,7285,47439,apportioned,1,fl-doe,2026-09-06T18:40:55+00:00
2024,FL,FL-04,2024-11-04,1,302384,,61519,240865,89595,155387,7618,49785,apportioned,1,fl-doe,2026-09-06T18:40:55+00:00
2024,FL,FL-04,2024-11-05,0,304189,,63318,240870,90160,156117,7674,50237,apportioned,1,fl-doe,2026-09-06T18:40:55+00:00
2024,FL,FL-04,2024-11-06,-1,307737,,66867,240870,91575,157231,7806,51126,apportioned,1,fl-doe,2026-09-06T18:40:55+00:00
2024,FL,FL-04,2024-11-07,-2,307815,,66945,240870,91599,157260,7808,51147,apportioned,1,fl-doe,2026-09-06T18:40:55+00:00
2024,FL,FL-04,2024-11-08,-3,307880,,67009,240870,91623,157286,7810,51161,apportioned,1,fl-doe,2026-09-06T18:40:55+00:00
2024,FL,FL-04,2024-11-09,-4,307891,,67021,240870,91629,157289,7810,51163,apportioned,1,fl-doe,2026-09-06T18:40:55+00:00
2024,FL,FL-04,2024-11-12,-7,307891,,67021,240870,91629,157289,7810,51163,apportioned,1,fl-doe,2026-09-06T18:40:55+00:00
2024,FL,FL-04,2024-11-13,-8,307918,,67047,240870,91640,157293,7811,51173,apportioned,1,fl-doe,2026-09-06T18:40:55+00:00
2024,FL,FL-04,2024-11-14,-9,307940,,67070,240870,91651,157299,7811,51179,apportioned,1,fl-doe,2026-09-06T18:40:55+00:00
2024,FL,FL-04,2024-11-17,-12,307991,,67121,240870,91673,157312,7811,51194,apportioned,1,fl-doe,2026-09-06T18:40:55+00:00
2024,FL,FL-04,2024-11-18,-13,307991,,67121,240870,91673,157312,7811,51194,apportioned,1,fl-doe,2026-09-06T18:40:55+00:00
2024,FL,FL-04,2024-11-20,-15,307991,,67121,240870,91673,157312,7811,51194,apportioned,1,fl-doe,2026-09-06T18:40:55+00:00
2024,FL,FL-05,2024-09-16,50,0,,0,0,0,0,0,0,apportioned,1,fl-doe,2026-09-06T18:40:55+00:00
2024,FL,FL-05,2024-09-17,49,0,,0,0,0,0,0,0,apportioned,1,fl-doe,2026-09-06T18:40:55+00:00
2024,FL,FL-05,2024-09-20,46,0,,0,0,0,0,0,0,apportioned,1,fl-doe,2026-09-06T18:40:55+00:00
2024,FL,FL-05,2024-09-24,42,23,,23,0,10,10,1,3,apportioned,1,fl-doe,2026-09-06T18:40:55+00:00
2024,FL,FL-05,2024-09-26,40,82,,82,0,36,24,3,18,apportioned,1,fl-doe,2026-09-06T18:40:55+00:00
2024,FL,FL-05,2024-09-29,37,146,,146,0,57,50,6,32,apportioned,1,fl-doe,2026-09-06T18:40:55+00:00
2024,FL,FL-05,2024-09-30,36,147,,147,0,58,51,6,32,apportioned,1,fl-doe,2026-09-06T18:40:55+00:00
2024,FL,FL-05,2024-10-01,35,218,,218,0,85,80,9,44,apportioned,1,fl-doe,2026-09-06T18:40:55+00:00
2024,FL,FL-05,2024-10-02,34,302,,302,0,116,112,14,60,apportioned,1,fl-doe,2026-09-06T18:40:55+00:00
2024,FL,FL-05,2024-10-03,33,437,,437,0,177,169,16,76,apportioned,1,fl-doe,2026-09-06T18:40:55+00:00
2024,FL,FL-05,2024-10-04,32,1192,,1192,0,528,460,25,180,apportioned,1,fl-doe,2026-09-06T18:40:55+00:00
2024,FL,FL-05,2024-10-06,30,3412,,3412,0,1495,1353,74,490,apportioned,1,fl-doe,2026-09-06T18:40:55+00:00
2024,FL,FL-05,2024-10-07,29,3506,,3506,0,1548,1376,75,508,apportioned,1,fl-doe,2026-09-06T18:40:55+00:00
2024,FL,FL-05,2024-10-23,13,77171,,33823,43347,29131,36003,1580,10457,apportioned,1,fl-doe,2026-09-06T18:40:55+00:00
2024,FL,FL-05,2024-10-28,8,182106,,48810,133296,61775,89727,3834,26770,apportioned,1,fl-doe,2026-09-06T18:40:55+00:00
2024,FL,FL-05,2024-10-29,7,204187,,50855,153333,68154,101176,4343,30515,apportioned,1,fl-doe,2026-09-06T18:40:55+00:00
2024,FL,FL-05,2024-10-31,5,247739,,55857,191882,81115,122505,5474,38645,apportioned,1,fl-doe,2026-09-06T18:40:55+00:00
2024,FL,FL-05,2024-11-01,4,269198,,59857,209341,87720,132470,6045,42962,apportioned,1,fl-doe,2026-09-06T18:40:55+00:00
2024,FL,FL-05,2024-11-03,2,317447,,64441,253006,102468,153968,7496,53515,apportioned,1,fl-doe,2026-09-06T18:40:55+00:00
2024,FL,FL-05,2024-11-04,1,331531,,65399,266132,108381,158538,7937,56673,apportioned,1,fl-doe,2026-09-06T18:40:55+00:00
2024,FL,FL-05,2024-11-05,0,333064,,66927,266139,108956,159102,7987,57020,apportioned,1,fl-doe,2026-09-06T18:40:55+00:00
2024,FL,FL-05,2024-11-06,-1,337431,,71293,266139,110775,160398,8133,58125,apportioned,1,fl-doe,2026-09-06T18:40:55+00:00
2024,FL,FL-05,2024-11-07,-2,337515,,71376,266139,110808,160427,8135,58147,apportioned,1,fl-doe,2026-09-06T18:40:55+00:00
2024,FL,FL-05,2024-11-08,-3,337574,,71436,266139,110822,160452,8136,58164,apportioned,1,fl-doe,2026-09-06T18:40:55+00:00
2024,FL,FL-05,2024-11-09,-4,337597,,71458,266139,110831,160460,8136,58169,apportioned,1,fl-doe,2026-09-06T18:40:55+00:00
2024,FL,FL-05,2024-11-12,-7,337597,,71458,266139,110831,160460,8136,58169,apportioned,1,fl-doe,2026-09-06T18:40:55+00:00
2024,FL,FL-05,2024-11-13,-8,337840,,71702,266139,110888,160574,8146,58234,apportioned,1,fl-doe,2026-09-06T18:40:55+00:00
2024,FL,FL-05,2024-11-14,-9,337881,,71743,266139,110905,160585,8146,58245,apportioned,1,fl-doe,2026-09-06T18:40:55+00:00
2024,FL,FL-05,2024-11-17,-12,337933,,71794,266139,110924,160605,8150,58255,apportioned,1,fl-doe,2026-09-06T18:40:55+00:00
2024,FL,FL-05,2024-11-18,-13,337933,,71794,266139,110924,160605,8150,58255,apportioned,1,fl-doe,2026-09-06T18:40:55+00:00
2024,FL,FL-05,2024-11-20,-15,337933,,71794,266139,110924,160605,8150,58255,apportioned,1,fl-doe,2026-09-06T18:40:55+00:00
2024,FL,FL-06,2024-09-16,50,0,,0,0,0,0,0,0,apportioned,1,fl-doe,2026-09-06T18:40:55+00:00
2024,FL,FL-06,2024-09-17,49,0,,0,0,0,0,0,0,apportioned,1,fl-doe,2026-09-06T18:40:55+00:00
2024,FL,FL-06,2024-09-20,46,0,,0,0,0,0,0,0,apportioned,1,fl-doe,2026-09-06T18:40:55+00:00
2024,FL,FL-06,2024-09-24,42,31,,31,0,10,15,2,4,apportioned,1,fl-doe,2026-09-06T18:40:55+00:00
2024,FL,FL-06,2024-09-26,40,89,,89,0,26,48,2,13,apportioned,1,fl-doe,2026-09-06T18:40:55+00:00
2024,FL,FL-06,2024-09-29,37,141,,141,0,38,77,6,19,apportioned,1,fl-doe,2026-09-06T18:40:55+00:00
2024,FL,FL-06,2024-09-30,36,141,,141,0,38,77,6,19,apportioned,1,fl-doe,2026-09-06T18:40:55+00:00
2024,FL,FL-06,2024-10-01,35,417,,417,0,154,187,9,66,apportioned,1,fl-doe,2026-09-06T18:40:55+00:00
2024,FL,FL-06,2024-10-02,34,812,,812,0,326,332,19,135,apportioned,1,fl-doe,2026-09-06T18:40:55+00:00
2024,FL,FL-06,2024-10-03,33,2915,,2915,0,1117,1204,66,526,apportioned,1,fl-doe,2026-09-06T18:40:55+00:00
2024,FL,FL-06,2024-10-04,32,4377,,4377,0,1726,1800,88,761,apportioned,1,fl-doe,2026-09-06T18:40:55+00:00
2024,FL,FL-06,2024-10-06,30,5822,,5822,0,2320,2390,123,987,apportioned,1,fl-doe,2026-09-06T18:40:55+00:00
2024,FL,FL-06,2024-10-07,29,6649,,6649,0,2657,2730,139,1122,apportioned,1,fl-doe,2026-09-06T18:40:55+00:00
2024,FL,FL-06,2024-10-23,13,95370,,59780,35590,31642,46048,2012,15668,apportioned,1,fl-doe,2026-09-06T18:40:55+00:00
2024,FL,FL-06,2024-10-28,8,192900,,80301,112599,55689,99900,4315,32996,apportioned,1,fl-doe,2026-09-06T18:40:55+00:00
2024,FL,FL-06,2024-10-29,7,215067,,83963,131105,60839,112007,4918,37304,apportioned,1,fl-doe,2026-09-06T18:40:55+00:00
2024,FL,FL-06,2024-10-31,5,257850,,92050,165801,71429,133986,6095,46341,apportioned,1,fl-doe,2026-09-06T18:40:55+00:00
2024,FL,FL-06,2024-11-01,4,277102,,95326,181776,76310,143451,6658,50684,apportioned,1,fl-doe,2026-09-06T18:40:55+00:00
2024,FL,FL-06,2024-11-03,2,321707,,100358,221349,87702,164757,8134,61115,apportioned,1,fl-doe,2026-09-06T18:40:55+00:00
2024,FL,FL-06,2024-11-04,1,322524,,101175,221349,88007,165017,8163,61338,apportioned,1,fl-doe,2026-09-06T18:40:55+00:00
2024,FL,FL-06,2024-11-05,0,324259,,102909,221349,88606,165652,8224,61776,apportioned,1,fl-doe,2026-09-06T18:40:55+00:00
2024,FL,FL-06,2024-11-06,-1,326712,,105362,221349,89520,166454,8300,62435,apportioned,1,fl-doe,2026-09-06T18:40:55+00:00
2024,FL,FL-06,2024-11-07,-2,326738,,105389,221349,89530,166464,8301,62441,apportioned,1,fl-doe,2026-09-06T18:40:55+00:00
2024,FL,FL-06,2024-11-08,-3,326824,,105474,221349,89559,166489,8305,62471,apportioned,1,fl-doe,2026-09-06T18:40:55+00:00
2024,FL,FL-06,2024-11-09,-4,326856,,105506,221349,89570,166498,8307,62481,apportioned,1,fl-doe,2026-09-06T18:40:55+00:00
2024,FL,FL-06,2024-11-12,-7,326856,,105506,221349,89570,166498,8307,62481,apportioned,1,fl-doe,2026-09-06T18:40:55+00:00
2024,FL,FL-06,2024-11-13,-8,326899,,105549,221349,89580,166518,8308,62492,apportioned,1,fl-doe,2026-09-06T18:40:55+00:00
2024,FL,FL-06,2024-11-14,-9,326907,,105557,221349,89583,166521,8308,62495,apportioned,1,fl-doe,2026-09-06T18:40:55+00:00
2024,FL,FL-06,2024-11-17,-12,326966,,105617,221349,89610,166534,8310,62513,apportioned,1,fl-doe,2026-09-06T18:40:55+00:00
2024,FL,FL-06,2024-11-18,-13,326966,,105617,221349,89610,166534,8310,62513,apportioned,1,fl-doe,2026-09-06T18:40:55+00:00
2024,FL,FL-06,2024-11-20,-15,326967,,105618,221349,89610,166535,8310,62513,apportioned,1,fl-doe,2026-09-06T18:40:55+00:00
2024,FL,FL-07,2024-09-20,46,0,,0,0,0,0,0,0,apportioned,1,fl-doe,2026-09-06T18:40:55+00:00
2024,FL,FL-07,2024-09-24,42,12,,12,0,8,2,0,2,apportioned,1,fl-doe,2026-09-06T18:40:55+00:00
2024,FL,FL-07,2024-09-26,40,26,,26,0,12,11,0,3,apportioned,1,fl-doe,2026-09-06T18:40:55+00:00
2024,FL,FL-07,2024-09-29,37,32,,32,0,14,13,0,5,apportioned,1,fl-doe,2026-09-06T18:40:55+00:00
2024,FL,FL-07,2024-09-30,36,32,,32,0,14,13,0,5,apportioned,1,fl-doe,2026-09-06T18:40:55+00:00
2024,FL,FL-07,2024-10-01,35,44,,44,0,18,17,3,6,apportioned,1,fl-doe,2026-09-06T18:40:55+00:00
2024,FL,FL-07,2024-10-02,34,80,,80,0,29,35,4,12,apportioned,1,fl-doe,2026-09-06T18:40:55+00:00
2024,FL,FL-07,2024-10-03,33,164,,164,0,66,63,6,30,apportioned,1,fl-doe,2026-09-06T18:40:55+00:00
2024,FL,FL-07,2024-10-04,32,268,,268,0,115,95,8,51,apportioned,1,fl-doe,2026-09-06T18:40:55+00:00
2024,FL,FL-07,2024-10-06,30,1282,,1282,0,598,418,34,233,apportioned,1,fl-doe,2026-09-06T18:40:55+00:00
2024,FL,FL-07,2024-10-07,29,1282,,1282,0,598,418,34,233,apportioned,1,fl-doe,2026-09-06T18:40:55+00:00
2024,FL,FL-07,2024-10-23,13,83457,,51092,32365,30109,35849,1815,15684,apportioned,1,fl-doe,2026-09-06T18:40:55+00:00
2024,FL,FL-07,2024-10-28,8,180794,,78868,101926,60483,79499,4242,36569,apportioned,1,fl-doe,2026-09-06T18:40:55+00:00
2024,FL,FL-07,2024-10-29,7,199836,,81484,118351,65868,88131,4809,41028,apportioned,1,fl-doe,2026-09-06T18:40:55+00:00
2024,FL,FL-07,2024-10-31,5,242946,,91654,151292,78742,106233,6116,51854,apportioned,1,fl-doe,2026-09-06T18:40:55+00:00
2024,FL,FL-07,2024-11-01,4,263018,,96385,166633,84893,114261,6735,57129,apportioned,1,fl-doe,2026-09-06T18:40:55+00:00
2024,FL,FL-07,2024-11-03,2,308600,,103504,205096,98741,131435,8285,70139,apportioned,1,fl-doe,2026-09-06T18:40:55+00:00
2024,FL,FL-07,2024-11-04,1,324845,,106559,218286,104373,136412,8928,75133,apportioned,1,fl-doe,2026-09-06T18:40:55+00:00
2024,FL,FL-07,2024-11-05,0,327874,,109588,218286,105519,137240,9033,76083,apportioned,1,fl-doe,2026-09-06T18:40:55+00:00
2024,FL,FL-07,2024-11-06,-1,330088,,111802,218286,106345,137874,9109,76761,apportioned,1,fl-doe,2026-09-06T18:40:55+00:00
2024,FL,FL-07,2024-11-07,-2,330352,,112066,218286,106458,137937,9115,76843,apportioned,1,fl-doe,2026-09-06T18:40:55+00:00
2024,FL,FL-07,2024-11-08,-3,330566,,112280,218286,106533,137994,9123,76915,apportioned,1,fl-doe,2026-09-06T18:40:55+00:00
2024,FL,FL-07,2024-11-09,-4,330575,,112289,218286,106537,137996,9123,76919,apportioned,1,fl-doe,2026-09-06T18:40:55+00:00
2024,FL,FL-07,2024-11-12,-7,330575,,112289,218286,106537,137996,9123,76919,apportioned,1,fl-doe,2026-09-06T18:40:55+00:00
2024,FL,FL-07,2024-11-13,-8,330591,,112305,218286,106542,137997,9123,76928,apportioned,1,fl-doe,2026-09-06T18:40:55+00:00
2024,FL,FL-07,2024-11-14,-9,330599,,112313,218286,106546,137999,9123,76930,apportioned,1,fl-doe,2026-09-06T18:40:55+00:00
2024,FL,FL-07,2024-11-17,-12,330662,,112376,218286,106573,138010,9127,76951,apportioned,1,fl-doe,2026-09-06T18:40:55+00:00
2024,FL,FL-07,2024-11-18,-13,330662,,112376,218286,106573,138010,9127,76951,apportioned,1,fl-doe,2026-09-06T18:40:55+00:00
2024,FL,FL-07,2024-11-20,-15,330662,,112376,218286,106573,138010,9127,76951,apportioned,1,fl-doe,2026-09-06T18:40:55+00:00
2024,FL,FL-08,2024-09-16,50,0,,0,0,0,0,0,0,apportioned,1,fl-doe,2026-09-06T18:40:55+00:00
2024,FL,FL-08,2024-09-17,49,0,,0,0,0,0,0,0,apportioned,1,fl-doe,2026-09-06T18:40:55+00:00
2024,FL,FL-08,2024-09-20,46,0,,0,0,0,0,0,0,apportioned,1,fl-doe,2026-09-06T18:40:55+00:00
2024,FL,FL-08,2024-09-24,42,7,,7,0,1,4,0,2,apportioned,1,fl-doe,2026-09-06T18:40:55+00:00
2024,FL,FL-08,2024-09-26,40,20,,20,0,7,8,0,5,apportioned,1,fl-doe,2026-09-06T18:40:55+00:00
2024,FL,FL-08,2024-09-29,37,43,,43,0,14,22,0,7,apportioned,1,fl-doe,2026-09-06T18:40:55+00:00
2024,FL,FL-08,2024-09-30,36,43,,43,0,14,22,0,7,apportioned,1,fl-doe,2026-09-06T18:40:55+00:00
2024,FL,FL-08,2024-10-01,35,131,,131,0,45,56,3,27,apportioned,1,fl-doe,2026-09-06T18:40:55+00:00
2024,FL,FL-08,2024-10-02,34,177,,177,0,58,76,6,37,apportioned,1,fl-doe,2026-09-06T18:40:55+00:00
2024,FL,FL-08,2024-10-03,33,205,,205,0,71,85,8,41,apportioned,1,fl-doe,2026-09-06T18:40:55+00:00
2024,FL,FL-08,2024-10-04,32,278,,278,0,104,103,11,60,apportioned,1,fl-doe,2026-09-06T18:40:55+00:00
2024,FL,FL-08,2024-10-06,30,297,,297,0,109,114,12,62,apportioned,1,fl-doe,2026-09-06T18:40:55+00:00
2024,FL,FL-08,2024-10-07,29,297,,297,0,109,114,12,62,apportioned,1,fl-doe,2026-09-06T18:40:55+00:00
2024,FL,FL-08,2024-10-23,13,87836,,56824,31011,31094,39189,2083,15470,apportioned,1,fl-doe,2026-09-06T18:40:55+00:00
2024,FL,FL-08,2024-10-28,8,184910,,78738,106173,58562,86821,4670,34858,apportioned,1,fl-doe,2026-09-06T18:40:55+00:00
2024,FL,FL-08,2024-10-29,7,204612,,81727,122884,63880,96471,5219,39042,apportioned,1,fl-doe,2026-09-06T18:40:55+00:00
2024,FL,FL-08,2024-10-31,5,247287,,91710,155578,76045,115736,6565,48940,apportioned,1,fl-doe,2026-09-06T18:40:55+00:00
2024,FL,FL-08,2024-11-01,4,266426,,95822,170605,81585,124030,7152,53659,apportioned,1,fl-doe,2026-09-06T18:40:55+00:00
2024,FL,FL-08,2024-11-03,2,311768,,102001,209767,94212,143014,8763,65780,apportioned,1,fl-doe,2026-09-06T18:40:55+00:00
2024,FL,FL-08,2024-11-04,1,315592,,102365,213228,95791,143910,8883,67009,apportioned,1,fl-doe,2026-09-06T18:40:55+00:00
2024,FL,FL-08,2024-11-05,0,319441,,106179,213262,97238,145123,9006,68075,apportioned,1,fl-doe,2026-09-06T18:40:55+00:00
2024,FL,FL-08,2024-11-06,-1,322696,,109434,213262,98432,146110,9142,69012,apportioned,1,fl-doe,2026-09-06T18:40:55+00:00
2024,FL,FL-08,2024-11-07,-2,322840,,109578,213262,98491,146148,9149,69052,apportioned,1,fl-doe,2026-09-06T18:40:55+00:00
2024,FL,FL-08,2024-11-08,-3,322889,,109627,213262,98508,146162,9153,69066,apportioned,1,fl-doe,2026-09-06T18:40:55+00:00
2024,FL,FL-08,2024-11-09,-4,322907,,109645,213262,98514,146164,9154,69075,apportioned,1,fl-doe,2026-09-06T18:40:55+00:00
2024,FL,FL-08,2024-11-12,-7,322910,,109648,213262,98516,146164,9154,69077,apportioned,1,fl-doe,2026-09-06T18:40:55+00:00
2024,FL,FL-08,2024-11-13,-8,322938,,109675,213262,98531,146170,9155,69082,apportioned,1,fl-doe,2026-09-06T18:40:55+00:00
2024,FL,FL-08,2024-11-14,-9,322957,,109695,213262,98541,146174,9156,69087,apportioned,1,fl-doe,2026-09-06T18:40:55+00:00
2024,FL,FL-08,2024-11-17,-12,323003,,109740,213262,98559,146186,9159,69099,apportioned,1,fl-doe,2026-09-06T18:40:55+00:00
2024,FL,FL-08,2024-11-18,-13,323003,,109740,213262,98559,146186,9159,69099,apportioned,1,fl-doe,2026-09-06T18:40:55+00:00
2024,FL,FL-08,2024-11-20,-15,323003,,109740,213262,98559,146186,9159,69099,apportioned,1,fl-doe,2026-09-06T18:40:55+00:00
2024,FL,FL-09,2024-09-16,50,0,,0,0,0,0,0,0,apportioned,1,fl-doe,2026-09-06T18:40:55+00:00
2024,FL,FL-09,2024-09-17,49,0,,0,0,0,0,0,0,apportioned,1,fl-doe,2026-09-06T18:40:55+00:00
2024,FL,FL-09,2024-09-20,46,1,,1,0,1,0,0,0,apportioned,1,fl-doe,2026-09-06T18:40:55+00:00
2024,FL,FL-09,2024-09-24,42,9,,9,0,3,2,0,3,apportioned,1,fl-doe,2026-09-06T18:40:55+00:00
2024,FL,FL-09,2024-09-26,40,39,,39,0,23,7,1,8,apportioned,1,fl-doe,2026-09-06T18:40:55+00:00
2024,FL,FL-09,2024-09-29,37,137,,137,0,43,60,2,32,apportioned,1,fl-doe,2026-09-06T18:40:55+00:00
2024,FL,FL-09,2024-09-30,36,137,,137,0,43,60,2,32,apportioned,1,fl-doe,2026-09-06T18:40:55+00:00
2024,FL,FL-09,2024-10-01,35,364,,364,0,118,171,5,70,apportioned,1,fl-doe,2026-09-06T18:40:55+00:00
2024,FL,FL-09,2024-10-02,34,1664,,1664,0,560,732,39,333,apportioned,1,fl-doe,2026-09-06T18:40:55+00:00
2024,FL,FL-09,2024-10-03,33,2544,,2544,0,878,1123,65,479,apportioned,1,fl-doe,2026-09-06T18:40:55+00:00
2024,FL,FL-09,2024-10-04,32,3923,,3923,0,1374,1726,112,712,apportioned,1,fl-doe,2026-09-06T18:40:55+00:00
2024,FL,FL-09,2024-10-06,30,5097,,5097,0,1812,2239,136,909,apportioned,1,fl-doe,2026-09-06T18:40:55+00:00
2024,FL,FL-09,2024-10-07,29,5213,,5213,0,1844,2303,141,924,apportioned,1,fl-doe,2026-09-06T18:40:55+00:00
2024,FL,FL-09,2024-10-23,13,72381,,51036,21344,26972,30136,1604,13670,apportioned,1,fl-doe,2026-09-06T18:40:55+00:00
2024,FL,FL-09,2024-10-28,8,147922,,67998,79925,49295,66545,3261,28822,apportioned,1,fl-doe,2026-09-06T18:40:55+00:00
2024,FL,FL-09,2024-10-29,7,169115,,73841,95275,55823,75870,3791,33631,apportioned,1,fl-doe,2026-09-06T18:40:55+00:00
2024,FL,FL-09,2024-10-31,5,207382,,82598,124783,67662,92227,4804,42689,apportioned,1,fl-doe,2026-09-06T18:40:55+00:00
2024,FL,FL-09,2024-11-01,4,224564,,86316,138247,72965,99259,5251,47090,apportioned,1,fl-doe,2026-09-06T18:40:55+00:00
2024,FL,FL-09,2024-11-03,2,263923,,91882,172040,84896,115039,6386,57602,apportioned,1,fl-doe,2026-09-06T18:40:55+00:00
2024,FL,FL-09,2024-11-04,1,277224,,93830,183393,90047,118399,6741,62034,apportioned,1,fl-doe,2026-09-06T18:40:55+00:00
2024,FL,FL-09,2024-11-05,0,280081,,96666,183415,91059,119348,6825,62850,apportioned,1,fl-doe,2026-09-06T18:40:55+00:00
2024,FL,FL-09,2024-11-06,-1,282460,,99045,183415,91912,120060,6904,63585,apportioned,1,fl-doe,2026-09-06T18:40:55+00:00
2024,FL,FL-09,2024-11-07,-2,282477,,99062,183415,91914,120069,6904,63590,apportioned,1,fl-doe,2026-09-06T18:40:55+00:00
2024,FL,FL-09,2024-11-08,-3,282505,,99090,183415,91921,120081,6904,63599,apportioned,1,fl-doe,2026-09-06T18:40:55+00:00
2024,FL,FL-09,2024-11-09,-4,282544,,99129,183415,91941,120089,6907,63607,apportioned,1,fl-doe,2026-09-06T18:40:55+00:00
2024,FL,FL-09,2024-11-12,-7,282547,,99132,183415,91942,120089,6907,63608,apportioned,1,fl-doe,2026-09-06T18:40:55+00:00
2024,FL,FL-09,2024-11-13,-8,282565,,99150,183415,91952,120095,6908,63611,apportioned,1,fl-doe,2026-09-06T18:40:55+00:00
2024,FL,FL-09,2024-11-14,-9,282578,,99162,183415,91959,120096,6908,63614,apportioned,1,fl-doe,2026-09-06T18:40:55+00:00
2024,FL,FL-09,2024-11-17,-12,282605,,99189,183415,91972,120103,6908,63621,apportioned,1,fl-doe,2026-09-06T18:40:55+00:00
2024,FL,FL-09,2024-11-18,-13,282605,,99189,183415,91972,120103,6908,63621,apportioned,1,fl-doe,2026-09-06T18:40:55+00:00
2024,FL,FL-09,2024-11-20,-15,282605,,99189,183415,91972,120103,6908,63621,apportioned,1,fl-doe,2026-09-06T18:40:55+00:00
2024,FL,FL-10,2024-09-16,50,0,,0,0,0,0,0,0,apportioned,1,fl-doe,2026-09-06T18:40:55+00:00
2024,FL,FL-10,2024-09-17,49,0,,0,0,0,0,0,0,apportioned,1,fl-doe,2026-09-06T18:40:55+00:00
2024,FL,FL-10,2024-09-20,46,0,,0,0,0,0,0,0,apportioned,1,fl-doe,2026-09-06T18:40:55+00:00
2024,FL,FL-10,2024-09-24,42,0,,0,0,0,0,0,0,apportioned,1,fl-doe,2026-09-06T18:40:55+00:00
2024,FL,FL-10,2024-09-26,40,0,,0,0,0,0,0,0,apportioned,1,fl-doe,2026-09-06T18:40:55+00:00
2024,FL,FL-10,2024-09-29,37,0,,0,0,0,0,0,0,apportioned,1,fl-doe,2026-09-06T18:40:55+00:00
2024,FL,FL-10,2024-09-30,36,0,,0,0,0,0,0,0,apportioned,1,fl-doe,2026-09-06T18:40:55+00:00
2024,FL,FL-10,2024-10-01,35,0,,0,0,0,0,0,0,apportioned,1,fl-doe,2026-09-06T18:40:55+00:00
2024,FL,FL-10,2024-10-02,34,0,,0,0,0,0,0,0,apportioned,1,fl-doe,2026-09-06T18:40:55+00:00
2024,FL,FL-10,2024-10-03,33,0,,0,0,0,0,0,0,apportioned,1,fl-doe,2026-09-06T18:40:55+00:00
2024,FL,FL-10,2024-10-04,32,14,,14,0,7,2,0,6,apportioned,1,fl-doe,2026-09-06T18:40:55+00:00
2024,FL,FL-10,2024-10-06,30,14,,14,0,7,2,0,6,apportioned,1,fl-doe,2026-09-06T18:40:55+00:00
2024,FL,FL-10,2024-10-07,29,14,,14,0,7,2,0,6,apportioned,1,fl-doe,2026-09-06T18:40:55+00:00
2024,FL,FL-10,2024-10-23,13,50678,,32710,17968,24645,15114,1002,9917,apportioned,1,fl-doe,2026-09-06T18:40:55+00:00
2024,FL,FL-10,2024-10-28,8,109985,,45942,64042,49780,34808,2269,23128,apportioned,1,fl-doe,2026-09-06T18:40:55+00:00
2024,FL,FL-10,2024-10-29,7,124954,,49722,75233,56020,39562,2613,26759,apportioned,1,fl-doe,2026-09-06T18:40:55+00:00
2024,FL,FL-10,2024-10-31,5,155763,,56949,98814,68600,48873,3431,34859,apportioned,1,fl-doe,2026-09-06T18:40:55+00:00
2024,FL,FL-10,2024-11-01,4,171611,,61467,110144,74957,53524,3871,39258,apportioned,1,fl-doe,2026-09-06T18:40:55+00:00
2024,FL,FL-10,2024-11-03,2,204267,,67543,136724,88159,62289,4836,48982,apportioned,1,fl-doe,2026-09-06T18:40:55+00:00
2024,FL,FL-10,2024-11-04,1,220738,,69111,151627,94961,66150,5353,54275,apportioned,1,fl-doe,2026-09-06T18:40:55+00:00
2024,FL,FL-10,2024-11-05,0,223906,,72131,151775,96358,66850,5460,55239,apportioned,1,fl-doe,2026-09-06T18:40:55+00:00
2024,FL,FL-10,2024-11-06,-1,225920,,74145,151775,97219,67264,5530,55906,apportioned,1,fl-doe,2026-09-06T18:40:55+00:00
2024,FL,FL-10,2024-11-07,-2,225923,,74147,151775,97221,67264,5530,55907,apportioned,1,fl-doe,2026-09-06T18:40:55+00:00
2024,FL,FL-10,2024-11-08,-3,225933,,74158,151775,97227,67267,5530,55909,apportioned,1,fl-doe,2026-09-06T18:40:55+00:00
2024,FL,FL-10,2024-11-09,-4,225933,,74158,151775,97227,67267,5530,55909,apportioned,1,fl-doe,2026-09-06T18:40:55+00:00
2024,FL,FL-10,2024-11-12,-7,225948,,74173,151775,97234,67268,5531,55915,apportioned,1,fl-doe,2026-09-06T18:40:55+00:00
2024,FL,FL-10,2024-11-13,-8,225950,,74175,151775,97234,67268,5532,55915,apportioned,1,fl-doe,2026-09-06T18:40:55+00:00
2024,FL,FL-10,2024-11-14,-9,225983,,74207,151775,97251,67270,5533,55928,apportioned,1,fl-doe,2026-09-06T18:40:55+00:00
2024,FL,FL-10,2024-11-17,-12,226005,,74230,151775,97259,67274,5534,55938,apportioned,1,fl-doe,2026-09-06T18:40:55+00:00
2024,FL,FL-10,2024-11-18,-13,226005,,74230,151775,97259,67274,5534,55938,apportioned,1,fl-doe,2026-09-06T18:40:55+00:00
2024,FL,FL-10,2024-11-20,-15,226005,,74230,151775,97259,67274,5534,55938,apportioned,1,fl-doe,2026-09-06T18:40:55+00:00
2024,FL,FL-11,2024-09-16,50,0,,0,0,0,0,0,0,apportioned,1,fl-doe,2026-09-06T18:40:55+00:00
2024,FL,FL-11,2024-09-17,49,0,,0,0,0,0,0,0,apportioned,1,fl-doe,2026-09-06T18:40:55+00:00
2024,FL,FL-11,2024-09-20,46,0,,0,0,0,0,0,0,apportioned,1,fl-doe,2026-09-06T18:40:55+00:00
2024,FL,FL-11,2024-09-24,42,5,,5,0,0,4,0,1,apportioned,1,fl-doe,2026-09-06T18:40:55+00:00
2024,FL,FL-11,2024-09-26,40,49,,49,0,16,26,1,7,apportioned,1,fl-doe,2026-09-06T18:40:55+00:00
2024,FL,FL-11,2024-09-29,37,63,,63,0,25,28,1,10,apportioned,1,fl-doe,2026-09-06T18:40:55+00:00
2024,FL,FL-11,2024-09-30,36,63,,63,0,25,28,1,10,apportioned,1,fl-doe,2026-09-06T18:40:55+00:00
2024,FL,FL-11,2024-10-01,35,89,,89,0,33,42,2,13,apportioned,1,fl-doe,2026-09-06T18:40:55+00:00
2024,FL,FL-11,2024-10-02,34,284,,284,0,100,138,4,42,apportioned,1,fl-doe,2026-09-06T18:40:55+00:00
2024,FL,FL-11,2024-10-03,33,1188,,1188,0,457,513,22,196,apportioned,1,fl-doe,2026-09-06T18:40:55+00:00
2024,FL,FL-11,2024-10-04,32,2244,,2244,0,884,963,35,362,apportioned,1,fl-doe,2026-09-06T18:40:55+00:00
2024,FL,FL-11,2024-10-06,30,2641,,2641,0,1059,1090,44,448,apportioned,1,fl-doe,2026-09-06T18:40:55+00:00
2024,FL,FL-11,2024-10-07,29,2641,,2641,0,1059,1090,44,448,apportioned,1,fl-doe,2026-09-06T18:40:55+00:00
2024,FL,FL-11,2024-10-23,13,87323,,56374,30950,32497,37691,1605,15530,apportioned,1,fl-doe,2026-09-06T18:40:55+00:00
2024,FL,FL-11,2024-10-28,8,192399,,78786,113613,62039,91076,3785,35498,apportioned,1,fl-doe,2026-09-06T18:40:55+00:00
2024,FL,FL-11,2024-10-29,7,217365,,84604,132761,69280,102859,4349,40876,apportioned,1,fl-doe,2026-09-06T18:40:55+00:00
2024,FL,FL-11,2024-10-31,5,262947,,93769,169178,82651,123231,5544,51522,apportioned,1,fl-doe,2026-09-06T18:40:55+00:00
2024,FL,FL-11,2024-11-01,4,283971,,98450,185521,89036,132074,6126,56736,apportioned,1,fl-doe,2026-09-06T18:40:55+00:00
2024,FL,FL-11,2024-11-03,2,327759,,104630,223130,102621,149348,7386,68404,apportioned,1,fl-doe,2026-09-06T18:40:55+00:00
2024,FL,FL-11,2024-11-04,1,337860,,105591,232268,106792,151715,7702,71650,apportioned,1,fl-doe,2026-09-06T18:40:55+00:00
2024,FL,FL-11,2024-11-05,0,341166,,108806,232360,108052,152700,7809,72604,apportioned,1,fl-doe,2026-09-06T18:40:55+00:00
2024,FL,FL-11,2024-11-06,-1,343194,,110834,232360,108818,153259,7885,73233,apportioned,1,fl-doe,2026-09-06T18:40:55+00:00
2024,FL,FL-11,2024-11-07,-2,343205,,110846,232360,108821,153261,7885,73239,apportioned,1,fl-doe,2026-09-06T18:40:55+00:00
2024,FL,FL-11,2024-11-08,-3,343264,,110905,232360,108840,153277,7887,73260,apportioned,1,fl-doe,2026-09-06T18:40:55+00:00
2024,FL,FL-11,2024-11-09,-4,343315,,110956,232360,108858,153289,7889,73279,apportioned,1,fl-doe,2026-09-06T18:40:55+00:00
2024,FL,FL-11,2024-11-12,-7,343324,,110965,232360,108862,153290,7889,73283,apportioned,1,fl-doe,2026-09-06T18:40:55+00:00
2024,FL,FL-11,2024-11-13,-8,343332,,110973,232360,108865,153290,7889,73288,apportioned,1,fl-doe,2026-09-06T18:40:55+00:00
2024,FL,FL-11,2024-11-14,-9,343360,,111001,232360,108878,153294,7891,73298,apportioned,1,fl-doe,2026-09-06T18:40:55+00:00
2024,FL,FL-11,2024-11-17,-12,343390,,111031,232360,108889,153301,7892,73307,apportioned,1,fl-doe,2026-09-06T18:40:55+00:00
2024,FL,FL-11,2024-11-18,-13,343390,,111031,232360,108889,153301,7892,73307,apportioned,1,fl-doe,2026-09-06T18:40:55+00:00
2024,FL,FL-11,2024-11-20,-15,343390,,111031,232360,108889,153301,7892,73307,apportioned,1,fl-doe,2026-09-06T18:40:55+00:00
2024,FL,FL-12,2024-09-17,49,0,,0,0,0,0,0,0,apportioned,1,fl-doe,2026-09-06T18:40:55+00:00
2024,FL,FL-12,2024-09-20,46,0,,0,0,0,0,0,0,apportioned,1,fl-doe,2026-09-06T18:40:55+00:00
2024,FL,FL-12,2024-09-24,42,54,,54,0,24,17,1,13,apportioned,1,fl-doe,2026-09-06T18:40:55+00:00
2024,FL,FL-12,2024-09-26,40,105,,105,0,45,40,1,19,apportioned,1,fl-doe,2026-09-06T18:40:55+00:00
2024,FL,FL-12,2024-09-29,37,137,,137,0,52,56,3,25,apportioned,1,fl-doe,2026-09-06T18:40:55+00:00
2024,FL,FL-12,2024-09-30,36,137,,137,0,52,56,3,25,apportioned,1,fl-doe,2026-09-06T18:40:55+00:00
2024,FL,FL-12,2024-10-01,35,171,,171,0,65,67,4,34,apportioned,1,fl-doe,2026-09-06T18:40:55+00:00
2024,FL,FL-12,2024-10-02,34,226,,226,0,88,88,7,42,apportioned,1,fl-doe,2026-09-06T18:40:55+00:00
2024,FL,FL-12,2024-10-03,33,416,,416,0,146,183,10,76,apportioned,1,fl-doe,2026-09-06T18:40:55+00:00
2024,FL,FL-12,2024-10-04,32,1953,,1953,0,716,834,45,359,apportioned,1,fl-doe,2026-09-06T18:40:55+00:00
2024,FL,FL-12,2024-10-06,30,6407,,6407,0,2510,2609,136,1151,apportioned,1,fl-doe,2026-09-06T18:40:55+00:00
2024,FL,FL-12,2024-10-07,29,6407,,6407,0,2510,2609,136,1151,apportioned,1,fl-doe,2026-09-06T18:40:55+00:00
2024,FL,FL-12,2024-10-23,13,70094,,47493,22602,25857,29476,1539,13224,apportioned,1,fl-doe,2026-09-06T18:40:55+00:00
2024,FL,FL-12,2024-10-28,8,148691,,71346,77345,50095,65369,3446,29781,apportioned,1,fl-doe,2026-09-06T18:40:55+00:00
2024,FL,FL-12,2024-10-29,7,164887,,73746,91140,54674,72889,3884,33438,apportioned,1,fl-doe,2026-09-06T18:40:55+00:00
2024,FL,FL-12,2024-10-31,5,203516,,84345,119171,66691,89028,4989,42808,apportioned,1,fl-doe,2026-09-06T18:40:55+00:00
2024,FL,FL-12,2024-11-01,4,221468,,88778,132691,72136,96314,5500,47518,apportioned,1,fl-doe,2026-09-06T18:40:55+00:00
2024,FL,FL-12,2024-11-03,2,263106,,95577,167529,84829,112508,6822,58949,apportioned,1,fl-doe,2026-09-06T18:40:55+00:00
2024,FL,FL-12,2024-11-04,1,274385,,97522,176864,88913,115935,7168,62369,apportioned,1,fl-doe,2026-09-06T18:40:55+00:00
2024,FL,FL-12,2024-11-05,0,276418,,99554,176864,89734,116457,7237,62990,apportioned,1,fl-doe,2026-09-06T18:40:55+00:00
2024,FL,FL-12,2024-11-06,-1,279851,,102986,176864,90988,117419,7352,64090,apportioned,1,fl-doe,2026-09-06T18:40:55+00:00
2024,FL,FL-12,2024-11-07,-2,279914,,103050,176864,91017,117432,7354,64112,apportioned,1,fl-doe,2026-09-06T18:40:55+00:00
2024,FL,FL-12,2024-11-08,-3,279953,,103088,176864,91031,117443,7356,64123,apportioned,1,fl-doe,2026-09-06T18:40:55+00:00
2024,FL,FL-12,2024-11-09,-4,279960,,103095,176864,91035,117444,7356,64125,apportioned,1,fl-doe,2026-09-06T18:40:55+00:00
2024,FL,FL-12,2024-11-12,-7,279960,,103095,176864,91035,117444,7356,64125,apportioned,1,fl-doe,2026-09-06T18:40:55+00:00
2024,FL,FL-12,2024-11-13,-8,279971,,103107,176864,91039,117445,7356,64131,apportioned,1,fl-doe,2026-09-06T18:40:55+00:00
2024,FL,FL-12,2024-11-14,-9,280000,,103135,176864,91048,117452,7358,64142,apportioned,1,fl-doe,2026-09-06T18:40:55+00:00
2024,FL,FL-12,2024-11-17,-12,280016,,103150,176864,91056,117456,7358,64145,apportioned,1,fl-doe,2026-09-06T18:40:55+00:00
2024,FL,FL-12,2024-11-18,-13,280016,,103150,176864,91056,117456,7358,64145,apportioned,1,fl-doe,2026-09-06T18:40:55+00:00
2024,FL,FL-12,2024-11-20,-15,280016,,103150,176864,91056,117456,7358,64145,apportioned,1,fl-doe,2026-09-06T18:40:55+00:00
2024,FL,FL-13,2024-09-20,46,0,,0,0,0,0,0,0,apportioned,1,fl-doe,2026-09-06T18:40:55+00:00
2024,FL,FL-13,2024-09-24,42,32,,32,0,15,9,1,8,apportioned,1,fl-doe,2026-09-06T18:40:55+00:00
2024,FL,FL-13,2024-09-26,40,81,,81,0,35,21,4,20,apportioned,1,fl-doe,2026-09-06T18:40:55+00:00
2024,FL,FL-13,2024-09-29,37,96,,96,0,43,27,4,21,apportioned,1,fl-doe,2026-09-06T18:40:55+00:00
2024,FL,FL-13,2024-09-30,36,96,,96,0,43,27,4,21,apportioned,1,fl-doe,2026-09-06T18:40:55+00:00
2024,FL,FL-13,2024-10-01,35,148,,148,0,79,34,5,30,apportioned,1,fl-doe,2026-09-06T18:40:55+00:00
2024,FL,FL-13,2024-10-02,34,427,,427,0,184,147,14,84,apportioned,1,fl-doe,2026-09-06T18:40:55+00:00
2024,FL,FL-13,2024-10-03,33,534,,534,0,221,187,17,109,apportioned,1,fl-doe,2026-09-06T18:40:55+00:00
2024,FL,FL-13,2024-10-04,32,845,,845,0,335,313,24,174,apportioned,1,fl-doe,2026-09-06T18:40:55+00:00
2024,FL,FL-13,2024-10-06,30,1878,,1878,0,769,711,45,352,apportioned,1,fl-doe,2026-09-06T18:40:55+00:00
2024,FL,FL-13,2024-10-07,29,1878,,1878,0,769,711,45,352,apportioned,1,fl-doe,2026-09-06T18:40:55+00:00
2024,FL,FL-13,2024-10-23,13,83135,,69672,13463,32391,33165,1703,15876,apportioned,1,fl-doe,2026-09-06T18:40:55+00:00
2024,FL,FL-13,2024-10-28,8,162264,,117071,45193,59546,66996,3469,32252,apportioned,1,fl-doe,2026-09-06T18:40:55+00:00
2024,FL,FL-13,2024-10-29,7,177738,,123589,54149,64304,73753,3888,35792,apportioned,1,fl-doe,2026-09-06T18:40:55+00:00
2024,FL,FL-13,2024-10-31,5,216748,,142884,73865,77234,89477,4946,45092,apportioned,1,fl-doe,2026-09-06T18:40:55+00:00
2024,FL,FL-13,2024-11-01,4,234802,,151331,83471,83116,96629,5452,49605,apportioned,1,fl-doe,2026-09-06T18:40:55+00:00
2024,FL,FL-13,2024-11-03,2,270770,,164213,106556,94704,110616,6504,58946,apportioned,1,fl-doe,2026-09-06T18:40:55+00:00
2024,FL,FL-13,2024-11-04,1,286113,,168159,117953,99709,116222,6979,63204,apportioned,1,fl-doe,2026-09-06T18:40:55+00:00
2024,FL,FL-13,2024-11-05,0,297554,,174254,123300,103861,119925,7347,66420,apportioned,1,fl-doe,2026-09-06T18:40:55+00:00
2024,FL,FL-13,2024-11-06,-1,305889,,182589,123300,107186,122445,7552,68706,apportioned,1,fl-doe,2026-09-06T18:40:55+00:00
2024,FL,FL-13,2024-11-07,-2,305891,,182591,123300,107187,122446,7551,68706,apportioned,1,fl-doe,2026-09-06T18:40:55+00:00
2024,FL,FL-13,2024-11-08,-3,306056,,182757,123300,107251,122493,7556,68756,apportioned,1,fl-doe,2026-09-06T18:40:55+00:00
2024,FL,FL-13,2024-11-09,-4,306072,,182772,123300,107258,122495,7557,68761,apportioned,1,fl-doe,2026-09-06T18:40:55+00:00
2024,FL,FL-13,2024-11-12,-7,306072,,182772,123300,107258,122495,7557,68761,apportioned,1,fl-doe,2026-09-06T18:40:55+00:00
2024,FL,FL-13,2024-11-13,-8,306098,,182799,123300,107273,122500,7557,68768,apportioned,1,fl-doe,2026-09-06T18:40:55+00:00
2024,FL,FL-13,2024-11-14,-9,306101,,182801,123300,107274,122501,7557,68768,apportioned,1,fl-doe,2026-09-06T18:40:55+00:00
2024,FL,FL-13,2024-11-17,-12,306102,,182803,123300,107275,122502,7557,68769,apportioned,1,fl-doe,2026-09-06T18:40:55+00:00
2024,FL,FL-13,2024-11-18,-13,306102,,182803,123300,107275,122502,7557,68769,apportioned,1,fl-doe,2026-09-06T18:40:55+00:00
2024,FL,FL-13,2024-11-20,-15,306142,,182842,123300,107297,122508,7558,68779,apportioned,1,fl-doe,2026-09-06T18:40:55+00:00
2024,FL,FL-14,2024-09-17,49,0,,0,0,0,0,0,0,apportioned,1,fl-doe,2026-09-06T18:40:55+00:00
2024,FL,FL-14,2024-09-24,42,48,,48,0,27,12,1,7,apportioned,1,fl-doe,2026-09-06T18:40:55+00:00
2024,FL,FL-14,2024-09-26,40,76,,76,0,44,18,3,11,apportioned,1,fl-doe,2026-09-06T18:40:55+00:00
2024,FL,FL-14,2024-09-29,37,87,,87,0,51,20,3,13,apportioned,1,fl-doe,2026-09-06T18:40:55+00:00
2024,FL,FL-14,2024-09-30,36,87,,87,0,51,20,3,13,apportioned,1,fl-doe,2026-09-06T18:40:55+00:00
2024,FL,FL-14,2024-10-01,35,137,,137,0,73,37,3,24,apportioned,1,fl-doe,2026-09-06T18:40:55+00:00
2024,FL,FL-14,2024-10-02,34,184,,184,0,90,53,7,33,apportioned,1,fl-doe,2026-09-06T18:40:55+00:00
2024,FL,FL-14,2024-10-03,33,285,,285,0,124,94,12,56,apportioned,1,fl-doe,2026-09-06T18:40:55+00:00
2024,FL,FL-14,2024-10-04,32,324,,324,0,147,104,12,62,apportioned,1,fl-doe,2026-09-06T18:40:55+00:00
2024,FL,FL-14,2024-10-06,30,446,,446,0,191,153,14,88,apportioned,1,fl-doe,2026-09-06T18:40:55+00:00
2024,FL,FL-14,2024-10-07,29,446,,446,0,191,153,14,88,apportioned,1,fl-doe,2026-09-06T18:40:55+00:00
2024,FL,FL-14,2024-10-23,13,65955,,45218,20737,26845,25548,1330,12231,apportioned,1,fl-doe,2026-09-06T18:40:55+00:00
2024,FL,FL-14,2024-10-28,8,151386,,76746,74639,57530,60568,3157,30130,apportioned,1,fl-doe,2026-09-06T18:40:55+00:00
2024,FL,FL-14,2024-10-29,7,168460,,80108,88353,63283,67600,3577,34000,apportioned,1,fl-doe,2026-09-06T18:40:55+00:00
2024,FL,FL-14,2024-10-31,5,209965,,92544,117421,77875,83221,4696,44173,apportioned,1,fl-doe,2026-09-06T18:40:55+00:00
2024,FL,FL-14,2024-11-01,4,229507,,97761,131746,84575,90325,5223,49384,apportioned,1,fl-doe,2026-09-06T18:40:55+00:00
2024,FL,FL-14,2024-11-03,2,272117,,105502,166615,99668,104791,6437,61221,apportioned,1,fl-doe,2026-09-06T18:40:55+00:00
2024,FL,FL-14,2024-11-04,1,294157,,107812,186345,107657,111494,7102,67905,apportioned,1,fl-doe,2026-09-06T18:40:55+00:00
2024,FL,FL-14,2024-11-05,0,297609,,111266,186343,109094,112336,7212,68968,apportioned,1,fl-doe,2026-09-06T18:40:55+00:00
2024,FL,FL-14,2024-11-06,-1,301268,,114925,186343,110474,113289,7324,70182,apportioned,1,fl-doe,2026-09-06T18:40:55+00:00
2024,FL,FL-14,2024-11-07,-2,301373,,115030,186343,110518,113313,7326,70216,apportioned,1,fl-doe,2026-09-06T18:40:55+00:00
2024,FL,FL-14,2024-11-08,-3,301402,,115059,186343,110528,113321,7327,70226,apportioned,1,fl-doe,2026-09-06T18:40:55+00:00
2024,FL,FL-14,2024-11-09,-4,301412,,115070,186343,110534,113323,7327,70229,apportioned,1,fl-doe,2026-09-06T18:40:55+00:00
2024,FL,FL-14,2024-11-12,-7,301412,,115070,186343,110534,113323,7327,70229,apportioned,1,fl-doe,2026-09-06T18:40:55+00:00
2024,FL,FL-14,2024-11-13,-8,301421,,115078,186343,110536,113325,7328,70233,apportioned,1,fl-doe,2026-09-06T18:40:55+00:00
2024,FL,FL-14,2024-11-14,-9,301475,,115132,186343,110550,113340,7331,70255,apportioned,1,fl-doe,2026-09-06T18:40:55+00:00
2024,FL,FL-14,2024-11-17,-12,301502,,115160,186343,110565,113346,7331,70261,apportioned,1,fl-doe,2026-09-06T18:40:55+00:00
2024,FL,FL-14,2024-11-18,-13,301502,,115160,186343,110565,113346,7331,70261,apportioned,1,fl-doe,2026-09-06T18:40:55+00:00
2024,FL,FL-14,2024-11-20,-15,301502,,115160,186343,110565,113346,7331,70261,apportioned,1,fl-doe,2026-09-06T18:40:55+00:00
2024,FL,FL-15,2024-09-17,49,0,,0,0,0,0,0,0,apportioned,1,fl-doe,2026-09-06T18:40:55+00:00
2024,FL,FL-15,2024-09-20,46,0,,0,0,0,0,0,0,apportioned,1,fl-doe,2026-09-06T18:40:55+00:00
2024,FL,FL-15,2024-09-24,42,35,,35,0,16,11,0,8,apportioned,1,fl-doe,2026-09-06T18:40:55+00:00
2024,FL,FL-15,2024-09-26,40,71,,71,0,31,28,1,12,apportioned,1,fl-doe,2026-09-06T18:40:55+00:00
2024,FL,FL-15,2024-09-29,37,92,,92,0,37,35,2,19,apportioned,1,fl-doe,2026-09-06T18:40:55+00:00
2024,FL,FL-15,2024-09-30,36,92,,92,0,37,35,2,19,apportioned,1,fl-doe,2026-09-06T18:40:55+00:00
2024,FL,FL-15,2024-10-01,35,144,,144,0,63,53,3,26,apportioned,1,fl-doe,2026-09-06T18:40:55+00:00
2024,FL,FL-15,2024-10-02,34,357,,357,0,115,168,8,67,apportioned,1,fl-doe,2026-09-06T18:40:55+00:00
2024,FL,FL-15,2024-10-03,33,1221,,1221,0,373,589,31,228,apportioned,1,fl-doe,2026-09-06T18:40:55+00:00
2024,FL,FL-15,2024-10-04,32,3123,,3123,0,1046,1469,71,535,apportioned,1,fl-doe,2026-09-06T18:40:55+00:00
2024,FL,FL-15,2024-10-06,30,8153,,8153,0,2886,3711,173,1384,apportioned,1,fl-doe,2026-09-06T18:40:55+00:00
2024,FL,FL-15,2024-10-07,29,8153,,8153,0,2886,3711,173,1384,apportioned,1,fl-doe,2026-09-06T18:40:55+00:00
2024,FL,FL-15,2024-10-23,13,86952,,57077,29874,27236,43044,1917,14754,apportioned,1,fl-doe,2026-09-06T18:40:55+00:00
2024,FL,FL-15,2024-10-28,8,169720,,80609,89112,48278,86886,3997,30561,apportioned,1,fl-doe,2026-09-06T18:40:55+00:00
2024,FL,FL-15,2024-10-29,7,186811,,83051,103760,52212,96023,4496,34082,apportioned,1,fl-doe,2026-09-06T18:40:55+00:00
2024,FL,FL-15,2024-10-31,5,224709,,92928,131781,62207,114400,5609,42493,apportioned,1,fl-doe,2026-09-06T18:40:55+00:00
2024,FL,FL-15,2024-11-01,4,241350,,96732,144617,66451,122299,6096,46504,apportioned,1,fl-doe,2026-09-06T18:40:55+00:00
2024,FL,FL-15,2024-11-03,2,281195,,102623,178572,76743,140518,7401,56531,apportioned,1,fl-doe,2026-09-06T18:40:55+00:00
2024,FL,FL-15,2024-11-04,1,287526,,103807,183719,79030,142462,7595,58438,apportioned,1,fl-doe,2026-09-06T18:40:55+00:00
2024,FL,FL-15,2024-11-05,0,289599,,105880,183719,79746,143174,7677,59001,apportioned,1,fl-doe,2026-09-06T18:40:55+00:00
2024,FL,FL-15,2024-11-06,-1,292991,,109273,183719,80883,144284,7804,60021,apportioned,1,fl-doe,2026-09-06T18:40:55+00:00
2024,FL,FL-15,2024-11-07,-2,293025,,109306,183719,80897,144291,7805,60032,apportioned,1,fl-doe,2026-09-06T18:40:55+00:00
2024,FL,FL-15,2024-11-08,-3,293048,,109329,183719,80904,144299,7807,60038,apportioned,1,fl-doe,2026-09-06T18:40:55+00:00
2024,FL,FL-15,2024-11-09,-4,293096,,109377,183719,80923,144311,7809,60053,apportioned,1,fl-doe,2026-09-06T18:40:55+00:00
2024,FL,FL-15,2024-11-12,-7,293096,,109377,183719,80923,144311,7809,60053,apportioned,1,fl-doe,2026-09-06T18:40:55+00:00
2024,FL,FL-15,2024-11-13,-8,293109,,109390,183719,80928,144311,7809,60060,apportioned,1,fl-doe,2026-09-06T18:40:55+00:00
2024,FL,FL-15,2024-11-14,-9,293124,,109406,183719,80933,144315,7810,60066,apportioned,1,fl-doe,2026-09-06T18:40:55+00:00
2024,FL,FL-15,2024-11-17,-12,293164,,109446,183719,80943,144331,7814,60076,apportioned,1,fl-doe,2026-09-06T18:40:55+00:00
2024,FL,FL-15,2024-11-18,-13,293164,,109446,183719,80943,144331,7814,60076,apportioned,1,fl-doe,2026-09-06T18:40:55+00:00
2024,FL,FL-15,2024-11-20,-15,293164,,109446,183719,80943,144331,7814,60076,apportioned,1,fl-doe,2026-09-06T18:40:55+00:00
2024,FL,FL-16,2024-09-08,58,0,,0,0,0,0,0,0,apportioned,1,fl-doe,2026-09-06T18:40:55+00:00
2024,FL,FL-16,2024-09-10,56,0,,0,0,0,0,0,0,apportioned,1,fl-doe,2026-09-06T18:40:55+00:00
2024,FL,FL-16,2024-09-12,54,0,,0,0,0,0,0,0,apportioned,1,fl-doe,2026-09-06T18:40:55+00:00
2024,FL,FL-16,2024-09-16,50,0,,0,0,0,0,0,0,apportioned,1,fl-doe,2026-09-06T18:40:55+00:00
2024,FL,FL-16,2024-09-17,49,0,,0,0,0,0,0,0,apportioned,1,fl-doe,2026-09-06T18:40:55+00:00
2024,FL,FL-16,2024-09-20,46,0,,0,0,0,0,0,0,apportioned,1,fl-doe,2026-09-06T18:40:55+00:00
2024,FL,FL-16,2024-09-24,42,52,,52,0,17,23,3,9,apportioned,1,fl-doe,2026-09-06T18:40:55+00:00
2024,FL,FL-16,2024-09-26,40,122,,122,0,45,44,5,28,apportioned,1,fl-doe,2026-09-06T18:40:55+00:00
2024,FL,FL-16,2024-09-29,37,147,,147,0,58,53,5,31,apportioned,1,fl-doe,2026-09-06T18:40:55+00:00
2024,FL,FL-16,2024-09-30,36,147,,147,0,58,53,5,31,apportioned,1,fl-doe,2026-09-06T18:40:55+00:00
2024,FL,FL-16,2024-10-01,35,201,,201,0,82,70,5,45,apportioned,1,fl-doe,2026-09-06T18:40:55+00:00
2024,FL,FL-16,2024-10-02,34,511,,511,0,202,195,11,103,apportioned,1,fl-doe,2026-09-06T18:40:55+00:00
2024,FL,FL-16,2024-10-03,33,1058,,1058,0,422,423,17,195,apportioned,1,fl-doe,2026-09-06T18:40:55+00:00
2024,FL,FL-16,2024-10-04,32,1487,,1487,0,607,586,25,267,apportioned,1,fl-doe,2026-09-06T18:40:55+00:00
2024,FL,FL-16,2024-10-06,30,5946,,5946,0,2238,2571,111,1024,apportioned,1,fl-doe,2026-09-06T18:40:55+00:00
2024,FL,FL-16,2024-10-07,29,5946,,5946,0,2238,2572,111,1024,apportioned,1,fl-doe,2026-09-06T18:40:55+00:00
2024,FL,FL-16,2024-10-23,13,86777,,63659,23119,29807,39736,1744,15491,apportioned,1,fl-doe,2026-09-06T18:40:55+00:00
2024,FL,FL-16,2024-10-28,8,177146,,100374,76773,54937,85538,3772,32898,apportioned,1,fl-doe,2026-09-06T18:40:55+00:00
2024,FL,FL-16,2024-10-29,7,198680,,108126,90553,60575,96489,4303,37312,apportioned,1,fl-doe,2026-09-06T18:40:55+00:00
2024,FL,FL-16,2024-10-31,5,242231,,123703,118527,72278,117496,5500,46955,apportioned,1,fl-doe,2026-09-06T18:40:55+00:00
2024,FL,FL-16,2024-11-01,4,262894,,131357,131538,77862,127270,6064,51698,apportioned,1,fl-doe,2026-09-06T18:40:55+00:00
2024,FL,FL-16,2024-11-03,2,304634,,139737,164898,88591,146724,7301,62017,apportioned,1,fl-doe,2026-09-06T18:40:55+00:00
2024,FL,FL-16,2024-11-04,1,312740,,142159,170582,91099,149848,7549,64243,apportioned,1,fl-doe,2026-09-06T18:40:55+00:00
2024,FL,FL-16,2024-11-05,0,319810,,147250,172561,93541,152321,7766,66182,apportioned,1,fl-doe,2026-09-06T18:40:55+00:00
2024,FL,FL-16,2024-11-06,-1,325653,,153093,172561,95680,154328,7945,67702,apportioned,1,fl-doe,2026-09-06T18:40:55+00:00
2024,FL,FL-16,2024-11-07,-2,325681,,153120,172561,95693,154334,7945,67710,apportioned,1,fl-doe,2026-09-06T18:40:55+00:00
2024,FL,FL-16,2024-11-08,-3,325755,,153194,172561,95719,154357,7946,67733,apportioned,1,fl-doe,2026-09-06T18:40:55+00:00
2024,FL,FL-16,2024-11-09,-4,325769,,153209,172561,95726,154361,7948,67736,apportioned,1,fl-doe,2026-09-06T18:40:55+00:00
2024,FL,FL-16,2024-11-12,-7,325769,,153209,172561,95726,154361,7948,67736,apportioned,1,fl-doe,2026-09-06T18:40:55+00:00
2024,FL,FL-16,2024-11-13,-8,325837,,153276,172561,95749,154379,7952,67758,apportioned,1,fl-doe,2026-09-06T18:40:55+00:00
2024,FL,FL-16,2024-11-14,-9,325851,,153291,172561,95752,154380,7952,67768,apportioned,1,fl-doe,2026-09-06T18:40:55+00:00
2024,FL,FL-16,2024-11-17,-12,325857,,153295,172561,95754,154381,7952,67770,apportioned,1,fl-doe,2026-09-06T18:40:55+00:00
2024,FL,FL-16,2024-11-18,-13,325857,,153295,172561,95754,154381,7952,67770,apportioned,1,fl-doe,2026-09-06T18:40:55+00:00
2024,FL,FL-16,2024-11-20,-15,325871,,153310,172561,95762,154383,7953,67774,apportioned,1,fl-doe,2026-09-06T18:40:55+00:00
2024,FL,FL-17,2024-09-16,50,0,,0,0,0,0,0,0,apportioned,1,fl-doe,2026-09-06T18:40:55+00:00
2024,FL,FL-17,2024-09-17,49,0,,0,0,0,0,0,0,apportioned,1,fl-doe,2026-09-06T18:40:55+00:00
2024,FL,FL-17,2024-09-20,46,0,,0,0,0,0,0,0,apportioned,1,fl-doe,2026-09-06T18:40:55+00:00
2024,FL,FL-17,2024-09-24,42,69,,69,0,20,25,8,15,apportioned,1,fl-doe,2026-09-06T18:40:55+00:00
2024,FL,FL-17,2024-09-26,40,109,,109,0,34,42,10,23,apportioned,1,fl-doe,2026-09-06T18:40:55+00:00
2024,FL,FL-17,2024-09-29,37,174,,174,0,58,68,12,37,apportioned,1,fl-doe,2026-09-06T18:40:55+00:00
2024,FL,FL-17,2024-09-30,36,174,,174,0,58,68,12,37,apportioned,1,fl-doe,2026-09-06T18:40:55+00:00
2024,FL,FL-17,2024-10-01,35,239,,239,0,84,86,17,51,apportioned,1,fl-doe,2026-09-06T18:40:55+00:00
2024,FL,FL-17,2024-10-02,34,317,,317,0,114,115,19,68,apportioned,1,fl-doe,2026-09-06T18:40:55+00:00
2024,FL,FL-17,2024-10-03,33,2672,,2672,0,1019,1113,84,457,apportioned,1,fl-doe,2026-09-06T18:40:55+00:00
2024,FL,FL-17,2024-10-04,32,6645,,6645,0,2617,2720,184,1124,apportioned,1,fl-doe,2026-09-06T18:40:55+00:00
2024,FL,FL-17,2024-10-06,30,13938,,13938,0,5285,5861,348,2444,apportioned,1,fl-doe,2026-09-06T18:40:55+00:00
2024,FL,FL-17,2024-10-07,29,13939,,13939,0,5285,5861,348,2444,apportioned,1,fl-doe,2026-09-06T18:40:55+00:00
2024,FL,FL-17,2024-10-23,13,116156,,84706,31450,36761,55644,2539,21211,apportioned,1,fl-doe,2026-09-06T18:40:55+00:00
2024,FL,FL-17,2024-10-28,8,212517,,116138,96378,58414,108836,4912,40356,apportioned,1,fl-doe,2026-09-06T18:40:55+00:00
2024,FL,FL-17,2024-10-29,7,236819,,124027,112793,63774,121890,5501,45654,apportioned,1,fl-doe,2026-09-06T18:40:55+00:00
2024,FL,FL-17,2024-10-31,5,283210,,139221,143990,74115,146086,6826,56184,apportioned,1,fl-doe,2026-09-06T18:40:55+00:00
2024,FL,FL-17,2024-11-01,4,308221,,150350,157871,80307,158246,7519,62149,apportioned,1,fl-doe,2026-09-06T18:40:55+00:00
2024,FL,FL-17,2024-11-03,2,347846,,159003,188843,88800,178091,8811,72145,apportioned,1,fl-doe,2026-09-06T18:40:55+00:00
2024,FL,FL-17,2024-11-04,1,360463,,159455,201008,91308,184455,9267,75434,apportioned,1,fl-doe,2026-09-06T18:40:55+00:00
2024,FL,FL-17,2024-11-05,0,364881,,163872,201008,92725,186199,9381,76577,apportioned,1,fl-doe,2026-09-06T18:40:55+00:00
2024,FL,FL-17,2024-11-06,-1,369172,,168163,201008,94057,187810,9522,77783,apportioned,1,fl-doe,2026-09-06T18:40:55+00:00
2024,FL,FL-17,2024-11-07,-2,369241,,168233,201008,94088,187825,9523,77804,apportioned,1,fl-doe,2026-09-06T18:40:55+00:00
2024,FL,FL-17,2024-11-08,-3,369278,,168270,201008,94100,187834,9527,77818,apportioned,1,fl-doe,2026-09-06T18:40:55+00:00
2024,FL,FL-17,2024-11-09,-4,369320,,168311,201008,94114,187844,9529,77831,apportioned,1,fl-doe,2026-09-06T18:40:55+00:00
2024,FL,FL-17,2024-11-12,-7,369320,,168311,201008,94114,187844,9529,77831,apportioned,1,fl-doe,2026-09-06T18:40:55+00:00
2024,FL,FL-17,2024-11-13,-8,369363,,168354,201008,94134,187855,9530,77844,apportioned,1,fl-doe,2026-09-06T18:40:55+00:00
2024,FL,FL-17,2024-11-14,-9,369390,,168381,201008,94146,187857,9530,77856,apportioned,1,fl-doe,2026-09-06T18:40:55+00:00
2024,FL,FL-17,2024-11-17,-12,369427,,168419,201008,94159,187869,9533,77867,apportioned,1,fl-doe,2026-09-06T18:40:55+00:00
2024,FL,FL-17,2024-11-18,-13,369427,,168419,201008,94159,187869,9533,77867,apportioned,1,fl-doe,2026-09-06T18:40:55+00:00
2024,FL,FL-17,2024-11-20,-15,369427,,168419,201008,94159,187869,9533,77867,apportioned,1,fl-doe,2026-09-06T18:40:55+00:00
2024,FL,FL-18,2024-09-20,46,0,,0,0,0,0,0,0,apportioned,1,fl-doe,2026-09-06T18:40:55+00:00
2024,FL,FL-18,2024-09-24,42,1,,1,0,0,1,0,1,apportioned,1,fl-doe,2026-09-06T18:40:55+00:00
2024,FL,FL-18,2024-09-26,40,2,,2,0,0,1,0,1,apportioned,1,fl-doe,2026-09-06T18:40:55+00:00
2024,FL,FL-18,2024-09-29,37,3,,3,0,1,1,0,1,apportioned,1,fl-doe,2026-09-06T18:40:55+00:00
2024,FL,FL-18,2024-09-30,36,3,,3,0,1,1,0,1,apportioned,1,fl-doe,2026-09-06T18:40:55+00:00
2024,FL,FL-18,2024-10-01,35,3,,3,0,1,1,0,1,apportioned,1,fl-doe,2026-09-06T18:40:55+00:00
2024,FL,FL-18,2024-10-02,34,19,,19,0,6,8,1,4,apportioned,1,fl-doe,2026-09-06T18:40:55+00:00
2024,FL,FL-18,2024-10-03,33,173,,173,0,49,85,3,35,apportioned,1,fl-doe,2026-09-06T18:40:55+00:00
2024,FL,FL-18,2024-10-04,32,210,,210,0,66,98,3,42,apportioned,1,fl-doe,2026-09-06T18:40:55+00:00
2024,FL,FL-18,2024-10-06,30,1944,,1944,0,777,813,43,313,apportioned,1,fl-doe,2026-09-06T18:40:55+00:00
2024,FL,FL-18,2024-10-07,29,1944,,1944,0,777,813,43,313,apportioned,1,fl-doe,2026-09-06T18:40:55+00:00
2024,FL,FL-18,2024-10-23,13,67655,,46501,21155,25207,30066,1277,11104,apportioned,1,fl-doe,2026-09-06T18:40:55+00:00
2024,FL,FL-18,2024-10-28,8,133438,,67247,66190,46105,61180,2706,23446,apportioned,1,fl-doe,2026-09-06T18:40:55+00:00
2024,FL,FL-18,2024-10-29,7,150002,,70875,79126,51126,68951,3109,26817,apportioned,1,fl-doe,2026-09-06T18:40:55+00:00
2024,FL,FL-18,2024-10-31,5,179478,,74795,104683,59990,82382,3913,33193,apportioned,1,fl-doe,2026-09-06T18:40:55+00:00
2024,FL,FL-18,2024-11-01,4,197278,,80725,116552,65700,89781,4362,37434,apportioned,1,fl-doe,2026-09-06T18:40:55+00:00
2024,FL,FL-18,2024-11-03,2,234149,,88267,145882,77358,104672,5394,46725,apportioned,1,fl-doe,2026-09-06T18:40:55+00:00
2024,FL,FL-18,2024-11-04,1,250702,,89115,161587,82509,111028,5843,51323,apportioned,1,fl-doe,2026-09-06T18:40:55+00:00
2024,FL,FL-18,2024-11-05,0,253989,,92404,161585,83818,111980,5923,52266,apportioned,1,fl-doe,2026-09-06T18:40:55+00:00
2024,FL,FL-18,2024-11-06,-1,256682,,95097,161585,84802,112797,6005,53077,apportioned,1,fl-doe,2026-09-06T18:40:55+00:00
2024,FL,FL-18,2024-11-07,-2,256683,,95098,161585,84803,112797,6005,53077,apportioned,1,fl-doe,2026-09-06T18:40:55+00:00
2024,FL,FL-18,2024-11-08,-3,256681,,95096,161585,84803,112795,6005,53077,apportioned,1,fl-doe,2026-09-06T18:40:55+00:00
2024,FL,FL-18,2024-11-09,-4,256689,,95104,161585,84807,112797,6005,53079,apportioned,1,fl-doe,2026-09-06T18:40:55+00:00
2024,FL,FL-18,2024-11-12,-7,256689,,95104,161585,84807,112797,6005,53079,apportioned,1,fl-doe,2026-09-06T18:40:55+00:00
2024,FL,FL-18,2024-11-13,-8,256708,,95124,161585,84817,112798,6005,53087,apportioned,1,fl-doe,2026-09-06T18:40:55+00:00
2024,FL,FL-18,2024-11-14,-9,256709,,95125,161585,84817,112798,6005,53088,apportioned,1,fl-doe,2026-09-06T18:40:55+00:00
2024,FL,FL-18,2024-11-17,-12,256759,,95175,161585,84842,112810,6012,53095,apportioned,1,fl-doe,2026-09-06T18:40:55+00:00
2024,FL,FL-18,2024-11-18,-13,256759,,95175,161585,84842,112810,6012,53095,apportioned,1,fl-doe,2026-09-06T18:40:55+00:00
2024,FL,FL-18,2024-11-20,-15,256759,,95175,161585,84842,112810,6012,53095,apportioned,1,fl-doe,2026-09-06T18:40:55+00:00
2024,FL,FL-19,2024-09-16,50,0,,0,0,0,0,0,0,apportioned,1,fl-doe,2026-09-06T18:40:55+00:00
2024,FL,FL-19,2024-09-17,49,0,,0,0,0,0,0,0,apportioned,1,fl-doe,2026-09-06T18:40:55+00:00
2024,FL,FL-19,2024-09-20,46,0,,0,0,0,0,0,0,apportioned,1,fl-doe,2026-09-06T18:40:55+00:00
2024,FL,FL-19,2024-09-24,42,33,,33,0,13,11,2,7,apportioned,1,fl-doe,2026-09-06T18:40:55+00:00
2024,FL,FL-19,2024-09-26,40,75,,75,0,28,24,5,19,apportioned,1,fl-doe,2026-09-06T18:40:55+00:00
2024,FL,FL-19,2024-09-29,37,80,,80,0,30,26,5,19,apportioned,1,fl-doe,2026-09-06T18:40:55+00:00
2024,FL,FL-19,2024-09-30,36,80,,80,0,30,26,5,19,apportioned,1,fl-doe,2026-09-06T18:40:55+00:00
2024,FL,FL-19,2024-10-01,35,151,,151,0,58,50,5,38,apportioned,1,fl-doe,2026-09-06T18:40:55+00:00
2024,FL,FL-19,2024-10-02,34,210,,210,0,73,74,8,55,apportioned,1,fl-doe,2026-09-06T18:40:55+00:00
2024,FL,FL-19,2024-10-03,33,540,,540,0,164,226,17,132,apportioned,1,fl-doe,2026-09-06T18:40:55+00:00
2024,FL,FL-19,2024-10-04,32,2534,,2534,0,739,1230,59,506,apportioned,1,fl-doe,2026-09-06T18:40:55+00:00
2024,FL,FL-19,2024-10-06,30,13470,,13470,0,3883,6555,268,2765,apportioned,1,fl-doe,2026-09-06T18:40:55+00:00
2024,FL,FL-19,2024-10-07,29,13470,,13470,0,3883,6555,268,2765,apportioned,1,fl-doe,2026-09-06T18:40:55+00:00
2024,FL,FL-19,2024-10-23,13,128680,,99195,29485,32913,67747,2523,25498,apportioned,1,fl-doe,2026-09-06T18:40:55+00:00
2024,FL,FL-19,2024-10-28,8,219733,,128516,91217,50922,119805,4504,44503,apportioned,1,fl-doe,2026-09-06T18:40:55+00:00
2024,FL,FL-19,2024-10-29,7,240577,,133996,106581,54825,131483,5052,49218,apportioned,1,fl-doe,2026-09-06T18:40:55+00:00
2024,FL,FL-19,2024-10-31,5,284849,,148329,136519,63863,154984,6191,59811,apportioned,1,fl-doe,2026-09-06T18:40:55+00:00
2024,FL,FL-19,2024-11-01,4,304231,,153958,150273,67818,164989,6697,64727,apportioned,1,fl-doe,2026-09-06T18:40:55+00:00
2024,FL,FL-19,2024-11-03,2,344363,,161205,183158,76437,184573,7896,75456,apportioned,1,fl-doe,2026-09-06T18:40:55+00:00
2024,FL,FL-19,2024-11-04,1,344363,,161205,183158,76437,184573,7896,75456,apportioned,1,fl-doe,2026-09-06T18:40:55+00:00
2024,FL,FL-19,2024-11-05,0,349588,,166432,183156,77839,186847,8027,76874,apportioned,1,fl-doe,2026-09-06T18:40:55+00:00
2024,FL,FL-19,2024-11-06,-1,354547,,171391,183156,79165,188820,8179,78382,apportioned,1,fl-doe,2026-09-06T18:40:55+00:00
2024,FL,FL-19,2024-11-07,-2,354558,,171403,183156,79173,188822,8179,78386,apportioned,1,fl-doe,2026-09-06T18:40:55+00:00
2024,FL,FL-19,2024-11-08,-3,354571,,171415,183156,79176,188825,8179,78389,apportioned,1,fl-doe,2026-09-06T18:40:55+00:00
2024,FL,FL-19,2024-11-09,-4,354579,,171423,183156,79179,188829,8179,78393,apportioned,1,fl-doe,2026-09-06T18:40:55+00:00
2024,FL,FL-19,2024-11-12,-7,354579,,171423,183156,79179,188829,8179,78393,apportioned,1,fl-doe,2026-09-06T18:40:55+00:00
2024,FL,FL-19,2024-11-13,-8,354626,,171470,183156,79198,188838,8182,78408,apportioned,1,fl-doe,2026-09-06T18:40:55+00:00
2024,FL,FL-19,2024-11-14,-9,354630,,171474,183156,79201,188838,8182,78410,apportioned,1,fl-doe,2026-09-06T18:40:55+00:00
2024,FL,FL-19,2024-11-17,-12,354672,,171516,183156,79220,188848,8182,78420,apportioned,1,fl-doe,2026-09-06T18:40:55+00:00
2024,FL,FL-19,2024-11-18,-13,354672,,171516,183156,79220,188848,8182,78420,apportioned,1,fl-doe,2026-09-06T18:40:55+00:00
2024,FL,FL-19,2024-11-20,-15,354672,,171516,183156,79220,188848,8182,78420,apportioned,1,fl-doe,2026-09-06T18:40:55+00:00
2024,FL,FL-20,2024-09-20,46,0,,0,0,0,0,0,0,apportioned,1,fl-doe,2026-09-06T18:40:55+00:00
2024,FL,FL-20,2024-09-24,42,0,,0,0,0,0,0,0,apportioned,1,fl-doe,2026-09-06T18:40:55+00:00
2024,FL,FL-20,2024-09-26,40,0,,0,0,0,0,0,0,apportioned,1,fl-doe,2026-09-06T18:40:55+00:00
2024,FL,FL-20,2024-09-29,37,0,,0,0,0,0,0,0,apportioned,1,fl-doe,2026-09-06T18:40:55+00:00
2024,FL,FL-20,2024-09-30,36,0,,0,0,0,0,0,0,apportioned,1,fl-doe,2026-09-06T18:40:55+00:00
2024,FL,FL-20,2024-10-01,35,0,,0,0,0,0,0,0,apportioned,1,fl-doe,2026-09-06T18:40:55+00:00
2024,FL,FL-20,2024-10-02,34,43,,43,0,28,6,1,9,apportioned,1,fl-doe,2026-09-06T18:40:55+00:00
2024,FL,FL-20,2024-10-03,33,43,,43,0,28,6,1,9,apportioned,1,fl-doe,2026-09-06T18:40:55+00:00
2024,FL,FL-20,2024-10-04,32,66,,66,0,41,10,1,14,apportioned,1,fl-doe,2026-09-06T18:40:55+00:00
2024,FL,FL-20,2024-10-06,30,282,,282,0,151,67,6,58,apportioned,1,fl-doe,2026-09-06T18:40:55+00:00
2024,FL,FL-20,2024-10-07,29,282,,282,0,151,67,6,58,apportioned,1,fl-doe,2026-09-06T18:40:55+00:00
2024,FL,FL-20,2024-10-23,13,63114,,43243,19870,33553,15859,1144,12558,apportioned,1,fl-doe,2026-09-06T18:40:55+00:00
2024,FL,FL-20,2024-10-28,8,134671,,64574,70097,67772,35315,2516,29068,apportioned,1,fl-doe,2026-09-06T18:40:55+00:00
2024,FL,FL-20,2024-10-29,7,149132,,67701,81431,74318,39228,2813,32773,apportioned,1,fl-doe,2026-09-06T18:40:55+00:00
2024,FL,FL-20,2024-10-31,5,182995,,77443,105552,89786,47751,3563,41895,apportioned,1,fl-doe,2026-09-06T18:40:55+00:00
2024,FL,FL-20,2024-11-01,4,199017,,81674,117343,97011,51554,3916,46536,apportioned,1,fl-doe,2026-09-06T18:40:55+00:00
2024,FL,FL-20,2024-11-03,2,233710,,88897,144813,112724,59355,4741,56890,apportioned,1,fl-doe,2026-09-06T18:40:55+00:00
2024,FL,FL-20,2024-11-04,1,253086,,92491,160595,121696,63246,5228,62917,apportioned,1,fl-doe,2026-09-06T18:40:55+00:00
2024,FL,FL-20,2024-11-05,0,256913,,96318,160595,123624,63813,5322,64153,apportioned,1,fl-doe,2026-09-06T18:40:55+00:00
2024,FL,FL-20,2024-11-06,-1,260828,,100234,160595,125536,64399,5420,65474,apportioned,1,fl-doe,2026-09-06T18:40:55+00:00
2024,FL,FL-20,2024-11-07,-2,260848,,100253,160595,125546,64401,5420,65481,apportioned,1,fl-doe,2026-09-06T18:40:55+00:00
2024,FL,FL-20,2024-11-08,-3,260903,,100308,160595,125571,64410,5422,65500,apportioned,1,fl-doe,2026-09-06T18:40:55+00:00
2024,FL,FL-20,2024-11-09,-4,260903,,100309,160595,125571,64410,5422,65501,apportioned,1,fl-doe,2026-09-06T18:40:55+00:00
2024,FL,FL-20,2024-11-12,-7,260903,,100309,160595,125571,64410,5422,65501,apportioned,1,fl-doe,2026-09-06T18:40:55+00:00
2024,FL,FL-20,2024-11-13,-8,260904,,100310,160595,125571,64410,5422,65501,apportioned,1,fl-doe,2026-09-06T18:40:55+00:00
2024,FL,FL-20,2024-11-14,-9,260943,,100348,160595,125589,64417,5423,65514,apportioned,1,fl-doe,2026-09-06T18:40:55+00:00
2024,FL,FL-20,2024-11-17,-12,260977,,100382,160595,125610,64421,5423,65522,apportioned,1,fl-doe,2026-09-06T18:40:55+00:00
2024,FL,FL-20,2024-11-18,-13,260977,,100382,160595,125610,64421,5423,65522,apportioned,1,fl-doe,2026-09-06T18:40:55+00:00
2024,FL,FL-20,2024-11-20,-15,260977,,100382,160595,125610,64421,5423,65522,apportioned,1,fl-doe,2026-09-06T18:40:55+00:00
2024,FL,FL-21,2024-09-08,58,0,,0,0,0,0,0,0,apportioned,1,fl-doe,2026-09-06T18:40:55+00:00
2024,FL,FL-21,2024-09-10,56,0,,0,0,0,0,0,0,apportioned,1,fl-doe,2026-09-06T18:40:55+00:00
2024,FL,FL-21,2024-09-16,50,0,,0,0,0,0,0,0,apportioned,1,fl-doe,2026-09-06T18:40:55+00:00
2024,FL,FL-21,2024-09-17,49,0,,0,0,0,0,0,0,apportioned,1,fl-doe,2026-09-06T18:40:55+00:00
2024,FL,FL-21,2024-09-20,46,0,,0,0,0,0,0,0,apportioned,1,fl-doe,2026-09-06T18:40:55+00:00
2024,FL,FL-21,2024-09-24,42,15,,15,0,9,3,0,3,apportioned,1,fl-doe,2026-09-06T18:40:55+00:00
2024,FL,FL-21,2024-09-26,40,31,,31,0,17,6,1,8,apportioned,1,fl-doe,2026-09-06T18:40:55+00:00
2024,FL,FL-21,2024-09-29,37,50,,50,0,26,9,1,14,apportioned,1,fl-doe,2026-09-06T18:40:55+00:00
2024,FL,FL-21,2024-09-30,36,50,,50,0,26,9,1,14,apportioned,1,fl-doe,2026-09-06T18:40:55+00:00
2024,FL,FL-21,2024-10-01,35,316,,316,0,166,88,6,56,apportioned,1,fl-doe,2026-09-06T18:40:55+00:00
2024,FL,FL-21,2024-10-02,34,3056,,3056,0,1490,889,73,604,apportioned,1,fl-doe,2026-09-06T18:40:55+00:00
2024,FL,FL-21,2024-10-03,33,5814,,5814,0,2825,1746,138,1106,apportioned,1,fl-doe,2026-09-06T18:40:55+00:00
2024,FL,FL-21,2024-10-04,32,9865,,9865,0,4658,3142,240,1825,apportioned,1,fl-doe,2026-09-06T18:40:55+00:00
2024,FL,FL-21,2024-10-06,30,15365,,15365,0,7167,5128,357,2713,apportioned,1,fl-doe,2026-09-06T18:40:55+00:00
2024,FL,FL-21,2024-10-07,29,15365,,15365,0,7167,5128,357,2713,apportioned,1,fl-doe,2026-09-06T18:40:55+00:00
2024,FL,FL-21,2024-10-23,13,110572,,73475,37097,43028,44869,2718,19957,apportioned,1,fl-doe,2026-09-06T18:40:55+00:00
2024,FL,FL-21,2024-10-28,8,209253,,97741,111512,74069,89906,5464,39815,apportioned,1,fl-doe,2026-09-06T18:40:55+00:00
2024,FL,FL-21,2024-10-29,7,230514,,102196,128318,80511,99429,6113,44462,apportioned,1,fl-doe,2026-09-06T18:40:55+00:00
2024,FL,FL-21,2024-10-31,5,272839,,111782,161057,94014,116856,7500,54469,apportioned,1,fl-doe,2026-09-06T18:40:55+00:00
2024,FL,FL-21,2024-11-01,4,291765,,115657,176109,99994,124482,8118,59172,apportioned,1,fl-doe,2026-09-06T18:40:55+00:00
2024,FL,FL-21,2024-11-03,2,334871,,122913,211959,113581,141225,9635,70430,apportioned,1,fl-doe,2026-09-06T18:40:55+00:00
2024,FL,FL-21,2024-11-04,1,349701,,123560,226141,118893,145974,10138,74696,apportioned,1,fl-doe,2026-09-06T18:40:55+00:00
2024,FL,FL-21,2024-11-05,0,354338,,128197,226141,120653,147319,10302,76064,apportioned,1,fl-doe,2026-09-06T18:40:55+00:00
2024,FL,FL-21,2024-11-06,-1,357116,,130976,226141,121742,148061,10405,76908,apportioned,1,fl-doe,2026-09-06T18:40:55+00:00
2024,FL,FL-21,2024-11-07,-2,357259,,131118,226141,121809,148092,10413,76945,apportioned,1,fl-doe,2026-09-06T18:40:55+00:00
2024,FL,FL-21,2024-11-08,-3,357304,,131163,226141,121827,148107,10414,76956,apportioned,1,fl-doe,2026-09-06T18:40:55+00:00
2024,FL,FL-21,2024-11-09,-4,357338,,131198,226141,121843,148114,10414,76968,apportioned,1,fl-doe,2026-09-06T18:40:55+00:00
2024,FL,FL-21,2024-11-12,-7,357338,,131198,226141,121843,148114,10414,76968,apportioned,1,fl-doe,2026-09-06T18:40:55+00:00
2024,FL,FL-21,2024-11-13,-8,357369,,131229,226141,121861,148118,10414,76976,apportioned,1,fl-doe,2026-09-06T18:40:55+00:00
2024,FL,FL-21,2024-11-14,-9,357392,,131252,226141,121871,148122,10415,76984,apportioned,1,fl-doe,2026-09-06T18:40:55+00:00
2024,FL,FL-21,2024-11-17,-12,357427,,131286,226141,121891,148130,10415,76991,apportioned,1,fl-doe,2026-09-06T18:40:55+00:00
2024,FL,FL-21,2024-11-18,-13,357427,,131286,226141,121891,148130,10415,76991,apportioned,1,fl-doe,2026-09-06T18:40:55+00:00
2024,FL,FL-21,2024-11-20,-15,357429,,131289,226141,121893,148129,10416,76991,apportioned,1,fl-doe,2026-09-06T18:40:55+00:00
2024,FL,FL-22,2024-09-16,50,0,,0,0,0,0,0,0,apportioned,1,fl-doe,2026-09-06T18:40:55+00:00
2024,FL,FL-22,2024-09-17,49,0,,0,0,0,0,0,0,apportioned,1,fl-doe,2026-09-06T18:40:55+00:00
2024,FL,FL-22,2024-09-20,46,0,,0,0,0,0,0,0,apportioned,1,fl-doe,2026-09-06T18:40:55+00:00
2024,FL,FL-22,2024-09-24,42,23,,23,0,10,7,0,5,apportioned,1,fl-doe,2026-09-06T18:40:55+00:00
2024,FL,FL-22,2024-09-26,40,45,,45,0,21,12,0,11,apportioned,1,fl-doe,2026-09-06T18:40:55+00:00
2024,FL,FL-22,2024-09-29,37,61,,61,0,29,15,1,16,apportioned,1,fl-doe,2026-09-06T18:40:55+00:00
2024,FL,FL-22,2024-09-30,36,61,,61,0,29,15,1,16,apportioned,1,fl-doe,2026-09-06T18:40:55+00:00
2024,FL,FL-22,2024-10-01,35,199,,199,0,103,52,4,41,apportioned,1,fl-doe,2026-09-06T18:40:55+00:00
2024,FL,FL-22,2024-10-02,34,1598,,1598,0,798,441,39,320,apportioned,1,fl-doe,2026-09-06T18:40:55+00:00
2024,FL,FL-22,2024-10-03,33,3000,,3000,0,1453,882,76,590,apportioned,1,fl-doe,2026-09-06T18:40:55+00:00
2024,FL,FL-22,2024-10-04,32,5552,,5552,0,2431,1930,132,1059,apportioned,1,fl-doe,2026-09-06T18:40:55+00:00
2024,FL,FL-22,2024-10-06,30,7671,,7671,0,3296,2760,171,1444,apportioned,1,fl-doe,2026-09-06T18:40:55+00:00
2024,FL,FL-22,2024-10-07,29,7671,,7671,0,3296,2760,171,1444,apportioned,1,fl-doe,2026-09-06T18:40:55+00:00
2024,FL,FL-22,2024-10-23,13,90428,,62700,27729,36835,34627,1829,17137,apportioned,1,fl-doe,2026-09-06T18:40:55+00:00
2024,FL,FL-22,2024-10-28,8,172379,,85543,86836,66580,67340,3584,34873,apportioned,1,fl-doe,2026-09-06T18:40:55+00:00
2024,FL,FL-22,2024-10-29,7,190789,,89791,100998,72705,74917,4031,39137,apportioned,1,fl-doe,2026-09-06T18:40:55+00:00
2024,FL,FL-22,2024-10-31,5,229367,,100010,129357,86336,89253,5011,48767,apportioned,1,fl-doe,2026-09-06T18:40:55+00:00
2024,FL,FL-22,2024-11-01,4,247156,,104394,142761,92698,95455,5465,53538,apportioned,1,fl-doe,2026-09-06T18:40:55+00:00
2024,FL,FL-22,2024-11-03,2,284905,,110883,174022,106364,107907,6485,64151,apportioned,1,fl-doe,2026-09-06T18:40:55+00:00
2024,FL,FL-22,2024-11-04,1,299729,,113129,186599,112749,111332,6883,68765,apportioned,1,fl-doe,2026-09-06T18:40:55+00:00
2024,FL,FL-22,2024-11-05,0,304156,,117556,186599,114527,112571,6997,70062,apportioned,1,fl-doe,2026-09-06T18:40:55+00:00
2024,FL,FL-22,2024-11-06,-1,307894,,121295,186599,116064,113468,7112,71249,apportioned,1,fl-doe,2026-09-06T18:40:55+00:00
2024,FL,FL-22,2024-11-07,-2,307923,,121323,186599,116078,113475,7113,71257,apportioned,1,fl-doe,2026-09-06T18:40:55+00:00
2024,FL,FL-22,2024-11-08,-3,307969,,121370,186599,116099,113483,7116,71274,apportioned,1,fl-doe,2026-09-06T18:40:55+00:00
2024,FL,FL-22,2024-11-09,-4,307982,,121382,186599,116102,113486,7116,71278,apportioned,1,fl-doe,2026-09-06T18:40:55+00:00
2024,FL,FL-22,2024-11-12,-7,307982,,121382,186599,116102,113486,7116,71278,apportioned,1,fl-doe,2026-09-06T18:40:55+00:00
2024,FL,FL-22,2024-11-13,-8,307998,,121399,186599,116107,113492,7117,71283,apportioned,1,fl-doe,2026-09-06T18:40:55+00:00
2024,FL,FL-22,2024-11-14,-9,308031,,121431,186599,116122,113497,7117,71294,apportioned,1,fl-doe,2026-09-06T18:40:55+00:00
2024,FL,FL-22,2024-11-17,-12,308071,,121472,186599,116142,113506,7119,71306,apportioned,1,fl-doe,2026-09-06T18:40:55+00:00
2024,FL,FL-22,2024-11-18,-13,308071,,121472,186599,116142,113506,7119,71306,apportioned,1,fl-doe,2026-09-06T18:40:55+00:00
2024,FL,FL-22,2024-11-20,-15,308080,,121481,186599,116145,113509,7120,71308,apportioned,1,fl-doe,2026-09-06T18:40:55+00:00
2024,FL,FL-23,2024-09-20,46,0,,0,0,0,0,0,0,apportioned,1,fl-doe,2026-09-06T18:40:55+00:00
2024,FL,FL-23,2024-09-24,42,30,,30,0,18,6,1,6,apportioned,1,fl-doe,2026-09-06T18:40:55+00:00
2024,FL,FL-23,2024-09-26,40,62,,62,0,34,11,1,16,apportioned,1,fl-doe,2026-09-06T18:40:55+00:00
2024,FL,FL-23,2024-09-29,37,103,,103,0,53,19,3,28,apportioned,1,fl-doe,2026-09-06T18:40:55+00:00
2024,FL,FL-23,2024-09-30,36,103,,103,0,53,19,3,28,apportioned,1,fl-doe,2026-09-06T18:40:55+00:00
2024,FL,FL-23,2024-10-01,35,422,,422,0,245,87,9,80,apportioned,1,fl-doe,2026-09-06T18:40:55+00:00
2024,FL,FL-23,2024-10-02,34,4603,,4603,0,2336,1243,110,914,apportioned,1,fl-doe,2026-09-06T18:40:55+00:00
2024,FL,FL-23,2024-10-03,33,7972,,7972,0,4079,2146,188,1559,apportioned,1,fl-doe,2026-09-06T18:40:55+00:00
2024,FL,FL-23,2024-10-04,32,10724,,10724,0,5603,2807,250,2064,apportioned,1,fl-doe,2026-09-06T18:40:55+00:00
2024,FL,FL-23,2024-10-06,30,13866,,13866,0,7352,3585,306,2624,apportioned,1,fl-doe,2026-09-06T18:40:55+00:00
2024,FL,FL-23,2024-10-07,29,13866,,13866,0,7352,3585,306,2624,apportioned,1,fl-doe,2026-09-06T18:40:55+00:00
2024,FL,FL-23,2024-10-23,13,84883,,61533,23350,39146,26697,2086,16953,apportioned,1,fl-doe,2026-09-06T18:40:55+00:00
2024,FL,FL-23,2024-10-28,8,152364,,80171,72193,63500,52351,3993,32521,apportioned,1,fl-doe,2026-09-06T18:40:55+00:00
2024,FL,FL-23,2024-10-29,7,167949,,84249,83700,68911,58227,4470,36341,apportioned,1,fl-doe,2026-09-06T18:40:55+00:00
2024,FL,FL-23,2024-10-31,5,198242,,91549,106692,79614,68849,5442,44337,apportioned,1,fl-doe,2026-09-06T18:40:55+00:00
2024,FL,FL-23,2024-11-01,4,212871,,95157,117713,84807,73710,5904,48450,apportioned,1,fl-doe,2026-09-06T18:40:55+00:00
2024,FL,FL-23,2024-11-03,2,243056,,100903,142153,95468,83250,6922,57417,apportioned,1,fl-doe,2026-09-06T18:40:55+00:00
2024,FL,FL-23,2024-11-04,1,258647,,102225,156423,101194,87781,7398,62274,apportioned,1,fl-doe,2026-09-06T18:40:55+00:00
2024,FL,FL-23,2024-11-05,0,261290,,104868,156422,102284,88403,7494,63108,apportioned,1,fl-doe,2026-09-06T18:40:55+00:00
2024,FL,FL-23,2024-11-06,-1,263613,,107190,156422,103229,88942,7579,63863,apportioned,1,fl-doe,2026-09-06T18:40:55+00:00
2024,FL,FL-23,2024-11-07,-2,263664,,107242,156422,103251,88954,7580,63878,apportioned,1,fl-doe,2026-09-06T18:40:55+00:00
2024,FL,FL-23,2024-11-08,-3,263690,,107268,156422,103264,88957,7581,63888,apportioned,1,fl-doe,2026-09-06T18:40:55+00:00
2024,FL,FL-23,2024-11-09,-4,263710,,107288,156422,103271,88962,7582,63895,apportioned,1,fl-doe,2026-09-06T18:40:55+00:00
2024,FL,FL-23,2024-11-12,-7,263710,,107288,156422,103271,88962,7582,63895,apportioned,1,fl-doe,2026-09-06T18:40:55+00:00
2024,FL,FL-23,2024-11-13,-8,263745,,107322,156422,103284,88973,7582,63906,apportioned,1,fl-doe,2026-09-06T18:40:55+00:00
2024,FL,FL-23,2024-11-14,-9,263783,,107361,156422,103302,88979,7584,63918,apportioned,1,fl-doe,2026-09-06T18:40:55+00:00
2024,FL,FL-23,2024-11-17,-12,263809,,107387,156422,103315,88986,7584,63924,apportioned,1,fl-doe,2026-09-06T18:40:55+00:00
2024,FL,FL-23,2024-11-18,-13,263809,,107387,156422,103315,88986,7584,63924,apportioned,1,fl-doe,2026-09-06T18:40:55+00:00
2024,FL,FL-23,2024-11-20,-15,263836,,107414,156422,103326,88995,7586,63930,apportioned,1,fl-doe,2026-09-06T18:40:55+00:00
2024,FL,FL-24,2024-09-20,46,0,,0,0,0,0,0,0,apportioned,1,fl-doe,2026-09-06T18:40:55+00:00
2024,FL,FL-24,2024-09-24,42,15,,15,0,8,4,0,3,apportioned,1,fl-doe,2026-09-06T18:40:55+00:00
2024,FL,FL-24,2024-09-26,40,38,,38,0,21,8,1,8,apportioned,1,fl-doe,2026-09-06T18:40:55+00:00
2024,FL,FL-24,2024-09-29,37,57,,57,0,32,11,1,13,apportioned,1,fl-doe,2026-09-06T18:40:55+00:00
2024,FL,FL-24,2024-09-30,36,57,,57,0,32,11,1,13,apportioned,1,fl-doe,2026-09-06T18:40:55+00:00
2024,FL,FL-24,2024-10-01,35,77,,77,0,43,16,2,16,apportioned,1,fl-doe,2026-09-06T18:40:55+00:00
2024,FL,FL-24,2024-10-02,34,113,,113,0,62,23,3,25,apportioned,1,fl-doe,2026-09-06T18:40:55+00:00
2024,FL,FL-24,2024-10-03,33,152,,152,0,80,33,4,35,apportioned,1,fl-doe,2026-09-06T18:40:55+00:00
2024,FL,FL-24,2024-10-04,32,1110,,1110,0,485,363,19,243,apportioned,1,fl-doe,2026-09-06T18:40:55+00:00
2024,FL,FL-24,2024-10-06,30,2587,,2587,0,1136,827,44,580,apportioned,1,fl-doe,2026-09-06T18:40:55+00:00
2024,FL,FL-24,2024-10-07,29,2587,,2587,0,1136,827,44,580,apportioned,1,fl-doe,2026-09-06T18:40:55+00:00
2024,FL,FL-24,2024-10-23,13,54941,,36778,18162,24135,17684,933,12188,apportioned,1,fl-doe,2026-09-06T18:40:55+00:00
2024,FL,FL-24,2024-10-28,8,115705,,49537,66168,45590,41006,2062,27047,apportioned,1,fl-doe,2026-09-06T18:40:55+00:00
2024,FL,FL-24,2024-10-29,7,131208,,54597,76611,51128,46519,2364,31197,apportioned,1,fl-doe,2026-09-06T18:40:55+00:00
2024,FL,FL-24,2024-10-31,5,160676,,62349,98326,61919,56137,2985,39635,apportioned,1,fl-doe,2026-09-06T18:40:55+00:00
2024,FL,FL-24,2024-11-01,4,174024,,65395,108629,66810,60256,3276,43682,apportioned,1,fl-doe,2026-09-06T18:40:55+00:00
2024,FL,FL-24,2024-11-03,2,203622,,70566,133057,77666,68987,3952,53017,apportioned,1,fl-doe,2026-09-06T18:40:55+00:00
2024,FL,FL-24,2024-11-04,1,219901,,72492,147409,83814,73379,4335,58373,apportioned,1,fl-doe,2026-09-06T18:40:55+00:00
2024,FL,FL-24,2024-11-05,0,222784,,75375,147409,85097,73943,4403,59341,apportioned,1,fl-doe,2026-09-06T18:40:55+00:00
2024,FL,FL-24,2024-11-06,-1,225244,,77834,147409,86109,74428,4470,60237,apportioned,1,fl-doe,2026-09-06T18:40:55+00:00
2024,FL,FL-24,2024-11-07,-2,225278,,77869,147409,86127,74434,4472,60245,apportioned,1,fl-doe,2026-09-06T18:40:55+00:00
2024,FL,FL-24,2024-11-08,-3,225352,,77942,147409,86160,74447,4475,60271,apportioned,1,fl-doe,2026-09-06T18:40:55+00:00
2024,FL,FL-24,2024-11-09,-4,225366,,77956,147409,86167,74449,4475,60274,apportioned,1,fl-doe,2026-09-06T18:40:55+00:00
2024,FL,FL-24,2024-11-12,-7,225366,,77956,147409,86167,74449,4475,60274,apportioned,1,fl-doe,2026-09-06T18:40:55+00:00
2024,FL,FL-24,2024-11-13,-8,225382,,77972,147409,86174,74451,4475,60281,apportioned,1,fl-doe,2026-09-06T18:40:55+00:00
2024,FL,FL-24,2024-11-14,-9,225399,,77989,147409,86183,74455,4475,60287,apportioned,1,fl-doe,2026-09-06T18:40:55+00:00
2024,FL,FL-24,2024-11-17,-12,225436,,78027,147409,86201,74460,4476,60297,apportioned,1,fl-doe,2026-09-06T18:40:55+00:00
2024,FL,FL-24,2024-11-18,-13,225436,,78027,147409,86201,74460,4476,60297,apportioned,1,fl-doe,2026-09-06T18:40:55+00:00
2024,FL,FL-24,2024-11-20,-15,225436,,78027,147409,86201,74460,4476,60297,apportioned,1,fl-doe,2026-09-06T18:40:55+00:00
2024,FL,FL-25,2024-09-20,46,0,,0,0,0,0,0,0,apportioned,1,fl-doe,2026-09-06T18:40:55+00:00
2024,FL,FL-25,2024-09-24,42,20,,20,0,11,4,0,5,apportioned,1,fl-doe,2026-09-06T18:40:55+00:00
2024,FL,FL-25,2024-09-26,40,44,,44,0,24,8,0,10,apportioned,1,fl-doe,2026-09-06T18:40:55+00:00
2024,FL,FL-25,2024-09-29,37,70,,70,0,37,14,1,18,apportioned,1,fl-doe,2026-09-06T18:40:55+00:00
2024,FL,FL-25,2024-09-30,36,70,,70,0,37,14,1,18,apportioned,1,fl-doe,2026-09-06T18:40:55+00:00
2024,FL,FL-25,2024-10-01,35,204,,204,0,117,42,5,40,apportioned,1,fl-doe,2026-09-06T18:40:55+00:00
2024,FL,FL-25,2024-10-02,34,1862,,1862,0,949,498,45,370,apportioned,1,fl-doe,2026-09-06T18:40:55+00:00
2024,FL,FL-25,2024-10-03,33,3193,,3193,0,1636,854,75,627,apportioned,1,fl-doe,2026-09-06T18:40:55+00:00
2024,FL,FL-25,2024-10-04,32,4770,,4770,0,2445,1283,108,934,apportioned,1,fl-doe,2026-09-06T18:40:55+00:00
2024,FL,FL-25,2024-10-06,30,6831,,6831,0,3498,1847,144,1341,apportioned,1,fl-doe,2026-09-06T18:40:55+00:00
2024,FL,FL-25,2024-10-07,29,6831,,6831,0,3498,1847,144,1341,apportioned,1,fl-doe,2026-09-06T18:40:55+00:00
2024,FL,FL-25,2024-10-23,13,80950,,56324,24626,38059,24454,1648,16788,apportioned,1,fl-doe,2026-09-06T18:40:55+00:00
2024,FL,FL-25,2024-10-28,8,160749,,76737,84012,69167,52547,3396,35637,apportioned,1,fl-doe,2026-09-06T18:40:55+00:00
2024,FL,FL-25,2024-10-29,7,179318,,81920,97398,76160,58906,3830,40421,apportioned,1,fl-doe,2026-09-06T18:40:55+00:00
2024,FL,FL-25,2024-10-31,5,216815,,91781,125036,90674,70659,4761,50720,apportioned,1,fl-doe,2026-09-06T18:40:55+00:00
2024,FL,FL-25,2024-11-01,4,234362,,96064,138299,97451,75861,5202,55848,apportioned,1,fl-doe,2026-09-06T18:40:55+00:00
2024,FL,FL-25,2024-11-03,2,272140,,103200,168938,112059,86510,6201,67368,apportioned,1,fl-doe,2026-09-06T18:40:55+00:00
2024,FL,FL-25,2024-11-04,1,292613,,105816,186797,120232,91754,6735,73893,apportioned,1,fl-doe,2026-09-06T18:40:55+00:00
2024,FL,FL-25,2024-11-05,0,296313,,109517,186797,121915,92463,6837,75100,apportioned,1,fl-doe,2026-09-06T18:40:55+00:00
2024,FL,FL-25,2024-11-06,-1,299695,,112898,186797,123392,93104,6935,76264,apportioned,1,fl-doe,2026-09-06T18:40:55+00:00
2024,FL,FL-25,2024-11-07,-2,299738,,112942,186797,123415,93113,6936,76275,apportioned,1,fl-doe,2026-09-06T18:40:55+00:00
2024,FL,FL-25,2024-11-08,-3,299805,,113009,186797,123443,93123,6939,76298,apportioned,1,fl-doe,2026-09-06T18:40:55+00:00
2024,FL,FL-25,2024-11-09,-4,299820,,113023,186797,123449,93127,6939,76304,apportioned,1,fl-doe,2026-09-06T18:40:55+00:00
2024,FL,FL-25,2024-11-12,-7,299820,,113023,186797,123449,93127,6939,76304,apportioned,1,fl-doe,2026-09-06T18:40:55+00:00
2024,FL,FL-25,2024-11-13,-8,299842,,113046,186797,123460,93132,6940,76311,apportioned,1,fl-doe,2026-09-06T18:40:55+00:00
2024,FL,FL-25,2024-11-14,-9,299877,,113081,186797,123477,93137,6941,76323,apportioned,1,fl-doe,2026-09-06T18:40:55+00:00
2024,FL,FL-25,2024-11-17,-12,299917,,113121,186797,123496,93146,6941,76335,apportioned,1,fl-doe,2026-09-06T18:40:55+00:00
2024,FL,FL-25,2024-11-18,-13,299917,,113121,186797,123496,93146,6941,76335,apportioned,1,fl-doe,2026-09-06T18:40:55+00:00
2024,FL,FL-25,2024-11-20,-15,299928,,113131,186797,123501,93149,6941,76337,apportioned,1,fl-doe,2026-09-06T18:40:55+00:00
2024,FL,FL-26,2024-09-20,46,0,,0,0,0,0,0,0,apportioned,1,fl-doe,2026-09-06T18:40:55+00:00
2024,FL,FL-26,2024-09-24,42,14,,14,0,7,4,0,3,apportioned,1,fl-doe,2026-09-06T18:40:55+00:00
2024,FL,FL-26,2024-09-26,40,36,,36,0,20,8,0,8,apportioned,1,fl-doe,2026-09-06T18:40:55+00:00
2024,FL,FL-26,2024-09-29,37,53,,53,0,30,10,1,12,apportioned,1,fl-doe,2026-09-06T18:40:55+00:00
2024,FL,FL-26,2024-09-30,36,53,,53,0,30,10,1,12,apportioned,1,fl-doe,2026-09-06T18:40:55+00:00
2024,FL,FL-26,2024-10-01,35,73,,73,0,40,15,2,16,apportioned,1,fl-doe,2026-09-06T18:40:55+00:00
2024,FL,FL-26,2024-10-02,34,115,,115,0,63,24,3,24,apportioned,1,fl-doe,2026-09-06T18:40:55+00:00
2024,FL,FL-26,2024-10-03,33,151,,151,0,81,33,3,34,apportioned,1,fl-doe,2026-09-06T18:40:55+00:00
2024,FL,FL-26,2024-10-04,32,1058,,1058,0,465,343,19,231,apportioned,1,fl-doe,2026-09-06T18:40:55+00:00
2024,FL,FL-26,2024-10-06,30,2490,,2490,0,1098,792,43,557,apportioned,1,fl-doe,2026-09-06T18:40:55+00:00
2024,FL,FL-26,2024-10-07,29,2490,,2490,0,1098,792,43,557,apportioned,1,fl-doe,2026-09-06T18:40:55+00:00
2024,FL,FL-26,2024-10-23,13,64081,,43093,20989,29294,19753,1102,13933,apportioned,1,fl-doe,2026-09-06T18:40:55+00:00
2024,FL,FL-26,2024-10-28,8,135300,,59283,76017,56197,45516,2434,31155,apportioned,1,fl-doe,2026-09-06T18:40:55+00:00
2024,FL,FL-26,2024-10-29,7,152726,,64658,88068,62691,51471,2777,35786,apportioned,1,fl-doe,2026-09-06T18:40:55+00:00
2024,FL,FL-26,2024-10-31,5,187098,,73865,113233,75880,62195,3507,45517,apportioned,1,fl-doe,2026-09-06T18:40:55+00:00
2024,FL,FL-26,2024-11-01,4,202802,,77561,125242,81900,66816,3850,50235,apportioned,1,fl-doe,2026-09-06T18:40:55+00:00
2024,FL,FL-26,2024-11-03,2,237462,,83842,153619,95199,76563,4649,61051,apportioned,1,fl-doe,2026-09-06T18:40:55+00:00
2024,FL,FL-26,2024-11-04,1,256581,,86361,170220,102744,81458,5106,67273,apportioned,1,fl-doe,2026-09-06T18:40:55+00:00
2024,FL,FL-26,2024-11-05,0,260045,,89825,170220,104330,82101,5186,68428,apportioned,1,fl-doe,2026-09-06T18:40:55+00:00
2024,FL,FL-26,2024-11-06,-1,263128,,92908,170220,105657,82672,5270,69529,apportioned,1,fl-doe,2026-09-06T18:40:55+00:00
2024,FL,FL-26,2024-11-07,-2,263163,,92942,170220,105676,82677,5271,69538,apportioned,1,fl-doe,2026-09-06T18:40:55+00:00
2024,FL,FL-26,2024-11-08,-3,263244,,93023,170220,105712,82692,5274,69565,apportioned,1,fl-doe,2026-09-06T18:40:55+00:00
2024,FL,FL-26,2024-11-09,-4,263256,,93036,170220,105719,82695,5274,69568,apportioned,1,fl-doe,2026-09-06T18:40:55+00:00
2024,FL,FL-26,2024-11-12,-7,263256,,93036,170220,105719,82695,5274,69568,apportioned,1,fl-doe,2026-09-06T18:40:55+00:00
2024,FL,FL-26,2024-11-13,-8,263272,,93052,170220,105726,82697,5274,69574,apportioned,1,fl-doe,2026-09-06T18:40:55+00:00
2024,FL,FL-26,2024-11-14,-9,263296,,93076,170220,105737,82701,5275,69582,apportioned,1,fl-doe,2026-09-06T18:40:55+00:00
2024,FL,FL-26,2024-11-17,-12,263337,,93116,170220,105759,82707,5277,69595,apportioned,1,fl-doe,2026-09-06T18:40:55+00:00
2024,FL,FL-26,2024-11-18,-13,263337,,93116,170220,105759,82707,5277,69595,apportioned,1,fl-doe,2026-09-06T18:40:55+00:00
2024,FL,FL-26,2024-11-20,-15,263337,,93116,170220,105759,82707,5277,69595,apportioned,1,fl-doe,2026-09-06T18:40:55+00:00
2024,FL,FL-27,2024-09-20,46,0,,0,0,0,0,0,0,apportioned,1,fl-doe,2026-09-06T18:40:55+00:00
2024,FL,FL-27,2024-09-24,42,26,,26,0,13,7,1,5,apportioned,1,fl-doe,2026-09-06T18:40:55+00:00
2024,FL,FL-27,2024-09-26,40,67,,67,0,38,14,1,14,apportioned,1,fl-doe,2026-09-06T18:40:55+00:00
2024,FL,FL-27,2024-09-29,37,101,,101,0,58,20,1,22,apportioned,1,fl-doe,2026-09-06T18:40:55+00:00
2024,FL,FL-27,2024-09-30,36,101,,101,0,58,20,1,22,apportioned,1,fl-doe,2026-09-06T18:40:55+00:00
2024,FL,FL-27,2024-10-01,35,138,,138,0,77,28,3,30,apportioned,1,fl-doe,2026-09-06T18:40:55+00:00
2024,FL,FL-27,2024-10-02,34,180,,180,0,96,40,5,39,apportioned,1,fl-doe,2026-09-06T18:40:55+00:00
2024,FL,FL-27,2024-10-03,33,249,,249,0,129,57,6,57,apportioned,1,fl-doe,2026-09-06T18:40:55+00:00
2024,FL,FL-27,2024-10-04,32,1951,,1951,0,846,643,34,427,apportioned,1,fl-doe,2026-09-06T18:40:55+00:00
2024,FL,FL-27,2024-10-06,30,4482,,4482,0,1954,1446,76,1007,apportioned,1,fl-doe,2026-09-06T18:40:55+00:00
2024,FL,FL-27,2024-10-07,29,4482,,4482,0,1954,1446,76,1007,apportioned,1,fl-doe,2026-09-06T18:40:55+00:00
2024,FL,FL-27,2024-10-23,13,67036,,44386,22650,26581,23772,1102,15582,apportioned,1,fl-doe,2026-09-06T18:40:55+00:00
2024,FL,FL-27,2024-10-28,8,140317,,56668,83648,48044,55840,2443,33989,apportioned,1,fl-doe,2026-09-06T18:40:55+00:00
2024,FL,FL-27,2024-10-29,7,160882,,64164,96718,54711,63759,2838,39574,apportioned,1,fl-doe,2026-09-06T18:40:55+00:00
2024,FL,FL-27,2024-10-31,5,196832,,73213,123619,66366,76738,3575,50153,apportioned,1,fl-doe,2026-09-06T18:40:55+00:00
2024,FL,FL-27,2024-11-01,4,212780,,76568,136211,71542,82222,3922,55094,apportioned,1,fl-doe,2026-09-06T18:40:55+00:00
2024,FL,FL-27,2024-11-03,2,248555,,82245,166311,83193,93972,4723,66667,apportioned,1,fl-doe,2026-09-06T18:40:55+00:00
2024,FL,FL-27,2024-11-04,1,268085,,83915,184170,89755,99899,5168,73263,apportioned,1,fl-doe,2026-09-06T18:40:55+00:00
2024,FL,FL-27,2024-11-05,0,271349,,87179,184170,91097,100627,5241,74385,apportioned,1,fl-doe,2026-09-06T18:40:55+00:00
2024,FL,FL-27,2024-11-06,-1,273814,,89644,184170,91961,101205,5316,75332,apportioned,1,fl-doe,2026-09-06T18:40:55+00:00
2024,FL,FL-27,2024-11-07,-2,273865,,89695,184170,91988,101214,5318,75345,apportioned,1,fl-doe,2026-09-06T18:40:55+00:00
2024,FL,FL-27,2024-11-08,-3,273969,,89800,184170,92036,101233,5321,75380,apportioned,1,fl-doe,2026-09-06T18:40:55+00:00
2024,FL,FL-27,2024-11-09,-4,273993,,89823,184170,92049,101238,5321,75386,apportioned,1,fl-doe,2026-09-06T18:40:55+00:00
2024,FL,FL-27,2024-11-12,-7,273993,,89823,184170,92049,101238,5321,75386,apportioned,1,fl-doe,2026-09-06T18:40:55+00:00
2024,FL,FL-27,2024-11-13,-8,274023,,89853,184170,92062,101241,5322,75398,apportioned,1,fl-doe,2026-09-06T18:40:55+00:00
2024,FL,FL-27,2024-11-14,-9,274034,,89864,184170,92067,101243,5322,75402,apportioned,1,fl-doe,2026-09-06T18:40:55+00:00
2024,FL,FL-27,2024-11-17,-12,274082,,89912,184170,92090,101251,5324,75417,apportioned,1,fl-doe,2026-09-06T18:40:55+00:00
2024,FL,FL-27,2024-11-18,-13,274082,,89912,184170,92090,101251,5324,75417,apportioned,1,fl-doe,2026-09-06T18:40:55+00:00
2024,FL,FL-27,2024-11-20,-15,274082,,89912,184170,92090,101251,5324,75417,apportioned,1,fl-doe,2026-09-06T18:40:55+00:00
2024,FL,FL-28,2024-09-16,50,2,,2,0,0,1,0,1,apportioned,1,fl-doe,2026-09-06T18:40:55+00:00
2024,FL,FL-28,2024-09-17,49,10,,10,0,6,2,0,2,apportioned,1,fl-doe,2026-09-06T18:40:55+00:00
2024,FL,FL-28,2024-09-20,46,18,,18,0,10,4,0,4,apportioned,1,fl-doe,2026-09-06T18:40:55+00:00
2024,FL,FL-28,2024-09-24,42,61,,61,0,35,12,2,12,apportioned,1,fl-doe,2026-09-06T18:40:55+00:00
2024,FL,FL-28,2024-09-26,40,116,,116,0,64,25,2,26,apportioned,1,fl-doe,2026-09-06T18:40:55+00:00
2024,FL,FL-28,2024-09-29,37,159,,159,0,90,31,2,36,apportioned,1,fl-doe,2026-09-06T18:40:55+00:00
2024,FL,FL-28,2024-09-30,36,159,,159,0,90,31,2,36,apportioned,1,fl-doe,2026-09-06T18:40:55+00:00
2024,FL,FL-28,2024-10-01,35,281,,281,0,133,84,7,57,apportioned,1,fl-doe,2026-09-06T18:40:55+00:00
2024,FL,FL-28,2024-10-02,34,575,,575,0,255,208,16,96,apportioned,1,fl-doe,2026-09-06T18:40:55+00:00
2024,FL,FL-28,2024-10-03,33,900,,900,0,423,312,21,143,apportioned,1,fl-doe,2026-09-06T18:40:55+00:00
2024,FL,FL-28,2024-10-04,32,2626,,2626,0,1155,924,50,498,apportioned,1,fl-doe,2026-09-06T18:40:55+00:00
2024,FL,FL-28,2024-10-06,30,5148,,5148,0,2246,1764,89,1048,apportioned,1,fl-doe,2026-09-06T18:40:55+00:00
2024,FL,FL-28,2024-10-07,29,5148,,5148,0,2246,1764,89,1048,apportioned,1,fl-doe,2026-09-06T18:40:55+00:00
2024,FL,FL-28,2024-10-23,13,70237,,47272,22965,27279,26473,1199,15286,apportioned,1,fl-doe,2026-09-06T18:40:55+00:00
2024,FL,FL-28,2024-10-28,8,141157,,60167,80991,47847,58205,2524,32581,apportioned,1,fl-doe,2026-09-06T18:40:55+00:00
2024,FL,FL-28,2024-10-29,7,160889,,67083,93806,54093,66104,2918,37774,apportioned,1,fl-doe,2026-09-06T18:40:55+00:00
2024,FL,FL-28,2024-10-31,5,195943,,76005,119938,65249,79301,3676,47717,apportioned,1,fl-doe,2026-09-06T18:40:55+00:00
2024,FL,FL-28,2024-11-01,4,211685,,79487,132198,70284,84957,4032,52412,apportioned,1,fl-doe,2026-09-06T18:40:55+00:00
2024,FL,FL-28,2024-11-03,2,246571,,85150,161421,81385,96965,4866,63355,apportioned,1,fl-doe,2026-09-06T18:40:55+00:00
2024,FL,FL-28,2024-11-04,1,263458,,86599,176859,87060,102088,5251,69058,apportioned,1,fl-doe,2026-09-06T18:40:55+00:00
2024,FL,FL-28,2024-11-05,0,266777,,89918,176859,88380,102920,5323,70153,apportioned,1,fl-doe,2026-09-06T18:40:55+00:00
2024,FL,FL-28,2024-11-06,-1,269162,,92303,176859,89214,103505,5394,71049,apportioned,1,fl-doe,2026-09-06T18:40:55+00:00
2024,FL,FL-28,2024-11-07,-2,269227,,92368,176859,89239,103524,5396,71068,apportioned,1,fl-doe,2026-09-06T18:40:55+00:00
2024,FL,FL-28,2024-11-08,-3,269320,,92461,176859,89281,103541,5398,71100,apportioned,1,fl-doe,2026-09-06T18:40:55+00:00
2024,FL,FL-28,2024-11-09,-4,269330,,92471,176859,89295,103536,5399,71099,apportioned,1,fl-doe,2026-09-06T18:40:55+00:00
2024,FL,FL-28,2024-11-12,-7,269330,,92471,176859,89295,103536,5399,71099,apportioned,1,fl-doe,2026-09-06T18:40:55+00:00
2024,FL,FL-28,2024-11-13,-8,269358,,92498,176859,89308,103540,5399,71111,apportioned,1,fl-doe,2026-09-06T18:40:55+00:00
2024,FL,FL-28,2024-11-14,-9,269367,,92508,176859,89313,103541,5399,71114,apportioned,1,fl-doe,2026-09-06T18:40:55+00:00
2024,FL,FL-28,2024-11-17,-12,269411,,92552,176859,89334,103548,5401,71128,apportioned,1,fl-doe,2026-09-06T18:40:55+00:00
2024,FL,FL-28,2024-11-18,-13,269411,,92552,176859,89334,103548,5401,71128,apportioned,1,fl-doe,2026-09-06T18:40:55+00:00
2024,FL,FL-28,2024-11-20,-15,269411,,92552,176859,89334,103548,5401,71128,apportioned,1,fl-doe,2026-09-06T18:40:55+00:00
2026,FL,FL-01,2026-09-10,54,0,,0,0,0,0,0,0,apportioned,1,fl-doe,2026-09-10T14:03:21+00:00
2026,FL,FL-01,2026-09-11,53,0,,0,0,0,0,0,0,apportioned,1,fl-doe,2026-09-11T14:02:54+00:00
2026,FL,FL-01,2026-09-12,52,0,,0,0,0,0,0,0,apportioned,1,fl-doe,2026-09-12T13:20:39+00:00
2026,FL,FL-01,2026-09-13,51,0,,0,0,0,0,0,0,apportioned,1,fl-doe,2026-09-13T14:03:25+00:00
2026,FL,FL-01,2026-09-14,50,0,,0,0,0,0,0,0,apportioned,1,fl-doe,2026-09-14T16:09:23+00:00
2026,FL,FL-01,2026-09-15,49,2,,2,0,0,1,0,1,apportioned,1,fl-doe,2026-09-15T13:08:04+00:00
2026,FL,FL-01,2026-09-16,48,3,,3,0,1,1,0,1,apportioned,1,fl-doe,2026-09-16T16:07:18+00:00
2026,FL,FL-01,2026-09-17,47,6,,6,0,1,1,3,1,apportioned,1,fl-doe,2026-09-17T12:39:43+00:00
2026,FL,FL-01,2026-09-18,46,16,,16,0,3,6,3,4,apportioned,1,fl-doe,2026-09-18T14:05:38+00:00
2026,FL,FL-01,2026-09-19,45,40,,40,0,13,16,3,8,apportioned,1,fl-doe,2026-09-19T13:41:22+00:00
2026,FL,FL-01,2026-09-20,44,40,,40,0,13,16,3,8,apportioned,1,fl-doe,2026-09-20T13:56:34+00:00
2026,FL,FL-01,2026-09-21,43,43,,43,0,16,16,3,8,apportioned,1,fl-doe,2026-09-21T16:11:49+00:00
2026,FL,FL-01,2026-09-22,42,101,,101,0,31,37,5,28,apportioned,1,fl-doe,2026-09-22T13:05:06+00:00
2026,FL,FL-01,2026-09-23,41,143,,143,0,46,52,5,40,apportioned,1,fl-doe,2026-09-23T16:06:50+00:00
2026,FL,FL-01,2026-09-24,40,164,,164,0,58,57,5,44,apportioned,1,fl-doe,2026-09-24T12:33:09+00:00
2026,FL,FL-01,2026-09-25,39,229,,229,0,84,82,7,56,apportioned,1,fl-doe,2026-09-25T19:48:56+00:00
2026,FL,FL-01,2026-09-26,38,322,,322,0,112,116,9,85,apportioned,1,fl-doe,2026-09-26T14:05:37+00:00
2026,FL,FL-01,2026-09-27,37,322,,322,0,112,116,9,85,apportioned,1,fl-doe,2026-09-27T14:59:20+00:00
2026,FL,FL-01,2026-09-28,36,322,,322,0,112,116,9,85,apportioned,1,fl-doe,2026-09-28T17:42:37+00:00
2026,FL,FL-01,2026-09-29,35,527,,527,0,188,190,14,136,apportioned,1,fl-doe,2026-09-29T13:11:55+00:00
2026,FL,FL-01,2026-09-30,34,629,,629,0,219,231,18,162,apportioned,1,fl-doe,2026-09-30T14:01:08+00:00
2026,FL,FL-01,2026-10-01,33,1495,,1495,0,532,641,34,287,apportioned,1,fl-doe,2026-10-01T16:52:39+00:00
2026,FL,FL-01,2026-10-02,32,1834,,1834,0,673,775,42,344,apportioned,1,fl-doe,2026-10-02T17:27:20+00:00
2026,FL,FL-01,2026-10-03,31,2626,,2626,0,958,1149,63,456,apportioned,1,fl-doe,2026-10-03T13:01:50+00:00
2026,FL,FL-01,2026-10-04,30,3553,,3553,0,1308,1597,87,561,apportioned,1,fl-doe,2026-10-04T13:41:24+00:00
2026,FL,FL-01,2026-10-05,29,3553,,3553,0,1308,1597,87,561,apportioned,1,fl-doe,2026-10-05T19:03:31+00:00
2026,FL,FL-01,2026-10-06,28,4924,,4924,0,1831,2232,109,752,apportioned,1,fl-doe,2026-10-06T16:29:43+00:00
2026,FL,FL-01,2026-10-07,27,6172,,6172,0,2293,2815,137,928,apportioned,1,fl-doe,2026-10-07T12:39:06+00:00
2026,FL,FL-01,2026-10-08,26,7434,,7434,0,2768,3394,166,1105,apportioned,1,fl-doe,2026-10-08T17:11:30+00:00
2026,FL,FL-01,2026-10-09,25,8449,,8449,0,3089,3918,191,1251,apportioned,1,fl-doe,2026-10-09T12:34:07+00:00
2026,FL,FL-01,2026-10-10,24,8449,,8449,0,3089,3918,191,1251,apportioned,1,fl-doe,2026-10-10T16:57:52+00:00
2026,FL,FL-02,2026-09-09,55,0,,0,0,0,0,0,0,apportioned,1,fl-doe,2026-09-09T14:09:29+00:00
2026,FL,FL-02,2026-09-10,54,0,,0,0,0,0,0,0,apportioned,1,fl-doe,2026-09-10T14:03:21+00:00
2026,FL,FL-02,2026-09-11,53,0,,0,0,0,0,0,0,apportioned,1,fl-doe,2026-09-11T14:02:54+00:00
2026,FL,FL-02,2026-09-12,52,0,,0,0,0,0,0,0,apportioned,1,fl-doe,2026-09-12T13:20:39+00:00
2026,FL,FL-02,2026-09-13,51,0,,0,0,0,0,0,0,apportioned,1,fl-doe,2026-09-13T14:03:25+00:00
2026,FL,FL-02,2026-09-14,50,0,,0,0,0,0,0,0,apportioned,1,fl-doe,2026-09-14T16:09:23+00:00
2026,FL,FL-02,2026-09-15,49,0,,0,0,0,0,0,0,apportioned,1,fl-doe,2026-09-15T13:08:04+00:00
2026,FL,FL-02,2026-09-16,48,2,,2,0,1,0,0,1,apportioned,1,fl-doe,2026-09-16T16:07:18+00:00
2026,FL,FL-02,2026-09-17,47,14,,14,0,7,6,0,1,apportioned,1,fl-doe,2026-09-17T12:39:43+00:00
2026,FL,FL-02,2026-09-18,46,16,,16,0,9,6,0,1,apportioned,1,fl-doe,2026-09-18T14:05:38+00:00
2026,FL,FL-02,2026-09-19,45,19,,19,0,11,6,0,2,apportioned,1,fl-doe,2026-09-19T13:41:22+00:00
2026,FL,FL-02,2026-09-20,44,19,,19,0,11,6,0,2,apportioned,1,fl-doe,2026-09-20T13:56:34+00:00
2026,FL,FL-02,2026-09-21,43,19,,19,0,11,6,0,2,apportioned,1,fl-doe,2026-09-21T16:11:49+00:00
2026,FL,FL-02,2026-09-22,42,26,,26,0,15,7,0,4,apportioned,1,fl-doe,2026-09-22T13:05:06+00:00
2026,FL,FL-02,2026-09-23,41,36,,36,0,22,8,0,6,apportioned,1,fl-doe,2026-09-23T16:06:50+00:00
2026,FL,FL-02,2026-09-24,40,58,,58,0,31,15,0,12,apportioned,1,fl-doe,2026-09-24T12:33:09+00:00
2026,FL,FL-02,2026-09-25,39,71,,71,0,37,20,1,13,apportioned,1,fl-doe,2026-09-25T19:48:56+00:00
2026,FL,FL-02,2026-09-26,38,118,,118,0,57,37,1,23,apportioned,1,fl-doe,2026-09-26T14:05:37+00:00
2026,FL,FL-02,2026-09-27,37,118,,118,0,57,37,1,23,apportioned,1,fl-doe,2026-09-27T14:59:20+00:00
2026,FL,FL-02,2026-09-28,36,118,,118,0,57,37,1,23,apportioned,1,fl-doe,2026-09-28T17:42:37+00:00
2026,FL,FL-02,2026-09-29,35,266,,266,0,140,80,3,42,apportioned,1,fl-doe,2026-09-29T13:11:55+00:00
2026,FL,FL-02,2026-09-30,34,910,,910,0,534,251,12,112,apportioned,1,fl-doe,2026-09-30T14:01:08+00:00
2026,FL,FL-02,2026-10-01,33,2188,,2188,0,1102,763,38,286,apportioned,1,fl-doe,2026-10-01T16:52:39+00:00
2026,FL,FL-02,2026-10-02,32,3875,,3875,0,1883,1404,73,515,apportioned,1,fl-doe,2026-10-02T17:27:20+00:00
2026,FL,FL-02,2026-10-03,31,5515,,5515,0,2736,1977,106,696,apportioned,1,fl-doe,2026-10-03T13:01:50+00:00
2026,FL,FL-02,2026-10-04,30,5517,,5517,0,2737,1978,106,696,apportioned,1,fl-doe,2026-10-04T13:41:24+00:00
2026,FL,FL-02,2026-10-05,29,5517,,5517,0,2737,1978,106,696,apportioned,1,fl-doe,2026-10-05T19:03:31+00:00
2026,FL,FL-02,2026-10-06,28,7750,,7750,0,3909,2744,155,942,apportioned,1,fl-doe,2026-10-06T16:29:43+00:00
2026,FL,FL-02,2026-10-07,27,8506,,8506,0,4293,3024,167,1021,apportioned,1,fl-doe,2026-10-07T12:39:06+00:00
2026,FL,FL-02,2026-10-08,26,10516,,10516,0,5134,3876,219,1288,apportioned,1,fl-doe,2026-10-08T17:11:30+00:00
2026,FL,FL-02,2026-10-09,25,12548,,12548,0,6082,4689,266,1511,apportioned,1,fl-doe,2026-10-09T12:34:07+00:00
2026,FL,FL-02,2026-10-10,24,13313,,13313,0,6501,4934,275,1603,apportioned,1,fl-doe,2026-10-10T16:57:52+00:00
2026,FL,FL-03,2026-09-09,55,0,,0,0,0,0,0,0,apportioned,1,fl-doe,2026-09-09T14:09:29+00:00
2026,FL,FL-03,2026-09-10,54,0,,0,0,0,0,0,0,apportioned,1,fl-doe,2026-09-10T14:03:21+00:00
2026,FL,FL-03,2026-09-11,53,0,,0,0,0,0,0,0,apportioned,1,fl-doe,2026-09-11T14:02:54+00:00
2026,FL,FL-03,2026-09-12,52,0,,0,0,0,0,0,0,apportioned,1,fl-doe,2026-09-12T13:20:39+00:00
2026,FL,FL-03,2026-09-13,51,0,,0,0,0,0,0,0,apportioned,1,fl-doe,2026-09-13T14:03:25+00:00
2026,FL,FL-03,2026-09-14,50,0,,0,0,0,0,0,0,apportioned,1,fl-doe,2026-09-14T16:09:23+00:00
2026,FL,FL-03,2026-09-15,49,0,,0,0,0,0,0,0,apportioned,1,fl-doe,2026-09-15T13:08:04+00:00
2026,FL,FL-03,2026-09-16,48,0,,0,0,0,0,0,0,apportioned,1,fl-doe,2026-09-16T16:07:18+00:00
2026,FL,FL-03,2026-09-17,47,0,,0,0,0,0,0,0,apportioned,1,fl-doe,2026-09-17T12:39:43+00:00
2026,FL,FL-03,2026-09-18,46,3,,3,0,0,2,0,1,apportioned,1,fl-doe,2026-09-18T14:05:38+00:00
2026,FL,FL-03,2026-09-19,45,3,,3,0,0,2,0,1,apportioned,1,fl-doe,2026-09-19T13:41:22+00:00
2026,FL,FL-03,2026-09-20,44,3,,3,0,0,2,0,1,apportioned,1,fl-doe,2026-09-20T13:56:34+00:00
2026,FL,FL-03,2026-09-21,43,3,,3,0,0,2,0,1,apportioned,1,fl-doe,2026-09-21T16:11:49+00:00
2026,FL,FL-03,2026-09-22,42,17,,17,0,9,3,0,6,apportioned,1,fl-doe,2026-09-22T13:05:06+00:00
2026,FL,FL-03,2026-09-23,41,25,,25,0,13,3,0,10,apportioned,1,fl-doe,2026-09-23T16:06:50+00:00
2026,FL,FL-03,2026-09-24,40,36,,36,0,19,3,0,14,apportioned,1,fl-doe,2026-09-24T12:33:09+00:00
2026,FL,FL-03,2026-09-25,39,55,,55,0,25,11,1,18,apportioned,1,fl-doe,2026-09-25T19:48:56+00:00
2026,FL,FL-03,2026-09-26,38,69,,69,0,32,16,1,20,apportioned,1,fl-doe,2026-09-26T14:05:37+00:00
2026,FL,FL-03,2026-09-27,37,69,,69,0,32,16,1,20,apportioned,1,fl-doe,2026-09-27T14:59:20+00:00
2026,FL,FL-03,2026-09-28,36,69,,69,0,32,16,1,20,apportioned,1,fl-doe,2026-09-28T17:42:37+00:00
2026,FL,FL-03,2026-09-29,35,109,,109,0,55,29,1,24,apportioned,1,fl-doe,2026-09-29T13:11:55+00:00
2026,FL,FL-03,2026-09-30,34,210,,210,0,105,71,4,30,apportioned,1,fl-doe,2026-09-30T14:01:08+00:00
2026,FL,FL-03,2026-10-01,33,398,,398,0,185,161,6,46,apportioned,1,fl-doe,2026-10-01T16:52:39+00:00
2026,FL,FL-03,2026-10-02,32,1616,,1616,0,791,560,31,235,apportioned,1,fl-doe,2026-10-02T17:27:20+00:00
2026,FL,FL-03,2026-10-03,31,2829,,2829,0,1277,1099,71,381,apportioned,1,fl-doe,2026-10-03T13:01:50+00:00
2026,FL,FL-03,2026-10-04,30,2829,,2829,0,1277,1099,71,381,apportioned,1,fl-doe,2026-10-04T13:41:24+00:00
2026,FL,FL-03,2026-10-05,29,2829,,2829,0,1277,1099,71,381,apportioned,1,fl-doe,2026-10-05T19:03:31+00:00
2026,FL,FL-03,2026-10-06,28,7535,,7535,0,3418,2863,182,1071,apportioned,1,fl-doe,2026-10-06T16:29:43+00:00
2026,FL,FL-03,2026-10-07,27,8366,,8366,0,3700,3294,203,1169,apportioned,1,fl-doe,2026-10-07T12:39:06+00:00
2026,FL,FL-03,2026-10-08,26,10347,,10347,0,4721,3940,253,1433,apportioned,1,fl-doe,2026-10-08T17:11:30+00:00
2026,FL,FL-03,2026-10-09,25,12519,,12519,0,5689,4796,304,1731,apportioned,1,fl-doe,2026-10-09T12:34:07+00:00
2026,FL,FL-03,2026-10-10,24,14522,,14522,0,6624,5579,349,1971,apportioned,1,fl-doe,2026-10-10T16:57:52+00:00
2026,FL,FL-04,2026-09-15,49,0,,0,0,0,0,0,0,apportioned,1,fl-doe,2026-09-15T13:08:04+00:00
2026,FL,FL-04,2026-09-16,48,0,,0,0,0,0,0,0,apportioned,1,fl-doe,2026-09-16T16:07:18+00:00
2026,FL,FL-04,2026-09-17,47,0,,0,0,0,0,0,0,apportioned,1,fl-doe,2026-09-17T12:39:43+00:00
2026,FL,FL-04,2026-09-18,46,1,,1,0,1,0,0,0,apportioned,1,fl-doe,2026-09-18T14:05:38+00:00
2026,FL,FL-04,2026-09-19,45,2,,2,0,1,0,0,1,apportioned,1,fl-doe,2026-09-19T13:41:22+00:00
2026,FL,FL-04,2026-09-20,44,2,,2,0,1,0,0,1,apportioned,1,fl-doe,2026-09-20T13:56:34+00:00
2026,FL,FL-04,2026-09-21,43,8,,8,0,5,1,0,1,apportioned,1,fl-doe,2026-09-21T16:11:49+00:00
2026,FL,FL-04,2026-09-22,42,19,,19,0,10,4,0,5,apportioned,1,fl-doe,2026-09-22T13:05:06+00:00
2026,FL,FL-04,2026-09-23,41,77,,77,0,42,22,1,12,apportioned,1,fl-doe,2026-09-23T16:06:50+00:00
2026,FL,FL-04,2026-09-24,40,85,,85,0,49,24,1,12,apportioned,1,fl-doe,2026-09-24T12:33:09+00:00
2026,FL,FL-04,2026-09-25,39,97,,97,0,55,29,1,12,apportioned,1,fl-doe,2026-09-25T19:48:56+00:00
2026,FL,FL-04,2026-09-26,38,154,,154,0,84,54,1,16,apportioned,1,fl-doe,2026-09-26T14:05:37+00:00
2026,FL,FL-04,2026-09-27,37,154,,154,0,84,54,1,16,apportioned,1,fl-doe,2026-09-27T14:59:20+00:00
2026,FL,FL-04,2026-09-28,36,154,,154,0,84,54,1,16,apportioned,1,fl-doe,2026-09-28T17:42:37+00:00
2026,FL,FL-04,2026-09-29,35,251,,251,0,119,94,5,32,apportioned,1,fl-doe,2026-09-29T13:11:55+00:00
2026,FL,FL-04,2026-09-30,34,590,,590,0,236,245,13,96,apportioned,1,fl-doe,2026-09-30T14:01:08+00:00
2026,FL,FL-04,2026-10-01,33,1475,,1475,0,526,655,45,249,apportioned,1,fl-doe,2026-10-01T16:52:39+00:00
2026,FL,FL-04,2026-10-02,32,2041,,2041,0,724,925,58,334,apportioned,1,fl-doe,2026-10-02T17:27:20+00:00
2026,FL,FL-04,2026-10-03,31,2827,,2827,0,975,1310,86,455,apportioned,1,fl-doe,2026-10-03T13:01:50+00:00
2026,FL,FL-04,2026-10-04,30,2827,,2827,0,975,1310,86,455,apportioned,1,fl-doe,2026-10-04T13:41:24+00:00
2026,FL,FL-04,2026-10-05,29,2828,,2828,0,977,1310,86,456,apportioned,1,fl-doe,2026-10-05T19:03:31+00:00
2026,FL,FL-04,2026-10-06,28,3908,,3908,0,1322,1841,119,625,apportioned,1,fl-doe,2026-10-06T16:29:43+00:00
2026,FL,FL-04,2026-10-07,27,4624,,4624,0,1608,2141,133,741,apportioned,1,fl-doe,2026-10-07T12:39:06+00:00
2026,FL,FL-04,2026-10-08,26,6729,,6729,0,2481,2997,192,1060,apportioned,1,fl-doe,2026-10-08T17:11:30+00:00
2026,FL,FL-04,2026-10-09,25,8092,,8092,0,2992,3609,224,1267,apportioned,1,fl-doe,2026-10-09T12:34:07+00:00
2026,FL,FL-04,2026-10-10,24,9066,,9066,0,3340,4054,244,1428,apportioned,1,fl-doe,2026-10-10T16:57:52+00:00
2026,FL,FL-05,2026-09-16,48,0,,0,0,0,0,0,0,apportioned,1,fl-doe,2026-09-16T16:07:18+00:00
2026,FL,FL-05,2026-09-17,47,0,,0,0,0,0,0,0,apportioned,1,fl-doe,2026-09-17T12:39:43+00:00
2026,FL,FL-05,2026-09-18,46,2,,2,0,2,0,0,0,apportioned,1,fl-doe,2026-09-18T14:05:38+00:00
2026,FL,FL-05,2026-09-19,45,2,,2,0,2,0,0,0,apportioned,1,fl-doe,2026-09-19T13:41:22+00:00
2026,FL,FL-05,2026-09-20,44,2,,2,0,2,0,0,0,apportioned,1,fl-doe,2026-09-20T13:56:34+00:00
2026,FL,FL-05,2026-09-21,43,8,,8,0,6,2,0,1,apportioned,1,fl-doe,2026-09-21T16:11:49+00:00
2026,FL,FL-05,2026-09-22,42,26,,26,0,14,9,0,3,apportioned,1,fl-doe,2026-09-22T13:05:06+00:00
2026,FL,FL-05,2026-09-23,41,42,,42,0,23,14,1,4,apportioned,1,fl-doe,2026-09-23T16:06:50+00:00
2026,FL,FL-05,2026-09-24,40,61,,61,0,32,20,3,5,apportioned,1,fl-doe,2026-09-24T12:33:09+00:00
2026,FL,FL-05,2026-09-25,39,74,,74,0,37,25,4,8,apportioned,1,fl-doe,2026-09-25T19:48:56+00:00
2026,FL,FL-05,2026-09-26,38,90,,90,0,41,34,4,11,apportioned,1,fl-doe,2026-09-26T14:05:37+00:00
2026,FL,FL-05,2026-09-27,37,90,,90,0,41,34,4,11,apportioned,1,fl-doe,2026-09-27T14:59:20+00:00
2026,FL,FL-05,2026-09-28,36,90,,90,0,41,34,4,11,apportioned,1,fl-doe,2026-09-28T17:42:37+00:00
2026,FL,FL-05,2026-09-29,35,216,,216,0,105,65,10,37,apportioned,1,fl-doe,2026-09-29T13:11:55+00:00
2026,FL,FL-05,2026-09-30,34,376,,376,0,194,101,15,66,apportioned,1,fl-doe,2026-09-30T14:01:08+00:00
2026,FL,FL-05,2026-10-01,33,449,,449,0,242,116,17,74,apportioned,1,fl-doe,2026-10-01T16:52:39+00:00
2026,FL,FL-05,2026-10-02,32,1891,,1891,0,887,671,43,289,apportioned,1,fl-doe,2026-10-02T17:27:20+00:00
2026,FL,FL-05,2026-10-03,31,2403,,2403,0,1105,887,52,361,apportioned,1,fl-doe,2026-10-03T13:01:50+00:00
2026,FL,FL-05,2026-10-04,30,2403,,2403,0,1105,887,52,361,apportioned,1,fl-doe,2026-10-04T13:41:24+00:00
2026,FL,FL-05,2026-10-05,29,2406,,2406,0,1106,887,52,361,apportioned,1,fl-doe,2026-10-05T19:03:31+00:00
2026,FL,FL-05,2026-10-06,28,3436,,3436,0,1519,1314,74,531,apportioned,1,fl-doe,2026-10-06T16:29:43+00:00
2026,FL,FL-05,2026-10-07,27,3852,,3852,0,1731,1429,84,608,apportioned,1,fl-doe,2026-10-07T12:39:06+00:00
2026,FL,FL-05,2026-10-08,26,6105,,6105,0,2810,2225,141,927,apportioned,1,fl-doe,2026-10-08T17:11:30+00:00
2026,FL,FL-05,2026-10-09,25,7483,,7483,0,3414,2769,185,1115,apportioned,1,fl-doe,2026-10-09T12:34:07+00:00
2026,FL,FL-05,2026-10-10,24,8448,,8448,0,3826,3171,203,1248,apportioned,1,fl-doe,2026-10-10T16:57:52+00:00
2026,FL,FL-06,2026-09-17,47,0,,0,0,0,0,0,0,apportioned,1,fl-doe,2026-09-17T12:39:43+00:00
2026,FL,FL-06,2026-09-18,46,0,,0,0,0,0,0,0,apportioned,1,fl-doe,2026-09-18T14:05:38+00:00
2026,FL,FL-06,2026-09-19,45,12,,12,0,4,6,0,2,apportioned,1,fl-doe,2026-09-19T13:41:22+00:00
2026,FL,FL-06,2026-09-20,44,12,,12,0,4,6,0,2,apportioned,1,fl-doe,2026-09-20T13:56:34+00:00
2026,FL,FL-06,2026-09-21,43,12,,12,0,4,6,0,2,apportioned,1,fl-doe,2026-09-21T16:11:49+00:00
2026,FL,FL-06,2026-09-22,42,22,,22,0,7,9,1,4,apportioned,1,fl-doe,2026-09-22T13:05:06+00:00
2026,FL,FL-06,2026-09-23,41,33,,33,0,12,11,4,5,apportioned,1,fl-doe,2026-09-23T16:06:50+00:00
2026,FL,FL-06,2026-09-24,40,40,,40,0,17,13,4,6,apportioned,1,fl-doe,2026-09-24T12:33:09+00:00
2026,FL,FL-06,2026-09-25,39,50,,50,0,19,19,4,8,apportioned,1,fl-doe,2026-09-25T19:48:56+00:00
2026,FL,FL-06,2026-09-26,38,59,,59,0,22,24,4,8,apportioned,1,fl-doe,2026-09-26T14:05:37+00:00
2026,FL,FL-06,2026-09-27,37,60,,60,0,23,24,4,8,apportioned,1,fl-doe,2026-09-27T14:59:20+00:00
2026,FL,FL-06,2026-09-28,36,60,,60,0,23,24,4,8,apportioned,1,fl-doe,2026-09-28T17:42:37+00:00
2026,FL,FL-06,2026-09-29,35,302,,302,0,153,90,12,48,apportioned,1,fl-doe,2026-09-29T13:11:55+00:00
2026,FL,FL-06,2026-09-30,34,520,,520,0,260,159,20,82,apportioned,1,fl-doe,2026-09-30T14:01:08+00:00
2026,FL,FL-06,2026-10-01,33,2031,,2031,0,859,772,61,340,apportioned,1,fl-doe,2026-10-01T16:52:39+00:00
2026,FL,FL-06,2026-10-02,32,3587,,3587,0,1501,1355,106,626,apportioned,1,fl-doe,2026-10-02T17:27:20+00:00
2026,FL,FL-06,2026-10-03,31,5958,,5958,0,2465,2279,172,1042,apportioned,1,fl-doe,2026-10-03T13:01:50+00:00
2026,FL,FL-06,2026-10-04,30,6803,,6803,0,2777,2609,202,1215,apportioned,1,fl-doe,2026-10-04T13:41:24+00:00
2026,FL,FL-06,2026-10-05,29,6803,,6803,0,2777,2609,202,1215,apportioned,1,fl-doe,2026-10-05T19:03:31+00:00
2026,FL,FL-06,2026-10-06,28,11599,,11599,0,4721,4501,321,2057,apportioned,1,fl-doe,2026-10-06T16:29:43+00:00
2026,FL,FL-06,2026-10-07,27,13395,,13395,0,5522,5151,364,2358,apportioned,1,fl-doe,2026-10-07T12:39:06+00:00
2026,FL,FL-06,2026-10-08,26,15921,,15921,0,6517,6172,430,2803,apportioned,1,fl-doe,2026-10-08T17:11:30+00:00
2026,FL,FL-06,2026-10-09,25,18570,,18570,0,7573,7243,499,3254,apportioned,1,fl-doe,2026-10-09T12:34:07+00:00
2026,FL,FL-06,2026-10-10,24,21113,,21113,0,8614,8253,564,3682,apportioned,1,fl-doe,2026-10-10T16:57:52+00:00
2026,FL,FL-07,2026-09-16,48,0,,0,0,0,0,0,0,apportioned,1,fl-doe,2026-09-16T16:07:18+00:00
2026,FL,FL-07,2026-09-17,47,0,,0,0,0,0,0,0,apportioned,1,fl-doe,2026-09-17T12:39:43+00:00
2026,FL,FL-07,2026-09-18,46,4,,4,0,2,0,0,2,apportioned,1,fl-doe,2026-09-18T14:05:38+00:00
2026,FL,FL-07,2026-09-19,45,7,,7,0,3,2,0,2,apportioned,1,fl-doe,2026-09-19T13:41:22+00:00
2026,FL,FL-07,2026-09-20,44,7,,7,0,3,2,0,2,apportioned,1,fl-doe,2026-09-20T13:56:34+00:00
2026,FL,FL-07,2026-09-21,43,7,,7,0,3,2,0,2,apportioned,1,fl-doe,2026-09-21T16:11:49+00:00
2026,FL,FL-07,2026-09-22,42,13,,13,0,5,5,1,2,apportioned,1,fl-doe,2026-09-22T13:05:06+00:00
2026,FL,FL-07,2026-09-23,41,14,,14,0,6,5,1,2,apportioned,1,fl-doe,2026-09-23T16:06:50+00:00
2026,FL,FL-07,2026-09-24,40,19,,19,0,8,5,2,4,apportioned,1,fl-doe,2026-09-24T12:33:09+00:00
2026,FL,FL-07,2026-09-25,39,20,,20,0,8,5,3,4,apportioned,1,fl-doe,2026-09-25T19:48:56+00:00
2026,FL,FL-07,2026-09-26,38,24,,24,0,11,5,3,5,apportioned,1,fl-doe,2026-09-26T14:05:37+00:00
2026,FL,FL-07,2026-09-27,37,24,,24,0,11,5,3,5,apportioned,1,fl-doe,2026-09-27T14:59:20+00:00
2026,FL,FL-07,2026-09-28,36,24,,24,0,11,5,3,5,apportioned,1,fl-doe,2026-09-28T17:42:37+00:00
2026,FL,FL-07,2026-09-29,35,102,,102,0,43,29,6,24,apportioned,1,fl-doe,2026-09-29T13:11:55+00:00
2026,FL,FL-07,2026-09-30,34,221,,221,0,100,55,11,55,apportioned,1,fl-doe,2026-09-30T14:01:08+00:00
2026,FL,FL-07,2026-10-01,33,701,,701,0,313,219,26,143,apportioned,1,fl-doe,2026-10-01T16:52:39+00:00
2026,FL,FL-07,2026-10-02,32,2737,,2737,0,1088,988,90,570,apportioned,1,fl-doe,2026-10-02T17:27:20+00:00
2026,FL,FL-07,2026-10-03,31,5713,,5713,0,2290,2101,188,1135,apportioned,1,fl-doe,2026-10-03T13:01:50+00:00
2026,FL,FL-07,2026-10-04,30,6774,,6774,0,2683,2515,225,1352,apportioned,1,fl-doe,2026-10-04T13:41:24+00:00
2026,FL,FL-07,2026-10-05,29,6774,,6774,0,2683,2515,225,1352,apportioned,1,fl-doe,2026-10-05T19:03:31+00:00
2026,FL,FL-07,2026-10-06,28,10048,,10048,0,4009,3722,309,2008,apportioned,1,fl-doe,2026-10-06T16:29:43+00:00
2026,FL,FL-07,2026-10-07,27,11938,,11938,0,4821,4357,368,2393,apportioned,1,fl-doe,2026-10-07T12:39:06+00:00
2026,FL,FL-07,2026-10-08,26,14373,,14373,0,5801,5293,426,2852,apportioned,1,fl-doe,2026-10-08T17:11:30+00:00
2026,FL,FL-07,2026-10-09,25,16110,,16110,0,6484,5966,479,3181,apportioned,1,fl-doe,2026-10-09T12:34:07+00:00
2026,FL,FL-07,2026-10-10,24,18557,,18557,0,7503,6828,551,3674,apportioned,1,fl-doe,2026-10-10T16:57:52+00:00
2026,FL,FL-08,2026-09-18,46,0,,0,0,0,0,0,0,apportioned,1,fl-doe,2026-09-18T14:05:38+00:00
2026,FL,FL-08,2026-09-19,45,2,,2,0,1,0,0,0,apportioned,1,fl-doe,2026-09-19T13:41:22+00:00
2026,FL,FL-08,2026-09-20,44,2,,2,0,1,0,0,0,apportioned,1,fl-doe,2026-09-20T13:56:34+00:00
2026,FL,FL-08,2026-09-21,43,2,,2,0,1,0,0,0,apportioned,1,fl-doe,2026-09-21T16:11:49+00:00
2026,FL,FL-08,2026-09-22,42,17,,17,0,9,5,1,2,apportioned,1,fl-doe,2026-09-22T13:05:06+00:00
2026,FL,FL-08,2026-09-23,41,22,,22,0,12,5,1,4,apportioned,1,fl-doe,2026-09-23T16:06:50+00:00
2026,FL,FL-08,2026-09-24,40,31,,31,0,20,5,2,4,apportioned,1,fl-doe,2026-09-24T12:33:09+00:00
2026,FL,FL-08,2026-09-25,39,39,,39,0,25,8,3,4,apportioned,1,fl-doe,2026-09-25T19:48:56+00:00
2026,FL,FL-08,2026-09-26,38,48,,48,0,30,10,3,6,apportioned,1,fl-doe,2026-09-26T14:05:37+00:00
2026,FL,FL-08,2026-09-27,37,48,,48,0,30,10,3,6,apportioned,1,fl-doe,2026-09-27T14:59:20+00:00
2026,FL,FL-08,2026-09-28,36,48,,48,0,30,10,3,6,apportioned,1,fl-doe,2026-09-28T17:42:37+00:00
2026,FL,FL-08,2026-09-29,35,125,,125,0,72,24,8,21,apportioned,1,fl-doe,2026-09-29T13:11:55+00:00
2026,FL,FL-08,2026-09-30,34,451,,451,0,231,117,16,88,apportioned,1,fl-doe,2026-09-30T14:01:08+00:00
2026,FL,FL-08,2026-10-01,33,807,,807,0,405,212,24,166,apportioned,1,fl-doe,2026-10-01T16:52:39+00:00
2026,FL,FL-08,2026-10-02,32,1170,,1170,0,584,313,34,239,apportioned,1,fl-doe,2026-10-02T17:27:20+00:00
2026,FL,FL-08,2026-10-03,31,1501,,1501,0,748,409,41,303,apportioned,1,fl-doe,2026-10-03T13:01:50+00:00
2026,FL,FL-08,2026-10-04,30,1735,,1735,0,865,478,46,347,apportioned,1,fl-doe,2026-10-04T13:41:24+00:00
2026,FL,FL-08,2026-10-05,29,1735,,1735,0,865,478,46,347,apportioned,1,fl-doe,2026-10-05T19:03:31+00:00
2026,FL,FL-08,2026-10-06,28,2314,,2314,0,1139,640,67,469,apportioned,1,fl-doe,2026-10-06T16:29:43+00:00
2026,FL,FL-08,2026-10-07,27,6119,,6119,0,2627,2122,160,1209,apportioned,1,fl-doe,2026-10-07T12:39:06+00:00
2026,FL,FL-08,2026-10-08,26,10512,,10512,0,4347,3784,304,2076,apportioned,1,fl-doe,2026-10-08T17:11:30+00:00
2026,FL,FL-08,2026-10-09,25,13629,,13629,0,5600,5004,383,2642,apportioned,1,fl-doe,2026-10-09T12:34:07+00:00
2026,FL,FL-08,2026-10-10,24,16330,,16330,0,6695,6047,445,3143,apportioned,1,fl-doe,2026-10-10T16:57:52+00:00
2026,FL,FL-09,2026-09-17,47,0,,0,0,0,0,0,0,apportioned,1,fl-doe,2026-09-17T12:39:43+00:00
2026,FL,FL-09,2026-09-18,46,0,,0,0,0,0,0,0,apportioned,1,fl-doe,2026-09-18T14:05:38+00:00
2026,FL,FL-09,2026-09-19,45,4,,4,0,3,0,0,0,apportioned,1,fl-doe,2026-09-19T13:41:22+00:00
2026,FL,FL-09,2026-09-20,44,4,,4,0,3,0,0,0,apportioned,1,fl-doe,2026-09-20T13:56:34+00:00
2026,FL,FL-09,2026-09-21,43,4,,4,0,3,0,0,0,apportioned,1,fl-doe,2026-09-21T16:11:49+00:00
2026,FL,FL-09,2026-09-22,42,14,,14,0,9,0,0,4,apportioned,1,fl-doe,2026-09-22T13:05:06+00:00
2026,FL,FL-09,2026-09-23,41,23,,23,0,14,3,0,5,apportioned,1,fl-doe,2026-09-23T16:06:50+00:00
2026,FL,FL-09,2026-09-24,40,27,,27,0,18,3,0,5,apportioned,1,fl-doe,2026-09-24T12:33:09+00:00
2026,FL,FL-09,2026-09-25,39,72,,72,0,36,20,1,15,apportioned,1,fl-doe,2026-09-25T19:48:56+00:00
2026,FL,FL-09,2026-09-26,38,91,,91,0,43,30,1,17,apportioned,1,fl-doe,2026-09-26T14:05:37+00:00
2026,FL,FL-09,2026-09-27,37,91,,91,0,43,30,1,17,apportioned,1,fl-doe,2026-09-27T14:59:20+00:00
2026,FL,FL-09,2026-09-28,36,91,,91,0,43,30,1,17,apportioned,1,fl-doe,2026-09-28T17:42:37+00:00
2026,FL,FL-09,2026-09-29,35,383,,383,0,170,137,13,63,apportioned,1,fl-doe,2026-09-29T13:11:55+00:00
2026,FL,FL-09,2026-09-30,34,999,,999,0,450,346,27,178,apportioned,1,fl-doe,2026-09-30T20:32:07+00:00
2026,FL,FL-09,2026-10-01,33,1636,,1636,0,742,574,50,272,apportioned,1,fl-doe,2026-10-01T16:52:39+00:00
2026,FL,FL-09,2026-10-02,32,2708,,2708,0,1165,982,92,470,apportioned,1,fl-doe,2026-10-02T17:27:20+00:00
2026,FL,FL-09,2026-10-03,31,3332,,3332,0,1453,1189,115,574,apportioned,1,fl-doe,2026-10-03T13:01:50+00:00
2026,FL,FL-09,2026-10-04,30,3578,,3578,0,1572,1266,120,618,apportioned,1,fl-doe,2026-10-04T13:41:24+00:00
2026,FL,FL-09,2026-10-05,29,3578,,3578,0,1572,1266,120,618,apportioned,1,fl-doe,2026-10-05T19:03:31+00:00
2026,FL,FL-09,2026-10-06,28,6584,,6584,0,2765,2477,220,1121,apportioned,1,fl-doe,2026-10-06T16:29:43+00:00
2026,FL,FL-09,2026-10-07,27,9078,,9078,0,3857,3318,291,1612,apportioned,1,fl-doe,2026-10-07T12:39:06+00:00
2026,FL,FL-09,2026-10-08,26,12091,,12091,0,5196,4347,359,2190,apportioned,1,fl-doe,2026-10-08T17:11:30+00:00
2026,FL,FL-09,2026-10-09,25,14558,,14558,0,6265,5255,415,2623,apportioned,1,fl-doe,2026-10-09T12:34:07+00:00
2026,FL,FL-09,2026-10-10,24,17146,,17146,0,7328,6179,482,3155,apportioned,1,fl-doe,2026-10-10T16:57:52+00:00
2026,FL,FL-10,2026-09-18,46,0,,0,0,0,0,0,0,apportioned,1,fl-doe,2026-09-18T14:05:38+00:00
2026,FL,FL-10,2026-09-19,45,8,,8,0,6,2,0,2,apportioned,1,fl-doe,2026-09-19T13:41:22+00:00
2026,FL,FL-10,2026-09-20,44,8,,8,0,6,2,0,2,apportioned,1,fl-doe,2026-09-20T13:56:34+00:00
2026,FL,FL-10,2026-09-21,43,8,,8,0,6,2,0,2,apportioned,1,fl-doe,2026-09-21T16:11:49+00:00
2026,FL,FL-10,2026-09-22,42,20,,20,0,13,2,2,3,apportioned,1,fl-doe,2026-09-22T13:05:06+00:00
2026,FL,FL-10,2026-09-23,41,27,,27,0,16,5,2,4,apportioned,1,fl-doe,2026-09-23T16:06:50+00:00
2026,FL,FL-10,2026-09-24,40,33,,33,0,21,5,2,4,apportioned,1,fl-doe,2026-09-24T12:33:09+00:00
2026,FL,FL-10,2026-09-25,39,39,,39,0,24,6,3,6,apportioned,1,fl-doe,2026-09-25T19:48:56+00:00
2026,FL,FL-10,2026-09-26,38,53,,53,0,31,10,3,8,apportioned,1,fl-doe,2026-09-26T14:05:37+00:00
2026,FL,FL-10,2026-09-27,37,53,,53,0,31,10,3,8,apportioned,1,fl-doe,2026-09-27T14:59:20+00:00
2026,FL,FL-10,2026-09-28,36,53,,53,0,31,10,3,8,apportioned,1,fl-doe,2026-09-28T17:42:37+00:00
2026,FL,FL-10,2026-09-29,35,180,,180,0,110,38,9,24,apportioned,1,fl-doe,2026-09-29T13:11:55+00:00
2026,FL,FL-10,2026-09-30,34,1565,,1565,0,781,436,41,306,apportioned,1,fl-doe,2026-09-30T14:01:08+00:00
2026,FL,FL-10,2026-10-01,33,2975,,2975,0,1468,822,78,606,apportioned,1,fl-doe,2026-10-01T16:52:39+00:00
2026,FL,FL-10,2026-10-02,32,4512,,4512,0,2233,1243,114,922,apportioned,1,fl-doe,2026-10-02T17:27:20+00:00
2026,FL,FL-10,2026-10-03,31,5810,,5810,0,2892,1594,143,1181,apportioned,1,fl-doe,2026-10-03T13:01:50+00:00
2026,FL,FL-10,2026-10-04,30,6819,,6819,0,3398,1891,161,1369,apportioned,1,fl-doe,2026-10-04T13:41:24+00:00
2026,FL,FL-10,2026-10-05,29,6819,,6819,0,3398,1891,161,1369,apportioned,1,fl-doe,2026-10-05T19:03:31+00:00
2026,FL,FL-10,2026-10-06,28,7761,,7761,0,3918,2106,189,1549,apportioned,1,fl-doe,2026-10-06T16:29:43+00:00
2026,FL,FL-10,2026-10-07,27,9857,,9857,0,4949,2704,235,1969,apportioned,1,fl-doe,2026-10-07T12:39:06+00:00
2026,FL,FL-10,2026-10-08,26,11523,,11523,0,5780,3178,271,2293,apportioned,1,fl-doe,2026-10-08T17:11:30+00:00
2026,FL,FL-10,2026-10-09,25,12751,,12751,0,6372,3540,294,2545,apportioned,1,fl-doe,2026-10-09T12:34:07+00:00
2026,FL,FL-10,2026-10-10,24,13885,,13885,0,6943,3838,325,2780,apportioned,1,fl-doe,2026-10-10T16:57:52+00:00
2026,FL,FL-11,2026-09-18,46,0,,0,0,0,0,0,0,apportioned,1,fl-doe,2026-09-18T14:05:38+00:00
2026,FL,FL-11,2026-09-19,45,15,,15,0,9,3,0,3,apportioned,1,fl-doe,2026-09-19T13:41:22+00:00
2026,FL,FL-11,2026-09-20,44,15,,15,0,9,3,0,3,apportioned,1,fl-doe,2026-09-20T13:56:34+00:00
2026,FL,FL-11,2026-09-21,43,15,,15,0,9,3,0,3,apportioned,1,fl-doe,2026-09-21T16:11:49+00:00
2026,FL,FL-11,2026-09-22,42,38,,38,0,24,8,1,5,apportioned,1,fl-doe,2026-09-22T13:05:06+00:00
2026,FL,FL-11,2026-09-23,41,51,,51,0,28,11,1,11,apportioned,1,fl-doe,2026-09-23T16:06:50+00:00
2026,FL,FL-11,2026-09-24,40,60,,60,0,32,15,2,12,apportioned,1,fl-doe,2026-09-24T12:33:09+00:00
2026,FL,FL-11,2026-09-25,39,76,,76,0,40,19,3,14,apportioned,1,fl-doe,2026-09-25T19:48:56+00:00
2026,FL,FL-11,2026-09-26,38,93,,93,0,50,24,3,16,apportioned,1,fl-doe,2026-09-26T14:05:37+00:00
2026,FL,FL-11,2026-09-27,37,93,,93,0,50,24,3,16,apportioned,1,fl-doe,2026-09-27T14:59:20+00:00
2026,FL,FL-11,2026-09-28,36,93,,93,0,50,24,3,16,apportioned,1,fl-doe,2026-09-28T17:42:37+00:00
2026,FL,FL-11,2026-09-29,35,206,,206,0,118,48,8,30,apportioned,1,fl-doe,2026-09-29T13:11:55+00:00
2026,FL,FL-11,2026-09-30,34,1062,,1062,0,534,293,29,204,apportioned,1,fl-doe,2026-09-30T14:01:08+00:00
2026,FL,FL-11,2026-10-01,33,1927,,1927,0,957,530,52,388,apportioned,1,fl-doe,2026-10-01T16:52:39+00:00
2026,FL,FL-11,2026-10-02,32,3488,,3488,0,1708,1001,86,693,apportioned,1,fl-doe,2026-10-02T17:27:20+00:00
2026,FL,FL-11,2026-10-03,31,5295,,5295,0,2519,1618,130,1026,apportioned,1,fl-doe,2026-10-03T13:01:50+00:00
2026,FL,FL-11,2026-10-04,30,5914,,5914,0,2829,1800,142,1142,apportioned,1,fl-doe,2026-10-04T13:41:24+00:00
2026,FL,FL-11,2026-10-05,29,5914,,5914,0,2829,1800,142,1142,apportioned,1,fl-doe,2026-10-05T19:03:31+00:00
2026,FL,FL-11,2026-10-06,28,8403,,8403,0,3952,2630,203,1616,apportioned,1,fl-doe,2026-10-06T16:29:43+00:00
2026,FL,FL-11,2026-10-07,27,11895,,11895,0,5499,3830,279,2288,apportioned,1,fl-doe,2026-10-07T12:39:06+00:00
2026,FL,FL-11,2026-10-08,26,13898,,13898,0,6394,4508,329,2669,apportioned,1,fl-doe,2026-10-08T17:11:30+00:00
2026,FL,FL-11,2026-10-09,25,17702,,17702,0,7842,6029,421,3410,apportioned,1,fl-doe,2026-10-09T12:34:07+00:00
2026,FL,FL-11,2026-10-10,24,20986,,20986,0,9105,7395,483,4003,apportioned,1,fl-doe,2026-10-10T16:57:52+00:00
2026,FL,FL-12,2026-09-05,59,0,,0,0,0,0,0,0,apportioned,1,fl-doe,2026-09-06T02:16:23+00:00
2026,FL,FL-12,2026-09-06,58,0,,0,0,0,0,0,0,apportioned,1,fl-doe,2026-09-06T23:28:12+00:00
2026,FL,FL-12,2026-09-07,57,0,,0,0,0,0,0,0,apportioned,1,fl-doe,2026-09-07T15:30:03+00:00
2026,FL,FL-12,2026-09-08,56,0,,0,0,0,0,0,0,apportioned,1,fl-doe,2026-09-08T14:07:56+00:00
2026,FL,FL-12,2026-09-18,46,0,,0,0,0,0,0,0,apportioned,1,fl-doe,2026-09-18T14:05:38+00:00
2026,FL,FL-12,2026-09-19,45,0,,0,0,0,0,0,0,apportioned,1,fl-doe,2026-09-19T13:41:22+00:00
2026,FL,FL-12,2026-09-20,44,0,,0,0,0,0,0,0,apportioned,1,fl-doe,2026-09-20T13:56:34+00:00
2026,FL,FL-12,2026-09-21,43,0,,0,0,0,0,0,0,apportioned,1,fl-doe,2026-09-21T16:11:49+00:00
2026,FL,FL-12,2026-09-22,42,20,,20,0,10,3,1,6,apportioned,1,fl-doe,2026-09-22T13:05:06+00:00
2026,FL,FL-12,2026-09-23,41,30,,30,0,17,5,1,8,apportioned,1,fl-doe,2026-09-23T16:06:50+00:00
2026,FL,FL-12,2026-09-24,40,40,,40,0,24,7,1,9,apportioned,1,fl-doe,2026-09-24T12:33:09+00:00
2026,FL,FL-12,2026-09-25,39,49,,49,0,29,10,1,9,apportioned,1,fl-doe,2026-09-25T19:48:56+00:00
2026,FL,FL-12,2026-09-26,38,63,,63,0,35,17,2,10,apportioned,1,fl-doe,2026-09-26T14:05:37+00:00
2026,FL,FL-12,2026-09-27,37,63,,63,0,35,17,2,10,apportioned,1,fl-doe,2026-09-27T14:59:20+00:00
2026,FL,FL-12,2026-09-28,36,63,,63,0,35,17,2,10,apportioned,1,fl-doe,2026-09-28T17:42:37+00:00
2026,FL,FL-12,2026-09-29,35,122,,122,0,58,39,2,23,apportioned,1,fl-doe,2026-09-29T13:11:55+00:00
2026,FL,FL-12,2026-09-30,34,272,,272,0,119,92,6,54,apportioned,1,fl-doe,2026-09-30T14:01:08+00:00
2026,FL,FL-12,2026-10-01,33,1819,,1819,0,718,693,47,362,apportioned,1,fl-doe,2026-10-01T16:52:39+00:00
2026,FL,FL-12,2026-10-02,32,3067,,3067,0,1213,1139,84,631,apportioned,1,fl-doe,2026-10-02T17:27:20+00:00
2026,FL,FL-12,2026-10-03,31,4103,,4103,0,1649,1502,117,837,apportioned,1,fl-doe,2026-10-03T13:01:50+00:00
2026,FL,FL-12,2026-10-04,30,4998,,4998,0,2029,1842,145,984,apportioned,1,fl-doe,2026-10-04T13:41:24+00:00
2026,FL,FL-12,2026-10-05,29,4998,,4998,0,2029,1842,145,984,apportioned,1,fl-doe,2026-10-05T19:03:31+00:00
2026,FL,FL-12,2026-10-06,28,6455,,6455,0,2614,2367,192,1284,apportioned,1,fl-doe,2026-10-06T16:29:43+00:00
2026,FL,FL-12,2026-10-07,27,6867,,6867,0,2824,2484,200,1358,apportioned,1,fl-doe,2026-10-07T12:39:06+00:00
2026,FL,FL-12,2026-10-08,26,9462,,9462,0,3902,3420,282,1858,apportioned,1,fl-doe,2026-10-08T17:11:30+00:00
2026,FL,FL-12,2026-10-09,25,12712,,12712,0,5290,4614,365,2443,apportioned,1,fl-doe,2026-10-09T12:34:07+00:00
2026,FL,FL-12,2026-10-10,24,14442,,14442,0,6043,5211,413,2774,apportioned,1,fl-doe,2026-10-10T16:57:52+00:00
2026,FL,FL-13,2026-09-05,59,0,,0,0,0,0,0,0,apportioned,1,fl-doe,2026-09-06T02:16:23+00:00
2026,FL,FL-13,2026-09-06,58,0,,0,0,0,0,0,0,apportioned,1,fl-doe,2026-09-06T23:28:12+00:00
2026,FL,FL-13,2026-09-07,57,0,,0,0,0,0,0,0,apportioned,1,fl-doe,2026-09-07T15:30:03+00:00
2026,FL,FL-13,2026-09-08,56,0,,0,0,0,0,0,0,apportioned,1,fl-doe,2026-09-08T14:07:56+00:00
2026,FL,FL-13,2026-09-17,47,0,,0,0,0,0,0,0,apportioned,1,fl-doe,2026-09-17T12:39:43+00:00
2026,FL,FL-13,2026-09-18,46,0,,0,0,0,0,0,0,apportioned,1,fl-doe,2026-09-18T14:05:38+00:00
2026,FL,FL-13,2026-09-19,45,0,,0,0,0,0,0,0,apportioned,1,fl-doe,2026-09-19T13:41:22+00:00
2026,FL,FL-13,2026-09-20,44,0,,0,0,0,0,0,0,apportioned,1,fl-doe,2026-09-20T13:56:34+00:00
2026,FL,FL-13,2026-09-21,43,0,,0,0,0,0,0,0,apportioned,1,fl-doe,2026-09-21T16:11:49+00:00
2026,FL,FL-13,2026-09-22,42,19,,19,0,8,5,1,4,apportioned,1,fl-doe,2026-09-22T13:05:06+00:00
2026,FL,FL-13,2026-09-23,41,67,,67,0,28,30,2,6,apportioned,1,fl-doe,2026-09-23T16:06:50+00:00
2026,FL,FL-13,2026-09-24,40,87,,87,0,35,38,4,9,apportioned,1,fl-doe,2026-09-24T12:33:09+00:00
2026,FL,FL-13,2026-09-25,39,116,,116,0,53,45,5,13,apportioned,1,fl-doe,2026-09-25T19:48:56+00:00
2026,FL,FL-13,2026-09-26,38,148,,148,0,63,59,7,19,apportioned,1,fl-doe,2026-09-26T14:05:37+00:00
2026,FL,FL-13,2026-09-27,37,148,,148,0,63,59,7,19,apportioned,1,fl-doe,2026-09-27T14:59:20+00:00
2026,FL,FL-13,2026-09-28,36,148,,148,0,63,59,7,19,apportioned,1,fl-doe,2026-09-28T17:42:37+00:00
2026,FL,FL-13,2026-09-29,35,202,,202,0,93,73,7,30,apportioned,1,fl-doe,2026-09-29T13:11:55+00:00
2026,FL,FL-13,2026-09-30,34,264,,264,0,121,91,8,45,apportioned,1,fl-doe,2026-09-30T14:01:08+00:00
2026,FL,FL-13,2026-10-01,33,520,,520,0,220,192,16,93,apportioned,1,fl-doe,2026-10-01T16:52:39+00:00
2026,FL,FL-13,2026-10-02,32,744,,744,0,317,265,21,140,apportioned,1,fl-doe,2026-10-02T17:27:20+00:00
2026,FL,FL-13,2026-10-03,31,985,,985,0,421,345,27,191,apportioned,1,fl-doe,2026-10-03T13:01:50+00:00
2026,FL,FL-13,2026-10-04,30,1117,,1117,0,478,395,32,212,apportioned,1,fl-doe,2026-10-04T13:41:24+00:00
2026,FL,FL-13,2026-10-05,29,1117,,1117,0,478,395,32,212,apportioned,1,fl-doe,2026-10-05T19:03:31+00:00
2026,FL,FL-13,2026-10-06,28,8368,,8368,0,3075,3354,239,1700,apportioned,1,fl-doe,2026-10-06T16:29:43+00:00
2026,FL,FL-13,2026-10-07,27,9329,,9329,0,3573,3611,259,1888,apportioned,1,fl-doe,2026-10-07T12:39:06+00:00
2026,FL,FL-13,2026-10-08,26,15685,,15685,0,6030,6092,419,3144,apportioned,1,fl-doe,2026-10-08T17:11:30+00:00
2026,FL,FL-13,2026-10-09,25,20409,,20409,0,7899,7897,546,4067,apportioned,1,fl-doe,2026-10-09T12:34:07+00:00
2026,FL,FL-13,2026-10-10,24,24047,,24047,0,9318,9336,632,4762,apportioned,1,fl-doe,2026-10-10T16:57:52+00:00
2026,FL,FL-14,2026-09-19,45,1,,1,0,0,0,0,1,apportioned,1,fl-doe,2026-09-19T13:41:22+00:00
2026,FL,FL-14,2026-09-20,44,1,,1,0,0,0,0,1,apportioned,1,fl-doe,2026-09-20T13:56:34+00:00
2026,FL,FL-14,2026-09-21,43,1,,1,0,0,0,0,1,apportioned,1,fl-doe,2026-09-21T16:11:49+00:00
2026,FL,FL-14,2026-09-22,42,20,,20,0,11,3,1,5,apportioned,1,fl-doe,2026-09-22T13:05:06+00:00
2026,FL,FL-14,2026-09-23,41,43,,43,0,23,9,1,9,apportioned,1,fl-doe,2026-09-23T16:06:50+00:00
2026,FL,FL-14,2026-09-24,40,54,,54,0,30,13,1,10,apportioned,1,fl-doe,2026-09-24T12:33:09+00:00
2026,FL,FL-14,2026-09-25,39,58,,58,0,34,13,1,10,apportioned,1,fl-doe,2026-09-25T19:48:56+00:00
2026,FL,FL-14,2026-09-26,38,71,,71,0,41,16,1,12,apportioned,1,fl-doe,2026-09-26T14:05:37+00:00
2026,FL,FL-14,2026-09-27,37,71,,71,0,41,16,1,12,apportioned,1,fl-doe,2026-09-27T14:59:20+00:00
2026,FL,FL-14,2026-09-28,36,71,,71,0,41,16,1,12,apportioned,1,fl-doe,2026-09-28T17:42:37+00:00
2026,FL,FL-14,2026-09-29,35,96,,96,0,56,22,2,16,apportioned,1,fl-doe,2026-09-29T13:11:55+00:00
2026,FL,FL-14,2026-09-30,34,156,,156,0,81,40,2,32,apportioned,1,fl-doe,2026-09-30T14:01:08+00:00
2026,FL,FL-14,2026-10-01,33,178,,178,0,93,48,2,35,apportioned,1,fl-doe,2026-10-01T16:52:39+00:00
2026,FL,FL-14,2026-10-02,32,198,,198,0,103,54,2,39,apportioned,1,fl-doe,2026-10-02T17:27:20+00:00
2026,FL,FL-14,2026-10-03,31,238,,238,0,119,64,2,52,apportioned,1,fl-doe,2026-10-03T13:01:50+00:00
2026,FL,FL-14,2026-10-04,30,238,,238,0,119,64,2,52,apportioned,1,fl-doe,2026-10-04T13:41:24+00:00
2026,FL,FL-14,2026-10-05,29,238,,238,0,119,64,2,52,apportioned,1,fl-doe,2026-10-05T19:03:31+00:00
2026,FL,FL-14,2026-10-06,28,295,,295,0,152,73,4,66,apportioned,1,fl-doe,2026-10-06T16:29:43+00:00
2026,FL,FL-14,2026-10-07,27,677,,677,0,373,164,13,127,apportioned,1,fl-doe,2026-10-07T12:39:06+00:00
2026,FL,FL-14,2026-10-08,26,3080,,3080,0,1364,1014,80,621,apportioned,1,fl-doe,2026-10-08T17:11:30+00:00
2026,FL,FL-14,2026-10-09,25,7975,,7975,0,3418,2837,206,1514,apportioned,1,fl-doe,2026-10-09T12:34:07+00:00
2026,FL,FL-14,2026-10-10,24,10139,,10139,0,4373,3598,262,1905,apportioned,1,fl-doe,2026-10-10T16:57:52+00:00
2026,FL,FL-15,2026-09-05,59,0,,0,0,0,0,0,0,apportioned,1,fl-doe,2026-09-06T02:16:23+00:00
2026,FL,FL-15,2026-09-06,58,0,,0,0,0,0,0,0,apportioned,1,fl-doe,2026-09-06T23:28:12+00:00
2026,FL,FL-15,2026-09-07,57,0,,0,0,0,0,0,0,apportioned,1,fl-doe,2026-09-07T15:30:03+00:00
2026,FL,FL-15,2026-09-08,56,0,,0,0,0,0,0,0,apportioned,1,fl-doe,2026-09-08T14:07:56+00:00
2026,FL,FL-15,2026-09-18,46,0,,0,0,0,0,0,0,apportioned,1,fl-doe,2026-09-18T14:05:38+00:00
2026,FL,FL-15,2026-09-19,45,1,,1,0,0,0,0,1,apportioned,1,fl-doe,2026-09-19T13:41:22+00:00
2026,FL,FL-15,2026-09-20,44,1,,1,0,0,0,0,1,apportioned,1,fl-doe,2026-09-20T13:56:34+00:00
2026,FL,FL-15,2026-09-21,43,1,,1,0,0,0,0,1,apportioned,1,fl-doe,2026-09-21T16:11:49+00:00
2026,FL,FL-15,2026-09-22,42,14,,14,0,8,2,0,4,apportioned,1,fl-doe,2026-09-22T13:05:06+00:00
2026,FL,FL-15,2026-09-23,41,23,,23,0,13,4,0,7,apportioned,1,fl-doe,2026-09-23T16:06:50+00:00
2026,FL,FL-15,2026-09-24,40,31,,31,0,18,6,0,7,apportioned,1,fl-doe,2026-09-24T12:33:09+00:00
2026,FL,FL-15,2026-09-25,39,46,,46,0,27,12,0,7,apportioned,1,fl-doe,2026-09-25T19:48:56+00:00
2026,FL,FL-15,2026-09-26,38,56,,56,0,32,17,0,7,apportioned,1,fl-doe,2026-09-26T14:05:37+00:00
2026,FL,FL-15,2026-09-27,37,56,,56,0,32,17,0,7,apportioned,1,fl-doe,2026-09-27T14:59:20+00:00
2026,FL,FL-15,2026-09-28,36,56,,56,0,32,17,0,7,apportioned,1,fl-doe,2026-09-28T17:42:37+00:00
2026,FL,FL-15,2026-09-29,35,99,,99,0,48,34,0,17,apportioned,1,fl-doe,2026-09-29T13:11:55+00:00
2026,FL,FL-15,2026-09-30,34,378,,378,0,168,145,7,59,apportioned,1,fl-doe,2026-09-30T14:01:08+00:00
2026,FL,FL-15,2026-10-01,33,2244,,2244,0,913,869,55,406,apportioned,1,fl-doe,2026-10-01T16:52:39+00:00
2026,FL,FL-15,2026-10-02,32,4045,,4045,0,1623,1603,91,728,apportioned,1,fl-doe,2026-10-02T17:27:20+00:00
2026,FL,FL-15,2026-10-03,31,6170,,6170,0,2421,2489,148,1112,apportioned,1,fl-doe,2026-10-03T13:01:50+00:00
2026,FL,FL-15,2026-10-04,30,6568,,6568,0,2589,2640,160,1178,apportioned,1,fl-doe,2026-10-04T13:41:24+00:00
2026,FL,FL-15,2026-10-05,29,6568,,6568,0,2589,2640,160,1178,apportioned,1,fl-doe,2026-10-05T19:03:31+00:00
2026,FL,FL-15,2026-10-06,28,10167,,10167,0,3874,4206,268,1817,apportioned,1,fl-doe,2026-10-06T16:29:43+00:00
2026,FL,FL-15,2026-10-07,27,12032,,12032,0,4635,4912,315,2170,apportioned,1,fl-doe,2026-10-07T12:39:06+00:00
2026,FL,FL-15,2026-10-08,26,14935,,14935,0,5758,6103,396,2679,apportioned,1,fl-doe,2026-10-08T17:11:30+00:00
2026,FL,FL-15,2026-10-09,25,18092,,18092,0,6982,7373,487,3249,apportioned,1,fl-doe,2026-10-09T12:34:07+00:00
2026,FL,FL-15,2026-10-10,24,20335,,20335,0,7850,8315,533,3638,apportioned,1,fl-doe,2026-10-10T16:57:52+00:00
2026,FL,FL-16,2026-09-09,55,0,,0,0,0,0,0,0,apportioned,1,fl-doe,2026-09-09T14:09:29+00:00
2026,FL,FL-16,2026-09-10,54,0,,0,0,0,0,0,0,apportioned,1,fl-doe,2026-09-10T14:03:21+00:00
2026,FL,FL-16,2026-09-11,53,0,,0,0,0,0,0,0,apportioned,1,fl-doe,2026-09-11T14:02:54+00:00
2026,FL,FL-16,2026-09-12,52,0,,0,0,0,0,0,0,apportioned,1,fl-doe,2026-09-12T13:20:39+00:00
2026,FL,FL-16,2026-09-13,51,0,,0,0,0,0,0,0,apportioned,1,fl-doe,2026-09-13T14:03:25+00:00
2026,FL,FL-16,2026-09-14,50,0,,0,0,0,0,0,0,apportioned,1,fl-doe,2026-09-14T16:09:23+00:00
2026,FL,FL-16,2026-09-15,49,0,,0,0,0,0,0,0,apportioned,1,fl-doe,2026-09-15T13:08:04+00:00
2026,FL,FL-16,2026-09-16,48,0,,0,0,0,0,0,0,apportioned,1,fl-doe,2026-09-16T16:07:18+00:00
2026,FL,FL-16,2026-09-17,47,0,,0,0,0,0,0,0,apportioned,1,fl-doe,2026-09-17T12:39:43+00:00
2026,FL,FL-16,2026-09-18,46,0,,0,0,0,0,0,0,apportioned,1,fl-doe,2026-09-18T14:05:38+00:00
2026,FL,FL-16,2026-09-19,45,1,,1,0,0,0,0,0,apportioned,1,fl-doe,2026-09-19T13:41:22+00:00
2026,FL,FL-16,2026-09-20,44,1,,1,0,0,0,0,0,apportioned,1,fl-doe,2026-09-20T13:56:34+00:00
2026,FL,FL-16,2026-09-21,43,1,,1,0,0,0,0,0,apportioned,1,fl-doe,2026-09-21T16:11:49+00:00
2026,FL,FL-16,2026-09-22,42,21,,21,0,15,4,1,2,apportioned,1,fl-doe,2026-09-22T13:05:06+00:00
2026,FL,FL-16,2026-09-23,41,44,,44,0,23,13,1,6,apportioned,1,fl-doe,2026-09-23T16:06:50+00:00
2026,FL,FL-16,2026-09-24,40,57,,57,0,28,18,2,9,apportioned,1,fl-doe,2026-09-24T12:33:09+00:00
2026,FL,FL-16,2026-09-25,39,76,,76,0,41,22,3,10,apportioned,1,fl-doe,2026-09-25T19:48:56+00:00
2026,FL,FL-16,2026-09-26,38,92,,92,0,47,28,4,13,apportioned,1,fl-doe,2026-09-26T14:05:37+00:00
2026,FL,FL-16,2026-09-27,37,92,,92,0,47,28,4,13,apportioned,1,fl-doe,2026-09-27T14:59:20+00:00
2026,FL,FL-16,2026-09-28,36,92,,92,0,47,28,4,13,apportioned,1,fl-doe,2026-09-28T17:42:37+00:00
2026,FL,FL-16,2026-09-29,35,128,,128,0,67,36,4,20,apportioned,1,fl-doe,2026-09-29T13:11:55+00:00
2026,FL,FL-16,2026-09-30,34,183,,183,0,99,47,6,29,apportioned,1,fl-doe,2026-09-30T14:01:08+00:00
2026,FL,FL-16,2026-10-01,33,715,,715,0,353,223,22,116,apportioned,1,fl-doe,2026-10-01T16:52:39+00:00
2026,FL,FL-16,2026-10-02,32,1521,,1521,0,706,513,48,255,apportioned,1,fl-doe,2026-10-02T17:27:20+00:00
2026,FL,FL-16,2026-10-03,31,2950,,2950,0,1288,1072,76,515,apportioned,1,fl-doe,2026-10-03T13:01:50+00:00
2026,FL,FL-16,2026-10-04,30,3005,,3005,0,1311,1094,77,524,apportioned,1,fl-doe,2026-10-04T13:41:24+00:00
2026,FL,FL-16,2026-10-05,29,3005,,3005,0,1311,1094,77,524,apportioned,1,fl-doe,2026-10-05T19:03:31+00:00
2026,FL,FL-16,2026-10-06,28,7752,,7752,0,3067,3047,195,1443,apportioned,1,fl-doe,2026-10-06T16:29:43+00:00
2026,FL,FL-16,2026-10-07,27,10281,,10281,0,4098,4037,244,1901,apportioned,1,fl-doe,2026-10-07T12:39:06+00:00
2026,FL,FL-16,2026-10-08,26,15381,,15381,0,6105,6073,370,2833,apportioned,1,fl-doe,2026-10-08T17:11:30+00:00
2026,FL,FL-16,2026-10-09,25,20182,,20182,0,8008,7975,497,3703,apportioned,1,fl-doe,2026-10-09T12:34:07+00:00
2026,FL,FL-16,2026-10-10,24,25033,,25033,0,9923,9933,599,4579,apportioned,1,fl-doe,2026-10-10T16:57:52+00:00
2026,FL,FL-17,2026-09-10,54,0,,0,0,0,0,0,0,apportioned,1,fl-doe,2026-09-10T14:03:21+00:00
2026,FL,FL-17,2026-09-11,53,0,,0,0,0,0,0,0,apportioned,1,fl-doe,2026-09-11T14:02:54+00:00
2026,FL,FL-17,2026-09-12,52,0,,0,0,0,0,0,0,apportioned,1,fl-doe,2026-09-12T13:20:39+00:00
2026,FL,FL-17,2026-09-13,51,0,,0,0,0,0,0,0,apportioned,1,fl-doe,2026-09-13T14:03:25+00:00
2026,FL,FL-17,2026-09-14,50,0,,0,0,0,0,0,0,apportioned,1,fl-doe,2026-09-14T16:09:23+00:00
2026,FL,FL-17,2026-09-15,49,0,,0,0,0,0,0,0,apportioned,1,fl-doe,2026-09-15T13:08:04+00:00
2026,FL,FL-17,2026-09-16,48,0,,0,0,0,0,0,0,apportioned,1,fl-doe,2026-09-16T16:07:18+00:00
2026,FL,FL-17,2026-09-17,47,0,,0,0,0,0,0,0,apportioned,1,fl-doe,2026-09-17T12:39:43+00:00
2026,FL,FL-17,2026-09-18,46,0,,0,0,0,0,0,0,apportioned,1,fl-doe,2026-09-18T14:05:38+00:00
2026,FL,FL-17,2026-09-19,45,7,,7,0,5,2,0,1,apportioned,1,fl-doe,2026-09-19T13:41:22+00:00
2026,FL,FL-17,2026-09-20,44,7,,7,0,5,2,0,1,apportioned,1,fl-doe,2026-09-20T13:56:34+00:00
2026,FL,FL-17,2026-09-21,43,7,,7,0,5,2,0,1,apportioned,1,fl-doe,2026-09-21T16:11:49+00:00
2026,FL,FL-17,2026-09-22,42,80,,80,0,40,23,3,14,apportioned,1,fl-doe,2026-09-22T13:05:06+00:00
2026,FL,FL-17,2026-09-23,41,90,,90,0,45,25,3,17,apportioned,1,fl-doe,2026-09-23T16:06:50+00:00
2026,FL,FL-17,2026-09-24,40,116,,116,0,57,34,3,22,apportioned,1,fl-doe,2026-09-24T12:33:09+00:00
2026,FL,FL-17,2026-09-25,39,145,,145,0,71,43,4,27,apportioned,1,fl-doe,2026-09-25T19:48:56+00:00
2026,FL,FL-17,2026-09-26,38,161,,161,0,79,49,4,29,apportioned,1,fl-doe,2026-09-26T14:05:37+00:00
2026,FL,FL-17,2026-09-27,37,161,,161,0,79,49,4,29,apportioned,1,fl-doe,2026-09-27T14:59:20+00:00
2026,FL,FL-17,2026-09-28,36,161,,161,0,79,49,4,29,apportioned,1,fl-doe,2026-09-28T17:42:37+00:00
2026,FL,FL-17,2026-09-29,35,284,,284,0,139,85,5,55,apportioned,1,fl-doe,2026-09-29T13:11:55+00:00
2026,FL,FL-17,2026-09-30,34,529,,529,0,250,163,19,98,apportioned,1,fl-doe,2026-09-30T14:01:08+00:00
2026,FL,FL-17,2026-10-01,33,4377,,4377,0,1933,1560,139,743,apportioned,1,fl-doe,2026-10-01T16:52:39+00:00
2026,FL,FL-17,2026-10-02,32,8586,,8586,0,3619,3202,266,1498,apportioned,1,fl-doe,2026-10-02T17:27:20+00:00
2026,FL,FL-17,2026-10-03,31,11250,,11250,0,4704,4216,353,1977,apportioned,1,fl-doe,2026-10-03T13:01:50+00:00
2026,FL,FL-17,2026-10-04,30,11250,,11250,0,4704,4216,353,1977,apportioned,1,fl-doe,2026-10-04T13:41:24+00:00
2026,FL,FL-17,2026-10-05,29,11250,,11250,0,4704,4216,353,1977,apportioned,1,fl-doe,2026-10-05T19:03:31+00:00
2026,FL,FL-17,2026-10-06,28,18561,,18561,0,7547,7206,565,3244,apportioned,1,fl-doe,2026-10-06T16:29:43+00:00
2026,FL,FL-17,2026-10-07,27,22927,,22927,0,9378,8793,678,4079,apportioned,1,fl-doe,2026-10-07T12:39:06+00:00
2026,FL,FL-17,2026-10-08,26,27981,,27981,0,11319,10869,829,4965,apportioned,1,fl-doe,2026-10-08T17:11:30+00:00
2026,FL,FL-17,2026-10-09,25,33054,,33054,0,13253,12931,967,5903,apportioned,1,fl-doe,2026-10-09T12:34:07+00:00
2026,FL,FL-17,2026-10-10,24,36089,,36089,0,14467,14147,1042,6432,apportioned,1,fl-doe,2026-10-10T16:57:52+00:00
2026,FL,FL-18,2026-09-18,46,0,,0,0,0,0,0,0,apportioned,1,fl-doe,2026-09-18T14:05:38+00:00
2026,FL,FL-18,2026-09-19,45,0,,0,0,0,0,0,0,apportioned,1,fl-doe,2026-09-19T13:41:22+00:00
2026,FL,FL-18,2026-09-20,44,0,,0,0,0,0,0,0,apportioned,1,fl-doe,2026-09-20T13:56:34+00:00
2026,FL,FL-18,2026-09-21,43,0,,0,0,0,0,0,0,apportioned,1,fl-doe,2026-09-21T16:11:49+00:00
2026,FL,FL-18,2026-09-22,42,1,,1,0,1,0,0,1,apportioned,1,fl-doe,2026-09-22T13:05:06+00:00
2026,FL,FL-18,2026-09-23,41,1,,1,0,1,0,0,1,apportioned,1,fl-doe,2026-09-23T16:06:50+00:00
2026,FL,FL-18,2026-09-24,40,1,,1,0,1,0,0,1,apportioned,1,fl-doe,2026-09-24T12:33:09+00:00
2026,FL,FL-18,2026-09-25,39,23,,23,0,15,3,0,4,apportioned,1,fl-doe,2026-09-25T19:48:56+00:00
2026,FL,FL-18,2026-09-26,38,24,,24,0,16,4,0,4,apportioned,1,fl-doe,2026-09-26T14:05:37+00:00
2026,FL,FL-18,2026-09-27,37,24,,24,0,16,4,0,4,apportioned,1,fl-doe,2026-09-27T14:59:20+00:00
2026,FL,FL-18,2026-09-28,36,24,,24,0,16,4,0,4,apportioned,1,fl-doe,2026-09-28T17:42:37+00:00
2026,FL,FL-18,2026-09-29,35,25,,25,0,17,4,0,4,apportioned,1,fl-doe,2026-09-29T13:11:55+00:00
2026,FL,FL-18,2026-09-30,34,189,,189,0,86,70,4,29,apportioned,1,fl-doe,2026-09-30T14:01:08+00:00
2026,FL,FL-18,2026-10-01,33,1668,,1668,0,690,696,44,237,apportioned,1,fl-doe,2026-10-01T16:52:39+00:00
2026,FL,FL-18,2026-10-02,32,5184,,5184,0,2075,2179,143,786,apportioned,1,fl-doe,2026-10-02T17:27:20+00:00
2026,FL,FL-18,2026-10-03,31,5294,,5294,0,2133,2210,144,809,apportioned,1,fl-doe,2026-10-03T13:01:50+00:00
2026,FL,FL-18,2026-10-04,30,8976,,8976,0,3684,3663,232,1398,apportioned,1,fl-doe,2026-10-04T13:41:24+00:00
2026,FL,FL-18,2026-10-05,29,8976,,8976,0,3684,3663,232,1398,apportioned,1,fl-doe,2026-10-05T19:03:31+00:00
2026,FL,FL-18,2026-10-06,28,10803,,10803,0,4445,4404,269,1685,apportioned,1,fl-doe,2026-10-06T16:29:43+00:00
2026,FL,FL-18,2026-10-07,27,11538,,11538,0,4775,4648,282,1833,apportioned,1,fl-doe,2026-10-07T12:39:06+00:00
2026,FL,FL-18,2026-10-08,26,14584,,14584,0,6114,5794,351,2325,apportioned,1,fl-doe,2026-10-08T17:11:30+00:00
2026,FL,FL-18,2026-10-09,25,17068,,17068,0,7211,6721,397,2739,apportioned,1,fl-doe,2026-10-09T12:34:07+00:00
2026,FL,FL-18,2026-10-10,24,19175,,19175,0,8109,7518,444,3105,apportioned,1,fl-doe,2026-10-10T16:57:52+00:00
2026,FL,FL-19,2026-09-18,46,0,,0,0,0,0,0,0,apportioned,1,fl-doe,2026-09-18T14:05:38+00:00
2026,FL,FL-19,2026-09-19,45,3,,3,0,2,0,0,1,apportioned,1,fl-doe,2026-09-19T13:41:22+00:00
2026,FL,FL-19,2026-09-20,44,3,,3,0,2,0,0,1,apportioned,1,fl-doe,2026-09-20T13:56:34+00:00
2026,FL,FL-19,2026-09-21,43,3,,3,0,2,0,0,1,apportioned,1,fl-doe,2026-09-21T16:11:49+00:00
2026,FL,FL-19,2026-09-22,42,25,,25,0,10,6,1,8,apportioned,1,fl-doe,2026-09-22T13:05:06+00:00
2026,FL,FL-19,2026-09-23,41,38,,38,0,14,9,1,15,apportioned,1,fl-doe,2026-09-23T16:06:50+00:00
2026,FL,FL-19,2026-09-24,40,52,,52,0,22,13,1,16,apportioned,1,fl-doe,2026-09-24T12:33:09+00:00
2026,FL,FL-19,2026-09-25,39,60,,60,0,25,15,1,19,apportioned,1,fl-doe,2026-09-25T19:48:56+00:00
2026,FL,FL-19,2026-09-26,38,72,,72,0,28,21,1,22,apportioned,1,fl-doe,2026-09-26T14:05:37+00:00
2026,FL,FL-19,2026-09-27,37,72,,72,0,28,21,1,22,apportioned,1,fl-doe,2026-09-27T14:59:20+00:00
2026,FL,FL-19,2026-09-28,36,72,,72,0,28,21,1,22,apportioned,1,fl-doe,2026-09-28T17:42:37+00:00
2026,FL,FL-19,2026-09-29,35,108,,108,0,42,35,1,30,apportioned,1,fl-doe,2026-09-29T13:11:55+00:00
2026,FL,FL-19,2026-09-30,34,291,,291,0,108,104,9,70,apportioned,1,fl-doe,2026-09-30T14:01:08+00:00
2026,FL,FL-19,2026-10-01,33,1068,,1068,0,305,502,26,236,apportioned,1,fl-doe,2026-10-01T16:52:39+00:00
2026,FL,FL-19,2026-10-02,32,1808,,1808,0,501,872,44,393,apportioned,1,fl-doe,2026-10-02T17:27:20+00:00
2026,FL,FL-19,2026-10-03,31,2452,,2452,0,711,1174,56,510,apportioned,1,fl-doe,2026-10-03T13:01:50+00:00
2026,FL,FL-19,2026-10-04,30,2452,,2452,0,711,1174,56,510,apportioned,1,fl-doe,2026-10-04T13:41:24+00:00
2026,FL,FL-19,2026-10-05,29,2452,,2452,0,711,1174,56,510,apportioned,1,fl-doe,2026-10-05T19:03:31+00:00
2026,FL,FL-19,2026-10-06,28,8084,,8084,0,2414,3901,201,1566,apportioned,1,fl-doe,2026-10-06T16:29:43+00:00
2026,FL,FL-19,2026-10-07,27,12155,,12155,0,3799,5634,324,2397,apportioned,1,fl-doe,2026-10-07T12:39:06+00:00
2026,FL,FL-19,2026-10-08,26,17776,,17776,0,5604,8189,462,3520,apportioned,1,fl-doe,2026-10-08T17:11:30+00:00
2026,FL,FL-19,2026-10-09,25,23498,,23498,0,7305,10943,599,4651,apportioned,1,fl-doe,2026-10-09T12:34:07+00:00
2026,FL,FL-19,2026-10-10,24,26947,,26947,0,8434,12540,664,5308,apportioned,1,fl-doe,2026-10-10T16:57:52+00:00
2026,FL,FL-20,2026-09-15,49,0,,0,0,0,0,0,0,apportioned,1,fl-doe,2026-09-15T13:08:04+00:00
2026,FL,FL-20,2026-09-16,48,0,,0,0,0,0,0,0,apportioned,1,fl-doe,2026-09-16T16:07:18+00:00
2026,FL,FL-20,2026-09-17,47,0,,0,0,0,0,0,0,apportioned,1,fl-doe,2026-09-17T12:39:43+00:00
2026,FL,FL-20,2026-09-18,46,0,,0,0,0,0,0,0,apportioned,1,fl-doe,2026-09-18T14:05:38+00:00
2026,FL,FL-20,2026-09-19,45,0,,0,0,0,0,0,0,apportioned,1,fl-doe,2026-09-19T13:41:22+00:00
2026,FL,FL-20,2026-09-20,44,0,,0,0,0,0,0,0,apportioned,1,fl-doe,2026-09-20T13:56:34+00:00
2026,FL,FL-20,2026-09-21,43,0,,0,0,0,0,0,0,apportioned,1,fl-doe,2026-09-21T16:11:49+00:00
2026,FL,FL-20,2026-09-22,42,8,,8,0,6,0,0,2,apportioned,1,fl-doe,2026-09-22T13:05:06+00:00
2026,FL,FL-20,2026-09-23,41,13,,13,0,9,1,0,4,apportioned,1,fl-doe,2026-09-23T16:06:50+00:00
2026,FL,FL-20,2026-09-24,40,17,,17,0,11,1,0,5,apportioned,1,fl-doe,2026-09-24T12:33:09+00:00
2026,FL,FL-20,2026-09-25,39,24,,24,0,17,1,0,6,apportioned,1,fl-doe,2026-09-25T19:48:56+00:00
2026,FL,FL-20,2026-09-26,38,28,,28,0,20,1,0,7,apportioned,1,fl-doe,2026-09-26T14:05:37+00:00
2026,FL,FL-20,2026-09-27,37,28,,28,0,20,1,0,7,apportioned,1,fl-doe,2026-09-27T14:59:20+00:00
2026,FL,FL-20,2026-09-28,36,28,,28,0,20,1,0,7,apportioned,1,fl-doe,2026-09-28T17:42:37+00:00
2026,FL,FL-20,2026-09-29,35,75,,75,0,56,5,1,14,apportioned,1,fl-doe,2026-09-29T13:11:55+00:00
2026,FL,FL-20,2026-09-30,34,641,,641,0,379,123,13,126,apportioned,1,fl-doe,2026-09-30T14:01:08+00:00
2026,FL,FL-20,2026-10-01,33,1503,,1503,0,867,307,28,302,apportioned,1,fl-doe,2026-10-01T16:52:39+00:00
2026,FL,FL-20,2026-10-02,32,2703,,2703,0,1543,578,50,532,apportioned,1,fl-doe,2026-10-02T17:27:20+00:00
2026,FL,FL-20,2026-10-03,31,3962,,3962,0,2236,880,75,771,apportioned,1,fl-doe,2026-10-03T13:01:50+00:00
2026,FL,FL-20,2026-10-04,30,5117,,5117,0,2859,1173,99,985,apportioned,1,fl-doe,2026-10-04T13:41:24+00:00
2026,FL,FL-20,2026-10-05,29,5192,,5192,0,2915,1180,101,995,apportioned,1,fl-doe,2026-10-05T19:03:31+00:00
2026,FL,FL-20,2026-10-06,28,6144,,6144,0,3451,1406,118,1169,apportioned,1,fl-doe,2026-10-06T16:29:43+00:00
2026,FL,FL-20,2026-10-07,27,7326,,7326,0,4154,1638,137,1397,apportioned,1,fl-doe,2026-10-07T12:39:06+00:00
2026,FL,FL-20,2026-10-08,26,9090,,9090,0,5155,2007,170,1758,apportioned,1,fl-doe,2026-10-08T17:11:30+00:00
2026,FL,FL-20,2026-10-09,25,10149,,10149,0,5782,2230,191,1946,apportioned,1,fl-doe,2026-10-09T12:34:07+00:00
2026,FL,FL-20,2026-10-10,24,10871,,10871,0,6226,2371,203,2071,apportioned,1,fl-doe,2026-10-10T16:57:52+00:00
2026,FL,FL-21,2026-09-16,48,0,,0,0,0,0,0,0,apportioned,1,fl-doe,2026-09-16T16:07:18+00:00
2026,FL,FL-21,2026-09-17,47,2,,2,0,2,0,0,0,apportioned,1,fl-doe,2026-09-17T12:39:43+00:00
2026,FL,FL-21,2026-09-18,46,2,,2,0,2,0,0,0,apportioned,1,fl-doe,2026-09-18T14:05:38+00:00
2026,FL,FL-21,2026-09-19,45,4,,4,0,3,0,0,1,apportioned,1,fl-doe,2026-09-19T13:41:22+00:00
2026,FL,FL-21,2026-09-20,44,4,,4,0,3,0,0,1,apportioned,1,fl-doe,2026-09-20T13:56:34+00:00
2026,FL,FL-21,2026-09-21,43,4,,4,0,3,0,0,1,apportioned,1,fl-doe,2026-09-21T16:11:49+00:00
2026,FL,FL-21,2026-09-22,42,8,,8,0,5,0,0,3,apportioned,1,fl-doe,2026-09-22T13:05:06+00:00
2026,FL,FL-21,2026-09-23,41,8,,8,0,5,0,0,3,apportioned,1,fl-doe,2026-09-23T16:06:50+00:00
2026,FL,FL-21,2026-09-24,40,28,,28,0,18,4,0,5,apportioned,1,fl-doe,2026-09-24T12:33:09+00:00
2026,FL,FL-21,2026-09-25,39,67,,67,0,38,17,1,11,apportioned,1,fl-doe,2026-09-25T19:48:56+00:00
2026,FL,FL-21,2026-09-26,38,94,,94,0,49,29,1,15,apportioned,1,fl-doe,2026-09-26T14:05:37+00:00
2026,FL,FL-21,2026-09-27,37,94,,94,0,49,29,1,15,apportioned,1,fl-doe,2026-09-27T14:59:20+00:00
2026,FL,FL-21,2026-09-28,36,94,,94,0,49,29,1,15,apportioned,1,fl-doe,2026-09-28T17:42:37+00:00
2026,FL,FL-21,2026-09-29,35,294,,294,0,172,74,7,40,apportioned,1,fl-doe,2026-09-29T13:11:55+00:00
2026,FL,FL-21,2026-09-30,34,769,,769,0,427,202,21,119,apportioned,1,fl-doe,2026-09-30T14:01:08+00:00
2026,FL,FL-21,2026-10-01,33,2913,,2913,0,1443,872,88,510,apportioned,1,fl-doe,2026-10-01T16:52:39+00:00
2026,FL,FL-21,2026-10-02,32,5426,,5426,0,2596,1721,166,944,apportioned,1,fl-doe,2026-10-02T17:27:20+00:00
2026,FL,FL-21,2026-10-03,31,8133,,8133,0,3844,2617,249,1424,apportioned,1,fl-doe,2026-10-03T13:01:50+00:00
2026,FL,FL-21,2026-10-04,30,8747,,8747,0,4101,2850,264,1533,apportioned,1,fl-doe,2026-10-04T13:41:24+00:00
2026,FL,FL-21,2026-10-05,29,8751,,8751,0,4104,2851,264,1533,apportioned,1,fl-doe,2026-10-05T19:03:31+00:00
2026,FL,FL-21,2026-10-06,28,12280,,12280,0,5685,4106,375,2114,apportioned,1,fl-doe,2026-10-06T16:29:43+00:00
2026,FL,FL-21,2026-10-07,27,15394,,15394,0,7215,5033,463,2683,apportioned,1,fl-doe,2026-10-07T12:39:06+00:00
2026,FL,FL-21,2026-10-08,26,18554,,18554,0,8725,6094,547,3187,apportioned,1,fl-doe,2026-10-08T17:11:30+00:00
2026,FL,FL-21,2026-10-09,25,22060,,22060,0,10324,7307,643,3786,apportioned,1,fl-doe,2026-10-09T12:34:07+00:00
2026,FL,FL-21,2026-10-10,24,24679,,24679,0,11562,8140,721,4256,apportioned,1,fl-doe,2026-10-10T16:57:52+00:00
2026,FL,FL-22,2026-09-15,49,0,,0,0,0,0,0,0,apportioned,1,fl-doe,2026-09-15T13:08:04+00:00
2026,FL,FL-22,2026-09-16,48,0,,0,0,0,0,0,0,apportioned,1,fl-doe,2026-09-16T16:07:18+00:00
2026,FL,FL-22,2026-09-17,47,0,,0,0,0,0,0,0,apportioned,1,fl-doe,2026-09-17T12:39:43+00:00
2026,FL,FL-22,2026-09-18,46,0,,0,0,0,0,0,0,apportioned,1,fl-doe,2026-09-18T14:05:38+00:00
2026,FL,FL-22,2026-09-19,45,0,,0,0,0,0,0,0,apportioned,1,fl-doe,2026-09-19T13:41:22+00:00
2026,FL,FL-22,2026-09-20,44,0,,0,0,0,0,0,0,apportioned,1,fl-doe,2026-09-20T13:56:34+00:00
2026,FL,FL-22,2026-09-21,43,0,,0,0,0,0,0,0,apportioned,1,fl-doe,2026-09-21T16:11:49+00:00
2026,FL,FL-22,2026-09-22,42,15,,15,0,8,4,0,3,apportioned,1,fl-doe,2026-09-22T13:05:06+00:00
2026,FL,FL-22,2026-09-23,41,18,,18,0,9,4,0,5,apportioned,1,fl-doe,2026-09-23T16:06:50+00:00
2026,FL,FL-22,2026-09-24,40,36,,36,0,20,8,0,9,apportioned,1,fl-doe,2026-09-24T12:33:09+00:00
2026,FL,FL-22,2026-09-25,39,43,,43,0,25,9,0,9,apportioned,1,fl-doe,2026-09-25T19:48:56+00:00
2026,FL,FL-22,2026-09-26,38,48,,48,0,29,9,0,9,apportioned,1,fl-doe,2026-09-26T14:05:37+00:00
2026,FL,FL-22,2026-09-27,37,48,,48,0,29,9,0,9,apportioned,1,fl-doe,2026-09-27T14:59:20+00:00
2026,FL,FL-22,2026-09-28,36,48,,48,0,29,9,0,9,apportioned,1,fl-doe,2026-09-28T17:42:37+00:00
2026,FL,FL-22,2026-09-29,35,139,,139,0,92,22,2,24,apportioned,1,fl-doe,2026-09-29T13:11:55+00:00
2026,FL,FL-22,2026-09-30,34,635,,635,0,345,149,16,125,apportioned,1,fl-doe,2026-09-30T14:01:08+00:00
2026,FL,FL-22,2026-10-01,33,2428,,2428,0,1106,775,61,486,apportioned,1,fl-doe,2026-10-01T16:52:39+00:00
2026,FL,FL-22,2026-10-02,32,4303,,4303,0,1947,1399,103,851,apportioned,1,fl-doe,2026-10-02T17:27:20+00:00
2026,FL,FL-22,2026-10-03,31,6132,,6132,0,2821,1981,147,1182,apportioned,1,fl-doe,2026-10-03T13:01:50+00:00
2026,FL,FL-22,2026-10-04,30,6717,,6717,0,3138,2130,159,1290,apportioned,1,fl-doe,2026-10-04T13:41:24+00:00
2026,FL,FL-22,2026-10-05,29,6758,,6758,0,3168,2134,160,1295,apportioned,1,fl-doe,2026-10-05T19:03:31+00:00
2026,FL,FL-22,2026-10-06,28,9903,,9903,0,4387,3437,235,1845,apportioned,1,fl-doe,2026-10-06T16:29:43+00:00
2026,FL,FL-22,2026-10-07,27,12361,,12361,0,5574,4187,292,2308,apportioned,1,fl-doe,2026-10-07T12:39:06+00:00
2026,FL,FL-22,2026-10-08,26,14435,,14435,0,6667,4737,333,2698,apportioned,1,fl-doe,2026-10-08T17:11:30+00:00
2026,FL,FL-22,2026-10-09,25,17100,,17100,0,7800,5738,399,3164,apportioned,1,fl-doe,2026-10-09T12:34:07+00:00
2026,FL,FL-22,2026-10-10,24,19061,,19061,0,8689,6416,438,3519,apportioned,1,fl-doe,2026-10-10T16:57:52+00:00
2026,FL,FL-23,2026-09-16,48,0,,0,0,0,0,0,0,apportioned,1,fl-doe,2026-09-16T16:07:18+00:00
2026,FL,FL-23,2026-09-17,47,0,,0,0,0,0,0,0,apportioned,1,fl-doe,2026-09-17T12:39:43+00:00
2026,FL,FL-23,2026-09-18,46,0,,0,0,0,0,0,0,apportioned,1,fl-doe,2026-09-18T14:05:38+00:00
2026,FL,FL-23,2026-09-19,45,0,,0,0,0,0,0,0,apportioned,1,fl-doe,2026-09-19T13:41:22+00:00
2026,FL,FL-23,2026-09-20,44,0,,0,0,0,0,0,0,apportioned,1,fl-doe,2026-09-20T13:56:34+00:00
2026,FL,FL-23,2026-09-21,43,0,,0,0,0,0,0,0,apportioned,1,fl-doe,2026-09-21T16:11:49+00:00
2026,FL,FL-23,2026-09-22,42,0,,0,0,0,0,0,0,apportioned,1,fl-doe,2026-09-22T13:05:06+00:00
2026,FL,FL-23,2026-09-23,41,0,,0,0,0,0,0,0,apportioned,1,fl-doe,2026-09-23T16:06:50+00:00
2026,FL,FL-23,2026-09-24,40,31,,31,0,23,4,0,5,apportioned,1,fl-doe,2026-09-24T12:33:09+00:00
2026,FL,FL-23,2026-09-25,39,38,,38,0,26,5,1,6,apportioned,1,fl-doe,2026-09-25T19:48:56+00:00
2026,FL,FL-23,2026-09-26,38,42,,42,0,30,5,1,6,apportioned,1,fl-doe,2026-09-26T14:05:37+00:00
2026,FL,FL-23,2026-09-27,37,42,,42,0,30,5,1,6,apportioned,1,fl-doe,2026-09-27T14:59:20+00:00
2026,FL,FL-23,2026-09-28,36,42,,42,0,30,5,1,6,apportioned,1,fl-doe,2026-09-28T17:42:37+00:00
2026,FL,FL-23,2026-09-29,35,204,,204,0,145,25,5,29,apportioned,1,fl-doe,2026-09-29T13:11:55+00:00
2026,FL,FL-23,2026-09-30,34,391,,391,0,269,50,9,63,apportioned,1,fl-doe,2026-09-30T14:01:08+00:00
2026,FL,FL-23,2026-10-01,33,2576,,2576,0,1348,676,79,473,apportioned,1,fl-doe,2026-10-01T16:52:39+00:00
2026,FL,FL-23,2026-10-02,32,4594,,4594,0,2373,1238,131,852,apportioned,1,fl-doe,2026-10-02T17:27:20+00:00
2026,FL,FL-23,2026-10-03,31,6673,,6673,0,3499,1769,186,1219,apportioned,1,fl-doe,2026-10-03T13:01:50+00:00
2026,FL,FL-23,2026-10-04,30,6673,,6673,0,3499,1769,186,1219,apportioned,1,fl-doe,2026-10-04T13:41:24+00:00
2026,FL,FL-23,2026-10-05,29,6682,,6682,0,3504,1772,186,1220,apportioned,1,fl-doe,2026-10-05T19:03:31+00:00
2026,FL,FL-23,2026-10-06,28,9180,,9180,0,4860,2412,251,1657,apportioned,1,fl-doe,2026-10-06T16:29:43+00:00
2026,FL,FL-23,2026-10-07,27,12437,,12437,0,6625,3208,338,2267,apportioned,1,fl-doe,2026-10-07T12:39:06+00:00
2026,FL,FL-23,2026-10-08,26,15225,,15225,0,8139,3915,405,2766,apportioned,1,fl-doe,2026-10-08T17:11:30+00:00
2026,FL,FL-23,2026-10-09,25,17849,,17849,0,9579,4571,479,3220,apportioned,1,fl-doe,2026-10-09T12:34:07+00:00
2026,FL,FL-23,2026-10-10,24,20188,,20188,0,10864,5148,542,3634,apportioned,1,fl-doe,2026-10-10T16:57:52+00:00
2026,FL,FL-24,2026-09-15,49,0,,0,0,0,0,0,0,apportioned,1,fl-doe,2026-09-15T13:08:04+00:00
2026,FL,FL-24,2026-09-16,48,0,,0,0,0,0,0,0,apportioned,1,fl-doe,2026-09-16T16:07:18+00:00
2026,FL,FL-24,2026-09-17,47,0,,0,0,0,0,0,0,apportioned,1,fl-doe,2026-09-17T12:39:43+00:00
2026,FL,FL-24,2026-09-18,46,0,,0,0,0,0,0,0,apportioned,1,fl-doe,2026-09-18T14:05:38+00:00
2026,FL,FL-24,2026-09-19,45,0,,0,0,0,0,0,0,apportioned,1,fl-doe,2026-09-19T13:41:22+00:00
2026,FL,FL-24,2026-09-20,44,0,,0,0,0,0,0,0,apportioned,1,fl-doe,2026-09-20T13:56:34+00:00
2026,FL,FL-24,2026-09-21,43,0,,0,0,0,0,0,0,apportioned,1,fl-doe,2026-09-21T16:11:49+00:00
2026,FL,FL-24,2026-09-22,42,12,,12,0,8,1,0,2,apportioned,1,fl-doe,2026-09-22T13:05:06+00:00
2026,FL,FL-24,2026-09-23,41,18,,18,0,11,3,0,5,apportioned,1,fl-doe,2026-09-23T16:06:50+00:00
2026,FL,FL-24,2026-09-24,40,25,,25,0,15,3,0,7,apportioned,1,fl-doe,2026-09-24T12:33:09+00:00
2026,FL,FL-24,2026-09-25,39,33,,33,0,21,4,0,7,apportioned,1,fl-doe,2026-09-25T19:48:56+00:00
2026,FL,FL-24,2026-09-26,38,40,,40,0,24,5,0,9,apportioned,1,fl-doe,2026-09-26T14:05:37+00:00
2026,FL,FL-24,2026-09-27,37,40,,40,0,24,5,0,9,apportioned,1,fl-doe,2026-09-27T14:59:20+00:00
2026,FL,FL-24,2026-09-28,36,40,,40,0,24,5,0,9,apportioned,1,fl-doe,2026-09-28T17:42:37+00:00
2026,FL,FL-24,2026-09-29,35,347,,347,0,157,105,5,80,apportioned,1,fl-doe,2026-09-29T13:11:55+00:00
2026,FL,FL-24,2026-09-30,34,544,,544,0,262,151,10,120,apportioned,1,fl-doe,2026-09-30T14:01:08+00:00
2026,FL,FL-24,2026-10-01,33,2849,,2849,0,1249,870,55,675,apportioned,1,fl-doe,2026-10-01T16:52:39+00:00
2026,FL,FL-24,2026-10-02,32,4029,,4029,0,1780,1223,77,949,apportioned,1,fl-doe,2026-10-02T17:27:20+00:00
2026,FL,FL-24,2026-10-03,31,4895,,4895,0,2188,1479,90,1139,apportioned,1,fl-doe,2026-10-03T13:01:50+00:00
2026,FL,FL-24,2026-10-04,30,5214,,5214,0,2360,1559,97,1197,apportioned,1,fl-doe,2026-10-04T13:41:24+00:00
2026,FL,FL-24,2026-10-05,29,5234,,5234,0,2376,1562,97,1200,apportioned,1,fl-doe,2026-10-05T19:03:31+00:00
2026,FL,FL-24,2026-10-06,28,6350,,6350,0,2883,1893,117,1455,apportioned,1,fl-doe,2026-10-06T16:29:43+00:00
2026,FL,FL-24,2026-10-07,27,7511,,7511,0,3430,2230,138,1712,apportioned,1,fl-doe,2026-10-07T12:39:06+00:00
2026,FL,FL-24,2026-10-08,26,10187,,10187,0,4639,3017,186,2346,apportioned,1,fl-doe,2026-10-08T17:11:30+00:00
2026,FL,FL-24,2026-10-09,25,11404,,11404,0,5219,3356,213,2616,apportioned,1,fl-doe,2026-10-09T12:34:07+00:00
2026,FL,FL-24,2026-10-10,24,12340,,12340,0,5657,3627,229,2828,apportioned,1,fl-doe,2026-10-10T16:57:52+00:00
2026,FL,FL-25,2026-09-15,49,0,,0,0,0,0,0,0,apportioned,1,fl-doe,2026-09-15T13:08:04+00:00
2026,FL,FL-25,2026-09-16,48,0,,0,0,0,0,0,0,apportioned,1,fl-doe,2026-09-16T16:07:18+00:00
2026,FL,FL-25,2026-09-17,47,0,,0,0,0,0,0,0,apportioned,1,fl-doe,2026-09-17T12:39:43+00:00
2026,FL,FL-25,2026-09-18,46,0,,0,0,0,0,0,0,apportioned,1,fl-doe,2026-09-18T14:05:38+00:00
2026,FL,FL-25,2026-09-19,45,0,,0,0,0,0,0,0,apportioned,1,fl-doe,2026-09-19T13:41:22+00:00
2026,FL,FL-25,2026-09-20,44,0,,0,0,0,0,0,0,apportioned,1,fl-doe,2026-09-20T13:56:34+00:00
2026,FL,FL-25,2026-09-21,43,0,,0,0,0,0,0,0,apportioned,1,fl-doe,2026-09-21T16:11:49+00:00
2026,FL,FL-25,2026-09-22,42,8,,8,0,6,0,0,2,apportioned,1,fl-doe,2026-09-22T13:05:06+00:00
2026,FL,FL-25,2026-09-23,41,14,,14,0,9,1,0,3,apportioned,1,fl-doe,2026-09-23T16:06:50+00:00
2026,FL,FL-25,2026-09-24,40,30,,30,0,21,3,0,7,apportioned,1,fl-doe,2026-09-24T12:33:09+00:00
2026,FL,FL-25,2026-09-25,39,39,,39,0,25,5,1,8,apportioned,1,fl-doe,2026-09-25T19:48:56+00:00
2026,FL,FL-25,2026-09-26,38,44,,44,0,31,6,1,9,apportioned,1,fl-doe,2026-09-26T14:05:37+00:00
2026,FL,FL-25,2026-09-27,37,44,,44,0,31,6,1,9,apportioned,1,fl-doe,2026-09-27T14:59:20+00:00
2026,FL,FL-25,2026-09-28,36,44,,44,0,31,6,1,9,apportioned,1,fl-doe,2026-09-28T17:42:37+00:00
2026,FL,FL-25,2026-09-29,35,283,,283,0,155,66,5,56,apportioned,1,fl-doe,2026-09-29T13:11:55+00:00
2026,FL,FL-25,2026-09-30,34,631,,631,0,358,135,12,127,apportioned,1,fl-doe,2026-09-30T14:01:08+00:00
2026,FL,FL-25,2026-10-01,33,2948,,2948,0,1441,812,66,628,apportioned,1,fl-doe,2026-10-01T16:52:39+00:00
2026,FL,FL-25,2026-10-02,32,4715,,4715,0,2324,1296,107,989,apportioned,1,fl-doe,2026-10-02T17:27:20+00:00
2026,FL,FL-25,2026-10-03,31,6360,,6360,0,3185,1729,141,1304,apportioned,1,fl-doe,2026-10-03T13:01:50+00:00
2026,FL,FL-25,2026-10-04,30,6878,,6878,0,3465,1861,153,1400,apportioned,1,fl-doe,2026-10-04T13:41:24+00:00
2026,FL,FL-25,2026-10-05,29,6915,,6915,0,3493,1865,154,1405,apportioned,1,fl-doe,2026-10-05T19:03:31+00:00
2026,FL,FL-25,2026-10-06,28,8760,,8760,0,4449,2356,195,1761,apportioned,1,fl-doe,2026-10-06T16:29:43+00:00
2026,FL,FL-25,2026-10-07,27,10994,,10994,0,5636,2912,246,2202,apportioned,1,fl-doe,2026-10-07T12:39:06+00:00
2026,FL,FL-25,2026-10-08,26,14014,,14014,0,7161,3711,306,2837,apportioned,1,fl-doe,2026-10-08T17:11:30+00:00
2026,FL,FL-25,2026-10-09,25,15993,,15993,0,8214,4210,355,3212,apportioned,1,fl-doe,2026-10-09T12:34:07+00:00
2026,FL,FL-25,2026-10-10,24,17612,,17612,0,9077,4620,393,3522,apportioned,1,fl-doe,2026-10-10T16:57:52+00:00
2026,FL,FL-26,2026-09-15,49,0,,0,0,0,0,0,0,apportioned,1,fl-doe,2026-09-15T13:08:04+00:00
2026,FL,FL-26,2026-09-16,48,0,,0,0,0,0,0,0,apportioned,1,fl-doe,2026-09-16T16:07:18+00:00
2026,FL,FL-26,2026-09-17,47,0,,0,0,0,0,0,0,apportioned,1,fl-doe,2026-09-17T12:39:43+00:00
2026,FL,FL-26,2026-09-18,46,0,,0,0,0,0,0,0,apportioned,1,fl-doe,2026-09-18T14:05:38+00:00
2026,FL,FL-26,2026-09-19,45,0,,0,0,0,0,0,0,apportioned,1,fl-doe,2026-09-19T13:41:22+00:00
2026,FL,FL-26,2026-09-20,44,0,,0,0,0,0,0,0,apportioned,1,fl-doe,2026-09-20T13:56:34+00:00
2026,FL,FL-26,2026-09-21,43,0,,0,0,0,0,0,0,apportioned,1,fl-doe,2026-09-21T16:11:49+00:00
2026,FL,FL-26,2026-09-22,42,13,,13,0,9,1,0,3,apportioned,1,fl-doe,2026-09-22T13:05:06+00:00
2026,FL,FL-26,2026-09-23,41,20,,20,0,12,2,0,5,apportioned,1,fl-doe,2026-09-23T16:06:50+00:00
2026,FL,FL-26,2026-09-24,40,27,,27,0,17,3,0,6,apportioned,1,fl-doe,2026-09-24T12:33:09+00:00
2026,FL,FL-26,2026-09-25,39,35,,35,0,23,4,0,8,apportioned,1,fl-doe,2026-09-25T19:48:56+00:00
2026,FL,FL-26,2026-09-26,38,43,,43,0,26,6,0,10,apportioned,1,fl-doe,2026-09-26T14:05:37+00:00
2026,FL,FL-26,2026-09-27,37,43,,43,0,26,6,0,10,apportioned,1,fl-doe,2026-09-27T14:59:20+00:00
2026,FL,FL-26,2026-09-28,36,43,,43,0,26,6,0,10,apportioned,1,fl-doe,2026-09-28T17:42:37+00:00
2026,FL,FL-26,2026-09-29,35,340,,340,0,159,100,5,77,apportioned,1,fl-doe,2026-09-29T13:11:55+00:00
2026,FL,FL-26,2026-09-30,34,637,,637,0,321,167,11,137,apportioned,1,fl-doe,2026-09-30T14:01:08+00:00
2026,FL,FL-26,2026-10-01,33,2975,,2975,0,1345,879,57,694,apportioned,1,fl-doe,2026-10-01T16:52:39+00:00
2026,FL,FL-26,2026-10-02,32,4322,,4322,0,1978,1265,82,997,apportioned,1,fl-doe,2026-10-02T17:27:20+00:00
2026,FL,FL-26,2026-10-03,31,5384,,5384,0,2498,1564,99,1223,apportioned,1,fl-doe,2026-10-03T13:01:50+00:00
2026,FL,FL-26,2026-10-04,30,5910,,5910,0,2782,1698,110,1320,apportioned,1,fl-doe,2026-10-04T13:41:24+00:00
2026,FL,FL-26,2026-10-05,29,5945,,5945,0,2807,1701,111,1324,apportioned,1,fl-doe,2026-10-05T19:03:31+00:00
2026,FL,FL-26,2026-10-06,28,7181,,7181,0,3391,2056,134,1600,apportioned,1,fl-doe,2026-10-06T16:29:43+00:00
2026,FL,FL-26,2026-10-07,27,8506,,8506,0,4044,2420,156,1885,apportioned,1,fl-doe,2026-10-07T12:39:06+00:00
2026,FL,FL-26,2026-10-08,26,11370,,11370,0,5377,3233,207,2552,apportioned,1,fl-doe,2026-10-08T17:11:30+00:00
2026,FL,FL-26,2026-10-09,25,12723,,12723,0,6046,3595,237,2844,apportioned,1,fl-doe,2026-10-09T12:34:07+00:00
2026,FL,FL-26,2026-10-10,24,13745,,13745,0,6545,3878,255,3067,apportioned,1,fl-doe,2026-10-10T16:57:52+00:00
2026,FL,FL-27,2026-09-18,46,0,,0,0,0,0,0,0,apportioned,1,fl-doe,2026-09-18T14:05:38+00:00
2026,FL,FL-27,2026-09-19,45,0,,0,0,0,0,0,0,apportioned,1,fl-doe,2026-09-19T13:41:22+00:00
2026,FL,FL-27,2026-09-20,44,0,,0,0,0,0,0,0,apportioned,1,fl-doe,2026-09-20T13:56:34+00:00
2026,FL,FL-27,2026-09-21,43,0,,0,0,0,0,0,0,apportioned,1,fl-doe,2026-09-21T16:11:49+00:00
2026,FL,FL-27,2026-09-22,42,19,,19,0,12,2,1,4,apportioned,1,fl-doe,2026-09-22T13:05:06+00:00
2026,FL,FL-27,2026-09-23,41,27,,27,0,15,4,1,6,apportioned,1,fl-doe,2026-09-23T16:06:50+00:00
2026,FL,FL-27,2026-09-24,40,37,,37,0,22,5,1,8,apportioned,1,fl-doe,2026-09-24T12:33:09+00:00
2026,FL,FL-27,2026-09-25,39,46,,46,0,28,7,1,10,apportioned,1,fl-doe,2026-09-25T19:48:56+00:00
2026,FL,FL-27,2026-09-26,38,56,,56,0,33,10,1,13,apportioned,1,fl-doe,2026-09-26T14:05:37+00:00
2026,FL,FL-27,2026-09-27,37,56,,56,0,33,10,1,13,apportioned,1,fl-doe,2026-09-27T14:59:20+00:00
2026,FL,FL-27,2026-09-28,36,56,,56,0,33,10,1,13,apportioned,1,fl-doe,2026-09-28T17:42:37+00:00
2026,FL,FL-27,2026-09-29,35,581,,581,0,251,185,9,135,apportioned,1,fl-doe,2026-09-29T13:11:55+00:00
2026,FL,FL-27,2026-09-30,34,655,,655,0,283,210,10,152,apportioned,1,fl-doe,2026-09-30T14:01:08+00:00
2026,FL,FL-27,2026-10-01,33,4346,,4346,0,1803,1402,84,1057,apportioned,1,fl-doe,2026-10-01T16:52:39+00:00
2026,FL,FL-27,2026-10-02,32,5865,,5865,0,2419,1901,113,1432,apportioned,1,fl-doe,2026-10-02T17:27:20+00:00
2026,FL,FL-27,2026-10-03,31,6791,,6791,0,2808,2207,123,1653,apportioned,1,fl-doe,2026-10-03T13:01:50+00:00
2026,FL,FL-27,2026-10-04,30,6791,,6791,0,2808,2207,123,1653,apportioned,1,fl-doe,2026-10-04T13:41:24+00:00
2026,FL,FL-27,2026-10-05,29,6791,,6791,0,2808,2207,123,1653,apportioned,1,fl-doe,2026-10-05T19:03:31+00:00
2026,FL,FL-27,2026-10-06,28,8315,,8315,0,3451,2688,152,2024,apportioned,1,fl-doe,2026-10-06T16:29:43+00:00
2026,FL,FL-27,2026-10-07,27,9807,,9807,0,4081,3176,179,2370,apportioned,1,fl-doe,2026-10-07T12:39:06+00:00
2026,FL,FL-27,2026-10-08,26,13716,,13716,0,5747,4399,248,3322,apportioned,1,fl-doe,2026-10-08T17:11:30+00:00
2026,FL,FL-27,2026-10-09,25,15368,,15368,0,6475,4894,285,3715,apportioned,1,fl-doe,2026-10-09T12:34:07+00:00
2026,FL,FL-27,2026-10-10,24,16684,,16684,0,7036,5308,309,4030,apportioned,1,fl-doe,2026-10-10T16:57:52+00:00
2026,FL,FL-28,2026-09-17,47,0,,0,0,0,0,0,0,apportioned,1,fl-doe,2026-09-17T12:39:43+00:00
2026,FL,FL-28,2026-09-18,46,0,,0,0,0,0,0,0,apportioned,1,fl-doe,2026-09-18T14:05:38+00:00
2026,FL,FL-28,2026-09-19,45,0,,0,0,0,0,0,0,apportioned,1,fl-doe,2026-09-19T13:41:22+00:00
2026,FL,FL-28,2026-09-20,44,0,,0,0,0,0,0,0,apportioned,1,fl-doe,2026-09-20T13:56:34+00:00
2026,FL,FL-28,2026-09-21,43,7,,7,0,6,0,0,1,apportioned,1,fl-doe,2026-09-21T16:11:49+00:00
2026,FL,FL-28,2026-09-22,42,32,,32,0,22,5,1,5,apportioned,1,fl-doe,2026-09-22T13:05:06+00:00
2026,FL,FL-28,2026-09-23,41,45,,45,0,29,7,1,9,apportioned,1,fl-doe,2026-09-23T16:06:50+00:00
2026,FL,FL-28,2026-09-24,40,57,,57,0,38,8,1,10,apportioned,1,fl-doe,2026-09-24T12:33:09+00:00
2026,FL,FL-28,2026-09-25,39,67,,67,0,45,9,1,13,apportioned,1,fl-doe,2026-09-25T19:48:56+00:00
2026,FL,FL-28,2026-09-26,38,91,,91,0,59,14,1,17,apportioned,1,fl-doe,2026-09-26T14:05:37+00:00
2026,FL,FL-28,2026-09-27,37,91,,91,0,59,14,1,17,apportioned,1,fl-doe,2026-09-27T14:59:20+00:00
2026,FL,FL-28,2026-09-28,36,91,,91,0,59,14,1,17,apportioned,1,fl-doe,2026-09-28T17:42:37+00:00
2026,FL,FL-28,2026-09-29,35,624,,624,0,276,200,10,138,apportioned,1,fl-doe,2026-09-29T13:11:55+00:00
2026,FL,FL-28,2026-09-30,34,808,,808,0,347,280,13,169,apportioned,1,fl-doe,2026-09-30T14:01:08+00:00
2026,FL,FL-28,2026-10-01,33,4158,,4158,0,1711,1393,79,975,apportioned,1,fl-doe,2026-10-01T16:52:39+00:00
2026,FL,FL-28,2026-10-02,32,5612,,5612,0,2311,1881,105,1315,apportioned,1,fl-doe,2026-10-02T17:27:20+00:00
2026,FL,FL-28,2026-10-03,31,6635,,6635,0,2746,2231,117,1541,apportioned,1,fl-doe,2026-10-03T13:01:50+00:00
2026,FL,FL-28,2026-10-04,30,6635,,6635,0,2746,2231,117,1541,apportioned,1,fl-doe,2026-10-04T13:41:24+00:00
2026,FL,FL-28,2026-10-05,29,6635,,6635,0,2746,2231,117,1541,apportioned,1,fl-doe,2026-10-05T19:03:31+00:00
2026,FL,FL-28,2026-10-06,28,8375,,8375,0,3492,2818,146,1920,apportioned,1,fl-doe,2026-10-06T16:29:43+00:00
2026,FL,FL-28,2026-10-07,27,9907,,9907,0,4156,3327,174,2250,apportioned,1,fl-doe,2026-10-07T12:39:06+00:00
2026,FL,FL-28,2026-10-08,26,13717,,13717,0,5766,4587,241,3123,apportioned,1,fl-doe,2026-10-08T17:11:30+00:00
2026,FL,FL-28,2026-10-09,25,15390,,15390,0,6499,5121,278,3493,apportioned,1,fl-doe,2026-10-09T12:34:07+00:00
2026,FL,FL-28,2026-10-10,24,16783,,16783,0,7105,5576,304,3798,apportioned,1,fl-doe,2026-10-10T16:57:52+00:00
