cycle,state,cd_code,date,days_to_election,ballots_total,ballots_new,mail_returned,inperson,party_dem,party_rep,party_oth,party_npa,basis,source_tier,source_name,retrieved_at
2022,NC,NC-01,2022-09-12,57,2,2,2,0,0,0,0,2,apportioned,1,nc-sbe,2026-09-06T15:46:38+00:00
2022,NC,NC-01,2022-09-13,56,12,10,12,0,3,5,0,4,apportioned,1,nc-sbe,2026-09-06T15:46:38+00:00
2022,NC,NC-01,2022-09-14,55,26,14,26,0,10,6,1,9,apportioned,1,nc-sbe,2026-09-06T15:46:38+00:00
2022,NC,NC-01,2022-09-15,54,52,26,52,0,26,7,1,18,apportioned,1,nc-sbe,2026-09-06T15:46:38+00:00
2022,NC,NC-01,2022-09-16,53,78,25,78,0,44,8,1,24,apportioned,1,nc-sbe,2026-09-06T15:46:38+00:00
2022,NC,NC-01,2022-09-17,52,78,0,78,0,44,8,1,24,apportioned,1,nc-sbe,2026-09-06T15:46:38+00:00
2022,NC,NC-01,2022-09-18,51,80,2,80,0,45,8,1,25,apportioned,1,nc-sbe,2026-09-06T15:46:38+00:00
2022,NC,NC-01,2022-09-19,50,154,74,154,0,81,23,1,47,apportioned,1,nc-sbe,2026-09-06T15:46:38+00:00
2022,NC,NC-01,2022-09-20,49,178,24,178,0,95,26,1,55,apportioned,1,nc-sbe,2026-09-06T15:46:38+00:00
2022,NC,NC-01,2022-09-21,48,242,64,242,0,141,34,1,67,apportioned,1,nc-sbe,2026-09-06T15:46:38+00:00
2022,NC,NC-01,2022-09-22,47,287,46,287,0,167,42,1,77,apportioned,1,nc-sbe,2026-09-06T15:46:38+00:00
2022,NC,NC-01,2022-09-23,46,350,62,350,0,209,52,1,88,apportioned,1,nc-sbe,2026-09-06T15:46:38+00:00
2022,NC,NC-01,2022-09-24,45,350,0,350,0,209,52,1,88,apportioned,1,nc-sbe,2026-09-06T15:46:38+00:00
2022,NC,NC-01,2022-09-25,44,351,1,351,0,209,52,1,89,apportioned,1,nc-sbe,2026-09-06T15:46:38+00:00
2022,NC,NC-01,2022-09-26,43,484,133,484,0,285,75,1,123,apportioned,1,nc-sbe,2026-09-06T15:46:38+00:00
2022,NC,NC-01,2022-09-27,42,530,46,530,0,309,83,1,137,apportioned,1,nc-sbe,2026-09-06T15:46:38+00:00
2022,NC,NC-01,2022-09-28,41,616,87,616,0,354,109,1,153,apportioned,1,nc-sbe,2026-09-06T15:46:38+00:00
2022,NC,NC-01,2022-09-29,40,700,84,700,0,401,124,1,173,apportioned,1,nc-sbe,2026-09-06T15:46:38+00:00
2022,NC,NC-01,2022-09-30,39,746,46,746,0,426,133,1,185,apportioned,1,nc-sbe,2026-09-06T15:46:38+00:00
2022,NC,NC-01,2022-10-01,38,746,0,746,0,426,133,1,185,apportioned,1,nc-sbe,2026-09-06T15:46:38+00:00
2022,NC,NC-01,2022-10-02,37,746,0,746,0,426,133,1,185,apportioned,1,nc-sbe,2026-09-06T15:46:38+00:00
2022,NC,NC-01,2022-10-03,36,854,108,854,0,482,152,1,219,apportioned,1,nc-sbe,2026-09-06T15:46:38+00:00
2022,NC,NC-01,2022-10-04,35,933,78,933,0,518,168,3,243,apportioned,1,nc-sbe,2026-09-06T15:46:38+00:00
2022,NC,NC-01,2022-10-05,34,1035,103,1035,0,589,179,4,263,apportioned,1,nc-sbe,2026-09-06T15:46:38+00:00
2022,NC,NC-01,2022-10-06,33,1090,55,1090,0,621,184,4,281,apportioned,1,nc-sbe,2026-09-06T15:46:38+00:00
2022,NC,NC-01,2022-10-07,32,1193,104,1193,0,677,200,6,311,apportioned,1,nc-sbe,2026-09-06T15:46:38+00:00
2022,NC,NC-01,2022-10-08,31,1195,2,1195,0,679,200,6,311,apportioned,1,nc-sbe,2026-09-06T15:46:38+00:00
2022,NC,NC-01,2022-10-09,30,1195,0,1195,0,679,200,6,311,apportioned,1,nc-sbe,2026-09-06T15:46:38+00:00
2022,NC,NC-01,2022-10-10,29,1287,91,1287,0,736,208,6,337,apportioned,1,nc-sbe,2026-09-06T15:46:38+00:00
2022,NC,NC-01,2022-10-11,28,1444,157,1444,0,810,244,6,385,apportioned,1,nc-sbe,2026-09-06T15:46:38+00:00
2022,NC,NC-01,2022-10-12,27,1506,62,1506,0,844,255,7,401,apportioned,1,nc-sbe,2026-09-06T15:46:38+00:00
2022,NC,NC-01,2022-10-13,26,1685,179,1685,0,934,277,7,468,apportioned,1,nc-sbe,2026-09-06T15:46:38+00:00
2022,NC,NC-01,2022-10-14,25,1805,119,1805,0,1009,293,7,495,apportioned,1,nc-sbe,2026-09-06T15:46:38+00:00
2022,NC,NC-01,2022-10-15,24,1807,2,1807,0,1009,295,7,495,apportioned,1,nc-sbe,2026-09-06T15:46:38+00:00
2022,NC,NC-01,2022-10-16,23,1807,0,1807,0,1009,295,7,495,apportioned,1,nc-sbe,2026-09-06T15:46:38+00:00
2022,NC,NC-01,2022-10-17,22,2089,282,2089,0,1147,354,7,582,apportioned,1,nc-sbe,2026-09-06T15:46:38+00:00
2022,NC,NC-01,2022-10-18,21,2194,105,2194,0,1197,372,7,618,apportioned,1,nc-sbe,2026-09-06T15:46:38+00:00
2022,NC,NC-01,2022-10-19,20,2381,187,2381,0,1295,400,7,679,apportioned,1,nc-sbe,2026-09-06T15:46:38+00:00
2022,NC,NC-01,2022-10-20,19,14544,12162,2525,12018,7047,3846,30,3621,apportioned,1,nc-sbe,2026-09-06T15:46:38+00:00
2022,NC,NC-01,2022-10-21,18,26152,11610,2793,23359,12144,7238,47,6724,apportioned,1,nc-sbe,2026-09-06T15:46:38+00:00
2022,NC,NC-01,2022-10-22,17,27370,1217,2824,24547,12723,7585,49,7013,apportioned,1,nc-sbe,2026-09-06T15:46:38+00:00
2022,NC,NC-01,2022-10-23,16,27925,555,2824,25102,12992,7733,49,7151,apportioned,1,nc-sbe,2026-09-06T15:46:38+00:00
2022,NC,NC-01,2022-10-24,15,40815,12890,3240,37575,18835,11447,70,10463,apportioned,1,nc-sbe,2026-09-06T15:46:38+00:00
2022,NC,NC-01,2022-10-25,14,51954,11139,3350,48604,23819,14698,86,13350,apportioned,1,nc-sbe,2026-09-06T15:46:38+00:00
2022,NC,NC-01,2022-10-26,13,62478,10523,3691,58786,28596,17761,98,16023,apportioned,1,nc-sbe,2026-09-06T15:46:38+00:00
2022,NC,NC-01,2022-10-27,12,72763,10286,4011,68751,33310,20688,111,18653,apportioned,1,nc-sbe,2026-09-06T15:46:38+00:00
2022,NC,NC-01,2022-10-28,11,83067,10305,4239,78827,37642,23880,128,21418,apportioned,1,nc-sbe,2026-09-06T15:46:38+00:00
2022,NC,NC-01,2022-10-29,10,86203,3135,4294,81907,39110,24793,132,22167,apportioned,1,nc-sbe,2026-09-06T15:46:38+00:00
2022,NC,NC-01,2022-10-30,9,86494,291,4298,82194,39232,24905,132,22224,apportioned,1,nc-sbe,2026-09-06T15:46:38+00:00
2022,NC,NC-01,2022-10-31,8,97330,10836,4824,92506,44018,28167,146,24998,apportioned,1,nc-sbe,2026-09-06T15:46:38+00:00
2022,NC,NC-01,2022-11-01,7,107879,10549,5141,102737,48440,31399,165,27874,apportioned,1,nc-sbe,2026-09-06T15:46:38+00:00
2022,NC,NC-01,2022-11-02,6,118896,11018,5542,113355,53066,34837,180,30813,apportioned,1,nc-sbe,2026-09-06T15:46:38+00:00
2022,NC,NC-01,2022-11-03,5,130526,11630,5918,124608,57976,38476,212,33862,apportioned,1,nc-sbe,2026-09-06T15:46:38+00:00
2022,NC,NC-01,2022-11-04,4,145961,15435,6436,139524,64182,43471,259,38048,apportioned,1,nc-sbe,2026-09-06T15:46:38+00:00
2022,NC,NC-01,2022-11-05,3,157446,11485,6719,150726,69241,46830,290,41085,apportioned,1,nc-sbe,2026-09-06T15:46:38+00:00
2022,NC,NC-01,2022-11-06,2,157482,36,6755,150726,69260,46835,290,41097,apportioned,1,nc-sbe,2026-09-06T15:46:38+00:00
2022,NC,NC-01,2022-11-07,1,158317,836,7591,150726,69622,47037,293,41366,apportioned,1,nc-sbe,2026-09-06T15:46:38+00:00
2022,NC,NC-01,2022-11-08,0,158993,675,8266,150726,69913,47191,299,41590,apportioned,1,nc-sbe,2026-09-06T15:46:38+00:00
2022,NC,NC-02,2022-09-10,59,23,23,23,0,18,1,0,4,apportioned,1,nc-sbe,2026-09-06T15:46:38+00:00
2022,NC,NC-02,2022-09-11,58,23,0,23,0,18,1,0,4,apportioned,1,nc-sbe,2026-09-06T15:46:38+00:00
2022,NC,NC-02,2022-09-12,57,44,20,44,0,33,2,0,8,apportioned,1,nc-sbe,2026-09-06T15:46:38+00:00
2022,NC,NC-02,2022-09-13,56,50,6,50,0,37,2,0,10,apportioned,1,nc-sbe,2026-09-06T15:46:38+00:00
2022,NC,NC-02,2022-09-14,55,105,55,105,0,68,10,0,27,apportioned,1,nc-sbe,2026-09-06T15:46:38+00:00
2022,NC,NC-02,2022-09-15,54,162,57,162,0,97,18,0,47,apportioned,1,nc-sbe,2026-09-06T15:46:38+00:00
2022,NC,NC-02,2022-09-16,53,232,71,232,0,140,22,0,71,apportioned,1,nc-sbe,2026-09-06T15:46:38+00:00
2022,NC,NC-02,2022-09-17,52,232,0,232,0,140,22,0,71,apportioned,1,nc-sbe,2026-09-06T15:46:38+00:00
2022,NC,NC-02,2022-09-18,51,232,0,232,0,140,22,0,71,apportioned,1,nc-sbe,2026-09-06T15:46:38+00:00
2022,NC,NC-02,2022-09-19,50,417,184,417,0,234,41,1,141,apportioned,1,nc-sbe,2026-09-06T15:46:38+00:00
2022,NC,NC-02,2022-09-20,49,440,23,440,0,248,43,1,148,apportioned,1,nc-sbe,2026-09-06T15:46:38+00:00
2022,NC,NC-02,2022-09-21,48,591,150,591,0,322,59,2,207,apportioned,1,nc-sbe,2026-09-06T15:46:38+00:00
2022,NC,NC-02,2022-09-22,47,692,102,692,0,370,68,2,252,apportioned,1,nc-sbe,2026-09-06T15:46:38+00:00
2022,NC,NC-02,2022-09-23,46,808,116,808,0,423,88,2,296,apportioned,1,nc-sbe,2026-09-06T15:46:38+00:00
2022,NC,NC-02,2022-09-24,45,808,0,808,0,423,88,2,296,apportioned,1,nc-sbe,2026-09-06T15:46:38+00:00
2022,NC,NC-02,2022-09-25,44,808,0,808,0,423,88,2,296,apportioned,1,nc-sbe,2026-09-06T15:46:38+00:00
2022,NC,NC-02,2022-09-26,43,1052,243,1052,0,531,128,3,390,apportioned,1,nc-sbe,2026-09-06T15:46:38+00:00
2022,NC,NC-02,2022-09-27,42,1069,17,1069,0,543,129,3,393,apportioned,1,nc-sbe,2026-09-06T15:46:38+00:00
2022,NC,NC-02,2022-09-28,41,1320,252,1320,0,676,160,4,480,apportioned,1,nc-sbe,2026-09-06T15:46:38+00:00
2022,NC,NC-02,2022-09-29,40,1475,155,1475,0,748,180,4,544,apportioned,1,nc-sbe,2026-09-06T15:46:38+00:00
2022,NC,NC-02,2022-09-30,39,1586,111,1586,0,799,191,6,591,apportioned,1,nc-sbe,2026-09-06T15:46:38+00:00
2022,NC,NC-02,2022-10-01,38,1586,0,1586,0,799,191,6,591,apportioned,1,nc-sbe,2026-09-06T15:46:38+00:00
2022,NC,NC-02,2022-10-02,37,1586,0,1586,0,799,191,6,591,apportioned,1,nc-sbe,2026-09-06T15:46:38+00:00
2022,NC,NC-02,2022-10-03,36,1792,206,1792,0,896,217,7,672,apportioned,1,nc-sbe,2026-09-06T15:46:38+00:00
2022,NC,NC-02,2022-10-04,35,1872,80,1872,0,937,224,8,704,apportioned,1,nc-sbe,2026-09-06T15:46:38+00:00
2022,NC,NC-02,2022-10-05,34,2165,293,2165,0,1074,263,8,820,apportioned,1,nc-sbe,2026-09-06T15:46:38+00:00
2022,NC,NC-02,2022-10-06,33,2390,225,2390,0,1179,288,8,915,apportioned,1,nc-sbe,2026-09-06T15:46:38+00:00
2022,NC,NC-02,2022-10-07,32,2572,181,2572,0,1258,314,9,990,apportioned,1,nc-sbe,2026-09-06T15:46:38+00:00
2022,NC,NC-02,2022-10-08,31,2784,212,2784,0,1360,337,10,1077,apportioned,1,nc-sbe,2026-09-06T15:46:38+00:00
2022,NC,NC-02,2022-10-09,30,2784,0,2784,0,1360,337,10,1077,apportioned,1,nc-sbe,2026-09-06T15:46:38+00:00
2022,NC,NC-02,2022-10-10,29,2798,14,2798,0,1370,339,10,1080,apportioned,1,nc-sbe,2026-09-06T15:46:38+00:00
2022,NC,NC-02,2022-10-11,28,3058,260,3058,0,1477,375,11,1195,apportioned,1,nc-sbe,2026-09-06T15:46:38+00:00
2022,NC,NC-02,2022-10-12,27,3156,98,3156,0,1521,390,11,1233,apportioned,1,nc-sbe,2026-09-06T15:46:38+00:00
2022,NC,NC-02,2022-10-13,26,3704,548,3704,0,1754,460,12,1479,apportioned,1,nc-sbe,2026-09-06T15:46:38+00:00
2022,NC,NC-02,2022-10-14,25,4008,304,4008,0,1887,498,13,1609,apportioned,1,nc-sbe,2026-09-06T15:46:38+00:00
2022,NC,NC-02,2022-10-15,24,4343,334,4343,0,2038,564,13,1727,apportioned,1,nc-sbe,2026-09-06T15:46:38+00:00
2022,NC,NC-02,2022-10-16,23,4343,0,4343,0,2038,564,13,1727,apportioned,1,nc-sbe,2026-09-06T15:46:38+00:00
2022,NC,NC-02,2022-10-17,22,4721,378,4721,0,2196,619,14,1892,apportioned,1,nc-sbe,2026-09-06T15:46:38+00:00
2022,NC,NC-02,2022-10-18,21,4852,131,4852,0,2256,635,15,1945,apportioned,1,nc-sbe,2026-09-06T15:46:38+00:00
2022,NC,NC-02,2022-10-19,20,5019,167,5019,0,2327,657,15,2019,apportioned,1,nc-sbe,2026-09-06T15:46:38+00:00
2022,NC,NC-02,2022-10-20,19,13450,8431,5830,7619,5923,2699,39,4789,apportioned,1,nc-sbe,2026-09-06T15:46:38+00:00
2022,NC,NC-02,2022-10-21,18,21963,8513,6392,15571,9528,4610,62,7762,apportioned,1,nc-sbe,2026-09-06T15:46:38+00:00
2022,NC,NC-02,2022-10-22,17,26773,4811,6861,19912,11706,5505,77,9486,apportioned,1,nc-sbe,2026-09-06T15:46:38+00:00
2022,NC,NC-02,2022-10-23,16,30417,3644,6861,23556,13371,6177,85,10786,apportioned,1,nc-sbe,2026-09-06T15:46:38+00:00
2022,NC,NC-02,2022-10-24,15,39114,8697,7637,31477,16986,8235,113,13781,apportioned,1,nc-sbe,2026-09-06T15:46:38+00:00
2022,NC,NC-02,2022-10-25,14,46742,7628,7784,38958,20124,10114,128,16377,apportioned,1,nc-sbe,2026-09-06T15:46:38+00:00
2022,NC,NC-02,2022-10-26,13,54782,8040,8168,46614,23519,11924,153,19186,apportioned,1,nc-sbe,2026-09-06T15:46:38+00:00
2022,NC,NC-02,2022-10-27,12,63692,8910,9501,54191,27203,13938,181,22369,apportioned,1,nc-sbe,2026-09-06T15:46:38+00:00
2022,NC,NC-02,2022-10-28,11,73186,9494,10217,62969,31178,15998,213,25797,apportioned,1,nc-sbe,2026-09-06T15:46:38+00:00
2022,NC,NC-02,2022-10-29,10,79602,6416,11273,68329,33931,17202,242,28227,apportioned,1,nc-sbe,2026-09-06T15:46:38+00:00
2022,NC,NC-02,2022-10-30,9,84077,4475,11273,72803,35945,17983,258,29890,apportioned,1,nc-sbe,2026-09-06T15:46:38+00:00
2022,NC,NC-02,2022-10-31,8,92273,8196,11523,80750,39333,19932,292,32717,apportioned,1,nc-sbe,2026-09-06T15:46:38+00:00
2022,NC,NC-02,2022-11-01,7,101827,9554,12127,89700,43117,22265,332,36113,apportioned,1,nc-sbe,2026-09-06T15:46:38+00:00
2022,NC,NC-02,2022-11-02,6,112005,10178,12254,99751,47217,24593,370,39826,apportioned,1,nc-sbe,2026-09-06T15:46:38+00:00
2022,NC,NC-02,2022-11-03,5,125537,13532,14232,111305,52604,27479,431,45022,apportioned,1,nc-sbe,2026-09-06T15:46:38+00:00
2022,NC,NC-02,2022-11-04,4,142219,16682,15683,126536,59438,30832,503,51446,apportioned,1,nc-sbe,2026-09-06T15:46:38+00:00
2022,NC,NC-02,2022-11-05,3,155184,12965,16742,138443,65084,32949,572,56579,apportioned,1,nc-sbe,2026-09-06T15:46:38+00:00
2022,NC,NC-02,2022-11-06,2,156922,1737,18479,138443,65731,33205,580,57406,apportioned,1,nc-sbe,2026-09-06T15:46:38+00:00
2022,NC,NC-02,2022-11-07,1,157555,633,19112,138443,65994,33294,582,57685,apportioned,1,nc-sbe,2026-09-06T15:46:38+00:00
2022,NC,NC-02,2022-11-08,0,159684,2129,21241,138443,66847,33587,594,58656,apportioned,1,nc-sbe,2026-09-06T15:46:38+00:00
2022,NC,NC-03,2022-09-12,57,5,5,5,0,2,3,0,0,apportioned,1,nc-sbe,2026-09-06T15:46:38+00:00
2022,NC,NC-03,2022-09-13,56,13,8,13,0,6,6,0,1,apportioned,1,nc-sbe,2026-09-06T15:46:38+00:00
2022,NC,NC-03,2022-09-14,55,20,7,20,0,10,8,0,2,apportioned,1,nc-sbe,2026-09-06T15:46:38+00:00
2022,NC,NC-03,2022-09-15,54,58,38,58,0,43,8,0,7,apportioned,1,nc-sbe,2026-09-06T15:46:38+00:00
2022,NC,NC-03,2022-09-16,53,79,21,79,0,59,10,0,10,apportioned,1,nc-sbe,2026-09-06T15:46:38+00:00
2022,NC,NC-03,2022-09-17,52,79,0,79,0,59,10,0,10,apportioned,1,nc-sbe,2026-09-06T15:46:38+00:00
2022,NC,NC-03,2022-09-18,51,79,0,79,0,59,10,0,10,apportioned,1,nc-sbe,2026-09-06T15:46:38+00:00
2022,NC,NC-03,2022-09-19,50,155,76,155,0,110,17,0,29,apportioned,1,nc-sbe,2026-09-06T15:46:38+00:00
2022,NC,NC-03,2022-09-20,49,166,11,166,0,117,19,0,30,apportioned,1,nc-sbe,2026-09-06T15:46:38+00:00
2022,NC,NC-03,2022-09-21,48,221,56,221,0,148,31,0,42,apportioned,1,nc-sbe,2026-09-06T15:46:38+00:00
2022,NC,NC-03,2022-09-22,47,272,50,272,0,180,37,0,55,apportioned,1,nc-sbe,2026-09-06T15:46:38+00:00
2022,NC,NC-03,2022-09-23,46,323,52,323,0,214,44,0,66,apportioned,1,nc-sbe,2026-09-06T15:46:38+00:00
2022,NC,NC-03,2022-09-24,45,323,0,323,0,214,44,0,66,apportioned,1,nc-sbe,2026-09-06T15:46:38+00:00
2022,NC,NC-03,2022-09-25,44,323,0,323,0,214,44,0,66,apportioned,1,nc-sbe,2026-09-06T15:46:38+00:00
2022,NC,NC-03,2022-09-26,43,443,120,443,0,298,56,0,89,apportioned,1,nc-sbe,2026-09-06T15:46:38+00:00
2022,NC,NC-03,2022-09-27,42,465,22,465,0,310,60,0,95,apportioned,1,nc-sbe,2026-09-06T15:46:38+00:00
2022,NC,NC-03,2022-09-28,41,527,61,527,0,352,69,0,105,apportioned,1,nc-sbe,2026-09-06T15:46:38+00:00
2022,NC,NC-03,2022-09-29,40,569,42,569,0,372,75,0,122,apportioned,1,nc-sbe,2026-09-06T15:46:38+00:00
2022,NC,NC-03,2022-09-30,39,579,10,579,0,375,76,0,128,apportioned,1,nc-sbe,2026-09-06T15:46:38+00:00
2022,NC,NC-03,2022-10-01,38,579,0,579,0,375,76,0,128,apportioned,1,nc-sbe,2026-09-06T15:46:38+00:00
2022,NC,NC-03,2022-10-02,37,580,1,580,0,375,77,0,128,apportioned,1,nc-sbe,2026-09-06T15:46:38+00:00
2022,NC,NC-03,2022-10-03,36,641,61,641,0,410,85,0,146,apportioned,1,nc-sbe,2026-09-06T15:46:38+00:00
2022,NC,NC-03,2022-10-04,35,706,67,706,0,449,97,0,161,apportioned,1,nc-sbe,2026-09-06T15:46:38+00:00
2022,NC,NC-03,2022-10-05,34,786,79,786,0,495,114,0,177,apportioned,1,nc-sbe,2026-09-06T15:46:38+00:00
2022,NC,NC-03,2022-10-06,33,855,69,855,0,533,124,1,197,apportioned,1,nc-sbe,2026-09-06T15:46:38+00:00
2022,NC,NC-03,2022-10-07,32,915,59,915,0,563,136,2,213,apportioned,1,nc-sbe,2026-09-06T15:46:38+00:00
2022,NC,NC-03,2022-10-08,31,915,0,915,0,563,136,2,213,apportioned,1,nc-sbe,2026-09-06T15:46:38+00:00
2022,NC,NC-03,2022-10-09,30,917,2,917,0,565,136,2,213,apportioned,1,nc-sbe,2026-09-06T15:46:38+00:00
2022,NC,NC-03,2022-10-10,29,955,38,955,0,590,141,2,222,apportioned,1,nc-sbe,2026-09-06T15:46:38+00:00
2022,NC,NC-03,2022-10-11,28,1100,145,1100,0,666,168,2,264,apportioned,1,nc-sbe,2026-09-06T15:46:38+00:00
2022,NC,NC-03,2022-10-12,27,1157,57,1157,0,698,176,2,281,apportioned,1,nc-sbe,2026-09-06T15:46:38+00:00
2022,NC,NC-03,2022-10-13,26,1256,99,1256,0,758,194,2,301,apportioned,1,nc-sbe,2026-09-06T15:46:38+00:00
2022,NC,NC-03,2022-10-14,25,1386,130,1386,0,839,216,2,330,apportioned,1,nc-sbe,2026-09-06T15:46:38+00:00
2022,NC,NC-03,2022-10-15,24,1386,0,1386,0,839,216,2,330,apportioned,1,nc-sbe,2026-09-06T15:46:38+00:00
2022,NC,NC-03,2022-10-16,23,1387,1,1387,0,840,216,2,330,apportioned,1,nc-sbe,2026-09-06T15:46:38+00:00
2022,NC,NC-03,2022-10-17,22,1607,220,1607,0,970,260,3,374,apportioned,1,nc-sbe,2026-09-06T15:46:38+00:00
2022,NC,NC-03,2022-10-18,21,1711,104,1711,0,1024,279,3,406,apportioned,1,nc-sbe,2026-09-06T15:46:38+00:00
2022,NC,NC-03,2022-10-19,20,1849,138,1849,0,1095,307,3,444,apportioned,1,nc-sbe,2026-09-06T15:46:38+00:00
2022,NC,NC-03,2022-10-20,19,10363,8514,1969,8393,5092,2870,14,2386,apportioned,1,nc-sbe,2026-09-06T15:46:38+00:00
2022,NC,NC-03,2022-10-21,18,18534,8170,2115,16419,8708,5463,30,4332,apportioned,1,nc-sbe,2026-09-06T15:46:38+00:00
2022,NC,NC-03,2022-10-22,17,20755,2222,2134,18621,9567,6270,34,4883,apportioned,1,nc-sbe,2026-09-06T15:46:38+00:00
2022,NC,NC-03,2022-10-23,16,22216,1461,2139,20077,10274,6681,34,5226,apportioned,1,nc-sbe,2026-09-06T15:46:38+00:00
2022,NC,NC-03,2022-10-24,15,31094,8876,2496,28597,14135,9576,49,7333,apportioned,1,nc-sbe,2026-09-06T15:46:38+00:00
2022,NC,NC-03,2022-10-25,14,39111,8018,2608,36504,17513,12328,63,9209,apportioned,1,nc-sbe,2026-09-06T15:46:38+00:00
2022,NC,NC-03,2022-10-26,13,46626,7515,2829,43797,20694,14857,77,10998,apportioned,1,nc-sbe,2026-09-06T15:46:38+00:00
2022,NC,NC-03,2022-10-27,12,53923,7297,3046,50878,23892,17162,94,12775,apportioned,1,nc-sbe,2026-09-06T15:46:38+00:00
2022,NC,NC-03,2022-10-28,11,61491,7567,3255,58236,26879,19850,115,14646,apportioned,1,nc-sbe,2026-09-06T15:46:38+00:00
2022,NC,NC-03,2022-10-29,10,64185,2695,3266,60920,27827,20845,121,15393,apportioned,1,nc-sbe,2026-09-06T15:46:38+00:00
2022,NC,NC-03,2022-10-30,9,65483,1298,3271,62213,28390,21284,123,15687,apportioned,1,nc-sbe,2026-09-06T15:46:38+00:00
2022,NC,NC-03,2022-10-31,8,73510,8027,3658,69852,31913,23801,142,17654,apportioned,1,nc-sbe,2026-09-06T15:46:38+00:00
2022,NC,NC-03,2022-11-01,7,81190,7680,3951,77239,34977,26536,162,19515,apportioned,1,nc-sbe,2026-09-06T15:46:38+00:00
2022,NC,NC-03,2022-11-02,6,89534,8343,4149,85384,38251,29547,174,21561,apportioned,1,nc-sbe,2026-09-06T15:46:38+00:00
2022,NC,NC-03,2022-11-03,5,98746,9213,4530,94216,41812,32883,196,23855,apportioned,1,nc-sbe,2026-09-06T15:46:38+00:00
2022,NC,NC-03,2022-11-04,4,110980,12234,4815,106166,46288,37383,253,27057,apportioned,1,nc-sbe,2026-09-06T15:46:38+00:00
2022,NC,NC-03,2022-11-05,3,120709,9729,4960,115749,50184,40643,301,29581,apportioned,1,nc-sbe,2026-09-06T15:46:38+00:00
2022,NC,NC-03,2022-11-06,2,120832,123,5083,115749,50248,40656,301,29627,apportioned,1,nc-sbe,2026-09-06T15:46:38+00:00
2022,NC,NC-03,2022-11-07,1,121471,639,5722,115749,50517,40817,309,29828,apportioned,1,nc-sbe,2026-09-06T15:46:38+00:00
2022,NC,NC-03,2022-11-08,0,122176,705,6427,115749,50822,40962,313,30079,apportioned,1,nc-sbe,2026-09-06T15:46:38+00:00
2022,NC,NC-04,2022-09-09,60,1,1,1,0,1,0,0,0,apportioned,1,nc-sbe,2026-09-06T15:46:38+00:00
2022,NC,NC-04,2022-09-10,59,12,11,12,0,8,1,0,4,apportioned,1,nc-sbe,2026-09-06T15:46:38+00:00
2022,NC,NC-04,2022-09-11,58,17,5,17,0,12,1,0,5,apportioned,1,nc-sbe,2026-09-06T15:46:38+00:00
2022,NC,NC-04,2022-09-12,57,47,31,47,0,33,3,0,13,apportioned,1,nc-sbe,2026-09-06T15:46:38+00:00
2022,NC,NC-04,2022-09-13,56,84,36,84,0,60,3,0,21,apportioned,1,nc-sbe,2026-09-06T15:46:38+00:00
2022,NC,NC-04,2022-09-14,55,118,34,118,0,84,5,0,29,apportioned,1,nc-sbe,2026-09-06T15:46:38+00:00
2022,NC,NC-04,2022-09-15,54,191,73,191,0,129,12,0,51,apportioned,1,nc-sbe,2026-09-06T15:46:38+00:00
2022,NC,NC-04,2022-09-16,53,283,91,283,0,190,14,0,79,apportioned,1,nc-sbe,2026-09-06T15:46:38+00:00
2022,NC,NC-04,2022-09-17,52,283,0,283,0,190,14,0,79,apportioned,1,nc-sbe,2026-09-06T15:46:38+00:00
2022,NC,NC-04,2022-09-18,51,283,0,283,0,190,14,0,79,apportioned,1,nc-sbe,2026-09-06T15:46:38+00:00
2022,NC,NC-04,2022-09-19,50,468,186,468,0,297,25,2,145,apportioned,1,nc-sbe,2026-09-06T15:46:38+00:00
2022,NC,NC-04,2022-09-20,49,516,47,516,0,325,26,3,161,apportioned,1,nc-sbe,2026-09-06T15:46:38+00:00
2022,NC,NC-04,2022-09-21,48,730,215,730,0,439,47,5,240,apportioned,1,nc-sbe,2026-09-06T15:46:38+00:00
2022,NC,NC-04,2022-09-22,47,871,142,871,0,518,55,7,292,apportioned,1,nc-sbe,2026-09-06T15:46:38+00:00
2022,NC,NC-04,2022-09-23,46,1000,129,1000,0,588,65,7,340,apportioned,1,nc-sbe,2026-09-06T15:46:38+00:00
2022,NC,NC-04,2022-09-24,45,1002,1,1002,0,589,65,7,340,apportioned,1,nc-sbe,2026-09-06T15:46:38+00:00
2022,NC,NC-04,2022-09-25,44,1002,0,1002,0,589,65,7,340,apportioned,1,nc-sbe,2026-09-06T15:46:38+00:00
2022,NC,NC-04,2022-09-26,43,1209,208,1209,0,704,85,7,414,apportioned,1,nc-sbe,2026-09-06T15:46:38+00:00
2022,NC,NC-04,2022-09-27,42,1312,103,1312,0,759,94,8,452,apportioned,1,nc-sbe,2026-09-06T15:46:38+00:00
2022,NC,NC-04,2022-09-28,41,1589,277,1589,0,914,118,8,549,apportioned,1,nc-sbe,2026-09-06T15:46:38+00:00
2022,NC,NC-04,2022-09-29,40,1684,95,1684,0,969,125,8,581,apportioned,1,nc-sbe,2026-09-06T15:46:38+00:00
2022,NC,NC-04,2022-09-30,39,1822,138,1822,0,1054,136,9,622,apportioned,1,nc-sbe,2026-09-06T15:46:38+00:00
2022,NC,NC-04,2022-10-01,38,1822,0,1822,0,1054,136,9,622,apportioned,1,nc-sbe,2026-09-06T15:46:38+00:00
2022,NC,NC-04,2022-10-02,37,1823,1,1823,0,1054,136,9,623,apportioned,1,nc-sbe,2026-09-06T15:46:38+00:00
2022,NC,NC-04,2022-10-03,36,2054,232,2054,0,1170,156,9,718,apportioned,1,nc-sbe,2026-09-06T15:46:38+00:00
2022,NC,NC-04,2022-10-04,35,2217,162,2217,0,1264,167,9,776,apportioned,1,nc-sbe,2026-09-06T15:46:38+00:00
2022,NC,NC-04,2022-10-05,34,2502,285,2502,0,1413,194,9,886,apportioned,1,nc-sbe,2026-09-06T15:46:38+00:00
2022,NC,NC-04,2022-10-06,33,2717,215,2717,0,1525,208,10,974,apportioned,1,nc-sbe,2026-09-06T15:46:38+00:00
2022,NC,NC-04,2022-10-07,32,2890,173,2890,0,1619,225,10,1038,apportioned,1,nc-sbe,2026-09-06T15:46:38+00:00
2022,NC,NC-04,2022-10-08,31,2976,86,2976,0,1659,233,10,1074,apportioned,1,nc-sbe,2026-09-06T15:46:38+00:00
2022,NC,NC-04,2022-10-09,30,2983,7,2983,0,1662,233,10,1077,apportioned,1,nc-sbe,2026-09-06T15:46:38+00:00
2022,NC,NC-04,2022-10-10,29,3088,105,3088,0,1730,241,10,1107,apportioned,1,nc-sbe,2026-09-06T15:46:38+00:00
2022,NC,NC-04,2022-10-11,28,3383,296,3383,0,1886,264,11,1222,apportioned,1,nc-sbe,2026-09-06T15:46:38+00:00
2022,NC,NC-04,2022-10-12,27,3605,222,3605,0,2018,278,13,1297,apportioned,1,nc-sbe,2026-09-06T15:46:38+00:00
2022,NC,NC-04,2022-10-13,26,4007,402,4007,0,2209,325,13,1460,apportioned,1,nc-sbe,2026-09-06T15:46:38+00:00
2022,NC,NC-04,2022-10-14,25,4440,433,4440,0,2442,359,14,1626,apportioned,1,nc-sbe,2026-09-06T15:46:38+00:00
2022,NC,NC-04,2022-10-15,24,4652,213,4652,0,2550,384,14,1705,apportioned,1,nc-sbe,2026-09-06T15:46:38+00:00
2022,NC,NC-04,2022-10-16,23,4657,5,4657,0,2551,384,14,1709,apportioned,1,nc-sbe,2026-09-06T15:46:38+00:00
2022,NC,NC-04,2022-10-17,22,5273,616,5273,0,2879,437,14,1943,apportioned,1,nc-sbe,2026-09-06T15:46:38+00:00
2022,NC,NC-04,2022-10-18,21,5427,153,5427,0,2966,447,14,2001,apportioned,1,nc-sbe,2026-09-06T15:46:38+00:00
2022,NC,NC-04,2022-10-19,20,5867,440,5867,0,3208,480,14,2165,apportioned,1,nc-sbe,2026-09-06T15:46:38+00:00
2022,NC,NC-04,2022-10-20,19,17237,11369,6511,10726,9505,2111,36,5585,apportioned,1,nc-sbe,2026-09-06T15:46:38+00:00
2022,NC,NC-04,2022-10-21,18,28624,11388,6906,21718,15780,3656,53,9135,apportioned,1,nc-sbe,2026-09-06T15:46:38+00:00
2022,NC,NC-04,2022-10-22,17,35205,6580,7186,28019,19479,4367,69,11290,apportioned,1,nc-sbe,2026-09-06T15:46:38+00:00
2022,NC,NC-04,2022-10-23,16,39842,4637,7244,32598,22156,4864,72,12749,apportioned,1,nc-sbe,2026-09-06T15:46:38+00:00
2022,NC,NC-04,2022-10-24,15,51863,12021,8296,43567,28702,6539,101,16521,apportioned,1,nc-sbe,2026-09-06T15:46:38+00:00
2022,NC,NC-04,2022-10-25,14,62724,10862,8490,54234,34539,8117,123,19945,apportioned,1,nc-sbe,2026-09-06T15:46:38+00:00
2022,NC,NC-04,2022-10-26,13,73500,10776,8899,64601,40365,9680,145,23310,apportioned,1,nc-sbe,2026-09-06T15:46:38+00:00
2022,NC,NC-04,2022-10-27,12,84623,11122,10127,74495,46288,11254,174,26906,apportioned,1,nc-sbe,2026-09-06T15:46:38+00:00
2022,NC,NC-04,2022-10-28,11,97103,12480,10888,86215,52953,12927,201,31021,apportioned,1,nc-sbe,2026-09-06T15:46:38+00:00
2022,NC,NC-04,2022-10-29,10,105227,8124,11413,93814,57395,13827,222,33783,apportioned,1,nc-sbe,2026-09-06T15:46:38+00:00
2022,NC,NC-04,2022-10-30,9,110669,5442,11450,99219,60451,14345,238,35635,apportioned,1,nc-sbe,2026-09-06T15:46:38+00:00
2022,NC,NC-04,2022-10-31,8,122115,11446,12453,109662,66399,16048,270,39396,apportioned,1,nc-sbe,2026-09-06T15:46:38+00:00
2022,NC,NC-04,2022-11-01,7,133657,11543,12876,120782,72250,17835,304,43269,apportioned,1,nc-sbe,2026-09-06T15:46:38+00:00
2022,NC,NC-04,2022-11-02,6,146415,12757,13569,132847,78789,19630,341,47654,apportioned,1,nc-sbe,2026-09-06T15:46:38+00:00
2022,NC,NC-04,2022-11-03,5,162002,15586,14977,147025,86618,21822,395,53168,apportioned,1,nc-sbe,2026-09-06T15:46:38+00:00
2022,NC,NC-04,2022-11-04,4,182718,20716,15938,166779,97024,24549,453,60690,apportioned,1,nc-sbe,2026-09-06T15:46:38+00:00
2022,NC,NC-04,2022-11-05,3,199569,16851,16465,183104,105634,26433,513,66988,apportioned,1,nc-sbe,2026-09-06T15:46:38+00:00
2022,NC,NC-04,2022-11-06,2,200213,645,17109,183104,105890,26523,515,67284,apportioned,1,nc-sbe,2026-09-06T15:46:38+00:00
2022,NC,NC-04,2022-11-07,1,202181,1968,19078,183104,106918,26668,522,68072,apportioned,1,nc-sbe,2026-09-06T15:46:38+00:00
2022,NC,NC-04,2022-11-08,0,204285,2104,21181,183104,107904,26840,532,69009,apportioned,1,nc-sbe,2026-09-06T15:46:38+00:00
2022,NC,NC-05,2022-09-09,60,1,1,1,0,0,0,0,1,apportioned,1,nc-sbe,2026-09-06T15:46:38+00:00
2022,NC,NC-05,2022-09-10,59,1,0,1,0,0,0,0,1,apportioned,1,nc-sbe,2026-09-06T15:46:38+00:00
2022,NC,NC-05,2022-09-11,58,1,0,1,0,0,0,0,1,apportioned,1,nc-sbe,2026-09-06T15:46:38+00:00
2022,NC,NC-05,2022-09-12,57,3,2,3,0,1,2,0,2,apportioned,1,nc-sbe,2026-09-06T15:46:38+00:00
2022,NC,NC-05,2022-09-13,56,9,6,9,0,2,4,0,4,apportioned,1,nc-sbe,2026-09-06T15:46:38+00:00
2022,NC,NC-05,2022-09-14,55,18,9,18,0,5,8,0,6,apportioned,1,nc-sbe,2026-09-06T15:46:38+00:00
2022,NC,NC-05,2022-09-15,54,35,17,35,0,12,14,0,10,apportioned,1,nc-sbe,2026-09-06T15:46:38+00:00
2022,NC,NC-05,2022-09-16,53,80,44,80,0,34,26,0,19,apportioned,1,nc-sbe,2026-09-06T15:46:38+00:00
2022,NC,NC-05,2022-09-17,52,80,0,80,0,34,26,0,19,apportioned,1,nc-sbe,2026-09-06T15:46:38+00:00
2022,NC,NC-05,2022-09-18,51,80,0,80,0,34,26,0,19,apportioned,1,nc-sbe,2026-09-06T15:46:38+00:00
2022,NC,NC-05,2022-09-19,50,179,99,179,0,78,53,0,48,apportioned,1,nc-sbe,2026-09-06T15:46:38+00:00
2022,NC,NC-05,2022-09-20,49,191,12,191,0,83,54,0,54,apportioned,1,nc-sbe,2026-09-06T15:46:38+00:00
2022,NC,NC-05,2022-09-21,48,251,60,251,0,116,69,1,65,apportioned,1,nc-sbe,2026-09-06T15:46:38+00:00
2022,NC,NC-05,2022-09-22,47,307,56,307,0,146,79,1,81,apportioned,1,nc-sbe,2026-09-06T15:46:38+00:00
2022,NC,NC-05,2022-09-23,46,364,57,364,0,182,87,1,93,apportioned,1,nc-sbe,2026-09-06T15:46:38+00:00
2022,NC,NC-05,2022-09-24,45,364,0,364,0,182,87,1,93,apportioned,1,nc-sbe,2026-09-06T15:46:38+00:00
2022,NC,NC-05,2022-09-25,44,364,0,364,0,182,87,1,93,apportioned,1,nc-sbe,2026-09-06T15:46:38+00:00
2022,NC,NC-05,2022-09-26,43,497,133,497,0,250,114,1,132,apportioned,1,nc-sbe,2026-09-06T15:46:38+00:00
2022,NC,NC-05,2022-09-27,42,523,26,523,0,262,125,1,135,apportioned,1,nc-sbe,2026-09-06T15:46:38+00:00
2022,NC,NC-05,2022-09-28,41,610,87,610,0,301,146,2,161,apportioned,1,nc-sbe,2026-09-06T15:46:38+00:00
2022,NC,NC-05,2022-09-29,40,698,88,698,0,341,168,2,186,apportioned,1,nc-sbe,2026-09-06T15:46:38+00:00
2022,NC,NC-05,2022-09-30,39,772,74,772,0,373,190,2,207,apportioned,1,nc-sbe,2026-09-06T15:46:38+00:00
2022,NC,NC-05,2022-10-01,38,773,1,773,0,374,190,2,207,apportioned,1,nc-sbe,2026-09-06T15:46:38+00:00
2022,NC,NC-05,2022-10-02,37,773,0,773,0,374,190,2,207,apportioned,1,nc-sbe,2026-09-06T15:46:38+00:00
2022,NC,NC-05,2022-10-03,36,930,157,930,0,451,236,2,242,apportioned,1,nc-sbe,2026-09-06T15:46:38+00:00
2022,NC,NC-05,2022-10-04,35,966,36,966,0,470,240,2,254,apportioned,1,nc-sbe,2026-09-06T15:46:38+00:00
2022,NC,NC-05,2022-10-05,34,1087,121,1087,0,527,271,2,287,apportioned,1,nc-sbe,2026-09-06T15:46:38+00:00
2022,NC,NC-05,2022-10-06,33,1173,86,1173,0,569,286,2,316,apportioned,1,nc-sbe,2026-09-06T15:46:38+00:00
2022,NC,NC-05,2022-10-07,32,1267,94,1267,0,615,308,2,341,apportioned,1,nc-sbe,2026-09-06T15:46:38+00:00
2022,NC,NC-05,2022-10-08,31,1267,0,1267,0,615,308,2,341,apportioned,1,nc-sbe,2026-09-06T15:46:38+00:00
2022,NC,NC-05,2022-10-09,30,1267,0,1267,0,615,308,2,341,apportioned,1,nc-sbe,2026-09-06T15:46:38+00:00
2022,NC,NC-05,2022-10-10,29,1337,70,1337,0,651,323,2,360,apportioned,1,nc-sbe,2026-09-06T15:46:38+00:00
2022,NC,NC-05,2022-10-11,28,1490,153,1490,0,705,366,2,417,apportioned,1,nc-sbe,2026-09-06T15:46:38+00:00
2022,NC,NC-05,2022-10-12,27,1632,142,1632,0,758,397,2,474,apportioned,1,nc-sbe,2026-09-06T15:46:38+00:00
2022,NC,NC-05,2022-10-13,26,1858,226,1858,0,862,444,3,548,apportioned,1,nc-sbe,2026-09-06T15:46:38+00:00
2022,NC,NC-05,2022-10-14,25,2078,221,2078,0,971,492,3,612,apportioned,1,nc-sbe,2026-09-06T15:46:38+00:00
2022,NC,NC-05,2022-10-15,24,2078,0,2078,0,971,492,3,612,apportioned,1,nc-sbe,2026-09-06T15:46:38+00:00
2022,NC,NC-05,2022-10-16,23,2079,1,2079,0,971,493,3,612,apportioned,1,nc-sbe,2026-09-06T15:46:38+00:00
2022,NC,NC-05,2022-10-17,22,2389,310,2389,0,1098,566,3,722,apportioned,1,nc-sbe,2026-09-06T15:46:38+00:00
2022,NC,NC-05,2022-10-18,21,2491,102,2491,0,1131,593,3,764,apportioned,1,nc-sbe,2026-09-06T15:46:38+00:00
2022,NC,NC-05,2022-10-19,20,2741,250,2741,0,1249,650,3,839,apportioned,1,nc-sbe,2026-09-06T15:46:38+00:00
2022,NC,NC-05,2022-10-20,19,13897,11156,2956,10941,4649,5407,23,3818,apportioned,1,nc-sbe,2026-09-06T15:46:38+00:00
2022,NC,NC-05,2022-10-21,18,24661,10764,3192,21469,7946,9942,49,6724,apportioned,1,nc-sbe,2026-09-06T15:46:38+00:00
2022,NC,NC-05,2022-10-22,17,24774,113,3199,21575,7978,9984,49,6763,apportioned,1,nc-sbe,2026-09-06T15:46:38+00:00
2022,NC,NC-05,2022-10-23,16,24775,1,3200,21575,7979,9984,49,6763,apportioned,1,nc-sbe,2026-09-06T15:46:38+00:00
2022,NC,NC-05,2022-10-24,15,36277,11502,3646,32630,11852,14616,77,9732,apportioned,1,nc-sbe,2026-09-06T15:46:38+00:00
2022,NC,NC-05,2022-10-25,14,46641,10364,3887,42754,15223,18807,102,12509,apportioned,1,nc-sbe,2026-09-06T15:46:38+00:00
2022,NC,NC-05,2022-10-26,13,56331,9690,4112,52219,18299,22790,130,15111,apportioned,1,nc-sbe,2026-09-06T15:46:38+00:00
2022,NC,NC-05,2022-10-27,12,65777,9446,4573,61205,21362,26657,155,17603,apportioned,1,nc-sbe,2026-09-06T15:46:38+00:00
2022,NC,NC-05,2022-10-28,11,76341,10564,4877,71464,24647,31017,182,20496,apportioned,1,nc-sbe,2026-09-06T15:46:38+00:00
2022,NC,NC-05,2022-10-29,10,79062,2721,4893,74169,25707,31869,192,21294,apportioned,1,nc-sbe,2026-09-06T15:46:38+00:00
2022,NC,NC-05,2022-10-30,9,80294,1232,4894,75399,26327,32134,197,21635,apportioned,1,nc-sbe,2026-09-06T15:46:38+00:00
2022,NC,NC-05,2022-10-31,8,90364,10070,5444,84920,29457,36421,227,24259,apportioned,1,nc-sbe,2026-09-06T15:46:38+00:00
2022,NC,NC-05,2022-11-01,7,100910,10546,5761,95150,32759,40785,255,27111,apportioned,1,nc-sbe,2026-09-06T15:46:38+00:00
2022,NC,NC-05,2022-11-02,6,111545,10634,6304,105240,36102,45056,282,30104,apportioned,1,nc-sbe,2026-09-06T15:46:38+00:00
2022,NC,NC-05,2022-11-03,5,123468,11924,6693,116776,39762,49979,315,33412,apportioned,1,nc-sbe,2026-09-06T15:46:38+00:00
2022,NC,NC-05,2022-11-04,4,139803,16335,7279,132524,44796,56506,361,38141,apportioned,1,nc-sbe,2026-09-06T15:46:38+00:00
2022,NC,NC-05,2022-11-05,3,152464,12660,7540,144923,48775,61478,402,41809,apportioned,1,nc-sbe,2026-09-06T15:46:38+00:00
2022,NC,NC-05,2022-11-06,2,152466,2,7542,144923,48776,61479,402,41809,apportioned,1,nc-sbe,2026-09-06T15:46:38+00:00
2022,NC,NC-05,2022-11-07,1,153505,1040,8582,144923,49219,61728,403,42155,apportioned,1,nc-sbe,2026-09-06T15:46:38+00:00
2022,NC,NC-05,2022-11-08,0,154352,847,9429,144923,49560,61918,408,42466,apportioned,1,nc-sbe,2026-09-06T15:46:38+00:00
2022,NC,NC-06,2022-09-09,60,0,0,0,0,0,0,0,0,apportioned,1,nc-sbe,2026-09-06T15:46:38+00:00
2022,NC,NC-06,2022-09-10,59,1,0,1,0,0,0,0,0,apportioned,1,nc-sbe,2026-09-06T15:46:38+00:00
2022,NC,NC-06,2022-09-11,58,1,0,1,0,0,0,0,0,apportioned,1,nc-sbe,2026-09-06T15:46:38+00:00
2022,NC,NC-06,2022-09-12,57,2,1,2,0,0,0,0,0,apportioned,1,nc-sbe,2026-09-06T15:46:38+00:00
2022,NC,NC-06,2022-09-13,56,10,8,10,0,5,1,0,3,apportioned,1,nc-sbe,2026-09-06T15:46:38+00:00
2022,NC,NC-06,2022-09-14,55,21,12,21,0,12,3,0,5,apportioned,1,nc-sbe,2026-09-06T15:46:38+00:00
2022,NC,NC-06,2022-09-15,54,52,30,52,0,30,9,1,11,apportioned,1,nc-sbe,2026-09-06T15:46:38+00:00
2022,NC,NC-06,2022-09-16,53,80,29,80,0,44,13,1,21,apportioned,1,nc-sbe,2026-09-06T15:46:38+00:00
2022,NC,NC-06,2022-09-17,52,80,0,80,0,44,13,1,21,apportioned,1,nc-sbe,2026-09-06T15:46:38+00:00
2022,NC,NC-06,2022-09-18,51,80,0,80,0,44,13,1,21,apportioned,1,nc-sbe,2026-09-06T15:46:38+00:00
2022,NC,NC-06,2022-09-19,50,155,76,155,0,85,28,1,40,apportioned,1,nc-sbe,2026-09-06T15:46:38+00:00
2022,NC,NC-06,2022-09-20,49,178,23,178,0,96,31,1,48,apportioned,1,nc-sbe,2026-09-06T15:46:38+00:00
2022,NC,NC-06,2022-09-21,48,260,82,260,0,138,50,2,70,apportioned,1,nc-sbe,2026-09-06T15:46:38+00:00
2022,NC,NC-06,2022-09-22,47,322,61,322,0,174,63,3,81,apportioned,1,nc-sbe,2026-09-06T15:46:38+00:00
2022,NC,NC-06,2022-09-23,46,390,68,390,0,213,76,3,99,apportioned,1,nc-sbe,2026-09-06T15:46:38+00:00
2022,NC,NC-06,2022-09-24,45,390,0,390,0,213,76,3,99,apportioned,1,nc-sbe,2026-09-06T15:46:38+00:00
2022,NC,NC-06,2022-09-25,44,391,1,391,0,213,76,3,100,apportioned,1,nc-sbe,2026-09-06T15:46:38+00:00
2022,NC,NC-06,2022-09-26,43,539,148,539,0,285,110,3,142,apportioned,1,nc-sbe,2026-09-06T15:46:38+00:00
2022,NC,NC-06,2022-09-27,42,568,29,568,0,300,117,3,147,apportioned,1,nc-sbe,2026-09-06T15:46:38+00:00
2022,NC,NC-06,2022-09-28,41,694,126,694,0,361,141,3,188,apportioned,1,nc-sbe,2026-09-06T15:46:38+00:00
2022,NC,NC-06,2022-09-29,40,774,80,774,0,403,157,3,212,apportioned,1,nc-sbe,2026-09-06T15:46:38+00:00
2022,NC,NC-06,2022-09-30,39,845,71,845,0,434,173,4,233,apportioned,1,nc-sbe,2026-09-06T15:46:38+00:00
2022,NC,NC-06,2022-10-01,38,865,20,865,0,445,181,4,234,apportioned,1,nc-sbe,2026-09-06T15:46:38+00:00
2022,NC,NC-06,2022-10-02,37,865,0,865,0,445,181,4,234,apportioned,1,nc-sbe,2026-09-06T15:46:38+00:00
2022,NC,NC-06,2022-10-03,36,998,133,998,0,510,215,4,270,apportioned,1,nc-sbe,2026-09-06T15:46:38+00:00
2022,NC,NC-06,2022-10-04,35,1039,42,1039,0,529,226,4,280,apportioned,1,nc-sbe,2026-09-06T15:46:38+00:00
2022,NC,NC-06,2022-10-05,34,1172,131,1172,0,587,256,4,326,apportioned,1,nc-sbe,2026-09-06T15:46:38+00:00
2022,NC,NC-06,2022-10-06,33,1285,114,1285,0,644,278,4,360,apportioned,1,nc-sbe,2026-09-06T15:46:38+00:00
2022,NC,NC-06,2022-10-07,32,1400,115,1400,0,706,299,5,392,apportioned,1,nc-sbe,2026-09-06T15:46:38+00:00
2022,NC,NC-06,2022-10-08,31,1400,0,1400,0,706,299,5,392,apportioned,1,nc-sbe,2026-09-06T15:46:38+00:00
2022,NC,NC-06,2022-10-09,30,1401,0,1401,0,706,299,5,392,apportioned,1,nc-sbe,2026-09-06T15:46:38+00:00
2022,NC,NC-06,2022-10-10,29,1493,91,1493,0,755,318,5,416,apportioned,1,nc-sbe,2026-09-06T15:46:38+00:00
2022,NC,NC-06,2022-10-11,28,1653,160,1653,0,829,356,5,464,apportioned,1,nc-sbe,2026-09-06T15:46:38+00:00
2022,NC,NC-06,2022-10-12,27,1751,98,1751,0,870,375,5,503,apportioned,1,nc-sbe,2026-09-06T15:46:38+00:00
2022,NC,NC-06,2022-10-13,26,2091,339,2091,0,1022,449,5,615,apportioned,1,nc-sbe,2026-09-06T15:46:38+00:00
2022,NC,NC-06,2022-10-14,25,2254,164,2254,0,1115,471,5,664,apportioned,1,nc-sbe,2026-09-06T15:46:38+00:00
2022,NC,NC-06,2022-10-15,24,2284,29,2284,0,1124,476,5,678,apportioned,1,nc-sbe,2026-09-06T15:46:38+00:00
2022,NC,NC-06,2022-10-16,23,2284,0,2284,0,1124,476,5,678,apportioned,1,nc-sbe,2026-09-06T15:46:38+00:00
2022,NC,NC-06,2022-10-17,22,2619,335,2619,0,1276,558,6,780,apportioned,1,nc-sbe,2026-09-06T15:46:38+00:00
2022,NC,NC-06,2022-10-18,21,2695,77,2695,0,1305,577,6,808,apportioned,1,nc-sbe,2026-09-06T15:46:38+00:00
2022,NC,NC-06,2022-10-19,20,3008,313,3008,0,1451,646,6,905,apportioned,1,nc-sbe,2026-09-06T15:46:38+00:00
2022,NC,NC-06,2022-10-20,19,11954,8948,3185,8772,4240,4521,19,3174,apportioned,1,nc-sbe,2026-09-06T15:46:38+00:00
2022,NC,NC-06,2022-10-21,18,20530,8574,3418,17111,6978,8099,35,5417,apportioned,1,nc-sbe,2026-09-06T15:46:38+00:00
2022,NC,NC-06,2022-10-22,17,21602,1072,3514,18088,7273,8564,40,5725,apportioned,1,nc-sbe,2026-09-06T15:46:38+00:00
2022,NC,NC-06,2022-10-23,16,22025,422,3519,18507,7490,8668,40,5826,apportioned,1,nc-sbe,2026-09-06T15:46:38+00:00
2022,NC,NC-06,2022-10-24,15,31960,9936,3939,28022,10676,12895,52,8338,apportioned,1,nc-sbe,2026-09-06T15:46:38+00:00
2022,NC,NC-06,2022-10-25,14,41056,9096,4228,36827,13535,16827,69,10624,apportioned,1,nc-sbe,2026-09-06T15:46:38+00:00
2022,NC,NC-06,2022-10-26,13,49729,8673,4656,45072,16239,20506,94,12890,apportioned,1,nc-sbe,2026-09-06T15:46:38+00:00
2022,NC,NC-06,2022-10-27,12,58022,8293,5064,52958,18834,24050,112,15026,apportioned,1,nc-sbe,2026-09-06T15:46:38+00:00
2022,NC,NC-06,2022-10-28,11,67368,9345,5479,61889,21653,27986,145,17584,apportioned,1,nc-sbe,2026-09-06T15:46:38+00:00
2022,NC,NC-06,2022-10-29,10,70871,3504,5522,65350,22902,29264,154,18552,apportioned,1,nc-sbe,2026-09-06T15:46:38+00:00
2022,NC,NC-06,2022-10-30,9,73104,2233,5534,67570,23871,29891,162,19182,apportioned,1,nc-sbe,2026-09-06T15:46:38+00:00
2022,NC,NC-06,2022-10-31,8,81902,8797,6161,75741,26589,33611,180,21524,apportioned,1,nc-sbe,2026-09-06T15:46:38+00:00
2022,NC,NC-06,2022-11-01,7,91127,9223,6466,84659,29372,37548,203,24001,apportioned,1,nc-sbe,2026-09-06T15:46:38+00:00
2022,NC,NC-06,2022-11-02,6,100722,9595,7017,93706,32288,41587,228,26618,apportioned,1,nc-sbe,2026-09-06T15:46:38+00:00
2022,NC,NC-06,2022-11-03,5,111794,11071,7740,104053,35780,46147,261,29607,apportioned,1,nc-sbe,2026-09-06T15:46:38+00:00
2022,NC,NC-06,2022-11-04,4,126346,14552,8458,117887,40252,51968,314,33810,apportioned,1,nc-sbe,2026-09-06T15:46:38+00:00
2022,NC,NC-06,2022-11-05,3,137642,11298,8800,128843,44029,56091,357,37165,apportioned,1,nc-sbe,2026-09-06T15:46:38+00:00
2022,NC,NC-06,2022-11-06,2,137662,19,8819,128843,44037,56096,357,37170,apportioned,1,nc-sbe,2026-09-06T15:46:38+00:00
2022,NC,NC-06,2022-11-07,1,138730,1069,9888,128843,44465,56347,361,37557,apportioned,1,nc-sbe,2026-09-06T15:46:38+00:00
2022,NC,NC-06,2022-11-08,0,139840,1109,10996,128843,44890,56621,367,37962,apportioned,1,nc-sbe,2026-09-06T15:46:38+00:00
2022,NC,NC-07,2022-09-12,57,11,11,11,0,8,1,0,2,apportioned,1,nc-sbe,2026-09-06T15:46:38+00:00
2022,NC,NC-07,2022-09-13,56,16,5,16,0,11,2,0,3,apportioned,1,nc-sbe,2026-09-06T15:46:38+00:00
2022,NC,NC-07,2022-09-14,55,30,13,30,0,17,2,0,11,apportioned,1,nc-sbe,2026-09-06T15:46:38+00:00
2022,NC,NC-07,2022-09-15,54,53,23,53,0,32,6,0,14,apportioned,1,nc-sbe,2026-09-06T15:46:38+00:00
2022,NC,NC-07,2022-09-16,53,81,29,81,0,46,10,0,25,apportioned,1,nc-sbe,2026-09-06T15:46:38+00:00
2022,NC,NC-07,2022-09-17,52,100,19,100,0,56,13,0,31,apportioned,1,nc-sbe,2026-09-06T15:46:38+00:00
2022,NC,NC-07,2022-09-18,51,101,1,101,0,57,13,0,31,apportioned,1,nc-sbe,2026-09-06T15:46:38+00:00
2022,NC,NC-07,2022-09-19,50,198,96,198,0,108,22,0,69,apportioned,1,nc-sbe,2026-09-06T15:46:38+00:00
2022,NC,NC-07,2022-09-20,49,217,19,217,0,116,26,0,76,apportioned,1,nc-sbe,2026-09-06T15:46:38+00:00
2022,NC,NC-07,2022-09-21,48,273,56,273,0,145,36,0,91,apportioned,1,nc-sbe,2026-09-06T15:46:38+00:00
2022,NC,NC-07,2022-09-22,47,365,92,365,0,196,48,0,120,apportioned,1,nc-sbe,2026-09-06T15:46:38+00:00
2022,NC,NC-07,2022-09-23,46,403,39,403,0,214,55,0,134,apportioned,1,nc-sbe,2026-09-06T15:46:38+00:00
2022,NC,NC-07,2022-09-24,45,429,26,429,0,225,59,0,145,apportioned,1,nc-sbe,2026-09-06T15:46:38+00:00
2022,NC,NC-07,2022-09-25,44,429,0,429,0,225,59,0,145,apportioned,1,nc-sbe,2026-09-06T15:46:38+00:00
2022,NC,NC-07,2022-09-26,43,621,191,621,0,323,88,0,210,apportioned,1,nc-sbe,2026-09-06T15:46:38+00:00
2022,NC,NC-07,2022-09-27,42,643,22,643,0,334,92,0,216,apportioned,1,nc-sbe,2026-09-06T15:46:38+00:00
2022,NC,NC-07,2022-09-28,41,767,124,767,0,400,111,0,256,apportioned,1,nc-sbe,2026-09-06T15:46:38+00:00
2022,NC,NC-07,2022-09-29,40,855,88,855,0,451,126,0,279,apportioned,1,nc-sbe,2026-09-06T15:46:38+00:00
2022,NC,NC-07,2022-09-30,39,892,37,892,0,464,133,0,295,apportioned,1,nc-sbe,2026-09-06T15:46:38+00:00
2022,NC,NC-07,2022-10-01,38,937,45,937,0,486,143,0,308,apportioned,1,nc-sbe,2026-09-06T15:46:38+00:00
2022,NC,NC-07,2022-10-02,37,937,0,937,0,486,143,0,308,apportioned,1,nc-sbe,2026-09-06T15:46:38+00:00
2022,NC,NC-07,2022-10-03,36,1102,165,1102,0,564,182,0,358,apportioned,1,nc-sbe,2026-09-06T15:46:38+00:00
2022,NC,NC-07,2022-10-04,35,1157,54,1157,0,592,188,0,379,apportioned,1,nc-sbe,2026-09-06T15:46:38+00:00
2022,NC,NC-07,2022-10-05,34,1295,138,1295,0,661,210,0,424,apportioned,1,nc-sbe,2026-09-06T15:46:38+00:00
2022,NC,NC-07,2022-10-06,33,1483,187,1483,0,758,243,0,482,apportioned,1,nc-sbe,2026-09-06T15:46:38+00:00
2022,NC,NC-07,2022-10-07,32,1612,129,1612,0,827,264,0,521,apportioned,1,nc-sbe,2026-09-06T15:46:38+00:00
2022,NC,NC-07,2022-10-08,31,1654,42,1654,0,845,268,0,541,apportioned,1,nc-sbe,2026-09-06T15:46:38+00:00
2022,NC,NC-07,2022-10-09,30,1654,0,1654,0,845,268,0,541,apportioned,1,nc-sbe,2026-09-06T15:46:38+00:00
2022,NC,NC-07,2022-10-10,29,1717,64,1717,0,870,281,0,566,apportioned,1,nc-sbe,2026-09-06T15:46:38+00:00
2022,NC,NC-07,2022-10-11,28,1955,239,1955,0,975,338,1,641,apportioned,1,nc-sbe,2026-09-06T15:46:38+00:00
2022,NC,NC-07,2022-10-12,27,1979,24,1979,0,985,343,1,650,apportioned,1,nc-sbe,2026-09-06T15:46:38+00:00
2022,NC,NC-07,2022-10-13,26,2262,283,2262,0,1122,400,1,739,apportioned,1,nc-sbe,2026-09-06T15:46:38+00:00
2022,NC,NC-07,2022-10-14,25,2509,248,2509,0,1260,436,1,812,apportioned,1,nc-sbe,2026-09-06T15:46:38+00:00
2022,NC,NC-07,2022-10-15,24,2576,67,2576,0,1284,450,1,841,apportioned,1,nc-sbe,2026-09-06T15:46:38+00:00
2022,NC,NC-07,2022-10-16,23,2576,0,2576,0,1284,450,1,841,apportioned,1,nc-sbe,2026-09-06T15:46:38+00:00
2022,NC,NC-07,2022-10-17,22,2960,384,2960,0,1460,530,3,966,apportioned,1,nc-sbe,2026-09-06T15:46:38+00:00
2022,NC,NC-07,2022-10-18,21,3089,129,3089,0,1521,554,3,1010,apportioned,1,nc-sbe,2026-09-06T15:46:38+00:00
2022,NC,NC-07,2022-10-19,20,3267,178,3267,0,1594,594,3,1076,apportioned,1,nc-sbe,2026-09-06T15:46:38+00:00
2022,NC,NC-07,2022-10-20,19,15097,11831,3665,11433,6202,4413,29,4455,apportioned,1,nc-sbe,2026-09-06T15:46:38+00:00
2022,NC,NC-07,2022-10-21,18,26178,11081,3970,22208,10229,8168,47,7735,apportioned,1,nc-sbe,2026-09-06T15:46:38+00:00
2022,NC,NC-07,2022-10-22,17,28650,2472,4070,24581,11152,8995,55,8450,apportioned,1,nc-sbe,2026-09-06T15:46:38+00:00
2022,NC,NC-07,2022-10-23,16,30655,2005,4093,26562,12168,9530,59,8900,apportioned,1,nc-sbe,2026-09-06T15:46:38+00:00
2022,NC,NC-07,2022-10-24,15,43107,12452,4676,38431,16756,13716,78,12557,apportioned,1,nc-sbe,2026-09-06T15:46:38+00:00
2022,NC,NC-07,2022-10-25,14,55262,12155,4820,50441,21142,17874,105,16141,apportioned,1,nc-sbe,2026-09-06T15:46:38+00:00
2022,NC,NC-07,2022-10-26,13,66828,11565,5273,61555,25306,21801,127,19595,apportioned,1,nc-sbe,2026-09-06T15:46:38+00:00
2022,NC,NC-07,2022-10-27,12,78116,11288,5730,72387,29371,25507,147,23092,apportioned,1,nc-sbe,2026-09-06T15:46:38+00:00
2022,NC,NC-07,2022-10-28,11,89220,11103,6228,82992,33156,29330,185,26549,apportioned,1,nc-sbe,2026-09-06T15:46:38+00:00
2022,NC,NC-07,2022-10-29,10,93884,4664,6407,87477,34884,30809,200,27991,apportioned,1,nc-sbe,2026-09-06T15:46:38+00:00
2022,NC,NC-07,2022-10-30,9,97226,3342,6437,90789,36151,31871,210,28994,apportioned,1,nc-sbe,2026-09-06T15:46:38+00:00
2022,NC,NC-07,2022-10-31,8,108530,11304,7128,101403,40021,35791,245,32474,apportioned,1,nc-sbe,2026-09-06T15:46:38+00:00
2022,NC,NC-07,2022-11-01,7,119834,11304,7503,112332,43844,39834,284,35872,apportioned,1,nc-sbe,2026-09-06T15:46:38+00:00
2022,NC,NC-07,2022-11-02,6,131593,11760,7980,123614,47816,44005,320,39452,apportioned,1,nc-sbe,2026-09-06T15:46:38+00:00
2022,NC,NC-07,2022-11-03,5,144418,12825,8580,135839,52152,48438,375,43454,apportioned,1,nc-sbe,2026-09-06T15:46:38+00:00
2022,NC,NC-07,2022-11-04,4,160421,16003,9127,151295,57576,53904,436,48505,apportioned,1,nc-sbe,2026-09-06T15:46:38+00:00
2022,NC,NC-07,2022-11-05,3,173087,12665,9708,163379,62331,57749,506,52500,apportioned,1,nc-sbe,2026-09-06T15:46:38+00:00
2022,NC,NC-07,2022-11-06,2,173090,3,9711,163379,62332,57750,506,52501,apportioned,1,nc-sbe,2026-09-06T15:46:38+00:00
2022,NC,NC-07,2022-11-07,1,174225,1135,10846,163379,62808,58013,510,52895,apportioned,1,nc-sbe,2026-09-06T15:46:38+00:00
2022,NC,NC-07,2022-11-08,0,175430,1205,12050,163379,63297,58256,516,53361,apportioned,1,nc-sbe,2026-09-06T15:46:38+00:00
2022,NC,NC-08,2022-09-09,60,1,1,1,0,1,0,0,0,apportioned,1,nc-sbe,2026-09-06T15:46:38+00:00
2022,NC,NC-08,2022-09-10,59,1,1,1,0,1,0,0,1,apportioned,1,nc-sbe,2026-09-06T15:46:38+00:00
2022,NC,NC-08,2022-09-11,58,1,0,1,0,1,0,0,1,apportioned,1,nc-sbe,2026-09-06T15:46:38+00:00
2022,NC,NC-08,2022-09-12,57,4,2,4,0,2,0,1,2,apportioned,1,nc-sbe,2026-09-06T15:46:38+00:00
2022,NC,NC-08,2022-09-13,56,6,2,6,0,3,0,1,3,apportioned,1,nc-sbe,2026-09-06T15:46:38+00:00
2022,NC,NC-08,2022-09-14,55,22,16,22,0,10,3,1,8,apportioned,1,nc-sbe,2026-09-06T15:46:38+00:00
2022,NC,NC-08,2022-09-15,54,32,11,32,0,15,6,1,11,apportioned,1,nc-sbe,2026-09-06T15:46:38+00:00
2022,NC,NC-08,2022-09-16,53,63,31,63,0,32,10,1,22,apportioned,1,nc-sbe,2026-09-06T15:46:38+00:00
2022,NC,NC-08,2022-09-17,52,63,0,63,0,32,10,1,22,apportioned,1,nc-sbe,2026-09-06T15:46:38+00:00
2022,NC,NC-08,2022-09-18,51,63,0,63,0,32,10,1,22,apportioned,1,nc-sbe,2026-09-06T15:46:38+00:00
2022,NC,NC-08,2022-09-19,50,143,81,143,0,77,17,1,49,apportioned,1,nc-sbe,2026-09-06T15:46:38+00:00
2022,NC,NC-08,2022-09-20,49,169,26,169,0,89,20,1,60,apportioned,1,nc-sbe,2026-09-06T15:46:38+00:00
2022,NC,NC-08,2022-09-21,48,228,59,228,0,116,36,1,75,apportioned,1,nc-sbe,2026-09-06T15:46:38+00:00
2022,NC,NC-08,2022-09-22,47,270,42,270,0,145,40,1,84,apportioned,1,nc-sbe,2026-09-06T15:46:38+00:00
2022,NC,NC-08,2022-09-23,46,357,86,357,0,186,61,1,109,apportioned,1,nc-sbe,2026-09-06T15:46:38+00:00
2022,NC,NC-08,2022-09-24,45,357,0,357,0,186,61,1,109,apportioned,1,nc-sbe,2026-09-06T15:46:38+00:00
2022,NC,NC-08,2022-09-25,44,358,1,358,0,186,61,1,110,apportioned,1,nc-sbe,2026-09-06T15:46:38+00:00
2022,NC,NC-08,2022-09-26,43,463,105,463,0,240,82,1,140,apportioned,1,nc-sbe,2026-09-06T15:46:38+00:00
2022,NC,NC-08,2022-09-27,42,480,18,480,0,249,84,1,146,apportioned,1,nc-sbe,2026-09-06T15:46:38+00:00
2022,NC,NC-08,2022-09-28,41,591,110,591,0,301,102,1,188,apportioned,1,nc-sbe,2026-09-06T15:46:38+00:00
2022,NC,NC-08,2022-09-29,40,648,57,648,0,330,112,1,205,apportioned,1,nc-sbe,2026-09-06T15:46:38+00:00
2022,NC,NC-08,2022-09-30,39,686,38,686,0,348,119,1,218,apportioned,1,nc-sbe,2026-09-06T15:46:38+00:00
2022,NC,NC-08,2022-10-01,38,689,3,689,0,351,119,1,218,apportioned,1,nc-sbe,2026-09-06T15:46:38+00:00
2022,NC,NC-08,2022-10-02,37,689,0,689,0,351,119,1,218,apportioned,1,nc-sbe,2026-09-06T15:46:38+00:00
2022,NC,NC-08,2022-10-03,36,820,131,820,0,407,152,1,258,apportioned,1,nc-sbe,2026-09-06T15:46:38+00:00
2022,NC,NC-08,2022-10-04,35,861,40,861,0,434,161,1,264,apportioned,1,nc-sbe,2026-09-06T15:46:38+00:00
2022,NC,NC-08,2022-10-05,34,995,135,995,0,494,185,1,315,apportioned,1,nc-sbe,2026-09-06T15:46:38+00:00
2022,NC,NC-08,2022-10-06,33,1051,55,1051,0,514,194,1,342,apportioned,1,nc-sbe,2026-09-06T15:46:38+00:00
2022,NC,NC-08,2022-10-07,32,1133,82,1133,0,560,209,2,364,apportioned,1,nc-sbe,2026-09-06T15:46:38+00:00
2022,NC,NC-08,2022-10-08,31,1141,8,1141,0,564,210,2,367,apportioned,1,nc-sbe,2026-09-06T15:46:38+00:00
2022,NC,NC-08,2022-10-09,30,1141,1,1141,0,564,211,2,367,apportioned,1,nc-sbe,2026-09-06T15:46:38+00:00
2022,NC,NC-08,2022-10-10,29,1254,113,1254,0,616,232,2,406,apportioned,1,nc-sbe,2026-09-06T15:46:38+00:00
2022,NC,NC-08,2022-10-11,28,1367,112,1367,0,667,252,2,445,apportioned,1,nc-sbe,2026-09-06T15:46:38+00:00
2022,NC,NC-08,2022-10-12,27,1427,59,1427,0,696,259,2,468,apportioned,1,nc-sbe,2026-09-06T15:46:38+00:00
2022,NC,NC-08,2022-10-13,26,1610,184,1610,0,780,297,2,532,apportioned,1,nc-sbe,2026-09-06T15:46:38+00:00
2022,NC,NC-08,2022-10-14,25,1820,209,1820,0,880,334,2,603,apportioned,1,nc-sbe,2026-09-06T15:46:38+00:00
2022,NC,NC-08,2022-10-15,24,1844,24,1844,0,888,340,2,614,apportioned,1,nc-sbe,2026-09-06T15:46:38+00:00
2022,NC,NC-08,2022-10-16,23,1844,0,1844,0,888,340,2,614,apportioned,1,nc-sbe,2026-09-06T15:46:38+00:00
2022,NC,NC-08,2022-10-17,22,2127,284,2127,0,1012,402,2,711,apportioned,1,nc-sbe,2026-09-06T15:46:38+00:00
2022,NC,NC-08,2022-10-18,21,2217,89,2217,0,1052,421,3,741,apportioned,1,nc-sbe,2026-09-06T15:46:38+00:00
2022,NC,NC-08,2022-10-19,20,2487,270,2487,0,1154,482,3,848,apportioned,1,nc-sbe,2026-09-06T15:46:38+00:00
2022,NC,NC-08,2022-10-20,19,11597,9109,2703,8893,4476,3736,19,3364,apportioned,1,nc-sbe,2026-09-06T15:46:38+00:00
2022,NC,NC-08,2022-10-21,18,20070,8474,2921,17150,7523,6724,31,5793,apportioned,1,nc-sbe,2026-09-06T15:46:38+00:00
2022,NC,NC-08,2022-10-22,17,23227,3158,2958,20269,8590,7835,38,6764,apportioned,1,nc-sbe,2026-09-06T15:46:38+00:00
2022,NC,NC-08,2022-10-23,16,24690,1463,2961,21729,9198,8237,42,7213,apportioned,1,nc-sbe,2026-09-06T15:46:38+00:00
2022,NC,NC-08,2022-10-24,15,33741,9051,3345,30398,12415,11461,62,9802,apportioned,1,nc-sbe,2026-09-06T15:46:38+00:00
2022,NC,NC-08,2022-10-25,14,42156,8416,3576,38580,15384,14497,79,12197,apportioned,1,nc-sbe,2026-09-06T15:46:38+00:00
2022,NC,NC-08,2022-10-26,13,50149,7993,3971,46178,18174,17385,97,14493,apportioned,1,nc-sbe,2026-09-06T15:46:38+00:00
2022,NC,NC-08,2022-10-27,12,57946,7798,4408,53538,21050,20119,113,16665,apportioned,1,nc-sbe,2026-09-06T15:46:38+00:00
2022,NC,NC-08,2022-10-28,11,66627,8682,4638,61989,24073,23166,137,19250,apportioned,1,nc-sbe,2026-09-06T15:46:38+00:00
2022,NC,NC-08,2022-10-29,10,69732,3105,4644,65088,25090,24281,149,20212,apportioned,1,nc-sbe,2026-09-06T15:46:38+00:00
2022,NC,NC-08,2022-10-30,9,72329,2597,4648,67681,26063,25090,157,21017,apportioned,1,nc-sbe,2026-09-06T15:46:38+00:00
2022,NC,NC-08,2022-10-31,8,81642,9313,5441,76200,29306,28404,177,23754,apportioned,1,nc-sbe,2026-09-06T15:46:38+00:00
2022,NC,NC-08,2022-11-01,7,90848,9207,5900,84947,32450,31741,202,26457,apportioned,1,nc-sbe,2026-09-06T15:46:38+00:00
2022,NC,NC-08,2022-11-02,6,100106,9258,6337,93768,35521,35167,234,29186,apportioned,1,nc-sbe,2026-09-06T15:46:38+00:00
2022,NC,NC-08,2022-11-03,5,111046,10940,6911,104134,39123,39213,262,32449,apportioned,1,nc-sbe,2026-09-06T15:46:38+00:00
2022,NC,NC-08,2022-11-04,4,125996,14949,7330,118667,44092,44480,310,37115,apportioned,1,nc-sbe,2026-09-06T15:46:38+00:00
2022,NC,NC-08,2022-11-05,3,138065,12070,7823,130243,48370,48313,356,41026,apportioned,1,nc-sbe,2026-09-06T15:46:38+00:00
2022,NC,NC-08,2022-11-06,2,138086,21,7844,130243,48377,48320,357,41033,apportioned,1,nc-sbe,2026-09-06T15:46:38+00:00
2022,NC,NC-08,2022-11-07,1,139188,1101,8944,130243,48789,48591,361,41447,apportioned,1,nc-sbe,2026-09-06T15:46:38+00:00
2022,NC,NC-08,2022-11-08,0,140514,1326,10272,130243,49315,48857,367,41975,apportioned,1,nc-sbe,2026-09-06T15:46:38+00:00
2022,NC,NC-09,2022-09-09,60,2,2,2,0,2,0,0,0,apportioned,1,nc-sbe,2026-09-06T15:46:38+00:00
2022,NC,NC-09,2022-09-10,59,2,0,2,0,2,0,0,0,apportioned,1,nc-sbe,2026-09-06T15:46:38+00:00
2022,NC,NC-09,2022-09-11,58,3,1,3,0,3,0,0,0,apportioned,1,nc-sbe,2026-09-06T15:46:38+00:00
2022,NC,NC-09,2022-09-12,57,15,12,15,0,7,0,0,6,apportioned,1,nc-sbe,2026-09-06T15:46:38+00:00
2022,NC,NC-09,2022-09-13,56,22,8,22,0,12,2,0,7,apportioned,1,nc-sbe,2026-09-06T15:46:38+00:00
2022,NC,NC-09,2022-09-14,55,34,11,34,0,20,3,0,11,apportioned,1,nc-sbe,2026-09-06T15:46:38+00:00
2022,NC,NC-09,2022-09-15,54,57,24,57,0,32,10,0,15,apportioned,1,nc-sbe,2026-09-06T15:46:38+00:00
2022,NC,NC-09,2022-09-16,53,99,42,99,0,56,19,0,25,apportioned,1,nc-sbe,2026-09-06T15:46:38+00:00
2022,NC,NC-09,2022-09-17,52,99,0,99,0,56,19,0,25,apportioned,1,nc-sbe,2026-09-06T15:46:38+00:00
2022,NC,NC-09,2022-09-18,51,99,0,99,0,56,19,0,25,apportioned,1,nc-sbe,2026-09-06T15:46:38+00:00
2022,NC,NC-09,2022-09-19,50,182,81,182,0,95,36,0,49,apportioned,1,nc-sbe,2026-09-06T15:46:38+00:00
2022,NC,NC-09,2022-09-20,49,214,33,214,0,115,42,0,57,apportioned,1,nc-sbe,2026-09-06T15:46:38+00:00
2022,NC,NC-09,2022-09-21,48,310,98,310,0,168,55,1,89,apportioned,1,nc-sbe,2026-09-06T15:46:38+00:00
2022,NC,NC-09,2022-09-22,47,386,75,386,0,209,67,1,110,apportioned,1,nc-sbe,2026-09-06T15:46:38+00:00
2022,NC,NC-09,2022-09-23,46,467,80,467,0,255,82,1,128,apportioned,1,nc-sbe,2026-09-06T15:46:38+00:00
2022,NC,NC-09,2022-09-24,45,480,14,480,0,263,83,1,133,apportioned,1,nc-sbe,2026-09-06T15:46:38+00:00
2022,NC,NC-09,2022-09-25,44,480,0,480,0,263,83,1,133,apportioned,1,nc-sbe,2026-09-06T15:46:38+00:00
2022,NC,NC-09,2022-09-26,43,625,146,625,0,334,115,1,173,apportioned,1,nc-sbe,2026-09-06T15:46:38+00:00
2022,NC,NC-09,2022-09-27,42,657,32,657,0,346,128,1,182,apportioned,1,nc-sbe,2026-09-06T15:46:38+00:00
2022,NC,NC-09,2022-09-28,41,795,138,795,0,415,151,2,227,apportioned,1,nc-sbe,2026-09-06T15:46:38+00:00
2022,NC,NC-09,2022-09-29,40,853,58,853,0,441,162,2,248,apportioned,1,nc-sbe,2026-09-06T15:46:38+00:00
2022,NC,NC-09,2022-09-30,39,921,68,921,0,472,182,2,265,apportioned,1,nc-sbe,2026-09-06T15:46:38+00:00
2022,NC,NC-09,2022-10-01,38,921,0,921,0,472,182,2,265,apportioned,1,nc-sbe,2026-09-06T15:46:38+00:00
2022,NC,NC-09,2022-10-02,37,921,0,921,0,472,182,2,265,apportioned,1,nc-sbe,2026-09-06T15:46:38+00:00
2022,NC,NC-09,2022-10-03,36,1087,165,1087,0,567,205,2,311,apportioned,1,nc-sbe,2026-09-06T15:46:38+00:00
2022,NC,NC-09,2022-10-04,35,1133,47,1133,0,592,211,2,327,apportioned,1,nc-sbe,2026-09-06T15:46:38+00:00
2022,NC,NC-09,2022-10-05,34,1263,130,1263,0,652,228,2,380,apportioned,1,nc-sbe,2026-09-06T15:46:38+00:00
2022,NC,NC-09,2022-10-06,33,1397,135,1397,0,722,253,2,419,apportioned,1,nc-sbe,2026-09-06T15:46:38+00:00
2022,NC,NC-09,2022-10-07,32,1471,74,1471,0,751,269,2,448,apportioned,1,nc-sbe,2026-09-06T15:46:38+00:00
2022,NC,NC-09,2022-10-08,31,1505,34,1505,0,761,275,2,467,apportioned,1,nc-sbe,2026-09-06T15:46:38+00:00
2022,NC,NC-09,2022-10-09,30,1505,0,1505,0,762,275,2,467,apportioned,1,nc-sbe,2026-09-06T15:46:38+00:00
2022,NC,NC-09,2022-10-10,29,1542,38,1542,0,777,284,2,478,apportioned,1,nc-sbe,2026-09-06T15:46:38+00:00
2022,NC,NC-09,2022-10-11,28,1724,181,1724,0,866,319,2,537,apportioned,1,nc-sbe,2026-09-06T15:46:38+00:00
2022,NC,NC-09,2022-10-12,27,1856,132,1856,0,927,337,4,588,apportioned,1,nc-sbe,2026-09-06T15:46:38+00:00
2022,NC,NC-09,2022-10-13,26,2138,282,2138,0,1067,395,4,672,apportioned,1,nc-sbe,2026-09-06T15:46:38+00:00
2022,NC,NC-09,2022-10-14,25,2344,204,2344,0,1157,430,4,752,apportioned,1,nc-sbe,2026-09-06T15:46:38+00:00
2022,NC,NC-09,2022-10-15,24,2358,14,2358,0,1162,431,4,760,apportioned,1,nc-sbe,2026-09-06T15:46:38+00:00
2022,NC,NC-09,2022-10-16,23,2358,0,2358,0,1162,431,4,760,apportioned,1,nc-sbe,2026-09-06T15:46:38+00:00
2022,NC,NC-09,2022-10-17,22,2768,410,2768,0,1351,511,5,900,apportioned,1,nc-sbe,2026-09-06T15:46:38+00:00
2022,NC,NC-09,2022-10-18,21,2867,99,2867,0,1395,537,5,928,apportioned,1,nc-sbe,2026-09-06T15:46:38+00:00
2022,NC,NC-09,2022-10-19,20,3113,245,3113,0,1499,605,5,1003,apportioned,1,nc-sbe,2026-09-06T15:46:38+00:00
2022,NC,NC-09,2022-10-20,19,12833,9721,3413,9420,5077,4251,32,3474,apportioned,1,nc-sbe,2026-09-06T15:46:38+00:00
2022,NC,NC-09,2022-10-21,18,22100,9267,3660,18440,8396,7689,51,5965,apportioned,1,nc-sbe,2026-09-06T15:46:38+00:00
2022,NC,NC-09,2022-10-22,17,23819,1719,3678,20140,9037,8293,53,6435,apportioned,1,nc-sbe,2026-09-06T15:46:38+00:00
2022,NC,NC-09,2022-10-23,16,24755,936,3687,21068,9393,8557,57,6749,apportioned,1,nc-sbe,2026-09-06T15:46:38+00:00
2022,NC,NC-09,2022-10-24,15,35278,10523,4271,31007,13130,12550,78,9520,apportioned,1,nc-sbe,2026-09-06T15:46:38+00:00
2022,NC,NC-09,2022-10-25,14,44919,9640,4505,40415,16523,16257,91,12048,apportioned,1,nc-sbe,2026-09-06T15:46:38+00:00
2022,NC,NC-09,2022-10-26,13,53707,8789,4843,48865,19570,19672,117,14349,apportioned,1,nc-sbe,2026-09-06T15:46:38+00:00
2022,NC,NC-09,2022-10-27,12,62445,8737,5313,57131,22725,22882,135,16703,apportioned,1,nc-sbe,2026-09-06T15:46:38+00:00
2022,NC,NC-09,2022-10-28,11,71956,9511,5658,66298,25991,26530,157,19278,apportioned,1,nc-sbe,2026-09-06T15:46:38+00:00
2022,NC,NC-09,2022-10-29,10,77226,5270,5742,71484,27817,28476,170,20763,apportioned,1,nc-sbe,2026-09-06T15:46:38+00:00
2022,NC,NC-09,2022-10-30,9,79026,1800,5744,73283,28696,28885,174,21272,apportioned,1,nc-sbe,2026-09-06T15:46:38+00:00
2022,NC,NC-09,2022-10-31,8,88177,9151,6425,81751,31804,32329,194,23849,apportioned,1,nc-sbe,2026-09-06T15:46:38+00:00
2022,NC,NC-09,2022-11-01,7,97648,9472,6706,90941,34853,36089,223,26483,apportioned,1,nc-sbe,2026-09-06T15:46:38+00:00
2022,NC,NC-09,2022-11-02,6,107249,9601,7207,100041,38145,39677,258,29169,apportioned,1,nc-sbe,2026-09-06T15:46:38+00:00
2022,NC,NC-09,2022-11-03,5,117909,10661,7709,110200,41813,43684,293,32117,apportioned,1,nc-sbe,2026-09-06T15:46:38+00:00
2022,NC,NC-09,2022-11-04,4,132620,14711,8361,124259,46739,49183,343,36357,apportioned,1,nc-sbe,2026-09-06T15:46:38+00:00
2022,NC,NC-09,2022-11-05,3,144266,11647,8744,135523,51140,52946,391,39791,apportioned,1,nc-sbe,2026-09-06T15:46:38+00:00
2022,NC,NC-09,2022-11-06,2,144271,5,8749,135523,51141,52946,391,39795,apportioned,1,nc-sbe,2026-09-06T15:46:38+00:00
2022,NC,NC-09,2022-11-07,1,145249,976,9725,135523,51541,53179,395,40133,apportioned,1,nc-sbe,2026-09-06T15:46:38+00:00
2022,NC,NC-09,2022-11-08,0,146001,753,10479,135523,51851,53342,400,40407,apportioned,1,nc-sbe,2026-09-06T15:46:38+00:00
2022,NC,NC-10,2022-09-09,60,2,2,2,0,0,0,0,2,apportioned,1,nc-sbe,2026-09-06T15:46:38+00:00
2022,NC,NC-10,2022-09-10,59,2,0,2,0,0,0,0,2,apportioned,1,nc-sbe,2026-09-06T15:46:38+00:00
2022,NC,NC-10,2022-09-11,58,3,1,3,0,1,0,0,2,apportioned,1,nc-sbe,2026-09-06T15:46:38+00:00
2022,NC,NC-10,2022-09-12,57,7,4,7,0,5,0,0,2,apportioned,1,nc-sbe,2026-09-06T15:46:38+00:00
2022,NC,NC-10,2022-09-13,56,7,0,7,0,5,0,0,2,apportioned,1,nc-sbe,2026-09-06T15:46:38+00:00
2022,NC,NC-10,2022-09-14,55,8,1,8,0,5,0,0,3,apportioned,1,nc-sbe,2026-09-06T15:46:38+00:00
2022,NC,NC-10,2022-09-15,54,21,13,21,0,12,0,0,9,apportioned,1,nc-sbe,2026-09-06T15:46:38+00:00
2022,NC,NC-10,2022-09-16,53,38,17,38,0,15,8,0,15,apportioned,1,nc-sbe,2026-09-06T15:46:38+00:00
2022,NC,NC-10,2022-09-17,52,38,0,38,0,15,8,0,15,apportioned,1,nc-sbe,2026-09-06T15:46:38+00:00
2022,NC,NC-10,2022-09-18,51,38,0,38,0,15,8,0,15,apportioned,1,nc-sbe,2026-09-06T15:46:38+00:00
2022,NC,NC-10,2022-09-19,50,127,89,127,0,50,33,0,44,apportioned,1,nc-sbe,2026-09-06T15:46:38+00:00
2022,NC,NC-10,2022-09-20,49,145,18,145,0,57,40,0,49,apportioned,1,nc-sbe,2026-09-06T15:46:38+00:00
2022,NC,NC-10,2022-09-21,48,208,62,208,0,89,54,0,64,apportioned,1,nc-sbe,2026-09-06T15:46:38+00:00
2022,NC,NC-10,2022-09-22,47,294,87,294,0,131,75,1,88,apportioned,1,nc-sbe,2026-09-06T15:46:38+00:00
2022,NC,NC-10,2022-09-23,46,357,63,357,0,164,88,1,104,apportioned,1,nc-sbe,2026-09-06T15:46:38+00:00
2022,NC,NC-10,2022-09-24,45,357,0,357,0,164,88,1,104,apportioned,1,nc-sbe,2026-09-06T15:46:38+00:00
2022,NC,NC-10,2022-09-25,44,357,0,357,0,164,88,1,104,apportioned,1,nc-sbe,2026-09-06T15:46:38+00:00
2022,NC,NC-10,2022-09-26,43,501,144,501,0,223,135,2,141,apportioned,1,nc-sbe,2026-09-06T15:46:38+00:00
2022,NC,NC-10,2022-09-27,42,543,42,543,0,241,140,2,161,apportioned,1,nc-sbe,2026-09-06T15:46:38+00:00
2022,NC,NC-10,2022-09-28,41,664,121,664,0,300,166,2,196,apportioned,1,nc-sbe,2026-09-06T15:46:38+00:00
2022,NC,NC-10,2022-09-29,40,734,70,734,0,327,183,2,222,apportioned,1,nc-sbe,2026-09-06T15:46:38+00:00
2022,NC,NC-10,2022-09-30,39,849,115,849,0,388,201,3,258,apportioned,1,nc-sbe,2026-09-06T15:46:38+00:00
2022,NC,NC-10,2022-10-01,38,849,0,849,0,388,201,3,258,apportioned,1,nc-sbe,2026-09-06T15:46:38+00:00
2022,NC,NC-10,2022-10-02,37,849,0,849,0,388,201,3,258,apportioned,1,nc-sbe,2026-09-06T15:46:38+00:00
2022,NC,NC-10,2022-10-03,36,1025,176,1025,0,474,236,3,312,apportioned,1,nc-sbe,2026-09-06T15:46:38+00:00
2022,NC,NC-10,2022-10-04,35,1058,32,1058,0,487,248,3,320,apportioned,1,nc-sbe,2026-09-06T15:46:38+00:00
2022,NC,NC-10,2022-10-05,34,1184,127,1184,0,553,277,3,351,apportioned,1,nc-sbe,2026-09-06T15:46:38+00:00
2022,NC,NC-10,2022-10-06,33,1341,157,1341,0,618,323,3,397,apportioned,1,nc-sbe,2026-09-06T15:46:38+00:00
2022,NC,NC-10,2022-10-07,32,1513,172,1513,0,687,366,3,456,apportioned,1,nc-sbe,2026-09-06T15:46:38+00:00
2022,NC,NC-10,2022-10-08,31,1514,1,1514,0,687,366,3,457,apportioned,1,nc-sbe,2026-09-06T15:46:38+00:00
2022,NC,NC-10,2022-10-09,30,1514,0,1514,0,687,366,3,457,apportioned,1,nc-sbe,2026-09-06T15:46:38+00:00
2022,NC,NC-10,2022-10-10,29,1655,141,1655,0,752,397,3,503,apportioned,1,nc-sbe,2026-09-06T15:46:38+00:00
2022,NC,NC-10,2022-10-11,28,1909,254,1909,0,865,463,3,578,apportioned,1,nc-sbe,2026-09-06T15:46:38+00:00
2022,NC,NC-10,2022-10-12,27,1949,40,1949,0,886,470,3,590,apportioned,1,nc-sbe,2026-09-06T15:46:38+00:00
2022,NC,NC-10,2022-10-13,26,2338,389,2338,0,1041,571,3,723,apportioned,1,nc-sbe,2026-09-06T15:46:38+00:00
2022,NC,NC-10,2022-10-14,25,2492,154,2492,0,1120,600,5,767,apportioned,1,nc-sbe,2026-09-06T15:46:38+00:00
2022,NC,NC-10,2022-10-15,24,2492,1,2492,0,1121,600,5,767,apportioned,1,nc-sbe,2026-09-06T15:46:38+00:00
2022,NC,NC-10,2022-10-16,23,2492,0,2492,0,1121,600,5,767,apportioned,1,nc-sbe,2026-09-06T15:46:38+00:00
2022,NC,NC-10,2022-10-17,22,2891,398,2891,0,1292,694,6,899,apportioned,1,nc-sbe,2026-09-06T15:46:38+00:00
2022,NC,NC-10,2022-10-18,21,2962,71,2962,0,1322,711,6,923,apportioned,1,nc-sbe,2026-09-06T15:46:38+00:00
2022,NC,NC-10,2022-10-19,20,3307,346,3307,0,1472,784,7,1045,apportioned,1,nc-sbe,2026-09-06T15:46:38+00:00
2022,NC,NC-10,2022-10-20,19,13825,10517,3552,10272,4702,5163,22,3937,apportioned,1,nc-sbe,2026-09-06T15:46:38+00:00
2022,NC,NC-10,2022-10-21,18,23742,9917,3858,19884,7687,9296,34,6724,apportioned,1,nc-sbe,2026-09-06T15:46:38+00:00
2022,NC,NC-10,2022-10-22,17,24704,962,3944,20760,7941,9698,37,7027,apportioned,1,nc-sbe,2026-09-06T15:46:38+00:00
2022,NC,NC-10,2022-10-23,16,25496,793,3944,21552,8159,10030,40,7267,apportioned,1,nc-sbe,2026-09-06T15:46:38+00:00
2022,NC,NC-10,2022-10-24,15,36510,11013,4550,31959,11426,14567,52,10464,apportioned,1,nc-sbe,2026-09-06T15:46:38+00:00
2022,NC,NC-10,2022-10-25,14,46337,9827,4701,41636,14301,18728,79,13229,apportioned,1,nc-sbe,2026-09-06T15:46:38+00:00
2022,NC,NC-10,2022-10-26,13,55732,9395,5303,50429,17036,22686,95,15915,apportioned,1,nc-sbe,2026-09-06T15:46:38+00:00
2022,NC,NC-10,2022-10-27,12,64226,8494,5654,58572,19530,26241,118,18337,apportioned,1,nc-sbe,2026-09-06T15:46:38+00:00
2022,NC,NC-10,2022-10-28,11,74462,10237,6144,68318,22417,30611,143,21290,apportioned,1,nc-sbe,2026-09-06T15:46:38+00:00
2022,NC,NC-10,2022-10-29,10,79527,5064,6252,73274,24023,32570,162,22771,apportioned,1,nc-sbe,2026-09-06T15:46:38+00:00
2022,NC,NC-10,2022-10-30,9,81553,2026,6265,75288,24735,33243,166,23409,apportioned,1,nc-sbe,2026-09-06T15:46:38+00:00
2022,NC,NC-10,2022-10-31,8,90854,9302,6996,83859,27255,37324,187,26087,apportioned,1,nc-sbe,2026-09-06T15:46:38+00:00
2022,NC,NC-10,2022-11-01,7,101402,10548,7344,94059,30174,41891,215,29123,apportioned,1,nc-sbe,2026-09-06T15:46:38+00:00
2022,NC,NC-10,2022-11-02,6,112130,10728,8073,104057,33042,46527,253,32308,apportioned,1,nc-sbe,2026-09-06T15:46:38+00:00
2022,NC,NC-10,2022-11-03,5,124093,11963,8739,115354,36393,51590,293,35816,apportioned,1,nc-sbe,2026-09-06T15:46:38+00:00
2022,NC,NC-10,2022-11-04,4,139930,15837,9541,130389,40651,58196,357,40726,apportioned,1,nc-sbe,2026-09-06T15:46:38+00:00
2022,NC,NC-10,2022-11-05,3,152248,12317,9930,142317,44172,62999,398,44679,apportioned,1,nc-sbe,2026-09-06T15:46:38+00:00
2022,NC,NC-10,2022-11-06,2,152261,14,9944,142317,44178,63001,398,44685,apportioned,1,nc-sbe,2026-09-06T15:46:38+00:00
2022,NC,NC-10,2022-11-07,1,153426,1165,11109,142317,44636,63278,400,45112,apportioned,1,nc-sbe,2026-09-06T15:46:38+00:00
2022,NC,NC-10,2022-11-08,0,154256,830,11939,142317,44967,63442,404,45444,apportioned,1,nc-sbe,2026-09-06T15:46:38+00:00
2022,NC,NC-11,2022-09-09,60,7,7,7,0,5,0,0,2,apportioned,1,nc-sbe,2026-09-06T15:46:38+00:00
2022,NC,NC-11,2022-09-10,59,11,4,11,0,7,0,0,4,apportioned,1,nc-sbe,2026-09-06T15:46:38+00:00
2022,NC,NC-11,2022-09-11,58,15,4,15,0,8,2,0,5,apportioned,1,nc-sbe,2026-09-06T15:46:38+00:00
2022,NC,NC-11,2022-09-12,57,29,14,29,0,18,2,0,9,apportioned,1,nc-sbe,2026-09-06T15:46:38+00:00
2022,NC,NC-11,2022-09-13,56,34,5,34,0,19,2,0,13,apportioned,1,nc-sbe,2026-09-06T15:46:38+00:00
2022,NC,NC-11,2022-09-14,55,70,36,70,0,39,7,0,24,apportioned,1,nc-sbe,2026-09-06T15:46:38+00:00
2022,NC,NC-11,2022-09-15,54,107,37,107,0,56,12,0,39,apportioned,1,nc-sbe,2026-09-06T15:46:38+00:00
2022,NC,NC-11,2022-09-16,53,169,62,169,0,80,30,1,58,apportioned,1,nc-sbe,2026-09-06T15:46:38+00:00
2022,NC,NC-11,2022-09-17,52,174,5,174,0,85,30,1,58,apportioned,1,nc-sbe,2026-09-06T15:46:38+00:00
2022,NC,NC-11,2022-09-18,51,175,1,175,0,86,30,1,58,apportioned,1,nc-sbe,2026-09-06T15:46:38+00:00
2022,NC,NC-11,2022-09-19,50,266,91,266,0,130,50,1,85,apportioned,1,nc-sbe,2026-09-06T15:46:38+00:00
2022,NC,NC-11,2022-09-20,49,354,88,354,0,182,64,1,107,apportioned,1,nc-sbe,2026-09-06T15:46:38+00:00
2022,NC,NC-11,2022-09-21,48,444,90,444,0,227,87,1,129,apportioned,1,nc-sbe,2026-09-06T15:46:38+00:00
2022,NC,NC-11,2022-09-22,47,571,127,571,0,272,117,1,180,apportioned,1,nc-sbe,2026-09-06T15:46:38+00:00
2022,NC,NC-11,2022-09-23,46,625,55,625,0,305,131,1,189,apportioned,1,nc-sbe,2026-09-06T15:46:38+00:00
2022,NC,NC-11,2022-09-24,45,626,1,626,0,306,131,1,189,apportioned,1,nc-sbe,2026-09-06T15:46:38+00:00
2022,NC,NC-11,2022-09-25,44,629,3,629,0,307,131,1,191,apportioned,1,nc-sbe,2026-09-06T15:46:38+00:00
2022,NC,NC-11,2022-09-26,43,737,108,737,0,360,150,1,226,apportioned,1,nc-sbe,2026-09-06T15:46:38+00:00
2022,NC,NC-11,2022-09-27,42,884,147,884,0,432,171,1,281,apportioned,1,nc-sbe,2026-09-06T15:46:38+00:00
2022,NC,NC-11,2022-09-28,41,1067,182,1067,0,534,194,2,337,apportioned,1,nc-sbe,2026-09-06T15:46:38+00:00
2022,NC,NC-11,2022-09-29,40,1192,125,1192,0,588,216,3,385,apportioned,1,nc-sbe,2026-09-06T15:46:38+00:00
2022,NC,NC-11,2022-09-30,39,1334,142,1334,0,656,241,3,434,apportioned,1,nc-sbe,2026-09-06T15:46:38+00:00
2022,NC,NC-11,2022-10-01,38,1343,9,1343,0,662,243,3,435,apportioned,1,nc-sbe,2026-09-06T15:46:38+00:00
2022,NC,NC-11,2022-10-02,37,1348,5,1348,0,667,243,3,435,apportioned,1,nc-sbe,2026-09-06T15:46:38+00:00
2022,NC,NC-11,2022-10-03,36,1548,201,1548,0,762,278,3,505,apportioned,1,nc-sbe,2026-09-06T15:46:38+00:00
2022,NC,NC-11,2022-10-04,35,1662,114,1662,0,809,296,3,553,apportioned,1,nc-sbe,2026-09-06T15:46:38+00:00
2022,NC,NC-11,2022-10-05,34,1844,182,1844,0,899,327,3,614,apportioned,1,nc-sbe,2026-09-06T15:46:38+00:00
2022,NC,NC-11,2022-10-06,33,2035,191,2035,0,996,361,3,675,apportioned,1,nc-sbe,2026-09-06T15:46:38+00:00
2022,NC,NC-11,2022-10-07,32,2170,135,2170,0,1058,383,3,727,apportioned,1,nc-sbe,2026-09-06T15:46:38+00:00
2022,NC,NC-11,2022-10-08,31,2180,10,2180,0,1065,383,3,730,apportioned,1,nc-sbe,2026-09-06T15:46:38+00:00
2022,NC,NC-11,2022-10-09,30,2180,0,2180,0,1065,383,3,730,apportioned,1,nc-sbe,2026-09-06T15:46:38+00:00
2022,NC,NC-11,2022-10-10,29,2372,192,2372,0,1145,419,3,805,apportioned,1,nc-sbe,2026-09-06T15:46:38+00:00
2022,NC,NC-11,2022-10-11,28,2642,270,2642,0,1267,473,3,899,apportioned,1,nc-sbe,2026-09-06T15:46:38+00:00
2022,NC,NC-11,2022-10-12,27,2871,229,2871,0,1391,501,3,977,apportioned,1,nc-sbe,2026-09-06T15:46:38+00:00
2022,NC,NC-11,2022-10-13,26,3175,303,3175,0,1520,557,3,1095,apportioned,1,nc-sbe,2026-09-06T15:46:38+00:00
2022,NC,NC-11,2022-10-14,25,3471,296,3471,0,1640,613,3,1214,apportioned,1,nc-sbe,2026-09-06T15:46:38+00:00
2022,NC,NC-11,2022-10-15,24,3492,21,3492,0,1652,616,3,1220,apportioned,1,nc-sbe,2026-09-06T15:46:38+00:00
2022,NC,NC-11,2022-10-16,23,3499,7,3499,0,1655,619,3,1221,apportioned,1,nc-sbe,2026-09-06T15:46:38+00:00
2022,NC,NC-11,2022-10-17,22,4003,504,4003,0,1892,702,3,1406,apportioned,1,nc-sbe,2026-09-06T15:46:38+00:00
2022,NC,NC-11,2022-10-18,21,4362,359,4362,0,2045,776,3,1537,apportioned,1,nc-sbe,2026-09-06T15:46:38+00:00
2022,NC,NC-11,2022-10-19,20,4752,390,4752,0,2215,844,4,1689,apportioned,1,nc-sbe,2026-09-06T15:46:38+00:00
2022,NC,NC-11,2022-10-20,19,18376,13624,5149,13227,6937,5175,22,6243,apportioned,1,nc-sbe,2026-09-06T15:46:38+00:00
2022,NC,NC-11,2022-10-21,18,32097,13721,5625,26472,11744,9400,41,10912,apportioned,1,nc-sbe,2026-09-06T15:46:38+00:00
2022,NC,NC-11,2022-10-22,17,32731,633,5654,27077,11912,9646,44,11128,apportioned,1,nc-sbe,2026-09-06T15:46:38+00:00
2022,NC,NC-11,2022-10-23,16,32740,9,5663,27077,11919,9646,44,11130,apportioned,1,nc-sbe,2026-09-06T15:46:38+00:00
2022,NC,NC-11,2022-10-24,15,47541,14802,6470,41072,16977,14351,75,16138,apportioned,1,nc-sbe,2026-09-06T15:46:38+00:00
2022,NC,NC-11,2022-10-25,14,61649,14107,7083,54566,21692,18743,111,21103,apportioned,1,nc-sbe,2026-09-06T15:46:38+00:00
2022,NC,NC-11,2022-10-26,13,74892,13243,7639,67253,26149,23005,133,25604,apportioned,1,nc-sbe,2026-09-06T15:46:38+00:00
2022,NC,NC-11,2022-10-27,12,87593,12701,8369,79224,30416,26961,163,30052,apportioned,1,nc-sbe,2026-09-06T15:46:38+00:00
2022,NC,NC-11,2022-10-28,11,101319,13726,9139,92180,34913,31295,204,34908,apportioned,1,nc-sbe,2026-09-06T15:46:38+00:00
2022,NC,NC-11,2022-10-29,10,104922,3603,9333,95590,36279,32197,217,36229,apportioned,1,nc-sbe,2026-09-06T15:46:38+00:00
2022,NC,NC-11,2022-10-30,9,106356,1434,9356,97001,36952,32373,221,36810,apportioned,1,nc-sbe,2026-09-06T15:46:38+00:00
2022,NC,NC-11,2022-10-31,8,119437,13081,10209,109228,41071,36642,255,41469,apportioned,1,nc-sbe,2026-09-06T15:46:38+00:00
2022,NC,NC-11,2022-11-01,7,132936,13499,11004,121932,45317,41034,301,46283,apportioned,1,nc-sbe,2026-09-06T15:46:38+00:00
2022,NC,NC-11,2022-11-02,6,146343,13407,11733,134610,49623,45228,339,51153,apportioned,1,nc-sbe,2026-09-06T15:46:38+00:00
2022,NC,NC-11,2022-11-03,5,161293,14950,12458,148835,54350,49981,389,56572,apportioned,1,nc-sbe,2026-09-06T15:46:38+00:00
2022,NC,NC-11,2022-11-04,4,180864,19571,13124,167740,60448,56147,461,63809,apportioned,1,nc-sbe,2026-09-06T15:46:38+00:00
2022,NC,NC-11,2022-11-05,3,194966,14102,13858,181108,65045,60278,511,69132,apportioned,1,nc-sbe,2026-09-06T15:46:38+00:00
2022,NC,NC-11,2022-11-06,2,194987,21,13879,181108,65055,60278,512,69142,apportioned,1,nc-sbe,2026-09-06T15:46:38+00:00
2022,NC,NC-11,2022-11-07,1,196122,1135,15014,181108,65523,60507,519,69572,apportioned,1,nc-sbe,2026-09-06T15:46:38+00:00
2022,NC,NC-11,2022-11-08,0,197167,1045,16058,181108,65943,60659,528,70036,apportioned,1,nc-sbe,2026-09-06T15:46:38+00:00
2022,NC,NC-12,2022-09-09,60,1,1,1,0,0,0,0,1,apportioned,1,nc-sbe,2026-09-06T15:46:38+00:00
2022,NC,NC-12,2022-09-10,59,1,0,1,0,0,0,0,1,apportioned,1,nc-sbe,2026-09-06T15:46:38+00:00
2022,NC,NC-12,2022-09-11,58,1,0,1,0,0,0,0,1,apportioned,1,nc-sbe,2026-09-06T15:46:38+00:00
2022,NC,NC-12,2022-09-12,57,8,7,8,0,4,0,0,4,apportioned,1,nc-sbe,2026-09-06T15:46:38+00:00
2022,NC,NC-12,2022-09-13,56,14,6,14,0,5,1,0,9,apportioned,1,nc-sbe,2026-09-06T15:46:38+00:00
2022,NC,NC-12,2022-09-14,55,44,30,44,0,20,4,0,20,apportioned,1,nc-sbe,2026-09-06T15:46:38+00:00
2022,NC,NC-12,2022-09-15,54,47,3,47,0,21,4,0,22,apportioned,1,nc-sbe,2026-09-06T15:46:38+00:00
2022,NC,NC-12,2022-09-16,53,118,70,118,0,65,11,0,42,apportioned,1,nc-sbe,2026-09-06T15:46:38+00:00
2022,NC,NC-12,2022-09-17,52,118,0,118,0,65,11,0,42,apportioned,1,nc-sbe,2026-09-06T15:46:38+00:00
2022,NC,NC-12,2022-09-18,51,118,0,118,0,65,11,0,42,apportioned,1,nc-sbe,2026-09-06T15:46:38+00:00
2022,NC,NC-12,2022-09-19,50,231,113,231,0,115,30,0,85,apportioned,1,nc-sbe,2026-09-06T15:46:38+00:00
2022,NC,NC-12,2022-09-20,49,245,14,245,0,125,30,0,90,apportioned,1,nc-sbe,2026-09-06T15:46:38+00:00
2022,NC,NC-12,2022-09-21,48,341,95,341,0,175,43,0,123,apportioned,1,nc-sbe,2026-09-06T15:46:38+00:00
2022,NC,NC-12,2022-09-22,47,392,52,392,0,208,48,0,136,apportioned,1,nc-sbe,2026-09-06T15:46:38+00:00
2022,NC,NC-12,2022-09-23,46,511,119,511,0,278,59,0,174,apportioned,1,nc-sbe,2026-09-06T15:46:38+00:00
2022,NC,NC-12,2022-09-24,45,511,0,511,0,278,59,0,174,apportioned,1,nc-sbe,2026-09-06T15:46:38+00:00
2022,NC,NC-12,2022-09-25,44,511,0,511,0,278,59,0,174,apportioned,1,nc-sbe,2026-09-06T15:46:38+00:00
2022,NC,NC-12,2022-09-26,43,677,166,677,0,372,81,0,224,apportioned,1,nc-sbe,2026-09-06T15:46:38+00:00
2022,NC,NC-12,2022-09-27,42,718,41,718,0,395,85,0,238,apportioned,1,nc-sbe,2026-09-06T15:46:38+00:00
2022,NC,NC-12,2022-09-28,41,856,138,856,0,468,101,0,287,apportioned,1,nc-sbe,2026-09-06T15:46:38+00:00
2022,NC,NC-12,2022-09-29,40,949,93,949,0,512,118,0,318,apportioned,1,nc-sbe,2026-09-06T15:46:38+00:00
2022,NC,NC-12,2022-09-30,39,1066,117,1066,0,566,136,0,363,apportioned,1,nc-sbe,2026-09-06T15:46:38+00:00
2022,NC,NC-12,2022-10-01,38,1066,0,1066,0,566,136,0,363,apportioned,1,nc-sbe,2026-09-06T15:46:38+00:00
2022,NC,NC-12,2022-10-02,37,1066,0,1066,0,566,136,0,363,apportioned,1,nc-sbe,2026-09-06T15:46:38+00:00
2022,NC,NC-12,2022-10-03,36,1204,138,1204,0,627,156,1,420,apportioned,1,nc-sbe,2026-09-06T15:46:38+00:00
2022,NC,NC-12,2022-10-04,35,1252,49,1252,0,655,162,1,434,apportioned,1,nc-sbe,2026-09-06T15:46:38+00:00
2022,NC,NC-12,2022-10-05,34,1443,191,1443,0,746,198,1,499,apportioned,1,nc-sbe,2026-09-06T15:46:38+00:00
2022,NC,NC-12,2022-10-06,33,1478,35,1478,0,760,200,1,517,apportioned,1,nc-sbe,2026-09-06T15:46:38+00:00
2022,NC,NC-12,2022-10-07,32,1707,229,1707,0,884,231,2,589,apportioned,1,nc-sbe,2026-09-06T15:46:38+00:00
2022,NC,NC-12,2022-10-08,31,1707,0,1707,0,884,231,2,589,apportioned,1,nc-sbe,2026-09-06T15:46:38+00:00
2022,NC,NC-12,2022-10-09,30,1707,0,1707,0,884,231,2,589,apportioned,1,nc-sbe,2026-09-06T15:46:38+00:00
2022,NC,NC-12,2022-10-10,29,1798,91,1798,0,934,244,2,617,apportioned,1,nc-sbe,2026-09-06T15:46:38+00:00
2022,NC,NC-12,2022-10-11,28,1981,183,1981,0,1029,272,2,679,apportioned,1,nc-sbe,2026-09-06T15:46:38+00:00
2022,NC,NC-12,2022-10-12,27,2076,95,2076,0,1081,284,2,709,apportioned,1,nc-sbe,2026-09-06T15:46:38+00:00
2022,NC,NC-12,2022-10-13,26,2098,22,2098,0,1093,286,2,715,apportioned,1,nc-sbe,2026-09-06T15:46:38+00:00
2022,NC,NC-12,2022-10-14,25,2694,596,2694,0,1380,379,3,931,apportioned,1,nc-sbe,2026-09-06T15:46:38+00:00
2022,NC,NC-12,2022-10-15,24,2694,0,2694,0,1380,379,3,931,apportioned,1,nc-sbe,2026-09-06T15:46:38+00:00
2022,NC,NC-12,2022-10-16,23,2694,0,2694,0,1380,379,3,931,apportioned,1,nc-sbe,2026-09-06T15:46:38+00:00
2022,NC,NC-12,2022-10-17,22,2890,196,2890,0,1477,409,3,1001,apportioned,1,nc-sbe,2026-09-06T15:46:38+00:00
2022,NC,NC-12,2022-10-18,21,3148,258,3148,0,1608,448,3,1089,apportioned,1,nc-sbe,2026-09-06T15:46:38+00:00
2022,NC,NC-12,2022-10-19,20,3573,425,3573,0,1806,521,5,1241,apportioned,1,nc-sbe,2026-09-06T15:46:38+00:00
2022,NC,NC-12,2022-10-20,19,10554,6981,3799,6756,5033,2210,21,3291,apportioned,1,nc-sbe,2026-09-06T15:46:38+00:00
2022,NC,NC-12,2022-10-21,18,17510,6955,4120,13389,8147,3860,32,5470,apportioned,1,nc-sbe,2026-09-06T15:46:38+00:00
2022,NC,NC-12,2022-10-22,17,21266,3756,4120,17146,9982,4582,44,6658,apportioned,1,nc-sbe,2026-09-06T15:46:38+00:00
2022,NC,NC-12,2022-10-23,16,23232,1966,4120,19111,10951,4951,48,7282,apportioned,1,nc-sbe,2026-09-06T15:46:38+00:00
2022,NC,NC-12,2022-10-24,15,30620,7389,4479,26141,14313,6745,62,9501,apportioned,1,nc-sbe,2026-09-06T15:46:38+00:00
2022,NC,NC-12,2022-10-25,14,37817,7196,4991,32826,17510,8543,75,11688,apportioned,1,nc-sbe,2026-09-06T15:46:38+00:00
2022,NC,NC-12,2022-10-26,13,44321,6504,5288,39032,20415,10120,90,13696,apportioned,1,nc-sbe,2026-09-06T15:46:38+00:00
2022,NC,NC-12,2022-10-27,12,51345,7024,6015,45329,23677,11691,108,15869,apportioned,1,nc-sbe,2026-09-06T15:46:38+00:00
2022,NC,NC-12,2022-10-28,11,58967,7622,6401,52566,27181,13334,133,18320,apportioned,1,nc-sbe,2026-09-06T15:46:38+00:00
2022,NC,NC-12,2022-10-29,10,63714,4747,6401,57313,29504,14213,148,19849,apportioned,1,nc-sbe,2026-09-06T15:46:38+00:00
2022,NC,NC-12,2022-10-30,9,66274,2560,6401,59873,30749,14677,157,20692,apportioned,1,nc-sbe,2026-09-06T15:46:38+00:00
2022,NC,NC-12,2022-10-31,8,73704,7430,7060,66643,34058,16367,176,23103,apportioned,1,nc-sbe,2026-09-06T15:46:38+00:00
2022,NC,NC-12,2022-11-01,7,82387,8684,7946,74442,37887,18454,202,25845,apportioned,1,nc-sbe,2026-09-06T15:46:38+00:00
2022,NC,NC-12,2022-11-02,6,91045,8658,8609,82436,41731,20438,241,28636,apportioned,1,nc-sbe,2026-09-06T15:46:38+00:00
2022,NC,NC-12,2022-11-03,5,101042,9997,9293,91750,46126,22704,282,31930,apportioned,1,nc-sbe,2026-09-06T15:46:38+00:00
2022,NC,NC-12,2022-11-04,4,114290,13248,9741,104549,52127,25407,334,36423,apportioned,1,nc-sbe,2026-09-06T15:46:38+00:00
2022,NC,NC-12,2022-11-05,3,126350,12059,11095,115254,57980,27363,394,40612,apportioned,1,nc-sbe,2026-09-06T15:46:38+00:00
2022,NC,NC-12,2022-11-06,2,126350,0,11095,115254,57980,27363,394,40612,apportioned,1,nc-sbe,2026-09-06T15:46:38+00:00
2022,NC,NC-12,2022-11-07,1,127277,928,12023,115254,58386,27500,400,40992,apportioned,1,nc-sbe,2026-09-06T15:46:38+00:00
2022,NC,NC-12,2022-11-08,0,129447,2170,14193,115254,59245,27822,409,41971,apportioned,1,nc-sbe,2026-09-06T15:46:38+00:00
2022,NC,NC-13,2022-09-10,59,6,6,6,0,4,0,0,1,apportioned,1,nc-sbe,2026-09-06T15:46:38+00:00
2022,NC,NC-13,2022-09-11,58,6,0,6,0,4,0,0,1,apportioned,1,nc-sbe,2026-09-06T15:46:38+00:00
2022,NC,NC-13,2022-09-12,57,11,5,11,0,8,1,0,2,apportioned,1,nc-sbe,2026-09-06T15:46:38+00:00
2022,NC,NC-13,2022-09-13,56,16,5,16,0,12,2,0,3,apportioned,1,nc-sbe,2026-09-06T15:46:38+00:00
2022,NC,NC-13,2022-09-14,55,44,29,44,0,31,4,1,8,apportioned,1,nc-sbe,2026-09-06T15:46:38+00:00
2022,NC,NC-13,2022-09-15,54,82,37,82,0,53,10,1,17,apportioned,1,nc-sbe,2026-09-06T15:46:38+00:00
2022,NC,NC-13,2022-09-16,53,137,56,137,0,88,19,1,29,apportioned,1,nc-sbe,2026-09-06T15:46:38+00:00
2022,NC,NC-13,2022-09-17,52,137,0,137,0,88,19,1,29,apportioned,1,nc-sbe,2026-09-06T15:46:38+00:00
2022,NC,NC-13,2022-09-18,51,137,0,137,0,88,19,1,29,apportioned,1,nc-sbe,2026-09-06T15:46:38+00:00
2022,NC,NC-13,2022-09-19,50,268,132,268,0,156,34,2,77,apportioned,1,nc-sbe,2026-09-06T15:46:38+00:00
2022,NC,NC-13,2022-09-20,49,282,14,282,0,162,36,2,83,apportioned,1,nc-sbe,2026-09-06T15:46:38+00:00
2022,NC,NC-13,2022-09-21,48,360,77,360,0,207,43,2,106,apportioned,1,nc-sbe,2026-09-06T15:46:38+00:00
2022,NC,NC-13,2022-09-22,47,442,81,442,0,248,52,2,139,apportioned,1,nc-sbe,2026-09-06T15:46:38+00:00
2022,NC,NC-13,2022-09-23,46,524,82,524,0,288,68,3,163,apportioned,1,nc-sbe,2026-09-06T15:46:38+00:00
2022,NC,NC-13,2022-09-24,45,524,0,524,0,288,68,3,163,apportioned,1,nc-sbe,2026-09-06T15:46:38+00:00
2022,NC,NC-13,2022-09-25,44,524,0,524,0,288,68,3,163,apportioned,1,nc-sbe,2026-09-06T15:46:38+00:00
2022,NC,NC-13,2022-09-26,43,710,186,710,0,389,105,3,213,apportioned,1,nc-sbe,2026-09-06T15:46:38+00:00
2022,NC,NC-13,2022-09-27,42,727,17,727,0,394,106,3,225,apportioned,1,nc-sbe,2026-09-06T15:46:38+00:00
2022,NC,NC-13,2022-09-28,41,899,171,899,0,491,131,3,274,apportioned,1,nc-sbe,2026-09-06T15:46:38+00:00
2022,NC,NC-13,2022-09-29,40,966,67,966,0,526,141,3,297,apportioned,1,nc-sbe,2026-09-06T15:46:38+00:00
2022,NC,NC-13,2022-09-30,39,1008,42,1008,0,547,144,3,315,apportioned,1,nc-sbe,2026-09-06T15:46:38+00:00
2022,NC,NC-13,2022-10-01,38,1008,0,1008,0,547,144,3,315,apportioned,1,nc-sbe,2026-09-06T15:46:38+00:00
2022,NC,NC-13,2022-10-02,37,1008,0,1008,0,547,144,3,315,apportioned,1,nc-sbe,2026-09-06T15:46:38+00:00
2022,NC,NC-13,2022-10-03,36,1180,172,1180,0,636,168,4,373,apportioned,1,nc-sbe,2026-09-06T15:46:38+00:00
2022,NC,NC-13,2022-10-04,35,1224,44,1224,0,656,174,4,390,apportioned,1,nc-sbe,2026-09-06T15:46:38+00:00
2022,NC,NC-13,2022-10-05,34,1390,166,1390,0,741,199,4,446,apportioned,1,nc-sbe,2026-09-06T15:46:38+00:00
2022,NC,NC-13,2022-10-06,33,1536,146,1536,0,808,224,4,500,apportioned,1,nc-sbe,2026-09-06T15:46:38+00:00
2022,NC,NC-13,2022-10-07,32,1660,125,1660,0,866,239,4,551,apportioned,1,nc-sbe,2026-09-06T15:46:38+00:00
2022,NC,NC-13,2022-10-08,31,1714,54,1714,0,892,245,4,573,apportioned,1,nc-sbe,2026-09-06T15:46:38+00:00
2022,NC,NC-13,2022-10-09,30,1714,0,1714,0,892,245,4,573,apportioned,1,nc-sbe,2026-09-06T15:46:38+00:00
2022,NC,NC-13,2022-10-10,29,1806,92,1806,0,938,261,7,599,apportioned,1,nc-sbe,2026-09-06T15:46:38+00:00
2022,NC,NC-13,2022-10-11,28,1970,164,1970,0,1012,295,7,655,apportioned,1,nc-sbe,2026-09-06T15:46:38+00:00
2022,NC,NC-13,2022-10-12,27,2053,83,2053,0,1056,308,7,682,apportioned,1,nc-sbe,2026-09-06T15:46:38+00:00
2022,NC,NC-13,2022-10-13,26,2401,348,2401,0,1212,363,8,818,apportioned,1,nc-sbe,2026-09-06T15:46:38+00:00
2022,NC,NC-13,2022-10-14,25,2557,157,2557,0,1280,394,8,876,apportioned,1,nc-sbe,2026-09-06T15:46:38+00:00
2022,NC,NC-13,2022-10-15,24,2641,84,2641,0,1318,410,8,906,apportioned,1,nc-sbe,2026-09-06T15:46:38+00:00
2022,NC,NC-13,2022-10-16,23,2641,0,2641,0,1318,410,8,906,apportioned,1,nc-sbe,2026-09-06T15:46:38+00:00
2022,NC,NC-13,2022-10-17,22,3020,379,3020,0,1491,482,9,1038,apportioned,1,nc-sbe,2026-09-06T15:46:38+00:00
2022,NC,NC-13,2022-10-18,21,3095,76,3095,0,1530,492,9,1065,apportioned,1,nc-sbe,2026-09-06T15:46:38+00:00
2022,NC,NC-13,2022-10-19,20,3340,245,3340,0,1645,531,9,1156,apportioned,1,nc-sbe,2026-09-06T15:46:38+00:00
2022,NC,NC-13,2022-10-20,19,13162,9822,3711,9452,5547,3629,28,3958,apportioned,1,nc-sbe,2026-09-06T15:46:38+00:00
2022,NC,NC-13,2022-10-21,18,22585,9422,4011,18574,9197,6520,50,6818,apportioned,1,nc-sbe,2026-09-06T15:46:38+00:00
2022,NC,NC-13,2022-10-22,17,27389,4804,4204,23184,11099,7928,60,8302,apportioned,1,nc-sbe,2026-09-06T15:46:38+00:00
2022,NC,NC-13,2022-10-23,16,29062,1673,4205,24856,11875,8318,63,8805,apportioned,1,nc-sbe,2026-09-06T15:46:38+00:00
2022,NC,NC-13,2022-10-24,15,38879,9818,4691,34188,15834,11337,91,11617,apportioned,1,nc-sbe,2026-09-06T15:46:38+00:00
2022,NC,NC-13,2022-10-25,14,47929,9049,4957,42972,19347,14189,123,14269,apportioned,1,nc-sbe,2026-09-06T15:46:38+00:00
2022,NC,NC-13,2022-10-26,13,56647,8719,5299,51349,22785,16985,152,16725,apportioned,1,nc-sbe,2026-09-06T15:46:38+00:00
2022,NC,NC-13,2022-10-27,12,65464,8817,5952,59513,26243,19744,169,19310,apportioned,1,nc-sbe,2026-09-06T15:46:38+00:00
2022,NC,NC-13,2022-10-28,11,75237,9773,6440,68798,29888,22943,197,22210,apportioned,1,nc-sbe,2026-09-06T15:46:38+00:00
2022,NC,NC-13,2022-10-29,10,81258,6021,6806,74453,32125,24885,219,24029,apportioned,1,nc-sbe,2026-09-06T15:46:38+00:00
2022,NC,NC-13,2022-10-30,9,83437,2179,6814,76625,33017,25439,224,24758,apportioned,1,nc-sbe,2026-09-06T15:46:38+00:00
2022,NC,NC-13,2022-10-31,8,92585,9148,7379,85206,36476,28422,254,27435,apportioned,1,nc-sbe,2026-09-06T15:46:38+00:00
2022,NC,NC-13,2022-11-01,7,102080,9494,7626,94455,39936,31585,279,30280,apportioned,1,nc-sbe,2026-09-06T15:46:38+00:00
2022,NC,NC-13,2022-11-02,6,112056,9977,8074,103982,43597,34876,314,33270,apportioned,1,nc-sbe,2026-09-06T15:46:38+00:00
2022,NC,NC-13,2022-11-03,5,124084,12027,8950,115134,47861,38794,359,37071,apportioned,1,nc-sbe,2026-09-06T15:46:38+00:00
2022,NC,NC-13,2022-11-04,4,140782,16698,9775,131007,53502,44467,434,42379,apportioned,1,nc-sbe,2026-09-06T15:46:38+00:00
2022,NC,NC-13,2022-11-05,3,155490,14708,10278,145212,58946,48929,511,47104,apportioned,1,nc-sbe,2026-09-06T15:46:38+00:00
2022,NC,NC-13,2022-11-06,2,155943,453,10732,145212,59112,48999,513,47319,apportioned,1,nc-sbe,2026-09-06T15:46:38+00:00
2022,NC,NC-13,2022-11-07,1,156876,933,11664,145212,59500,49212,522,47642,apportioned,1,nc-sbe,2026-09-06T15:46:38+00:00
2022,NC,NC-13,2022-11-08,0,158204,1329,12993,145212,60048,49442,528,48186,apportioned,1,nc-sbe,2026-09-06T15:46:38+00:00
2022,NC,NC-14,2022-09-09,60,2,2,2,0,0,1,0,1,apportioned,1,nc-sbe,2026-09-06T15:46:38+00:00
2022,NC,NC-14,2022-09-10,59,2,0,2,0,0,1,0,1,apportioned,1,nc-sbe,2026-09-06T15:46:38+00:00
2022,NC,NC-14,2022-09-11,58,2,0,2,0,0,1,0,1,apportioned,1,nc-sbe,2026-09-06T15:46:38+00:00
2022,NC,NC-14,2022-09-12,57,6,5,6,0,2,1,0,3,apportioned,1,nc-sbe,2026-09-06T15:46:38+00:00
2022,NC,NC-14,2022-09-13,56,12,6,12,0,4,3,0,4,apportioned,1,nc-sbe,2026-09-06T15:46:38+00:00
2022,NC,NC-14,2022-09-14,55,29,17,29,0,10,7,0,12,apportioned,1,nc-sbe,2026-09-06T15:46:38+00:00
2022,NC,NC-14,2022-09-15,54,34,5,34,0,14,8,0,12,apportioned,1,nc-sbe,2026-09-06T15:46:38+00:00
2022,NC,NC-14,2022-09-16,53,83,49,83,0,42,13,0,27,apportioned,1,nc-sbe,2026-09-06T15:46:38+00:00
2022,NC,NC-14,2022-09-17,52,83,0,83,0,42,13,0,27,apportioned,1,nc-sbe,2026-09-06T15:46:38+00:00
2022,NC,NC-14,2022-09-18,51,83,0,83,0,42,13,0,27,apportioned,1,nc-sbe,2026-09-06T15:46:38+00:00
2022,NC,NC-14,2022-09-19,50,156,73,156,0,80,25,0,52,apportioned,1,nc-sbe,2026-09-06T15:46:38+00:00
2022,NC,NC-14,2022-09-20,49,202,46,202,0,105,34,0,63,apportioned,1,nc-sbe,2026-09-06T15:46:38+00:00
2022,NC,NC-14,2022-09-21,48,262,60,262,0,140,41,0,81,apportioned,1,nc-sbe,2026-09-06T15:46:38+00:00
2022,NC,NC-14,2022-09-22,47,328,65,328,0,176,53,0,100,apportioned,1,nc-sbe,2026-09-06T15:46:38+00:00
2022,NC,NC-14,2022-09-23,46,417,89,417,0,224,64,0,129,apportioned,1,nc-sbe,2026-09-06T15:46:38+00:00
2022,NC,NC-14,2022-09-24,45,417,0,417,0,224,64,0,129,apportioned,1,nc-sbe,2026-09-06T15:46:38+00:00
2022,NC,NC-14,2022-09-25,44,417,0,417,0,224,64,0,129,apportioned,1,nc-sbe,2026-09-06T15:46:38+00:00
2022,NC,NC-14,2022-09-26,43,521,104,521,0,286,75,0,160,apportioned,1,nc-sbe,2026-09-06T15:46:38+00:00
2022,NC,NC-14,2022-09-27,42,579,57,579,0,312,87,0,179,apportioned,1,nc-sbe,2026-09-06T15:46:38+00:00
2022,NC,NC-14,2022-09-28,41,674,97,674,0,357,105,1,211,apportioned,1,nc-sbe,2026-09-06T15:46:38+00:00
2022,NC,NC-14,2022-09-29,40,746,72,746,0,393,118,1,234,apportioned,1,nc-sbe,2026-09-06T15:46:38+00:00
2022,NC,NC-14,2022-09-30,39,812,66,812,0,427,128,1,257,apportioned,1,nc-sbe,2026-09-06T15:46:38+00:00
2022,NC,NC-14,2022-10-01,38,812,0,812,0,427,128,1,257,apportioned,1,nc-sbe,2026-09-06T15:46:38+00:00
2022,NC,NC-14,2022-10-02,37,812,0,812,0,427,128,1,257,apportioned,1,nc-sbe,2026-09-06T15:46:38+00:00
2022,NC,NC-14,2022-10-03,36,914,101,914,0,474,149,1,290,apportioned,1,nc-sbe,2026-09-06T15:46:38+00:00
2022,NC,NC-14,2022-10-04,35,984,70,984,0,506,160,1,318,apportioned,1,nc-sbe,2026-09-06T15:46:38+00:00
2022,NC,NC-14,2022-10-05,34,1116,132,1116,0,565,184,2,365,apportioned,1,nc-sbe,2026-09-06T15:46:38+00:00
2022,NC,NC-14,2022-10-06,33,1165,49,1165,0,584,195,2,384,apportioned,1,nc-sbe,2026-09-06T15:46:38+00:00
2022,NC,NC-14,2022-10-07,32,1315,150,1315,0,659,223,2,429,apportioned,1,nc-sbe,2026-09-06T15:46:38+00:00
2022,NC,NC-14,2022-10-08,31,1315,0,1315,0,659,223,2,429,apportioned,1,nc-sbe,2026-09-06T15:46:38+00:00
2022,NC,NC-14,2022-10-09,30,1316,1,1316,0,660,223,2,429,apportioned,1,nc-sbe,2026-09-06T15:46:38+00:00
2022,NC,NC-14,2022-10-10,29,1400,84,1400,0,711,236,2,451,apportioned,1,nc-sbe,2026-09-06T15:46:38+00:00
2022,NC,NC-14,2022-10-11,28,1574,174,1574,0,802,264,2,505,apportioned,1,nc-sbe,2026-09-06T15:46:38+00:00
2022,NC,NC-14,2022-10-12,27,1667,94,1667,0,838,289,2,537,apportioned,1,nc-sbe,2026-09-06T15:46:38+00:00
2022,NC,NC-14,2022-10-13,26,1717,51,1717,0,863,301,2,552,apportioned,1,nc-sbe,2026-09-06T15:46:38+00:00
2022,NC,NC-14,2022-10-14,25,2100,383,2100,0,1051,370,2,679,apportioned,1,nc-sbe,2026-09-06T15:46:38+00:00
2022,NC,NC-14,2022-10-15,24,2100,0,2100,0,1051,370,2,679,apportioned,1,nc-sbe,2026-09-06T15:46:38+00:00
2022,NC,NC-14,2022-10-16,23,2102,2,2102,0,1052,370,2,680,apportioned,1,nc-sbe,2026-09-06T15:46:38+00:00
2022,NC,NC-14,2022-10-17,22,2315,213,2315,0,1154,408,2,751,apportioned,1,nc-sbe,2026-09-06T15:46:38+00:00
2022,NC,NC-14,2022-10-18,21,2528,213,2528,0,1261,452,2,814,apportioned,1,nc-sbe,2026-09-06T15:46:38+00:00
2022,NC,NC-14,2022-10-19,20,2809,281,2809,0,1396,500,3,910,apportioned,1,nc-sbe,2026-09-06T15:46:38+00:00
2022,NC,NC-14,2022-10-20,19,12486,9677,3020,9465,4687,4164,16,3618,apportioned,1,nc-sbe,2026-09-06T15:46:38+00:00
2022,NC,NC-14,2022-10-21,18,21502,9017,3374,18129,7667,7508,32,6296,apportioned,1,nc-sbe,2026-09-06T15:46:38+00:00
2022,NC,NC-14,2022-10-22,17,24378,2876,3377,21001,8775,8402,41,7161,apportioned,1,nc-sbe,2026-09-06T15:46:38+00:00
2022,NC,NC-14,2022-10-23,16,25199,821,3377,21822,9180,8555,43,7421,apportioned,1,nc-sbe,2026-09-06T15:46:38+00:00
2022,NC,NC-14,2022-10-24,15,35441,10241,3823,31617,12745,12385,58,10253,apportioned,1,nc-sbe,2026-09-06T15:46:38+00:00
2022,NC,NC-14,2022-10-25,14,44616,9176,4125,40491,15768,15884,72,12892,apportioned,1,nc-sbe,2026-09-06T15:46:38+00:00
2022,NC,NC-14,2022-10-26,13,53056,8440,4385,48672,18616,19038,99,15303,apportioned,1,nc-sbe,2026-09-06T15:46:38+00:00
2022,NC,NC-14,2022-10-27,12,61773,8717,5018,56755,21731,22102,117,17823,apportioned,1,nc-sbe,2026-09-06T15:46:38+00:00
2022,NC,NC-14,2022-10-28,11,71249,9476,5374,65875,24930,25580,145,20593,apportioned,1,nc-sbe,2026-09-06T15:46:38+00:00
2022,NC,NC-14,2022-10-29,10,75452,4203,5396,70055,26557,26867,160,21868,apportioned,1,nc-sbe,2026-09-06T15:46:38+00:00
2022,NC,NC-14,2022-10-30,9,77462,2010,5411,72050,27339,27476,165,22481,apportioned,1,nc-sbe,2026-09-06T15:46:38+00:00
2022,NC,NC-14,2022-10-31,8,86256,8794,6003,80254,30265,30675,192,25124,apportioned,1,nc-sbe,2026-09-06T15:46:38+00:00
2022,NC,NC-14,2022-11-01,7,96375,10118,6565,89809,33670,34454,223,28028,apportioned,1,nc-sbe,2026-09-06T15:46:38+00:00
2022,NC,NC-14,2022-11-02,6,106349,9974,7093,99256,37056,38015,261,31016,apportioned,1,nc-sbe,2026-09-06T15:46:38+00:00
2022,NC,NC-14,2022-11-03,5,117526,11177,7562,109963,40878,41994,301,34353,apportioned,1,nc-sbe,2026-09-06T15:46:38+00:00
2022,NC,NC-14,2022-11-04,4,132677,15152,8128,124549,46071,47238,344,39022,apportioned,1,nc-sbe,2026-09-06T15:46:38+00:00
2022,NC,NC-14,2022-11-05,3,144892,12215,8826,136066,50436,51115,402,42940,apportioned,1,nc-sbe,2026-09-06T15:46:38+00:00
2022,NC,NC-14,2022-11-06,2,144894,2,8828,136066,50437,51116,402,42940,apportioned,1,nc-sbe,2026-09-06T15:46:38+00:00
2022,NC,NC-14,2022-11-07,1,146011,1116,9945,136066,50880,51397,407,43327,apportioned,1,nc-sbe,2026-09-06T15:46:38+00:00
2022,NC,NC-14,2022-11-08,0,147507,1496,11442,136066,51467,51685,413,43943,apportioned,1,nc-sbe,2026-09-06T15:46:38+00:00
2024,NC,NC-01,2024-09-20,46,6,6,6,0,2,3,0,1,apportioned,1,nc-sbe,2026-09-06T15:36:54+00:00
2024,NC,NC-01,2024-09-21,45,16,10,16,0,8,4,0,4,apportioned,1,nc-sbe,2026-09-06T15:36:54+00:00
2024,NC,NC-01,2024-09-22,44,19,3,19,0,10,5,0,4,apportioned,1,nc-sbe,2026-09-06T15:36:54+00:00
2024,NC,NC-01,2024-09-23,43,37,18,37,0,18,11,0,7,apportioned,1,nc-sbe,2026-09-06T15:36:54+00:00
2024,NC,NC-01,2024-09-24,42,49,11,49,0,24,14,3,8,apportioned,1,nc-sbe,2026-09-06T15:36:54+00:00
2024,NC,NC-01,2024-09-25,41,67,17,67,0,33,16,3,15,apportioned,1,nc-sbe,2026-09-06T15:36:54+00:00
2024,NC,NC-01,2024-09-26,40,108,41,108,0,52,23,4,30,apportioned,1,nc-sbe,2026-09-06T15:36:54+00:00
2024,NC,NC-01,2024-09-27,39,158,49,158,0,72,37,6,43,apportioned,1,nc-sbe,2026-09-06T15:36:54+00:00
2024,NC,NC-01,2024-09-28,38,160,3,160,0,72,39,6,43,apportioned,1,nc-sbe,2026-09-06T15:36:54+00:00
2024,NC,NC-01,2024-09-29,37,160,0,160,0,72,39,6,43,apportioned,1,nc-sbe,2026-09-06T15:36:54+00:00
2024,NC,NC-01,2024-09-30,36,321,160,321,0,135,82,7,97,apportioned,1,nc-sbe,2026-09-06T15:36:54+00:00
2024,NC,NC-01,2024-10-01,35,472,151,472,0,177,129,7,157,apportioned,1,nc-sbe,2026-09-06T15:36:54+00:00
2024,NC,NC-01,2024-10-02,34,626,154,626,0,227,182,8,209,apportioned,1,nc-sbe,2026-09-06T15:36:54+00:00
2024,NC,NC-01,2024-10-03,33,813,187,813,0,302,229,9,272,apportioned,1,nc-sbe,2026-09-06T15:36:54+00:00
2024,NC,NC-01,2024-10-04,32,1137,324,1137,0,418,335,15,369,apportioned,1,nc-sbe,2026-09-06T15:36:54+00:00
2024,NC,NC-01,2024-10-05,31,1140,3,1140,0,420,335,15,370,apportioned,1,nc-sbe,2026-09-06T15:36:54+00:00
2024,NC,NC-01,2024-10-06,30,1143,3,1143,0,423,335,15,370,apportioned,1,nc-sbe,2026-09-06T15:36:54+00:00
2024,NC,NC-01,2024-10-07,29,1435,292,1435,0,541,423,18,451,apportioned,1,nc-sbe,2026-09-06T15:36:54+00:00
2024,NC,NC-01,2024-10-08,28,1728,293,1728,0,649,518,19,541,apportioned,1,nc-sbe,2026-09-06T15:36:54+00:00
2024,NC,NC-01,2024-10-09,27,1912,183,1912,0,707,587,21,597,apportioned,1,nc-sbe,2026-09-06T15:36:54+00:00
2024,NC,NC-01,2024-10-10,26,2319,408,2319,0,853,718,24,723,apportioned,1,nc-sbe,2026-09-06T15:36:54+00:00
2024,NC,NC-01,2024-10-11,25,2689,369,2689,0,987,827,27,847,apportioned,1,nc-sbe,2026-09-06T15:36:54+00:00
2024,NC,NC-01,2024-10-12,24,2698,9,2698,0,993,829,27,848,apportioned,1,nc-sbe,2026-09-06T15:36:54+00:00
2024,NC,NC-01,2024-10-13,23,2711,13,2711,0,998,834,27,851,apportioned,1,nc-sbe,2026-09-06T15:36:54+00:00
2024,NC,NC-01,2024-10-14,22,3021,311,3021,0,1098,937,30,957,apportioned,1,nc-sbe,2026-09-06T15:36:54+00:00
2024,NC,NC-01,2024-10-15,21,3292,271,3292,0,1182,1022,30,1058,apportioned,1,nc-sbe,2026-09-06T15:36:54+00:00
2024,NC,NC-01,2024-10-16,20,3595,303,3595,0,1287,1119,33,1156,apportioned,1,nc-sbe,2026-09-06T15:36:54+00:00
2024,NC,NC-01,2024-10-17,19,38302,34706,3865,34437,15603,12670,153,9876,apportioned,1,nc-sbe,2026-09-08T00:30:19+00:00
2024,NC,NC-01,2024-10-18,18,68116,29815,4260,63855,26560,23131,283,18143,apportioned,1,nc-sbe,2026-09-08T00:30:19+00:00
2024,NC,NC-01,2024-10-19,17,72183,4067,4368,67814,28223,24447,308,19206,apportioned,1,nc-sbe,2026-09-08T00:30:19+00:00
2024,NC,NC-01,2024-10-20,16,74772,2589,4371,70400,29111,25374,322,19966,apportioned,1,nc-sbe,2026-09-08T00:30:19+00:00
2024,NC,NC-01,2024-10-21,15,105738,30965,5168,100570,41083,35724,437,28493,apportioned,1,nc-sbe,2026-09-08T00:30:19+00:00
2024,NC,NC-01,2024-10-22,14,131875,26137,5845,126030,50513,44671,559,36132,apportioned,1,nc-sbe,2026-09-08T00:30:19+00:00
2024,NC,NC-01,2024-10-23,13,154085,22211,6287,147798,58491,52408,654,42532,apportioned,1,nc-sbe,2026-09-08T00:30:19+00:00
2024,NC,NC-01,2024-10-24,12,174725,20640,6825,167900,65614,59645,774,48691,apportioned,1,nc-sbe,2026-09-08T00:30:19+00:00
2024,NC,NC-01,2024-10-25,11,196240,21515,7225,189016,72769,67311,884,55276,apportioned,1,nc-sbe,2026-09-08T00:30:19+00:00
2024,NC,NC-01,2024-10-26,10,201837,5597,7332,194506,74732,69303,923,56879,apportioned,1,nc-sbe,2026-09-08T00:30:19+00:00
2024,NC,NC-01,2024-10-27,9,202025,188,7350,194676,74776,69364,925,56960,apportioned,1,nc-sbe,2026-09-08T00:30:19+00:00
2024,NC,NC-01,2024-10-28,8,223644,21619,8504,215141,82514,76663,1075,63393,apportioned,1,nc-sbe,2026-09-08T00:30:19+00:00
2024,NC,NC-01,2024-10-29,7,242043,18398,9179,232864,89098,82816,1201,68927,apportioned,1,nc-sbe,2026-09-08T00:30:19+00:00
2024,NC,NC-01,2024-10-30,6,259791,17748,9766,250024,95464,88473,1322,74532,apportioned,1,nc-sbe,2026-09-08T00:30:19+00:00
2024,NC,NC-01,2024-10-31,5,275712,15921,10355,265357,101204,93579,1429,79500,apportioned,1,nc-sbe,2026-09-08T00:30:19+00:00
2024,NC,NC-01,2024-11-01,4,298040,22329,11317,286724,109051,100754,1614,86621,apportioned,1,nc-sbe,2026-09-08T00:30:19+00:00
2024,NC,NC-01,2024-11-02,3,316139,18099,11938,304201,115693,106192,1780,92475,apportioned,1,nc-sbe,2026-09-08T00:30:19+00:00
2024,NC,NC-01,2024-11-03,2,316389,250,12188,304201,115758,106276,1790,92566,apportioned,1,nc-sbe,2026-09-08T00:30:19+00:00
2024,NC,NC-01,2024-11-04,1,317284,895,13084,304201,116111,106485,1801,92888,apportioned,1,nc-sbe,2026-09-08T00:30:19+00:00
2024,NC,NC-01,2024-11-05,0,318340,1056,14139,304201,116487,106736,1824,93292,apportioned,1,nc-sbe,2026-09-08T00:30:19+00:00
2024,NC,NC-02,2024-09-23,43,108,108,108,0,59,7,1,41,apportioned,1,nc-sbe,2026-09-06T15:36:54+00:00
2024,NC,NC-02,2024-09-24,42,114,6,114,0,61,8,1,44,apportioned,1,nc-sbe,2026-09-06T15:36:54+00:00
2024,NC,NC-02,2024-09-25,41,573,460,573,0,287,34,5,247,apportioned,1,nc-sbe,2026-09-06T15:36:54+00:00
2024,NC,NC-02,2024-09-26,40,574,1,574,0,288,34,5,247,apportioned,1,nc-sbe,2026-09-06T15:36:54+00:00
2024,NC,NC-02,2024-09-27,39,676,102,676,0,339,47,6,285,apportioned,1,nc-sbe,2026-09-06T15:36:54+00:00
2024,NC,NC-02,2024-09-28,38,711,35,711,0,358,49,6,298,apportioned,1,nc-sbe,2026-09-06T15:36:54+00:00
2024,NC,NC-02,2024-09-29,37,711,0,711,0,358,49,6,298,apportioned,1,nc-sbe,2026-09-06T15:36:54+00:00
2024,NC,NC-02,2024-09-30,36,781,70,781,0,385,60,6,331,apportioned,1,nc-sbe,2026-09-06T15:36:54+00:00
2024,NC,NC-02,2024-10-01,35,897,116,897,0,433,80,6,378,apportioned,1,nc-sbe,2026-09-06T15:36:54+00:00
2024,NC,NC-02,2024-10-02,34,1220,323,1220,0,559,145,7,509,apportioned,1,nc-sbe,2026-09-06T15:36:54+00:00
2024,NC,NC-02,2024-10-03,33,1684,464,1684,0,746,247,8,683,apportioned,1,nc-sbe,2026-09-06T15:36:54+00:00
2024,NC,NC-02,2024-10-04,32,2038,354,2038,0,887,310,8,833,apportioned,1,nc-sbe,2026-09-06T15:36:54+00:00
2024,NC,NC-02,2024-10-05,31,2365,327,2365,0,1001,384,12,968,apportioned,1,nc-sbe,2026-09-06T15:36:54+00:00
2024,NC,NC-02,2024-10-06,30,2365,0,2365,0,1001,384,12,968,apportioned,1,nc-sbe,2026-09-06T15:36:54+00:00
2024,NC,NC-02,2024-10-07,29,3073,708,3073,0,1256,538,17,1262,apportioned,1,nc-sbe,2026-09-06T15:36:54+00:00
2024,NC,NC-02,2024-10-08,28,3306,232,3306,0,1355,569,18,1362,apportioned,1,nc-sbe,2026-09-06T15:36:54+00:00
2024,NC,NC-02,2024-10-09,27,4008,702,4008,0,1621,713,24,1650,apportioned,1,nc-sbe,2026-09-06T15:36:54+00:00
2024,NC,NC-02,2024-10-10,26,4071,62,4071,0,1639,728,27,1676,apportioned,1,nc-sbe,2026-09-06T15:36:54+00:00
2024,NC,NC-02,2024-10-11,25,5402,1331,5402,0,2151,996,31,2224,apportioned,1,nc-sbe,2026-09-06T15:36:54+00:00
2024,NC,NC-02,2024-10-12,24,5779,377,5779,0,2301,1074,34,2370,apportioned,1,nc-sbe,2026-09-06T15:36:54+00:00
2024,NC,NC-02,2024-10-13,23,5779,0,5779,0,2301,1074,34,2370,apportioned,1,nc-sbe,2026-09-06T15:36:54+00:00
2024,NC,NC-02,2024-10-14,22,5879,100,5879,0,2350,1080,36,2412,apportioned,1,nc-sbe,2026-09-06T15:36:54+00:00
2024,NC,NC-02,2024-10-15,21,5879,0,5879,0,2350,1080,36,2412,apportioned,1,nc-sbe,2026-09-06T15:36:54+00:00
2024,NC,NC-02,2024-10-16,20,6002,122,6002,0,2408,1096,37,2461,apportioned,1,nc-sbe,2026-09-06T15:36:54+00:00
2024,NC,NC-02,2024-10-17,19,26654,20652,7173,19481,11202,5696,147,9609,apportioned,1,nc-sbe,2026-09-08T00:30:19+00:00
2024,NC,NC-02,2024-10-18,18,47673,21019,8329,39344,19513,10399,253,17508,apportioned,1,nc-sbe,2026-09-08T00:30:19+00:00
2024,NC,NC-02,2024-10-19,17,61294,13621,9597,51697,25090,13144,347,22712,apportioned,1,nc-sbe,2026-09-08T00:30:19+00:00
2024,NC,NC-02,2024-10-20,16,70841,9547,10203,60638,29081,14969,388,26404,apportioned,1,nc-sbe,2026-09-08T00:30:19+00:00
2024,NC,NC-02,2024-10-21,15,91037,20196,10316,80721,37056,19713,525,33743,apportioned,1,nc-sbe,2026-09-08T00:30:19+00:00
2024,NC,NC-02,2024-10-22,14,111159,20122,10433,100726,44678,24670,642,41168,apportioned,1,nc-sbe,2026-09-08T00:30:19+00:00
2024,NC,NC-02,2024-10-23,13,130633,19474,10607,120026,51623,29527,766,48716,apportioned,1,nc-sbe,2026-09-08T00:30:19+00:00
2024,NC,NC-02,2024-10-24,12,152027,21394,13074,138953,59145,34797,905,57180,apportioned,1,nc-sbe,2026-09-08T00:30:19+00:00
2024,NC,NC-02,2024-10-25,11,172890,20863,14215,158676,66380,39718,1056,65737,apportioned,1,nc-sbe,2026-09-08T00:30:19+00:00
2024,NC,NC-02,2024-10-26,10,185717,12827,15763,169954,71063,42305,1172,71176,apportioned,1,nc-sbe,2026-09-08T00:30:19+00:00
2024,NC,NC-02,2024-10-27,9,195627,9910,17144,178483,74746,44272,1256,75353,apportioned,1,nc-sbe,2026-09-08T00:30:19+00:00
2024,NC,NC-02,2024-10-28,8,215435,19807,17274,198160,81635,49064,1430,83306,apportioned,1,nc-sbe,2026-09-08T00:30:19+00:00
2024,NC,NC-02,2024-10-29,7,234928,19493,17689,217239,88234,53585,1621,91488,apportioned,1,nc-sbe,2026-09-08T00:30:19+00:00
2024,NC,NC-02,2024-10-30,6,254472,19544,18384,236088,94702,57977,1816,99977,apportioned,1,nc-sbe,2026-09-08T00:30:19+00:00
2024,NC,NC-02,2024-10-31,5,273594,19123,19828,253766,100852,62289,2026,108427,apportioned,1,nc-sbe,2026-09-08T00:30:19+00:00
2024,NC,NC-02,2024-11-01,4,298443,24849,21256,277187,109190,67315,2320,119618,apportioned,1,nc-sbe,2026-09-08T00:30:19+00:00
2024,NC,NC-02,2024-11-02,3,320265,21822,25859,294406,116949,71137,2612,129567,apportioned,1,nc-sbe,2026-09-08T00:30:19+00:00
2024,NC,NC-02,2024-11-03,2,320345,80,25939,294406,116983,71146,2614,129603,apportioned,1,nc-sbe,2026-09-08T00:30:19+00:00
2024,NC,NC-02,2024-11-04,1,322200,1855,27794,294406,117596,71454,2624,130526,apportioned,1,nc-sbe,2026-09-08T00:30:19+00:00
2024,NC,NC-02,2024-11-05,0,325237,3036,30831,294406,118577,71956,2664,132039,apportioned,1,nc-sbe,2026-09-08T00:30:19+00:00
2024,NC,NC-03,2024-09-20,46,2,2,2,0,2,0,0,0,apportioned,1,nc-sbe,2026-09-06T15:36:54+00:00
2024,NC,NC-03,2024-09-21,45,11,9,11,0,6,1,1,3,apportioned,1,nc-sbe,2026-09-06T15:36:54+00:00
2024,NC,NC-03,2024-09-22,44,20,9,20,0,11,3,1,5,apportioned,1,nc-sbe,2026-09-06T15:36:54+00:00
2024,NC,NC-03,2024-09-23,43,68,48,68,0,35,17,1,16,apportioned,1,nc-sbe,2026-09-06T15:36:54+00:00
2024,NC,NC-03,2024-09-24,42,91,24,91,0,43,23,1,24,apportioned,1,nc-sbe,2026-09-06T15:36:54+00:00
2024,NC,NC-03,2024-09-25,41,108,17,108,0,52,29,1,25,apportioned,1,nc-sbe,2026-09-06T15:36:54+00:00
2024,NC,NC-03,2024-09-26,40,130,23,130,0,62,35,1,31,apportioned,1,nc-sbe,2026-09-06T15:36:54+00:00
2024,NC,NC-03,2024-09-27,39,168,39,168,0,76,46,3,43,apportioned,1,nc-sbe,2026-09-06T15:36:54+00:00
2024,NC,NC-03,2024-09-28,38,168,0,168,0,76,46,3,43,apportioned,1,nc-sbe,2026-09-06T15:36:54+00:00
2024,NC,NC-03,2024-09-29,37,168,0,168,0,76,46,3,43,apportioned,1,nc-sbe,2026-09-06T15:36:54+00:00
2024,NC,NC-03,2024-09-30,36,317,149,317,0,146,85,4,82,apportioned,1,nc-sbe,2026-09-06T15:36:54+00:00
2024,NC,NC-03,2024-10-01,35,434,117,434,0,204,117,8,106,apportioned,1,nc-sbe,2026-09-06T15:36:54+00:00
2024,NC,NC-03,2024-10-02,34,573,140,573,0,272,156,9,136,apportioned,1,nc-sbe,2026-09-06T15:36:54+00:00
2024,NC,NC-03,2024-10-03,33,680,107,680,0,326,187,9,158,apportioned,1,nc-sbe,2026-09-06T15:36:54+00:00
2024,NC,NC-03,2024-10-04,32,893,212,893,0,412,258,10,213,apportioned,1,nc-sbe,2026-09-06T15:36:54+00:00
2024,NC,NC-03,2024-10-05,31,899,6,899,0,412,260,10,217,apportioned,1,nc-sbe,2026-09-06T15:36:54+00:00
2024,NC,NC-03,2024-10-06,30,904,5,904,0,415,261,10,218,apportioned,1,nc-sbe,2026-09-06T15:36:54+00:00
2024,NC,NC-03,2024-10-07,29,1236,333,1236,0,522,380,18,318,apportioned,1,nc-sbe,2026-09-06T15:36:54+00:00
2024,NC,NC-03,2024-10-08,28,1442,205,1442,0,588,461,21,374,apportioned,1,nc-sbe,2026-09-06T15:36:54+00:00
2024,NC,NC-03,2024-10-09,27,1700,258,1700,0,682,545,23,450,apportioned,1,nc-sbe,2026-09-06T15:36:54+00:00
2024,NC,NC-03,2024-10-10,26,2034,333,2034,0,820,651,24,540,apportioned,1,nc-sbe,2026-09-06T15:36:54+00:00
2024,NC,NC-03,2024-10-11,25,2249,216,2249,0,902,716,25,608,apportioned,1,nc-sbe,2026-09-06T15:36:54+00:00
2024,NC,NC-03,2024-10-12,24,2255,6,2255,0,904,717,25,611,apportioned,1,nc-sbe,2026-09-06T15:36:54+00:00
2024,NC,NC-03,2024-10-13,23,2259,4,2259,0,905,718,25,613,apportioned,1,nc-sbe,2026-09-06T15:36:54+00:00
2024,NC,NC-03,2024-10-14,22,2421,161,2421,0,959,772,29,660,apportioned,1,nc-sbe,2026-09-06T15:36:54+00:00
2024,NC,NC-03,2024-10-15,21,2845,424,2845,0,1114,909,37,784,apportioned,1,nc-sbe,2026-09-06T15:36:54+00:00
2024,NC,NC-03,2024-10-16,20,3044,198,3044,0,1183,962,39,860,apportioned,1,nc-sbe,2026-09-06T15:36:54+00:00
2024,NC,NC-03,2024-10-17,19,29092,26049,3325,25768,11472,10353,136,7131,apportioned,1,nc-sbe,2026-09-08T00:30:19+00:00
2024,NC,NC-03,2024-10-18,18,52475,23383,3645,48831,19747,19176,247,13306,apportioned,1,nc-sbe,2026-09-08T00:30:19+00:00
2024,NC,NC-03,2024-10-19,17,63253,10778,3788,59466,23410,23183,319,16342,apportioned,1,nc-sbe,2026-09-08T00:30:19+00:00
2024,NC,NC-03,2024-10-20,16,65260,2007,3803,61458,24195,23909,333,16823,apportioned,1,nc-sbe,2026-09-08T00:30:19+00:00
2024,NC,NC-03,2024-10-21,15,88566,23306,4447,84120,32573,32559,438,22997,apportioned,1,nc-sbe,2026-09-08T00:30:19+00:00
2024,NC,NC-03,2024-10-22,14,109411,20845,4985,104426,39688,40388,551,28782,apportioned,1,nc-sbe,2026-09-08T00:30:19+00:00
2024,NC,NC-03,2024-10-23,13,128091,18680,5537,122553,45702,47679,676,34034,apportioned,1,nc-sbe,2026-09-08T00:30:19+00:00
2024,NC,NC-03,2024-10-24,12,145027,16936,5944,139083,51300,54187,810,38730,apportioned,1,nc-sbe,2026-09-08T00:30:19+00:00
2024,NC,NC-03,2024-10-25,11,162852,17826,6346,156506,56658,61280,956,43959,apportioned,1,nc-sbe,2026-09-08T00:30:19+00:00
2024,NC,NC-03,2024-10-26,10,170098,7245,6419,163678,58844,64113,1016,46125,apportioned,1,nc-sbe,2026-09-08T00:30:19+00:00
2024,NC,NC-03,2024-10-27,9,173399,3302,6451,166948,60041,65237,1032,47090,apportioned,1,nc-sbe,2026-09-08T00:30:19+00:00
2024,NC,NC-03,2024-10-28,8,190501,17102,7363,183138,65639,71630,1155,52078,apportioned,1,nc-sbe,2026-09-08T00:30:19+00:00
2024,NC,NC-03,2024-10-29,7,205775,15274,8139,197636,70558,77282,1290,56647,apportioned,1,nc-sbe,2026-09-08T00:30:19+00:00
2024,NC,NC-03,2024-10-30,6,219666,13892,8636,211030,75054,82263,1431,60918,apportioned,1,nc-sbe,2026-09-08T00:30:19+00:00
2024,NC,NC-03,2024-10-31,5,232905,13239,9334,223571,79327,86927,1591,65060,apportioned,1,nc-sbe,2026-09-08T00:30:19+00:00
2024,NC,NC-03,2024-11-01,4,251963,19057,10298,241665,85288,93649,1800,71226,apportioned,1,nc-sbe,2026-09-08T00:30:19+00:00
2024,NC,NC-03,2024-11-02,3,267876,15912,10771,257105,90664,98779,2010,76422,apportioned,1,nc-sbe,2026-09-08T00:30:19+00:00
2024,NC,NC-03,2024-11-03,2,267925,49,10819,257105,90685,98791,2011,76437,apportioned,1,nc-sbe,2026-09-08T00:30:19+00:00
2024,NC,NC-03,2024-11-04,1,268648,725,11543,257105,90945,98983,2020,76701,apportioned,1,nc-sbe,2026-09-08T00:30:19+00:00
2024,NC,NC-03,2024-11-05,0,270021,1372,12916,257105,91301,99383,2061,77277,apportioned,1,nc-sbe,2026-09-08T00:30:19+00:00
2024,NC,NC-04,2024-09-20,46,11,11,11,0,6,0,0,5,apportioned,1,nc-sbe,2026-09-06T15:36:54+00:00
2024,NC,NC-04,2024-09-21,45,105,94,105,0,57,3,0,45,apportioned,1,nc-sbe,2026-09-06T15:36:54+00:00
2024,NC,NC-04,2024-09-22,44,235,130,235,0,121,5,0,109,apportioned,1,nc-sbe,2026-09-06T15:36:54+00:00
2024,NC,NC-04,2024-09-23,43,422,187,422,0,228,11,0,183,apportioned,1,nc-sbe,2026-09-06T15:36:54+00:00
2024,NC,NC-04,2024-09-24,42,531,110,531,0,288,14,0,230,apportioned,1,nc-sbe,2026-09-06T15:36:54+00:00
2024,NC,NC-04,2024-09-25,41,803,271,803,0,427,25,2,349,apportioned,1,nc-sbe,2026-09-06T15:36:54+00:00
2024,NC,NC-04,2024-09-26,40,858,55,858,0,456,26,2,374,apportioned,1,nc-sbe,2026-09-06T15:36:54+00:00
2024,NC,NC-04,2024-09-27,39,983,125,983,0,532,36,2,412,apportioned,1,nc-sbe,2026-09-06T15:36:54+00:00
2024,NC,NC-04,2024-09-28,38,1030,47,1030,0,555,37,3,435,apportioned,1,nc-sbe,2026-09-06T15:36:54+00:00
2024,NC,NC-04,2024-09-29,37,1084,54,1084,0,583,37,4,460,apportioned,1,nc-sbe,2026-09-06T15:36:54+00:00
2024,NC,NC-04,2024-09-30,36,1245,161,1245,0,662,50,5,528,apportioned,1,nc-sbe,2026-09-06T15:36:54+00:00
2024,NC,NC-04,2024-10-01,35,1393,148,1393,0,732,58,5,599,apportioned,1,nc-sbe,2026-09-06T15:36:54+00:00
2024,NC,NC-04,2024-10-02,34,1870,476,1870,0,952,123,6,788,apportioned,1,nc-sbe,2026-09-06T15:36:54+00:00
2024,NC,NC-04,2024-10-03,33,2385,517,2385,0,1217,192,7,970,apportioned,1,nc-sbe,2026-09-06T15:36:54+00:00
2024,NC,NC-04,2024-10-04,32,2742,357,2742,0,1380,236,7,1118,apportioned,1,nc-sbe,2026-09-06T15:36:54+00:00
2024,NC,NC-04,2024-10-05,31,2901,158,2901,0,1442,263,8,1187,apportioned,1,nc-sbe,2026-09-06T15:36:54+00:00
2024,NC,NC-04,2024-10-06,30,2950,49,2950,0,1467,265,8,1209,apportioned,1,nc-sbe,2026-09-06T15:36:54+00:00
2024,NC,NC-04,2024-10-07,29,3872,922,3872,0,1893,404,15,1559,apportioned,1,nc-sbe,2026-09-06T15:36:54+00:00
2024,NC,NC-04,2024-10-08,28,4139,267,4139,0,2026,429,15,1669,apportioned,1,nc-sbe,2026-09-06T15:36:54+00:00
2024,NC,NC-04,2024-10-09,27,4722,584,4722,0,2284,515,17,1906,apportioned,1,nc-sbe,2026-09-06T15:36:54+00:00
2024,NC,NC-04,2024-10-10,26,5137,415,5137,0,2469,569,22,2077,apportioned,1,nc-sbe,2026-09-06T15:36:54+00:00
2024,NC,NC-04,2024-10-11,25,5976,839,5976,0,2843,697,27,2409,apportioned,1,nc-sbe,2026-09-06T15:36:54+00:00
2024,NC,NC-04,2024-10-12,24,6176,199,6176,0,2935,726,30,2484,apportioned,1,nc-sbe,2026-09-06T15:36:54+00:00
2024,NC,NC-04,2024-10-13,23,6224,48,6224,0,2959,726,30,2508,apportioned,1,nc-sbe,2026-09-06T15:36:54+00:00
2024,NC,NC-04,2024-10-14,22,6596,373,6596,0,3157,759,32,2650,apportioned,1,nc-sbe,2026-09-06T15:36:54+00:00
2024,NC,NC-04,2024-10-15,21,7107,510,7107,0,3389,809,33,2877,apportioned,1,nc-sbe,2026-09-06T15:36:54+00:00
2024,NC,NC-04,2024-10-16,20,7308,202,7308,0,3489,822,34,2963,apportioned,1,nc-sbe,2026-09-06T15:36:54+00:00
2024,NC,NC-04,2024-10-17,19,35498,28190,8045,27453,18709,4774,139,11877,apportioned,1,nc-sbe,2026-09-08T00:30:19+00:00
2024,NC,NC-04,2024-10-18,18,63297,27799,9182,54114,32797,8725,251,21524,apportioned,1,nc-sbe,2026-09-08T00:30:19+00:00
2024,NC,NC-04,2024-10-19,17,82285,18988,9917,72368,42726,10994,346,28220,apportioned,1,nc-sbe,2026-09-08T00:30:19+00:00
2024,NC,NC-04,2024-10-20,16,93788,11503,10374,83414,48767,12265,400,32355,apportioned,1,nc-sbe,2026-09-08T00:30:19+00:00
2024,NC,NC-04,2024-10-21,15,120768,26981,11217,109550,62227,16274,539,41729,apportioned,1,nc-sbe,2026-09-08T00:30:19+00:00
2024,NC,NC-04,2024-10-22,14,146295,25526,11927,134366,74750,20211,671,50663,apportioned,1,nc-sbe,2026-09-08T00:30:19+00:00
2024,NC,NC-04,2024-10-23,13,169382,23088,12971,156411,85486,24002,770,59125,apportioned,1,nc-sbe,2026-09-08T00:30:19+00:00
2024,NC,NC-04,2024-10-24,12,192079,22696,14577,177502,95769,27732,909,67669,apportioned,1,nc-sbe,2026-09-08T00:30:19+00:00
2024,NC,NC-04,2024-10-25,11,215148,23069,15543,199605,106118,31255,1047,76727,apportioned,1,nc-sbe,2026-09-08T00:30:19+00:00
2024,NC,NC-04,2024-10-26,10,229044,13897,16379,212666,112613,33097,1160,82174,apportioned,1,nc-sbe,2026-09-08T00:30:19+00:00
2024,NC,NC-04,2024-10-27,9,238495,9451,16962,221533,116961,34376,1228,85930,apportioned,1,nc-sbe,2026-09-08T00:30:19+00:00
2024,NC,NC-04,2024-10-28,8,259693,21198,18171,241522,126123,37930,1391,94249,apportioned,1,nc-sbe,2026-09-08T00:30:19+00:00
2024,NC,NC-04,2024-10-29,7,279432,19740,18895,260538,134588,41165,1557,102123,apportioned,1,nc-sbe,2026-09-08T00:30:19+00:00
2024,NC,NC-04,2024-10-30,6,298665,19233,19902,278763,142544,44211,1733,110178,apportioned,1,nc-sbe,2026-09-08T00:30:19+00:00
2024,NC,NC-04,2024-10-31,5,317174,18508,21222,295952,150027,47203,1928,118014,apportioned,1,nc-sbe,2026-09-08T00:30:19+00:00
2024,NC,NC-04,2024-11-01,4,342872,25697,22804,320068,160699,50876,2203,129093,apportioned,1,nc-sbe,2026-09-08T00:30:19+00:00
2024,NC,NC-04,2024-11-02,3,363203,20331,24807,338396,169280,53546,2439,137936,apportioned,1,nc-sbe,2026-09-08T00:30:19+00:00
2024,NC,NC-04,2024-11-03,2,363500,297,25104,338396,169396,53582,2441,138080,apportioned,1,nc-sbe,2026-09-08T00:30:19+00:00
2024,NC,NC-04,2024-11-04,1,365398,1898,27002,338396,170159,53789,2451,138998,apportioned,1,nc-sbe,2026-09-08T00:30:19+00:00
2024,NC,NC-04,2024-11-05,0,367428,2030,29032,338396,170917,54049,2474,139987,apportioned,1,nc-sbe,2026-09-08T00:30:19+00:00
2024,NC,NC-05,2024-09-20,46,7,7,7,0,3,0,1,3,apportioned,1,nc-sbe,2026-09-06T15:36:54+00:00
2024,NC,NC-05,2024-09-21,45,13,6,13,0,6,2,1,4,apportioned,1,nc-sbe,2026-09-06T15:36:54+00:00
2024,NC,NC-05,2024-09-22,44,17,4,17,0,9,3,1,4,apportioned,1,nc-sbe,2026-09-06T15:36:54+00:00
2024,NC,NC-05,2024-09-23,43,74,57,74,0,41,6,2,25,apportioned,1,nc-sbe,2026-09-06T15:36:54+00:00
2024,NC,NC-05,2024-09-24,42,94,20,94,0,46,12,3,32,apportioned,1,nc-sbe,2026-09-06T15:36:54+00:00
2024,NC,NC-05,2024-09-25,41,125,31,125,0,65,15,3,42,apportioned,1,nc-sbe,2026-09-06T15:36:54+00:00
2024,NC,NC-05,2024-09-26,40,138,13,138,0,73,16,3,46,apportioned,1,nc-sbe,2026-09-06T15:36:54+00:00
2024,NC,NC-05,2024-09-27,39,166,28,166,0,87,18,3,57,apportioned,1,nc-sbe,2026-09-06T15:36:54+00:00
2024,NC,NC-05,2024-09-28,38,172,6,172,0,88,22,3,58,apportioned,1,nc-sbe,2026-09-06T15:36:54+00:00
2024,NC,NC-05,2024-09-29,37,172,0,172,0,88,22,3,58,apportioned,1,nc-sbe,2026-09-06T15:36:54+00:00
2024,NC,NC-05,2024-09-30,36,380,208,380,0,171,97,4,108,apportioned,1,nc-sbe,2026-09-06T15:36:54+00:00
2024,NC,NC-05,2024-10-01,35,550,171,550,0,229,153,5,163,apportioned,1,nc-sbe,2026-09-06T15:36:54+00:00
2024,NC,NC-05,2024-10-02,34,800,249,800,0,325,236,7,231,apportioned,1,nc-sbe,2026-09-06T15:36:54+00:00
2024,NC,NC-05,2024-10-03,33,1066,267,1066,0,419,328,7,312,apportioned,1,nc-sbe,2026-09-06T15:36:54+00:00
2024,NC,NC-05,2024-10-04,32,1268,201,1268,0,489,400,8,371,apportioned,1,nc-sbe,2026-09-06T15:36:54+00:00
2024,NC,NC-05,2024-10-05,31,1269,1,1269,0,490,400,8,371,apportioned,1,nc-sbe,2026-09-06T15:36:54+00:00
2024,NC,NC-05,2024-10-06,30,1272,3,1272,0,492,400,8,372,apportioned,1,nc-sbe,2026-09-06T15:36:54+00:00
2024,NC,NC-05,2024-10-07,29,1729,457,1729,0,646,588,9,486,apportioned,1,nc-sbe,2026-09-06T15:36:54+00:00
2024,NC,NC-05,2024-10-08,28,2123,394,2123,0,777,726,11,609,apportioned,1,nc-sbe,2026-09-06T15:36:54+00:00
2024,NC,NC-05,2024-10-09,27,2515,392,2515,0,902,866,16,732,apportioned,1,nc-sbe,2026-09-06T15:36:54+00:00
2024,NC,NC-05,2024-10-10,26,2895,379,2895,0,1006,1023,18,848,apportioned,1,nc-sbe,2026-09-06T15:36:54+00:00
2024,NC,NC-05,2024-10-11,25,3255,360,3255,0,1126,1160,21,948,apportioned,1,nc-sbe,2026-09-06T15:36:54+00:00
2024,NC,NC-05,2024-10-12,24,3263,8,3263,0,1128,1165,21,949,apportioned,1,nc-sbe,2026-09-06T15:36:54+00:00
2024,NC,NC-05,2024-10-13,23,3272,9,3272,0,1132,1165,22,954,apportioned,1,nc-sbe,2026-09-06T15:36:54+00:00
2024,NC,NC-05,2024-10-14,22,3702,430,3702,0,1292,1293,24,1094,apportioned,1,nc-sbe,2026-09-06T15:36:54+00:00
2024,NC,NC-05,2024-10-15,21,4050,348,4050,0,1411,1415,28,1197,apportioned,1,nc-sbe,2026-09-06T15:36:54+00:00
2024,NC,NC-05,2024-10-16,20,4451,402,4451,0,1561,1554,29,1307,apportioned,1,nc-sbe,2026-09-06T15:36:54+00:00
2024,NC,NC-05,2024-10-17,19,35127,30675,5071,30055,10462,14791,148,9726,apportioned,1,nc-sbe,2026-09-08T00:30:19+00:00
2024,NC,NC-05,2024-10-18,18,63899,28773,5701,58198,18132,27482,272,18012,apportioned,1,nc-sbe,2026-09-08T00:30:19+00:00
2024,NC,NC-05,2024-10-19,17,74926,11027,5795,69131,21200,32033,334,21359,apportioned,1,nc-sbe,2026-09-08T00:30:19+00:00
2024,NC,NC-05,2024-10-20,16,75580,654,5805,69775,21375,32235,343,21627,apportioned,1,nc-sbe,2026-09-08T00:30:19+00:00
2024,NC,NC-05,2024-10-21,15,104192,28612,6861,97330,29450,44526,471,29745,apportioned,1,nc-sbe,2026-09-08T00:30:19+00:00
2024,NC,NC-05,2024-10-22,14,128928,24736,7184,121744,36226,55100,586,37016,apportioned,1,nc-sbe,2026-09-08T00:30:19+00:00
2024,NC,NC-05,2024-10-23,13,151537,22609,7840,143698,42126,64829,725,43856,apportioned,1,nc-sbe,2026-09-08T00:30:19+00:00
2024,NC,NC-05,2024-10-24,12,172246,20708,8529,163717,47603,73892,862,49890,apportioned,1,nc-sbe,2026-09-08T00:30:19+00:00
2024,NC,NC-05,2024-10-25,11,194440,22194,9146,185294,53108,83663,995,56674,apportioned,1,nc-sbe,2026-09-08T00:30:19+00:00
2024,NC,NC-05,2024-10-26,10,202540,8101,9367,193174,55453,86731,1051,59305,apportioned,1,nc-sbe,2026-09-08T00:30:19+00:00
2024,NC,NC-05,2024-10-27,9,207034,4493,9426,197608,57101,88055,1092,60785,apportioned,1,nc-sbe,2026-09-08T00:30:19+00:00
2024,NC,NC-05,2024-10-28,8,228076,21042,10331,217745,62525,96948,1243,67360,apportioned,1,nc-sbe,2026-09-08T00:30:19+00:00
2024,NC,NC-05,2024-10-29,7,246757,18681,11039,235718,67269,104706,1385,73397,apportioned,1,nc-sbe,2026-09-08T00:30:19+00:00
2024,NC,NC-05,2024-10-30,6,264701,17945,11874,252828,72057,111713,1535,79397,apportioned,1,nc-sbe,2026-09-08T00:30:19+00:00
2024,NC,NC-05,2024-10-31,5,280949,16247,12709,268240,76330,118029,1682,84908,apportioned,1,nc-sbe,2026-09-08T00:30:19+00:00
2024,NC,NC-05,2024-11-01,4,303816,22867,13598,290218,82171,126914,1901,92830,apportioned,1,nc-sbe,2026-09-08T00:30:19+00:00
2024,NC,NC-05,2024-11-02,3,322072,18256,13998,308074,87110,133640,2086,99236,apportioned,1,nc-sbe,2026-09-08T00:30:19+00:00
2024,NC,NC-05,2024-11-03,2,322252,180,14179,308074,87169,133686,2087,99311,apportioned,1,nc-sbe,2026-09-08T00:30:19+00:00
2024,NC,NC-05,2024-11-04,1,323207,955,15134,308074,87496,133937,2096,99678,apportioned,1,nc-sbe,2026-09-08T00:30:19+00:00
2024,NC,NC-05,2024-11-05,0,324063,856,15990,308074,87780,134147,2106,100031,apportioned,1,nc-sbe,2026-09-08T00:30:19+00:00
2024,NC,NC-06,2024-09-20,46,12,12,12,0,7,2,1,2,apportioned,1,nc-sbe,2026-09-06T15:36:54+00:00
2024,NC,NC-06,2024-09-21,45,21,9,21,0,12,3,1,5,apportioned,1,nc-sbe,2026-09-06T15:36:54+00:00
2024,NC,NC-06,2024-09-22,44,32,11,32,0,15,7,1,9,apportioned,1,nc-sbe,2026-09-06T15:36:54+00:00
2024,NC,NC-06,2024-09-23,43,87,56,87,0,41,12,3,32,apportioned,1,nc-sbe,2026-09-06T15:36:54+00:00
2024,NC,NC-06,2024-09-24,42,109,22,109,0,52,15,3,40,apportioned,1,nc-sbe,2026-09-06T15:36:54+00:00
2024,NC,NC-06,2024-09-25,41,134,24,134,0,65,18,4,47,apportioned,1,nc-sbe,2026-09-06T15:36:54+00:00
2024,NC,NC-06,2024-09-26,40,155,21,155,0,73,24,4,53,apportioned,1,nc-sbe,2026-09-06T15:36:54+00:00
2024,NC,NC-06,2024-09-27,39,201,48,201,0,94,33,6,70,apportioned,1,nc-sbe,2026-09-06T15:36:54+00:00
2024,NC,NC-06,2024-09-28,38,213,11,213,0,98,37,6,74,apportioned,1,nc-sbe,2026-09-06T15:36:54+00:00
2024,NC,NC-06,2024-09-29,37,220,8,220,0,101,37,6,77,apportioned,1,nc-sbe,2026-09-06T15:36:54+00:00
2024,NC,NC-06,2024-09-30,36,481,261,481,0,194,122,6,159,apportioned,1,nc-sbe,2026-09-06T15:36:54+00:00
2024,NC,NC-06,2024-10-01,35,749,266,749,0,293,215,7,234,apportioned,1,nc-sbe,2026-09-06T15:36:54+00:00
2024,NC,NC-06,2024-10-02,34,1073,326,1073,0,397,322,9,347,apportioned,1,nc-sbe,2026-09-06T15:36:54+00:00
2024,NC,NC-06,2024-10-03,33,1298,224,1298,0,481,393,9,414,apportioned,1,nc-sbe,2026-09-06T15:36:54+00:00
2024,NC,NC-06,2024-10-04,32,1566,268,1566,0,557,498,9,500,apportioned,1,nc-sbe,2026-09-06T15:36:54+00:00
2024,NC,NC-06,2024-10-05,31,1588,23,1588,0,567,503,9,508,apportioned,1,nc-sbe,2026-09-06T15:36:54+00:00
2024,NC,NC-06,2024-10-06,30,1602,13,1602,0,573,505,10,513,apportioned,1,nc-sbe,2026-09-06T15:36:54+00:00
2024,NC,NC-06,2024-10-07,29,2114,513,2114,0,738,698,11,666,apportioned,1,nc-sbe,2026-09-06T15:36:54+00:00
2024,NC,NC-06,2024-10-08,28,2514,400,2514,0,874,841,12,786,apportioned,1,nc-sbe,2026-09-06T15:36:54+00:00
2024,NC,NC-06,2024-10-09,27,3095,580,3095,0,1051,1061,15,967,apportioned,1,nc-sbe,2026-09-06T15:36:54+00:00
2024,NC,NC-06,2024-10-10,26,3360,266,3360,0,1136,1156,17,1052,apportioned,1,nc-sbe,2026-09-06T15:36:54+00:00
2024,NC,NC-06,2024-10-11,25,3784,424,3784,0,1263,1327,21,1172,apportioned,1,nc-sbe,2026-09-06T15:36:54+00:00
2024,NC,NC-06,2024-10-12,24,3828,45,3828,0,1278,1345,22,1184,apportioned,1,nc-sbe,2026-09-06T15:36:54+00:00
2024,NC,NC-06,2024-10-13,23,3903,75,3903,0,1294,1377,23,1209,apportioned,1,nc-sbe,2026-09-06T15:36:54+00:00
2024,NC,NC-06,2024-10-14,22,4316,414,4316,0,1443,1502,24,1346,apportioned,1,nc-sbe,2026-09-06T15:36:54+00:00
2024,NC,NC-06,2024-10-15,21,4651,335,4651,0,1550,1622,24,1456,apportioned,1,nc-sbe,2026-09-06T15:36:54+00:00
2024,NC,NC-06,2024-10-16,20,4839,186,4839,0,1609,1689,25,1516,apportioned,1,nc-sbe,2026-09-06T15:36:54+00:00
2024,NC,NC-06,2024-10-17,19,28491,23653,5581,22910,8722,11748,129,7892,apportioned,1,nc-sbe,2026-09-08T00:30:19+00:00
2024,NC,NC-06,2024-10-18,18,51831,23340,6628,45203,15281,21760,239,14552,apportioned,1,nc-sbe,2026-09-08T00:30:19+00:00
2024,NC,NC-06,2024-10-19,17,65157,13326,6849,58307,18908,27406,306,18536,apportioned,1,nc-sbe,2026-09-08T00:30:19+00:00
2024,NC,NC-06,2024-10-20,16,69462,4305,6892,62568,20111,29211,330,19809,apportioned,1,nc-sbe,2026-09-08T00:30:19+00:00
2024,NC,NC-06,2024-10-21,15,93357,23895,7959,85398,27040,39412,445,26458,apportioned,1,nc-sbe,2026-09-08T00:30:19+00:00
2024,NC,NC-06,2024-10-22,14,115777,22420,8429,107347,33119,49329,550,32780,apportioned,1,nc-sbe,2026-09-08T00:30:19+00:00
2024,NC,NC-06,2024-10-23,13,136799,21022,9118,127681,38691,58644,665,38801,apportioned,1,nc-sbe,2026-09-08T00:30:19+00:00
2024,NC,NC-06,2024-10-24,12,157218,20418,10106,147112,44020,67553,800,44844,apportioned,1,nc-sbe,2026-09-08T00:30:19+00:00
2024,NC,NC-06,2024-10-25,11,177601,20384,10687,166915,49167,76348,958,51127,apportioned,1,nc-sbe,2026-09-08T00:30:19+00:00
2024,NC,NC-06,2024-10-26,10,187160,9559,10984,176176,51767,80214,1035,54146,apportioned,1,nc-sbe,2026-09-08T00:30:19+00:00
2024,NC,NC-06,2024-10-27,9,193763,6602,11100,182663,53748,82659,1090,56267,apportioned,1,nc-sbe,2026-09-08T00:30:19+00:00
2024,NC,NC-06,2024-10-28,8,213394,19631,11980,201415,58902,91019,1238,62235,apportioned,1,nc-sbe,2026-09-08T00:30:19+00:00
2024,NC,NC-06,2024-10-29,7,231512,18117,12819,218693,63714,98434,1407,67956,apportioned,1,nc-sbe,2026-09-08T00:30:19+00:00
2024,NC,NC-06,2024-10-30,6,249238,17726,13853,235385,68590,105160,1587,73902,apportioned,1,nc-sbe,2026-09-08T00:30:19+00:00
2024,NC,NC-06,2024-10-31,5,265797,16559,14940,250857,73127,111465,1753,79451,apportioned,1,nc-sbe,2026-09-08T00:30:19+00:00
2024,NC,NC-06,2024-11-01,4,287101,21305,15901,271200,78822,119273,1974,87031,apportioned,1,nc-sbe,2026-09-08T00:30:19+00:00
2024,NC,NC-06,2024-11-02,3,304251,17150,16627,287624,83919,124870,2193,93268,apportioned,1,nc-sbe,2026-09-08T00:30:19+00:00
2024,NC,NC-06,2024-11-03,2,304495,244,16869,287624,83999,124926,2195,93373,apportioned,1,nc-sbe,2026-09-08T00:30:19+00:00
2024,NC,NC-06,2024-11-04,1,305211,716,17586,287624,84261,125085,2201,93664,apportioned,1,nc-sbe,2026-09-08T00:30:19+00:00
2024,NC,NC-06,2024-11-05,0,306820,1609,19195,287624,84740,125515,2227,94337,apportioned,1,nc-sbe,2026-09-08T00:30:19+00:00
2024,NC,NC-07,2024-09-20,46,24,24,24,0,9,6,1,8,apportioned,1,nc-sbe,2026-09-06T15:36:54+00:00
2024,NC,NC-07,2024-09-21,45,24,0,24,0,9,6,1,8,apportioned,1,nc-sbe,2026-09-06T15:36:54+00:00
2024,NC,NC-07,2024-09-22,44,24,0,24,0,9,6,1,8,apportioned,1,nc-sbe,2026-09-06T15:36:54+00:00
2024,NC,NC-07,2024-09-23,43,109,85,109,0,41,30,4,35,apportioned,1,nc-sbe,2026-09-06T15:36:54+00:00
2024,NC,NC-07,2024-09-24,42,267,158,267,0,120,52,5,92,apportioned,1,nc-sbe,2026-09-06T15:36:54+00:00
2024,NC,NC-07,2024-09-25,41,301,33,301,0,132,58,5,106,apportioned,1,nc-sbe,2026-09-06T15:36:54+00:00
2024,NC,NC-07,2024-09-26,40,346,44,346,0,150,64,5,127,apportioned,1,nc-sbe,2026-09-06T15:36:54+00:00
2024,NC,NC-07,2024-09-27,39,399,52,399,0,176,74,9,140,apportioned,1,nc-sbe,2026-09-06T15:36:54+00:00
2024,NC,NC-07,2024-09-28,38,420,21,420,0,183,81,9,147,apportioned,1,nc-sbe,2026-09-06T15:36:54+00:00
2024,NC,NC-07,2024-09-29,37,439,19,439,0,192,83,9,155,apportioned,1,nc-sbe,2026-09-06T15:36:54+00:00
2024,NC,NC-07,2024-09-30,36,785,346,785,0,311,175,13,287,apportioned,1,nc-sbe,2026-09-06T15:36:54+00:00
2024,NC,NC-07,2024-10-01,35,974,189,974,0,375,233,13,353,apportioned,1,nc-sbe,2026-09-06T15:36:54+00:00
2024,NC,NC-07,2024-10-02,34,1185,211,1185,0,468,289,13,416,apportioned,1,nc-sbe,2026-09-06T15:36:54+00:00
2024,NC,NC-07,2024-10-03,33,1679,493,1679,0,650,451,15,564,apportioned,1,nc-sbe,2026-09-06T15:36:54+00:00
2024,NC,NC-07,2024-10-04,32,2166,488,2166,0,812,611,19,724,apportioned,1,nc-sbe,2026-09-06T15:36:54+00:00
2024,NC,NC-07,2024-10-05,31,2221,55,2221,0,827,631,19,744,apportioned,1,nc-sbe,2026-09-06T15:36:54+00:00
2024,NC,NC-07,2024-10-06,30,2262,41,2262,0,845,639,19,759,apportioned,1,nc-sbe,2026-09-06T15:36:54+00:00
2024,NC,NC-07,2024-10-07,29,2864,601,2864,0,1043,828,23,969,apportioned,1,nc-sbe,2026-09-06T15:36:54+00:00
2024,NC,NC-07,2024-10-08,28,3266,403,3266,0,1165,980,26,1095,apportioned,1,nc-sbe,2026-09-06T15:36:54+00:00
2024,NC,NC-07,2024-10-09,27,3638,372,3638,0,1305,1089,29,1215,apportioned,1,nc-sbe,2026-09-06T15:36:54+00:00
2024,NC,NC-07,2024-10-10,26,4061,423,4061,0,1453,1214,29,1365,apportioned,1,nc-sbe,2026-09-06T15:36:54+00:00
2024,NC,NC-07,2024-10-11,25,4512,450,4512,0,1592,1357,35,1526,apportioned,1,nc-sbe,2026-09-06T15:36:54+00:00
2024,NC,NC-07,2024-10-12,24,4747,235,4747,0,1686,1425,37,1598,apportioned,1,nc-sbe,2026-09-06T15:36:54+00:00
2024,NC,NC-07,2024-10-13,23,4776,29,4776,0,1701,1431,37,1606,apportioned,1,nc-sbe,2026-09-06T15:36:54+00:00
2024,NC,NC-07,2024-10-14,22,5235,459,5235,0,1856,1565,40,1773,apportioned,1,nc-sbe,2026-09-06T15:36:54+00:00
2024,NC,NC-07,2024-10-15,21,5804,568,5804,0,2038,1750,43,1973,apportioned,1,nc-sbe,2026-09-06T15:36:54+00:00
2024,NC,NC-07,2024-10-16,20,6108,305,6108,0,2159,1824,46,2079,apportioned,1,nc-sbe,2026-09-06T15:36:54+00:00
2024,NC,NC-07,2024-10-17,19,33228,27120,6714,26514,11041,12102,139,9946,apportioned,1,nc-sbe,2026-09-08T00:30:19+00:00
2024,NC,NC-07,2024-10-18,18,59149,25921,7535,51613,18897,21984,245,18021,apportioned,1,nc-sbe,2026-09-08T00:30:19+00:00
2024,NC,NC-07,2024-10-19,17,69130,9981,7789,61340,21921,25582,311,21315,apportioned,1,nc-sbe,2026-09-08T00:30:19+00:00
2024,NC,NC-07,2024-10-20,16,79582,10452,7839,71742,25395,29185,355,24646,apportioned,1,nc-sbe,2026-09-08T00:30:19+00:00
2024,NC,NC-07,2024-10-21,15,106782,27201,9123,97658,33844,39195,469,33275,apportioned,1,nc-sbe,2026-09-08T00:30:19+00:00
2024,NC,NC-07,2024-10-22,14,131924,25141,9684,122241,41530,48676,581,41137,apportioned,1,nc-sbe,2026-09-08T00:30:19+00:00
2024,NC,NC-07,2024-10-23,13,156683,24758,10737,145947,48726,57955,738,49265,apportioned,1,nc-sbe,2026-09-08T00:30:19+00:00
2024,NC,NC-07,2024-10-24,12,180255,23573,11765,168489,55353,66856,914,57131,apportioned,1,nc-sbe,2026-09-08T00:30:19+00:00
2024,NC,NC-07,2024-10-25,11,203380,23125,12411,190969,61649,75529,1063,65138,apportioned,1,nc-sbe,2026-09-08T00:30:19+00:00
2024,NC,NC-07,2024-10-26,10,213422,10043,12729,200694,64627,79119,1155,68522,apportioned,1,nc-sbe,2026-09-08T00:30:19+00:00
2024,NC,NC-07,2024-10-27,9,219129,5706,12788,206341,66122,81178,1186,70642,apportioned,1,nc-sbe,2026-09-08T00:30:19+00:00
2024,NC,NC-07,2024-10-28,8,243375,24246,14286,229089,73009,90036,1380,78951,apportioned,1,nc-sbe,2026-09-08T00:30:19+00:00
2024,NC,NC-07,2024-10-29,7,265039,21664,15180,249860,79165,97700,1542,86630,apportioned,1,nc-sbe,2026-09-08T00:30:19+00:00
2024,NC,NC-07,2024-10-30,6,285252,20210,16305,268946,84868,104616,1745,94023,apportioned,1,nc-sbe,2026-09-08T00:30:19+00:00
2024,NC,NC-07,2024-10-31,5,304526,19275,17431,287095,90201,111170,1947,101209,apportioned,1,nc-sbe,2026-09-08T00:30:19+00:00
2024,NC,NC-07,2024-11-01,4,328636,24110,18498,310137,97167,118986,2223,110260,apportioned,1,nc-sbe,2026-09-08T00:30:19+00:00
2024,NC,NC-07,2024-11-02,3,347239,18604,19539,327699,102908,124586,2481,117265,apportioned,1,nc-sbe,2026-09-08T00:30:19+00:00
2024,NC,NC-07,2024-11-03,2,347274,35,19576,327699,102917,124592,2483,117281,apportioned,1,nc-sbe,2026-09-08T00:30:19+00:00
2024,NC,NC-07,2024-11-04,1,348992,1716,21292,327699,103392,125064,2500,118034,apportioned,1,nc-sbe,2026-09-08T00:30:19+00:00
2024,NC,NC-07,2024-11-05,0,351031,2041,23332,327699,104107,125555,2532,118836,apportioned,1,nc-sbe,2026-09-08T00:30:19+00:00
2024,NC,NC-08,2024-09-20,46,3,3,3,0,1,1,0,1,apportioned,1,nc-sbe,2026-09-06T15:36:54+00:00
2024,NC,NC-08,2024-09-21,45,3,0,3,0,1,1,0,1,apportioned,1,nc-sbe,2026-09-06T15:36:54+00:00
2024,NC,NC-08,2024-09-22,44,5,2,5,0,3,1,0,1,apportioned,1,nc-sbe,2026-09-06T15:36:54+00:00
2024,NC,NC-08,2024-09-23,43,24,19,24,0,10,4,0,10,apportioned,1,nc-sbe,2026-09-06T15:36:54+00:00
2024,NC,NC-08,2024-09-24,42,60,36,60,0,26,8,0,25,apportioned,1,nc-sbe,2026-09-06T15:36:54+00:00
2024,NC,NC-08,2024-09-25,41,68,8,68,0,31,10,0,28,apportioned,1,nc-sbe,2026-09-06T15:36:54+00:00
2024,NC,NC-08,2024-09-26,40,80,12,80,0,36,12,1,33,apportioned,1,nc-sbe,2026-09-06T15:36:54+00:00
2024,NC,NC-08,2024-09-27,39,101,21,101,0,46,17,1,38,apportioned,1,nc-sbe,2026-09-06T15:36:54+00:00
2024,NC,NC-08,2024-09-28,38,153,51,153,0,68,20,3,61,apportioned,1,nc-sbe,2026-09-06T15:36:54+00:00
2024,NC,NC-08,2024-09-29,37,161,8,161,0,71,22,3,66,apportioned,1,nc-sbe,2026-09-06T15:36:54+00:00
2024,NC,NC-08,2024-09-30,36,445,286,445,0,178,86,6,176,apportioned,1,nc-sbe,2026-09-06T15:36:54+00:00
2024,NC,NC-08,2024-10-01,35,572,125,572,0,216,131,7,217,apportioned,1,nc-sbe,2026-09-06T15:36:54+00:00
2024,NC,NC-08,2024-10-02,34,819,247,819,0,301,206,8,302,apportioned,1,nc-sbe,2026-09-06T15:36:54+00:00
2024,NC,NC-08,2024-10-03,33,1059,241,1059,0,390,272,9,387,apportioned,1,nc-sbe,2026-09-06T15:36:54+00:00
2024,NC,NC-08,2024-10-04,32,1495,437,1495,0,511,431,11,544,apportioned,1,nc-sbe,2026-09-06T15:36:54+00:00
2024,NC,NC-08,2024-10-05,31,1538,43,1538,0,525,443,11,559,apportioned,1,nc-sbe,2026-09-06T15:36:54+00:00
2024,NC,NC-08,2024-10-06,30,1539,2,1539,0,525,443,12,559,apportioned,1,nc-sbe,2026-09-06T15:36:54+00:00
2024,NC,NC-08,2024-10-07,29,2105,566,2105,0,712,630,15,748,apportioned,1,nc-sbe,2026-09-06T15:36:54+00:00
2024,NC,NC-08,2024-10-08,28,2397,292,2397,0,801,737,18,842,apportioned,1,nc-sbe,2026-09-06T15:36:54+00:00
2024,NC,NC-08,2024-10-09,27,2669,271,2669,0,874,836,19,940,apportioned,1,nc-sbe,2026-09-06T15:36:54+00:00
2024,NC,NC-08,2024-10-10,26,3034,365,3034,0,986,966,19,1063,apportioned,1,nc-sbe,2026-09-06T15:36:54+00:00
2024,NC,NC-08,2024-10-11,25,3330,296,3330,0,1089,1057,20,1163,apportioned,1,nc-sbe,2026-09-06T15:36:54+00:00
2024,NC,NC-08,2024-10-12,24,3541,210,3541,0,1168,1116,21,1235,apportioned,1,nc-sbe,2026-09-06T15:36:54+00:00
2024,NC,NC-08,2024-10-13,23,3550,10,3550,0,1171,1117,22,1241,apportioned,1,nc-sbe,2026-09-06T15:36:54+00:00
2024,NC,NC-08,2024-10-14,22,3913,364,3913,0,1275,1243,24,1373,apportioned,1,nc-sbe,2026-09-06T15:36:54+00:00
2024,NC,NC-08,2024-10-15,21,4274,361,4274,0,1410,1341,26,1497,apportioned,1,nc-sbe,2026-09-06T15:36:54+00:00
2024,NC,NC-08,2024-10-16,20,4811,537,4811,0,1584,1502,30,1696,apportioned,1,nc-sbe,2026-09-06T15:36:54+00:00
2024,NC,NC-08,2024-10-17,19,30667,25857,5314,25354,10176,11106,138,9246,apportioned,1,nc-sbe,2026-09-08T00:30:19+00:00
2024,NC,NC-08,2024-10-18,18,55389,24721,5893,49497,17653,20531,240,16966,apportioned,1,nc-sbe,2026-09-08T00:30:19+00:00
2024,NC,NC-08,2024-10-19,17,66883,11494,6384,60500,20982,24866,306,20731,apportioned,1,nc-sbe,2026-09-08T00:30:19+00:00
2024,NC,NC-08,2024-10-20,16,72108,5224,6505,65605,22724,26594,340,22452,apportioned,1,nc-sbe,2026-09-08T00:30:19+00:00
2024,NC,NC-08,2024-10-21,15,96805,24696,7284,89521,30440,35835,449,30081,apportioned,1,nc-sbe,2026-09-08T00:30:19+00:00
2024,NC,NC-08,2024-10-22,14,119721,22916,7876,111843,37281,44804,583,37052,apportioned,1,nc-sbe,2026-09-08T00:30:19+00:00
2024,NC,NC-08,2024-10-23,13,140952,21233,8565,132388,43264,53168,712,43808,apportioned,1,nc-sbe,2026-09-08T00:30:19+00:00
2024,NC,NC-08,2024-10-24,12,161127,20174,9256,151871,49143,60929,863,50194,apportioned,1,nc-sbe,2026-09-08T00:30:19+00:00
2024,NC,NC-08,2024-10-25,11,183162,22035,10164,172998,55155,69439,1024,57544,apportioned,1,nc-sbe,2026-09-08T00:30:19+00:00
2024,NC,NC-08,2024-10-26,10,190956,7793,10428,180528,57426,72282,1095,60152,apportioned,1,nc-sbe,2026-09-08T00:30:19+00:00
2024,NC,NC-08,2024-10-27,9,198351,7396,10839,187512,59736,74789,1159,62667,apportioned,1,nc-sbe,2026-09-08T00:30:19+00:00
2024,NC,NC-08,2024-10-28,8,219054,20703,11304,207749,65749,82459,1324,69522,apportioned,1,nc-sbe,2026-09-08T00:30:19+00:00
2024,NC,NC-08,2024-10-29,7,237894,18840,11746,226148,71206,89276,1491,75923,apportioned,1,nc-sbe,2026-09-08T00:30:19+00:00
2024,NC,NC-08,2024-10-30,6,256934,19040,13040,243894,76813,95812,1681,82628,apportioned,1,nc-sbe,2026-09-08T00:30:19+00:00
2024,NC,NC-08,2024-10-31,5,274439,17505,14086,260353,81876,101848,1852,88863,apportioned,1,nc-sbe,2026-09-08T00:30:19+00:00
2024,NC,NC-08,2024-11-01,4,298190,23750,15285,282905,88720,109618,2120,97731,apportioned,1,nc-sbe,2026-09-08T00:30:19+00:00
2024,NC,NC-08,2024-11-02,3,316837,18649,16440,300398,94684,115267,2364,104524,apportioned,1,nc-sbe,2026-09-08T00:30:19+00:00
2024,NC,NC-08,2024-11-03,2,317309,472,16911,300398,94832,115372,2368,104739,apportioned,1,nc-sbe,2026-09-08T00:30:19+00:00
2024,NC,NC-08,2024-11-04,1,318403,1094,18006,300398,95149,115661,2377,105217,apportioned,1,nc-sbe,2026-09-08T00:30:19+00:00
2024,NC,NC-08,2024-11-05,0,320139,1735,19740,300398,95679,116062,2400,105999,apportioned,1,nc-sbe,2026-09-08T00:30:19+00:00
2024,NC,NC-09,2024-09-20,46,12,12,12,0,6,3,0,3,apportioned,1,nc-sbe,2026-09-06T15:36:54+00:00
2024,NC,NC-09,2024-09-21,45,17,5,17,0,9,3,0,5,apportioned,1,nc-sbe,2026-09-06T15:36:54+00:00
2024,NC,NC-09,2024-09-22,44,19,2,19,0,9,3,0,7,apportioned,1,nc-sbe,2026-09-06T15:36:54+00:00
2024,NC,NC-09,2024-09-23,43,94,75,94,0,47,16,3,26,apportioned,1,nc-sbe,2026-09-06T15:36:54+00:00
2024,NC,NC-09,2024-09-24,42,120,26,120,0,59,24,4,31,apportioned,1,nc-sbe,2026-09-06T15:36:54+00:00
2024,NC,NC-09,2024-09-25,41,151,32,151,0,71,32,4,44,apportioned,1,nc-sbe,2026-09-06T15:36:54+00:00
2024,NC,NC-09,2024-09-26,40,201,50,201,0,90,48,5,58,apportioned,1,nc-sbe,2026-09-06T15:36:54+00:00
2024,NC,NC-09,2024-09-27,39,274,73,274,0,124,61,7,82,apportioned,1,nc-sbe,2026-09-06T15:36:54+00:00
2024,NC,NC-09,2024-09-28,38,277,3,277,0,125,61,7,84,apportioned,1,nc-sbe,2026-09-06T15:36:54+00:00
2024,NC,NC-09,2024-09-29,37,277,0,277,0,125,61,7,84,apportioned,1,nc-sbe,2026-09-06T15:36:54+00:00
2024,NC,NC-09,2024-09-30,36,499,221,499,0,201,133,9,154,apportioned,1,nc-sbe,2026-09-06T15:36:54+00:00
2024,NC,NC-09,2024-10-01,35,753,255,753,0,290,215,11,237,apportioned,1,nc-sbe,2026-09-06T15:36:54+00:00
2024,NC,NC-09,2024-10-02,34,1069,316,1069,0,402,319,12,337,apportioned,1,nc-sbe,2026-09-06T15:36:54+00:00
2024,NC,NC-09,2024-10-03,33,1501,431,1501,0,539,462,15,485,apportioned,1,nc-sbe,2026-09-06T15:36:54+00:00
2024,NC,NC-09,2024-10-04,32,1762,261,1762,0,624,557,16,566,apportioned,1,nc-sbe,2026-09-06T15:36:54+00:00
2024,NC,NC-09,2024-10-05,31,1822,60,1822,0,638,577,16,592,apportioned,1,nc-sbe,2026-09-06T15:36:54+00:00
2024,NC,NC-09,2024-10-06,30,1869,47,1869,0,654,597,16,603,apportioned,1,nc-sbe,2026-09-06T15:36:54+00:00
2024,NC,NC-09,2024-10-07,29,2417,548,2417,0,819,791,17,792,apportioned,1,nc-sbe,2026-09-06T15:36:54+00:00
2024,NC,NC-09,2024-10-08,28,2807,390,2807,0,947,915,22,922,apportioned,1,nc-sbe,2026-09-06T15:36:54+00:00
2024,NC,NC-09,2024-10-09,27,3090,283,3090,0,1035,1017,22,1014,apportioned,1,nc-sbe,2026-09-06T15:36:54+00:00
2024,NC,NC-09,2024-10-10,26,3399,310,3399,0,1136,1112,26,1126,apportioned,1,nc-sbe,2026-09-06T15:36:54+00:00
2024,NC,NC-09,2024-10-11,25,3794,396,3794,0,1257,1244,27,1267,apportioned,1,nc-sbe,2026-09-06T15:36:54+00:00
2024,NC,NC-09,2024-10-12,24,3946,153,3946,0,1319,1288,29,1310,apportioned,1,nc-sbe,2026-09-06T15:36:54+00:00
2024,NC,NC-09,2024-10-13,23,4005,59,4005,0,1340,1306,29,1329,apportioned,1,nc-sbe,2026-09-06T15:36:54+00:00
2024,NC,NC-09,2024-10-14,22,4261,253,4261,0,1443,1372,30,1414,apportioned,1,nc-sbe,2026-09-06T15:36:54+00:00
2024,NC,NC-09,2024-10-15,21,4761,502,4761,0,1588,1531,34,1606,apportioned,1,nc-sbe,2026-09-06T15:36:54+00:00
2024,NC,NC-09,2024-10-16,20,5088,327,5088,0,1710,1639,37,1702,apportioned,1,nc-sbe,2026-09-06T15:36:54+00:00
2024,NC,NC-09,2024-10-17,19,28612,23524,5703,22909,9614,10778,131,8089,apportioned,1,nc-sbe,2026-09-08T00:30:19+00:00
2024,NC,NC-09,2024-10-18,18,51177,22564,6347,44831,16631,19625,244,14677,apportioned,1,nc-sbe,2026-09-08T00:30:19+00:00
2024,NC,NC-09,2024-10-19,17,64011,12834,6603,57409,20529,24629,312,18539,apportioned,1,nc-sbe,2026-09-08T00:30:19+00:00
2024,NC,NC-09,2024-10-20,16,67034,3023,6705,60330,21479,25671,330,19554,apportioned,1,nc-sbe,2026-09-08T00:30:19+00:00
2024,NC,NC-09,2024-10-21,15,90559,23525,7420,83141,29152,34827,439,26140,apportioned,1,nc-sbe,2026-09-08T00:30:19+00:00
2024,NC,NC-09,2024-10-22,14,112565,22007,7919,104647,35876,43624,541,32525,apportioned,1,nc-sbe,2026-09-08T00:30:19+00:00
2024,NC,NC-09,2024-10-23,13,133283,20718,8721,124561,41987,52018,658,38620,apportioned,1,nc-sbe,2026-09-08T00:30:19+00:00
2024,NC,NC-09,2024-10-24,12,153031,19749,9553,143479,47697,60043,785,44506,apportioned,1,nc-sbe,2026-09-08T00:30:19+00:00
2024,NC,NC-09,2024-10-25,11,173173,20142,10418,162755,53301,68068,919,50886,apportioned,1,nc-sbe,2026-09-08T00:30:19+00:00
2024,NC,NC-09,2024-10-26,10,184493,11319,10767,173725,56588,72367,1014,54523,apportioned,1,nc-sbe,2026-09-08T00:30:19+00:00
2024,NC,NC-09,2024-10-27,9,189246,4754,10836,178410,58097,74051,1055,56044,apportioned,1,nc-sbe,2026-09-08T00:30:19+00:00
2024,NC,NC-09,2024-10-28,8,208998,19752,11864,197135,63837,81708,1191,62261,apportioned,1,nc-sbe,2026-09-08T00:30:19+00:00
2024,NC,NC-09,2024-10-29,7,226556,17557,12354,214202,69006,88373,1338,67838,apportioned,1,nc-sbe,2026-09-08T00:30:19+00:00
2024,NC,NC-09,2024-10-30,6,243919,17363,13472,230447,74118,94609,1509,73680,apportioned,1,nc-sbe,2026-09-08T00:30:19+00:00
2024,NC,NC-09,2024-10-31,5,260082,16163,14609,245473,78887,100375,1676,79145,apportioned,1,nc-sbe,2026-09-08T00:30:19+00:00
2024,NC,NC-09,2024-11-01,4,280881,20799,15569,265312,85032,107393,1899,86558,apportioned,1,nc-sbe,2026-09-08T00:30:19+00:00
2024,NC,NC-09,2024-11-02,3,297563,16681,16353,281210,90361,112538,2104,92561,apportioned,1,nc-sbe,2026-09-08T00:30:19+00:00
2024,NC,NC-09,2024-11-03,2,297668,105,16458,281210,90403,112555,2104,92606,apportioned,1,nc-sbe,2026-09-08T00:30:19+00:00
2024,NC,NC-09,2024-11-04,1,298613,945,17403,281210,90685,112801,2112,93016,apportioned,1,nc-sbe,2026-09-08T00:30:19+00:00
2024,NC,NC-09,2024-11-05,0,300317,1704,19107,281210,91245,113226,2145,93703,apportioned,1,nc-sbe,2026-09-08T00:30:19+00:00
2024,NC,NC-10,2024-09-20,46,18,18,18,0,8,5,0,5,apportioned,1,nc-sbe,2026-09-06T15:36:54+00:00
2024,NC,NC-10,2024-09-21,45,28,10,28,0,15,5,0,8,apportioned,1,nc-sbe,2026-09-06T15:36:54+00:00
2024,NC,NC-10,2024-09-22,44,39,11,39,0,19,8,0,12,apportioned,1,nc-sbe,2026-09-06T15:36:54+00:00
2024,NC,NC-10,2024-09-23,43,83,43,83,0,37,20,1,25,apportioned,1,nc-sbe,2026-09-06T15:36:54+00:00
2024,NC,NC-10,2024-09-24,42,142,59,142,0,60,32,2,48,apportioned,1,nc-sbe,2026-09-06T15:36:54+00:00
2024,NC,NC-10,2024-09-25,41,170,29,170,0,74,37,2,57,apportioned,1,nc-sbe,2026-09-06T15:36:54+00:00
2024,NC,NC-10,2024-09-26,40,200,30,200,0,84,46,2,68,apportioned,1,nc-sbe,2026-09-06T15:36:54+00:00
2024,NC,NC-10,2024-09-27,39,236,35,236,0,98,55,2,80,apportioned,1,nc-sbe,2026-09-06T15:36:54+00:00
2024,NC,NC-10,2024-09-28,38,241,6,241,0,102,55,2,82,apportioned,1,nc-sbe,2026-09-06T15:36:54+00:00
2024,NC,NC-10,2024-09-29,37,248,6,248,0,105,56,2,85,apportioned,1,nc-sbe,2026-09-06T15:36:54+00:00
2024,NC,NC-10,2024-09-30,36,518,270,518,0,187,142,5,184,apportioned,1,nc-sbe,2026-09-06T15:36:54+00:00
2024,NC,NC-10,2024-10-01,35,727,210,727,0,262,211,5,249,apportioned,1,nc-sbe,2026-09-06T15:36:54+00:00
2024,NC,NC-10,2024-10-02,34,1018,291,1018,0,349,309,6,354,apportioned,1,nc-sbe,2026-09-06T15:36:54+00:00
2024,NC,NC-10,2024-10-03,33,1332,314,1332,0,430,439,9,454,apportioned,1,nc-sbe,2026-09-06T15:36:54+00:00
2024,NC,NC-10,2024-10-04,32,1701,369,1701,0,537,581,12,572,apportioned,1,nc-sbe,2026-09-06T15:36:54+00:00
2024,NC,NC-10,2024-10-05,31,1706,5,1706,0,539,581,12,575,apportioned,1,nc-sbe,2026-09-06T15:36:54+00:00
2024,NC,NC-10,2024-10-06,30,1727,21,1727,0,550,586,12,580,apportioned,1,nc-sbe,2026-09-06T15:36:54+00:00
2024,NC,NC-10,2024-10-07,29,2409,681,2409,0,741,864,16,789,apportioned,1,nc-sbe,2026-09-06T15:36:54+00:00
2024,NC,NC-10,2024-10-08,28,2908,499,2908,0,923,1040,16,929,apportioned,1,nc-sbe,2026-09-06T15:36:54+00:00
2024,NC,NC-10,2024-10-09,27,3358,451,3358,0,1059,1199,18,1083,apportioned,1,nc-sbe,2026-09-06T15:36:54+00:00
2024,NC,NC-10,2024-10-10,26,3781,422,3781,0,1192,1346,21,1221,apportioned,1,nc-sbe,2026-09-06T15:36:54+00:00
2024,NC,NC-10,2024-10-11,25,4180,399,4180,0,1312,1492,25,1352,apportioned,1,nc-sbe,2026-09-06T15:36:54+00:00
2024,NC,NC-10,2024-10-12,24,4194,14,4194,0,1316,1492,25,1360,apportioned,1,nc-sbe,2026-09-06T15:36:54+00:00
2024,NC,NC-10,2024-10-13,23,4205,10,4205,0,1320,1494,26,1365,apportioned,1,nc-sbe,2026-09-06T15:36:54+00:00
2024,NC,NC-10,2024-10-14,22,4820,615,4820,0,1511,1698,27,1584,apportioned,1,nc-sbe,2026-09-06T15:36:54+00:00
2024,NC,NC-10,2024-10-15,21,5282,462,5282,0,1658,1842,32,1750,apportioned,1,nc-sbe,2026-09-06T15:36:54+00:00
2024,NC,NC-10,2024-10-16,20,5665,384,5665,0,1782,1989,33,1861,apportioned,1,nc-sbe,2026-09-06T15:36:54+00:00
2024,NC,NC-10,2024-10-17,19,32389,26723,6328,26061,9247,13533,154,9455,apportioned,1,nc-sbe,2026-09-08T00:30:19+00:00
2024,NC,NC-10,2024-10-18,18,59230,26841,7296,51934,15991,25209,272,17758,apportioned,1,nc-sbe,2026-09-08T00:30:19+00:00
2024,NC,NC-10,2024-10-19,17,74896,15666,7633,67263,20037,31792,355,22713,apportioned,1,nc-sbe,2026-09-08T00:30:19+00:00
2024,NC,NC-10,2024-10-20,16,79923,5027,7784,72139,21628,33561,385,24349,apportioned,1,nc-sbe,2026-09-08T00:30:19+00:00
2024,NC,NC-10,2024-10-21,15,106832,26909,8921,97911,28303,45717,526,32287,apportioned,1,nc-sbe,2026-09-08T00:30:19+00:00
2024,NC,NC-10,2024-10-22,14,131654,24822,9415,122240,34162,56753,651,40088,apportioned,1,nc-sbe,2026-09-08T00:30:19+00:00
2024,NC,NC-10,2024-10-23,13,154946,23291,10147,144798,39502,67241,787,47415,apportioned,1,nc-sbe,2026-09-08T00:30:19+00:00
2024,NC,NC-10,2024-10-24,12,176720,21775,10794,165926,44344,77052,918,54406,apportioned,1,nc-sbe,2026-09-08T00:30:19+00:00
2024,NC,NC-10,2024-10-25,11,199187,22466,11823,187363,49126,87147,1070,61845,apportioned,1,nc-sbe,2026-09-08T00:30:19+00:00
2024,NC,NC-10,2024-10-26,10,211983,12796,12378,199604,52113,92464,1165,66240,apportioned,1,nc-sbe,2026-09-08T00:30:19+00:00
2024,NC,NC-10,2024-10-27,9,216755,4772,12423,204332,53338,94243,1209,67964,apportioned,1,nc-sbe,2026-09-08T00:30:19+00:00
2024,NC,NC-10,2024-10-28,8,237433,20678,13596,223836,58052,103051,1386,74945,apportioned,1,nc-sbe,2026-09-08T00:30:19+00:00
2024,NC,NC-10,2024-10-29,7,256673,19241,14333,242340,62383,111320,1514,81456,apportioned,1,nc-sbe,2026-09-08T00:30:19+00:00
2024,NC,NC-10,2024-10-30,6,274865,18192,15430,259435,66576,118706,1679,87904,apportioned,1,nc-sbe,2026-09-08T00:30:19+00:00
2024,NC,NC-10,2024-10-31,5,291769,16904,16669,275100,70498,125582,1839,93850,apportioned,1,nc-sbe,2026-09-08T00:30:19+00:00
2024,NC,NC-10,2024-11-01,4,314618,22849,17781,296837,75757,134447,2066,102348,apportioned,1,nc-sbe,2026-09-08T00:30:19+00:00
2024,NC,NC-10,2024-11-02,3,332379,17761,18463,313916,80234,140905,2280,108960,apportioned,1,nc-sbe,2026-09-08T00:30:19+00:00
2024,NC,NC-10,2024-11-03,2,332676,297,18761,313916,80316,140986,2283,109092,apportioned,1,nc-sbe,2026-09-08T00:30:19+00:00
2024,NC,NC-10,2024-11-04,1,333831,1155,19915,313916,80649,141303,2295,109584,apportioned,1,nc-sbe,2026-09-08T00:30:19+00:00
2024,NC,NC-10,2024-11-05,0,335001,1170,21085,313916,80989,141595,2319,110097,apportioned,1,nc-sbe,2026-09-08T00:30:19+00:00
2024,NC,NC-11,2024-09-20,46,26,26,26,0,12,2,0,12,apportioned,1,nc-sbe,2026-09-06T15:36:54+00:00
2024,NC,NC-11,2024-09-21,45,71,45,71,0,42,3,0,26,apportioned,1,nc-sbe,2026-09-06T15:36:54+00:00
2024,NC,NC-11,2024-09-22,44,103,32,103,0,60,8,0,35,apportioned,1,nc-sbe,2026-09-06T15:36:54+00:00
2024,NC,NC-11,2024-09-23,43,217,114,217,0,124,16,1,76,apportioned,1,nc-sbe,2026-09-06T15:36:54+00:00
2024,NC,NC-11,2024-09-24,42,271,54,271,0,153,23,1,95,apportioned,1,nc-sbe,2026-09-06T15:36:54+00:00
2024,NC,NC-11,2024-09-25,41,329,58,329,0,187,24,1,117,apportioned,1,nc-sbe,2026-09-06T15:36:54+00:00
2024,NC,NC-11,2024-09-26,40,380,51,380,0,210,28,1,141,apportioned,1,nc-sbe,2026-09-06T15:36:54+00:00
2024,NC,NC-11,2024-09-27,39,397,17,397,0,222,29,1,145,apportioned,1,nc-sbe,2026-09-06T15:36:54+00:00
2024,NC,NC-11,2024-09-28,38,407,10,407,0,226,30,1,150,apportioned,1,nc-sbe,2026-09-06T15:36:54+00:00
2024,NC,NC-11,2024-09-29,37,418,11,418,0,234,31,1,152,apportioned,1,nc-sbe,2026-09-06T15:36:54+00:00
2024,NC,NC-11,2024-09-30,36,509,91,509,0,269,62,1,177,apportioned,1,nc-sbe,2026-09-06T15:36:54+00:00
2024,NC,NC-11,2024-10-01,35,563,54,563,0,290,77,1,195,apportioned,1,nc-sbe,2026-09-06T15:36:54+00:00
2024,NC,NC-11,2024-10-02,34,661,98,661,0,331,99,1,230,apportioned,1,nc-sbe,2026-09-06T15:36:54+00:00
2024,NC,NC-11,2024-10-03,33,807,146,807,0,389,134,1,283,apportioned,1,nc-sbe,2026-09-06T15:36:54+00:00
2024,NC,NC-11,2024-10-04,32,990,183,990,0,463,175,1,350,apportioned,1,nc-sbe,2026-09-06T15:36:54+00:00
2024,NC,NC-11,2024-10-05,31,1054,64,1054,0,487,187,2,378,apportioned,1,nc-sbe,2026-09-06T15:36:54+00:00
2024,NC,NC-11,2024-10-06,30,1075,20,1075,0,494,189,2,390,apportioned,1,nc-sbe,2026-09-06T15:36:54+00:00
2024,NC,NC-11,2024-10-07,29,1503,428,1503,0,630,305,4,564,apportioned,1,nc-sbe,2026-09-06T15:36:54+00:00
2024,NC,NC-11,2024-10-08,28,1788,285,1788,0,744,373,6,666,apportioned,1,nc-sbe,2026-09-06T15:36:54+00:00
2024,NC,NC-11,2024-10-09,27,2374,586,2374,0,962,525,9,877,apportioned,1,nc-sbe,2026-09-06T15:36:54+00:00
2024,NC,NC-11,2024-10-10,26,3057,683,3057,0,1244,688,14,1110,apportioned,1,nc-sbe,2026-09-06T15:36:54+00:00
2024,NC,NC-11,2024-10-11,25,3735,678,3735,0,1476,867,18,1373,apportioned,1,nc-sbe,2026-09-06T15:36:54+00:00
2024,NC,NC-11,2024-10-12,24,3873,138,3873,0,1540,895,18,1419,apportioned,1,nc-sbe,2026-09-06T15:36:54+00:00
2024,NC,NC-11,2024-10-13,23,3896,23,3896,0,1551,895,18,1431,apportioned,1,nc-sbe,2026-09-06T15:36:54+00:00
2024,NC,NC-11,2024-10-14,22,4373,477,4373,0,1727,1023,20,1604,apportioned,1,nc-sbe,2026-09-06T15:36:54+00:00
2024,NC,NC-11,2024-10-15,21,4868,494,4868,0,1919,1134,24,1790,apportioned,1,nc-sbe,2026-09-06T15:36:54+00:00
2024,NC,NC-11,2024-10-16,20,5521,654,5521,0,2187,1263,29,2042,apportioned,1,nc-sbe,2026-09-06T15:36:54+00:00
2024,NC,NC-11,2024-10-17,19,31278,25756,6226,25052,9860,10426,140,10851,apportioned,1,nc-sbe,2026-09-08T00:30:19+00:00
2024,NC,NC-11,2024-10-18,18,56921,25644,7142,49780,17155,19367,236,20163,apportioned,1,nc-sbe,2026-09-08T00:30:19+00:00
2024,NC,NC-11,2024-10-19,17,69249,12328,7571,61678,21307,22953,299,24691,apportioned,1,nc-sbe,2026-09-08T00:30:19+00:00
2024,NC,NC-11,2024-10-20,16,74164,4915,7627,66537,23430,23727,314,26694,apportioned,1,nc-sbe,2026-09-08T00:30:19+00:00
2024,NC,NC-11,2024-10-21,15,101486,27322,9013,92473,31044,33243,436,36764,apportioned,1,nc-sbe,2026-09-08T00:30:19+00:00
2024,NC,NC-11,2024-10-22,14,127150,25664,9742,117409,38094,42234,563,46259,apportioned,1,nc-sbe,2026-09-08T00:30:19+00:00
2024,NC,NC-11,2024-10-23,13,151500,24350,10854,140646,44690,50715,695,55400,apportioned,1,nc-sbe,2026-09-08T00:30:19+00:00
2024,NC,NC-11,2024-10-24,12,174881,23381,12126,162755,51066,58734,822,64260,apportioned,1,nc-sbe,2026-09-08T00:30:19+00:00
2024,NC,NC-11,2024-10-25,11,199119,24238,14042,185077,57322,67338,987,73472,apportioned,1,nc-sbe,2026-09-08T00:30:19+00:00
2024,NC,NC-11,2024-10-26,10,209640,10521,14325,195315,60527,70436,1073,77603,apportioned,1,nc-sbe,2026-09-08T00:30:19+00:00
2024,NC,NC-11,2024-10-27,9,215564,5924,14522,201042,62786,71636,1121,80020,apportioned,1,nc-sbe,2026-09-08T00:30:19+00:00
2024,NC,NC-11,2024-10-28,8,238307,22743,16265,222042,68596,79656,1291,88763,apportioned,1,nc-sbe,2026-09-08T00:30:19+00:00
2024,NC,NC-11,2024-10-29,7,260787,22480,17792,242996,74300,87459,1450,97578,apportioned,1,nc-sbe,2026-09-08T00:30:19+00:00
2024,NC,NC-11,2024-10-30,6,281825,21038,19047,262778,79551,94592,1608,106074,apportioned,1,nc-sbe,2026-09-08T00:30:19+00:00
2024,NC,NC-11,2024-10-31,5,301308,19482,20304,281004,84392,101051,1792,114073,apportioned,1,nc-sbe,2026-09-08T00:30:19+00:00
2024,NC,NC-11,2024-11-01,4,325710,24402,21657,304053,90142,109334,2042,124191,apportioned,1,nc-sbe,2026-09-08T00:30:19+00:00
2024,NC,NC-11,2024-11-02,3,344975,19265,22695,322280,94697,115671,2264,132343,apportioned,1,nc-sbe,2026-09-08T00:30:19+00:00
2024,NC,NC-11,2024-11-03,2,345131,156,22851,322280,94735,115721,2265,132410,apportioned,1,nc-sbe,2026-09-08T00:30:19+00:00
2024,NC,NC-11,2024-11-04,1,346786,1654,24505,322280,95297,116019,2290,133179,apportioned,1,nc-sbe,2026-09-08T00:30:19+00:00
2024,NC,NC-11,2024-11-05,0,348385,1599,26104,322280,95846,116299,2311,133928,apportioned,1,nc-sbe,2026-09-08T00:30:19+00:00
2024,NC,NC-12,2024-09-20,46,5,5,5,0,1,0,0,4,apportioned,1,nc-sbe,2026-09-06T15:36:54+00:00
2024,NC,NC-12,2024-09-21,45,5,0,5,0,1,0,0,4,apportioned,1,nc-sbe,2026-09-06T15:36:54+00:00
2024,NC,NC-12,2024-09-22,44,5,0,5,0,1,0,0,4,apportioned,1,nc-sbe,2026-09-06T15:36:54+00:00
2024,NC,NC-12,2024-09-23,43,20,15,20,0,5,1,0,14,apportioned,1,nc-sbe,2026-09-06T15:36:54+00:00
2024,NC,NC-12,2024-09-24,42,169,149,169,0,75,11,0,84,apportioned,1,nc-sbe,2026-09-06T15:36:54+00:00
2024,NC,NC-12,2024-09-25,41,184,15,184,0,80,12,0,92,apportioned,1,nc-sbe,2026-09-06T15:36:54+00:00
2024,NC,NC-12,2024-09-26,40,205,21,205,0,87,18,0,100,apportioned,1,nc-sbe,2026-09-06T15:36:54+00:00
2024,NC,NC-12,2024-09-27,39,205,0,205,0,87,18,0,100,apportioned,1,nc-sbe,2026-09-06T15:36:54+00:00
2024,NC,NC-12,2024-09-28,38,438,233,438,0,187,35,7,209,apportioned,1,nc-sbe,2026-09-06T15:36:54+00:00
2024,NC,NC-12,2024-09-29,37,469,31,469,0,198,36,8,226,apportioned,1,nc-sbe,2026-09-06T15:36:54+00:00
2024,NC,NC-12,2024-09-30,36,589,119,589,0,244,70,8,267,apportioned,1,nc-sbe,2026-09-06T15:36:54+00:00
2024,NC,NC-12,2024-10-01,35,738,150,738,0,298,106,9,324,apportioned,1,nc-sbe,2026-09-06T15:36:54+00:00
2024,NC,NC-12,2024-10-02,34,993,254,993,0,409,160,11,412,apportioned,1,nc-sbe,2026-09-06T15:36:54+00:00
2024,NC,NC-12,2024-10-03,33,1644,652,1644,0,646,346,17,636,apportioned,1,nc-sbe,2026-09-06T15:36:54+00:00
2024,NC,NC-12,2024-10-04,32,2002,358,2002,0,786,433,19,763,apportioned,1,nc-sbe,2026-09-06T15:36:54+00:00
2024,NC,NC-12,2024-10-05,31,2195,193,2195,0,848,493,19,835,apportioned,1,nc-sbe,2026-09-06T15:36:54+00:00
2024,NC,NC-12,2024-10-06,30,2195,0,2195,0,848,493,19,835,apportioned,1,nc-sbe,2026-09-06T15:36:54+00:00
2024,NC,NC-12,2024-10-07,29,2520,324,2520,0,972,564,20,963,apportioned,1,nc-sbe,2026-09-06T15:36:54+00:00
2024,NC,NC-12,2024-10-08,28,3066,546,3066,0,1179,709,23,1156,apportioned,1,nc-sbe,2026-09-06T15:36:54+00:00
2024,NC,NC-12,2024-10-09,27,3203,138,3203,0,1228,736,23,1217,apportioned,1,nc-sbe,2026-09-06T15:36:54+00:00
2024,NC,NC-12,2024-10-10,26,3542,339,3542,0,1359,828,25,1330,apportioned,1,nc-sbe,2026-09-06T15:36:54+00:00
2024,NC,NC-12,2024-10-11,25,3955,413,3955,0,1518,924,27,1486,apportioned,1,nc-sbe,2026-09-06T15:36:54+00:00
2024,NC,NC-12,2024-10-12,24,4842,887,4842,0,1851,1154,31,1807,apportioned,1,nc-sbe,2026-09-06T15:36:54+00:00
2024,NC,NC-12,2024-10-13,23,4878,36,4878,0,1864,1157,31,1826,apportioned,1,nc-sbe,2026-09-06T15:36:54+00:00
2024,NC,NC-12,2024-10-14,22,5085,207,5085,0,1936,1204,31,1913,apportioned,1,nc-sbe,2026-09-06T15:36:54+00:00
2024,NC,NC-12,2024-10-15,21,5443,358,5443,0,2089,1276,33,2045,apportioned,1,nc-sbe,2026-09-06T15:36:54+00:00
2024,NC,NC-12,2024-10-16,20,6009,566,6009,0,2293,1412,37,2266,apportioned,1,nc-sbe,2026-09-06T15:36:54+00:00
2024,NC,NC-12,2024-10-17,19,24874,18864,6634,18240,11503,5196,123,8052,apportioned,1,nc-sbe,2026-09-08T00:30:19+00:00
2024,NC,NC-12,2024-10-18,18,44300,19427,7538,36762,20197,9295,225,14584,apportioned,1,nc-sbe,2026-09-08T00:30:19+00:00
2024,NC,NC-12,2024-10-19,17,56526,12225,8111,48414,25941,11621,306,18657,apportioned,1,nc-sbe,2026-09-08T00:30:19+00:00
2024,NC,NC-12,2024-10-20,16,64235,7710,8655,55580,29559,13001,357,21319,apportioned,1,nc-sbe,2026-09-08T00:30:19+00:00
2024,NC,NC-12,2024-10-21,15,83383,19148,9138,74245,37940,17285,485,27673,apportioned,1,nc-sbe,2026-09-08T00:30:19+00:00
2024,NC,NC-12,2024-10-22,14,102323,18940,9893,92430,45920,21708,618,34077,apportioned,1,nc-sbe,2026-09-08T00:30:19+00:00
2024,NC,NC-12,2024-10-23,13,120366,18043,10780,109586,53174,26190,736,40266,apportioned,1,nc-sbe,2026-09-08T00:30:19+00:00
2024,NC,NC-12,2024-10-24,12,137604,17238,11565,126039,60144,30313,888,46258,apportioned,1,nc-sbe,2026-09-08T00:30:19+00:00
2024,NC,NC-12,2024-10-25,11,155601,17998,11837,143764,67349,34399,1062,52791,apportioned,1,nc-sbe,2026-09-08T00:30:19+00:00
2024,NC,NC-12,2024-10-26,10,167071,11469,12836,154235,72508,36521,1186,56856,apportioned,1,nc-sbe,2026-09-08T00:30:19+00:00
2024,NC,NC-12,2024-10-27,9,174350,7279,13302,161048,75735,37851,1257,59507,apportioned,1,nc-sbe,2026-09-08T00:30:19+00:00
2024,NC,NC-12,2024-10-28,8,192280,17930,14307,177973,82999,41900,1427,65953,apportioned,1,nc-sbe,2026-09-08T00:30:19+00:00
2024,NC,NC-12,2024-10-29,7,209455,17175,14853,194601,89778,45793,1614,72270,apportioned,1,nc-sbe,2026-09-08T00:30:19+00:00
2024,NC,NC-12,2024-10-30,6,227708,18253,16450,211257,96962,49599,1840,79307,apportioned,1,nc-sbe,2026-09-08T00:30:19+00:00
2024,NC,NC-12,2024-10-31,5,244464,16756,17691,226773,103383,53206,2056,85818,apportioned,1,nc-sbe,2026-09-08T00:30:19+00:00
2024,NC,NC-12,2024-11-01,4,266283,21819,18454,247829,111840,57522,2367,94554,apportioned,1,nc-sbe,2026-09-08T00:30:19+00:00
2024,NC,NC-12,2024-11-02,3,285473,19189,20542,264930,120062,60760,2681,101968,apportioned,1,nc-sbe,2026-09-08T00:30:19+00:00
2024,NC,NC-12,2024-11-03,2,286239,767,21309,264930,120349,60889,2686,102316,apportioned,1,nc-sbe,2026-09-08T00:30:19+00:00
2024,NC,NC-12,2024-11-04,1,286240,1,21310,264930,120350,60889,2686,102316,apportioned,1,nc-sbe,2026-09-08T00:30:19+00:00
2024,NC,NC-12,2024-11-05,0,288994,2754,24064,264930,121378,61348,2721,103547,apportioned,1,nc-sbe,2026-09-08T00:30:19+00:00
2024,NC,NC-13,2024-09-20,46,9,9,9,0,4,1,0,4,apportioned,1,nc-sbe,2026-09-06T15:36:54+00:00
2024,NC,NC-13,2024-09-21,45,20,11,20,0,6,3,0,11,apportioned,1,nc-sbe,2026-09-06T15:36:54+00:00
2024,NC,NC-13,2024-09-22,44,29,9,29,0,10,4,0,15,apportioned,1,nc-sbe,2026-09-06T15:36:54+00:00
2024,NC,NC-13,2024-09-23,43,79,50,79,0,30,10,1,38,apportioned,1,nc-sbe,2026-09-06T15:36:54+00:00
2024,NC,NC-13,2024-09-24,42,116,36,116,0,49,14,6,46,apportioned,1,nc-sbe,2026-09-06T15:36:54+00:00
2024,NC,NC-13,2024-09-25,41,247,132,247,0,109,28,8,103,apportioned,1,nc-sbe,2026-09-06T15:36:54+00:00
2024,NC,NC-13,2024-09-26,40,282,35,282,0,124,30,9,119,apportioned,1,nc-sbe,2026-09-06T15:36:54+00:00
2024,NC,NC-13,2024-09-27,39,336,54,336,0,146,40,11,139,apportioned,1,nc-sbe,2026-09-06T15:36:54+00:00
2024,NC,NC-13,2024-09-28,38,352,15,352,0,153,45,11,143,apportioned,1,nc-sbe,2026-09-06T15:36:54+00:00
2024,NC,NC-13,2024-09-29,37,361,9,361,0,155,48,11,147,apportioned,1,nc-sbe,2026-09-06T15:36:54+00:00
2024,NC,NC-13,2024-09-30,36,545,185,545,0,226,111,12,196,apportioned,1,nc-sbe,2026-09-06T15:36:54+00:00
2024,NC,NC-13,2024-10-01,35,674,129,674,0,273,151,12,239,apportioned,1,nc-sbe,2026-09-06T15:36:54+00:00
2024,NC,NC-13,2024-10-02,34,1004,330,1004,0,385,248,13,358,apportioned,1,nc-sbe,2026-09-06T15:36:54+00:00
2024,NC,NC-13,2024-10-03,33,1422,417,1422,0,558,363,14,487,apportioned,1,nc-sbe,2026-09-06T15:36:54+00:00
2024,NC,NC-13,2024-10-04,32,1695,273,1695,0,657,434,16,588,apportioned,1,nc-sbe,2026-09-06T15:36:54+00:00
2024,NC,NC-13,2024-10-05,31,1801,107,1801,0,693,462,18,628,apportioned,1,nc-sbe,2026-09-06T15:36:54+00:00
2024,NC,NC-13,2024-10-06,30,1808,7,1808,0,699,463,18,628,apportioned,1,nc-sbe,2026-09-06T15:36:54+00:00
2024,NC,NC-13,2024-10-07,29,2335,527,2335,0,887,611,24,813,apportioned,1,nc-sbe,2026-09-06T15:36:54+00:00
2024,NC,NC-13,2024-10-08,28,2634,300,2634,0,1011,696,27,902,apportioned,1,nc-sbe,2026-09-06T15:36:54+00:00
2024,NC,NC-13,2024-10-09,27,3082,448,3082,0,1164,825,30,1063,apportioned,1,nc-sbe,2026-09-06T15:36:54+00:00
2024,NC,NC-13,2024-10-10,26,3457,376,3457,0,1306,932,32,1187,apportioned,1,nc-sbe,2026-09-06T15:36:54+00:00
2024,NC,NC-13,2024-10-11,25,4070,613,4070,0,1545,1090,35,1400,apportioned,1,nc-sbe,2026-09-06T15:36:54+00:00
2024,NC,NC-13,2024-10-12,24,4279,209,4279,0,1626,1143,36,1475,apportioned,1,nc-sbe,2026-09-06T15:36:54+00:00
2024,NC,NC-13,2024-10-13,23,4286,7,4286,0,1628,1145,36,1478,apportioned,1,nc-sbe,2026-09-06T15:36:54+00:00
2024,NC,NC-13,2024-10-14,22,4459,173,4459,0,1692,1191,36,1540,apportioned,1,nc-sbe,2026-09-06T15:36:54+00:00
2024,NC,NC-13,2024-10-15,21,4864,405,4864,0,1840,1336,40,1649,apportioned,1,nc-sbe,2026-09-06T15:36:54+00:00
2024,NC,NC-13,2024-10-16,20,5030,166,5030,0,1901,1372,41,1716,apportioned,1,nc-sbe,2026-09-06T15:36:54+00:00
2024,NC,NC-13,2024-10-17,19,36919,31890,5876,31043,12719,12996,206,10998,apportioned,1,nc-sbe,2026-09-08T00:30:19+00:00
2024,NC,NC-13,2024-10-18,18,64271,27351,6653,57618,21226,23101,354,19589,apportioned,1,nc-sbe,2026-09-08T00:30:19+00:00
2024,NC,NC-13,2024-10-19,17,80055,15784,7150,72905,26168,28723,479,24685,apportioned,1,nc-sbe,2026-09-08T00:30:19+00:00
2024,NC,NC-13,2024-10-20,16,84503,4448,7384,77119,27829,29930,502,26241,apportioned,1,nc-sbe,2026-09-08T00:30:19+00:00
2024,NC,NC-13,2024-10-21,15,110252,25749,8225,102027,36400,39041,666,34144,apportioned,1,nc-sbe,2026-09-08T00:30:19+00:00
2024,NC,NC-13,2024-10-22,14,132960,22709,8626,124335,43663,47126,816,41357,apportioned,1,nc-sbe,2026-09-08T00:30:19+00:00
2024,NC,NC-13,2024-10-23,13,153602,20640,9188,144414,49886,54538,969,48208,apportioned,1,nc-sbe,2026-09-08T00:30:19+00:00
2024,NC,NC-13,2024-10-24,12,173722,20121,10279,163443,55932,61811,1102,54878,apportioned,1,nc-sbe,2026-09-08T00:30:19+00:00
2024,NC,NC-13,2024-10-25,11,195129,21406,11062,184065,62186,69482,1263,62197,apportioned,1,nc-sbe,2026-09-08T00:30:19+00:00
2024,NC,NC-13,2024-10-26,10,208280,13151,11892,196387,66091,73925,1394,66871,apportioned,1,nc-sbe,2026-09-08T00:30:19+00:00
2024,NC,NC-13,2024-10-27,9,213294,5014,12251,201042,67717,75366,1447,68764,apportioned,1,nc-sbe,2026-09-08T00:30:19+00:00
2024,NC,NC-13,2024-10-28,8,234229,20936,13036,221193,74064,82657,1618,75889,apportioned,1,nc-sbe,2026-09-08T00:30:19+00:00
2024,NC,NC-13,2024-10-29,7,253532,19304,13454,240077,79665,89268,1819,82780,apportioned,1,nc-sbe,2026-09-08T00:30:19+00:00
2024,NC,NC-13,2024-10-30,6,272214,18682,14359,257856,85089,95513,2020,89592,apportioned,1,nc-sbe,2026-09-08T00:30:19+00:00
2024,NC,NC-13,2024-10-31,5,289675,17461,15529,274146,90264,101219,2211,95982,apportioned,1,nc-sbe,2026-09-08T00:30:19+00:00
2024,NC,NC-13,2024-11-01,4,315476,25802,16757,298719,97716,109288,2535,105938,apportioned,1,nc-sbe,2026-09-08T00:30:19+00:00
2024,NC,NC-13,2024-11-02,3,337201,21725,18552,318649,104371,115638,2832,114360,apportioned,1,nc-sbe,2026-09-08T00:30:19+00:00
2024,NC,NC-13,2024-11-03,2,337298,97,18649,318649,104394,115663,2834,114407,apportioned,1,nc-sbe,2026-09-08T00:30:19+00:00
2024,NC,NC-13,2024-11-04,1,338509,1210,19859,318649,104761,115932,2846,114969,apportioned,1,nc-sbe,2026-09-08T00:30:19+00:00
2024,NC,NC-13,2024-11-05,0,340082,1574,21433,318649,105256,116254,2879,115694,apportioned,1,nc-sbe,2026-09-08T00:30:19+00:00
2024,NC,NC-14,2024-09-20,46,17,17,17,0,4,5,0,8,apportioned,1,nc-sbe,2026-09-06T15:36:54+00:00
2024,NC,NC-14,2024-09-21,45,21,4,21,0,6,5,0,10,apportioned,1,nc-sbe,2026-09-06T15:36:54+00:00
2024,NC,NC-14,2024-09-22,44,25,4,25,0,8,7,0,10,apportioned,1,nc-sbe,2026-09-06T15:36:54+00:00
2024,NC,NC-14,2024-09-23,43,44,19,44,0,14,9,0,21,apportioned,1,nc-sbe,2026-09-06T15:36:54+00:00
2024,NC,NC-14,2024-09-24,42,119,75,119,0,48,17,0,53,apportioned,1,nc-sbe,2026-09-06T15:36:54+00:00
2024,NC,NC-14,2024-09-25,41,133,14,133,0,55,19,0,58,apportioned,1,nc-sbe,2026-09-06T15:36:54+00:00
2024,NC,NC-14,2024-09-26,40,180,47,180,0,72,33,0,74,apportioned,1,nc-sbe,2026-09-06T15:36:54+00:00
2024,NC,NC-14,2024-09-27,39,185,5,185,0,75,35,0,74,apportioned,1,nc-sbe,2026-09-06T15:36:54+00:00
2024,NC,NC-14,2024-09-28,38,286,102,286,0,120,43,3,120,apportioned,1,nc-sbe,2026-09-06T15:36:54+00:00
2024,NC,NC-14,2024-09-29,37,300,14,300,0,126,43,3,128,apportioned,1,nc-sbe,2026-09-06T15:36:54+00:00
2024,NC,NC-14,2024-09-30,36,378,78,378,0,158,62,3,154,apportioned,1,nc-sbe,2026-09-06T15:36:54+00:00
2024,NC,NC-14,2024-10-01,35,491,113,491,0,198,90,4,200,apportioned,1,nc-sbe,2026-09-06T15:36:54+00:00
2024,NC,NC-14,2024-10-02,34,646,155,646,0,263,133,5,246,apportioned,1,nc-sbe,2026-09-06T15:36:54+00:00
2024,NC,NC-14,2024-10-03,33,965,318,965,0,373,233,7,352,apportioned,1,nc-sbe,2026-09-06T15:36:54+00:00
2024,NC,NC-14,2024-10-04,32,1187,222,1187,0,447,301,9,431,apportioned,1,nc-sbe,2026-09-06T15:36:54+00:00
2024,NC,NC-14,2024-10-05,31,1415,227,1415,0,515,383,9,508,apportioned,1,nc-sbe,2026-09-06T15:36:54+00:00
2024,NC,NC-14,2024-10-06,30,1426,12,1426,0,518,384,9,515,apportioned,1,nc-sbe,2026-09-06T15:36:54+00:00
2024,NC,NC-14,2024-10-07,29,1775,350,1775,0,645,496,11,624,apportioned,1,nc-sbe,2026-09-06T15:36:54+00:00
2024,NC,NC-14,2024-10-08,28,2084,309,2084,0,763,581,13,725,apportioned,1,nc-sbe,2026-09-06T15:36:54+00:00
2024,NC,NC-14,2024-10-09,27,2289,205,2289,0,842,642,13,793,apportioned,1,nc-sbe,2026-09-06T15:36:54+00:00
2024,NC,NC-14,2024-10-10,26,2696,407,2696,0,994,777,17,909,apportioned,1,nc-sbe,2026-09-06T15:36:54+00:00
2024,NC,NC-14,2024-10-11,25,3053,357,3053,0,1116,886,19,1034,apportioned,1,nc-sbe,2026-09-06T15:36:54+00:00
2024,NC,NC-14,2024-10-12,24,3578,525,3578,0,1315,1032,23,1209,apportioned,1,nc-sbe,2026-09-06T15:36:54+00:00
2024,NC,NC-14,2024-10-13,23,3610,32,3610,0,1328,1037,24,1221,apportioned,1,nc-sbe,2026-09-06T15:36:54+00:00
2024,NC,NC-14,2024-10-14,22,3759,149,3759,0,1375,1082,25,1277,apportioned,1,nc-sbe,2026-09-06T15:36:54+00:00
2024,NC,NC-14,2024-10-15,21,4104,346,4104,0,1515,1173,26,1391,apportioned,1,nc-sbe,2026-09-06T15:36:54+00:00
2024,NC,NC-14,2024-10-16,20,4427,322,4427,0,1634,1252,29,1512,apportioned,1,nc-sbe,2026-09-06T15:36:54+00:00
2024,NC,NC-14,2024-10-17,19,30101,25675,5185,24915,10321,10872,141,8768,apportioned,1,nc-sbe,2026-09-08T00:30:19+00:00
2024,NC,NC-14,2024-10-18,18,54286,24184,5808,48477,17670,20133,264,16218,apportioned,1,nc-sbe,2026-09-08T00:30:19+00:00
2024,NC,NC-14,2024-10-19,17,66776,12491,6393,60384,21954,24357,327,20137,apportioned,1,nc-sbe,2026-09-08T00:30:19+00:00
2024,NC,NC-14,2024-10-20,16,73567,6791,6640,66927,24442,26500,369,22254,apportioned,1,nc-sbe,2026-09-08T00:30:19+00:00
2024,NC,NC-14,2024-10-21,15,97953,24386,7060,90893,31926,35875,496,29656,apportioned,1,nc-sbe,2026-09-08T00:30:19+00:00
2024,NC,NC-14,2024-10-22,14,121227,23274,7736,113491,38837,44778,654,36958,apportioned,1,nc-sbe,2026-09-08T00:30:19+00:00
2024,NC,NC-14,2024-10-23,13,143461,22234,8643,134818,45213,53417,764,44067,apportioned,1,nc-sbe,2026-09-08T00:30:19+00:00
2024,NC,NC-14,2024-10-24,12,164314,20853,9572,154742,51324,61438,913,50638,apportioned,1,nc-sbe,2026-09-08T00:30:19+00:00
2024,NC,NC-14,2024-10-25,11,185527,21212,10030,175497,57278,69450,1074,57725,apportioned,1,nc-sbe,2026-09-08T00:30:19+00:00
2024,NC,NC-14,2024-10-26,10,196643,11117,10541,186102,60977,73052,1180,61435,apportioned,1,nc-sbe,2026-09-08T00:30:19+00:00
2024,NC,NC-14,2024-10-27,9,202849,6206,10810,192039,63100,75027,1236,63487,apportioned,1,nc-sbe,2026-09-08T00:30:19+00:00
2024,NC,NC-14,2024-10-28,8,223856,21007,11944,211912,69236,82841,1427,70352,apportioned,1,nc-sbe,2026-09-08T00:30:19+00:00
2024,NC,NC-14,2024-10-29,7,243255,19399,12718,230536,74850,89831,1606,76968,apportioned,1,nc-sbe,2026-09-08T00:30:19+00:00
2024,NC,NC-14,2024-10-30,6,261778,18524,13620,248159,80473,96104,1808,83393,apportioned,1,nc-sbe,2026-09-08T00:30:19+00:00
2024,NC,NC-14,2024-10-31,5,279461,17684,14893,264568,85680,102180,2002,89600,apportioned,1,nc-sbe,2026-09-08T00:30:19+00:00
2024,NC,NC-14,2024-11-01,4,303273,23812,16095,287178,92547,110058,2301,98369,apportioned,1,nc-sbe,2026-09-08T00:30:19+00:00
2024,NC,NC-14,2024-11-02,3,322205,18932,17360,304846,98707,115759,2580,105160,apportioned,1,nc-sbe,2026-09-08T00:30:19+00:00
2024,NC,NC-14,2024-11-03,2,322601,395,17755,304846,98844,115835,2582,105338,apportioned,1,nc-sbe,2026-09-08T00:30:19+00:00
2024,NC,NC-14,2024-11-04,1,323224,625,18379,304846,99031,116029,2590,105574,apportioned,1,nc-sbe,2026-09-08T00:30:19+00:00
2024,NC,NC-14,2024-11-05,0,324910,1686,20066,304846,99605,116377,2610,106319,apportioned,1,nc-sbe,2026-09-08T00:30:19+00:00
2026,NC,NC-01,2026-09-04,60,1,1,1,0,1,0,0,0,apportioned,1,nc-sbe,2026-09-06T23:28:11+00:00
2026,NC,NC-01,2026-09-05,59,2,1,2,0,1,0,0,1,apportioned,1,nc-sbe,2026-09-06T23:28:11+00:00
2026,NC,NC-01,2026-09-06,58,2,0,2,0,1,0,0,1,apportioned,1,nc-sbe,2026-09-06T23:28:11+00:00
2026,NC,NC-01,2026-09-07,57,3,1,3,0,1,0,0,2,apportioned,1,nc-sbe,2026-09-07T00:37:30+00:00
2026,NC,NC-01,2026-09-08,56,18,15,18,0,6,4,0,8,apportioned,1,nc-sbe,2026-09-09T14:09:24+00:00
2026,NC,NC-01,2026-09-09,55,28,10,28,0,9,7,0,12,apportioned,1,nc-sbe,2026-09-12T13:20:35+00:00
2026,NC,NC-01,2026-09-10,54,42,14,42,0,19,8,0,15,apportioned,1,nc-sbe,2026-09-12T13:20:35+00:00
2026,NC,NC-01,2026-09-11,53,54,10,54,0,23,9,0,20,apportioned,1,nc-sbe,2026-09-12T13:20:35+00:00
2026,NC,NC-01,2026-09-12,52,54,0,54,0,23,9,0,20,apportioned,1,nc-sbe,2026-09-12T13:20:35+00:00
2026,NC,NC-01,2026-09-13,51,55,1,55,0,23,9,0,21,apportioned,1,nc-sbe,2026-09-23T10:46:03+00:00
2026,NC,NC-01,2026-09-14,50,85,31,85,0,40,16,0,29,apportioned,1,nc-sbe,2026-09-23T10:46:03+00:00
2026,NC,NC-01,2026-09-15,49,125,39,125,0,59,20,0,46,apportioned,1,nc-sbe,2026-09-23T10:46:03+00:00
2026,NC,NC-01,2026-09-16,48,162,37,162,0,75,26,0,61,apportioned,1,nc-sbe,2026-09-23T10:46:03+00:00
2026,NC,NC-01,2026-09-17,47,191,29,191,0,86,31,0,74,apportioned,1,nc-sbe,2026-09-23T10:46:03+00:00
2026,NC,NC-01,2026-09-18,46,232,41,232,0,106,38,0,88,apportioned,1,nc-sbe,2026-09-23T10:46:03+00:00
2026,NC,NC-01,2026-09-19,45,233,1,233,0,106,38,0,89,apportioned,1,nc-sbe,2026-09-23T10:46:03+00:00
2026,NC,NC-01,2026-09-20,44,235,2,235,0,107,38,0,90,apportioned,1,nc-sbe,2026-09-23T10:46:03+00:00
2026,NC,NC-01,2026-09-21,43,321,86,321,0,148,50,0,123,apportioned,1,nc-sbe,2026-09-23T10:46:03+00:00
2026,NC,NC-01,2026-09-22,42,351,30,351,0,162,53,0,136,apportioned,1,nc-sbe,2026-09-23T10:46:03+00:00
2026,NC,NC-01,2026-09-23,41,407,57,407,0,186,63,0,157,apportioned,1,nc-sbe,2026-09-28T10:33:10+00:00
2026,NC,NC-01,2026-09-24,40,449,42,449,0,200,73,0,175,apportioned,1,nc-sbe,2026-09-28T10:33:10+00:00
2026,NC,NC-01,2026-09-25,39,500,50,500,0,225,83,0,191,apportioned,1,nc-sbe,2026-09-28T10:33:10+00:00
2026,NC,NC-01,2026-09-26,38,500,1,500,0,225,83,0,191,apportioned,1,nc-sbe,2026-09-28T10:33:10+00:00
2026,NC,NC-01,2026-09-27,37,500,0,500,0,225,83,0,191,apportioned,1,nc-sbe,2026-09-28T10:33:10+00:00
2026,NC,NC-01,2026-09-28,36,634,134,634,0,283,110,1,240,apportioned,1,nc-sbe,2026-09-30T14:00:57+00:00
2026,NC,NC-01,2026-09-29,35,691,57,691,0,304,124,1,262,apportioned,1,nc-sbe,2026-09-30T14:00:57+00:00
2026,NC,NC-01,2026-09-30,34,714,24,714,0,313,128,1,272,apportioned,1,nc-sbe,2026-10-03T13:01:40+00:00
2026,NC,NC-01,2026-10-01,33,781,67,781,0,337,150,1,293,apportioned,1,nc-sbe,2026-10-08T17:11:26+00:00
2026,NC,NC-01,2026-10-02,32,830,49,830,0,361,160,1,308,apportioned,1,nc-sbe,2026-10-08T17:11:26+00:00
2026,NC,NC-01,2026-10-03,31,830,0,830,0,361,160,1,308,apportioned,1,nc-sbe,2026-10-08T17:11:26+00:00
2026,NC,NC-01,2026-10-04,30,830,0,830,0,361,160,1,308,apportioned,1,nc-sbe,2026-10-08T17:11:26+00:00
2026,NC,NC-01,2026-10-05,29,995,164,995,0,423,193,2,376,apportioned,1,nc-sbe,2026-10-08T17:11:26+00:00
2026,NC,NC-01,2026-10-06,28,1057,63,1057,0,455,206,2,394,apportioned,1,nc-sbe,2026-10-08T17:11:26+00:00
2026,NC,NC-01,2026-10-07,27,1091,32,1091,0,471,213,2,404,apportioned,1,nc-sbe,2026-10-08T17:11:26+00:00
2026,NC,NC-01,2026-10-08,26,1162,72,1162,0,493,237,3,430,apportioned,1,nc-sbe,2026-10-09T12:34:02+00:00
2026,NC,NC-01,2026-10-09,25,1162,0,1162,0,493,237,3,430,apportioned,1,nc-sbe,2026-10-09T12:34:02+00:00
2026,NC,NC-02,2026-09-09,55,128,128,128,0,64,8,0,56,apportioned,1,nc-sbe,2026-09-12T13:20:35+00:00
2026,NC,NC-02,2026-09-10,54,182,54,182,0,90,11,0,81,apportioned,1,nc-sbe,2026-09-16T10:50:39+00:00
2026,NC,NC-02,2026-09-11,53,219,37,219,0,105,15,0,99,apportioned,1,nc-sbe,2026-10-06T16:29:37+00:00
2026,NC,NC-02,2026-09-12,52,219,0,219,0,105,15,0,99,apportioned,1,nc-sbe,2026-10-06T16:29:37+00:00
2026,NC,NC-02,2026-09-13,51,219,0,219,0,105,15,0,99,apportioned,1,nc-sbe,2026-10-06T16:29:37+00:00
2026,NC,NC-02,2026-09-14,50,308,89,308,0,147,26,1,135,apportioned,1,nc-sbe,2026-10-06T16:29:37+00:00
2026,NC,NC-02,2026-09-15,49,418,109,418,0,204,32,1,181,apportioned,1,nc-sbe,2026-10-06T16:29:37+00:00
2026,NC,NC-02,2026-09-16,48,529,111,529,0,256,44,2,227,apportioned,1,nc-sbe,2026-10-06T16:29:37+00:00
2026,NC,NC-02,2026-09-17,47,581,52,581,0,284,48,2,247,apportioned,1,nc-sbe,2026-10-06T16:29:37+00:00
2026,NC,NC-02,2026-09-18,46,649,69,649,0,320,54,2,273,apportioned,1,nc-sbe,2026-10-06T16:29:37+00:00
2026,NC,NC-02,2026-09-19,45,649,0,649,0,320,54,2,273,apportioned,1,nc-sbe,2026-10-06T16:29:37+00:00
2026,NC,NC-02,2026-09-20,44,649,0,649,0,320,54,2,273,apportioned,1,nc-sbe,2026-10-06T16:29:37+00:00
2026,NC,NC-02,2026-09-21,43,926,277,926,0,438,87,2,399,apportioned,1,nc-sbe,2026-10-08T17:11:26+00:00
2026,NC,NC-02,2026-09-22,42,1004,78,1004,0,472,93,2,437,apportioned,1,nc-sbe,2026-10-08T17:11:26+00:00
2026,NC,NC-02,2026-09-23,41,1154,150,1154,0,536,116,2,500,apportioned,1,nc-sbe,2026-10-08T17:11:26+00:00
2026,NC,NC-02,2026-09-24,40,1188,34,1188,0,551,118,2,517,apportioned,1,nc-sbe,2026-10-08T17:11:26+00:00
2026,NC,NC-02,2026-09-25,39,1446,258,1446,0,657,156,3,630,apportioned,1,nc-sbe,2026-10-09T12:34:02+00:00
2026,NC,NC-02,2026-09-26,38,1457,11,1457,0,663,157,3,634,apportioned,1,nc-sbe,2026-10-09T12:34:02+00:00
2026,NC,NC-02,2026-09-27,37,1457,0,1457,0,663,157,3,634,apportioned,1,nc-sbe,2026-10-09T12:34:02+00:00
2026,NC,NC-02,2026-09-28,36,1546,89,1546,0,703,164,3,676,apportioned,1,nc-sbe,2026-10-09T12:34:02+00:00
2026,NC,NC-02,2026-09-29,35,1723,177,1723,0,771,190,3,759,apportioned,1,nc-sbe,2026-10-09T12:34:02+00:00
2026,NC,NC-02,2026-09-30,34,1865,141,1865,0,836,205,4,819,apportioned,1,nc-sbe,2026-10-09T12:34:02+00:00
2026,NC,NC-02,2026-10-01,33,2008,143,2008,0,897,223,4,884,apportioned,1,nc-sbe,2026-10-09T12:34:02+00:00
2026,NC,NC-02,2026-10-02,32,2180,172,2180,0,977,244,4,954,apportioned,1,nc-sbe,2026-10-09T12:34:02+00:00
2026,NC,NC-02,2026-10-03,31,2180,0,2180,0,977,244,4,954,apportioned,1,nc-sbe,2026-10-09T12:34:02+00:00
2026,NC,NC-02,2026-10-04,30,2180,0,2180,0,977,244,4,954,apportioned,1,nc-sbe,2026-10-09T12:34:02+00:00
2026,NC,NC-02,2026-10-05,29,2496,316,2496,0,1112,281,6,1097,apportioned,1,nc-sbe,2026-10-09T12:34:02+00:00
2026,NC,NC-02,2026-10-06,28,2567,71,2567,0,1141,288,6,1131,apportioned,1,nc-sbe,2026-10-09T12:34:02+00:00
2026,NC,NC-02,2026-10-07,27,2736,169,2736,0,1208,310,6,1212,apportioned,1,nc-sbe,2026-10-09T12:34:02+00:00
2026,NC,NC-02,2026-10-08,26,2942,206,2942,0,1292,339,6,1304,apportioned,1,nc-sbe,2026-10-09T12:34:02+00:00
2026,NC,NC-02,2026-10-09,25,2942,0,2942,0,1292,339,6,1304,apportioned,1,nc-sbe,2026-10-09T12:34:02+00:00
2026,NC,NC-03,2026-09-04,60,1,1,1,0,1,0,0,0,apportioned,1,nc-sbe,2026-09-07T22:29:37+00:00
2026,NC,NC-03,2026-09-05,59,2,1,2,0,1,1,0,0,apportioned,1,nc-sbe,2026-09-09T14:09:24+00:00
2026,NC,NC-03,2026-09-06,58,2,0,2,0,1,1,0,0,apportioned,1,nc-sbe,2026-09-09T14:09:24+00:00
2026,NC,NC-03,2026-09-07,57,2,0,2,0,1,1,0,0,apportioned,1,nc-sbe,2026-09-09T14:09:24+00:00
2026,NC,NC-03,2026-09-08,56,18,16,18,0,13,1,0,4,apportioned,1,nc-sbe,2026-09-09T14:09:24+00:00
2026,NC,NC-03,2026-09-09,55,31,13,31,0,20,3,0,8,apportioned,1,nc-sbe,2026-09-10T14:03:17+00:00
2026,NC,NC-03,2026-09-10,54,50,19,50,0,36,3,0,11,apportioned,1,nc-sbe,2026-09-11T14:02:50+00:00
2026,NC,NC-03,2026-09-11,53,63,14,63,0,43,6,0,15,apportioned,1,nc-sbe,2026-09-12T13:20:35+00:00
2026,NC,NC-03,2026-09-12,52,63,0,63,0,43,6,0,15,apportioned,1,nc-sbe,2026-09-12T13:20:35+00:00
2026,NC,NC-03,2026-09-13,51,63,0,63,0,43,6,0,15,apportioned,1,nc-sbe,2026-09-13T03:08:41+00:00
2026,NC,NC-03,2026-09-14,50,118,55,118,0,84,10,0,24,apportioned,1,nc-sbe,2026-09-14T03:21:50+00:00
2026,NC,NC-03,2026-09-15,49,136,19,136,0,97,14,0,26,apportioned,1,nc-sbe,2026-09-17T12:39:38+00:00
2026,NC,NC-03,2026-09-16,48,168,32,168,0,116,15,1,37,apportioned,1,nc-sbe,2026-09-18T14:05:34+00:00
2026,NC,NC-03,2026-09-17,47,212,44,212,0,133,25,2,53,apportioned,1,nc-sbe,2026-09-18T14:05:34+00:00
2026,NC,NC-03,2026-09-18,46,241,29,241,0,151,31,2,58,apportioned,1,nc-sbe,2026-09-19T13:41:18+00:00
2026,NC,NC-03,2026-09-19,45,241,0,241,0,151,31,2,58,apportioned,1,nc-sbe,2026-09-19T13:41:18+00:00
2026,NC,NC-03,2026-09-20,44,241,0,241,0,151,31,2,58,apportioned,1,nc-sbe,2026-09-20T03:23:48+00:00
2026,NC,NC-03,2026-09-21,43,292,51,292,0,179,38,2,73,apportioned,1,nc-sbe,2026-09-22T13:05:02+00:00
2026,NC,NC-03,2026-09-22,42,343,51,343,0,202,48,2,91,apportioned,1,nc-sbe,2026-09-22T13:05:02+00:00
2026,NC,NC-03,2026-09-23,41,377,34,377,0,218,56,2,102,apportioned,1,nc-sbe,2026-09-23T04:33:55+00:00
2026,NC,NC-03,2026-09-24,40,401,24,401,0,230,64,2,106,apportioned,1,nc-sbe,2026-09-24T00:13:37+00:00
2026,NC,NC-03,2026-09-25,39,427,27,427,0,247,67,2,113,apportioned,1,nc-sbe,2026-09-25T03:25:25+00:00
2026,NC,NC-03,2026-09-26,38,427,0,427,0,247,67,2,113,apportioned,1,nc-sbe,2026-09-26T03:31:25+00:00
2026,NC,NC-03,2026-09-27,37,427,0,427,0,247,67,2,113,apportioned,1,nc-sbe,2026-09-27T03:39:36+00:00
2026,NC,NC-03,2026-09-28,36,483,56,483,0,276,70,2,136,apportioned,1,nc-sbe,2026-10-09T12:34:02+00:00
2026,NC,NC-03,2026-09-29,35,521,38,521,0,296,80,2,144,apportioned,1,nc-sbe,2026-10-09T12:34:02+00:00
2026,NC,NC-03,2026-09-30,34,550,29,550,0,308,87,2,153,apportioned,1,nc-sbe,2026-10-09T12:34:02+00:00
2026,NC,NC-03,2026-10-01,33,587,37,587,0,326,95,2,164,apportioned,1,nc-sbe,2026-10-09T12:34:02+00:00
2026,NC,NC-03,2026-10-02,32,610,23,610,0,345,98,2,165,apportioned,1,nc-sbe,2026-10-09T12:34:02+00:00
2026,NC,NC-03,2026-10-03,31,611,1,611,0,345,98,2,166,apportioned,1,nc-sbe,2026-10-09T12:34:02+00:00
2026,NC,NC-03,2026-10-04,30,611,0,611,0,345,98,2,166,apportioned,1,nc-sbe,2026-10-09T12:34:02+00:00
2026,NC,NC-03,2026-10-05,29,690,81,690,0,376,114,2,200,apportioned,1,nc-sbe,2026-10-09T12:34:02+00:00
2026,NC,NC-03,2026-10-06,28,751,60,751,0,408,125,2,217,apportioned,1,nc-sbe,2026-10-09T12:34:02+00:00
2026,NC,NC-03,2026-10-07,27,776,26,776,0,426,129,2,221,apportioned,1,nc-sbe,2026-10-09T12:34:02+00:00
2026,NC,NC-03,2026-10-08,26,839,62,839,0,450,141,2,245,apportioned,1,nc-sbe,2026-10-09T12:34:02+00:00
2026,NC,NC-03,2026-10-09,25,839,0,839,0,450,141,2,245,apportioned,1,nc-sbe,2026-10-09T12:34:02+00:00
2026,NC,NC-04,2026-09-04,60,12,12,12,0,7,0,0,5,apportioned,1,nc-sbe,2026-09-10T14:03:17+00:00
2026,NC,NC-04,2026-09-05,59,58,46,58,0,37,2,0,19,apportioned,1,nc-sbe,2026-09-12T13:20:35+00:00
2026,NC,NC-04,2026-09-06,58,85,27,85,0,50,3,0,32,apportioned,1,nc-sbe,2026-09-12T13:20:35+00:00
2026,NC,NC-04,2026-09-07,57,118,33,118,0,71,4,0,43,apportioned,1,nc-sbe,2026-09-12T13:20:35+00:00
2026,NC,NC-04,2026-09-08,56,135,17,135,0,82,5,0,48,apportioned,1,nc-sbe,2026-09-12T13:20:35+00:00
2026,NC,NC-04,2026-09-09,55,205,70,205,0,121,9,0,75,apportioned,1,nc-sbe,2026-09-12T13:20:35+00:00
2026,NC,NC-04,2026-09-10,54,271,66,271,0,152,11,0,108,apportioned,1,nc-sbe,2026-10-02T11:52:44+00:00
2026,NC,NC-04,2026-09-11,53,323,51,323,0,180,14,0,129,apportioned,1,nc-sbe,2026-09-12T13:20:35+00:00
2026,NC,NC-04,2026-09-12,52,336,13,336,0,188,15,0,133,apportioned,1,nc-sbe,2026-09-12T13:20:35+00:00
2026,NC,NC-04,2026-09-13,51,349,13,349,0,196,15,0,138,apportioned,1,nc-sbe,2026-09-13T03:08:41+00:00
2026,NC,NC-04,2026-09-14,50,439,91,439,0,241,22,0,176,apportioned,1,nc-sbe,2026-09-15T13:07:59+00:00
2026,NC,NC-04,2026-09-15,49,543,104,543,0,308,25,1,211,apportioned,1,nc-sbe,2026-09-16T10:50:39+00:00
2026,NC,NC-04,2026-09-16,48,630,86,630,0,355,31,1,244,apportioned,1,nc-sbe,2026-09-17T12:39:38+00:00
2026,NC,NC-04,2026-09-17,47,741,111,741,0,414,36,1,290,apportioned,1,nc-sbe,2026-09-18T14:05:34+00:00
2026,NC,NC-04,2026-09-18,46,824,83,824,0,462,41,1,321,apportioned,1,nc-sbe,2026-09-19T13:41:18+00:00
2026,NC,NC-04,2026-09-19,45,847,23,847,0,474,41,1,332,apportioned,1,nc-sbe,2026-09-19T13:41:18+00:00
2026,NC,NC-04,2026-09-20,44,866,19,866,0,487,42,1,337,apportioned,1,nc-sbe,2026-09-20T03:23:48+00:00
2026,NC,NC-04,2026-09-21,43,1116,249,1116,0,620,63,2,432,apportioned,1,nc-sbe,2026-09-30T14:00:57+00:00
2026,NC,NC-04,2026-09-22,42,1210,93,1210,0,665,71,2,471,apportioned,1,nc-sbe,2026-09-30T14:00:57+00:00
2026,NC,NC-04,2026-09-23,41,1334,124,1334,0,728,86,2,517,apportioned,1,nc-sbe,2026-09-30T14:00:57+00:00
2026,NC,NC-04,2026-09-24,40,1438,104,1438,0,785,92,2,559,apportioned,1,nc-sbe,2026-09-30T14:00:57+00:00
2026,NC,NC-04,2026-09-25,39,1609,171,1609,0,860,111,2,636,apportioned,1,nc-sbe,2026-09-30T14:00:57+00:00
2026,NC,NC-04,2026-09-26,38,1621,12,1621,0,867,111,2,642,apportioned,1,nc-sbe,2026-09-30T14:00:57+00:00
2026,NC,NC-04,2026-09-27,37,1637,16,1637,0,873,111,2,652,apportioned,1,nc-sbe,2026-09-30T14:00:57+00:00
2026,NC,NC-04,2026-09-28,36,1802,165,1802,0,958,116,3,726,apportioned,1,nc-sbe,2026-09-30T14:00:57+00:00
2026,NC,NC-04,2026-09-29,35,1993,190,1993,0,1059,131,3,799,apportioned,1,nc-sbe,2026-10-01T16:52:34+00:00
2026,NC,NC-04,2026-09-30,34,2155,163,2155,0,1146,143,4,862,apportioned,1,nc-sbe,2026-10-01T16:52:34+00:00
2026,NC,NC-04,2026-10-01,33,2329,173,2329,0,1231,163,5,930,apportioned,1,nc-sbe,2026-10-02T11:52:44+00:00
2026,NC,NC-04,2026-10-02,32,2495,167,2495,0,1319,183,5,988,apportioned,1,nc-sbe,2026-10-03T13:01:40+00:00
2026,NC,NC-04,2026-10-03,31,2525,30,2525,0,1337,184,5,999,apportioned,1,nc-sbe,2026-10-03T13:01:40+00:00
2026,NC,NC-04,2026-10-04,30,2546,21,2546,0,1347,184,5,1010,apportioned,1,nc-sbe,2026-10-04T00:20:58+00:00
2026,NC,NC-04,2026-10-05,29,2879,334,2879,0,1510,214,5,1150,apportioned,1,nc-sbe,2026-10-09T12:34:02+00:00
2026,NC,NC-04,2026-10-06,28,2969,89,2969,0,1552,221,5,1191,apportioned,1,nc-sbe,2026-10-09T12:34:02+00:00
2026,NC,NC-04,2026-10-07,27,3112,144,3112,0,1618,232,6,1257,apportioned,1,nc-sbe,2026-10-09T12:34:02+00:00
2026,NC,NC-04,2026-10-08,26,3304,192,3304,0,1719,250,6,1329,apportioned,1,nc-sbe,2026-10-09T12:34:02+00:00
2026,NC,NC-04,2026-10-09,25,3304,0,3304,0,1719,250,6,1329,apportioned,1,nc-sbe,2026-10-09T12:34:02+00:00
2026,NC,NC-05,2026-09-04,60,1,1,1,0,0,0,0,1,apportioned,1,nc-sbe,2026-09-16T10:50:39+00:00
2026,NC,NC-05,2026-09-05,59,2,1,2,0,1,0,0,1,apportioned,1,nc-sbe,2026-09-16T10:50:39+00:00
2026,NC,NC-05,2026-09-06,58,4,2,4,0,3,0,0,1,apportioned,1,nc-sbe,2026-09-16T10:50:39+00:00
2026,NC,NC-05,2026-09-07,57,4,0,4,0,3,0,0,1,apportioned,1,nc-sbe,2026-09-16T10:50:39+00:00
2026,NC,NC-05,2026-09-08,56,32,28,32,0,19,3,0,10,apportioned,1,nc-sbe,2026-09-09T14:09:24+00:00
2026,NC,NC-05,2026-09-09,55,41,9,41,0,26,3,0,13,apportioned,1,nc-sbe,2026-09-09T14:09:24+00:00
2026,NC,NC-05,2026-09-10,54,59,17,59,0,39,3,0,17,apportioned,1,nc-sbe,2026-09-10T03:04:15+00:00
2026,NC,NC-05,2026-09-11,53,79,20,79,0,53,4,0,21,apportioned,1,nc-sbe,2026-09-11T02:59:21+00:00
2026,NC,NC-05,2026-09-12,52,79,0,79,0,53,4,0,21,apportioned,1,nc-sbe,2026-09-12T03:06:51+00:00
2026,NC,NC-05,2026-09-13,51,79,0,79,0,53,4,0,21,apportioned,1,nc-sbe,2026-09-13T03:08:41+00:00
2026,NC,NC-05,2026-09-14,50,107,28,107,0,67,9,0,30,apportioned,1,nc-sbe,2026-09-14T03:21:50+00:00
2026,NC,NC-05,2026-09-15,49,150,43,150,0,85,18,0,46,apportioned,1,nc-sbe,2026-09-15T00:16:33+00:00
2026,NC,NC-05,2026-09-16,48,192,42,192,0,105,22,1,64,apportioned,1,nc-sbe,2026-09-17T12:39:38+00:00
2026,NC,NC-05,2026-09-17,47,225,33,225,0,121,30,1,73,apportioned,1,nc-sbe,2026-09-18T14:05:34+00:00
2026,NC,NC-05,2026-09-18,46,271,46,271,0,144,40,1,86,apportioned,1,nc-sbe,2026-09-19T13:41:18+00:00
2026,NC,NC-05,2026-09-19,45,271,0,271,0,144,40,1,86,apportioned,1,nc-sbe,2026-09-19T13:41:18+00:00
2026,NC,NC-05,2026-09-20,44,271,0,271,0,144,40,1,86,apportioned,1,nc-sbe,2026-09-20T03:23:48+00:00
2026,NC,NC-05,2026-09-21,43,345,74,345,0,173,59,2,111,apportioned,1,nc-sbe,2026-09-22T13:05:02+00:00
2026,NC,NC-05,2026-09-22,42,382,37,382,0,190,68,2,122,apportioned,1,nc-sbe,2026-09-22T13:05:02+00:00
2026,NC,NC-05,2026-09-23,41,419,37,419,0,207,77,2,133,apportioned,1,nc-sbe,2026-09-24T12:33:03+00:00
2026,NC,NC-05,2026-09-24,40,466,47,466,0,229,84,2,151,apportioned,1,nc-sbe,2026-09-24T12:33:03+00:00
2026,NC,NC-05,2026-09-25,39,541,75,541,0,261,105,4,172,apportioned,1,nc-sbe,2026-09-26T14:05:31+00:00
2026,NC,NC-05,2026-09-26,38,543,2,543,0,263,105,4,172,apportioned,1,nc-sbe,2026-09-26T14:05:31+00:00
2026,NC,NC-05,2026-09-27,37,543,0,543,0,263,105,4,172,apportioned,1,nc-sbe,2026-09-27T03:39:36+00:00
2026,NC,NC-05,2026-09-28,36,631,88,631,0,302,125,4,201,apportioned,1,nc-sbe,2026-09-29T13:11:50+00:00
2026,NC,NC-05,2026-09-29,35,684,53,684,0,319,137,4,224,apportioned,1,nc-sbe,2026-09-30T14:00:57+00:00
2026,NC,NC-05,2026-09-30,34,775,92,775,0,350,170,4,252,apportioned,1,nc-sbe,2026-10-01T16:52:34+00:00
2026,NC,NC-05,2026-10-01,33,821,46,821,0,372,181,4,263,apportioned,1,nc-sbe,2026-10-02T11:52:44+00:00
2026,NC,NC-05,2026-10-02,32,863,42,863,0,387,190,4,282,apportioned,1,nc-sbe,2026-10-03T13:01:40+00:00
2026,NC,NC-05,2026-10-03,31,863,0,863,0,387,190,4,282,apportioned,1,nc-sbe,2026-10-03T13:01:40+00:00
2026,NC,NC-05,2026-10-04,30,865,2,865,0,388,190,4,283,apportioned,1,nc-sbe,2026-10-04T00:20:58+00:00
2026,NC,NC-05,2026-10-05,29,995,131,995,0,436,225,4,331,apportioned,1,nc-sbe,2026-10-06T16:29:37+00:00
2026,NC,NC-05,2026-10-06,28,1053,57,1053,0,457,240,4,353,apportioned,1,nc-sbe,2026-10-07T12:39:00+00:00
2026,NC,NC-05,2026-10-07,27,1170,117,1170,0,505,270,5,391,apportioned,1,nc-sbe,2026-10-08T17:11:26+00:00
2026,NC,NC-05,2026-10-08,26,1226,56,1226,0,530,288,5,403,apportioned,1,nc-sbe,2026-10-09T12:34:02+00:00
2026,NC,NC-05,2026-10-09,25,1226,0,1226,0,530,288,5,403,apportioned,1,nc-sbe,2026-10-09T12:34:02+00:00
2026,NC,NC-06,2026-09-04,60,1,1,1,0,0,0,0,0,apportioned,1,nc-sbe,2026-09-07T22:29:37+00:00
2026,NC,NC-06,2026-09-05,59,1,0,1,0,0,0,0,0,apportioned,1,nc-sbe,2026-09-07T22:29:37+00:00
2026,NC,NC-06,2026-09-06,58,1,0,1,0,0,0,0,0,apportioned,1,nc-sbe,2026-09-07T22:29:37+00:00
2026,NC,NC-06,2026-09-07,57,1,0,1,0,0,0,0,0,apportioned,1,nc-sbe,2026-09-07T22:29:37+00:00
2026,NC,NC-06,2026-09-08,56,24,23,24,0,13,0,0,9,apportioned,1,nc-sbe,2026-09-09T14:09:24+00:00
2026,NC,NC-06,2026-09-09,55,32,8,32,0,18,0,0,12,apportioned,1,nc-sbe,2026-09-10T14:03:17+00:00
2026,NC,NC-06,2026-09-10,54,46,14,46,0,23,5,1,17,apportioned,1,nc-sbe,2026-09-24T12:33:03+00:00
2026,NC,NC-06,2026-09-11,53,71,25,71,0,32,7,1,31,apportioned,1,nc-sbe,2026-09-24T12:33:03+00:00
2026,NC,NC-06,2026-09-12,52,71,0,71,0,32,7,1,31,apportioned,1,nc-sbe,2026-09-24T12:33:03+00:00
2026,NC,NC-06,2026-09-13,51,71,0,71,0,32,7,1,31,apportioned,1,nc-sbe,2026-09-24T12:33:03+00:00
2026,NC,NC-06,2026-09-14,50,117,46,117,0,52,15,1,49,apportioned,1,nc-sbe,2026-09-24T12:33:03+00:00
2026,NC,NC-06,2026-09-15,49,150,33,150,0,63,23,1,63,apportioned,1,nc-sbe,2026-09-24T12:33:03+00:00
2026,NC,NC-06,2026-09-16,48,211,63,211,0,94,37,1,79,apportioned,1,nc-sbe,2026-09-24T12:33:03+00:00
2026,NC,NC-06,2026-09-17,47,253,42,253,0,116,41,1,94,apportioned,1,nc-sbe,2026-10-01T16:52:34+00:00
2026,NC,NC-06,2026-09-18,46,323,70,323,0,148,57,1,116,apportioned,1,nc-sbe,2026-10-01T16:52:34+00:00
2026,NC,NC-06,2026-09-19,45,323,0,323,0,148,57,1,116,apportioned,1,nc-sbe,2026-10-01T16:52:34+00:00
2026,NC,NC-06,2026-09-20,44,323,0,323,0,148,57,1,116,apportioned,1,nc-sbe,2026-10-01T16:52:34+00:00
2026,NC,NC-06,2026-09-21,43,449,127,449,0,207,93,1,148,apportioned,1,nc-sbe,2026-10-01T16:52:34+00:00
2026,NC,NC-06,2026-09-22,42,494,45,494,0,221,99,1,174,apportioned,1,nc-sbe,2026-10-01T16:52:34+00:00
2026,NC,NC-06,2026-09-23,41,583,90,583,0,256,125,1,202,apportioned,1,nc-sbe,2026-10-06T16:29:37+00:00
2026,NC,NC-06,2026-09-24,40,698,114,698,0,305,148,1,243,apportioned,1,nc-sbe,2026-10-06T16:29:37+00:00
2026,NC,NC-06,2026-09-25,39,737,39,737,0,323,156,1,258,apportioned,1,nc-sbe,2026-10-06T16:29:37+00:00
2026,NC,NC-06,2026-09-26,38,737,0,737,0,323,156,1,258,apportioned,1,nc-sbe,2026-10-06T16:29:37+00:00
2026,NC,NC-06,2026-09-27,37,737,0,737,0,323,156,1,258,apportioned,1,nc-sbe,2026-10-06T16:29:37+00:00
2026,NC,NC-06,2026-09-28,36,864,128,864,0,372,185,3,305,apportioned,1,nc-sbe,2026-10-06T16:29:37+00:00
2026,NC,NC-06,2026-09-29,35,935,71,935,0,397,209,3,325,apportioned,1,nc-sbe,2026-10-06T16:29:37+00:00
2026,NC,NC-06,2026-09-30,34,1039,103,1039,0,444,235,3,355,apportioned,1,nc-sbe,2026-10-06T16:29:37+00:00
2026,NC,NC-06,2026-10-01,33,1115,76,1115,0,481,246,3,383,apportioned,1,nc-sbe,2026-10-06T16:29:37+00:00
2026,NC,NC-06,2026-10-02,32,1168,53,1168,0,501,260,3,403,apportioned,1,nc-sbe,2026-10-06T16:29:37+00:00
2026,NC,NC-06,2026-10-03,31,1180,12,1180,0,503,267,3,406,apportioned,1,nc-sbe,2026-10-06T16:29:37+00:00
2026,NC,NC-06,2026-10-04,30,1180,0,1180,0,503,267,3,406,apportioned,1,nc-sbe,2026-10-06T16:29:37+00:00
2026,NC,NC-06,2026-10-05,29,1301,121,1301,0,556,297,3,445,apportioned,1,nc-sbe,2026-10-08T17:11:26+00:00
2026,NC,NC-06,2026-10-06,28,1377,78,1377,0,587,311,3,477,apportioned,1,nc-sbe,2026-10-08T17:11:26+00:00
2026,NC,NC-06,2026-10-07,27,1472,95,1472,0,629,329,3,510,apportioned,1,nc-sbe,2026-10-08T17:11:26+00:00
2026,NC,NC-06,2026-10-08,26,1538,66,1538,0,656,347,3,532,apportioned,1,nc-sbe,2026-10-09T12:34:02+00:00
2026,NC,NC-06,2026-10-09,25,1538,0,1538,0,656,347,3,532,apportioned,1,nc-sbe,2026-10-09T12:34:02+00:00
2026,NC,NC-07,2026-09-04,60,3,3,3,0,2,0,0,1,apportioned,1,nc-sbe,2026-09-09T14:09:24+00:00
2026,NC,NC-07,2026-09-05,59,11,7,11,0,6,0,0,4,apportioned,1,nc-sbe,2026-09-09T14:09:24+00:00
2026,NC,NC-07,2026-09-06,58,18,7,18,0,10,0,0,7,apportioned,1,nc-sbe,2026-09-09T14:09:24+00:00
2026,NC,NC-07,2026-09-07,57,27,9,27,0,15,0,0,12,apportioned,1,nc-sbe,2026-09-09T14:09:24+00:00
2026,NC,NC-07,2026-09-08,56,56,29,56,0,30,4,0,23,apportioned,1,nc-sbe,2026-09-09T14:09:24+00:00
2026,NC,NC-07,2026-09-09,55,75,18,75,0,41,6,0,28,apportioned,1,nc-sbe,2026-09-11T14:02:50+00:00
2026,NC,NC-07,2026-09-10,54,87,12,87,0,50,7,0,30,apportioned,1,nc-sbe,2026-09-12T13:20:35+00:00
2026,NC,NC-07,2026-09-11,53,103,16,103,0,60,8,0,36,apportioned,1,nc-sbe,2026-09-12T13:20:35+00:00
2026,NC,NC-07,2026-09-12,52,106,3,106,0,63,8,0,36,apportioned,1,nc-sbe,2026-09-12T13:20:35+00:00
2026,NC,NC-07,2026-09-13,51,109,3,109,0,65,9,0,36,apportioned,1,nc-sbe,2026-09-13T03:08:41+00:00
2026,NC,NC-07,2026-09-14,50,156,47,156,0,89,17,0,50,apportioned,1,nc-sbe,2026-09-17T12:39:38+00:00
2026,NC,NC-07,2026-09-15,49,207,50,207,0,108,29,0,69,apportioned,1,nc-sbe,2026-09-17T12:39:38+00:00
2026,NC,NC-07,2026-09-16,48,249,41,249,0,128,35,1,83,apportioned,1,nc-sbe,2026-09-17T12:39:38+00:00
2026,NC,NC-07,2026-09-17,47,324,76,324,0,175,47,1,100,apportioned,1,nc-sbe,2026-09-18T14:05:34+00:00
2026,NC,NC-07,2026-09-18,46,366,42,366,0,197,54,1,114,apportioned,1,nc-sbe,2026-09-18T14:05:34+00:00
2026,NC,NC-07,2026-09-19,45,371,5,371,0,200,54,1,116,apportioned,1,nc-sbe,2026-09-19T03:07:32+00:00
2026,NC,NC-07,2026-09-20,44,372,1,372,0,201,54,1,116,apportioned,1,nc-sbe,2026-09-20T03:23:48+00:00
2026,NC,NC-07,2026-09-21,43,515,143,515,0,266,79,1,168,apportioned,1,nc-sbe,2026-09-21T03:18:45+00:00
2026,NC,NC-07,2026-09-22,42,545,30,545,0,280,85,1,178,apportioned,1,nc-sbe,2026-09-23T10:46:03+00:00
2026,NC,NC-07,2026-09-23,41,674,128,674,0,329,111,1,232,apportioned,1,nc-sbe,2026-09-24T12:33:03+00:00
2026,NC,NC-07,2026-09-24,40,756,81,756,0,364,128,1,261,apportioned,1,nc-sbe,2026-09-25T09:22:14+00:00
2026,NC,NC-07,2026-09-25,39,813,59,813,0,387,134,1,290,apportioned,1,nc-sbe,2026-09-25T09:22:14+00:00
2026,NC,NC-07,2026-09-26,38,816,3,816,0,389,134,1,291,apportioned,1,nc-sbe,2026-09-26T03:31:25+00:00
2026,NC,NC-07,2026-09-27,37,818,2,818,0,391,134,1,291,apportioned,1,nc-sbe,2026-09-27T03:39:36+00:00
2026,NC,NC-07,2026-09-28,36,1057,239,1057,0,482,182,2,390,apportioned,1,nc-sbe,2026-10-01T16:52:34+00:00
2026,NC,NC-07,2026-09-29,35,1103,46,1103,0,500,190,2,410,apportioned,1,nc-sbe,2026-10-01T16:52:34+00:00
2026,NC,NC-07,2026-09-30,34,1149,45,1149,0,521,202,2,425,apportioned,1,nc-sbe,2026-10-01T16:52:34+00:00
2026,NC,NC-07,2026-10-01,33,1230,81,1230,0,561,214,2,453,apportioned,1,nc-sbe,2026-10-07T12:39:00+00:00
2026,NC,NC-07,2026-10-02,32,1379,149,1379,0,625,242,3,509,apportioned,1,nc-sbe,2026-10-07T12:39:00+00:00
2026,NC,NC-07,2026-10-03,31,1382,3,1382,0,628,242,3,509,apportioned,1,nc-sbe,2026-10-07T12:39:00+00:00
2026,NC,NC-07,2026-10-04,30,1391,8,1391,0,633,242,3,512,apportioned,1,nc-sbe,2026-10-07T12:39:00+00:00
2026,NC,NC-07,2026-10-05,29,1517,126,1517,0,686,272,4,553,apportioned,1,nc-sbe,2026-10-07T12:39:00+00:00
2026,NC,NC-07,2026-10-06,28,1631,113,1631,0,737,295,6,592,apportioned,1,nc-sbe,2026-10-07T12:39:00+00:00
2026,NC,NC-07,2026-10-07,27,1781,150,1781,0,794,326,6,655,apportioned,1,nc-sbe,2026-10-08T17:11:26+00:00
2026,NC,NC-07,2026-10-08,26,1882,101,1882,0,832,346,8,696,apportioned,1,nc-sbe,2026-10-09T12:34:02+00:00
2026,NC,NC-07,2026-10-09,25,1882,0,1882,0,832,346,8,696,apportioned,1,nc-sbe,2026-10-09T12:34:02+00:00
2026,NC,NC-08,2026-09-04,60,2,2,2,0,1,0,0,1,apportioned,1,nc-sbe,2026-09-06T23:28:11+00:00
2026,NC,NC-08,2026-09-05,59,10,9,10,0,6,0,1,4,apportioned,1,nc-sbe,2026-09-06T23:28:11+00:00
2026,NC,NC-08,2026-09-06,58,15,5,15,0,8,0,1,7,apportioned,1,nc-sbe,2026-09-06T23:28:11+00:00
2026,NC,NC-08,2026-09-07,57,19,4,19,0,9,0,1,9,apportioned,1,nc-sbe,2026-09-07T00:37:30+00:00
2026,NC,NC-08,2026-09-08,56,41,22,41,0,22,2,1,18,apportioned,1,nc-sbe,2026-09-09T14:09:24+00:00
2026,NC,NC-08,2026-09-09,55,48,7,48,0,24,2,1,22,apportioned,1,nc-sbe,2026-09-10T14:03:17+00:00
2026,NC,NC-08,2026-09-10,54,56,8,56,0,28,3,1,23,apportioned,1,nc-sbe,2026-09-24T12:33:03+00:00
2026,NC,NC-08,2026-09-11,53,68,12,68,0,37,3,1,28,apportioned,1,nc-sbe,2026-09-24T12:33:03+00:00
2026,NC,NC-08,2026-09-12,52,71,3,71,0,39,3,1,29,apportioned,1,nc-sbe,2026-09-24T12:33:03+00:00
2026,NC,NC-08,2026-09-13,51,73,2,73,0,40,3,1,30,apportioned,1,nc-sbe,2026-09-24T12:33:03+00:00
2026,NC,NC-08,2026-09-14,50,116,44,116,0,54,15,1,48,apportioned,1,nc-sbe,2026-09-24T12:33:03+00:00
2026,NC,NC-08,2026-09-15,49,143,27,143,0,62,16,1,63,apportioned,1,nc-sbe,2026-09-16T10:50:39+00:00
2026,NC,NC-08,2026-09-16,48,170,26,170,0,73,21,1,74,apportioned,1,nc-sbe,2026-09-16T10:50:39+00:00
2026,NC,NC-08,2026-09-17,47,221,50,221,0,92,27,1,101,apportioned,1,nc-sbe,2026-09-17T00:04:20+00:00
2026,NC,NC-08,2026-09-18,46,293,72,293,0,118,47,1,128,apportioned,1,nc-sbe,2026-09-18T03:11:12+00:00
2026,NC,NC-08,2026-09-19,45,295,2,295,0,120,47,1,128,apportioned,1,nc-sbe,2026-09-19T03:07:32+00:00
2026,NC,NC-08,2026-09-20,44,298,3,298,0,121,48,1,129,apportioned,1,nc-sbe,2026-09-20T03:23:48+00:00
2026,NC,NC-08,2026-09-21,43,370,71,370,0,156,60,1,154,apportioned,1,nc-sbe,2026-09-21T03:18:45+00:00
2026,NC,NC-08,2026-09-22,42,419,50,419,0,175,67,1,176,apportioned,1,nc-sbe,2026-09-22T00:35:23+00:00
2026,NC,NC-08,2026-09-23,41,486,66,486,0,202,82,1,200,apportioned,1,nc-sbe,2026-09-23T04:33:55+00:00
2026,NC,NC-08,2026-09-24,40,562,77,562,0,231,98,1,232,apportioned,1,nc-sbe,2026-09-24T00:13:37+00:00
2026,NC,NC-08,2026-09-25,39,627,65,627,0,257,113,2,254,apportioned,1,nc-sbe,2026-09-25T03:25:25+00:00
2026,NC,NC-08,2026-09-26,38,628,1,628,0,257,113,2,255,apportioned,1,nc-sbe,2026-09-26T03:31:25+00:00
2026,NC,NC-08,2026-09-27,37,630,2,630,0,259,113,2,255,apportioned,1,nc-sbe,2026-09-27T03:39:36+00:00
2026,NC,NC-08,2026-09-28,36,711,81,711,0,292,128,2,289,apportioned,1,nc-sbe,2026-09-29T13:11:50+00:00
2026,NC,NC-08,2026-09-29,35,809,98,809,0,329,152,2,327,apportioned,1,nc-sbe,2026-09-29T13:11:50+00:00
2026,NC,NC-08,2026-09-30,34,900,92,900,0,363,168,2,367,apportioned,1,nc-sbe,2026-09-30T01:03:25+00:00
2026,NC,NC-08,2026-10-01,33,986,85,986,0,397,183,2,405,apportioned,1,nc-sbe,2026-10-02T11:52:44+00:00
2026,NC,NC-08,2026-10-02,32,1015,29,1015,0,411,188,2,416,apportioned,1,nc-sbe,2026-10-02T11:52:44+00:00
2026,NC,NC-08,2026-10-03,31,1015,0,1015,0,411,188,2,416,apportioned,1,nc-sbe,2026-10-03T00:55:20+00:00
2026,NC,NC-08,2026-10-04,30,1020,6,1020,0,415,188,2,418,apportioned,1,nc-sbe,2026-10-04T00:20:58+00:00
2026,NC,NC-08,2026-10-05,29,1126,104,1126,0,452,211,3,461,apportioned,1,nc-sbe,2026-10-06T16:29:37+00:00
2026,NC,NC-08,2026-10-06,28,1259,134,1259,0,507,237,3,512,apportioned,1,nc-sbe,2026-10-07T12:39:00+00:00
2026,NC,NC-08,2026-10-07,27,1328,69,1328,0,535,248,3,542,apportioned,1,nc-sbe,2026-10-07T12:39:00+00:00
2026,NC,NC-08,2026-10-08,26,1357,29,1357,0,547,252,3,555,apportioned,1,nc-sbe,2026-10-08T00:00:36+00:00
2026,NC,NC-08,2026-10-09,25,1357,0,1357,0,547,252,3,555,apportioned,1,nc-sbe,2026-10-09T04:33:37+00:00
2026,NC,NC-09,2026-09-04,60,2,2,2,0,2,0,0,0,apportioned,1,nc-sbe,2026-09-06T23:28:11+00:00
2026,NC,NC-09,2026-09-05,59,3,1,3,0,3,0,0,0,apportioned,1,nc-sbe,2026-09-06T23:28:11+00:00
2026,NC,NC-09,2026-09-06,58,5,2,5,0,3,2,0,0,apportioned,1,nc-sbe,2026-09-06T23:28:11+00:00
2026,NC,NC-09,2026-09-07,57,5,0,5,0,3,2,0,0,apportioned,1,nc-sbe,2026-09-07T00:37:30+00:00
2026,NC,NC-09,2026-09-08,56,39,34,39,0,18,3,0,18,apportioned,1,nc-sbe,2026-09-09T14:09:24+00:00
2026,NC,NC-09,2026-09-09,55,51,13,51,0,25,3,0,23,apportioned,1,nc-sbe,2026-09-10T14:03:17+00:00
2026,NC,NC-09,2026-09-10,54,70,20,70,0,34,8,0,28,apportioned,1,nc-sbe,2026-09-18T14:05:34+00:00
2026,NC,NC-09,2026-09-11,53,91,21,91,0,42,12,0,36,apportioned,1,nc-sbe,2026-09-18T14:05:34+00:00
2026,NC,NC-09,2026-09-12,52,92,1,92,0,43,12,0,36,apportioned,1,nc-sbe,2026-09-18T14:05:34+00:00
2026,NC,NC-09,2026-09-13,51,93,1,93,0,43,12,0,37,apportioned,1,nc-sbe,2026-09-18T14:05:34+00:00
2026,NC,NC-09,2026-09-14,50,148,55,148,0,70,19,0,59,apportioned,1,nc-sbe,2026-09-18T14:05:34+00:00
2026,NC,NC-09,2026-09-15,49,194,46,194,0,96,27,0,70,apportioned,1,nc-sbe,2026-10-03T13:01:40+00:00
2026,NC,NC-09,2026-09-16,48,239,47,239,0,120,33,1,87,apportioned,1,nc-sbe,2026-10-03T13:01:40+00:00
2026,NC,NC-09,2026-09-17,47,295,54,295,0,138,47,1,110,apportioned,1,nc-sbe,2026-10-03T13:01:40+00:00
2026,NC,NC-09,2026-09-18,46,340,45,340,0,160,56,1,122,apportioned,1,nc-sbe,2026-10-03T13:01:40+00:00
2026,NC,NC-09,2026-09-19,45,340,0,340,0,160,56,1,122,apportioned,1,nc-sbe,2026-10-03T13:01:40+00:00
2026,NC,NC-09,2026-09-20,44,340,0,340,0,160,56,1,122,apportioned,1,nc-sbe,2026-10-03T13:01:40+00:00
2026,NC,NC-09,2026-09-21,43,446,107,446,0,210,66,2,168,apportioned,1,nc-sbe,2026-10-03T13:01:40+00:00
2026,NC,NC-09,2026-09-22,42,481,35,481,0,220,78,2,182,apportioned,1,nc-sbe,2026-10-03T13:01:40+00:00
2026,NC,NC-09,2026-09-23,41,569,88,569,0,251,94,3,222,apportioned,1,nc-sbe,2026-10-03T13:01:40+00:00
2026,NC,NC-09,2026-09-24,40,668,99,668,0,289,123,3,254,apportioned,1,nc-sbe,2026-10-03T13:01:40+00:00
2026,NC,NC-09,2026-09-25,39,717,48,717,0,315,130,3,268,apportioned,1,nc-sbe,2026-10-03T13:01:40+00:00
2026,NC,NC-09,2026-09-26,38,717,0,717,0,315,130,3,268,apportioned,1,nc-sbe,2026-10-03T13:01:40+00:00
2026,NC,NC-09,2026-09-27,37,717,0,717,0,315,130,3,268,apportioned,1,nc-sbe,2026-10-03T13:01:40+00:00
2026,NC,NC-09,2026-09-28,36,840,123,840,0,365,153,3,319,apportioned,1,nc-sbe,2026-10-03T13:01:40+00:00
2026,NC,NC-09,2026-09-29,35,871,32,871,0,376,162,3,332,apportioned,1,nc-sbe,2026-10-03T13:01:40+00:00
2026,NC,NC-09,2026-09-30,34,986,114,986,0,423,185,3,374,apportioned,1,nc-sbe,2026-10-09T12:34:02+00:00
2026,NC,NC-09,2026-10-01,33,1067,83,1067,0,455,213,3,397,apportioned,1,nc-sbe,2026-10-09T12:34:02+00:00
2026,NC,NC-09,2026-10-02,32,1178,111,1178,0,502,232,3,442,apportioned,1,nc-sbe,2026-10-09T12:34:02+00:00
2026,NC,NC-09,2026-10-03,31,1178,0,1178,0,502,232,3,442,apportioned,1,nc-sbe,2026-10-09T12:34:02+00:00
2026,NC,NC-09,2026-10-04,30,1181,3,1181,0,503,232,3,444,apportioned,1,nc-sbe,2026-10-09T12:34:02+00:00
2026,NC,NC-09,2026-10-05,29,1366,184,1366,0,576,269,3,518,apportioned,1,nc-sbe,2026-10-09T12:34:02+00:00
2026,NC,NC-09,2026-10-06,28,1454,88,1454,0,618,289,3,542,apportioned,1,nc-sbe,2026-10-09T12:34:02+00:00
2026,NC,NC-09,2026-10-07,27,1530,76,1530,0,656,302,3,567,apportioned,1,nc-sbe,2026-10-09T12:34:02+00:00
2026,NC,NC-09,2026-10-08,26,1650,120,1650,0,710,327,4,608,apportioned,1,nc-sbe,2026-10-09T12:34:02+00:00
2026,NC,NC-09,2026-10-09,25,1650,0,1650,0,710,327,4,608,apportioned,1,nc-sbe,2026-10-09T12:34:02+00:00
2026,NC,NC-10,2026-09-04,60,1,1,1,0,1,0,0,1,apportioned,1,nc-sbe,2026-09-07T22:29:37+00:00
2026,NC,NC-10,2026-09-05,59,1,0,1,0,1,0,0,1,apportioned,1,nc-sbe,2026-09-07T22:29:37+00:00
2026,NC,NC-10,2026-09-06,58,1,0,1,0,1,0,0,1,apportioned,1,nc-sbe,2026-09-07T22:29:37+00:00
2026,NC,NC-10,2026-09-07,57,1,0,1,0,1,0,0,1,apportioned,1,nc-sbe,2026-09-07T22:29:37+00:00
2026,NC,NC-10,2026-09-08,56,18,17,18,0,8,1,0,9,apportioned,1,nc-sbe,2026-09-09T14:09:24+00:00
2026,NC,NC-10,2026-09-09,55,43,25,43,0,18,4,0,21,apportioned,1,nc-sbe,2026-09-10T14:03:17+00:00
2026,NC,NC-10,2026-09-10,54,58,15,58,0,21,5,1,31,apportioned,1,nc-sbe,2026-09-10T14:03:17+00:00
2026,NC,NC-10,2026-09-11,53,80,22,80,0,30,5,1,44,apportioned,1,nc-sbe,2026-09-12T13:20:35+00:00
2026,NC,NC-10,2026-09-12,52,80,0,80,0,30,5,1,44,apportioned,1,nc-sbe,2026-09-12T13:20:35+00:00
2026,NC,NC-10,2026-09-13,51,80,0,80,0,30,5,1,44,apportioned,1,nc-sbe,2026-09-13T03:08:41+00:00
2026,NC,NC-10,2026-09-14,50,142,62,142,0,53,16,4,69,apportioned,1,nc-sbe,2026-09-15T13:07:59+00:00
2026,NC,NC-10,2026-09-15,49,180,38,180,0,71,25,4,81,apportioned,1,nc-sbe,2026-09-16T10:50:39+00:00
2026,NC,NC-10,2026-09-16,48,229,48,229,0,97,38,4,90,apportioned,1,nc-sbe,2026-09-17T12:39:38+00:00
2026,NC,NC-10,2026-09-17,47,296,68,296,0,129,50,4,114,apportioned,1,nc-sbe,2026-09-18T14:05:34+00:00
2026,NC,NC-10,2026-09-18,46,335,39,335,0,143,60,4,128,apportioned,1,nc-sbe,2026-10-03T13:01:40+00:00
2026,NC,NC-10,2026-09-19,45,335,0,335,0,143,60,4,128,apportioned,1,nc-sbe,2026-10-03T13:01:40+00:00
2026,NC,NC-10,2026-09-20,44,335,0,335,0,143,60,4,128,apportioned,1,nc-sbe,2026-10-03T13:01:40+00:00
2026,NC,NC-10,2026-09-21,43,458,123,458,0,210,82,4,162,apportioned,1,nc-sbe,2026-10-03T13:01:40+00:00
2026,NC,NC-10,2026-09-22,42,554,95,554,0,243,105,4,201,apportioned,1,nc-sbe,2026-10-03T13:01:40+00:00
2026,NC,NC-10,2026-09-23,41,607,53,607,0,260,123,5,219,apportioned,1,nc-sbe,2026-10-03T13:01:40+00:00
2026,NC,NC-10,2026-09-24,40,733,126,733,0,311,157,5,260,apportioned,1,nc-sbe,2026-10-06T16:29:37+00:00
2026,NC,NC-10,2026-09-25,39,789,56,789,0,334,176,5,274,apportioned,1,nc-sbe,2026-10-06T16:29:37+00:00
2026,NC,NC-10,2026-09-26,38,789,0,789,0,334,176,5,274,apportioned,1,nc-sbe,2026-10-06T16:29:37+00:00
2026,NC,NC-10,2026-09-27,37,789,0,789,0,334,176,5,274,apportioned,1,nc-sbe,2026-10-06T16:29:37+00:00
2026,NC,NC-10,2026-09-28,36,960,170,960,0,397,226,7,328,apportioned,1,nc-sbe,2026-10-07T12:39:00+00:00
2026,NC,NC-10,2026-09-29,35,1030,70,1030,0,422,253,7,347,apportioned,1,nc-sbe,2026-10-07T12:39:00+00:00
2026,NC,NC-10,2026-09-30,34,1145,115,1145,0,475,274,7,389,apportioned,1,nc-sbe,2026-10-07T12:39:00+00:00
2026,NC,NC-10,2026-10-01,33,1215,70,1215,0,496,294,7,419,apportioned,1,nc-sbe,2026-10-07T12:39:00+00:00
2026,NC,NC-10,2026-10-02,32,1275,60,1275,0,526,298,7,444,apportioned,1,nc-sbe,2026-10-07T12:39:00+00:00
2026,NC,NC-10,2026-10-03,31,1275,0,1275,0,526,298,7,444,apportioned,1,nc-sbe,2026-10-07T12:39:00+00:00
2026,NC,NC-10,2026-10-04,30,1275,0,1275,0,526,298,7,444,apportioned,1,nc-sbe,2026-10-07T12:39:00+00:00
2026,NC,NC-10,2026-10-05,29,1445,170,1445,0,590,342,10,503,apportioned,1,nc-sbe,2026-10-07T12:39:00+00:00
2026,NC,NC-10,2026-10-06,28,1532,86,1532,0,625,359,10,538,apportioned,1,nc-sbe,2026-10-07T12:39:00+00:00
2026,NC,NC-10,2026-10-07,27,1624,92,1624,0,659,385,10,570,apportioned,1,nc-sbe,2026-10-08T17:11:26+00:00
2026,NC,NC-10,2026-10-08,26,1684,60,1684,0,688,397,10,590,apportioned,1,nc-sbe,2026-10-09T12:34:02+00:00
2026,NC,NC-10,2026-10-09,25,1684,0,1684,0,688,397,10,590,apportioned,1,nc-sbe,2026-10-09T12:34:02+00:00
2026,NC,NC-11,2026-09-04,60,10,10,10,0,7,0,0,3,apportioned,1,nc-sbe,2026-09-09T14:09:24+00:00
2026,NC,NC-11,2026-09-05,59,14,4,14,0,10,1,0,3,apportioned,1,nc-sbe,2026-09-09T14:09:24+00:00
2026,NC,NC-11,2026-09-06,58,14,0,14,0,10,1,0,3,apportioned,1,nc-sbe,2026-09-09T14:09:24+00:00
2026,NC,NC-11,2026-09-07,57,15,1,15,0,10,1,0,4,apportioned,1,nc-sbe,2026-09-09T14:09:24+00:00
2026,NC,NC-11,2026-09-08,56,85,70,85,0,50,3,0,32,apportioned,1,nc-sbe,2026-09-10T14:03:17+00:00
2026,NC,NC-11,2026-09-09,55,118,33,118,0,68,7,0,43,apportioned,1,nc-sbe,2026-09-11T14:02:50+00:00
2026,NC,NC-11,2026-09-10,54,153,35,153,0,84,12,0,57,apportioned,1,nc-sbe,2026-09-11T14:02:50+00:00
2026,NC,NC-11,2026-09-11,53,194,41,194,0,105,19,0,69,apportioned,1,nc-sbe,2026-09-12T13:20:35+00:00
2026,NC,NC-11,2026-09-12,52,194,0,194,0,105,19,0,69,apportioned,1,nc-sbe,2026-09-12T13:20:35+00:00
2026,NC,NC-11,2026-09-13,51,194,0,194,0,105,19,0,69,apportioned,1,nc-sbe,2026-09-13T03:08:41+00:00
2026,NC,NC-11,2026-09-14,50,281,87,281,0,151,32,0,97,apportioned,1,nc-sbe,2026-09-16T10:50:39+00:00
2026,NC,NC-11,2026-09-15,49,348,67,348,0,183,43,0,122,apportioned,1,nc-sbe,2026-09-17T12:39:38+00:00
2026,NC,NC-11,2026-09-16,48,446,98,446,0,230,65,0,151,apportioned,1,nc-sbe,2026-09-18T14:05:34+00:00
2026,NC,NC-11,2026-09-17,47,541,95,541,0,281,75,0,185,apportioned,1,nc-sbe,2026-10-01T16:52:34+00:00
2026,NC,NC-11,2026-09-18,46,643,101,643,0,325,93,1,223,apportioned,1,nc-sbe,2026-10-07T12:39:00+00:00
2026,NC,NC-11,2026-09-19,45,648,5,648,0,327,94,1,225,apportioned,1,nc-sbe,2026-10-07T12:39:00+00:00
2026,NC,NC-11,2026-09-20,44,648,0,648,0,327,94,1,225,apportioned,1,nc-sbe,2026-10-07T12:39:00+00:00
2026,NC,NC-11,2026-09-21,43,784,136,784,0,394,119,2,269,apportioned,1,nc-sbe,2026-10-07T12:39:00+00:00
2026,NC,NC-11,2026-09-22,42,890,106,890,0,440,137,2,311,apportioned,1,nc-sbe,2026-10-07T12:39:00+00:00
2026,NC,NC-11,2026-09-23,41,965,75,965,0,481,151,2,331,apportioned,1,nc-sbe,2026-10-07T12:39:00+00:00
2026,NC,NC-11,2026-09-24,40,1085,120,1085,0,526,166,2,391,apportioned,1,nc-sbe,2026-10-07T12:39:00+00:00
2026,NC,NC-11,2026-09-25,39,1253,168,1253,0,607,187,2,457,apportioned,1,nc-sbe,2026-10-07T12:39:00+00:00
2026,NC,NC-11,2026-09-26,38,1253,0,1253,0,607,187,2,457,apportioned,1,nc-sbe,2026-10-07T12:39:00+00:00
2026,NC,NC-11,2026-09-27,37,1253,0,1253,0,607,187,2,457,apportioned,1,nc-sbe,2026-10-07T12:39:00+00:00
2026,NC,NC-11,2026-09-28,36,1516,264,1516,0,714,219,2,581,apportioned,1,nc-sbe,2026-10-07T12:39:00+00:00
2026,NC,NC-11,2026-09-29,35,1625,109,1625,0,759,233,2,630,apportioned,1,nc-sbe,2026-10-07T12:39:00+00:00
2026,NC,NC-11,2026-09-30,34,1752,127,1752,0,823,254,5,671,apportioned,1,nc-sbe,2026-10-07T12:39:00+00:00
2026,NC,NC-11,2026-10-01,33,1849,96,1849,0,867,273,5,704,apportioned,1,nc-sbe,2026-10-07T12:39:00+00:00
2026,NC,NC-11,2026-10-02,32,1950,101,1950,0,910,288,5,747,apportioned,1,nc-sbe,2026-10-07T12:39:00+00:00
2026,NC,NC-11,2026-10-03,31,1955,5,1955,0,913,288,5,749,apportioned,1,nc-sbe,2026-10-07T12:39:00+00:00
2026,NC,NC-11,2026-10-04,30,1963,8,1963,0,917,288,5,753,apportioned,1,nc-sbe,2026-10-07T12:39:00+00:00
2026,NC,NC-11,2026-10-05,29,2140,177,2140,0,982,316,6,836,apportioned,1,nc-sbe,2026-10-07T12:39:00+00:00
2026,NC,NC-11,2026-10-06,28,2454,314,2454,0,1112,363,6,972,apportioned,1,nc-sbe,2026-10-07T12:39:00+00:00
2026,NC,NC-11,2026-10-07,27,2568,114,2568,0,1168,387,6,1007,apportioned,1,nc-sbe,2026-10-08T17:11:26+00:00
2026,NC,NC-11,2026-10-08,26,2734,166,2734,0,1240,426,6,1062,apportioned,1,nc-sbe,2026-10-08T17:11:26+00:00
2026,NC,NC-11,2026-10-09,25,2734,0,2734,0,1240,426,6,1062,apportioned,1,nc-sbe,2026-10-09T04:33:37+00:00
2026,NC,NC-12,2026-09-04,60,2,2,2,0,1,1,0,1,apportioned,1,nc-sbe,2026-09-06T23:28:11+00:00
2026,NC,NC-12,2026-09-05,59,2,0,2,0,1,1,0,1,apportioned,1,nc-sbe,2026-09-06T23:28:11+00:00
2026,NC,NC-12,2026-09-06,58,2,0,2,0,1,1,0,1,apportioned,1,nc-sbe,2026-09-06T23:28:11+00:00
2026,NC,NC-12,2026-09-07,57,2,0,2,0,1,1,0,1,apportioned,1,nc-sbe,2026-09-07T00:37:30+00:00
2026,NC,NC-12,2026-09-08,56,73,71,73,0,36,3,1,33,apportioned,1,nc-sbe,2026-10-07T12:39:00+00:00
2026,NC,NC-12,2026-09-09,55,90,18,90,0,43,4,1,42,apportioned,1,nc-sbe,2026-10-07T12:39:00+00:00
2026,NC,NC-12,2026-09-10,54,104,13,104,0,50,5,1,49,apportioned,1,nc-sbe,2026-10-07T12:39:00+00:00
2026,NC,NC-12,2026-09-11,53,125,21,125,0,62,6,1,56,apportioned,1,nc-sbe,2026-10-07T12:39:00+00:00
2026,NC,NC-12,2026-09-12,52,125,0,125,0,62,6,1,56,apportioned,1,nc-sbe,2026-10-07T12:39:00+00:00
2026,NC,NC-12,2026-09-13,51,125,0,125,0,62,6,1,56,apportioned,1,nc-sbe,2026-10-07T12:39:00+00:00
2026,NC,NC-12,2026-09-14,50,171,46,171,0,84,7,1,79,apportioned,1,nc-sbe,2026-10-07T12:39:00+00:00
2026,NC,NC-12,2026-09-15,49,224,52,224,0,104,12,1,107,apportioned,1,nc-sbe,2026-10-07T12:39:00+00:00
2026,NC,NC-12,2026-09-16,48,293,69,293,0,129,26,1,136,apportioned,1,nc-sbe,2026-10-07T12:39:00+00:00
2026,NC,NC-12,2026-09-17,47,308,15,308,0,135,27,1,145,apportioned,1,nc-sbe,2026-10-07T12:39:00+00:00
2026,NC,NC-12,2026-09-18,46,324,16,324,0,144,29,1,150,apportioned,1,nc-sbe,2026-10-07T12:39:00+00:00
2026,NC,NC-12,2026-09-19,45,324,0,324,0,144,29,1,150,apportioned,1,nc-sbe,2026-10-07T12:39:00+00:00
2026,NC,NC-12,2026-09-20,44,324,0,324,0,144,29,1,150,apportioned,1,nc-sbe,2026-10-07T12:39:00+00:00
2026,NC,NC-12,2026-09-21,43,475,152,475,0,215,49,1,210,apportioned,1,nc-sbe,2026-10-07T12:39:00+00:00
2026,NC,NC-12,2026-09-22,42,548,73,548,0,243,59,2,244,apportioned,1,nc-sbe,2026-10-07T12:39:00+00:00
2026,NC,NC-12,2026-09-23,41,574,26,574,0,257,59,2,256,apportioned,1,nc-sbe,2026-10-07T12:39:00+00:00
2026,NC,NC-12,2026-09-24,40,672,98,672,0,296,79,2,296,apportioned,1,nc-sbe,2026-10-07T12:39:00+00:00
2026,NC,NC-12,2026-09-25,39,738,66,738,0,324,90,2,321,apportioned,1,nc-sbe,2026-10-07T12:39:00+00:00
2026,NC,NC-12,2026-09-26,38,738,0,738,0,324,90,2,321,apportioned,1,nc-sbe,2026-10-07T12:39:00+00:00
2026,NC,NC-12,2026-09-27,37,738,0,738,0,324,90,2,321,apportioned,1,nc-sbe,2026-10-07T12:39:00+00:00
2026,NC,NC-12,2026-09-28,36,905,167,905,0,396,122,2,385,apportioned,1,nc-sbe,2026-10-07T12:39:00+00:00
2026,NC,NC-12,2026-09-29,35,981,76,981,0,427,138,2,414,apportioned,1,nc-sbe,2026-10-07T12:39:00+00:00
2026,NC,NC-12,2026-09-30,34,1103,121,1103,0,476,156,2,469,apportioned,1,nc-sbe,2026-10-07T12:39:00+00:00
2026,NC,NC-12,2026-10-01,33,1209,107,1209,0,521,177,2,509,apportioned,1,nc-sbe,2026-10-07T12:39:00+00:00
2026,NC,NC-12,2026-10-02,32,1306,97,1306,0,568,192,2,544,apportioned,1,nc-sbe,2026-10-07T12:39:00+00:00
2026,NC,NC-12,2026-10-03,31,1306,0,1306,0,568,192,2,544,apportioned,1,nc-sbe,2026-10-07T12:39:00+00:00
2026,NC,NC-12,2026-10-04,30,1306,0,1306,0,568,192,2,544,apportioned,1,nc-sbe,2026-10-07T12:39:00+00:00
2026,NC,NC-12,2026-10-05,29,1458,152,1458,0,629,212,2,614,apportioned,1,nc-sbe,2026-10-07T12:39:00+00:00
2026,NC,NC-12,2026-10-06,28,1548,90,1548,0,673,223,2,650,apportioned,1,nc-sbe,2026-10-08T17:11:26+00:00
2026,NC,NC-12,2026-10-07,27,1635,87,1635,0,714,230,2,689,apportioned,1,nc-sbe,2026-10-08T17:11:26+00:00
2026,NC,NC-12,2026-10-08,26,1683,48,1683,0,732,238,2,710,apportioned,1,nc-sbe,2026-10-09T12:34:02+00:00
2026,NC,NC-12,2026-10-09,25,1684,1,1684,0,733,238,2,710,apportioned,1,nc-sbe,2026-10-09T12:34:02+00:00
2026,NC,NC-13,2026-09-04,60,3,3,3,0,1,1,0,1,apportioned,1,nc-sbe,2026-09-06T23:28:11+00:00
2026,NC,NC-13,2026-09-05,59,5,2,5,0,1,1,0,3,apportioned,1,nc-sbe,2026-09-06T23:28:11+00:00
2026,NC,NC-13,2026-09-06,58,6,1,6,0,1,2,0,3,apportioned,1,nc-sbe,2026-09-06T23:28:11+00:00
2026,NC,NC-13,2026-09-07,57,6,0,6,0,1,2,0,3,apportioned,1,nc-sbe,2026-09-07T00:37:30+00:00
2026,NC,NC-13,2026-09-08,56,17,11,17,0,7,3,0,7,apportioned,1,nc-sbe,2026-09-08T03:02:49+00:00
2026,NC,NC-13,2026-09-09,55,52,35,52,0,24,5,0,23,apportioned,1,nc-sbe,2026-09-09T03:03:55+00:00
2026,NC,NC-13,2026-09-10,54,71,19,71,0,34,6,0,31,apportioned,1,nc-sbe,2026-09-29T13:11:50+00:00
2026,NC,NC-13,2026-09-11,53,114,45,114,0,60,13,0,42,apportioned,1,nc-sbe,2026-09-29T13:11:50+00:00
2026,NC,NC-13,2026-09-12,52,114,0,114,0,60,13,0,42,apportioned,1,nc-sbe,2026-09-29T13:11:50+00:00
2026,NC,NC-13,2026-09-13,51,114,0,114,0,60,13,0,42,apportioned,1,nc-sbe,2026-09-29T13:11:50+00:00
2026,NC,NC-13,2026-09-14,50,239,123,239,0,124,38,1,75,apportioned,1,nc-sbe,2026-09-29T13:11:50+00:00
2026,NC,NC-13,2026-09-15,49,318,81,318,0,172,43,1,101,apportioned,1,nc-sbe,2026-09-30T14:00:57+00:00
2026,NC,NC-13,2026-09-16,48,383,65,383,0,205,51,1,125,apportioned,1,nc-sbe,2026-09-30T14:00:57+00:00
2026,NC,NC-13,2026-09-17,47,429,46,429,0,235,57,1,135,apportioned,1,nc-sbe,2026-09-30T14:00:57+00:00
2026,NC,NC-13,2026-09-18,46,472,42,472,0,255,63,1,152,apportioned,1,nc-sbe,2026-09-30T14:00:57+00:00
2026,NC,NC-13,2026-09-19,45,521,49,521,0,277,74,1,168,apportioned,1,nc-sbe,2026-09-30T14:00:57+00:00
2026,NC,NC-13,2026-09-20,44,524,3,524,0,280,74,1,168,apportioned,1,nc-sbe,2026-09-30T14:00:57+00:00
2026,NC,NC-13,2026-09-21,43,677,153,677,0,345,99,2,230,apportioned,1,nc-sbe,2026-09-30T14:00:57+00:00
2026,NC,NC-13,2026-09-22,42,724,48,724,0,370,109,2,244,apportioned,1,nc-sbe,2026-09-30T14:00:57+00:00
2026,NC,NC-13,2026-09-23,41,803,79,803,0,405,117,2,280,apportioned,1,nc-sbe,2026-09-30T14:00:57+00:00
2026,NC,NC-13,2026-09-24,40,855,52,855,0,430,132,2,292,apportioned,1,nc-sbe,2026-09-30T14:00:57+00:00
2026,NC,NC-13,2026-09-25,39,1014,159,1014,0,504,158,2,350,apportioned,1,nc-sbe,2026-09-26T14:05:31+00:00
2026,NC,NC-13,2026-09-26,38,1021,6,1021,0,506,159,2,353,apportioned,1,nc-sbe,2026-09-26T14:05:31+00:00
2026,NC,NC-13,2026-09-27,37,1022,1,1022,0,507,159,2,353,apportioned,1,nc-sbe,2026-09-27T03:39:36+00:00
2026,NC,NC-13,2026-09-28,36,1134,112,1134,0,564,178,3,388,apportioned,1,nc-sbe,2026-09-28T03:38:18+00:00
2026,NC,NC-13,2026-09-29,35,1219,85,1219,0,598,193,3,425,apportioned,1,nc-sbe,2026-09-30T14:00:57+00:00
2026,NC,NC-13,2026-09-30,34,1330,111,1330,0,647,209,3,472,apportioned,1,nc-sbe,2026-09-30T14:00:57+00:00
2026,NC,NC-13,2026-10-01,33,1430,100,1430,0,685,223,3,519,apportioned,1,nc-sbe,2026-10-02T11:52:44+00:00
2026,NC,NC-13,2026-10-02,32,1510,79,1510,0,722,234,3,551,apportioned,1,nc-sbe,2026-10-03T13:01:40+00:00
2026,NC,NC-13,2026-10-03,31,1515,5,1515,0,723,235,3,554,apportioned,1,nc-sbe,2026-10-03T13:01:40+00:00
2026,NC,NC-13,2026-10-04,30,1516,1,1516,0,723,235,3,555,apportioned,1,nc-sbe,2026-10-04T00:20:58+00:00
2026,NC,NC-13,2026-10-05,29,1719,203,1719,0,801,271,4,643,apportioned,1,nc-sbe,2026-10-06T16:29:37+00:00
2026,NC,NC-13,2026-10-06,28,1763,45,1763,0,817,279,4,664,apportioned,1,nc-sbe,2026-10-07T12:39:00+00:00
2026,NC,NC-13,2026-10-07,27,1901,138,1901,0,876,295,4,726,apportioned,1,nc-sbe,2026-10-08T17:11:26+00:00
2026,NC,NC-13,2026-10-08,26,1994,93,1994,0,922,308,4,761,apportioned,1,nc-sbe,2026-10-09T12:34:02+00:00
2026,NC,NC-13,2026-10-09,25,1994,0,1994,0,922,308,4,761,apportioned,1,nc-sbe,2026-10-09T12:34:02+00:00
2026,NC,NC-14,2026-09-04,60,1,1,1,0,0,0,0,0,apportioned,1,nc-sbe,2026-09-06T23:28:11+00:00
2026,NC,NC-14,2026-09-05,59,4,3,4,0,1,0,0,2,apportioned,1,nc-sbe,2026-09-09T14:09:24+00:00
2026,NC,NC-14,2026-09-06,58,6,2,6,0,3,0,0,2,apportioned,1,nc-sbe,2026-09-09T14:09:24+00:00
2026,NC,NC-14,2026-09-07,57,8,2,8,0,3,0,0,4,apportioned,1,nc-sbe,2026-09-09T14:09:24+00:00
2026,NC,NC-14,2026-09-08,56,53,45,53,0,29,1,0,22,apportioned,1,nc-sbe,2026-09-09T14:09:24+00:00
2026,NC,NC-14,2026-09-09,55,66,12,66,0,34,2,0,30,apportioned,1,nc-sbe,2026-09-10T14:03:17+00:00
2026,NC,NC-14,2026-09-10,54,81,16,81,0,45,3,0,33,apportioned,1,nc-sbe,2026-09-11T14:02:50+00:00
2026,NC,NC-14,2026-09-11,53,103,22,103,0,57,5,0,42,apportioned,1,nc-sbe,2026-09-11T14:02:50+00:00
2026,NC,NC-14,2026-09-12,52,105,2,105,0,58,5,0,43,apportioned,1,nc-sbe,2026-09-12T03:06:51+00:00
2026,NC,NC-14,2026-09-13,51,112,7,112,0,60,8,0,45,apportioned,1,nc-sbe,2026-09-13T03:08:41+00:00
2026,NC,NC-14,2026-09-14,50,148,35,148,0,76,11,0,61,apportioned,1,nc-sbe,2026-09-15T13:07:59+00:00
2026,NC,NC-14,2026-09-15,49,204,57,204,0,94,24,1,86,apportioned,1,nc-sbe,2026-09-16T10:50:39+00:00
2026,NC,NC-14,2026-09-16,48,270,66,270,0,119,41,1,110,apportioned,1,nc-sbe,2026-09-17T12:39:38+00:00
2026,NC,NC-14,2026-09-17,47,290,21,290,0,131,43,1,115,apportioned,1,nc-sbe,2026-09-18T14:05:34+00:00
2026,NC,NC-14,2026-09-18,46,356,67,356,0,159,67,1,130,apportioned,1,nc-sbe,2026-09-19T13:41:18+00:00
2026,NC,NC-14,2026-09-19,45,356,0,356,0,159,67,1,130,apportioned,1,nc-sbe,2026-09-19T13:41:18+00:00
2026,NC,NC-14,2026-09-20,44,356,0,356,0,159,67,1,130,apportioned,1,nc-sbe,2026-09-20T03:23:48+00:00
2026,NC,NC-14,2026-09-21,43,471,114,471,0,212,91,1,167,apportioned,1,nc-sbe,2026-09-22T13:05:02+00:00
2026,NC,NC-14,2026-09-22,42,531,60,531,0,239,106,1,185,apportioned,1,nc-sbe,2026-09-23T10:46:03+00:00
2026,NC,NC-14,2026-09-23,41,591,60,591,0,261,121,1,208,apportioned,1,nc-sbe,2026-09-24T12:33:03+00:00
2026,NC,NC-14,2026-09-24,40,651,61,651,0,287,131,1,232,apportioned,1,nc-sbe,2026-09-25T09:22:14+00:00
2026,NC,NC-14,2026-09-25,39,729,77,729,0,320,147,2,261,apportioned,1,nc-sbe,2026-09-29T13:11:50+00:00
2026,NC,NC-14,2026-09-26,38,729,0,729,0,320,147,2,261,apportioned,1,nc-sbe,2026-09-29T13:11:50+00:00
2026,NC,NC-14,2026-09-27,37,729,0,729,0,320,147,2,261,apportioned,1,nc-sbe,2026-09-29T13:11:50+00:00
2026,NC,NC-14,2026-09-28,36,864,134,864,0,381,172,3,308,apportioned,1,nc-sbe,2026-09-29T13:11:50+00:00
2026,NC,NC-14,2026-09-29,35,918,54,918,0,401,189,3,326,apportioned,1,nc-sbe,2026-09-30T14:00:57+00:00
2026,NC,NC-14,2026-09-30,34,1015,98,1015,0,442,211,3,359,apportioned,1,nc-sbe,2026-10-07T12:39:00+00:00
2026,NC,NC-14,2026-10-01,33,1112,97,1112,0,488,229,3,392,apportioned,1,nc-sbe,2026-10-07T12:39:00+00:00
2026,NC,NC-14,2026-10-02,32,1177,65,1177,0,512,245,3,416,apportioned,1,nc-sbe,2026-10-07T12:39:00+00:00
2026,NC,NC-14,2026-10-03,31,1177,0,1177,0,512,245,3,416,apportioned,1,nc-sbe,2026-10-07T12:39:00+00:00
2026,NC,NC-14,2026-10-04,30,1184,7,1184,0,518,245,3,417,apportioned,1,nc-sbe,2026-10-07T12:39:00+00:00
2026,NC,NC-14,2026-10-05,29,1328,144,1328,0,582,273,3,470,apportioned,1,nc-sbe,2026-10-07T12:39:00+00:00
2026,NC,NC-14,2026-10-06,28,1444,116,1444,0,627,300,4,514,apportioned,1,nc-sbe,2026-10-07T12:39:00+00:00
2026,NC,NC-14,2026-10-07,27,1553,109,1553,0,668,324,4,557,apportioned,1,nc-sbe,2026-10-09T12:34:02+00:00
2026,NC,NC-14,2026-10-08,26,1616,63,1616,0,694,340,4,579,apportioned,1,nc-sbe,2026-10-09T12:34:02+00:00
2026,NC,NC-14,2026-10-09,25,1616,0,1616,0,694,340,4,579,apportioned,1,nc-sbe,2026-10-09T12:34:02+00:00
