cycle,state,cd_code,date,days_to_election,ballots_total,ballots_new,mail_returned,inperson,party_dem,party_rep,party_oth,party_npa,basis,source_tier,source_name,retrieved_at
2020,PA,PA-01,2020-09-21,43,2,2,2,,1,0,0,1,apportioned,1,pa-dos,2026-09-07T21:55:50+00:00
2020,PA,PA-01,2020-09-22,42,2,0,2,,1,0,0,1,apportioned,1,pa-dos,2026-09-07T21:55:50+00:00
2020,PA,PA-01,2020-09-23,41,10,8,10,,8,0,1,1,apportioned,1,pa-dos,2026-09-07T21:55:50+00:00
2020,PA,PA-01,2020-09-24,40,13,3,13,,10,1,1,1,apportioned,1,pa-dos,2026-09-07T21:55:50+00:00
2020,PA,PA-01,2020-09-25,39,29,16,29,,20,6,1,2,apportioned,1,pa-dos,2026-09-07T21:55:50+00:00
2020,PA,PA-01,2020-09-26,38,29,0,29,,20,6,1,2,apportioned,1,pa-dos,2026-09-07T21:55:50+00:00
2020,PA,PA-01,2020-09-27,37,29,0,29,,20,6,1,2,apportioned,1,pa-dos,2026-09-07T21:55:50+00:00
2020,PA,PA-01,2020-09-28,36,124,95,124,,79,26,1,18,apportioned,1,pa-dos,2026-09-07T21:55:50+00:00
2020,PA,PA-01,2020-09-29,35,154,30,154,,97,35,1,21,apportioned,1,pa-dos,2026-09-07T21:55:50+00:00
2020,PA,PA-01,2020-09-30,34,207,53,207,,134,43,1,28,apportioned,1,pa-dos,2026-09-07T21:55:50+00:00
2020,PA,PA-01,2020-10-01,33,238,31,238,,153,50,1,33,apportioned,1,pa-dos,2026-09-07T21:55:50+00:00
2020,PA,PA-01,2020-10-02,32,259,21,259,,169,54,1,34,apportioned,1,pa-dos,2026-09-07T21:55:50+00:00
2020,PA,PA-01,2020-10-03,31,259,0,259,,169,54,1,34,apportioned,1,pa-dos,2026-09-07T21:55:50+00:00
2020,PA,PA-01,2020-10-04,30,259,0,259,,169,54,1,34,apportioned,1,pa-dos,2026-09-07T21:55:50+00:00
2020,PA,PA-01,2020-10-05,29,356,97,356,,220,75,3,57,apportioned,1,pa-dos,2026-09-07T21:55:50+00:00
2020,PA,PA-01,2020-10-06,28,383,27,383,,236,76,3,67,apportioned,1,pa-dos,2026-09-07T21:55:50+00:00
2020,PA,PA-01,2020-10-07,27,436,53,436,,271,87,3,74,apportioned,1,pa-dos,2026-09-07T21:55:50+00:00
2020,PA,PA-01,2020-10-08,26,603,167,603,,371,118,3,110,apportioned,1,pa-dos,2026-09-07T21:55:50+00:00
2020,PA,PA-01,2020-10-09,25,740,137,740,,469,142,3,125,apportioned,1,pa-dos,2026-09-07T21:55:50+00:00
2020,PA,PA-01,2020-10-10,24,742,3,742,,471,142,3,125,apportioned,1,pa-dos,2026-09-07T21:55:50+00:00
2020,PA,PA-01,2020-10-11,23,742,0,742,,471,142,3,125,apportioned,1,pa-dos,2026-09-07T21:55:50+00:00
2020,PA,PA-01,2020-10-12,22,865,123,865,,568,153,4,139,apportioned,1,pa-dos,2026-09-07T21:55:50+00:00
2020,PA,PA-01,2020-10-13,21,984,119,984,,638,182,5,158,apportioned,1,pa-dos,2026-09-07T21:55:50+00:00
2020,PA,PA-01,2020-10-14,20,1121,137,1121,,722,212,6,180,apportioned,1,pa-dos,2026-09-07T21:55:50+00:00
2020,PA,PA-01,2020-10-15,19,1367,245,1367,,892,257,6,211,apportioned,1,pa-dos,2026-09-07T21:55:50+00:00
2020,PA,PA-01,2020-10-16,18,8833,7466,8833,,6239,1626,46,915,apportioned,1,pa-dos,2026-09-07T21:55:50+00:00
2020,PA,PA-01,2020-10-17,17,11090,2257,11090,,7999,1923,56,1103,apportioned,1,pa-dos,2026-09-07T21:55:50+00:00
2020,PA,PA-01,2020-10-18,16,11100,10,11100,,8007,1924,56,1105,apportioned,1,pa-dos,2026-09-07T21:55:50+00:00
2020,PA,PA-01,2020-10-19,15,15681,4581,15681,,11281,2744,77,1566,apportioned,1,pa-dos,2026-09-07T21:55:50+00:00
2020,PA,PA-01,2020-10-20,14,23454,7773,23454,,16498,4449,117,2366,apportioned,1,pa-dos,2026-09-07T21:55:50+00:00
2020,PA,PA-01,2020-10-21,13,40148,16694,40148,,28182,7674,195,4063,apportioned,1,pa-dos,2026-09-07T21:55:50+00:00
2020,PA,PA-01,2020-10-22,12,48413,8266,48413,,33659,9525,246,4945,apportioned,1,pa-dos,2026-09-07T21:55:50+00:00
2020,PA,PA-01,2020-10-23,11,56797,8383,56797,,39591,11081,283,5796,apportioned,1,pa-dos,2026-09-07T21:55:50+00:00
2020,PA,PA-01,2020-10-24,10,73593,16797,73593,,50438,14936,381,7782,apportioned,1,pa-dos,2026-09-07T21:55:50+00:00
2020,PA,PA-01,2020-10-25,9,87881,14288,87881,,59903,18057,465,9391,apportioned,1,pa-dos,2026-09-07T21:55:50+00:00
2020,PA,PA-01,2020-10-26,8,103221,15340,103221,,68924,22167,562,11496,apportioned,1,pa-dos,2026-09-07T21:55:50+00:00
2020,PA,PA-01,2020-10-27,7,123678,20457,123678,,81190,27392,732,14278,apportioned,1,pa-dos,2026-09-07T21:55:50+00:00
2020,PA,PA-01,2020-10-28,6,140586,16908,140586,,90367,32337,873,16911,apportioned,1,pa-dos,2026-09-07T21:55:50+00:00
2020,PA,PA-01,2020-10-29,5,160523,19937,160523,,102065,37823,1004,19519,apportioned,1,pa-dos,2026-09-07T21:55:50+00:00
2020,PA,PA-01,2020-10-30,4,164782,4258,164782,,104333,39044,1043,20244,apportioned,1,pa-dos,2026-09-07T21:55:50+00:00
2020,PA,PA-01,2020-10-31,3,173038,8256,173038,,108355,41780,1115,21666,apportioned,1,pa-dos,2026-09-07T21:55:50+00:00
2020,PA,PA-01,2020-11-01,2,176410,3372,176410,,110175,42747,1148,22216,apportioned,1,pa-dos,2026-09-07T21:55:50+00:00
2020,PA,PA-01,2020-11-02,1,184380,7969,184380,,114081,45381,1230,23557,apportioned,1,pa-dos,2026-09-07T21:55:50+00:00
2020,PA,PA-01,2020-11-03,0,189470,5090,189470,,116642,46855,1292,24545,apportioned,1,pa-dos,2026-09-07T21:55:50+00:00
2020,PA,PA-02,2020-09-24,40,0,0,0,,0,0,0,0,apportioned,1,pa-dos,2026-09-07T21:55:50+00:00
2020,PA,PA-02,2020-09-25,39,0,0,0,,0,0,0,0,apportioned,1,pa-dos,2026-09-07T21:55:50+00:00
2020,PA,PA-02,2020-09-26,38,1,0,1,,1,0,0,0,apportioned,1,pa-dos,2026-09-07T21:55:50+00:00
2020,PA,PA-02,2020-09-27,37,1,0,1,,1,0,0,0,apportioned,1,pa-dos,2026-09-07T21:55:50+00:00
2020,PA,PA-02,2020-09-28,36,2,1,2,,1,1,0,0,apportioned,1,pa-dos,2026-09-07T21:55:50+00:00
2020,PA,PA-02,2020-09-29,35,2,0,2,,1,1,0,0,apportioned,1,pa-dos,2026-09-07T21:55:50+00:00
2020,PA,PA-02,2020-09-30,34,34,32,34,,26,2,0,5,apportioned,1,pa-dos,2026-09-07T21:55:50+00:00
2020,PA,PA-02,2020-10-01,33,73,40,73,,59,4,0,10,apportioned,1,pa-dos,2026-09-07T21:55:50+00:00
2020,PA,PA-02,2020-10-02,32,97,24,97,,77,5,0,14,apportioned,1,pa-dos,2026-09-07T21:55:50+00:00
2020,PA,PA-02,2020-10-03,31,119,23,119,,95,6,0,17,apportioned,1,pa-dos,2026-09-07T21:55:50+00:00
2020,PA,PA-02,2020-10-04,30,145,25,145,,114,7,0,21,apportioned,1,pa-dos,2026-09-07T21:55:50+00:00
2020,PA,PA-02,2020-10-05,29,185,41,185,,149,9,0,25,apportioned,1,pa-dos,2026-09-07T21:55:50+00:00
2020,PA,PA-02,2020-10-06,28,185,0,185,,149,9,0,25,apportioned,1,pa-dos,2026-09-07T21:55:50+00:00
2020,PA,PA-02,2020-10-07,27,1007,822,1007,,860,49,5,89,apportioned,1,pa-dos,2026-09-07T21:55:50+00:00
2020,PA,PA-02,2020-10-08,26,5165,4158,5165,,4436,307,29,380,apportioned,1,pa-dos,2026-09-07T21:55:50+00:00
2020,PA,PA-02,2020-10-09,25,12459,7293,12459,,10934,664,59,778,apportioned,1,pa-dos,2026-09-07T21:55:50+00:00
2020,PA,PA-02,2020-10-10,24,38019,25561,38019,,33708,1820,160,2266,apportioned,1,pa-dos,2026-09-07T21:55:50+00:00
2020,PA,PA-02,2020-10-11,23,44926,6907,44926,,39841,2111,193,2702,apportioned,1,pa-dos,2026-09-07T21:55:50+00:00
2020,PA,PA-02,2020-10-12,22,46646,1720,46646,,41396,2158,197,2812,apportioned,1,pa-dos,2026-09-07T21:55:50+00:00
2020,PA,PA-02,2020-10-13,21,50626,3981,50626,,44845,2371,222,3096,apportioned,1,pa-dos,2026-09-07T21:55:50+00:00
2020,PA,PA-02,2020-10-14,20,55327,4701,55327,,48973,2594,246,3412,apportioned,1,pa-dos,2026-09-07T21:55:50+00:00
2020,PA,PA-02,2020-10-15,19,65320,9993,65320,,57585,3123,301,4183,apportioned,1,pa-dos,2026-09-07T21:55:50+00:00
2020,PA,PA-02,2020-10-16,18,68950,3631,68950,,60601,3407,329,4474,apportioned,1,pa-dos,2026-09-07T21:55:50+00:00
2020,PA,PA-02,2020-10-17,17,70408,1457,70408,,61892,3462,339,4573,apportioned,1,pa-dos,2026-09-07T21:55:50+00:00
2020,PA,PA-02,2020-10-18,16,78385,7977,78385,,68671,3949,387,5220,apportioned,1,pa-dos,2026-09-07T21:55:50+00:00
2020,PA,PA-02,2020-10-19,15,87345,8961,87345,,76478,4336,430,5918,apportioned,1,pa-dos,2026-09-07T21:55:50+00:00
2020,PA,PA-02,2020-10-20,14,87418,72,87418,,76534,4339,430,5928,apportioned,1,pa-dos,2026-09-07T21:55:50+00:00
2020,PA,PA-02,2020-10-21,13,93597,6179,93597,,81708,4731,470,6482,apportioned,1,pa-dos,2026-09-07T21:55:50+00:00
2020,PA,PA-02,2020-10-22,12,97390,3793,97390,,84826,5028,498,6821,apportioned,1,pa-dos,2026-09-07T21:55:50+00:00
2020,PA,PA-02,2020-10-23,11,101737,4346,101737,,88409,5329,535,7230,apportioned,1,pa-dos,2026-09-07T21:55:50+00:00
2020,PA,PA-02,2020-10-24,10,106946,5209,106946,,92757,5643,572,7717,apportioned,1,pa-dos,2026-09-07T21:55:50+00:00
2020,PA,PA-02,2020-10-25,9,110733,3787,110733,,95873,5886,593,8116,apportioned,1,pa-dos,2026-09-07T21:55:50+00:00
2020,PA,PA-02,2020-10-26,8,111678,945,111678,,96701,5919,597,8193,apportioned,1,pa-dos,2026-09-07T21:55:50+00:00
2020,PA,PA-02,2020-10-27,7,121339,9661,121339,,104608,6601,668,9167,apportioned,1,pa-dos,2026-09-07T21:55:50+00:00
2020,PA,PA-02,2020-10-28,6,124182,2844,124182,,107024,6746,691,9422,apportioned,1,pa-dos,2026-09-07T21:55:50+00:00
2020,PA,PA-02,2020-10-29,5,132299,8117,132299,,113438,7462,753,10322,apportioned,1,pa-dos,2026-09-07T21:55:50+00:00
2020,PA,PA-02,2020-10-30,4,136166,3866,136166,,116349,7893,785,10804,apportioned,1,pa-dos,2026-09-07T21:55:50+00:00
2020,PA,PA-02,2020-10-31,3,137317,1151,137317,,117278,7976,793,10928,apportioned,1,pa-dos,2026-09-07T21:55:50+00:00
2020,PA,PA-02,2020-11-01,2,140022,2705,140022,,119346,8251,815,11260,apportioned,1,pa-dos,2026-09-07T21:55:50+00:00
2020,PA,PA-02,2020-11-02,1,141728,1706,141728,,120593,8434,831,11514,apportioned,1,pa-dos,2026-09-07T21:55:50+00:00
2020,PA,PA-02,2020-11-03,0,145151,3423,145151,,123210,8737,866,11971,apportioned,1,pa-dos,2026-09-07T21:55:50+00:00
2020,PA,PA-03,2020-09-24,40,1,1,1,,1,0,0,0,apportioned,1,pa-dos,2026-09-07T21:55:50+00:00
2020,PA,PA-03,2020-09-25,39,1,0,1,,1,0,0,0,apportioned,1,pa-dos,2026-09-07T21:55:50+00:00
2020,PA,PA-03,2020-09-26,38,1,1,1,,1,0,0,0,apportioned,1,pa-dos,2026-09-07T21:55:50+00:00
2020,PA,PA-03,2020-09-27,37,1,0,1,,1,0,0,0,apportioned,1,pa-dos,2026-09-07T21:55:50+00:00
2020,PA,PA-03,2020-09-28,36,3,2,3,,2,1,0,0,apportioned,1,pa-dos,2026-09-07T21:55:50+00:00
2020,PA,PA-03,2020-09-29,35,3,0,3,,2,1,0,0,apportioned,1,pa-dos,2026-09-07T21:55:50+00:00
2020,PA,PA-03,2020-09-30,34,45,42,45,,34,3,0,7,apportioned,1,pa-dos,2026-09-07T21:55:50+00:00
2020,PA,PA-03,2020-10-01,33,98,53,98,,78,5,0,13,apportioned,1,pa-dos,2026-09-07T21:55:50+00:00
2020,PA,PA-03,2020-10-02,32,130,32,130,,103,7,1,18,apportioned,1,pa-dos,2026-09-07T21:55:50+00:00
2020,PA,PA-03,2020-10-03,31,160,30,160,,126,8,1,23,apportioned,1,pa-dos,2026-09-07T21:55:50+00:00
2020,PA,PA-03,2020-10-04,30,193,33,193,,153,10,1,27,apportioned,1,pa-dos,2026-09-07T21:55:50+00:00
2020,PA,PA-03,2020-10-05,29,248,55,248,,199,11,1,34,apportioned,1,pa-dos,2026-09-07T21:55:50+00:00
2020,PA,PA-03,2020-10-06,28,248,0,248,,199,11,1,34,apportioned,1,pa-dos,2026-09-07T21:55:50+00:00
2020,PA,PA-03,2020-10-07,27,1345,1097,1345,,1148,65,7,119,apportioned,1,pa-dos,2026-09-07T21:55:50+00:00
2020,PA,PA-03,2020-10-08,26,6898,5552,6898,,5923,410,38,508,apportioned,1,pa-dos,2026-09-07T21:55:50+00:00
2020,PA,PA-03,2020-10-09,25,16636,9739,16636,,14601,887,78,1039,apportioned,1,pa-dos,2026-09-07T21:55:50+00:00
2020,PA,PA-03,2020-10-10,24,50769,34132,50769,,45013,2431,214,3025,apportioned,1,pa-dos,2026-09-07T21:55:50+00:00
2020,PA,PA-03,2020-10-11,23,59992,9223,59992,,53202,2818,258,3609,apportioned,1,pa-dos,2026-09-07T21:55:50+00:00
2020,PA,PA-03,2020-10-12,22,62288,2296,62288,,55278,2882,263,3756,apportioned,1,pa-dos,2026-09-07T21:55:50+00:00
2020,PA,PA-03,2020-10-13,21,67604,5315,67604,,59883,3165,297,4135,apportioned,1,pa-dos,2026-09-07T21:55:50+00:00
2020,PA,PA-03,2020-10-14,20,73881,6277,73881,,65395,3464,328,4557,apportioned,1,pa-dos,2026-09-07T21:55:50+00:00
2020,PA,PA-03,2020-10-15,19,87224,13343,87224,,76895,4170,403,5586,apportioned,1,pa-dos,2026-09-07T21:55:50+00:00
2020,PA,PA-03,2020-10-16,18,92073,4848,92073,,80923,4549,440,5974,apportioned,1,pa-dos,2026-09-07T21:55:50+00:00
2020,PA,PA-03,2020-10-17,17,94018,1946,94018,,82647,4622,452,6107,apportioned,1,pa-dos,2026-09-07T21:55:50+00:00
2020,PA,PA-03,2020-10-18,16,104671,10653,104671,,91699,5273,516,6970,apportioned,1,pa-dos,2026-09-07T21:55:50+00:00
2020,PA,PA-03,2020-10-19,15,116637,11966,116637,,102125,5790,575,7902,apportioned,1,pa-dos,2026-09-07T21:55:50+00:00
2020,PA,PA-03,2020-10-20,14,116733,97,116733,,102200,5795,575,7917,apportioned,1,pa-dos,2026-09-07T21:55:50+00:00
2020,PA,PA-03,2020-10-21,13,124984,8251,124984,,109109,6318,628,8655,apportioned,1,pa-dos,2026-09-07T21:55:50+00:00
2020,PA,PA-03,2020-10-22,12,130050,5066,130050,,113273,6713,665,9109,apportioned,1,pa-dos,2026-09-07T21:55:50+00:00
2020,PA,PA-03,2020-10-23,11,135853,5803,135853,,118056,7116,715,9654,apportioned,1,pa-dos,2026-09-07T21:55:50+00:00
2020,PA,PA-03,2020-10-24,10,142809,6956,142809,,123863,7535,765,10306,apportioned,1,pa-dos,2026-09-07T21:55:50+00:00
2020,PA,PA-03,2020-10-25,9,147866,5057,147866,,128023,7859,791,10837,apportioned,1,pa-dos,2026-09-07T21:55:50+00:00
2020,PA,PA-03,2020-10-26,8,149129,1263,149129,,129130,7904,797,10941,apportioned,1,pa-dos,2026-09-07T21:55:50+00:00
2020,PA,PA-03,2020-10-27,7,162029,12900,162029,,139688,8814,892,12241,apportioned,1,pa-dos,2026-09-07T21:55:50+00:00
2020,PA,PA-03,2020-10-28,6,165827,3798,165827,,142914,9008,922,12582,apportioned,1,pa-dos,2026-09-07T21:55:50+00:00
2020,PA,PA-03,2020-10-29,5,176666,10839,176666,,151479,9965,1005,13783,apportioned,1,pa-dos,2026-09-07T21:55:50+00:00
2020,PA,PA-03,2020-10-30,4,181829,5163,181829,,155367,10540,1048,14427,apportioned,1,pa-dos,2026-09-07T21:55:50+00:00
2020,PA,PA-03,2020-10-31,3,183366,1538,183366,,156606,10650,1058,14593,apportioned,1,pa-dos,2026-09-07T21:55:50+00:00
2020,PA,PA-03,2020-11-01,2,186978,3612,186978,,159368,11018,1088,15037,apportioned,1,pa-dos,2026-09-07T21:55:50+00:00
2020,PA,PA-03,2020-11-02,1,189256,2278,189256,,161034,11263,1109,15375,apportioned,1,pa-dos,2026-09-07T21:55:50+00:00
2020,PA,PA-03,2020-11-03,0,193826,4570,193826,,164529,11667,1157,15985,apportioned,1,pa-dos,2026-09-07T21:55:50+00:00
2020,PA,PA-04,2020-09-18,46,1,1,1,,0,0,0,0,apportioned,1,pa-dos,2026-09-07T21:55:50+00:00
2020,PA,PA-04,2020-09-19,45,1,0,1,,0,0,0,0,apportioned,1,pa-dos,2026-09-07T21:55:50+00:00
2020,PA,PA-04,2020-09-20,44,1,0,1,,0,0,0,0,apportioned,1,pa-dos,2026-09-07T21:55:50+00:00
2020,PA,PA-04,2020-09-21,43,6,5,6,,2,3,0,1,apportioned,1,pa-dos,2026-09-07T21:55:50+00:00
2020,PA,PA-04,2020-09-22,42,8,3,8,,3,3,0,1,apportioned,1,pa-dos,2026-09-07T21:55:50+00:00
2020,PA,PA-04,2020-09-23,41,11,3,11,,5,4,0,2,apportioned,1,pa-dos,2026-09-07T21:55:50+00:00
2020,PA,PA-04,2020-09-24,40,14,3,14,,7,5,0,2,apportioned,1,pa-dos,2026-09-07T21:55:50+00:00
2020,PA,PA-04,2020-09-25,39,19,5,19,,11,6,0,2,apportioned,1,pa-dos,2026-09-07T21:55:50+00:00
2020,PA,PA-04,2020-09-26,38,19,0,19,,11,6,0,2,apportioned,1,pa-dos,2026-09-07T21:55:50+00:00
2020,PA,PA-04,2020-09-27,37,19,0,19,,11,6,0,2,apportioned,1,pa-dos,2026-09-07T21:55:50+00:00
2020,PA,PA-04,2020-09-28,36,26,7,26,,16,7,0,3,apportioned,1,pa-dos,2026-09-07T21:55:50+00:00
2020,PA,PA-04,2020-09-29,35,32,6,32,,20,8,0,4,apportioned,1,pa-dos,2026-09-07T21:55:50+00:00
2020,PA,PA-04,2020-09-30,34,36,4,36,,22,8,0,6,apportioned,1,pa-dos,2026-09-07T21:55:50+00:00
2020,PA,PA-04,2020-10-01,33,41,5,41,,27,8,0,6,apportioned,1,pa-dos,2026-09-07T21:55:50+00:00
2020,PA,PA-04,2020-10-02,32,45,4,45,,30,8,0,7,apportioned,1,pa-dos,2026-09-07T21:55:50+00:00
2020,PA,PA-04,2020-10-03,31,45,0,45,,30,8,0,7,apportioned,1,pa-dos,2026-09-07T21:55:50+00:00
2020,PA,PA-04,2020-10-04,30,45,0,45,,30,8,0,7,apportioned,1,pa-dos,2026-09-07T21:55:50+00:00
2020,PA,PA-04,2020-10-05,29,58,13,58,,38,11,0,9,apportioned,1,pa-dos,2026-09-07T21:55:50+00:00
2020,PA,PA-04,2020-10-06,28,67,9,67,,44,14,0,10,apportioned,1,pa-dos,2026-09-07T21:55:50+00:00
2020,PA,PA-04,2020-10-07,27,80,13,80,,51,18,0,11,apportioned,1,pa-dos,2026-09-07T21:55:50+00:00
2020,PA,PA-04,2020-10-08,26,573,493,573,,384,68,1,120,apportioned,1,pa-dos,2026-09-07T21:55:50+00:00
2020,PA,PA-04,2020-10-09,25,644,70,644,,436,78,2,128,apportioned,1,pa-dos,2026-09-07T21:55:50+00:00
2020,PA,PA-04,2020-10-10,24,659,14,659,,447,79,2,131,apportioned,1,pa-dos,2026-09-07T21:55:50+00:00
2020,PA,PA-04,2020-10-11,23,659,0,659,,447,79,2,131,apportioned,1,pa-dos,2026-09-07T21:55:50+00:00
2020,PA,PA-04,2020-10-12,22,664,5,664,,452,80,2,131,apportioned,1,pa-dos,2026-09-07T21:55:50+00:00
2020,PA,PA-04,2020-10-13,21,1104,439,1104,,718,201,5,179,apportioned,1,pa-dos,2026-09-07T21:55:50+00:00
2020,PA,PA-04,2020-10-14,20,1830,727,1830,,1243,329,8,247,apportioned,1,pa-dos,2026-09-07T21:55:50+00:00
2020,PA,PA-04,2020-10-15,19,3939,2109,3939,,2787,708,16,426,apportioned,1,pa-dos,2026-09-07T21:55:50+00:00
2020,PA,PA-04,2020-10-16,18,23626,19687,23626,,17994,3541,96,1984,apportioned,1,pa-dos,2026-09-07T21:55:50+00:00
2020,PA,PA-04,2020-10-17,17,26853,3227,26853,,20417,4078,110,2233,apportioned,1,pa-dos,2026-09-07T21:55:50+00:00
2020,PA,PA-04,2020-10-18,16,26910,57,26910,,20460,4081,110,2244,apportioned,1,pa-dos,2026-09-07T21:55:50+00:00
2020,PA,PA-04,2020-10-19,15,52022,25111,52022,,38492,8562,220,4704,apportioned,1,pa-dos,2026-09-07T21:55:50+00:00
2020,PA,PA-04,2020-10-20,14,66736,14714,66736,,48852,11370,307,6146,apportioned,1,pa-dos,2026-09-07T21:55:50+00:00
2020,PA,PA-04,2020-10-21,13,75616,8880,75616,,55322,12941,340,6943,apportioned,1,pa-dos,2026-09-07T21:55:50+00:00
2020,PA,PA-04,2020-10-22,12,84845,9229,84845,,61589,14883,391,7909,apportioned,1,pa-dos,2026-09-07T21:55:50+00:00
2020,PA,PA-04,2020-10-23,11,96086,11240,96086,,69558,16870,443,9129,apportioned,1,pa-dos,2026-09-07T21:55:50+00:00
2020,PA,PA-04,2020-10-24,10,114906,18820,114906,,82437,20541,542,11287,apportioned,1,pa-dos,2026-09-07T21:55:50+00:00
2020,PA,PA-04,2020-10-25,9,121291,6385,121291,,86500,21980,577,12129,apportioned,1,pa-dos,2026-09-07T21:55:50+00:00
2020,PA,PA-04,2020-10-26,8,140640,19349,140640,,98723,26303,692,14798,apportioned,1,pa-dos,2026-09-07T21:55:50+00:00
2020,PA,PA-04,2020-10-27,7,148985,8345,148985,,103718,28405,752,15970,apportioned,1,pa-dos,2026-09-07T21:55:50+00:00
2020,PA,PA-04,2020-10-28,6,160320,11335,160320,,109992,31564,847,17758,apportioned,1,pa-dos,2026-09-07T21:55:50+00:00
2020,PA,PA-04,2020-10-29,5,173068,12747,173068,,117175,35140,949,19630,apportioned,1,pa-dos,2026-09-07T21:55:50+00:00
2020,PA,PA-04,2020-10-30,4,178880,5813,178880,,120174,36896,1010,20616,apportioned,1,pa-dos,2026-09-07T21:55:50+00:00
2020,PA,PA-04,2020-10-31,3,184512,5632,184512,,123015,38682,1064,21552,apportioned,1,pa-dos,2026-09-07T21:55:50+00:00
2020,PA,PA-04,2020-11-01,2,185584,1073,185584,,123738,38885,1072,21690,apportioned,1,pa-dos,2026-09-07T21:55:50+00:00
2020,PA,PA-04,2020-11-02,1,195021,9437,195021,,128838,41433,1166,23380,apportioned,1,pa-dos,2026-09-07T21:55:50+00:00
2020,PA,PA-04,2020-11-03,0,204615,9594,204615,,133663,44254,1294,25185,apportioned,1,pa-dos,2026-09-07T21:55:50+00:00
2020,PA,PA-05,2020-09-23,41,2,2,2,,1,1,0,0,apportioned,1,pa-dos,2026-09-07T21:55:50+00:00
2020,PA,PA-05,2020-09-24,40,5,3,5,,3,2,0,0,apportioned,1,pa-dos,2026-09-07T21:55:50+00:00
2020,PA,PA-05,2020-09-25,39,12,7,12,,8,3,0,1,apportioned,1,pa-dos,2026-09-07T21:55:50+00:00
2020,PA,PA-05,2020-09-26,38,13,1,13,,9,3,0,1,apportioned,1,pa-dos,2026-09-07T21:55:50+00:00
2020,PA,PA-05,2020-09-27,37,13,0,13,,9,3,0,1,apportioned,1,pa-dos,2026-09-07T21:55:50+00:00
2020,PA,PA-05,2020-09-28,36,35,22,35,,20,10,0,5,apportioned,1,pa-dos,2026-09-07T21:55:50+00:00
2020,PA,PA-05,2020-09-29,35,50,15,50,,32,10,0,6,apportioned,1,pa-dos,2026-09-07T21:55:50+00:00
2020,PA,PA-05,2020-09-30,34,73,23,73,,49,11,0,10,apportioned,1,pa-dos,2026-09-07T21:55:50+00:00
2020,PA,PA-05,2020-10-01,33,78,4,78,,52,11,0,11,apportioned,1,pa-dos,2026-09-07T21:55:50+00:00
2020,PA,PA-05,2020-10-02,32,175,97,175,,129,20,1,21,apportioned,1,pa-dos,2026-09-07T21:55:50+00:00
2020,PA,PA-05,2020-10-03,31,178,2,178,,131,20,1,22,apportioned,1,pa-dos,2026-09-07T21:55:50+00:00
2020,PA,PA-05,2020-10-04,30,180,3,180,,133,21,1,22,apportioned,1,pa-dos,2026-09-07T21:55:50+00:00
2020,PA,PA-05,2020-10-05,29,433,252,433,,308,69,1,50,apportioned,1,pa-dos,2026-09-07T21:55:50+00:00
2020,PA,PA-05,2020-10-06,28,462,29,462,,328,75,1,52,apportioned,1,pa-dos,2026-09-07T21:55:50+00:00
2020,PA,PA-05,2020-10-07,27,582,120,582,,423,84,3,66,apportioned,1,pa-dos,2026-09-07T21:55:50+00:00
2020,PA,PA-05,2020-10-08,26,1302,721,1302,,996,151,6,137,apportioned,1,pa-dos,2026-09-07T21:55:50+00:00
2020,PA,PA-05,2020-10-09,25,2502,1200,2502,,2035,230,9,214,apportioned,1,pa-dos,2026-09-07T21:55:50+00:00
2020,PA,PA-05,2020-10-10,24,5441,2939,5441,,4654,364,21,381,apportioned,1,pa-dos,2026-09-07T21:55:50+00:00
2020,PA,PA-05,2020-10-11,23,6173,732,6173,,5304,395,24,427,apportioned,1,pa-dos,2026-09-07T21:55:50+00:00
2020,PA,PA-05,2020-10-12,22,6859,686,6859,,5881,461,26,469,apportioned,1,pa-dos,2026-09-07T21:55:50+00:00
2020,PA,PA-05,2020-10-13,21,7303,444,7303,,6257,488,30,502,apportioned,1,pa-dos,2026-09-07T21:55:50+00:00
2020,PA,PA-05,2020-10-14,20,7844,540,7844,,6723,518,33,544,apportioned,1,pa-dos,2026-09-07T21:55:50+00:00
2020,PA,PA-05,2020-10-15,19,9095,1252,9095,,7769,612,41,642,apportioned,1,pa-dos,2026-09-07T21:55:50+00:00
2020,PA,PA-05,2020-10-16,18,12252,3157,12252,,10264,1010,54,891,apportioned,1,pa-dos,2026-09-07T21:55:50+00:00
2020,PA,PA-05,2020-10-17,17,12843,591,12843,,10730,1086,57,939,apportioned,1,pa-dos,2026-09-07T21:55:50+00:00
2020,PA,PA-05,2020-10-18,16,13923,1080,13923,,11623,1180,62,1024,apportioned,1,pa-dos,2026-09-07T21:55:50+00:00
2020,PA,PA-05,2020-10-19,15,18529,4606,18529,,15081,1867,83,1458,apportioned,1,pa-dos,2026-09-07T21:55:50+00:00
2020,PA,PA-05,2020-10-20,14,37749,19220,37749,,28441,5818,174,3252,apportioned,1,pa-dos,2026-09-07T21:55:50+00:00
2020,PA,PA-05,2020-10-21,13,53401,15652,53401,,40060,8496,231,4524,apportioned,1,pa-dos,2026-09-07T21:55:50+00:00
2020,PA,PA-05,2020-10-22,12,73584,20182,73584,,53973,12686,318,6497,apportioned,1,pa-dos,2026-09-07T21:55:50+00:00
2020,PA,PA-05,2020-10-23,11,91811,18229,91811,,66539,16402,407,8336,apportioned,1,pa-dos,2026-09-07T21:55:50+00:00
2020,PA,PA-05,2020-10-24,10,95235,3423,95235,,68966,16989,426,8717,apportioned,1,pa-dos,2026-09-07T21:55:50+00:00
2020,PA,PA-05,2020-10-25,9,96598,1363,96598,,69909,17233,433,8886,apportioned,1,pa-dos,2026-09-07T21:55:50+00:00
2020,PA,PA-05,2020-10-26,8,104512,7914,104512,,75174,18836,482,9872,apportioned,1,pa-dos,2026-09-07T21:55:50+00:00
2020,PA,PA-05,2020-10-27,7,110414,5902,110414,,79182,19973,521,10581,apportioned,1,pa-dos,2026-09-07T21:55:50+00:00
2020,PA,PA-05,2020-10-28,6,129821,19405,129821,,91028,24923,656,13022,apportioned,1,pa-dos,2026-09-07T21:55:50+00:00
2020,PA,PA-05,2020-10-29,5,137505,7685,137505,,95312,27174,719,14085,apportioned,1,pa-dos,2026-09-07T21:55:50+00:00
2020,PA,PA-05,2020-10-30,4,140795,3291,140795,,97570,27751,746,14498,apportioned,1,pa-dos,2026-09-07T21:55:50+00:00
2020,PA,PA-05,2020-10-31,3,141921,1125,141921,,98203,28061,755,14666,apportioned,1,pa-dos,2026-09-07T21:55:50+00:00
2020,PA,PA-05,2020-11-01,2,142480,558,142480,,98597,28161,759,14727,apportioned,1,pa-dos,2026-09-07T21:55:50+00:00
2020,PA,PA-05,2020-11-02,1,153173,10694,153173,,104338,31413,842,16323,apportioned,1,pa-dos,2026-09-07T21:55:50+00:00
2020,PA,PA-05,2020-11-03,0,155525,2352,155525,,105681,31996,866,16719,apportioned,1,pa-dos,2026-09-07T21:55:50+00:00
2020,PA,PA-06,2020-09-18,46,1,1,1,,1,1,0,0,apportioned,1,pa-dos,2026-09-07T21:55:50+00:00
2020,PA,PA-06,2020-09-19,45,1,0,1,,1,1,0,0,apportioned,1,pa-dos,2026-09-07T21:55:50+00:00
2020,PA,PA-06,2020-09-20,44,1,0,1,,1,1,0,0,apportioned,1,pa-dos,2026-09-07T21:55:50+00:00
2020,PA,PA-06,2020-09-21,43,9,8,9,,4,3,0,1,apportioned,1,pa-dos,2026-09-07T21:55:50+00:00
2020,PA,PA-06,2020-09-22,42,24,14,24,,14,6,0,3,apportioned,1,pa-dos,2026-09-07T21:55:50+00:00
2020,PA,PA-06,2020-09-23,41,49,26,49,,29,13,1,7,apportioned,1,pa-dos,2026-09-07T21:55:50+00:00
2020,PA,PA-06,2020-09-24,40,80,30,80,,45,21,1,13,apportioned,1,pa-dos,2026-09-07T21:55:50+00:00
2020,PA,PA-06,2020-09-25,39,122,42,122,,74,28,1,19,apportioned,1,pa-dos,2026-09-07T21:55:50+00:00
2020,PA,PA-06,2020-09-26,38,141,19,141,,86,30,1,24,apportioned,1,pa-dos,2026-09-07T21:55:50+00:00
2020,PA,PA-06,2020-09-27,37,141,0,141,,86,30,1,24,apportioned,1,pa-dos,2026-09-07T21:55:50+00:00
2020,PA,PA-06,2020-09-28,36,186,45,186,,110,46,2,28,apportioned,1,pa-dos,2026-09-07T21:55:50+00:00
2020,PA,PA-06,2020-09-29,35,227,41,227,,135,56,2,34,apportioned,1,pa-dos,2026-09-07T21:55:50+00:00
2020,PA,PA-06,2020-09-30,34,261,34,261,,159,65,2,36,apportioned,1,pa-dos,2026-09-07T21:55:50+00:00
2020,PA,PA-06,2020-10-01,33,336,75,336,,199,86,3,48,apportioned,1,pa-dos,2026-09-07T21:55:50+00:00
2020,PA,PA-06,2020-10-02,32,399,63,399,,248,98,3,50,apportioned,1,pa-dos,2026-09-07T21:55:50+00:00
2020,PA,PA-06,2020-10-03,31,413,14,413,,256,103,3,51,apportioned,1,pa-dos,2026-09-07T21:55:50+00:00
2020,PA,PA-06,2020-10-04,30,413,0,413,,256,103,3,51,apportioned,1,pa-dos,2026-09-07T21:55:50+00:00
2020,PA,PA-06,2020-10-05,29,525,112,525,,315,131,5,74,apportioned,1,pa-dos,2026-09-07T21:55:50+00:00
2020,PA,PA-06,2020-10-06,28,689,164,689,,431,154,6,98,apportioned,1,pa-dos,2026-09-07T21:55:50+00:00
2020,PA,PA-06,2020-10-07,27,20383,19694,20383,,14109,3933,112,2217,apportioned,1,pa-dos,2026-09-07T21:55:50+00:00
2020,PA,PA-06,2020-10-08,26,20595,212,20595,,14248,3981,112,2242,apportioned,1,pa-dos,2026-09-07T21:55:50+00:00
2020,PA,PA-06,2020-10-09,25,23516,2922,23516,,16124,4621,127,2632,apportioned,1,pa-dos,2026-09-07T21:55:50+00:00
2020,PA,PA-06,2020-10-10,24,36851,13335,36851,,25056,7308,195,4261,apportioned,1,pa-dos,2026-09-07T21:55:50+00:00
2020,PA,PA-06,2020-10-11,23,36851,0,36851,,25056,7308,195,4261,apportioned,1,pa-dos,2026-09-07T21:55:50+00:00
2020,PA,PA-06,2020-10-12,22,37049,198,37049,,25173,7349,195,4299,apportioned,1,pa-dos,2026-09-07T21:55:50+00:00
2020,PA,PA-06,2020-10-13,21,48581,11533,48581,,32729,9765,252,5790,apportioned,1,pa-dos,2026-09-07T21:55:50+00:00
2020,PA,PA-06,2020-10-14,20,49310,729,49310,,33257,9910,256,5843,apportioned,1,pa-dos,2026-09-07T21:55:50+00:00
2020,PA,PA-06,2020-10-15,19,52065,2755,52065,,35143,10428,266,6183,apportioned,1,pa-dos,2026-09-07T21:55:50+00:00
2020,PA,PA-06,2020-10-16,18,67295,15230,67295,,45227,13639,334,8034,apportioned,1,pa-dos,2026-09-07T21:55:50+00:00
2020,PA,PA-06,2020-10-17,17,67846,551,67846,,45603,13762,336,8084,apportioned,1,pa-dos,2026-09-07T21:55:50+00:00
2020,PA,PA-06,2020-10-18,16,67846,0,67846,,45603,13762,336,8084,apportioned,1,pa-dos,2026-09-07T21:55:50+00:00
2020,PA,PA-06,2020-10-19,15,69904,2058,69904,,46969,14200,351,8322,apportioned,1,pa-dos,2026-09-07T21:55:50+00:00
2020,PA,PA-06,2020-10-20,14,93686,23782,93686,,61593,19903,491,11619,apportioned,1,pa-dos,2026-09-07T21:55:50+00:00
2020,PA,PA-06,2020-10-21,13,104912,11227,104912,,68260,22778,567,13215,apportioned,1,pa-dos,2026-09-07T21:55:50+00:00
2020,PA,PA-06,2020-10-22,12,110559,5647,110559,,71717,24149,601,13993,apportioned,1,pa-dos,2026-09-07T21:55:50+00:00
2020,PA,PA-06,2020-10-23,11,112221,1662,112221,,72732,24532,611,14246,apportioned,1,pa-dos,2026-09-07T21:55:50+00:00
2020,PA,PA-06,2020-10-24,10,125679,13458,125679,,79733,28600,702,16513,apportioned,1,pa-dos,2026-09-07T21:55:50+00:00
2020,PA,PA-06,2020-10-25,9,125684,5,125684,,79733,28600,702,16518,apportioned,1,pa-dos,2026-09-07T21:55:50+00:00
2020,PA,PA-06,2020-10-26,8,130331,4647,130331,,82460,29860,739,17136,apportioned,1,pa-dos,2026-09-07T21:55:50+00:00
2020,PA,PA-06,2020-10-27,7,133646,3315,133646,,84228,30872,770,17635,apportioned,1,pa-dos,2026-09-07T21:55:50+00:00
2020,PA,PA-06,2020-10-28,6,141519,7874,141519,,88349,33213,851,18955,apportioned,1,pa-dos,2026-09-07T21:55:50+00:00
2020,PA,PA-06,2020-10-29,5,142659,1140,142659,,88944,33558,861,19145,apportioned,1,pa-dos,2026-09-07T21:55:50+00:00
2020,PA,PA-06,2020-10-30,4,149457,6798,149457,,92252,35775,912,20355,apportioned,1,pa-dos,2026-09-07T21:55:50+00:00
2020,PA,PA-06,2020-10-31,3,158275,8818,158275,,96020,39088,996,21988,apportioned,1,pa-dos,2026-09-07T21:55:50+00:00
2020,PA,PA-06,2020-11-01,2,167059,8784,167059,,99844,42124,1078,23815,apportioned,1,pa-dos,2026-09-07T21:55:50+00:00
2020,PA,PA-06,2020-11-02,1,167215,156,167215,,99920,42173,1078,23844,apportioned,1,pa-dos,2026-09-07T21:55:50+00:00
2020,PA,PA-06,2020-11-03,0,177460,10245,177460,,104109,46009,1199,25924,apportioned,1,pa-dos,2026-09-07T21:55:50+00:00
2020,PA,PA-07,2020-09-15,49,1,1,1,,0,0,0,1,apportioned,1,pa-dos,2026-09-07T21:55:50+00:00
2020,PA,PA-07,2020-09-16,48,1,0,1,,0,0,0,1,apportioned,1,pa-dos,2026-09-07T21:55:50+00:00
2020,PA,PA-07,2020-09-17,47,6,5,6,,4,1,0,1,apportioned,1,pa-dos,2026-09-07T21:55:50+00:00
2020,PA,PA-07,2020-09-18,46,11,5,11,,7,1,0,2,apportioned,1,pa-dos,2026-09-07T21:55:50+00:00
2020,PA,PA-07,2020-09-19,45,11,0,11,,7,1,0,2,apportioned,1,pa-dos,2026-09-07T21:55:50+00:00
2020,PA,PA-07,2020-09-20,44,11,0,11,,7,1,0,2,apportioned,1,pa-dos,2026-09-07T21:55:50+00:00
2020,PA,PA-07,2020-09-21,43,40,29,40,,26,4,0,9,apportioned,1,pa-dos,2026-09-07T21:55:50+00:00
2020,PA,PA-07,2020-09-22,42,59,19,59,,32,13,0,13,apportioned,1,pa-dos,2026-09-07T21:55:50+00:00
2020,PA,PA-07,2020-09-23,41,74,15,74,,42,14,0,17,apportioned,1,pa-dos,2026-09-07T21:55:50+00:00
2020,PA,PA-07,2020-09-24,40,93,19,93,,55,17,0,20,apportioned,1,pa-dos,2026-09-07T21:55:50+00:00
2020,PA,PA-07,2020-09-25,39,147,54,147,,83,29,1,33,apportioned,1,pa-dos,2026-09-07T21:55:50+00:00
2020,PA,PA-07,2020-09-26,38,147,0,147,,83,29,1,33,apportioned,1,pa-dos,2026-09-07T21:55:50+00:00
2020,PA,PA-07,2020-09-27,37,147,0,147,,83,29,1,33,apportioned,1,pa-dos,2026-09-07T21:55:50+00:00
2020,PA,PA-07,2020-09-28,36,238,92,238,,137,52,2,45,apportioned,1,pa-dos,2026-09-07T21:55:50+00:00
2020,PA,PA-07,2020-09-29,35,293,54,293,,165,69,2,54,apportioned,1,pa-dos,2026-09-07T21:55:50+00:00
2020,PA,PA-07,2020-09-30,34,361,68,361,,212,80,4,62,apportioned,1,pa-dos,2026-09-07T21:55:50+00:00
2020,PA,PA-07,2020-10-01,33,993,632,993,,682,183,9,115,apportioned,1,pa-dos,2026-09-07T21:55:50+00:00
2020,PA,PA-07,2020-10-02,32,1931,938,1931,,1361,352,15,198,apportioned,1,pa-dos,2026-09-07T21:55:50+00:00
2020,PA,PA-07,2020-10-03,31,3513,1582,3513,,2643,520,25,319,apportioned,1,pa-dos,2026-09-07T21:55:50+00:00
2020,PA,PA-07,2020-10-04,30,3513,0,3513,,2643,520,25,319,apportioned,1,pa-dos,2026-09-07T21:55:50+00:00
2020,PA,PA-07,2020-10-05,29,5422,1908,5422,,4143,764,33,472,apportioned,1,pa-dos,2026-09-07T21:55:50+00:00
2020,PA,PA-07,2020-10-06,28,10630,5208,10630,,8113,1502,58,942,apportioned,1,pa-dos,2026-09-07T21:55:50+00:00
2020,PA,PA-07,2020-10-07,27,14349,3719,14349,,10816,2174,75,1266,apportioned,1,pa-dos,2026-09-07T21:55:50+00:00
2020,PA,PA-07,2020-10-08,26,18071,3722,18071,,13461,2838,90,1659,apportioned,1,pa-dos,2026-09-07T21:55:50+00:00
2020,PA,PA-07,2020-10-09,25,23731,5661,23731,,17210,4121,115,2258,apportioned,1,pa-dos,2026-09-07T21:55:50+00:00
2020,PA,PA-07,2020-10-10,24,25357,1626,25357,,18398,4376,121,2435,apportioned,1,pa-dos,2026-09-07T21:55:50+00:00
2020,PA,PA-07,2020-10-11,23,25357,0,25357,,18398,4376,121,2435,apportioned,1,pa-dos,2026-09-07T21:55:50+00:00
2020,PA,PA-07,2020-10-12,22,28917,3560,28917,,20724,5143,139,2879,apportioned,1,pa-dos,2026-09-07T21:55:50+00:00
2020,PA,PA-07,2020-10-13,21,32796,3879,32796,,23432,5903,155,3268,apportioned,1,pa-dos,2026-09-07T21:55:50+00:00
2020,PA,PA-07,2020-10-14,20,37314,4518,37314,,26568,6830,169,3707,apportioned,1,pa-dos,2026-09-07T21:55:50+00:00
2020,PA,PA-07,2020-10-15,19,44208,6894,44208,,30924,8515,212,4503,apportioned,1,pa-dos,2026-09-07T21:55:50+00:00
2020,PA,PA-07,2020-10-16,18,51634,7427,51634,,35748,10198,254,5377,apportioned,1,pa-dos,2026-09-07T21:55:50+00:00
2020,PA,PA-07,2020-10-17,17,58704,7069,58704,,40712,11586,285,6057,apportioned,1,pa-dos,2026-09-07T21:55:50+00:00
2020,PA,PA-07,2020-10-18,16,58704,0,58704,,40712,11586,285,6057,apportioned,1,pa-dos,2026-09-07T21:55:50+00:00
2020,PA,PA-07,2020-10-19,15,64699,5995,64699,,44474,13023,324,6806,apportioned,1,pa-dos,2026-09-07T21:55:50+00:00
2020,PA,PA-07,2020-10-20,14,76097,11398,76097,,51821,15684,385,8119,apportioned,1,pa-dos,2026-09-07T21:55:50+00:00
2020,PA,PA-07,2020-10-21,13,84433,8336,84433,,57017,17705,428,9190,apportioned,1,pa-dos,2026-09-07T21:55:50+00:00
2020,PA,PA-07,2020-10-22,12,90337,5905,90337,,60695,19122,476,9937,apportioned,1,pa-dos,2026-09-07T21:55:50+00:00
2020,PA,PA-07,2020-10-23,11,96421,6083,96421,,64279,20725,524,10782,apportioned,1,pa-dos,2026-09-07T21:55:50+00:00
2020,PA,PA-07,2020-10-24,10,98850,2430,98850,,65842,21258,542,11096,apportioned,1,pa-dos,2026-09-07T21:55:50+00:00
2020,PA,PA-07,2020-10-25,9,98896,46,98896,,65873,21267,543,11101,apportioned,1,pa-dos,2026-09-07T21:55:50+00:00
2020,PA,PA-07,2020-10-26,8,107511,8615,107511,,71202,23313,590,12289,apportioned,1,pa-dos,2026-09-07T21:55:50+00:00
2020,PA,PA-07,2020-10-27,7,118933,11421,118933,,78431,25871,673,13830,apportioned,1,pa-dos,2026-09-07T21:55:50+00:00
2020,PA,PA-07,2020-10-28,6,132748,13815,132748,,86205,29649,776,15980,apportioned,1,pa-dos,2026-09-07T21:55:50+00:00
2020,PA,PA-07,2020-10-29,5,140049,7302,140049,,90014,31806,830,17251,apportioned,1,pa-dos,2026-09-07T21:55:50+00:00
2020,PA,PA-07,2020-10-30,4,144410,4360,144410,,92175,33135,880,18068,apportioned,1,pa-dos,2026-09-07T21:55:50+00:00
2020,PA,PA-07,2020-10-31,3,145510,1100,145510,,92670,33518,891,18277,apportioned,1,pa-dos,2026-09-07T21:55:50+00:00
2020,PA,PA-07,2020-11-01,2,145518,8,145518,,92675,33520,891,18278,apportioned,1,pa-dos,2026-09-07T21:55:50+00:00
2020,PA,PA-07,2020-11-02,1,153631,8113,153631,,96752,35835,979,19898,apportioned,1,pa-dos,2026-09-07T21:55:50+00:00
2020,PA,PA-07,2020-11-03,0,160189,6558,160189,,99909,37719,1052,21334,apportioned,1,pa-dos,2026-09-07T21:55:50+00:00
2020,PA,PA-08,2020-09-11,53,1,1,1,,1,0,0,0,apportioned,1,pa-dos,2026-09-07T21:55:50+00:00
2020,PA,PA-08,2020-09-12,52,1,0,1,,1,0,0,0,apportioned,1,pa-dos,2026-09-07T21:55:50+00:00
2020,PA,PA-08,2020-09-13,51,1,0,1,,1,0,0,0,apportioned,1,pa-dos,2026-09-07T21:55:50+00:00
2020,PA,PA-08,2020-09-14,50,3,2,3,,3,0,0,0,apportioned,1,pa-dos,2026-09-07T21:55:50+00:00
2020,PA,PA-08,2020-09-15,49,7,4,7,,5,1,0,1,apportioned,1,pa-dos,2026-09-07T21:55:50+00:00
2020,PA,PA-08,2020-09-16,48,23,16,23,,9,11,0,3,apportioned,1,pa-dos,2026-09-07T21:55:50+00:00
2020,PA,PA-08,2020-09-17,47,29,6,29,,13,12,1,3,apportioned,1,pa-dos,2026-09-07T21:55:50+00:00
2020,PA,PA-08,2020-09-18,46,36,7,36,,19,13,1,3,apportioned,1,pa-dos,2026-09-07T21:55:50+00:00
2020,PA,PA-08,2020-09-19,45,42,6,42,,23,15,1,3,apportioned,1,pa-dos,2026-09-07T21:55:50+00:00
2020,PA,PA-08,2020-09-20,44,42,0,42,,23,15,1,3,apportioned,1,pa-dos,2026-09-07T21:55:50+00:00
2020,PA,PA-08,2020-09-21,43,47,5,47,,27,15,2,3,apportioned,1,pa-dos,2026-09-07T21:55:50+00:00
2020,PA,PA-08,2020-09-22,42,50,3,50,,29,16,2,4,apportioned,1,pa-dos,2026-09-07T21:55:50+00:00
2020,PA,PA-08,2020-09-23,41,59,9,59,,33,18,2,6,apportioned,1,pa-dos,2026-09-07T21:55:50+00:00
2020,PA,PA-08,2020-09-24,40,73,14,73,,43,20,2,7,apportioned,1,pa-dos,2026-09-07T21:55:50+00:00
2020,PA,PA-08,2020-09-25,39,102,29,102,,64,26,2,9,apportioned,1,pa-dos,2026-09-07T21:55:50+00:00
2020,PA,PA-08,2020-09-26,38,112,10,112,,69,31,2,9,apportioned,1,pa-dos,2026-09-07T21:55:50+00:00
2020,PA,PA-08,2020-09-27,37,112,0,112,,69,31,2,9,apportioned,1,pa-dos,2026-09-07T21:55:50+00:00
2020,PA,PA-08,2020-09-28,36,151,38,151,,91,42,2,14,apportioned,1,pa-dos,2026-09-07T21:55:50+00:00
2020,PA,PA-08,2020-09-29,35,185,35,185,,112,54,3,16,apportioned,1,pa-dos,2026-09-07T21:55:50+00:00
2020,PA,PA-08,2020-09-30,34,220,35,220,,137,63,3,17,apportioned,1,pa-dos,2026-09-07T21:55:50+00:00
2020,PA,PA-08,2020-10-01,33,375,155,375,,237,107,6,26,apportioned,1,pa-dos,2026-09-07T21:55:50+00:00
2020,PA,PA-08,2020-10-02,32,657,282,657,,439,164,6,47,apportioned,1,pa-dos,2026-09-07T21:55:50+00:00
2020,PA,PA-08,2020-10-03,31,1301,644,1301,,822,360,12,106,apportioned,1,pa-dos,2026-09-07T21:55:50+00:00
2020,PA,PA-08,2020-10-04,30,1301,0,1301,,822,360,12,106,apportioned,1,pa-dos,2026-09-07T21:55:50+00:00
2020,PA,PA-08,2020-10-05,29,2082,782,2082,,1313,569,17,179,apportioned,1,pa-dos,2026-09-07T21:55:50+00:00
2020,PA,PA-08,2020-10-06,28,2783,702,2783,,1773,724,22,257,apportioned,1,pa-dos,2026-09-07T21:55:50+00:00
2020,PA,PA-08,2020-10-07,27,3686,903,3686,,2334,961,28,355,apportioned,1,pa-dos,2026-09-07T21:55:50+00:00
2020,PA,PA-08,2020-10-08,26,5455,1768,5455,,3458,1418,37,534,apportioned,1,pa-dos,2026-09-07T21:55:50+00:00
2020,PA,PA-08,2020-10-09,25,7356,1900,7356,,4719,1839,49,737,apportioned,1,pa-dos,2026-09-07T21:55:50+00:00
2020,PA,PA-08,2020-10-10,24,10033,2677,10033,,6667,2350,57,944,apportioned,1,pa-dos,2026-09-07T21:55:50+00:00
2020,PA,PA-08,2020-10-11,23,10033,0,10033,,6667,2350,57,944,apportioned,1,pa-dos,2026-09-07T21:55:50+00:00
2020,PA,PA-08,2020-10-12,22,10048,15,10048,,6677,2353,57,947,apportioned,1,pa-dos,2026-09-07T21:55:50+00:00
2020,PA,PA-08,2020-10-13,21,12060,2012,12060,,7809,2953,68,1208,apportioned,1,pa-dos,2026-09-07T21:55:50+00:00
2020,PA,PA-08,2020-10-14,20,19423,7363,19423,,13714,3965,102,1616,apportioned,1,pa-dos,2026-09-07T21:55:50+00:00
2020,PA,PA-08,2020-10-15,19,24975,5552,24975,,18202,4691,121,1934,apportioned,1,pa-dos,2026-09-07T21:55:50+00:00
2020,PA,PA-08,2020-10-16,18,34951,9975,34951,,25313,6628,175,2801,apportioned,1,pa-dos,2026-09-07T21:55:50+00:00
2020,PA,PA-08,2020-10-17,17,38965,4015,38965,,28118,7418,194,3198,apportioned,1,pa-dos,2026-09-07T21:55:50+00:00
2020,PA,PA-08,2020-10-18,16,38965,0,38965,,28118,7418,194,3198,apportioned,1,pa-dos,2026-09-07T21:55:50+00:00
2020,PA,PA-08,2020-10-19,15,42996,4031,42996,,30868,8317,224,3545,apportioned,1,pa-dos,2026-09-07T21:55:50+00:00
2020,PA,PA-08,2020-10-20,14,54246,11250,54246,,38826,10548,295,4514,apportioned,1,pa-dos,2026-09-07T21:55:50+00:00
2020,PA,PA-08,2020-10-21,13,61434,7188,61434,,43758,12127,333,5139,apportioned,1,pa-dos,2026-09-07T21:55:50+00:00
2020,PA,PA-08,2020-10-22,12,73529,12094,73529,,52194,14894,394,5959,apportioned,1,pa-dos,2026-09-07T21:55:50+00:00
2020,PA,PA-08,2020-10-23,11,81739,8211,81739,,57586,16996,430,6631,apportioned,1,pa-dos,2026-09-07T21:55:50+00:00
2020,PA,PA-08,2020-10-24,10,93516,11776,93516,,65524,19667,502,7713,apportioned,1,pa-dos,2026-09-07T21:55:50+00:00
2020,PA,PA-08,2020-10-25,9,93998,482,93998,,65851,19756,506,7775,apportioned,1,pa-dos,2026-09-07T21:55:50+00:00
2020,PA,PA-08,2020-10-26,8,99937,5939,99937,,69434,21421,550,8414,apportioned,1,pa-dos,2026-09-07T21:55:50+00:00
2020,PA,PA-08,2020-10-27,7,106634,6698,106634,,73499,23139,604,9261,apportioned,1,pa-dos,2026-09-07T21:55:50+00:00
2020,PA,PA-08,2020-10-28,6,115918,9284,115918,,79082,25676,674,10343,apportioned,1,pa-dos,2026-09-07T21:55:50+00:00
2020,PA,PA-08,2020-10-29,5,121481,5562,121481,,82337,27236,716,11033,apportioned,1,pa-dos,2026-09-07T21:55:50+00:00
2020,PA,PA-08,2020-10-30,4,126512,5032,126512,,85185,28713,758,11687,apportioned,1,pa-dos,2026-09-07T21:55:50+00:00
2020,PA,PA-08,2020-10-31,3,129318,2805,129318,,86630,29554,784,12171,apportioned,1,pa-dos,2026-09-07T21:55:50+00:00
2020,PA,PA-08,2020-11-01,2,129321,3,129321,,86632,29555,784,12171,apportioned,1,pa-dos,2026-09-07T21:55:50+00:00
2020,PA,PA-08,2020-11-02,1,137917,8596,137917,,91138,32090,888,13610,apportioned,1,pa-dos,2026-09-07T21:55:50+00:00
2020,PA,PA-08,2020-11-03,0,140782,2866,140782,,92617,32858,924,14185,apportioned,1,pa-dos,2026-09-07T21:55:50+00:00
2020,PA,PA-09,2020-08-28,67,1,1,1,,1,0,0,0,apportioned,1,pa-dos,2026-09-07T21:55:50+00:00
2020,PA,PA-09,2020-08-29,66,1,0,1,,1,0,0,0,apportioned,1,pa-dos,2026-09-07T21:55:50+00:00
2020,PA,PA-09,2020-08-30,65,1,0,1,,1,0,0,0,apportioned,1,pa-dos,2026-09-07T21:55:50+00:00
2020,PA,PA-09,2020-08-31,64,3,2,3,,2,0,0,1,apportioned,1,pa-dos,2026-09-07T21:55:50+00:00
2020,PA,PA-09,2020-09-01,63,3,0,3,,2,0,0,1,apportioned,1,pa-dos,2026-09-07T21:55:50+00:00
2020,PA,PA-09,2020-09-02,62,3,0,3,,2,0,0,1,apportioned,1,pa-dos,2026-09-07T21:55:50+00:00
2020,PA,PA-09,2020-09-03,61,3,0,3,,2,0,0,1,apportioned,1,pa-dos,2026-09-07T21:55:50+00:00
2020,PA,PA-09,2020-09-04,60,4,1,4,,2,1,0,1,apportioned,1,pa-dos,2026-09-07T21:55:50+00:00
2020,PA,PA-09,2020-09-05,59,4,0,4,,2,1,0,1,apportioned,1,pa-dos,2026-09-07T21:55:50+00:00
2020,PA,PA-09,2020-09-06,58,4,0,4,,2,1,0,1,apportioned,1,pa-dos,2026-09-07T21:55:50+00:00
2020,PA,PA-09,2020-09-07,57,4,0,4,,2,1,0,1,apportioned,1,pa-dos,2026-09-07T21:55:50+00:00
2020,PA,PA-09,2020-09-08,56,6,2,6,,2,3,0,1,apportioned,1,pa-dos,2026-09-07T21:55:50+00:00
2020,PA,PA-09,2020-09-09,55,6,0,6,,2,3,0,1,apportioned,1,pa-dos,2026-09-07T21:55:50+00:00
2020,PA,PA-09,2020-09-10,54,8,2,8,,4,3,0,1,apportioned,1,pa-dos,2026-09-07T21:55:50+00:00
2020,PA,PA-09,2020-09-11,53,11,3,11,,6,4,0,1,apportioned,1,pa-dos,2026-09-07T21:55:50+00:00
2020,PA,PA-09,2020-09-12,52,11,0,11,,6,4,0,1,apportioned,1,pa-dos,2026-09-07T21:55:50+00:00
2020,PA,PA-09,2020-09-13,51,11,0,11,,6,4,0,1,apportioned,1,pa-dos,2026-09-07T21:55:50+00:00
2020,PA,PA-09,2020-09-14,50,15,4,15,,8,6,0,1,apportioned,1,pa-dos,2026-09-07T21:55:50+00:00
2020,PA,PA-09,2020-09-15,49,15,0,15,,8,6,0,1,apportioned,1,pa-dos,2026-09-07T21:55:50+00:00
2020,PA,PA-09,2020-09-16,48,20,5,20,,10,9,0,1,apportioned,1,pa-dos,2026-09-07T21:55:50+00:00
2020,PA,PA-09,2020-09-17,47,22,2,22,,11,10,0,1,apportioned,1,pa-dos,2026-09-07T21:55:50+00:00
2020,PA,PA-09,2020-09-18,46,25,3,25,,13,11,0,1,apportioned,1,pa-dos,2026-09-07T21:55:50+00:00
2020,PA,PA-09,2020-09-19,45,25,0,25,,13,11,0,1,apportioned,1,pa-dos,2026-09-07T21:55:50+00:00
2020,PA,PA-09,2020-09-20,44,25,0,25,,13,11,0,1,apportioned,1,pa-dos,2026-09-07T21:55:50+00:00
2020,PA,PA-09,2020-09-21,43,36,11,36,,18,14,0,5,apportioned,1,pa-dos,2026-09-07T21:55:50+00:00
2020,PA,PA-09,2020-09-22,42,41,5,41,,20,17,0,5,apportioned,1,pa-dos,2026-09-07T21:55:50+00:00
2020,PA,PA-09,2020-09-23,41,63,21,63,,27,27,0,8,apportioned,1,pa-dos,2026-09-07T21:55:50+00:00
2020,PA,PA-09,2020-09-24,40,76,15,76,,36,32,0,9,apportioned,1,pa-dos,2026-09-07T21:55:50+00:00
2020,PA,PA-09,2020-09-25,39,98,22,98,,52,34,1,11,apportioned,1,pa-dos,2026-09-07T21:55:50+00:00
2020,PA,PA-09,2020-09-26,38,100,2,100,,54,34,1,11,apportioned,1,pa-dos,2026-09-07T21:55:50+00:00
2020,PA,PA-09,2020-09-27,37,100,0,100,,54,34,1,11,apportioned,1,pa-dos,2026-09-07T21:55:50+00:00
2020,PA,PA-09,2020-09-28,36,178,78,178,,101,57,1,19,apportioned,1,pa-dos,2026-09-07T21:55:50+00:00
2020,PA,PA-09,2020-09-29,35,449,270,449,,261,149,4,34,apportioned,1,pa-dos,2026-09-07T21:55:50+00:00
2020,PA,PA-09,2020-09-30,34,785,336,785,,465,267,5,46,apportioned,1,pa-dos,2026-09-07T21:55:50+00:00
2020,PA,PA-09,2020-10-01,33,1073,288,1073,,619,378,8,67,apportioned,1,pa-dos,2026-09-07T21:55:50+00:00
2020,PA,PA-09,2020-10-02,32,1221,148,1221,,693,438,9,82,apportioned,1,pa-dos,2026-09-07T21:55:50+00:00
2020,PA,PA-09,2020-10-03,31,1246,25,1246,,705,449,9,84,apportioned,1,pa-dos,2026-09-07T21:55:50+00:00
2020,PA,PA-09,2020-10-04,30,1246,0,1246,,705,449,9,84,apportioned,1,pa-dos,2026-09-07T21:55:50+00:00
2020,PA,PA-09,2020-10-05,29,1772,526,1772,,977,647,10,138,apportioned,1,pa-dos,2026-09-07T21:55:50+00:00
2020,PA,PA-09,2020-10-06,28,2066,293,2066,,1157,739,12,158,apportioned,1,pa-dos,2026-09-07T21:55:50+00:00
2020,PA,PA-09,2020-10-07,27,2463,397,2463,,1373,884,12,193,apportioned,1,pa-dos,2026-09-07T21:55:50+00:00
2020,PA,PA-09,2020-10-08,26,3237,775,3237,,1846,1107,16,267,apportioned,1,pa-dos,2026-09-07T21:55:50+00:00
2020,PA,PA-09,2020-10-09,25,4888,1651,4888,,2844,1586,26,426,apportioned,1,pa-dos,2026-09-07T21:55:50+00:00
2020,PA,PA-09,2020-10-10,24,4888,1,4888,,2844,1587,26,426,apportioned,1,pa-dos,2026-09-07T21:55:50+00:00
2020,PA,PA-09,2020-10-11,23,5182,294,5182,,3060,1647,26,444,apportioned,1,pa-dos,2026-09-07T21:55:50+00:00
2020,PA,PA-09,2020-10-12,22,5406,224,5406,,3186,1697,30,488,apportioned,1,pa-dos,2026-09-07T21:55:50+00:00
2020,PA,PA-09,2020-10-13,21,7355,1949,7355,,4240,2392,47,672,apportioned,1,pa-dos,2026-09-07T21:55:50+00:00
2020,PA,PA-09,2020-10-14,20,10340,2985,10340,,5979,3321,79,950,apportioned,1,pa-dos,2026-09-07T21:55:50+00:00
2020,PA,PA-09,2020-10-15,19,13606,3266,13606,,8089,4130,95,1274,apportioned,1,pa-dos,2026-09-07T21:55:50+00:00
2020,PA,PA-09,2020-10-16,18,19262,5656,19262,,11397,5989,124,1729,apportioned,1,pa-dos,2026-09-07T21:55:50+00:00
2020,PA,PA-09,2020-10-17,17,20040,779,20040,,11897,6201,127,1791,apportioned,1,pa-dos,2026-09-07T21:55:50+00:00
2020,PA,PA-09,2020-10-18,16,20683,643,20683,,12300,6376,129,1854,apportioned,1,pa-dos,2026-09-07T21:55:50+00:00
2020,PA,PA-09,2020-10-19,15,26414,5731,26414,,15638,8158,174,2411,apportioned,1,pa-dos,2026-09-07T21:55:50+00:00
2020,PA,PA-09,2020-10-20,14,33881,7467,33881,,20141,10429,224,3045,apportioned,1,pa-dos,2026-09-07T21:55:50+00:00
2020,PA,PA-09,2020-10-21,13,41284,7402,41284,,24576,12691,276,3693,apportioned,1,pa-dos,2026-09-07T21:55:50+00:00
2020,PA,PA-09,2020-10-22,12,49907,8622,49907,,29469,15564,333,4482,apportioned,1,pa-dos,2026-09-07T21:55:50+00:00
2020,PA,PA-09,2020-10-23,11,59433,9528,59433,,34881,18999,385,5104,apportioned,1,pa-dos,2026-09-07T21:55:50+00:00
2020,PA,PA-09,2020-10-24,10,62846,3413,62846,,36962,20067,404,5346,apportioned,1,pa-dos,2026-09-07T21:55:50+00:00
2020,PA,PA-09,2020-10-25,9,64183,1337,64183,,37620,20643,412,5441,apportioned,1,pa-dos,2026-09-07T21:55:50+00:00
2020,PA,PA-09,2020-10-26,8,70081,5898,70081,,40612,22900,456,6043,apportioned,1,pa-dos,2026-09-07T21:55:50+00:00
2020,PA,PA-09,2020-10-27,7,77324,7243,77324,,44261,25693,526,6767,apportioned,1,pa-dos,2026-09-07T21:55:50+00:00
2020,PA,PA-09,2020-10-28,6,83054,5729,83054,,46960,28010,577,7416,apportioned,1,pa-dos,2026-09-07T21:55:50+00:00
2020,PA,PA-09,2020-10-29,5,88753,5700,88753,,49366,30535,630,8128,apportioned,1,pa-dos,2026-09-07T21:55:50+00:00
2020,PA,PA-09,2020-10-30,4,92492,3738,92492,,51068,32039,656,8627,apportioned,1,pa-dos,2026-09-07T21:55:50+00:00
2020,PA,PA-09,2020-10-31,3,93330,839,93330,,51437,32381,665,8743,apportioned,1,pa-dos,2026-09-07T21:55:50+00:00
2020,PA,PA-09,2020-11-01,2,93447,117,93447,,51473,32442,667,8761,apportioned,1,pa-dos,2026-09-07T21:55:50+00:00
2020,PA,PA-09,2020-11-02,1,98481,5034,98481,,53466,34669,731,9502,apportioned,1,pa-dos,2026-09-07T21:55:50+00:00
2020,PA,PA-09,2020-11-03,0,102252,3770,102252,,55100,36180,788,10061,apportioned,1,pa-dos,2026-09-07T21:55:50+00:00
2020,PA,PA-10,2020-09-01,63,8,8,8,,6,2,0,1,apportioned,1,pa-dos,2026-09-07T21:55:50+00:00
2020,PA,PA-10,2020-09-02,62,12,4,12,,8,3,0,1,apportioned,1,pa-dos,2026-09-07T21:55:50+00:00
2020,PA,PA-10,2020-09-03,61,17,6,17,,12,3,0,3,apportioned,1,pa-dos,2026-09-07T21:55:50+00:00
2020,PA,PA-10,2020-09-04,60,25,7,25,,17,5,0,3,apportioned,1,pa-dos,2026-09-07T21:55:50+00:00
2020,PA,PA-10,2020-09-05,59,25,0,25,,17,5,0,3,apportioned,1,pa-dos,2026-09-07T21:55:50+00:00
2020,PA,PA-10,2020-09-06,58,25,0,25,,17,5,0,3,apportioned,1,pa-dos,2026-09-07T21:55:50+00:00
2020,PA,PA-10,2020-09-07,57,25,0,25,,17,5,0,3,apportioned,1,pa-dos,2026-09-07T21:55:50+00:00
2020,PA,PA-10,2020-09-08,56,29,5,29,,20,6,0,3,apportioned,1,pa-dos,2026-09-07T21:55:50+00:00
2020,PA,PA-10,2020-09-09,55,43,14,43,,24,13,0,6,apportioned,1,pa-dos,2026-09-07T21:55:50+00:00
2020,PA,PA-10,2020-09-10,54,49,6,49,,28,14,0,6,apportioned,1,pa-dos,2026-09-07T21:55:50+00:00
2020,PA,PA-10,2020-09-11,53,49,0,49,,28,14,0,6,apportioned,1,pa-dos,2026-09-07T21:55:50+00:00
2020,PA,PA-10,2020-09-12,52,56,7,56,,34,15,0,7,apportioned,1,pa-dos,2026-09-07T21:55:50+00:00
2020,PA,PA-10,2020-09-13,51,56,0,56,,34,15,0,7,apportioned,1,pa-dos,2026-09-07T21:55:50+00:00
2020,PA,PA-10,2020-09-14,50,87,31,87,,51,26,0,10,apportioned,1,pa-dos,2026-09-07T21:55:50+00:00
2020,PA,PA-10,2020-09-15,49,92,5,92,,53,28,0,11,apportioned,1,pa-dos,2026-09-07T21:55:50+00:00
2020,PA,PA-10,2020-09-16,48,99,7,99,,55,30,0,14,apportioned,1,pa-dos,2026-09-07T21:55:50+00:00
2020,PA,PA-10,2020-09-17,47,99,0,99,,55,30,0,14,apportioned,1,pa-dos,2026-09-07T21:55:50+00:00
2020,PA,PA-10,2020-09-18,46,111,12,111,,58,36,0,17,apportioned,1,pa-dos,2026-09-07T21:55:50+00:00
2020,PA,PA-10,2020-09-19,45,120,9,120,,62,40,0,18,apportioned,1,pa-dos,2026-09-07T21:55:50+00:00
2020,PA,PA-10,2020-09-20,44,120,0,120,,62,40,0,18,apportioned,1,pa-dos,2026-09-07T21:55:50+00:00
2020,PA,PA-10,2020-09-21,43,127,6,127,,64,44,0,18,apportioned,1,pa-dos,2026-09-07T21:55:50+00:00
2020,PA,PA-10,2020-09-22,42,130,4,130,,64,46,0,20,apportioned,1,pa-dos,2026-09-07T21:55:50+00:00
2020,PA,PA-10,2020-09-23,41,147,17,147,,76,48,0,24,apportioned,1,pa-dos,2026-09-07T21:55:50+00:00
2020,PA,PA-10,2020-09-24,40,161,14,161,,82,52,1,25,apportioned,1,pa-dos,2026-09-07T21:55:50+00:00
2020,PA,PA-10,2020-09-25,39,174,12,174,,89,57,1,26,apportioned,1,pa-dos,2026-09-07T21:55:50+00:00
2020,PA,PA-10,2020-09-26,38,174,1,174,,89,57,1,27,apportioned,1,pa-dos,2026-09-07T21:55:50+00:00
2020,PA,PA-10,2020-09-27,37,174,0,174,,89,57,1,27,apportioned,1,pa-dos,2026-09-07T21:55:50+00:00
2020,PA,PA-10,2020-09-28,36,211,36,211,,109,68,1,33,apportioned,1,pa-dos,2026-09-07T21:55:50+00:00
2020,PA,PA-10,2020-09-29,35,238,27,238,,123,79,2,33,apportioned,1,pa-dos,2026-09-07T21:55:50+00:00
2020,PA,PA-10,2020-09-30,34,258,20,258,,137,81,3,37,apportioned,1,pa-dos,2026-09-07T21:55:50+00:00
2020,PA,PA-10,2020-10-01,33,297,38,297,,156,97,3,40,apportioned,1,pa-dos,2026-09-07T21:55:50+00:00
2020,PA,PA-10,2020-10-02,32,339,43,339,,182,107,3,45,apportioned,1,pa-dos,2026-09-07T21:55:50+00:00
2020,PA,PA-10,2020-10-03,31,341,2,341,,184,107,3,45,apportioned,1,pa-dos,2026-09-07T21:55:50+00:00
2020,PA,PA-10,2020-10-04,30,342,1,342,,185,107,3,45,apportioned,1,pa-dos,2026-09-07T21:55:50+00:00
2020,PA,PA-10,2020-10-05,29,568,227,568,,362,139,4,63,apportioned,1,pa-dos,2026-09-07T21:55:50+00:00
2020,PA,PA-10,2020-10-06,28,1494,925,1494,,1059,305,7,121,apportioned,1,pa-dos,2026-09-07T21:55:50+00:00
2020,PA,PA-10,2020-10-07,27,2668,1173,2668,,1946,514,11,194,apportioned,1,pa-dos,2026-09-07T21:55:50+00:00
2020,PA,PA-10,2020-10-08,26,9620,6952,9620,,6748,2119,36,713,apportioned,1,pa-dos,2026-09-07T21:55:50+00:00
2020,PA,PA-10,2020-10-09,25,12355,2735,12355,,8663,2765,48,873,apportioned,1,pa-dos,2026-09-07T21:55:50+00:00
2020,PA,PA-10,2020-10-10,24,15783,3428,15783,,10830,3778,65,1104,apportioned,1,pa-dos,2026-09-07T21:55:50+00:00
2020,PA,PA-10,2020-10-11,23,15784,1,15784,,10830,3779,65,1104,apportioned,1,pa-dos,2026-09-07T21:55:50+00:00
2020,PA,PA-10,2020-10-12,22,17444,1660,17444,,12046,4050,75,1268,apportioned,1,pa-dos,2026-09-07T21:55:50+00:00
2020,PA,PA-10,2020-10-13,21,33486,16041,33486,,22533,8017,164,2757,apportioned,1,pa-dos,2026-09-07T21:55:50+00:00
2020,PA,PA-10,2020-10-14,20,35930,2444,35930,,24251,8487,172,3002,apportioned,1,pa-dos,2026-09-07T21:55:50+00:00
2020,PA,PA-10,2020-10-15,19,45936,10006,45936,,30208,11363,250,4094,apportioned,1,pa-dos,2026-09-07T21:55:50+00:00
2020,PA,PA-10,2020-10-16,18,53718,7782,53718,,34907,13578,300,4903,apportioned,1,pa-dos,2026-09-07T21:55:50+00:00
2020,PA,PA-10,2020-10-17,17,56726,3008,56726,,36585,14498,322,5289,apportioned,1,pa-dos,2026-09-07T21:55:50+00:00
2020,PA,PA-10,2020-10-18,16,56728,2,56728,,36586,14499,322,5289,apportioned,1,pa-dos,2026-09-07T21:55:50+00:00
2020,PA,PA-10,2020-10-19,15,69992,13265,69992,,44585,18284,405,6676,apportioned,1,pa-dos,2026-09-07T21:55:50+00:00
2020,PA,PA-10,2020-10-20,14,75508,5516,75508,,47975,19751,437,7296,apportioned,1,pa-dos,2026-09-07T21:55:50+00:00
2020,PA,PA-10,2020-10-21,13,83042,7534,83042,,52175,22167,483,8160,apportioned,1,pa-dos,2026-09-07T21:55:50+00:00
2020,PA,PA-10,2020-10-22,12,89184,6142,89184,,55540,24206,524,8850,apportioned,1,pa-dos,2026-09-07T21:55:50+00:00
2020,PA,PA-10,2020-10-23,11,95269,6085,95269,,58806,26202,577,9616,apportioned,1,pa-dos,2026-09-07T21:55:50+00:00
2020,PA,PA-10,2020-10-24,10,98748,3480,98748,,60647,27414,600,10019,apportioned,1,pa-dos,2026-09-07T21:55:50+00:00
2020,PA,PA-10,2020-10-25,9,98780,33,98780,,60672,27414,600,10026,apportioned,1,pa-dos,2026-09-07T21:55:50+00:00
2020,PA,PA-10,2020-10-26,8,106616,7836,106616,,64923,29877,661,11080,apportioned,1,pa-dos,2026-09-07T21:55:50+00:00
2020,PA,PA-10,2020-10-27,7,111376,4760,111376,,67514,31341,708,11732,apportioned,1,pa-dos,2026-09-07T21:55:50+00:00
2020,PA,PA-10,2020-10-28,6,118462,7087,118462,,70844,33992,777,12761,apportioned,1,pa-dos,2026-09-07T21:55:50+00:00
2020,PA,PA-10,2020-10-29,5,124798,6335,124798,,73632,36409,853,13802,apportioned,1,pa-dos,2026-09-07T21:55:50+00:00
2020,PA,PA-10,2020-10-30,4,130121,5324,130121,,76025,38377,924,14691,apportioned,1,pa-dos,2026-09-07T21:55:50+00:00
2020,PA,PA-10,2020-10-31,3,131558,1436,131558,,76525,39062,937,14930,apportioned,1,pa-dos,2026-09-07T21:55:50+00:00
2020,PA,PA-10,2020-11-01,2,132558,1000,132558,,77042,39396,948,15067,apportioned,1,pa-dos,2026-09-07T21:55:50+00:00
2020,PA,PA-10,2020-11-02,1,137263,4705,137263,,79254,41027,1013,15857,apportioned,1,pa-dos,2026-09-07T21:55:50+00:00
2020,PA,PA-10,2020-11-03,0,142332,5069,142332,,81356,42882,1106,16876,apportioned,1,pa-dos,2026-09-07T21:55:50+00:00
2020,PA,PA-11,2020-09-06,58,5,5,5,,3,1,0,1,apportioned,1,pa-dos,2026-09-07T21:55:50+00:00
2020,PA,PA-11,2020-09-07,57,5,0,5,,3,1,0,1,apportioned,1,pa-dos,2026-09-07T21:55:50+00:00
2020,PA,PA-11,2020-09-08,56,10,5,10,,5,3,0,2,apportioned,1,pa-dos,2026-09-07T21:55:50+00:00
2020,PA,PA-11,2020-09-09,55,20,10,20,,12,5,0,3,apportioned,1,pa-dos,2026-09-07T21:55:50+00:00
2020,PA,PA-11,2020-09-10,54,21,1,21,,12,5,0,4,apportioned,1,pa-dos,2026-09-07T21:55:50+00:00
2020,PA,PA-11,2020-09-11,53,21,0,21,,12,5,0,4,apportioned,1,pa-dos,2026-09-07T21:55:50+00:00
2020,PA,PA-11,2020-09-12,52,21,0,21,,12,5,0,4,apportioned,1,pa-dos,2026-09-07T21:55:50+00:00
2020,PA,PA-11,2020-09-13,51,22,1,22,,13,5,0,4,apportioned,1,pa-dos,2026-09-07T21:55:50+00:00
2020,PA,PA-11,2020-09-14,50,32,10,32,,21,6,0,5,apportioned,1,pa-dos,2026-09-07T21:55:50+00:00
2020,PA,PA-11,2020-09-15,49,72,40,72,,43,16,0,10,apportioned,1,pa-dos,2026-09-07T21:55:50+00:00
2020,PA,PA-11,2020-09-16,48,76,4,76,,47,16,0,10,apportioned,1,pa-dos,2026-09-07T21:55:50+00:00
2020,PA,PA-11,2020-09-17,47,85,9,85,,51,19,1,10,apportioned,1,pa-dos,2026-09-07T21:55:50+00:00
2020,PA,PA-11,2020-09-18,46,104,19,104,,65,22,1,11,apportioned,1,pa-dos,2026-09-07T21:55:50+00:00
2020,PA,PA-11,2020-09-19,45,113,9,113,,69,27,1,11,apportioned,1,pa-dos,2026-09-07T21:55:50+00:00
2020,PA,PA-11,2020-09-20,44,113,0,113,,69,27,1,11,apportioned,1,pa-dos,2026-09-07T21:55:50+00:00
2020,PA,PA-11,2020-09-21,43,127,14,127,,78,29,1,12,apportioned,1,pa-dos,2026-09-07T21:55:50+00:00
2020,PA,PA-11,2020-09-22,42,136,9,136,,84,30,2,13,apportioned,1,pa-dos,2026-09-07T21:55:50+00:00
2020,PA,PA-11,2020-09-23,41,153,17,153,,94,35,2,15,apportioned,1,pa-dos,2026-09-07T21:55:50+00:00
2020,PA,PA-11,2020-09-24,40,163,10,163,,98,40,2,16,apportioned,1,pa-dos,2026-09-07T21:55:50+00:00
2020,PA,PA-11,2020-09-25,39,187,24,187,,111,46,2,20,apportioned,1,pa-dos,2026-09-07T21:55:50+00:00
2020,PA,PA-11,2020-09-26,38,187,0,187,,111,46,2,20,apportioned,1,pa-dos,2026-09-07T21:55:50+00:00
2020,PA,PA-11,2020-09-27,37,187,0,187,,111,46,2,20,apportioned,1,pa-dos,2026-09-07T21:55:50+00:00
2020,PA,PA-11,2020-09-28,36,216,29,216,,128,54,2,21,apportioned,1,pa-dos,2026-09-07T21:55:50+00:00
2020,PA,PA-11,2020-09-29,35,248,32,248,,141,61,2,31,apportioned,1,pa-dos,2026-09-07T21:55:50+00:00
2020,PA,PA-11,2020-09-30,34,250,2,250,,142,61,2,32,apportioned,1,pa-dos,2026-09-07T21:55:50+00:00
2020,PA,PA-11,2020-10-01,33,265,15,265,,152,63,2,34,apportioned,1,pa-dos,2026-09-07T21:55:50+00:00
2020,PA,PA-11,2020-10-02,32,328,63,328,,185,81,2,44,apportioned,1,pa-dos,2026-09-07T21:55:50+00:00
2020,PA,PA-11,2020-10-03,31,330,2,330,,186,81,2,45,apportioned,1,pa-dos,2026-09-07T21:55:50+00:00
2020,PA,PA-11,2020-10-04,30,336,6,336,,189,81,2,48,apportioned,1,pa-dos,2026-09-07T21:55:50+00:00
2020,PA,PA-11,2020-10-05,29,419,82,419,,226,112,3,58,apportioned,1,pa-dos,2026-09-07T21:55:50+00:00
2020,PA,PA-11,2020-10-06,28,585,166,585,,328,155,3,79,apportioned,1,pa-dos,2026-09-07T21:55:50+00:00
2020,PA,PA-11,2020-10-07,27,1669,1085,1669,,1164,295,6,179,apportioned,1,pa-dos,2026-09-07T21:55:50+00:00
2020,PA,PA-11,2020-10-08,26,3533,1864,3533,,2514,591,13,388,apportioned,1,pa-dos,2026-09-07T21:55:50+00:00
2020,PA,PA-11,2020-10-09,25,5437,1904,5437,,3970,854,23,562,apportioned,1,pa-dos,2026-09-07T21:55:50+00:00
2020,PA,PA-11,2020-10-10,24,5463,26,5463,,3983,863,23,565,apportioned,1,pa-dos,2026-09-07T21:55:50+00:00
2020,PA,PA-11,2020-10-11,23,5495,32,5495,,3995,877,23,569,apportioned,1,pa-dos,2026-09-07T21:55:50+00:00
2020,PA,PA-11,2020-10-12,22,14483,8988,14483,,9153,3821,78,1394,apportioned,1,pa-dos,2026-09-07T21:55:50+00:00
2020,PA,PA-11,2020-10-13,21,23447,8964,23447,,14495,6507,136,2270,apportioned,1,pa-dos,2026-09-07T21:55:50+00:00
2020,PA,PA-11,2020-10-14,20,31777,8330,31777,,19219,9191,195,3124,apportioned,1,pa-dos,2026-09-07T21:55:50+00:00
2020,PA,PA-11,2020-10-15,19,36719,4942,36719,,22074,10685,243,3669,apportioned,1,pa-dos,2026-09-07T21:55:50+00:00
2020,PA,PA-11,2020-10-16,18,46539,9820,46539,,27756,13766,305,4655,apportioned,1,pa-dos,2026-09-07T21:55:50+00:00
2020,PA,PA-11,2020-10-17,17,51866,5327,51866,,30546,15613,348,5296,apportioned,1,pa-dos,2026-09-07T21:55:50+00:00
2020,PA,PA-11,2020-10-18,16,51881,15,51881,,30554,15618,348,5298,apportioned,1,pa-dos,2026-09-07T21:55:50+00:00
2020,PA,PA-11,2020-10-19,15,60621,8740,60621,,35640,18372,393,6142,apportioned,1,pa-dos,2026-09-07T21:55:50+00:00
2020,PA,PA-11,2020-10-20,14,67244,6623,67244,,39231,20595,440,6900,apportioned,1,pa-dos,2026-09-07T21:55:50+00:00
2020,PA,PA-11,2020-10-21,13,72024,4780,72024,,41817,22237,468,7419,apportioned,1,pa-dos,2026-09-07T21:55:50+00:00
2020,PA,PA-11,2020-10-22,12,76182,4158,76182,,44070,23656,496,7868,apportioned,1,pa-dos,2026-09-07T21:55:50+00:00
2020,PA,PA-11,2020-10-23,11,82381,6199,82381,,47234,25818,539,8690,apportioned,1,pa-dos,2026-09-07T21:55:50+00:00
2020,PA,PA-11,2020-10-24,10,87809,5428,87809,,50136,27634,582,9350,apportioned,1,pa-dos,2026-09-07T21:55:50+00:00
2020,PA,PA-11,2020-10-25,9,87871,61,87871,,50171,27654,582,9356,apportioned,1,pa-dos,2026-09-07T21:55:50+00:00
2020,PA,PA-11,2020-10-26,8,93872,6001,93872,,52982,29980,638,10158,apportioned,1,pa-dos,2026-09-07T21:55:50+00:00
2020,PA,PA-11,2020-10-27,7,96512,2640,96512,,54399,30822,662,10513,apportioned,1,pa-dos,2026-09-07T21:55:50+00:00
2020,PA,PA-11,2020-10-28,6,102602,6090,102602,,57322,33086,716,11352,apportioned,1,pa-dos,2026-09-07T21:55:50+00:00
2020,PA,PA-11,2020-10-29,5,107460,4858,107460,,59379,35069,769,12103,apportioned,1,pa-dos,2026-09-07T21:55:50+00:00
2020,PA,PA-11,2020-10-30,4,111948,4488,111948,,61197,36967,822,12819,apportioned,1,pa-dos,2026-09-07T21:55:50+00:00
2020,PA,PA-11,2020-10-31,3,115532,3584,115532,,62434,38646,856,13444,apportioned,1,pa-dos,2026-09-07T21:55:50+00:00
2020,PA,PA-11,2020-11-01,2,116526,994,116526,,62946,38977,867,13580,apportioned,1,pa-dos,2026-09-07T21:55:50+00:00
2020,PA,PA-11,2020-11-02,1,122361,5836,122361,,65113,41510,945,14630,apportioned,1,pa-dos,2026-09-07T21:55:50+00:00
2020,PA,PA-11,2020-11-03,0,127571,5210,127571,,67103,43598,1020,15682,apportioned,1,pa-dos,2026-09-07T21:55:50+00:00
2020,PA,PA-12,2020-09-22,42,1,1,1,,1,0,0,0,apportioned,1,pa-dos,2026-09-07T21:55:50+00:00
2020,PA,PA-12,2020-09-23,41,3,1,3,,2,1,0,0,apportioned,1,pa-dos,2026-09-07T21:55:50+00:00
2020,PA,PA-12,2020-09-24,40,8,5,8,,6,2,0,0,apportioned,1,pa-dos,2026-09-07T21:55:50+00:00
2020,PA,PA-12,2020-09-25,39,19,11,19,,15,3,0,0,apportioned,1,pa-dos,2026-09-07T21:55:50+00:00
2020,PA,PA-12,2020-09-26,38,19,0,19,,15,3,0,0,apportioned,1,pa-dos,2026-09-07T21:55:50+00:00
2020,PA,PA-12,2020-09-27,37,40,21,40,,30,5,1,3,apportioned,1,pa-dos,2026-09-07T21:55:50+00:00
2020,PA,PA-12,2020-09-28,36,47,6,47,,34,7,1,4,apportioned,1,pa-dos,2026-09-07T21:55:50+00:00
2020,PA,PA-12,2020-09-29,35,112,65,112,,89,12,1,8,apportioned,1,pa-dos,2026-09-07T21:55:50+00:00
2020,PA,PA-12,2020-09-30,34,5495,5384,5495,,4184,585,38,659,apportioned,1,pa-dos,2026-09-07T21:55:50+00:00
2020,PA,PA-12,2020-10-01,33,8095,2601,8095,,6211,870,56,918,apportioned,1,pa-dos,2026-09-07T21:55:50+00:00
2020,PA,PA-12,2020-10-02,32,11310,3215,11310,,8699,1252,76,1230,apportioned,1,pa-dos,2026-09-07T21:55:50+00:00
2020,PA,PA-12,2020-10-03,31,14450,3140,14450,,11216,1610,89,1469,apportioned,1,pa-dos,2026-09-07T21:55:50+00:00
2020,PA,PA-12,2020-10-04,30,14472,22,14472,,11232,1614,89,1470,apportioned,1,pa-dos,2026-09-07T21:55:50+00:00
2020,PA,PA-12,2020-10-05,29,28622,14150,28622,,22617,3496,138,2227,apportioned,1,pa-dos,2026-09-07T21:55:50+00:00
2020,PA,PA-12,2020-10-06,28,31296,2673,31296,,24836,3784,146,2370,apportioned,1,pa-dos,2026-09-07T21:55:50+00:00
2020,PA,PA-12,2020-10-07,27,50752,19457,50752,,40158,6678,211,3443,apportioned,1,pa-dos,2026-09-07T21:55:50+00:00
2020,PA,PA-12,2020-10-08,26,56953,6201,56953,,45006,7593,237,3826,apportioned,1,pa-dos,2026-09-07T21:55:50+00:00
2020,PA,PA-12,2020-10-09,25,62324,5372,62324,,49208,8371,256,4174,apportioned,1,pa-dos,2026-09-07T21:55:50+00:00
2020,PA,PA-12,2020-10-10,24,62328,4,62328,,49209,8373,256,4174,apportioned,1,pa-dos,2026-09-07T21:55:50+00:00
2020,PA,PA-12,2020-10-11,23,62328,0,62328,,49209,8374,256,4174,apportioned,1,pa-dos,2026-09-07T21:55:50+00:00
2020,PA,PA-12,2020-10-12,22,78568,16238,78568,,62043,10415,318,5405,apportioned,1,pa-dos,2026-09-07T21:55:50+00:00
2020,PA,PA-12,2020-10-13,21,80158,1590,80158,,63251,10631,326,5557,apportioned,1,pa-dos,2026-09-07T21:55:50+00:00
2020,PA,PA-12,2020-10-14,20,88148,7990,88148,,68956,12152,377,6244,apportioned,1,pa-dos,2026-09-07T21:55:50+00:00
2020,PA,PA-12,2020-10-15,19,95204,7056,95204,,74025,13480,413,6845,apportioned,1,pa-dos,2026-09-07T21:55:50+00:00
2020,PA,PA-12,2020-10-16,18,100879,5674,100879,,78114,14555,445,7309,apportioned,1,pa-dos,2026-09-07T21:55:50+00:00
2020,PA,PA-12,2020-10-17,17,102911,2032,102911,,79586,14998,454,7416,apportioned,1,pa-dos,2026-09-07T21:55:50+00:00
2020,PA,PA-12,2020-10-18,16,102923,11,102923,,79591,15003,454,7418,apportioned,1,pa-dos,2026-09-07T21:55:50+00:00
2020,PA,PA-12,2020-10-19,15,112199,9277,112199,,86409,16579,508,8215,apportioned,1,pa-dos,2026-09-07T21:55:50+00:00
2020,PA,PA-12,2020-10-20,14,118973,6774,118973,,91158,17898,553,8852,apportioned,1,pa-dos,2026-09-07T21:55:50+00:00
2020,PA,PA-12,2020-10-21,13,124885,5912,124885,,95253,19099,589,9418,apportioned,1,pa-dos,2026-09-07T21:55:50+00:00
2020,PA,PA-12,2020-10-22,12,130481,5596,130481,,98993,20319,628,10003,apportioned,1,pa-dos,2026-09-07T21:55:50+00:00
2020,PA,PA-12,2020-10-23,11,135510,5030,135510,,102162,21548,666,10589,apportioned,1,pa-dos,2026-09-07T21:55:50+00:00
2020,PA,PA-12,2020-10-24,10,136605,1095,136605,,102868,21829,674,10688,apportioned,1,pa-dos,2026-09-07T21:55:50+00:00
2020,PA,PA-12,2020-10-25,9,136968,362,136968,,103103,21922,674,10722,apportioned,1,pa-dos,2026-09-07T21:55:50+00:00
2020,PA,PA-12,2020-10-26,8,147255,10288,147255,,110003,24041,741,11889,apportioned,1,pa-dos,2026-09-07T21:55:50+00:00
2020,PA,PA-12,2020-10-27,7,159238,11982,159238,,117254,27168,837,13365,apportioned,1,pa-dos,2026-09-07T21:55:50+00:00
2020,PA,PA-12,2020-10-28,6,167868,8630,167868,,122684,29140,908,14499,apportioned,1,pa-dos,2026-09-07T21:55:50+00:00
2020,PA,PA-12,2020-10-29,5,173094,5226,173094,,125748,30504,960,15233,apportioned,1,pa-dos,2026-09-07T21:55:50+00:00
2020,PA,PA-12,2020-10-30,4,178951,5858,178951,,129270,31943,1018,16056,apportioned,1,pa-dos,2026-09-07T21:55:50+00:00
2020,PA,PA-12,2020-10-31,3,180607,1656,180607,,130242,32397,1034,16264,apportioned,1,pa-dos,2026-09-07T21:55:50+00:00
2020,PA,PA-12,2020-11-01,2,182958,2351,182958,,131391,33171,1064,16655,apportioned,1,pa-dos,2026-09-07T21:55:50+00:00
2020,PA,PA-12,2020-11-02,1,188021,5063,188021,,134313,34435,1115,17464,apportioned,1,pa-dos,2026-09-07T21:55:50+00:00
2020,PA,PA-12,2020-11-03,0,192213,4192,192213,,136680,35433,1180,18211,apportioned,1,pa-dos,2026-09-07T21:55:50+00:00
2020,PA,PA-13,2020-09-01,63,1,1,1,,0,0,0,0,apportioned,1,pa-dos,2026-09-07T21:55:50+00:00
2020,PA,PA-13,2020-09-02,62,1,0,1,,1,0,0,0,apportioned,1,pa-dos,2026-09-07T21:55:50+00:00
2020,PA,PA-13,2020-09-03,61,2,0,2,,1,0,0,0,apportioned,1,pa-dos,2026-09-07T21:55:50+00:00
2020,PA,PA-13,2020-09-04,60,2,1,2,,2,0,0,0,apportioned,1,pa-dos,2026-09-07T21:55:50+00:00
2020,PA,PA-13,2020-09-05,59,2,0,2,,2,0,0,0,apportioned,1,pa-dos,2026-09-07T21:55:50+00:00
2020,PA,PA-13,2020-09-06,58,2,0,2,,2,0,0,0,apportioned,1,pa-dos,2026-09-07T21:55:50+00:00
2020,PA,PA-13,2020-09-07,57,2,0,2,,2,0,0,0,apportioned,1,pa-dos,2026-09-07T21:55:50+00:00
2020,PA,PA-13,2020-09-08,56,7,4,7,,4,3,0,0,apportioned,1,pa-dos,2026-09-07T21:55:50+00:00
2020,PA,PA-13,2020-09-09,55,8,1,8,,4,3,0,1,apportioned,1,pa-dos,2026-09-07T21:55:50+00:00
2020,PA,PA-13,2020-09-10,54,8,0,8,,5,3,0,1,apportioned,1,pa-dos,2026-09-07T21:55:50+00:00
2020,PA,PA-13,2020-09-11,53,8,0,8,,5,3,0,1,apportioned,1,pa-dos,2026-09-07T21:55:50+00:00
2020,PA,PA-13,2020-09-12,52,9,1,9,,5,3,0,1,apportioned,1,pa-dos,2026-09-07T21:55:50+00:00
2020,PA,PA-13,2020-09-13,51,9,0,9,,5,3,0,1,apportioned,1,pa-dos,2026-09-07T21:55:50+00:00
2020,PA,PA-13,2020-09-14,50,14,5,14,,7,6,0,1,apportioned,1,pa-dos,2026-09-07T21:55:50+00:00
2020,PA,PA-13,2020-09-15,49,14,0,14,,7,6,0,1,apportioned,1,pa-dos,2026-09-07T21:55:50+00:00
2020,PA,PA-13,2020-09-16,48,15,1,15,,7,7,0,1,apportioned,1,pa-dos,2026-09-07T21:55:50+00:00
2020,PA,PA-13,2020-09-17,47,15,0,15,,7,7,0,1,apportioned,1,pa-dos,2026-09-07T21:55:50+00:00
2020,PA,PA-13,2020-09-18,46,18,3,18,,8,8,0,2,apportioned,1,pa-dos,2026-09-07T21:55:50+00:00
2020,PA,PA-13,2020-09-19,45,19,1,19,,9,8,0,2,apportioned,1,pa-dos,2026-09-07T21:55:50+00:00
2020,PA,PA-13,2020-09-20,44,19,0,19,,9,8,0,2,apportioned,1,pa-dos,2026-09-07T21:55:50+00:00
2020,PA,PA-13,2020-09-21,43,19,1,19,,9,9,0,2,apportioned,1,pa-dos,2026-09-07T21:55:50+00:00
2020,PA,PA-13,2020-09-22,42,20,0,20,,9,9,0,2,apportioned,1,pa-dos,2026-09-07T21:55:50+00:00
2020,PA,PA-13,2020-09-23,41,22,2,22,,10,9,0,2,apportioned,1,pa-dos,2026-09-07T21:55:50+00:00
2020,PA,PA-13,2020-09-24,40,23,1,23,,11,10,0,2,apportioned,1,pa-dos,2026-09-07T21:55:50+00:00
2020,PA,PA-13,2020-09-25,39,28,6,28,,15,10,0,3,apportioned,1,pa-dos,2026-09-07T21:55:50+00:00
2020,PA,PA-13,2020-09-26,38,29,0,29,,15,10,0,3,apportioned,1,pa-dos,2026-09-07T21:55:50+00:00
2020,PA,PA-13,2020-09-27,37,31,2,31,,16,11,0,3,apportioned,1,pa-dos,2026-09-07T21:55:50+00:00
2020,PA,PA-13,2020-09-28,36,36,5,36,,18,12,0,3,apportioned,1,pa-dos,2026-09-07T21:55:50+00:00
2020,PA,PA-13,2020-09-29,35,68,32,68,,35,25,0,6,apportioned,1,pa-dos,2026-09-07T21:55:50+00:00
2020,PA,PA-13,2020-09-30,34,90,22,90,,45,32,0,10,apportioned,1,pa-dos,2026-09-07T21:55:50+00:00
2020,PA,PA-13,2020-10-01,33,197,108,197,,97,72,0,27,apportioned,1,pa-dos,2026-09-07T21:55:50+00:00
2020,PA,PA-13,2020-10-02,32,330,132,330,,186,103,0,39,apportioned,1,pa-dos,2026-09-07T21:55:50+00:00
2020,PA,PA-13,2020-10-03,31,395,64,395,,209,137,0,46,apportioned,1,pa-dos,2026-09-07T21:55:50+00:00
2020,PA,PA-13,2020-10-04,30,397,2,397,,209,139,0,46,apportioned,1,pa-dos,2026-09-07T21:55:50+00:00
2020,PA,PA-13,2020-10-05,29,2647,2250,2647,,1709,632,18,285,apportioned,1,pa-dos,2026-09-07T21:55:50+00:00
2020,PA,PA-13,2020-10-06,28,3150,504,3150,,2061,737,19,331,apportioned,1,pa-dos,2026-09-07T21:55:50+00:00
2020,PA,PA-13,2020-10-07,27,5433,2283,5433,,3584,1330,30,486,apportioned,1,pa-dos,2026-09-07T21:55:50+00:00
2020,PA,PA-13,2020-10-08,26,7451,2017,7451,,4874,1907,45,621,apportioned,1,pa-dos,2026-09-07T21:55:50+00:00
2020,PA,PA-13,2020-10-09,25,10322,2871,10322,,6746,2715,58,799,apportioned,1,pa-dos,2026-09-07T21:55:50+00:00
2020,PA,PA-13,2020-10-10,24,11451,1129,11451,,7470,3023,64,890,apportioned,1,pa-dos,2026-09-07T21:55:50+00:00
2020,PA,PA-13,2020-10-11,23,12643,1192,12643,,8206,3390,65,977,apportioned,1,pa-dos,2026-09-07T21:55:50+00:00
2020,PA,PA-13,2020-10-12,22,14075,1432,14075,,8982,3948,69,1069,apportioned,1,pa-dos,2026-09-07T21:55:50+00:00
2020,PA,PA-13,2020-10-13,21,17024,2950,17024,,10978,4688,87,1263,apportioned,1,pa-dos,2026-09-07T21:55:50+00:00
2020,PA,PA-13,2020-10-14,20,21024,4000,21024,,13354,5993,109,1561,apportioned,1,pa-dos,2026-09-07T21:55:50+00:00
2020,PA,PA-13,2020-10-15,19,27012,5988,27012,,16836,8070,133,1964,apportioned,1,pa-dos,2026-09-07T21:55:50+00:00
2020,PA,PA-13,2020-10-16,18,34043,7030,34043,,20712,10625,167,2526,apportioned,1,pa-dos,2026-09-07T21:55:50+00:00
2020,PA,PA-13,2020-10-17,17,36041,1998,36041,,21751,11336,184,2754,apportioned,1,pa-dos,2026-09-07T21:55:50+00:00
2020,PA,PA-13,2020-10-18,16,36067,26,36067,,21758,11348,184,2761,apportioned,1,pa-dos,2026-09-07T21:55:50+00:00
2020,PA,PA-13,2020-10-19,15,42434,6366,42434,,24821,14040,223,3326,apportioned,1,pa-dos,2026-09-07T21:55:50+00:00
2020,PA,PA-13,2020-10-20,14,50037,7603,50037,,29112,16657,262,3974,apportioned,1,pa-dos,2026-09-07T21:55:50+00:00
2020,PA,PA-13,2020-10-21,13,58462,8425,58462,,33220,20167,319,4718,apportioned,1,pa-dos,2026-09-07T21:55:50+00:00
2020,PA,PA-13,2020-10-22,12,63460,4997,63460,,35587,22320,346,5161,apportioned,1,pa-dos,2026-09-07T21:55:50+00:00
2020,PA,PA-13,2020-10-23,11,68384,4924,68384,,37918,24342,383,5693,apportioned,1,pa-dos,2026-09-07T21:55:50+00:00
2020,PA,PA-13,2020-10-24,10,69281,896,69281,,38366,24682,391,5792,apportioned,1,pa-dos,2026-09-07T21:55:50+00:00
2020,PA,PA-13,2020-10-25,9,69304,23,69304,,38376,24690,391,5797,apportioned,1,pa-dos,2026-09-07T21:55:50+00:00
2020,PA,PA-13,2020-10-26,8,74973,5669,74973,,40682,27402,428,6408,apportioned,1,pa-dos,2026-09-07T21:55:50+00:00
2020,PA,PA-13,2020-10-27,7,80053,5080,80053,,43021,29536,473,6966,apportioned,1,pa-dos,2026-09-07T21:55:50+00:00
2020,PA,PA-13,2020-10-28,6,84540,4486,84540,,44797,31728,504,7449,apportioned,1,pa-dos,2026-09-07T21:55:50+00:00
2020,PA,PA-13,2020-10-29,5,90160,5621,90160,,46997,34394,551,8152,apportioned,1,pa-dos,2026-09-07T21:55:50+00:00
2020,PA,PA-13,2020-10-30,4,94110,3949,94110,,48537,36249,587,8664,apportioned,1,pa-dos,2026-09-07T21:55:50+00:00
2020,PA,PA-13,2020-10-31,3,95051,942,95051,,48875,36702,596,8805,apportioned,1,pa-dos,2026-09-07T21:55:50+00:00
2020,PA,PA-13,2020-11-01,2,95052,1,95052,,48875,36702,596,8805,apportioned,1,pa-dos,2026-09-07T21:55:50+00:00
2020,PA,PA-13,2020-11-02,1,99694,4641,99694,,50449,38990,668,9508,apportioned,1,pa-dos,2026-09-07T21:55:50+00:00
2020,PA,PA-13,2020-11-03,0,102723,3029,102723,,51449,40460,707,10019,apportioned,1,pa-dos,2026-09-07T21:55:50+00:00
2020,PA,PA-14,2020-09-21,43,1,1,1,,0,0,0,1,apportioned,1,pa-dos,2026-09-07T21:55:50+00:00
2020,PA,PA-14,2020-09-22,42,6,5,6,,2,3,0,1,apportioned,1,pa-dos,2026-09-07T21:55:50+00:00
2020,PA,PA-14,2020-09-23,41,11,5,11,,4,6,0,1,apportioned,1,pa-dos,2026-09-07T21:55:50+00:00
2020,PA,PA-14,2020-09-24,40,20,10,20,,8,12,0,1,apportioned,1,pa-dos,2026-09-07T21:55:50+00:00
2020,PA,PA-14,2020-09-25,39,35,15,35,,14,21,0,2,apportioned,1,pa-dos,2026-09-07T21:55:50+00:00
2020,PA,PA-14,2020-09-26,38,35,0,35,,14,21,0,2,apportioned,1,pa-dos,2026-09-07T21:55:50+00:00
2020,PA,PA-14,2020-09-27,37,35,0,35,,14,21,0,2,apportioned,1,pa-dos,2026-09-07T21:55:50+00:00
2020,PA,PA-14,2020-09-28,36,83,49,83,,31,43,1,8,apportioned,1,pa-dos,2026-09-07T21:55:50+00:00
2020,PA,PA-14,2020-09-29,35,122,39,122,,52,56,1,12,apportioned,1,pa-dos,2026-09-07T21:55:50+00:00
2020,PA,PA-14,2020-09-30,34,144,23,144,,61,71,1,12,apportioned,1,pa-dos,2026-09-07T21:55:50+00:00
2020,PA,PA-14,2020-10-01,33,183,37,183,,75,89,1,17,apportioned,1,pa-dos,2026-09-07T21:55:50+00:00
2020,PA,PA-14,2020-10-02,32,206,23,206,,87,97,1,19,apportioned,1,pa-dos,2026-09-07T21:55:50+00:00
2020,PA,PA-14,2020-10-03,31,220,15,220,,97,102,1,19,apportioned,1,pa-dos,2026-09-07T21:55:50+00:00
2020,PA,PA-14,2020-10-04,30,220,0,220,,97,102,1,19,apportioned,1,pa-dos,2026-09-07T21:55:50+00:00
2020,PA,PA-14,2020-10-05,29,401,183,401,,211,162,1,28,apportioned,1,pa-dos,2026-09-07T21:55:50+00:00
2020,PA,PA-14,2020-10-06,28,814,412,814,,455,303,5,51,apportioned,1,pa-dos,2026-09-07T21:55:50+00:00
2020,PA,PA-14,2020-10-07,27,1627,813,1627,,1033,487,9,97,apportioned,1,pa-dos,2026-09-07T21:55:50+00:00
2020,PA,PA-14,2020-10-08,26,2218,591,2218,,1401,667,11,138,apportioned,1,pa-dos,2026-09-07T21:55:50+00:00
2020,PA,PA-14,2020-10-09,25,4579,2361,4579,,3057,1194,24,300,apportioned,1,pa-dos,2026-09-07T21:55:50+00:00
2020,PA,PA-14,2020-10-10,24,5644,1065,5644,,3843,1395,28,372,apportioned,1,pa-dos,2026-09-07T21:55:50+00:00
2020,PA,PA-14,2020-10-11,23,6008,364,6008,,4111,1464,31,394,apportioned,1,pa-dos,2026-09-07T21:55:50+00:00
2020,PA,PA-14,2020-10-12,22,6474,467,6474,,4444,1559,33,429,apportioned,1,pa-dos,2026-09-07T21:55:50+00:00
2020,PA,PA-14,2020-10-13,21,9982,3508,9982,,7018,2252,44,656,apportioned,1,pa-dos,2026-09-07T21:55:50+00:00
2020,PA,PA-14,2020-10-14,20,18337,8355,18337,,13214,3861,78,1157,apportioned,1,pa-dos,2026-09-07T21:55:50+00:00
2020,PA,PA-14,2020-10-15,19,25275,6938,25275,,18239,5330,98,1574,apportioned,1,pa-dos,2026-09-07T21:55:50+00:00
2020,PA,PA-14,2020-10-16,18,37272,11998,37272,,27179,7674,151,2222,apportioned,1,pa-dos,2026-09-07T21:55:50+00:00
2020,PA,PA-14,2020-10-17,17,44684,7412,44684,,32316,9412,179,2723,apportioned,1,pa-dos,2026-09-07T21:55:50+00:00
2020,PA,PA-14,2020-10-18,16,44709,26,44709,,32325,9425,179,2726,apportioned,1,pa-dos,2026-09-07T21:55:50+00:00
2020,PA,PA-14,2020-10-19,15,51677,6967,51677,,36817,11420,211,3172,apportioned,1,pa-dos,2026-09-07T21:55:50+00:00
2020,PA,PA-14,2020-10-20,14,57587,5910,57587,,40766,12916,247,3600,apportioned,1,pa-dos,2026-09-07T21:55:50+00:00
2020,PA,PA-14,2020-10-21,13,63723,6136,63723,,44504,14817,279,4063,apportioned,1,pa-dos,2026-09-07T21:55:50+00:00
2020,PA,PA-14,2020-10-22,12,70129,6407,70129,,48620,16588,313,4541,apportioned,1,pa-dos,2026-09-07T21:55:50+00:00
2020,PA,PA-14,2020-10-23,11,75681,5552,75681,,51914,18306,344,5043,apportioned,1,pa-dos,2026-09-07T21:55:50+00:00
2020,PA,PA-14,2020-10-24,10,79015,3334,79015,,53969,19239,369,5361,apportioned,1,pa-dos,2026-09-07T21:55:50+00:00
2020,PA,PA-14,2020-10-25,9,79737,723,79737,,54438,19421,371,5431,apportioned,1,pa-dos,2026-09-07T21:55:50+00:00
2020,PA,PA-14,2020-10-26,8,85834,6096,85834,,57823,21509,407,6010,apportioned,1,pa-dos,2026-09-07T21:55:50+00:00
2020,PA,PA-14,2020-10-27,7,91072,5239,91072,,60631,23337,443,6567,apportioned,1,pa-dos,2026-09-07T21:55:50+00:00
2020,PA,PA-14,2020-10-28,6,96594,5522,96594,,63606,25268,482,7136,apportioned,1,pa-dos,2026-09-07T21:55:50+00:00
2020,PA,PA-14,2020-10-29,5,100529,3934,100529,,65558,26779,513,7565,apportioned,1,pa-dos,2026-09-07T21:55:50+00:00
2020,PA,PA-14,2020-10-30,4,103987,3459,103987,,67303,28059,543,7964,apportioned,1,pa-dos,2026-09-07T21:55:50+00:00
2020,PA,PA-14,2020-10-31,3,106208,2220,106208,,68386,28934,565,8202,apportioned,1,pa-dos,2026-09-07T21:55:50+00:00
2020,PA,PA-14,2020-11-01,2,107169,961,107169,,68933,29230,575,8311,apportioned,1,pa-dos,2026-09-07T21:55:50+00:00
2020,PA,PA-14,2020-11-02,1,111444,4275,111444,,70897,30902,624,8895,apportioned,1,pa-dos,2026-09-07T21:55:50+00:00
2020,PA,PA-14,2020-11-03,0,113569,2125,113569,,71929,31693,645,9176,apportioned,1,pa-dos,2026-09-07T21:55:50+00:00
2020,PA,PA-15,2020-07-06,120,1,0,1,,0,1,0,0,apportioned,1,pa-dos,2026-09-07T21:55:50+00:00
2020,PA,PA-15,2020-07-07,119,1,0,1,,0,1,0,0,apportioned,1,pa-dos,2026-09-07T21:55:50+00:00
2020,PA,PA-15,2020-07-08,118,1,0,1,,0,1,0,0,apportioned,1,pa-dos,2026-09-07T21:55:50+00:00
2020,PA,PA-15,2020-07-09,117,1,0,1,,0,1,0,0,apportioned,1,pa-dos,2026-09-07T21:55:50+00:00
2020,PA,PA-15,2020-07-10,116,1,0,1,,0,1,0,0,apportioned,1,pa-dos,2026-09-07T21:55:50+00:00
2020,PA,PA-15,2020-07-11,115,1,0,1,,0,1,0,0,apportioned,1,pa-dos,2026-09-07T21:55:50+00:00
2020,PA,PA-15,2020-07-12,114,1,0,1,,0,1,0,0,apportioned,1,pa-dos,2026-09-07T21:55:50+00:00
2020,PA,PA-15,2020-07-13,113,1,0,1,,0,1,0,0,apportioned,1,pa-dos,2026-09-07T21:55:50+00:00
2020,PA,PA-15,2020-07-14,112,1,0,1,,0,1,0,0,apportioned,1,pa-dos,2026-09-07T21:55:50+00:00
2020,PA,PA-15,2020-07-15,111,1,0,1,,0,1,0,0,apportioned,1,pa-dos,2026-09-07T21:55:50+00:00
2020,PA,PA-15,2020-07-16,110,1,0,1,,0,1,0,0,apportioned,1,pa-dos,2026-09-07T21:55:50+00:00
2020,PA,PA-15,2020-07-17,109,1,0,1,,0,1,0,0,apportioned,1,pa-dos,2026-09-07T21:55:50+00:00
2020,PA,PA-15,2020-07-18,108,1,0,1,,0,1,0,0,apportioned,1,pa-dos,2026-09-07T21:55:50+00:00
2020,PA,PA-15,2020-07-19,107,1,0,1,,0,1,0,0,apportioned,1,pa-dos,2026-09-07T21:55:50+00:00
2020,PA,PA-15,2020-07-20,106,1,0,1,,0,1,0,0,apportioned,1,pa-dos,2026-09-07T21:55:50+00:00
2020,PA,PA-15,2020-07-21,105,1,0,1,,0,1,0,0,apportioned,1,pa-dos,2026-09-07T21:55:50+00:00
2020,PA,PA-15,2020-07-22,104,1,0,1,,0,1,0,0,apportioned,1,pa-dos,2026-09-07T21:55:50+00:00
2020,PA,PA-15,2020-07-23,103,1,0,1,,0,1,0,0,apportioned,1,pa-dos,2026-09-07T21:55:50+00:00
2020,PA,PA-15,2020-07-24,102,1,0,1,,0,1,0,0,apportioned,1,pa-dos,2026-09-07T21:55:50+00:00
2020,PA,PA-15,2020-07-25,101,1,0,1,,0,1,0,0,apportioned,1,pa-dos,2026-09-07T21:55:50+00:00
2020,PA,PA-15,2020-07-26,100,1,0,1,,0,1,0,0,apportioned,1,pa-dos,2026-09-07T21:55:50+00:00
2020,PA,PA-15,2020-07-27,99,1,0,1,,0,1,0,0,apportioned,1,pa-dos,2026-09-07T21:55:50+00:00
2020,PA,PA-15,2020-07-28,98,1,0,1,,0,1,0,0,apportioned,1,pa-dos,2026-09-07T21:55:50+00:00
2020,PA,PA-15,2020-07-29,97,1,0,1,,0,1,0,0,apportioned,1,pa-dos,2026-09-07T21:55:50+00:00
2020,PA,PA-15,2020-07-30,96,1,0,1,,0,1,0,0,apportioned,1,pa-dos,2026-09-07T21:55:50+00:00
2020,PA,PA-15,2020-07-31,95,1,0,1,,0,1,0,0,apportioned,1,pa-dos,2026-09-07T21:55:50+00:00
2020,PA,PA-15,2020-08-01,94,1,0,1,,0,1,0,0,apportioned,1,pa-dos,2026-09-07T21:55:50+00:00
2020,PA,PA-15,2020-08-02,93,1,0,1,,0,1,0,0,apportioned,1,pa-dos,2026-09-07T21:55:50+00:00
2020,PA,PA-15,2020-08-03,92,1,0,1,,0,1,0,0,apportioned,1,pa-dos,2026-09-07T21:55:50+00:00
2020,PA,PA-15,2020-08-04,91,1,0,1,,0,1,0,0,apportioned,1,pa-dos,2026-09-07T21:55:50+00:00
2020,PA,PA-15,2020-08-05,90,1,0,1,,0,1,0,0,apportioned,1,pa-dos,2026-09-07T21:55:50+00:00
2020,PA,PA-15,2020-08-06,89,1,0,1,,0,1,0,0,apportioned,1,pa-dos,2026-09-07T21:55:50+00:00
2020,PA,PA-15,2020-08-07,88,1,0,1,,0,1,0,0,apportioned,1,pa-dos,2026-09-07T21:55:50+00:00
2020,PA,PA-15,2020-08-08,87,1,0,1,,0,1,0,0,apportioned,1,pa-dos,2026-09-07T21:55:50+00:00
2020,PA,PA-15,2020-08-09,86,1,0,1,,0,1,0,0,apportioned,1,pa-dos,2026-09-07T21:55:50+00:00
2020,PA,PA-15,2020-08-10,85,1,0,1,,0,1,0,0,apportioned,1,pa-dos,2026-09-07T21:55:50+00:00
2020,PA,PA-15,2020-08-11,84,1,0,1,,0,1,0,0,apportioned,1,pa-dos,2026-09-07T21:55:50+00:00
2020,PA,PA-15,2020-08-12,83,1,0,1,,0,1,0,0,apportioned,1,pa-dos,2026-09-07T21:55:50+00:00
2020,PA,PA-15,2020-08-13,82,1,0,1,,0,1,0,0,apportioned,1,pa-dos,2026-09-07T21:55:50+00:00
2020,PA,PA-15,2020-08-14,81,1,0,1,,0,1,0,0,apportioned,1,pa-dos,2026-09-07T21:55:50+00:00
2020,PA,PA-15,2020-08-15,80,1,0,1,,0,1,0,0,apportioned,1,pa-dos,2026-09-07T21:55:50+00:00
2020,PA,PA-15,2020-08-16,79,1,0,1,,0,1,0,0,apportioned,1,pa-dos,2026-09-07T21:55:50+00:00
2020,PA,PA-15,2020-08-17,78,1,0,1,,0,1,0,0,apportioned,1,pa-dos,2026-09-07T21:55:50+00:00
2020,PA,PA-15,2020-08-18,77,1,0,1,,0,1,0,0,apportioned,1,pa-dos,2026-09-07T21:55:50+00:00
2020,PA,PA-15,2020-08-19,76,1,0,1,,0,1,0,0,apportioned,1,pa-dos,2026-09-07T21:55:50+00:00
2020,PA,PA-15,2020-08-20,75,1,0,1,,0,1,0,0,apportioned,1,pa-dos,2026-09-07T21:55:50+00:00
2020,PA,PA-15,2020-08-21,74,1,0,1,,0,1,0,0,apportioned,1,pa-dos,2026-09-07T21:55:50+00:00
2020,PA,PA-15,2020-08-22,73,1,0,1,,0,1,0,0,apportioned,1,pa-dos,2026-09-07T21:55:50+00:00
2020,PA,PA-15,2020-08-23,72,1,0,1,,0,1,0,0,apportioned,1,pa-dos,2026-09-07T21:55:50+00:00
2020,PA,PA-15,2020-08-24,71,1,0,1,,0,1,0,0,apportioned,1,pa-dos,2026-09-07T21:55:50+00:00
2020,PA,PA-15,2020-08-25,70,1,0,1,,0,1,0,0,apportioned,1,pa-dos,2026-09-07T21:55:50+00:00
2020,PA,PA-15,2020-08-26,69,1,0,1,,0,1,0,0,apportioned,1,pa-dos,2026-09-07T21:55:50+00:00
2020,PA,PA-15,2020-08-27,68,1,0,1,,0,1,0,0,apportioned,1,pa-dos,2026-09-07T21:55:50+00:00
2020,PA,PA-15,2020-08-28,67,1,0,1,,0,1,0,0,apportioned,1,pa-dos,2026-09-07T21:55:50+00:00
2020,PA,PA-15,2020-08-29,66,1,0,1,,0,1,0,0,apportioned,1,pa-dos,2026-09-07T21:55:50+00:00
2020,PA,PA-15,2020-08-30,65,1,0,1,,0,1,0,0,apportioned,1,pa-dos,2026-09-07T21:55:50+00:00
2020,PA,PA-15,2020-08-31,64,1,0,1,,0,1,0,0,apportioned,1,pa-dos,2026-09-07T21:55:50+00:00
2020,PA,PA-15,2020-09-01,63,3,2,3,,1,1,0,1,apportioned,1,pa-dos,2026-09-07T21:55:50+00:00
2020,PA,PA-15,2020-09-02,62,3,0,3,,1,1,0,1,apportioned,1,pa-dos,2026-09-07T21:55:50+00:00
2020,PA,PA-15,2020-09-03,61,5,2,5,,2,2,0,1,apportioned,1,pa-dos,2026-09-07T21:55:50+00:00
2020,PA,PA-15,2020-09-04,60,5,0,5,,2,2,0,1,apportioned,1,pa-dos,2026-09-07T21:55:50+00:00
2020,PA,PA-15,2020-09-05,59,5,0,5,,2,2,0,1,apportioned,1,pa-dos,2026-09-07T21:55:50+00:00
2020,PA,PA-15,2020-09-06,58,5,0,5,,2,2,0,1,apportioned,1,pa-dos,2026-09-07T21:55:50+00:00
2020,PA,PA-15,2020-09-07,57,5,0,5,,2,2,0,1,apportioned,1,pa-dos,2026-09-07T21:55:50+00:00
2020,PA,PA-15,2020-09-08,56,5,0,5,,2,2,0,1,apportioned,1,pa-dos,2026-09-07T21:55:50+00:00
2020,PA,PA-15,2020-09-09,55,9,4,9,,3,5,0,1,apportioned,1,pa-dos,2026-09-07T21:55:50+00:00
2020,PA,PA-15,2020-09-10,54,9,0,9,,3,5,0,1,apportioned,1,pa-dos,2026-09-07T21:55:50+00:00
2020,PA,PA-15,2020-09-11,53,9,0,9,,3,5,0,1,apportioned,1,pa-dos,2026-09-07T21:55:50+00:00
2020,PA,PA-15,2020-09-12,52,9,0,9,,3,5,0,1,apportioned,1,pa-dos,2026-09-07T21:55:50+00:00
2020,PA,PA-15,2020-09-13,51,13,4,13,,7,5,0,1,apportioned,1,pa-dos,2026-09-07T21:55:50+00:00
2020,PA,PA-15,2020-09-14,50,16,3,16,,9,6,0,1,apportioned,1,pa-dos,2026-09-07T21:55:50+00:00
2020,PA,PA-15,2020-09-15,49,19,3,19,,10,7,0,1,apportioned,1,pa-dos,2026-09-07T21:55:50+00:00
2020,PA,PA-15,2020-09-16,48,21,2,21,,11,7,0,2,apportioned,1,pa-dos,2026-09-07T21:55:50+00:00
2020,PA,PA-15,2020-09-17,47,23,2,23,,11,8,0,3,apportioned,1,pa-dos,2026-09-07T21:55:50+00:00
2020,PA,PA-15,2020-09-18,46,29,6,29,,12,13,0,3,apportioned,1,pa-dos,2026-09-07T21:55:50+00:00
2020,PA,PA-15,2020-09-19,45,29,0,29,,12,13,0,3,apportioned,1,pa-dos,2026-09-07T21:55:50+00:00
2020,PA,PA-15,2020-09-20,44,29,0,29,,12,13,0,3,apportioned,1,pa-dos,2026-09-07T21:55:50+00:00
2020,PA,PA-15,2020-09-21,43,41,12,41,,18,19,0,3,apportioned,1,pa-dos,2026-09-07T21:55:50+00:00
2020,PA,PA-15,2020-09-22,42,44,3,44,,20,20,0,3,apportioned,1,pa-dos,2026-09-07T21:55:50+00:00
2020,PA,PA-15,2020-09-23,41,50,6,50,,24,21,0,4,apportioned,1,pa-dos,2026-09-07T21:55:50+00:00
2020,PA,PA-15,2020-09-24,40,64,12,64,,30,26,0,5,apportioned,1,pa-dos,2026-09-07T21:55:50+00:00
2020,PA,PA-15,2020-09-25,39,87,23,87,,43,34,0,8,apportioned,1,pa-dos,2026-09-07T21:55:50+00:00
2020,PA,PA-15,2020-09-26,38,87,0,87,,43,34,0,8,apportioned,1,pa-dos,2026-09-07T21:55:50+00:00
2020,PA,PA-15,2020-09-27,37,87,0,87,,43,34,0,8,apportioned,1,pa-dos,2026-09-07T21:55:50+00:00
2020,PA,PA-15,2020-09-28,36,154,67,154,,87,52,0,14,apportioned,1,pa-dos,2026-09-07T21:55:50+00:00
2020,PA,PA-15,2020-09-29,35,178,25,178,,100,58,0,20,apportioned,1,pa-dos,2026-09-07T21:55:50+00:00
2020,PA,PA-15,2020-09-30,34,213,34,213,,119,65,2,25,apportioned,1,pa-dos,2026-09-07T21:55:50+00:00
2020,PA,PA-15,2020-10-01,33,253,41,253,,139,83,2,25,apportioned,1,pa-dos,2026-09-07T21:55:50+00:00
2020,PA,PA-15,2020-10-02,32,448,195,448,,267,134,2,39,apportioned,1,pa-dos,2026-09-07T21:55:50+00:00
2020,PA,PA-15,2020-10-03,31,448,0,448,,267,134,2,39,apportioned,1,pa-dos,2026-09-07T21:55:50+00:00
2020,PA,PA-15,2020-10-04,30,553,105,553,,316,180,2,49,apportioned,1,pa-dos,2026-09-07T21:55:50+00:00
2020,PA,PA-15,2020-10-05,29,1160,606,1160,,689,352,6,101,apportioned,1,pa-dos,2026-09-07T21:55:50+00:00
2020,PA,PA-15,2020-10-06,28,1703,543,1703,,1050,489,9,140,apportioned,1,pa-dos,2026-09-07T21:55:50+00:00
2020,PA,PA-15,2020-10-07,27,3429,1726,3429,,2177,936,21,280,apportioned,1,pa-dos,2026-09-07T21:55:50+00:00
2020,PA,PA-15,2020-10-08,26,4962,1534,4962,,3159,1379,29,377,apportioned,1,pa-dos,2026-09-07T21:55:50+00:00
2020,PA,PA-15,2020-10-09,25,6922,1960,6922,,4395,1956,35,514,apportioned,1,pa-dos,2026-09-07T21:55:50+00:00
2020,PA,PA-15,2020-10-10,24,6965,41,6965,,4412,1976,35,518,apportioned,1,pa-dos,2026-09-07T21:55:50+00:00
2020,PA,PA-15,2020-10-11,23,7239,274,7239,,4576,2069,36,534,apportioned,1,pa-dos,2026-09-07T21:55:50+00:00
2020,PA,PA-15,2020-10-12,22,7902,663,7902,,4989,2273,40,577,apportioned,1,pa-dos,2026-09-07T21:55:50+00:00
2020,PA,PA-15,2020-10-13,21,11640,3738,11640,,7015,3685,60,855,apportioned,1,pa-dos,2026-09-07T21:55:50+00:00
2020,PA,PA-15,2020-10-14,20,14460,2820,14460,,8762,4541,69,1061,apportioned,1,pa-dos,2026-09-07T21:55:50+00:00
2020,PA,PA-15,2020-10-15,19,18772,4312,18772,,11249,6015,88,1389,apportioned,1,pa-dos,2026-09-07T21:55:50+00:00
2020,PA,PA-15,2020-10-16,18,25212,6440,25212,,15110,8035,135,1896,apportioned,1,pa-dos,2026-09-07T21:55:50+00:00
2020,PA,PA-15,2020-10-17,17,26484,1271,26484,,15844,8470,143,1988,apportioned,1,pa-dos,2026-09-07T21:55:50+00:00
2020,PA,PA-15,2020-10-18,16,26500,17,26500,,15853,8477,143,1989,apportioned,1,pa-dos,2026-09-07T21:55:50+00:00
2020,PA,PA-15,2020-10-19,15,32739,6239,32739,,19377,10628,187,2498,apportioned,1,pa-dos,2026-09-07T21:55:50+00:00
2020,PA,PA-15,2020-10-20,14,43988,11249,43988,,26471,13711,248,3497,apportioned,1,pa-dos,2026-09-07T21:55:50+00:00
2020,PA,PA-15,2020-10-21,13,51448,7460,51448,,30966,15969,294,4151,apportioned,1,pa-dos,2026-09-07T21:55:50+00:00
2020,PA,PA-15,2020-10-22,12,60479,9032,60479,,36089,18923,341,5050,apportioned,1,pa-dos,2026-09-07T21:55:50+00:00
2020,PA,PA-15,2020-10-23,11,66401,5921,66401,,39369,20816,386,5748,apportioned,1,pa-dos,2026-09-07T21:55:50+00:00
2020,PA,PA-15,2020-10-24,10,66565,164,66565,,39439,20893,387,5764,apportioned,1,pa-dos,2026-09-07T21:55:50+00:00
2020,PA,PA-15,2020-10-25,9,67691,1126,67691,,40102,21268,397,5841,apportioned,1,pa-dos,2026-09-07T21:55:50+00:00
2020,PA,PA-15,2020-10-26,8,74236,6545,74236,,43318,23722,452,6651,apportioned,1,pa-dos,2026-09-07T21:55:50+00:00
2020,PA,PA-15,2020-10-27,7,81376,7139,81376,,46983,26211,511,7569,apportioned,1,pa-dos,2026-09-07T21:55:50+00:00
2020,PA,PA-15,2020-10-28,6,86485,5111,86485,,49370,28192,562,8257,apportioned,1,pa-dos,2026-09-07T21:55:50+00:00
2020,PA,PA-15,2020-10-29,5,90480,3995,90480,,51120,29823,611,8817,apportioned,1,pa-dos,2026-09-07T21:55:50+00:00
2020,PA,PA-15,2020-10-30,4,93851,3371,93851,,52502,31323,643,9270,apportioned,1,pa-dos,2026-09-07T21:55:50+00:00
2020,PA,PA-15,2020-10-31,3,94032,182,94032,,52569,31411,644,9296,apportioned,1,pa-dos,2026-09-07T21:55:50+00:00
2020,PA,PA-15,2020-11-01,2,94098,66,94098,,52591,31439,645,9311,apportioned,1,pa-dos,2026-09-07T21:55:50+00:00
2020,PA,PA-15,2020-11-02,1,99180,5083,99180,,54634,33668,700,10060,apportioned,1,pa-dos,2026-09-07T21:55:50+00:00
2020,PA,PA-15,2020-11-03,0,102147,2966,102147,,55764,34911,739,10610,apportioned,1,pa-dos,2026-09-07T21:55:50+00:00
2020,PA,PA-16,2020-07-06,120,5,0,5,,4,1,0,0,apportioned,1,pa-dos,2026-09-07T21:55:50+00:00
2020,PA,PA-16,2020-07-07,119,5,0,5,,4,1,0,0,apportioned,1,pa-dos,2026-09-07T21:55:50+00:00
2020,PA,PA-16,2020-07-08,118,5,0,5,,4,1,0,0,apportioned,1,pa-dos,2026-09-07T21:55:50+00:00
2020,PA,PA-16,2020-07-09,117,5,0,5,,4,1,0,0,apportioned,1,pa-dos,2026-09-07T21:55:50+00:00
2020,PA,PA-16,2020-07-10,116,5,0,5,,4,1,0,0,apportioned,1,pa-dos,2026-09-07T21:55:50+00:00
2020,PA,PA-16,2020-07-11,115,5,0,5,,4,1,0,0,apportioned,1,pa-dos,2026-09-07T21:55:50+00:00
2020,PA,PA-16,2020-07-12,114,5,0,5,,4,1,0,0,apportioned,1,pa-dos,2026-09-07T21:55:50+00:00
2020,PA,PA-16,2020-07-13,113,5,0,5,,4,1,0,0,apportioned,1,pa-dos,2026-09-07T21:55:50+00:00
2020,PA,PA-16,2020-07-14,112,5,0,5,,4,1,0,0,apportioned,1,pa-dos,2026-09-07T21:55:50+00:00
2020,PA,PA-16,2020-07-15,111,5,0,5,,4,1,0,0,apportioned,1,pa-dos,2026-09-07T21:55:50+00:00
2020,PA,PA-16,2020-07-16,110,5,0,5,,4,1,0,0,apportioned,1,pa-dos,2026-09-07T21:55:50+00:00
2020,PA,PA-16,2020-07-17,109,5,0,5,,4,1,0,0,apportioned,1,pa-dos,2026-09-07T21:55:50+00:00
2020,PA,PA-16,2020-07-18,108,5,0,5,,4,1,0,0,apportioned,1,pa-dos,2026-09-07T21:55:50+00:00
2020,PA,PA-16,2020-07-19,107,5,0,5,,4,1,0,0,apportioned,1,pa-dos,2026-09-07T21:55:50+00:00
2020,PA,PA-16,2020-07-20,106,5,0,5,,4,1,0,0,apportioned,1,pa-dos,2026-09-07T21:55:50+00:00
2020,PA,PA-16,2020-07-21,105,5,0,5,,4,1,0,0,apportioned,1,pa-dos,2026-09-07T21:55:50+00:00
2020,PA,PA-16,2020-07-22,104,5,0,5,,4,1,0,0,apportioned,1,pa-dos,2026-09-07T21:55:50+00:00
2020,PA,PA-16,2020-07-23,103,5,0,5,,4,1,0,0,apportioned,1,pa-dos,2026-09-07T21:55:50+00:00
2020,PA,PA-16,2020-07-24,102,5,0,5,,4,1,0,0,apportioned,1,pa-dos,2026-09-07T21:55:50+00:00
2020,PA,PA-16,2020-07-25,101,5,0,5,,4,1,0,0,apportioned,1,pa-dos,2026-09-07T21:55:50+00:00
2020,PA,PA-16,2020-07-26,100,5,0,5,,4,1,0,0,apportioned,1,pa-dos,2026-09-07T21:55:50+00:00
2020,PA,PA-16,2020-07-27,99,5,0,5,,4,1,0,0,apportioned,1,pa-dos,2026-09-07T21:55:50+00:00
2020,PA,PA-16,2020-07-28,98,5,0,5,,4,1,0,0,apportioned,1,pa-dos,2026-09-07T21:55:50+00:00
2020,PA,PA-16,2020-07-29,97,5,0,5,,4,1,0,0,apportioned,1,pa-dos,2026-09-07T21:55:50+00:00
2020,PA,PA-16,2020-07-30,96,5,0,5,,4,1,0,0,apportioned,1,pa-dos,2026-09-07T21:55:50+00:00
2020,PA,PA-16,2020-07-31,95,5,0,5,,4,1,0,0,apportioned,1,pa-dos,2026-09-07T21:55:50+00:00
2020,PA,PA-16,2020-08-01,94,5,0,5,,4,1,0,0,apportioned,1,pa-dos,2026-09-07T21:55:50+00:00
2020,PA,PA-16,2020-08-02,93,5,0,5,,4,1,0,0,apportioned,1,pa-dos,2026-09-07T21:55:50+00:00
2020,PA,PA-16,2020-08-03,92,5,0,5,,4,1,0,0,apportioned,1,pa-dos,2026-09-07T21:55:50+00:00
2020,PA,PA-16,2020-08-04,91,5,0,5,,4,1,0,0,apportioned,1,pa-dos,2026-09-07T21:55:50+00:00
2020,PA,PA-16,2020-08-05,90,5,0,5,,4,1,0,0,apportioned,1,pa-dos,2026-09-07T21:55:50+00:00
2020,PA,PA-16,2020-08-06,89,5,0,5,,4,1,0,0,apportioned,1,pa-dos,2026-09-07T21:55:50+00:00
2020,PA,PA-16,2020-08-07,88,5,0,5,,4,1,0,0,apportioned,1,pa-dos,2026-09-07T21:55:50+00:00
2020,PA,PA-16,2020-08-08,87,5,0,5,,4,1,0,0,apportioned,1,pa-dos,2026-09-07T21:55:50+00:00
2020,PA,PA-16,2020-08-09,86,5,0,5,,4,1,0,0,apportioned,1,pa-dos,2026-09-07T21:55:50+00:00
2020,PA,PA-16,2020-08-10,85,5,0,5,,4,1,0,0,apportioned,1,pa-dos,2026-09-07T21:55:50+00:00
2020,PA,PA-16,2020-08-11,84,5,0,5,,4,1,0,0,apportioned,1,pa-dos,2026-09-07T21:55:50+00:00
2020,PA,PA-16,2020-08-12,83,5,0,5,,4,1,0,0,apportioned,1,pa-dos,2026-09-07T21:55:50+00:00
2020,PA,PA-16,2020-08-13,82,5,0,5,,4,1,0,0,apportioned,1,pa-dos,2026-09-07T21:55:50+00:00
2020,PA,PA-16,2020-08-14,81,5,0,5,,4,1,0,0,apportioned,1,pa-dos,2026-09-07T21:55:50+00:00
2020,PA,PA-16,2020-08-15,80,5,0,5,,4,1,0,0,apportioned,1,pa-dos,2026-09-07T21:55:50+00:00
2020,PA,PA-16,2020-08-16,79,5,0,5,,4,1,0,0,apportioned,1,pa-dos,2026-09-07T21:55:50+00:00
2020,PA,PA-16,2020-08-17,78,5,0,5,,4,1,0,0,apportioned,1,pa-dos,2026-09-07T21:55:50+00:00
2020,PA,PA-16,2020-08-18,77,5,0,5,,4,1,0,0,apportioned,1,pa-dos,2026-09-07T21:55:50+00:00
2020,PA,PA-16,2020-08-19,76,5,0,5,,4,1,0,0,apportioned,1,pa-dos,2026-09-07T21:55:50+00:00
2020,PA,PA-16,2020-08-20,75,5,0,5,,4,1,0,0,apportioned,1,pa-dos,2026-09-07T21:55:50+00:00
2020,PA,PA-16,2020-08-21,74,5,0,5,,4,1,0,0,apportioned,1,pa-dos,2026-09-07T21:55:50+00:00
2020,PA,PA-16,2020-08-22,73,5,0,5,,4,1,0,0,apportioned,1,pa-dos,2026-09-07T21:55:50+00:00
2020,PA,PA-16,2020-08-23,72,5,0,5,,4,1,0,0,apportioned,1,pa-dos,2026-09-07T21:55:50+00:00
2020,PA,PA-16,2020-08-24,71,5,0,5,,4,1,0,0,apportioned,1,pa-dos,2026-09-07T21:55:50+00:00
2020,PA,PA-16,2020-08-25,70,5,0,5,,4,1,0,0,apportioned,1,pa-dos,2026-09-07T21:55:50+00:00
2020,PA,PA-16,2020-08-26,69,5,0,5,,4,1,0,0,apportioned,1,pa-dos,2026-09-07T21:55:50+00:00
2020,PA,PA-16,2020-08-27,68,5,0,5,,4,1,0,0,apportioned,1,pa-dos,2026-09-07T21:55:50+00:00
2020,PA,PA-16,2020-08-28,67,5,0,5,,4,1,0,0,apportioned,1,pa-dos,2026-09-07T21:55:50+00:00
2020,PA,PA-16,2020-08-29,66,5,0,5,,4,1,0,0,apportioned,1,pa-dos,2026-09-07T21:55:50+00:00
2020,PA,PA-16,2020-08-30,65,5,0,5,,4,1,0,0,apportioned,1,pa-dos,2026-09-07T21:55:50+00:00
2020,PA,PA-16,2020-08-31,64,5,0,5,,4,1,0,0,apportioned,1,pa-dos,2026-09-07T21:55:50+00:00
2020,PA,PA-16,2020-09-01,63,5,0,5,,4,1,0,0,apportioned,1,pa-dos,2026-09-07T21:55:50+00:00
2020,PA,PA-16,2020-09-02,62,5,0,5,,4,1,0,0,apportioned,1,pa-dos,2026-09-07T21:55:50+00:00
2020,PA,PA-16,2020-09-03,61,5,0,5,,4,1,0,0,apportioned,1,pa-dos,2026-09-07T21:55:50+00:00
2020,PA,PA-16,2020-09-04,60,5,0,5,,4,1,0,0,apportioned,1,pa-dos,2026-09-07T21:55:50+00:00
2020,PA,PA-16,2020-09-05,59,5,0,5,,4,1,0,0,apportioned,1,pa-dos,2026-09-07T21:55:50+00:00
2020,PA,PA-16,2020-09-06,58,5,0,5,,4,1,0,0,apportioned,1,pa-dos,2026-09-07T21:55:50+00:00
2020,PA,PA-16,2020-09-07,57,5,0,5,,4,1,0,0,apportioned,1,pa-dos,2026-09-07T21:55:50+00:00
2020,PA,PA-16,2020-09-08,56,5,0,5,,4,1,0,0,apportioned,1,pa-dos,2026-09-07T21:55:50+00:00
2020,PA,PA-16,2020-09-09,55,5,0,5,,4,1,0,0,apportioned,1,pa-dos,2026-09-07T21:55:50+00:00
2020,PA,PA-16,2020-09-10,54,5,0,5,,4,1,0,0,apportioned,1,pa-dos,2026-09-07T21:55:50+00:00
2020,PA,PA-16,2020-09-11,53,5,0,5,,4,1,0,0,apportioned,1,pa-dos,2026-09-07T21:55:50+00:00
2020,PA,PA-16,2020-09-12,52,5,0,5,,4,1,0,0,apportioned,1,pa-dos,2026-09-07T21:55:50+00:00
2020,PA,PA-16,2020-09-13,51,5,0,5,,4,1,0,0,apportioned,1,pa-dos,2026-09-07T21:55:50+00:00
2020,PA,PA-16,2020-09-14,50,5,0,5,,4,1,0,0,apportioned,1,pa-dos,2026-09-07T21:55:50+00:00
2020,PA,PA-16,2020-09-15,49,5,0,5,,4,1,0,0,apportioned,1,pa-dos,2026-09-07T21:55:50+00:00
2020,PA,PA-16,2020-09-16,48,5,0,5,,4,1,0,0,apportioned,1,pa-dos,2026-09-07T21:55:50+00:00
2020,PA,PA-16,2020-09-17,47,5,0,5,,4,1,0,0,apportioned,1,pa-dos,2026-09-07T21:55:50+00:00
2020,PA,PA-16,2020-09-18,46,5,0,5,,4,1,0,0,apportioned,1,pa-dos,2026-09-07T21:55:50+00:00
2020,PA,PA-16,2020-09-19,45,5,0,5,,4,1,0,0,apportioned,1,pa-dos,2026-09-07T21:55:50+00:00
2020,PA,PA-16,2020-09-20,44,5,0,5,,4,1,0,0,apportioned,1,pa-dos,2026-09-07T21:55:50+00:00
2020,PA,PA-16,2020-09-21,43,8,3,8,,4,4,0,0,apportioned,1,pa-dos,2026-09-07T21:55:50+00:00
2020,PA,PA-16,2020-09-22,42,8,0,8,,4,4,0,0,apportioned,1,pa-dos,2026-09-07T21:55:50+00:00
2020,PA,PA-16,2020-09-23,41,8,0,8,,4,4,0,0,apportioned,1,pa-dos,2026-09-07T21:55:50+00:00
2020,PA,PA-16,2020-09-24,40,12,4,12,,5,6,0,1,apportioned,1,pa-dos,2026-09-07T21:55:50+00:00
2020,PA,PA-16,2020-09-25,39,18,6,18,,6,9,0,2,apportioned,1,pa-dos,2026-09-07T21:55:50+00:00
2020,PA,PA-16,2020-09-26,38,18,0,18,,6,9,0,2,apportioned,1,pa-dos,2026-09-07T21:55:50+00:00
2020,PA,PA-16,2020-09-27,37,18,0,18,,6,9,0,2,apportioned,1,pa-dos,2026-09-07T21:55:50+00:00
2020,PA,PA-16,2020-09-28,36,54,36,54,,26,22,0,4,apportioned,1,pa-dos,2026-09-07T21:55:50+00:00
2020,PA,PA-16,2020-09-29,35,113,59,113,,46,55,0,10,apportioned,1,pa-dos,2026-09-07T21:55:50+00:00
2020,PA,PA-16,2020-09-30,34,182,69,182,,89,74,1,17,apportioned,1,pa-dos,2026-09-07T21:55:50+00:00
2020,PA,PA-16,2020-10-01,33,229,47,229,,110,90,2,25,apportioned,1,pa-dos,2026-09-07T21:55:50+00:00
2020,PA,PA-16,2020-10-02,32,391,162,391,,205,139,2,40,apportioned,1,pa-dos,2026-09-07T21:55:50+00:00
2020,PA,PA-16,2020-10-03,31,395,5,395,,209,140,2,41,apportioned,1,pa-dos,2026-09-07T21:55:50+00:00
2020,PA,PA-16,2020-10-04,30,395,0,395,,209,140,2,41,apportioned,1,pa-dos,2026-09-07T21:55:50+00:00
2020,PA,PA-16,2020-10-05,29,869,473,869,,536,262,3,62,apportioned,1,pa-dos,2026-09-07T21:55:50+00:00
2020,PA,PA-16,2020-10-06,28,1343,475,1343,,864,368,4,99,apportioned,1,pa-dos,2026-09-07T21:55:50+00:00
2020,PA,PA-16,2020-10-07,27,2342,998,2342,,1541,606,11,171,apportioned,1,pa-dos,2026-09-07T21:55:50+00:00
2020,PA,PA-16,2020-10-08,26,4058,1716,4058,,2749,993,22,281,apportioned,1,pa-dos,2026-09-07T21:55:50+00:00
2020,PA,PA-16,2020-10-09,25,5401,1342,5401,,3773,1226,24,363,apportioned,1,pa-dos,2026-09-07T21:55:50+00:00
2020,PA,PA-16,2020-10-10,24,5402,2,5402,,3774,1227,24,363,apportioned,1,pa-dos,2026-09-07T21:55:50+00:00
2020,PA,PA-16,2020-10-11,23,6523,1121,6523,,4621,1439,28,420,apportioned,1,pa-dos,2026-09-07T21:55:50+00:00
2020,PA,PA-16,2020-10-12,22,8844,2322,8844,,6556,1713,36,522,apportioned,1,pa-dos,2026-09-07T21:55:50+00:00
2020,PA,PA-16,2020-10-13,21,15777,6933,15777,,11344,3419,76,916,apportioned,1,pa-dos,2026-09-07T21:55:50+00:00
2020,PA,PA-16,2020-10-14,20,17084,1307,17084,,12323,3671,78,992,apportioned,1,pa-dos,2026-09-07T21:55:50+00:00
2020,PA,PA-16,2020-10-15,19,20711,3627,20711,,14779,4608,88,1214,apportioned,1,pa-dos,2026-09-07T21:55:50+00:00
2020,PA,PA-16,2020-10-16,18,29516,8805,29516,,21165,6453,129,1740,apportioned,1,pa-dos,2026-09-07T21:55:50+00:00
2020,PA,PA-16,2020-10-17,17,32597,3081,32597,,23223,7309,142,1894,apportioned,1,pa-dos,2026-09-07T21:55:50+00:00
2020,PA,PA-16,2020-10-18,16,33743,1145,33743,,23922,7695,148,1947,apportioned,1,pa-dos,2026-09-07T21:55:50+00:00
2020,PA,PA-16,2020-10-19,15,42388,8645,42388,,29727,9994,177,2457,apportioned,1,pa-dos,2026-09-07T21:55:50+00:00
2020,PA,PA-16,2020-10-20,14,48049,5661,48049,,33702,11267,196,2840,apportioned,1,pa-dos,2026-09-07T21:55:50+00:00
2020,PA,PA-16,2020-10-21,13,52979,4929,52979,,36867,12657,224,3185,apportioned,1,pa-dos,2026-09-07T21:55:50+00:00
2020,PA,PA-16,2020-10-22,12,60321,7342,60321,,41618,14615,269,3768,apportioned,1,pa-dos,2026-09-07T21:55:50+00:00
2020,PA,PA-16,2020-10-23,11,65803,5482,65803,,44935,16210,307,4289,apportioned,1,pa-dos,2026-09-07T21:55:50+00:00
2020,PA,PA-16,2020-10-24,10,71732,5929,71732,,48580,17931,351,4802,apportioned,1,pa-dos,2026-09-07T21:55:50+00:00
2020,PA,PA-16,2020-10-25,9,72875,1143,72875,,49243,18321,358,4885,apportioned,1,pa-dos,2026-09-07T21:55:50+00:00
2020,PA,PA-16,2020-10-26,8,78544,5669,78544,,52502,20146,386,5441,apportioned,1,pa-dos,2026-09-07T21:55:50+00:00
2020,PA,PA-16,2020-10-27,7,84032,5488,84032,,55757,21783,424,5997,apportioned,1,pa-dos,2026-09-07T21:55:50+00:00
2020,PA,PA-16,2020-10-28,6,87775,3742,87775,,57627,23181,464,6427,apportioned,1,pa-dos,2026-09-07T21:55:50+00:00
2020,PA,PA-16,2020-10-29,5,94836,7061,94836,,61519,25582,512,7140,apportioned,1,pa-dos,2026-09-07T21:55:50+00:00
2020,PA,PA-16,2020-10-30,4,106595,11759,106595,,67748,29662,600,8499,apportioned,1,pa-dos,2026-09-07T21:55:50+00:00
2020,PA,PA-16,2020-10-31,3,114995,8400,114995,,71328,33148,695,9730,apportioned,1,pa-dos,2026-09-07T21:55:50+00:00
2020,PA,PA-16,2020-11-01,2,115157,161,115157,,71399,33206,698,9747,apportioned,1,pa-dos,2026-09-07T21:55:50+00:00
2020,PA,PA-16,2020-11-02,1,119722,4564,119722,,73455,35002,749,10408,apportioned,1,pa-dos,2026-09-07T21:55:50+00:00
2020,PA,PA-16,2020-11-03,0,122994,3273,122994,,74900,36212,780,10995,apportioned,1,pa-dos,2026-09-07T21:55:50+00:00
2020,PA,PA-17,2020-09-21,43,2,2,2,,1,1,0,0,apportioned,1,pa-dos,2026-09-07T21:55:50+00:00
2020,PA,PA-17,2020-09-22,42,6,4,6,,4,2,0,0,apportioned,1,pa-dos,2026-09-07T21:55:50+00:00
2020,PA,PA-17,2020-09-23,41,7,2,7,,5,2,0,0,apportioned,1,pa-dos,2026-09-07T21:55:50+00:00
2020,PA,PA-17,2020-09-24,40,16,9,16,,12,3,0,1,apportioned,1,pa-dos,2026-09-07T21:55:50+00:00
2020,PA,PA-17,2020-09-25,39,29,13,29,,19,8,0,1,apportioned,1,pa-dos,2026-09-07T21:55:50+00:00
2020,PA,PA-17,2020-09-26,38,29,0,29,,19,8,0,1,apportioned,1,pa-dos,2026-09-07T21:55:50+00:00
2020,PA,PA-17,2020-09-27,37,50,21,50,,34,10,1,4,apportioned,1,pa-dos,2026-09-07T21:55:50+00:00
2020,PA,PA-17,2020-09-28,36,75,26,75,,48,21,1,5,apportioned,1,pa-dos,2026-09-07T21:55:50+00:00
2020,PA,PA-17,2020-09-29,35,143,68,143,,103,29,1,10,apportioned,1,pa-dos,2026-09-07T21:55:50+00:00
2020,PA,PA-17,2020-09-30,34,5585,5441,5585,,4233,617,38,668,apportioned,1,pa-dos,2026-09-07T21:55:50+00:00
2020,PA,PA-17,2020-10-01,33,8211,2626,8211,,6277,905,57,932,apportioned,1,pa-dos,2026-09-07T21:55:50+00:00
2020,PA,PA-17,2020-10-02,32,11486,3275,11486,,8807,1296,77,1252,apportioned,1,pa-dos,2026-09-07T21:55:50+00:00
2020,PA,PA-17,2020-10-03,31,14653,3166,14653,,11346,1656,90,1493,apportioned,1,pa-dos,2026-09-07T21:55:50+00:00
2020,PA,PA-17,2020-10-04,30,14675,22,14675,,11362,1661,91,1494,apportioned,1,pa-dos,2026-09-07T21:55:50+00:00
2020,PA,PA-17,2020-10-05,29,30589,15914,30589,,24198,3745,176,2326,apportioned,1,pa-dos,2026-09-07T21:55:50+00:00
2020,PA,PA-17,2020-10-06,28,33913,3325,33913,,26931,4138,189,2495,apportioned,1,pa-dos,2026-09-07T21:55:50+00:00
2020,PA,PA-17,2020-10-07,27,57767,23854,57767,,45643,7760,327,3772,apportioned,1,pa-dos,2026-09-07T21:55:50+00:00
2020,PA,PA-17,2020-10-08,26,66194,8427,66194,,52185,9068,390,4255,apportioned,1,pa-dos,2026-09-07T21:55:50+00:00
2020,PA,PA-17,2020-10-09,25,73212,7018,73212,,57633,10121,439,4697,apportioned,1,pa-dos,2026-09-07T21:55:50+00:00
2020,PA,PA-17,2020-10-10,24,73212,0,73212,,57633,10121,439,4697,apportioned,1,pa-dos,2026-09-07T21:55:50+00:00
2020,PA,PA-17,2020-10-11,23,73212,0,73212,,57633,10121,439,4697,apportioned,1,pa-dos,2026-09-07T21:55:50+00:00
2020,PA,PA-17,2020-10-12,22,89568,16356,89568,,70562,12173,501,5935,apportioned,1,pa-dos,2026-09-07T21:55:50+00:00
2020,PA,PA-17,2020-10-13,21,94228,4660,94228,,73996,12994,562,6275,apportioned,1,pa-dos,2026-09-07T21:55:50+00:00
2020,PA,PA-17,2020-10-14,20,102455,8227,102455,,79861,14571,623,6973,apportioned,1,pa-dos,2026-09-07T21:55:50+00:00
2020,PA,PA-17,2020-10-15,19,111869,9414,111869,,86493,16490,723,7713,apportioned,1,pa-dos,2026-09-07T21:55:50+00:00
2020,PA,PA-17,2020-10-16,18,116710,4842,116710,,89822,17473,774,8177,apportioned,1,pa-dos,2026-09-07T21:55:50+00:00
2020,PA,PA-17,2020-10-17,17,117293,583,117293,,90207,17604,789,8229,apportioned,1,pa-dos,2026-09-07T21:55:50+00:00
2020,PA,PA-17,2020-10-18,16,117294,1,117294,,90207,17605,789,8229,apportioned,1,pa-dos,2026-09-07T21:55:50+00:00
2020,PA,PA-17,2020-10-19,15,125914,8620,125914,,96515,19055,858,8991,apportioned,1,pa-dos,2026-09-07T21:55:50+00:00
2020,PA,PA-17,2020-10-20,14,132351,6437,132351,,100931,20347,922,9631,apportioned,1,pa-dos,2026-09-07T21:55:50+00:00
2020,PA,PA-17,2020-10-21,13,137909,5559,137909,,104739,21474,973,10191,apportioned,1,pa-dos,2026-09-07T21:55:50+00:00
2020,PA,PA-17,2020-10-22,12,143062,5153,143062,,108094,22640,1022,10762,apportioned,1,pa-dos,2026-09-07T21:55:50+00:00
2020,PA,PA-17,2020-10-23,11,147641,4578,147641,,110958,23750,1068,11311,apportioned,1,pa-dos,2026-09-07T21:55:50+00:00
2020,PA,PA-17,2020-10-24,10,147641,0,147641,,110958,23750,1068,11311,apportioned,1,pa-dos,2026-09-07T21:55:50+00:00
2020,PA,PA-17,2020-10-25,9,148176,535,148176,,111261,23923,1080,11358,apportioned,1,pa-dos,2026-09-07T21:55:50+00:00
2020,PA,PA-17,2020-10-26,8,157641,9465,157641,,117697,25770,1143,12443,apportioned,1,pa-dos,2026-09-07T21:55:50+00:00
2020,PA,PA-17,2020-10-27,7,170168,12528,170168,,125227,29059,1293,13970,apportioned,1,pa-dos,2026-09-07T21:55:50+00:00
2020,PA,PA-17,2020-10-28,6,178999,8831,178999,,130757,31080,1390,15130,apportioned,1,pa-dos,2026-09-07T21:55:50+00:00
2020,PA,PA-17,2020-10-29,5,184187,5188,184187,,133830,32389,1449,15864,apportioned,1,pa-dos,2026-09-07T21:55:50+00:00
2020,PA,PA-17,2020-10-30,4,190271,6083,190271,,137457,33894,1521,16730,apportioned,1,pa-dos,2026-09-07T21:55:50+00:00
2020,PA,PA-17,2020-10-31,3,191519,1248,191519,,138240,34177,1539,16892,apportioned,1,pa-dos,2026-09-07T21:55:50+00:00
2020,PA,PA-17,2020-11-01,2,193415,1897,193415,,139129,34814,1564,17230,apportioned,1,pa-dos,2026-09-07T21:55:50+00:00
2020,PA,PA-17,2020-11-02,1,198490,5075,198490,,142106,36016,1627,18045,apportioned,1,pa-dos,2026-09-07T21:55:50+00:00
2020,PA,PA-17,2020-11-03,0,203002,4512,203002,,144622,37117,1709,18843,apportioned,1,pa-dos,2026-09-07T21:55:50+00:00
2022,PA,PA-01,2022-09-26,43,3,3,3,,2,1,0,0,apportioned,1,pa-dos,2026-09-07T19:39:15+00:00
2022,PA,PA-01,2022-09-27,42,3,0,3,,2,1,0,0,apportioned,1,pa-dos,2026-09-07T19:39:15+00:00
2022,PA,PA-01,2022-09-28,41,7,4,7,,4,2,0,1,apportioned,1,pa-dos,2026-09-07T19:39:15+00:00
2022,PA,PA-01,2022-09-29,40,10,3,10,,5,4,0,1,apportioned,1,pa-dos,2026-09-07T19:39:15+00:00
2022,PA,PA-01,2022-09-30,39,11,1,11,,6,4,0,1,apportioned,1,pa-dos,2026-09-07T19:39:15+00:00
2022,PA,PA-01,2022-10-01,38,11,0,11,,6,4,0,1,apportioned,1,pa-dos,2026-09-07T19:39:15+00:00
2022,PA,PA-01,2022-10-02,37,11,0,11,,6,4,0,1,apportioned,1,pa-dos,2026-09-07T19:39:15+00:00
2022,PA,PA-01,2022-10-03,36,31,20,31,,23,7,0,1,apportioned,1,pa-dos,2026-09-07T19:39:15+00:00
2022,PA,PA-01,2022-10-04,35,31,0,31,,23,7,0,1,apportioned,1,pa-dos,2026-09-07T19:39:15+00:00
2022,PA,PA-01,2022-10-05,34,42,11,42,,31,9,0,2,apportioned,1,pa-dos,2026-09-07T19:39:15+00:00
2022,PA,PA-01,2022-10-06,33,48,6,48,,36,10,0,2,apportioned,1,pa-dos,2026-09-07T19:39:15+00:00
2022,PA,PA-01,2022-10-07,32,116,68,116,,89,18,0,8,apportioned,1,pa-dos,2026-09-07T19:39:15+00:00
2022,PA,PA-01,2022-10-08,31,116,0,116,,89,18,0,8,apportioned,1,pa-dos,2026-09-07T19:39:15+00:00
2022,PA,PA-01,2022-10-09,30,116,0,116,,89,18,0,8,apportioned,1,pa-dos,2026-09-07T19:39:15+00:00
2022,PA,PA-01,2022-10-10,29,131,15,131,,99,20,0,10,apportioned,1,pa-dos,2026-09-07T19:39:15+00:00
2022,PA,PA-01,2022-10-11,28,8490,8359,8490,,5962,1833,30,661,apportioned,1,pa-dos,2026-09-07T19:39:15+00:00
2022,PA,PA-01,2022-10-12,27,10046,1556,10046,,7111,2125,36,770,apportioned,1,pa-dos,2026-09-07T19:39:15+00:00
2022,PA,PA-01,2022-10-13,26,19076,9030,19076,,13419,4128,67,1457,apportioned,1,pa-dos,2026-09-07T19:39:15+00:00
2022,PA,PA-01,2022-10-14,25,24216,5140,24216,,17042,5162,89,1916,apportioned,1,pa-dos,2026-09-07T19:39:15+00:00
2022,PA,PA-01,2022-10-15,24,24216,0,24216,,17042,5162,89,1916,apportioned,1,pa-dos,2026-09-07T19:39:15+00:00
2022,PA,PA-01,2022-10-16,23,24216,0,24216,,17042,5162,89,1916,apportioned,1,pa-dos,2026-09-07T19:39:15+00:00
2022,PA,PA-01,2022-10-17,22,25987,1771,25987,,18377,5451,94,2058,apportioned,1,pa-dos,2026-09-07T19:39:15+00:00
2022,PA,PA-01,2022-10-18,21,32846,6858,32846,,23337,6700,126,2671,apportioned,1,pa-dos,2026-09-07T19:39:15+00:00
2022,PA,PA-01,2022-10-19,20,41342,8496,41342,,29117,8574,156,3479,apportioned,1,pa-dos,2026-09-07T19:39:15+00:00
2022,PA,PA-01,2022-10-20,19,45410,4068,45410,,31922,9426,171,3873,apportioned,1,pa-dos,2026-09-07T19:39:15+00:00
2022,PA,PA-01,2022-10-21,18,47656,2246,47656,,33400,9952,179,4106,apportioned,1,pa-dos,2026-09-07T19:39:15+00:00
2022,PA,PA-01,2022-10-22,17,48368,712,48368,,33914,10085,181,4169,apportioned,1,pa-dos,2026-09-07T19:39:15+00:00
2022,PA,PA-01,2022-10-23,16,48368,0,48368,,33914,10085,181,4169,apportioned,1,pa-dos,2026-09-07T19:39:15+00:00
2022,PA,PA-01,2022-10-24,15,53369,5001,53369,,37267,11206,202,4672,apportioned,1,pa-dos,2026-09-07T19:39:15+00:00
2022,PA,PA-01,2022-10-25,14,58927,5558,58927,,41137,12304,227,5232,apportioned,1,pa-dos,2026-09-07T19:39:15+00:00
2022,PA,PA-01,2022-10-26,13,63340,4413,63340,,43935,13400,249,5728,apportioned,1,pa-dos,2026-09-07T19:39:15+00:00
2022,PA,PA-01,2022-10-27,12,67388,4048,67388,,46540,14322,263,6233,apportioned,1,pa-dos,2026-09-07T19:39:15+00:00
2022,PA,PA-01,2022-10-28,11,71057,3669,71057,,48805,15246,283,6691,apportioned,1,pa-dos,2026-09-07T19:39:15+00:00
2022,PA,PA-01,2022-10-29,10,71057,0,71057,,48805,15246,283,6691,apportioned,1,pa-dos,2026-09-07T19:39:15+00:00
2022,PA,PA-01,2022-10-30,9,71057,0,71057,,48805,15246,283,6691,apportioned,1,pa-dos,2026-09-07T19:39:15+00:00
2022,PA,PA-01,2022-10-31,8,76180,5123,76180,,51981,16466,321,7380,apportioned,1,pa-dos,2026-09-07T19:39:15+00:00
2022,PA,PA-01,2022-11-01,7,81148,4968,81148,,55091,17604,356,8058,apportioned,1,pa-dos,2026-09-07T19:39:15+00:00
2022,PA,PA-01,2022-11-02,6,85441,4293,85441,,57758,18635,382,8624,apportioned,1,pa-dos,2026-09-07T19:39:15+00:00
2022,PA,PA-01,2022-11-03,5,87896,2455,87896,,59256,19220,402,8976,apportioned,1,pa-dos,2026-09-07T19:39:15+00:00
2022,PA,PA-01,2022-11-04,4,88946,1051,88946,,59855,19493,407,9149,apportioned,1,pa-dos,2026-09-07T19:39:15+00:00
2022,PA,PA-01,2022-11-05,3,92746,3799,92746,,62061,20457,440,9746,apportioned,1,pa-dos,2026-09-07T19:39:15+00:00
2022,PA,PA-01,2022-11-06,2,92754,8,92754,,62065,20461,440,9746,apportioned,1,pa-dos,2026-09-07T19:39:15+00:00
2022,PA,PA-01,2022-11-07,1,97721,4968,97721,,65128,21520,477,10550,apportioned,1,pa-dos,2026-09-07T19:39:15+00:00
2022,PA,PA-01,2022-11-08,0,104366,6644,104366,,69129,22962,534,11687,apportioned,1,pa-dos,2026-09-07T19:39:15+00:00
2022,PA,PA-02,2022-09-28,41,0,0,0,,0,0,0,0,apportioned,1,pa-dos,2026-09-07T19:39:15+00:00
2022,PA,PA-02,2022-09-29,40,0,0,0,,0,0,0,0,apportioned,1,pa-dos,2026-09-07T19:39:15+00:00
2022,PA,PA-02,2022-09-30,39,2,1,2,,2,0,0,0,apportioned,1,pa-dos,2026-09-07T19:39:15+00:00
2022,PA,PA-02,2022-10-01,38,3,1,3,,3,0,0,0,apportioned,1,pa-dos,2026-09-07T19:39:15+00:00
2022,PA,PA-02,2022-10-02,37,3,0,3,,3,0,0,0,apportioned,1,pa-dos,2026-09-07T19:39:15+00:00
2022,PA,PA-02,2022-10-03,36,8,5,8,,7,0,0,0,apportioned,1,pa-dos,2026-09-07T19:39:15+00:00
2022,PA,PA-02,2022-10-04,35,9,1,9,,8,0,0,0,apportioned,1,pa-dos,2026-09-07T19:39:15+00:00
2022,PA,PA-02,2022-10-05,34,21,12,21,,20,1,0,1,apportioned,1,pa-dos,2026-09-07T19:39:15+00:00
2022,PA,PA-02,2022-10-06,33,22,1,22,,20,1,0,1,apportioned,1,pa-dos,2026-09-07T19:39:15+00:00
2022,PA,PA-02,2022-10-07,32,27,5,27,,24,1,0,1,apportioned,1,pa-dos,2026-09-07T19:39:15+00:00
2022,PA,PA-02,2022-10-08,31,27,1,27,,25,1,0,1,apportioned,1,pa-dos,2026-09-07T19:39:15+00:00
2022,PA,PA-02,2022-10-09,30,27,0,27,,25,1,0,1,apportioned,1,pa-dos,2026-09-07T19:39:15+00:00
2022,PA,PA-02,2022-10-10,29,27,0,27,,25,1,0,1,apportioned,1,pa-dos,2026-09-07T19:39:15+00:00
2022,PA,PA-02,2022-10-11,28,36,8,36,,32,2,0,2,apportioned,1,pa-dos,2026-09-07T19:39:15+00:00
2022,PA,PA-02,2022-10-12,27,59,23,59,,53,2,0,3,apportioned,1,pa-dos,2026-09-07T19:39:15+00:00
2022,PA,PA-02,2022-10-13,26,61,3,61,,56,2,0,3,apportioned,1,pa-dos,2026-09-07T19:39:15+00:00
2022,PA,PA-02,2022-10-14,25,62,1,62,,57,2,0,3,apportioned,1,pa-dos,2026-09-07T19:39:15+00:00
2022,PA,PA-02,2022-10-15,24,76,14,76,,67,4,0,5,apportioned,1,pa-dos,2026-09-07T19:39:15+00:00
2022,PA,PA-02,2022-10-16,23,76,0,76,,67,4,0,5,apportioned,1,pa-dos,2026-09-07T19:39:15+00:00
2022,PA,PA-02,2022-10-17,22,9295,9220,9295,,8241,450,42,551,apportioned,1,pa-dos,2026-09-07T19:39:15+00:00
2022,PA,PA-02,2022-10-18,21,13188,3892,13188,,11713,618,57,784,apportioned,1,pa-dos,2026-09-07T19:39:15+00:00
2022,PA,PA-02,2022-10-19,20,16451,3263,16451,,14627,763,73,966,apportioned,1,pa-dos,2026-09-07T19:39:15+00:00
2022,PA,PA-02,2022-10-20,19,19033,2582,19033,,16945,879,84,1100,apportioned,1,pa-dos,2026-09-07T19:39:15+00:00
2022,PA,PA-02,2022-10-21,18,19086,53,19086,,16992,881,84,1104,apportioned,1,pa-dos,2026-09-07T19:39:15+00:00
2022,PA,PA-02,2022-10-22,17,19094,8,19094,,16999,881,84,1104,apportioned,1,pa-dos,2026-09-07T19:39:15+00:00
2022,PA,PA-02,2022-10-23,16,23181,4088,23181,,20636,1059,103,1351,apportioned,1,pa-dos,2026-09-07T19:39:15+00:00
2022,PA,PA-02,2022-10-24,15,24790,1609,24790,,22065,1136,110,1446,apportioned,1,pa-dos,2026-09-07T19:39:15+00:00
2022,PA,PA-02,2022-10-25,14,27321,2531,27321,,24286,1270,119,1609,apportioned,1,pa-dos,2026-09-07T19:39:15+00:00
2022,PA,PA-02,2022-10-26,13,29408,2087,29408,,26109,1373,127,1759,apportioned,1,pa-dos,2026-09-07T19:39:15+00:00
2022,PA,PA-02,2022-10-27,12,31666,2258,31666,,28081,1496,137,1909,apportioned,1,pa-dos,2026-09-07T19:39:15+00:00
2022,PA,PA-02,2022-10-28,11,33530,1864,33530,,29696,1597,148,2044,apportioned,1,pa-dos,2026-09-07T19:39:15+00:00
2022,PA,PA-02,2022-10-29,10,35105,1574,35105,,31043,1691,156,2167,apportioned,1,pa-dos,2026-09-07T19:39:15+00:00
2022,PA,PA-02,2022-10-30,9,35467,363,35467,,31362,1704,158,2195,apportioned,1,pa-dos,2026-09-07T19:39:15+00:00
2022,PA,PA-02,2022-10-31,8,36806,1339,36806,,32521,1769,161,2306,apportioned,1,pa-dos,2026-09-07T19:39:15+00:00
2022,PA,PA-02,2022-11-01,7,38959,2153,38959,,34343,1879,173,2512,apportioned,1,pa-dos,2026-09-07T19:39:15+00:00
2022,PA,PA-02,2022-11-02,6,40815,1856,40815,,35935,1968,185,2670,apportioned,1,pa-dos,2026-09-07T19:39:15+00:00
2022,PA,PA-02,2022-11-03,5,42339,1525,42339,,37221,2043,195,2821,apportioned,1,pa-dos,2026-09-07T19:39:15+00:00
2022,PA,PA-02,2022-11-04,4,43861,1522,43861,,38503,2135,204,2958,apportioned,1,pa-dos,2026-09-07T19:39:15+00:00
2022,PA,PA-02,2022-11-05,3,45361,1500,45361,,39752,2233,211,3100,apportioned,1,pa-dos,2026-09-07T19:39:15+00:00
2022,PA,PA-02,2022-11-06,2,45929,569,45929,,40242,2255,213,3154,apportioned,1,pa-dos,2026-09-07T19:39:15+00:00
2022,PA,PA-02,2022-11-07,1,47698,1769,47698,,41702,2353,226,3350,apportioned,1,pa-dos,2026-09-07T19:39:15+00:00
2022,PA,PA-02,2022-11-08,0,51848,4149,51848,,45158,2547,257,3809,apportioned,1,pa-dos,2026-09-07T19:39:15+00:00
2022,PA,PA-03,2022-09-28,41,1,1,1,,1,0,0,0,apportioned,1,pa-dos,2026-09-07T19:39:15+00:00
2022,PA,PA-03,2022-09-29,40,1,0,1,,1,0,0,0,apportioned,1,pa-dos,2026-09-07T19:39:15+00:00
2022,PA,PA-03,2022-09-30,39,2,2,2,,2,0,0,0,apportioned,1,pa-dos,2026-09-07T19:39:15+00:00
2022,PA,PA-03,2022-10-01,38,3,1,3,,3,0,0,0,apportioned,1,pa-dos,2026-09-07T19:39:15+00:00
2022,PA,PA-03,2022-10-02,37,3,0,3,,3,0,0,0,apportioned,1,pa-dos,2026-09-07T19:39:15+00:00
2022,PA,PA-03,2022-10-03,36,10,7,10,,10,0,0,1,apportioned,1,pa-dos,2026-09-07T19:39:15+00:00
2022,PA,PA-03,2022-10-04,35,12,2,12,,11,1,0,1,apportioned,1,pa-dos,2026-09-07T19:39:15+00:00
2022,PA,PA-03,2022-10-05,34,29,17,29,,26,1,0,1,apportioned,1,pa-dos,2026-09-07T19:39:15+00:00
2022,PA,PA-03,2022-10-06,33,30,1,30,,27,1,0,1,apportioned,1,pa-dos,2026-09-07T19:39:15+00:00
2022,PA,PA-03,2022-10-07,32,35,6,35,,33,1,0,1,apportioned,1,pa-dos,2026-09-07T19:39:15+00:00
2022,PA,PA-03,2022-10-08,31,37,1,37,,33,2,0,1,apportioned,1,pa-dos,2026-09-07T19:39:15+00:00
2022,PA,PA-03,2022-10-09,30,37,0,37,,33,2,0,1,apportioned,1,pa-dos,2026-09-07T19:39:15+00:00
2022,PA,PA-03,2022-10-10,29,37,0,37,,33,2,0,1,apportioned,1,pa-dos,2026-09-07T19:39:15+00:00
2022,PA,PA-03,2022-10-11,28,47,11,47,,43,2,0,2,apportioned,1,pa-dos,2026-09-07T19:39:15+00:00
2022,PA,PA-03,2022-10-12,27,78,31,78,,71,3,0,4,apportioned,1,pa-dos,2026-09-07T19:39:15+00:00
2022,PA,PA-03,2022-10-13,26,82,3,82,,74,3,0,4,apportioned,1,pa-dos,2026-09-07T19:39:15+00:00
2022,PA,PA-03,2022-10-14,25,83,1,83,,75,3,0,4,apportioned,1,pa-dos,2026-09-07T19:39:15+00:00
2022,PA,PA-03,2022-10-15,24,101,19,101,,90,5,0,6,apportioned,1,pa-dos,2026-09-07T19:39:15+00:00
2022,PA,PA-03,2022-10-16,23,101,0,101,,90,5,0,6,apportioned,1,pa-dos,2026-09-07T19:39:15+00:00
2022,PA,PA-03,2022-10-17,22,12413,12311,12413,,11005,602,56,736,apportioned,1,pa-dos,2026-09-07T19:39:15+00:00
2022,PA,PA-03,2022-10-18,21,17610,5197,17610,,15640,826,77,1046,apportioned,1,pa-dos,2026-09-07T19:39:15+00:00
2022,PA,PA-03,2022-10-19,20,21967,4357,21967,,19533,1018,97,1289,apportioned,1,pa-dos,2026-09-07T19:39:15+00:00
2022,PA,PA-03,2022-10-20,19,25416,3449,25416,,22628,1173,112,1469,apportioned,1,pa-dos,2026-09-07T19:39:15+00:00
2022,PA,PA-03,2022-10-21,18,25486,70,25486,,22690,1176,112,1474,apportioned,1,pa-dos,2026-09-07T19:39:15+00:00
2022,PA,PA-03,2022-10-22,17,25497,10,25497,,22700,1177,112,1475,apportioned,1,pa-dos,2026-09-07T19:39:15+00:00
2022,PA,PA-03,2022-10-23,16,30955,5458,30955,,27557,1414,137,1805,apportioned,1,pa-dos,2026-09-07T19:39:15+00:00
2022,PA,PA-03,2022-10-24,15,33104,2149,33104,,29465,1516,148,1931,apportioned,1,pa-dos,2026-09-07T19:39:15+00:00
2022,PA,PA-03,2022-10-25,14,36483,3379,36483,,32430,1696,159,2149,apportioned,1,pa-dos,2026-09-07T19:39:15+00:00
2022,PA,PA-03,2022-10-26,13,39270,2788,39270,,34864,1833,170,2348,apportioned,1,pa-dos,2026-09-07T19:39:15+00:00
2022,PA,PA-03,2022-10-27,12,42285,3015,42285,,37498,1998,183,2550,apportioned,1,pa-dos,2026-09-07T19:39:15+00:00
2022,PA,PA-03,2022-10-28,11,44775,2489,44775,,39654,2132,198,2730,apportioned,1,pa-dos,2026-09-07T19:39:15+00:00
2022,PA,PA-03,2022-10-29,10,46877,2103,46877,,41454,2257,208,2894,apportioned,1,pa-dos,2026-09-07T19:39:15+00:00
2022,PA,PA-03,2022-10-30,9,47361,484,47361,,41879,2275,210,2931,apportioned,1,pa-dos,2026-09-07T19:39:15+00:00
2022,PA,PA-03,2022-10-31,8,49149,1788,49149,,43427,2362,214,3080,apportioned,1,pa-dos,2026-09-07T19:39:15+00:00
2022,PA,PA-03,2022-11-01,7,52024,2874,52024,,45859,2509,232,3355,apportioned,1,pa-dos,2026-09-07T19:39:15+00:00
2022,PA,PA-03,2022-11-02,6,54502,2478,54502,,47985,2628,248,3565,apportioned,1,pa-dos,2026-09-07T19:39:15+00:00
2022,PA,PA-03,2022-11-03,5,56538,2036,56538,,49703,2728,260,3766,apportioned,1,pa-dos,2026-09-07T19:39:15+00:00
2022,PA,PA-03,2022-11-04,4,58570,2032,58570,,51414,2850,273,3949,apportioned,1,pa-dos,2026-09-07T19:39:15+00:00
2022,PA,PA-03,2022-11-05,3,60572,2002,60572,,53082,2982,282,4140,apportioned,1,pa-dos,2026-09-07T19:39:15+00:00
2022,PA,PA-03,2022-11-06,2,61332,759,61332,,53737,3011,285,4212,apportioned,1,pa-dos,2026-09-07T19:39:15+00:00
2022,PA,PA-03,2022-11-07,1,63694,2362,63694,,55687,3141,301,4474,apportioned,1,pa-dos,2026-09-07T19:39:15+00:00
2022,PA,PA-03,2022-11-08,0,69235,5541,69235,,60301,3402,344,5086,apportioned,1,pa-dos,2026-09-07T19:39:15+00:00
2022,PA,PA-04,2022-09-08,61,0,0,0,,0,0,0,0,apportioned,1,pa-dos,2026-09-07T19:39:15+00:00
2022,PA,PA-04,2022-09-09,60,1,0,1,,1,0,0,0,apportioned,1,pa-dos,2026-09-07T19:39:15+00:00
2022,PA,PA-04,2022-09-10,59,1,0,1,,1,0,0,0,apportioned,1,pa-dos,2026-09-07T19:39:15+00:00
2022,PA,PA-04,2022-09-11,58,1,0,1,,1,0,0,0,apportioned,1,pa-dos,2026-09-07T19:39:15+00:00
2022,PA,PA-04,2022-09-12,57,1,0,1,,1,0,0,0,apportioned,1,pa-dos,2026-09-07T19:39:15+00:00
2022,PA,PA-04,2022-09-13,56,1,0,1,,1,0,0,0,apportioned,1,pa-dos,2026-09-07T19:39:15+00:00
2022,PA,PA-04,2022-09-14,55,1,0,1,,1,0,0,0,apportioned,1,pa-dos,2026-09-07T19:39:15+00:00
2022,PA,PA-04,2022-09-15,54,2,1,2,,2,0,0,0,apportioned,1,pa-dos,2026-09-07T19:39:15+00:00
2022,PA,PA-04,2022-09-16,53,2,0,2,,2,0,0,0,apportioned,1,pa-dos,2026-09-07T19:39:15+00:00
2022,PA,PA-04,2022-09-17,52,2,0,2,,2,0,0,0,apportioned,1,pa-dos,2026-09-07T19:39:15+00:00
2022,PA,PA-04,2022-09-18,51,2,0,2,,2,0,0,0,apportioned,1,pa-dos,2026-09-07T19:39:15+00:00
2022,PA,PA-04,2022-09-19,50,4,2,4,,3,0,0,0,apportioned,1,pa-dos,2026-09-07T19:39:15+00:00
2022,PA,PA-04,2022-09-20,49,4,0,4,,3,0,0,0,apportioned,1,pa-dos,2026-09-07T19:39:15+00:00
2022,PA,PA-04,2022-09-21,48,4,0,4,,3,1,0,0,apportioned,1,pa-dos,2026-09-07T19:39:15+00:00
2022,PA,PA-04,2022-09-22,47,5,0,5,,4,1,0,0,apportioned,1,pa-dos,2026-09-07T19:39:15+00:00
2022,PA,PA-04,2022-09-23,46,5,0,5,,4,1,0,0,apportioned,1,pa-dos,2026-09-07T19:39:15+00:00
2022,PA,PA-04,2022-09-24,45,5,0,5,,4,1,0,0,apportioned,1,pa-dos,2026-09-07T19:39:15+00:00
2022,PA,PA-04,2022-09-25,44,5,0,5,,4,1,0,0,apportioned,1,pa-dos,2026-09-07T19:39:15+00:00
2022,PA,PA-04,2022-09-26,43,7,1,7,,4,1,0,1,apportioned,1,pa-dos,2026-09-07T19:39:15+00:00
2022,PA,PA-04,2022-09-27,42,7,0,7,,4,1,0,1,apportioned,1,pa-dos,2026-09-07T19:39:15+00:00
2022,PA,PA-04,2022-09-28,41,7,0,7,,4,1,0,1,apportioned,1,pa-dos,2026-09-07T19:39:15+00:00
2022,PA,PA-04,2022-09-29,40,9,3,9,,7,1,0,1,apportioned,1,pa-dos,2026-09-07T19:39:15+00:00
2022,PA,PA-04,2022-09-30,39,9,0,9,,7,1,0,1,apportioned,1,pa-dos,2026-09-07T19:39:15+00:00
2022,PA,PA-04,2022-10-01,38,9,0,9,,7,1,0,1,apportioned,1,pa-dos,2026-09-07T19:39:15+00:00
2022,PA,PA-04,2022-10-02,37,9,0,9,,7,1,0,1,apportioned,1,pa-dos,2026-09-07T19:39:15+00:00
2022,PA,PA-04,2022-10-03,36,11,2,11,,8,1,0,2,apportioned,1,pa-dos,2026-09-07T19:39:15+00:00
2022,PA,PA-04,2022-10-04,35,11,0,11,,8,1,0,2,apportioned,1,pa-dos,2026-09-07T19:39:15+00:00
2022,PA,PA-04,2022-10-05,34,13,1,13,,9,1,0,2,apportioned,1,pa-dos,2026-09-07T19:39:15+00:00
2022,PA,PA-04,2022-10-06,33,13,1,13,,10,2,0,2,apportioned,1,pa-dos,2026-09-07T19:39:15+00:00
2022,PA,PA-04,2022-10-07,32,13,0,13,,10,2,0,2,apportioned,1,pa-dos,2026-09-07T19:39:15+00:00
2022,PA,PA-04,2022-10-08,31,13,0,13,,10,2,0,2,apportioned,1,pa-dos,2026-09-07T19:39:15+00:00
2022,PA,PA-04,2022-10-09,30,13,0,13,,10,2,0,2,apportioned,1,pa-dos,2026-09-07T19:39:15+00:00
2022,PA,PA-04,2022-10-10,29,83,70,83,,59,15,0,9,apportioned,1,pa-dos,2026-09-07T19:39:15+00:00
2022,PA,PA-04,2022-10-11,28,86,3,86,,60,16,0,9,apportioned,1,pa-dos,2026-09-07T19:39:15+00:00
2022,PA,PA-04,2022-10-12,27,100,14,100,,72,19,0,9,apportioned,1,pa-dos,2026-09-07T19:39:15+00:00
2022,PA,PA-04,2022-10-13,26,112,11,112,,78,22,0,10,apportioned,1,pa-dos,2026-09-07T19:39:15+00:00
2022,PA,PA-04,2022-10-14,25,410,298,410,,292,82,1,34,apportioned,1,pa-dos,2026-09-07T19:39:15+00:00
2022,PA,PA-04,2022-10-15,24,930,520,930,,674,183,4,67,apportioned,1,pa-dos,2026-09-07T19:39:15+00:00
2022,PA,PA-04,2022-10-16,23,930,0,930,,674,183,4,67,apportioned,1,pa-dos,2026-09-07T19:39:15+00:00
2022,PA,PA-04,2022-10-17,22,10477,9547,10477,,7900,1728,30,809,apportioned,1,pa-dos,2026-09-07T19:39:15+00:00
2022,PA,PA-04,2022-10-18,21,16818,6342,16818,,12720,2685,51,1349,apportioned,1,pa-dos,2026-09-07T19:39:15+00:00
2022,PA,PA-04,2022-10-19,20,24422,7603,24422,,18293,4022,85,2006,apportioned,1,pa-dos,2026-09-07T19:39:15+00:00
2022,PA,PA-04,2022-10-20,19,30395,5974,30395,,22669,5092,104,2512,apportioned,1,pa-dos,2026-09-07T19:39:15+00:00
2022,PA,PA-04,2022-10-21,18,31139,743,31139,,23220,5226,106,2566,apportioned,1,pa-dos,2026-09-07T19:39:15+00:00
2022,PA,PA-04,2022-10-22,17,35684,4546,35684,,26515,6067,126,2956,apportioned,1,pa-dos,2026-09-07T19:39:15+00:00
2022,PA,PA-04,2022-10-23,16,35684,0,35684,,26515,6067,126,2956,apportioned,1,pa-dos,2026-09-07T19:39:15+00:00
2022,PA,PA-04,2022-10-24,15,42590,6905,42590,,31531,7267,156,3609,apportioned,1,pa-dos,2026-09-07T19:39:15+00:00
2022,PA,PA-04,2022-10-25,14,46227,3638,46227,,34114,7957,171,3959,apportioned,1,pa-dos,2026-09-07T19:39:15+00:00
2022,PA,PA-04,2022-10-26,13,49491,3264,49491,,36391,8618,188,4266,apportioned,1,pa-dos,2026-09-07T19:39:15+00:00
2022,PA,PA-04,2022-10-27,12,53580,4089,53580,,39193,9480,200,4674,apportioned,1,pa-dos,2026-09-07T19:39:15+00:00
2022,PA,PA-04,2022-10-28,11,57032,3451,57032,,41538,10188,214,5053,apportioned,1,pa-dos,2026-09-07T19:39:15+00:00
2022,PA,PA-04,2022-10-29,10,57474,442,57474,,41822,10301,217,5095,apportioned,1,pa-dos,2026-09-07T19:39:15+00:00
2022,PA,PA-04,2022-10-30,9,57474,0,57474,,41822,10301,217,5095,apportioned,1,pa-dos,2026-09-07T19:39:15+00:00
2022,PA,PA-04,2022-10-31,8,57648,174,57648,,41938,10341,218,5112,apportioned,1,pa-dos,2026-09-07T19:39:15+00:00
2022,PA,PA-04,2022-11-01,7,67173,9524,67173,,48944,11861,254,6064,apportioned,1,pa-dos,2026-09-07T19:39:15+00:00
2022,PA,PA-04,2022-11-02,6,75332,8159,75332,,54625,13352,291,7011,apportioned,1,pa-dos,2026-09-07T19:39:15+00:00
2022,PA,PA-04,2022-11-03,5,78785,3452,78785,,56939,14025,313,7450,apportioned,1,pa-dos,2026-09-07T19:39:15+00:00
2022,PA,PA-04,2022-11-04,4,79864,1079,79864,,57580,14325,321,7581,apportioned,1,pa-dos,2026-09-07T19:39:15+00:00
2022,PA,PA-04,2022-11-05,3,82925,3062,82925,,59586,14967,337,7977,apportioned,1,pa-dos,2026-09-07T19:39:15+00:00
2022,PA,PA-04,2022-11-06,2,82925,0,82925,,59586,14967,337,7977,apportioned,1,pa-dos,2026-09-07T19:39:15+00:00
2022,PA,PA-04,2022-11-07,1,90882,7956,90882,,64675,16607,390,9141,apportioned,1,pa-dos,2026-09-07T19:39:15+00:00
2022,PA,PA-04,2022-11-08,0,98199,7318,98199,,69425,17951,454,10289,apportioned,1,pa-dos,2026-09-07T19:39:15+00:00
2022,PA,PA-05,2022-09-28,41,0,0,0,,0,0,0,0,apportioned,1,pa-dos,2026-09-07T19:39:15+00:00
2022,PA,PA-05,2022-09-29,40,4,4,4,,3,1,0,0,apportioned,1,pa-dos,2026-09-07T19:39:15+00:00
2022,PA,PA-05,2022-09-30,39,4,0,4,,3,1,0,0,apportioned,1,pa-dos,2026-09-07T19:39:15+00:00
2022,PA,PA-05,2022-10-01,38,4,0,4,,3,1,0,0,apportioned,1,pa-dos,2026-09-07T19:39:15+00:00
2022,PA,PA-05,2022-10-02,37,4,0,4,,3,1,0,0,apportioned,1,pa-dos,2026-09-07T19:39:15+00:00
2022,PA,PA-05,2022-10-03,36,15,11,15,,11,3,0,1,apportioned,1,pa-dos,2026-09-07T19:39:15+00:00
2022,PA,PA-05,2022-10-04,35,15,0,15,,11,3,0,1,apportioned,1,pa-dos,2026-09-07T19:39:15+00:00
2022,PA,PA-05,2022-10-05,34,16,1,16,,12,3,0,1,apportioned,1,pa-dos,2026-09-07T19:39:15+00:00
2022,PA,PA-05,2022-10-06,33,16,0,16,,12,3,0,1,apportioned,1,pa-dos,2026-09-07T19:39:15+00:00
2022,PA,PA-05,2022-10-07,32,17,0,17,,13,3,0,1,apportioned,1,pa-dos,2026-09-07T19:39:15+00:00
2022,PA,PA-05,2022-10-08,31,17,0,17,,13,3,0,1,apportioned,1,pa-dos,2026-09-07T19:39:15+00:00
2022,PA,PA-05,2022-10-09,30,17,0,17,,13,3,0,1,apportioned,1,pa-dos,2026-09-07T19:39:15+00:00
2022,PA,PA-05,2022-10-10,29,27,10,27,,21,5,0,2,apportioned,1,pa-dos,2026-09-07T19:39:15+00:00
2022,PA,PA-05,2022-10-11,28,49,22,49,,40,6,0,3,apportioned,1,pa-dos,2026-09-07T19:39:15+00:00
2022,PA,PA-05,2022-10-12,27,68,19,68,,56,8,0,5,apportioned,1,pa-dos,2026-09-07T19:39:15+00:00
2022,PA,PA-05,2022-10-13,26,68,0,68,,56,8,0,5,apportioned,1,pa-dos,2026-09-07T19:39:15+00:00
2022,PA,PA-05,2022-10-14,25,636,568,636,,445,128,3,60,apportioned,1,pa-dos,2026-09-07T19:39:15+00:00
2022,PA,PA-05,2022-10-15,24,4474,3837,4474,,3177,905,19,367,apportioned,1,pa-dos,2026-09-07T19:39:15+00:00
2022,PA,PA-05,2022-10-16,23,4474,0,4474,,3177,905,19,367,apportioned,1,pa-dos,2026-09-07T19:39:15+00:00
2022,PA,PA-05,2022-10-17,22,8977,4503,8977,,6601,1619,38,708,apportioned,1,pa-dos,2026-09-07T19:39:15+00:00
2022,PA,PA-05,2022-10-18,21,12531,3555,12531,,9281,2169,51,1016,apportioned,1,pa-dos,2026-09-07T19:39:15+00:00
2022,PA,PA-05,2022-10-19,20,15666,3135,15666,,11645,2661,67,1274,apportioned,1,pa-dos,2026-09-07T19:39:15+00:00
2022,PA,PA-05,2022-10-20,19,18827,3161,18827,,13991,3214,81,1521,apportioned,1,pa-dos,2026-09-07T19:39:15+00:00
2022,PA,PA-05,2022-10-21,18,21555,2728,21555,,15914,3764,91,1760,apportioned,1,pa-dos,2026-09-07T19:39:15+00:00
2022,PA,PA-05,2022-10-22,17,22314,760,22314,,16446,3917,94,1831,apportioned,1,pa-dos,2026-09-07T19:39:15+00:00
2022,PA,PA-05,2022-10-23,16,22748,433,22748,,16832,3936,96,1857,apportioned,1,pa-dos,2026-09-07T19:39:15+00:00
2022,PA,PA-05,2022-10-24,15,27745,4997,27745,,20538,4775,115,2287,apportioned,1,pa-dos,2026-09-07T19:39:15+00:00
2022,PA,PA-05,2022-10-25,14,31029,3284,31029,,22886,5396,128,2587,apportioned,1,pa-dos,2026-09-07T19:39:15+00:00
2022,PA,PA-05,2022-10-26,13,33811,2781,33811,,24838,5933,137,2870,apportioned,1,pa-dos,2026-09-07T19:39:15+00:00
2022,PA,PA-05,2022-10-27,12,35951,2140,35951,,26349,6339,147,3081,apportioned,1,pa-dos,2026-09-07T19:39:15+00:00
2022,PA,PA-05,2022-10-28,11,41978,6028,41978,,30564,7566,178,3625,apportioned,1,pa-dos,2026-09-07T19:39:15+00:00
2022,PA,PA-05,2022-10-29,10,44037,2059,44037,,31978,7999,187,3827,apportioned,1,pa-dos,2026-09-07T19:39:15+00:00
2022,PA,PA-05,2022-10-30,9,44076,38,44076,,32011,8000,188,3830,apportioned,1,pa-dos,2026-09-07T19:39:15+00:00
2022,PA,PA-05,2022-10-31,8,49024,4948,49024,,35380,9015,210,4368,apportioned,1,pa-dos,2026-09-07T19:39:15+00:00
2022,PA,PA-05,2022-11-01,7,51775,2752,51775,,37314,9505,223,4680,apportioned,1,pa-dos,2026-09-07T19:39:15+00:00
2022,PA,PA-05,2022-11-02,6,56529,4754,56529,,40504,10500,243,5226,apportioned,1,pa-dos,2026-09-07T19:39:15+00:00
2022,PA,PA-05,2022-11-03,5,60314,3785,60314,,43197,11162,262,5636,apportioned,1,pa-dos,2026-09-07T19:39:15+00:00
2022,PA,PA-05,2022-11-04,4,60639,324,60639,,43449,11207,263,5659,apportioned,1,pa-dos,2026-09-07T19:39:15+00:00
2022,PA,PA-05,2022-11-05,3,65610,4971,65610,,46668,12323,288,6265,apportioned,1,pa-dos,2026-09-07T19:39:15+00:00
2022,PA,PA-05,2022-11-06,2,65945,335,65945,,46879,12410,288,6303,apportioned,1,pa-dos,2026-09-07T19:39:15+00:00
2022,PA,PA-05,2022-11-07,1,70835,4890,70835,,50075,13388,313,6987,apportioned,1,pa-dos,2026-09-07T19:39:15+00:00
2022,PA,PA-05,2022-11-08,0,74967,4133,74967,,52767,14196,343,7582,apportioned,1,pa-dos,2026-09-07T19:39:15+00:00
2022,PA,PA-06,2022-09-08,61,1,1,1,,1,0,0,0,apportioned,1,pa-dos,2026-09-07T19:39:15+00:00
2022,PA,PA-06,2022-09-09,60,1,1,1,,1,0,0,0,apportioned,1,pa-dos,2026-09-07T19:39:15+00:00
2022,PA,PA-06,2022-09-10,59,1,0,1,,1,0,0,0,apportioned,1,pa-dos,2026-09-07T19:39:15+00:00
2022,PA,PA-06,2022-09-11,58,1,0,1,,1,0,0,0,apportioned,1,pa-dos,2026-09-07T19:39:15+00:00
2022,PA,PA-06,2022-09-12,57,1,0,1,,1,0,0,0,apportioned,1,pa-dos,2026-09-07T19:39:15+00:00
2022,PA,PA-06,2022-09-13,56,1,0,1,,1,0,0,0,apportioned,1,pa-dos,2026-09-07T19:39:15+00:00
2022,PA,PA-06,2022-09-14,55,1,1,1,,1,0,0,0,apportioned,1,pa-dos,2026-09-07T19:39:15+00:00
2022,PA,PA-06,2022-09-15,54,2,1,2,,2,0,0,0,apportioned,1,pa-dos,2026-09-07T19:39:15+00:00
2022,PA,PA-06,2022-09-16,53,2,0,2,,2,0,0,0,apportioned,1,pa-dos,2026-09-07T19:39:15+00:00
2022,PA,PA-06,2022-09-17,52,2,0,2,,2,0,0,0,apportioned,1,pa-dos,2026-09-07T19:39:15+00:00
2022,PA,PA-06,2022-09-18,51,2,0,2,,2,0,0,0,apportioned,1,pa-dos,2026-09-07T19:39:15+00:00
2022,PA,PA-06,2022-09-19,50,5,3,5,,4,1,0,1,apportioned,1,pa-dos,2026-09-07T19:39:15+00:00
2022,PA,PA-06,2022-09-20,49,5,0,5,,4,1,0,1,apportioned,1,pa-dos,2026-09-07T19:39:15+00:00
2022,PA,PA-06,2022-09-21,48,6,1,6,,4,1,0,1,apportioned,1,pa-dos,2026-09-07T19:39:15+00:00
2022,PA,PA-06,2022-09-22,47,6,1,6,,5,1,0,1,apportioned,1,pa-dos,2026-09-07T19:39:15+00:00
2022,PA,PA-06,2022-09-23,46,7,1,7,,5,1,0,1,apportioned,1,pa-dos,2026-09-07T19:39:15+00:00
2022,PA,PA-06,2022-09-24,45,7,0,7,,5,1,0,1,apportioned,1,pa-dos,2026-09-07T19:39:15+00:00
2022,PA,PA-06,2022-09-25,44,7,0,7,,5,1,0,1,apportioned,1,pa-dos,2026-09-07T19:39:15+00:00
2022,PA,PA-06,2022-09-26,43,8,2,8,,6,2,0,1,apportioned,1,pa-dos,2026-09-07T19:39:15+00:00
2022,PA,PA-06,2022-09-27,42,9,1,9,,7,2,0,1,apportioned,1,pa-dos,2026-09-07T19:39:15+00:00
2022,PA,PA-06,2022-09-28,41,9,0,9,,7,2,0,1,apportioned,1,pa-dos,2026-09-07T19:39:15+00:00
2022,PA,PA-06,2022-09-29,40,13,3,13,,9,2,0,1,apportioned,1,pa-dos,2026-09-07T19:39:15+00:00
2022,PA,PA-06,2022-09-30,39,14,1,14,,10,2,0,1,apportioned,1,pa-dos,2026-09-07T19:39:15+00:00
2022,PA,PA-06,2022-10-01,38,14,0,14,,10,2,0,1,apportioned,1,pa-dos,2026-09-07T19:39:15+00:00
2022,PA,PA-06,2022-10-02,37,14,0,14,,10,2,0,1,apportioned,1,pa-dos,2026-09-07T19:39:15+00:00
2022,PA,PA-06,2022-10-03,36,28,14,28,,23,3,0,2,apportioned,1,pa-dos,2026-09-07T19:39:15+00:00
2022,PA,PA-06,2022-10-04,35,38,10,38,,29,3,0,6,apportioned,1,pa-dos,2026-09-07T19:39:15+00:00
2022,PA,PA-06,2022-10-05,34,42,4,42,,33,3,0,6,apportioned,1,pa-dos,2026-09-07T19:39:15+00:00
2022,PA,PA-06,2022-10-06,33,53,11,53,,39,6,0,7,apportioned,1,pa-dos,2026-09-07T19:39:15+00:00
2022,PA,PA-06,2022-10-07,32,61,8,61,,46,7,0,7,apportioned,1,pa-dos,2026-09-07T19:39:15+00:00
2022,PA,PA-06,2022-10-08,31,61,0,61,,46,7,0,7,apportioned,1,pa-dos,2026-09-07T19:39:15+00:00
2022,PA,PA-06,2022-10-09,30,61,0,61,,46,7,0,7,apportioned,1,pa-dos,2026-09-07T19:39:15+00:00
2022,PA,PA-06,2022-10-10,29,61,0,61,,46,7,0,7,apportioned,1,pa-dos,2026-09-07T19:39:15+00:00
2022,PA,PA-06,2022-10-11,28,90,29,90,,70,12,0,8,apportioned,1,pa-dos,2026-09-07T19:39:15+00:00
2022,PA,PA-06,2022-10-12,27,120,30,120,,95,16,0,9,apportioned,1,pa-dos,2026-09-07T19:39:15+00:00
2022,PA,PA-06,2022-10-13,26,134,14,134,,104,20,0,10,apportioned,1,pa-dos,2026-09-07T19:39:15+00:00
2022,PA,PA-06,2022-10-14,25,1131,996,1131,,804,216,3,107,apportioned,1,pa-dos,2026-09-07T19:39:15+00:00
2022,PA,PA-06,2022-10-15,24,1800,670,1800,,1295,347,8,150,apportioned,1,pa-dos,2026-09-07T19:39:15+00:00
2022,PA,PA-06,2022-10-16,23,1800,0,1800,,1295,347,8,150,apportioned,1,pa-dos,2026-09-07T19:39:15+00:00
2022,PA,PA-06,2022-10-17,22,2030,230,2030,,1464,394,9,163,apportioned,1,pa-dos,2026-09-07T19:39:15+00:00
2022,PA,PA-06,2022-10-18,21,2110,80,2110,,1522,408,9,171,apportioned,1,pa-dos,2026-09-07T19:39:15+00:00
2022,PA,PA-06,2022-10-19,20,11541,9432,11541,,8119,2271,48,1099,apportioned,1,pa-dos,2026-09-07T19:39:15+00:00
2022,PA,PA-06,2022-10-20,19,12776,1234,12776,,9043,2493,54,1182,apportioned,1,pa-dos,2026-09-07T19:39:15+00:00
2022,PA,PA-06,2022-10-21,18,13717,942,13717,,9741,2670,58,1244,apportioned,1,pa-dos,2026-09-07T19:39:15+00:00
2022,PA,PA-06,2022-10-22,17,24117,10399,24117,,16913,4670,112,2410,apportioned,1,pa-dos,2026-09-07T19:39:15+00:00
2022,PA,PA-06,2022-10-23,16,24117,0,24117,,16913,4670,112,2410,apportioned,1,pa-dos,2026-09-07T19:39:15+00:00
2022,PA,PA-06,2022-10-24,15,24785,669,24785,,17383,4782,117,2492,apportioned,1,pa-dos,2026-09-07T19:39:15+00:00
2022,PA,PA-06,2022-10-25,14,30029,5243,30029,,20951,5785,136,3143,apportioned,1,pa-dos,2026-09-07T19:39:15+00:00
2022,PA,PA-06,2022-10-26,13,35618,5589,35618,,24784,6868,170,3781,apportioned,1,pa-dos,2026-09-07T19:39:15+00:00
2022,PA,PA-06,2022-10-27,12,40363,4745,40363,,28079,7764,192,4307,apportioned,1,pa-dos,2026-09-07T19:39:15+00:00
2022,PA,PA-06,2022-10-28,11,40808,446,40808,,28366,7887,193,4342,apportioned,1,pa-dos,2026-09-07T19:39:15+00:00
2022,PA,PA-06,2022-10-29,10,44139,3331,44139,,30585,8574,212,4745,apportioned,1,pa-dos,2026-09-07T19:39:15+00:00
2022,PA,PA-06,2022-10-30,9,44139,0,44139,,30585,8574,212,4745,apportioned,1,pa-dos,2026-09-07T19:39:15+00:00
2022,PA,PA-06,2022-10-31,8,46795,2656,46795,,32330,9150,216,5076,apportioned,1,pa-dos,2026-09-07T19:39:15+00:00
2022,PA,PA-06,2022-11-01,7,52946,6151,52946,,36242,10457,251,5970,apportioned,1,pa-dos,2026-09-07T19:39:15+00:00
2022,PA,PA-06,2022-11-02,6,55266,2320,55266,,37711,10955,263,6310,apportioned,1,pa-dos,2026-09-07T19:39:15+00:00
2022,PA,PA-06,2022-11-03,5,59541,4275,59541,,40304,11985,283,6940,apportioned,1,pa-dos,2026-09-07T19:39:15+00:00
2022,PA,PA-06,2022-11-04,4,63732,4191,63732,,42786,13030,308,7576,apportioned,1,pa-dos,2026-09-07T19:39:15+00:00
2022,PA,PA-06,2022-11-05,3,66671,2939,66671,,44534,13738,321,8043,apportioned,1,pa-dos,2026-09-07T19:39:15+00:00
2022,PA,PA-06,2022-11-06,2,66720,49,66720,,44576,13742,321,8046,apportioned,1,pa-dos,2026-09-07T19:39:15+00:00
2022,PA,PA-06,2022-11-07,1,74347,7627,74347,,48914,15672,363,9358,apportioned,1,pa-dos,2026-09-07T19:39:15+00:00
2022,PA,PA-06,2022-11-08,0,75380,1032,75380,,49513,15937,376,9512,apportioned,1,pa-dos,2026-09-07T19:39:15+00:00
2022,PA,PA-07,2022-09-12,57,1,1,1,,1,0,0,0,apportioned,1,pa-dos,2026-09-07T19:39:15+00:00
2022,PA,PA-07,2022-09-13,56,1,0,1,,1,0,0,0,apportioned,1,pa-dos,2026-09-07T19:39:15+00:00
2022,PA,PA-07,2022-09-14,55,1,0,1,,1,0,0,0,apportioned,1,pa-dos,2026-09-07T19:39:15+00:00
2022,PA,PA-07,2022-09-15,54,1,0,1,,1,0,0,0,apportioned,1,pa-dos,2026-09-07T19:39:15+00:00
2022,PA,PA-07,2022-09-16,53,1,0,1,,1,0,0,0,apportioned,1,pa-dos,2026-09-07T19:39:15+00:00
2022,PA,PA-07,2022-09-17,52,1,0,1,,1,0,0,0,apportioned,1,pa-dos,2026-09-07T19:39:15+00:00
2022,PA,PA-07,2022-09-18,51,1,0,1,,1,0,0,0,apportioned,1,pa-dos,2026-09-07T19:39:15+00:00
2022,PA,PA-07,2022-09-19,50,1,0,1,,1,0,0,0,apportioned,1,pa-dos,2026-09-07T19:39:15+00:00
2022,PA,PA-07,2022-09-20,49,1,0,1,,1,0,0,0,apportioned,1,pa-dos,2026-09-07T19:39:15+00:00
2022,PA,PA-07,2022-09-21,48,1,0,1,,1,0,0,0,apportioned,1,pa-dos,2026-09-07T19:39:15+00:00
2022,PA,PA-07,2022-09-22,47,1,0,1,,1,0,0,0,apportioned,1,pa-dos,2026-09-07T19:39:15+00:00
2022,PA,PA-07,2022-09-23,46,1,0,1,,1,0,0,0,apportioned,1,pa-dos,2026-09-07T19:39:15+00:00
2022,PA,PA-07,2022-09-24,45,1,0,1,,1,0,0,0,apportioned,1,pa-dos,2026-09-07T19:39:15+00:00
2022,PA,PA-07,2022-09-25,44,1,0,1,,1,0,0,0,apportioned,1,pa-dos,2026-09-07T19:39:15+00:00
2022,PA,PA-07,2022-09-26,43,2,1,2,,1,1,0,0,apportioned,1,pa-dos,2026-09-07T19:39:15+00:00
2022,PA,PA-07,2022-09-27,42,3,1,3,,1,1,0,1,apportioned,1,pa-dos,2026-09-07T19:39:15+00:00
2022,PA,PA-07,2022-09-28,41,6,3,6,,2,2,0,2,apportioned,1,pa-dos,2026-09-07T19:39:15+00:00
2022,PA,PA-07,2022-09-29,40,6,0,6,,2,2,0,2,apportioned,1,pa-dos,2026-09-07T19:39:15+00:00
2022,PA,PA-07,2022-09-30,39,40,34,40,,21,15,1,3,apportioned,1,pa-dos,2026-09-07T19:39:15+00:00
2022,PA,PA-07,2022-10-01,38,40,0,40,,21,15,1,3,apportioned,1,pa-dos,2026-09-07T19:39:15+00:00
2022,PA,PA-07,2022-10-02,37,40,0,40,,21,15,1,3,apportioned,1,pa-dos,2026-09-07T19:39:15+00:00
2022,PA,PA-07,2022-10-03,36,81,41,81,,37,35,2,7,apportioned,1,pa-dos,2026-09-07T19:39:15+00:00
2022,PA,PA-07,2022-10-04,35,317,236,317,,208,83,2,24,apportioned,1,pa-dos,2026-09-07T19:39:15+00:00
2022,PA,PA-07,2022-10-05,34,728,410,728,,514,166,3,44,apportioned,1,pa-dos,2026-09-07T19:39:15+00:00
2022,PA,PA-07,2022-10-06,33,768,40,768,,537,180,3,48,apportioned,1,pa-dos,2026-09-07T19:39:15+00:00
2022,PA,PA-07,2022-10-07,32,1739,971,1739,,1268,345,7,118,apportioned,1,pa-dos,2026-09-07T19:39:15+00:00
2022,PA,PA-07,2022-10-08,31,1739,0,1739,,1268,345,7,118,apportioned,1,pa-dos,2026-09-07T19:39:15+00:00
2022,PA,PA-07,2022-10-09,30,1739,0,1739,,1268,345,7,118,apportioned,1,pa-dos,2026-09-07T19:39:15+00:00
2022,PA,PA-07,2022-10-10,29,1776,37,1776,,1294,348,8,125,apportioned,1,pa-dos,2026-09-07T19:39:15+00:00
2022,PA,PA-07,2022-10-11,28,4813,3037,4813,,3507,914,20,367,apportioned,1,pa-dos,2026-09-07T19:39:15+00:00
2022,PA,PA-07,2022-10-12,27,9264,4451,9264,,6848,1612,46,751,apportioned,1,pa-dos,2026-09-07T19:39:15+00:00
2022,PA,PA-07,2022-10-13,26,11929,2665,11929,,8800,2088,54,978,apportioned,1,pa-dos,2026-09-07T19:39:15+00:00
2022,PA,PA-07,2022-10-14,25,13586,1657,13586,,9987,2396,63,1132,apportioned,1,pa-dos,2026-09-07T19:39:15+00:00
2022,PA,PA-07,2022-10-15,24,13586,0,13586,,9987,2396,63,1132,apportioned,1,pa-dos,2026-09-07T19:39:15+00:00
2022,PA,PA-07,2022-10-16,23,13586,0,13586,,9987,2396,63,1132,apportioned,1,pa-dos,2026-09-07T19:39:15+00:00
2022,PA,PA-07,2022-10-17,22,16901,3315,16901,,12373,3018,78,1423,apportioned,1,pa-dos,2026-09-07T19:39:15+00:00
2022,PA,PA-07,2022-10-18,21,22994,6092,22994,,16783,4186,106,1906,apportioned,1,pa-dos,2026-09-07T19:39:15+00:00
2022,PA,PA-07,2022-10-19,20,25116,2122,25116,,18249,4621,113,2118,apportioned,1,pa-dos,2026-09-07T19:39:15+00:00
2022,PA,PA-07,2022-10-20,19,26771,1656,26771,,19409,4932,118,2298,apportioned,1,pa-dos,2026-09-07T19:39:15+00:00
2022,PA,PA-07,2022-10-21,18,28183,1412,28183,,20351,5250,131,2438,apportioned,1,pa-dos,2026-09-07T19:39:15+00:00
2022,PA,PA-07,2022-10-22,17,28205,22,28205,,20366,5256,131,2439,apportioned,1,pa-dos,2026-09-07T19:39:15+00:00
2022,PA,PA-07,2022-10-23,16,28205,0,28205,,20366,5256,131,2439,apportioned,1,pa-dos,2026-09-07T19:39:15+00:00
2022,PA,PA-07,2022-10-24,15,38616,10410,38616,,27803,7271,169,3353,apportioned,1,pa-dos,2026-09-07T19:39:15+00:00
2022,PA,PA-07,2022-10-25,14,44266,5650,44266,,31746,8426,195,3879,apportioned,1,pa-dos,2026-09-07T19:39:15+00:00
2022,PA,PA-07,2022-10-26,13,46454,2189,46454,,33161,8937,209,4127,apportioned,1,pa-dos,2026-09-07T19:39:15+00:00
2022,PA,PA-07,2022-10-27,12,50016,3562,50016,,35446,9795,225,4527,apportioned,1,pa-dos,2026-09-07T19:39:15+00:00
2022,PA,PA-07,2022-10-28,11,52578,2561,52578,,37108,10391,238,4818,apportioned,1,pa-dos,2026-09-07T19:39:15+00:00
2022,PA,PA-07,2022-10-29,10,52604,26,52604,,37122,10396,239,4824,apportioned,1,pa-dos,2026-09-07T19:39:15+00:00
2022,PA,PA-07,2022-10-30,9,52604,0,52604,,37122,10396,239,4824,apportioned,1,pa-dos,2026-09-07T19:39:15+00:00
2022,PA,PA-07,2022-10-31,8,57170,4566,57170,,39984,11509,267,5384,apportioned,1,pa-dos,2026-09-07T19:39:15+00:00
2022,PA,PA-07,2022-11-01,7,60552,3382,60552,,42192,12259,286,5787,apportioned,1,pa-dos,2026-09-07T19:39:15+00:00
2022,PA,PA-07,2022-11-02,6,62053,1501,62053,,43087,12655,302,5978,apportioned,1,pa-dos,2026-09-07T19:39:15+00:00
2022,PA,PA-07,2022-11-03,5,65030,2976,65030,,44942,13365,322,6366,apportioned,1,pa-dos,2026-09-07T19:39:15+00:00
2022,PA,PA-07,2022-11-04,4,67610,2581,67610,,46436,14072,337,6730,apportioned,1,pa-dos,2026-09-07T19:39:15+00:00
2022,PA,PA-07,2022-11-05,3,67710,100,67710,,46493,14098,338,6745,apportioned,1,pa-dos,2026-09-07T19:39:15+00:00
2022,PA,PA-07,2022-11-06,2,67741,31,67741,,46514,14103,338,6749,apportioned,1,pa-dos,2026-09-07T19:39:15+00:00
2022,PA,PA-07,2022-11-07,1,73520,5779,73520,,49859,15576,385,7659,apportioned,1,pa-dos,2026-09-07T19:39:15+00:00
2022,PA,PA-07,2022-11-08,0,78374,4853,78374,,52865,16550,435,8481,apportioned,1,pa-dos,2026-09-07T19:39:15+00:00
2022,PA,PA-08,2022-09-23,46,1,1,1,,1,0,0,0,apportioned,1,pa-dos,2026-09-07T19:39:15+00:00
2022,PA,PA-08,2022-09-24,45,1,0,1,,1,0,0,0,apportioned,1,pa-dos,2026-09-07T19:39:15+00:00
2022,PA,PA-08,2022-09-25,44,1,0,1,,1,0,0,0,apportioned,1,pa-dos,2026-09-07T19:39:15+00:00
2022,PA,PA-08,2022-09-26,43,4,3,4,,2,2,0,0,apportioned,1,pa-dos,2026-09-07T19:39:15+00:00
2022,PA,PA-08,2022-09-27,42,4,0,4,,2,2,0,0,apportioned,1,pa-dos,2026-09-07T19:39:15+00:00
2022,PA,PA-08,2022-09-28,41,5,1,5,,3,2,0,0,apportioned,1,pa-dos,2026-09-07T19:39:15+00:00
2022,PA,PA-08,2022-09-29,40,37,32,37,,24,10,0,3,apportioned,1,pa-dos,2026-09-07T19:39:15+00:00
2022,PA,PA-08,2022-09-30,39,90,53,90,,51,32,0,7,apportioned,1,pa-dos,2026-09-07T19:39:15+00:00
2022,PA,PA-08,2022-10-01,38,92,2,92,,51,34,0,7,apportioned,1,pa-dos,2026-09-07T19:39:15+00:00
2022,PA,PA-08,2022-10-02,37,92,0,92,,51,34,0,7,apportioned,1,pa-dos,2026-09-07T19:39:15+00:00
2022,PA,PA-08,2022-10-03,36,560,468,560,,339,169,0,52,apportioned,1,pa-dos,2026-09-07T19:39:15+00:00
2022,PA,PA-08,2022-10-04,35,648,88,648,,388,198,0,62,apportioned,1,pa-dos,2026-09-07T19:39:15+00:00
2022,PA,PA-08,2022-10-05,34,924,277,924,,571,272,2,79,apportioned,1,pa-dos,2026-09-07T19:39:15+00:00
2022,PA,PA-08,2022-10-06,33,1337,413,1337,,871,359,2,104,apportioned,1,pa-dos,2026-09-07T19:39:15+00:00
2022,PA,PA-08,2022-10-07,32,2357,1020,2357,,1526,627,6,196,apportioned,1,pa-dos,2026-09-07T19:39:15+00:00
2022,PA,PA-08,2022-10-08,31,3854,1497,3854,,2817,772,9,254,apportioned,1,pa-dos,2026-09-07T19:39:15+00:00
2022,PA,PA-08,2022-10-09,30,3854,0,3854,,2817,772,9,254,apportioned,1,pa-dos,2026-09-07T19:39:15+00:00
2022,PA,PA-08,2022-10-10,29,3986,132,3986,,2894,817,10,263,apportioned,1,pa-dos,2026-09-07T19:39:15+00:00
2022,PA,PA-08,2022-10-11,28,6650,2665,6650,,5017,1207,14,411,apportioned,1,pa-dos,2026-09-07T19:39:15+00:00
2022,PA,PA-08,2022-10-12,27,8363,1713,8363,,6239,1561,25,538,apportioned,1,pa-dos,2026-09-07T19:39:15+00:00
2022,PA,PA-08,2022-10-13,26,12487,4124,12487,,9339,2235,40,872,apportioned,1,pa-dos,2026-09-07T19:39:15+00:00
2022,PA,PA-08,2022-10-14,25,15610,3124,15610,,11716,2732,50,1110,apportioned,1,pa-dos,2026-09-07T19:39:15+00:00
2022,PA,PA-08,2022-10-15,24,16438,828,16438,,12404,2833,54,1144,apportioned,1,pa-dos,2026-09-07T19:39:15+00:00
2022,PA,PA-08,2022-10-16,23,16438,0,16438,,12404,2833,54,1144,apportioned,1,pa-dos,2026-09-07T19:39:15+00:00
2022,PA,PA-08,2022-10-17,22,19228,2790,19228,,14408,3326,62,1426,apportioned,1,pa-dos,2026-09-07T19:39:15+00:00
2022,PA,PA-08,2022-10-18,21,20733,1506,20733,,15469,3610,70,1577,apportioned,1,pa-dos,2026-09-07T19:39:15+00:00
2022,PA,PA-08,2022-10-19,20,22935,2202,22935,,17049,4010,83,1784,apportioned,1,pa-dos,2026-09-07T19:39:15+00:00
2022,PA,PA-08,2022-10-20,19,31877,8940,31877,,23864,5693,110,2192,apportioned,1,pa-dos,2026-09-07T19:39:15+00:00
2022,PA,PA-08,2022-10-21,18,35631,3754,35631,,26578,6479,125,2426,apportioned,1,pa-dos,2026-09-07T19:39:15+00:00
2022,PA,PA-08,2022-10-22,17,36300,669,36300,,27091,6600,125,2460,apportioned,1,pa-dos,2026-09-07T19:39:15+00:00
2022,PA,PA-08,2022-10-23,16,36300,0,36300,,27091,6600,125,2460,apportioned,1,pa-dos,2026-09-07T19:39:15+00:00
2022,PA,PA-08,2022-10-24,15,40962,4663,40962,,30306,7627,146,2857,apportioned,1,pa-dos,2026-09-07T19:39:15+00:00
2022,PA,PA-08,2022-10-25,14,43062,2100,43062,,31882,8006,150,2994,apportioned,1,pa-dos,2026-09-07T19:39:15+00:00
2022,PA,PA-08,2022-10-26,13,46060,2996,46060,,33943,8662,160,3262,apportioned,1,pa-dos,2026-09-07T19:39:15+00:00
2022,PA,PA-08,2022-10-27,12,48483,2424,48483,,35565,9277,168,3440,apportioned,1,pa-dos,2026-09-07T19:39:15+00:00
2022,PA,PA-08,2022-10-28,11,50836,2353,50836,,37138,9831,182,3652,apportioned,1,pa-dos,2026-09-07T19:39:15+00:00
2022,PA,PA-08,2022-10-29,10,51428,592,51428,,37545,9970,183,3697,apportioned,1,pa-dos,2026-09-07T19:39:15+00:00
2022,PA,PA-08,2022-10-30,9,51428,0,51428,,37545,9970,183,3697,apportioned,1,pa-dos,2026-09-07T19:39:15+00:00
2022,PA,PA-08,2022-10-31,8,55460,4032,55460,,40113,10977,205,4128,apportioned,1,pa-dos,2026-09-07T19:39:15+00:00
2022,PA,PA-08,2022-11-01,7,56748,1288,56748,,40931,11292,212,4274,apportioned,1,pa-dos,2026-09-07T19:39:15+00:00
2022,PA,PA-08,2022-11-02,6,58632,1884,58632,,42059,11857,224,4449,apportioned,1,pa-dos,2026-09-07T19:39:15+00:00
2022,PA,PA-08,2022-11-03,5,61347,2716,61347,,43755,12571,241,4736,apportioned,1,pa-dos,2026-09-07T19:39:15+00:00
2022,PA,PA-08,2022-11-04,4,63230,1883,63230,,44951,13003,259,4971,apportioned,1,pa-dos,2026-09-07T19:39:15+00:00
2022,PA,PA-08,2022-11-05,3,64243,1012,64243,,45577,13286,264,5066,apportioned,1,pa-dos,2026-09-07T19:39:15+00:00
2022,PA,PA-08,2022-11-06,2,64559,316,64559,,45788,13343,265,5114,apportioned,1,pa-dos,2026-09-07T19:39:15+00:00
2022,PA,PA-08,2022-11-07,1,68900,4341,68900,,48489,14448,296,5614,apportioned,1,pa-dos,2026-09-07T19:39:15+00:00
2022,PA,PA-08,2022-11-08,0,71330,2431,71330,,50012,15003,322,5937,apportioned,1,pa-dos,2026-09-07T19:39:15+00:00
2022,PA,PA-09,2022-08-31,69,1,1,1,,1,0,0,0,apportioned,1,pa-dos,2026-09-07T19:39:15+00:00
2022,PA,PA-09,2022-09-01,68,1,0,1,,1,0,0,0,apportioned,1,pa-dos,2026-09-07T19:39:15+00:00
2022,PA,PA-09,2022-09-02,67,1,0,1,,1,0,0,0,apportioned,1,pa-dos,2026-09-07T19:39:15+00:00
2022,PA,PA-09,2022-09-03,66,1,0,1,,1,0,0,0,apportioned,1,pa-dos,2026-09-07T19:39:15+00:00
2022,PA,PA-09,2022-09-04,65,1,0,1,,1,0,0,0,apportioned,1,pa-dos,2026-09-07T19:39:15+00:00
2022,PA,PA-09,2022-09-05,64,1,0,1,,1,0,0,0,apportioned,1,pa-dos,2026-09-07T19:39:15+00:00
2022,PA,PA-09,2022-09-06,63,1,0,1,,1,0,0,0,apportioned,1,pa-dos,2026-09-07T19:39:15+00:00
2022,PA,PA-09,2022-09-07,62,1,0,1,,1,0,0,0,apportioned,1,pa-dos,2026-09-07T19:39:15+00:00
2022,PA,PA-09,2022-09-08,61,1,0,1,,1,0,0,0,apportioned,1,pa-dos,2026-09-07T19:39:15+00:00
2022,PA,PA-09,2022-09-09,60,1,0,1,,1,0,0,0,apportioned,1,pa-dos,2026-09-07T19:39:15+00:00
2022,PA,PA-09,2022-09-10,59,1,0,1,,1,0,0,0,apportioned,1,pa-dos,2026-09-07T19:39:15+00:00
2022,PA,PA-09,2022-09-11,58,1,0,1,,1,0,0,0,apportioned,1,pa-dos,2026-09-07T19:39:15+00:00
2022,PA,PA-09,2022-09-12,57,1,0,1,,1,0,0,0,apportioned,1,pa-dos,2026-09-07T19:39:15+00:00
2022,PA,PA-09,2022-09-13,56,1,0,1,,1,0,0,0,apportioned,1,pa-dos,2026-09-07T19:39:15+00:00
2022,PA,PA-09,2022-09-14,55,2,0,2,,2,0,0,0,apportioned,1,pa-dos,2026-09-07T19:39:15+00:00
2022,PA,PA-09,2022-09-15,54,2,0,2,,2,0,0,0,apportioned,1,pa-dos,2026-09-07T19:39:15+00:00
2022,PA,PA-09,2022-09-16,53,2,0,2,,2,0,0,0,apportioned,1,pa-dos,2026-09-07T19:39:15+00:00
2022,PA,PA-09,2022-09-17,52,2,0,2,,2,0,0,0,apportioned,1,pa-dos,2026-09-07T19:39:15+00:00
2022,PA,PA-09,2022-09-18,51,2,0,2,,2,0,0,0,apportioned,1,pa-dos,2026-09-07T19:39:15+00:00
2022,PA,PA-09,2022-09-19,50,5,3,5,,5,0,0,0,apportioned,1,pa-dos,2026-09-07T19:39:15+00:00
2022,PA,PA-09,2022-09-20,49,8,3,8,,8,0,0,0,apportioned,1,pa-dos,2026-09-07T19:39:15+00:00
2022,PA,PA-09,2022-09-21,48,16,8,16,,10,5,0,1,apportioned,1,pa-dos,2026-09-07T19:39:15+00:00
2022,PA,PA-09,2022-09-22,47,23,7,23,,11,9,0,2,apportioned,1,pa-dos,2026-09-07T19:39:15+00:00
2022,PA,PA-09,2022-09-23,46,32,9,32,,14,15,0,3,apportioned,1,pa-dos,2026-09-07T19:39:15+00:00
2022,PA,PA-09,2022-09-24,45,32,0,32,,14,15,0,3,apportioned,1,pa-dos,2026-09-07T19:39:15+00:00
2022,PA,PA-09,2022-09-25,44,32,0,32,,14,15,0,3,apportioned,1,pa-dos,2026-09-07T19:39:15+00:00
2022,PA,PA-09,2022-09-26,43,270,238,270,,165,85,1,19,apportioned,1,pa-dos,2026-09-07T19:39:15+00:00
2022,PA,PA-09,2022-09-27,42,287,17,287,,171,93,1,22,apportioned,1,pa-dos,2026-09-07T19:39:15+00:00
2022,PA,PA-09,2022-09-28,41,425,138,425,,245,144,1,34,apportioned,1,pa-dos,2026-09-07T19:39:15+00:00
2022,PA,PA-09,2022-09-29,40,491,66,491,,291,163,1,36,apportioned,1,pa-dos,2026-09-07T19:39:15+00:00
2022,PA,PA-09,2022-09-30,39,569,78,569,,336,192,3,38,apportioned,1,pa-dos,2026-09-07T19:39:15+00:00
2022,PA,PA-09,2022-10-01,38,569,0,569,,336,192,3,38,apportioned,1,pa-dos,2026-09-07T19:39:15+00:00
2022,PA,PA-09,2022-10-02,37,569,0,569,,336,192,3,38,apportioned,1,pa-dos,2026-09-07T19:39:15+00:00
2022,PA,PA-09,2022-10-03,36,1220,651,1220,,741,385,7,84,apportioned,1,pa-dos,2026-09-07T19:39:15+00:00
2022,PA,PA-09,2022-10-04,35,1276,56,1276,,767,410,7,89,apportioned,1,pa-dos,2026-09-07T19:39:15+00:00
2022,PA,PA-09,2022-10-05,34,1657,382,1657,,976,566,8,105,apportioned,1,pa-dos,2026-09-07T19:39:15+00:00
2022,PA,PA-09,2022-10-06,33,1993,334,1993,,1179,674,9,127,apportioned,1,pa-dos,2026-09-07T19:39:15+00:00
2022,PA,PA-09,2022-10-07,32,2314,321,2314,,1377,780,10,143,apportioned,1,pa-dos,2026-09-07T19:39:15+00:00
2022,PA,PA-09,2022-10-08,31,2314,0,2314,,1377,780,10,143,apportioned,1,pa-dos,2026-09-07T19:39:15+00:00
2022,PA,PA-09,2022-10-09,30,2314,0,2314,,1377,780,10,143,apportioned,1,pa-dos,2026-09-07T19:39:15+00:00
2022,PA,PA-09,2022-10-10,29,2362,49,2362,,1407,796,10,146,apportioned,1,pa-dos,2026-09-07T19:39:15+00:00
2022,PA,PA-09,2022-10-11,28,3348,985,3348,,2004,1110,14,215,apportioned,1,pa-dos,2026-09-07T19:39:15+00:00
2022,PA,PA-09,2022-10-12,27,3493,145,3493,,2101,1147,14,225,apportioned,1,pa-dos,2026-09-07T19:39:15+00:00
2022,PA,PA-09,2022-10-13,26,4950,1458,4950,,2978,1617,19,331,apportioned,1,pa-dos,2026-09-07T19:39:15+00:00
2022,PA,PA-09,2022-10-14,25,5724,775,5724,,3461,1857,23,377,apportioned,1,pa-dos,2026-09-07T19:39:15+00:00
2022,PA,PA-09,2022-10-15,24,5938,213,5938,,3618,1899,24,391,apportioned,1,pa-dos,2026-09-07T19:39:15+00:00
2022,PA,PA-09,2022-10-16,23,5938,0,5938,,3618,1899,24,391,apportioned,1,pa-dos,2026-09-07T19:39:15+00:00
2022,PA,PA-09,2022-10-17,22,7981,2043,7981,,4844,2564,33,531,apportioned,1,pa-dos,2026-09-07T19:39:15+00:00
2022,PA,PA-09,2022-10-18,21,9093,1111,9093,,5615,2829,40,600,apportioned,1,pa-dos,2026-09-07T19:39:15+00:00
2022,PA,PA-09,2022-10-19,20,11865,2773,11865,,7471,3545,56,785,apportioned,1,pa-dos,2026-09-07T19:39:15+00:00
2022,PA,PA-09,2022-10-20,19,16460,4596,16460,,10590,4742,76,1039,apportioned,1,pa-dos,2026-09-07T19:39:15+00:00
2022,PA,PA-09,2022-10-21,18,18804,2344,18804,,12091,5418,86,1196,apportioned,1,pa-dos,2026-09-07T19:39:15+00:00
2022,PA,PA-09,2022-10-22,17,19366,562,19366,,12496,5532,90,1233,apportioned,1,pa-dos,2026-09-07T19:39:15+00:00
2022,PA,PA-09,2022-10-23,16,19366,0,19366,,12496,5532,90,1233,apportioned,1,pa-dos,2026-09-07T19:39:15+00:00
2022,PA,PA-09,2022-10-24,15,22685,3319,22685,,14456,6622,105,1484,apportioned,1,pa-dos,2026-09-07T19:39:15+00:00
2022,PA,PA-09,2022-10-25,14,24847,2162,24847,,15822,7251,117,1638,apportioned,1,pa-dos,2026-09-07T19:39:15+00:00
2022,PA,PA-09,2022-10-26,13,27053,2207,27053,,17154,7946,125,1809,apportioned,1,pa-dos,2026-09-07T19:39:15+00:00
2022,PA,PA-09,2022-10-27,12,31168,4114,31168,,19625,9277,149,2095,apportioned,1,pa-dos,2026-09-07T19:39:15+00:00
2022,PA,PA-09,2022-10-28,11,33330,2163,33330,,20785,10087,155,2278,apportioned,1,pa-dos,2026-09-07T19:39:15+00:00
2022,PA,PA-09,2022-10-29,10,34482,1152,34482,,21459,10462,160,2376,apportioned,1,pa-dos,2026-09-07T19:39:15+00:00
2022,PA,PA-09,2022-10-30,9,34484,2,34484,,21459,10463,160,2377,apportioned,1,pa-dos,2026-09-07T19:39:15+00:00
2022,PA,PA-09,2022-10-31,8,37683,3199,37683,,23162,11651,186,2656,apportioned,1,pa-dos,2026-09-07T19:39:15+00:00
2022,PA,PA-09,2022-11-01,7,39992,2310,39992,,24356,12469,205,2935,apportioned,1,pa-dos,2026-09-07T19:39:15+00:00
2022,PA,PA-09,2022-11-02,6,42133,2141,42133,,25406,13313,221,3161,apportioned,1,pa-dos,2026-09-07T19:39:15+00:00
2022,PA,PA-09,2022-11-03,5,44557,2424,44557,,26701,14156,238,3429,apportioned,1,pa-dos,2026-09-07T19:39:15+00:00
2022,PA,PA-09,2022-11-04,4,46618,2060,46618,,27781,14861,260,3681,apportioned,1,pa-dos,2026-09-07T19:39:15+00:00
2022,PA,PA-09,2022-11-05,3,47434,817,47434,,28227,15140,265,3766,apportioned,1,pa-dos,2026-09-07T19:39:15+00:00
2022,PA,PA-09,2022-11-06,2,47458,24,47458,,28242,15147,265,3768,apportioned,1,pa-dos,2026-09-07T19:39:15+00:00
2022,PA,PA-09,2022-11-07,1,50440,2982,50440,,29728,16235,291,4149,apportioned,1,pa-dos,2026-09-07T19:39:15+00:00
2022,PA,PA-09,2022-11-08,0,52167,1728,52167,,30696,16744,323,4367,apportioned,1,pa-dos,2026-09-07T19:39:15+00:00
2022,PA,PA-10,2022-09-09,60,6,6,6,,2,4,0,1,apportioned,1,pa-dos,2026-09-07T19:39:15+00:00
2022,PA,PA-10,2022-09-10,59,6,0,6,,2,4,0,1,apportioned,1,pa-dos,2026-09-07T19:39:15+00:00
2022,PA,PA-10,2022-09-11,58,6,0,6,,2,4,0,1,apportioned,1,pa-dos,2026-09-07T19:39:15+00:00
2022,PA,PA-10,2022-09-12,57,6,0,6,,2,4,0,1,apportioned,1,pa-dos,2026-09-07T19:39:15+00:00
2022,PA,PA-10,2022-09-13,56,8,2,8,,4,4,0,1,apportioned,1,pa-dos,2026-09-07T19:39:15+00:00
2022,PA,PA-10,2022-09-14,55,8,0,8,,4,4,0,1,apportioned,1,pa-dos,2026-09-07T19:39:15+00:00
2022,PA,PA-10,2022-09-15,54,8,0,8,,4,4,0,1,apportioned,1,pa-dos,2026-09-07T19:39:15+00:00
2022,PA,PA-10,2022-09-16,53,8,0,8,,4,4,0,1,apportioned,1,pa-dos,2026-09-07T19:39:15+00:00
2022,PA,PA-10,2022-09-17,52,8,0,8,,4,4,0,1,apportioned,1,pa-dos,2026-09-07T19:39:15+00:00
2022,PA,PA-10,2022-09-18,51,8,0,8,,4,4,0,1,apportioned,1,pa-dos,2026-09-07T19:39:15+00:00
2022,PA,PA-10,2022-09-19,50,16,7,16,,6,7,0,2,apportioned,1,pa-dos,2026-09-07T19:39:15+00:00
2022,PA,PA-10,2022-09-20,49,21,6,21,,10,8,0,3,apportioned,1,pa-dos,2026-09-07T19:39:15+00:00
2022,PA,PA-10,2022-09-21,48,22,1,22,,10,8,0,4,apportioned,1,pa-dos,2026-09-07T19:39:15+00:00
2022,PA,PA-10,2022-09-22,47,28,6,28,,14,10,0,4,apportioned,1,pa-dos,2026-09-07T19:39:15+00:00
2022,PA,PA-10,2022-09-23,46,28,0,28,,14,10,0,4,apportioned,1,pa-dos,2026-09-07T19:39:15+00:00
2022,PA,PA-10,2022-09-24,45,28,0,28,,14,10,0,4,apportioned,1,pa-dos,2026-09-07T19:39:15+00:00
2022,PA,PA-10,2022-09-25,44,28,0,28,,14,10,0,4,apportioned,1,pa-dos,2026-09-07T19:39:15+00:00
2022,PA,PA-10,2022-09-26,43,931,903,931,,656,183,6,85,apportioned,1,pa-dos,2026-09-07T19:39:15+00:00
2022,PA,PA-10,2022-09-27,42,1047,117,1047,,749,201,7,90,apportioned,1,pa-dos,2026-09-07T19:39:15+00:00
2022,PA,PA-10,2022-09-28,41,2663,1616,2663,,1909,526,14,214,apportioned,1,pa-dos,2026-09-07T19:39:15+00:00
2022,PA,PA-10,2022-09-29,40,3880,1217,3880,,2811,743,21,304,apportioned,1,pa-dos,2026-09-07T19:39:15+00:00
2022,PA,PA-10,2022-09-30,39,4766,886,4766,,3466,903,24,371,apportioned,1,pa-dos,2026-09-07T19:39:15+00:00
2022,PA,PA-10,2022-10-01,38,4766,0,4766,,3466,903,24,371,apportioned,1,pa-dos,2026-09-07T19:39:15+00:00
2022,PA,PA-10,2022-10-02,37,4766,0,4766,,3466,903,24,371,apportioned,1,pa-dos,2026-09-07T19:39:15+00:00
2022,PA,PA-10,2022-10-03,36,6391,1625,6391,,4662,1226,29,471,apportioned,1,pa-dos,2026-09-07T19:39:15+00:00
2022,PA,PA-10,2022-10-04,35,6485,95,6485,,4720,1247,29,484,apportioned,1,pa-dos,2026-09-07T19:39:15+00:00
2022,PA,PA-10,2022-10-05,34,7730,1245,7730,,5612,1490,34,590,apportioned,1,pa-dos,2026-09-07T19:39:15+00:00
2022,PA,PA-10,2022-10-06,33,8396,667,8396,,6074,1633,39,646,apportioned,1,pa-dos,2026-09-07T19:39:15+00:00
2022,PA,PA-10,2022-10-07,32,9355,958,9355,,6746,1831,44,730,apportioned,1,pa-dos,2026-09-07T19:39:15+00:00
2022,PA,PA-10,2022-10-08,31,9355,0,9355,,6746,1831,44,730,apportioned,1,pa-dos,2026-09-07T19:39:15+00:00
2022,PA,PA-10,2022-10-09,30,9399,45,9399,,6779,1841,44,732,apportioned,1,pa-dos,2026-09-07T19:39:15+00:00
2022,PA,PA-10,2022-10-10,29,9616,217,9616,,6925,1890,45,753,apportioned,1,pa-dos,2026-09-07T19:39:15+00:00
2022,PA,PA-10,2022-10-11,28,14107,4490,14107,,10001,2880,69,1152,apportioned,1,pa-dos,2026-09-07T19:39:15+00:00
2022,PA,PA-10,2022-10-12,27,17491,3384,17491,,12255,3733,83,1412,apportioned,1,pa-dos,2026-09-07T19:39:15+00:00
2022,PA,PA-10,2022-10-13,26,22318,4826,22318,,15404,4931,109,1864,apportioned,1,pa-dos,2026-09-07T19:39:15+00:00
2022,PA,PA-10,2022-10-14,25,26616,4297,26616,,18290,5994,129,2191,apportioned,1,pa-dos,2026-09-07T19:39:15+00:00
2022,PA,PA-10,2022-10-15,24,26618,3,26618,,18292,5995,129,2191,apportioned,1,pa-dos,2026-09-07T19:39:15+00:00
2022,PA,PA-10,2022-10-16,23,26618,0,26618,,18292,5995,129,2191,apportioned,1,pa-dos,2026-09-07T19:39:15+00:00
2022,PA,PA-10,2022-10-17,22,29490,2872,29490,,20181,6732,138,2427,apportioned,1,pa-dos,2026-09-07T19:39:15+00:00
2022,PA,PA-10,2022-10-18,21,31187,1697,31187,,21258,7185,145,2586,apportioned,1,pa-dos,2026-09-07T19:39:15+00:00
2022,PA,PA-10,2022-10-19,20,34270,3083,34270,,23240,7986,159,2870,apportioned,1,pa-dos,2026-09-07T19:39:15+00:00
2022,PA,PA-10,2022-10-20,19,37511,3241,37511,,25254,8831,174,3234,apportioned,1,pa-dos,2026-09-07T19:39:15+00:00
2022,PA,PA-10,2022-10-21,18,39493,1982,39493,,26479,9393,185,3417,apportioned,1,pa-dos,2026-09-07T19:39:15+00:00
2022,PA,PA-10,2022-10-22,17,39495,2,39495,,26479,9395,185,3417,apportioned,1,pa-dos,2026-09-07T19:39:15+00:00
2022,PA,PA-10,2022-10-23,16,39495,0,39495,,26479,9395,185,3417,apportioned,1,pa-dos,2026-09-07T19:39:15+00:00
2022,PA,PA-10,2022-10-24,15,42441,2946,42441,,28242,10253,203,3720,apportioned,1,pa-dos,2026-09-07T19:39:15+00:00
2022,PA,PA-10,2022-10-25,14,43894,1453,43894,,29121,10679,210,3861,apportioned,1,pa-dos,2026-09-07T19:39:15+00:00
2022,PA,PA-10,2022-10-26,13,46061,2168,46061,,30369,11330,222,4114,apportioned,1,pa-dos,2026-09-07T19:39:15+00:00
2022,PA,PA-10,2022-10-27,12,48573,2512,48573,,31800,12131,238,4376,apportioned,1,pa-dos,2026-09-07T19:39:15+00:00
2022,PA,PA-10,2022-10-28,11,50356,1783,50356,,32788,12691,246,4604,apportioned,1,pa-dos,2026-09-07T19:39:15+00:00
2022,PA,PA-10,2022-10-29,10,51306,950,51306,,33259,13044,254,4721,apportioned,1,pa-dos,2026-09-07T19:39:15+00:00
2022,PA,PA-10,2022-10-30,9,51309,3,51309,,33260,13046,254,4721,apportioned,1,pa-dos,2026-09-07T19:39:15+00:00
2022,PA,PA-10,2022-10-31,8,54806,3497,54806,,35164,14187,282,5144,apportioned,1,pa-dos,2026-09-07T19:39:15+00:00
2022,PA,PA-10,2022-11-01,7,55775,970,55775,,35724,14468,291,5263,apportioned,1,pa-dos,2026-09-07T19:39:15+00:00
2022,PA,PA-10,2022-11-02,6,58834,3058,58834,,37302,15448,316,5737,apportioned,1,pa-dos,2026-09-07T19:39:15+00:00
2022,PA,PA-10,2022-11-03,5,60997,2163,60997,,38509,16083,335,6037,apportioned,1,pa-dos,2026-09-07T19:39:15+00:00
2022,PA,PA-10,2022-11-04,4,61885,888,61885,,38966,16390,345,6151,apportioned,1,pa-dos,2026-09-07T19:39:15+00:00
2022,PA,PA-10,2022-11-05,3,63024,1139,63024,,39624,16691,355,6320,apportioned,1,pa-dos,2026-09-07T19:39:15+00:00
2022,PA,PA-10,2022-11-06,2,63024,0,63024,,39624,16691,355,6320,apportioned,1,pa-dos,2026-09-07T19:39:15+00:00
2022,PA,PA-10,2022-11-07,1,65822,2798,65822,,41185,17489,387,6724,apportioned,1,pa-dos,2026-09-07T19:39:15+00:00
2022,PA,PA-10,2022-11-08,0,67949,2127,67949,,42420,17998,411,7084,apportioned,1,pa-dos,2026-09-07T19:39:15+00:00
2022,PA,PA-11,2022-09-23,46,2,2,2,,0,2,0,0,apportioned,1,pa-dos,2026-09-07T19:39:15+00:00
2022,PA,PA-11,2022-09-24,45,2,0,2,,0,2,0,0,apportioned,1,pa-dos,2026-09-07T19:39:15+00:00
2022,PA,PA-11,2022-09-25,44,2,0,2,,0,2,0,0,apportioned,1,pa-dos,2026-09-07T19:39:15+00:00
2022,PA,PA-11,2022-09-26,43,2,0,2,,0,2,0,0,apportioned,1,pa-dos,2026-09-07T19:39:15+00:00
2022,PA,PA-11,2022-09-27,42,2,0,2,,0,2,0,0,apportioned,1,pa-dos,2026-09-07T19:39:15+00:00
2022,PA,PA-11,2022-09-28,41,3,1,3,,1,2,0,0,apportioned,1,pa-dos,2026-09-07T19:39:15+00:00
2022,PA,PA-11,2022-09-29,40,5,2,5,,3,2,0,0,apportioned,1,pa-dos,2026-09-07T19:39:15+00:00
2022,PA,PA-11,2022-09-30,39,14,9,14,,6,2,0,6,apportioned,1,pa-dos,2026-09-07T19:39:15+00:00
2022,PA,PA-11,2022-10-01,38,14,0,14,,6,2,0,6,apportioned,1,pa-dos,2026-09-07T19:39:15+00:00
2022,PA,PA-11,2022-10-02,37,14,0,14,,6,2,0,6,apportioned,1,pa-dos,2026-09-07T19:39:15+00:00
2022,PA,PA-11,2022-10-03,36,967,953,967,,565,302,8,92,apportioned,1,pa-dos,2026-09-07T19:39:15+00:00
2022,PA,PA-11,2022-10-04,35,1067,99,1067,,638,321,8,100,apportioned,1,pa-dos,2026-09-07T19:39:15+00:00
2022,PA,PA-11,2022-10-05,34,5627,4560,5627,,3524,1560,33,506,apportioned,1,pa-dos,2026-09-07T19:39:15+00:00
2022,PA,PA-11,2022-10-06,33,7687,2059,7687,,4862,2084,44,689,apportioned,1,pa-dos,2026-09-07T19:39:15+00:00
2022,PA,PA-11,2022-10-07,32,9858,2172,9858,,6281,2651,55,865,apportioned,1,pa-dos,2026-09-07T19:39:15+00:00
2022,PA,PA-11,2022-10-08,31,9858,0,9858,,6281,2651,55,865,apportioned,1,pa-dos,2026-09-07T19:39:15+00:00
2022,PA,PA-11,2022-10-09,30,9902,43,9902,,6313,2661,55,866,apportioned,1,pa-dos,2026-09-07T19:39:15+00:00
2022,PA,PA-11,2022-10-10,29,9902,0,9902,,6313,2661,55,866,apportioned,1,pa-dos,2026-09-07T19:39:15+00:00
2022,PA,PA-11,2022-10-11,28,13235,3334,13235,,8475,3521,70,1162,apportioned,1,pa-dos,2026-09-07T19:39:15+00:00
2022,PA,PA-11,2022-10-12,27,16827,3592,16827,,10858,4421,81,1458,apportioned,1,pa-dos,2026-09-07T19:39:15+00:00
2022,PA,PA-11,2022-10-13,26,20174,3347,20174,,13031,5283,95,1755,apportioned,1,pa-dos,2026-09-07T19:39:15+00:00
2022,PA,PA-11,2022-10-14,25,23733,3560,23733,,15312,6228,114,2067,apportioned,1,pa-dos,2026-09-07T19:39:15+00:00
2022,PA,PA-11,2022-10-15,24,23733,0,23733,,15312,6228,114,2067,apportioned,1,pa-dos,2026-09-07T19:39:15+00:00
2022,PA,PA-11,2022-10-16,23,23733,0,23733,,15312,6228,114,2067,apportioned,1,pa-dos,2026-09-07T19:39:15+00:00
2022,PA,PA-11,2022-10-17,22,27040,3307,27040,,17397,7100,130,2398,apportioned,1,pa-dos,2026-09-07T19:39:15+00:00
2022,PA,PA-11,2022-10-18,21,27271,231,27271,,17546,7165,131,2413,apportioned,1,pa-dos,2026-09-07T19:39:15+00:00
2022,PA,PA-11,2022-10-19,20,29922,2651,29922,,19239,7825,144,2697,apportioned,1,pa-dos,2026-09-07T19:39:15+00:00
2022,PA,PA-11,2022-10-20,19,32608,2686,32608,,20921,8554,163,2952,apportioned,1,pa-dos,2026-09-07T19:39:15+00:00
2022,PA,PA-11,2022-10-21,18,34045,1437,34045,,21801,8973,171,3081,apportioned,1,pa-dos,2026-09-07T19:39:15+00:00
2022,PA,PA-11,2022-10-22,17,34884,839,34884,,22257,9261,174,3173,apportioned,1,pa-dos,2026-09-07T19:39:15+00:00
2022,PA,PA-11,2022-10-23,16,34884,0,34884,,22257,9261,174,3173,apportioned,1,pa-dos,2026-09-07T19:39:15+00:00
2022,PA,PA-11,2022-10-24,15,36418,1534,36418,,23166,9693,179,3359,apportioned,1,pa-dos,2026-09-07T19:39:15+00:00
2022,PA,PA-11,2022-10-25,14,37523,1105,37523,,23833,10014,183,3471,apportioned,1,pa-dos,2026-09-07T19:39:15+00:00
2022,PA,PA-11,2022-10-26,13,39221,1697,39221,,24825,10494,191,3685,apportioned,1,pa-dos,2026-09-07T19:39:15+00:00
2022,PA,PA-11,2022-10-27,12,41454,2233,41454,,25958,11301,206,3962,apportioned,1,pa-dos,2026-09-07T19:39:15+00:00
2022,PA,PA-11,2022-10-28,11,43045,1591,43045,,26779,11866,215,4157,apportioned,1,pa-dos,2026-09-07T19:39:15+00:00
2022,PA,PA-11,2022-10-29,10,43473,428,43473,,26988,12030,218,4210,apportioned,1,pa-dos,2026-09-07T19:39:15+00:00
2022,PA,PA-11,2022-10-30,9,43475,2,43475,,26989,12031,218,4210,apportioned,1,pa-dos,2026-09-07T19:39:15+00:00
2022,PA,PA-11,2022-10-31,8,47510,4035,47510,,28969,13534,249,4730,apportioned,1,pa-dos,2026-09-07T19:39:15+00:00
2022,PA,PA-11,2022-11-01,7,48018,507,48018,,29239,13694,252,4804,apportioned,1,pa-dos,2026-09-07T19:39:15+00:00
2022,PA,PA-11,2022-11-02,6,51494,3477,51494,,30870,15000,284,5308,apportioned,1,pa-dos,2026-09-07T19:39:15+00:00
2022,PA,PA-11,2022-11-03,5,53452,1958,53452,,31876,15647,304,5594,apportioned,1,pa-dos,2026-09-07T19:39:15+00:00
2022,PA,PA-11,2022-11-04,4,54220,768,54220,,32268,15921,311,5689,apportioned,1,pa-dos,2026-09-07T19:39:15+00:00
2022,PA,PA-11,2022-11-05,3,55465,1245,55465,,32897,16332,329,5876,apportioned,1,pa-dos,2026-09-07T19:39:15+00:00
2022,PA,PA-11,2022-11-06,2,55465,0,55465,,32897,16332,329,5876,apportioned,1,pa-dos,2026-09-07T19:39:15+00:00
2022,PA,PA-11,2022-11-07,1,57681,2216,57681,,34011,17058,358,6220,apportioned,1,pa-dos,2026-09-07T19:39:15+00:00
2022,PA,PA-11,2022-11-08,0,59706,2025,59706,,35108,17631,382,6549,apportioned,1,pa-dos,2026-09-07T19:39:15+00:00
2022,PA,PA-12,2022-09-30,39,0,0,0,,0,0,0,0,apportioned,1,pa-dos,2026-09-07T19:39:15+00:00
2022,PA,PA-12,2022-10-01,38,0,0,0,,0,0,0,0,apportioned,1,pa-dos,2026-09-07T19:39:15+00:00
2022,PA,PA-12,2022-10-02,37,0,0,0,,0,0,0,0,apportioned,1,pa-dos,2026-09-07T19:39:15+00:00
2022,PA,PA-12,2022-10-03,36,0,0,0,,0,0,0,0,apportioned,1,pa-dos,2026-09-07T19:39:15+00:00
2022,PA,PA-12,2022-10-04,35,7,7,7,,5,1,0,0,apportioned,1,pa-dos,2026-09-07T19:39:15+00:00
2022,PA,PA-12,2022-10-05,34,308,300,308,,230,59,0,17,apportioned,1,pa-dos,2026-09-07T19:39:15+00:00
2022,PA,PA-12,2022-10-06,33,2974,2666,2974,,2424,410,5,133,apportioned,1,pa-dos,2026-09-07T19:39:15+00:00
2022,PA,PA-12,2022-10-07,32,6656,3682,6656,,5459,896,12,289,apportioned,1,pa-dos,2026-09-07T19:39:15+00:00
2022,PA,PA-12,2022-10-08,31,6656,0,6656,,5459,896,12,289,apportioned,1,pa-dos,2026-09-07T19:39:15+00:00
2022,PA,PA-12,2022-10-09,30,6656,0,6656,,5459,896,12,289,apportioned,1,pa-dos,2026-09-07T19:39:15+00:00
2022,PA,PA-12,2022-10-10,29,6656,0,6656,,5459,896,12,289,apportioned,1,pa-dos,2026-09-07T19:39:15+00:00
2022,PA,PA-12,2022-10-11,28,13805,7149,13805,,11303,1739,39,721,apportioned,1,pa-dos,2026-09-07T19:39:15+00:00
2022,PA,PA-12,2022-10-12,27,18251,4446,18251,,14893,2298,58,997,apportioned,1,pa-dos,2026-09-07T19:39:15+00:00
2022,PA,PA-12,2022-10-13,26,26742,8491,26742,,21766,3307,92,1570,apportioned,1,pa-dos,2026-09-07T19:39:15+00:00
2022,PA,PA-12,2022-10-14,25,33317,6575,33317,,26975,4259,119,1957,apportioned,1,pa-dos,2026-09-07T19:39:15+00:00
2022,PA,PA-12,2022-10-15,24,33317,0,33317,,26975,4259,119,1957,apportioned,1,pa-dos,2026-09-07T19:39:15+00:00
2022,PA,PA-12,2022-10-16,23,33317,0,33317,,26975,4259,119,1957,apportioned,1,pa-dos,2026-09-07T19:39:15+00:00
2022,PA,PA-12,2022-10-17,22,38745,5428,38745,,31217,5081,141,2297,apportioned,1,pa-dos,2026-09-07T19:39:15+00:00
2022,PA,PA-12,2022-10-18,21,42588,3842,42588,,34289,5588,151,2547,apportioned,1,pa-dos,2026-09-07T19:39:15+00:00
2022,PA,PA-12,2022-10-19,20,46133,3545,46133,,37025,6157,165,2773,apportioned,1,pa-dos,2026-09-07T19:39:15+00:00
2022,PA,PA-12,2022-10-20,19,49622,3489,49622,,39675,6718,181,3030,apportioned,1,pa-dos,2026-09-07T19:39:15+00:00
2022,PA,PA-12,2022-10-21,18,52178,2556,52178,,41597,7156,194,3213,apportioned,1,pa-dos,2026-09-07T19:39:15+00:00
2022,PA,PA-12,2022-10-22,17,52178,0,52178,,41597,7156,194,3213,apportioned,1,pa-dos,2026-09-07T19:39:15+00:00
2022,PA,PA-12,2022-10-23,16,52178,0,52178,,41598,7156,194,3213,apportioned,1,pa-dos,2026-09-07T19:39:15+00:00
2022,PA,PA-12,2022-10-24,15,56022,3843,56022,,44499,7782,205,3517,apportioned,1,pa-dos,2026-09-07T19:39:15+00:00
2022,PA,PA-12,2022-10-25,14,58676,2654,58676,,46472,8246,214,3722,apportioned,1,pa-dos,2026-09-07T19:39:15+00:00
2022,PA,PA-12,2022-10-26,13,62514,3838,62514,,49352,8889,225,4024,apportioned,1,pa-dos,2026-09-07T19:39:15+00:00
2022,PA,PA-12,2022-10-27,12,65425,2911,65425,,51440,9446,238,4278,apportioned,1,pa-dos,2026-09-07T19:39:15+00:00
2022,PA,PA-12,2022-10-28,11,67756,2331,67756,,53082,9927,251,4471,apportioned,1,pa-dos,2026-09-07T19:39:15+00:00
2022,PA,PA-12,2022-10-29,10,68381,625,68381,,53462,10112,253,4529,apportioned,1,pa-dos,2026-09-07T19:39:15+00:00
2022,PA,PA-12,2022-10-30,9,68565,184,68565,,53576,10163,254,4547,apportioned,1,pa-dos,2026-09-07T19:39:15+00:00
2022,PA,PA-12,2022-10-31,8,73243,4679,73243,,56949,10963,283,5020,apportioned,1,pa-dos,2026-09-07T19:39:15+00:00
2022,PA,PA-12,2022-11-01,7,75944,2701,75944,,58794,11514,298,5307,apportioned,1,pa-dos,2026-09-07T19:39:15+00:00
2022,PA,PA-12,2022-11-02,6,78931,2988,78931,,60789,12147,319,5643,apportioned,1,pa-dos,2026-09-07T19:39:15+00:00
2022,PA,PA-12,2022-11-03,5,82194,3262,82194,,62955,12827,340,6037,apportioned,1,pa-dos,2026-09-07T19:39:15+00:00
2022,PA,PA-12,2022-11-04,4,84772,2579,84772,,64652,13363,362,6360,apportioned,1,pa-dos,2026-09-07T19:39:15+00:00
2022,PA,PA-12,2022-11-05,3,86521,1748,86521,,65824,13708,372,6579,apportioned,1,pa-dos,2026-09-07T19:39:15+00:00
2022,PA,PA-12,2022-11-06,2,86627,106,86627,,65885,13742,374,6590,apportioned,1,pa-dos,2026-09-07T19:39:15+00:00
2022,PA,PA-12,2022-11-07,1,89035,2408,89035,,67490,14193,397,6916,apportioned,1,pa-dos,2026-09-07T19:39:15+00:00
2022,PA,PA-12,2022-11-08,0,92398,3364,92398,,69705,14829,430,7393,apportioned,1,pa-dos,2026-09-07T19:39:15+00:00
2022,PA,PA-13,2022-09-09,60,1,1,1,,0,0,0,0,apportioned,1,pa-dos,2026-09-07T19:39:15+00:00
2022,PA,PA-13,2022-09-10,59,1,0,1,,0,0,0,0,apportioned,1,pa-dos,2026-09-07T19:39:15+00:00
2022,PA,PA-13,2022-09-11,58,1,0,1,,0,0,0,0,apportioned,1,pa-dos,2026-09-07T19:39:15+00:00
2022,PA,PA-13,2022-09-12,57,2,1,2,,0,0,0,1,apportioned,1,pa-dos,2026-09-07T19:39:15+00:00
2022,PA,PA-13,2022-09-13,56,2,0,2,,0,0,0,1,apportioned,1,pa-dos,2026-09-07T19:39:15+00:00
2022,PA,PA-13,2022-09-14,55,2,0,2,,0,0,0,1,apportioned,1,pa-dos,2026-09-07T19:39:15+00:00
2022,PA,PA-13,2022-09-15,54,2,0,2,,0,0,0,1,apportioned,1,pa-dos,2026-09-07T19:39:15+00:00
2022,PA,PA-13,2022-09-16,53,2,0,2,,0,0,0,1,apportioned,1,pa-dos,2026-09-07T19:39:15+00:00
2022,PA,PA-13,2022-09-17,52,2,0,2,,0,0,0,1,apportioned,1,pa-dos,2026-09-07T19:39:15+00:00
2022,PA,PA-13,2022-09-18,51,2,0,2,,0,0,0,1,apportioned,1,pa-dos,2026-09-07T19:39:15+00:00
2022,PA,PA-13,2022-09-19,50,2,1,2,,1,1,0,1,apportioned,1,pa-dos,2026-09-07T19:39:15+00:00
2022,PA,PA-13,2022-09-20,49,3,0,3,,1,1,0,1,apportioned,1,pa-dos,2026-09-07T19:39:15+00:00
2022,PA,PA-13,2022-09-21,48,3,0,3,,1,1,0,1,apportioned,1,pa-dos,2026-09-07T19:39:15+00:00
2022,PA,PA-13,2022-09-22,47,3,0,3,,1,1,0,1,apportioned,1,pa-dos,2026-09-07T19:39:15+00:00
2022,PA,PA-13,2022-09-23,46,6,3,6,,2,2,0,2,apportioned,1,pa-dos,2026-09-07T19:39:15+00:00
2022,PA,PA-13,2022-09-24,45,7,1,7,,2,3,0,2,apportioned,1,pa-dos,2026-09-07T19:39:15+00:00
2022,PA,PA-13,2022-09-25,44,7,0,7,,2,3,0,2,apportioned,1,pa-dos,2026-09-07T19:39:15+00:00
2022,PA,PA-13,2022-09-26,43,10,3,10,,3,5,0,2,apportioned,1,pa-dos,2026-09-07T19:39:15+00:00
2022,PA,PA-13,2022-09-27,42,18,7,18,,4,11,0,2,apportioned,1,pa-dos,2026-09-07T19:39:15+00:00
2022,PA,PA-13,2022-09-28,41,29,11,29,,5,21,0,2,apportioned,1,pa-dos,2026-09-07T19:39:15+00:00
2022,PA,PA-13,2022-09-29,40,42,13,42,,8,31,0,2,apportioned,1,pa-dos,2026-09-07T19:39:15+00:00
2022,PA,PA-13,2022-09-30,39,50,8,50,,11,36,0,2,apportioned,1,pa-dos,2026-09-07T19:39:15+00:00
2022,PA,PA-13,2022-10-01,38,50,0,50,,11,36,0,2,apportioned,1,pa-dos,2026-09-07T19:39:15+00:00
2022,PA,PA-13,2022-10-02,37,50,0,50,,11,36,0,2,apportioned,1,pa-dos,2026-09-07T19:39:15+00:00
2022,PA,PA-13,2022-10-03,36,76,26,76,,21,52,0,2,apportioned,1,pa-dos,2026-09-07T19:39:15+00:00
2022,PA,PA-13,2022-10-04,35,171,95,171,,63,102,0,7,apportioned,1,pa-dos,2026-09-07T19:39:15+00:00
2022,PA,PA-13,2022-10-05,34,223,52,223,,85,127,0,11,apportioned,1,pa-dos,2026-09-07T19:39:15+00:00
2022,PA,PA-13,2022-10-06,33,312,88,312,,134,160,0,18,apportioned,1,pa-dos,2026-09-07T19:39:15+00:00
2022,PA,PA-13,2022-10-07,32,503,191,503,,241,227,1,33,apportioned,1,pa-dos,2026-09-07T19:39:15+00:00
2022,PA,PA-13,2022-10-08,31,503,0,503,,241,227,1,33,apportioned,1,pa-dos,2026-09-07T19:39:15+00:00
2022,PA,PA-13,2022-10-09,30,503,0,503,,241,227,1,33,apportioned,1,pa-dos,2026-09-07T19:39:15+00:00
2022,PA,PA-13,2022-10-10,29,602,99,602,,304,259,2,36,apportioned,1,pa-dos,2026-09-07T19:39:15+00:00
2022,PA,PA-13,2022-10-11,28,4093,3492,4093,,2427,1336,18,311,apportioned,1,pa-dos,2026-09-07T19:39:15+00:00
2022,PA,PA-13,2022-10-12,27,4782,689,4782,,2825,1587,22,348,apportioned,1,pa-dos,2026-09-07T19:39:15+00:00
2022,PA,PA-13,2022-10-13,26,9583,4801,9583,,5998,2948,34,601,apportioned,1,pa-dos,2026-09-07T19:39:15+00:00
2022,PA,PA-13,2022-10-14,25,12619,3036,12619,,7805,3947,45,819,apportioned,1,pa-dos,2026-09-07T19:39:15+00:00
2022,PA,PA-13,2022-10-15,24,12627,7,12627,,7809,3950,45,819,apportioned,1,pa-dos,2026-09-07T19:39:15+00:00
2022,PA,PA-13,2022-10-16,23,12627,0,12627,,7809,3950,45,819,apportioned,1,pa-dos,2026-09-07T19:39:15+00:00
2022,PA,PA-13,2022-10-17,22,16312,3685,16312,,10191,4985,66,1063,apportioned,1,pa-dos,2026-09-07T19:39:15+00:00
2022,PA,PA-13,2022-10-18,21,17611,1299,17611,,10960,5408,71,1165,apportioned,1,pa-dos,2026-09-07T19:39:15+00:00
2022,PA,PA-13,2022-10-19,20,20851,3240,20851,,12978,6414,82,1368,apportioned,1,pa-dos,2026-09-07T19:39:15+00:00
2022,PA,PA-13,2022-10-20,19,23871,3021,23871,,14769,7399,101,1587,apportioned,1,pa-dos,2026-09-07T19:39:15+00:00
2022,PA,PA-13,2022-10-21,18,26614,2743,26614,,16396,8321,109,1773,apportioned,1,pa-dos,2026-09-07T19:39:15+00:00
2022,PA,PA-13,2022-10-22,17,26614,0,26614,,16396,8321,109,1773,apportioned,1,pa-dos,2026-09-07T19:39:15+00:00
2022,PA,PA-13,2022-10-23,16,26614,0,26614,,16396,8321,109,1773,apportioned,1,pa-dos,2026-09-07T19:39:15+00:00
2022,PA,PA-13,2022-10-24,15,31638,5023,31638,,19287,10019,145,2171,apportioned,1,pa-dos,2026-09-07T19:39:15+00:00
2022,PA,PA-13,2022-10-25,14,32268,630,32268,,19644,10244,147,2215,apportioned,1,pa-dos,2026-09-07T19:39:15+00:00
2022,PA,PA-13,2022-10-26,13,35248,2980,35248,,21215,11388,164,2462,apportioned,1,pa-dos,2026-09-07T19:39:15+00:00
2022,PA,PA-13,2022-10-27,12,37664,2417,37664,,22415,12406,183,2641,apportioned,1,pa-dos,2026-09-07T19:39:15+00:00
2022,PA,PA-13,2022-10-28,11,39780,2116,39780,,23426,13306,193,2832,apportioned,1,pa-dos,2026-09-07T19:39:15+00:00
2022,PA,PA-13,2022-10-29,10,39825,45,39825,,23449,13323,193,2837,apportioned,1,pa-dos,2026-09-07T19:39:15+00:00
2022,PA,PA-13,2022-10-30,9,39825,0,39825,,23449,13323,193,2837,apportioned,1,pa-dos,2026-09-07T19:39:15+00:00
2022,PA,PA-13,2022-10-31,8,43374,3549,43374,,25146,14818,212,3172,apportioned,1,pa-dos,2026-09-07T19:39:15+00:00
2022,PA,PA-13,2022-11-01,7,44955,1580,44955,,25840,15557,222,3309,apportioned,1,pa-dos,2026-09-07T19:39:15+00:00
2022,PA,PA-13,2022-11-02,6,47512,2557,47512,,26983,16652,239,3610,apportioned,1,pa-dos,2026-09-07T19:39:15+00:00
2022,PA,PA-13,2022-11-03,5,49315,1803,49315,,27812,17409,248,3816,apportioned,1,pa-dos,2026-09-07T19:39:15+00:00
2022,PA,PA-13,2022-11-04,4,50804,1489,50804,,28471,18035,260,4008,apportioned,1,pa-dos,2026-09-07T19:39:15+00:00
2022,PA,PA-13,2022-11-05,3,50980,176,50980,,28546,18101,264,4039,apportioned,1,pa-dos,2026-09-07T19:39:15+00:00
2022,PA,PA-13,2022-11-06,2,50981,1,50981,,28547,18101,264,4039,apportioned,1,pa-dos,2026-09-07T19:39:15+00:00
2022,PA,PA-13,2022-11-07,1,53274,2292,53274,,29519,19125,285,4314,apportioned,1,pa-dos,2026-09-07T19:39:15+00:00
2022,PA,PA-13,2022-11-08,0,54753,1480,54753,,30288,19630,304,4499,apportioned,1,pa-dos,2026-09-07T19:39:15+00:00
2022,PA,PA-14,2022-09-27,42,3,3,3,,2,1,0,0,apportioned,1,pa-dos,2026-09-07T19:39:15+00:00
2022,PA,PA-14,2022-09-28,41,6,4,6,,4,3,0,0,apportioned,1,pa-dos,2026-09-07T19:39:15+00:00
2022,PA,PA-14,2022-09-29,40,11,5,11,,4,8,0,0,apportioned,1,pa-dos,2026-09-07T19:39:15+00:00
2022,PA,PA-14,2022-09-30,39,17,6,17,,7,9,1,0,apportioned,1,pa-dos,2026-09-07T19:39:15+00:00
2022,PA,PA-14,2022-10-01,38,17,0,17,,7,9,1,0,apportioned,1,pa-dos,2026-09-07T19:39:15+00:00
2022,PA,PA-14,2022-10-02,37,17,0,17,,7,9,1,0,apportioned,1,pa-dos,2026-09-07T19:39:15+00:00
2022,PA,PA-14,2022-10-03,36,103,86,103,,62,37,1,4,apportioned,1,pa-dos,2026-09-07T19:39:15+00:00
2022,PA,PA-14,2022-10-04,35,159,56,159,,100,54,1,4,apportioned,1,pa-dos,2026-09-07T19:39:15+00:00
2022,PA,PA-14,2022-10-05,34,478,320,478,,300,159,1,19,apportioned,1,pa-dos,2026-09-07T19:39:15+00:00
2022,PA,PA-14,2022-10-06,33,1033,555,1033,,675,305,2,53,apportioned,1,pa-dos,2026-09-07T19:39:15+00:00
2022,PA,PA-14,2022-10-07,32,1415,382,1415,,927,408,2,78,apportioned,1,pa-dos,2026-09-07T19:39:15+00:00
2022,PA,PA-14,2022-10-08,31,1415,0,1415,,927,408,2,78,apportioned,1,pa-dos,2026-09-07T19:39:15+00:00
2022,PA,PA-14,2022-10-09,30,1415,0,1415,,927,408,2,78,apportioned,1,pa-dos,2026-09-07T19:39:15+00:00
2022,PA,PA-14,2022-10-10,29,1415,0,1415,,927,408,2,78,apportioned,1,pa-dos,2026-09-07T19:39:15+00:00
2022,PA,PA-14,2022-10-11,28,3833,2417,3833,,2712,901,10,210,apportioned,1,pa-dos,2026-09-07T19:39:15+00:00
2022,PA,PA-14,2022-10-12,27,4042,210,4042,,2853,955,10,223,apportioned,1,pa-dos,2026-09-07T19:39:15+00:00
2022,PA,PA-14,2022-10-13,26,6281,2239,6281,,4423,1517,16,327,apportioned,1,pa-dos,2026-09-07T19:39:15+00:00
2022,PA,PA-14,2022-10-14,25,11297,5016,11297,,8138,2564,33,560,apportioned,1,pa-dos,2026-09-07T19:39:15+00:00
2022,PA,PA-14,2022-10-15,24,11297,0,11297,,8138,2564,33,560,apportioned,1,pa-dos,2026-09-07T19:39:15+00:00
2022,PA,PA-14,2022-10-16,23,11297,0,11297,,8138,2564,33,560,apportioned,1,pa-dos,2026-09-07T19:39:15+00:00
2022,PA,PA-14,2022-10-17,22,16891,5594,16891,,12356,3689,46,797,apportioned,1,pa-dos,2026-09-07T19:39:15+00:00
2022,PA,PA-14,2022-10-18,21,20066,3176,20066,,14801,4280,53,927,apportioned,1,pa-dos,2026-09-07T19:39:15+00:00
2022,PA,PA-14,2022-10-19,20,25424,5358,25424,,18787,5396,70,1161,apportioned,1,pa-dos,2026-09-07T19:39:15+00:00
2022,PA,PA-14,2022-10-20,19,29081,3656,29081,,21507,6161,80,1324,apportioned,1,pa-dos,2026-09-07T19:39:15+00:00
2022,PA,PA-14,2022-10-21,18,32179,3098,32179,,23735,6825,98,1511,apportioned,1,pa-dos,2026-09-07T19:39:15+00:00
2022,PA,PA-14,2022-10-22,17,32179,0,32179,,23735,6825,98,1511,apportioned,1,pa-dos,2026-09-07T19:39:15+00:00
2022,PA,PA-14,2022-10-23,16,32180,1,32180,,23735,6825,98,1511,apportioned,1,pa-dos,2026-09-07T19:39:15+00:00
2022,PA,PA-14,2022-10-24,15,36940,4761,36940,,27065,7898,115,1850,apportioned,1,pa-dos,2026-09-07T19:39:15+00:00
2022,PA,PA-14,2022-10-25,14,38746,1805,38746,,28288,8334,118,1994,apportioned,1,pa-dos,2026-09-07T19:39:15+00:00
2022,PA,PA-14,2022-10-26,13,42673,3928,42673,,30927,9324,129,2280,apportioned,1,pa-dos,2026-09-07T19:39:15+00:00
2022,PA,PA-14,2022-10-27,12,44835,2161,44835,,32316,9947,139,2416,apportioned,1,pa-dos,2026-09-07T19:39:15+00:00
2022,PA,PA-14,2022-10-28,11,46090,1255,46090,,33064,10347,146,2518,apportioned,1,pa-dos,2026-09-07T19:39:15+00:00
2022,PA,PA-14,2022-10-29,10,47236,1146,47236,,33752,10699,151,2619,apportioned,1,pa-dos,2026-09-07T19:39:15+00:00
2022,PA,PA-14,2022-10-30,9,47600,364,47600,,33978,10801,153,2653,apportioned,1,pa-dos,2026-09-07T19:39:15+00:00
2022,PA,PA-14,2022-10-31,8,50766,3165,50766,,35870,11782,167,2927,apportioned,1,pa-dos,2026-09-07T19:39:15+00:00
2022,PA,PA-14,2022-11-01,7,52507,1742,52507,,36887,12321,180,3100,apportioned,1,pa-dos,2026-09-07T19:39:15+00:00
2022,PA,PA-14,2022-11-02,6,55128,2621,55128,,38391,13149,197,3370,apportioned,1,pa-dos,2026-09-07T19:39:15+00:00
2022,PA,PA-14,2022-11-03,5,57149,2022,57149,,39499,13839,210,3580,apportioned,1,pa-dos,2026-09-07T19:39:15+00:00
2022,PA,PA-14,2022-11-04,4,59047,1898,59047,,40518,14493,227,3789,apportioned,1,pa-dos,2026-09-07T19:39:15+00:00
2022,PA,PA-14,2022-11-05,3,59708,662,59708,,40847,14746,233,3862,apportioned,1,pa-dos,2026-09-07T19:39:15+00:00
2022,PA,PA-14,2022-11-06,2,59908,199,59908,,40956,14812,236,3882,apportioned,1,pa-dos,2026-09-07T19:39:15+00:00
2022,PA,PA-14,2022-11-07,1,62018,2111,62018,,42057,15564,251,4125,apportioned,1,pa-dos,2026-09-07T19:39:15+00:00
2022,PA,PA-14,2022-11-08,0,63680,1661,63680,,42968,16092,267,4331,apportioned,1,pa-dos,2026-09-07T19:39:15+00:00
2022,PA,PA-15,2022-09-09,60,1,1,1,,0,1,0,0,apportioned,1,pa-dos,2026-09-07T19:39:15+00:00
2022,PA,PA-15,2022-09-10,59,1,0,1,,0,1,0,0,apportioned,1,pa-dos,2026-09-07T19:39:15+00:00
2022,PA,PA-15,2022-09-11,58,1,0,1,,0,1,0,0,apportioned,1,pa-dos,2026-09-07T19:39:15+00:00
2022,PA,PA-15,2022-09-12,57,1,0,1,,0,1,0,0,apportioned,1,pa-dos,2026-09-07T19:39:15+00:00
2022,PA,PA-15,2022-09-13,56,1,0,1,,0,1,0,0,apportioned,1,pa-dos,2026-09-07T19:39:15+00:00
2022,PA,PA-15,2022-09-14,55,4,3,4,,0,4,0,0,apportioned,1,pa-dos,2026-09-07T19:39:15+00:00
2022,PA,PA-15,2022-09-15,54,4,0,4,,0,4,0,0,apportioned,1,pa-dos,2026-09-07T19:39:15+00:00
2022,PA,PA-15,2022-09-16,53,4,0,4,,0,4,0,0,apportioned,1,pa-dos,2026-09-07T19:39:15+00:00
2022,PA,PA-15,2022-09-17,52,4,0,4,,0,4,0,0,apportioned,1,pa-dos,2026-09-07T19:39:15+00:00
2022,PA,PA-15,2022-09-18,51,4,0,4,,0,4,0,0,apportioned,1,pa-dos,2026-09-07T19:39:15+00:00
2022,PA,PA-15,2022-09-19,50,4,0,4,,0,4,0,0,apportioned,1,pa-dos,2026-09-07T19:39:15+00:00
2022,PA,PA-15,2022-09-20,49,6,2,6,,2,4,0,0,apportioned,1,pa-dos,2026-09-07T19:39:15+00:00
2022,PA,PA-15,2022-09-21,48,6,0,6,,2,4,0,0,apportioned,1,pa-dos,2026-09-07T19:39:15+00:00
2022,PA,PA-15,2022-09-22,47,8,2,8,,2,6,0,0,apportioned,1,pa-dos,2026-09-07T19:39:15+00:00
2022,PA,PA-15,2022-09-23,46,8,0,8,,2,6,0,0,apportioned,1,pa-dos,2026-09-07T19:39:15+00:00
2022,PA,PA-15,2022-09-24,45,8,0,8,,2,6,0,0,apportioned,1,pa-dos,2026-09-07T19:39:15+00:00
2022,PA,PA-15,2022-09-25,44,8,0,8,,2,6,0,0,apportioned,1,pa-dos,2026-09-07T19:39:15+00:00
2022,PA,PA-15,2022-09-26,43,12,4,12,,2,10,0,0,apportioned,1,pa-dos,2026-09-07T19:39:15+00:00
2022,PA,PA-15,2022-09-27,42,15,3,15,,2,13,0,0,apportioned,1,pa-dos,2026-09-07T19:39:15+00:00
2022,PA,PA-15,2022-09-28,41,21,5,21,,3,17,0,0,apportioned,1,pa-dos,2026-09-07T19:39:15+00:00
2022,PA,PA-15,2022-09-29,40,36,15,36,,6,24,0,5,apportioned,1,pa-dos,2026-09-07T19:39:15+00:00
2022,PA,PA-15,2022-09-30,39,74,38,74,,22,43,2,7,apportioned,1,pa-dos,2026-09-07T19:39:15+00:00
2022,PA,PA-15,2022-10-01,38,74,0,74,,22,43,2,7,apportioned,1,pa-dos,2026-09-07T19:39:15+00:00
2022,PA,PA-15,2022-10-02,37,74,0,74,,22,43,2,7,apportioned,1,pa-dos,2026-09-07T19:39:15+00:00
2022,PA,PA-15,2022-10-03,36,334,260,334,,172,136,3,22,apportioned,1,pa-dos,2026-09-07T19:39:15+00:00
2022,PA,PA-15,2022-10-04,35,932,597,932,,554,313,5,60,apportioned,1,pa-dos,2026-09-07T19:39:15+00:00
2022,PA,PA-15,2022-10-05,34,1747,815,1747,,1056,579,8,103,apportioned,1,pa-dos,2026-09-07T19:39:15+00:00
2022,PA,PA-15,2022-10-06,33,2442,698,2442,,1477,825,10,128,apportioned,1,pa-dos,2026-09-07T19:39:15+00:00
2022,PA,PA-15,2022-10-07,32,3100,657,3100,,1865,1056,13,164,apportioned,1,pa-dos,2026-09-07T19:39:15+00:00
2022,PA,PA-15,2022-10-08,31,3100,0,3100,,1865,1056,13,164,apportioned,1,pa-dos,2026-09-07T19:39:15+00:00
2022,PA,PA-15,2022-10-09,30,3100,0,3100,,1865,1056,13,164,apportioned,1,pa-dos,2026-09-07T19:39:15+00:00
2022,PA,PA-15,2022-10-10,29,3512,411,3512,,2104,1202,14,189,apportioned,1,pa-dos,2026-09-07T19:39:15+00:00
2022,PA,PA-15,2022-10-11,28,5632,2121,5632,,3472,1825,20,310,apportioned,1,pa-dos,2026-09-07T19:39:15+00:00
2022,PA,PA-15,2022-10-12,27,6090,456,6090,,3738,1983,22,342,apportioned,1,pa-dos,2026-09-07T19:39:15+00:00
2022,PA,PA-15,2022-10-13,26,8571,2482,8571,,5265,2789,37,475,apportioned,1,pa-dos,2026-09-07T19:39:15+00:00
2022,PA,PA-15,2022-10-14,25,10620,2048,10620,,6513,3439,50,613,apportioned,1,pa-dos,2026-09-07T19:39:15+00:00
2022,PA,PA-15,2022-10-15,24,10620,0,10620,,6513,3439,50,613,apportioned,1,pa-dos,2026-09-07T19:39:15+00:00
2022,PA,PA-15,2022-10-16,23,10620,0,10620,,6513,3439,50,613,apportioned,1,pa-dos,2026-09-07T19:39:15+00:00
2022,PA,PA-15,2022-10-17,22,14711,4090,14711,,9107,4618,63,915,apportioned,1,pa-dos,2026-09-07T19:39:15+00:00
2022,PA,PA-15,2022-10-18,21,15679,969,15679,,9677,4943,68,984,apportioned,1,pa-dos,2026-09-07T19:39:15+00:00
2022,PA,PA-15,2022-10-19,20,18180,2500,18180,,11281,5667,78,1142,apportioned,1,pa-dos,2026-09-07T19:39:15+00:00
2022,PA,PA-15,2022-10-20,19,21548,3368,21548,,13489,6606,87,1354,apportioned,1,pa-dos,2026-09-07T19:39:15+00:00
2022,PA,PA-15,2022-10-21,18,23422,1874,23422,,14649,7182,97,1477,apportioned,1,pa-dos,2026-09-07T19:39:15+00:00
2022,PA,PA-15,2022-10-22,17,23422,0,23422,,14649,7182,97,1477,apportioned,1,pa-dos,2026-09-07T19:39:15+00:00
2022,PA,PA-15,2022-10-23,16,23422,0,23422,,14649,7182,97,1477,apportioned,1,pa-dos,2026-09-07T19:39:15+00:00
2022,PA,PA-15,2022-10-24,15,26978,3556,26978,,16794,8319,114,1733,apportioned,1,pa-dos,2026-09-07T19:39:15+00:00
2022,PA,PA-15,2022-10-25,14,28011,1034,28011,,17350,8701,121,1821,apportioned,1,pa-dos,2026-09-07T19:39:15+00:00
2022,PA,PA-15,2022-10-26,13,29787,1775,29787,,18299,9370,130,1970,apportioned,1,pa-dos,2026-09-07T19:39:15+00:00
2022,PA,PA-15,2022-10-27,12,32894,3107,32894,,20266,10183,142,2284,apportioned,1,pa-dos,2026-09-07T19:39:15+00:00
2022,PA,PA-15,2022-10-28,11,36005,3111,36005,,22141,11102,157,2588,apportioned,1,pa-dos,2026-09-07T19:39:15+00:00
2022,PA,PA-15,2022-10-29,10,36005,0,36005,,22141,11102,157,2588,apportioned,1,pa-dos,2026-09-07T19:39:15+00:00
2022,PA,PA-15,2022-10-30,9,36013,8,36013,,22146,11105,157,2588,apportioned,1,pa-dos,2026-09-07T19:39:15+00:00
2022,PA,PA-15,2022-10-31,8,40021,4008,40021,,24469,12323,179,3027,apportioned,1,pa-dos,2026-09-07T19:39:15+00:00
2022,PA,PA-15,2022-11-01,7,41286,1265,41286,,25145,12788,182,3146,apportioned,1,pa-dos,2026-09-07T19:39:15+00:00
2022,PA,PA-15,2022-11-02,6,43501,2215,43501,,26303,13599,201,3373,apportioned,1,pa-dos,2026-09-07T19:39:15+00:00
2022,PA,PA-15,2022-11-03,5,45600,2099,45600,,27383,14369,215,3607,apportioned,1,pa-dos,2026-09-07T19:39:15+00:00
2022,PA,PA-15,2022-11-04,4,47297,1696,47297,,28252,14979,226,3813,apportioned,1,pa-dos,2026-09-07T19:39:15+00:00
2022,PA,PA-15,2022-11-05,3,47340,43,47340,,28264,15000,227,3822,apportioned,1,pa-dos,2026-09-07T19:39:15+00:00
2022,PA,PA-15,2022-11-06,2,47370,30,47370,,28276,15014,227,3826,apportioned,1,pa-dos,2026-09-07T19:39:15+00:00
2022,PA,PA-15,2022-11-07,1,50687,3317,50687,,30093,16001,261,4300,apportioned,1,pa-dos,2026-09-07T19:39:15+00:00
2022,PA,PA-15,2022-11-08,0,52145,1458,52145,,30822,16501,282,4506,apportioned,1,pa-dos,2026-09-07T19:39:15+00:00
2022,PA,PA-16,2022-09-26,43,2,2,2,,0,2,0,0,apportioned,1,pa-dos,2026-09-07T19:39:15+00:00
2022,PA,PA-16,2022-09-27,42,5,3,5,,1,4,0,0,apportioned,1,pa-dos,2026-09-07T19:39:15+00:00
2022,PA,PA-16,2022-09-28,41,50,45,50,,17,31,0,2,apportioned,1,pa-dos,2026-09-07T19:39:15+00:00
2022,PA,PA-16,2022-09-29,40,70,20,70,,27,38,1,4,apportioned,1,pa-dos,2026-09-07T19:39:15+00:00
2022,PA,PA-16,2022-09-30,39,125,55,125,,53,64,1,7,apportioned,1,pa-dos,2026-09-07T19:39:15+00:00
2022,PA,PA-16,2022-10-01,38,125,0,125,,53,64,1,7,apportioned,1,pa-dos,2026-09-07T19:39:15+00:00
2022,PA,PA-16,2022-10-02,37,125,0,125,,53,64,1,7,apportioned,1,pa-dos,2026-09-07T19:39:15+00:00
2022,PA,PA-16,2022-10-03,36,380,255,380,,220,132,1,26,apportioned,1,pa-dos,2026-09-07T19:39:15+00:00
2022,PA,PA-16,2022-10-04,35,961,582,961,,610,282,4,64,apportioned,1,pa-dos,2026-09-07T19:39:15+00:00
2022,PA,PA-16,2022-10-05,34,1693,732,1693,,1091,482,4,115,apportioned,1,pa-dos,2026-09-07T19:39:15+00:00
2022,PA,PA-16,2022-10-06,33,2295,601,2295,,1458,678,9,149,apportioned,1,pa-dos,2026-09-07T19:39:15+00:00
2022,PA,PA-16,2022-10-07,32,2805,510,2805,,1791,831,10,170,apportioned,1,pa-dos,2026-09-07T19:39:15+00:00
2022,PA,PA-16,2022-10-08,31,2808,3,2808,,1792,832,10,171,apportioned,1,pa-dos,2026-09-07T19:39:15+00:00
2022,PA,PA-16,2022-10-09,30,2808,0,2808,,1792,832,10,171,apportioned,1,pa-dos,2026-09-07T19:39:15+00:00
2022,PA,PA-16,2022-10-10,29,2925,117,2925,,1883,850,10,179,apportioned,1,pa-dos,2026-09-07T19:39:15+00:00
2022,PA,PA-16,2022-10-11,28,4132,1206,4132,,2694,1180,14,243,apportioned,1,pa-dos,2026-09-07T19:39:15+00:00
2022,PA,PA-16,2022-10-12,27,4281,150,4281,,2775,1240,14,252,apportioned,1,pa-dos,2026-09-07T19:39:15+00:00
2022,PA,PA-16,2022-10-13,26,7140,2859,7140,,4892,1817,21,408,apportioned,1,pa-dos,2026-09-07T19:39:15+00:00
2022,PA,PA-16,2022-10-14,25,8210,1070,8210,,5666,2062,21,457,apportioned,1,pa-dos,2026-09-07T19:39:15+00:00
2022,PA,PA-16,2022-10-15,24,11758,3548,11758,,8450,2632,35,635,apportioned,1,pa-dos,2026-09-07T19:39:15+00:00
2022,PA,PA-16,2022-10-16,23,11758,0,11758,,8450,2632,35,635,apportioned,1,pa-dos,2026-09-07T19:39:15+00:00
2022,PA,PA-16,2022-10-17,22,17563,5806,17563,,12825,3744,57,931,apportioned,1,pa-dos,2026-09-07T19:39:15+00:00
2022,PA,PA-16,2022-10-18,21,19304,1741,19304,,14070,4126,66,1037,apportioned,1,pa-dos,2026-09-07T19:39:15+00:00
2022,PA,PA-16,2022-10-19,20,23918,4614,23918,,17459,5039,80,1332,apportioned,1,pa-dos,2026-09-07T19:39:15+00:00
2022,PA,PA-16,2022-10-20,19,25801,1883,25801,,18756,5531,83,1422,apportioned,1,pa-dos,2026-09-07T19:39:15+00:00
2022,PA,PA-16,2022-10-21,18,27894,2092,27894,,20222,6032,91,1538,apportioned,1,pa-dos,2026-09-07T19:39:15+00:00
2022,PA,PA-16,2022-10-22,17,28411,517,28411,,20632,6112,92,1562,apportioned,1,pa-dos,2026-09-07T19:39:15+00:00
2022,PA,PA-16,2022-10-23,16,28411,0,28411,,20632,6112,92,1562,apportioned,1,pa-dos,2026-09-07T19:39:15+00:00
2022,PA,PA-16,2022-10-24,15,31479,3069,31479,,22752,6848,98,1763,apportioned,1,pa-dos,2026-09-07T19:39:15+00:00
2022,PA,PA-16,2022-10-25,14,35191,3712,35191,,25259,7798,107,2011,apportioned,1,pa-dos,2026-09-07T19:39:15+00:00
2022,PA,PA-16,2022-10-26,13,38635,3444,38635,,27577,8648,122,2270,apportioned,1,pa-dos,2026-09-07T19:39:15+00:00
2022,PA,PA-16,2022-10-27,12,42252,3617,42252,,29991,9565,133,2543,apportioned,1,pa-dos,2026-09-07T19:39:15+00:00
2022,PA,PA-16,2022-10-28,11,44836,2585,44836,,31594,10325,143,2753,apportioned,1,pa-dos,2026-09-07T19:39:15+00:00
2022,PA,PA-16,2022-10-29,10,45434,598,45434,,32027,10459,144,2783,apportioned,1,pa-dos,2026-09-07T19:39:15+00:00
2022,PA,PA-16,2022-10-30,9,45434,0,45434,,32027,10459,144,2783,apportioned,1,pa-dos,2026-09-07T19:39:15+00:00
2022,PA,PA-16,2022-10-31,8,50057,4623,50057,,34752,11932,166,3182,apportioned,1,pa-dos,2026-09-07T19:39:15+00:00
2022,PA,PA-16,2022-11-01,7,53131,3074,53131,,36517,12934,181,3471,apportioned,1,pa-dos,2026-09-07T19:39:15+00:00
2022,PA,PA-16,2022-11-02,6,55524,2393,55524,,37800,13787,201,3708,apportioned,1,pa-dos,2026-09-07T19:39:15+00:00
2022,PA,PA-16,2022-11-03,5,57776,2252,57776,,38986,14632,214,3915,apportioned,1,pa-dos,2026-09-07T19:39:15+00:00
2022,PA,PA-16,2022-11-04,4,60445,2669,60445,,40499,15482,229,4203,apportioned,1,pa-dos,2026-09-07T19:39:15+00:00
2022,PA,PA-16,2022-11-05,3,61169,724,61169,,40956,15664,235,4281,apportioned,1,pa-dos,2026-09-07T19:39:15+00:00
2022,PA,PA-16,2022-11-06,2,61169,0,61169,,40956,15664,235,4281,apportioned,1,pa-dos,2026-09-07T19:39:15+00:00
2022,PA,PA-16,2022-11-07,1,65004,3836,65004,,42948,17030,262,4730,apportioned,1,pa-dos,2026-09-07T19:39:15+00:00
2022,PA,PA-16,2022-11-08,0,66779,1774,66779,,43988,17507,281,4968,apportioned,1,pa-dos,2026-09-07T19:39:15+00:00
2022,PA,PA-17,2022-09-28,41,2,2,2,,0,2,0,0,apportioned,1,pa-dos,2026-09-07T19:39:15+00:00
2022,PA,PA-17,2022-09-29,40,8,6,8,,0,8,0,0,apportioned,1,pa-dos,2026-09-07T19:39:15+00:00
2022,PA,PA-17,2022-09-30,39,17,9,17,,3,12,1,1,apportioned,1,pa-dos,2026-09-07T19:39:15+00:00
2022,PA,PA-17,2022-10-01,38,17,0,17,,3,12,1,1,apportioned,1,pa-dos,2026-09-07T19:39:15+00:00
2022,PA,PA-17,2022-10-02,37,17,0,17,,3,12,1,1,apportioned,1,pa-dos,2026-09-07T19:39:15+00:00
2022,PA,PA-17,2022-10-03,36,30,13,30,,7,18,1,4,apportioned,1,pa-dos,2026-09-07T19:39:15+00:00
2022,PA,PA-17,2022-10-04,35,93,63,93,,57,30,2,5,apportioned,1,pa-dos,2026-09-07T19:39:15+00:00
2022,PA,PA-17,2022-10-05,34,1268,1175,1268,,985,224,17,43,apportioned,1,pa-dos,2026-09-07T19:39:15+00:00
2022,PA,PA-17,2022-10-06,33,4618,3350,4618,,3737,670,31,180,apportioned,1,pa-dos,2026-09-07T19:39:15+00:00
2022,PA,PA-17,2022-10-07,32,8855,4238,8855,,7219,1243,41,352,apportioned,1,pa-dos,2026-09-07T19:39:15+00:00
2022,PA,PA-17,2022-10-08,31,8855,0,8855,,7219,1243,41,352,apportioned,1,pa-dos,2026-09-07T19:39:15+00:00
2022,PA,PA-17,2022-10-09,30,8855,0,8855,,7219,1243,41,352,apportioned,1,pa-dos,2026-09-07T19:39:15+00:00
2022,PA,PA-17,2022-10-10,29,8855,0,8855,,7219,1243,41,352,apportioned,1,pa-dos,2026-09-07T19:39:15+00:00
2022,PA,PA-17,2022-10-11,28,16110,7255,16110,,13161,2092,69,786,apportioned,1,pa-dos,2026-09-07T19:39:15+00:00
2022,PA,PA-17,2022-10-12,27,20633,4523,20633,,16807,2667,89,1068,apportioned,1,pa-dos,2026-09-07T19:39:15+00:00
2022,PA,PA-17,2022-10-13,26,32099,11466,32099,,26068,4086,165,1773,apportioned,1,pa-dos,2026-09-07T19:39:15+00:00
2022,PA,PA-17,2022-10-14,25,37833,5734,37833,,30693,4826,195,2112,apportioned,1,pa-dos,2026-09-07T19:39:15+00:00
2022,PA,PA-17,2022-10-15,24,37833,0,37833,,30693,4826,195,2112,apportioned,1,pa-dos,2026-09-07T19:39:15+00:00
2022,PA,PA-17,2022-10-16,23,37833,0,37833,,30693,4826,195,2112,apportioned,1,pa-dos,2026-09-07T19:39:15+00:00
2022,PA,PA-17,2022-10-17,22,42889,5056,42889,,34669,5552,224,2436,apportioned,1,pa-dos,2026-09-07T19:39:15+00:00
2022,PA,PA-17,2022-10-18,21,46122,3233,46122,,37277,5948,235,2650,apportioned,1,pa-dos,2026-09-07T19:39:15+00:00
2022,PA,PA-17,2022-10-19,20,49355,3233,49355,,39824,6413,251,2854,apportioned,1,pa-dos,2026-09-07T19:39:15+00:00
2022,PA,PA-17,2022-10-20,19,52827,3472,52827,,42469,6948,282,3115,apportioned,1,pa-dos,2026-09-07T19:39:15+00:00
2022,PA,PA-17,2022-10-21,18,55331,2505,55331,,44350,7368,306,3293,apportioned,1,pa-dos,2026-09-07T19:39:15+00:00
2022,PA,PA-17,2022-10-22,17,55331,0,55331,,44350,7368,306,3293,apportioned,1,pa-dos,2026-09-07T19:39:15+00:00
2022,PA,PA-17,2022-10-23,16,55331,0,55331,,44350,7368,306,3293,apportioned,1,pa-dos,2026-09-07T19:39:15+00:00
2022,PA,PA-17,2022-10-24,15,59208,3877,59208,,47318,7956,326,3591,apportioned,1,pa-dos,2026-09-07T19:39:15+00:00
2022,PA,PA-17,2022-10-25,14,61694,2486,61694,,49187,8374,340,3775,apportioned,1,pa-dos,2026-09-07T19:39:15+00:00
2022,PA,PA-17,2022-10-26,13,65456,3762,65456,,52035,8990,362,4050,apportioned,1,pa-dos,2026-09-07T19:39:15+00:00
2022,PA,PA-17,2022-10-27,12,68295,2839,68295,,54085,9514,379,4296,apportioned,1,pa-dos,2026-09-07T19:39:15+00:00
2022,PA,PA-17,2022-10-28,11,70913,2617,70913,,55936,10057,396,4501,apportioned,1,pa-dos,2026-09-07T19:39:15+00:00
2022,PA,PA-17,2022-10-29,10,70960,47,70960,,55970,10064,396,4507,apportioned,1,pa-dos,2026-09-07T19:39:15+00:00
2022,PA,PA-17,2022-10-30,9,70960,0,70960,,55970,10064,396,4507,apportioned,1,pa-dos,2026-09-07T19:39:15+00:00
2022,PA,PA-17,2022-10-31,8,76295,5335,76295,,59787,11027,442,5015,apportioned,1,pa-dos,2026-09-07T19:39:15+00:00
2022,PA,PA-17,2022-11-01,7,78905,2610,78905,,61569,11559,459,5291,apportioned,1,pa-dos,2026-09-07T19:39:15+00:00
2022,PA,PA-17,2022-11-02,6,82196,3290,82196,,63767,12260,499,5640,apportioned,1,pa-dos,2026-09-07T19:39:15+00:00
2022,PA,PA-17,2022-11-03,5,85591,3395,85591,,66025,12960,526,6048,apportioned,1,pa-dos,2026-09-07T19:39:15+00:00
2022,PA,PA-17,2022-11-04,4,88416,2825,88416,,67879,13549,561,6394,apportioned,1,pa-dos,2026-09-07T19:39:15+00:00
2022,PA,PA-17,2022-11-05,3,89973,1557,89973,,68960,13818,571,6591,apportioned,1,pa-dos,2026-09-07T19:39:15+00:00
2022,PA,PA-17,2022-11-06,2,89978,6,89978,,68965,13818,571,6591,apportioned,1,pa-dos,2026-09-07T19:39:15+00:00
2022,PA,PA-17,2022-11-07,1,92811,2832,92811,,70803,14398,609,6964,apportioned,1,pa-dos,2026-09-07T19:39:15+00:00
2022,PA,PA-17,2022-11-08,0,96173,3362,96173,,73057,14993,649,7435,apportioned,1,pa-dos,2026-09-07T19:39:15+00:00
2024,PA,PA-01,2024-09-26,40,2,2,2,,2,0,0,,apportioned,1,pa-dos,2026-09-06T15:28:01+00:00
2024,PA,PA-01,2024-09-27,39,45,43,45,,28,15,3,,apportioned,1,pa-dos,2026-09-06T15:28:01+00:00
2024,PA,PA-01,2024-09-28,38,45,0,45,,28,15,3,,apportioned,1,pa-dos,2026-09-06T15:28:01+00:00
2024,PA,PA-01,2024-09-29,37,45,0,45,,28,15,3,,apportioned,1,pa-dos,2026-09-06T15:28:01+00:00
2024,PA,PA-01,2024-09-30,36,1514,1468,1514,,1044,341,129,,apportioned,1,pa-dos,2026-09-06T15:28:01+00:00
2024,PA,PA-01,2024-10-01,35,1977,463,1977,,1364,443,171,,apportioned,1,pa-dos,2026-09-06T15:28:01+00:00
2024,PA,PA-01,2024-10-02,34,3076,1099,3076,,2095,705,276,,apportioned,1,pa-dos,2026-09-06T15:28:01+00:00
2024,PA,PA-01,2024-10-03,33,4011,935,4011,,2722,924,365,,apportioned,1,pa-dos,2026-09-06T15:28:01+00:00
2024,PA,PA-01,2024-10-04,32,4867,856,4867,,3279,1139,448,,apportioned,1,pa-dos,2026-09-06T15:28:01+00:00
2024,PA,PA-01,2024-10-05,31,4867,0,4867,,3279,1139,448,,apportioned,1,pa-dos,2026-09-06T15:28:01+00:00
2024,PA,PA-01,2024-10-06,30,5507,641,5507,,3786,1224,497,,apportioned,1,pa-dos,2026-09-06T15:28:01+00:00
2024,PA,PA-01,2024-10-07,29,10098,4591,10098,,6607,2564,927,,apportioned,1,pa-dos,2026-09-06T15:28:01+00:00
2024,PA,PA-01,2024-10-08,28,13073,2976,13073,,8722,3144,1208,,apportioned,1,pa-dos,2026-09-06T15:28:01+00:00
2024,PA,PA-01,2024-10-09,27,28419,15346,28419,,18918,6974,2527,,apportioned,1,pa-dos,2026-09-06T15:28:01+00:00
2024,PA,PA-01,2024-10-10,26,34311,5892,34311,,22798,8448,3065,,apportioned,1,pa-dos,2026-09-06T15:28:01+00:00
2024,PA,PA-01,2024-10-11,25,40737,6426,40737,,26805,10210,3723,,apportioned,1,pa-dos,2026-09-06T15:28:01+00:00
2024,PA,PA-01,2024-10-12,24,41091,354,41091,,27033,10292,3766,,apportioned,1,pa-dos,2026-09-06T15:28:01+00:00
2024,PA,PA-01,2024-10-13,23,41092,1,41092,,27034,10292,3766,,apportioned,1,pa-dos,2026-09-06T15:28:01+00:00
2024,PA,PA-01,2024-10-14,22,46775,5683,46775,,30338,12001,4435,,apportioned,1,pa-dos,2026-09-06T15:28:01+00:00
2024,PA,PA-01,2024-10-15,21,54880,8105,54880,,35178,14324,5378,,apportioned,1,pa-dos,2026-09-06T15:28:01+00:00
2024,PA,PA-01,2024-10-16,20,59440,4561,59440,,37510,16017,5913,,apportioned,1,pa-dos,2026-09-06T15:28:01+00:00
2024,PA,PA-01,2024-10-17,19,67284,7844,67284,,41450,18891,6943,,apportioned,1,pa-dos,2026-09-06T15:28:01+00:00
2024,PA,PA-01,2024-10-18,18,76389,9105,76389,,46070,22169,8150,,apportioned,1,pa-dos,2026-09-06T15:28:01+00:00
2024,PA,PA-01,2024-10-19,17,76550,161,76550,,46167,22217,8165,,apportioned,1,pa-dos,2026-09-06T15:28:01+00:00
2024,PA,PA-01,2024-10-20,16,76550,0,76550,,46167,22217,8165,,apportioned,1,pa-dos,2026-09-06T15:28:01+00:00
2024,PA,PA-01,2024-10-21,15,85861,9312,85861,,50667,25737,9458,,apportioned,1,pa-dos,2026-09-06T15:28:01+00:00
2024,PA,PA-01,2024-10-22,14,95757,9895,95757,,55994,29022,10740,,apportioned,1,pa-dos,2026-09-06T15:28:01+00:00
2024,PA,PA-01,2024-10-23,13,101831,6074,101831,,58856,31401,11573,,apportioned,1,pa-dos,2026-09-06T15:28:01+00:00
2024,PA,PA-01,2024-10-24,12,109484,7654,109484,,62112,34643,12729,,apportioned,1,pa-dos,2026-09-06T15:28:01+00:00
2024,PA,PA-01,2024-10-25,11,113310,3826,113310,,63839,36185,13285,,apportioned,1,pa-dos,2026-09-06T15:28:01+00:00
2024,PA,PA-01,2024-10-26,10,114500,1190,114500,,64424,36596,13480,,apportioned,1,pa-dos,2026-09-06T15:28:01+00:00
2024,PA,PA-01,2024-10-27,9,114976,476,114976,,64645,36792,13539,,apportioned,1,pa-dos,2026-09-06T15:28:01+00:00
2024,PA,PA-01,2024-10-28,8,123331,8355,123331,,68613,39815,14903,,apportioned,1,pa-dos,2026-09-06T15:28:01+00:00
2024,PA,PA-01,2024-10-29,7,128596,5265,128596,,70966,41806,15824,,apportioned,1,pa-dos,2026-09-06T15:28:01+00:00
2024,PA,PA-01,2024-10-30,6,134270,5673,134270,,73395,44100,16774,,apportioned,1,pa-dos,2026-09-06T15:28:01+00:00
2024,PA,PA-01,2024-10-31,5,139852,5582,139852,,75867,46129,17857,,apportioned,1,pa-dos,2026-09-06T15:28:01+00:00
2024,PA,PA-01,2024-11-01,4,145223,5371,145223,,77795,48549,18879,,apportioned,1,pa-dos,2026-09-06T15:28:01+00:00
2024,PA,PA-01,2024-11-02,3,145757,535,145757,,77974,48826,18958,,apportioned,1,pa-dos,2026-09-06T15:28:01+00:00
2024,PA,PA-01,2024-11-03,2,146313,555,146313,,78267,48977,19069,,apportioned,1,pa-dos,2026-09-06T15:28:01+00:00
2024,PA,PA-01,2024-11-04,1,155524,9211,155524,,82137,52310,21077,,apportioned,1,pa-dos,2026-09-06T15:28:01+00:00
2024,PA,PA-01,2024-11-05,0,163850,8326,163850,,85848,55148,22854,,apportioned,1,pa-dos,2026-09-06T15:28:01+00:00
2024,PA,PA-02,2024-09-01,65,0,0,0,,0,0,0,,apportioned,1,pa-dos,2026-09-06T15:28:01+00:00
2024,PA,PA-02,2024-09-02,64,0,0,0,,0,0,0,,apportioned,1,pa-dos,2026-09-06T15:28:01+00:00
2024,PA,PA-02,2024-09-03,63,0,0,0,,0,0,0,,apportioned,1,pa-dos,2026-09-06T15:28:01+00:00
2024,PA,PA-02,2024-09-04,62,0,0,0,,0,0,0,,apportioned,1,pa-dos,2026-09-06T15:28:01+00:00
2024,PA,PA-02,2024-09-05,61,0,0,0,,0,0,0,,apportioned,1,pa-dos,2026-09-06T15:28:01+00:00
2024,PA,PA-02,2024-09-06,60,0,0,0,,0,0,0,,apportioned,1,pa-dos,2026-09-06T15:28:01+00:00
2024,PA,PA-02,2024-09-07,59,0,0,0,,0,0,0,,apportioned,1,pa-dos,2026-09-06T15:28:01+00:00
2024,PA,PA-02,2024-09-08,58,0,0,0,,0,0,0,,apportioned,1,pa-dos,2026-09-06T15:28:01+00:00
2024,PA,PA-02,2024-09-09,57,0,0,0,,0,0,0,,apportioned,1,pa-dos,2026-09-06T15:28:01+00:00
2024,PA,PA-02,2024-09-10,56,0,0,0,,0,0,0,,apportioned,1,pa-dos,2026-09-06T15:28:01+00:00
2024,PA,PA-02,2024-09-11,55,0,0,0,,0,0,0,,apportioned,1,pa-dos,2026-09-06T15:28:01+00:00
2024,PA,PA-02,2024-09-12,54,0,0,0,,0,0,0,,apportioned,1,pa-dos,2026-09-06T15:28:01+00:00
2024,PA,PA-02,2024-09-13,53,0,0,0,,0,0,0,,apportioned,1,pa-dos,2026-09-06T15:28:01+00:00
2024,PA,PA-02,2024-09-14,52,0,0,0,,0,0,0,,apportioned,1,pa-dos,2026-09-06T15:28:01+00:00
2024,PA,PA-02,2024-09-15,51,0,0,0,,0,0,0,,apportioned,1,pa-dos,2026-09-06T15:28:01+00:00
2024,PA,PA-02,2024-09-16,50,0,0,0,,0,0,0,,apportioned,1,pa-dos,2026-09-06T15:28:01+00:00
2024,PA,PA-02,2024-09-17,49,0,0,0,,0,0,0,,apportioned,1,pa-dos,2026-09-06T15:28:01+00:00
2024,PA,PA-02,2024-09-18,48,0,0,0,,0,0,0,,apportioned,1,pa-dos,2026-09-06T15:28:01+00:00
2024,PA,PA-02,2024-09-19,47,0,0,0,,0,0,0,,apportioned,1,pa-dos,2026-09-06T15:28:01+00:00
2024,PA,PA-02,2024-09-20,46,1,0,1,,1,0,0,,apportioned,1,pa-dos,2026-09-06T15:28:01+00:00
2024,PA,PA-02,2024-09-21,45,1,0,1,,1,0,0,,apportioned,1,pa-dos,2026-09-06T15:28:01+00:00
2024,PA,PA-02,2024-09-22,44,1,0,1,,1,0,0,,apportioned,1,pa-dos,2026-09-06T15:28:01+00:00
2024,PA,PA-02,2024-09-23,43,1,0,1,,1,0,0,,apportioned,1,pa-dos,2026-09-06T15:28:01+00:00
2024,PA,PA-02,2024-09-24,42,15,14,15,,13,0,1,,apportioned,1,pa-dos,2026-09-06T15:28:01+00:00
2024,PA,PA-02,2024-09-25,41,36,21,36,,30,2,3,,apportioned,1,pa-dos,2026-09-06T15:28:01+00:00
2024,PA,PA-02,2024-09-26,40,65,30,65,,57,3,5,,apportioned,1,pa-dos,2026-09-06T15:28:01+00:00
2024,PA,PA-02,2024-09-27,39,172,107,172,,149,12,11,,apportioned,1,pa-dos,2026-09-06T15:28:01+00:00
2024,PA,PA-02,2024-09-28,38,674,502,674,,592,36,47,,apportioned,1,pa-dos,2026-09-06T15:28:01+00:00
2024,PA,PA-02,2024-09-29,37,810,136,810,,717,39,54,,apportioned,1,pa-dos,2026-09-06T15:28:01+00:00
2024,PA,PA-02,2024-09-30,36,3828,3018,3828,,3305,264,259,,apportioned,1,pa-dos,2026-09-06T15:28:01+00:00
2024,PA,PA-02,2024-10-01,35,5987,2159,5987,,5185,399,403,,apportioned,1,pa-dos,2026-09-06T15:28:01+00:00
2024,PA,PA-02,2024-10-02,34,10046,4059,10046,,8651,696,698,,apportioned,1,pa-dos,2026-09-06T15:28:01+00:00
2024,PA,PA-02,2024-10-03,33,13760,3714,13760,,11829,976,955,,apportioned,1,pa-dos,2026-09-06T15:28:01+00:00
2024,PA,PA-02,2024-10-04,32,17367,3607,17367,,14973,1189,1206,,apportioned,1,pa-dos,2026-09-06T15:28:01+00:00
2024,PA,PA-02,2024-10-05,31,18808,1440,18808,,16209,1279,1320,,apportioned,1,pa-dos,2026-09-06T15:28:01+00:00
2024,PA,PA-02,2024-10-06,30,19052,244,19052,,16426,1285,1341,,apportioned,1,pa-dos,2026-09-06T15:28:01+00:00
2024,PA,PA-02,2024-10-07,29,22818,3766,22818,,19637,1543,1638,,apportioned,1,pa-dos,2026-09-06T15:28:01+00:00
2024,PA,PA-02,2024-10-08,28,23397,579,23397,,20146,1570,1681,,apportioned,1,pa-dos,2026-09-06T15:28:01+00:00
2024,PA,PA-02,2024-10-09,27,27324,3927,27324,,23460,1855,2009,,apportioned,1,pa-dos,2026-09-06T15:28:01+00:00
2024,PA,PA-02,2024-10-10,26,29047,1723,29047,,24935,1959,2153,,apportioned,1,pa-dos,2026-09-06T15:28:01+00:00
2024,PA,PA-02,2024-10-11,25,31062,2015,31062,,26620,2113,2329,,apportioned,1,pa-dos,2026-09-06T15:28:01+00:00
2024,PA,PA-02,2024-10-12,24,32560,1498,32560,,27845,2245,2471,,apportioned,1,pa-dos,2026-09-06T15:28:01+00:00
2024,PA,PA-02,2024-10-13,23,32869,308,32869,,28115,2257,2496,,apportioned,1,pa-dos,2026-09-06T15:28:01+00:00
2024,PA,PA-02,2024-10-14,22,33144,275,33144,,28361,2268,2515,,apportioned,1,pa-dos,2026-09-06T15:28:01+00:00
2024,PA,PA-02,2024-10-15,21,35434,2290,35434,,30240,2458,2736,,apportioned,1,pa-dos,2026-09-06T15:28:01+00:00
2024,PA,PA-02,2024-10-16,20,36733,1299,36733,,31318,2568,2848,,apportioned,1,pa-dos,2026-09-06T15:28:01+00:00
2024,PA,PA-02,2024-10-17,19,38807,2073,38807,,32976,2755,3074,,apportioned,1,pa-dos,2026-09-06T15:28:01+00:00
2024,PA,PA-02,2024-10-18,18,41388,2581,41388,,35017,3001,3370,,apportioned,1,pa-dos,2026-09-06T15:28:01+00:00
2024,PA,PA-02,2024-10-19,17,42855,1467,42855,,36194,3145,3516,,apportioned,1,pa-dos,2026-09-06T15:28:01+00:00
2024,PA,PA-02,2024-10-20,16,43382,528,43382,,36629,3183,3570,,apportioned,1,pa-dos,2026-09-06T15:28:01+00:00
2024,PA,PA-02,2024-10-21,15,45871,2489,45871,,38571,3419,3881,,apportioned,1,pa-dos,2026-09-06T15:28:01+00:00
2024,PA,PA-02,2024-10-22,14,48681,2809,48681,,40788,3685,4208,,apportioned,1,pa-dos,2026-09-06T15:28:01+00:00
2024,PA,PA-02,2024-10-23,13,50731,2050,50731,,42404,3882,4444,,apportioned,1,pa-dos,2026-09-06T15:28:01+00:00
2024,PA,PA-02,2024-10-24,12,52921,2190,52921,,44113,4101,4705,,apportioned,1,pa-dos,2026-09-06T15:28:01+00:00
2024,PA,PA-02,2024-10-25,11,54826,1905,54826,,45576,4303,4947,,apportioned,1,pa-dos,2026-09-06T15:28:01+00:00
2024,PA,PA-02,2024-10-26,10,56857,2031,56857,,47155,4509,5193,,apportioned,1,pa-dos,2026-09-06T15:28:01+00:00
2024,PA,PA-02,2024-10-27,9,57898,1041,57898,,47968,4611,5320,,apportioned,1,pa-dos,2026-09-06T15:28:01+00:00
2024,PA,PA-02,2024-10-28,8,59751,1853,59751,,49366,4795,5590,,apportioned,1,pa-dos,2026-09-06T15:28:01+00:00
2024,PA,PA-02,2024-10-29,7,62864,3113,62864,,51732,5127,6005,,apportioned,1,pa-dos,2026-09-06T15:28:01+00:00
2024,PA,PA-02,2024-10-30,6,66533,3668,66533,,54481,5529,6523,,apportioned,1,pa-dos,2026-09-06T15:28:01+00:00
2024,PA,PA-02,2024-10-31,5,68343,1810,68343,,55872,5694,6777,,apportioned,1,pa-dos,2026-09-06T15:28:01+00:00
2024,PA,PA-02,2024-11-01,4,70186,1843,70186,,57246,5882,7058,,apportioned,1,pa-dos,2026-09-06T15:28:01+00:00
2024,PA,PA-02,2024-11-02,3,72277,2091,72277,,58767,6105,7405,,apportioned,1,pa-dos,2026-09-06T15:28:01+00:00
2024,PA,PA-02,2024-11-03,2,73117,840,73117,,59404,6180,7533,,apportioned,1,pa-dos,2026-09-06T15:28:01+00:00
2024,PA,PA-02,2024-11-04,1,75915,2798,75915,,61432,6453,8029,,apportioned,1,pa-dos,2026-09-06T15:28:01+00:00
2024,PA,PA-02,2024-11-05,0,81259,5344,81259,,65428,6890,8941,,apportioned,1,pa-dos,2026-09-06T15:28:01+00:00
2024,PA,PA-03,2024-09-01,65,1,1,1,,1,0,0,,apportioned,1,pa-dos,2026-09-06T15:28:01+00:00
2024,PA,PA-03,2024-09-02,64,1,0,1,,1,0,0,,apportioned,1,pa-dos,2026-09-06T15:28:01+00:00
2024,PA,PA-03,2024-09-03,63,1,0,1,,1,0,0,,apportioned,1,pa-dos,2026-09-06T15:28:01+00:00
2024,PA,PA-03,2024-09-04,62,1,0,1,,1,0,0,,apportioned,1,pa-dos,2026-09-06T15:28:01+00:00
2024,PA,PA-03,2024-09-05,61,1,0,1,,1,0,0,,apportioned,1,pa-dos,2026-09-06T15:28:01+00:00
2024,PA,PA-03,2024-09-06,60,1,0,1,,1,0,0,,apportioned,1,pa-dos,2026-09-06T15:28:01+00:00
2024,PA,PA-03,2024-09-07,59,1,0,1,,1,0,0,,apportioned,1,pa-dos,2026-09-06T15:28:01+00:00
2024,PA,PA-03,2024-09-08,58,1,0,1,,1,0,0,,apportioned,1,pa-dos,2026-09-06T15:28:01+00:00
2024,PA,PA-03,2024-09-09,57,1,0,1,,1,0,0,,apportioned,1,pa-dos,2026-09-06T15:28:01+00:00
2024,PA,PA-03,2024-09-10,56,1,0,1,,1,0,0,,apportioned,1,pa-dos,2026-09-06T15:28:01+00:00
2024,PA,PA-03,2024-09-11,55,1,0,1,,1,0,0,,apportioned,1,pa-dos,2026-09-06T15:28:01+00:00
2024,PA,PA-03,2024-09-12,54,1,0,1,,1,0,0,,apportioned,1,pa-dos,2026-09-06T15:28:01+00:00
2024,PA,PA-03,2024-09-13,53,1,0,1,,1,0,0,,apportioned,1,pa-dos,2026-09-06T15:28:01+00:00
2024,PA,PA-03,2024-09-14,52,1,0,1,,1,0,0,,apportioned,1,pa-dos,2026-09-06T15:28:01+00:00
2024,PA,PA-03,2024-09-15,51,1,0,1,,1,0,0,,apportioned,1,pa-dos,2026-09-06T15:28:01+00:00
2024,PA,PA-03,2024-09-16,50,1,0,1,,1,0,0,,apportioned,1,pa-dos,2026-09-06T15:28:01+00:00
2024,PA,PA-03,2024-09-17,49,1,0,1,,1,0,0,,apportioned,1,pa-dos,2026-09-06T15:28:01+00:00
2024,PA,PA-03,2024-09-18,48,1,0,1,,1,0,0,,apportioned,1,pa-dos,2026-09-06T15:28:01+00:00
2024,PA,PA-03,2024-09-19,47,1,0,1,,1,0,0,,apportioned,1,pa-dos,2026-09-06T15:28:01+00:00
2024,PA,PA-03,2024-09-20,46,1,1,1,,1,0,0,,apportioned,1,pa-dos,2026-09-06T15:28:01+00:00
2024,PA,PA-03,2024-09-21,45,1,0,1,,1,0,0,,apportioned,1,pa-dos,2026-09-06T15:28:01+00:00
2024,PA,PA-03,2024-09-22,44,1,0,1,,1,0,0,,apportioned,1,pa-dos,2026-09-06T15:28:01+00:00
2024,PA,PA-03,2024-09-23,43,2,1,2,,2,0,0,,apportioned,1,pa-dos,2026-09-06T15:28:01+00:00
2024,PA,PA-03,2024-09-24,42,20,18,20,,18,1,2,,apportioned,1,pa-dos,2026-09-06T15:28:01+00:00
2024,PA,PA-03,2024-09-25,41,47,28,47,,41,3,5,,apportioned,1,pa-dos,2026-09-06T15:28:01+00:00
2024,PA,PA-03,2024-09-26,40,87,39,87,,77,5,6,,apportioned,1,pa-dos,2026-09-06T15:28:01+00:00
2024,PA,PA-03,2024-09-27,39,230,143,230,,200,16,14,,apportioned,1,pa-dos,2026-09-06T15:28:01+00:00
2024,PA,PA-03,2024-09-28,38,900,671,900,,790,47,62,,apportioned,1,pa-dos,2026-09-06T15:28:01+00:00
2024,PA,PA-03,2024-09-29,37,1082,182,1082,,958,52,72,,apportioned,1,pa-dos,2026-09-06T15:28:01+00:00
2024,PA,PA-03,2024-09-30,36,5112,4030,5112,,4414,353,346,,apportioned,1,pa-dos,2026-09-06T15:28:01+00:00
2024,PA,PA-03,2024-10-01,35,7995,2882,7995,,6923,533,539,,apportioned,1,pa-dos,2026-09-06T15:28:01+00:00
2024,PA,PA-03,2024-10-02,34,13415,5420,13415,,11553,929,933,,apportioned,1,pa-dos,2026-09-06T15:28:01+00:00
2024,PA,PA-03,2024-10-03,33,18375,4960,18375,,15796,1304,1276,,apportioned,1,pa-dos,2026-09-06T15:28:01+00:00
2024,PA,PA-03,2024-10-04,32,23191,4817,23191,,19994,1587,1610,,apportioned,1,pa-dos,2026-09-06T15:28:01+00:00
2024,PA,PA-03,2024-10-05,31,25115,1924,25115,,21644,1708,1763,,apportioned,1,pa-dos,2026-09-06T15:28:01+00:00
2024,PA,PA-03,2024-10-06,30,25440,325,25440,,21934,1715,1791,,apportioned,1,pa-dos,2026-09-06T15:28:01+00:00
2024,PA,PA-03,2024-10-07,29,30470,5030,30470,,26223,2060,2187,,apportioned,1,pa-dos,2026-09-06T15:28:01+00:00
2024,PA,PA-03,2024-10-08,28,31243,773,31243,,26902,2097,2244,,apportioned,1,pa-dos,2026-09-06T15:28:01+00:00
2024,PA,PA-03,2024-10-09,27,36487,5244,36487,,31327,2477,2683,,apportioned,1,pa-dos,2026-09-06T15:28:01+00:00
2024,PA,PA-03,2024-10-10,26,38788,2301,38788,,33296,2616,2876,,apportioned,1,pa-dos,2026-09-06T15:28:01+00:00
2024,PA,PA-03,2024-10-11,25,41479,2691,41479,,35546,2822,3111,,apportioned,1,pa-dos,2026-09-06T15:28:01+00:00
2024,PA,PA-03,2024-10-12,24,43479,2000,43479,,37182,2997,3299,,apportioned,1,pa-dos,2026-09-06T15:28:01+00:00
2024,PA,PA-03,2024-10-13,23,43891,412,43891,,37544,3015,3333,,apportioned,1,pa-dos,2026-09-06T15:28:01+00:00
2024,PA,PA-03,2024-10-14,22,44259,368,44259,,37872,3029,3358,,apportioned,1,pa-dos,2026-09-06T15:28:01+00:00
2024,PA,PA-03,2024-10-15,21,47317,3058,47317,,40381,3282,3653,,apportioned,1,pa-dos,2026-09-06T15:28:01+00:00
2024,PA,PA-03,2024-10-16,20,49051,1734,49051,,41820,3428,3802,,apportioned,1,pa-dos,2026-09-06T15:28:01+00:00
2024,PA,PA-03,2024-10-17,19,51820,2769,51820,,44035,3680,4106,,apportioned,1,pa-dos,2026-09-06T15:28:01+00:00
2024,PA,PA-03,2024-10-18,18,55267,3447,55267,,46760,4008,4499,,apportioned,1,pa-dos,2026-09-06T15:28:01+00:00
2024,PA,PA-03,2024-10-19,17,57226,1959,57226,,48332,4199,4695,,apportioned,1,pa-dos,2026-09-06T15:28:01+00:00
2024,PA,PA-03,2024-10-20,16,57931,704,57931,,48913,4250,4768,,apportioned,1,pa-dos,2026-09-06T15:28:01+00:00
2024,PA,PA-03,2024-10-21,15,61254,3323,61254,,51506,4566,5182,,apportioned,1,pa-dos,2026-09-06T15:28:01+00:00
2024,PA,PA-03,2024-10-22,14,65005,3752,65005,,54465,4921,5619,,apportioned,1,pa-dos,2026-09-06T15:28:01+00:00
2024,PA,PA-03,2024-10-23,13,67743,2738,67743,,56624,5184,5935,,apportioned,1,pa-dos,2026-09-06T15:28:01+00:00
2024,PA,PA-03,2024-10-24,12,70667,2924,70667,,58907,5477,6284,,apportioned,1,pa-dos,2026-09-06T15:28:01+00:00
2024,PA,PA-03,2024-10-25,11,73211,2544,73211,,60859,5745,6607,,apportioned,1,pa-dos,2026-09-06T15:28:01+00:00
2024,PA,PA-03,2024-10-26,10,75924,2713,75924,,62968,6022,6934,,apportioned,1,pa-dos,2026-09-06T15:28:01+00:00
2024,PA,PA-03,2024-10-27,9,77314,1391,77314,,64054,6157,7103,,apportioned,1,pa-dos,2026-09-06T15:28:01+00:00
2024,PA,PA-03,2024-10-28,8,79788,2474,79788,,65921,6403,7465,,apportioned,1,pa-dos,2026-09-06T15:28:01+00:00
2024,PA,PA-03,2024-10-29,7,83945,4157,83945,,69081,6847,8018,,apportioned,1,pa-dos,2026-09-06T15:28:01+00:00
2024,PA,PA-03,2024-10-30,6,88844,4899,88844,,72750,7384,8710,,apportioned,1,pa-dos,2026-09-06T15:28:01+00:00
2024,PA,PA-03,2024-10-31,5,91261,2417,91261,,74609,7603,9049,,apportioned,1,pa-dos,2026-09-06T15:28:01+00:00
2024,PA,PA-03,2024-11-01,4,93722,2462,93722,,76444,7855,9424,,apportioned,1,pa-dos,2026-09-06T15:28:01+00:00
2024,PA,PA-03,2024-11-02,3,96515,2792,96515,,78474,8153,9888,,apportioned,1,pa-dos,2026-09-06T15:28:01+00:00
2024,PA,PA-03,2024-11-03,2,97636,1121,97636,,79326,8252,10058,,apportioned,1,pa-dos,2026-09-06T15:28:01+00:00
2024,PA,PA-03,2024-11-04,1,101372,3736,101372,,82034,8618,10721,,apportioned,1,pa-dos,2026-09-06T15:28:01+00:00
2024,PA,PA-03,2024-11-05,0,108509,7137,108509,,87369,9201,11939,,apportioned,1,pa-dos,2026-09-06T15:28:01+00:00
2024,PA,PA-04,2024-09-24,42,0,0,0,,0,0,0,,apportioned,1,pa-dos,2026-09-06T15:28:01+00:00
2024,PA,PA-04,2024-09-25,41,1,1,1,,1,0,0,,apportioned,1,pa-dos,2026-09-06T15:28:01+00:00
2024,PA,PA-04,2024-09-26,40,1,0,1,,1,0,0,,apportioned,1,pa-dos,2026-09-06T15:28:01+00:00
2024,PA,PA-04,2024-09-27,39,66,65,66,,41,20,5,,apportioned,1,pa-dos,2026-09-06T15:28:01+00:00
2024,PA,PA-04,2024-09-28,38,66,0,66,,41,20,5,,apportioned,1,pa-dos,2026-09-06T15:28:01+00:00
2024,PA,PA-04,2024-09-29,37,66,0,66,,41,20,5,,apportioned,1,pa-dos,2026-09-06T15:28:01+00:00
2024,PA,PA-04,2024-09-30,36,7988,7922,7988,,5524,1778,686,,apportioned,1,pa-dos,2026-09-06T15:28:01+00:00
2024,PA,PA-04,2024-10-01,35,10166,2178,10166,,7020,2284,861,,apportioned,1,pa-dos,2026-09-06T15:28:01+00:00
2024,PA,PA-04,2024-10-02,34,15944,5777,15944,,10849,3693,1401,,apportioned,1,pa-dos,2026-09-06T15:28:01+00:00
2024,PA,PA-04,2024-10-03,33,20802,4858,20802,,14113,4839,1850,,apportioned,1,pa-dos,2026-09-06T15:28:01+00:00
2024,PA,PA-04,2024-10-04,32,24840,4038,24840,,16841,5781,2219,,apportioned,1,pa-dos,2026-09-06T15:28:01+00:00
2024,PA,PA-04,2024-10-05,31,24840,0,24840,,16841,5781,2219,,apportioned,1,pa-dos,2026-09-06T15:28:01+00:00
2024,PA,PA-04,2024-10-06,30,28295,3454,28295,,19575,6237,2483,,apportioned,1,pa-dos,2026-09-06T15:28:01+00:00
2024,PA,PA-04,2024-10-07,29,35761,7466,35761,,24667,7777,3316,,apportioned,1,pa-dos,2026-09-06T15:28:01+00:00
2024,PA,PA-04,2024-10-08,28,37769,2009,37769,,26102,8172,3496,,apportioned,1,pa-dos,2026-09-06T15:28:01+00:00
2024,PA,PA-04,2024-10-09,27,44302,6533,44302,,30483,9617,4202,,apportioned,1,pa-dos,2026-09-06T15:28:01+00:00
2024,PA,PA-04,2024-10-10,26,48929,4627,48929,,33487,10735,4707,,apportioned,1,pa-dos,2026-09-06T15:28:01+00:00
2024,PA,PA-04,2024-10-11,25,54128,5199,54128,,36824,12052,5251,,apportioned,1,pa-dos,2026-09-06T15:28:01+00:00
2024,PA,PA-04,2024-10-12,24,56036,1908,56036,,38052,12497,5487,,apportioned,1,pa-dos,2026-09-06T15:28:01+00:00
2024,PA,PA-04,2024-10-13,23,56036,0,56036,,38052,12497,5487,,apportioned,1,pa-dos,2026-09-06T15:28:01+00:00
2024,PA,PA-04,2024-10-14,22,58412,2376,58412,,39555,13097,5761,,apportioned,1,pa-dos,2026-09-06T15:28:01+00:00
2024,PA,PA-04,2024-10-15,21,63506,5094,63506,,42712,14488,6306,,apportioned,1,pa-dos,2026-09-06T15:28:01+00:00
2024,PA,PA-04,2024-10-16,20,65288,1782,65288,,43877,14920,6491,,apportioned,1,pa-dos,2026-09-06T15:28:01+00:00
2024,PA,PA-04,2024-10-17,19,70371,5083,70371,,46714,16516,7141,,apportioned,1,pa-dos,2026-09-06T15:28:01+00:00
2024,PA,PA-04,2024-10-18,18,74966,4596,74966,,49347,17866,7753,,apportioned,1,pa-dos,2026-09-06T15:28:01+00:00
2024,PA,PA-04,2024-10-19,17,75814,847,75814,,49849,18126,7841,,apportioned,1,pa-dos,2026-09-06T15:28:01+00:00
2024,PA,PA-04,2024-10-20,16,75814,0,75814,,49849,18126,7841,,apportioned,1,pa-dos,2026-09-06T15:28:01+00:00
2024,PA,PA-04,2024-10-21,15,83770,7955,83770,,54254,20629,8886,,apportioned,1,pa-dos,2026-09-06T15:28:01+00:00
2024,PA,PA-04,2024-10-22,14,88201,4431,88201,,56556,22083,9562,,apportioned,1,pa-dos,2026-09-06T15:28:01+00:00
2024,PA,PA-04,2024-10-23,13,89018,817,89018,,56950,22408,9661,,apportioned,1,pa-dos,2026-09-06T15:28:01+00:00
2024,PA,PA-04,2024-10-24,12,97215,8196,97215,,61121,25207,10888,,apportioned,1,pa-dos,2026-09-06T15:28:01+00:00
2024,PA,PA-04,2024-10-25,11,101262,4047,101262,,63172,26584,11507,,apportioned,1,pa-dos,2026-09-06T15:28:01+00:00
2024,PA,PA-04,2024-10-26,10,102280,1018,102280,,63726,26906,11649,,apportioned,1,pa-dos,2026-09-06T15:28:01+00:00
2024,PA,PA-04,2024-10-27,9,105060,2780,105060,,65017,28045,11998,,apportioned,1,pa-dos,2026-09-06T15:28:01+00:00
2024,PA,PA-04,2024-10-28,8,110270,5211,110270,,67657,29716,12897,,apportioned,1,pa-dos,2026-09-06T15:28:01+00:00
2024,PA,PA-04,2024-10-29,7,111105,834,111105,,68026,30064,13015,,apportioned,1,pa-dos,2026-09-06T15:28:01+00:00
2024,PA,PA-04,2024-10-30,6,119912,8807,119912,,72425,32951,14536,,apportioned,1,pa-dos,2026-09-06T15:28:01+00:00
2024,PA,PA-04,2024-10-31,5,126121,6209,126121,,75445,35042,15634,,apportioned,1,pa-dos,2026-09-06T15:28:01+00:00
2024,PA,PA-04,2024-11-01,4,130097,3976,130097,,77445,36283,16368,,apportioned,1,pa-dos,2026-09-06T15:28:01+00:00
2024,PA,PA-04,2024-11-02,3,131589,1492,131589,,78206,36754,16628,,apportioned,1,pa-dos,2026-09-06T15:28:01+00:00
2024,PA,PA-04,2024-11-03,2,134994,3405,134994,,79953,37745,17295,,apportioned,1,pa-dos,2026-09-06T15:28:01+00:00
2024,PA,PA-04,2024-11-04,1,141188,6195,141188,,83063,39544,18582,,apportioned,1,pa-dos,2026-09-06T15:28:01+00:00
2024,PA,PA-04,2024-11-05,0,148087,6898,148087,,86547,41445,20095,,apportioned,1,pa-dos,2026-09-06T15:28:01+00:00
2024,PA,PA-05,2024-09-01,65,0,0,0,,0,0,0,,apportioned,1,pa-dos,2026-09-06T15:28:01+00:00
2024,PA,PA-05,2024-09-02,64,0,0,0,,0,0,0,,apportioned,1,pa-dos,2026-09-06T15:28:01+00:00
2024,PA,PA-05,2024-09-03,63,0,0,0,,0,0,0,,apportioned,1,pa-dos,2026-09-06T15:28:01+00:00
2024,PA,PA-05,2024-09-04,62,0,0,0,,0,0,0,,apportioned,1,pa-dos,2026-09-06T15:28:01+00:00
2024,PA,PA-05,2024-09-05,61,0,0,0,,0,0,0,,apportioned,1,pa-dos,2026-09-06T15:28:01+00:00
2024,PA,PA-05,2024-09-06,60,0,0,0,,0,0,0,,apportioned,1,pa-dos,2026-09-06T15:28:01+00:00
2024,PA,PA-05,2024-09-07,59,0,0,0,,0,0,0,,apportioned,1,pa-dos,2026-09-06T15:28:01+00:00
2024,PA,PA-05,2024-09-08,58,0,0,0,,0,0,0,,apportioned,1,pa-dos,2026-09-06T15:28:01+00:00
2024,PA,PA-05,2024-09-09,57,0,0,0,,0,0,0,,apportioned,1,pa-dos,2026-09-06T15:28:01+00:00
2024,PA,PA-05,2024-09-10,56,0,0,0,,0,0,0,,apportioned,1,pa-dos,2026-09-06T15:28:01+00:00
2024,PA,PA-05,2024-09-11,55,0,0,0,,0,0,0,,apportioned,1,pa-dos,2026-09-06T15:28:01+00:00
2024,PA,PA-05,2024-09-12,54,0,0,0,,0,0,0,,apportioned,1,pa-dos,2026-09-06T15:28:01+00:00
2024,PA,PA-05,2024-09-13,53,0,0,0,,0,0,0,,apportioned,1,pa-dos,2026-09-06T15:28:01+00:00
2024,PA,PA-05,2024-09-14,52,0,0,0,,0,0,0,,apportioned,1,pa-dos,2026-09-06T15:28:01+00:00
2024,PA,PA-05,2024-09-15,51,0,0,0,,0,0,0,,apportioned,1,pa-dos,2026-09-06T15:28:01+00:00
2024,PA,PA-05,2024-09-16,50,0,0,0,,0,0,0,,apportioned,1,pa-dos,2026-09-06T15:28:01+00:00
2024,PA,PA-05,2024-09-17,49,0,0,0,,0,0,0,,apportioned,1,pa-dos,2026-09-06T15:28:01+00:00
2024,PA,PA-05,2024-09-18,48,0,0,0,,0,0,0,,apportioned,1,pa-dos,2026-09-06T15:28:01+00:00
2024,PA,PA-05,2024-09-19,47,0,0,0,,0,0,0,,apportioned,1,pa-dos,2026-09-06T15:28:01+00:00
2024,PA,PA-05,2024-09-20,46,0,0,0,,0,0,0,,apportioned,1,pa-dos,2026-09-06T15:28:01+00:00
2024,PA,PA-05,2024-09-21,45,0,0,0,,0,0,0,,apportioned,1,pa-dos,2026-09-06T15:28:01+00:00
2024,PA,PA-05,2024-09-22,44,0,0,0,,0,0,0,,apportioned,1,pa-dos,2026-09-06T15:28:01+00:00
2024,PA,PA-05,2024-09-23,43,0,0,0,,0,0,0,,apportioned,1,pa-dos,2026-09-06T15:28:01+00:00
2024,PA,PA-05,2024-09-24,42,1,1,1,,1,0,0,,apportioned,1,pa-dos,2026-09-06T15:28:01+00:00
2024,PA,PA-05,2024-09-25,41,4,2,4,,3,0,0,,apportioned,1,pa-dos,2026-09-06T15:28:01+00:00
2024,PA,PA-05,2024-09-26,40,7,3,7,,6,0,0,,apportioned,1,pa-dos,2026-09-06T15:28:01+00:00
2024,PA,PA-05,2024-09-27,39,26,19,26,,21,3,1,,apportioned,1,pa-dos,2026-09-06T15:28:01+00:00
2024,PA,PA-05,2024-09-28,38,82,55,82,,69,6,6,,apportioned,1,pa-dos,2026-09-06T15:28:01+00:00
2024,PA,PA-05,2024-09-29,37,96,14,96,,82,6,7,,apportioned,1,pa-dos,2026-09-06T15:28:01+00:00
2024,PA,PA-05,2024-09-30,36,1607,1512,1607,,1181,294,131,,apportioned,1,pa-dos,2026-09-06T15:28:01+00:00
2024,PA,PA-05,2024-10-01,35,2163,557,2163,,1605,385,173,,apportioned,1,pa-dos,2026-09-06T15:28:01+00:00
2024,PA,PA-05,2024-10-02,34,3461,1298,3461,,2549,628,285,,apportioned,1,pa-dos,2026-09-06T15:28:01+00:00
2024,PA,PA-05,2024-10-03,33,4586,1125,4586,,3376,829,380,,apportioned,1,pa-dos,2026-09-06T15:28:01+00:00
2024,PA,PA-05,2024-10-04,32,5664,1077,5664,,4180,1016,467,,apportioned,1,pa-dos,2026-09-06T15:28:01+00:00
2024,PA,PA-05,2024-10-05,31,5816,153,5816,,4312,1025,479,,apportioned,1,pa-dos,2026-09-06T15:28:01+00:00
2024,PA,PA-05,2024-10-06,30,6362,546,6362,,4746,1095,521,,apportioned,1,pa-dos,2026-09-06T15:28:01+00:00
2024,PA,PA-05,2024-10-07,29,11064,4702,11064,,7928,2112,1024,,apportioned,1,pa-dos,2026-09-06T15:28:01+00:00
2024,PA,PA-05,2024-10-08,28,15371,4306,15371,,10875,3070,1425,,apportioned,1,pa-dos,2026-09-06T15:28:01+00:00
2024,PA,PA-05,2024-10-09,27,21791,6420,21791,,15221,4511,2059,,apportioned,1,pa-dos,2026-09-06T15:28:01+00:00
2024,PA,PA-05,2024-10-10,26,26278,4487,26278,,18262,5518,2498,,apportioned,1,pa-dos,2026-09-06T15:28:01+00:00
2024,PA,PA-05,2024-10-11,25,29372,3094,29372,,20263,6299,2810,,apportioned,1,pa-dos,2026-09-06T15:28:01+00:00
2024,PA,PA-05,2024-10-12,24,29864,492,29864,,20607,6386,2871,,apportioned,1,pa-dos,2026-09-06T15:28:01+00:00
2024,PA,PA-05,2024-10-13,23,29896,33,29896,,20635,6387,2874,,apportioned,1,pa-dos,2026-09-06T15:28:01+00:00
2024,PA,PA-05,2024-10-14,22,36907,7011,36907,,25192,8074,3641,,apportioned,1,pa-dos,2026-09-06T15:28:01+00:00
2024,PA,PA-05,2024-10-15,21,40523,3617,40523,,27618,8898,4008,,apportioned,1,pa-dos,2026-09-06T15:28:01+00:00
2024,PA,PA-05,2024-10-16,20,46876,6352,46876,,31691,10551,4634,,apportioned,1,pa-dos,2026-09-06T15:28:01+00:00
2024,PA,PA-05,2024-10-17,19,51499,4624,51499,,34377,11887,5236,,apportioned,1,pa-dos,2026-09-06T15:28:01+00:00
2024,PA,PA-05,2024-10-18,18,57057,5557,57057,,37731,13449,5877,,apportioned,1,pa-dos,2026-09-06T15:28:01+00:00
2024,PA,PA-05,2024-10-19,17,57339,283,57339,,37929,13503,5907,,apportioned,1,pa-dos,2026-09-06T15:28:01+00:00
2024,PA,PA-05,2024-10-20,16,57395,56,57395,,37976,13507,5912,,apportioned,1,pa-dos,2026-09-06T15:28:01+00:00
2024,PA,PA-05,2024-10-21,15,65312,7916,65312,,42670,15683,6958,,apportioned,1,pa-dos,2026-09-06T15:28:01+00:00
2024,PA,PA-05,2024-10-22,14,68988,3677,68988,,44734,16748,7507,,apportioned,1,pa-dos,2026-09-06T15:28:01+00:00
2024,PA,PA-05,2024-10-23,13,72831,3843,72831,,46879,17953,8000,,apportioned,1,pa-dos,2026-09-06T15:28:01+00:00
2024,PA,PA-05,2024-10-24,12,76746,3915,76746,,48996,19202,8549,,apportioned,1,pa-dos,2026-09-06T15:28:01+00:00
2024,PA,PA-05,2024-10-25,11,79953,3207,79953,,50738,20200,9016,,apportioned,1,pa-dos,2026-09-06T15:28:01+00:00
2024,PA,PA-05,2024-10-26,10,80467,514,80467,,51062,20313,9092,,apportioned,1,pa-dos,2026-09-06T15:28:01+00:00
2024,PA,PA-05,2024-10-27,9,80967,499,80967,,51329,20483,9154,,apportioned,1,pa-dos,2026-09-06T15:28:01+00:00
2024,PA,PA-05,2024-10-28,8,87383,6416,87383,,54883,22411,10088,,apportioned,1,pa-dos,2026-09-06T15:28:01+00:00
2024,PA,PA-05,2024-10-29,7,90463,3080,90463,,56464,23450,10547,,apportioned,1,pa-dos,2026-09-06T15:28:01+00:00
2024,PA,PA-05,2024-10-30,6,95872,5411,95872,,59355,25139,11379,,apportioned,1,pa-dos,2026-09-06T15:28:01+00:00
2024,PA,PA-05,2024-10-31,5,98670,2798,98670,,60864,25943,11862,,apportioned,1,pa-dos,2026-09-06T15:28:01+00:00
2024,PA,PA-05,2024-11-01,4,101837,3166,101837,,62580,26869,12388,,apportioned,1,pa-dos,2026-09-06T15:28:01+00:00
2024,PA,PA-05,2024-11-02,3,104457,2620,104457,,63984,27640,12833,,apportioned,1,pa-dos,2026-09-06T15:28:01+00:00
2024,PA,PA-05,2024-11-03,2,104996,540,104996,,64289,27770,12937,,apportioned,1,pa-dos,2026-09-06T15:28:01+00:00
2024,PA,PA-05,2024-11-04,1,110736,5740,110736,,67304,29457,13975,,apportioned,1,pa-dos,2026-09-06T15:28:01+00:00
2024,PA,PA-05,2024-11-05,0,118239,7503,118239,,71363,31412,15464,,apportioned,1,pa-dos,2026-09-06T15:28:01+00:00
2024,PA,PA-06,2024-09-23,43,1,1,1,,0,0,1,,apportioned,1,pa-dos,2026-09-06T15:28:01+00:00
2024,PA,PA-06,2024-09-24,42,7,6,7,,3,1,3,,apportioned,1,pa-dos,2026-09-06T15:28:01+00:00
2024,PA,PA-06,2024-09-25,41,7,1,7,,3,1,3,,apportioned,1,pa-dos,2026-09-06T15:28:01+00:00
2024,PA,PA-06,2024-09-26,40,23,16,23,,8,6,9,,apportioned,1,pa-dos,2026-09-06T15:28:01+00:00
2024,PA,PA-06,2024-09-27,39,47,23,47,,17,16,13,,apportioned,1,pa-dos,2026-09-06T15:28:01+00:00
2024,PA,PA-06,2024-09-28,38,47,0,47,,17,16,13,,apportioned,1,pa-dos,2026-09-06T15:28:01+00:00
2024,PA,PA-06,2024-09-29,37,47,0,47,,17,16,13,,apportioned,1,pa-dos,2026-09-06T15:28:01+00:00
2024,PA,PA-06,2024-09-30,36,72,25,72,,35,20,17,,apportioned,1,pa-dos,2026-09-06T15:28:01+00:00
2024,PA,PA-06,2024-10-01,35,90,18,90,,48,25,17,,apportioned,1,pa-dos,2026-09-06T15:28:01+00:00
2024,PA,PA-06,2024-10-02,34,232,143,232,,138,65,29,,apportioned,1,pa-dos,2026-09-06T15:28:01+00:00
2024,PA,PA-06,2024-10-03,33,1277,1045,1277,,750,359,168,,apportioned,1,pa-dos,2026-09-06T15:28:01+00:00
2024,PA,PA-06,2024-10-04,32,2321,1044,2321,,1380,648,293,,apportioned,1,pa-dos,2026-09-06T15:28:01+00:00
2024,PA,PA-06,2024-10-05,31,2321,0,2321,,1380,648,293,,apportioned,1,pa-dos,2026-09-06T15:28:01+00:00
2024,PA,PA-06,2024-10-06,30,2321,0,2321,,1380,648,293,,apportioned,1,pa-dos,2026-09-06T15:28:01+00:00
2024,PA,PA-06,2024-10-07,29,8789,6468,8789,,5381,2314,1094,,apportioned,1,pa-dos,2026-09-06T15:28:01+00:00
2024,PA,PA-06,2024-10-08,28,13449,4659,13449,,8273,3581,1595,,apportioned,1,pa-dos,2026-09-06T15:28:01+00:00
2024,PA,PA-06,2024-10-09,27,19893,6444,19893,,12241,5271,2382,,apportioned,1,pa-dos,2026-09-06T15:28:01+00:00
2024,PA,PA-06,2024-10-10,26,26556,6663,26556,,16262,7069,3225,,apportioned,1,pa-dos,2026-09-06T15:28:01+00:00
2024,PA,PA-06,2024-10-11,25,32525,5969,32525,,19850,8728,3947,,apportioned,1,pa-dos,2026-09-06T15:28:01+00:00
2024,PA,PA-06,2024-10-12,24,32541,16,32541,,19858,8732,3951,,apportioned,1,pa-dos,2026-09-06T15:28:01+00:00
2024,PA,PA-06,2024-10-13,23,32541,0,32541,,19858,8732,3951,,apportioned,1,pa-dos,2026-09-06T15:28:01+00:00
2024,PA,PA-06,2024-10-14,22,33093,552,33093,,20214,8871,4008,,apportioned,1,pa-dos,2026-09-06T15:28:01+00:00
2024,PA,PA-06,2024-10-15,21,40002,6909,40002,,24381,10752,4869,,apportioned,1,pa-dos,2026-09-06T15:28:01+00:00
2024,PA,PA-06,2024-10-16,20,45393,5391,45393,,27362,12406,5625,,apportioned,1,pa-dos,2026-09-06T15:28:01+00:00
2024,PA,PA-06,2024-10-17,19,49813,4420,49813,,29668,13936,6210,,apportioned,1,pa-dos,2026-09-06T15:28:01+00:00
2024,PA,PA-06,2024-10-18,18,56025,6211,56025,,32900,15996,7129,,apportioned,1,pa-dos,2026-09-06T15:28:01+00:00
2024,PA,PA-06,2024-10-19,17,56042,17,56042,,32910,15999,7132,,apportioned,1,pa-dos,2026-09-06T15:28:01+00:00
2024,PA,PA-06,2024-10-20,16,56042,0,56042,,32910,15999,7132,,apportioned,1,pa-dos,2026-09-06T15:28:01+00:00
2024,PA,PA-06,2024-10-21,15,65229,9187,65229,,37494,19238,8497,,apportioned,1,pa-dos,2026-09-06T15:28:01+00:00
2024,PA,PA-06,2024-10-22,14,68141,2912,68141,,38840,20403,8898,,apportioned,1,pa-dos,2026-09-06T15:28:01+00:00
2024,PA,PA-06,2024-10-23,13,77593,9452,77593,,43819,23411,10362,,apportioned,1,pa-dos,2026-09-06T15:28:01+00:00
2024,PA,PA-06,2024-10-24,12,83062,5469,83062,,46489,25371,11201,,apportioned,1,pa-dos,2026-09-06T15:28:01+00:00
2024,PA,PA-06,2024-10-25,11,87590,4529,87590,,48508,27170,11912,,apportioned,1,pa-dos,2026-09-06T15:28:01+00:00
2024,PA,PA-06,2024-10-26,10,90223,2633,90223,,49670,28225,12328,,apportioned,1,pa-dos,2026-09-06T15:28:01+00:00
2024,PA,PA-06,2024-10-27,9,90504,280,90504,,49805,28328,12370,,apportioned,1,pa-dos,2026-09-06T15:28:01+00:00
2024,PA,PA-06,2024-10-28,8,97342,6838,97342,,53040,30605,13698,,apportioned,1,pa-dos,2026-09-06T15:28:01+00:00
2024,PA,PA-06,2024-10-29,7,102930,5588,102930,,55430,32841,14659,,apportioned,1,pa-dos,2026-09-06T15:28:01+00:00
2024,PA,PA-06,2024-10-30,6,108990,6060,108990,,57981,35228,15781,,apportioned,1,pa-dos,2026-09-06T15:28:01+00:00
2024,PA,PA-06,2024-10-31,5,111840,2850,111840,,59327,36181,16332,,apportioned,1,pa-dos,2026-09-06T15:28:01+00:00
2024,PA,PA-06,2024-11-01,4,115228,3388,115228,,60893,37331,17004,,apportioned,1,pa-dos,2026-09-06T15:28:01+00:00
2024,PA,PA-06,2024-11-02,3,115974,746,115974,,61229,37633,17112,,apportioned,1,pa-dos,2026-09-06T15:28:01+00:00
2024,PA,PA-06,2024-11-03,2,116504,530,116504,,61449,37859,17196,,apportioned,1,pa-dos,2026-09-06T15:28:01+00:00
2024,PA,PA-06,2024-11-04,1,125135,8631,125135,,65308,40672,19154,,apportioned,1,pa-dos,2026-09-06T15:28:01+00:00
2024,PA,PA-06,2024-11-05,0,133572,8438,133572,,69126,43258,21188,,apportioned,1,pa-dos,2026-09-06T15:28:01+00:00
2024,PA,PA-07,2024-09-19,47,0,0,0,,0,0,0,,apportioned,1,pa-dos,2026-09-06T15:28:01+00:00
2024,PA,PA-07,2024-09-20,46,1,1,1,,0,1,0,,apportioned,1,pa-dos,2026-09-06T15:28:01+00:00
2024,PA,PA-07,2024-09-21,45,1,0,1,,0,1,0,,apportioned,1,pa-dos,2026-09-06T15:28:01+00:00
2024,PA,PA-07,2024-09-22,44,1,0,1,,0,1,0,,apportioned,1,pa-dos,2026-09-06T15:28:01+00:00
2024,PA,PA-07,2024-09-23,43,5,4,5,,1,1,3,,apportioned,1,pa-dos,2026-09-06T15:28:01+00:00
2024,PA,PA-07,2024-09-24,42,6,1,6,,2,1,3,,apportioned,1,pa-dos,2026-09-06T15:28:01+00:00
2024,PA,PA-07,2024-09-25,41,17,11,17,,8,1,8,,apportioned,1,pa-dos,2026-09-06T15:28:01+00:00
2024,PA,PA-07,2024-09-26,40,21,4,21,,11,2,8,,apportioned,1,pa-dos,2026-09-06T15:28:01+00:00
2024,PA,PA-07,2024-09-27,39,37,15,37,,17,9,10,,apportioned,1,pa-dos,2026-09-06T15:28:01+00:00
2024,PA,PA-07,2024-09-28,38,37,0,37,,17,9,10,,apportioned,1,pa-dos,2026-09-06T15:28:01+00:00
2024,PA,PA-07,2024-09-29,37,37,0,37,,17,9,10,,apportioned,1,pa-dos,2026-09-06T15:28:01+00:00
2024,PA,PA-07,2024-09-30,36,66,29,66,,38,12,15,,apportioned,1,pa-dos,2026-09-06T15:28:01+00:00
2024,PA,PA-07,2024-10-01,35,101,35,101,,58,22,21,,apportioned,1,pa-dos,2026-09-06T15:28:01+00:00
2024,PA,PA-07,2024-10-02,34,175,75,175,,92,54,29,,apportioned,1,pa-dos,2026-09-06T15:28:01+00:00
2024,PA,PA-07,2024-10-03,33,257,81,257,,117,96,43,,apportioned,1,pa-dos,2026-09-06T15:28:01+00:00
2024,PA,PA-07,2024-10-04,32,373,116,373,,166,145,62,,apportioned,1,pa-dos,2026-09-06T15:28:01+00:00
2024,PA,PA-07,2024-10-05,31,404,31,404,,176,165,64,,apportioned,1,pa-dos,2026-09-06T15:28:01+00:00
2024,PA,PA-07,2024-10-06,30,404,0,404,,176,165,64,,apportioned,1,pa-dos,2026-09-06T15:28:01+00:00
2024,PA,PA-07,2024-10-07,29,881,477,881,,441,325,115,,apportioned,1,pa-dos,2026-09-06T15:28:01+00:00
2024,PA,PA-07,2024-10-08,28,1597,715,1597,,859,558,179,,apportioned,1,pa-dos,2026-09-06T15:28:01+00:00
2024,PA,PA-07,2024-10-09,27,1890,293,1890,,1033,641,216,,apportioned,1,pa-dos,2026-09-06T15:28:01+00:00
2024,PA,PA-07,2024-10-10,26,6793,4903,6793,,4388,1723,681,,apportioned,1,pa-dos,2026-09-06T15:28:01+00:00
2024,PA,PA-07,2024-10-11,25,14135,7342,14135,,9307,3445,1383,,apportioned,1,pa-dos,2026-09-06T15:28:01+00:00
2024,PA,PA-07,2024-10-12,24,14453,318,14453,,9404,3628,1421,,apportioned,1,pa-dos,2026-09-06T15:28:01+00:00
2024,PA,PA-07,2024-10-13,23,14453,0,14453,,9404,3628,1421,,apportioned,1,pa-dos,2026-09-06T15:28:01+00:00
2024,PA,PA-07,2024-10-14,22,18264,3811,18264,,11976,4518,1770,,apportioned,1,pa-dos,2026-09-06T15:28:01+00:00
2024,PA,PA-07,2024-10-15,21,27814,9550,27814,,18120,6953,2741,,apportioned,1,pa-dos,2026-09-06T15:28:01+00:00
2024,PA,PA-07,2024-10-16,20,40164,12350,40164,,25577,10515,4072,,apportioned,1,pa-dos,2026-09-06T15:28:01+00:00
2024,PA,PA-07,2024-10-17,19,46963,6799,46963,,29475,12703,4784,,apportioned,1,pa-dos,2026-09-06T15:28:01+00:00
2024,PA,PA-07,2024-10-18,18,55006,8043,55006,,33819,15364,5824,,apportioned,1,pa-dos,2026-09-06T15:28:01+00:00
2024,PA,PA-07,2024-10-19,17,60538,5532,60538,,36977,17002,6560,,apportioned,1,pa-dos,2026-09-06T15:28:01+00:00
2024,PA,PA-07,2024-10-20,16,60538,0,60538,,36977,17002,6560,,apportioned,1,pa-dos,2026-09-06T15:28:01+00:00
2024,PA,PA-07,2024-10-21,15,67017,6478,67017,,40470,19096,7450,,apportioned,1,pa-dos,2026-09-06T15:28:01+00:00
2024,PA,PA-07,2024-10-22,14,73236,6220,73236,,43376,21463,8397,,apportioned,1,pa-dos,2026-09-06T15:28:01+00:00
2024,PA,PA-07,2024-10-23,13,79465,6229,79465,,46273,23867,9325,,apportioned,1,pa-dos,2026-09-06T15:28:01+00:00
2024,PA,PA-07,2024-10-24,12,83594,4129,83594,,48277,25291,10027,,apportioned,1,pa-dos,2026-09-06T15:28:01+00:00
2024,PA,PA-07,2024-10-25,11,88051,4456,88051,,50271,27066,10714,,apportioned,1,pa-dos,2026-09-06T15:28:01+00:00
2024,PA,PA-07,2024-10-26,10,92627,4576,92627,,51995,29246,11386,,apportioned,1,pa-dos,2026-09-06T15:28:01+00:00
2024,PA,PA-07,2024-10-27,9,92628,1,92628,,51995,29247,11386,,apportioned,1,pa-dos,2026-09-06T15:28:01+00:00
2024,PA,PA-07,2024-10-28,8,96171,3543,96171,,53363,30882,11926,,apportioned,1,pa-dos,2026-09-06T15:28:01+00:00
2024,PA,PA-07,2024-10-29,7,103404,7233,103404,,56718,33449,13237,,apportioned,1,pa-dos,2026-09-06T15:28:01+00:00
2024,PA,PA-07,2024-10-30,6,106370,2965,106370,,57995,34648,13726,,apportioned,1,pa-dos,2026-09-06T15:28:01+00:00
2024,PA,PA-07,2024-10-31,5,110493,4123,110493,,59977,35966,14550,,apportioned,1,pa-dos,2026-09-06T15:28:01+00:00
2024,PA,PA-07,2024-11-01,4,114539,4047,114539,,61920,37218,15401,,apportioned,1,pa-dos,2026-09-06T15:28:01+00:00
2024,PA,PA-07,2024-11-02,3,116731,2192,116731,,62917,37933,15881,,apportioned,1,pa-dos,2026-09-06T15:28:01+00:00
2024,PA,PA-07,2024-11-03,2,116731,0,116731,,62917,37933,15881,,apportioned,1,pa-dos,2026-09-06T15:28:01+00:00
2024,PA,PA-07,2024-11-04,1,121226,4495,121226,,64978,39411,16837,,apportioned,1,pa-dos,2026-09-06T15:28:01+00:00
2024,PA,PA-07,2024-11-05,0,128156,6930,128156,,68312,41357,18487,,apportioned,1,pa-dos,2026-09-06T15:28:01+00:00
2024,PA,PA-08,2024-09-19,47,1,1,1,,1,0,0,,apportioned,1,pa-dos,2026-09-06T15:28:01+00:00
2024,PA,PA-08,2024-09-20,46,1,0,1,,1,0,0,,apportioned,1,pa-dos,2026-09-06T15:28:01+00:00
2024,PA,PA-08,2024-09-21,45,1,0,1,,1,0,0,,apportioned,1,pa-dos,2026-09-06T15:28:01+00:00
2024,PA,PA-08,2024-09-22,44,1,0,1,,1,0,0,,apportioned,1,pa-dos,2026-09-06T15:28:01+00:00
2024,PA,PA-08,2024-09-23,43,3,2,3,,1,0,2,,apportioned,1,pa-dos,2026-09-06T15:28:01+00:00
2024,PA,PA-08,2024-09-24,42,4,1,4,,1,1,2,,apportioned,1,pa-dos,2026-09-06T15:28:01+00:00
2024,PA,PA-08,2024-09-25,41,5,1,5,,1,2,2,,apportioned,1,pa-dos,2026-09-06T15:28:01+00:00
2024,PA,PA-08,2024-09-26,40,16,11,16,,7,7,2,,apportioned,1,pa-dos,2026-09-06T15:28:01+00:00
2024,PA,PA-08,2024-09-27,39,22,7,22,,10,10,3,,apportioned,1,pa-dos,2026-09-06T15:28:01+00:00
2024,PA,PA-08,2024-09-28,38,24,2,24,,11,11,3,,apportioned,1,pa-dos,2026-09-06T15:28:01+00:00
2024,PA,PA-08,2024-09-29,37,24,0,24,,11,11,3,,apportioned,1,pa-dos,2026-09-06T15:28:01+00:00
2024,PA,PA-08,2024-09-30,36,45,21,45,,20,17,9,,apportioned,1,pa-dos,2026-09-06T15:28:01+00:00
2024,PA,PA-08,2024-10-01,35,58,13,58,,29,20,9,,apportioned,1,pa-dos,2026-09-06T15:28:01+00:00
2024,PA,PA-08,2024-10-02,34,92,33,92,,44,33,15,,apportioned,1,pa-dos,2026-09-06T15:28:01+00:00
2024,PA,PA-08,2024-10-03,33,463,372,463,,250,176,39,,apportioned,1,pa-dos,2026-09-06T15:28:01+00:00
2024,PA,PA-08,2024-10-04,32,1297,834,1297,,772,417,109,,apportioned,1,pa-dos,2026-09-06T15:28:01+00:00
2024,PA,PA-08,2024-10-05,31,1929,632,1929,,1152,621,156,,apportioned,1,pa-dos,2026-09-06T15:28:01+00:00
2024,PA,PA-08,2024-10-06,30,1938,9,1938,,1155,623,160,,apportioned,1,pa-dos,2026-09-06T15:28:01+00:00
2024,PA,PA-08,2024-10-07,29,8616,6678,8616,,5939,2070,608,,apportioned,1,pa-dos,2026-09-06T15:28:01+00:00
2024,PA,PA-08,2024-10-08,28,10092,1477,10092,,6855,2505,733,,apportioned,1,pa-dos,2026-09-06T15:28:01+00:00
2024,PA,PA-08,2024-10-09,27,15759,5667,15759,,10430,4075,1254,,apportioned,1,pa-dos,2026-09-06T15:28:01+00:00
2024,PA,PA-08,2024-10-10,26,20359,4600,20359,,13211,5398,1751,,apportioned,1,pa-dos,2026-09-06T15:28:01+00:00
2024,PA,PA-08,2024-10-11,25,24701,4342,24701,,15736,6761,2204,,apportioned,1,pa-dos,2026-09-06T15:28:01+00:00
2024,PA,PA-08,2024-10-12,24,26973,2272,26973,,17029,7472,2472,,apportioned,1,pa-dos,2026-09-06T15:28:01+00:00
2024,PA,PA-08,2024-10-13,23,27215,242,27215,,17148,7558,2509,,apportioned,1,pa-dos,2026-09-06T15:28:01+00:00
2024,PA,PA-08,2024-10-14,22,27259,44,27259,,17176,7574,2510,,apportioned,1,pa-dos,2026-09-06T15:28:01+00:00
2024,PA,PA-08,2024-10-15,21,32267,5008,32267,,20006,9181,3081,,apportioned,1,pa-dos,2026-09-06T15:28:01+00:00
2024,PA,PA-08,2024-10-16,20,33803,1536,33803,,20689,9847,3268,,apportioned,1,pa-dos,2026-09-06T15:28:01+00:00
2024,PA,PA-08,2024-10-17,19,38803,5000,38803,,23291,11569,3945,,apportioned,1,pa-dos,2026-09-06T15:28:01+00:00
2024,PA,PA-08,2024-10-18,18,48499,9696,48499,,29125,14512,4861,,apportioned,1,pa-dos,2026-09-06T15:28:01+00:00
2024,PA,PA-08,2024-10-19,17,49921,1422,49921,,29884,14973,5063,,apportioned,1,pa-dos,2026-09-06T15:28:01+00:00
2024,PA,PA-08,2024-10-20,16,49923,2,49923,,29885,14974,5063,,apportioned,1,pa-dos,2026-09-06T15:28:01+00:00
2024,PA,PA-08,2024-10-21,15,60955,11034,60955,,36350,18591,6015,,apportioned,1,pa-dos,2026-09-06T15:28:01+00:00
2024,PA,PA-08,2024-10-22,14,64278,3322,64278,,37700,20020,6558,,apportioned,1,pa-dos,2026-09-06T15:28:01+00:00
2024,PA,PA-08,2024-10-23,13,69068,4790,69068,,40260,21686,7123,,apportioned,1,pa-dos,2026-09-06T15:28:01+00:00
2024,PA,PA-08,2024-10-24,12,71400,2332,71400,,41379,22586,7434,,apportioned,1,pa-dos,2026-09-06T15:28:01+00:00
2024,PA,PA-08,2024-10-25,11,74192,2793,74192,,42567,23769,7856,,apportioned,1,pa-dos,2026-09-06T15:28:01+00:00
2024,PA,PA-08,2024-10-26,10,75713,1521,75713,,43279,24312,8122,,apportioned,1,pa-dos,2026-09-06T15:28:01+00:00
2024,PA,PA-08,2024-10-27,9,75750,37,75750,,43297,24324,8129,,apportioned,1,pa-dos,2026-09-06T15:28:01+00:00
2024,PA,PA-08,2024-10-28,8,80109,4360,80109,,45327,26089,8694,,apportioned,1,pa-dos,2026-09-06T15:28:01+00:00
2024,PA,PA-08,2024-10-29,7,85728,5619,85728,,47854,28442,9432,,apportioned,1,pa-dos,2026-09-06T15:28:01+00:00
2024,PA,PA-08,2024-10-30,6,92336,6609,92336,,50814,31228,10294,,apportioned,1,pa-dos,2026-09-06T15:28:01+00:00
2024,PA,PA-08,2024-10-31,5,93902,1566,93902,,51606,31733,10564,,apportioned,1,pa-dos,2026-09-06T15:28:01+00:00
2024,PA,PA-08,2024-11-01,4,103110,9207,103110,,56118,35183,11809,,apportioned,1,pa-dos,2026-09-06T15:28:01+00:00
2024,PA,PA-08,2024-11-02,3,103688,578,103688,,56379,35379,11930,,apportioned,1,pa-dos,2026-09-06T15:28:01+00:00
2024,PA,PA-08,2024-11-03,2,103975,287,103975,,56551,35478,11945,,apportioned,1,pa-dos,2026-09-06T15:28:01+00:00
2024,PA,PA-08,2024-11-04,1,112738,8763,112738,,60648,38708,13383,,apportioned,1,pa-dos,2026-09-06T15:28:01+00:00
2024,PA,PA-08,2024-11-05,0,116339,3601,116339,,62469,39758,14113,,apportioned,1,pa-dos,2026-09-06T15:28:01+00:00
2024,PA,PA-09,2024-09-05,61,1,1,1,,1,0,0,,apportioned,1,pa-dos,2026-09-06T15:28:01+00:00
2024,PA,PA-09,2024-09-06,60,1,0,1,,1,0,0,,apportioned,1,pa-dos,2026-09-06T15:28:01+00:00
2024,PA,PA-09,2024-09-07,59,1,0,1,,1,0,0,,apportioned,1,pa-dos,2026-09-06T15:28:01+00:00
2024,PA,PA-09,2024-09-08,58,1,0,1,,1,0,0,,apportioned,1,pa-dos,2026-09-06T15:28:01+00:00
2024,PA,PA-09,2024-09-09,57,4,3,4,,4,0,0,,apportioned,1,pa-dos,2026-09-06T15:28:01+00:00
2024,PA,PA-09,2024-09-10,56,4,0,4,,4,0,0,,apportioned,1,pa-dos,2026-09-06T15:28:01+00:00
2024,PA,PA-09,2024-09-11,55,5,1,5,,4,0,1,,apportioned,1,pa-dos,2026-09-06T15:28:01+00:00
2024,PA,PA-09,2024-09-12,54,6,1,6,,5,0,1,,apportioned,1,pa-dos,2026-09-06T15:28:01+00:00
2024,PA,PA-09,2024-09-13,53,6,0,6,,5,0,1,,apportioned,1,pa-dos,2026-09-06T15:28:01+00:00
2024,PA,PA-09,2024-09-14,52,6,0,6,,5,0,1,,apportioned,1,pa-dos,2026-09-06T15:28:01+00:00
2024,PA,PA-09,2024-09-15,51,6,0,6,,5,0,1,,apportioned,1,pa-dos,2026-09-06T15:28:01+00:00
2024,PA,PA-09,2024-09-16,50,9,3,9,,7,1,1,,apportioned,1,pa-dos,2026-09-06T15:28:01+00:00
2024,PA,PA-09,2024-09-17,49,12,3,12,,8,3,1,,apportioned,1,pa-dos,2026-09-06T15:28:01+00:00
2024,PA,PA-09,2024-09-18,48,20,8,20,,11,8,1,,apportioned,1,pa-dos,2026-09-06T15:28:01+00:00
2024,PA,PA-09,2024-09-19,47,23,3,23,,11,11,1,,apportioned,1,pa-dos,2026-09-06T15:28:01+00:00
2024,PA,PA-09,2024-09-20,46,34,11,34,,13,18,3,,apportioned,1,pa-dos,2026-09-06T15:28:01+00:00
2024,PA,PA-09,2024-09-21,45,34,0,34,,13,18,3,,apportioned,1,pa-dos,2026-09-06T15:28:01+00:00
2024,PA,PA-09,2024-09-22,44,34,0,34,,13,18,3,,apportioned,1,pa-dos,2026-09-06T15:28:01+00:00
2024,PA,PA-09,2024-09-23,43,314,280,314,,158,136,20,,apportioned,1,pa-dos,2026-09-06T15:28:01+00:00
2024,PA,PA-09,2024-09-24,42,358,44,358,,167,166,25,,apportioned,1,pa-dos,2026-09-06T15:28:01+00:00
2024,PA,PA-09,2024-09-25,41,552,193,552,,250,255,47,,apportioned,1,pa-dos,2026-09-06T15:28:01+00:00
2024,PA,PA-09,2024-09-26,40,702,150,702,,309,332,61,,apportioned,1,pa-dos,2026-09-06T15:28:01+00:00
2024,PA,PA-09,2024-09-27,39,838,137,838,,357,414,68,,apportioned,1,pa-dos,2026-09-06T15:28:01+00:00
2024,PA,PA-09,2024-09-28,38,838,0,838,,357,414,68,,apportioned,1,pa-dos,2026-09-06T15:28:01+00:00
2024,PA,PA-09,2024-09-29,37,838,0,838,,357,414,68,,apportioned,1,pa-dos,2026-09-06T15:28:01+00:00
2024,PA,PA-09,2024-09-30,36,1456,619,1456,,624,728,104,,apportioned,1,pa-dos,2026-09-06T15:28:01+00:00
2024,PA,PA-09,2024-10-01,35,1777,321,1777,,757,884,137,,apportioned,1,pa-dos,2026-09-06T15:28:01+00:00
2024,PA,PA-09,2024-10-02,34,3254,1477,3254,,1421,1592,242,,apportioned,1,pa-dos,2026-09-06T15:28:01+00:00
2024,PA,PA-09,2024-10-03,33,4638,1384,4638,,2082,2216,339,,apportioned,1,pa-dos,2026-09-06T15:28:01+00:00
2024,PA,PA-09,2024-10-04,32,6804,2167,6804,,3133,3175,495,,apportioned,1,pa-dos,2026-09-06T15:28:01+00:00
2024,PA,PA-09,2024-10-05,31,7385,581,7385,,3457,3394,533,,apportioned,1,pa-dos,2026-09-06T15:28:01+00:00
2024,PA,PA-09,2024-10-06,30,7385,0,7385,,3457,3394,533,,apportioned,1,pa-dos,2026-09-06T15:28:01+00:00
2024,PA,PA-09,2024-10-07,29,10167,2781,10167,,4847,4566,753,,apportioned,1,pa-dos,2026-09-06T15:28:01+00:00
2024,PA,PA-09,2024-10-08,28,12691,2525,12691,,6091,5613,986,,apportioned,1,pa-dos,2026-09-06T15:28:01+00:00
2024,PA,PA-09,2024-10-09,27,16167,3476,16167,,7854,7013,1299,,apportioned,1,pa-dos,2026-09-06T15:28:01+00:00
2024,PA,PA-09,2024-10-10,26,19671,3504,19671,,9701,8337,1632,,apportioned,1,pa-dos,2026-09-06T15:28:01+00:00
2024,PA,PA-09,2024-10-11,25,24382,4711,24382,,12046,10273,2063,,apportioned,1,pa-dos,2026-09-06T15:28:01+00:00
2024,PA,PA-09,2024-10-12,24,24394,12,24394,,12051,10277,2066,,apportioned,1,pa-dos,2026-09-06T15:28:01+00:00
2024,PA,PA-09,2024-10-13,23,24395,1,24395,,12051,10277,2067,,apportioned,1,pa-dos,2026-09-06T15:28:01+00:00
2024,PA,PA-09,2024-10-14,22,25837,1442,25837,,12668,10970,2199,,apportioned,1,pa-dos,2026-09-06T15:28:01+00:00
2024,PA,PA-09,2024-10-15,21,30353,4514,30353,,14791,12918,2642,,apportioned,1,pa-dos,2026-09-06T15:28:01+00:00
2024,PA,PA-09,2024-10-16,20,31847,1494,31847,,15474,13595,2777,,apportioned,1,pa-dos,2026-09-06T15:28:01+00:00
2024,PA,PA-09,2024-10-17,19,37123,5276,37123,,18059,15797,3265,,apportioned,1,pa-dos,2026-09-06T15:28:01+00:00
2024,PA,PA-09,2024-10-18,18,42345,5223,42345,,20541,18048,3756,,apportioned,1,pa-dos,2026-09-06T15:28:01+00:00
2024,PA,PA-09,2024-10-19,17,43189,844,43189,,20953,18402,3834,,apportioned,1,pa-dos,2026-09-06T15:28:01+00:00
2024,PA,PA-09,2024-10-20,16,43192,3,43192,,20956,18402,3834,,apportioned,1,pa-dos,2026-09-06T15:28:01+00:00
2024,PA,PA-09,2024-10-21,15,49486,6294,49486,,23762,21240,4485,,apportioned,1,pa-dos,2026-09-06T15:28:01+00:00
2024,PA,PA-09,2024-10-22,14,52677,3191,52677,,24914,22916,4846,,apportioned,1,pa-dos,2026-09-06T15:28:01+00:00
2024,PA,PA-09,2024-10-23,13,56006,3329,56006,,26081,24715,5211,,apportioned,1,pa-dos,2026-09-06T15:28:01+00:00
2024,PA,PA-09,2024-10-24,12,59401,3395,59401,,27125,26666,5610,,apportioned,1,pa-dos,2026-09-06T15:28:01+00:00
2024,PA,PA-09,2024-10-25,11,61976,2574,61976,,27901,28150,5924,,apportioned,1,pa-dos,2026-09-06T15:28:01+00:00
2024,PA,PA-09,2024-10-26,10,62214,238,62214,,27995,28258,5960,,apportioned,1,pa-dos,2026-09-06T15:28:01+00:00
2024,PA,PA-09,2024-10-27,9,62648,436,62648,,28077,28573,5999,,apportioned,1,pa-dos,2026-09-06T15:28:01+00:00
2024,PA,PA-09,2024-10-28,8,67018,4367,67018,,29339,31148,6528,,apportioned,1,pa-dos,2026-09-06T15:28:01+00:00
2024,PA,PA-09,2024-10-29,7,72086,5069,72086,,30745,34184,7158,,apportioned,1,pa-dos,2026-09-06T15:28:01+00:00
2024,PA,PA-09,2024-10-30,6,74700,2614,74700,,31755,35456,7489,,apportioned,1,pa-dos,2026-09-06T15:28:01+00:00
2024,PA,PA-09,2024-10-31,5,76078,1379,76078,,32203,36181,7693,,apportioned,1,pa-dos,2026-09-06T15:28:01+00:00
2024,PA,PA-09,2024-11-01,4,80333,4254,80333,,33927,38125,8281,,apportioned,1,pa-dos,2026-09-06T15:28:01+00:00
2024,PA,PA-09,2024-11-02,3,80921,588,80921,,34149,38398,8374,,apportioned,1,pa-dos,2026-09-06T15:28:01+00:00
2024,PA,PA-09,2024-11-03,2,81141,220,81141,,34252,38486,8405,,apportioned,1,pa-dos,2026-09-06T15:28:01+00:00
2024,PA,PA-09,2024-11-04,1,86749,5608,86749,,36337,41050,9362,,apportioned,1,pa-dos,2026-09-06T15:28:01+00:00
2024,PA,PA-09,2024-11-05,0,89535,2786,89535,,37453,42153,9929,,apportioned,1,pa-dos,2026-09-06T15:28:01+00:00
2024,PA,PA-10,2024-09-03,63,6,6,6,,1,4,1,,apportioned,1,pa-dos,2026-09-06T15:28:01+00:00
2024,PA,PA-10,2024-09-04,62,10,5,10,,6,4,1,,apportioned,1,pa-dos,2026-09-06T15:28:01+00:00
2024,PA,PA-10,2024-09-05,61,16,6,16,,10,5,1,,apportioned,1,pa-dos,2026-09-06T15:28:01+00:00
2024,PA,PA-10,2024-09-06,60,17,1,17,,10,6,1,,apportioned,1,pa-dos,2026-09-06T15:28:01+00:00
2024,PA,PA-10,2024-09-07,59,17,0,17,,10,6,1,,apportioned,1,pa-dos,2026-09-06T15:28:01+00:00
2024,PA,PA-10,2024-09-08,58,17,0,17,,10,6,1,,apportioned,1,pa-dos,2026-09-06T15:28:01+00:00
2024,PA,PA-10,2024-09-09,57,33,17,33,,17,15,2,,apportioned,1,pa-dos,2026-09-06T15:28:01+00:00
2024,PA,PA-10,2024-09-10,56,34,1,34,,17,15,2,,apportioned,1,pa-dos,2026-09-06T15:28:01+00:00
2024,PA,PA-10,2024-09-11,55,34,0,34,,17,15,2,,apportioned,1,pa-dos,2026-09-06T15:28:01+00:00
2024,PA,PA-10,2024-09-12,54,45,11,45,,26,17,3,,apportioned,1,pa-dos,2026-09-06T15:28:01+00:00
2024,PA,PA-10,2024-09-13,53,49,4,49,,28,17,4,,apportioned,1,pa-dos,2026-09-06T15:28:01+00:00
2024,PA,PA-10,2024-09-14,52,49,0,49,,28,17,4,,apportioned,1,pa-dos,2026-09-06T15:28:01+00:00
2024,PA,PA-10,2024-09-15,51,49,0,49,,28,17,4,,apportioned,1,pa-dos,2026-09-06T15:28:01+00:00
2024,PA,PA-10,2024-09-16,50,73,24,73,,40,23,10,,apportioned,1,pa-dos,2026-09-06T15:28:01+00:00
2024,PA,PA-10,2024-09-17,49,74,2,74,,41,23,10,,apportioned,1,pa-dos,2026-09-06T15:28:01+00:00
2024,PA,PA-10,2024-09-18,48,85,10,85,,47,27,11,,apportioned,1,pa-dos,2026-09-06T15:28:01+00:00
2024,PA,PA-10,2024-09-19,47,95,10,95,,52,30,12,,apportioned,1,pa-dos,2026-09-06T15:28:01+00:00
2024,PA,PA-10,2024-09-20,46,101,6,101,,56,33,12,,apportioned,1,pa-dos,2026-09-06T15:28:01+00:00
2024,PA,PA-10,2024-09-21,45,101,0,101,,56,33,12,,apportioned,1,pa-dos,2026-09-06T15:28:01+00:00
2024,PA,PA-10,2024-09-22,44,101,0,101,,56,33,12,,apportioned,1,pa-dos,2026-09-06T15:28:01+00:00
2024,PA,PA-10,2024-09-23,43,118,17,118,,64,40,14,,apportioned,1,pa-dos,2026-09-06T15:28:01+00:00
2024,PA,PA-10,2024-09-24,42,145,28,145,,74,56,16,,apportioned,1,pa-dos,2026-09-06T15:28:01+00:00
2024,PA,PA-10,2024-09-25,41,177,31,177,,84,74,19,,apportioned,1,pa-dos,2026-09-06T15:28:01+00:00
2024,PA,PA-10,2024-09-26,40,199,23,199,,95,85,19,,apportioned,1,pa-dos,2026-09-06T15:28:01+00:00
2024,PA,PA-10,2024-09-27,39,232,33,232,,105,105,23,,apportioned,1,pa-dos,2026-09-06T15:28:01+00:00
2024,PA,PA-10,2024-09-28,38,232,0,232,,105,105,23,,apportioned,1,pa-dos,2026-09-06T15:28:01+00:00
2024,PA,PA-10,2024-09-29,37,232,0,232,,105,105,23,,apportioned,1,pa-dos,2026-09-06T15:28:01+00:00
2024,PA,PA-10,2024-09-30,36,265,33,265,,123,112,30,,apportioned,1,pa-dos,2026-09-06T15:28:01+00:00
2024,PA,PA-10,2024-10-01,35,2021,1757,2021,,1245,588,188,,apportioned,1,pa-dos,2026-09-06T15:28:01+00:00
2024,PA,PA-10,2024-10-02,34,4256,2235,4256,,2682,1182,393,,apportioned,1,pa-dos,2026-09-06T15:28:01+00:00
2024,PA,PA-10,2024-10-03,33,6316,2060,6316,,3986,1783,547,,apportioned,1,pa-dos,2026-09-06T15:28:01+00:00
2024,PA,PA-10,2024-10-04,32,7968,1652,7968,,5087,2185,698,,apportioned,1,pa-dos,2026-09-06T15:28:01+00:00
2024,PA,PA-10,2024-10-05,31,7978,10,7978,,5091,2187,701,,apportioned,1,pa-dos,2026-09-06T15:28:01+00:00
2024,PA,PA-10,2024-10-06,30,7978,0,7978,,5091,2187,701,,apportioned,1,pa-dos,2026-09-06T15:28:01+00:00
2024,PA,PA-10,2024-10-07,29,9981,2002,9981,,6417,2679,885,,apportioned,1,pa-dos,2026-09-06T15:28:01+00:00
2024,PA,PA-10,2024-10-08,28,11208,1226,11208,,7171,3052,984,,apportioned,1,pa-dos,2026-09-06T15:28:01+00:00
2024,PA,PA-10,2024-10-09,27,16705,5498,16705,,10451,4712,1543,,apportioned,1,pa-dos,2026-09-06T15:28:01+00:00
2024,PA,PA-10,2024-10-10,26,19885,3180,19885,,12225,5763,1898,,apportioned,1,pa-dos,2026-09-06T15:28:01+00:00
2024,PA,PA-10,2024-10-11,25,24836,4951,24836,,14923,7495,2418,,apportioned,1,pa-dos,2026-09-06T15:28:01+00:00
2024,PA,PA-10,2024-10-12,24,26039,1203,26039,,15560,7925,2554,,apportioned,1,pa-dos,2026-09-06T15:28:01+00:00
2024,PA,PA-10,2024-10-13,23,26039,0,26039,,15560,7925,2554,,apportioned,1,pa-dos,2026-09-06T15:28:01+00:00
2024,PA,PA-10,2024-10-14,22,31333,5294,31333,,18566,9759,3009,,apportioned,1,pa-dos,2026-09-06T15:28:01+00:00
2024,PA,PA-10,2024-10-15,21,36299,4966,36299,,21067,11596,3636,,apportioned,1,pa-dos,2026-09-06T15:28:01+00:00
2024,PA,PA-10,2024-10-16,20,38569,2270,38569,,22144,12565,3859,,apportioned,1,pa-dos,2026-09-06T15:28:01+00:00
2024,PA,PA-10,2024-10-17,19,43827,5257,43827,,24662,14627,4538,,apportioned,1,pa-dos,2026-09-06T15:28:01+00:00
2024,PA,PA-10,2024-10-18,18,47982,4155,47982,,26701,16264,5017,,apportioned,1,pa-dos,2026-09-06T15:28:01+00:00
2024,PA,PA-10,2024-10-19,17,48519,536,48519,,26936,16483,5099,,apportioned,1,pa-dos,2026-09-06T15:28:01+00:00
2024,PA,PA-10,2024-10-20,16,48605,86,48605,,26944,16550,5111,,apportioned,1,pa-dos,2026-09-06T15:28:01+00:00
2024,PA,PA-10,2024-10-21,15,61988,13382,61988,,33460,21853,6674,,apportioned,1,pa-dos,2026-09-06T15:28:01+00:00
2024,PA,PA-10,2024-10-22,14,67817,5830,67817,,36028,24373,7415,,apportioned,1,pa-dos,2026-09-06T15:28:01+00:00
2024,PA,PA-10,2024-10-23,13,72678,4861,72678,,38010,26548,8118,,apportioned,1,pa-dos,2026-09-06T15:28:01+00:00
2024,PA,PA-10,2024-10-24,12,76260,3583,76260,,39342,28277,8640,,apportioned,1,pa-dos,2026-09-06T15:28:01+00:00
2024,PA,PA-10,2024-10-25,11,78559,2299,78559,,40153,29493,8912,,apportioned,1,pa-dos,2026-09-06T15:28:01+00:00
2024,PA,PA-10,2024-10-26,10,81359,2800,81359,,41305,30706,9348,,apportioned,1,pa-dos,2026-09-06T15:28:01+00:00
2024,PA,PA-10,2024-10-27,9,81580,220,81580,,41334,30883,9362,,apportioned,1,pa-dos,2026-09-06T15:28:01+00:00
2024,PA,PA-10,2024-10-28,8,86603,5023,86603,,43143,33340,10120,,apportioned,1,pa-dos,2026-09-06T15:28:01+00:00
2024,PA,PA-10,2024-10-29,7,91802,5199,91802,,44969,35935,10898,,apportioned,1,pa-dos,2026-09-06T15:28:01+00:00
2024,PA,PA-10,2024-10-30,6,93934,2132,93934,,45841,36822,11271,,apportioned,1,pa-dos,2026-09-06T15:28:01+00:00
2024,PA,PA-10,2024-10-31,5,97137,3203,97137,,47119,38171,11848,,apportioned,1,pa-dos,2026-09-06T15:28:01+00:00
2024,PA,PA-10,2024-11-01,4,99557,2419,99557,,48166,39103,12287,,apportioned,1,pa-dos,2026-09-06T15:28:01+00:00
2024,PA,PA-10,2024-11-02,3,102566,3008,102566,,49280,40402,12882,,apportioned,1,pa-dos,2026-09-06T15:28:01+00:00
2024,PA,PA-10,2024-11-03,2,102589,24,102589,,49287,40418,12884,,apportioned,1,pa-dos,2026-09-06T15:28:01+00:00
2024,PA,PA-10,2024-11-04,1,108023,5434,108023,,51659,42395,13968,,apportioned,1,pa-dos,2026-09-06T15:28:01+00:00
2024,PA,PA-10,2024-11-05,0,112076,4053,112076,,53599,43630,14848,,apportioned,1,pa-dos,2026-09-06T15:28:01+00:00
2024,PA,PA-11,2024-09-20,46,2,2,2,,2,0,0,,apportioned,1,pa-dos,2026-09-06T15:28:01+00:00
2024,PA,PA-11,2024-09-21,45,2,0,2,,2,0,0,,apportioned,1,pa-dos,2026-09-06T15:28:01+00:00
2024,PA,PA-11,2024-09-22,44,2,0,2,,2,0,0,,apportioned,1,pa-dos,2026-09-06T15:28:01+00:00
2024,PA,PA-11,2024-09-23,43,4,2,4,,4,0,0,,apportioned,1,pa-dos,2026-09-06T15:28:01+00:00
2024,PA,PA-11,2024-09-24,42,4,0,4,,4,0,0,,apportioned,1,pa-dos,2026-09-06T15:28:01+00:00
2024,PA,PA-11,2024-09-25,41,12,8,12,,10,1,1,,apportioned,1,pa-dos,2026-09-06T15:28:01+00:00
2024,PA,PA-11,2024-09-26,40,24,11,24,,14,7,2,,apportioned,1,pa-dos,2026-09-06T15:28:01+00:00
2024,PA,PA-11,2024-09-27,39,38,14,38,,22,13,2,,apportioned,1,pa-dos,2026-09-06T15:28:01+00:00
2024,PA,PA-11,2024-09-28,38,38,0,38,,22,13,2,,apportioned,1,pa-dos,2026-09-06T15:28:01+00:00
2024,PA,PA-11,2024-09-29,37,38,0,38,,22,13,2,,apportioned,1,pa-dos,2026-09-06T15:28:01+00:00
2024,PA,PA-11,2024-09-30,36,44,6,44,,26,15,2,,apportioned,1,pa-dos,2026-09-06T15:28:01+00:00
2024,PA,PA-11,2024-10-01,35,90,45,90,,57,21,11,,apportioned,1,pa-dos,2026-09-06T15:28:01+00:00
2024,PA,PA-11,2024-10-02,34,519,429,519,,393,75,50,,apportioned,1,pa-dos,2026-09-06T15:28:01+00:00
2024,PA,PA-11,2024-10-03,33,559,40,559,,412,86,61,,apportioned,1,pa-dos,2026-09-06T15:28:01+00:00
2024,PA,PA-11,2024-10-04,32,1484,925,1484,,980,351,152,,apportioned,1,pa-dos,2026-09-06T15:28:01+00:00
2024,PA,PA-11,2024-10-05,31,1485,1,1485,,981,351,152,,apportioned,1,pa-dos,2026-09-06T15:28:01+00:00
2024,PA,PA-11,2024-10-06,30,1485,0,1485,,981,351,152,,apportioned,1,pa-dos,2026-09-06T15:28:01+00:00
2024,PA,PA-11,2024-10-07,29,9305,7821,9305,,5282,3035,988,,apportioned,1,pa-dos,2026-09-06T15:28:01+00:00
2024,PA,PA-11,2024-10-08,28,14888,5583,14888,,8428,4824,1636,,apportioned,1,pa-dos,2026-09-06T15:28:01+00:00
2024,PA,PA-11,2024-10-09,27,17919,3031,17919,,10055,5894,1969,,apportioned,1,pa-dos,2026-09-06T15:28:01+00:00
2024,PA,PA-11,2024-10-10,26,21384,3465,21384,,11798,7155,2431,,apportioned,1,pa-dos,2026-09-06T15:28:01+00:00
2024,PA,PA-11,2024-10-11,25,23932,2548,23932,,13043,8166,2723,,apportioned,1,pa-dos,2026-09-06T15:28:01+00:00
2024,PA,PA-11,2024-10-12,24,23945,13,23945,,13049,8170,2726,,apportioned,1,pa-dos,2026-09-06T15:28:01+00:00
2024,PA,PA-11,2024-10-13,23,23975,30,23975,,13067,8179,2729,,apportioned,1,pa-dos,2026-09-06T15:28:01+00:00
2024,PA,PA-11,2024-10-14,22,28363,4388,28363,,15618,9656,3088,,apportioned,1,pa-dos,2026-09-06T15:28:01+00:00
2024,PA,PA-11,2024-10-15,21,32923,4560,32923,,17782,11497,3644,,apportioned,1,pa-dos,2026-09-06T15:28:01+00:00
2024,PA,PA-11,2024-10-16,20,33836,913,33836,,18173,11896,3768,,apportioned,1,pa-dos,2026-09-06T15:28:01+00:00
2024,PA,PA-11,2024-10-17,19,38768,4933,38768,,20338,14009,4421,,apportioned,1,pa-dos,2026-09-06T15:28:01+00:00
2024,PA,PA-11,2024-10-18,18,41632,2864,41632,,21630,15172,4830,,apportioned,1,pa-dos,2026-09-06T15:28:01+00:00
2024,PA,PA-11,2024-10-19,17,41726,94,41726,,21662,15225,4840,,apportioned,1,pa-dos,2026-09-06T15:28:01+00:00
2024,PA,PA-11,2024-10-20,16,41811,85,41811,,21669,15291,4851,,apportioned,1,pa-dos,2026-09-06T15:28:01+00:00
2024,PA,PA-11,2024-10-21,15,50843,9033,50843,,26297,18739,5808,,apportioned,1,pa-dos,2026-09-06T15:28:01+00:00
2024,PA,PA-11,2024-10-22,14,59929,9085,59929,,30025,22863,7041,,apportioned,1,pa-dos,2026-09-06T15:28:01+00:00
2024,PA,PA-11,2024-10-23,13,64179,4250,64179,,31624,24931,7625,,apportioned,1,pa-dos,2026-09-06T15:28:01+00:00
2024,PA,PA-11,2024-10-24,12,67370,3190,67370,,32829,26471,8070,,apportioned,1,pa-dos,2026-09-06T15:28:01+00:00
2024,PA,PA-11,2024-10-25,11,68910,1541,68910,,33361,27278,8272,,apportioned,1,pa-dos,2026-09-06T15:28:01+00:00
2024,PA,PA-11,2024-10-26,10,72126,3216,72126,,34588,28755,8783,,apportioned,1,pa-dos,2026-09-06T15:28:01+00:00
2024,PA,PA-11,2024-10-27,9,72341,216,72341,,34617,28928,8797,,apportioned,1,pa-dos,2026-09-06T15:28:01+00:00
2024,PA,PA-11,2024-10-28,8,73551,1210,73551,,35011,29581,8959,,apportioned,1,pa-dos,2026-09-06T15:28:01+00:00
2024,PA,PA-11,2024-10-29,7,78075,4524,78075,,36452,31997,9626,,apportioned,1,pa-dos,2026-09-06T15:28:01+00:00
2024,PA,PA-11,2024-10-30,6,80083,2008,80083,,37165,32930,9988,,apportioned,1,pa-dos,2026-09-06T15:28:01+00:00
2024,PA,PA-11,2024-10-31,5,83324,3241,83324,,38341,34456,10526,,apportioned,1,pa-dos,2026-09-06T15:28:01+00:00
2024,PA,PA-11,2024-11-01,4,86071,2747,86071,,39396,35579,11096,,apportioned,1,pa-dos,2026-09-06T15:28:01+00:00
2024,PA,PA-11,2024-11-02,3,88637,2567,88637,,40307,36755,11576,,apportioned,1,pa-dos,2026-09-06T15:28:01+00:00
2024,PA,PA-11,2024-11-03,2,88661,23,88661,,40313,36769,11578,,apportioned,1,pa-dos,2026-09-06T15:28:01+00:00
2024,PA,PA-11,2024-11-04,1,93785,5124,93785,,42172,38971,12643,,apportioned,1,pa-dos,2026-09-06T15:28:01+00:00
2024,PA,PA-11,2024-11-05,0,96751,2966,96751,,43431,40035,13285,,apportioned,1,pa-dos,2026-09-06T15:28:01+00:00
2024,PA,PA-12,2024-09-26,40,1,1,1,,1,0,0,,apportioned,1,pa-dos,2026-09-06T15:28:01+00:00
2024,PA,PA-12,2024-09-27,39,2,1,2,,1,1,0,,apportioned,1,pa-dos,2026-09-06T15:28:01+00:00
2024,PA,PA-12,2024-09-28,38,2,0,2,,1,1,0,,apportioned,1,pa-dos,2026-09-06T15:28:01+00:00
2024,PA,PA-12,2024-09-29,37,2,0,2,,1,1,0,,apportioned,1,pa-dos,2026-09-06T15:28:01+00:00
2024,PA,PA-12,2024-09-30,36,9,7,9,,4,4,2,,apportioned,1,pa-dos,2026-09-06T15:28:01+00:00
2024,PA,PA-12,2024-10-01,35,65,56,65,,42,13,9,,apportioned,1,pa-dos,2026-09-06T15:28:01+00:00
2024,PA,PA-12,2024-10-02,34,459,394,459,,332,87,40,,apportioned,1,pa-dos,2026-09-06T15:28:01+00:00
2024,PA,PA-12,2024-10-03,33,5248,4789,5248,,3845,1013,388,,apportioned,1,pa-dos,2026-09-06T15:28:01+00:00
2024,PA,PA-12,2024-10-04,32,11886,6638,11886,,8889,2134,862,,apportioned,1,pa-dos,2026-09-06T15:28:01+00:00
2024,PA,PA-12,2024-10-05,31,11886,0,11886,,8889,2135,862,,apportioned,1,pa-dos,2026-09-06T15:28:01+00:00
2024,PA,PA-12,2024-10-06,30,11886,0,11886,,8889,2135,862,,apportioned,1,pa-dos,2026-09-06T15:28:01+00:00
2024,PA,PA-12,2024-10-07,29,24076,12189,24076,,18080,4217,1778,,apportioned,1,pa-dos,2026-09-06T15:28:01+00:00
2024,PA,PA-12,2024-10-08,28,29182,5106,29182,,21818,5173,2190,,apportioned,1,pa-dos,2026-09-06T15:28:01+00:00
2024,PA,PA-12,2024-10-09,27,32314,3132,32314,,24173,5720,2421,,apportioned,1,pa-dos,2026-09-06T15:28:01+00:00
2024,PA,PA-12,2024-10-10,26,37977,5663,37977,,28220,6856,2901,,apportioned,1,pa-dos,2026-09-06T15:28:01+00:00
2024,PA,PA-12,2024-10-11,25,41610,3634,41610,,30790,7610,3209,,apportioned,1,pa-dos,2026-09-06T15:28:01+00:00
2024,PA,PA-12,2024-10-12,24,41616,7,41616,,30791,7615,3210,,apportioned,1,pa-dos,2026-09-06T15:28:01+00:00
2024,PA,PA-12,2024-10-13,23,41616,0,41616,,30791,7615,3210,,apportioned,1,pa-dos,2026-09-06T15:28:01+00:00
2024,PA,PA-12,2024-10-14,22,41616,0,41616,,30791,7615,3210,,apportioned,1,pa-dos,2026-09-06T15:28:01+00:00
2024,PA,PA-12,2024-10-15,21,50454,8838,50454,,36969,9425,4060,,apportioned,1,pa-dos,2026-09-06T15:28:01+00:00
2024,PA,PA-12,2024-10-16,20,51363,908,51363,,37551,9665,4148,,apportioned,1,pa-dos,2026-09-06T15:28:01+00:00
2024,PA,PA-12,2024-10-17,19,60118,8755,60118,,43438,11713,4966,,apportioned,1,pa-dos,2026-09-06T15:28:01+00:00
2024,PA,PA-12,2024-10-18,18,65709,5591,65709,,47149,13111,5449,,apportioned,1,pa-dos,2026-09-06T15:28:01+00:00
2024,PA,PA-12,2024-10-19,17,68527,2818,68527,,48972,13806,5750,,apportioned,1,pa-dos,2026-09-06T15:28:01+00:00
2024,PA,PA-12,2024-10-20,16,70004,1477,70004,,49737,14363,5904,,apportioned,1,pa-dos,2026-09-06T15:28:01+00:00
2024,PA,PA-12,2024-10-21,15,78727,8723,78727,,54837,17121,6770,,apportioned,1,pa-dos,2026-09-06T15:28:01+00:00
2024,PA,PA-12,2024-10-22,14,80021,1295,80021,,55524,17602,6895,,apportioned,1,pa-dos,2026-09-06T15:28:01+00:00
2024,PA,PA-12,2024-10-23,13,85698,5676,85698,,58850,19322,7525,,apportioned,1,pa-dos,2026-09-06T15:28:01+00:00
2024,PA,PA-12,2024-10-24,12,89541,3844,89541,,61108,20472,7961,,apportioned,1,pa-dos,2026-09-06T15:28:01+00:00
2024,PA,PA-12,2024-10-25,11,92858,3316,92858,,62996,21476,8387,,apportioned,1,pa-dos,2026-09-06T15:28:01+00:00
2024,PA,PA-12,2024-10-26,10,97178,4320,97178,,65479,22702,8997,,apportioned,1,pa-dos,2026-09-06T15:28:01+00:00
2024,PA,PA-12,2024-10-27,9,99391,2212,99391,,66385,23747,9259,,apportioned,1,pa-dos,2026-09-06T15:28:01+00:00
2024,PA,PA-12,2024-10-28,8,103785,4395,103785,,68533,25450,9804,,apportioned,1,pa-dos,2026-09-06T15:28:01+00:00
2024,PA,PA-12,2024-10-29,7,107489,3704,107489,,70531,26596,10364,,apportioned,1,pa-dos,2026-09-06T15:28:01+00:00
2024,PA,PA-12,2024-10-30,6,111463,3973,111463,,72723,27780,10960,,apportioned,1,pa-dos,2026-09-06T15:28:01+00:00
2024,PA,PA-12,2024-10-31,5,116684,5221,116684,,75457,29478,11750,,apportioned,1,pa-dos,2026-09-06T15:28:01+00:00
2024,PA,PA-12,2024-11-01,4,119897,3214,119897,,77244,30400,12254,,apportioned,1,pa-dos,2026-09-06T15:28:01+00:00
2024,PA,PA-12,2024-11-02,3,123025,3129,123025,,78942,31278,12805,,apportioned,1,pa-dos,2026-09-06T15:28:01+00:00
2024,PA,PA-12,2024-11-03,2,124336,1311,124336,,79656,31644,13036,,apportioned,1,pa-dos,2026-09-06T15:28:01+00:00
2024,PA,PA-12,2024-11-04,1,127179,2842,127179,,81105,32482,13592,,apportioned,1,pa-dos,2026-09-06T15:28:01+00:00
2024,PA,PA-12,2024-11-05,0,131527,4348,131527,,83520,33543,14463,,apportioned,1,pa-dos,2026-09-06T15:28:01+00:00
2024,PA,PA-13,2024-08-28,69,1,1,1,,1,0,0,,apportioned,1,pa-dos,2026-09-06T15:28:01+00:00
2024,PA,PA-13,2024-08-29,68,1,0,1,,1,0,0,,apportioned,1,pa-dos,2026-09-06T15:28:01+00:00
2024,PA,PA-13,2024-08-30,67,1,0,1,,1,0,0,,apportioned,1,pa-dos,2026-09-06T15:28:01+00:00
2024,PA,PA-13,2024-08-31,66,1,0,1,,1,0,0,,apportioned,1,pa-dos,2026-09-06T15:28:01+00:00
2024,PA,PA-13,2024-09-01,65,1,0,1,,1,0,0,,apportioned,1,pa-dos,2026-09-06T15:28:01+00:00
2024,PA,PA-13,2024-09-02,64,1,0,1,,1,0,0,,apportioned,1,pa-dos,2026-09-06T15:28:01+00:00
2024,PA,PA-13,2024-09-03,63,1,0,1,,1,0,0,,apportioned,1,pa-dos,2026-09-06T15:28:01+00:00
2024,PA,PA-13,2024-09-04,62,2,0,2,,1,0,0,,apportioned,1,pa-dos,2026-09-06T15:28:01+00:00
2024,PA,PA-13,2024-09-05,61,2,0,2,,2,0,0,,apportioned,1,pa-dos,2026-09-06T15:28:01+00:00
2024,PA,PA-13,2024-09-06,60,2,0,2,,2,0,0,,apportioned,1,pa-dos,2026-09-06T15:28:01+00:00
2024,PA,PA-13,2024-09-07,59,2,0,2,,2,0,0,,apportioned,1,pa-dos,2026-09-06T15:28:01+00:00
2024,PA,PA-13,2024-09-08,58,2,0,2,,2,0,0,,apportioned,1,pa-dos,2026-09-06T15:28:01+00:00
2024,PA,PA-13,2024-09-09,57,4,1,4,,2,1,0,,apportioned,1,pa-dos,2026-09-06T15:28:01+00:00
2024,PA,PA-13,2024-09-10,56,4,0,4,,3,1,0,,apportioned,1,pa-dos,2026-09-06T15:28:01+00:00
2024,PA,PA-13,2024-09-11,55,4,0,4,,3,1,0,,apportioned,1,pa-dos,2026-09-06T15:28:01+00:00
2024,PA,PA-13,2024-09-12,54,5,1,5,,3,1,0,,apportioned,1,pa-dos,2026-09-06T15:28:01+00:00
2024,PA,PA-13,2024-09-13,53,5,0,5,,4,1,0,,apportioned,1,pa-dos,2026-09-06T15:28:01+00:00
2024,PA,PA-13,2024-09-14,52,5,0,5,,4,1,0,,apportioned,1,pa-dos,2026-09-06T15:28:01+00:00
2024,PA,PA-13,2024-09-15,51,5,0,5,,4,1,0,,apportioned,1,pa-dos,2026-09-06T15:28:01+00:00
2024,PA,PA-13,2024-09-16,50,7,2,7,,4,2,1,,apportioned,1,pa-dos,2026-09-06T15:28:01+00:00
2024,PA,PA-13,2024-09-17,49,8,0,8,,5,2,1,,apportioned,1,pa-dos,2026-09-06T15:28:01+00:00
2024,PA,PA-13,2024-09-18,48,9,2,9,,6,2,1,,apportioned,1,pa-dos,2026-09-06T15:28:01+00:00
2024,PA,PA-13,2024-09-19,47,10,1,10,,7,3,1,,apportioned,1,pa-dos,2026-09-06T15:28:01+00:00
2024,PA,PA-13,2024-09-20,46,12,2,12,,7,4,1,,apportioned,1,pa-dos,2026-09-06T15:28:01+00:00
2024,PA,PA-13,2024-09-21,45,12,0,12,,7,4,1,,apportioned,1,pa-dos,2026-09-06T15:28:01+00:00
2024,PA,PA-13,2024-09-22,44,12,0,12,,7,4,1,,apportioned,1,pa-dos,2026-09-06T15:28:01+00:00
2024,PA,PA-13,2024-09-23,43,13,1,13,,8,4,1,,apportioned,1,pa-dos,2026-09-06T15:28:01+00:00
2024,PA,PA-13,2024-09-24,42,16,2,16,,8,5,2,,apportioned,1,pa-dos,2026-09-06T15:28:01+00:00
2024,PA,PA-13,2024-09-25,41,20,4,20,,10,8,2,,apportioned,1,pa-dos,2026-09-06T15:28:01+00:00
2024,PA,PA-13,2024-09-26,40,25,5,25,,12,10,4,,apportioned,1,pa-dos,2026-09-06T15:28:01+00:00
2024,PA,PA-13,2024-09-27,39,33,8,33,,13,13,7,,apportioned,1,pa-dos,2026-09-06T15:28:01+00:00
2024,PA,PA-13,2024-09-28,38,33,0,33,,13,13,7,,apportioned,1,pa-dos,2026-09-06T15:28:01+00:00
2024,PA,PA-13,2024-09-29,37,33,0,33,,13,13,7,,apportioned,1,pa-dos,2026-09-06T15:28:01+00:00
2024,PA,PA-13,2024-09-30,36,64,31,64,,27,24,14,,apportioned,1,pa-dos,2026-09-06T15:28:01+00:00
2024,PA,PA-13,2024-10-01,35,89,25,89,,38,35,17,,apportioned,1,pa-dos,2026-09-06T15:28:01+00:00
2024,PA,PA-13,2024-10-02,34,125,35,125,,40,62,22,,apportioned,1,pa-dos,2026-09-06T15:28:01+00:00
2024,PA,PA-13,2024-10-03,33,162,37,162,,61,76,24,,apportioned,1,pa-dos,2026-09-06T15:28:01+00:00
2024,PA,PA-13,2024-10-04,32,240,78,240,,96,111,32,,apportioned,1,pa-dos,2026-09-06T15:28:01+00:00
2024,PA,PA-13,2024-10-05,31,241,1,241,,97,112,32,,apportioned,1,pa-dos,2026-09-06T15:28:01+00:00
2024,PA,PA-13,2024-10-06,30,244,3,244,,97,115,32,,apportioned,1,pa-dos,2026-09-06T15:28:01+00:00
2024,PA,PA-13,2024-10-07,29,719,474,719,,261,396,61,,apportioned,1,pa-dos,2026-09-06T15:28:01+00:00
2024,PA,PA-13,2024-10-08,28,2096,1378,2096,,958,959,179,,apportioned,1,pa-dos,2026-09-06T15:28:01+00:00
2024,PA,PA-13,2024-10-09,27,6435,4339,6435,,3074,2780,581,,apportioned,1,pa-dos,2026-09-06T15:28:01+00:00
2024,PA,PA-13,2024-10-10,26,11103,4668,11103,,5519,4665,919,,apportioned,1,pa-dos,2026-09-06T15:28:01+00:00
2024,PA,PA-13,2024-10-11,25,16693,5590,16693,,8355,7020,1318,,apportioned,1,pa-dos,2026-09-06T15:28:01+00:00
2024,PA,PA-13,2024-10-12,24,16807,114,16807,,8412,7064,1331,,apportioned,1,pa-dos,2026-09-06T15:28:01+00:00
2024,PA,PA-13,2024-10-13,23,16807,0,16807,,8412,7064,1331,,apportioned,1,pa-dos,2026-09-06T15:28:01+00:00
2024,PA,PA-13,2024-10-14,22,18128,1321,18128,,9056,7637,1435,,apportioned,1,pa-dos,2026-09-06T15:28:01+00:00
2024,PA,PA-13,2024-10-15,21,25855,7727,25855,,12708,11099,2047,,apportioned,1,pa-dos,2026-09-06T15:28:01+00:00
2024,PA,PA-13,2024-10-16,20,32640,6785,32640,,15730,14346,2563,,apportioned,1,pa-dos,2026-09-06T15:28:01+00:00
2024,PA,PA-13,2024-10-17,19,40185,7546,40185,,18795,18144,3246,,apportioned,1,pa-dos,2026-09-06T15:28:01+00:00
2024,PA,PA-13,2024-10-18,18,44853,4668,44853,,20520,20632,3701,,apportioned,1,pa-dos,2026-09-06T15:28:01+00:00
2024,PA,PA-13,2024-10-19,17,44901,49,44901,,20543,20650,3708,,apportioned,1,pa-dos,2026-09-06T15:28:01+00:00
2024,PA,PA-13,2024-10-20,16,44905,4,44905,,20545,20652,3708,,apportioned,1,pa-dos,2026-09-06T15:28:01+00:00
2024,PA,PA-13,2024-10-21,15,50538,5632,50538,,22501,23743,4294,,apportioned,1,pa-dos,2026-09-06T15:28:01+00:00
2024,PA,PA-13,2024-10-22,14,54616,4079,54616,,23805,26098,4714,,apportioned,1,pa-dos,2026-09-06T15:28:01+00:00
2024,PA,PA-13,2024-10-23,13,60101,5485,60101,,25418,29356,5329,,apportioned,1,pa-dos,2026-09-06T15:28:01+00:00
2024,PA,PA-13,2024-10-24,12,64752,4650,64752,,26869,32035,5848,,apportioned,1,pa-dos,2026-09-06T15:28:01+00:00
2024,PA,PA-13,2024-10-25,11,68602,3850,68602,,27765,34593,6244,,apportioned,1,pa-dos,2026-09-06T15:28:01+00:00
2024,PA,PA-13,2024-10-26,10,70556,1954,70556,,28360,35772,6424,,apportioned,1,pa-dos,2026-09-06T15:28:01+00:00
2024,PA,PA-13,2024-10-27,9,70556,0,70556,,28360,35772,6424,,apportioned,1,pa-dos,2026-09-06T15:28:01+00:00
2024,PA,PA-13,2024-10-28,8,75936,5379,75936,,29702,39196,7038,,apportioned,1,pa-dos,2026-09-06T15:28:01+00:00
2024,PA,PA-13,2024-10-29,7,81860,5925,81860,,31202,43040,7619,,apportioned,1,pa-dos,2026-09-06T15:28:01+00:00
2024,PA,PA-13,2024-10-30,6,87122,5262,87122,,32679,46213,8230,,apportioned,1,pa-dos,2026-09-06T15:28:01+00:00
2024,PA,PA-13,2024-10-31,5,89477,2355,89477,,33453,47424,8600,,apportioned,1,pa-dos,2026-09-06T15:28:01+00:00
2024,PA,PA-13,2024-11-01,4,91954,2477,91954,,34205,48763,8986,,apportioned,1,pa-dos,2026-09-06T15:28:01+00:00
2024,PA,PA-13,2024-11-02,3,92455,501,92455,,34387,49011,9057,,apportioned,1,pa-dos,2026-09-06T15:28:01+00:00
2024,PA,PA-13,2024-11-03,2,92470,15,92470,,34393,49017,9060,,apportioned,1,pa-dos,2026-09-06T15:28:01+00:00
2024,PA,PA-13,2024-11-04,1,96097,3628,96097,,35554,50872,9671,,apportioned,1,pa-dos,2026-09-06T15:28:01+00:00
2024,PA,PA-13,2024-11-05,0,98973,2876,98973,,36576,52214,10182,,apportioned,1,pa-dos,2026-09-06T15:28:01+00:00
2024,PA,PA-14,2024-09-13,53,4,4,4,,0,4,0,,apportioned,1,pa-dos,2026-09-06T15:28:01+00:00
2024,PA,PA-14,2024-09-14,52,4,0,4,,0,4,0,,apportioned,1,pa-dos,2026-09-06T15:28:01+00:00
2024,PA,PA-14,2024-09-15,51,4,0,4,,0,4,0,,apportioned,1,pa-dos,2026-09-06T15:28:01+00:00
2024,PA,PA-14,2024-09-16,50,5,1,5,,0,5,0,,apportioned,1,pa-dos,2026-09-06T15:28:01+00:00
2024,PA,PA-14,2024-09-17,49,7,2,7,,2,5,0,,apportioned,1,pa-dos,2026-09-06T15:28:01+00:00
2024,PA,PA-14,2024-09-18,48,7,0,7,,2,5,0,,apportioned,1,pa-dos,2026-09-06T15:28:01+00:00
2024,PA,PA-14,2024-09-19,47,7,0,7,,2,5,0,,apportioned,1,pa-dos,2026-09-06T15:28:01+00:00
2024,PA,PA-14,2024-09-20,46,7,0,7,,2,5,0,,apportioned,1,pa-dos,2026-09-06T15:28:01+00:00
2024,PA,PA-14,2024-09-21,45,7,0,7,,2,5,0,,apportioned,1,pa-dos,2026-09-06T15:28:01+00:00
2024,PA,PA-14,2024-09-22,44,7,0,7,,2,5,0,,apportioned,1,pa-dos,2026-09-06T15:28:01+00:00
2024,PA,PA-14,2024-09-23,43,12,5,12,,2,9,1,,apportioned,1,pa-dos,2026-09-06T15:28:01+00:00
2024,PA,PA-14,2024-09-24,42,16,4,16,,2,13,1,,apportioned,1,pa-dos,2026-09-06T15:28:01+00:00
2024,PA,PA-14,2024-09-25,41,28,13,28,,4,23,1,,apportioned,1,pa-dos,2026-09-06T15:28:01+00:00
2024,PA,PA-14,2024-09-26,40,37,9,37,,7,28,2,,apportioned,1,pa-dos,2026-09-06T15:28:01+00:00
2024,PA,PA-14,2024-09-27,39,54,17,54,,10,41,4,,apportioned,1,pa-dos,2026-09-06T15:28:01+00:00
2024,PA,PA-14,2024-09-28,38,56,2,56,,10,42,5,,apportioned,1,pa-dos,2026-09-06T15:28:01+00:00
2024,PA,PA-14,2024-09-29,37,56,0,56,,10,42,5,,apportioned,1,pa-dos,2026-09-06T15:28:01+00:00
2024,PA,PA-14,2024-09-30,36,98,42,98,,22,63,13,,apportioned,1,pa-dos,2026-09-06T15:28:01+00:00
2024,PA,PA-14,2024-10-01,35,137,39,137,,35,86,15,,apportioned,1,pa-dos,2026-09-06T15:28:01+00:00
2024,PA,PA-14,2024-10-02,34,150,14,150,,39,94,18,,apportioned,1,pa-dos,2026-09-06T15:28:01+00:00
2024,PA,PA-14,2024-10-03,33,204,54,204,,51,130,25,,apportioned,1,pa-dos,2026-09-06T15:28:01+00:00
2024,PA,PA-14,2024-10-04,32,418,213,418,,169,208,42,,apportioned,1,pa-dos,2026-09-06T15:28:01+00:00
2024,PA,PA-14,2024-10-05,31,418,0,418,,169,208,42,,apportioned,1,pa-dos,2026-09-06T15:28:01+00:00
2024,PA,PA-14,2024-10-06,30,418,0,418,,169,208,42,,apportioned,1,pa-dos,2026-09-06T15:28:01+00:00
2024,PA,PA-14,2024-10-07,29,1573,1156,1573,,768,680,126,,apportioned,1,pa-dos,2026-09-06T15:28:01+00:00
2024,PA,PA-14,2024-10-08,28,2671,1099,2671,,1383,1076,214,,apportioned,1,pa-dos,2026-09-06T15:28:01+00:00
2024,PA,PA-14,2024-10-09,27,3766,1094,3766,,2044,1452,270,,apportioned,1,pa-dos,2026-09-06T15:28:01+00:00
2024,PA,PA-14,2024-10-10,26,5517,1751,5517,,3084,2057,375,,apportioned,1,pa-dos,2026-09-06T15:28:01+00:00
2024,PA,PA-14,2024-10-11,25,7202,1684,7202,,4051,2664,488,,apportioned,1,pa-dos,2026-09-06T15:28:01+00:00
2024,PA,PA-14,2024-10-12,24,7217,14,7217,,4055,2674,488,,apportioned,1,pa-dos,2026-09-06T15:28:01+00:00
2024,PA,PA-14,2024-10-13,23,7217,0,7217,,4055,2674,488,,apportioned,1,pa-dos,2026-09-06T15:28:01+00:00
2024,PA,PA-14,2024-10-14,22,7218,1,7218,,4055,2675,488,,apportioned,1,pa-dos,2026-09-06T15:28:01+00:00
2024,PA,PA-14,2024-10-15,21,13735,6518,13735,,8124,4710,902,,apportioned,1,pa-dos,2026-09-06T15:28:01+00:00
2024,PA,PA-14,2024-10-16,20,16230,2495,16230,,9327,5836,1067,,apportioned,1,pa-dos,2026-09-06T15:28:01+00:00
2024,PA,PA-14,2024-10-17,19,25297,9065,25297,,14824,8758,1716,,apportioned,1,pa-dos,2026-09-06T15:28:01+00:00
2024,PA,PA-14,2024-10-18,18,34935,9639,34935,,20706,11857,2374,,apportioned,1,pa-dos,2026-09-06T15:28:01+00:00
2024,PA,PA-14,2024-10-19,17,35071,136,35071,,20749,11939,2383,,apportioned,1,pa-dos,2026-09-06T15:28:01+00:00
2024,PA,PA-14,2024-10-20,16,35154,82,35154,,20773,11988,2392,,apportioned,1,pa-dos,2026-09-06T15:28:01+00:00
2024,PA,PA-14,2024-10-21,15,49621,14468,49621,,28808,17211,3602,,apportioned,1,pa-dos,2026-09-06T15:28:01+00:00
2024,PA,PA-14,2024-10-22,14,53513,3890,53513,,30570,19030,3913,,apportioned,1,pa-dos,2026-09-06T15:28:01+00:00
2024,PA,PA-14,2024-10-23,13,60992,7479,60992,,34349,22072,4570,,apportioned,1,pa-dos,2026-09-06T15:28:01+00:00
2024,PA,PA-14,2024-10-24,12,65602,4611,65602,,36421,24134,5048,,apportioned,1,pa-dos,2026-09-06T15:28:01+00:00
2024,PA,PA-14,2024-10-25,11,70777,5175,70777,,38851,26407,5519,,apportioned,1,pa-dos,2026-09-06T15:28:01+00:00
2024,PA,PA-14,2024-10-26,10,73396,2620,73396,,40090,27524,5783,,apportioned,1,pa-dos,2026-09-06T15:28:01+00:00
2024,PA,PA-14,2024-10-27,9,73578,182,73578,,40123,27650,5805,,apportioned,1,pa-dos,2026-09-06T15:28:01+00:00
2024,PA,PA-14,2024-10-28,8,78087,4510,78087,,41834,29986,6266,,apportioned,1,pa-dos,2026-09-06T15:28:01+00:00
2024,PA,PA-14,2024-10-29,7,81583,3495,81583,,42883,32111,6587,,apportioned,1,pa-dos,2026-09-06T15:28:01+00:00
2024,PA,PA-14,2024-10-30,6,83654,2071,83654,,43709,33099,6846,,apportioned,1,pa-dos,2026-09-06T15:28:01+00:00
2024,PA,PA-14,2024-10-31,5,88732,5079,88732,,45821,35404,7506,,apportioned,1,pa-dos,2026-09-06T15:28:01+00:00
2024,PA,PA-14,2024-11-01,4,91402,2670,91402,,46862,36647,7894,,apportioned,1,pa-dos,2026-09-06T15:28:01+00:00
2024,PA,PA-14,2024-11-02,3,92905,1502,92905,,47400,37354,8152,,apportioned,1,pa-dos,2026-09-06T15:28:01+00:00
2024,PA,PA-14,2024-11-03,2,93659,754,93659,,47717,37665,8278,,apportioned,1,pa-dos,2026-09-06T15:28:01+00:00
2024,PA,PA-14,2024-11-04,1,97129,3470,97129,,49086,39242,8802,,apportioned,1,pa-dos,2026-09-06T15:28:01+00:00
2024,PA,PA-14,2024-11-05,0,99224,2094,99224,,49904,40156,9164,,apportioned,1,pa-dos,2026-09-06T15:28:01+00:00
2024,PA,PA-15,2024-09-11,55,1,1,1,,0,1,0,,apportioned,1,pa-dos,2026-09-06T15:28:01+00:00
2024,PA,PA-15,2024-09-12,54,1,0,1,,0,1,0,,apportioned,1,pa-dos,2026-09-06T15:28:01+00:00
2024,PA,PA-15,2024-09-13,53,1,0,1,,0,1,0,,apportioned,1,pa-dos,2026-09-06T15:28:01+00:00
2024,PA,PA-15,2024-09-14,52,1,0,1,,0,1,0,,apportioned,1,pa-dos,2026-09-06T15:28:01+00:00
2024,PA,PA-15,2024-09-15,51,1,0,1,,0,1,0,,apportioned,1,pa-dos,2026-09-06T15:28:01+00:00
2024,PA,PA-15,2024-09-16,50,2,1,2,,0,2,0,,apportioned,1,pa-dos,2026-09-06T15:28:01+00:00
2024,PA,PA-15,2024-09-17,49,3,1,3,,1,2,0,,apportioned,1,pa-dos,2026-09-06T15:28:01+00:00
2024,PA,PA-15,2024-09-18,48,3,0,3,,1,2,0,,apportioned,1,pa-dos,2026-09-06T15:28:01+00:00
2024,PA,PA-15,2024-09-19,47,3,0,3,,1,2,0,,apportioned,1,pa-dos,2026-09-06T15:28:01+00:00
2024,PA,PA-15,2024-09-20,46,4,1,4,,1,3,0,,apportioned,1,pa-dos,2026-09-06T15:28:01+00:00
2024,PA,PA-15,2024-09-21,45,4,0,4,,1,3,0,,apportioned,1,pa-dos,2026-09-06T15:28:01+00:00
2024,PA,PA-15,2024-09-22,44,4,0,4,,1,3,0,,apportioned,1,pa-dos,2026-09-06T15:28:01+00:00
2024,PA,PA-15,2024-09-23,43,14,10,14,,3,8,3,,apportioned,1,pa-dos,2026-09-06T15:28:01+00:00
2024,PA,PA-15,2024-09-24,42,34,20,34,,11,17,6,,apportioned,1,pa-dos,2026-09-06T15:28:01+00:00
2024,PA,PA-15,2024-09-25,41,82,48,82,,21,53,8,,apportioned,1,pa-dos,2026-09-06T15:28:01+00:00
2024,PA,PA-15,2024-09-26,40,156,74,156,,49,94,13,,apportioned,1,pa-dos,2026-09-06T15:28:01+00:00
2024,PA,PA-15,2024-09-27,39,219,63,219,,75,123,20,,apportioned,1,pa-dos,2026-09-06T15:28:01+00:00
2024,PA,PA-15,2024-09-28,38,219,0,219,,75,123,20,,apportioned,1,pa-dos,2026-09-06T15:28:01+00:00
2024,PA,PA-15,2024-09-29,37,219,0,219,,75,123,20,,apportioned,1,pa-dos,2026-09-06T15:28:01+00:00
2024,PA,PA-15,2024-09-30,36,594,374,594,,245,297,51,,apportioned,1,pa-dos,2026-09-06T15:28:01+00:00
2024,PA,PA-15,2024-10-01,35,846,252,846,,358,418,70,,apportioned,1,pa-dos,2026-09-06T15:28:01+00:00
2024,PA,PA-15,2024-10-02,34,1503,657,1503,,675,702,126,,apportioned,1,pa-dos,2026-09-06T15:28:01+00:00
2024,PA,PA-15,2024-10-03,33,2226,723,2226,,1044,1008,173,,apportioned,1,pa-dos,2026-09-06T15:28:01+00:00
2024,PA,PA-15,2024-10-04,32,3023,797,3023,,1451,1347,224,,apportioned,1,pa-dos,2026-09-06T15:28:01+00:00
2024,PA,PA-15,2024-10-05,31,3023,0,3023,,1451,1347,224,,apportioned,1,pa-dos,2026-09-06T15:28:01+00:00
2024,PA,PA-15,2024-10-06,30,3023,0,3023,,1451,1347,224,,apportioned,1,pa-dos,2026-09-06T15:28:01+00:00
2024,PA,PA-15,2024-10-07,29,5769,2747,5769,,3106,2169,495,,apportioned,1,pa-dos,2026-09-06T15:28:01+00:00
2024,PA,PA-15,2024-10-08,28,8422,2651,8422,,4480,3229,712,,apportioned,1,pa-dos,2026-09-06T15:28:01+00:00
2024,PA,PA-15,2024-10-09,27,12623,4202,12623,,6833,4688,1103,,apportioned,1,pa-dos,2026-09-06T15:28:01+00:00
2024,PA,PA-15,2024-10-10,26,15284,2661,15284,,8254,5699,1333,,apportioned,1,pa-dos,2026-09-06T15:28:01+00:00
2024,PA,PA-15,2024-10-11,25,17765,2481,17765,,9541,6654,1570,,apportioned,1,pa-dos,2026-09-06T15:28:01+00:00
2024,PA,PA-15,2024-10-12,24,17945,180,17945,,9620,6743,1582,,apportioned,1,pa-dos,2026-09-06T15:28:01+00:00
2024,PA,PA-15,2024-10-13,23,18006,61,18006,,9653,6765,1588,,apportioned,1,pa-dos,2026-09-06T15:28:01+00:00
2024,PA,PA-15,2024-10-14,22,20669,2663,20669,,11051,7755,1862,,apportioned,1,pa-dos,2026-09-06T15:28:01+00:00
2024,PA,PA-15,2024-10-15,21,24564,3895,24564,,12897,9445,2222,,apportioned,1,pa-dos,2026-09-06T15:28:01+00:00
2024,PA,PA-15,2024-10-16,20,30135,5572,30135,,15566,11919,2650,,apportioned,1,pa-dos,2026-09-06T15:28:01+00:00
2024,PA,PA-15,2024-10-17,19,36179,6045,36179,,18465,14523,3191,,apportioned,1,pa-dos,2026-09-06T15:28:01+00:00
2024,PA,PA-15,2024-10-18,18,41249,5068,41249,,20513,17053,3682,,apportioned,1,pa-dos,2026-09-06T15:28:01+00:00
2024,PA,PA-15,2024-10-19,17,41562,314,41562,,20656,17200,3706,,apportioned,1,pa-dos,2026-09-06T15:28:01+00:00
2024,PA,PA-15,2024-10-20,16,41977,415,41977,,20834,17383,3760,,apportioned,1,pa-dos,2026-09-06T15:28:01+00:00
2024,PA,PA-15,2024-10-21,15,47937,5961,47937,,23363,20210,4364,,apportioned,1,pa-dos,2026-09-06T15:28:01+00:00
2024,PA,PA-15,2024-10-22,14,50860,2923,50860,,24339,21857,4665,,apportioned,1,pa-dos,2026-09-06T15:28:01+00:00
2024,PA,PA-15,2024-10-23,13,56945,6085,56945,,26709,24891,5345,,apportioned,1,pa-dos,2026-09-06T15:28:01+00:00
2024,PA,PA-15,2024-10-24,12,61048,4103,61048,,28025,27248,5775,,apportioned,1,pa-dos,2026-09-06T15:28:01+00:00
2024,PA,PA-15,2024-10-25,11,64136,3086,64136,,29038,28993,6104,,apportioned,1,pa-dos,2026-09-06T15:28:01+00:00
2024,PA,PA-15,2024-10-26,10,64661,525,64661,,29160,29352,6149,,apportioned,1,pa-dos,2026-09-06T15:28:01+00:00
2024,PA,PA-15,2024-10-27,9,64825,164,64825,,29203,29455,6167,,apportioned,1,pa-dos,2026-09-06T15:28:01+00:00
2024,PA,PA-15,2024-10-28,8,70801,5977,70801,,30852,33112,6838,,apportioned,1,pa-dos,2026-09-06T15:28:01+00:00
2024,PA,PA-15,2024-10-29,7,75094,4293,75094,,32191,35585,7318,,apportioned,1,pa-dos,2026-09-06T15:28:01+00:00
2024,PA,PA-15,2024-10-30,6,79068,3975,79068,,33458,37789,7822,,apportioned,1,pa-dos,2026-09-06T15:28:01+00:00
2024,PA,PA-15,2024-10-31,5,81907,2838,81907,,34428,39256,8224,,apportioned,1,pa-dos,2026-09-06T15:28:01+00:00
2024,PA,PA-15,2024-11-01,4,83872,1966,83872,,35124,40189,8559,,apportioned,1,pa-dos,2026-09-06T15:28:01+00:00
2024,PA,PA-15,2024-11-02,3,84456,585,84456,,35320,40455,8681,,apportioned,1,pa-dos,2026-09-06T15:28:01+00:00
2024,PA,PA-15,2024-11-03,2,84520,64,84520,,35346,40482,8692,,apportioned,1,pa-dos,2026-09-06T15:28:01+00:00
2024,PA,PA-15,2024-11-04,1,88143,3621,88143,,36725,42045,9371,,apportioned,1,pa-dos,2026-09-06T15:28:01+00:00
2024,PA,PA-15,2024-11-05,0,90280,2139,90280,,37556,42953,9771,,apportioned,1,pa-dos,2026-09-06T15:28:01+00:00
2024,PA,PA-16,2024-09-20,46,2,2,2,,1,1,0,,apportioned,1,pa-dos,2026-09-06T15:28:01+00:00
2024,PA,PA-16,2024-09-21,45,2,0,2,,1,1,0,,apportioned,1,pa-dos,2026-09-06T15:28:01+00:00
2024,PA,PA-16,2024-09-22,44,2,0,2,,1,1,0,,apportioned,1,pa-dos,2026-09-06T15:28:01+00:00
2024,PA,PA-16,2024-09-23,43,6,4,6,,3,1,2,,apportioned,1,pa-dos,2026-09-06T15:28:01+00:00
2024,PA,PA-16,2024-09-24,42,6,0,6,,3,1,2,,apportioned,1,pa-dos,2026-09-06T15:28:01+00:00
2024,PA,PA-16,2024-09-25,41,8,2,8,,3,3,2,,apportioned,1,pa-dos,2026-09-06T15:28:01+00:00
2024,PA,PA-16,2024-09-26,40,9,1,9,,4,3,2,,apportioned,1,pa-dos,2026-09-06T15:28:01+00:00
2024,PA,PA-16,2024-09-27,39,11,2,11,,5,4,2,,apportioned,1,pa-dos,2026-09-06T15:28:01+00:00
2024,PA,PA-16,2024-09-28,38,12,1,12,,5,5,2,,apportioned,1,pa-dos,2026-09-06T15:28:01+00:00
2024,PA,PA-16,2024-09-29,37,12,0,12,,5,5,2,,apportioned,1,pa-dos,2026-09-06T15:28:01+00:00
2024,PA,PA-16,2024-09-30,36,34,22,34,,14,12,8,,apportioned,1,pa-dos,2026-09-06T15:28:01+00:00
2024,PA,PA-16,2024-10-01,35,64,30,64,,25,28,11,,apportioned,1,pa-dos,2026-09-06T15:28:01+00:00
2024,PA,PA-16,2024-10-02,34,76,13,76,,32,30,14,,apportioned,1,pa-dos,2026-09-06T15:28:01+00:00
2024,PA,PA-16,2024-10-03,33,1023,946,1023,,533,413,78,,apportioned,1,pa-dos,2026-09-06T15:28:01+00:00
2024,PA,PA-16,2024-10-04,32,2203,1180,2203,,1175,855,174,,apportioned,1,pa-dos,2026-09-06T15:28:01+00:00
2024,PA,PA-16,2024-10-05,31,2225,22,2225,,1191,859,175,,apportioned,1,pa-dos,2026-09-06T15:28:01+00:00
2024,PA,PA-16,2024-10-06,30,2352,127,2352,,1235,933,184,,apportioned,1,pa-dos,2026-09-06T15:28:01+00:00
2024,PA,PA-16,2024-10-07,29,4297,1946,4297,,2498,1514,287,,apportioned,1,pa-dos,2026-09-06T15:28:01+00:00
2024,PA,PA-16,2024-10-08,28,4448,151,4448,,2559,1590,300,,apportioned,1,pa-dos,2026-09-06T15:28:01+00:00
2024,PA,PA-16,2024-10-09,27,7491,3042,7491,,4459,2539,492,,apportioned,1,pa-dos,2026-09-06T15:28:01+00:00
2024,PA,PA-16,2024-10-10,26,10857,3366,10857,,6386,3758,712,,apportioned,1,pa-dos,2026-09-06T15:28:01+00:00
2024,PA,PA-16,2024-10-11,25,13588,2731,13588,,7879,4779,930,,apportioned,1,pa-dos,2026-09-06T15:28:01+00:00
2024,PA,PA-16,2024-10-12,24,13619,31,13619,,7893,4791,935,,apportioned,1,pa-dos,2026-09-06T15:28:01+00:00
2024,PA,PA-16,2024-10-13,23,13619,0,13619,,7893,4791,935,,apportioned,1,pa-dos,2026-09-06T15:28:01+00:00
2024,PA,PA-16,2024-10-14,22,14201,582,14201,,8221,5012,968,,apportioned,1,pa-dos,2026-09-06T15:28:01+00:00
2024,PA,PA-16,2024-10-15,21,20083,5882,20083,,11361,7291,1432,,apportioned,1,pa-dos,2026-09-06T15:28:01+00:00
2024,PA,PA-16,2024-10-16,20,23891,3808,23891,,13222,8913,1757,,apportioned,1,pa-dos,2026-09-06T15:28:01+00:00
2024,PA,PA-16,2024-10-17,19,30440,6549,30440,,16710,11413,2318,,apportioned,1,pa-dos,2026-09-06T15:28:01+00:00
2024,PA,PA-16,2024-10-18,18,35982,5542,35982,,19361,13833,2787,,apportioned,1,pa-dos,2026-09-06T15:28:01+00:00
2024,PA,PA-16,2024-10-19,17,39854,3871,39854,,21931,14867,3055,,apportioned,1,pa-dos,2026-09-06T15:28:01+00:00
2024,PA,PA-16,2024-10-20,16,39860,7,39860,,21937,14868,3056,,apportioned,1,pa-dos,2026-09-06T15:28:01+00:00
2024,PA,PA-16,2024-10-21,15,44251,4390,44251,,23726,17018,3506,,apportioned,1,pa-dos,2026-09-06T15:28:01+00:00
2024,PA,PA-16,2024-10-22,14,48699,4449,48699,,26306,18548,3845,,apportioned,1,pa-dos,2026-09-06T15:28:01+00:00
2024,PA,PA-16,2024-10-23,13,53990,5291,53990,,28971,20637,4381,,apportioned,1,pa-dos,2026-09-06T15:28:01+00:00
2024,PA,PA-16,2024-10-24,12,64107,10117,64107,,33972,24936,5199,,apportioned,1,pa-dos,2026-09-06T15:28:01+00:00
2024,PA,PA-16,2024-10-25,11,67458,3352,67458,,35393,26571,5493,,apportioned,1,pa-dos,2026-09-06T15:28:01+00:00
2024,PA,PA-16,2024-10-26,10,71777,4319,71777,,37279,28555,5943,,apportioned,1,pa-dos,2026-09-06T15:28:01+00:00
2024,PA,PA-16,2024-10-27,9,72837,1060,72837,,37889,28872,6076,,apportioned,1,pa-dos,2026-09-06T15:28:01+00:00
2024,PA,PA-16,2024-10-28,8,76883,4045,76883,,39082,31179,6622,,apportioned,1,pa-dos,2026-09-06T15:28:01+00:00
2024,PA,PA-16,2024-10-29,7,83565,6682,83565,,41608,34607,7349,,apportioned,1,pa-dos,2026-09-06T15:28:01+00:00
2024,PA,PA-16,2024-10-30,6,87741,4176,87741,,43371,36420,7950,,apportioned,1,pa-dos,2026-09-06T15:28:01+00:00
2024,PA,PA-16,2024-10-31,5,89866,2125,89866,,44085,37508,8273,,apportioned,1,pa-dos,2026-09-06T15:28:01+00:00
2024,PA,PA-16,2024-11-01,4,91502,1636,91502,,44839,38172,8490,,apportioned,1,pa-dos,2026-09-06T15:28:01+00:00
2024,PA,PA-16,2024-11-02,3,95804,4301,95804,,46822,39928,9054,,apportioned,1,pa-dos,2026-09-06T15:28:01+00:00
2024,PA,PA-16,2024-11-03,2,97641,1837,97641,,47722,40608,9311,,apportioned,1,pa-dos,2026-09-06T15:28:01+00:00
2024,PA,PA-16,2024-11-04,1,102824,5184,102824,,50160,42563,10102,,apportioned,1,pa-dos,2026-09-06T15:28:01+00:00
2024,PA,PA-16,2024-11-05,0,106221,3396,106221,,51744,43749,10728,,apportioned,1,pa-dos,2026-09-06T15:28:01+00:00
2024,PA,PA-17,2024-09-30,36,14,14,14,,10,3,1,,apportioned,1,pa-dos,2026-09-06T15:28:01+00:00
2024,PA,PA-17,2024-10-01,35,74,60,74,,50,15,10,,apportioned,1,pa-dos,2026-09-06T15:28:01+00:00
2024,PA,PA-17,2024-10-02,34,481,406,481,,344,95,42,,apportioned,1,pa-dos,2026-09-06T15:28:01+00:00
2024,PA,PA-17,2024-10-03,33,5336,4856,5336,,3899,1043,395,,apportioned,1,pa-dos,2026-09-06T15:28:01+00:00
2024,PA,PA-17,2024-10-04,32,12171,6835,12171,,9087,2203,881,,apportioned,1,pa-dos,2026-09-06T15:28:01+00:00
2024,PA,PA-17,2024-10-05,31,12276,105,12276,,9165,2221,890,,apportioned,1,pa-dos,2026-09-06T15:28:01+00:00
2024,PA,PA-17,2024-10-06,30,12276,0,12276,,9165,2221,890,,apportioned,1,pa-dos,2026-09-06T15:28:01+00:00
2024,PA,PA-17,2024-10-07,29,25384,13108,25384,,19022,4493,1868,,apportioned,1,pa-dos,2026-09-06T15:28:01+00:00
2024,PA,PA-17,2024-10-08,28,34895,9511,34895,,25831,6470,2594,,apportioned,1,pa-dos,2026-09-06T15:28:01+00:00
2024,PA,PA-17,2024-10-09,27,38340,3445,38340,,28412,7078,2850,,apportioned,1,pa-dos,2026-09-06T15:28:01+00:00
2024,PA,PA-17,2024-10-10,26,45300,6960,45300,,33372,8503,3425,,apportioned,1,pa-dos,2026-09-06T15:28:01+00:00
2024,PA,PA-17,2024-10-11,25,48950,3650,48950,,35970,9247,3733,,apportioned,1,pa-dos,2026-09-06T15:28:01+00:00
2024,PA,PA-17,2024-10-12,24,48950,0,48950,,35970,9247,3733,,apportioned,1,pa-dos,2026-09-06T15:28:01+00:00
2024,PA,PA-17,2024-10-13,23,50669,1719,50669,,37090,9711,3868,,apportioned,1,pa-dos,2026-09-06T15:28:01+00:00
2024,PA,PA-17,2024-10-14,22,50669,0,50669,,37090,9711,3868,,apportioned,1,pa-dos,2026-09-06T15:28:01+00:00
2024,PA,PA-17,2024-10-15,21,59676,9007,59676,,43333,11608,4735,,apportioned,1,pa-dos,2026-09-06T15:28:01+00:00
2024,PA,PA-17,2024-10-16,20,60640,964,60640,,43898,11907,4834,,apportioned,1,pa-dos,2026-09-06T15:28:01+00:00
2024,PA,PA-17,2024-10-17,19,70938,10298,70938,,50680,14431,5826,,apportioned,1,pa-dos,2026-09-06T15:28:01+00:00
2024,PA,PA-17,2024-10-18,18,74967,4030,74967,,53263,15450,6254,,apportioned,1,pa-dos,2026-09-06T15:28:01+00:00
2024,PA,PA-17,2024-10-19,17,78217,3250,78217,,55361,16270,6586,,apportioned,1,pa-dos,2026-09-06T15:28:01+00:00
2024,PA,PA-17,2024-10-20,16,79668,1451,79668,,56120,16810,6738,,apportioned,1,pa-dos,2026-09-06T15:28:01+00:00
2024,PA,PA-17,2024-10-21,15,85505,5837,85505,,59420,18680,7405,,apportioned,1,pa-dos,2026-09-06T15:28:01+00:00
2024,PA,PA-17,2024-10-22,14,86477,971,86477,,59879,19093,7505,,apportioned,1,pa-dos,2026-09-06T15:28:01+00:00
2024,PA,PA-17,2024-10-23,13,91372,4896,91372,,62758,20547,8068,,apportioned,1,pa-dos,2026-09-06T15:28:01+00:00
2024,PA,PA-17,2024-10-24,12,95161,3788,95161,,64932,21713,8516,,apportioned,1,pa-dos,2026-09-06T15:28:01+00:00
2024,PA,PA-17,2024-10-25,11,98189,3029,98189,,66732,22556,8902,,apportioned,1,pa-dos,2026-09-06T15:28:01+00:00
2024,PA,PA-17,2024-10-26,10,102140,3950,102140,,69022,23640,9477,,apportioned,1,pa-dos,2026-09-06T15:28:01+00:00
2024,PA,PA-17,2024-10-27,9,104282,2142,104282,,69922,24631,9729,,apportioned,1,pa-dos,2026-09-06T15:28:01+00:00
2024,PA,PA-17,2024-10-28,8,108520,4238,108520,,72090,26170,10259,,apportioned,1,pa-dos,2026-09-06T15:28:01+00:00
2024,PA,PA-17,2024-10-29,7,113729,5209,113729,,74593,28119,11017,,apportioned,1,pa-dos,2026-09-06T15:28:01+00:00
2024,PA,PA-17,2024-10-30,6,117770,4041,117770,,76819,29326,11625,,apportioned,1,pa-dos,2026-09-06T15:28:01+00:00
2024,PA,PA-17,2024-10-31,5,122336,4565,122336,,79329,30657,12349,,apportioned,1,pa-dos,2026-09-06T15:28:01+00:00
2024,PA,PA-17,2024-11-01,4,125943,3607,125943,,81310,31711,12922,,apportioned,1,pa-dos,2026-09-06T15:28:01+00:00
2024,PA,PA-17,2024-11-02,3,129403,3460,129403,,83174,32693,13536,,apportioned,1,pa-dos,2026-09-06T15:28:01+00:00
2024,PA,PA-17,2024-11-03,2,130341,938,130341,,83732,32905,13704,,apportioned,1,pa-dos,2026-09-06T15:28:01+00:00
2024,PA,PA-17,2024-11-04,1,133217,2876,133217,,85230,33699,14287,,apportioned,1,pa-dos,2026-09-06T15:28:01+00:00
2024,PA,PA-17,2024-11-05,0,137628,4411,137628,,87690,34749,15189,,apportioned,1,pa-dos,2026-09-06T15:28:01+00:00
2026,PA,PA-01,2026-09-23,41,73,73,73,,57,9,6,,apportioned,1,pa-dos,2026-09-24T18:11:10+00:00
2026,PA,PA-01,2026-09-24,40,191,118,191,,152,23,17,,apportioned,1,pa-dos,2026-09-25T15:00:31+00:00
2026,PA,PA-01,2026-09-25,39,464,273,464,,375,52,38,,apportioned,1,pa-dos,2026-09-28T17:42:51+00:00
2026,PA,PA-01,2026-09-26,38,464,0,464,,375,52,38,,apportioned,1,pa-dos,2026-09-28T17:42:51+00:00
2026,PA,PA-01,2026-09-27,37,464,0,464,,375,52,38,,apportioned,1,pa-dos,2026-09-28T17:42:51+00:00
2026,PA,PA-01,2026-09-28,36,1440,976,1440,,1110,214,115,,apportioned,1,pa-dos,2026-09-29T14:37:05+00:00
2026,PA,PA-01,2026-09-29,35,2807,1368,2807,,2066,511,230,,apportioned,1,pa-dos,2026-09-30T14:02:25+00:00
2026,PA,PA-01,2026-09-30,34,3087,280,3087,,2290,546,250,,apportioned,1,pa-dos,2026-10-01T16:53:03+00:00
2026,PA,PA-01,2026-10-01,33,3724,637,3724,,2735,685,303,,apportioned,1,pa-dos,2026-10-01T16:53:03+00:00
2026,PA,PA-01,2026-10-02,32,4289,565,4289,,3128,808,353,,apportioned,1,pa-dos,2026-10-05T19:03:51+00:00
2026,PA,PA-01,2026-10-03,31,4296,7,4296,,3128,810,358,,apportioned,1,pa-dos,2026-10-07T19:44:03+00:00
2026,PA,PA-01,2026-10-04,30,4296,0,4296,,3128,810,358,,apportioned,1,pa-dos,2026-10-07T19:44:03+00:00
2026,PA,PA-01,2026-10-05,29,5146,850,5146,,3718,985,443,,apportioned,1,pa-dos,2026-10-07T19:44:03+00:00
2026,PA,PA-01,2026-10-06,28,6206,1060,6206,,4409,1248,549,,apportioned,1,pa-dos,2026-10-07T19:44:03+00:00
2026,PA,PA-01,2026-10-07,27,6751,545,6751,,4767,1372,612,,apportioned,1,pa-dos,2026-10-08T17:11:46+00:00
2026,PA,PA-01,2026-10-08,26,7756,1005,7756,,5488,1559,708,,apportioned,1,pa-dos,2026-10-09T19:15:22+00:00
2026,PA,PA-01,2026-10-09,25,7756,0,7756,,5488,1559,708,,apportioned,1,pa-dos,2026-10-09T19:15:22+00:00
2026,PA,PA-02,2026-09-15,49,5,5,5,,4,0,0,,apportioned,1,pa-dos,2026-09-16T16:07:35+00:00
2026,PA,PA-02,2026-09-16,48,10,5,10,,9,1,0,,apportioned,1,pa-dos,2026-09-25T15:00:31+00:00
2026,PA,PA-02,2026-09-17,47,14,4,14,,12,1,0,,apportioned,1,pa-dos,2026-09-25T15:00:31+00:00
2026,PA,PA-02,2026-09-18,46,22,9,22,,20,1,1,,apportioned,1,pa-dos,2026-10-08T17:11:46+00:00
2026,PA,PA-02,2026-09-19,45,105,83,105,,97,3,5,,apportioned,1,pa-dos,2026-10-08T17:11:46+00:00
2026,PA,PA-02,2026-09-20,44,231,126,231,,217,3,11,,apportioned,1,pa-dos,2026-10-08T17:11:46+00:00
2026,PA,PA-02,2026-09-21,43,385,154,385,,350,14,22,,apportioned,1,pa-dos,2026-10-08T17:11:46+00:00
2026,PA,PA-02,2026-09-22,42,1923,1538,1923,,1669,120,134,,apportioned,1,pa-dos,2026-10-08T17:11:46+00:00
2026,PA,PA-02,2026-09-23,41,4095,2172,4095,,3549,253,293,,apportioned,1,pa-dos,2026-10-09T19:15:22+00:00
2026,PA,PA-02,2026-09-24,40,6373,2278,6373,,5498,412,462,,apportioned,1,pa-dos,2026-10-09T19:15:22+00:00
2026,PA,PA-02,2026-09-25,39,7890,1517,7890,,6844,489,558,,apportioned,1,pa-dos,2026-10-09T19:15:22+00:00
2026,PA,PA-02,2026-09-26,38,9158,1268,9158,,7950,562,646,,apportioned,1,pa-dos,2026-10-09T19:15:22+00:00
2026,PA,PA-02,2026-09-27,37,9219,61,9219,,8006,563,649,,apportioned,1,pa-dos,2026-10-09T19:15:22+00:00
2026,PA,PA-02,2026-09-28,36,11077,1858,11077,,9605,686,786,,apportioned,1,pa-dos,2026-10-09T19:15:22+00:00
2026,PA,PA-02,2026-09-29,35,11345,268,11345,,9846,695,803,,apportioned,1,pa-dos,2026-10-09T19:15:22+00:00
2026,PA,PA-02,2026-09-30,34,12447,1102,12447,,10807,762,879,,apportioned,1,pa-dos,2026-10-09T19:15:22+00:00
2026,PA,PA-02,2026-10-01,33,12684,237,12684,,11019,773,892,,apportioned,1,pa-dos,2026-10-09T19:15:22+00:00
2026,PA,PA-02,2026-10-02,32,14521,1837,14521,,12603,889,1029,,apportioned,1,pa-dos,2026-10-09T19:15:22+00:00
2026,PA,PA-02,2026-10-03,31,15417,896,15417,,13392,931,1094,,apportioned,1,pa-dos,2026-10-09T19:15:22+00:00
2026,PA,PA-02,2026-10-04,30,15524,107,15524,,13490,934,1100,,apportioned,1,pa-dos,2026-10-09T19:15:22+00:00
2026,PA,PA-02,2026-10-05,29,16696,1172,16696,,14500,1006,1190,,apportioned,1,pa-dos,2026-10-09T19:15:22+00:00
2026,PA,PA-02,2026-10-06,28,17037,340,17037,,14802,1022,1213,,apportioned,1,pa-dos,2026-10-09T19:15:22+00:00
2026,PA,PA-02,2026-10-07,27,17885,848,17885,,15551,1058,1276,,apportioned,1,pa-dos,2026-10-09T19:15:22+00:00
2026,PA,PA-02,2026-10-08,26,18982,1098,18982,,16500,1123,1359,,apportioned,1,pa-dos,2026-10-09T19:15:22+00:00
2026,PA,PA-02,2026-10-09,25,18982,0,18982,,16500,1123,1359,,apportioned,1,pa-dos,2026-10-09T19:15:22+00:00
2026,PA,PA-03,2026-09-15,49,6,6,6,,6,1,0,,apportioned,1,pa-dos,2026-09-16T16:07:35+00:00
2026,PA,PA-03,2026-09-16,48,13,7,13,,11,1,1,,apportioned,1,pa-dos,2026-09-25T15:00:31+00:00
2026,PA,PA-03,2026-09-17,47,18,5,18,,17,1,1,,apportioned,1,pa-dos,2026-09-25T15:00:31+00:00
2026,PA,PA-03,2026-09-18,46,30,11,30,,27,1,2,,apportioned,1,pa-dos,2026-10-08T17:11:46+00:00
2026,PA,PA-03,2026-09-19,45,140,110,140,,130,3,7,,apportioned,1,pa-dos,2026-10-08T17:11:46+00:00
2026,PA,PA-03,2026-09-20,44,309,169,309,,289,5,15,,apportioned,1,pa-dos,2026-10-08T17:11:46+00:00
2026,PA,PA-03,2026-09-21,43,514,206,514,,467,18,29,,apportioned,1,pa-dos,2026-10-08T17:11:46+00:00
2026,PA,PA-03,2026-09-22,42,2567,2053,2567,,2228,160,179,,apportioned,1,pa-dos,2026-10-08T17:11:46+00:00
2026,PA,PA-03,2026-09-23,41,5468,2901,5468,,4739,337,392,,apportioned,1,pa-dos,2026-10-09T19:15:22+00:00
2026,PA,PA-03,2026-09-24,40,8509,3041,8509,,7342,551,616,,apportioned,1,pa-dos,2026-10-09T19:15:22+00:00
2026,PA,PA-03,2026-09-25,39,10535,2026,10535,,9138,652,744,,apportioned,1,pa-dos,2026-10-09T19:15:22+00:00
2026,PA,PA-03,2026-09-26,38,12229,1694,12229,,10616,750,862,,apportioned,1,pa-dos,2026-10-09T19:15:22+00:00
2026,PA,PA-03,2026-09-27,37,12310,82,12310,,10691,753,866,,apportioned,1,pa-dos,2026-10-09T19:15:22+00:00
2026,PA,PA-03,2026-09-28,36,14792,2482,14792,,12826,916,1050,,apportioned,1,pa-dos,2026-10-09T19:15:22+00:00
2026,PA,PA-03,2026-09-29,35,15150,358,15150,,13148,929,1073,,apportioned,1,pa-dos,2026-10-09T19:15:22+00:00
2026,PA,PA-03,2026-09-30,34,16622,1472,16622,,14430,1017,1174,,apportioned,1,pa-dos,2026-10-09T19:15:22+00:00
2026,PA,PA-03,2026-10-01,33,16938,316,16938,,14714,1032,1191,,apportioned,1,pa-dos,2026-10-09T19:15:22+00:00
2026,PA,PA-03,2026-10-02,32,19390,2453,19390,,16830,1187,1373,,apportioned,1,pa-dos,2026-10-09T19:15:22+00:00
2026,PA,PA-03,2026-10-03,31,20587,1197,20587,,17883,1243,1461,,apportioned,1,pa-dos,2026-10-09T19:15:22+00:00
2026,PA,PA-03,2026-10-04,30,20730,143,20730,,18014,1248,1469,,apportioned,1,pa-dos,2026-10-09T19:15:22+00:00
2026,PA,PA-03,2026-10-05,29,22296,1566,22296,,19362,1344,1590,,apportioned,1,pa-dos,2026-10-09T19:15:22+00:00
2026,PA,PA-03,2026-10-06,28,22750,455,22750,,19766,1365,1620,,apportioned,1,pa-dos,2026-10-09T19:15:22+00:00
2026,PA,PA-03,2026-10-07,27,23882,1132,23882,,20765,1412,1705,,apportioned,1,pa-dos,2026-10-09T19:15:22+00:00
2026,PA,PA-03,2026-10-08,26,25347,1465,25347,,22033,1500,1814,,apportioned,1,pa-dos,2026-10-09T19:15:22+00:00
2026,PA,PA-03,2026-10-09,25,25347,0,25347,,22033,1500,1814,,apportioned,1,pa-dos,2026-10-09T19:15:22+00:00
2026,PA,PA-04,2026-09-23,41,389,389,389,,309,46,35,,apportioned,1,pa-dos,2026-09-24T18:11:10+00:00
2026,PA,PA-04,2026-09-24,40,995,606,995,,789,117,89,,apportioned,1,pa-dos,2026-09-25T15:00:31+00:00
2026,PA,PA-04,2026-09-25,39,2454,1459,2454,,1977,275,202,,apportioned,1,pa-dos,2026-09-25T15:00:31+00:00
2026,PA,PA-04,2026-09-26,38,2454,0,2454,,1977,275,202,,apportioned,1,pa-dos,2026-09-26T03:31:40+00:00
2026,PA,PA-04,2026-09-27,37,2454,0,2454,,1977,275,202,,apportioned,1,pa-dos,2026-09-27T03:39:51+00:00
2026,PA,PA-04,2026-09-28,36,7640,5185,7640,,5912,1132,595,,apportioned,1,pa-dos,2026-09-29T14:37:05+00:00
2026,PA,PA-04,2026-09-29,35,14965,7324,14965,,11035,2725,1205,,apportioned,1,pa-dos,2026-09-30T14:02:25+00:00
2026,PA,PA-04,2026-09-30,34,16376,1411,16376,,12148,2915,1313,,apportioned,1,pa-dos,2026-10-01T16:53:03+00:00
2026,PA,PA-04,2026-10-01,33,19807,3432,19807,,14548,3661,1599,,apportioned,1,pa-dos,2026-10-01T16:53:03+00:00
2026,PA,PA-04,2026-10-02,32,22778,2971,22778,,16616,4311,1851,,apportioned,1,pa-dos,2026-10-05T19:03:51+00:00
2026,PA,PA-04,2026-10-03,31,22778,0,22778,,16616,4311,1851,,apportioned,1,pa-dos,2026-10-05T19:03:51+00:00
2026,PA,PA-04,2026-10-04,30,22778,0,22778,,16616,4311,1851,,apportioned,1,pa-dos,2026-10-05T19:03:51+00:00
2026,PA,PA-04,2026-10-05,29,26904,4125,26904,,19574,5098,2231,,apportioned,1,pa-dos,2026-10-06T16:30:11+00:00
2026,PA,PA-04,2026-10-06,28,31205,4301,31205,,22471,6100,2635,,apportioned,1,pa-dos,2026-10-07T19:44:03+00:00
2026,PA,PA-04,2026-10-07,27,32404,1199,32404,,23369,6270,2764,,apportioned,1,pa-dos,2026-10-08T17:11:46+00:00
2026,PA,PA-04,2026-10-08,26,34737,2333,34737,,24923,6806,3008,,apportioned,1,pa-dos,2026-10-09T19:15:22+00:00
2026,PA,PA-04,2026-10-09,25,34737,0,34737,,24923,6806,3008,,apportioned,1,pa-dos,2026-10-09T19:15:22+00:00
2026,PA,PA-05,2026-09-15,49,0,0,0,,0,0,0,,apportioned,1,pa-dos,2026-09-16T16:07:35+00:00
2026,PA,PA-05,2026-09-16,48,1,1,1,,1,0,0,,apportioned,1,pa-dos,2026-09-25T15:00:31+00:00
2026,PA,PA-05,2026-09-17,47,2,1,2,,2,0,0,,apportioned,1,pa-dos,2026-09-18T18:52:06+00:00
2026,PA,PA-05,2026-09-18,46,3,1,3,,3,0,0,,apportioned,1,pa-dos,2026-09-18T18:52:06+00:00
2026,PA,PA-05,2026-09-19,45,12,9,12,,11,0,1,,apportioned,1,pa-dos,2026-09-19T03:07:52+00:00
2026,PA,PA-05,2026-09-20,44,25,13,25,,24,0,1,,apportioned,1,pa-dos,2026-09-20T03:24:08+00:00
2026,PA,PA-05,2026-09-21,43,42,16,42,,38,1,2,,apportioned,1,pa-dos,2026-09-21T03:19:13+00:00
2026,PA,PA-05,2026-09-22,42,205,163,205,,178,13,14,,apportioned,1,pa-dos,2026-09-22T00:35:44+00:00
2026,PA,PA-05,2026-09-23,41,508,303,508,,434,34,40,,apportioned,1,pa-dos,2026-09-24T18:11:10+00:00
2026,PA,PA-05,2026-09-24,40,852,344,852,,722,61,69,,apportioned,1,pa-dos,2026-09-25T15:00:31+00:00
2026,PA,PA-05,2026-09-25,39,1243,391,1243,,1051,94,97,,apportioned,1,pa-dos,2026-09-28T17:42:51+00:00
2026,PA,PA-05,2026-09-26,38,1377,134,1377,,1169,102,106,,apportioned,1,pa-dos,2026-09-28T17:42:51+00:00
2026,PA,PA-05,2026-09-27,37,1384,6,1384,,1175,102,107,,apportioned,1,pa-dos,2026-09-28T17:42:51+00:00
2026,PA,PA-05,2026-09-28,36,2363,979,2363,,1937,245,182,,apportioned,1,pa-dos,2026-09-29T14:37:05+00:00
2026,PA,PA-05,2026-09-29,35,3509,1146,3509,,2748,487,275,,apportioned,1,pa-dos,2026-09-30T14:02:25+00:00
2026,PA,PA-05,2026-09-30,34,3838,329,3838,,3016,523,300,,apportioned,1,pa-dos,2026-09-30T14:02:25+00:00
2026,PA,PA-05,2026-10-01,33,4403,564,4403,,3416,640,348,,apportioned,1,pa-dos,2026-10-02T17:27:39+00:00
2026,PA,PA-05,2026-10-02,32,5054,650,5054,,3899,752,403,,apportioned,1,pa-dos,2026-10-05T19:03:51+00:00
2026,PA,PA-05,2026-10-03,31,5149,95,5149,,3982,757,410,,apportioned,1,pa-dos,2026-10-05T19:03:51+00:00
2026,PA,PA-05,2026-10-04,30,5160,11,5160,,3992,757,410,,apportioned,1,pa-dos,2026-10-05T19:03:51+00:00
2026,PA,PA-05,2026-10-05,29,6004,844,6004,,4602,908,494,,apportioned,1,pa-dos,2026-10-06T16:30:11+00:00
2026,PA,PA-05,2026-10-06,28,6699,695,6699,,5080,1059,558,,apportioned,1,pa-dos,2026-10-07T19:44:03+00:00
2026,PA,PA-05,2026-10-07,27,7017,318,7017,,5320,1106,591,,apportioned,1,pa-dos,2026-10-08T17:11:46+00:00
2026,PA,PA-05,2026-10-08,26,7487,469,7487,,5656,1193,638,,apportioned,1,pa-dos,2026-10-09T19:15:22+00:00
2026,PA,PA-05,2026-10-09,25,7487,0,7487,,5656,1193,638,,apportioned,1,pa-dos,2026-10-09T19:15:22+00:00
2026,PA,PA-06,2026-09-14,50,1,1,1,,0,1,0,,apportioned,1,pa-dos,2026-09-15T17:56:08+00:00
2026,PA,PA-06,2026-09-15,49,1,0,1,,0,1,0,,apportioned,1,pa-dos,2026-09-15T17:56:08+00:00
2026,PA,PA-06,2026-09-16,48,1,0,1,,0,1,0,,apportioned,1,pa-dos,2026-09-16T04:08:09+00:00
2026,PA,PA-06,2026-09-17,47,1,0,1,,0,1,0,,apportioned,1,pa-dos,2026-09-17T00:04:38+00:00
2026,PA,PA-06,2026-09-18,46,3,2,3,,2,1,0,,apportioned,1,pa-dos,2026-09-21T16:12:08+00:00
2026,PA,PA-06,2026-09-19,45,3,0,3,,2,1,0,,apportioned,1,pa-dos,2026-09-21T16:12:08+00:00
2026,PA,PA-06,2026-09-20,44,3,0,3,,2,1,0,,apportioned,1,pa-dos,2026-09-21T16:12:08+00:00
2026,PA,PA-06,2026-09-21,43,4,1,4,,3,1,0,,apportioned,1,pa-dos,2026-09-22T17:56:19+00:00
2026,PA,PA-06,2026-09-22,42,4,0,4,,3,1,0,,apportioned,1,pa-dos,2026-09-22T17:56:19+00:00
2026,PA,PA-06,2026-09-23,41,4,0,4,,3,1,0,,apportioned,1,pa-dos,2026-09-23T04:34:11+00:00
2026,PA,PA-06,2026-09-24,40,10,6,10,,8,1,1,,apportioned,1,pa-dos,2026-09-25T15:00:31+00:00
2026,PA,PA-06,2026-09-25,39,14,4,14,,11,1,2,,apportioned,1,pa-dos,2026-09-25T15:00:31+00:00
2026,PA,PA-06,2026-09-26,38,14,0,14,,11,1,2,,apportioned,1,pa-dos,2026-09-26T03:31:40+00:00
2026,PA,PA-06,2026-09-27,37,14,0,14,,11,1,2,,apportioned,1,pa-dos,2026-09-27T03:39:51+00:00
2026,PA,PA-06,2026-09-28,36,20,7,20,,17,1,3,,apportioned,1,pa-dos,2026-09-29T14:37:05+00:00
2026,PA,PA-06,2026-09-29,35,40,19,40,,32,2,6,,apportioned,1,pa-dos,2026-09-30T14:02:25+00:00
2026,PA,PA-06,2026-09-30,34,51,11,51,,38,6,6,,apportioned,1,pa-dos,2026-10-01T16:53:03+00:00
2026,PA,PA-06,2026-10-01,33,56,5,56,,42,6,7,,apportioned,1,pa-dos,2026-10-01T16:53:03+00:00
2026,PA,PA-06,2026-10-02,32,72,16,72,,54,7,11,,apportioned,1,pa-dos,2026-10-05T19:03:51+00:00
2026,PA,PA-06,2026-10-03,31,72,0,72,,54,7,11,,apportioned,1,pa-dos,2026-10-05T19:03:51+00:00
2026,PA,PA-06,2026-10-04,30,72,0,72,,54,7,11,,apportioned,1,pa-dos,2026-10-05T19:03:51+00:00
2026,PA,PA-06,2026-10-05,29,108,36,108,,82,13,13,,apportioned,1,pa-dos,2026-10-06T16:30:11+00:00
2026,PA,PA-06,2026-10-06,28,358,250,358,,206,102,50,,apportioned,1,pa-dos,2026-10-07T19:44:03+00:00
2026,PA,PA-06,2026-10-07,27,1324,966,1324,,785,374,165,,apportioned,1,pa-dos,2026-10-08T17:11:46+00:00
2026,PA,PA-06,2026-10-08,26,1943,619,1943,,1143,549,251,,apportioned,1,pa-dos,2026-10-09T19:15:22+00:00
2026,PA,PA-06,2026-10-09,25,1943,0,1943,,1143,549,251,,apportioned,1,pa-dos,2026-10-09T19:15:22+00:00
2026,PA,PA-07,2026-07-09,117,1,1,1,,0,0,1,,apportioned,1,pa-dos,2026-09-10T22:15:19+00:00
2026,PA,PA-07,2026-07-10,116,1,0,1,,0,0,1,,apportioned,1,pa-dos,2026-09-10T22:15:19+00:00
2026,PA,PA-07,2026-07-11,115,1,0,1,,0,0,1,,apportioned,1,pa-dos,2026-09-10T22:15:19+00:00
2026,PA,PA-07,2026-07-12,114,1,0,1,,0,0,1,,apportioned,1,pa-dos,2026-09-10T22:15:19+00:00
2026,PA,PA-07,2026-07-13,113,1,0,1,,0,0,1,,apportioned,1,pa-dos,2026-09-10T22:15:19+00:00
2026,PA,PA-07,2026-07-14,112,2,1,2,,0,0,2,,apportioned,1,pa-dos,2026-09-10T22:15:19+00:00
2026,PA,PA-07,2026-07-15,111,2,0,2,,0,0,2,,apportioned,1,pa-dos,2026-09-10T22:15:19+00:00
2026,PA,PA-07,2026-07-16,110,2,0,2,,0,0,2,,apportioned,1,pa-dos,2026-09-10T22:15:19+00:00
2026,PA,PA-07,2026-07-17,109,2,0,2,,0,0,2,,apportioned,1,pa-dos,2026-09-10T22:15:19+00:00
2026,PA,PA-07,2026-07-18,108,2,0,2,,0,0,2,,apportioned,1,pa-dos,2026-09-10T22:15:19+00:00
2026,PA,PA-07,2026-07-19,107,2,0,2,,0,0,2,,apportioned,1,pa-dos,2026-09-10T22:15:19+00:00
2026,PA,PA-07,2026-07-20,106,2,0,2,,0,0,2,,apportioned,1,pa-dos,2026-09-10T22:15:19+00:00
2026,PA,PA-07,2026-07-21,105,2,0,2,,0,0,2,,apportioned,1,pa-dos,2026-09-10T22:15:19+00:00
2026,PA,PA-07,2026-07-22,104,2,0,2,,0,0,2,,apportioned,1,pa-dos,2026-09-10T22:15:19+00:00
2026,PA,PA-07,2026-07-23,103,2,0,2,,0,0,2,,apportioned,1,pa-dos,2026-09-10T22:15:19+00:00
2026,PA,PA-07,2026-07-24,102,2,0,2,,0,0,2,,apportioned,1,pa-dos,2026-09-10T22:15:19+00:00
2026,PA,PA-07,2026-07-25,101,2,0,2,,0,0,2,,apportioned,1,pa-dos,2026-09-10T22:15:19+00:00
2026,PA,PA-07,2026-07-26,100,2,0,2,,0,0,2,,apportioned,1,pa-dos,2026-09-10T22:15:19+00:00
2026,PA,PA-07,2026-07-27,99,2,0,2,,0,0,2,,apportioned,1,pa-dos,2026-09-10T22:15:19+00:00
2026,PA,PA-07,2026-07-28,98,2,0,2,,0,0,2,,apportioned,1,pa-dos,2026-09-10T22:15:19+00:00
2026,PA,PA-07,2026-07-29,97,2,0,2,,0,0,2,,apportioned,1,pa-dos,2026-09-10T22:15:19+00:00
2026,PA,PA-07,2026-07-30,96,2,0,2,,0,0,2,,apportioned,1,pa-dos,2026-09-10T22:15:19+00:00
2026,PA,PA-07,2026-07-31,95,2,0,2,,0,0,2,,apportioned,1,pa-dos,2026-09-10T22:15:19+00:00
2026,PA,PA-07,2026-08-01,94,2,0,2,,0,0,2,,apportioned,1,pa-dos,2026-09-10T22:15:19+00:00
2026,PA,PA-07,2026-08-02,93,2,0,2,,0,0,2,,apportioned,1,pa-dos,2026-09-10T22:15:19+00:00
2026,PA,PA-07,2026-08-03,92,2,0,2,,0,0,2,,apportioned,1,pa-dos,2026-09-10T22:15:19+00:00
2026,PA,PA-07,2026-08-04,91,2,0,2,,0,0,2,,apportioned,1,pa-dos,2026-09-10T22:15:19+00:00
2026,PA,PA-07,2026-08-05,90,2,0,2,,0,0,2,,apportioned,1,pa-dos,2026-09-10T22:15:19+00:00
2026,PA,PA-07,2026-08-06,89,2,0,2,,0,0,2,,apportioned,1,pa-dos,2026-09-10T22:15:19+00:00
2026,PA,PA-07,2026-08-07,88,2,0,2,,0,0,2,,apportioned,1,pa-dos,2026-09-10T22:15:19+00:00
2026,PA,PA-07,2026-08-08,87,2,0,2,,0,0,2,,apportioned,1,pa-dos,2026-09-10T22:15:19+00:00
2026,PA,PA-07,2026-08-09,86,2,0,2,,0,0,2,,apportioned,1,pa-dos,2026-09-10T22:15:19+00:00
2026,PA,PA-07,2026-08-10,85,3,1,3,,1,0,2,,apportioned,1,pa-dos,2026-09-10T22:15:19+00:00
2026,PA,PA-07,2026-08-11,84,3,0,3,,1,0,2,,apportioned,1,pa-dos,2026-09-10T22:15:19+00:00
2026,PA,PA-07,2026-08-12,83,3,0,3,,1,0,2,,apportioned,1,pa-dos,2026-09-10T22:15:19+00:00
2026,PA,PA-07,2026-08-13,82,3,0,3,,1,0,2,,apportioned,1,pa-dos,2026-09-10T22:15:19+00:00
2026,PA,PA-07,2026-08-14,81,3,0,3,,1,0,2,,apportioned,1,pa-dos,2026-09-10T22:15:19+00:00
2026,PA,PA-07,2026-08-15,80,3,0,3,,1,0,2,,apportioned,1,pa-dos,2026-09-10T22:15:19+00:00
2026,PA,PA-07,2026-08-16,79,3,0,3,,1,0,2,,apportioned,1,pa-dos,2026-09-10T22:15:19+00:00
2026,PA,PA-07,2026-08-17,78,3,0,3,,1,0,2,,apportioned,1,pa-dos,2026-09-10T22:15:19+00:00
2026,PA,PA-07,2026-08-18,77,3,0,3,,1,0,2,,apportioned,1,pa-dos,2026-09-10T22:15:19+00:00
2026,PA,PA-07,2026-08-19,76,3,0,3,,1,0,2,,apportioned,1,pa-dos,2026-09-10T22:15:19+00:00
2026,PA,PA-07,2026-08-20,75,3,0,3,,1,0,2,,apportioned,1,pa-dos,2026-09-10T22:15:19+00:00
2026,PA,PA-07,2026-08-21,74,3,0,3,,1,0,2,,apportioned,1,pa-dos,2026-09-10T22:15:19+00:00
2026,PA,PA-07,2026-08-22,73,3,0,3,,1,0,2,,apportioned,1,pa-dos,2026-09-10T22:15:19+00:00
2026,PA,PA-07,2026-08-23,72,3,0,3,,1,0,2,,apportioned,1,pa-dos,2026-09-10T22:15:19+00:00
2026,PA,PA-07,2026-08-24,71,3,0,3,,1,0,2,,apportioned,1,pa-dos,2026-09-10T22:15:19+00:00
2026,PA,PA-07,2026-08-25,70,3,0,3,,1,0,2,,apportioned,1,pa-dos,2026-09-10T22:15:19+00:00
2026,PA,PA-07,2026-08-26,69,3,0,3,,1,0,2,,apportioned,1,pa-dos,2026-09-10T22:15:19+00:00
2026,PA,PA-07,2026-08-27,68,3,0,3,,1,0,2,,apportioned,1,pa-dos,2026-09-10T22:15:19+00:00
2026,PA,PA-07,2026-08-28,67,3,0,3,,1,0,2,,apportioned,1,pa-dos,2026-09-10T22:15:19+00:00
2026,PA,PA-07,2026-08-29,66,3,0,3,,1,0,2,,apportioned,1,pa-dos,2026-09-10T22:15:19+00:00
2026,PA,PA-07,2026-08-30,65,3,0,3,,1,0,2,,apportioned,1,pa-dos,2026-09-10T22:15:19+00:00
2026,PA,PA-07,2026-08-31,64,3,0,3,,1,0,2,,apportioned,1,pa-dos,2026-09-10T22:15:19+00:00
2026,PA,PA-07,2026-09-01,63,3,0,3,,1,0,2,,apportioned,1,pa-dos,2026-09-10T22:15:19+00:00
2026,PA,PA-07,2026-09-02,62,19,16,19,,14,3,2,,apportioned,1,pa-dos,2026-09-10T22:15:19+00:00
2026,PA,PA-07,2026-09-03,61,19,0,19,,14,3,2,,apportioned,1,pa-dos,2026-09-10T22:15:19+00:00
2026,PA,PA-07,2026-09-04,60,19,0,19,,14,3,2,,apportioned,1,pa-dos,2026-09-10T22:15:19+00:00
2026,PA,PA-07,2026-09-05,59,19,0,19,,14,3,2,,apportioned,1,pa-dos,2026-09-10T22:15:19+00:00
2026,PA,PA-07,2026-09-06,58,19,0,19,,14,3,2,,apportioned,1,pa-dos,2026-09-10T22:15:19+00:00
2026,PA,PA-07,2026-09-07,57,19,0,19,,14,3,2,,apportioned,1,pa-dos,2026-09-10T22:15:19+00:00
2026,PA,PA-07,2026-09-08,56,19,0,19,,14,3,2,,apportioned,1,pa-dos,2026-09-10T22:15:19+00:00
2026,PA,PA-07,2026-09-09,55,19,0,19,,14,3,2,,apportioned,1,pa-dos,2026-09-10T22:15:19+00:00
2026,PA,PA-07,2026-09-10,54,19,0,19,,14,3,2,,apportioned,1,pa-dos,2026-09-10T22:15:19+00:00
2026,PA,PA-07,2026-09-11,53,19,0,19,,14,3,2,,apportioned,1,pa-dos,2026-09-11T02:59:36+00:00
2026,PA,PA-07,2026-09-12,52,19,0,19,,14,3,2,,apportioned,1,pa-dos,2026-09-12T03:07:07+00:00
2026,PA,PA-07,2026-09-13,51,19,0,19,,14,3,2,,apportioned,1,pa-dos,2026-09-13T03:08:55+00:00
2026,PA,PA-07,2026-09-14,50,19,0,19,,14,3,2,,apportioned,1,pa-dos,2026-09-14T03:22:04+00:00
2026,PA,PA-07,2026-09-15,49,19,0,19,,14,3,2,,apportioned,1,pa-dos,2026-09-15T00:16:48+00:00
2026,PA,PA-07,2026-09-16,48,19,0,19,,14,3,2,,apportioned,1,pa-dos,2026-09-16T04:08:09+00:00
2026,PA,PA-07,2026-09-17,47,18,0,18,,14,3,1,,apportioned,1,pa-dos,2026-09-17T00:04:38+00:00
2026,PA,PA-07,2026-09-18,46,19,1,19,,15,3,1,,apportioned,1,pa-dos,2026-09-21T16:12:08+00:00
2026,PA,PA-07,2026-09-19,45,19,0,19,,15,3,1,,apportioned,1,pa-dos,2026-09-21T16:12:08+00:00
2026,PA,PA-07,2026-09-20,44,19,0,19,,15,3,1,,apportioned,1,pa-dos,2026-09-21T16:12:08+00:00
2026,PA,PA-07,2026-09-21,43,19,0,19,,15,3,1,,apportioned,1,pa-dos,2026-09-21T16:12:08+00:00
2026,PA,PA-07,2026-09-22,42,19,0,19,,15,3,1,,apportioned,1,pa-dos,2026-09-22T00:35:44+00:00
2026,PA,PA-07,2026-09-23,41,20,1,20,,16,3,1,,apportioned,1,pa-dos,2026-09-23T04:34:11+00:00
2026,PA,PA-07,2026-09-24,40,26,6,26,,19,4,3,,apportioned,1,pa-dos,2026-09-25T15:00:31+00:00
2026,PA,PA-07,2026-09-25,39,30,4,30,,22,4,4,,apportioned,1,pa-dos,2026-09-25T15:00:31+00:00
2026,PA,PA-07,2026-09-26,38,30,0,30,,22,4,4,,apportioned,1,pa-dos,2026-09-26T03:31:40+00:00
2026,PA,PA-07,2026-09-27,37,30,0,30,,22,4,4,,apportioned,1,pa-dos,2026-09-27T03:39:51+00:00
2026,PA,PA-07,2026-09-28,36,41,10,41,,29,4,7,,apportioned,1,pa-dos,2026-09-29T14:37:05+00:00
2026,PA,PA-07,2026-09-29,35,48,7,48,,34,5,8,,apportioned,1,pa-dos,2026-09-30T14:02:25+00:00
2026,PA,PA-07,2026-09-30,34,51,3,51,,38,5,8,,apportioned,1,pa-dos,2026-10-01T16:53:03+00:00
2026,PA,PA-07,2026-10-01,33,78,27,78,,61,8,9,,apportioned,1,pa-dos,2026-10-02T17:27:39+00:00
2026,PA,PA-07,2026-10-02,32,102,23,102,,75,13,13,,apportioned,1,pa-dos,2026-10-05T19:03:51+00:00
2026,PA,PA-07,2026-10-03,31,102,0,102,,75,13,13,,apportioned,1,pa-dos,2026-10-05T19:03:51+00:00
2026,PA,PA-07,2026-10-04,30,102,0,102,,75,13,13,,apportioned,1,pa-dos,2026-10-05T19:03:51+00:00
2026,PA,PA-07,2026-10-05,29,879,777,879,,598,215,67,,apportioned,1,pa-dos,2026-10-06T16:30:11+00:00
2026,PA,PA-07,2026-10-06,28,960,81,960,,652,231,76,,apportioned,1,pa-dos,2026-10-07T19:44:03+00:00
2026,PA,PA-07,2026-10-07,27,1277,317,1277,,842,325,110,,apportioned,1,pa-dos,2026-10-08T17:11:46+00:00
2026,PA,PA-07,2026-10-08,26,1958,680,1958,,1285,505,168,,apportioned,1,pa-dos,2026-10-09T19:15:22+00:00
2026,PA,PA-07,2026-10-09,25,1958,0,1958,,1285,505,168,,apportioned,1,pa-dos,2026-10-09T19:15:22+00:00
2026,PA,PA-08,2026-07-06,120,2,2,2,,2,0,0,,apportioned,1,pa-dos,2026-09-10T22:15:19+00:00
2026,PA,PA-08,2026-07-07,119,2,0,2,,2,0,0,,apportioned,1,pa-dos,2026-09-10T22:15:19+00:00
2026,PA,PA-08,2026-07-08,118,2,0,2,,2,0,0,,apportioned,1,pa-dos,2026-09-10T22:15:19+00:00
2026,PA,PA-08,2026-07-09,117,2,0,2,,2,0,0,,apportioned,1,pa-dos,2026-09-10T22:15:19+00:00
2026,PA,PA-08,2026-07-10,116,2,0,2,,2,0,0,,apportioned,1,pa-dos,2026-09-10T22:15:19+00:00
2026,PA,PA-08,2026-07-11,115,2,0,2,,2,0,0,,apportioned,1,pa-dos,2026-09-10T22:15:19+00:00
2026,PA,PA-08,2026-07-12,114,2,0,2,,2,0,0,,apportioned,1,pa-dos,2026-09-10T22:15:19+00:00
2026,PA,PA-08,2026-07-13,113,2,0,2,,2,0,0,,apportioned,1,pa-dos,2026-09-10T22:15:19+00:00
2026,PA,PA-08,2026-07-14,112,2,0,2,,2,0,0,,apportioned,1,pa-dos,2026-09-10T22:15:19+00:00
2026,PA,PA-08,2026-07-15,111,2,0,2,,2,0,0,,apportioned,1,pa-dos,2026-09-10T22:15:19+00:00
2026,PA,PA-08,2026-07-16,110,2,0,2,,2,0,0,,apportioned,1,pa-dos,2026-09-10T22:15:19+00:00
2026,PA,PA-08,2026-07-17,109,2,0,2,,2,0,0,,apportioned,1,pa-dos,2026-09-10T22:15:19+00:00
2026,PA,PA-08,2026-07-18,108,2,0,2,,2,0,0,,apportioned,1,pa-dos,2026-09-10T22:15:19+00:00
2026,PA,PA-08,2026-07-19,107,2,0,2,,2,0,0,,apportioned,1,pa-dos,2026-09-10T22:15:19+00:00
2026,PA,PA-08,2026-07-20,106,2,0,2,,2,0,0,,apportioned,1,pa-dos,2026-09-10T22:15:19+00:00
2026,PA,PA-08,2026-07-21,105,2,0,2,,2,0,0,,apportioned,1,pa-dos,2026-09-10T22:15:19+00:00
2026,PA,PA-08,2026-07-22,104,2,0,2,,2,0,0,,apportioned,1,pa-dos,2026-09-10T22:15:19+00:00
2026,PA,PA-08,2026-07-23,103,2,0,2,,2,0,0,,apportioned,1,pa-dos,2026-09-10T22:15:19+00:00
2026,PA,PA-08,2026-07-24,102,2,0,2,,2,0,0,,apportioned,1,pa-dos,2026-09-10T22:15:19+00:00
2026,PA,PA-08,2026-07-25,101,2,0,2,,2,0,0,,apportioned,1,pa-dos,2026-09-10T22:15:19+00:00
2026,PA,PA-08,2026-07-26,100,2,0,2,,2,0,0,,apportioned,1,pa-dos,2026-09-10T22:15:19+00:00
2026,PA,PA-08,2026-07-27,99,2,0,2,,2,0,0,,apportioned,1,pa-dos,2026-09-10T22:15:19+00:00
2026,PA,PA-08,2026-07-28,98,2,0,2,,2,0,0,,apportioned,1,pa-dos,2026-09-10T22:15:19+00:00
2026,PA,PA-08,2026-07-29,97,2,0,2,,2,0,0,,apportioned,1,pa-dos,2026-09-10T22:15:19+00:00
2026,PA,PA-08,2026-07-30,96,2,0,2,,2,0,0,,apportioned,1,pa-dos,2026-09-10T22:15:19+00:00
2026,PA,PA-08,2026-07-31,95,2,0,2,,2,0,0,,apportioned,1,pa-dos,2026-09-10T22:15:19+00:00
2026,PA,PA-08,2026-08-01,94,2,0,2,,2,0,0,,apportioned,1,pa-dos,2026-09-10T22:15:19+00:00
2026,PA,PA-08,2026-08-02,93,2,0,2,,2,0,0,,apportioned,1,pa-dos,2026-09-10T22:15:19+00:00
2026,PA,PA-08,2026-08-03,92,2,0,2,,2,0,0,,apportioned,1,pa-dos,2026-09-10T22:15:19+00:00
2026,PA,PA-08,2026-08-04,91,2,0,2,,2,0,0,,apportioned,1,pa-dos,2026-09-10T22:15:19+00:00
2026,PA,PA-08,2026-08-05,90,2,0,2,,2,0,0,,apportioned,1,pa-dos,2026-09-10T22:15:19+00:00
2026,PA,PA-08,2026-08-06,89,2,0,2,,2,0,0,,apportioned,1,pa-dos,2026-09-10T22:15:19+00:00
2026,PA,PA-08,2026-08-07,88,2,0,2,,2,0,0,,apportioned,1,pa-dos,2026-09-10T22:15:19+00:00
2026,PA,PA-08,2026-08-08,87,2,0,2,,2,0,0,,apportioned,1,pa-dos,2026-09-10T22:15:19+00:00
2026,PA,PA-08,2026-08-09,86,2,0,2,,2,0,0,,apportioned,1,pa-dos,2026-09-10T22:15:19+00:00
2026,PA,PA-08,2026-08-10,85,2,0,2,,2,0,0,,apportioned,1,pa-dos,2026-09-10T22:15:19+00:00
2026,PA,PA-08,2026-08-11,84,2,0,2,,2,0,0,,apportioned,1,pa-dos,2026-09-10T22:15:19+00:00
2026,PA,PA-08,2026-08-12,83,2,0,2,,2,0,0,,apportioned,1,pa-dos,2026-09-10T22:15:19+00:00
2026,PA,PA-08,2026-08-13,82,2,0,2,,2,0,0,,apportioned,1,pa-dos,2026-09-10T22:15:19+00:00
2026,PA,PA-08,2026-08-14,81,2,0,2,,2,0,0,,apportioned,1,pa-dos,2026-09-10T22:15:19+00:00
2026,PA,PA-08,2026-08-15,80,2,0,2,,2,0,0,,apportioned,1,pa-dos,2026-09-10T22:15:19+00:00
2026,PA,PA-08,2026-08-16,79,2,0,2,,2,0,0,,apportioned,1,pa-dos,2026-09-10T22:15:19+00:00
2026,PA,PA-08,2026-08-17,78,2,0,2,,2,0,0,,apportioned,1,pa-dos,2026-09-10T22:15:19+00:00
2026,PA,PA-08,2026-08-18,77,2,0,2,,2,0,0,,apportioned,1,pa-dos,2026-09-10T22:15:19+00:00
2026,PA,PA-08,2026-08-19,76,2,0,2,,2,0,0,,apportioned,1,pa-dos,2026-09-10T22:15:19+00:00
2026,PA,PA-08,2026-08-20,75,2,0,2,,2,0,0,,apportioned,1,pa-dos,2026-09-10T22:15:19+00:00
2026,PA,PA-08,2026-08-21,74,2,0,2,,2,0,0,,apportioned,1,pa-dos,2026-09-10T22:15:19+00:00
2026,PA,PA-08,2026-08-22,73,2,0,2,,2,0,0,,apportioned,1,pa-dos,2026-09-10T22:15:19+00:00
2026,PA,PA-08,2026-08-23,72,2,0,2,,2,0,0,,apportioned,1,pa-dos,2026-09-10T22:15:19+00:00
2026,PA,PA-08,2026-08-24,71,2,0,2,,2,0,0,,apportioned,1,pa-dos,2026-09-10T22:15:19+00:00
2026,PA,PA-08,2026-08-25,70,2,0,2,,2,0,0,,apportioned,1,pa-dos,2026-09-10T22:15:19+00:00
2026,PA,PA-08,2026-08-26,69,2,0,2,,2,0,0,,apportioned,1,pa-dos,2026-09-10T22:15:19+00:00
2026,PA,PA-08,2026-08-27,68,2,0,2,,2,0,0,,apportioned,1,pa-dos,2026-09-10T22:15:19+00:00
2026,PA,PA-08,2026-08-28,67,2,0,2,,2,0,0,,apportioned,1,pa-dos,2026-09-10T22:15:19+00:00
2026,PA,PA-08,2026-08-29,66,2,0,2,,2,0,0,,apportioned,1,pa-dos,2026-09-10T22:15:19+00:00
2026,PA,PA-08,2026-08-30,65,2,0,2,,2,0,0,,apportioned,1,pa-dos,2026-09-10T22:15:19+00:00
2026,PA,PA-08,2026-08-31,64,2,0,2,,2,0,0,,apportioned,1,pa-dos,2026-09-10T22:15:19+00:00
2026,PA,PA-08,2026-09-01,63,2,0,2,,2,0,0,,apportioned,1,pa-dos,2026-09-10T22:15:19+00:00
2026,PA,PA-08,2026-09-02,62,2,0,2,,2,0,0,,apportioned,1,pa-dos,2026-09-10T22:15:19+00:00
2026,PA,PA-08,2026-09-03,61,2,0,2,,2,0,0,,apportioned,1,pa-dos,2026-09-10T22:15:19+00:00
2026,PA,PA-08,2026-09-04,60,2,0,2,,2,0,0,,apportioned,1,pa-dos,2026-09-10T22:15:19+00:00
2026,PA,PA-08,2026-09-05,59,2,0,2,,2,0,0,,apportioned,1,pa-dos,2026-09-10T22:15:19+00:00
2026,PA,PA-08,2026-09-06,58,2,0,2,,2,0,0,,apportioned,1,pa-dos,2026-09-10T22:15:19+00:00
2026,PA,PA-08,2026-09-07,57,2,0,2,,2,0,0,,apportioned,1,pa-dos,2026-09-10T22:15:19+00:00
2026,PA,PA-08,2026-09-08,56,2,0,2,,2,0,0,,apportioned,1,pa-dos,2026-09-10T22:15:19+00:00
2026,PA,PA-08,2026-09-09,55,2,0,2,,2,0,0,,apportioned,1,pa-dos,2026-09-10T22:15:19+00:00
2026,PA,PA-08,2026-09-10,54,2,0,2,,2,0,0,,apportioned,1,pa-dos,2026-09-10T22:15:19+00:00
2026,PA,PA-08,2026-09-11,53,2,0,2,,2,0,0,,apportioned,1,pa-dos,2026-09-11T02:59:36+00:00
2026,PA,PA-08,2026-09-12,52,2,0,2,,2,0,0,,apportioned,1,pa-dos,2026-09-12T03:07:07+00:00
2026,PA,PA-08,2026-09-13,51,2,0,2,,2,0,0,,apportioned,1,pa-dos,2026-09-13T03:08:55+00:00
2026,PA,PA-08,2026-09-14,50,2,0,2,,2,0,0,,apportioned,1,pa-dos,2026-09-14T03:22:04+00:00
2026,PA,PA-08,2026-09-15,49,2,0,2,,2,0,0,,apportioned,1,pa-dos,2026-09-15T00:16:48+00:00
2026,PA,PA-08,2026-09-16,48,2,0,2,,2,0,0,,apportioned,1,pa-dos,2026-09-16T04:08:09+00:00
2026,PA,PA-08,2026-09-17,47,6,4,6,,6,0,0,,apportioned,1,pa-dos,2026-09-18T18:52:06+00:00
2026,PA,PA-08,2026-09-18,46,6,0,6,,6,0,0,,apportioned,1,pa-dos,2026-09-18T18:52:06+00:00
2026,PA,PA-08,2026-09-19,45,6,0,6,,6,0,0,,apportioned,1,pa-dos,2026-09-19T03:07:52+00:00
2026,PA,PA-08,2026-09-20,44,6,0,6,,6,0,0,,apportioned,1,pa-dos,2026-09-20T03:24:08+00:00
2026,PA,PA-08,2026-09-21,43,7,1,7,,7,0,0,,apportioned,1,pa-dos,2026-09-22T17:56:19+00:00
2026,PA,PA-08,2026-09-22,42,9,2,9,,9,0,0,,apportioned,1,pa-dos,2026-09-22T17:56:19+00:00
2026,PA,PA-08,2026-09-23,41,13,4,13,,11,2,0,,apportioned,1,pa-dos,2026-09-23T04:34:11+00:00
2026,PA,PA-08,2026-09-24,40,17,4,17,,14,3,0,,apportioned,1,pa-dos,2026-09-24T00:13:46+00:00
2026,PA,PA-08,2026-09-25,39,28,11,28,,22,4,2,,apportioned,1,pa-dos,2026-09-28T17:42:51+00:00
2026,PA,PA-08,2026-09-26,38,28,0,28,,22,4,2,,apportioned,1,pa-dos,2026-09-28T17:42:51+00:00
2026,PA,PA-08,2026-09-27,37,28,0,28,,22,4,2,,apportioned,1,pa-dos,2026-09-28T17:42:51+00:00
2026,PA,PA-08,2026-09-28,36,246,219,246,,205,31,11,,apportioned,1,pa-dos,2026-09-29T14:37:05+00:00
2026,PA,PA-08,2026-09-29,35,787,541,787,,599,145,44,,apportioned,1,pa-dos,2026-09-30T14:02:25+00:00
2026,PA,PA-08,2026-09-30,34,1549,763,1549,,1146,304,100,,apportioned,1,pa-dos,2026-10-01T16:53:03+00:00
2026,PA,PA-08,2026-10-01,33,3694,2145,3694,,2717,746,232,,apportioned,1,pa-dos,2026-10-08T17:11:46+00:00
2026,PA,PA-08,2026-10-02,32,5759,2066,5759,,4150,1209,402,,apportioned,1,pa-dos,2026-10-08T17:11:46+00:00
2026,PA,PA-08,2026-10-03,31,6994,1235,6994,,5049,1461,486,,apportioned,1,pa-dos,2026-10-09T19:15:22+00:00
2026,PA,PA-08,2026-10-04,30,6994,0,6994,,5049,1461,486,,apportioned,1,pa-dos,2026-10-09T19:15:22+00:00
2026,PA,PA-08,2026-10-05,29,9614,2620,9614,,6749,2109,755,,apportioned,1,pa-dos,2026-10-09T19:15:22+00:00
2026,PA,PA-08,2026-10-06,28,10898,1285,10898,,7646,2375,879,,apportioned,1,pa-dos,2026-10-09T19:15:22+00:00
2026,PA,PA-08,2026-10-07,27,12296,1398,12296,,8576,2740,980,,apportioned,1,pa-dos,2026-10-09T19:15:22+00:00
2026,PA,PA-08,2026-10-08,26,15921,3626,15921,,10997,3595,1329,,apportioned,1,pa-dos,2026-10-09T19:15:22+00:00
2026,PA,PA-08,2026-10-09,25,15921,0,15921,,10997,3595,1329,,apportioned,1,pa-dos,2026-10-09T19:15:22+00:00
2026,PA,PA-09,2026-07-06,120,0,0,0,,0,0,0,,apportioned,1,pa-dos,2026-09-10T22:15:19+00:00
2026,PA,PA-09,2026-07-07,119,0,0,0,,0,0,0,,apportioned,1,pa-dos,2026-09-10T22:15:19+00:00
2026,PA,PA-09,2026-07-08,118,0,0,0,,0,0,0,,apportioned,1,pa-dos,2026-09-10T22:15:19+00:00
2026,PA,PA-09,2026-07-09,117,0,0,0,,0,0,0,,apportioned,1,pa-dos,2026-09-10T22:15:19+00:00
2026,PA,PA-09,2026-07-10,116,0,0,0,,0,0,0,,apportioned,1,pa-dos,2026-09-10T22:15:19+00:00
2026,PA,PA-09,2026-07-11,115,0,0,0,,0,0,0,,apportioned,1,pa-dos,2026-09-10T22:15:19+00:00
2026,PA,PA-09,2026-07-12,114,0,0,0,,0,0,0,,apportioned,1,pa-dos,2026-09-10T22:15:19+00:00
2026,PA,PA-09,2026-07-13,113,0,0,0,,0,0,0,,apportioned,1,pa-dos,2026-09-10T22:15:19+00:00
2026,PA,PA-09,2026-07-14,112,0,0,0,,0,0,0,,apportioned,1,pa-dos,2026-09-10T22:15:19+00:00
2026,PA,PA-09,2026-07-15,111,0,0,0,,0,0,0,,apportioned,1,pa-dos,2026-09-10T22:15:19+00:00
2026,PA,PA-09,2026-07-16,110,0,0,0,,0,0,0,,apportioned,1,pa-dos,2026-09-10T22:15:19+00:00
2026,PA,PA-09,2026-07-17,109,0,0,0,,0,0,0,,apportioned,1,pa-dos,2026-09-10T22:15:19+00:00
2026,PA,PA-09,2026-07-18,108,0,0,0,,0,0,0,,apportioned,1,pa-dos,2026-09-10T22:15:19+00:00
2026,PA,PA-09,2026-07-19,107,0,0,0,,0,0,0,,apportioned,1,pa-dos,2026-09-10T22:15:19+00:00
2026,PA,PA-09,2026-07-20,106,0,0,0,,0,0,0,,apportioned,1,pa-dos,2026-09-10T22:15:19+00:00
2026,PA,PA-09,2026-07-21,105,0,0,0,,0,0,0,,apportioned,1,pa-dos,2026-09-10T22:15:19+00:00
2026,PA,PA-09,2026-07-22,104,0,0,0,,0,0,0,,apportioned,1,pa-dos,2026-09-10T22:15:19+00:00
2026,PA,PA-09,2026-07-23,103,0,0,0,,0,0,0,,apportioned,1,pa-dos,2026-09-10T22:15:19+00:00
2026,PA,PA-09,2026-07-24,102,0,0,0,,0,0,0,,apportioned,1,pa-dos,2026-09-10T22:15:19+00:00
2026,PA,PA-09,2026-07-25,101,0,0,0,,0,0,0,,apportioned,1,pa-dos,2026-09-10T22:15:19+00:00
2026,PA,PA-09,2026-07-26,100,0,0,0,,0,0,0,,apportioned,1,pa-dos,2026-09-10T22:15:19+00:00
2026,PA,PA-09,2026-07-27,99,0,0,0,,0,0,0,,apportioned,1,pa-dos,2026-09-10T22:15:19+00:00
2026,PA,PA-09,2026-07-28,98,0,0,0,,0,0,0,,apportioned,1,pa-dos,2026-09-10T22:15:19+00:00
2026,PA,PA-09,2026-07-29,97,0,0,0,,0,0,0,,apportioned,1,pa-dos,2026-09-10T22:15:19+00:00
2026,PA,PA-09,2026-07-30,96,0,0,0,,0,0,0,,apportioned,1,pa-dos,2026-09-10T22:15:19+00:00
2026,PA,PA-09,2026-07-31,95,0,0,0,,0,0,0,,apportioned,1,pa-dos,2026-09-10T22:15:19+00:00
2026,PA,PA-09,2026-08-01,94,0,0,0,,0,0,0,,apportioned,1,pa-dos,2026-09-10T22:15:19+00:00
2026,PA,PA-09,2026-08-02,93,0,0,0,,0,0,0,,apportioned,1,pa-dos,2026-09-10T22:15:19+00:00
2026,PA,PA-09,2026-08-03,92,0,0,0,,0,0,0,,apportioned,1,pa-dos,2026-09-10T22:15:19+00:00
2026,PA,PA-09,2026-08-04,91,0,0,0,,0,0,0,,apportioned,1,pa-dos,2026-09-10T22:15:19+00:00
2026,PA,PA-09,2026-08-05,90,0,0,0,,0,0,0,,apportioned,1,pa-dos,2026-09-10T22:15:19+00:00
2026,PA,PA-09,2026-08-06,89,0,0,0,,0,0,0,,apportioned,1,pa-dos,2026-09-10T22:15:19+00:00
2026,PA,PA-09,2026-08-07,88,0,0,0,,0,0,0,,apportioned,1,pa-dos,2026-09-10T22:15:19+00:00
2026,PA,PA-09,2026-08-08,87,0,0,0,,0,0,0,,apportioned,1,pa-dos,2026-09-10T22:15:19+00:00
2026,PA,PA-09,2026-08-09,86,0,0,0,,0,0,0,,apportioned,1,pa-dos,2026-09-10T22:15:19+00:00
2026,PA,PA-09,2026-08-10,85,0,0,0,,0,0,0,,apportioned,1,pa-dos,2026-09-10T22:15:19+00:00
2026,PA,PA-09,2026-08-11,84,0,0,0,,0,0,0,,apportioned,1,pa-dos,2026-09-10T22:15:19+00:00
2026,PA,PA-09,2026-08-12,83,0,0,0,,0,0,0,,apportioned,1,pa-dos,2026-09-10T22:15:19+00:00
2026,PA,PA-09,2026-08-13,82,0,0,0,,0,0,0,,apportioned,1,pa-dos,2026-09-10T22:15:19+00:00
2026,PA,PA-09,2026-08-14,81,0,0,0,,0,0,0,,apportioned,1,pa-dos,2026-09-10T22:15:19+00:00
2026,PA,PA-09,2026-08-15,80,0,0,0,,0,0,0,,apportioned,1,pa-dos,2026-09-10T22:15:19+00:00
2026,PA,PA-09,2026-08-16,79,0,0,0,,0,0,0,,apportioned,1,pa-dos,2026-09-10T22:15:19+00:00
2026,PA,PA-09,2026-08-17,78,0,0,0,,0,0,0,,apportioned,1,pa-dos,2026-09-10T22:15:19+00:00
2026,PA,PA-09,2026-08-18,77,0,0,0,,0,0,0,,apportioned,1,pa-dos,2026-09-10T22:15:19+00:00
2026,PA,PA-09,2026-08-19,76,0,0,0,,0,0,0,,apportioned,1,pa-dos,2026-09-10T22:15:19+00:00
2026,PA,PA-09,2026-08-20,75,0,0,0,,0,0,0,,apportioned,1,pa-dos,2026-09-10T22:15:19+00:00
2026,PA,PA-09,2026-08-21,74,0,0,0,,0,0,0,,apportioned,1,pa-dos,2026-09-10T22:15:19+00:00
2026,PA,PA-09,2026-08-22,73,0,0,0,,0,0,0,,apportioned,1,pa-dos,2026-09-10T22:15:19+00:00
2026,PA,PA-09,2026-08-23,72,0,0,0,,0,0,0,,apportioned,1,pa-dos,2026-09-10T22:15:19+00:00
2026,PA,PA-09,2026-08-24,71,0,0,0,,0,0,0,,apportioned,1,pa-dos,2026-09-10T22:15:19+00:00
2026,PA,PA-09,2026-08-25,70,0,0,0,,0,0,0,,apportioned,1,pa-dos,2026-09-10T22:15:19+00:00
2026,PA,PA-09,2026-08-26,69,0,0,0,,0,0,0,,apportioned,1,pa-dos,2026-09-10T22:15:19+00:00
2026,PA,PA-09,2026-08-27,68,0,0,0,,0,0,0,,apportioned,1,pa-dos,2026-09-10T22:15:19+00:00
2026,PA,PA-09,2026-08-28,67,0,0,0,,0,0,0,,apportioned,1,pa-dos,2026-09-10T22:15:19+00:00
2026,PA,PA-09,2026-08-29,66,0,0,0,,0,0,0,,apportioned,1,pa-dos,2026-09-10T22:15:19+00:00
2026,PA,PA-09,2026-08-30,65,0,0,0,,0,0,0,,apportioned,1,pa-dos,2026-09-10T22:15:19+00:00
2026,PA,PA-09,2026-08-31,64,1,1,1,,1,0,0,,apportioned,1,pa-dos,2026-09-10T22:15:19+00:00
2026,PA,PA-09,2026-09-01,63,1,0,1,,1,0,0,,apportioned,1,pa-dos,2026-09-10T22:15:19+00:00
2026,PA,PA-09,2026-09-02,62,1,0,1,,1,0,0,,apportioned,1,pa-dos,2026-09-10T22:15:19+00:00
2026,PA,PA-09,2026-09-03,61,3,2,3,,2,1,0,,apportioned,1,pa-dos,2026-09-10T22:15:19+00:00
2026,PA,PA-09,2026-09-04,60,3,0,3,,2,1,0,,apportioned,1,pa-dos,2026-09-10T22:15:19+00:00
2026,PA,PA-09,2026-09-05,59,3,0,3,,2,1,0,,apportioned,1,pa-dos,2026-09-10T22:15:19+00:00
2026,PA,PA-09,2026-09-06,58,3,0,3,,2,1,0,,apportioned,1,pa-dos,2026-09-10T22:15:19+00:00
2026,PA,PA-09,2026-09-07,57,3,0,3,,2,1,0,,apportioned,1,pa-dos,2026-09-10T22:15:19+00:00
2026,PA,PA-09,2026-09-08,56,7,4,7,,3,4,0,,apportioned,1,pa-dos,2026-09-10T22:15:19+00:00
2026,PA,PA-09,2026-09-09,55,8,2,8,,4,4,0,,apportioned,1,pa-dos,2026-09-10T22:15:19+00:00
2026,PA,PA-09,2026-09-10,54,9,1,9,,4,5,0,,apportioned,1,pa-dos,2026-09-10T22:15:19+00:00
2026,PA,PA-09,2026-09-11,53,27,18,27,,14,11,2,,apportioned,1,pa-dos,2026-09-11T02:59:36+00:00
2026,PA,PA-09,2026-09-12,52,27,0,27,,14,11,2,,apportioned,1,pa-dos,2026-09-12T03:07:07+00:00
2026,PA,PA-09,2026-09-13,51,27,0,27,,14,11,2,,apportioned,1,pa-dos,2026-09-13T03:08:55+00:00
2026,PA,PA-09,2026-09-14,50,206,179,206,,119,72,15,,apportioned,1,pa-dos,2026-09-14T03:22:04+00:00
2026,PA,PA-09,2026-09-15,49,450,244,450,,274,144,32,,apportioned,1,pa-dos,2026-09-15T00:16:48+00:00
2026,PA,PA-09,2026-09-16,48,778,328,778,,461,263,54,,apportioned,1,pa-dos,2026-09-16T04:08:09+00:00
2026,PA,PA-09,2026-09-17,47,1094,316,1094,,625,388,82,,apportioned,1,pa-dos,2026-09-17T00:04:38+00:00
2026,PA,PA-09,2026-09-18,46,1313,219,1313,,756,455,102,,apportioned,1,pa-dos,2026-09-18T03:11:33+00:00
2026,PA,PA-09,2026-09-19,45,1313,0,1313,,756,455,102,,apportioned,1,pa-dos,2026-09-19T03:07:52+00:00
2026,PA,PA-09,2026-09-20,44,1313,0,1313,,756,455,102,,apportioned,1,pa-dos,2026-09-20T03:24:08+00:00
2026,PA,PA-09,2026-09-21,43,1635,322,1635,,935,580,120,,apportioned,1,pa-dos,2026-09-22T17:56:19+00:00
2026,PA,PA-09,2026-09-22,42,1760,126,1760,,1012,616,132,,apportioned,1,pa-dos,2026-09-22T17:56:19+00:00
2026,PA,PA-09,2026-09-23,41,1914,154,1914,,1094,671,148,,apportioned,1,pa-dos,2026-09-23T04:34:11+00:00
2026,PA,PA-09,2026-09-24,40,2117,203,2117,,1214,732,172,,apportioned,1,pa-dos,2026-09-25T15:00:31+00:00
2026,PA,PA-09,2026-09-25,39,2316,199,2316,,1334,791,191,,apportioned,1,pa-dos,2026-09-25T15:00:31+00:00
2026,PA,PA-09,2026-09-26,38,2316,0,2316,,1334,791,191,,apportioned,1,pa-dos,2026-09-26T03:31:40+00:00
2026,PA,PA-09,2026-09-27,37,2316,0,2316,,1334,791,191,,apportioned,1,pa-dos,2026-09-27T03:39:51+00:00
2026,PA,PA-09,2026-09-28,36,3907,1590,3907,,2220,1365,322,,apportioned,1,pa-dos,2026-09-29T14:37:05+00:00
2026,PA,PA-09,2026-09-29,35,4394,488,4394,,2518,1514,362,,apportioned,1,pa-dos,2026-09-30T14:02:25+00:00
2026,PA,PA-09,2026-09-30,34,4923,528,4923,,2828,1704,391,,apportioned,1,pa-dos,2026-10-01T16:53:03+00:00
2026,PA,PA-09,2026-10-01,33,5608,685,5608,,3210,1948,449,,apportioned,1,pa-dos,2026-10-01T16:53:03+00:00
2026,PA,PA-09,2026-10-02,32,6263,655,6263,,3566,2186,509,,apportioned,1,pa-dos,2026-10-05T19:03:51+00:00
2026,PA,PA-09,2026-10-03,31,6263,0,6263,,3566,2186,509,,apportioned,1,pa-dos,2026-10-05T19:03:51+00:00
2026,PA,PA-09,2026-10-04,30,6263,0,6263,,3566,2186,509,,apportioned,1,pa-dos,2026-10-05T19:03:51+00:00
2026,PA,PA-09,2026-10-05,29,7616,1354,7616,,4341,2654,622,,apportioned,1,pa-dos,2026-10-06T16:30:11+00:00
2026,PA,PA-09,2026-10-06,28,8094,477,8094,,4628,2805,660,,apportioned,1,pa-dos,2026-10-07T19:44:03+00:00
2026,PA,PA-09,2026-10-07,27,8713,619,8713,,4990,3026,697,,apportioned,1,pa-dos,2026-10-08T17:11:46+00:00
2026,PA,PA-09,2026-10-08,26,9817,1104,9817,,5655,3398,764,,apportioned,1,pa-dos,2026-10-09T19:15:22+00:00
2026,PA,PA-09,2026-10-09,25,9817,0,9817,,5655,3398,764,,apportioned,1,pa-dos,2026-10-09T19:15:22+00:00
2026,PA,PA-10,2026-08-31,64,2,2,2,,2,0,0,,apportioned,1,pa-dos,2026-09-10T22:15:19+00:00
2026,PA,PA-10,2026-09-01,63,2,0,2,,2,0,0,,apportioned,1,pa-dos,2026-09-10T22:15:19+00:00
2026,PA,PA-10,2026-09-02,62,2,0,2,,2,0,0,,apportioned,1,pa-dos,2026-09-10T22:15:19+00:00
2026,PA,PA-10,2026-09-03,61,2,0,2,,2,0,0,,apportioned,1,pa-dos,2026-09-10T22:15:19+00:00
2026,PA,PA-10,2026-09-04,60,2,0,2,,2,0,0,,apportioned,1,pa-dos,2026-09-10T22:15:19+00:00
2026,PA,PA-10,2026-09-05,59,2,0,2,,2,0,0,,apportioned,1,pa-dos,2026-09-10T22:15:19+00:00
2026,PA,PA-10,2026-09-06,58,2,0,2,,2,0,0,,apportioned,1,pa-dos,2026-09-10T22:15:19+00:00
2026,PA,PA-10,2026-09-07,57,2,0,2,,2,0,0,,apportioned,1,pa-dos,2026-09-10T22:15:19+00:00
2026,PA,PA-10,2026-09-08,56,10,8,10,,7,2,1,,apportioned,1,pa-dos,2026-09-10T22:15:19+00:00
2026,PA,PA-10,2026-09-09,55,11,1,11,,8,2,1,,apportioned,1,pa-dos,2026-09-10T22:15:19+00:00
2026,PA,PA-10,2026-09-10,54,15,4,15,,11,2,2,,apportioned,1,pa-dos,2026-09-11T14:03:04+00:00
2026,PA,PA-10,2026-09-11,53,20,6,20,,15,3,3,,apportioned,1,pa-dos,2026-09-14T21:29:03+00:00
2026,PA,PA-10,2026-09-12,52,20,0,20,,15,3,3,,apportioned,1,pa-dos,2026-09-14T21:29:03+00:00
2026,PA,PA-10,2026-09-13,51,20,0,20,,15,3,3,,apportioned,1,pa-dos,2026-09-14T21:29:03+00:00
2026,PA,PA-10,2026-09-14,50,28,8,28,,20,5,4,,apportioned,1,pa-dos,2026-09-15T17:56:08+00:00
2026,PA,PA-10,2026-09-15,49,28,0,28,,20,5,4,,apportioned,1,pa-dos,2026-09-15T17:56:08+00:00
2026,PA,PA-10,2026-09-16,48,29,1,29,,21,5,4,,apportioned,1,pa-dos,2026-09-17T17:55:54+00:00
2026,PA,PA-10,2026-09-17,47,34,5,34,,25,5,5,,apportioned,1,pa-dos,2026-09-18T18:52:06+00:00
2026,PA,PA-10,2026-09-18,46,37,3,37,,27,5,6,,apportioned,1,pa-dos,2026-09-21T16:12:08+00:00
2026,PA,PA-10,2026-09-19,45,37,0,37,,27,5,6,,apportioned,1,pa-dos,2026-09-21T16:12:08+00:00
2026,PA,PA-10,2026-09-20,44,37,0,37,,27,5,6,,apportioned,1,pa-dos,2026-09-21T16:12:08+00:00
2026,PA,PA-10,2026-09-21,43,43,6,43,,30,7,6,,apportioned,1,pa-dos,2026-09-22T17:56:19+00:00
2026,PA,PA-10,2026-09-22,42,48,5,48,,33,7,7,,apportioned,1,pa-dos,2026-09-23T16:06:59+00:00
2026,PA,PA-10,2026-09-23,41,53,5,53,,38,7,7,,apportioned,1,pa-dos,2026-09-24T18:11:10+00:00
2026,PA,PA-10,2026-09-24,40,57,5,57,,41,9,7,,apportioned,1,pa-dos,2026-09-25T15:00:31+00:00
2026,PA,PA-10,2026-09-25,39,60,3,60,,43,10,7,,apportioned,1,pa-dos,2026-09-28T17:42:51+00:00
2026,PA,PA-10,2026-09-26,38,60,0,60,,43,10,7,,apportioned,1,pa-dos,2026-09-28T17:42:51+00:00
2026,PA,PA-10,2026-09-27,37,60,0,60,,43,10,7,,apportioned,1,pa-dos,2026-09-28T17:42:51+00:00
2026,PA,PA-10,2026-09-28,36,70,10,70,,47,15,8,,apportioned,1,pa-dos,2026-09-28T17:42:51+00:00
2026,PA,PA-10,2026-09-29,35,89,19,89,,62,16,11,,apportioned,1,pa-dos,2026-09-30T14:02:25+00:00
2026,PA,PA-10,2026-09-30,34,93,4,93,,63,17,13,,apportioned,1,pa-dos,2026-09-30T14:02:25+00:00
2026,PA,PA-10,2026-10-01,33,106,13,106,,70,20,16,,apportioned,1,pa-dos,2026-10-02T17:27:39+00:00
2026,PA,PA-10,2026-10-02,32,120,14,120,,83,21,16,,apportioned,1,pa-dos,2026-10-05T19:03:51+00:00
2026,PA,PA-10,2026-10-03,31,120,0,120,,83,21,16,,apportioned,1,pa-dos,2026-10-05T19:03:51+00:00
2026,PA,PA-10,2026-10-04,30,120,0,120,,83,21,16,,apportioned,1,pa-dos,2026-10-05T19:03:51+00:00
2026,PA,PA-10,2026-10-05,29,1168,1048,1168,,757,331,81,,apportioned,1,pa-dos,2026-10-06T16:30:11+00:00
2026,PA,PA-10,2026-10-06,28,1607,439,1607,,1066,424,117,,apportioned,1,pa-dos,2026-10-07T19:44:03+00:00
2026,PA,PA-10,2026-10-07,27,4067,2460,4067,,2534,1202,332,,apportioned,1,pa-dos,2026-10-09T19:15:22+00:00
2026,PA,PA-10,2026-10-08,26,6297,2230,6297,,3750,1942,606,,apportioned,1,pa-dos,2026-10-09T19:15:22+00:00
2026,PA,PA-10,2026-10-09,25,6297,0,6297,,3750,1942,606,,apportioned,1,pa-dos,2026-10-09T19:15:22+00:00
2026,PA,PA-11,2026-07-06,120,1,0,1,,1,0,0,,apportioned,1,pa-dos,2026-09-10T22:15:19+00:00
2026,PA,PA-11,2026-07-07,119,1,0,1,,1,0,0,,apportioned,1,pa-dos,2026-09-10T22:15:19+00:00
2026,PA,PA-11,2026-07-08,118,1,0,1,,1,0,0,,apportioned,1,pa-dos,2026-09-10T22:15:19+00:00
2026,PA,PA-11,2026-07-09,117,1,0,1,,1,0,0,,apportioned,1,pa-dos,2026-09-10T22:15:19+00:00
2026,PA,PA-11,2026-07-10,116,1,0,1,,1,0,0,,apportioned,1,pa-dos,2026-09-10T22:15:19+00:00
2026,PA,PA-11,2026-07-11,115,1,0,1,,1,0,0,,apportioned,1,pa-dos,2026-09-10T22:15:19+00:00
2026,PA,PA-11,2026-07-12,114,1,0,1,,1,0,0,,apportioned,1,pa-dos,2026-09-10T22:15:19+00:00
2026,PA,PA-11,2026-07-13,113,1,0,1,,1,0,0,,apportioned,1,pa-dos,2026-09-10T22:15:19+00:00
2026,PA,PA-11,2026-07-14,112,1,0,1,,1,0,0,,apportioned,1,pa-dos,2026-09-10T22:15:19+00:00
2026,PA,PA-11,2026-07-15,111,1,0,1,,1,0,0,,apportioned,1,pa-dos,2026-09-10T22:15:19+00:00
2026,PA,PA-11,2026-07-16,110,1,0,1,,1,0,0,,apportioned,1,pa-dos,2026-09-10T22:15:19+00:00
2026,PA,PA-11,2026-07-17,109,1,0,1,,1,0,0,,apportioned,1,pa-dos,2026-09-10T22:15:19+00:00
2026,PA,PA-11,2026-07-18,108,1,0,1,,1,0,0,,apportioned,1,pa-dos,2026-09-10T22:15:19+00:00
2026,PA,PA-11,2026-07-19,107,1,0,1,,1,0,0,,apportioned,1,pa-dos,2026-09-10T22:15:19+00:00
2026,PA,PA-11,2026-07-20,106,1,0,1,,1,0,0,,apportioned,1,pa-dos,2026-09-10T22:15:19+00:00
2026,PA,PA-11,2026-07-21,105,1,0,1,,1,0,0,,apportioned,1,pa-dos,2026-09-10T22:15:19+00:00
2026,PA,PA-11,2026-07-22,104,1,0,1,,1,0,0,,apportioned,1,pa-dos,2026-09-10T22:15:19+00:00
2026,PA,PA-11,2026-07-23,103,1,0,1,,1,0,0,,apportioned,1,pa-dos,2026-09-10T22:15:19+00:00
2026,PA,PA-11,2026-07-24,102,1,0,1,,1,0,0,,apportioned,1,pa-dos,2026-09-10T22:15:19+00:00
2026,PA,PA-11,2026-07-25,101,1,0,1,,1,0,0,,apportioned,1,pa-dos,2026-09-10T22:15:19+00:00
2026,PA,PA-11,2026-07-26,100,1,0,1,,1,0,0,,apportioned,1,pa-dos,2026-09-10T22:15:19+00:00
2026,PA,PA-11,2026-07-27,99,1,0,1,,1,0,0,,apportioned,1,pa-dos,2026-09-10T22:15:19+00:00
2026,PA,PA-11,2026-07-28,98,1,0,1,,1,0,0,,apportioned,1,pa-dos,2026-09-10T22:15:19+00:00
2026,PA,PA-11,2026-07-29,97,1,0,1,,1,0,0,,apportioned,1,pa-dos,2026-09-10T22:15:19+00:00
2026,PA,PA-11,2026-07-30,96,1,0,1,,1,0,0,,apportioned,1,pa-dos,2026-09-10T22:15:19+00:00
2026,PA,PA-11,2026-07-31,95,1,0,1,,1,0,0,,apportioned,1,pa-dos,2026-09-10T22:15:19+00:00
2026,PA,PA-11,2026-08-01,94,1,0,1,,1,0,0,,apportioned,1,pa-dos,2026-09-10T22:15:19+00:00
2026,PA,PA-11,2026-08-02,93,1,0,1,,1,0,0,,apportioned,1,pa-dos,2026-09-10T22:15:19+00:00
2026,PA,PA-11,2026-08-03,92,1,0,1,,1,0,0,,apportioned,1,pa-dos,2026-09-10T22:15:19+00:00
2026,PA,PA-11,2026-08-04,91,1,0,1,,1,0,0,,apportioned,1,pa-dos,2026-09-10T22:15:19+00:00
2026,PA,PA-11,2026-08-05,90,1,0,1,,1,0,0,,apportioned,1,pa-dos,2026-09-10T22:15:19+00:00
2026,PA,PA-11,2026-08-06,89,1,0,1,,1,0,0,,apportioned,1,pa-dos,2026-09-10T22:15:19+00:00
2026,PA,PA-11,2026-08-07,88,1,0,1,,1,0,0,,apportioned,1,pa-dos,2026-09-10T22:15:19+00:00
2026,PA,PA-11,2026-08-08,87,1,0,1,,1,0,0,,apportioned,1,pa-dos,2026-09-10T22:15:19+00:00
2026,PA,PA-11,2026-08-09,86,1,0,1,,1,0,0,,apportioned,1,pa-dos,2026-09-10T22:15:19+00:00
2026,PA,PA-11,2026-08-10,85,1,0,1,,1,0,0,,apportioned,1,pa-dos,2026-09-10T22:15:19+00:00
2026,PA,PA-11,2026-08-11,84,1,0,1,,1,0,0,,apportioned,1,pa-dos,2026-09-10T22:15:19+00:00
2026,PA,PA-11,2026-08-12,83,1,0,1,,1,0,0,,apportioned,1,pa-dos,2026-09-10T22:15:19+00:00
2026,PA,PA-11,2026-08-13,82,1,0,1,,1,0,0,,apportioned,1,pa-dos,2026-09-10T22:15:19+00:00
2026,PA,PA-11,2026-08-14,81,1,0,1,,1,0,0,,apportioned,1,pa-dos,2026-09-10T22:15:19+00:00
2026,PA,PA-11,2026-08-15,80,1,0,1,,1,0,0,,apportioned,1,pa-dos,2026-09-10T22:15:19+00:00
2026,PA,PA-11,2026-08-16,79,1,0,1,,1,0,0,,apportioned,1,pa-dos,2026-09-10T22:15:19+00:00
2026,PA,PA-11,2026-08-17,78,1,0,1,,1,0,0,,apportioned,1,pa-dos,2026-09-10T22:15:19+00:00
2026,PA,PA-11,2026-08-18,77,1,0,1,,1,0,0,,apportioned,1,pa-dos,2026-09-10T22:15:19+00:00
2026,PA,PA-11,2026-08-19,76,1,0,1,,1,0,0,,apportioned,1,pa-dos,2026-09-10T22:15:19+00:00
2026,PA,PA-11,2026-08-20,75,1,0,1,,1,0,0,,apportioned,1,pa-dos,2026-09-10T22:15:19+00:00
2026,PA,PA-11,2026-08-21,74,1,0,1,,1,0,0,,apportioned,1,pa-dos,2026-09-10T22:15:19+00:00
2026,PA,PA-11,2026-08-22,73,1,0,1,,1,0,0,,apportioned,1,pa-dos,2026-09-10T22:15:19+00:00
2026,PA,PA-11,2026-08-23,72,1,0,1,,1,0,0,,apportioned,1,pa-dos,2026-09-10T22:15:19+00:00
2026,PA,PA-11,2026-08-24,71,1,0,1,,1,0,0,,apportioned,1,pa-dos,2026-09-10T22:15:19+00:00
2026,PA,PA-11,2026-08-25,70,1,0,1,,1,0,0,,apportioned,1,pa-dos,2026-09-10T22:15:19+00:00
2026,PA,PA-11,2026-08-26,69,1,0,1,,1,0,0,,apportioned,1,pa-dos,2026-09-10T22:15:19+00:00
2026,PA,PA-11,2026-08-27,68,1,0,1,,1,0,0,,apportioned,1,pa-dos,2026-09-10T22:15:19+00:00
2026,PA,PA-11,2026-08-28,67,1,0,1,,1,0,0,,apportioned,1,pa-dos,2026-09-10T22:15:19+00:00
2026,PA,PA-11,2026-08-29,66,1,0,1,,1,0,0,,apportioned,1,pa-dos,2026-09-10T22:15:19+00:00
2026,PA,PA-11,2026-08-30,65,1,0,1,,1,0,0,,apportioned,1,pa-dos,2026-09-10T22:15:19+00:00
2026,PA,PA-11,2026-08-31,64,1,0,1,,1,0,0,,apportioned,1,pa-dos,2026-09-10T22:15:19+00:00
2026,PA,PA-11,2026-09-01,63,1,0,1,,1,0,0,,apportioned,1,pa-dos,2026-09-10T22:15:19+00:00
2026,PA,PA-11,2026-09-02,62,1,0,1,,1,0,0,,apportioned,1,pa-dos,2026-09-10T22:15:19+00:00
2026,PA,PA-11,2026-09-03,61,1,0,1,,1,0,0,,apportioned,1,pa-dos,2026-09-10T22:15:19+00:00
2026,PA,PA-11,2026-09-04,60,1,0,1,,1,0,0,,apportioned,1,pa-dos,2026-09-10T22:15:19+00:00
2026,PA,PA-11,2026-09-05,59,1,0,1,,1,0,0,,apportioned,1,pa-dos,2026-09-10T22:15:19+00:00
2026,PA,PA-11,2026-09-06,58,1,0,1,,1,0,0,,apportioned,1,pa-dos,2026-09-10T22:15:19+00:00
2026,PA,PA-11,2026-09-07,57,1,0,1,,1,0,0,,apportioned,1,pa-dos,2026-09-10T22:15:19+00:00
2026,PA,PA-11,2026-09-08,56,1,0,1,,1,0,0,,apportioned,1,pa-dos,2026-09-10T22:15:19+00:00
2026,PA,PA-11,2026-09-09,55,1,0,1,,1,0,0,,apportioned,1,pa-dos,2026-09-10T22:15:19+00:00
2026,PA,PA-11,2026-09-10,54,1,0,1,,1,0,0,,apportioned,1,pa-dos,2026-09-10T22:15:19+00:00
2026,PA,PA-11,2026-09-11,53,1,0,1,,1,0,0,,apportioned,1,pa-dos,2026-09-11T02:59:36+00:00
2026,PA,PA-11,2026-09-12,52,1,0,1,,1,0,0,,apportioned,1,pa-dos,2026-09-12T03:07:07+00:00
2026,PA,PA-11,2026-09-13,51,1,0,1,,1,0,0,,apportioned,1,pa-dos,2026-09-13T03:08:55+00:00
2026,PA,PA-11,2026-09-14,50,1,0,1,,1,0,0,,apportioned,1,pa-dos,2026-09-14T03:22:04+00:00
2026,PA,PA-11,2026-09-18,46,1,1,1,,0,1,0,,apportioned,1,pa-dos,2026-09-21T16:12:08+00:00
2026,PA,PA-11,2026-09-19,45,1,0,1,,0,1,0,,apportioned,1,pa-dos,2026-09-21T16:12:08+00:00
2026,PA,PA-11,2026-09-20,44,1,0,1,,0,1,0,,apportioned,1,pa-dos,2026-09-21T16:12:08+00:00
2026,PA,PA-11,2026-09-21,43,3,2,3,,2,1,0,,apportioned,1,pa-dos,2026-09-22T17:56:19+00:00
2026,PA,PA-11,2026-09-22,42,7,4,7,,5,2,0,,apportioned,1,pa-dos,2026-09-23T16:06:59+00:00
2026,PA,PA-11,2026-09-23,41,12,5,12,,10,2,0,,apportioned,1,pa-dos,2026-09-24T18:11:10+00:00
2026,PA,PA-11,2026-09-24,40,17,5,17,,14,2,1,,apportioned,1,pa-dos,2026-09-25T15:00:31+00:00
2026,PA,PA-11,2026-09-25,39,21,4,21,,17,2,2,,apportioned,1,pa-dos,2026-09-28T17:42:51+00:00
2026,PA,PA-11,2026-09-26,38,21,0,21,,17,2,2,,apportioned,1,pa-dos,2026-09-28T17:42:51+00:00
2026,PA,PA-11,2026-09-27,37,21,0,21,,17,2,2,,apportioned,1,pa-dos,2026-09-28T17:42:51+00:00
2026,PA,PA-11,2026-09-28,36,73,52,73,,58,7,8,,apportioned,1,pa-dos,2026-09-29T14:37:05+00:00
2026,PA,PA-11,2026-09-29,35,106,33,106,,89,8,9,,apportioned,1,pa-dos,2026-09-30T14:02:25+00:00
2026,PA,PA-11,2026-09-30,34,138,32,138,,114,13,11,,apportioned,1,pa-dos,2026-10-02T17:27:39+00:00
2026,PA,PA-11,2026-10-01,33,1033,895,1033,,639,289,105,,apportioned,1,pa-dos,2026-10-02T17:27:39+00:00
2026,PA,PA-11,2026-10-02,32,2058,1025,2058,,1277,573,208,,apportioned,1,pa-dos,2026-10-05T19:03:51+00:00
2026,PA,PA-11,2026-10-03,31,2058,0,2058,,1277,573,208,,apportioned,1,pa-dos,2026-10-05T19:03:51+00:00
2026,PA,PA-11,2026-10-04,30,2058,0,2058,,1277,573,208,,apportioned,1,pa-dos,2026-10-05T19:03:51+00:00
2026,PA,PA-11,2026-10-05,29,2819,761,2819,,1780,765,274,,apportioned,1,pa-dos,2026-10-06T16:30:11+00:00
2026,PA,PA-11,2026-10-06,28,3538,719,3538,,2235,950,353,,apportioned,1,pa-dos,2026-10-07T19:44:03+00:00
2026,PA,PA-11,2026-10-07,27,3817,279,3817,,2435,1001,380,,apportioned,1,pa-dos,2026-10-08T17:11:46+00:00
2026,PA,PA-11,2026-10-08,26,8609,4792,8609,,5288,2433,887,,apportioned,1,pa-dos,2026-10-09T19:15:22+00:00
2026,PA,PA-11,2026-10-09,25,8609,0,8609,,5288,2433,887,,apportioned,1,pa-dos,2026-10-09T19:15:22+00:00
2026,PA,PA-12,2026-09-22,42,1,1,1,,1,0,0,,apportioned,1,pa-dos,2026-09-23T16:06:59+00:00
2026,PA,PA-12,2026-09-23,41,1,0,1,,1,0,0,,apportioned,1,pa-dos,2026-09-23T16:06:59+00:00
2026,PA,PA-12,2026-09-24,40,4,3,4,,4,0,0,,apportioned,1,pa-dos,2026-09-25T15:00:31+00:00
2026,PA,PA-12,2026-09-25,39,19,15,19,,17,0,1,,apportioned,1,pa-dos,2026-09-28T17:42:51+00:00
2026,PA,PA-12,2026-09-26,38,19,0,19,,17,0,1,,apportioned,1,pa-dos,2026-09-28T17:42:51+00:00
2026,PA,PA-12,2026-09-27,37,19,0,19,,17,0,1,,apportioned,1,pa-dos,2026-09-28T17:42:51+00:00
2026,PA,PA-12,2026-09-28,36,52,33,52,,46,1,5,,apportioned,1,pa-dos,2026-09-29T14:37:05+00:00
2026,PA,PA-12,2026-09-29,35,75,22,75,,64,3,7,,apportioned,1,pa-dos,2026-09-30T14:02:25+00:00
2026,PA,PA-12,2026-09-30,34,209,135,209,,177,16,16,,apportioned,1,pa-dos,2026-10-01T16:53:03+00:00
2026,PA,PA-12,2026-10-01,33,2306,2098,2306,,1797,350,160,,apportioned,1,pa-dos,2026-10-08T17:11:46+00:00
2026,PA,PA-12,2026-10-02,32,7056,4749,7056,,5396,1143,517,,apportioned,1,pa-dos,2026-10-08T17:11:46+00:00
2026,PA,PA-12,2026-10-03,31,7056,0,7056,,5396,1143,517,,apportioned,1,pa-dos,2026-10-08T17:11:46+00:00
2026,PA,PA-12,2026-10-04,30,7056,0,7056,,5396,1143,517,,apportioned,1,pa-dos,2026-10-08T17:11:46+00:00
2026,PA,PA-12,2026-10-05,29,16561,9505,16561,,12624,2766,1171,,apportioned,1,pa-dos,2026-10-08T17:11:46+00:00
2026,PA,PA-12,2026-10-06,28,17318,757,17318,,13221,2872,1224,,apportioned,1,pa-dos,2026-10-08T17:11:46+00:00
2026,PA,PA-12,2026-10-07,27,20411,3093,20411,,15558,3407,1445,,apportioned,1,pa-dos,2026-10-08T17:11:46+00:00
2026,PA,PA-12,2026-10-08,26,25631,5220,25631,,19553,4237,1841,,apportioned,1,pa-dos,2026-10-09T19:15:22+00:00
2026,PA,PA-12,2026-10-09,25,25631,0,25631,,19553,4237,1841,,apportioned,1,pa-dos,2026-10-09T19:15:22+00:00
2026,PA,PA-13,2026-07-14,112,1,1,1,,1,0,0,,apportioned,1,pa-dos,2026-09-10T22:15:19+00:00
2026,PA,PA-13,2026-07-15,111,1,0,1,,1,0,0,,apportioned,1,pa-dos,2026-09-10T22:15:19+00:00
2026,PA,PA-13,2026-07-16,110,1,0,1,,1,0,0,,apportioned,1,pa-dos,2026-09-10T22:15:19+00:00
2026,PA,PA-13,2026-07-17,109,1,0,1,,1,0,0,,apportioned,1,pa-dos,2026-09-10T22:15:19+00:00
2026,PA,PA-13,2026-07-18,108,1,0,1,,1,0,0,,apportioned,1,pa-dos,2026-09-10T22:15:19+00:00
2026,PA,PA-13,2026-07-19,107,1,0,1,,1,0,0,,apportioned,1,pa-dos,2026-09-10T22:15:19+00:00
2026,PA,PA-13,2026-07-20,106,1,0,1,,1,0,0,,apportioned,1,pa-dos,2026-09-10T22:15:19+00:00
2026,PA,PA-13,2026-07-21,105,1,0,1,,1,0,0,,apportioned,1,pa-dos,2026-09-10T22:15:19+00:00
2026,PA,PA-13,2026-07-22,104,1,0,1,,1,0,0,,apportioned,1,pa-dos,2026-09-10T22:15:19+00:00
2026,PA,PA-13,2026-07-23,103,1,0,1,,1,0,0,,apportioned,1,pa-dos,2026-09-10T22:15:19+00:00
2026,PA,PA-13,2026-07-24,102,1,0,1,,1,0,0,,apportioned,1,pa-dos,2026-09-10T22:15:19+00:00
2026,PA,PA-13,2026-07-25,101,1,0,1,,1,0,0,,apportioned,1,pa-dos,2026-09-10T22:15:19+00:00
2026,PA,PA-13,2026-07-26,100,1,0,1,,1,0,0,,apportioned,1,pa-dos,2026-09-10T22:15:19+00:00
2026,PA,PA-13,2026-07-27,99,1,0,1,,1,0,0,,apportioned,1,pa-dos,2026-09-10T22:15:19+00:00
2026,PA,PA-13,2026-07-28,98,1,0,1,,1,0,0,,apportioned,1,pa-dos,2026-09-10T22:15:19+00:00
2026,PA,PA-13,2026-07-29,97,1,0,1,,1,0,0,,apportioned,1,pa-dos,2026-09-10T22:15:19+00:00
2026,PA,PA-13,2026-07-30,96,1,0,1,,1,0,0,,apportioned,1,pa-dos,2026-09-10T22:15:19+00:00
2026,PA,PA-13,2026-07-31,95,1,0,1,,1,0,0,,apportioned,1,pa-dos,2026-09-10T22:15:19+00:00
2026,PA,PA-13,2026-08-01,94,1,0,1,,1,0,0,,apportioned,1,pa-dos,2026-09-10T22:15:19+00:00
2026,PA,PA-13,2026-08-02,93,1,0,1,,1,0,0,,apportioned,1,pa-dos,2026-09-10T22:15:19+00:00
2026,PA,PA-13,2026-08-03,92,1,0,1,,1,0,0,,apportioned,1,pa-dos,2026-09-10T22:15:19+00:00
2026,PA,PA-13,2026-08-04,91,1,0,1,,1,0,0,,apportioned,1,pa-dos,2026-09-10T22:15:19+00:00
2026,PA,PA-13,2026-08-05,90,1,0,1,,1,0,0,,apportioned,1,pa-dos,2026-09-10T22:15:19+00:00
2026,PA,PA-13,2026-08-06,89,1,0,1,,1,0,0,,apportioned,1,pa-dos,2026-09-10T22:15:19+00:00
2026,PA,PA-13,2026-08-07,88,1,0,1,,1,0,0,,apportioned,1,pa-dos,2026-09-10T22:15:19+00:00
2026,PA,PA-13,2026-08-08,87,1,0,1,,1,0,0,,apportioned,1,pa-dos,2026-09-10T22:15:19+00:00
2026,PA,PA-13,2026-08-09,86,1,0,1,,1,0,0,,apportioned,1,pa-dos,2026-09-10T22:15:19+00:00
2026,PA,PA-13,2026-08-10,85,1,0,1,,1,0,0,,apportioned,1,pa-dos,2026-09-10T22:15:19+00:00
2026,PA,PA-13,2026-08-11,84,1,0,1,,1,0,0,,apportioned,1,pa-dos,2026-09-10T22:15:19+00:00
2026,PA,PA-13,2026-08-12,83,1,0,1,,1,0,0,,apportioned,1,pa-dos,2026-09-10T22:15:19+00:00
2026,PA,PA-13,2026-08-13,82,1,0,1,,1,0,0,,apportioned,1,pa-dos,2026-09-10T22:15:19+00:00
2026,PA,PA-13,2026-08-14,81,1,0,1,,1,0,0,,apportioned,1,pa-dos,2026-09-10T22:15:19+00:00
2026,PA,PA-13,2026-08-15,80,1,0,1,,1,0,0,,apportioned,1,pa-dos,2026-09-10T22:15:19+00:00
2026,PA,PA-13,2026-08-16,79,1,0,1,,1,0,0,,apportioned,1,pa-dos,2026-09-10T22:15:19+00:00
2026,PA,PA-13,2026-08-17,78,1,0,1,,1,0,0,,apportioned,1,pa-dos,2026-09-10T22:15:19+00:00
2026,PA,PA-13,2026-08-18,77,1,0,1,,1,0,0,,apportioned,1,pa-dos,2026-09-10T22:15:19+00:00
2026,PA,PA-13,2026-08-19,76,1,0,1,,1,0,0,,apportioned,1,pa-dos,2026-09-10T22:15:19+00:00
2026,PA,PA-13,2026-08-20,75,1,0,1,,1,0,0,,apportioned,1,pa-dos,2026-09-10T22:15:19+00:00
2026,PA,PA-13,2026-08-21,74,1,0,1,,1,0,0,,apportioned,1,pa-dos,2026-09-10T22:15:19+00:00
2026,PA,PA-13,2026-08-22,73,1,0,1,,1,0,0,,apportioned,1,pa-dos,2026-09-10T22:15:19+00:00
2026,PA,PA-13,2026-08-23,72,1,0,1,,1,0,0,,apportioned,1,pa-dos,2026-09-10T22:15:19+00:00
2026,PA,PA-13,2026-08-24,71,1,0,1,,1,0,0,,apportioned,1,pa-dos,2026-09-10T22:15:19+00:00
2026,PA,PA-13,2026-08-25,70,1,0,1,,1,0,0,,apportioned,1,pa-dos,2026-09-10T22:15:19+00:00
2026,PA,PA-13,2026-08-26,69,1,0,1,,1,0,0,,apportioned,1,pa-dos,2026-09-10T22:15:19+00:00
2026,PA,PA-13,2026-08-27,68,1,0,1,,1,0,0,,apportioned,1,pa-dos,2026-09-10T22:15:19+00:00
2026,PA,PA-13,2026-08-28,67,1,0,1,,1,0,0,,apportioned,1,pa-dos,2026-09-10T22:15:19+00:00
2026,PA,PA-13,2026-08-29,66,1,0,1,,1,0,0,,apportioned,1,pa-dos,2026-09-10T22:15:19+00:00
2026,PA,PA-13,2026-08-30,65,1,0,1,,1,0,0,,apportioned,1,pa-dos,2026-09-10T22:15:19+00:00
2026,PA,PA-13,2026-08-31,64,1,0,1,,1,0,0,,apportioned,1,pa-dos,2026-09-10T22:15:19+00:00
2026,PA,PA-13,2026-09-01,63,1,0,1,,1,0,0,,apportioned,1,pa-dos,2026-09-10T22:15:19+00:00
2026,PA,PA-13,2026-09-02,62,1,0,1,,1,0,0,,apportioned,1,pa-dos,2026-09-10T22:15:19+00:00
2026,PA,PA-13,2026-09-03,61,1,0,1,,1,0,0,,apportioned,1,pa-dos,2026-09-10T22:15:19+00:00
2026,PA,PA-13,2026-09-04,60,1,0,1,,1,0,0,,apportioned,1,pa-dos,2026-09-10T22:15:19+00:00
2026,PA,PA-13,2026-09-05,59,1,0,1,,1,0,0,,apportioned,1,pa-dos,2026-09-10T22:15:19+00:00
2026,PA,PA-13,2026-09-06,58,1,0,1,,1,0,0,,apportioned,1,pa-dos,2026-09-10T22:15:19+00:00
2026,PA,PA-13,2026-09-07,57,1,0,1,,1,0,0,,apportioned,1,pa-dos,2026-09-10T22:15:19+00:00
2026,PA,PA-13,2026-09-08,56,2,1,2,,2,0,0,,apportioned,1,pa-dos,2026-09-10T22:15:19+00:00
2026,PA,PA-13,2026-09-09,55,2,0,2,,2,0,0,,apportioned,1,pa-dos,2026-09-10T22:15:19+00:00
2026,PA,PA-13,2026-09-10,54,2,0,2,,2,0,0,,apportioned,1,pa-dos,2026-09-10T22:15:19+00:00
2026,PA,PA-13,2026-09-11,53,3,0,3,,2,0,0,,apportioned,1,pa-dos,2026-09-11T02:59:36+00:00
2026,PA,PA-13,2026-09-12,52,3,0,3,,2,0,0,,apportioned,1,pa-dos,2026-09-12T03:07:07+00:00
2026,PA,PA-13,2026-09-13,51,3,0,3,,2,0,0,,apportioned,1,pa-dos,2026-09-13T03:08:55+00:00
2026,PA,PA-13,2026-09-14,50,4,1,4,,3,0,0,,apportioned,1,pa-dos,2026-09-14T03:22:04+00:00
2026,PA,PA-13,2026-09-15,49,4,0,4,,3,0,0,,apportioned,1,pa-dos,2026-09-15T00:16:48+00:00
2026,PA,PA-13,2026-09-16,48,3,0,3,,2,0,0,,apportioned,1,pa-dos,2026-09-17T17:55:54+00:00
2026,PA,PA-13,2026-09-17,47,3,0,3,,2,0,0,,apportioned,1,pa-dos,2026-09-18T18:52:06+00:00
2026,PA,PA-13,2026-09-18,46,5,2,5,,4,0,0,,apportioned,1,pa-dos,2026-09-21T16:12:08+00:00
2026,PA,PA-13,2026-09-19,45,5,0,5,,4,0,0,,apportioned,1,pa-dos,2026-09-21T16:12:08+00:00
2026,PA,PA-13,2026-09-20,44,5,0,5,,4,0,0,,apportioned,1,pa-dos,2026-09-21T16:12:08+00:00
2026,PA,PA-13,2026-09-21,43,10,5,10,,9,1,0,,apportioned,1,pa-dos,2026-09-21T16:12:08+00:00
2026,PA,PA-13,2026-09-22,42,12,2,12,,11,1,1,,apportioned,1,pa-dos,2026-09-22T00:35:44+00:00
2026,PA,PA-13,2026-09-23,41,13,1,13,,11,2,1,,apportioned,1,pa-dos,2026-09-23T04:34:11+00:00
2026,PA,PA-13,2026-09-24,40,14,0,14,,11,2,1,,apportioned,1,pa-dos,2026-09-24T00:13:46+00:00
2026,PA,PA-13,2026-09-25,39,16,2,16,,13,2,1,,apportioned,1,pa-dos,2026-09-25T03:25:42+00:00
2026,PA,PA-13,2026-09-26,38,16,0,16,,13,2,1,,apportioned,1,pa-dos,2026-09-26T03:31:40+00:00
2026,PA,PA-13,2026-09-27,37,16,0,16,,13,2,1,,apportioned,1,pa-dos,2026-09-27T03:39:51+00:00
2026,PA,PA-13,2026-09-28,36,27,11,27,,21,3,3,,apportioned,1,pa-dos,2026-09-29T14:37:05+00:00
2026,PA,PA-13,2026-09-29,35,33,6,33,,24,5,4,,apportioned,1,pa-dos,2026-09-30T14:02:25+00:00
2026,PA,PA-13,2026-09-30,34,42,8,42,,27,7,7,,apportioned,1,pa-dos,2026-09-30T14:02:25+00:00
2026,PA,PA-13,2026-10-01,33,60,18,60,,37,13,9,,apportioned,1,pa-dos,2026-10-01T01:03:49+00:00
2026,PA,PA-13,2026-10-02,32,151,91,151,,92,45,14,,apportioned,1,pa-dos,2026-10-05T19:03:51+00:00
2026,PA,PA-13,2026-10-03,31,151,0,151,,92,45,14,,apportioned,1,pa-dos,2026-10-05T19:03:51+00:00
2026,PA,PA-13,2026-10-04,30,151,0,151,,92,45,14,,apportioned,1,pa-dos,2026-10-05T19:03:51+00:00
2026,PA,PA-13,2026-10-05,29,1082,932,1082,,601,388,93,,apportioned,1,pa-dos,2026-10-05T19:03:51+00:00
2026,PA,PA-13,2026-10-06,28,1487,404,1487,,802,553,131,,apportioned,1,pa-dos,2026-10-06T01:07:02+00:00
2026,PA,PA-13,2026-10-07,27,2524,1037,2524,,1359,927,238,,apportioned,1,pa-dos,2026-10-08T17:11:46+00:00
2026,PA,PA-13,2026-10-08,26,5032,2508,5032,,2732,1818,481,,apportioned,1,pa-dos,2026-10-09T19:15:22+00:00
2026,PA,PA-13,2026-10-09,25,5034,2,5034,,2732,1820,481,,apportioned,1,pa-dos,2026-10-09T19:15:22+00:00
2026,PA,PA-14,2026-07-06,120,1,0,1,,1,0,0,,apportioned,1,pa-dos,2026-09-10T22:15:19+00:00
2026,PA,PA-14,2026-07-07,119,1,0,1,,1,0,0,,apportioned,1,pa-dos,2026-09-10T22:15:19+00:00
2026,PA,PA-14,2026-07-08,118,1,0,1,,1,0,0,,apportioned,1,pa-dos,2026-09-10T22:15:19+00:00
2026,PA,PA-14,2026-07-09,117,1,0,1,,1,0,0,,apportioned,1,pa-dos,2026-09-10T22:15:19+00:00
2026,PA,PA-14,2026-07-10,116,1,0,1,,1,0,0,,apportioned,1,pa-dos,2026-09-10T22:15:19+00:00
2026,PA,PA-14,2026-07-11,115,1,0,1,,1,0,0,,apportioned,1,pa-dos,2026-09-10T22:15:19+00:00
2026,PA,PA-14,2026-07-12,114,1,0,1,,1,0,0,,apportioned,1,pa-dos,2026-09-10T22:15:19+00:00
2026,PA,PA-14,2026-07-13,113,1,0,1,,1,0,0,,apportioned,1,pa-dos,2026-09-10T22:15:19+00:00
2026,PA,PA-14,2026-07-14,112,1,0,1,,1,0,0,,apportioned,1,pa-dos,2026-09-10T22:15:19+00:00
2026,PA,PA-14,2026-07-15,111,1,0,1,,1,0,0,,apportioned,1,pa-dos,2026-09-10T22:15:19+00:00
2026,PA,PA-14,2026-07-16,110,1,0,1,,1,0,0,,apportioned,1,pa-dos,2026-09-10T22:15:19+00:00
2026,PA,PA-14,2026-07-17,109,2,1,2,,2,0,0,,apportioned,1,pa-dos,2026-09-10T22:15:19+00:00
2026,PA,PA-14,2026-07-18,108,2,0,2,,2,0,0,,apportioned,1,pa-dos,2026-09-10T22:15:19+00:00
2026,PA,PA-14,2026-07-19,107,2,0,2,,2,0,0,,apportioned,1,pa-dos,2026-09-10T22:15:19+00:00
2026,PA,PA-14,2026-07-20,106,2,0,2,,2,0,0,,apportioned,1,pa-dos,2026-09-10T22:15:19+00:00
2026,PA,PA-14,2026-07-21,105,2,0,2,,2,0,0,,apportioned,1,pa-dos,2026-09-10T22:15:19+00:00
2026,PA,PA-14,2026-07-22,104,2,0,2,,2,0,0,,apportioned,1,pa-dos,2026-09-10T22:15:19+00:00
2026,PA,PA-14,2026-07-23,103,2,0,2,,2,0,0,,apportioned,1,pa-dos,2026-09-10T22:15:19+00:00
2026,PA,PA-14,2026-07-24,102,2,0,2,,2,0,0,,apportioned,1,pa-dos,2026-09-10T22:15:19+00:00
2026,PA,PA-14,2026-07-25,101,2,0,2,,2,0,0,,apportioned,1,pa-dos,2026-09-10T22:15:19+00:00
2026,PA,PA-14,2026-07-26,100,2,0,2,,2,0,0,,apportioned,1,pa-dos,2026-09-10T22:15:19+00:00
2026,PA,PA-14,2026-07-27,99,2,0,2,,2,0,0,,apportioned,1,pa-dos,2026-09-10T22:15:19+00:00
2026,PA,PA-14,2026-07-28,98,2,0,2,,2,0,0,,apportioned,1,pa-dos,2026-09-10T22:15:19+00:00
2026,PA,PA-14,2026-07-29,97,2,0,2,,2,0,0,,apportioned,1,pa-dos,2026-09-10T22:15:19+00:00
2026,PA,PA-14,2026-07-30,96,2,0,2,,2,0,0,,apportioned,1,pa-dos,2026-09-10T22:15:19+00:00
2026,PA,PA-14,2026-07-31,95,2,0,2,,2,0,0,,apportioned,1,pa-dos,2026-09-10T22:15:19+00:00
2026,PA,PA-14,2026-08-01,94,2,0,2,,2,0,0,,apportioned,1,pa-dos,2026-09-10T22:15:19+00:00
2026,PA,PA-14,2026-08-02,93,2,0,2,,2,0,0,,apportioned,1,pa-dos,2026-09-10T22:15:19+00:00
2026,PA,PA-14,2026-08-03,92,2,0,2,,2,0,0,,apportioned,1,pa-dos,2026-09-10T22:15:19+00:00
2026,PA,PA-14,2026-08-04,91,2,0,2,,2,0,0,,apportioned,1,pa-dos,2026-09-10T22:15:19+00:00
2026,PA,PA-14,2026-08-05,90,2,0,2,,2,0,0,,apportioned,1,pa-dos,2026-09-10T22:15:19+00:00
2026,PA,PA-14,2026-08-06,89,2,0,2,,2,0,0,,apportioned,1,pa-dos,2026-09-10T22:15:19+00:00
2026,PA,PA-14,2026-08-07,88,2,0,2,,2,0,0,,apportioned,1,pa-dos,2026-09-10T22:15:19+00:00
2026,PA,PA-14,2026-08-08,87,2,0,2,,2,0,0,,apportioned,1,pa-dos,2026-09-10T22:15:19+00:00
2026,PA,PA-14,2026-08-09,86,2,0,2,,2,0,0,,apportioned,1,pa-dos,2026-09-10T22:15:19+00:00
2026,PA,PA-14,2026-08-10,85,2,0,2,,2,0,0,,apportioned,1,pa-dos,2026-09-10T22:15:19+00:00
2026,PA,PA-14,2026-08-11,84,2,0,2,,2,0,0,,apportioned,1,pa-dos,2026-09-10T22:15:19+00:00
2026,PA,PA-14,2026-08-12,83,2,0,2,,2,0,0,,apportioned,1,pa-dos,2026-09-10T22:15:19+00:00
2026,PA,PA-14,2026-08-13,82,2,0,2,,2,0,0,,apportioned,1,pa-dos,2026-09-10T22:15:19+00:00
2026,PA,PA-14,2026-08-14,81,2,0,2,,2,0,0,,apportioned,1,pa-dos,2026-09-10T22:15:19+00:00
2026,PA,PA-14,2026-08-15,80,2,0,2,,2,0,0,,apportioned,1,pa-dos,2026-09-10T22:15:19+00:00
2026,PA,PA-14,2026-08-16,79,2,0,2,,2,0,0,,apportioned,1,pa-dos,2026-09-10T22:15:19+00:00
2026,PA,PA-14,2026-08-17,78,2,0,2,,2,0,0,,apportioned,1,pa-dos,2026-09-10T22:15:19+00:00
2026,PA,PA-14,2026-08-18,77,2,0,2,,2,0,0,,apportioned,1,pa-dos,2026-09-10T22:15:19+00:00
2026,PA,PA-14,2026-08-19,76,2,0,2,,2,0,0,,apportioned,1,pa-dos,2026-09-10T22:15:19+00:00
2026,PA,PA-14,2026-08-20,75,2,0,2,,2,0,0,,apportioned,1,pa-dos,2026-09-10T22:15:19+00:00
2026,PA,PA-14,2026-08-21,74,2,0,2,,2,0,0,,apportioned,1,pa-dos,2026-09-10T22:15:19+00:00
2026,PA,PA-14,2026-08-22,73,2,0,2,,2,0,0,,apportioned,1,pa-dos,2026-09-10T22:15:19+00:00
2026,PA,PA-14,2026-08-23,72,2,0,2,,2,0,0,,apportioned,1,pa-dos,2026-09-10T22:15:19+00:00
2026,PA,PA-14,2026-08-24,71,2,0,2,,2,0,0,,apportioned,1,pa-dos,2026-09-10T22:15:19+00:00
2026,PA,PA-14,2026-08-25,70,2,0,2,,2,0,0,,apportioned,1,pa-dos,2026-09-10T22:15:19+00:00
2026,PA,PA-14,2026-08-26,69,2,0,2,,2,0,0,,apportioned,1,pa-dos,2026-09-10T22:15:19+00:00
2026,PA,PA-14,2026-08-27,68,2,0,2,,2,0,0,,apportioned,1,pa-dos,2026-09-10T22:15:19+00:00
2026,PA,PA-14,2026-08-28,67,2,0,2,,2,0,0,,apportioned,1,pa-dos,2026-09-10T22:15:19+00:00
2026,PA,PA-14,2026-08-29,66,2,0,2,,2,0,0,,apportioned,1,pa-dos,2026-09-10T22:15:19+00:00
2026,PA,PA-14,2026-08-30,65,2,0,2,,2,0,0,,apportioned,1,pa-dos,2026-09-10T22:15:19+00:00
2026,PA,PA-14,2026-08-31,64,2,0,2,,2,0,0,,apportioned,1,pa-dos,2026-09-10T22:15:19+00:00
2026,PA,PA-14,2026-09-01,63,4,2,4,,4,0,0,,apportioned,1,pa-dos,2026-09-10T22:15:19+00:00
2026,PA,PA-14,2026-09-02,62,4,0,4,,4,0,0,,apportioned,1,pa-dos,2026-09-10T22:15:19+00:00
2026,PA,PA-14,2026-09-03,61,4,0,4,,4,0,0,,apportioned,1,pa-dos,2026-09-10T22:15:19+00:00
2026,PA,PA-14,2026-09-04,60,4,0,4,,4,0,0,,apportioned,1,pa-dos,2026-09-10T22:15:19+00:00
2026,PA,PA-14,2026-09-05,59,4,0,4,,4,0,0,,apportioned,1,pa-dos,2026-09-10T22:15:19+00:00
2026,PA,PA-14,2026-09-06,58,4,0,4,,4,0,0,,apportioned,1,pa-dos,2026-09-10T22:15:19+00:00
2026,PA,PA-14,2026-09-07,57,4,0,4,,4,0,0,,apportioned,1,pa-dos,2026-09-10T22:15:19+00:00
2026,PA,PA-14,2026-09-08,56,4,0,4,,4,0,0,,apportioned,1,pa-dos,2026-09-10T22:15:19+00:00
2026,PA,PA-14,2026-09-09,55,4,0,4,,4,0,0,,apportioned,1,pa-dos,2026-09-10T22:15:19+00:00
2026,PA,PA-14,2026-09-10,54,4,0,4,,4,0,0,,apportioned,1,pa-dos,2026-09-10T22:15:19+00:00
2026,PA,PA-14,2026-09-11,53,4,0,4,,4,0,0,,apportioned,1,pa-dos,2026-09-11T02:59:36+00:00
2026,PA,PA-14,2026-09-12,52,4,0,4,,4,0,0,,apportioned,1,pa-dos,2026-09-12T03:07:07+00:00
2026,PA,PA-14,2026-09-13,51,4,0,4,,4,0,0,,apportioned,1,pa-dos,2026-09-13T03:08:55+00:00
2026,PA,PA-14,2026-09-14,50,4,0,4,,4,0,0,,apportioned,1,pa-dos,2026-09-14T03:22:04+00:00
2026,PA,PA-14,2026-09-15,49,4,0,4,,4,0,0,,apportioned,1,pa-dos,2026-09-15T00:16:48+00:00
2026,PA,PA-14,2026-09-16,48,4,0,4,,4,0,0,,apportioned,1,pa-dos,2026-09-16T04:08:09+00:00
2026,PA,PA-14,2026-09-17,47,4,0,4,,4,0,0,,apportioned,1,pa-dos,2026-09-17T00:04:38+00:00
2026,PA,PA-14,2026-09-18,46,4,0,4,,4,0,0,,apportioned,1,pa-dos,2026-09-18T03:11:33+00:00
2026,PA,PA-14,2026-09-19,45,4,0,4,,4,0,0,,apportioned,1,pa-dos,2026-09-19T03:07:52+00:00
2026,PA,PA-14,2026-09-20,44,4,0,4,,4,0,0,,apportioned,1,pa-dos,2026-09-20T03:24:08+00:00
2026,PA,PA-14,2026-09-21,43,4,0,4,,4,0,0,,apportioned,1,pa-dos,2026-09-21T03:19:13+00:00
2026,PA,PA-14,2026-09-22,42,6,2,6,,5,1,0,,apportioned,1,pa-dos,2026-09-23T16:06:59+00:00
2026,PA,PA-14,2026-09-23,41,7,1,7,,6,1,0,,apportioned,1,pa-dos,2026-09-23T16:06:59+00:00
2026,PA,PA-14,2026-09-24,40,10,3,10,,9,1,0,,apportioned,1,pa-dos,2026-09-24T00:13:46+00:00
2026,PA,PA-14,2026-09-25,39,20,10,20,,12,8,0,,apportioned,1,pa-dos,2026-09-25T03:25:42+00:00
2026,PA,PA-14,2026-09-26,38,20,0,20,,12,8,0,,apportioned,1,pa-dos,2026-09-26T03:31:40+00:00
2026,PA,PA-14,2026-09-27,37,20,0,20,,12,8,0,,apportioned,1,pa-dos,2026-09-27T03:39:51+00:00
2026,PA,PA-14,2026-09-28,36,28,8,28,,18,10,0,,apportioned,1,pa-dos,2026-09-29T14:37:05+00:00
2026,PA,PA-14,2026-09-29,35,33,6,33,,22,12,0,,apportioned,1,pa-dos,2026-09-29T14:37:05+00:00
2026,PA,PA-14,2026-09-30,34,50,17,50,,30,17,3,,apportioned,1,pa-dos,2026-10-01T16:53:03+00:00
2026,PA,PA-14,2026-10-01,33,55,6,55,,35,18,4,,apportioned,1,pa-dos,2026-10-01T16:53:03+00:00
2026,PA,PA-14,2026-10-02,32,93,38,93,,55,30,8,,apportioned,1,pa-dos,2026-10-02T04:03:53+00:00
2026,PA,PA-14,2026-10-03,31,93,0,93,,55,30,8,,apportioned,1,pa-dos,2026-10-03T00:55:43+00:00
2026,PA,PA-14,2026-10-04,30,93,0,93,,55,30,8,,apportioned,1,pa-dos,2026-10-04T00:21:31+00:00
2026,PA,PA-14,2026-10-05,29,144,50,144,,81,51,12,,apportioned,1,pa-dos,2026-10-06T16:30:11+00:00
2026,PA,PA-14,2026-10-06,28,277,134,277,,164,97,18,,apportioned,1,pa-dos,2026-10-07T19:44:03+00:00
2026,PA,PA-14,2026-10-07,27,551,274,551,,316,201,35,,apportioned,1,pa-dos,2026-10-07T19:44:03+00:00
2026,PA,PA-14,2026-10-08,26,997,445,997,,624,303,71,,apportioned,1,pa-dos,2026-10-09T19:15:22+00:00
2026,PA,PA-14,2026-10-09,25,997,0,997,,624,303,71,,apportioned,1,pa-dos,2026-10-09T19:15:22+00:00
2026,PA,PA-15,2026-07-06,120,1,0,1,,0,1,0,,apportioned,1,pa-dos,2026-09-10T22:15:19+00:00
2026,PA,PA-15,2026-07-07,119,1,0,1,,0,1,0,,apportioned,1,pa-dos,2026-09-10T22:15:19+00:00
2026,PA,PA-15,2026-07-08,118,4,3,4,,0,3,1,,apportioned,1,pa-dos,2026-09-10T22:15:19+00:00
2026,PA,PA-15,2026-07-09,117,4,0,4,,0,3,1,,apportioned,1,pa-dos,2026-09-10T22:15:19+00:00
2026,PA,PA-15,2026-07-10,116,6,2,6,,0,5,1,,apportioned,1,pa-dos,2026-09-10T22:15:19+00:00
2026,PA,PA-15,2026-07-11,115,6,0,6,,0,5,1,,apportioned,1,pa-dos,2026-09-10T22:15:19+00:00
2026,PA,PA-15,2026-07-12,114,6,0,6,,0,5,1,,apportioned,1,pa-dos,2026-09-10T22:15:19+00:00
2026,PA,PA-15,2026-07-13,113,6,0,6,,0,5,1,,apportioned,1,pa-dos,2026-09-10T22:15:19+00:00
2026,PA,PA-15,2026-07-14,112,6,0,6,,0,5,1,,apportioned,1,pa-dos,2026-09-10T22:15:19+00:00
2026,PA,PA-15,2026-07-15,111,6,0,6,,0,5,1,,apportioned,1,pa-dos,2026-09-10T22:15:19+00:00
2026,PA,PA-15,2026-07-16,110,6,0,6,,0,5,1,,apportioned,1,pa-dos,2026-09-10T22:15:19+00:00
2026,PA,PA-15,2026-07-17,109,6,0,6,,0,5,1,,apportioned,1,pa-dos,2026-09-10T22:15:19+00:00
2026,PA,PA-15,2026-07-18,108,6,0,6,,0,5,1,,apportioned,1,pa-dos,2026-09-10T22:15:19+00:00
2026,PA,PA-15,2026-07-19,107,6,0,6,,0,5,1,,apportioned,1,pa-dos,2026-09-10T22:15:19+00:00
2026,PA,PA-15,2026-07-20,106,6,0,6,,0,5,1,,apportioned,1,pa-dos,2026-09-10T22:15:19+00:00
2026,PA,PA-15,2026-07-21,105,6,0,6,,0,5,1,,apportioned,1,pa-dos,2026-09-10T22:15:19+00:00
2026,PA,PA-15,2026-07-22,104,11,5,11,,3,7,1,,apportioned,1,pa-dos,2026-09-10T22:15:19+00:00
2026,PA,PA-15,2026-07-23,103,11,0,11,,3,7,1,,apportioned,1,pa-dos,2026-09-10T22:15:19+00:00
2026,PA,PA-15,2026-07-24,102,11,0,11,,3,7,1,,apportioned,1,pa-dos,2026-09-10T22:15:19+00:00
2026,PA,PA-15,2026-07-25,101,11,0,11,,3,7,1,,apportioned,1,pa-dos,2026-09-10T22:15:19+00:00
2026,PA,PA-15,2026-07-26,100,11,0,11,,3,7,1,,apportioned,1,pa-dos,2026-09-10T22:15:19+00:00
2026,PA,PA-15,2026-07-27,99,11,0,11,,3,7,1,,apportioned,1,pa-dos,2026-09-10T22:15:19+00:00
2026,PA,PA-15,2026-07-28,98,11,0,11,,3,7,1,,apportioned,1,pa-dos,2026-09-10T22:15:19+00:00
2026,PA,PA-15,2026-07-29,97,11,0,11,,3,7,1,,apportioned,1,pa-dos,2026-09-10T22:15:19+00:00
2026,PA,PA-15,2026-07-30,96,11,0,11,,3,7,1,,apportioned,1,pa-dos,2026-09-10T22:15:19+00:00
2026,PA,PA-15,2026-07-31,95,11,0,11,,3,7,1,,apportioned,1,pa-dos,2026-09-10T22:15:19+00:00
2026,PA,PA-15,2026-08-01,94,11,0,11,,3,7,1,,apportioned,1,pa-dos,2026-09-10T22:15:19+00:00
2026,PA,PA-15,2026-08-02,93,11,0,11,,3,7,1,,apportioned,1,pa-dos,2026-09-10T22:15:19+00:00
2026,PA,PA-15,2026-08-03,92,11,0,11,,3,7,1,,apportioned,1,pa-dos,2026-09-10T22:15:19+00:00
2026,PA,PA-15,2026-08-04,91,11,0,11,,3,7,1,,apportioned,1,pa-dos,2026-09-10T22:15:19+00:00
2026,PA,PA-15,2026-08-05,90,13,2,13,,4,8,1,,apportioned,1,pa-dos,2026-09-10T22:15:19+00:00
2026,PA,PA-15,2026-08-06,89,13,0,13,,4,8,1,,apportioned,1,pa-dos,2026-09-10T22:15:19+00:00
2026,PA,PA-15,2026-08-07,88,13,0,13,,4,8,1,,apportioned,1,pa-dos,2026-09-10T22:15:19+00:00
2026,PA,PA-15,2026-08-08,87,13,0,13,,4,8,1,,apportioned,1,pa-dos,2026-09-10T22:15:19+00:00
2026,PA,PA-15,2026-08-09,86,13,0,13,,4,8,1,,apportioned,1,pa-dos,2026-09-10T22:15:19+00:00
2026,PA,PA-15,2026-08-10,85,13,0,13,,4,8,1,,apportioned,1,pa-dos,2026-09-10T22:15:19+00:00
2026,PA,PA-15,2026-08-11,84,13,0,13,,4,8,1,,apportioned,1,pa-dos,2026-09-10T22:15:19+00:00
2026,PA,PA-15,2026-08-12,83,13,0,13,,4,8,1,,apportioned,1,pa-dos,2026-09-10T22:15:19+00:00
2026,PA,PA-15,2026-08-13,82,14,1,14,,4,8,2,,apportioned,1,pa-dos,2026-09-10T22:15:19+00:00
2026,PA,PA-15,2026-08-14,81,14,0,14,,4,8,2,,apportioned,1,pa-dos,2026-09-10T22:15:19+00:00
2026,PA,PA-15,2026-08-15,80,14,0,14,,4,8,2,,apportioned,1,pa-dos,2026-09-10T22:15:19+00:00
2026,PA,PA-15,2026-08-16,79,14,0,14,,4,8,2,,apportioned,1,pa-dos,2026-09-10T22:15:19+00:00
2026,PA,PA-15,2026-08-17,78,16,2,16,,5,9,2,,apportioned,1,pa-dos,2026-09-10T22:15:19+00:00
2026,PA,PA-15,2026-08-18,77,20,5,20,,9,10,2,,apportioned,1,pa-dos,2026-09-10T22:15:19+00:00
2026,PA,PA-15,2026-08-19,76,21,1,21,,10,10,2,,apportioned,1,pa-dos,2026-09-10T22:15:19+00:00
2026,PA,PA-15,2026-08-20,75,21,0,21,,10,10,2,,apportioned,1,pa-dos,2026-09-10T22:15:19+00:00
2026,PA,PA-15,2026-08-21,74,21,0,21,,10,10,2,,apportioned,1,pa-dos,2026-09-10T22:15:19+00:00
2026,PA,PA-15,2026-08-22,73,21,0,21,,10,10,2,,apportioned,1,pa-dos,2026-09-10T22:15:19+00:00
2026,PA,PA-15,2026-08-23,72,21,0,21,,10,10,2,,apportioned,1,pa-dos,2026-09-10T22:15:19+00:00
2026,PA,PA-15,2026-08-24,71,21,0,21,,10,10,2,,apportioned,1,pa-dos,2026-09-10T22:15:19+00:00
2026,PA,PA-15,2026-08-25,70,21,0,21,,10,10,2,,apportioned,1,pa-dos,2026-09-10T22:15:19+00:00
2026,PA,PA-15,2026-08-26,69,25,4,25,,13,11,2,,apportioned,1,pa-dos,2026-09-10T22:15:19+00:00
2026,PA,PA-15,2026-08-27,68,25,0,25,,13,11,2,,apportioned,1,pa-dos,2026-09-10T22:15:19+00:00
2026,PA,PA-15,2026-08-28,67,25,0,25,,13,11,2,,apportioned,1,pa-dos,2026-09-10T22:15:19+00:00
2026,PA,PA-15,2026-08-29,66,25,0,25,,13,11,2,,apportioned,1,pa-dos,2026-09-10T22:15:19+00:00
2026,PA,PA-15,2026-08-30,65,25,0,25,,13,11,2,,apportioned,1,pa-dos,2026-09-10T22:15:19+00:00
2026,PA,PA-15,2026-08-31,64,27,1,27,,13,12,2,,apportioned,1,pa-dos,2026-09-10T22:15:19+00:00
2026,PA,PA-15,2026-09-01,63,27,0,27,,13,12,2,,apportioned,1,pa-dos,2026-09-10T22:15:19+00:00
2026,PA,PA-15,2026-09-02,62,29,2,29,,14,13,2,,apportioned,1,pa-dos,2026-09-10T22:15:19+00:00
2026,PA,PA-15,2026-09-03,61,30,1,30,,14,14,2,,apportioned,1,pa-dos,2026-09-10T22:15:19+00:00
2026,PA,PA-15,2026-09-04,60,30,1,30,,15,14,2,,apportioned,1,pa-dos,2026-09-10T22:15:19+00:00
2026,PA,PA-15,2026-09-05,59,30,0,30,,15,14,2,,apportioned,1,pa-dos,2026-09-10T22:15:19+00:00
2026,PA,PA-15,2026-09-06,58,30,0,30,,15,14,2,,apportioned,1,pa-dos,2026-09-10T22:15:19+00:00
2026,PA,PA-15,2026-09-07,57,30,0,30,,15,14,2,,apportioned,1,pa-dos,2026-09-10T22:15:19+00:00
2026,PA,PA-15,2026-09-08,56,32,2,32,,16,15,2,,apportioned,1,pa-dos,2026-09-10T22:15:19+00:00
2026,PA,PA-15,2026-09-09,55,33,0,33,,16,16,2,,apportioned,1,pa-dos,2026-09-10T22:15:19+00:00
2026,PA,PA-15,2026-09-10,54,33,0,33,,16,16,2,,apportioned,1,pa-dos,2026-09-10T22:15:19+00:00
2026,PA,PA-15,2026-09-11,53,42,9,42,,22,18,3,,apportioned,1,pa-dos,2026-09-11T02:59:36+00:00
2026,PA,PA-15,2026-09-12,52,42,0,42,,22,18,3,,apportioned,1,pa-dos,2026-09-12T03:07:07+00:00
2026,PA,PA-15,2026-09-13,51,42,0,42,,22,18,3,,apportioned,1,pa-dos,2026-09-13T03:08:55+00:00
2026,PA,PA-15,2026-09-14,50,117,75,117,,69,40,9,,apportioned,1,pa-dos,2026-09-14T03:22:04+00:00
2026,PA,PA-15,2026-09-15,49,223,106,223,,132,72,19,,apportioned,1,pa-dos,2026-09-15T00:16:48+00:00
2026,PA,PA-15,2026-09-16,48,389,166,389,,219,139,31,,apportioned,1,pa-dos,2026-09-16T04:08:09+00:00
2026,PA,PA-15,2026-09-17,47,523,134,523,,282,196,44,,apportioned,1,pa-dos,2026-09-22T17:56:19+00:00
2026,PA,PA-15,2026-09-18,46,627,104,627,,343,230,54,,apportioned,1,pa-dos,2026-09-22T17:56:19+00:00
2026,PA,PA-15,2026-09-19,45,627,0,627,,343,230,54,,apportioned,1,pa-dos,2026-09-22T17:56:19+00:00
2026,PA,PA-15,2026-09-20,44,627,0,627,,343,230,54,,apportioned,1,pa-dos,2026-09-22T17:56:19+00:00
2026,PA,PA-15,2026-09-21,43,787,160,787,,427,294,66,,apportioned,1,pa-dos,2026-09-22T17:56:19+00:00
2026,PA,PA-15,2026-09-22,42,836,49,836,,452,311,73,,apportioned,1,pa-dos,2026-09-22T17:56:19+00:00
2026,PA,PA-15,2026-09-23,41,894,58,894,,482,333,80,,apportioned,1,pa-dos,2026-09-23T04:34:11+00:00
2026,PA,PA-15,2026-09-24,40,962,68,962,,512,362,87,,apportioned,1,pa-dos,2026-09-24T00:13:46+00:00
2026,PA,PA-15,2026-09-25,39,1018,56,1018,,553,372,93,,apportioned,1,pa-dos,2026-09-29T14:37:05+00:00
2026,PA,PA-15,2026-09-26,38,1018,0,1018,,553,372,93,,apportioned,1,pa-dos,2026-09-29T14:37:05+00:00
2026,PA,PA-15,2026-09-27,37,1018,0,1018,,553,372,93,,apportioned,1,pa-dos,2026-09-29T14:37:05+00:00
2026,PA,PA-15,2026-09-28,36,1243,226,1243,,680,454,109,,apportioned,1,pa-dos,2026-09-29T14:37:05+00:00
2026,PA,PA-15,2026-09-29,35,1586,343,1586,,882,568,136,,apportioned,1,pa-dos,2026-09-30T14:02:25+00:00
2026,PA,PA-15,2026-09-30,34,2121,535,2121,,1190,757,174,,apportioned,1,pa-dos,2026-10-01T16:53:03+00:00
2026,PA,PA-15,2026-10-01,33,2981,860,2981,,1695,1058,228,,apportioned,1,pa-dos,2026-10-01T16:53:03+00:00
2026,PA,PA-15,2026-10-02,32,3581,600,3581,,2029,1268,285,,apportioned,1,pa-dos,2026-10-05T19:03:51+00:00
2026,PA,PA-15,2026-10-03,31,3581,0,3581,,2029,1268,285,,apportioned,1,pa-dos,2026-10-05T19:03:51+00:00
2026,PA,PA-15,2026-10-04,30,3581,0,3581,,2029,1268,285,,apportioned,1,pa-dos,2026-10-05T19:03:51+00:00
2026,PA,PA-15,2026-10-05,29,4460,879,4460,,2502,1625,332,,apportioned,1,pa-dos,2026-10-05T19:03:51+00:00
2026,PA,PA-15,2026-10-06,28,5569,1109,5569,,3137,2038,394,,apportioned,1,pa-dos,2026-10-07T19:44:03+00:00
2026,PA,PA-15,2026-10-07,27,6505,936,6505,,3697,2352,457,,apportioned,1,pa-dos,2026-10-08T17:11:46+00:00
2026,PA,PA-15,2026-10-08,26,7996,1491,7996,,4591,2813,594,,apportioned,1,pa-dos,2026-10-09T19:15:22+00:00
2026,PA,PA-15,2026-10-09,25,7996,0,7996,,4591,2813,594,,apportioned,1,pa-dos,2026-10-09T19:15:22+00:00
2026,PA,PA-16,2026-07-28,98,1,1,1,,0,1,0,,apportioned,1,pa-dos,2026-09-10T22:15:19+00:00
2026,PA,PA-16,2026-07-29,97,1,0,1,,0,1,0,,apportioned,1,pa-dos,2026-09-10T22:15:19+00:00
2026,PA,PA-16,2026-07-30,96,1,0,1,,0,1,0,,apportioned,1,pa-dos,2026-09-10T22:15:19+00:00
2026,PA,PA-16,2026-07-31,95,2,1,2,,1,1,0,,apportioned,1,pa-dos,2026-09-10T22:15:19+00:00
2026,PA,PA-16,2026-08-01,94,2,0,2,,1,1,0,,apportioned,1,pa-dos,2026-09-10T22:15:19+00:00
2026,PA,PA-16,2026-08-02,93,2,0,2,,1,1,0,,apportioned,1,pa-dos,2026-09-10T22:15:19+00:00
2026,PA,PA-16,2026-08-03,92,2,0,2,,1,1,0,,apportioned,1,pa-dos,2026-09-10T22:15:19+00:00
2026,PA,PA-16,2026-08-04,91,2,0,2,,1,1,0,,apportioned,1,pa-dos,2026-09-10T22:15:19+00:00
2026,PA,PA-16,2026-08-05,90,2,0,2,,1,1,0,,apportioned,1,pa-dos,2026-09-10T22:15:19+00:00
2026,PA,PA-16,2026-08-06,89,2,0,2,,1,1,0,,apportioned,1,pa-dos,2026-09-10T22:15:19+00:00
2026,PA,PA-16,2026-08-07,88,2,0,2,,1,1,0,,apportioned,1,pa-dos,2026-09-10T22:15:19+00:00
2026,PA,PA-16,2026-08-08,87,2,0,2,,1,1,0,,apportioned,1,pa-dos,2026-09-10T22:15:19+00:00
2026,PA,PA-16,2026-08-09,86,2,0,2,,1,1,0,,apportioned,1,pa-dos,2026-09-10T22:15:19+00:00
2026,PA,PA-16,2026-08-10,85,2,0,2,,1,1,0,,apportioned,1,pa-dos,2026-09-10T22:15:19+00:00
2026,PA,PA-16,2026-08-11,84,2,0,2,,1,1,0,,apportioned,1,pa-dos,2026-09-10T22:15:19+00:00
2026,PA,PA-16,2026-08-12,83,2,0,2,,1,1,0,,apportioned,1,pa-dos,2026-09-10T22:15:19+00:00
2026,PA,PA-16,2026-08-13,82,2,0,2,,1,1,0,,apportioned,1,pa-dos,2026-09-10T22:15:19+00:00
2026,PA,PA-16,2026-08-14,81,2,0,2,,1,1,0,,apportioned,1,pa-dos,2026-09-10T22:15:19+00:00
2026,PA,PA-16,2026-08-15,80,2,0,2,,1,1,0,,apportioned,1,pa-dos,2026-09-10T22:15:19+00:00
2026,PA,PA-16,2026-08-16,79,2,0,2,,1,1,0,,apportioned,1,pa-dos,2026-09-10T22:15:19+00:00
2026,PA,PA-16,2026-08-17,78,3,1,3,,1,2,0,,apportioned,1,pa-dos,2026-09-10T22:15:19+00:00
2026,PA,PA-16,2026-08-18,77,4,0,4,,1,2,0,,apportioned,1,pa-dos,2026-09-10T22:15:19+00:00
2026,PA,PA-16,2026-08-19,76,4,0,4,,1,2,0,,apportioned,1,pa-dos,2026-09-10T22:15:19+00:00
2026,PA,PA-16,2026-08-20,75,4,0,4,,1,2,0,,apportioned,1,pa-dos,2026-09-10T22:15:19+00:00
2026,PA,PA-16,2026-08-21,74,4,0,4,,1,2,0,,apportioned,1,pa-dos,2026-09-10T22:15:19+00:00
2026,PA,PA-16,2026-08-22,73,4,0,4,,1,2,0,,apportioned,1,pa-dos,2026-09-10T22:15:19+00:00
2026,PA,PA-16,2026-08-23,72,4,0,4,,1,2,0,,apportioned,1,pa-dos,2026-09-10T22:15:19+00:00
2026,PA,PA-16,2026-08-24,71,4,0,4,,1,2,0,,apportioned,1,pa-dos,2026-09-10T22:15:19+00:00
2026,PA,PA-16,2026-08-25,70,4,0,4,,1,2,0,,apportioned,1,pa-dos,2026-09-10T22:15:19+00:00
2026,PA,PA-16,2026-08-26,69,4,0,4,,1,2,0,,apportioned,1,pa-dos,2026-09-10T22:15:19+00:00
2026,PA,PA-16,2026-08-27,68,4,0,4,,1,2,0,,apportioned,1,pa-dos,2026-09-10T22:15:19+00:00
2026,PA,PA-16,2026-08-28,67,4,0,4,,1,2,0,,apportioned,1,pa-dos,2026-09-10T22:15:19+00:00
2026,PA,PA-16,2026-08-29,66,4,0,4,,1,2,0,,apportioned,1,pa-dos,2026-09-10T22:15:19+00:00
2026,PA,PA-16,2026-08-30,65,4,0,4,,1,2,0,,apportioned,1,pa-dos,2026-09-10T22:15:19+00:00
2026,PA,PA-16,2026-08-31,64,4,1,4,,2,2,0,,apportioned,1,pa-dos,2026-09-10T22:15:19+00:00
2026,PA,PA-16,2026-09-01,63,4,0,4,,2,2,0,,apportioned,1,pa-dos,2026-09-10T22:15:19+00:00
2026,PA,PA-16,2026-09-02,62,4,0,4,,2,2,0,,apportioned,1,pa-dos,2026-09-10T22:15:19+00:00
2026,PA,PA-16,2026-09-03,61,4,0,4,,2,2,0,,apportioned,1,pa-dos,2026-09-10T22:15:19+00:00
2026,PA,PA-16,2026-09-04,60,5,0,5,,2,2,0,,apportioned,1,pa-dos,2026-09-10T22:15:19+00:00
2026,PA,PA-16,2026-09-05,59,5,0,5,,2,2,0,,apportioned,1,pa-dos,2026-09-10T22:15:19+00:00
2026,PA,PA-16,2026-09-06,58,5,0,5,,2,2,0,,apportioned,1,pa-dos,2026-09-10T22:15:19+00:00
2026,PA,PA-16,2026-09-07,57,5,0,5,,2,2,0,,apportioned,1,pa-dos,2026-09-10T22:15:19+00:00
2026,PA,PA-16,2026-09-08,56,5,0,5,,2,2,0,,apportioned,1,pa-dos,2026-09-10T22:15:19+00:00
2026,PA,PA-16,2026-09-09,55,5,0,5,,2,2,0,,apportioned,1,pa-dos,2026-09-10T22:15:19+00:00
2026,PA,PA-16,2026-09-10,54,5,0,5,,2,2,0,,apportioned,1,pa-dos,2026-09-10T22:15:19+00:00
2026,PA,PA-16,2026-09-11,53,5,0,5,,2,2,0,,apportioned,1,pa-dos,2026-09-11T02:59:36+00:00
2026,PA,PA-16,2026-09-12,52,5,0,5,,2,2,0,,apportioned,1,pa-dos,2026-09-12T03:07:07+00:00
2026,PA,PA-16,2026-09-13,51,5,0,5,,2,2,0,,apportioned,1,pa-dos,2026-09-13T03:08:55+00:00
2026,PA,PA-16,2026-09-14,50,5,0,5,,2,2,0,,apportioned,1,pa-dos,2026-09-14T03:22:04+00:00
2026,PA,PA-16,2026-09-15,49,5,0,5,,3,2,0,,apportioned,1,pa-dos,2026-09-15T00:16:48+00:00
2026,PA,PA-16,2026-09-16,48,5,0,5,,3,2,0,,apportioned,1,pa-dos,2026-09-16T04:08:09+00:00
2026,PA,PA-16,2026-09-17,47,6,1,6,,3,3,0,,apportioned,1,pa-dos,2026-09-17T00:04:38+00:00
2026,PA,PA-16,2026-09-18,46,10,4,10,,5,5,0,,apportioned,1,pa-dos,2026-09-18T03:11:33+00:00
2026,PA,PA-16,2026-09-19,45,10,0,10,,5,5,0,,apportioned,1,pa-dos,2026-09-19T03:07:52+00:00
2026,PA,PA-16,2026-09-20,44,10,0,10,,5,5,0,,apportioned,1,pa-dos,2026-09-20T03:24:08+00:00
2026,PA,PA-16,2026-09-21,43,11,1,11,,6,5,0,,apportioned,1,pa-dos,2026-09-21T03:19:13+00:00
2026,PA,PA-16,2026-09-22,42,201,191,201,,135,57,9,,apportioned,1,pa-dos,2026-09-23T16:06:59+00:00
2026,PA,PA-16,2026-09-23,41,472,271,472,,312,124,36,,apportioned,1,pa-dos,2026-09-23T16:06:59+00:00
2026,PA,PA-16,2026-09-24,40,769,297,769,,506,213,50,,apportioned,1,pa-dos,2026-09-25T15:00:31+00:00
2026,PA,PA-16,2026-09-25,39,1114,345,1114,,706,332,76,,apportioned,1,pa-dos,2026-09-28T17:42:51+00:00
2026,PA,PA-16,2026-09-26,38,1114,0,1114,,706,332,76,,apportioned,1,pa-dos,2026-09-28T17:42:51+00:00
2026,PA,PA-16,2026-09-27,37,1114,0,1114,,706,332,76,,apportioned,1,pa-dos,2026-09-28T17:42:51+00:00
2026,PA,PA-16,2026-09-28,36,1696,582,1696,,1055,529,112,,apportioned,1,pa-dos,2026-09-29T14:37:05+00:00
2026,PA,PA-16,2026-09-29,35,1887,191,1887,,1179,579,129,,apportioned,1,pa-dos,2026-09-30T14:02:25+00:00
2026,PA,PA-16,2026-09-30,34,2050,163,2050,,1273,634,143,,apportioned,1,pa-dos,2026-10-01T16:53:03+00:00
2026,PA,PA-16,2026-10-01,33,2698,646,2698,,1749,768,180,,apportioned,1,pa-dos,2026-10-08T17:11:46+00:00
2026,PA,PA-16,2026-10-02,32,3313,616,3313,,2211,878,223,,apportioned,1,pa-dos,2026-10-08T17:11:46+00:00
2026,PA,PA-16,2026-10-03,31,3313,0,3313,,2211,878,223,,apportioned,1,pa-dos,2026-10-08T17:11:46+00:00
2026,PA,PA-16,2026-10-04,30,3313,0,3313,,2211,878,223,,apportioned,1,pa-dos,2026-10-08T17:11:46+00:00
2026,PA,PA-16,2026-10-05,29,4258,945,4258,,2842,1132,284,,apportioned,1,pa-dos,2026-10-08T17:11:46+00:00
2026,PA,PA-16,2026-10-06,28,10332,6074,10332,,7194,2465,672,,apportioned,1,pa-dos,2026-10-08T17:11:46+00:00
2026,PA,PA-16,2026-10-07,27,15472,5140,15472,,10613,3831,1028,,apportioned,1,pa-dos,2026-10-08T17:11:46+00:00
2026,PA,PA-16,2026-10-08,26,19546,4075,19546,,13263,4971,1311,,apportioned,1,pa-dos,2026-10-09T19:15:22+00:00
2026,PA,PA-16,2026-10-09,25,19546,0,19546,,13263,4971,1311,,apportioned,1,pa-dos,2026-10-09T19:15:22+00:00
2026,PA,PA-17,2026-09-17,47,1,1,1,,1,0,0,,apportioned,1,pa-dos,2026-09-18T18:52:06+00:00
2026,PA,PA-17,2026-09-18,46,1,0,1,,1,0,0,,apportioned,1,pa-dos,2026-09-18T18:52:06+00:00
2026,PA,PA-17,2026-09-19,45,1,0,1,,1,0,0,,apportioned,1,pa-dos,2026-09-19T03:07:52+00:00
2026,PA,PA-17,2026-09-20,44,1,0,1,,1,0,0,,apportioned,1,pa-dos,2026-09-20T03:24:08+00:00
2026,PA,PA-17,2026-09-21,43,1,0,1,,1,0,0,,apportioned,1,pa-dos,2026-09-21T03:19:13+00:00
2026,PA,PA-17,2026-09-22,42,5,4,5,,4,0,1,,apportioned,1,pa-dos,2026-09-23T16:06:59+00:00
2026,PA,PA-17,2026-09-23,41,5,0,5,,4,0,1,,apportioned,1,pa-dos,2026-09-23T16:06:59+00:00
2026,PA,PA-17,2026-09-24,40,7,2,7,,6,0,1,,apportioned,1,pa-dos,2026-09-25T15:00:31+00:00
2026,PA,PA-17,2026-09-25,39,23,16,23,,21,1,2,,apportioned,1,pa-dos,2026-09-28T17:42:51+00:00
2026,PA,PA-17,2026-09-26,38,23,0,23,,21,1,2,,apportioned,1,pa-dos,2026-09-28T17:42:51+00:00
2026,PA,PA-17,2026-09-27,37,23,0,23,,21,1,2,,apportioned,1,pa-dos,2026-09-28T17:42:51+00:00
2026,PA,PA-17,2026-09-28,36,58,35,58,,48,5,5,,apportioned,1,pa-dos,2026-09-29T14:37:05+00:00
2026,PA,PA-17,2026-09-29,35,93,35,93,,75,7,11,,apportioned,1,pa-dos,2026-09-30T14:02:25+00:00
2026,PA,PA-17,2026-09-30,34,294,201,294,,241,28,26,,apportioned,1,pa-dos,2026-10-01T16:53:03+00:00
2026,PA,PA-17,2026-10-01,33,2514,2220,2514,,1956,380,178,,apportioned,1,pa-dos,2026-10-08T17:11:46+00:00
2026,PA,PA-17,2026-10-02,32,8669,6155,8669,,6619,1452,599,,apportioned,1,pa-dos,2026-10-08T17:11:46+00:00
2026,PA,PA-17,2026-10-03,31,8669,0,8669,,6619,1452,599,,apportioned,1,pa-dos,2026-10-08T17:11:46+00:00
2026,PA,PA-17,2026-10-04,30,8669,0,8669,,6619,1452,599,,apportioned,1,pa-dos,2026-10-08T17:11:46+00:00
2026,PA,PA-17,2026-10-05,29,20379,11710,20379,,15429,3562,1388,,apportioned,1,pa-dos,2026-10-08T17:11:46+00:00
2026,PA,PA-17,2026-10-06,28,21620,1241,21620,,16370,3782,1469,,apportioned,1,pa-dos,2026-10-08T17:11:46+00:00
2026,PA,PA-17,2026-10-07,27,25799,4179,25799,,19511,4529,1759,,apportioned,1,pa-dos,2026-10-08T17:11:46+00:00
2026,PA,PA-17,2026-10-08,26,31679,5880,31679,,23986,5495,2198,,apportioned,1,pa-dos,2026-10-09T19:15:22+00:00
2026,PA,PA-17,2026-10-09,25,31679,0,31679,,23986,5495,2198,,apportioned,1,pa-dos,2026-10-09T19:15:22+00:00
