cycle,state,cd_code,date,days_to_election,ballots_total,ballots_new,mail_returned,inperson,party_dem,party_rep,party_oth,party_npa,basis,source_tier,source_name,retrieved_at
2022,TX,TX-01,2022-10-02,37,15,,8,7,,,,,apportioned,1,tx-sos,2026-09-06T15:38:30+00:00
2022,TX,TX-01,2022-10-03,36,53,,46,7,,,,,apportioned,1,tx-sos,2026-09-06T15:38:30+00:00
2022,TX,TX-01,2022-10-04,35,54,,47,7,,,,,apportioned,1,tx-sos,2026-09-06T15:38:30+00:00
2022,TX,TX-01,2022-10-05,34,129,,122,7,,,,,apportioned,1,tx-sos,2026-09-06T15:38:30+00:00
2022,TX,TX-01,2022-10-06,33,294,,287,7,,,,,apportioned,1,tx-sos,2026-09-06T15:38:30+00:00
2022,TX,TX-01,2022-10-07,32,498,,491,7,,,,,apportioned,1,tx-sos,2026-09-06T15:38:30+00:00
2022,TX,TX-01,2022-10-08,31,498,,491,7,,,,,apportioned,1,tx-sos,2026-09-06T15:38:30+00:00
2022,TX,TX-01,2022-10-09,30,498,,491,7,,,,,apportioned,1,tx-sos,2026-09-06T15:38:30+00:00
2022,TX,TX-01,2022-10-10,29,711,,704,7,,,,,apportioned,1,tx-sos,2026-09-06T15:38:30+00:00
2022,TX,TX-01,2022-10-11,28,976,,969,7,,,,,apportioned,1,tx-sos,2026-09-06T15:38:30+00:00
2022,TX,TX-01,2022-10-12,27,1374,,1367,7,,,,,apportioned,1,tx-sos,2026-09-06T15:38:30+00:00
2022,TX,TX-01,2022-10-13,26,1759,,1752,7,,,,,apportioned,1,tx-sos,2026-09-06T15:38:30+00:00
2022,TX,TX-01,2022-10-14,25,2364,,2357,7,,,,,apportioned,1,tx-sos,2026-09-06T15:38:30+00:00
2022,TX,TX-01,2022-10-15,24,2473,,2466,7,,,,,apportioned,1,tx-sos,2026-09-06T15:38:30+00:00
2022,TX,TX-01,2022-10-16,23,2473,,2466,7,,,,,apportioned,1,tx-sos,2026-09-06T15:38:30+00:00
2022,TX,TX-01,2022-10-17,22,3204,,3197,7,,,,,apportioned,1,tx-sos,2026-09-06T15:38:30+00:00
2022,TX,TX-01,2022-10-18,21,3574,,3567,7,,,,,apportioned,1,tx-sos,2026-09-06T15:38:30+00:00
2022,TX,TX-01,2022-10-19,20,3912,,3905,7,,,,,apportioned,1,tx-sos,2026-09-06T15:38:30+00:00
2022,TX,TX-01,2022-10-20,19,4312,,4305,7,,,,,apportioned,1,tx-sos,2026-09-06T15:38:30+00:00
2022,TX,TX-01,2022-10-21,18,4678,,4671,7,,,,,apportioned,1,tx-sos,2026-09-06T15:38:30+00:00
2022,TX,TX-01,2022-10-22,17,4704,,4697,7,,,,,apportioned,1,tx-sos,2026-09-06T15:38:30+00:00
2022,TX,TX-01,2022-10-23,16,4704,,4697,7,,,,,apportioned,1,tx-sos,2026-09-06T15:38:30+00:00
2022,TX,TX-01,2022-10-24,15,21541,,5265,16276,,,,,apportioned,1,tx-sos,2026-09-06T15:38:30+00:00
2022,TX,TX-01,2022-10-25,14,37391,,5650,31741,,,,,apportioned,1,tx-sos,2026-09-06T15:38:30+00:00
2022,TX,TX-01,2022-10-26,13,51867,,6056,45811,,,,,apportioned,1,tx-sos,2026-09-06T15:38:30+00:00
2022,TX,TX-01,2022-10-27,12,65522,,6523,58999,,,,,apportioned,1,tx-sos,2026-09-06T15:38:30+00:00
2022,TX,TX-01,2022-10-28,11,78406,,6906,71501,,,,,apportioned,1,tx-sos,2026-09-06T15:38:30+00:00
2022,TX,TX-01,2022-10-29,10,84797,,7190,77608,,,,,apportioned,1,tx-sos,2026-09-06T15:38:30+00:00
2022,TX,TX-01,2022-10-30,9,86916,,7205,79712,,,,,apportioned,1,tx-sos,2026-09-06T15:38:30+00:00
2022,TX,TX-01,2022-10-31,8,98699,,7589,91110,,,,,apportioned,1,tx-sos,2026-09-06T15:38:30+00:00
2022,TX,TX-01,2022-11-01,7,110066,,7818,102247,,,,,apportioned,1,tx-sos,2026-09-06T15:38:30+00:00
2022,TX,TX-01,2022-11-02,6,120679,,8061,112618,,,,,apportioned,1,tx-sos,2026-09-06T15:38:30+00:00
2022,TX,TX-01,2022-11-03,5,133681,,8273,125409,,,,,apportioned,1,tx-sos,2026-09-06T15:38:30+00:00
2022,TX,TX-01,2022-11-04,4,150496,,8533,141962,,,,,apportioned,1,tx-sos,2026-09-06T15:38:30+00:00
2022,TX,TX-02,2022-10-02,37,3,,3,0,,,,,apportioned,1,tx-sos,2026-09-06T15:38:30+00:00
2022,TX,TX-02,2022-10-03,36,35,,35,0,,,,,apportioned,1,tx-sos,2026-09-06T15:38:30+00:00
2022,TX,TX-02,2022-10-04,35,91,,91,0,,,,,apportioned,1,tx-sos,2026-09-06T15:38:30+00:00
2022,TX,TX-02,2022-10-05,34,430,,430,0,,,,,apportioned,1,tx-sos,2026-09-06T15:38:30+00:00
2022,TX,TX-02,2022-10-06,33,580,,580,0,,,,,apportioned,1,tx-sos,2026-09-06T15:38:30+00:00
2022,TX,TX-02,2022-10-07,32,641,,641,0,,,,,apportioned,1,tx-sos,2026-09-06T15:38:30+00:00
2022,TX,TX-02,2022-10-08,31,641,,641,0,,,,,apportioned,1,tx-sos,2026-09-06T15:38:30+00:00
2022,TX,TX-02,2022-10-09,30,641,,641,0,,,,,apportioned,1,tx-sos,2026-09-06T15:38:30+00:00
2022,TX,TX-02,2022-10-10,29,713,,713,0,,,,,apportioned,1,tx-sos,2026-09-06T15:38:30+00:00
2022,TX,TX-02,2022-10-11,28,1138,,1138,0,,,,,apportioned,1,tx-sos,2026-09-06T15:38:30+00:00
2022,TX,TX-02,2022-10-12,27,1174,,1174,0,,,,,apportioned,1,tx-sos,2026-09-06T15:38:30+00:00
2022,TX,TX-02,2022-10-13,26,1428,,1428,0,,,,,apportioned,1,tx-sos,2026-09-06T15:38:30+00:00
2022,TX,TX-02,2022-10-14,25,1574,,1574,0,,,,,apportioned,1,tx-sos,2026-09-06T15:38:30+00:00
2022,TX,TX-02,2022-10-15,24,1574,,1574,0,,,,,apportioned,1,tx-sos,2026-09-06T15:38:30+00:00
2022,TX,TX-02,2022-10-16,23,1574,,1574,0,,,,,apportioned,1,tx-sos,2026-09-06T15:38:30+00:00
2022,TX,TX-02,2022-10-17,22,1673,,1673,0,,,,,apportioned,1,tx-sos,2026-09-06T15:38:30+00:00
2022,TX,TX-02,2022-10-18,21,2131,,2131,0,,,,,apportioned,1,tx-sos,2026-09-06T15:38:30+00:00
2022,TX,TX-02,2022-10-19,20,2578,,2578,0,,,,,apportioned,1,tx-sos,2026-09-06T15:38:30+00:00
2022,TX,TX-02,2022-10-20,19,3300,,3300,0,,,,,apportioned,1,tx-sos,2026-09-06T15:38:30+00:00
2022,TX,TX-02,2022-10-21,18,3914,,3914,0,,,,,apportioned,1,tx-sos,2026-09-06T15:38:30+00:00
2022,TX,TX-02,2022-10-22,17,4837,,4837,0,,,,,apportioned,1,tx-sos,2026-09-06T15:38:30+00:00
2022,TX,TX-02,2022-10-23,16,4837,,4837,0,,,,,apportioned,1,tx-sos,2026-09-06T15:38:30+00:00
2022,TX,TX-02,2022-10-24,15,17732,,5069,12664,,,,,apportioned,1,tx-sos,2026-09-06T15:38:30+00:00
2022,TX,TX-02,2022-10-25,14,30968,,5541,25428,,,,,apportioned,1,tx-sos,2026-09-06T15:38:30+00:00
2022,TX,TX-02,2022-10-26,13,43986,,6347,37638,,,,,apportioned,1,tx-sos,2026-09-06T15:38:30+00:00
2022,TX,TX-02,2022-10-27,12,56367,,6857,49511,,,,,apportioned,1,tx-sos,2026-09-06T15:38:30+00:00
2022,TX,TX-02,2022-10-28,11,69520,,7769,61752,,,,,apportioned,1,tx-sos,2026-09-06T15:38:30+00:00
2022,TX,TX-02,2022-10-29,10,80092,,8309,71783,,,,,apportioned,1,tx-sos,2026-09-06T15:38:30+00:00
2022,TX,TX-02,2022-10-30,9,85947,,8626,77320,,,,,apportioned,1,tx-sos,2026-09-06T15:38:30+00:00
2022,TX,TX-02,2022-10-31,8,97758,,8779,88979,,,,,apportioned,1,tx-sos,2026-09-06T15:38:30+00:00
2022,TX,TX-02,2022-11-01,7,108242,,9134,99109,,,,,apportioned,1,tx-sos,2026-09-06T15:38:30+00:00
2022,TX,TX-02,2022-11-02,6,121567,,9953,111614,,,,,apportioned,1,tx-sos,2026-09-06T15:38:30+00:00
2022,TX,TX-02,2022-11-03,5,136876,,10318,126558,,,,,apportioned,1,tx-sos,2026-09-06T15:38:30+00:00
2022,TX,TX-02,2022-11-04,4,158186,,10678,147508,,,,,apportioned,1,tx-sos,2026-09-06T15:38:30+00:00
2022,TX,TX-03,2022-10-02,37,4,,0,4,,,,,apportioned,1,tx-sos,2026-09-06T15:38:30+00:00
2022,TX,TX-03,2022-10-03,36,37,,33,4,,,,,apportioned,1,tx-sos,2026-09-06T15:38:30+00:00
2022,TX,TX-03,2022-10-04,35,52,,48,4,,,,,apportioned,1,tx-sos,2026-09-06T15:38:30+00:00
2022,TX,TX-03,2022-10-05,34,215,,211,4,,,,,apportioned,1,tx-sos,2026-09-06T15:38:30+00:00
2022,TX,TX-03,2022-10-06,33,371,,367,4,,,,,apportioned,1,tx-sos,2026-09-06T15:38:30+00:00
2022,TX,TX-03,2022-10-07,32,550,,546,4,,,,,apportioned,1,tx-sos,2026-09-06T15:38:30+00:00
2022,TX,TX-03,2022-10-08,31,565,,561,4,,,,,apportioned,1,tx-sos,2026-09-06T15:38:30+00:00
2022,TX,TX-03,2022-10-09,30,565,,561,4,,,,,apportioned,1,tx-sos,2026-09-06T15:38:30+00:00
2022,TX,TX-03,2022-10-10,29,594,,590,4,,,,,apportioned,1,tx-sos,2026-09-06T15:38:30+00:00
2022,TX,TX-03,2022-10-11,28,914,,910,4,,,,,apportioned,1,tx-sos,2026-09-06T15:38:30+00:00
2022,TX,TX-03,2022-10-12,27,1346,,1342,4,,,,,apportioned,1,tx-sos,2026-09-06T15:38:30+00:00
2022,TX,TX-03,2022-10-13,26,1882,,1878,4,,,,,apportioned,1,tx-sos,2026-09-06T15:38:30+00:00
2022,TX,TX-03,2022-10-14,25,2245,,2241,4,,,,,apportioned,1,tx-sos,2026-09-06T15:38:30+00:00
2022,TX,TX-03,2022-10-15,24,2288,,2284,4,,,,,apportioned,1,tx-sos,2026-09-06T15:38:30+00:00
2022,TX,TX-03,2022-10-16,23,2288,,2284,4,,,,,apportioned,1,tx-sos,2026-09-06T15:38:30+00:00
2022,TX,TX-03,2022-10-17,22,2761,,2757,4,,,,,apportioned,1,tx-sos,2026-09-06T15:38:30+00:00
2022,TX,TX-03,2022-10-18,21,3217,,3213,4,,,,,apportioned,1,tx-sos,2026-09-06T15:38:30+00:00
2022,TX,TX-03,2022-10-19,20,3478,,3474,4,,,,,apportioned,1,tx-sos,2026-09-06T15:38:30+00:00
2022,TX,TX-03,2022-10-20,19,3883,,3879,4,,,,,apportioned,1,tx-sos,2026-09-06T15:38:30+00:00
2022,TX,TX-03,2022-10-21,18,4191,,4187,4,,,,,apportioned,1,tx-sos,2026-09-06T15:38:30+00:00
2022,TX,TX-03,2022-10-22,17,4216,,4212,4,,,,,apportioned,1,tx-sos,2026-09-06T15:38:30+00:00
2022,TX,TX-03,2022-10-23,16,4217,,4213,4,,,,,apportioned,1,tx-sos,2026-09-06T15:38:30+00:00
2022,TX,TX-03,2022-10-24,15,18370,,4801,13569,,,,,apportioned,1,tx-sos,2026-09-06T15:38:30+00:00
2022,TX,TX-03,2022-10-25,14,34612,,5034,29578,,,,,apportioned,1,tx-sos,2026-09-06T15:38:30+00:00
2022,TX,TX-03,2022-10-26,13,49829,,5279,44550,,,,,apportioned,1,tx-sos,2026-09-06T15:38:30+00:00
2022,TX,TX-03,2022-10-27,12,64114,,5751,58363,,,,,apportioned,1,tx-sos,2026-09-06T15:38:30+00:00
2022,TX,TX-03,2022-10-28,11,77466,,6057,71409,,,,,apportioned,1,tx-sos,2026-09-06T15:38:30+00:00
2022,TX,TX-03,2022-10-29,10,91198,,6452,84746,,,,,apportioned,1,tx-sos,2026-09-06T15:38:30+00:00
2022,TX,TX-03,2022-10-30,9,97092,,6666,90426,,,,,apportioned,1,tx-sos,2026-09-06T15:38:30+00:00
2022,TX,TX-03,2022-10-31,8,111718,,6869,104849,,,,,apportioned,1,tx-sos,2026-09-06T15:38:30+00:00
2022,TX,TX-03,2022-11-01,7,125783,,7150,118633,,,,,apportioned,1,tx-sos,2026-09-06T15:38:30+00:00
2022,TX,TX-03,2022-11-02,6,140087,,7426,132661,,,,,apportioned,1,tx-sos,2026-09-06T15:38:30+00:00
2022,TX,TX-03,2022-11-03,5,157509,,7738,149771,,,,,apportioned,1,tx-sos,2026-09-06T15:38:30+00:00
2022,TX,TX-03,2022-11-04,4,180145,,8057,172087,,,,,apportioned,1,tx-sos,2026-09-06T15:38:30+00:00
2022,TX,TX-04,2022-10-02,37,0,,0,0,,,,,apportioned,1,tx-sos,2026-09-06T15:38:30+00:00
2022,TX,TX-04,2022-10-03,36,17,,17,0,,,,,apportioned,1,tx-sos,2026-09-06T15:38:30+00:00
2022,TX,TX-04,2022-10-04,35,94,,94,0,,,,,apportioned,1,tx-sos,2026-09-06T15:38:30+00:00
2022,TX,TX-04,2022-10-05,34,193,,193,0,,,,,apportioned,1,tx-sos,2026-09-06T15:38:30+00:00
2022,TX,TX-04,2022-10-06,33,390,,390,0,,,,,apportioned,1,tx-sos,2026-09-06T15:38:30+00:00
2022,TX,TX-04,2022-10-07,32,633,,633,0,,,,,apportioned,1,tx-sos,2026-09-06T15:38:30+00:00
2022,TX,TX-04,2022-10-08,31,643,,643,0,,,,,apportioned,1,tx-sos,2026-09-06T15:38:30+00:00
2022,TX,TX-04,2022-10-09,30,643,,643,0,,,,,apportioned,1,tx-sos,2026-09-06T15:38:30+00:00
2022,TX,TX-04,2022-10-10,29,649,,649,0,,,,,apportioned,1,tx-sos,2026-09-06T15:38:30+00:00
2022,TX,TX-04,2022-10-11,28,982,,982,0,,,,,apportioned,1,tx-sos,2026-09-06T15:38:30+00:00
2022,TX,TX-04,2022-10-12,27,1281,,1281,0,,,,,apportioned,1,tx-sos,2026-09-06T15:38:30+00:00
2022,TX,TX-04,2022-10-13,26,1883,,1883,0,,,,,apportioned,1,tx-sos,2026-09-06T15:38:30+00:00
2022,TX,TX-04,2022-10-14,25,2463,,2463,0,,,,,apportioned,1,tx-sos,2026-09-06T15:38:30+00:00
2022,TX,TX-04,2022-10-15,24,2476,,2476,0,,,,,apportioned,1,tx-sos,2026-09-06T15:38:30+00:00
2022,TX,TX-04,2022-10-16,23,2476,,2476,0,,,,,apportioned,1,tx-sos,2026-09-06T15:38:30+00:00
2022,TX,TX-04,2022-10-17,22,2892,,2892,0,,,,,apportioned,1,tx-sos,2026-09-06T15:38:30+00:00
2022,TX,TX-04,2022-10-18,21,3323,,3323,0,,,,,apportioned,1,tx-sos,2026-09-06T15:38:30+00:00
2022,TX,TX-04,2022-10-19,20,3523,,3523,0,,,,,apportioned,1,tx-sos,2026-09-06T15:38:30+00:00
2022,TX,TX-04,2022-10-20,19,3926,,3926,0,,,,,apportioned,1,tx-sos,2026-09-06T15:38:30+00:00
2022,TX,TX-04,2022-10-21,18,4249,,4249,0,,,,,apportioned,1,tx-sos,2026-09-06T15:38:30+00:00
2022,TX,TX-04,2022-10-22,17,4281,,4281,0,,,,,apportioned,1,tx-sos,2026-09-06T15:38:30+00:00
2022,TX,TX-04,2022-10-23,16,4282,,4282,0,,,,,apportioned,1,tx-sos,2026-09-06T15:38:30+00:00
2022,TX,TX-04,2022-10-24,15,18595,,4826,13769,,,,,apportioned,1,tx-sos,2026-09-06T15:38:30+00:00
2022,TX,TX-04,2022-10-25,14,35606,,5195,30411,,,,,apportioned,1,tx-sos,2026-09-06T15:38:30+00:00
2022,TX,TX-04,2022-10-26,13,51038,,5451,45587,,,,,apportioned,1,tx-sos,2026-09-06T15:38:30+00:00
2022,TX,TX-04,2022-10-27,12,65622,,5806,59816,,,,,apportioned,1,tx-sos,2026-09-06T15:38:30+00:00
2022,TX,TX-04,2022-10-28,11,79266,,6383,72882,,,,,apportioned,1,tx-sos,2026-09-06T15:38:30+00:00
2022,TX,TX-04,2022-10-29,10,91686,,6767,84917,,,,,apportioned,1,tx-sos,2026-09-06T15:38:30+00:00
2022,TX,TX-04,2022-10-30,9,96918,,6916,90002,,,,,apportioned,1,tx-sos,2026-09-06T15:38:30+00:00
2022,TX,TX-04,2022-10-31,8,111277,,7205,104072,,,,,apportioned,1,tx-sos,2026-09-06T15:38:30+00:00
2022,TX,TX-04,2022-11-01,7,125109,,7449,117661,,,,,apportioned,1,tx-sos,2026-09-06T15:38:30+00:00
2022,TX,TX-04,2022-11-02,6,139135,,7713,131421,,,,,apportioned,1,tx-sos,2026-09-06T15:38:30+00:00
2022,TX,TX-04,2022-11-03,5,156078,,8139,147938,,,,,apportioned,1,tx-sos,2026-09-06T15:38:30+00:00
2022,TX,TX-04,2022-11-04,4,177571,,8442,169130,,,,,apportioned,1,tx-sos,2026-09-06T15:38:30+00:00
2022,TX,TX-05,2022-10-02,37,0,,0,0,,,,,apportioned,1,tx-sos,2026-09-06T15:38:30+00:00
2022,TX,TX-05,2022-10-03,36,2,,2,0,,,,,apportioned,1,tx-sos,2026-09-06T15:38:30+00:00
2022,TX,TX-05,2022-10-04,35,3,,3,0,,,,,apportioned,1,tx-sos,2026-09-06T15:38:30+00:00
2022,TX,TX-05,2022-10-05,34,7,,7,0,,,,,apportioned,1,tx-sos,2026-09-06T15:38:30+00:00
2022,TX,TX-05,2022-10-06,33,34,,34,0,,,,,apportioned,1,tx-sos,2026-09-06T15:38:30+00:00
2022,TX,TX-05,2022-10-07,32,39,,39,0,,,,,apportioned,1,tx-sos,2026-09-06T15:38:30+00:00
2022,TX,TX-05,2022-10-08,31,39,,39,0,,,,,apportioned,1,tx-sos,2026-09-06T15:38:30+00:00
2022,TX,TX-05,2022-10-09,30,39,,39,0,,,,,apportioned,1,tx-sos,2026-09-06T15:38:30+00:00
2022,TX,TX-05,2022-10-10,29,93,,93,0,,,,,apportioned,1,tx-sos,2026-09-06T15:38:30+00:00
2022,TX,TX-05,2022-10-11,28,200,,200,0,,,,,apportioned,1,tx-sos,2026-09-06T15:38:30+00:00
2022,TX,TX-05,2022-10-12,27,200,,200,0,,,,,apportioned,1,tx-sos,2026-09-06T15:38:30+00:00
2022,TX,TX-05,2022-10-13,26,292,,292,0,,,,,apportioned,1,tx-sos,2026-09-06T15:38:30+00:00
2022,TX,TX-05,2022-10-14,25,559,,559,0,,,,,apportioned,1,tx-sos,2026-09-06T15:38:30+00:00
2022,TX,TX-05,2022-10-15,24,590,,590,0,,,,,apportioned,1,tx-sos,2026-09-06T15:38:30+00:00
2022,TX,TX-05,2022-10-16,23,590,,590,0,,,,,apportioned,1,tx-sos,2026-09-06T15:38:30+00:00
2022,TX,TX-05,2022-10-17,22,717,,717,0,,,,,apportioned,1,tx-sos,2026-09-06T15:38:30+00:00
2022,TX,TX-05,2022-10-18,21,748,,748,0,,,,,apportioned,1,tx-sos,2026-09-06T15:38:30+00:00
2022,TX,TX-05,2022-10-19,20,879,,879,0,,,,,apportioned,1,tx-sos,2026-09-06T15:38:30+00:00
2022,TX,TX-05,2022-10-20,19,1014,,1014,0,,,,,apportioned,1,tx-sos,2026-09-06T15:38:30+00:00
2022,TX,TX-05,2022-10-21,18,1244,,1244,0,,,,,apportioned,1,tx-sos,2026-09-06T15:38:30+00:00
2022,TX,TX-05,2022-10-22,17,2515,,2515,0,,,,,apportioned,1,tx-sos,2026-09-06T15:38:30+00:00
2022,TX,TX-05,2022-10-23,16,2515,,2515,0,,,,,apportioned,1,tx-sos,2026-09-06T15:38:30+00:00
2022,TX,TX-05,2022-10-24,15,14395,,2883,11513,,,,,apportioned,1,tx-sos,2026-09-06T15:38:30+00:00
2022,TX,TX-05,2022-10-25,14,26915,,2929,23986,,,,,apportioned,1,tx-sos,2026-09-06T15:38:30+00:00
2022,TX,TX-05,2022-10-26,13,38736,,3256,35480,,,,,apportioned,1,tx-sos,2026-09-06T15:38:30+00:00
2022,TX,TX-05,2022-10-27,12,49969,,3642,46328,,,,,apportioned,1,tx-sos,2026-09-06T15:38:30+00:00
2022,TX,TX-05,2022-10-28,11,59171,,3918,55253,,,,,apportioned,1,tx-sos,2026-09-06T15:38:30+00:00
2022,TX,TX-05,2022-10-29,10,66817,,4071,62746,,,,,apportioned,1,tx-sos,2026-09-06T15:38:30+00:00
2022,TX,TX-05,2022-10-30,9,69942,,4074,65869,,,,,apportioned,1,tx-sos,2026-09-06T15:38:30+00:00
2022,TX,TX-05,2022-10-31,8,80608,,4321,76287,,,,,apportioned,1,tx-sos,2026-09-06T15:38:30+00:00
2022,TX,TX-05,2022-11-01,7,90581,,4461,86120,,,,,apportioned,1,tx-sos,2026-09-06T15:38:30+00:00
2022,TX,TX-05,2022-11-02,6,101055,,4682,96373,,,,,apportioned,1,tx-sos,2026-09-06T15:38:30+00:00
2022,TX,TX-05,2022-11-03,5,113654,,4885,108769,,,,,apportioned,1,tx-sos,2026-09-06T15:38:30+00:00
2022,TX,TX-05,2022-11-04,4,130033,,5128,124906,,,,,apportioned,1,tx-sos,2026-09-06T15:38:30+00:00
2022,TX,TX-06,2022-10-02,37,6,,6,0,,,,,apportioned,1,tx-sos,2026-09-06T15:38:30+00:00
2022,TX,TX-06,2022-10-03,36,33,,33,0,,,,,apportioned,1,tx-sos,2026-09-06T15:38:30+00:00
2022,TX,TX-06,2022-10-04,35,38,,38,0,,,,,apportioned,1,tx-sos,2026-09-06T15:38:30+00:00
2022,TX,TX-06,2022-10-05,34,46,,46,0,,,,,apportioned,1,tx-sos,2026-09-06T15:38:30+00:00
2022,TX,TX-06,2022-10-06,33,145,,145,0,,,,,apportioned,1,tx-sos,2026-09-06T15:38:30+00:00
2022,TX,TX-06,2022-10-07,32,222,,222,0,,,,,apportioned,1,tx-sos,2026-09-06T15:38:30+00:00
2022,TX,TX-06,2022-10-08,31,222,,222,0,,,,,apportioned,1,tx-sos,2026-09-06T15:38:30+00:00
2022,TX,TX-06,2022-10-09,30,222,,222,0,,,,,apportioned,1,tx-sos,2026-09-06T15:38:30+00:00
2022,TX,TX-06,2022-10-10,29,222,,222,0,,,,,apportioned,1,tx-sos,2026-09-06T15:38:30+00:00
2022,TX,TX-06,2022-10-11,28,327,,327,0,,,,,apportioned,1,tx-sos,2026-09-06T15:38:30+00:00
2022,TX,TX-06,2022-10-12,27,370,,370,0,,,,,apportioned,1,tx-sos,2026-09-06T15:38:30+00:00
2022,TX,TX-06,2022-10-13,26,714,,714,0,,,,,apportioned,1,tx-sos,2026-09-06T15:38:30+00:00
2022,TX,TX-06,2022-10-14,25,1001,,1001,0,,,,,apportioned,1,tx-sos,2026-09-06T15:38:30+00:00
2022,TX,TX-06,2022-10-15,24,1109,,1109,0,,,,,apportioned,1,tx-sos,2026-09-06T15:38:30+00:00
2022,TX,TX-06,2022-10-16,23,1109,,1109,0,,,,,apportioned,1,tx-sos,2026-09-06T15:38:30+00:00
2022,TX,TX-06,2022-10-17,22,1578,,1578,0,,,,,apportioned,1,tx-sos,2026-09-06T15:38:30+00:00
2022,TX,TX-06,2022-10-18,21,1739,,1739,0,,,,,apportioned,1,tx-sos,2026-09-06T15:38:30+00:00
2022,TX,TX-06,2022-10-19,20,2098,,2098,0,,,,,apportioned,1,tx-sos,2026-09-06T15:38:30+00:00
2022,TX,TX-06,2022-10-20,19,2378,,2378,0,,,,,apportioned,1,tx-sos,2026-09-06T15:38:30+00:00
2022,TX,TX-06,2022-10-21,18,2628,,2628,0,,,,,apportioned,1,tx-sos,2026-09-06T15:38:30+00:00
2022,TX,TX-06,2022-10-22,17,3060,,3060,0,,,,,apportioned,1,tx-sos,2026-09-06T15:38:30+00:00
2022,TX,TX-06,2022-10-23,16,3120,,3120,0,,,,,apportioned,1,tx-sos,2026-09-06T15:38:30+00:00
2022,TX,TX-06,2022-10-24,15,15533,,3622,11911,,,,,apportioned,1,tx-sos,2026-09-06T15:38:30+00:00
2022,TX,TX-06,2022-10-25,14,29446,,3674,25771,,,,,apportioned,1,tx-sos,2026-09-06T15:38:30+00:00
2022,TX,TX-06,2022-10-26,13,42235,,3993,38241,,,,,apportioned,1,tx-sos,2026-09-06T15:38:30+00:00
2022,TX,TX-06,2022-10-27,12,54639,,4442,50196,,,,,apportioned,1,tx-sos,2026-09-06T15:38:30+00:00
2022,TX,TX-06,2022-10-28,11,65377,,4789,60588,,,,,apportioned,1,tx-sos,2026-09-06T15:38:30+00:00
2022,TX,TX-06,2022-10-29,10,74489,,4971,69517,,,,,apportioned,1,tx-sos,2026-09-06T15:38:30+00:00
2022,TX,TX-06,2022-10-30,9,78031,,4993,73036,,,,,apportioned,1,tx-sos,2026-09-06T15:38:30+00:00
2022,TX,TX-06,2022-10-31,8,90030,,5307,84721,,,,,apportioned,1,tx-sos,2026-09-06T15:38:30+00:00
2022,TX,TX-06,2022-11-01,7,101315,,5385,95929,,,,,apportioned,1,tx-sos,2026-09-06T15:38:30+00:00
2022,TX,TX-06,2022-11-02,6,112967,,5639,107329,,,,,apportioned,1,tx-sos,2026-09-06T15:38:30+00:00
2022,TX,TX-06,2022-11-03,5,127404,,5821,121583,,,,,apportioned,1,tx-sos,2026-09-06T15:38:30+00:00
2022,TX,TX-06,2022-11-04,4,145898,,6115,139782,,,,,apportioned,1,tx-sos,2026-09-06T15:38:30+00:00
2022,TX,TX-07,2022-10-02,37,1,,1,0,,,,,apportioned,1,tx-sos,2026-09-06T15:38:30+00:00
2022,TX,TX-07,2022-10-03,36,3,,3,0,,,,,apportioned,1,tx-sos,2026-09-06T15:38:30+00:00
2022,TX,TX-07,2022-10-04,35,6,,6,0,,,,,apportioned,1,tx-sos,2026-09-06T15:38:30+00:00
2022,TX,TX-07,2022-10-05,34,13,,13,0,,,,,apportioned,1,tx-sos,2026-09-06T15:38:30+00:00
2022,TX,TX-07,2022-10-06,33,42,,42,0,,,,,apportioned,1,tx-sos,2026-09-06T15:38:30+00:00
2022,TX,TX-07,2022-10-07,32,77,,77,0,,,,,apportioned,1,tx-sos,2026-09-06T15:38:30+00:00
2022,TX,TX-07,2022-10-08,31,77,,77,0,,,,,apportioned,1,tx-sos,2026-09-06T15:38:30+00:00
2022,TX,TX-07,2022-10-09,30,77,,77,0,,,,,apportioned,1,tx-sos,2026-09-06T15:38:30+00:00
2022,TX,TX-07,2022-10-10,29,78,,78,0,,,,,apportioned,1,tx-sos,2026-09-06T15:38:30+00:00
2022,TX,TX-07,2022-10-11,28,247,,247,0,,,,,apportioned,1,tx-sos,2026-09-06T15:38:30+00:00
2022,TX,TX-07,2022-10-12,27,276,,276,0,,,,,apportioned,1,tx-sos,2026-09-06T15:38:30+00:00
2022,TX,TX-07,2022-10-13,26,427,,427,0,,,,,apportioned,1,tx-sos,2026-09-06T15:38:30+00:00
2022,TX,TX-07,2022-10-14,25,571,,571,0,,,,,apportioned,1,tx-sos,2026-09-06T15:38:30+00:00
2022,TX,TX-07,2022-10-15,24,571,,571,0,,,,,apportioned,1,tx-sos,2026-09-06T15:38:30+00:00
2022,TX,TX-07,2022-10-16,23,571,,571,0,,,,,apportioned,1,tx-sos,2026-09-06T15:38:30+00:00
2022,TX,TX-07,2022-10-17,22,646,,646,0,,,,,apportioned,1,tx-sos,2026-09-06T15:38:30+00:00
2022,TX,TX-07,2022-10-18,21,914,,914,0,,,,,apportioned,1,tx-sos,2026-09-06T15:38:30+00:00
2022,TX,TX-07,2022-10-19,20,1283,,1283,0,,,,,apportioned,1,tx-sos,2026-09-06T15:38:30+00:00
2022,TX,TX-07,2022-10-20,19,1903,,1903,0,,,,,apportioned,1,tx-sos,2026-09-06T15:38:30+00:00
2022,TX,TX-07,2022-10-21,18,2470,,2470,0,,,,,apportioned,1,tx-sos,2026-09-06T15:38:30+00:00
2022,TX,TX-07,2022-10-22,17,3452,,3452,0,,,,,apportioned,1,tx-sos,2026-09-06T15:38:30+00:00
2022,TX,TX-07,2022-10-23,16,3452,,3452,0,,,,,apportioned,1,tx-sos,2026-09-06T15:38:30+00:00
2022,TX,TX-07,2022-10-24,15,13900,,3508,10392,,,,,apportioned,1,tx-sos,2026-09-06T15:38:30+00:00
2022,TX,TX-07,2022-10-25,14,24530,,4052,20478,,,,,apportioned,1,tx-sos,2026-09-06T15:38:30+00:00
2022,TX,TX-07,2022-10-26,13,34819,,4756,30063,,,,,apportioned,1,tx-sos,2026-09-06T15:38:30+00:00
2022,TX,TX-07,2022-10-27,12,44515,,5192,39323,,,,,apportioned,1,tx-sos,2026-09-06T15:38:30+00:00
2022,TX,TX-07,2022-10-28,11,54789,,6017,48771,,,,,apportioned,1,tx-sos,2026-09-06T15:38:30+00:00
2022,TX,TX-07,2022-10-29,10,62545,,6395,56150,,,,,apportioned,1,tx-sos,2026-09-06T15:38:30+00:00
2022,TX,TX-07,2022-10-30,9,66869,,6733,60137,,,,,apportioned,1,tx-sos,2026-09-06T15:38:30+00:00
2022,TX,TX-07,2022-10-31,8,75928,,6855,69073,,,,,apportioned,1,tx-sos,2026-09-06T15:38:30+00:00
2022,TX,TX-07,2022-11-01,7,83890,,7140,76751,,,,,apportioned,1,tx-sos,2026-09-06T15:38:30+00:00
2022,TX,TX-07,2022-11-02,6,94191,,7820,86370,,,,,apportioned,1,tx-sos,2026-09-06T15:38:30+00:00
2022,TX,TX-07,2022-11-03,5,106622,,8168,98456,,,,,apportioned,1,tx-sos,2026-09-06T15:38:30+00:00
2022,TX,TX-07,2022-11-04,4,124637,,8478,116158,,,,,apportioned,1,tx-sos,2026-09-06T15:38:30+00:00
2022,TX,TX-08,2022-10-02,37,2,,2,0,,,,,apportioned,1,tx-sos,2026-09-06T15:38:30+00:00
2022,TX,TX-08,2022-10-03,36,33,,33,0,,,,,apportioned,1,tx-sos,2026-09-06T15:38:30+00:00
2022,TX,TX-08,2022-10-04,35,86,,86,0,,,,,apportioned,1,tx-sos,2026-09-06T15:38:30+00:00
2022,TX,TX-08,2022-10-05,34,408,,408,0,,,,,apportioned,1,tx-sos,2026-09-06T15:38:30+00:00
2022,TX,TX-08,2022-10-06,33,549,,549,0,,,,,apportioned,1,tx-sos,2026-09-06T15:38:30+00:00
2022,TX,TX-08,2022-10-07,32,607,,607,0,,,,,apportioned,1,tx-sos,2026-09-06T15:38:30+00:00
2022,TX,TX-08,2022-10-08,31,607,,607,0,,,,,apportioned,1,tx-sos,2026-09-06T15:38:30+00:00
2022,TX,TX-08,2022-10-09,30,607,,607,0,,,,,apportioned,1,tx-sos,2026-09-06T15:38:30+00:00
2022,TX,TX-08,2022-10-10,29,675,,675,0,,,,,apportioned,1,tx-sos,2026-09-06T15:38:30+00:00
2022,TX,TX-08,2022-10-11,28,1085,,1085,0,,,,,apportioned,1,tx-sos,2026-09-06T15:38:30+00:00
2022,TX,TX-08,2022-10-12,27,1120,,1120,0,,,,,apportioned,1,tx-sos,2026-09-06T15:38:30+00:00
2022,TX,TX-08,2022-10-13,26,1387,,1387,0,,,,,apportioned,1,tx-sos,2026-09-06T15:38:30+00:00
2022,TX,TX-08,2022-10-14,25,1532,,1532,0,,,,,apportioned,1,tx-sos,2026-09-06T15:38:30+00:00
2022,TX,TX-08,2022-10-15,24,1533,,1533,0,,,,,apportioned,1,tx-sos,2026-09-06T15:38:30+00:00
2022,TX,TX-08,2022-10-16,23,1533,,1533,0,,,,,apportioned,1,tx-sos,2026-09-06T15:38:30+00:00
2022,TX,TX-08,2022-10-17,22,1690,,1690,0,,,,,apportioned,1,tx-sos,2026-09-06T15:38:30+00:00
2022,TX,TX-08,2022-10-18,21,2084,,2084,0,,,,,apportioned,1,tx-sos,2026-09-06T15:38:30+00:00
2022,TX,TX-08,2022-10-19,20,2473,,2473,0,,,,,apportioned,1,tx-sos,2026-09-06T15:38:30+00:00
2022,TX,TX-08,2022-10-20,19,3068,,3068,0,,,,,apportioned,1,tx-sos,2026-09-06T15:38:30+00:00
2022,TX,TX-08,2022-10-21,18,3590,,3590,0,,,,,apportioned,1,tx-sos,2026-09-06T15:38:30+00:00
2022,TX,TX-08,2022-10-22,17,4222,,4222,0,,,,,apportioned,1,tx-sos,2026-09-06T15:38:30+00:00
2022,TX,TX-08,2022-10-23,16,4222,,4222,0,,,,,apportioned,1,tx-sos,2026-09-06T15:38:30+00:00
2022,TX,TX-08,2022-10-24,15,16147,,4508,11639,,,,,apportioned,1,tx-sos,2026-09-06T15:38:30+00:00
2022,TX,TX-08,2022-10-25,14,28023,,4856,23167,,,,,apportioned,1,tx-sos,2026-09-06T15:38:30+00:00
2022,TX,TX-08,2022-10-26,13,40037,,5520,34517,,,,,apportioned,1,tx-sos,2026-09-06T15:38:30+00:00
2022,TX,TX-08,2022-10-27,12,51422,,5968,45455,,,,,apportioned,1,tx-sos,2026-09-06T15:38:30+00:00
2022,TX,TX-08,2022-10-28,11,63445,,6699,56744,,,,,apportioned,1,tx-sos,2026-09-06T15:38:30+00:00
2022,TX,TX-08,2022-10-29,10,73084,,7154,65931,,,,,apportioned,1,tx-sos,2026-09-06T15:38:30+00:00
2022,TX,TX-08,2022-10-30,9,78269,,7371,70900,,,,,apportioned,1,tx-sos,2026-09-06T15:38:30+00:00
2022,TX,TX-08,2022-10-31,8,88950,,7560,81390,,,,,apportioned,1,tx-sos,2026-09-06T15:38:30+00:00
2022,TX,TX-08,2022-11-01,7,98468,,7841,90626,,,,,apportioned,1,tx-sos,2026-09-06T15:38:30+00:00
2022,TX,TX-08,2022-11-02,6,110350,,8496,101856,,,,,apportioned,1,tx-sos,2026-09-06T15:38:30+00:00
2022,TX,TX-08,2022-11-03,5,123964,,8789,115175,,,,,apportioned,1,tx-sos,2026-09-06T15:38:30+00:00
2022,TX,TX-08,2022-11-04,4,142983,,9098,133884,,,,,apportioned,1,tx-sos,2026-09-06T15:38:30+00:00
2022,TX,TX-09,2022-10-02,37,1,,1,0,,,,,apportioned,1,tx-sos,2026-09-06T15:38:30+00:00
2022,TX,TX-09,2022-10-03,36,2,,2,0,,,,,apportioned,1,tx-sos,2026-09-06T15:38:30+00:00
2022,TX,TX-09,2022-10-04,35,3,,3,0,,,,,apportioned,1,tx-sos,2026-09-06T15:38:30+00:00
2022,TX,TX-09,2022-10-05,34,5,,5,0,,,,,apportioned,1,tx-sos,2026-09-06T15:38:30+00:00
2022,TX,TX-09,2022-10-06,33,8,,8,0,,,,,apportioned,1,tx-sos,2026-09-06T15:38:30+00:00
2022,TX,TX-09,2022-10-07,32,10,,10,0,,,,,apportioned,1,tx-sos,2026-09-06T15:38:30+00:00
2022,TX,TX-09,2022-10-08,31,10,,10,0,,,,,apportioned,1,tx-sos,2026-09-06T15:38:30+00:00
2022,TX,TX-09,2022-10-09,30,10,,10,0,,,,,apportioned,1,tx-sos,2026-09-06T15:38:30+00:00
2022,TX,TX-09,2022-10-10,29,10,,10,0,,,,,apportioned,1,tx-sos,2026-09-06T15:38:30+00:00
2022,TX,TX-09,2022-10-11,28,18,,18,0,,,,,apportioned,1,tx-sos,2026-09-06T15:38:30+00:00
2022,TX,TX-09,2022-10-12,27,22,,22,0,,,,,apportioned,1,tx-sos,2026-09-06T15:38:30+00:00
2022,TX,TX-09,2022-10-13,26,25,,25,0,,,,,apportioned,1,tx-sos,2026-09-06T15:38:30+00:00
2022,TX,TX-09,2022-10-14,25,68,,68,0,,,,,apportioned,1,tx-sos,2026-09-06T15:38:30+00:00
2022,TX,TX-09,2022-10-15,24,68,,68,0,,,,,apportioned,1,tx-sos,2026-09-06T15:38:30+00:00
2022,TX,TX-09,2022-10-16,23,68,,68,0,,,,,apportioned,1,tx-sos,2026-09-06T15:38:30+00:00
2022,TX,TX-09,2022-10-17,22,151,,151,0,,,,,apportioned,1,tx-sos,2026-09-06T15:38:30+00:00
2022,TX,TX-09,2022-10-18,21,327,,327,0,,,,,apportioned,1,tx-sos,2026-09-06T15:38:30+00:00
2022,TX,TX-09,2022-10-19,20,644,,644,0,,,,,apportioned,1,tx-sos,2026-09-06T15:38:30+00:00
2022,TX,TX-09,2022-10-20,19,1091,,1091,0,,,,,apportioned,1,tx-sos,2026-09-06T15:38:30+00:00
2022,TX,TX-09,2022-10-21,18,1561,,1561,0,,,,,apportioned,1,tx-sos,2026-09-06T15:38:30+00:00
2022,TX,TX-09,2022-10-22,17,2423,,2423,0,,,,,apportioned,1,tx-sos,2026-09-06T15:38:30+00:00
2022,TX,TX-09,2022-10-23,16,2423,,2423,0,,,,,apportioned,1,tx-sos,2026-09-06T15:38:30+00:00
2022,TX,TX-09,2022-10-24,15,10436,,2466,7970,,,,,apportioned,1,tx-sos,2026-09-06T15:38:30+00:00
2022,TX,TX-09,2022-10-25,14,18686,,2934,15752,,,,,apportioned,1,tx-sos,2026-09-06T15:38:30+00:00
2022,TX,TX-09,2022-10-26,13,26515,,3481,23034,,,,,apportioned,1,tx-sos,2026-09-06T15:38:30+00:00
2022,TX,TX-09,2022-10-27,12,34014,,3885,30129,,,,,apportioned,1,tx-sos,2026-09-06T15:38:30+00:00
2022,TX,TX-09,2022-10-28,11,41746,,4518,37228,,,,,apportioned,1,tx-sos,2026-09-06T15:38:30+00:00
2022,TX,TX-09,2022-10-29,10,47091,,4850,42241,,,,,apportioned,1,tx-sos,2026-09-06T15:38:30+00:00
2022,TX,TX-09,2022-10-30,9,50332,,5147,45185,,,,,apportioned,1,tx-sos,2026-09-06T15:38:30+00:00
2022,TX,TX-09,2022-10-31,8,57093,,5210,51883,,,,,apportioned,1,tx-sos,2026-09-06T15:38:30+00:00
2022,TX,TX-09,2022-11-01,7,63243,,5444,57798,,,,,apportioned,1,tx-sos,2026-09-06T15:38:30+00:00
2022,TX,TX-09,2022-11-02,6,71105,,6009,65096,,,,,apportioned,1,tx-sos,2026-09-06T15:38:30+00:00
2022,TX,TX-09,2022-11-03,5,80510,,6277,74233,,,,,apportioned,1,tx-sos,2026-09-06T15:38:30+00:00
2022,TX,TX-09,2022-11-04,4,93785,,6526,87259,,,,,apportioned,1,tx-sos,2026-09-06T15:38:30+00:00
2022,TX,TX-10,2022-10-02,37,141,,141,0,,,,,apportioned,1,tx-sos,2026-09-06T15:38:30+00:00
2022,TX,TX-10,2022-10-03,36,210,,210,0,,,,,apportioned,1,tx-sos,2026-09-06T15:38:30+00:00
2022,TX,TX-10,2022-10-04,35,289,,289,0,,,,,apportioned,1,tx-sos,2026-09-06T15:38:30+00:00
2022,TX,TX-10,2022-10-05,34,352,,352,0,,,,,apportioned,1,tx-sos,2026-09-06T15:38:30+00:00
2022,TX,TX-10,2022-10-06,33,429,,429,0,,,,,apportioned,1,tx-sos,2026-09-06T15:38:30+00:00
2022,TX,TX-10,2022-10-07,32,587,,587,0,,,,,apportioned,1,tx-sos,2026-09-06T15:38:30+00:00
2022,TX,TX-10,2022-10-08,31,587,,587,0,,,,,apportioned,1,tx-sos,2026-09-06T15:38:30+00:00
2022,TX,TX-10,2022-10-09,30,587,,587,0,,,,,apportioned,1,tx-sos,2026-09-06T15:38:30+00:00
2022,TX,TX-10,2022-10-10,29,598,,598,0,,,,,apportioned,1,tx-sos,2026-09-06T15:38:30+00:00
2022,TX,TX-10,2022-10-11,28,920,,920,0,,,,,apportioned,1,tx-sos,2026-09-06T15:38:30+00:00
2022,TX,TX-10,2022-10-12,27,1163,,1163,0,,,,,apportioned,1,tx-sos,2026-09-06T15:38:30+00:00
2022,TX,TX-10,2022-10-13,26,1610,,1610,0,,,,,apportioned,1,tx-sos,2026-09-06T15:38:30+00:00
2022,TX,TX-10,2022-10-14,25,2463,,2463,0,,,,,apportioned,1,tx-sos,2026-09-06T15:38:30+00:00
2022,TX,TX-10,2022-10-15,24,2469,,2469,0,,,,,apportioned,1,tx-sos,2026-09-06T15:38:30+00:00
2022,TX,TX-10,2022-10-16,23,2469,,2469,0,,,,,apportioned,1,tx-sos,2026-09-06T15:38:30+00:00
2022,TX,TX-10,2022-10-17,22,3360,,3360,0,,,,,apportioned,1,tx-sos,2026-09-06T15:38:30+00:00
2022,TX,TX-10,2022-10-18,21,3715,,3715,0,,,,,apportioned,1,tx-sos,2026-09-06T15:38:30+00:00
2022,TX,TX-10,2022-10-19,20,3991,,3991,0,,,,,apportioned,1,tx-sos,2026-09-06T15:38:30+00:00
2022,TX,TX-10,2022-10-20,19,4941,,4941,0,,,,,apportioned,1,tx-sos,2026-09-06T15:38:30+00:00
2022,TX,TX-10,2022-10-21,18,5451,,5451,0,,,,,apportioned,1,tx-sos,2026-09-06T15:38:30+00:00
2022,TX,TX-10,2022-10-22,17,5517,,5517,0,,,,,apportioned,1,tx-sos,2026-09-06T15:38:30+00:00
2022,TX,TX-10,2022-10-23,16,5517,,5517,0,,,,,apportioned,1,tx-sos,2026-09-06T15:38:30+00:00
2022,TX,TX-10,2022-10-24,15,20926,,6562,14364,,,,,apportioned,1,tx-sos,2026-09-06T15:38:30+00:00
2022,TX,TX-10,2022-10-25,14,35300,,6786,28515,,,,,apportioned,1,tx-sos,2026-09-06T15:38:30+00:00
2022,TX,TX-10,2022-10-26,13,49193,,7484,41710,,,,,apportioned,1,tx-sos,2026-09-06T15:38:30+00:00
2022,TX,TX-10,2022-10-27,12,62410,,8060,54351,,,,,apportioned,1,tx-sos,2026-09-06T15:38:30+00:00
2022,TX,TX-10,2022-10-28,11,76223,,8616,67608,,,,,apportioned,1,tx-sos,2026-09-06T15:38:30+00:00
2022,TX,TX-10,2022-10-29,10,83992,,9027,74964,,,,,apportioned,1,tx-sos,2026-09-06T15:38:30+00:00
2022,TX,TX-10,2022-10-30,9,87615,,9027,78587,,,,,apportioned,1,tx-sos,2026-09-06T15:38:30+00:00
2022,TX,TX-10,2022-10-31,8,100172,,9664,90507,,,,,apportioned,1,tx-sos,2026-09-06T15:38:30+00:00
2022,TX,TX-10,2022-11-01,7,112798,,10064,102734,,,,,apportioned,1,tx-sos,2026-09-06T15:38:30+00:00
2022,TX,TX-10,2022-11-02,6,126738,,10642,116094,,,,,apportioned,1,tx-sos,2026-09-06T15:38:30+00:00
2022,TX,TX-10,2022-11-03,5,143326,,11081,132244,,,,,apportioned,1,tx-sos,2026-09-06T15:38:30+00:00
2022,TX,TX-10,2022-11-04,4,167689,,11750,155940,,,,,apportioned,1,tx-sos,2026-09-06T15:38:30+00:00
2022,TX,TX-11,2022-10-02,37,270,,270,0,,,,,apportioned,1,tx-sos,2026-09-06T15:38:30+00:00
2022,TX,TX-11,2022-10-03,36,415,,415,0,,,,,apportioned,1,tx-sos,2026-09-06T15:38:30+00:00
2022,TX,TX-11,2022-10-04,35,554,,554,0,,,,,apportioned,1,tx-sos,2026-09-06T15:38:30+00:00
2022,TX,TX-11,2022-10-05,34,710,,710,0,,,,,apportioned,1,tx-sos,2026-09-06T15:38:30+00:00
2022,TX,TX-11,2022-10-06,33,879,,879,0,,,,,apportioned,1,tx-sos,2026-09-06T15:38:30+00:00
2022,TX,TX-11,2022-10-07,32,1041,,1041,0,,,,,apportioned,1,tx-sos,2026-09-06T15:38:30+00:00
2022,TX,TX-11,2022-10-08,31,1083,,1083,0,,,,,apportioned,1,tx-sos,2026-09-06T15:38:30+00:00
2022,TX,TX-11,2022-10-09,30,1083,,1083,0,,,,,apportioned,1,tx-sos,2026-09-06T15:38:30+00:00
2022,TX,TX-11,2022-10-10,29,1142,,1142,0,,,,,apportioned,1,tx-sos,2026-09-06T15:38:30+00:00
2022,TX,TX-11,2022-10-11,28,1415,,1415,0,,,,,apportioned,1,tx-sos,2026-09-06T15:38:30+00:00
2022,TX,TX-11,2022-10-12,27,1595,,1595,0,,,,,apportioned,1,tx-sos,2026-09-06T15:38:30+00:00
2022,TX,TX-11,2022-10-13,26,1907,,1907,0,,,,,apportioned,1,tx-sos,2026-09-06T15:38:30+00:00
2022,TX,TX-11,2022-10-14,25,2311,,2311,0,,,,,apportioned,1,tx-sos,2026-09-06T15:38:30+00:00
2022,TX,TX-11,2022-10-15,24,2311,,2311,0,,,,,apportioned,1,tx-sos,2026-09-06T15:38:30+00:00
2022,TX,TX-11,2022-10-16,23,2311,,2311,0,,,,,apportioned,1,tx-sos,2026-09-06T15:38:30+00:00
2022,TX,TX-11,2022-10-17,22,2772,,2772,0,,,,,apportioned,1,tx-sos,2026-09-06T15:38:30+00:00
2022,TX,TX-11,2022-10-18,21,3005,,3005,0,,,,,apportioned,1,tx-sos,2026-09-06T15:38:30+00:00
2022,TX,TX-11,2022-10-19,20,3174,,3174,0,,,,,apportioned,1,tx-sos,2026-09-06T15:38:30+00:00
2022,TX,TX-11,2022-10-20,19,3576,,3576,0,,,,,apportioned,1,tx-sos,2026-09-06T15:38:30+00:00
2022,TX,TX-11,2022-10-21,18,3784,,3784,0,,,,,apportioned,1,tx-sos,2026-09-06T15:38:30+00:00
2022,TX,TX-11,2022-10-22,17,3818,,3818,0,,,,,apportioned,1,tx-sos,2026-09-06T15:38:30+00:00
2022,TX,TX-11,2022-10-23,16,3818,,3818,0,,,,,apportioned,1,tx-sos,2026-09-06T15:38:30+00:00
2022,TX,TX-11,2022-10-24,15,16870,,4409,12463,,,,,apportioned,1,tx-sos,2026-09-06T15:38:30+00:00
2022,TX,TX-11,2022-10-25,14,29186,,4629,24557,,,,,apportioned,1,tx-sos,2026-09-06T15:38:30+00:00
2022,TX,TX-11,2022-10-26,13,41278,,5120,36157,,,,,apportioned,1,tx-sos,2026-09-06T15:38:30+00:00
2022,TX,TX-11,2022-10-27,12,52761,,5472,47289,,,,,apportioned,1,tx-sos,2026-09-06T15:38:30+00:00
2022,TX,TX-11,2022-10-28,11,65286,,5866,59419,,,,,apportioned,1,tx-sos,2026-09-06T15:38:30+00:00
2022,TX,TX-11,2022-10-29,10,71291,,6001,65291,,,,,apportioned,1,tx-sos,2026-09-06T15:38:30+00:00
2022,TX,TX-11,2022-10-30,9,73977,,6001,67976,,,,,apportioned,1,tx-sos,2026-09-06T15:38:30+00:00
2022,TX,TX-11,2022-10-31,8,84488,,6505,77984,,,,,apportioned,1,tx-sos,2026-09-06T15:38:30+00:00
2022,TX,TX-11,2022-11-01,7,94915,,6629,88286,,,,,apportioned,1,tx-sos,2026-09-06T15:38:30+00:00
2022,TX,TX-11,2022-11-02,6,106009,,6912,99097,,,,,apportioned,1,tx-sos,2026-09-06T15:38:30+00:00
2022,TX,TX-11,2022-11-03,5,119140,,7283,111858,,,,,apportioned,1,tx-sos,2026-09-06T15:38:30+00:00
2022,TX,TX-11,2022-11-04,4,138284,,7708,130574,,,,,apportioned,1,tx-sos,2026-09-06T15:38:30+00:00
2022,TX,TX-12,2022-10-02,37,6,,6,0,,,,,apportioned,1,tx-sos,2026-09-06T15:38:30+00:00
2022,TX,TX-12,2022-10-03,36,65,,65,0,,,,,apportioned,1,tx-sos,2026-09-06T15:38:30+00:00
2022,TX,TX-12,2022-10-04,35,66,,66,0,,,,,apportioned,1,tx-sos,2026-09-06T15:38:30+00:00
2022,TX,TX-12,2022-10-05,34,141,,141,0,,,,,apportioned,1,tx-sos,2026-09-06T15:38:30+00:00
2022,TX,TX-12,2022-10-06,33,221,,221,0,,,,,apportioned,1,tx-sos,2026-09-06T15:38:30+00:00
2022,TX,TX-12,2022-10-07,32,297,,297,0,,,,,apportioned,1,tx-sos,2026-09-06T15:38:30+00:00
2022,TX,TX-12,2022-10-08,31,297,,297,0,,,,,apportioned,1,tx-sos,2026-09-06T15:38:30+00:00
2022,TX,TX-12,2022-10-09,30,297,,297,0,,,,,apportioned,1,tx-sos,2026-09-06T15:38:30+00:00
2022,TX,TX-12,2022-10-10,29,297,,297,0,,,,,apportioned,1,tx-sos,2026-09-06T15:38:30+00:00
2022,TX,TX-12,2022-10-11,28,376,,376,0,,,,,apportioned,1,tx-sos,2026-09-06T15:38:30+00:00
2022,TX,TX-12,2022-10-12,27,382,,382,0,,,,,apportioned,1,tx-sos,2026-09-06T15:38:30+00:00
2022,TX,TX-12,2022-10-13,26,457,,457,0,,,,,apportioned,1,tx-sos,2026-09-06T15:38:30+00:00
2022,TX,TX-12,2022-10-14,25,891,,891,0,,,,,apportioned,1,tx-sos,2026-09-06T15:38:30+00:00
2022,TX,TX-12,2022-10-15,24,891,,891,0,,,,,apportioned,1,tx-sos,2026-09-06T15:38:30+00:00
2022,TX,TX-12,2022-10-16,23,891,,891,0,,,,,apportioned,1,tx-sos,2026-09-06T15:38:30+00:00
2022,TX,TX-12,2022-10-17,22,1813,,1813,0,,,,,apportioned,1,tx-sos,2026-09-06T15:38:30+00:00
2022,TX,TX-12,2022-10-18,21,2006,,2006,0,,,,,apportioned,1,tx-sos,2026-09-06T15:38:30+00:00
2022,TX,TX-12,2022-10-19,20,2564,,2564,0,,,,,apportioned,1,tx-sos,2026-09-06T15:38:30+00:00
2022,TX,TX-12,2022-10-20,19,3048,,3048,0,,,,,apportioned,1,tx-sos,2026-09-06T15:38:30+00:00
2022,TX,TX-12,2022-10-21,18,3423,,3423,0,,,,,apportioned,1,tx-sos,2026-09-06T15:38:30+00:00
2022,TX,TX-12,2022-10-22,17,3423,,3423,0,,,,,apportioned,1,tx-sos,2026-09-06T15:38:30+00:00
2022,TX,TX-12,2022-10-23,16,3423,,3423,0,,,,,apportioned,1,tx-sos,2026-09-06T15:38:30+00:00
2022,TX,TX-12,2022-10-24,15,15462,,4223,11239,,,,,apportioned,1,tx-sos,2026-09-06T15:38:30+00:00
2022,TX,TX-12,2022-10-25,14,28677,,4268,24410,,,,,apportioned,1,tx-sos,2026-09-06T15:38:30+00:00
2022,TX,TX-12,2022-10-26,13,41431,,4649,36783,,,,,apportioned,1,tx-sos,2026-09-06T15:38:30+00:00
2022,TX,TX-12,2022-10-27,12,53591,,5170,48421,,,,,apportioned,1,tx-sos,2026-09-06T15:38:30+00:00
2022,TX,TX-12,2022-10-28,11,65653,,5700,59953,,,,,apportioned,1,tx-sos,2026-09-06T15:38:30+00:00
2022,TX,TX-12,2022-10-29,10,76830,,6035,70797,,,,,apportioned,1,tx-sos,2026-09-06T15:38:30+00:00
2022,TX,TX-12,2022-10-30,9,81164,,6035,75129,,,,,apportioned,1,tx-sos,2026-09-06T15:38:30+00:00
2022,TX,TX-12,2022-10-31,8,93967,,6389,87578,,,,,apportioned,1,tx-sos,2026-09-06T15:38:30+00:00
2022,TX,TX-12,2022-11-01,7,106283,,6449,99835,,,,,apportioned,1,tx-sos,2026-09-06T15:38:30+00:00
2022,TX,TX-12,2022-11-02,6,118946,,6709,112237,,,,,apportioned,1,tx-sos,2026-09-06T15:38:30+00:00
2022,TX,TX-12,2022-11-03,5,134064,,6996,127068,,,,,apportioned,1,tx-sos,2026-09-06T15:38:30+00:00
2022,TX,TX-12,2022-11-04,4,154418,,7390,147029,,,,,apportioned,1,tx-sos,2026-09-06T15:38:30+00:00
2022,TX,TX-13,2022-10-02,37,100,,98,2,,,,,apportioned,1,tx-sos,2026-09-06T15:38:30+00:00
2022,TX,TX-13,2022-10-03,36,563,,561,2,,,,,apportioned,1,tx-sos,2026-09-06T15:38:30+00:00
2022,TX,TX-13,2022-10-04,35,613,,611,2,,,,,apportioned,1,tx-sos,2026-09-06T15:38:30+00:00
2022,TX,TX-13,2022-10-05,34,881,,879,2,,,,,apportioned,1,tx-sos,2026-09-06T15:38:30+00:00
2022,TX,TX-13,2022-10-06,33,1073,,1071,2,,,,,apportioned,1,tx-sos,2026-09-06T15:38:30+00:00
2022,TX,TX-13,2022-10-07,32,1341,,1339,2,,,,,apportioned,1,tx-sos,2026-09-06T15:38:30+00:00
2022,TX,TX-13,2022-10-08,31,1341,,1339,2,,,,,apportioned,1,tx-sos,2026-09-06T15:38:30+00:00
2022,TX,TX-13,2022-10-09,30,1341,,1339,2,,,,,apportioned,1,tx-sos,2026-09-06T15:38:30+00:00
2022,TX,TX-13,2022-10-10,29,1485,,1483,2,,,,,apportioned,1,tx-sos,2026-09-06T15:38:30+00:00
2022,TX,TX-13,2022-10-11,28,2076,,2074,2,,,,,apportioned,1,tx-sos,2026-09-06T15:38:30+00:00
2022,TX,TX-13,2022-10-12,27,2346,,2344,2,,,,,apportioned,1,tx-sos,2026-09-06T15:38:30+00:00
2022,TX,TX-13,2022-10-13,26,3070,,3068,2,,,,,apportioned,1,tx-sos,2026-09-06T15:38:30+00:00
2022,TX,TX-13,2022-10-14,25,3421,,3419,2,,,,,apportioned,1,tx-sos,2026-09-06T15:38:30+00:00
2022,TX,TX-13,2022-10-15,24,3421,,3419,2,,,,,apportioned,1,tx-sos,2026-09-06T15:38:30+00:00
2022,TX,TX-13,2022-10-16,23,3423,,3421,2,,,,,apportioned,1,tx-sos,2026-09-06T15:38:30+00:00
2022,TX,TX-13,2022-10-17,22,4261,,4259,2,,,,,apportioned,1,tx-sos,2026-09-06T15:38:30+00:00
2022,TX,TX-13,2022-10-18,21,4513,,4511,2,,,,,apportioned,1,tx-sos,2026-09-06T15:38:30+00:00
2022,TX,TX-13,2022-10-19,20,4763,,4759,4,,,,,apportioned,1,tx-sos,2026-09-06T15:38:30+00:00
2022,TX,TX-13,2022-10-20,19,5155,,5151,4,,,,,apportioned,1,tx-sos,2026-09-06T15:38:30+00:00
2022,TX,TX-13,2022-10-21,18,5488,,5476,12,,,,,apportioned,1,tx-sos,2026-09-06T15:38:30+00:00
2022,TX,TX-13,2022-10-22,17,5511,,5499,12,,,,,apportioned,1,tx-sos,2026-09-06T15:38:30+00:00
2022,TX,TX-13,2022-10-23,16,5514,,5502,12,,,,,apportioned,1,tx-sos,2026-09-06T15:38:30+00:00
2022,TX,TX-13,2022-10-24,15,18320,,6071,12249,,,,,apportioned,1,tx-sos,2026-09-06T15:38:30+00:00
2022,TX,TX-13,2022-10-25,14,32169,,6189,25982,,,,,apportioned,1,tx-sos,2026-09-06T15:38:30+00:00
2022,TX,TX-13,2022-10-26,13,44353,,6571,37782,,,,,apportioned,1,tx-sos,2026-09-06T15:38:30+00:00
2022,TX,TX-13,2022-10-27,12,56052,,6971,49081,,,,,apportioned,1,tx-sos,2026-09-06T15:38:30+00:00
2022,TX,TX-13,2022-10-28,11,68309,,7421,60888,,,,,apportioned,1,tx-sos,2026-09-06T15:38:30+00:00
2022,TX,TX-13,2022-10-29,10,75804,,7652,68152,,,,,apportioned,1,tx-sos,2026-09-06T15:38:30+00:00
2022,TX,TX-13,2022-10-30,9,78579,,7657,70920,,,,,apportioned,1,tx-sos,2026-09-06T15:38:30+00:00
2022,TX,TX-13,2022-10-31,8,89265,,8138,81127,,,,,apportioned,1,tx-sos,2026-09-06T15:38:30+00:00
2022,TX,TX-13,2022-11-01,7,99738,,8288,91450,,,,,apportioned,1,tx-sos,2026-09-06T15:38:30+00:00
2022,TX,TX-13,2022-11-02,6,110450,,8604,101845,,,,,apportioned,1,tx-sos,2026-09-06T15:38:30+00:00
2022,TX,TX-13,2022-11-03,5,122339,,8861,113477,,,,,apportioned,1,tx-sos,2026-09-06T15:38:30+00:00
2022,TX,TX-13,2022-11-04,4,139885,,9105,130779,,,,,apportioned,1,tx-sos,2026-09-06T15:38:30+00:00
2022,TX,TX-14,2022-10-02,37,5,,5,0,,,,,apportioned,1,tx-sos,2026-09-06T15:38:30+00:00
2022,TX,TX-14,2022-10-03,36,103,,103,0,,,,,apportioned,1,tx-sos,2026-09-06T15:38:30+00:00
2022,TX,TX-14,2022-10-04,35,108,,108,0,,,,,apportioned,1,tx-sos,2026-09-06T15:38:30+00:00
2022,TX,TX-14,2022-10-05,34,201,,201,0,,,,,apportioned,1,tx-sos,2026-09-06T15:38:30+00:00
2022,TX,TX-14,2022-10-06,33,275,,275,0,,,,,apportioned,1,tx-sos,2026-09-06T15:38:30+00:00
2022,TX,TX-14,2022-10-07,32,373,,373,0,,,,,apportioned,1,tx-sos,2026-09-06T15:38:30+00:00
2022,TX,TX-14,2022-10-08,31,373,,373,0,,,,,apportioned,1,tx-sos,2026-09-06T15:38:30+00:00
2022,TX,TX-14,2022-10-09,30,373,,373,0,,,,,apportioned,1,tx-sos,2026-09-06T15:38:30+00:00
2022,TX,TX-14,2022-10-10,29,429,,429,0,,,,,apportioned,1,tx-sos,2026-09-06T15:38:30+00:00
2022,TX,TX-14,2022-10-11,28,782,,782,0,,,,,apportioned,1,tx-sos,2026-09-06T15:38:30+00:00
2022,TX,TX-14,2022-10-12,27,848,,848,0,,,,,apportioned,1,tx-sos,2026-09-06T15:38:30+00:00
2022,TX,TX-14,2022-10-13,26,1454,,1454,0,,,,,apportioned,1,tx-sos,2026-09-06T15:38:30+00:00
2022,TX,TX-14,2022-10-14,25,1928,,1928,0,,,,,apportioned,1,tx-sos,2026-09-06T15:38:30+00:00
2022,TX,TX-14,2022-10-15,24,1928,,1928,0,,,,,apportioned,1,tx-sos,2026-09-06T15:38:30+00:00
2022,TX,TX-14,2022-10-16,23,2218,,2218,0,,,,,apportioned,1,tx-sos,2026-09-06T15:38:30+00:00
2022,TX,TX-14,2022-10-17,22,3161,,3161,0,,,,,apportioned,1,tx-sos,2026-09-06T15:38:30+00:00
2022,TX,TX-14,2022-10-18,21,3395,,3395,0,,,,,apportioned,1,tx-sos,2026-09-06T15:38:30+00:00
2022,TX,TX-14,2022-10-19,20,3867,,3867,0,,,,,apportioned,1,tx-sos,2026-09-06T15:38:30+00:00
2022,TX,TX-14,2022-10-20,19,4113,,4113,0,,,,,apportioned,1,tx-sos,2026-09-06T15:38:30+00:00
2022,TX,TX-14,2022-10-21,18,4887,,4887,0,,,,,apportioned,1,tx-sos,2026-09-06T15:38:30+00:00
2022,TX,TX-14,2022-10-22,17,4940,,4940,0,,,,,apportioned,1,tx-sos,2026-09-06T15:38:30+00:00
2022,TX,TX-14,2022-10-23,16,4940,,4940,0,,,,,apportioned,1,tx-sos,2026-09-06T15:38:30+00:00
2022,TX,TX-14,2022-10-24,15,22331,,5244,17087,,,,,apportioned,1,tx-sos,2026-09-06T15:38:30+00:00
2022,TX,TX-14,2022-10-25,14,38834,,5986,32848,,,,,apportioned,1,tx-sos,2026-09-06T15:38:30+00:00
2022,TX,TX-14,2022-10-26,13,53193,,6310,46884,,,,,apportioned,1,tx-sos,2026-09-06T15:38:30+00:00
2022,TX,TX-14,2022-10-27,12,66822,,6927,59894,,,,,apportioned,1,tx-sos,2026-09-06T15:38:30+00:00
2022,TX,TX-14,2022-10-28,11,82075,,7453,74622,,,,,apportioned,1,tx-sos,2026-09-06T15:38:30+00:00
2022,TX,TX-14,2022-10-29,10,92817,,7812,85004,,,,,apportioned,1,tx-sos,2026-09-06T15:38:30+00:00
2022,TX,TX-14,2022-10-30,9,97262,,7812,89450,,,,,apportioned,1,tx-sos,2026-09-06T15:38:30+00:00
2022,TX,TX-14,2022-10-31,8,110611,,8337,102275,,,,,apportioned,1,tx-sos,2026-09-06T15:38:30+00:00
2022,TX,TX-14,2022-11-01,7,120409,,8393,112017,,,,,apportioned,1,tx-sos,2026-09-06T15:38:30+00:00
2022,TX,TX-14,2022-11-02,6,133074,,8744,124330,,,,,apportioned,1,tx-sos,2026-09-06T15:38:30+00:00
2022,TX,TX-14,2022-11-03,5,148040,,9066,138974,,,,,apportioned,1,tx-sos,2026-09-06T15:38:30+00:00
2022,TX,TX-14,2022-11-04,4,171708,,9408,162301,,,,,apportioned,1,tx-sos,2026-09-06T15:38:30+00:00
2022,TX,TX-15,2022-10-02,37,91,,1,90,,,,,apportioned,1,tx-sos,2026-09-06T15:38:30+00:00
2022,TX,TX-15,2022-10-03,36,50,,50,0,,,,,apportioned,1,tx-sos,2026-09-06T15:38:30+00:00
2022,TX,TX-15,2022-10-04,35,89,,89,0,,,,,apportioned,1,tx-sos,2026-09-06T15:38:30+00:00
2022,TX,TX-15,2022-10-05,34,204,,204,0,,,,,apportioned,1,tx-sos,2026-09-06T15:38:30+00:00
2022,TX,TX-15,2022-10-06,33,287,,287,0,,,,,apportioned,1,tx-sos,2026-09-06T15:38:30+00:00
2022,TX,TX-15,2022-10-07,32,349,,349,0,,,,,apportioned,1,tx-sos,2026-09-06T15:38:30+00:00
2022,TX,TX-15,2022-10-08,31,349,,349,0,,,,,apportioned,1,tx-sos,2026-09-06T15:38:30+00:00
2022,TX,TX-15,2022-10-09,30,349,,349,0,,,,,apportioned,1,tx-sos,2026-09-06T15:38:30+00:00
2022,TX,TX-15,2022-10-10,29,368,,368,0,,,,,apportioned,1,tx-sos,2026-09-06T15:38:30+00:00
2022,TX,TX-15,2022-10-11,28,509,,509,0,,,,,apportioned,1,tx-sos,2026-09-06T15:38:30+00:00
2022,TX,TX-15,2022-10-12,27,935,,935,0,,,,,apportioned,1,tx-sos,2026-09-06T15:38:30+00:00
2022,TX,TX-15,2022-10-13,26,1065,,1065,0,,,,,apportioned,1,tx-sos,2026-09-06T15:38:30+00:00
2022,TX,TX-15,2022-10-14,25,1479,,1479,0,,,,,apportioned,1,tx-sos,2026-09-06T15:38:30+00:00
2022,TX,TX-15,2022-10-15,24,1486,,1486,0,,,,,apportioned,1,tx-sos,2026-09-06T15:38:30+00:00
2022,TX,TX-15,2022-10-16,23,1486,,1486,0,,,,,apportioned,1,tx-sos,2026-09-06T15:38:30+00:00
2022,TX,TX-15,2022-10-17,22,1685,,1685,0,,,,,apportioned,1,tx-sos,2026-09-06T15:38:30+00:00
2022,TX,TX-15,2022-10-18,21,2065,,2065,0,,,,,apportioned,1,tx-sos,2026-09-06T15:38:30+00:00
2022,TX,TX-15,2022-10-19,20,2526,,2526,0,,,,,apportioned,1,tx-sos,2026-09-06T15:38:30+00:00
2022,TX,TX-15,2022-10-20,19,2620,,2620,0,,,,,apportioned,1,tx-sos,2026-09-06T15:38:30+00:00
2022,TX,TX-15,2022-10-21,18,2869,,2869,0,,,,,apportioned,1,tx-sos,2026-09-06T15:38:30+00:00
2022,TX,TX-15,2022-10-22,17,2869,,2869,0,,,,,apportioned,1,tx-sos,2026-09-06T15:38:30+00:00
2022,TX,TX-15,2022-10-23,16,2870,,2870,0,,,,,apportioned,1,tx-sos,2026-09-06T15:38:30+00:00
2022,TX,TX-15,2022-10-24,15,15084,,3470,11614,,,,,apportioned,1,tx-sos,2026-09-06T15:38:30+00:00
2022,TX,TX-15,2022-10-25,14,26441,,3799,22642,,,,,apportioned,1,tx-sos,2026-09-06T15:38:30+00:00
2022,TX,TX-15,2022-10-26,13,36002,,4131,31869,,,,,apportioned,1,tx-sos,2026-09-06T15:38:30+00:00
2022,TX,TX-15,2022-10-27,12,44332,,4468,39862,,,,,apportioned,1,tx-sos,2026-09-06T15:38:30+00:00
2022,TX,TX-15,2022-10-28,11,53451,,4726,48725,,,,,apportioned,1,tx-sos,2026-09-06T15:38:30+00:00
2022,TX,TX-15,2022-10-29,10,60243,,4841,55402,,,,,apportioned,1,tx-sos,2026-09-06T15:38:30+00:00
2022,TX,TX-15,2022-10-30,9,62085,,4841,57245,,,,,apportioned,1,tx-sos,2026-09-06T15:38:30+00:00
2022,TX,TX-15,2022-10-31,8,69119,,5081,64041,,,,,apportioned,1,tx-sos,2026-09-06T15:38:30+00:00
2022,TX,TX-15,2022-11-01,7,75937,,5346,70590,,,,,apportioned,1,tx-sos,2026-09-06T15:38:30+00:00
2022,TX,TX-15,2022-11-02,6,83794,,5560,78232,,,,,apportioned,1,tx-sos,2026-09-06T15:38:30+00:00
2022,TX,TX-15,2022-11-03,5,92540,,5731,86810,,,,,apportioned,1,tx-sos,2026-09-06T15:38:30+00:00
2022,TX,TX-15,2022-11-04,4,107341,,5909,101433,,,,,apportioned,1,tx-sos,2026-09-06T15:38:30+00:00
2022,TX,TX-16,2022-10-02,37,0,,0,0,,,,,apportioned,1,tx-sos,2026-09-06T15:38:30+00:00
2022,TX,TX-16,2022-10-03,36,0,,0,0,,,,,apportioned,1,tx-sos,2026-09-06T15:38:30+00:00
2022,TX,TX-16,2022-10-04,35,0,,0,0,,,,,apportioned,1,tx-sos,2026-09-06T15:38:30+00:00
2022,TX,TX-16,2022-10-05,34,1,,1,0,,,,,apportioned,1,tx-sos,2026-09-06T15:38:30+00:00
2022,TX,TX-16,2022-10-06,33,1,,1,0,,,,,apportioned,1,tx-sos,2026-09-06T15:38:30+00:00
2022,TX,TX-16,2022-10-07,32,1,,1,0,,,,,apportioned,1,tx-sos,2026-09-06T15:38:30+00:00
2022,TX,TX-16,2022-10-08,31,2,,2,0,,,,,apportioned,1,tx-sos,2026-09-06T15:38:30+00:00
2022,TX,TX-16,2022-10-09,30,2,,2,0,,,,,apportioned,1,tx-sos,2026-09-06T15:38:30+00:00
2022,TX,TX-16,2022-10-10,29,2,,2,0,,,,,apportioned,1,tx-sos,2026-09-06T15:38:30+00:00
2022,TX,TX-16,2022-10-11,28,2,,2,0,,,,,apportioned,1,tx-sos,2026-09-06T15:38:30+00:00
2022,TX,TX-16,2022-10-12,27,984,,984,0,,,,,apportioned,1,tx-sos,2026-09-06T15:38:30+00:00
2022,TX,TX-16,2022-10-13,26,1275,,1275,0,,,,,apportioned,1,tx-sos,2026-09-06T15:38:30+00:00
2022,TX,TX-16,2022-10-14,25,1474,,1474,0,,,,,apportioned,1,tx-sos,2026-09-06T15:38:30+00:00
2022,TX,TX-16,2022-10-15,24,1474,,1474,0,,,,,apportioned,1,tx-sos,2026-09-06T15:38:30+00:00
2022,TX,TX-16,2022-10-16,23,1474,,1474,0,,,,,apportioned,1,tx-sos,2026-09-06T15:38:30+00:00
2022,TX,TX-16,2022-10-17,22,1764,,1764,0,,,,,apportioned,1,tx-sos,2026-09-06T15:38:30+00:00
2022,TX,TX-16,2022-10-18,21,1943,,1943,0,,,,,apportioned,1,tx-sos,2026-09-06T15:38:30+00:00
2022,TX,TX-16,2022-10-19,20,2002,,2002,0,,,,,apportioned,1,tx-sos,2026-09-06T15:38:30+00:00
2022,TX,TX-16,2022-10-20,19,2045,,2045,0,,,,,apportioned,1,tx-sos,2026-09-06T15:38:30+00:00
2022,TX,TX-16,2022-10-21,18,2187,,2187,0,,,,,apportioned,1,tx-sos,2026-09-06T15:38:30+00:00
2022,TX,TX-16,2022-10-22,17,2423,,2423,0,,,,,apportioned,1,tx-sos,2026-09-06T15:38:30+00:00
2022,TX,TX-16,2022-10-23,16,2423,,2423,0,,,,,apportioned,1,tx-sos,2026-09-06T15:38:30+00:00
2022,TX,TX-16,2022-10-24,15,10730,,2536,8194,,,,,apportioned,1,tx-sos,2026-09-06T15:38:30+00:00
2022,TX,TX-16,2022-10-25,14,19084,,2678,16406,,,,,apportioned,1,tx-sos,2026-09-06T15:38:30+00:00
2022,TX,TX-16,2022-10-26,13,26775,,2948,23828,,,,,apportioned,1,tx-sos,2026-09-06T15:38:30+00:00
2022,TX,TX-16,2022-10-27,12,34084,,3194,30890,,,,,apportioned,1,tx-sos,2026-09-06T15:38:30+00:00
2022,TX,TX-16,2022-10-28,11,41628,,3317,38311,,,,,apportioned,1,tx-sos,2026-09-06T15:38:30+00:00
2022,TX,TX-16,2022-10-29,10,45752,,3317,42435,,,,,apportioned,1,tx-sos,2026-09-06T15:38:30+00:00
2022,TX,TX-16,2022-10-30,9,47946,,3317,44629,,,,,apportioned,1,tx-sos,2026-09-06T15:38:30+00:00
2022,TX,TX-16,2022-10-31,8,53889,,3494,50395,,,,,apportioned,1,tx-sos,2026-09-06T15:38:30+00:00
2022,TX,TX-16,2022-11-01,7,60272,,3496,56776,,,,,apportioned,1,tx-sos,2026-09-06T15:38:30+00:00
2022,TX,TX-16,2022-11-02,6,67884,,3603,64281,,,,,apportioned,1,tx-sos,2026-09-06T15:38:30+00:00
2022,TX,TX-16,2022-11-03,5,77096,,3704,73392,,,,,apportioned,1,tx-sos,2026-09-06T15:38:30+00:00
2022,TX,TX-16,2022-11-04,4,91894,,3746,88148,,,,,apportioned,1,tx-sos,2026-09-06T15:38:30+00:00
2022,TX,TX-17,2022-10-02,37,63,,63,0,,,,,apportioned,1,tx-sos,2026-09-06T15:38:30+00:00
2022,TX,TX-17,2022-10-03,36,106,,106,0,,,,,apportioned,1,tx-sos,2026-09-06T15:38:30+00:00
2022,TX,TX-17,2022-10-04,35,148,,148,0,,,,,apportioned,1,tx-sos,2026-09-06T15:38:30+00:00
2022,TX,TX-17,2022-10-05,34,179,,179,0,,,,,apportioned,1,tx-sos,2026-09-06T15:38:30+00:00
2022,TX,TX-17,2022-10-06,33,218,,218,0,,,,,apportioned,1,tx-sos,2026-09-06T15:38:30+00:00
2022,TX,TX-17,2022-10-07,32,353,,353,0,,,,,apportioned,1,tx-sos,2026-09-06T15:38:30+00:00
2022,TX,TX-17,2022-10-08,31,353,,353,0,,,,,apportioned,1,tx-sos,2026-09-06T15:38:30+00:00
2022,TX,TX-17,2022-10-09,30,353,,353,0,,,,,apportioned,1,tx-sos,2026-09-06T15:38:30+00:00
2022,TX,TX-17,2022-10-10,29,445,,445,0,,,,,apportioned,1,tx-sos,2026-09-06T15:38:30+00:00
2022,TX,TX-17,2022-10-11,28,813,,813,0,,,,,apportioned,1,tx-sos,2026-09-06T15:38:30+00:00
2022,TX,TX-17,2022-10-12,27,1127,,1127,0,,,,,apportioned,1,tx-sos,2026-09-06T15:38:30+00:00
2022,TX,TX-17,2022-10-13,26,1813,,1813,0,,,,,apportioned,1,tx-sos,2026-09-06T15:38:30+00:00
2022,TX,TX-17,2022-10-14,25,2036,,2036,0,,,,,apportioned,1,tx-sos,2026-09-06T15:38:30+00:00
2022,TX,TX-17,2022-10-15,24,2418,,2418,0,,,,,apportioned,1,tx-sos,2026-09-06T15:38:30+00:00
2022,TX,TX-17,2022-10-16,23,2429,,2429,0,,,,,apportioned,1,tx-sos,2026-09-06T15:38:30+00:00
2022,TX,TX-17,2022-10-17,22,3231,,3231,0,,,,,apportioned,1,tx-sos,2026-09-06T15:38:30+00:00
2022,TX,TX-17,2022-10-18,21,3493,,3493,0,,,,,apportioned,1,tx-sos,2026-09-06T15:38:30+00:00
2022,TX,TX-17,2022-10-19,20,3835,,3835,0,,,,,apportioned,1,tx-sos,2026-09-06T15:38:30+00:00
2022,TX,TX-17,2022-10-20,19,4378,,4377,0,,,,,apportioned,1,tx-sos,2026-09-06T15:38:30+00:00
2022,TX,TX-17,2022-10-21,18,4821,,4820,1,,,,,apportioned,1,tx-sos,2026-09-06T15:38:30+00:00
2022,TX,TX-17,2022-10-22,17,4822,,4821,1,,,,,apportioned,1,tx-sos,2026-09-06T15:38:30+00:00
2022,TX,TX-17,2022-10-23,16,4852,,4851,1,,,,,apportioned,1,tx-sos,2026-09-06T15:38:30+00:00
2022,TX,TX-17,2022-10-24,15,19383,,5489,13892,,,,,apportioned,1,tx-sos,2026-09-06T15:38:30+00:00
2022,TX,TX-17,2022-10-25,14,33449,,5671,27779,,,,,apportioned,1,tx-sos,2026-09-06T15:38:30+00:00
2022,TX,TX-17,2022-10-26,13,46808,,6168,40641,,,,,apportioned,1,tx-sos,2026-09-06T15:38:30+00:00
2022,TX,TX-17,2022-10-27,12,59521,,6710,52810,,,,,apportioned,1,tx-sos,2026-09-06T15:38:30+00:00
2022,TX,TX-17,2022-10-28,11,72110,,7157,64952,,,,,apportioned,1,tx-sos,2026-09-06T15:38:30+00:00
2022,TX,TX-17,2022-10-29,10,80208,,7350,72858,,,,,apportioned,1,tx-sos,2026-09-06T15:38:30+00:00
2022,TX,TX-17,2022-10-30,9,83621,,7350,76270,,,,,apportioned,1,tx-sos,2026-09-06T15:38:30+00:00
2022,TX,TX-17,2022-10-31,8,95355,,7895,87460,,,,,apportioned,1,tx-sos,2026-09-06T15:38:30+00:00
2022,TX,TX-17,2022-11-01,7,106617,,8055,98562,,,,,apportioned,1,tx-sos,2026-09-06T15:38:30+00:00
2022,TX,TX-17,2022-11-02,6,118589,,8287,110304,,,,,apportioned,1,tx-sos,2026-09-06T15:38:30+00:00
2022,TX,TX-17,2022-11-03,5,132642,,8852,123790,,,,,apportioned,1,tx-sos,2026-09-06T15:38:30+00:00
2022,TX,TX-17,2022-11-04,4,152386,,9167,143219,,,,,apportioned,1,tx-sos,2026-09-06T15:38:30+00:00
2022,TX,TX-18,2022-10-02,37,1,,1,0,,,,,apportioned,1,tx-sos,2026-09-06T15:38:30+00:00
2022,TX,TX-18,2022-10-03,36,3,,3,0,,,,,apportioned,1,tx-sos,2026-09-06T15:38:30+00:00
2022,TX,TX-18,2022-10-04,35,6,,6,0,,,,,apportioned,1,tx-sos,2026-09-06T15:38:30+00:00
2022,TX,TX-18,2022-10-05,34,12,,12,0,,,,,apportioned,1,tx-sos,2026-09-06T15:38:30+00:00
2022,TX,TX-18,2022-10-06,33,38,,38,0,,,,,apportioned,1,tx-sos,2026-09-06T15:38:30+00:00
2022,TX,TX-18,2022-10-07,32,70,,70,0,,,,,apportioned,1,tx-sos,2026-09-06T15:38:30+00:00
2022,TX,TX-18,2022-10-08,31,70,,70,0,,,,,apportioned,1,tx-sos,2026-09-06T15:38:30+00:00
2022,TX,TX-18,2022-10-09,30,70,,70,0,,,,,apportioned,1,tx-sos,2026-09-06T15:38:30+00:00
2022,TX,TX-18,2022-10-10,29,72,,72,0,,,,,apportioned,1,tx-sos,2026-09-06T15:38:30+00:00
2022,TX,TX-18,2022-10-11,28,225,,225,0,,,,,apportioned,1,tx-sos,2026-09-06T15:38:30+00:00
2022,TX,TX-18,2022-10-12,27,252,,252,0,,,,,apportioned,1,tx-sos,2026-09-06T15:38:30+00:00
2022,TX,TX-18,2022-10-13,26,388,,388,0,,,,,apportioned,1,tx-sos,2026-09-06T15:38:30+00:00
2022,TX,TX-18,2022-10-14,25,522,,522,0,,,,,apportioned,1,tx-sos,2026-09-06T15:38:30+00:00
2022,TX,TX-18,2022-10-15,24,522,,522,0,,,,,apportioned,1,tx-sos,2026-09-06T15:38:30+00:00
2022,TX,TX-18,2022-10-16,23,522,,522,0,,,,,apportioned,1,tx-sos,2026-09-06T15:38:30+00:00
2022,TX,TX-18,2022-10-17,22,590,,590,0,,,,,apportioned,1,tx-sos,2026-09-06T15:38:30+00:00
2022,TX,TX-18,2022-10-18,21,846,,846,0,,,,,apportioned,1,tx-sos,2026-09-06T15:38:30+00:00
2022,TX,TX-18,2022-10-19,20,1204,,1204,0,,,,,apportioned,1,tx-sos,2026-09-06T15:38:30+00:00
2022,TX,TX-18,2022-10-20,19,1800,,1800,0,,,,,apportioned,1,tx-sos,2026-09-06T15:38:30+00:00
2022,TX,TX-18,2022-10-21,18,2347,,2347,0,,,,,apportioned,1,tx-sos,2026-09-06T15:38:30+00:00
2022,TX,TX-18,2022-10-22,17,3303,,3303,0,,,,,apportioned,1,tx-sos,2026-09-06T15:38:30+00:00
2022,TX,TX-18,2022-10-23,16,3303,,3303,0,,,,,apportioned,1,tx-sos,2026-09-06T15:38:30+00:00
2022,TX,TX-18,2022-10-24,15,13267,,3352,9914,,,,,apportioned,1,tx-sos,2026-09-06T15:38:30+00:00
2022,TX,TX-18,2022-10-25,14,23416,,3873,19543,,,,,apportioned,1,tx-sos,2026-09-06T15:38:30+00:00
2022,TX,TX-18,2022-10-26,13,33246,,4553,28692,,,,,apportioned,1,tx-sos,2026-09-06T15:38:30+00:00
2022,TX,TX-18,2022-10-27,12,42508,,4973,37534,,,,,apportioned,1,tx-sos,2026-09-06T15:38:30+00:00
2022,TX,TX-18,2022-10-28,11,52317,,5769,46549,,,,,apportioned,1,tx-sos,2026-09-06T15:38:30+00:00
2022,TX,TX-18,2022-10-29,10,59712,,6137,53575,,,,,apportioned,1,tx-sos,2026-09-06T15:38:30+00:00
2022,TX,TX-18,2022-10-30,9,63860,,6465,57395,,,,,apportioned,1,tx-sos,2026-09-06T15:38:30+00:00
2022,TX,TX-18,2022-10-31,8,72505,,6576,65929,,,,,apportioned,1,tx-sos,2026-09-06T15:38:30+00:00
2022,TX,TX-18,2022-11-01,7,80122,,6852,73270,,,,,apportioned,1,tx-sos,2026-09-06T15:38:30+00:00
2022,TX,TX-18,2022-11-02,6,89980,,7510,82470,,,,,apportioned,1,tx-sos,2026-09-06T15:38:30+00:00
2022,TX,TX-18,2022-11-03,5,101880,,7845,94036,,,,,apportioned,1,tx-sos,2026-09-06T15:38:30+00:00
2022,TX,TX-18,2022-11-04,4,119083,,8144,110939,,,,,apportioned,1,tx-sos,2026-09-06T15:38:30+00:00
2022,TX,TX-19,2022-10-02,37,89,,78,11,,,,,apportioned,1,tx-sos,2026-09-06T15:38:30+00:00
2022,TX,TX-19,2022-10-03,36,314,,303,11,,,,,apportioned,1,tx-sos,2026-09-06T15:38:30+00:00
2022,TX,TX-19,2022-10-04,35,563,,552,11,,,,,apportioned,1,tx-sos,2026-09-06T15:38:30+00:00
2022,TX,TX-19,2022-10-05,34,755,,744,11,,,,,apportioned,1,tx-sos,2026-09-06T15:38:30+00:00
2022,TX,TX-19,2022-10-06,33,940,,929,11,,,,,apportioned,1,tx-sos,2026-09-06T15:38:30+00:00
2022,TX,TX-19,2022-10-07,32,1127,,1125,2,,,,,apportioned,1,tx-sos,2026-09-06T15:38:30+00:00
2022,TX,TX-19,2022-10-08,31,1127,,1125,2,,,,,apportioned,1,tx-sos,2026-09-06T15:38:30+00:00
2022,TX,TX-19,2022-10-09,30,1129,,1127,2,,,,,apportioned,1,tx-sos,2026-09-06T15:38:30+00:00
2022,TX,TX-19,2022-10-10,29,1159,,1157,2,,,,,apportioned,1,tx-sos,2026-09-06T15:38:30+00:00
2022,TX,TX-19,2022-10-11,28,1404,,1402,2,,,,,apportioned,1,tx-sos,2026-09-06T15:38:30+00:00
2022,TX,TX-19,2022-10-12,27,1792,,1790,2,,,,,apportioned,1,tx-sos,2026-09-06T15:38:30+00:00
2022,TX,TX-19,2022-10-13,26,2104,,2102,2,,,,,apportioned,1,tx-sos,2026-09-06T15:38:30+00:00
2022,TX,TX-19,2022-10-14,25,2281,,2281,0,,,,,apportioned,1,tx-sos,2026-09-06T15:38:30+00:00
2022,TX,TX-19,2022-10-15,24,2281,,2281,0,,,,,apportioned,1,tx-sos,2026-09-06T15:38:30+00:00
2022,TX,TX-19,2022-10-16,23,2332,,2332,0,,,,,apportioned,1,tx-sos,2026-09-06T15:38:30+00:00
2022,TX,TX-19,2022-10-17,22,2738,,2738,0,,,,,apportioned,1,tx-sos,2026-09-06T15:38:30+00:00
2022,TX,TX-19,2022-10-18,21,2965,,2965,0,,,,,apportioned,1,tx-sos,2026-09-06T15:38:30+00:00
2022,TX,TX-19,2022-10-19,20,3242,,3242,0,,,,,apportioned,1,tx-sos,2026-09-06T15:38:30+00:00
2022,TX,TX-19,2022-10-20,19,3417,,3417,0,,,,,apportioned,1,tx-sos,2026-09-06T15:38:30+00:00
2022,TX,TX-19,2022-10-21,18,3570,,3570,0,,,,,apportioned,1,tx-sos,2026-09-06T15:38:30+00:00
2022,TX,TX-19,2022-10-22,17,3644,,3644,0,,,,,apportioned,1,tx-sos,2026-09-06T15:38:30+00:00
2022,TX,TX-19,2022-10-23,16,3644,,3644,0,,,,,apportioned,1,tx-sos,2026-09-06T15:38:30+00:00
2022,TX,TX-19,2022-10-24,15,15812,,4003,11809,,,,,apportioned,1,tx-sos,2026-09-06T15:38:30+00:00
2022,TX,TX-19,2022-10-25,14,27783,,4176,23605,,,,,apportioned,1,tx-sos,2026-09-06T15:38:30+00:00
2022,TX,TX-19,2022-10-26,13,38833,,4350,34483,,,,,apportioned,1,tx-sos,2026-09-06T15:38:30+00:00
2022,TX,TX-19,2022-10-27,12,49677,,4762,44915,,,,,apportioned,1,tx-sos,2026-09-06T15:38:30+00:00
2022,TX,TX-19,2022-10-28,11,60126,,4940,55186,,,,,apportioned,1,tx-sos,2026-09-06T15:38:30+00:00
2022,TX,TX-19,2022-10-29,10,65244,,5005,60239,,,,,apportioned,1,tx-sos,2026-09-06T15:38:30+00:00
2022,TX,TX-19,2022-10-30,9,67784,,5005,62779,,,,,apportioned,1,tx-sos,2026-09-06T15:38:30+00:00
2022,TX,TX-19,2022-10-31,8,77380,,5230,72150,,,,,apportioned,1,tx-sos,2026-09-06T15:38:30+00:00
2022,TX,TX-19,2022-11-01,7,86677,,5328,81350,,,,,apportioned,1,tx-sos,2026-09-06T15:38:30+00:00
2022,TX,TX-19,2022-11-02,6,96200,,5936,90264,,,,,apportioned,1,tx-sos,2026-09-06T15:38:30+00:00
2022,TX,TX-19,2022-11-03,5,106635,,6074,100561,,,,,apportioned,1,tx-sos,2026-09-06T15:38:30+00:00
2022,TX,TX-19,2022-11-04,4,122080,,6470,115610,,,,,apportioned,1,tx-sos,2026-09-06T15:38:30+00:00
2022,TX,TX-20,2022-10-02,37,2,,2,0,,,,,apportioned,1,tx-sos,2026-09-06T15:38:30+00:00
2022,TX,TX-20,2022-10-03,36,10,,10,1,,,,,apportioned,1,tx-sos,2026-09-06T15:38:30+00:00
2022,TX,TX-20,2022-10-04,35,14,,14,1,,,,,apportioned,1,tx-sos,2026-09-06T15:38:30+00:00
2022,TX,TX-20,2022-10-05,34,64,,63,1,,,,,apportioned,1,tx-sos,2026-09-06T15:38:30+00:00
2022,TX,TX-20,2022-10-06,33,125,,125,1,,,,,apportioned,1,tx-sos,2026-09-06T15:38:30+00:00
2022,TX,TX-20,2022-10-07,32,193,,193,1,,,,,apportioned,1,tx-sos,2026-09-06T15:38:30+00:00
2022,TX,TX-20,2022-10-08,31,195,,195,1,,,,,apportioned,1,tx-sos,2026-09-06T15:38:30+00:00
2022,TX,TX-20,2022-10-09,30,195,,195,1,,,,,apportioned,1,tx-sos,2026-09-06T15:38:30+00:00
2022,TX,TX-20,2022-10-10,29,195,,195,1,,,,,apportioned,1,tx-sos,2026-09-06T15:38:30+00:00
2022,TX,TX-20,2022-10-11,28,486,,486,1,,,,,apportioned,1,tx-sos,2026-09-06T15:38:30+00:00
2022,TX,TX-20,2022-10-12,27,720,,720,1,,,,,apportioned,1,tx-sos,2026-09-06T15:38:30+00:00
2022,TX,TX-20,2022-10-13,26,1094,,1094,1,,,,,apportioned,1,tx-sos,2026-09-06T15:38:30+00:00
2022,TX,TX-20,2022-10-14,25,1383,,1383,1,,,,,apportioned,1,tx-sos,2026-09-06T15:38:30+00:00
2022,TX,TX-20,2022-10-15,24,1745,,1744,1,,,,,apportioned,1,tx-sos,2026-09-06T15:38:30+00:00
2022,TX,TX-20,2022-10-16,23,1752,,1752,1,,,,,apportioned,1,tx-sos,2026-09-06T15:38:30+00:00
2022,TX,TX-20,2022-10-17,22,2002,,2001,1,,,,,apportioned,1,tx-sos,2026-09-06T15:38:30+00:00
2022,TX,TX-20,2022-10-18,21,2523,,2522,1,,,,,apportioned,1,tx-sos,2026-09-06T15:38:30+00:00
2022,TX,TX-20,2022-10-19,20,2923,,2922,1,,,,,apportioned,1,tx-sos,2026-09-06T15:38:30+00:00
2022,TX,TX-20,2022-10-20,19,3399,,3399,1,,,,,apportioned,1,tx-sos,2026-09-06T15:38:30+00:00
2022,TX,TX-20,2022-10-21,18,3814,,3814,1,,,,,apportioned,1,tx-sos,2026-09-06T15:38:30+00:00
2022,TX,TX-20,2022-10-22,17,4221,,4221,1,,,,,apportioned,1,tx-sos,2026-09-06T15:38:30+00:00
2022,TX,TX-20,2022-10-23,16,4221,,4221,1,,,,,apportioned,1,tx-sos,2026-09-06T15:38:30+00:00
2022,TX,TX-20,2022-10-24,15,14076,,4468,9608,,,,,apportioned,1,tx-sos,2026-09-06T15:38:30+00:00
2022,TX,TX-20,2022-10-25,14,23982,,4893,19088,,,,,apportioned,1,tx-sos,2026-09-06T15:38:30+00:00
2022,TX,TX-20,2022-10-26,13,33692,,5302,28390,,,,,apportioned,1,tx-sos,2026-09-06T15:38:30+00:00
2022,TX,TX-20,2022-10-27,12,43155,,5664,37491,,,,,apportioned,1,tx-sos,2026-09-06T15:38:30+00:00
2022,TX,TX-20,2022-10-28,11,52560,,5746,46815,,,,,apportioned,1,tx-sos,2026-09-06T15:38:30+00:00
2022,TX,TX-20,2022-10-29,10,60258,,6255,54003,,,,,apportioned,1,tx-sos,2026-09-06T15:38:30+00:00
2022,TX,TX-20,2022-10-30,9,63896,,6447,57450,,,,,apportioned,1,tx-sos,2026-09-06T15:38:30+00:00
2022,TX,TX-20,2022-10-31,8,71865,,6910,64955,,,,,apportioned,1,tx-sos,2026-09-06T15:38:30+00:00
2022,TX,TX-20,2022-11-01,7,80471,,7327,73144,,,,,apportioned,1,tx-sos,2026-09-06T15:38:30+00:00
2022,TX,TX-20,2022-11-02,6,89660,,7614,82046,,,,,apportioned,1,tx-sos,2026-09-06T15:38:30+00:00
2022,TX,TX-20,2022-11-03,5,100575,,8074,92501,,,,,apportioned,1,tx-sos,2026-09-06T15:38:30+00:00
2022,TX,TX-20,2022-11-04,4,115667,,8478,107189,,,,,apportioned,1,tx-sos,2026-09-06T15:38:30+00:00
2022,TX,TX-21,2022-10-02,37,82,,7,75,,,,,apportioned,1,tx-sos,2026-09-06T15:38:30+00:00
2022,TX,TX-21,2022-10-03,36,88,,13,75,,,,,apportioned,1,tx-sos,2026-09-06T15:38:30+00:00
2022,TX,TX-21,2022-10-04,35,108,,33,75,,,,,apportioned,1,tx-sos,2026-09-06T15:38:30+00:00
2022,TX,TX-21,2022-10-05,34,191,,117,74,,,,,apportioned,1,tx-sos,2026-09-06T15:38:30+00:00
2022,TX,TX-21,2022-10-06,33,329,,254,74,,,,,apportioned,1,tx-sos,2026-09-06T15:38:30+00:00
2022,TX,TX-21,2022-10-07,32,613,,613,0,,,,,apportioned,1,tx-sos,2026-09-06T15:38:30+00:00
2022,TX,TX-21,2022-10-08,31,615,,615,0,,,,,apportioned,1,tx-sos,2026-09-06T15:38:30+00:00
2022,TX,TX-21,2022-10-09,30,615,,615,0,,,,,apportioned,1,tx-sos,2026-09-06T15:38:30+00:00
2022,TX,TX-21,2022-10-10,29,615,,615,0,,,,,apportioned,1,tx-sos,2026-09-06T15:38:30+00:00
2022,TX,TX-21,2022-10-11,28,1249,,1248,0,,,,,apportioned,1,tx-sos,2026-09-06T15:38:30+00:00
2022,TX,TX-21,2022-10-12,27,1678,,1678,0,,,,,apportioned,1,tx-sos,2026-09-06T15:38:30+00:00
2022,TX,TX-21,2022-10-13,26,2505,,2504,0,,,,,apportioned,1,tx-sos,2026-09-06T15:38:30+00:00
2022,TX,TX-21,2022-10-14,25,3334,,3334,0,,,,,apportioned,1,tx-sos,2026-09-06T15:38:30+00:00
2022,TX,TX-21,2022-10-15,24,3581,,3581,0,,,,,apportioned,1,tx-sos,2026-09-06T15:38:30+00:00
2022,TX,TX-21,2022-10-16,23,3619,,3619,0,,,,,apportioned,1,tx-sos,2026-09-06T15:38:30+00:00
2022,TX,TX-21,2022-10-17,22,4274,,4274,0,,,,,apportioned,1,tx-sos,2026-09-06T15:38:30+00:00
2022,TX,TX-21,2022-10-18,21,4951,,4951,0,,,,,apportioned,1,tx-sos,2026-09-06T15:38:30+00:00
2022,TX,TX-21,2022-10-19,20,5647,,5647,0,,,,,apportioned,1,tx-sos,2026-09-06T15:38:30+00:00
2022,TX,TX-21,2022-10-20,19,6339,,6339,0,,,,,apportioned,1,tx-sos,2026-09-06T15:38:30+00:00
2022,TX,TX-21,2022-10-21,18,6846,,6846,0,,,,,apportioned,1,tx-sos,2026-09-06T15:38:30+00:00
2022,TX,TX-21,2022-10-22,17,7363,,7362,0,,,,,apportioned,1,tx-sos,2026-09-06T15:38:30+00:00
2022,TX,TX-21,2022-10-23,16,7363,,7362,0,,,,,apportioned,1,tx-sos,2026-09-06T15:38:30+00:00
2022,TX,TX-21,2022-10-24,15,28097,,8448,19649,,,,,apportioned,1,tx-sos,2026-09-06T15:38:30+00:00
2022,TX,TX-21,2022-10-25,14,48130,,8899,39232,,,,,apportioned,1,tx-sos,2026-09-06T15:38:30+00:00
2022,TX,TX-21,2022-10-26,13,67572,,9799,57773,,,,,apportioned,1,tx-sos,2026-09-06T15:38:30+00:00
2022,TX,TX-21,2022-10-27,12,85456,,10459,74997,,,,,apportioned,1,tx-sos,2026-09-06T15:38:30+00:00
2022,TX,TX-21,2022-10-28,11,104807,,11289,93518,,,,,apportioned,1,tx-sos,2026-09-06T15:38:30+00:00
2022,TX,TX-21,2022-10-29,10,116745,,11841,104905,,,,,apportioned,1,tx-sos,2026-09-06T15:38:30+00:00
2022,TX,TX-21,2022-10-30,9,121644,,11972,109672,,,,,apportioned,1,tx-sos,2026-09-06T15:38:30+00:00
2022,TX,TX-21,2022-10-31,8,137732,,13005,124727,,,,,apportioned,1,tx-sos,2026-09-06T15:38:30+00:00
2022,TX,TX-21,2022-11-01,7,153842,,13421,140420,,,,,apportioned,1,tx-sos,2026-09-06T15:38:30+00:00
2022,TX,TX-21,2022-11-02,6,170236,,14004,156232,,,,,apportioned,1,tx-sos,2026-09-06T15:38:30+00:00
2022,TX,TX-21,2022-11-03,5,189192,,14606,174585,,,,,apportioned,1,tx-sos,2026-09-06T15:38:30+00:00
2022,TX,TX-21,2022-11-04,4,215470,,15202,200268,,,,,apportioned,1,tx-sos,2026-09-06T15:38:30+00:00
2022,TX,TX-22,2022-10-02,37,4,,4,0,,,,,apportioned,1,tx-sos,2026-09-06T15:38:30+00:00
2022,TX,TX-22,2022-10-03,36,104,,104,0,,,,,apportioned,1,tx-sos,2026-09-06T15:38:30+00:00
2022,TX,TX-22,2022-10-04,35,113,,113,0,,,,,apportioned,1,tx-sos,2026-09-06T15:38:30+00:00
2022,TX,TX-22,2022-10-05,34,222,,222,0,,,,,apportioned,1,tx-sos,2026-09-06T15:38:30+00:00
2022,TX,TX-22,2022-10-06,33,367,,367,0,,,,,apportioned,1,tx-sos,2026-09-06T15:38:30+00:00
2022,TX,TX-22,2022-10-07,32,542,,542,0,,,,,apportioned,1,tx-sos,2026-09-06T15:38:30+00:00
2022,TX,TX-22,2022-10-08,31,542,,542,0,,,,,apportioned,1,tx-sos,2026-09-06T15:38:30+00:00
2022,TX,TX-22,2022-10-09,30,542,,542,0,,,,,apportioned,1,tx-sos,2026-09-06T15:38:30+00:00
2022,TX,TX-22,2022-10-10,29,606,,606,0,,,,,apportioned,1,tx-sos,2026-09-06T15:38:30+00:00
2022,TX,TX-22,2022-10-11,28,1193,,1193,0,,,,,apportioned,1,tx-sos,2026-09-06T15:38:30+00:00
2022,TX,TX-22,2022-10-12,27,1285,,1285,0,,,,,apportioned,1,tx-sos,2026-09-06T15:38:30+00:00
2022,TX,TX-22,2022-10-13,26,1843,,1843,0,,,,,apportioned,1,tx-sos,2026-09-06T15:38:30+00:00
2022,TX,TX-22,2022-10-14,25,2233,,2233,0,,,,,apportioned,1,tx-sos,2026-09-06T15:38:30+00:00
2022,TX,TX-22,2022-10-15,24,2233,,2233,0,,,,,apportioned,1,tx-sos,2026-09-06T15:38:30+00:00
2022,TX,TX-22,2022-10-16,23,2233,,2233,0,,,,,apportioned,1,tx-sos,2026-09-06T15:38:30+00:00
2022,TX,TX-22,2022-10-17,22,2574,,2574,0,,,,,apportioned,1,tx-sos,2026-09-06T15:38:30+00:00
2022,TX,TX-22,2022-10-18,21,2895,,2895,0,,,,,apportioned,1,tx-sos,2026-09-06T15:38:30+00:00
2022,TX,TX-22,2022-10-19,20,3101,,3101,0,,,,,apportioned,1,tx-sos,2026-09-06T15:38:30+00:00
2022,TX,TX-22,2022-10-20,19,3686,,3686,0,,,,,apportioned,1,tx-sos,2026-09-06T15:38:30+00:00
2022,TX,TX-22,2022-10-21,18,4196,,4196,0,,,,,apportioned,1,tx-sos,2026-09-06T15:38:30+00:00
2022,TX,TX-22,2022-10-22,17,4534,,4534,0,,,,,apportioned,1,tx-sos,2026-09-06T15:38:30+00:00
2022,TX,TX-22,2022-10-23,16,4534,,4534,0,,,,,apportioned,1,tx-sos,2026-09-06T15:38:30+00:00
2022,TX,TX-22,2022-10-24,15,19803,,4806,14998,,,,,apportioned,1,tx-sos,2026-09-06T15:38:30+00:00
2022,TX,TX-22,2022-10-25,14,34676,,5358,29318,,,,,apportioned,1,tx-sos,2026-09-06T15:38:30+00:00
2022,TX,TX-22,2022-10-26,13,48515,,5877,42640,,,,,apportioned,1,tx-sos,2026-09-06T15:38:30+00:00
2022,TX,TX-22,2022-10-27,12,61737,,6298,55438,,,,,apportioned,1,tx-sos,2026-09-06T15:38:30+00:00
2022,TX,TX-22,2022-10-28,11,76158,,6985,69173,,,,,apportioned,1,tx-sos,2026-09-06T15:38:30+00:00
2022,TX,TX-22,2022-10-29,10,87466,,7115,80351,,,,,apportioned,1,tx-sos,2026-09-06T15:38:30+00:00
2022,TX,TX-22,2022-10-30,9,92461,,7231,85230,,,,,apportioned,1,tx-sos,2026-09-06T15:38:30+00:00
2022,TX,TX-22,2022-10-31,8,105399,,7718,97681,,,,,apportioned,1,tx-sos,2026-09-06T15:38:30+00:00
2022,TX,TX-22,2022-11-01,7,115682,,7890,107791,,,,,apportioned,1,tx-sos,2026-09-06T15:38:30+00:00
2022,TX,TX-22,2022-11-02,6,128810,,8345,120467,,,,,apportioned,1,tx-sos,2026-09-06T15:38:30+00:00
2022,TX,TX-22,2022-11-03,5,144436,,8638,135797,,,,,apportioned,1,tx-sos,2026-09-06T15:38:30+00:00
2022,TX,TX-22,2022-11-04,4,169376,,8921,160455,,,,,apportioned,1,tx-sos,2026-09-06T15:38:30+00:00
2022,TX,TX-23,2022-10-02,37,16,,16,0,,,,,apportioned,1,tx-sos,2026-09-06T15:38:30+00:00
2022,TX,TX-23,2022-10-03,36,37,,36,0,,,,,apportioned,1,tx-sos,2026-09-06T15:38:30+00:00
2022,TX,TX-23,2022-10-04,35,51,,51,0,,,,,apportioned,1,tx-sos,2026-09-06T15:38:30+00:00
2022,TX,TX-23,2022-10-05,34,120,,120,0,,,,,apportioned,1,tx-sos,2026-09-06T15:38:30+00:00
2022,TX,TX-23,2022-10-06,33,240,,240,0,,,,,apportioned,1,tx-sos,2026-09-06T15:38:30+00:00
2022,TX,TX-23,2022-10-07,32,360,,360,0,,,,,apportioned,1,tx-sos,2026-09-06T15:38:30+00:00
2022,TX,TX-23,2022-10-08,31,362,,361,0,,,,,apportioned,1,tx-sos,2026-09-06T15:38:30+00:00
2022,TX,TX-23,2022-10-09,30,362,,361,0,,,,,apportioned,1,tx-sos,2026-09-06T15:38:30+00:00
2022,TX,TX-23,2022-10-10,29,362,,361,0,,,,,apportioned,1,tx-sos,2026-09-06T15:38:30+00:00
2022,TX,TX-23,2022-10-11,28,765,,765,0,,,,,apportioned,1,tx-sos,2026-09-06T15:38:30+00:00
2022,TX,TX-23,2022-10-12,27,1106,,1105,0,,,,,apportioned,1,tx-sos,2026-09-06T15:38:30+00:00
2022,TX,TX-23,2022-10-13,26,1532,,1532,0,,,,,apportioned,1,tx-sos,2026-09-06T15:38:30+00:00
2022,TX,TX-23,2022-10-14,25,1852,,1852,0,,,,,apportioned,1,tx-sos,2026-09-06T15:38:30+00:00
2022,TX,TX-23,2022-10-15,24,2177,,2177,0,,,,,apportioned,1,tx-sos,2026-09-06T15:38:30+00:00
2022,TX,TX-23,2022-10-16,23,2183,,2183,0,,,,,apportioned,1,tx-sos,2026-09-06T15:38:30+00:00
2022,TX,TX-23,2022-10-17,22,2584,,2584,0,,,,,apportioned,1,tx-sos,2026-09-06T15:38:30+00:00
2022,TX,TX-23,2022-10-18,21,3115,,3115,0,,,,,apportioned,1,tx-sos,2026-09-06T15:38:30+00:00
2022,TX,TX-23,2022-10-19,20,3651,,3651,0,,,,,apportioned,1,tx-sos,2026-09-06T15:38:30+00:00
2022,TX,TX-23,2022-10-20,19,4263,,4262,0,,,,,apportioned,1,tx-sos,2026-09-06T15:38:30+00:00
2022,TX,TX-23,2022-10-21,18,4818,,4818,0,,,,,apportioned,1,tx-sos,2026-09-06T15:38:30+00:00
2022,TX,TX-23,2022-10-22,17,5192,,5192,0,,,,,apportioned,1,tx-sos,2026-09-06T15:38:30+00:00
2022,TX,TX-23,2022-10-23,16,5209,,5209,0,,,,,apportioned,1,tx-sos,2026-09-06T15:38:30+00:00
2022,TX,TX-23,2022-10-24,15,20468,,5748,14719,,,,,apportioned,1,tx-sos,2026-09-06T15:38:30+00:00
2022,TX,TX-23,2022-10-25,14,34898,,6238,28660,,,,,apportioned,1,tx-sos,2026-09-06T15:38:30+00:00
2022,TX,TX-23,2022-10-26,13,48301,,6807,41493,,,,,apportioned,1,tx-sos,2026-09-06T15:38:30+00:00
2022,TX,TX-23,2022-10-27,12,61358,,7281,54076,,,,,apportioned,1,tx-sos,2026-09-06T15:38:30+00:00
2022,TX,TX-23,2022-10-28,11,74955,,7538,67418,,,,,apportioned,1,tx-sos,2026-09-06T15:38:30+00:00
2022,TX,TX-23,2022-10-29,10,84406,,8035,76371,,,,,apportioned,1,tx-sos,2026-09-06T15:38:30+00:00
2022,TX,TX-23,2022-10-30,9,88161,,8198,79962,,,,,apportioned,1,tx-sos,2026-09-06T15:38:30+00:00
2022,TX,TX-23,2022-10-31,8,99161,,8953,90209,,,,,apportioned,1,tx-sos,2026-09-06T15:38:30+00:00
2022,TX,TX-23,2022-11-01,7,110881,,9376,101505,,,,,apportioned,1,tx-sos,2026-09-06T15:38:30+00:00
2022,TX,TX-23,2022-11-02,6,122981,,9779,113202,,,,,apportioned,1,tx-sos,2026-09-06T15:38:30+00:00
2022,TX,TX-23,2022-11-03,5,137447,,10316,127132,,,,,apportioned,1,tx-sos,2026-09-06T15:38:30+00:00
2022,TX,TX-23,2022-11-04,4,158027,,10831,147196,,,,,apportioned,1,tx-sos,2026-09-06T15:38:30+00:00
2022,TX,TX-24,2022-10-02,37,4,,4,0,,,,,apportioned,1,tx-sos,2026-09-06T15:38:30+00:00
2022,TX,TX-24,2022-10-03,36,6,,6,0,,,,,apportioned,1,tx-sos,2026-09-06T15:38:30+00:00
2022,TX,TX-24,2022-10-04,35,7,,7,0,,,,,apportioned,1,tx-sos,2026-09-06T15:38:30+00:00
2022,TX,TX-24,2022-10-05,34,12,,12,0,,,,,apportioned,1,tx-sos,2026-09-06T15:38:30+00:00
2022,TX,TX-24,2022-10-06,33,18,,18,0,,,,,apportioned,1,tx-sos,2026-09-06T15:38:30+00:00
2022,TX,TX-24,2022-10-07,32,24,,24,0,,,,,apportioned,1,tx-sos,2026-09-06T15:38:30+00:00
2022,TX,TX-24,2022-10-08,31,24,,24,0,,,,,apportioned,1,tx-sos,2026-09-06T15:38:30+00:00
2022,TX,TX-24,2022-10-09,30,24,,24,0,,,,,apportioned,1,tx-sos,2026-09-06T15:38:30+00:00
2022,TX,TX-24,2022-10-10,29,24,,24,0,,,,,apportioned,1,tx-sos,2026-09-06T15:38:30+00:00
2022,TX,TX-24,2022-10-11,28,55,,55,0,,,,,apportioned,1,tx-sos,2026-09-06T15:38:30+00:00
2022,TX,TX-24,2022-10-12,27,59,,59,0,,,,,apportioned,1,tx-sos,2026-09-06T15:38:30+00:00
2022,TX,TX-24,2022-10-13,26,81,,81,0,,,,,apportioned,1,tx-sos,2026-09-06T15:38:30+00:00
2022,TX,TX-24,2022-10-14,25,470,,470,0,,,,,apportioned,1,tx-sos,2026-09-06T15:38:30+00:00
2022,TX,TX-24,2022-10-15,24,470,,470,0,,,,,apportioned,1,tx-sos,2026-09-06T15:38:30+00:00
2022,TX,TX-24,2022-10-16,23,470,,470,0,,,,,apportioned,1,tx-sos,2026-09-06T15:38:30+00:00
2022,TX,TX-24,2022-10-17,22,1352,,1352,0,,,,,apportioned,1,tx-sos,2026-09-06T15:38:30+00:00
2022,TX,TX-24,2022-10-18,21,1544,,1544,0,,,,,apportioned,1,tx-sos,2026-09-06T15:38:30+00:00
2022,TX,TX-24,2022-10-19,20,2073,,2073,0,,,,,apportioned,1,tx-sos,2026-09-06T15:38:30+00:00
2022,TX,TX-24,2022-10-20,19,2531,,2531,0,,,,,apportioned,1,tx-sos,2026-09-06T15:38:30+00:00
2022,TX,TX-24,2022-10-21,18,2870,,2870,0,,,,,apportioned,1,tx-sos,2026-09-06T15:38:30+00:00
2022,TX,TX-24,2022-10-22,17,3915,,3915,0,,,,,apportioned,1,tx-sos,2026-09-06T15:38:30+00:00
2022,TX,TX-24,2022-10-23,16,3915,,3915,0,,,,,apportioned,1,tx-sos,2026-09-06T15:38:30+00:00
2022,TX,TX-24,2022-10-24,15,18347,,4789,13559,,,,,apportioned,1,tx-sos,2026-09-06T15:38:30+00:00
2022,TX,TX-24,2022-10-25,14,34316,,4836,29480,,,,,apportioned,1,tx-sos,2026-09-06T15:38:30+00:00
2022,TX,TX-24,2022-10-26,13,49757,,5329,44428,,,,,apportioned,1,tx-sos,2026-09-06T15:38:30+00:00
2022,TX,TX-24,2022-10-27,12,64537,,5988,58550,,,,,apportioned,1,tx-sos,2026-09-06T15:38:30+00:00
2022,TX,TX-24,2022-10-28,11,77855,,6535,71320,,,,,apportioned,1,tx-sos,2026-09-06T15:38:30+00:00
2022,TX,TX-24,2022-10-29,10,90901,,6899,84001,,,,,apportioned,1,tx-sos,2026-09-06T15:38:30+00:00
2022,TX,TX-24,2022-10-30,9,96074,,6899,89174,,,,,apportioned,1,tx-sos,2026-09-06T15:38:30+00:00
2022,TX,TX-24,2022-10-31,8,111019,,7353,103667,,,,,apportioned,1,tx-sos,2026-09-06T15:38:30+00:00
2022,TX,TX-24,2022-11-01,7,125471,,7469,118002,,,,,apportioned,1,tx-sos,2026-09-06T15:38:30+00:00
2022,TX,TX-24,2022-11-02,6,140683,,7787,132896,,,,,apportioned,1,tx-sos,2026-09-06T15:38:30+00:00
2022,TX,TX-24,2022-11-03,5,159415,,8133,151282,,,,,apportioned,1,tx-sos,2026-09-06T15:38:30+00:00
2022,TX,TX-24,2022-11-04,4,183885,,8615,175270,,,,,apportioned,1,tx-sos,2026-09-06T15:38:30+00:00
2022,TX,TX-25,2022-10-02,37,8,,8,0,,,,,apportioned,1,tx-sos,2026-09-06T15:38:30+00:00
2022,TX,TX-25,2022-10-03,36,64,,64,0,,,,,apportioned,1,tx-sos,2026-09-06T15:38:30+00:00
2022,TX,TX-25,2022-10-04,35,75,,75,0,,,,,apportioned,1,tx-sos,2026-09-06T15:38:30+00:00
2022,TX,TX-25,2022-10-05,34,145,,145,0,,,,,apportioned,1,tx-sos,2026-09-06T15:38:30+00:00
2022,TX,TX-25,2022-10-06,33,206,,206,0,,,,,apportioned,1,tx-sos,2026-09-06T15:38:30+00:00
2022,TX,TX-25,2022-10-07,32,260,,260,0,,,,,apportioned,1,tx-sos,2026-09-06T15:38:30+00:00
2022,TX,TX-25,2022-10-08,31,260,,260,0,,,,,apportioned,1,tx-sos,2026-09-06T15:38:30+00:00
2022,TX,TX-25,2022-10-09,30,260,,260,0,,,,,apportioned,1,tx-sos,2026-09-06T15:38:30+00:00
2022,TX,TX-25,2022-10-10,29,260,,260,0,,,,,apportioned,1,tx-sos,2026-09-06T15:38:30+00:00
2022,TX,TX-25,2022-10-11,28,337,,337,0,,,,,apportioned,1,tx-sos,2026-09-06T15:38:30+00:00
2022,TX,TX-25,2022-10-12,27,404,,404,0,,,,,apportioned,1,tx-sos,2026-09-06T15:38:30+00:00
2022,TX,TX-25,2022-10-13,26,556,,556,0,,,,,apportioned,1,tx-sos,2026-09-06T15:38:30+00:00
2022,TX,TX-25,2022-10-14,25,1007,,1007,0,,,,,apportioned,1,tx-sos,2026-09-06T15:38:30+00:00
2022,TX,TX-25,2022-10-15,24,1053,,1053,0,,,,,apportioned,1,tx-sos,2026-09-06T15:38:30+00:00
2022,TX,TX-25,2022-10-16,23,1053,,1053,0,,,,,apportioned,1,tx-sos,2026-09-06T15:38:30+00:00
2022,TX,TX-25,2022-10-17,22,1901,,1901,0,,,,,apportioned,1,tx-sos,2026-09-06T15:38:30+00:00
2022,TX,TX-25,2022-10-18,21,2126,,2126,0,,,,,apportioned,1,tx-sos,2026-09-06T15:38:30+00:00
2022,TX,TX-25,2022-10-19,20,2680,,2680,0,,,,,apportioned,1,tx-sos,2026-09-06T15:38:30+00:00
2022,TX,TX-25,2022-10-20,19,3064,,3064,0,,,,,apportioned,1,tx-sos,2026-09-06T15:38:30+00:00
2022,TX,TX-25,2022-10-21,18,3503,,3503,0,,,,,apportioned,1,tx-sos,2026-09-06T15:38:30+00:00
2022,TX,TX-25,2022-10-22,17,3503,,3503,0,,,,,apportioned,1,tx-sos,2026-09-06T15:38:30+00:00
2022,TX,TX-25,2022-10-23,16,3503,,3503,0,,,,,apportioned,1,tx-sos,2026-09-06T15:38:30+00:00
2022,TX,TX-25,2022-10-24,15,16372,,4269,12104,,,,,apportioned,1,tx-sos,2026-09-06T15:38:30+00:00
2022,TX,TX-25,2022-10-25,14,30164,,4414,25751,,,,,apportioned,1,tx-sos,2026-09-06T15:38:30+00:00
2022,TX,TX-25,2022-10-26,13,42814,,4806,38009,,,,,apportioned,1,tx-sos,2026-09-06T15:38:30+00:00
2022,TX,TX-25,2022-10-27,12,54817,,5351,49466,,,,,apportioned,1,tx-sos,2026-09-06T15:38:30+00:00
2022,TX,TX-25,2022-10-28,11,66866,,5799,61068,,,,,apportioned,1,tx-sos,2026-09-06T15:38:30+00:00
2022,TX,TX-25,2022-10-29,10,75056,,6014,69041,,,,,apportioned,1,tx-sos,2026-09-06T15:38:30+00:00
2022,TX,TX-25,2022-10-30,9,78065,,6022,72044,,,,,apportioned,1,tx-sos,2026-09-06T15:38:30+00:00
2022,TX,TX-25,2022-10-31,8,90651,,6405,84247,,,,,apportioned,1,tx-sos,2026-09-06T15:38:30+00:00
2022,TX,TX-25,2022-11-01,7,102651,,6617,96032,,,,,apportioned,1,tx-sos,2026-09-06T15:38:30+00:00
2022,TX,TX-25,2022-11-02,6,114154,,6893,107262,,,,,apportioned,1,tx-sos,2026-09-06T15:38:30+00:00
2022,TX,TX-25,2022-11-03,5,127878,,7200,120678,,,,,apportioned,1,tx-sos,2026-09-06T15:38:30+00:00
2022,TX,TX-25,2022-11-04,4,146014,,7566,138447,,,,,apportioned,1,tx-sos,2026-09-06T15:38:30+00:00
2022,TX,TX-26,2022-10-02,37,40,,40,0,,,,,apportioned,1,tx-sos,2026-09-06T15:38:30+00:00
2022,TX,TX-26,2022-10-03,36,192,,192,0,,,,,apportioned,1,tx-sos,2026-09-06T15:38:30+00:00
2022,TX,TX-26,2022-10-04,35,260,,260,0,,,,,apportioned,1,tx-sos,2026-09-06T15:38:30+00:00
2022,TX,TX-26,2022-10-05,34,493,,493,0,,,,,apportioned,1,tx-sos,2026-09-06T15:38:30+00:00
2022,TX,TX-26,2022-10-06,33,204,,204,0,,,,,apportioned,1,tx-sos,2026-09-06T15:38:30+00:00
2022,TX,TX-26,2022-10-07,32,246,,246,0,,,,,apportioned,1,tx-sos,2026-09-06T15:38:30+00:00
2022,TX,TX-26,2022-10-08,31,246,,246,0,,,,,apportioned,1,tx-sos,2026-09-06T15:38:30+00:00
2022,TX,TX-26,2022-10-09,30,246,,246,0,,,,,apportioned,1,tx-sos,2026-09-06T15:38:30+00:00
2022,TX,TX-26,2022-10-10,29,312,,312,0,,,,,apportioned,1,tx-sos,2026-09-06T15:38:30+00:00
2022,TX,TX-26,2022-10-11,28,742,,742,0,,,,,apportioned,1,tx-sos,2026-09-06T15:38:30+00:00
2022,TX,TX-26,2022-10-12,27,885,,885,0,,,,,apportioned,1,tx-sos,2026-09-06T15:38:30+00:00
2022,TX,TX-26,2022-10-13,26,1835,,1835,0,,,,,apportioned,1,tx-sos,2026-09-06T15:38:30+00:00
2022,TX,TX-26,2022-10-14,25,2486,,2486,0,,,,,apportioned,1,tx-sos,2026-09-06T15:38:30+00:00
2022,TX,TX-26,2022-10-15,24,2486,,2486,0,,,,,apportioned,1,tx-sos,2026-09-06T15:38:30+00:00
2022,TX,TX-26,2022-10-16,23,2486,,2486,0,,,,,apportioned,1,tx-sos,2026-09-06T15:38:30+00:00
2022,TX,TX-26,2022-10-17,22,2904,,2904,0,,,,,apportioned,1,tx-sos,2026-09-06T15:38:30+00:00
2022,TX,TX-26,2022-10-18,21,3459,,3459,0,,,,,apportioned,1,tx-sos,2026-09-06T15:38:30+00:00
2022,TX,TX-26,2022-10-19,20,3625,,3625,0,,,,,apportioned,1,tx-sos,2026-09-06T15:38:30+00:00
2022,TX,TX-26,2022-10-20,19,4300,,4300,0,,,,,apportioned,1,tx-sos,2026-09-06T15:38:30+00:00
2022,TX,TX-26,2022-10-21,18,4362,,4362,0,,,,,apportioned,1,tx-sos,2026-09-06T15:38:30+00:00
2022,TX,TX-26,2022-10-22,17,4474,,4474,0,,,,,apportioned,1,tx-sos,2026-09-06T15:38:30+00:00
2022,TX,TX-26,2022-10-23,16,4474,,4474,0,,,,,apportioned,1,tx-sos,2026-09-06T15:38:30+00:00
2022,TX,TX-26,2022-10-24,15,19961,,4826,15135,,,,,apportioned,1,tx-sos,2026-09-06T15:38:30+00:00
2022,TX,TX-26,2022-10-25,14,37330,,4968,32361,,,,,apportioned,1,tx-sos,2026-09-06T15:38:30+00:00
2022,TX,TX-26,2022-10-26,13,53215,,5444,47771,,,,,apportioned,1,tx-sos,2026-09-06T15:38:30+00:00
2022,TX,TX-26,2022-10-27,12,68459,,5719,62740,,,,,apportioned,1,tx-sos,2026-09-06T15:38:30+00:00
2022,TX,TX-26,2022-10-28,11,83483,,6255,77228,,,,,apportioned,1,tx-sos,2026-09-06T15:38:30+00:00
2022,TX,TX-26,2022-10-29,10,98342,,6592,91751,,,,,apportioned,1,tx-sos,2026-09-06T15:38:30+00:00
2022,TX,TX-26,2022-10-30,9,104976,,6617,98360,,,,,apportioned,1,tx-sos,2026-09-06T15:38:30+00:00
2022,TX,TX-26,2022-10-31,8,120045,,7012,113033,,,,,apportioned,1,tx-sos,2026-09-06T15:38:30+00:00
2022,TX,TX-26,2022-11-01,7,134350,,7176,127174,,,,,apportioned,1,tx-sos,2026-09-06T15:38:30+00:00
2022,TX,TX-26,2022-11-02,6,149834,,7654,142181,,,,,apportioned,1,tx-sos,2026-09-06T15:38:30+00:00
2022,TX,TX-26,2022-11-03,5,167799,,7866,159934,,,,,apportioned,1,tx-sos,2026-09-06T15:38:30+00:00
2022,TX,TX-26,2022-11-04,4,191911,,8189,183723,,,,,apportioned,1,tx-sos,2026-09-06T15:38:30+00:00
2022,TX,TX-27,2022-10-02,37,81,,81,0,,,,,apportioned,1,tx-sos,2026-09-06T15:38:30+00:00
2022,TX,TX-27,2022-10-03,36,276,,276,0,,,,,apportioned,1,tx-sos,2026-09-06T15:38:30+00:00
2022,TX,TX-27,2022-10-04,35,295,,295,0,,,,,apportioned,1,tx-sos,2026-09-06T15:38:30+00:00
2022,TX,TX-27,2022-10-05,34,438,,438,0,,,,,apportioned,1,tx-sos,2026-09-06T15:38:30+00:00
2022,TX,TX-27,2022-10-06,33,567,,567,0,,,,,apportioned,1,tx-sos,2026-09-06T15:38:30+00:00
2022,TX,TX-27,2022-10-07,32,906,,906,0,,,,,apportioned,1,tx-sos,2026-09-06T15:38:30+00:00
2022,TX,TX-27,2022-10-08,31,906,,906,0,,,,,apportioned,1,tx-sos,2026-09-06T15:38:30+00:00
2022,TX,TX-27,2022-10-09,30,906,,906,0,,,,,apportioned,1,tx-sos,2026-09-06T15:38:30+00:00
2022,TX,TX-27,2022-10-10,29,919,,919,0,,,,,apportioned,1,tx-sos,2026-09-06T15:38:30+00:00
2022,TX,TX-27,2022-10-11,28,1223,,1223,0,,,,,apportioned,1,tx-sos,2026-09-06T15:38:30+00:00
2022,TX,TX-27,2022-10-12,27,1348,,1348,0,,,,,apportioned,1,tx-sos,2026-09-06T15:38:30+00:00
2022,TX,TX-27,2022-10-13,26,1992,,1992,0,,,,,apportioned,1,tx-sos,2026-09-06T15:38:30+00:00
2022,TX,TX-27,2022-10-14,25,2526,,2526,0,,,,,apportioned,1,tx-sos,2026-09-06T15:38:30+00:00
2022,TX,TX-27,2022-10-15,24,2527,,2527,0,,,,,apportioned,1,tx-sos,2026-09-06T15:38:30+00:00
2022,TX,TX-27,2022-10-16,23,2527,,2527,0,,,,,apportioned,1,tx-sos,2026-09-06T15:38:30+00:00
2022,TX,TX-27,2022-10-17,22,3241,,3241,0,,,,,apportioned,1,tx-sos,2026-09-06T15:38:30+00:00
2022,TX,TX-27,2022-10-18,21,3943,,3943,0,,,,,apportioned,1,tx-sos,2026-09-06T15:38:30+00:00
2022,TX,TX-27,2022-10-19,20,4719,,4719,0,,,,,apportioned,1,tx-sos,2026-09-06T15:38:30+00:00
2022,TX,TX-27,2022-10-20,19,5111,,5111,0,,,,,apportioned,1,tx-sos,2026-09-06T15:38:30+00:00
2022,TX,TX-27,2022-10-21,18,5646,,5646,0,,,,,apportioned,1,tx-sos,2026-09-06T15:38:30+00:00
2022,TX,TX-27,2022-10-22,17,5924,,5924,0,,,,,apportioned,1,tx-sos,2026-09-06T15:38:30+00:00
2022,TX,TX-27,2022-10-23,16,5925,,5925,0,,,,,apportioned,1,tx-sos,2026-09-06T15:38:30+00:00
2022,TX,TX-27,2022-10-24,15,21609,,6601,15006,,,,,apportioned,1,tx-sos,2026-09-06T15:38:30+00:00
2022,TX,TX-27,2022-10-25,14,37045,,6940,30104,,,,,apportioned,1,tx-sos,2026-09-06T15:38:30+00:00
2022,TX,TX-27,2022-10-26,13,51268,,7593,43677,,,,,apportioned,1,tx-sos,2026-09-06T15:38:30+00:00
2022,TX,TX-27,2022-10-27,12,64300,,8228,56073,,,,,apportioned,1,tx-sos,2026-09-06T15:38:30+00:00
2022,TX,TX-27,2022-10-28,11,78433,,9050,69383,,,,,apportioned,1,tx-sos,2026-09-06T15:38:30+00:00
2022,TX,TX-27,2022-10-29,10,86179,,9185,76995,,,,,apportioned,1,tx-sos,2026-09-06T15:38:30+00:00
2022,TX,TX-27,2022-10-30,9,89194,,9204,79990,,,,,apportioned,1,tx-sos,2026-09-06T15:38:30+00:00
2022,TX,TX-27,2022-10-31,8,101122,,9972,91146,,,,,apportioned,1,tx-sos,2026-09-06T15:38:30+00:00
2022,TX,TX-27,2022-11-01,7,111859,,10155,101704,,,,,apportioned,1,tx-sos,2026-09-06T15:38:30+00:00
2022,TX,TX-27,2022-11-02,6,124714,,10551,114165,,,,,apportioned,1,tx-sos,2026-09-06T15:38:30+00:00
2022,TX,TX-27,2022-11-03,5,139243,,10840,128403,,,,,apportioned,1,tx-sos,2026-09-06T15:38:30+00:00
2022,TX,TX-27,2022-11-04,4,160336,,11295,149040,,,,,apportioned,1,tx-sos,2026-09-06T15:38:30+00:00
2022,TX,TX-28,2022-10-02,37,0,,0,0,,,,,apportioned,1,tx-sos,2026-09-06T15:38:30+00:00
2022,TX,TX-28,2022-10-03,36,0,,0,0,,,,,apportioned,1,tx-sos,2026-09-06T15:38:30+00:00
2022,TX,TX-28,2022-10-04,35,0,,0,0,,,,,apportioned,1,tx-sos,2026-09-06T15:38:30+00:00
2022,TX,TX-28,2022-10-05,34,1,,1,0,,,,,apportioned,1,tx-sos,2026-09-06T15:38:30+00:00
2022,TX,TX-28,2022-10-06,33,15,,15,0,,,,,apportioned,1,tx-sos,2026-09-06T15:38:30+00:00
2022,TX,TX-28,2022-10-07,32,37,,37,0,,,,,apportioned,1,tx-sos,2026-09-06T15:38:30+00:00
2022,TX,TX-28,2022-10-08,31,37,,37,0,,,,,apportioned,1,tx-sos,2026-09-06T15:38:30+00:00
2022,TX,TX-28,2022-10-09,30,37,,37,0,,,,,apportioned,1,tx-sos,2026-09-06T15:38:30+00:00
2022,TX,TX-28,2022-10-10,29,47,,47,0,,,,,apportioned,1,tx-sos,2026-09-06T15:38:30+00:00
2022,TX,TX-28,2022-10-11,28,95,,95,0,,,,,apportioned,1,tx-sos,2026-09-06T15:38:30+00:00
2022,TX,TX-28,2022-10-12,27,312,,312,0,,,,,apportioned,1,tx-sos,2026-09-06T15:38:30+00:00
2022,TX,TX-28,2022-10-13,26,353,,353,0,,,,,apportioned,1,tx-sos,2026-09-06T15:38:30+00:00
2022,TX,TX-28,2022-10-14,25,549,,549,0,,,,,apportioned,1,tx-sos,2026-09-06T15:38:30+00:00
2022,TX,TX-28,2022-10-15,24,552,,552,0,,,,,apportioned,1,tx-sos,2026-09-06T15:38:30+00:00
2022,TX,TX-28,2022-10-16,23,552,,552,0,,,,,apportioned,1,tx-sos,2026-09-06T15:38:30+00:00
2022,TX,TX-28,2022-10-17,22,682,,682,0,,,,,apportioned,1,tx-sos,2026-09-06T15:38:30+00:00
2022,TX,TX-28,2022-10-18,21,904,,904,0,,,,,apportioned,1,tx-sos,2026-09-06T15:38:30+00:00
2022,TX,TX-28,2022-10-19,20,1168,,1168,0,,,,,apportioned,1,tx-sos,2026-09-06T15:38:30+00:00
2022,TX,TX-28,2022-10-20,19,1548,,1548,0,,,,,apportioned,1,tx-sos,2026-09-06T15:38:30+00:00
2022,TX,TX-28,2022-10-21,18,1754,,1754,0,,,,,apportioned,1,tx-sos,2026-09-06T15:38:30+00:00
2022,TX,TX-28,2022-10-22,17,1754,,1754,0,,,,,apportioned,1,tx-sos,2026-09-06T15:38:30+00:00
2022,TX,TX-28,2022-10-23,16,1758,,1758,0,,,,,apportioned,1,tx-sos,2026-09-06T15:38:30+00:00
2022,TX,TX-28,2022-10-24,15,11957,,2278,9680,,,,,apportioned,1,tx-sos,2026-09-06T15:38:30+00:00
2022,TX,TX-28,2022-10-25,14,20953,,2621,18333,,,,,apportioned,1,tx-sos,2026-09-06T15:38:30+00:00
2022,TX,TX-28,2022-10-26,13,28893,,2966,25927,,,,,apportioned,1,tx-sos,2026-09-06T15:38:30+00:00
2022,TX,TX-28,2022-10-27,12,36194,,3267,32927,,,,,apportioned,1,tx-sos,2026-09-06T15:38:30+00:00
2022,TX,TX-28,2022-10-28,11,43949,,3594,40354,,,,,apportioned,1,tx-sos,2026-09-06T15:38:30+00:00
2022,TX,TX-28,2022-10-29,10,50751,,3708,47043,,,,,apportioned,1,tx-sos,2026-09-06T15:38:30+00:00
2022,TX,TX-28,2022-10-30,9,53051,,3708,49343,,,,,apportioned,1,tx-sos,2026-09-06T15:38:30+00:00
2022,TX,TX-28,2022-10-31,8,59122,,3967,55153,,,,,apportioned,1,tx-sos,2026-09-06T15:38:30+00:00
2022,TX,TX-28,2022-11-01,7,65370,,4121,61250,,,,,apportioned,1,tx-sos,2026-09-06T15:38:30+00:00
2022,TX,TX-28,2022-11-02,6,72463,,4330,68132,,,,,apportioned,1,tx-sos,2026-09-06T15:38:30+00:00
2022,TX,TX-28,2022-11-03,5,80677,,4481,76194,,,,,apportioned,1,tx-sos,2026-09-06T15:38:30+00:00
2022,TX,TX-28,2022-11-04,4,94904,,4650,90254,,,,,apportioned,1,tx-sos,2026-09-06T15:38:30+00:00
2022,TX,TX-29,2022-10-02,37,1,,1,0,,,,,apportioned,1,tx-sos,2026-09-06T15:38:30+00:00
2022,TX,TX-29,2022-10-03,36,3,,3,0,,,,,apportioned,1,tx-sos,2026-09-06T15:38:30+00:00
2022,TX,TX-29,2022-10-04,35,4,,4,0,,,,,apportioned,1,tx-sos,2026-09-06T15:38:30+00:00
2022,TX,TX-29,2022-10-05,34,5,,5,0,,,,,apportioned,1,tx-sos,2026-09-06T15:38:30+00:00
2022,TX,TX-29,2022-10-06,33,8,,8,0,,,,,apportioned,1,tx-sos,2026-09-06T15:38:30+00:00
2022,TX,TX-29,2022-10-07,32,10,,10,0,,,,,apportioned,1,tx-sos,2026-09-06T15:38:30+00:00
2022,TX,TX-29,2022-10-08,31,10,,10,0,,,,,apportioned,1,tx-sos,2026-09-06T15:38:30+00:00
2022,TX,TX-29,2022-10-09,30,10,,10,0,,,,,apportioned,1,tx-sos,2026-09-06T15:38:30+00:00
2022,TX,TX-29,2022-10-10,29,11,,11,0,,,,,apportioned,1,tx-sos,2026-09-06T15:38:30+00:00
2022,TX,TX-29,2022-10-11,28,19,,19,0,,,,,apportioned,1,tx-sos,2026-09-06T15:38:30+00:00
2022,TX,TX-29,2022-10-12,27,24,,24,0,,,,,apportioned,1,tx-sos,2026-09-06T15:38:30+00:00
2022,TX,TX-29,2022-10-13,26,27,,27,0,,,,,apportioned,1,tx-sos,2026-09-06T15:38:30+00:00
2022,TX,TX-29,2022-10-14,25,74,,74,0,,,,,apportioned,1,tx-sos,2026-09-06T15:38:30+00:00
2022,TX,TX-29,2022-10-15,24,74,,74,0,,,,,apportioned,1,tx-sos,2026-09-06T15:38:30+00:00
2022,TX,TX-29,2022-10-16,23,74,,74,0,,,,,apportioned,1,tx-sos,2026-09-06T15:38:30+00:00
2022,TX,TX-29,2022-10-17,22,74,,74,0,,,,,apportioned,1,tx-sos,2026-09-06T15:38:30+00:00
2022,TX,TX-29,2022-10-18,21,253,,253,0,,,,,apportioned,1,tx-sos,2026-09-06T15:38:30+00:00
2022,TX,TX-29,2022-10-19,20,593,,593,0,,,,,apportioned,1,tx-sos,2026-09-06T15:38:30+00:00
2022,TX,TX-29,2022-10-20,19,1068,,1068,0,,,,,apportioned,1,tx-sos,2026-09-06T15:38:30+00:00
2022,TX,TX-29,2022-10-21,18,1522,,1522,0,,,,,apportioned,1,tx-sos,2026-09-06T15:38:30+00:00
2022,TX,TX-29,2022-10-22,17,2450,,2450,0,,,,,apportioned,1,tx-sos,2026-09-06T15:38:30+00:00
2022,TX,TX-29,2022-10-23,16,2450,,2450,0,,,,,apportioned,1,tx-sos,2026-09-06T15:38:30+00:00
2022,TX,TX-29,2022-10-24,15,9497,,2452,7045,,,,,apportioned,1,tx-sos,2026-09-06T15:38:30+00:00
2022,TX,TX-29,2022-10-25,14,16792,,2851,13941,,,,,apportioned,1,tx-sos,2026-09-06T15:38:30+00:00
2022,TX,TX-29,2022-10-26,13,23955,,3435,20520,,,,,apportioned,1,tx-sos,2026-09-06T15:38:30+00:00
2022,TX,TX-29,2022-10-27,12,30680,,3782,26898,,,,,apportioned,1,tx-sos,2026-09-06T15:38:30+00:00
2022,TX,TX-29,2022-10-28,11,37745,,4464,33281,,,,,apportioned,1,tx-sos,2026-09-06T15:38:30+00:00
2022,TX,TX-29,2022-10-29,10,42942,,4821,38121,,,,,apportioned,1,tx-sos,2026-09-06T15:38:30+00:00
2022,TX,TX-29,2022-10-30,9,46169,,5140,41029,,,,,apportioned,1,tx-sos,2026-09-06T15:38:30+00:00
2022,TX,TX-29,2022-10-31,8,52336,,5140,47196,,,,,apportioned,1,tx-sos,2026-09-06T15:38:30+00:00
2022,TX,TX-29,2022-11-01,7,58020,,5388,52632,,,,,apportioned,1,tx-sos,2026-09-06T15:38:30+00:00
2022,TX,TX-29,2022-11-02,6,65423,,5977,59446,,,,,apportioned,1,tx-sos,2026-09-06T15:38:30+00:00
2022,TX,TX-29,2022-11-03,5,74393,,6261,68131,,,,,apportioned,1,tx-sos,2026-09-06T15:38:30+00:00
2022,TX,TX-29,2022-11-04,4,86823,,6510,80313,,,,,apportioned,1,tx-sos,2026-09-06T15:38:30+00:00
2022,TX,TX-30,2022-10-02,37,1,,1,0,,,,,apportioned,1,tx-sos,2026-09-06T15:38:30+00:00
2022,TX,TX-30,2022-10-03,36,2,,2,0,,,,,apportioned,1,tx-sos,2026-09-06T15:38:30+00:00
2022,TX,TX-30,2022-10-04,35,2,,2,0,,,,,apportioned,1,tx-sos,2026-09-06T15:38:30+00:00
2022,TX,TX-30,2022-10-05,34,4,,4,0,,,,,apportioned,1,tx-sos,2026-09-06T15:38:30+00:00
2022,TX,TX-30,2022-10-06,33,5,,5,0,,,,,apportioned,1,tx-sos,2026-09-06T15:38:30+00:00
2022,TX,TX-30,2022-10-07,32,7,,7,0,,,,,apportioned,1,tx-sos,2026-09-06T15:38:30+00:00
2022,TX,TX-30,2022-10-08,31,7,,7,0,,,,,apportioned,1,tx-sos,2026-09-06T15:38:30+00:00
2022,TX,TX-30,2022-10-09,30,7,,7,0,,,,,apportioned,1,tx-sos,2026-09-06T15:38:30+00:00
2022,TX,TX-30,2022-10-10,29,7,,7,0,,,,,apportioned,1,tx-sos,2026-09-06T15:38:30+00:00
2022,TX,TX-30,2022-10-11,28,39,,39,0,,,,,apportioned,1,tx-sos,2026-09-06T15:38:30+00:00
2022,TX,TX-30,2022-10-12,27,40,,40,0,,,,,apportioned,1,tx-sos,2026-09-06T15:38:30+00:00
2022,TX,TX-30,2022-10-13,26,46,,46,0,,,,,apportioned,1,tx-sos,2026-09-06T15:38:30+00:00
2022,TX,TX-30,2022-10-14,25,162,,162,0,,,,,apportioned,1,tx-sos,2026-09-06T15:38:30+00:00
2022,TX,TX-30,2022-10-15,24,162,,162,0,,,,,apportioned,1,tx-sos,2026-09-06T15:38:30+00:00
2022,TX,TX-30,2022-10-16,23,162,,162,0,,,,,apportioned,1,tx-sos,2026-09-06T15:38:30+00:00
2022,TX,TX-30,2022-10-17,22,436,,436,0,,,,,apportioned,1,tx-sos,2026-09-06T15:38:30+00:00
2022,TX,TX-30,2022-10-18,21,498,,498,0,,,,,apportioned,1,tx-sos,2026-09-06T15:38:30+00:00
2022,TX,TX-30,2022-10-19,20,657,,657,0,,,,,apportioned,1,tx-sos,2026-09-06T15:38:30+00:00
2022,TX,TX-30,2022-10-20,19,798,,798,0,,,,,apportioned,1,tx-sos,2026-09-06T15:38:30+00:00
2022,TX,TX-30,2022-10-21,18,901,,901,0,,,,,apportioned,1,tx-sos,2026-09-06T15:38:30+00:00
2022,TX,TX-30,2022-10-22,17,2383,,2383,0,,,,,apportioned,1,tx-sos,2026-09-06T15:38:30+00:00
2022,TX,TX-30,2022-10-23,16,2383,,2383,0,,,,,apportioned,1,tx-sos,2026-09-06T15:38:30+00:00
2022,TX,TX-30,2022-10-24,15,11895,,2805,9089,,,,,apportioned,1,tx-sos,2026-09-06T15:38:30+00:00
2022,TX,TX-30,2022-10-25,14,22438,,2835,19603,,,,,apportioned,1,tx-sos,2026-09-06T15:38:30+00:00
2022,TX,TX-30,2022-10-26,13,32542,,3153,29388,,,,,apportioned,1,tx-sos,2026-09-06T15:38:30+00:00
2022,TX,TX-30,2022-10-27,12,42198,,3561,38637,,,,,apportioned,1,tx-sos,2026-09-06T15:38:30+00:00
2022,TX,TX-30,2022-10-28,11,50327,,3882,46444,,,,,apportioned,1,tx-sos,2026-09-06T15:38:30+00:00
2022,TX,TX-30,2022-10-29,10,58050,,4061,53990,,,,,apportioned,1,tx-sos,2026-09-06T15:38:30+00:00
2022,TX,TX-30,2022-10-30,9,61373,,4061,57312,,,,,apportioned,1,tx-sos,2026-09-06T15:38:30+00:00
2022,TX,TX-30,2022-10-31,8,70790,,4350,66440,,,,,apportioned,1,tx-sos,2026-09-06T15:38:30+00:00
2022,TX,TX-30,2022-11-01,7,79941,,4464,75477,,,,,apportioned,1,tx-sos,2026-09-06T15:38:30+00:00
2022,TX,TX-30,2022-11-02,6,89745,,4669,85075,,,,,apportioned,1,tx-sos,2026-09-06T15:38:30+00:00
2022,TX,TX-30,2022-11-03,5,102122,,4891,97231,,,,,apportioned,1,tx-sos,2026-09-06T15:38:30+00:00
2022,TX,TX-30,2022-11-04,4,118162,,5163,112999,,,,,apportioned,1,tx-sos,2026-09-06T15:38:30+00:00
2022,TX,TX-31,2022-10-02,37,236,,236,0,,,,,apportioned,1,tx-sos,2026-09-06T15:38:30+00:00
2022,TX,TX-31,2022-10-03,36,401,,401,0,,,,,apportioned,1,tx-sos,2026-09-06T15:38:30+00:00
2022,TX,TX-31,2022-10-04,35,412,,412,0,,,,,apportioned,1,tx-sos,2026-09-06T15:38:30+00:00
2022,TX,TX-31,2022-10-05,34,466,,466,0,,,,,apportioned,1,tx-sos,2026-09-06T15:38:30+00:00
2022,TX,TX-31,2022-10-06,33,564,,564,0,,,,,apportioned,1,tx-sos,2026-09-06T15:38:30+00:00
2022,TX,TX-31,2022-10-07,32,708,,708,0,,,,,apportioned,1,tx-sos,2026-09-06T15:38:30+00:00
2022,TX,TX-31,2022-10-08,31,708,,708,0,,,,,apportioned,1,tx-sos,2026-09-06T15:38:30+00:00
2022,TX,TX-31,2022-10-09,30,708,,708,0,,,,,apportioned,1,tx-sos,2026-09-06T15:38:30+00:00
2022,TX,TX-31,2022-10-10,29,723,,723,0,,,,,apportioned,1,tx-sos,2026-09-06T15:38:30+00:00
2022,TX,TX-31,2022-10-11,28,1042,,1042,0,,,,,apportioned,1,tx-sos,2026-09-06T15:38:30+00:00
2022,TX,TX-31,2022-10-12,27,1336,,1336,0,,,,,apportioned,1,tx-sos,2026-09-06T15:38:30+00:00
2022,TX,TX-31,2022-10-13,26,1836,,1836,0,,,,,apportioned,1,tx-sos,2026-09-06T15:38:30+00:00
2022,TX,TX-31,2022-10-14,25,2094,,2094,0,,,,,apportioned,1,tx-sos,2026-09-06T15:38:30+00:00
2022,TX,TX-31,2022-10-15,24,2094,,2094,0,,,,,apportioned,1,tx-sos,2026-09-06T15:38:30+00:00
2022,TX,TX-31,2022-10-16,23,2107,,2107,0,,,,,apportioned,1,tx-sos,2026-09-06T15:38:30+00:00
2022,TX,TX-31,2022-10-17,22,3581,,3581,0,,,,,apportioned,1,tx-sos,2026-09-06T15:38:30+00:00
2022,TX,TX-31,2022-10-18,21,3837,,3837,0,,,,,apportioned,1,tx-sos,2026-09-06T15:38:30+00:00
2022,TX,TX-31,2022-10-19,20,4193,,4193,0,,,,,apportioned,1,tx-sos,2026-09-06T15:38:30+00:00
2022,TX,TX-31,2022-10-20,19,4649,,4649,1,,,,,apportioned,1,tx-sos,2026-09-06T15:38:30+00:00
2022,TX,TX-31,2022-10-21,18,5154,,5153,1,,,,,apportioned,1,tx-sos,2026-09-06T15:38:30+00:00
2022,TX,TX-31,2022-10-22,17,5160,,5159,1,,,,,apportioned,1,tx-sos,2026-09-06T15:38:30+00:00
2022,TX,TX-31,2022-10-23,16,5407,,5406,1,,,,,apportioned,1,tx-sos,2026-09-06T15:38:30+00:00
2022,TX,TX-31,2022-10-24,15,21604,,5844,15760,,,,,apportioned,1,tx-sos,2026-09-06T15:38:30+00:00
2022,TX,TX-31,2022-10-25,14,37024,,6122,30901,,,,,apportioned,1,tx-sos,2026-09-06T15:38:30+00:00
2022,TX,TX-31,2022-10-26,13,51976,,6756,45220,,,,,apportioned,1,tx-sos,2026-09-06T15:38:30+00:00
2022,TX,TX-31,2022-10-27,12,66389,,7256,59133,,,,,apportioned,1,tx-sos,2026-09-06T15:38:30+00:00
2022,TX,TX-31,2022-10-28,11,80836,,7552,73285,,,,,apportioned,1,tx-sos,2026-09-06T15:38:30+00:00
2022,TX,TX-31,2022-10-29,10,90508,,7962,82545,,,,,apportioned,1,tx-sos,2026-09-06T15:38:30+00:00
2022,TX,TX-31,2022-10-30,9,94778,,7963,86815,,,,,apportioned,1,tx-sos,2026-09-06T15:38:30+00:00
2022,TX,TX-31,2022-10-31,8,107724,,8557,99167,,,,,apportioned,1,tx-sos,2026-09-06T15:38:30+00:00
2022,TX,TX-31,2022-11-01,7,120299,,8631,111668,,,,,apportioned,1,tx-sos,2026-09-06T15:38:30+00:00
2022,TX,TX-31,2022-11-02,6,133637,,9058,124578,,,,,apportioned,1,tx-sos,2026-09-06T15:38:30+00:00
2022,TX,TX-31,2022-11-03,5,149052,,9372,139679,,,,,apportioned,1,tx-sos,2026-09-06T15:38:30+00:00
2022,TX,TX-31,2022-11-04,4,171008,,9730,161280,,,,,apportioned,1,tx-sos,2026-09-06T15:38:30+00:00
2022,TX,TX-32,2022-10-02,37,15,,14,1,,,,,apportioned,1,tx-sos,2026-09-06T15:38:30+00:00
2022,TX,TX-32,2022-10-03,36,40,,38,2,,,,,apportioned,1,tx-sos,2026-09-06T15:38:30+00:00
2022,TX,TX-32,2022-10-04,35,109,,107,2,,,,,apportioned,1,tx-sos,2026-09-06T15:38:30+00:00
2022,TX,TX-32,2022-10-05,34,167,,165,2,,,,,apportioned,1,tx-sos,2026-09-06T15:38:30+00:00
2022,TX,TX-32,2022-10-06,33,223,,221,2,,,,,apportioned,1,tx-sos,2026-09-06T15:38:30+00:00
2022,TX,TX-32,2022-10-07,32,249,,247,2,,,,,apportioned,1,tx-sos,2026-09-06T15:38:30+00:00
2022,TX,TX-32,2022-10-08,31,250,,248,2,,,,,apportioned,1,tx-sos,2026-09-06T15:38:30+00:00
2022,TX,TX-32,2022-10-09,30,250,,248,2,,,,,apportioned,1,tx-sos,2026-09-06T15:38:30+00:00
2022,TX,TX-32,2022-10-10,29,399,,278,121,,,,,apportioned,1,tx-sos,2026-09-06T15:38:30+00:00
2022,TX,TX-32,2022-10-11,28,574,,453,121,,,,,apportioned,1,tx-sos,2026-09-06T15:38:30+00:00
2022,TX,TX-32,2022-10-12,27,636,,515,121,,,,,apportioned,1,tx-sos,2026-09-06T15:38:30+00:00
2022,TX,TX-32,2022-10-13,26,742,,621,121,,,,,apportioned,1,tx-sos,2026-09-06T15:38:30+00:00
2022,TX,TX-32,2022-10-14,25,1066,,945,121,,,,,apportioned,1,tx-sos,2026-09-06T15:38:30+00:00
2022,TX,TX-32,2022-10-15,24,1066,,945,121,,,,,apportioned,1,tx-sos,2026-09-06T15:38:30+00:00
2022,TX,TX-32,2022-10-16,23,1067,,946,121,,,,,apportioned,1,tx-sos,2026-09-06T15:38:30+00:00
2022,TX,TX-32,2022-10-17,22,1398,,1277,121,,,,,apportioned,1,tx-sos,2026-09-06T15:38:30+00:00
2022,TX,TX-32,2022-10-18,21,1475,,1354,121,,,,,apportioned,1,tx-sos,2026-09-06T15:38:30+00:00
2022,TX,TX-32,2022-10-19,20,1623,,1502,121,,,,,apportioned,1,tx-sos,2026-09-06T15:38:30+00:00
2022,TX,TX-32,2022-10-20,19,1742,,1621,121,,,,,apportioned,1,tx-sos,2026-09-06T15:38:30+00:00
2022,TX,TX-32,2022-10-21,18,1923,,1802,121,,,,,apportioned,1,tx-sos,2026-09-06T15:38:30+00:00
2022,TX,TX-32,2022-10-22,17,3461,,3340,121,,,,,apportioned,1,tx-sos,2026-09-06T15:38:30+00:00
2022,TX,TX-32,2022-10-23,16,3461,,3340,121,,,,,apportioned,1,tx-sos,2026-09-06T15:38:30+00:00
2022,TX,TX-32,2022-10-24,15,16648,,3837,12811,,,,,apportioned,1,tx-sos,2026-09-06T15:38:30+00:00
2022,TX,TX-32,2022-10-25,14,31286,,3900,27386,,,,,apportioned,1,tx-sos,2026-09-06T15:38:30+00:00
2022,TX,TX-32,2022-10-26,13,45430,,4220,41210,,,,,apportioned,1,tx-sos,2026-09-06T15:38:30+00:00
2022,TX,TX-32,2022-10-27,12,58411,,4672,53739,,,,,apportioned,1,tx-sos,2026-09-06T15:38:30+00:00
2022,TX,TX-32,2022-10-28,11,69421,,5025,64397,,,,,apportioned,1,tx-sos,2026-09-06T15:38:30+00:00
2022,TX,TX-32,2022-10-29,10,78632,,5312,73321,,,,,apportioned,1,tx-sos,2026-09-06T15:38:30+00:00
2022,TX,TX-32,2022-10-30,9,82161,,5324,76838,,,,,apportioned,1,tx-sos,2026-09-06T15:38:30+00:00
2022,TX,TX-32,2022-10-31,8,94169,,5684,88485,,,,,apportioned,1,tx-sos,2026-09-06T15:38:30+00:00
2022,TX,TX-32,2022-11-01,7,106047,,5844,100204,,,,,apportioned,1,tx-sos,2026-09-06T15:38:30+00:00
2022,TX,TX-32,2022-11-02,6,118310,,6107,112203,,,,,apportioned,1,tx-sos,2026-09-06T15:38:30+00:00
2022,TX,TX-32,2022-11-03,5,133236,,6367,126868,,,,,apportioned,1,tx-sos,2026-09-06T15:38:30+00:00
2022,TX,TX-32,2022-11-04,4,152336,,6660,145677,,,,,apportioned,1,tx-sos,2026-09-06T15:38:30+00:00
2022,TX,TX-33,2022-10-02,37,0,,0,0,,,,,apportioned,1,tx-sos,2026-09-06T15:38:30+00:00
2022,TX,TX-33,2022-10-03,36,0,,0,0,,,,,apportioned,1,tx-sos,2026-09-06T15:38:30+00:00
2022,TX,TX-33,2022-10-04,35,0,,0,0,,,,,apportioned,1,tx-sos,2026-09-06T15:38:30+00:00
2022,TX,TX-33,2022-10-05,34,0,,0,0,,,,,apportioned,1,tx-sos,2026-09-06T15:38:30+00:00
2022,TX,TX-33,2022-10-06,33,0,,0,0,,,,,apportioned,1,tx-sos,2026-09-06T15:38:30+00:00
2022,TX,TX-33,2022-10-07,32,0,,0,0,,,,,apportioned,1,tx-sos,2026-09-06T15:38:30+00:00
2022,TX,TX-33,2022-10-08,31,0,,0,0,,,,,apportioned,1,tx-sos,2026-09-06T15:38:30+00:00
2022,TX,TX-33,2022-10-09,30,0,,0,0,,,,,apportioned,1,tx-sos,2026-09-06T15:38:30+00:00
2022,TX,TX-33,2022-10-10,29,0,,0,0,,,,,apportioned,1,tx-sos,2026-09-06T15:38:30+00:00
2022,TX,TX-33,2022-10-11,28,35,,35,0,,,,,apportioned,1,tx-sos,2026-09-06T15:38:30+00:00
2022,TX,TX-33,2022-10-12,27,35,,35,0,,,,,apportioned,1,tx-sos,2026-09-06T15:38:30+00:00
2022,TX,TX-33,2022-10-13,26,35,,35,0,,,,,apportioned,1,tx-sos,2026-09-06T15:38:30+00:00
2022,TX,TX-33,2022-10-14,25,35,,35,0,,,,,apportioned,1,tx-sos,2026-09-06T15:38:30+00:00
2022,TX,TX-33,2022-10-15,24,35,,35,0,,,,,apportioned,1,tx-sos,2026-09-06T15:38:30+00:00
2022,TX,TX-33,2022-10-16,23,35,,35,0,,,,,apportioned,1,tx-sos,2026-09-06T15:38:30+00:00
2022,TX,TX-33,2022-10-17,22,49,,49,0,,,,,apportioned,1,tx-sos,2026-09-06T15:38:30+00:00
2022,TX,TX-33,2022-10-18,21,57,,57,0,,,,,apportioned,1,tx-sos,2026-09-06T15:38:30+00:00
2022,TX,TX-33,2022-10-19,20,59,,59,0,,,,,apportioned,1,tx-sos,2026-09-06T15:38:30+00:00
2022,TX,TX-33,2022-10-20,19,67,,67,0,,,,,apportioned,1,tx-sos,2026-09-06T15:38:30+00:00
2022,TX,TX-33,2022-10-21,18,67,,67,0,,,,,apportioned,1,tx-sos,2026-09-06T15:38:30+00:00
2022,TX,TX-33,2022-10-22,17,1920,,1920,0,,,,,apportioned,1,tx-sos,2026-09-06T15:38:30+00:00
2022,TX,TX-33,2022-10-23,16,1920,,1920,0,,,,,apportioned,1,tx-sos,2026-09-06T15:38:30+00:00
2022,TX,TX-33,2022-10-24,15,10152,,2176,7975,,,,,apportioned,1,tx-sos,2026-09-06T15:38:30+00:00
2022,TX,TX-33,2022-10-25,14,19290,,2201,17089,,,,,apportioned,1,tx-sos,2026-09-06T15:38:30+00:00
2022,TX,TX-33,2022-10-26,13,27981,,2471,25510,,,,,apportioned,1,tx-sos,2026-09-06T15:38:30+00:00
2022,TX,TX-33,2022-10-27,12,36276,,2804,33472,,,,,apportioned,1,tx-sos,2026-09-06T15:38:30+00:00
2022,TX,TX-33,2022-10-28,11,42845,,3054,39791,,,,,apportioned,1,tx-sos,2026-09-06T15:38:30+00:00
2022,TX,TX-33,2022-10-29,10,48901,,3164,45736,,,,,apportioned,1,tx-sos,2026-09-06T15:38:30+00:00
2022,TX,TX-33,2022-10-30,9,51713,,3164,48549,,,,,apportioned,1,tx-sos,2026-09-06T15:38:30+00:00
2022,TX,TX-33,2022-10-31,8,59552,,3408,56144,,,,,apportioned,1,tx-sos,2026-09-06T15:38:30+00:00
2022,TX,TX-33,2022-11-01,7,67203,,3533,63670,,,,,apportioned,1,tx-sos,2026-09-06T15:38:30+00:00
2022,TX,TX-33,2022-11-02,6,75528,,3709,71819,,,,,apportioned,1,tx-sos,2026-09-06T15:38:30+00:00
2022,TX,TX-33,2022-11-03,5,86260,,3896,82365,,,,,apportioned,1,tx-sos,2026-09-06T15:38:30+00:00
2022,TX,TX-33,2022-11-04,4,100080,,4098,95982,,,,,apportioned,1,tx-sos,2026-09-06T15:38:30+00:00
2022,TX,TX-34,2022-10-02,37,4,,4,0,,,,,apportioned,1,tx-sos,2026-09-06T15:38:30+00:00
2022,TX,TX-34,2022-10-03,36,63,,63,0,,,,,apportioned,1,tx-sos,2026-09-06T15:38:30+00:00
2022,TX,TX-34,2022-10-04,35,67,,67,0,,,,,apportioned,1,tx-sos,2026-09-06T15:38:30+00:00
2022,TX,TX-34,2022-10-05,34,81,,81,0,,,,,apportioned,1,tx-sos,2026-09-06T15:38:30+00:00
2022,TX,TX-34,2022-10-06,33,100,,100,0,,,,,apportioned,1,tx-sos,2026-09-06T15:38:30+00:00
2022,TX,TX-34,2022-10-07,32,130,,130,0,,,,,apportioned,1,tx-sos,2026-09-06T15:38:30+00:00
2022,TX,TX-34,2022-10-08,31,130,,130,0,,,,,apportioned,1,tx-sos,2026-09-06T15:38:30+00:00
2022,TX,TX-34,2022-10-09,30,130,,130,0,,,,,apportioned,1,tx-sos,2026-09-06T15:38:30+00:00
2022,TX,TX-34,2022-10-10,29,131,,131,0,,,,,apportioned,1,tx-sos,2026-09-06T15:38:30+00:00
2022,TX,TX-34,2022-10-11,28,158,,158,0,,,,,apportioned,1,tx-sos,2026-09-06T15:38:30+00:00
2022,TX,TX-34,2022-10-12,27,177,,177,0,,,,,apportioned,1,tx-sos,2026-09-06T15:38:30+00:00
2022,TX,TX-34,2022-10-13,26,889,,889,0,,,,,apportioned,1,tx-sos,2026-09-06T15:38:30+00:00
2022,TX,TX-34,2022-10-14,25,1272,,1272,0,,,,,apportioned,1,tx-sos,2026-09-06T15:38:30+00:00
2022,TX,TX-34,2022-10-15,24,1272,,1272,0,,,,,apportioned,1,tx-sos,2026-09-06T15:38:30+00:00
2022,TX,TX-34,2022-10-16,23,1272,,1272,0,,,,,apportioned,1,tx-sos,2026-09-06T15:38:30+00:00
2022,TX,TX-34,2022-10-17,22,2588,,2588,0,,,,,apportioned,1,tx-sos,2026-09-06T15:38:30+00:00
2022,TX,TX-34,2022-10-18,21,3081,,3081,0,,,,,apportioned,1,tx-sos,2026-09-06T15:38:30+00:00
2022,TX,TX-34,2022-10-19,20,3876,,3876,0,,,,,apportioned,1,tx-sos,2026-09-06T15:38:30+00:00
2022,TX,TX-34,2022-10-20,19,4329,,4329,0,,,,,apportioned,1,tx-sos,2026-09-06T15:38:30+00:00
2022,TX,TX-34,2022-10-21,18,4663,,4663,0,,,,,apportioned,1,tx-sos,2026-09-06T15:38:30+00:00
2022,TX,TX-34,2022-10-22,17,4663,,4663,0,,,,,apportioned,1,tx-sos,2026-09-06T15:38:30+00:00
2022,TX,TX-34,2022-10-23,16,4663,,4663,0,,,,,apportioned,1,tx-sos,2026-09-06T15:38:30+00:00
2022,TX,TX-34,2022-10-24,15,19066,,5282,13785,,,,,apportioned,1,tx-sos,2026-09-06T15:38:30+00:00
2022,TX,TX-34,2022-10-25,14,31318,,5983,25335,,,,,apportioned,1,tx-sos,2026-09-06T15:38:30+00:00
2022,TX,TX-34,2022-10-26,13,41638,,6505,35133,,,,,apportioned,1,tx-sos,2026-09-06T15:38:30+00:00
2022,TX,TX-34,2022-10-27,12,50522,,6981,43541,,,,,apportioned,1,tx-sos,2026-09-06T15:38:30+00:00
2022,TX,TX-34,2022-10-28,11,60535,,7440,53095,,,,,apportioned,1,tx-sos,2026-09-06T15:38:30+00:00
2022,TX,TX-34,2022-10-29,10,67029,,7568,59461,,,,,apportioned,1,tx-sos,2026-09-06T15:38:30+00:00
2022,TX,TX-34,2022-10-30,9,68364,,7568,60796,,,,,apportioned,1,tx-sos,2026-09-06T15:38:30+00:00
2022,TX,TX-34,2022-10-31,8,75744,,7983,67762,,,,,apportioned,1,tx-sos,2026-09-06T15:38:30+00:00
2022,TX,TX-34,2022-11-01,7,82340,,8381,73959,,,,,apportioned,1,tx-sos,2026-09-06T15:38:30+00:00
2022,TX,TX-34,2022-11-02,6,90702,,8671,82031,,,,,apportioned,1,tx-sos,2026-09-06T15:38:30+00:00
2022,TX,TX-34,2022-11-03,5,100313,,8966,91348,,,,,apportioned,1,tx-sos,2026-09-06T15:38:30+00:00
2022,TX,TX-34,2022-11-04,4,116679,,9258,107421,,,,,apportioned,1,tx-sos,2026-09-06T15:38:30+00:00
2022,TX,TX-35,2022-10-02,37,203,,203,0,,,,,apportioned,1,tx-sos,2026-09-06T15:38:30+00:00
2022,TX,TX-35,2022-10-03,36,349,,349,0,,,,,apportioned,1,tx-sos,2026-09-06T15:38:30+00:00
2022,TX,TX-35,2022-10-04,35,389,,388,0,,,,,apportioned,1,tx-sos,2026-09-06T15:38:30+00:00
2022,TX,TX-35,2022-10-05,34,516,,516,0,,,,,apportioned,1,tx-sos,2026-09-06T15:38:30+00:00
2022,TX,TX-35,2022-10-06,33,644,,644,0,,,,,apportioned,1,tx-sos,2026-09-06T15:38:30+00:00
2022,TX,TX-35,2022-10-07,32,700,,699,0,,,,,apportioned,1,tx-sos,2026-09-06T15:38:30+00:00
2022,TX,TX-35,2022-10-08,31,701,,701,0,,,,,apportioned,1,tx-sos,2026-09-06T15:38:30+00:00
2022,TX,TX-35,2022-10-09,30,701,,701,0,,,,,apportioned,1,tx-sos,2026-09-06T15:38:30+00:00
2022,TX,TX-35,2022-10-10,29,723,,723,0,,,,,apportioned,1,tx-sos,2026-09-06T15:38:30+00:00
2022,TX,TX-35,2022-10-11,28,1266,,1266,0,,,,,apportioned,1,tx-sos,2026-09-06T15:38:30+00:00
2022,TX,TX-35,2022-10-12,27,1521,,1521,0,,,,,apportioned,1,tx-sos,2026-09-06T15:38:30+00:00
2022,TX,TX-35,2022-10-13,26,2127,,2127,0,,,,,apportioned,1,tx-sos,2026-09-06T15:38:30+00:00
2022,TX,TX-35,2022-10-14,25,2546,,2545,0,,,,,apportioned,1,tx-sos,2026-09-06T15:38:30+00:00
2022,TX,TX-35,2022-10-15,24,2838,,2838,0,,,,,apportioned,1,tx-sos,2026-09-06T15:38:30+00:00
2022,TX,TX-35,2022-10-16,23,2845,,2844,0,,,,,apportioned,1,tx-sos,2026-09-06T15:38:30+00:00
2022,TX,TX-35,2022-10-17,22,3301,,3301,0,,,,,apportioned,1,tx-sos,2026-09-06T15:38:30+00:00
2022,TX,TX-35,2022-10-18,21,3759,,3759,0,,,,,apportioned,1,tx-sos,2026-09-06T15:38:30+00:00
2022,TX,TX-35,2022-10-19,20,4236,,4236,0,,,,,apportioned,1,tx-sos,2026-09-06T15:38:30+00:00
2022,TX,TX-35,2022-10-20,19,4759,,4759,0,,,,,apportioned,1,tx-sos,2026-09-06T15:38:30+00:00
2022,TX,TX-35,2022-10-21,18,5207,,5206,0,,,,,apportioned,1,tx-sos,2026-09-06T15:38:30+00:00
2022,TX,TX-35,2022-10-22,17,5537,,5537,0,,,,,apportioned,1,tx-sos,2026-09-06T15:38:30+00:00
2022,TX,TX-35,2022-10-23,16,5537,,5537,0,,,,,apportioned,1,tx-sos,2026-09-06T15:38:30+00:00
2022,TX,TX-35,2022-10-24,15,17969,,6024,11945,,,,,apportioned,1,tx-sos,2026-09-06T15:38:30+00:00
2022,TX,TX-35,2022-10-25,14,30006,,6429,23577,,,,,apportioned,1,tx-sos,2026-09-06T15:38:30+00:00
2022,TX,TX-35,2022-10-26,13,41978,,6930,35048,,,,,apportioned,1,tx-sos,2026-09-06T15:38:30+00:00
2022,TX,TX-35,2022-10-27,12,55278,,7420,47860,,,,,apportioned,1,tx-sos,2026-09-06T15:38:30+00:00
2022,TX,TX-35,2022-10-28,11,68186,,7654,60532,,,,,apportioned,1,tx-sos,2026-09-06T15:38:30+00:00
2022,TX,TX-35,2022-10-29,10,78121,,8195,69925,,,,,apportioned,1,tx-sos,2026-09-06T15:38:30+00:00
2022,TX,TX-35,2022-10-30,9,82293,,8353,73940,,,,,apportioned,1,tx-sos,2026-09-06T15:38:30+00:00
2022,TX,TX-35,2022-10-31,8,92593,,8868,83725,,,,,apportioned,1,tx-sos,2026-09-06T15:38:30+00:00
2022,TX,TX-35,2022-11-01,7,103208,,9228,93981,,,,,apportioned,1,tx-sos,2026-09-06T15:38:30+00:00
2022,TX,TX-35,2022-11-02,6,114519,,9609,104911,,,,,apportioned,1,tx-sos,2026-09-06T15:38:30+00:00
2022,TX,TX-35,2022-11-03,5,127862,,10052,117811,,,,,apportioned,1,tx-sos,2026-09-06T15:38:30+00:00
2022,TX,TX-35,2022-11-04,4,146438,,10486,135952,,,,,apportioned,1,tx-sos,2026-09-06T15:38:30+00:00
2022,TX,TX-36,2022-10-02,37,2,,2,0,,,,,apportioned,1,tx-sos,2026-09-06T15:38:30+00:00
2022,TX,TX-36,2022-10-03,36,67,,67,0,,,,,apportioned,1,tx-sos,2026-09-06T15:38:30+00:00
2022,TX,TX-36,2022-10-04,35,70,,70,0,,,,,apportioned,1,tx-sos,2026-09-06T15:38:30+00:00
2022,TX,TX-36,2022-10-05,34,130,,130,0,,,,,apportioned,1,tx-sos,2026-09-06T15:38:30+00:00
2022,TX,TX-36,2022-10-06,33,168,,168,0,,,,,apportioned,1,tx-sos,2026-09-06T15:38:30+00:00
2022,TX,TX-36,2022-10-07,32,222,,222,0,,,,,apportioned,1,tx-sos,2026-09-06T15:38:30+00:00
2022,TX,TX-36,2022-10-08,31,295,,295,0,,,,,apportioned,1,tx-sos,2026-09-06T15:38:30+00:00
2022,TX,TX-36,2022-10-09,30,295,,295,0,,,,,apportioned,1,tx-sos,2026-09-06T15:38:30+00:00
2022,TX,TX-36,2022-10-10,29,331,,331,0,,,,,apportioned,1,tx-sos,2026-09-06T15:38:30+00:00
2022,TX,TX-36,2022-10-11,28,502,,502,0,,,,,apportioned,1,tx-sos,2026-09-06T15:38:30+00:00
2022,TX,TX-36,2022-10-12,27,653,,653,0,,,,,apportioned,1,tx-sos,2026-09-06T15:38:30+00:00
2022,TX,TX-36,2022-10-13,26,982,,982,0,,,,,apportioned,1,tx-sos,2026-09-06T15:38:30+00:00
2022,TX,TX-36,2022-10-14,25,1413,,1413,0,,,,,apportioned,1,tx-sos,2026-09-06T15:38:30+00:00
2022,TX,TX-36,2022-10-15,24,1438,,1438,0,,,,,apportioned,1,tx-sos,2026-09-06T15:38:30+00:00
2022,TX,TX-36,2022-10-16,23,1438,,1438,0,,,,,apportioned,1,tx-sos,2026-09-06T15:38:30+00:00
2022,TX,TX-36,2022-10-17,22,1833,,1833,0,,,,,apportioned,1,tx-sos,2026-09-06T15:38:30+00:00
2022,TX,TX-36,2022-10-18,21,2108,,2108,0,,,,,apportioned,1,tx-sos,2026-09-06T15:38:30+00:00
2022,TX,TX-36,2022-10-19,20,2441,,2441,0,,,,,apportioned,1,tx-sos,2026-09-06T15:38:30+00:00
2022,TX,TX-36,2022-10-20,19,2898,,2898,0,,,,,apportioned,1,tx-sos,2026-09-06T15:38:30+00:00
2022,TX,TX-36,2022-10-21,18,3361,,3361,0,,,,,apportioned,1,tx-sos,2026-09-06T15:38:30+00:00
2022,TX,TX-36,2022-10-22,17,3986,,3986,0,,,,,apportioned,1,tx-sos,2026-09-06T15:38:30+00:00
2022,TX,TX-36,2022-10-23,16,3986,,3986,0,,,,,apportioned,1,tx-sos,2026-09-06T15:38:30+00:00
2022,TX,TX-36,2022-10-24,15,17217,,4235,12982,,,,,apportioned,1,tx-sos,2026-09-06T15:38:30+00:00
2022,TX,TX-36,2022-10-25,14,30330,,4605,25724,,,,,apportioned,1,tx-sos,2026-09-06T15:38:30+00:00
2022,TX,TX-36,2022-10-26,13,42290,,5067,37222,,,,,apportioned,1,tx-sos,2026-09-06T15:38:30+00:00
2022,TX,TX-36,2022-10-27,12,54813,,5589,49225,,,,,apportioned,1,tx-sos,2026-09-06T15:38:30+00:00
2022,TX,TX-36,2022-10-28,11,68181,,6276,61905,,,,,apportioned,1,tx-sos,2026-09-06T15:38:30+00:00
2022,TX,TX-36,2022-10-29,10,75967,,6621,69346,,,,,apportioned,1,tx-sos,2026-09-06T15:38:30+00:00
2022,TX,TX-36,2022-10-30,9,79843,,6819,73023,,,,,apportioned,1,tx-sos,2026-09-06T15:38:30+00:00
2022,TX,TX-36,2022-10-31,8,90590,,7086,83504,,,,,apportioned,1,tx-sos,2026-09-06T15:38:30+00:00
2022,TX,TX-36,2022-11-01,7,101280,,7333,93946,,,,,apportioned,1,tx-sos,2026-09-06T15:38:30+00:00
2022,TX,TX-36,2022-11-02,6,113751,,7872,105877,,,,,apportioned,1,tx-sos,2026-09-06T15:38:30+00:00
2022,TX,TX-36,2022-11-03,5,126599,,8158,118441,,,,,apportioned,1,tx-sos,2026-09-06T15:38:30+00:00
2022,TX,TX-36,2022-11-04,4,145587,,8493,137094,,,,,apportioned,1,tx-sos,2026-09-06T15:38:30+00:00
2022,TX,TX-37,2022-10-02,37,0,,0,0,,,,,apportioned,1,tx-sos,2026-09-06T15:38:30+00:00
2022,TX,TX-37,2022-10-03,36,0,,0,0,,,,,apportioned,1,tx-sos,2026-09-06T15:38:30+00:00
2022,TX,TX-37,2022-10-04,35,0,,0,0,,,,,apportioned,1,tx-sos,2026-09-06T15:38:30+00:00
2022,TX,TX-37,2022-10-05,34,0,,0,0,,,,,apportioned,1,tx-sos,2026-09-06T15:38:30+00:00
2022,TX,TX-37,2022-10-06,33,0,,0,0,,,,,apportioned,1,tx-sos,2026-09-06T15:38:30+00:00
2022,TX,TX-37,2022-10-07,32,0,,0,0,,,,,apportioned,1,tx-sos,2026-09-06T15:38:30+00:00
2022,TX,TX-37,2022-10-08,31,0,,0,0,,,,,apportioned,1,tx-sos,2026-09-06T15:38:30+00:00
2022,TX,TX-37,2022-10-09,30,0,,0,0,,,,,apportioned,1,tx-sos,2026-09-06T15:38:30+00:00
2022,TX,TX-37,2022-10-10,29,0,,0,0,,,,,apportioned,1,tx-sos,2026-09-06T15:38:30+00:00
2022,TX,TX-37,2022-10-11,28,225,,225,0,,,,,apportioned,1,tx-sos,2026-09-06T15:38:30+00:00
2022,TX,TX-37,2022-10-12,27,234,,234,0,,,,,apportioned,1,tx-sos,2026-09-06T15:38:30+00:00
2022,TX,TX-37,2022-10-13,26,774,,774,0,,,,,apportioned,1,tx-sos,2026-09-06T15:38:30+00:00
2022,TX,TX-37,2022-10-14,25,1887,,1887,0,,,,,apportioned,1,tx-sos,2026-09-06T15:38:30+00:00
2022,TX,TX-37,2022-10-15,24,1887,,1887,0,,,,,apportioned,1,tx-sos,2026-09-06T15:38:30+00:00
2022,TX,TX-37,2022-10-16,23,1887,,1887,0,,,,,apportioned,1,tx-sos,2026-09-06T15:38:30+00:00
2022,TX,TX-37,2022-10-17,22,2584,,2584,0,,,,,apportioned,1,tx-sos,2026-09-06T15:38:30+00:00
2022,TX,TX-37,2022-10-18,21,2964,,2964,0,,,,,apportioned,1,tx-sos,2026-09-06T15:38:30+00:00
2022,TX,TX-37,2022-10-19,20,2980,,2980,0,,,,,apportioned,1,tx-sos,2026-09-06T15:38:30+00:00
2022,TX,TX-37,2022-10-20,19,4059,,4059,0,,,,,apportioned,1,tx-sos,2026-09-06T15:38:30+00:00
2022,TX,TX-37,2022-10-21,18,4463,,4463,0,,,,,apportioned,1,tx-sos,2026-09-06T15:38:30+00:00
2022,TX,TX-37,2022-10-22,17,4613,,4613,0,,,,,apportioned,1,tx-sos,2026-09-06T15:38:30+00:00
2022,TX,TX-37,2022-10-23,16,4613,,4613,0,,,,,apportioned,1,tx-sos,2026-09-06T15:38:30+00:00
2022,TX,TX-37,2022-10-24,15,19749,,5490,14258,,,,,apportioned,1,tx-sos,2026-09-06T15:38:30+00:00
2022,TX,TX-37,2022-10-25,14,33773,,5626,28146,,,,,apportioned,1,tx-sos,2026-09-06T15:38:30+00:00
2022,TX,TX-37,2022-10-26,13,48404,,6385,42018,,,,,apportioned,1,tx-sos,2026-09-06T15:38:30+00:00
2022,TX,TX-37,2022-10-27,12,62269,,6843,55425,,,,,apportioned,1,tx-sos,2026-09-06T15:38:30+00:00
2022,TX,TX-37,2022-10-28,11,77582,,7532,70049,,,,,apportioned,1,tx-sos,2026-09-06T15:38:30+00:00
2022,TX,TX-37,2022-10-29,10,87741,,8084,79657,,,,,apportioned,1,tx-sos,2026-09-06T15:38:30+00:00
2022,TX,TX-37,2022-10-30,9,93397,,8084,85313,,,,,apportioned,1,tx-sos,2026-09-06T15:38:30+00:00
2022,TX,TX-37,2022-10-31,8,106596,,8766,97831,,,,,apportioned,1,tx-sos,2026-09-06T15:38:30+00:00
2022,TX,TX-37,2022-11-01,7,120060,,8891,111169,,,,,apportioned,1,tx-sos,2026-09-06T15:38:30+00:00
2022,TX,TX-37,2022-11-02,6,136406,,9429,126977,,,,,apportioned,1,tx-sos,2026-09-06T15:38:30+00:00
2022,TX,TX-37,2022-11-03,5,156146,,9908,146238,,,,,apportioned,1,tx-sos,2026-09-06T15:38:30+00:00
2022,TX,TX-37,2022-11-04,4,185447,,10677,174770,,,,,apportioned,1,tx-sos,2026-09-06T15:38:30+00:00
2022,TX,TX-38,2022-10-02,37,2,,2,0,,,,,apportioned,1,tx-sos,2026-09-06T15:38:30+00:00
2022,TX,TX-38,2022-10-03,36,5,,5,0,,,,,apportioned,1,tx-sos,2026-09-06T15:38:30+00:00
2022,TX,TX-38,2022-10-04,35,7,,7,0,,,,,apportioned,1,tx-sos,2026-09-06T15:38:30+00:00
2022,TX,TX-38,2022-10-05,34,11,,11,0,,,,,apportioned,1,tx-sos,2026-09-06T15:38:30+00:00
2022,TX,TX-38,2022-10-06,33,16,,16,0,,,,,apportioned,1,tx-sos,2026-09-06T15:38:30+00:00
2022,TX,TX-38,2022-10-07,32,20,,20,0,,,,,apportioned,1,tx-sos,2026-09-06T15:38:30+00:00
2022,TX,TX-38,2022-10-08,31,20,,20,0,,,,,apportioned,1,tx-sos,2026-09-06T15:38:30+00:00
2022,TX,TX-38,2022-10-09,30,20,,20,0,,,,,apportioned,1,tx-sos,2026-09-06T15:38:30+00:00
2022,TX,TX-38,2022-10-10,29,21,,21,0,,,,,apportioned,1,tx-sos,2026-09-06T15:38:30+00:00
2022,TX,TX-38,2022-10-11,28,38,,38,0,,,,,apportioned,1,tx-sos,2026-09-06T15:38:30+00:00
2022,TX,TX-38,2022-10-12,27,46,,46,0,,,,,apportioned,1,tx-sos,2026-09-06T15:38:30+00:00
2022,TX,TX-38,2022-10-13,26,54,,54,0,,,,,apportioned,1,tx-sos,2026-09-06T15:38:30+00:00
2022,TX,TX-38,2022-10-14,25,144,,144,0,,,,,apportioned,1,tx-sos,2026-09-06T15:38:30+00:00
2022,TX,TX-38,2022-10-15,24,144,,144,0,,,,,apportioned,1,tx-sos,2026-09-06T15:38:30+00:00
2022,TX,TX-38,2022-10-16,23,144,,144,0,,,,,apportioned,1,tx-sos,2026-09-06T15:38:30+00:00
2022,TX,TX-38,2022-10-17,22,145,,145,0,,,,,apportioned,1,tx-sos,2026-09-06T15:38:30+00:00
2022,TX,TX-38,2022-10-18,21,497,,497,0,,,,,apportioned,1,tx-sos,2026-09-06T15:38:30+00:00
2022,TX,TX-38,2022-10-19,20,1164,,1164,0,,,,,apportioned,1,tx-sos,2026-09-06T15:38:30+00:00
2022,TX,TX-38,2022-10-20,19,2097,,2097,0,,,,,apportioned,1,tx-sos,2026-09-06T15:38:30+00:00
2022,TX,TX-38,2022-10-21,18,2986,,2986,0,,,,,apportioned,1,tx-sos,2026-09-06T15:38:30+00:00
2022,TX,TX-38,2022-10-22,17,4808,,4808,0,,,,,apportioned,1,tx-sos,2026-09-06T15:38:30+00:00
2022,TX,TX-38,2022-10-23,16,4808,,4808,0,,,,,apportioned,1,tx-sos,2026-09-06T15:38:30+00:00
2022,TX,TX-38,2022-10-24,15,18636,,4812,13824,,,,,apportioned,1,tx-sos,2026-09-06T15:38:30+00:00
2022,TX,TX-38,2022-10-25,14,32952,,5595,27357,,,,,apportioned,1,tx-sos,2026-09-06T15:38:30+00:00
2022,TX,TX-38,2022-10-26,13,47007,,6740,40267,,,,,apportioned,1,tx-sos,2026-09-06T15:38:30+00:00
2022,TX,TX-38,2022-10-27,12,60204,,7421,52783,,,,,apportioned,1,tx-sos,2026-09-06T15:38:30+00:00
2022,TX,TX-38,2022-10-28,11,74068,,8760,65308,,,,,apportioned,1,tx-sos,2026-09-06T15:38:30+00:00
2022,TX,TX-38,2022-10-29,10,84266,,9461,74805,,,,,apportioned,1,tx-sos,2026-09-06T15:38:30+00:00
2022,TX,TX-38,2022-10-30,9,90599,,10087,80512,,,,,apportioned,1,tx-sos,2026-09-06T15:38:30+00:00
2022,TX,TX-38,2022-10-31,8,102701,,10087,92613,,,,,apportioned,1,tx-sos,2026-09-06T15:38:30+00:00
2022,TX,TX-38,2022-11-01,7,113854,,10574,103281,,,,,apportioned,1,tx-sos,2026-09-06T15:38:30+00:00
2022,TX,TX-38,2022-11-02,6,128381,,11729,116652,,,,,apportioned,1,tx-sos,2026-09-06T15:38:30+00:00
2022,TX,TX-38,2022-11-03,5,145983,,12287,133695,,,,,apportioned,1,tx-sos,2026-09-06T15:38:30+00:00
2022,TX,TX-38,2022-11-04,4,170375,,12774,157601,,,,,apportioned,1,tx-sos,2026-09-06T15:38:30+00:00
2024,TX,TX-01,2024-09-29,37,225,,225,0,,,,,apportioned,1,tx-sos,2026-09-06T15:29:01+00:00
2024,TX,TX-01,2024-09-30,36,346,,346,0,,,,,apportioned,1,tx-sos,2026-09-06T15:29:01+00:00
2024,TX,TX-01,2024-10-01,35,372,,372,0,,,,,apportioned,1,tx-sos,2026-09-06T15:29:01+00:00
2024,TX,TX-01,2024-10-02,34,527,,527,0,,,,,apportioned,1,tx-sos,2026-09-06T15:29:01+00:00
2024,TX,TX-01,2024-10-03,33,697,,697,0,,,,,apportioned,1,tx-sos,2026-09-06T15:29:01+00:00
2024,TX,TX-01,2024-10-04,32,806,,806,0,,,,,apportioned,1,tx-sos,2026-09-06T15:29:01+00:00
2024,TX,TX-01,2024-10-05,31,806,,806,0,,,,,apportioned,1,tx-sos,2026-09-06T15:29:01+00:00
2024,TX,TX-01,2024-10-06,30,806,,806,0,,,,,apportioned,1,tx-sos,2026-09-06T15:29:01+00:00
2024,TX,TX-01,2024-10-07,29,1185,,1185,0,,,,,apportioned,1,tx-sos,2026-09-06T15:29:01+00:00
2024,TX,TX-01,2024-10-08,28,1279,,1279,0,,,,,apportioned,1,tx-sos,2026-09-06T15:29:01+00:00
2024,TX,TX-01,2024-10-09,27,1504,,1504,0,,,,,apportioned,1,tx-sos,2026-09-06T15:29:01+00:00
2024,TX,TX-01,2024-10-10,26,1975,,1975,0,,,,,apportioned,1,tx-sos,2026-09-06T15:29:01+00:00
2024,TX,TX-01,2024-10-11,25,2514,,2514,0,,,,,apportioned,1,tx-sos,2026-09-06T15:29:01+00:00
2024,TX,TX-01,2024-10-12,24,2562,,2562,0,,,,,apportioned,1,tx-sos,2026-09-06T15:29:01+00:00
2024,TX,TX-01,2024-10-13,23,2563,,2563,0,,,,,apportioned,1,tx-sos,2026-09-06T15:29:01+00:00
2024,TX,TX-01,2024-10-14,22,2728,,2728,0,,,,,apportioned,1,tx-sos,2026-09-06T15:29:01+00:00
2024,TX,TX-01,2024-10-15,21,3184,,3184,0,,,,,apportioned,1,tx-sos,2026-09-06T15:29:01+00:00
2024,TX,TX-01,2024-10-16,20,3643,,3643,0,,,,,apportioned,1,tx-sos,2026-09-06T15:29:01+00:00
2024,TX,TX-01,2024-10-17,19,4085,,4085,0,,,,,apportioned,1,tx-sos,2026-09-06T15:29:01+00:00
2024,TX,TX-01,2024-10-18,18,4895,,4895,0,,,,,apportioned,1,tx-sos,2026-09-06T15:29:01+00:00
2024,TX,TX-01,2024-10-19,17,5142,,5142,0,,,,,apportioned,1,tx-sos,2026-09-06T15:29:01+00:00
2024,TX,TX-01,2024-10-20,16,5379,,5379,0,,,,,apportioned,1,tx-sos,2026-09-06T15:29:01+00:00
2024,TX,TX-01,2024-10-21,15,36811,,5661,31149,,,,,apportioned,1,tx-sos,2026-09-06T15:29:01+00:00
2024,TX,TX-01,2024-10-22,14,66185,,5825,60360,,,,,apportioned,1,tx-sos,2026-09-06T15:29:01+00:00
2024,TX,TX-01,2024-10-23,13,92978,,6182,86796,,,,,apportioned,1,tx-sos,2026-09-06T15:29:01+00:00
2024,TX,TX-01,2024-10-24,12,117774,,6768,111006,,,,,apportioned,1,tx-sos,2026-09-06T15:29:01+00:00
2024,TX,TX-01,2024-10-25,11,143718,,7237,136481,,,,,apportioned,1,tx-sos,2026-09-06T15:29:01+00:00
2024,TX,TX-01,2024-10-26,10,159830,,7598,152232,,,,,apportioned,1,tx-sos,2026-09-06T15:29:01+00:00
2024,TX,TX-01,2024-10-27,9,166786,,7755,159031,,,,,apportioned,1,tx-sos,2026-09-06T15:29:01+00:00
2024,TX,TX-01,2024-10-28,8,186645,,7988,178657,,,,,apportioned,1,tx-sos,2026-09-06T15:29:01+00:00
2024,TX,TX-01,2024-10-29,7,203641,,8259,195381,,,,,apportioned,1,tx-sos,2026-09-06T15:29:01+00:00
2024,TX,TX-01,2024-10-30,6,218369,,8523,209846,,,,,apportioned,1,tx-sos,2026-09-06T15:29:01+00:00
2024,TX,TX-01,2024-10-31,5,232194,,8886,223307,,,,,apportioned,1,tx-sos,2026-09-06T15:29:01+00:00
2024,TX,TX-01,2024-11-01,4,253717,,9066,244651,,,,,apportioned,1,tx-sos,2026-09-06T15:29:01+00:00
2024,TX,TX-02,2024-09-29,37,12,,12,0,,,,,apportioned,1,tx-sos,2026-09-06T15:29:01+00:00
2024,TX,TX-02,2024-09-30,36,135,,135,0,,,,,apportioned,1,tx-sos,2026-09-06T15:29:01+00:00
2024,TX,TX-02,2024-10-01,35,227,,227,0,,,,,apportioned,1,tx-sos,2026-09-06T15:29:01+00:00
2024,TX,TX-02,2024-10-02,34,518,,518,0,,,,,apportioned,1,tx-sos,2026-09-06T15:29:01+00:00
2024,TX,TX-02,2024-10-03,33,719,,719,0,,,,,apportioned,1,tx-sos,2026-09-06T15:29:01+00:00
2024,TX,TX-02,2024-10-04,32,1120,,1120,0,,,,,apportioned,1,tx-sos,2026-09-06T15:29:01+00:00
2024,TX,TX-02,2024-10-05,31,1120,,1120,0,,,,,apportioned,1,tx-sos,2026-09-06T15:29:01+00:00
2024,TX,TX-02,2024-10-06,30,1120,,1120,0,,,,,apportioned,1,tx-sos,2026-09-06T15:29:01+00:00
2024,TX,TX-02,2024-10-07,29,1838,,1838,0,,,,,apportioned,1,tx-sos,2026-09-06T15:29:01+00:00
2024,TX,TX-02,2024-10-08,28,2293,,2293,0,,,,,apportioned,1,tx-sos,2026-09-06T15:29:01+00:00
2024,TX,TX-02,2024-10-09,27,2634,,2634,0,,,,,apportioned,1,tx-sos,2026-09-06T15:29:01+00:00
2024,TX,TX-02,2024-10-10,26,3133,,3133,0,,,,,apportioned,1,tx-sos,2026-09-06T15:29:01+00:00
2024,TX,TX-02,2024-10-11,25,3496,,3496,0,,,,,apportioned,1,tx-sos,2026-09-06T15:29:01+00:00
2024,TX,TX-02,2024-10-12,24,3645,,3645,0,,,,,apportioned,1,tx-sos,2026-09-06T15:29:01+00:00
2024,TX,TX-02,2024-10-13,23,3645,,3645,0,,,,,apportioned,1,tx-sos,2026-09-06T15:29:01+00:00
2024,TX,TX-02,2024-10-14,22,3865,,3865,0,,,,,apportioned,1,tx-sos,2026-09-06T15:29:01+00:00
2024,TX,TX-02,2024-10-15,21,4242,,4242,0,,,,,apportioned,1,tx-sos,2026-09-06T15:29:01+00:00
2024,TX,TX-02,2024-10-16,20,4726,,4726,0,,,,,apportioned,1,tx-sos,2026-09-06T15:29:01+00:00
2024,TX,TX-02,2024-10-17,19,4962,,4962,0,,,,,apportioned,1,tx-sos,2026-09-06T15:29:01+00:00
2024,TX,TX-02,2024-10-18,18,5377,,5377,0,,,,,apportioned,1,tx-sos,2026-09-06T15:29:01+00:00
2024,TX,TX-02,2024-10-19,17,5431,,5431,0,,,,,apportioned,1,tx-sos,2026-09-06T15:29:01+00:00
2024,TX,TX-02,2024-10-20,16,5431,,5431,0,,,,,apportioned,1,tx-sos,2026-09-06T15:29:01+00:00
2024,TX,TX-02,2024-10-21,15,29048,,6004,23043,,,,,apportioned,1,tx-sos,2026-09-06T15:29:01+00:00
2024,TX,TX-02,2024-10-22,14,51589,,6470,45118,,,,,apportioned,1,tx-sos,2026-09-06T15:29:01+00:00
2024,TX,TX-02,2024-10-23,13,74495,,7181,67314,,,,,apportioned,1,tx-sos,2026-09-06T15:29:01+00:00
2024,TX,TX-02,2024-10-24,12,96735,,7630,89105,,,,,apportioned,1,tx-sos,2026-09-06T15:29:01+00:00
2024,TX,TX-02,2024-10-25,11,120679,,8237,112443,,,,,apportioned,1,tx-sos,2026-09-06T15:29:01+00:00
2024,TX,TX-02,2024-10-26,10,141592,,8717,132874,,,,,apportioned,1,tx-sos,2026-09-06T15:29:01+00:00
2024,TX,TX-02,2024-10-27,9,153414,,8880,144534,,,,,apportioned,1,tx-sos,2026-09-06T15:29:01+00:00
2024,TX,TX-02,2024-10-28,8,177370,,9175,168194,,,,,apportioned,1,tx-sos,2026-09-06T15:29:01+00:00
2024,TX,TX-02,2024-10-29,7,200671,,9648,191024,,,,,apportioned,1,tx-sos,2026-09-06T15:29:01+00:00
2024,TX,TX-02,2024-10-30,6,221941,,10214,211728,,,,,apportioned,1,tx-sos,2026-09-06T15:29:01+00:00
2024,TX,TX-02,2024-10-31,5,242004,,10670,231335,,,,,apportioned,1,tx-sos,2026-09-06T15:29:01+00:00
2024,TX,TX-02,2024-11-01,4,269527,,11133,258394,,,,,apportioned,1,tx-sos,2026-09-06T15:29:01+00:00
2024,TX,TX-03,2024-09-29,37,42,,42,0,,,,,apportioned,1,tx-sos,2026-09-06T15:29:01+00:00
2024,TX,TX-03,2024-09-30,36,62,,62,0,,,,,apportioned,1,tx-sos,2026-09-06T15:29:01+00:00
2024,TX,TX-03,2024-10-01,35,121,,121,0,,,,,apportioned,1,tx-sos,2026-09-06T15:29:01+00:00
2024,TX,TX-03,2024-10-02,34,173,,173,0,,,,,apportioned,1,tx-sos,2026-09-06T15:29:01+00:00
2024,TX,TX-03,2024-10-03,33,222,,222,0,,,,,apportioned,1,tx-sos,2026-09-06T15:29:01+00:00
2024,TX,TX-03,2024-10-04,32,268,,268,0,,,,,apportioned,1,tx-sos,2026-09-06T15:29:01+00:00
2024,TX,TX-03,2024-10-05,31,376,,376,0,,,,,apportioned,1,tx-sos,2026-09-06T15:29:01+00:00
2024,TX,TX-03,2024-10-06,30,376,,376,0,,,,,apportioned,1,tx-sos,2026-09-06T15:29:01+00:00
2024,TX,TX-03,2024-10-07,29,529,,529,0,,,,,apportioned,1,tx-sos,2026-09-06T15:29:01+00:00
2024,TX,TX-03,2024-10-08,28,578,,578,0,,,,,apportioned,1,tx-sos,2026-09-06T15:29:01+00:00
2024,TX,TX-03,2024-10-09,27,669,,669,0,,,,,apportioned,1,tx-sos,2026-09-06T15:29:01+00:00
2024,TX,TX-03,2024-10-10,26,767,,767,0,,,,,apportioned,1,tx-sos,2026-09-06T15:29:01+00:00
2024,TX,TX-03,2024-10-11,25,991,,991,0,,,,,apportioned,1,tx-sos,2026-09-06T15:29:01+00:00
2024,TX,TX-03,2024-10-12,24,1037,,1037,0,,,,,apportioned,1,tx-sos,2026-09-06T15:29:01+00:00
2024,TX,TX-03,2024-10-13,23,1110,,1110,0,,,,,apportioned,1,tx-sos,2026-09-06T15:29:01+00:00
2024,TX,TX-03,2024-10-14,22,1139,,1139,0,,,,,apportioned,1,tx-sos,2026-09-06T15:29:01+00:00
2024,TX,TX-03,2024-10-15,21,1746,,1746,0,,,,,apportioned,1,tx-sos,2026-09-06T15:29:01+00:00
2024,TX,TX-03,2024-10-16,20,1939,,1939,0,,,,,apportioned,1,tx-sos,2026-09-06T15:29:01+00:00
2024,TX,TX-03,2024-10-17,19,2385,,2385,0,,,,,apportioned,1,tx-sos,2026-09-06T15:29:01+00:00
2024,TX,TX-03,2024-10-18,18,2631,,2631,0,,,,,apportioned,1,tx-sos,2026-09-06T15:29:01+00:00
2024,TX,TX-03,2024-10-19,17,2987,,2987,0,,,,,apportioned,1,tx-sos,2026-09-06T15:29:01+00:00
2024,TX,TX-03,2024-10-20,16,2987,,2987,0,,,,,apportioned,1,tx-sos,2026-09-06T15:29:01+00:00
2024,TX,TX-03,2024-10-21,15,34227,,3716,30511,,,,,apportioned,1,tx-sos,2026-09-06T15:29:01+00:00
2024,TX,TX-03,2024-10-22,14,63565,,4135,59430,,,,,apportioned,1,tx-sos,2026-09-06T15:29:01+00:00
2024,TX,TX-03,2024-10-23,13,90844,,4820,86022,,,,,apportioned,1,tx-sos,2026-09-06T15:29:01+00:00
2024,TX,TX-03,2024-10-24,12,116470,,5282,111188,,,,,apportioned,1,tx-sos,2026-09-06T15:29:01+00:00
2024,TX,TX-03,2024-10-25,11,146269,,5846,140424,,,,,apportioned,1,tx-sos,2026-09-06T15:29:01+00:00
2024,TX,TX-03,2024-10-26,10,171961,,6128,165833,,,,,apportioned,1,tx-sos,2026-09-06T15:29:01+00:00
2024,TX,TX-03,2024-10-27,9,183403,,6128,177275,,,,,apportioned,1,tx-sos,2026-09-06T15:29:01+00:00
2024,TX,TX-03,2024-10-28,8,208322,,6571,201751,,,,,apportioned,1,tx-sos,2026-09-06T15:29:01+00:00
2024,TX,TX-03,2024-10-29,7,230168,,6957,223210,,,,,apportioned,1,tx-sos,2026-09-06T15:29:01+00:00
2024,TX,TX-03,2024-10-30,6,250544,,7474,243070,,,,,apportioned,1,tx-sos,2026-09-06T15:29:01+00:00
2024,TX,TX-03,2024-10-31,5,269667,,7810,261858,,,,,apportioned,1,tx-sos,2026-09-06T15:29:01+00:00
2024,TX,TX-03,2024-11-01,4,299930,,8235,291696,,,,,apportioned,1,tx-sos,2026-09-06T15:29:01+00:00
2024,TX,TX-04,2024-09-29,37,55,,55,0,,,,,apportioned,1,tx-sos,2026-09-06T15:29:01+00:00
2024,TX,TX-04,2024-09-30,36,125,,125,0,,,,,apportioned,1,tx-sos,2026-09-06T15:29:01+00:00
2024,TX,TX-04,2024-10-01,35,138,,138,0,,,,,apportioned,1,tx-sos,2026-09-06T15:29:01+00:00
2024,TX,TX-04,2024-10-02,34,189,,189,0,,,,,apportioned,1,tx-sos,2026-09-06T15:29:01+00:00
2024,TX,TX-04,2024-10-03,33,301,,301,0,,,,,apportioned,1,tx-sos,2026-09-06T15:29:01+00:00
2024,TX,TX-04,2024-10-04,32,345,,345,0,,,,,apportioned,1,tx-sos,2026-09-06T15:29:01+00:00
2024,TX,TX-04,2024-10-05,31,434,,434,0,,,,,apportioned,1,tx-sos,2026-09-06T15:29:01+00:00
2024,TX,TX-04,2024-10-06,30,434,,434,0,,,,,apportioned,1,tx-sos,2026-09-06T15:29:01+00:00
2024,TX,TX-04,2024-10-07,29,598,,598,0,,,,,apportioned,1,tx-sos,2026-09-06T15:29:01+00:00
2024,TX,TX-04,2024-10-08,28,671,,671,0,,,,,apportioned,1,tx-sos,2026-09-06T15:29:01+00:00
2024,TX,TX-04,2024-10-09,27,826,,826,0,,,,,apportioned,1,tx-sos,2026-09-06T15:29:01+00:00
2024,TX,TX-04,2024-10-10,26,987,,987,0,,,,,apportioned,1,tx-sos,2026-09-06T15:29:01+00:00
2024,TX,TX-04,2024-10-11,25,1352,,1352,0,,,,,apportioned,1,tx-sos,2026-09-06T15:29:01+00:00
2024,TX,TX-04,2024-10-12,24,1429,,1429,0,,,,,apportioned,1,tx-sos,2026-09-06T15:29:01+00:00
2024,TX,TX-04,2024-10-13,23,1478,,1478,0,,,,,apportioned,1,tx-sos,2026-09-06T15:29:01+00:00
2024,TX,TX-04,2024-10-14,22,1695,,1695,0,,,,,apportioned,1,tx-sos,2026-09-06T15:29:01+00:00
2024,TX,TX-04,2024-10-15,21,2213,,2213,0,,,,,apportioned,1,tx-sos,2026-09-06T15:29:01+00:00
2024,TX,TX-04,2024-10-16,20,2644,,2644,0,,,,,apportioned,1,tx-sos,2026-09-06T15:29:01+00:00
2024,TX,TX-04,2024-10-17,19,3206,,3206,0,,,,,apportioned,1,tx-sos,2026-09-06T15:29:01+00:00
2024,TX,TX-04,2024-10-18,18,3436,,3436,0,,,,,apportioned,1,tx-sos,2026-09-06T15:29:01+00:00
2024,TX,TX-04,2024-10-19,17,3758,,3758,0,,,,,apportioned,1,tx-sos,2026-09-06T15:29:01+00:00
2024,TX,TX-04,2024-10-20,16,3836,,3836,0,,,,,apportioned,1,tx-sos,2026-09-06T15:29:01+00:00
2024,TX,TX-04,2024-10-21,15,38470,,4591,33880,,,,,apportioned,1,tx-sos,2026-09-06T15:29:01+00:00
2024,TX,TX-04,2024-10-22,14,70610,,5355,65255,,,,,apportioned,1,tx-sos,2026-09-06T15:29:01+00:00
2024,TX,TX-04,2024-10-23,13,100015,,5897,94118,,,,,apportioned,1,tx-sos,2026-09-06T15:29:01+00:00
2024,TX,TX-04,2024-10-24,12,126797,,6250,120548,,,,,apportioned,1,tx-sos,2026-09-06T15:29:01+00:00
2024,TX,TX-04,2024-10-25,11,157073,,6706,150367,,,,,apportioned,1,tx-sos,2026-09-06T15:29:01+00:00
2024,TX,TX-04,2024-10-26,10,179662,,7105,172558,,,,,apportioned,1,tx-sos,2026-09-06T15:29:01+00:00
2024,TX,TX-04,2024-10-27,9,190446,,7108,183337,,,,,apportioned,1,tx-sos,2026-09-06T15:29:01+00:00
2024,TX,TX-04,2024-10-28,8,214284,,7426,206857,,,,,apportioned,1,tx-sos,2026-09-06T15:29:01+00:00
2024,TX,TX-04,2024-10-29,7,235727,,8022,227707,,,,,apportioned,1,tx-sos,2026-09-06T15:29:01+00:00
2024,TX,TX-04,2024-10-30,6,255267,,8399,246868,,,,,apportioned,1,tx-sos,2026-09-06T15:29:01+00:00
2024,TX,TX-04,2024-10-31,5,273773,,8794,264980,,,,,apportioned,1,tx-sos,2026-09-06T15:29:01+00:00
2024,TX,TX-04,2024-11-01,4,302301,,9170,293131,,,,,apportioned,1,tx-sos,2026-09-06T15:29:01+00:00
2024,TX,TX-05,2024-09-29,37,0,,0,0,,,,,apportioned,1,tx-sos,2026-09-06T15:29:01+00:00
2024,TX,TX-05,2024-09-30,36,1,,1,0,,,,,apportioned,1,tx-sos,2026-09-06T15:29:01+00:00
2024,TX,TX-05,2024-10-01,35,1,,1,0,,,,,apportioned,1,tx-sos,2026-09-06T15:29:01+00:00
2024,TX,TX-05,2024-10-02,34,8,,8,0,,,,,apportioned,1,tx-sos,2026-09-06T15:29:01+00:00
2024,TX,TX-05,2024-10-03,33,10,,10,0,,,,,apportioned,1,tx-sos,2026-09-06T15:29:01+00:00
2024,TX,TX-05,2024-10-04,32,92,,92,0,,,,,apportioned,1,tx-sos,2026-09-06T15:29:01+00:00
2024,TX,TX-05,2024-10-05,31,92,,92,0,,,,,apportioned,1,tx-sos,2026-09-06T15:29:01+00:00
2024,TX,TX-05,2024-10-06,30,92,,92,0,,,,,apportioned,1,tx-sos,2026-09-06T15:29:01+00:00
2024,TX,TX-05,2024-10-07,29,98,,98,0,,,,,apportioned,1,tx-sos,2026-09-06T15:29:01+00:00
2024,TX,TX-05,2024-10-08,28,582,,582,0,,,,,apportioned,1,tx-sos,2026-09-06T15:29:01+00:00
2024,TX,TX-05,2024-10-09,27,658,,658,0,,,,,apportioned,1,tx-sos,2026-09-06T15:29:01+00:00
2024,TX,TX-05,2024-10-10,26,1306,,1306,0,,,,,apportioned,1,tx-sos,2026-09-06T15:29:01+00:00
2024,TX,TX-05,2024-10-11,25,1423,,1423,0,,,,,apportioned,1,tx-sos,2026-09-06T15:29:01+00:00
2024,TX,TX-05,2024-10-12,24,1684,,1684,0,,,,,apportioned,1,tx-sos,2026-09-06T15:29:01+00:00
2024,TX,TX-05,2024-10-13,23,1694,,1694,0,,,,,apportioned,1,tx-sos,2026-09-06T15:29:01+00:00
2024,TX,TX-05,2024-10-14,22,1987,,1987,0,,,,,apportioned,1,tx-sos,2026-09-06T15:29:01+00:00
2024,TX,TX-05,2024-10-15,21,2211,,2211,0,,,,,apportioned,1,tx-sos,2026-09-06T15:29:01+00:00
2024,TX,TX-05,2024-10-16,20,2542,,2542,0,,,,,apportioned,1,tx-sos,2026-09-06T15:29:01+00:00
2024,TX,TX-05,2024-10-17,19,2754,,2754,0,,,,,apportioned,1,tx-sos,2026-09-06T15:29:01+00:00
2024,TX,TX-05,2024-10-18,18,3097,,3097,0,,,,,apportioned,1,tx-sos,2026-09-06T15:29:01+00:00
2024,TX,TX-05,2024-10-19,17,3543,,3543,0,,,,,apportioned,1,tx-sos,2026-09-06T15:29:01+00:00
2024,TX,TX-05,2024-10-20,16,3543,,3543,0,,,,,apportioned,1,tx-sos,2026-09-06T15:29:01+00:00
2024,TX,TX-05,2024-10-21,15,24742,,4062,20680,,,,,apportioned,1,tx-sos,2026-09-06T15:29:01+00:00
2024,TX,TX-05,2024-10-22,14,45178,,4253,40925,,,,,apportioned,1,tx-sos,2026-09-06T15:29:01+00:00
2024,TX,TX-05,2024-10-23,13,64930,,4632,60298,,,,,apportioned,1,tx-sos,2026-09-06T15:29:01+00:00
2024,TX,TX-05,2024-10-24,12,83733,,5112,78621,,,,,apportioned,1,tx-sos,2026-09-06T15:29:01+00:00
2024,TX,TX-05,2024-10-25,11,104205,,5530,98674,,,,,apportioned,1,tx-sos,2026-09-06T15:29:01+00:00
2024,TX,TX-05,2024-10-26,10,122339,,5621,116718,,,,,apportioned,1,tx-sos,2026-09-06T15:29:01+00:00
2024,TX,TX-05,2024-10-27,9,130791,,5683,125107,,,,,apportioned,1,tx-sos,2026-09-06T15:29:01+00:00
2024,TX,TX-05,2024-10-28,8,149865,,6198,143667,,,,,apportioned,1,tx-sos,2026-09-06T15:29:01+00:00
2024,TX,TX-05,2024-10-29,7,166966,,6508,160458,,,,,apportioned,1,tx-sos,2026-09-06T15:29:01+00:00
2024,TX,TX-05,2024-10-30,6,183468,,6853,176615,,,,,apportioned,1,tx-sos,2026-09-06T15:29:01+00:00
2024,TX,TX-05,2024-10-31,5,198944,,7119,191824,,,,,apportioned,1,tx-sos,2026-09-06T15:29:01+00:00
2024,TX,TX-05,2024-11-01,4,222058,,7364,214694,,,,,apportioned,1,tx-sos,2026-09-06T15:29:01+00:00
2024,TX,TX-06,2024-09-29,37,3,,3,0,,,,,apportioned,1,tx-sos,2026-09-06T15:29:01+00:00
2024,TX,TX-06,2024-09-30,36,7,,7,0,,,,,apportioned,1,tx-sos,2026-09-06T15:29:01+00:00
2024,TX,TX-06,2024-10-01,35,9,,9,0,,,,,apportioned,1,tx-sos,2026-09-06T15:29:01+00:00
2024,TX,TX-06,2024-10-02,34,26,,26,0,,,,,apportioned,1,tx-sos,2026-09-06T15:29:01+00:00
2024,TX,TX-06,2024-10-03,33,81,,81,0,,,,,apportioned,1,tx-sos,2026-09-06T15:29:01+00:00
2024,TX,TX-06,2024-10-04,32,124,,124,0,,,,,apportioned,1,tx-sos,2026-09-06T15:29:01+00:00
2024,TX,TX-06,2024-10-05,31,186,,186,0,,,,,apportioned,1,tx-sos,2026-09-06T15:29:01+00:00
2024,TX,TX-06,2024-10-06,30,186,,186,0,,,,,apportioned,1,tx-sos,2026-09-06T15:29:01+00:00
2024,TX,TX-06,2024-10-07,29,260,,260,0,,,,,apportioned,1,tx-sos,2026-09-06T15:29:01+00:00
2024,TX,TX-06,2024-10-08,28,453,,453,0,,,,,apportioned,1,tx-sos,2026-09-06T15:29:01+00:00
2024,TX,TX-06,2024-10-09,27,556,,556,0,,,,,apportioned,1,tx-sos,2026-09-06T15:29:01+00:00
2024,TX,TX-06,2024-10-10,26,961,,961,0,,,,,apportioned,1,tx-sos,2026-09-06T15:29:01+00:00
2024,TX,TX-06,2024-10-11,25,1286,,1286,0,,,,,apportioned,1,tx-sos,2026-09-06T15:29:01+00:00
2024,TX,TX-06,2024-10-12,24,1392,,1392,0,,,,,apportioned,1,tx-sos,2026-09-06T15:29:01+00:00
2024,TX,TX-06,2024-10-13,23,1396,,1396,0,,,,,apportioned,1,tx-sos,2026-09-06T15:29:01+00:00
2024,TX,TX-06,2024-10-14,22,1545,,1545,0,,,,,apportioned,1,tx-sos,2026-09-06T15:29:01+00:00
2024,TX,TX-06,2024-10-15,21,1916,,1916,0,,,,,apportioned,1,tx-sos,2026-09-06T15:29:01+00:00
2024,TX,TX-06,2024-10-16,20,2297,,2297,0,,,,,apportioned,1,tx-sos,2026-09-06T15:29:01+00:00
2024,TX,TX-06,2024-10-17,19,2738,,2738,0,,,,,apportioned,1,tx-sos,2026-09-06T15:29:01+00:00
2024,TX,TX-06,2024-10-18,18,3110,,3110,0,,,,,apportioned,1,tx-sos,2026-09-06T15:29:01+00:00
2024,TX,TX-06,2024-10-19,17,3380,,3380,0,,,,,apportioned,1,tx-sos,2026-09-06T15:29:01+00:00
2024,TX,TX-06,2024-10-20,16,3380,,3380,0,,,,,apportioned,1,tx-sos,2026-09-06T15:29:01+00:00
2024,TX,TX-06,2024-10-21,15,27902,,3890,24011,,,,,apportioned,1,tx-sos,2026-09-06T15:29:01+00:00
2024,TX,TX-06,2024-10-22,14,51597,,4060,47537,,,,,apportioned,1,tx-sos,2026-09-06T15:29:01+00:00
2024,TX,TX-06,2024-10-23,13,74511,,4553,69958,,,,,apportioned,1,tx-sos,2026-09-06T15:29:01+00:00
2024,TX,TX-06,2024-10-24,12,95795,,4877,90918,,,,,apportioned,1,tx-sos,2026-09-06T15:29:01+00:00
2024,TX,TX-06,2024-10-25,11,119740,,5266,114473,,,,,apportioned,1,tx-sos,2026-09-06T15:29:01+00:00
2024,TX,TX-06,2024-10-26,10,138257,,5540,132717,,,,,apportioned,1,tx-sos,2026-09-06T15:29:01+00:00
2024,TX,TX-06,2024-10-27,9,147096,,5549,141547,,,,,apportioned,1,tx-sos,2026-09-06T15:29:01+00:00
2024,TX,TX-06,2024-10-28,8,168687,,5952,162734,,,,,apportioned,1,tx-sos,2026-09-06T15:29:01+00:00
2024,TX,TX-06,2024-10-29,7,187590,,6167,181421,,,,,apportioned,1,tx-sos,2026-09-06T15:29:01+00:00
2024,TX,TX-06,2024-10-30,6,204833,,6435,198399,,,,,apportioned,1,tx-sos,2026-09-06T15:29:01+00:00
2024,TX,TX-06,2024-10-31,5,222291,,6697,215595,,,,,apportioned,1,tx-sos,2026-09-06T15:29:01+00:00
2024,TX,TX-06,2024-11-01,4,247939,,7465,240474,,,,,apportioned,1,tx-sos,2026-09-06T15:29:01+00:00
2024,TX,TX-07,2024-09-29,37,2,,2,0,,,,,apportioned,1,tx-sos,2026-09-06T15:29:01+00:00
2024,TX,TX-07,2024-09-30,36,21,,21,0,,,,,apportioned,1,tx-sos,2026-09-06T15:29:01+00:00
2024,TX,TX-07,2024-10-01,35,26,,26,0,,,,,apportioned,1,tx-sos,2026-09-06T15:29:01+00:00
2024,TX,TX-07,2024-10-02,34,115,,115,0,,,,,apportioned,1,tx-sos,2026-09-06T15:29:01+00:00
2024,TX,TX-07,2024-10-03,33,194,,194,0,,,,,apportioned,1,tx-sos,2026-09-06T15:29:01+00:00
2024,TX,TX-07,2024-10-04,32,416,,416,0,,,,,apportioned,1,tx-sos,2026-09-06T15:29:01+00:00
2024,TX,TX-07,2024-10-05,31,416,,416,0,,,,,apportioned,1,tx-sos,2026-09-06T15:29:01+00:00
2024,TX,TX-07,2024-10-06,30,416,,416,0,,,,,apportioned,1,tx-sos,2026-09-06T15:29:01+00:00
2024,TX,TX-07,2024-10-07,29,761,,761,0,,,,,apportioned,1,tx-sos,2026-09-06T15:29:01+00:00
2024,TX,TX-07,2024-10-08,28,1118,,1118,0,,,,,apportioned,1,tx-sos,2026-09-06T15:29:01+00:00
2024,TX,TX-07,2024-10-09,27,1242,,1242,0,,,,,apportioned,1,tx-sos,2026-09-06T15:29:01+00:00
2024,TX,TX-07,2024-10-10,26,1637,,1637,0,,,,,apportioned,1,tx-sos,2026-09-06T15:29:01+00:00
2024,TX,TX-07,2024-10-11,25,1914,,1914,0,,,,,apportioned,1,tx-sos,2026-09-06T15:29:01+00:00
2024,TX,TX-07,2024-10-12,24,2099,,2099,0,,,,,apportioned,1,tx-sos,2026-09-06T15:29:01+00:00
2024,TX,TX-07,2024-10-13,23,2099,,2099,0,,,,,apportioned,1,tx-sos,2026-09-06T15:29:01+00:00
2024,TX,TX-07,2024-10-14,22,2323,,2323,0,,,,,apportioned,1,tx-sos,2026-09-06T15:29:01+00:00
2024,TX,TX-07,2024-10-15,21,2325,,2325,0,,,,,apportioned,1,tx-sos,2026-09-06T15:29:01+00:00
2024,TX,TX-07,2024-10-16,20,2881,,2881,0,,,,,apportioned,1,tx-sos,2026-09-06T15:29:01+00:00
2024,TX,TX-07,2024-10-17,19,3042,,3042,0,,,,,apportioned,1,tx-sos,2026-09-06T15:29:01+00:00
2024,TX,TX-07,2024-10-18,18,3312,,3312,0,,,,,apportioned,1,tx-sos,2026-09-06T15:29:01+00:00
2024,TX,TX-07,2024-10-19,17,3428,,3428,0,,,,,apportioned,1,tx-sos,2026-09-06T15:29:01+00:00
2024,TX,TX-07,2024-10-20,16,3428,,3428,0,,,,,apportioned,1,tx-sos,2026-09-06T15:29:01+00:00
2024,TX,TX-07,2024-10-21,15,24857,,3724,21134,,,,,apportioned,1,tx-sos,2026-09-06T15:29:01+00:00
2024,TX,TX-07,2024-10-22,14,44919,,4162,40757,,,,,apportioned,1,tx-sos,2026-09-06T15:29:01+00:00
2024,TX,TX-07,2024-10-23,13,64276,,4630,59647,,,,,apportioned,1,tx-sos,2026-09-06T15:29:01+00:00
2024,TX,TX-07,2024-10-24,12,82326,,5003,77323,,,,,apportioned,1,tx-sos,2026-09-06T15:29:01+00:00
2024,TX,TX-07,2024-10-25,11,101984,,5406,96578,,,,,apportioned,1,tx-sos,2026-09-06T15:29:01+00:00
2024,TX,TX-07,2024-10-26,10,115086,,5866,109219,,,,,apportioned,1,tx-sos,2026-09-06T15:29:01+00:00
2024,TX,TX-07,2024-10-27,9,122070,,6038,116031,,,,,apportioned,1,tx-sos,2026-09-06T15:29:01+00:00
2024,TX,TX-07,2024-10-28,8,138326,,6165,132161,,,,,apportioned,1,tx-sos,2026-09-06T15:29:01+00:00
2024,TX,TX-07,2024-10-29,7,153879,,6654,147225,,,,,apportioned,1,tx-sos,2026-09-06T15:29:01+00:00
2024,TX,TX-07,2024-10-30,6,168141,,7041,161100,,,,,apportioned,1,tx-sos,2026-09-06T15:29:01+00:00
2024,TX,TX-07,2024-10-31,5,182434,,7435,174999,,,,,apportioned,1,tx-sos,2026-09-06T15:29:01+00:00
2024,TX,TX-07,2024-11-01,4,204083,,7881,196203,,,,,apportioned,1,tx-sos,2026-09-06T15:29:01+00:00
2024,TX,TX-08,2024-09-29,37,12,,12,0,,,,,apportioned,1,tx-sos,2026-09-06T15:29:01+00:00
2024,TX,TX-08,2024-09-30,36,125,,125,0,,,,,apportioned,1,tx-sos,2026-09-06T15:29:01+00:00
2024,TX,TX-08,2024-10-01,35,212,,212,0,,,,,apportioned,1,tx-sos,2026-09-06T15:29:01+00:00
2024,TX,TX-08,2024-10-02,34,468,,468,0,,,,,apportioned,1,tx-sos,2026-09-06T15:29:01+00:00
2024,TX,TX-08,2024-10-03,33,639,,639,0,,,,,apportioned,1,tx-sos,2026-09-06T15:29:01+00:00
2024,TX,TX-08,2024-10-04,32,965,,965,0,,,,,apportioned,1,tx-sos,2026-09-06T15:29:01+00:00
2024,TX,TX-08,2024-10-05,31,965,,965,0,,,,,apportioned,1,tx-sos,2026-09-06T15:29:01+00:00
2024,TX,TX-08,2024-10-06,30,965,,965,0,,,,,apportioned,1,tx-sos,2026-09-06T15:29:01+00:00
2024,TX,TX-08,2024-10-07,29,1568,,1568,0,,,,,apportioned,1,tx-sos,2026-09-06T15:29:01+00:00
2024,TX,TX-08,2024-10-08,28,1912,,1912,0,,,,,apportioned,1,tx-sos,2026-09-06T15:29:01+00:00
2024,TX,TX-08,2024-10-09,27,2212,,2212,0,,,,,apportioned,1,tx-sos,2026-09-06T15:29:01+00:00
2024,TX,TX-08,2024-10-10,26,2592,,2592,0,,,,,apportioned,1,tx-sos,2026-09-06T15:29:01+00:00
2024,TX,TX-08,2024-10-11,25,2881,,2881,0,,,,,apportioned,1,tx-sos,2026-09-06T15:29:01+00:00
2024,TX,TX-08,2024-10-12,24,2983,,2983,0,,,,,apportioned,1,tx-sos,2026-09-06T15:29:01+00:00
2024,TX,TX-08,2024-10-13,23,2983,,2983,0,,,,,apportioned,1,tx-sos,2026-09-06T15:29:01+00:00
2024,TX,TX-08,2024-10-14,22,3139,,3139,0,,,,,apportioned,1,tx-sos,2026-09-06T15:29:01+00:00
2024,TX,TX-08,2024-10-15,21,3518,,3518,0,,,,,apportioned,1,tx-sos,2026-09-06T15:29:01+00:00
2024,TX,TX-08,2024-10-16,20,3901,,3901,0,,,,,apportioned,1,tx-sos,2026-09-06T15:29:01+00:00
2024,TX,TX-08,2024-10-17,19,4147,,4147,0,,,,,apportioned,1,tx-sos,2026-09-06T15:29:01+00:00
2024,TX,TX-08,2024-10-18,18,4527,,4527,0,,,,,apportioned,1,tx-sos,2026-09-06T15:29:01+00:00
2024,TX,TX-08,2024-10-19,17,4564,,4564,0,,,,,apportioned,1,tx-sos,2026-09-06T15:29:01+00:00
2024,TX,TX-08,2024-10-20,16,4564,,4564,0,,,,,apportioned,1,tx-sos,2026-09-06T15:29:01+00:00
2024,TX,TX-08,2024-10-21,15,26534,,5249,21286,,,,,apportioned,1,tx-sos,2026-09-06T15:29:01+00:00
2024,TX,TX-08,2024-10-22,14,47168,,5599,41570,,,,,apportioned,1,tx-sos,2026-09-06T15:29:01+00:00
2024,TX,TX-08,2024-10-23,13,68194,,6222,61973,,,,,apportioned,1,tx-sos,2026-09-06T15:29:01+00:00
2024,TX,TX-08,2024-10-24,12,88456,,6606,81848,,,,,apportioned,1,tx-sos,2026-09-06T15:29:01+00:00
2024,TX,TX-08,2024-10-25,11,110384,,7133,103250,,,,,apportioned,1,tx-sos,2026-09-06T15:29:01+00:00
2024,TX,TX-08,2024-10-26,10,130120,,7519,122602,,,,,apportioned,1,tx-sos,2026-09-06T15:29:01+00:00
2024,TX,TX-08,2024-10-27,9,141093,,7631,133463,,,,,apportioned,1,tx-sos,2026-09-06T15:29:01+00:00
2024,TX,TX-08,2024-10-28,8,163341,,7992,155349,,,,,apportioned,1,tx-sos,2026-09-06T15:29:01+00:00
2024,TX,TX-08,2024-10-29,7,184718,,8408,176309,,,,,apportioned,1,tx-sos,2026-09-06T15:29:01+00:00
2024,TX,TX-08,2024-10-30,6,204205,,8880,195324,,,,,apportioned,1,tx-sos,2026-09-06T15:29:01+00:00
2024,TX,TX-08,2024-10-31,5,222446,,9241,213204,,,,,apportioned,1,tx-sos,2026-09-06T15:29:01+00:00
2024,TX,TX-08,2024-11-01,4,247338,,9607,237730,,,,,apportioned,1,tx-sos,2026-09-06T15:29:01+00:00
2024,TX,TX-09,2024-09-29,37,1,,1,0,,,,,apportioned,1,tx-sos,2026-09-06T15:29:01+00:00
2024,TX,TX-09,2024-09-30,36,15,,15,0,,,,,apportioned,1,tx-sos,2026-09-06T15:29:01+00:00
2024,TX,TX-09,2024-10-01,35,19,,19,0,,,,,apportioned,1,tx-sos,2026-09-06T15:29:01+00:00
2024,TX,TX-09,2024-10-02,34,96,,96,0,,,,,apportioned,1,tx-sos,2026-09-06T15:29:01+00:00
2024,TX,TX-09,2024-10-03,33,173,,173,0,,,,,apportioned,1,tx-sos,2026-09-06T15:29:01+00:00
2024,TX,TX-09,2024-10-04,32,389,,389,0,,,,,apportioned,1,tx-sos,2026-09-06T15:29:01+00:00
2024,TX,TX-09,2024-10-05,31,389,,389,0,,,,,apportioned,1,tx-sos,2026-09-06T15:29:01+00:00
2024,TX,TX-09,2024-10-06,30,389,,389,0,,,,,apportioned,1,tx-sos,2026-09-06T15:29:01+00:00
2024,TX,TX-09,2024-10-07,29,752,,752,0,,,,,apportioned,1,tx-sos,2026-09-06T15:29:01+00:00
2024,TX,TX-09,2024-10-08,28,1067,,1067,0,,,,,apportioned,1,tx-sos,2026-09-06T15:29:01+00:00
2024,TX,TX-09,2024-10-09,27,1191,,1191,0,,,,,apportioned,1,tx-sos,2026-09-06T15:29:01+00:00
2024,TX,TX-09,2024-10-10,26,1554,,1554,0,,,,,apportioned,1,tx-sos,2026-09-06T15:29:01+00:00
2024,TX,TX-09,2024-10-11,25,1771,,1771,0,,,,,apportioned,1,tx-sos,2026-09-06T15:29:01+00:00
2024,TX,TX-09,2024-10-12,24,1910,,1910,0,,,,,apportioned,1,tx-sos,2026-09-06T15:29:01+00:00
2024,TX,TX-09,2024-10-13,23,1910,,1910,0,,,,,apportioned,1,tx-sos,2026-09-06T15:29:01+00:00
2024,TX,TX-09,2024-10-14,22,2097,,2097,0,,,,,apportioned,1,tx-sos,2026-09-06T15:29:01+00:00
2024,TX,TX-09,2024-10-15,21,2136,,2136,0,,,,,apportioned,1,tx-sos,2026-09-06T15:29:01+00:00
2024,TX,TX-09,2024-10-16,20,2493,,2493,0,,,,,apportioned,1,tx-sos,2026-09-06T15:29:01+00:00
2024,TX,TX-09,2024-10-17,19,2557,,2557,0,,,,,apportioned,1,tx-sos,2026-09-06T15:29:01+00:00
2024,TX,TX-09,2024-10-18,18,2813,,2813,0,,,,,apportioned,1,tx-sos,2026-09-06T15:29:01+00:00
2024,TX,TX-09,2024-10-19,17,2864,,2864,0,,,,,apportioned,1,tx-sos,2026-09-06T15:29:01+00:00
2024,TX,TX-09,2024-10-20,16,2864,,2864,0,,,,,apportioned,1,tx-sos,2026-09-06T15:29:01+00:00
2024,TX,TX-09,2024-10-21,15,19772,,3090,16682,,,,,apportioned,1,tx-sos,2026-09-06T15:29:01+00:00
2024,TX,TX-09,2024-10-22,14,35432,,3442,31990,,,,,apportioned,1,tx-sos,2026-09-06T15:29:01+00:00
2024,TX,TX-09,2024-10-23,13,50290,,3831,46459,,,,,apportioned,1,tx-sos,2026-09-06T15:29:01+00:00
2024,TX,TX-09,2024-10-24,12,63979,,4093,59887,,,,,apportioned,1,tx-sos,2026-09-06T15:29:01+00:00
2024,TX,TX-09,2024-10-25,11,79040,,4452,74588,,,,,apportioned,1,tx-sos,2026-09-06T15:29:01+00:00
2024,TX,TX-09,2024-10-26,10,88798,,4747,84051,,,,,apportioned,1,tx-sos,2026-09-06T15:29:01+00:00
2024,TX,TX-09,2024-10-27,9,94281,,4898,89382,,,,,apportioned,1,tx-sos,2026-09-06T15:29:01+00:00
2024,TX,TX-09,2024-10-28,8,106776,,5041,101735,,,,,apportioned,1,tx-sos,2026-09-06T15:29:01+00:00
2024,TX,TX-09,2024-10-29,7,118612,,5351,113261,,,,,apportioned,1,tx-sos,2026-09-06T15:29:01+00:00
2024,TX,TX-09,2024-10-30,6,129476,,5645,123831,,,,,apportioned,1,tx-sos,2026-09-06T15:29:01+00:00
2024,TX,TX-09,2024-10-31,5,140527,,5956,134571,,,,,apportioned,1,tx-sos,2026-09-06T15:29:01+00:00
2024,TX,TX-09,2024-11-01,4,157128,,6278,150850,,,,,apportioned,1,tx-sos,2026-09-06T15:29:01+00:00
2024,TX,TX-10,2024-09-29,37,34,,26,8,,,,,apportioned,1,tx-sos,2026-09-06T15:29:01+00:00
2024,TX,TX-10,2024-09-30,36,97,,86,11,,,,,apportioned,1,tx-sos,2026-09-06T15:29:01+00:00
2024,TX,TX-10,2024-10-01,35,139,,128,11,,,,,apportioned,1,tx-sos,2026-09-06T15:29:01+00:00
2024,TX,TX-10,2024-10-02,34,290,,279,11,,,,,apportioned,1,tx-sos,2026-09-06T15:29:01+00:00
2024,TX,TX-10,2024-10-03,33,488,,477,11,,,,,apportioned,1,tx-sos,2026-09-06T15:29:01+00:00
2024,TX,TX-10,2024-10-04,32,691,,680,11,,,,,apportioned,1,tx-sos,2026-09-06T15:29:01+00:00
2024,TX,TX-10,2024-10-05,31,691,,680,11,,,,,apportioned,1,tx-sos,2026-09-06T15:29:01+00:00
2024,TX,TX-10,2024-10-06,30,691,,680,11,,,,,apportioned,1,tx-sos,2026-09-06T15:29:01+00:00
2024,TX,TX-10,2024-10-07,29,1159,,1148,11,,,,,apportioned,1,tx-sos,2026-09-06T15:29:01+00:00
2024,TX,TX-10,2024-10-08,28,1348,,1337,11,,,,,apportioned,1,tx-sos,2026-09-06T15:29:01+00:00
2024,TX,TX-10,2024-10-09,27,1583,,1572,11,,,,,apportioned,1,tx-sos,2026-09-06T15:29:01+00:00
2024,TX,TX-10,2024-10-10,26,2060,,2049,11,,,,,apportioned,1,tx-sos,2026-09-06T15:29:01+00:00
2024,TX,TX-10,2024-10-11,25,2627,,2616,11,,,,,apportioned,1,tx-sos,2026-09-06T15:29:01+00:00
2024,TX,TX-10,2024-10-12,24,2627,,2616,11,,,,,apportioned,1,tx-sos,2026-09-06T15:29:01+00:00
2024,TX,TX-10,2024-10-13,23,2627,,2616,11,,,,,apportioned,1,tx-sos,2026-09-06T15:29:01+00:00
2024,TX,TX-10,2024-10-14,22,2771,,2760,11,,,,,apportioned,1,tx-sos,2026-09-06T15:29:01+00:00
2024,TX,TX-10,2024-10-15,21,4228,,4217,11,,,,,apportioned,1,tx-sos,2026-09-06T15:29:01+00:00
2024,TX,TX-10,2024-10-16,20,4461,,4450,11,,,,,apportioned,1,tx-sos,2026-09-06T15:29:01+00:00
2024,TX,TX-10,2024-10-17,19,5320,,5309,11,,,,,apportioned,1,tx-sos,2026-09-06T15:29:01+00:00
2024,TX,TX-10,2024-10-18,18,5890,,5879,11,,,,,apportioned,1,tx-sos,2026-09-06T15:29:01+00:00
2024,TX,TX-10,2024-10-19,17,5922,,5911,11,,,,,apportioned,1,tx-sos,2026-09-06T15:29:01+00:00
2024,TX,TX-10,2024-10-20,16,6038,,6026,12,,,,,apportioned,1,tx-sos,2026-09-06T15:29:01+00:00
2024,TX,TX-10,2024-10-21,15,34001,,7642,26358,,,,,apportioned,1,tx-sos,2026-09-06T15:29:01+00:00
2024,TX,TX-10,2024-10-22,14,60197,,8118,52080,,,,,apportioned,1,tx-sos,2026-09-06T15:29:01+00:00
2024,TX,TX-10,2024-10-23,13,86098,,8950,77146,,,,,apportioned,1,tx-sos,2026-09-06T15:29:01+00:00
2024,TX,TX-10,2024-10-24,12,110231,,9650,100582,,,,,apportioned,1,tx-sos,2026-09-06T15:29:01+00:00
2024,TX,TX-10,2024-10-25,11,135858,,10252,125605,,,,,apportioned,1,tx-sos,2026-09-06T15:29:01+00:00
2024,TX,TX-10,2024-10-26,10,154269,,10749,143520,,,,,apportioned,1,tx-sos,2026-09-06T15:29:01+00:00
2024,TX,TX-10,2024-10-27,9,164361,,10749,153612,,,,,apportioned,1,tx-sos,2026-09-06T15:29:01+00:00
2024,TX,TX-10,2024-10-28,8,186964,,11133,175832,,,,,apportioned,1,tx-sos,2026-09-06T15:29:01+00:00
2024,TX,TX-10,2024-10-29,7,208254,,11317,196937,,,,,apportioned,1,tx-sos,2026-09-06T15:29:01+00:00
2024,TX,TX-10,2024-10-30,6,228651,,12037,216614,,,,,apportioned,1,tx-sos,2026-09-06T15:29:01+00:00
2024,TX,TX-10,2024-10-31,5,247892,,12433,235460,,,,,apportioned,1,tx-sos,2026-09-06T15:29:01+00:00
2024,TX,TX-10,2024-11-01,4,273599,,12586,261014,,,,,apportioned,1,tx-sos,2026-09-06T15:29:01+00:00
2024,TX,TX-11,2024-09-29,37,292,,292,0,,,,,apportioned,1,tx-sos,2026-09-06T15:29:01+00:00
2024,TX,TX-11,2024-09-30,36,503,,503,0,,,,,apportioned,1,tx-sos,2026-09-06T15:29:01+00:00
2024,TX,TX-11,2024-10-01,35,649,,649,0,,,,,apportioned,1,tx-sos,2026-09-06T15:29:01+00:00
2024,TX,TX-11,2024-10-02,34,786,,786,0,,,,,apportioned,1,tx-sos,2026-09-06T15:29:01+00:00
2024,TX,TX-11,2024-10-03,33,921,,921,0,,,,,apportioned,1,tx-sos,2026-09-06T15:29:01+00:00
2024,TX,TX-11,2024-10-04,32,1050,,1050,0,,,,,apportioned,1,tx-sos,2026-09-06T15:29:01+00:00
2024,TX,TX-11,2024-10-05,31,1068,,1068,0,,,,,apportioned,1,tx-sos,2026-09-06T15:29:01+00:00
2024,TX,TX-11,2024-10-06,30,1068,,1068,0,,,,,apportioned,1,tx-sos,2026-09-06T15:29:01+00:00
2024,TX,TX-11,2024-10-07,29,1420,,1420,0,,,,,apportioned,1,tx-sos,2026-09-06T15:29:01+00:00
2024,TX,TX-11,2024-10-08,28,1739,,1739,0,,,,,apportioned,1,tx-sos,2026-09-06T15:29:01+00:00
2024,TX,TX-11,2024-10-09,27,2083,,2083,0,,,,,apportioned,1,tx-sos,2026-09-06T15:29:01+00:00
2024,TX,TX-11,2024-10-10,26,2409,,2409,0,,,,,apportioned,1,tx-sos,2026-09-06T15:29:01+00:00
2024,TX,TX-11,2024-10-11,25,2723,,2723,0,,,,,apportioned,1,tx-sos,2026-09-06T15:29:01+00:00
2024,TX,TX-11,2024-10-12,24,2726,,2726,0,,,,,apportioned,1,tx-sos,2026-09-06T15:29:01+00:00
2024,TX,TX-11,2024-10-13,23,2726,,2726,0,,,,,apportioned,1,tx-sos,2026-09-06T15:29:01+00:00
2024,TX,TX-11,2024-10-14,22,2827,,2827,0,,,,,apportioned,1,tx-sos,2026-09-06T15:29:01+00:00
2024,TX,TX-11,2024-10-15,21,3420,,3420,0,,,,,apportioned,1,tx-sos,2026-09-06T15:29:01+00:00
2024,TX,TX-11,2024-10-16,20,3830,,3830,0,,,,,apportioned,1,tx-sos,2026-09-06T15:29:01+00:00
2024,TX,TX-11,2024-10-17,19,4260,,4260,0,,,,,apportioned,1,tx-sos,2026-09-06T15:29:01+00:00
2024,TX,TX-11,2024-10-18,18,4791,,4791,0,,,,,apportioned,1,tx-sos,2026-09-06T15:29:01+00:00
2024,TX,TX-11,2024-10-19,17,4927,,4927,0,,,,,apportioned,1,tx-sos,2026-09-06T15:29:01+00:00
2024,TX,TX-11,2024-10-20,16,4927,,4927,0,,,,,apportioned,1,tx-sos,2026-09-06T15:29:01+00:00
2024,TX,TX-11,2024-10-21,15,27673,,5606,22067,,,,,apportioned,1,tx-sos,2026-09-06T15:29:01+00:00
2024,TX,TX-11,2024-10-22,14,50098,,6054,44043,,,,,apportioned,1,tx-sos,2026-09-06T15:29:01+00:00
2024,TX,TX-11,2024-10-23,13,71696,,6619,65075,,,,,apportioned,1,tx-sos,2026-09-06T15:29:01+00:00
2024,TX,TX-11,2024-10-24,12,92829,,7060,85767,,,,,apportioned,1,tx-sos,2026-09-06T15:29:01+00:00
2024,TX,TX-11,2024-10-25,11,115227,,7545,107683,,,,,apportioned,1,tx-sos,2026-09-06T15:29:01+00:00
2024,TX,TX-11,2024-10-26,10,131400,,7773,123627,,,,,apportioned,1,tx-sos,2026-09-06T15:29:01+00:00
2024,TX,TX-11,2024-10-27,9,139419,,7779,131640,,,,,apportioned,1,tx-sos,2026-09-06T15:29:01+00:00
2024,TX,TX-11,2024-10-28,8,158625,,8085,150538,,,,,apportioned,1,tx-sos,2026-09-06T15:29:01+00:00
2024,TX,TX-11,2024-10-29,7,176377,,8446,167931,,,,,apportioned,1,tx-sos,2026-09-06T15:29:01+00:00
2024,TX,TX-11,2024-10-30,6,193008,,8879,184131,,,,,apportioned,1,tx-sos,2026-09-06T15:29:01+00:00
2024,TX,TX-11,2024-10-31,5,208664,,9257,199407,,,,,apportioned,1,tx-sos,2026-09-06T15:29:01+00:00
2024,TX,TX-11,2024-11-01,4,230836,,9463,221371,,,,,apportioned,1,tx-sos,2026-09-06T15:29:01+00:00
2024,TX,TX-12,2024-09-29,37,11,,11,0,,,,,apportioned,1,tx-sos,2026-09-06T15:29:01+00:00
2024,TX,TX-12,2024-09-30,36,70,,70,0,,,,,apportioned,1,tx-sos,2026-09-06T15:29:01+00:00
2024,TX,TX-12,2024-10-01,35,86,,86,0,,,,,apportioned,1,tx-sos,2026-09-06T15:29:01+00:00
2024,TX,TX-12,2024-10-02,34,166,,166,0,,,,,apportioned,1,tx-sos,2026-09-06T15:29:01+00:00
2024,TX,TX-12,2024-10-03,33,248,,248,0,,,,,apportioned,1,tx-sos,2026-09-06T15:29:01+00:00
2024,TX,TX-12,2024-10-04,32,328,,328,0,,,,,apportioned,1,tx-sos,2026-09-06T15:29:01+00:00
2024,TX,TX-12,2024-10-05,31,328,,328,0,,,,,apportioned,1,tx-sos,2026-09-06T15:29:01+00:00
2024,TX,TX-12,2024-10-06,30,328,,328,0,,,,,apportioned,1,tx-sos,2026-09-06T15:29:01+00:00
2024,TX,TX-12,2024-10-07,29,468,,468,0,,,,,apportioned,1,tx-sos,2026-09-06T15:29:01+00:00
2024,TX,TX-12,2024-10-08,28,620,,620,0,,,,,apportioned,1,tx-sos,2026-09-06T15:29:01+00:00
2024,TX,TX-12,2024-10-09,27,790,,790,0,,,,,apportioned,1,tx-sos,2026-09-06T15:29:01+00:00
2024,TX,TX-12,2024-10-10,26,1290,,1290,0,,,,,apportioned,1,tx-sos,2026-09-06T15:29:01+00:00
2024,TX,TX-12,2024-10-11,25,1851,,1851,0,,,,,apportioned,1,tx-sos,2026-09-06T15:29:01+00:00
2024,TX,TX-12,2024-10-12,24,1851,,1851,0,,,,,apportioned,1,tx-sos,2026-09-06T15:29:01+00:00
2024,TX,TX-12,2024-10-13,23,1851,,1851,0,,,,,apportioned,1,tx-sos,2026-09-06T15:29:01+00:00
2024,TX,TX-12,2024-10-14,22,1851,,1851,0,,,,,apportioned,1,tx-sos,2026-09-06T15:29:01+00:00
2024,TX,TX-12,2024-10-15,21,2369,,2369,0,,,,,apportioned,1,tx-sos,2026-09-06T15:29:01+00:00
2024,TX,TX-12,2024-10-16,20,3081,,3081,0,,,,,apportioned,1,tx-sos,2026-09-06T15:29:01+00:00
2024,TX,TX-12,2024-10-17,19,3670,,3670,0,,,,,apportioned,1,tx-sos,2026-09-06T15:29:01+00:00
2024,TX,TX-12,2024-10-18,18,4156,,4156,0,,,,,apportioned,1,tx-sos,2026-09-06T15:29:01+00:00
2024,TX,TX-12,2024-10-19,17,4649,,4649,0,,,,,apportioned,1,tx-sos,2026-09-06T15:29:01+00:00
2024,TX,TX-12,2024-10-20,16,4649,,4649,0,,,,,apportioned,1,tx-sos,2026-09-06T15:29:01+00:00
2024,TX,TX-12,2024-10-21,15,27838,,5269,22570,,,,,apportioned,1,tx-sos,2026-09-06T15:29:01+00:00
2024,TX,TX-12,2024-10-22,14,50108,,5434,44675,,,,,apportioned,1,tx-sos,2026-09-06T15:29:01+00:00
2024,TX,TX-12,2024-10-23,13,72163,,5964,66199,,,,,apportioned,1,tx-sos,2026-09-06T15:29:01+00:00
2024,TX,TX-12,2024-10-24,12,93910,,6418,87492,,,,,apportioned,1,tx-sos,2026-09-06T15:29:01+00:00
2024,TX,TX-12,2024-10-25,11,118043,,6943,111099,,,,,apportioned,1,tx-sos,2026-09-06T15:29:01+00:00
2024,TX,TX-12,2024-10-26,10,139448,,7379,132069,,,,,apportioned,1,tx-sos,2026-09-06T15:29:01+00:00
2024,TX,TX-12,2024-10-27,9,149886,,7379,142507,,,,,apportioned,1,tx-sos,2026-09-06T15:29:01+00:00
2024,TX,TX-12,2024-10-28,8,172555,,7734,164821,,,,,apportioned,1,tx-sos,2026-09-06T15:29:01+00:00
2024,TX,TX-12,2024-10-29,7,192705,,7960,184745,,,,,apportioned,1,tx-sos,2026-09-06T15:29:01+00:00
2024,TX,TX-12,2024-10-30,6,211241,,8201,203040,,,,,apportioned,1,tx-sos,2026-09-06T15:29:01+00:00
2024,TX,TX-12,2024-10-31,5,228597,,8554,220044,,,,,apportioned,1,tx-sos,2026-09-06T15:29:01+00:00
2024,TX,TX-12,2024-11-01,4,253173,,8806,244366,,,,,apportioned,1,tx-sos,2026-09-06T15:29:01+00:00
2024,TX,TX-13,2024-09-29,37,127,,127,0,,,,,apportioned,1,tx-sos,2026-09-06T15:29:01+00:00
2024,TX,TX-13,2024-09-30,36,330,,330,0,,,,,apportioned,1,tx-sos,2026-09-06T15:29:01+00:00
2024,TX,TX-13,2024-10-01,35,490,,490,0,,,,,apportioned,1,tx-sos,2026-09-06T15:29:01+00:00
2024,TX,TX-13,2024-10-02,34,748,,748,0,,,,,apportioned,1,tx-sos,2026-09-06T15:29:01+00:00
2024,TX,TX-13,2024-10-03,33,959,,959,0,,,,,apportioned,1,tx-sos,2026-09-06T15:29:01+00:00
2024,TX,TX-13,2024-10-04,32,1202,,1202,0,,,,,apportioned,1,tx-sos,2026-09-06T15:29:01+00:00
2024,TX,TX-13,2024-10-05,31,1276,,1276,0,,,,,apportioned,1,tx-sos,2026-09-06T15:29:01+00:00
2024,TX,TX-13,2024-10-06,30,1387,,1387,0,,,,,apportioned,1,tx-sos,2026-09-06T15:29:01+00:00
2024,TX,TX-13,2024-10-07,29,1808,,1808,0,,,,,apportioned,1,tx-sos,2026-09-06T15:29:01+00:00
2024,TX,TX-13,2024-10-08,28,2027,,2027,0,,,,,apportioned,1,tx-sos,2026-09-06T15:29:01+00:00
2024,TX,TX-13,2024-10-09,27,2499,,2499,0,,,,,apportioned,1,tx-sos,2026-09-06T15:29:01+00:00
2024,TX,TX-13,2024-10-10,26,2923,,2923,0,,,,,apportioned,1,tx-sos,2026-09-06T15:29:01+00:00
2024,TX,TX-13,2024-10-11,25,3273,,3273,0,,,,,apportioned,1,tx-sos,2026-09-06T15:29:01+00:00
2024,TX,TX-13,2024-10-12,24,3368,,3368,0,,,,,apportioned,1,tx-sos,2026-09-06T15:29:01+00:00
2024,TX,TX-13,2024-10-13,23,3457,,3457,0,,,,,apportioned,1,tx-sos,2026-09-06T15:29:01+00:00
2024,TX,TX-13,2024-10-14,22,3636,,3636,0,,,,,apportioned,1,tx-sos,2026-09-06T15:29:01+00:00
2024,TX,TX-13,2024-10-15,21,4105,,4105,0,,,,,apportioned,1,tx-sos,2026-09-06T15:29:01+00:00
2024,TX,TX-13,2024-10-16,20,4374,,4374,0,,,,,apportioned,1,tx-sos,2026-09-06T15:29:01+00:00
2024,TX,TX-13,2024-10-17,19,4820,,4820,0,,,,,apportioned,1,tx-sos,2026-09-06T15:29:01+00:00
2024,TX,TX-13,2024-10-18,18,5071,,5071,0,,,,,apportioned,1,tx-sos,2026-09-06T15:29:01+00:00
2024,TX,TX-13,2024-10-19,17,5317,,5317,0,,,,,apportioned,1,tx-sos,2026-09-06T15:29:01+00:00
2024,TX,TX-13,2024-10-20,16,5429,,5429,0,,,,,apportioned,1,tx-sos,2026-09-06T15:29:01+00:00
2024,TX,TX-13,2024-10-21,15,35514,,6001,29513,,,,,apportioned,1,tx-sos,2026-09-06T15:29:01+00:00
2024,TX,TX-13,2024-10-22,14,62138,,6368,55769,,,,,apportioned,1,tx-sos,2026-09-06T15:29:01+00:00
2024,TX,TX-13,2024-10-23,13,86168,,6797,79370,,,,,apportioned,1,tx-sos,2026-09-06T15:29:01+00:00
2024,TX,TX-13,2024-10-24,12,108391,,7230,101161,,,,,apportioned,1,tx-sos,2026-09-06T15:29:01+00:00
2024,TX,TX-13,2024-10-25,11,132617,,7773,124844,,,,,apportioned,1,tx-sos,2026-09-06T15:29:01+00:00
2024,TX,TX-13,2024-10-26,10,149214,,8090,141124,,,,,apportioned,1,tx-sos,2026-09-06T15:29:01+00:00
2024,TX,TX-13,2024-10-27,9,156675,,8095,148581,,,,,apportioned,1,tx-sos,2026-09-06T15:29:01+00:00
2024,TX,TX-13,2024-10-28,8,174735,,8551,166183,,,,,apportioned,1,tx-sos,2026-09-06T15:29:01+00:00
2024,TX,TX-13,2024-10-29,7,190448,,9014,181434,,,,,apportioned,1,tx-sos,2026-09-06T15:29:01+00:00
2024,TX,TX-13,2024-10-30,6,204909,,9228,195681,,,,,apportioned,1,tx-sos,2026-09-06T15:29:01+00:00
2024,TX,TX-13,2024-10-31,5,218951,,9447,209503,,,,,apportioned,1,tx-sos,2026-09-06T15:29:01+00:00
2024,TX,TX-13,2024-11-01,4,241003,,9715,231288,,,,,apportioned,1,tx-sos,2026-09-06T15:29:01+00:00
2024,TX,TX-14,2024-09-29,37,7,,7,0,,,,,apportioned,1,tx-sos,2026-09-06T15:29:01+00:00
2024,TX,TX-14,2024-09-30,36,67,,67,0,,,,,apportioned,1,tx-sos,2026-09-06T15:29:01+00:00
2024,TX,TX-14,2024-10-01,35,165,,165,0,,,,,apportioned,1,tx-sos,2026-09-06T15:29:01+00:00
2024,TX,TX-14,2024-10-02,34,322,,322,0,,,,,apportioned,1,tx-sos,2026-09-06T15:29:01+00:00
2024,TX,TX-14,2024-10-03,33,521,,521,0,,,,,apportioned,1,tx-sos,2026-09-06T15:29:01+00:00
2024,TX,TX-14,2024-10-04,32,662,,662,0,,,,,apportioned,1,tx-sos,2026-09-06T15:29:01+00:00
2024,TX,TX-14,2024-10-05,31,662,,662,0,,,,,apportioned,1,tx-sos,2026-09-06T15:29:01+00:00
2024,TX,TX-14,2024-10-06,30,662,,662,0,,,,,apportioned,1,tx-sos,2026-09-06T15:29:01+00:00
2024,TX,TX-14,2024-10-07,29,1064,,1064,0,,,,,apportioned,1,tx-sos,2026-09-06T15:29:01+00:00
2024,TX,TX-14,2024-10-08,28,1493,,1493,0,,,,,apportioned,1,tx-sos,2026-09-06T15:29:01+00:00
2024,TX,TX-14,2024-10-09,27,1878,,1878,0,,,,,apportioned,1,tx-sos,2026-09-06T15:29:01+00:00
2024,TX,TX-14,2024-10-10,26,2161,,2161,0,,,,,apportioned,1,tx-sos,2026-09-06T15:29:01+00:00
2024,TX,TX-14,2024-10-11,25,2467,,2467,0,,,,,apportioned,1,tx-sos,2026-09-06T15:29:01+00:00
2024,TX,TX-14,2024-10-12,24,2482,,2482,0,,,,,apportioned,1,tx-sos,2026-09-06T15:29:01+00:00
2024,TX,TX-14,2024-10-13,23,2482,,2482,0,,,,,apportioned,1,tx-sos,2026-09-06T15:29:01+00:00
2024,TX,TX-14,2024-10-14,22,2755,,2755,0,,,,,apportioned,1,tx-sos,2026-09-06T15:29:01+00:00
2024,TX,TX-14,2024-10-15,21,3445,,3445,0,,,,,apportioned,1,tx-sos,2026-09-06T15:29:01+00:00
2024,TX,TX-14,2024-10-16,20,3841,,3841,0,,,,,apportioned,1,tx-sos,2026-09-06T15:29:01+00:00
2024,TX,TX-14,2024-10-17,19,4416,,4416,0,,,,,apportioned,1,tx-sos,2026-09-06T15:29:01+00:00
2024,TX,TX-14,2024-10-18,18,4866,,4866,0,,,,,apportioned,1,tx-sos,2026-09-06T15:29:01+00:00
2024,TX,TX-14,2024-10-19,17,5003,,5003,0,,,,,apportioned,1,tx-sos,2026-09-06T15:29:01+00:00
2024,TX,TX-14,2024-10-20,16,5003,,5003,0,,,,,apportioned,1,tx-sos,2026-09-06T15:29:01+00:00
2024,TX,TX-14,2024-10-21,15,39823,,5460,34363,,,,,apportioned,1,tx-sos,2026-09-06T15:29:01+00:00
2024,TX,TX-14,2024-10-22,14,71244,,5837,65406,,,,,apportioned,1,tx-sos,2026-09-06T15:29:01+00:00
2024,TX,TX-14,2024-10-23,13,99644,,6348,93296,,,,,apportioned,1,tx-sos,2026-09-06T15:29:01+00:00
2024,TX,TX-14,2024-10-24,12,124793,,6802,117991,,,,,apportioned,1,tx-sos,2026-09-06T15:29:01+00:00
2024,TX,TX-14,2024-10-25,11,153290,,7227,146062,,,,,apportioned,1,tx-sos,2026-09-06T15:29:01+00:00
2024,TX,TX-14,2024-10-26,10,173560,,7376,166185,,,,,apportioned,1,tx-sos,2026-09-06T15:29:01+00:00
2024,TX,TX-14,2024-10-27,9,183026,,7540,175486,,,,,apportioned,1,tx-sos,2026-09-06T15:29:01+00:00
2024,TX,TX-14,2024-10-28,8,205071,,8008,197063,,,,,apportioned,1,tx-sos,2026-09-06T15:29:01+00:00
2024,TX,TX-14,2024-10-29,7,223944,,8245,215699,,,,,apportioned,1,tx-sos,2026-09-06T15:29:01+00:00
2024,TX,TX-14,2024-10-30,6,240386,,8564,231821,,,,,apportioned,1,tx-sos,2026-09-06T15:29:01+00:00
2024,TX,TX-14,2024-10-31,5,255043,,8823,246219,,,,,apportioned,1,tx-sos,2026-09-06T15:29:01+00:00
2024,TX,TX-14,2024-11-01,4,281392,,9146,272245,,,,,apportioned,1,tx-sos,2026-09-06T15:29:01+00:00
2024,TX,TX-15,2024-09-29,37,15,,15,0,,,,,apportioned,1,tx-sos,2026-09-06T15:29:01+00:00
2024,TX,TX-15,2024-09-30,36,59,,59,0,,,,,apportioned,1,tx-sos,2026-09-06T15:29:01+00:00
2024,TX,TX-15,2024-10-01,35,100,,100,0,,,,,apportioned,1,tx-sos,2026-09-06T15:29:01+00:00
2024,TX,TX-15,2024-10-02,34,165,,165,0,,,,,apportioned,1,tx-sos,2026-09-06T15:29:01+00:00
2024,TX,TX-15,2024-10-03,33,247,,247,0,,,,,apportioned,1,tx-sos,2026-09-06T15:29:01+00:00
2024,TX,TX-15,2024-10-04,32,311,,311,0,,,,,apportioned,1,tx-sos,2026-09-06T15:29:01+00:00
2024,TX,TX-15,2024-10-05,31,311,,311,0,,,,,apportioned,1,tx-sos,2026-09-06T15:29:01+00:00
2024,TX,TX-15,2024-10-06,30,311,,311,0,,,,,apportioned,1,tx-sos,2026-09-06T15:29:01+00:00
2024,TX,TX-15,2024-10-07,29,466,,466,0,,,,,apportioned,1,tx-sos,2026-09-06T15:29:01+00:00
2024,TX,TX-15,2024-10-08,28,518,,518,0,,,,,apportioned,1,tx-sos,2026-09-06T15:29:01+00:00
2024,TX,TX-15,2024-10-09,27,686,,686,0,,,,,apportioned,1,tx-sos,2026-09-06T15:29:01+00:00
2024,TX,TX-15,2024-10-10,26,1034,,1034,0,,,,,apportioned,1,tx-sos,2026-09-06T15:29:01+00:00
2024,TX,TX-15,2024-10-11,25,1134,,1134,0,,,,,apportioned,1,tx-sos,2026-09-06T15:29:01+00:00
2024,TX,TX-15,2024-10-12,24,1144,,1144,0,,,,,apportioned,1,tx-sos,2026-09-06T15:29:01+00:00
2024,TX,TX-15,2024-10-13,23,1144,,1144,0,,,,,apportioned,1,tx-sos,2026-09-06T15:29:01+00:00
2024,TX,TX-15,2024-10-14,22,1150,,1150,0,,,,,apportioned,1,tx-sos,2026-09-06T15:29:01+00:00
2024,TX,TX-15,2024-10-15,21,1560,,1560,0,,,,,apportioned,1,tx-sos,2026-09-06T15:29:01+00:00
2024,TX,TX-15,2024-10-16,20,2293,,2293,0,,,,,apportioned,1,tx-sos,2026-09-06T15:29:01+00:00
2024,TX,TX-15,2024-10-17,19,2743,,2743,0,,,,,apportioned,1,tx-sos,2026-09-06T15:29:01+00:00
2024,TX,TX-15,2024-10-18,18,2873,,2873,0,,,,,apportioned,1,tx-sos,2026-09-06T15:29:01+00:00
2024,TX,TX-15,2024-10-19,17,2873,,2873,0,,,,,apportioned,1,tx-sos,2026-09-06T15:29:01+00:00
2024,TX,TX-15,2024-10-20,16,2873,,2873,0,,,,,apportioned,1,tx-sos,2026-09-06T15:29:01+00:00
2024,TX,TX-15,2024-10-21,15,23921,,3720,20202,,,,,apportioned,1,tx-sos,2026-09-06T15:29:01+00:00
2024,TX,TX-15,2024-10-22,14,41757,,3905,37851,,,,,apportioned,1,tx-sos,2026-09-06T15:29:01+00:00
2024,TX,TX-15,2024-10-23,13,58459,,4398,54059,,,,,apportioned,1,tx-sos,2026-09-06T15:29:01+00:00
2024,TX,TX-15,2024-10-24,12,73442,,4739,68703,,,,,apportioned,1,tx-sos,2026-09-06T15:29:01+00:00
2024,TX,TX-15,2024-10-25,11,89455,,5089,84365,,,,,apportioned,1,tx-sos,2026-09-06T15:29:01+00:00
2024,TX,TX-15,2024-10-26,10,100660,,5224,95437,,,,,apportioned,1,tx-sos,2026-09-06T15:29:01+00:00
2024,TX,TX-15,2024-10-27,9,105424,,5268,100155,,,,,apportioned,1,tx-sos,2026-09-06T15:29:01+00:00
2024,TX,TX-15,2024-10-28,8,118459,,5493,112967,,,,,apportioned,1,tx-sos,2026-09-06T15:29:01+00:00
2024,TX,TX-15,2024-10-29,7,130684,,5681,125001,,,,,apportioned,1,tx-sos,2026-09-06T15:29:01+00:00
2024,TX,TX-15,2024-10-30,6,142412,,5862,136552,,,,,apportioned,1,tx-sos,2026-09-06T15:29:01+00:00
2024,TX,TX-15,2024-10-31,5,153673,,6044,147627,,,,,apportioned,1,tx-sos,2026-09-06T15:29:01+00:00
2024,TX,TX-15,2024-11-01,4,171999,,6289,165709,,,,,apportioned,1,tx-sos,2026-09-06T15:29:01+00:00
2024,TX,TX-16,2024-09-29,37,5,,5,0,,,,,apportioned,1,tx-sos,2026-09-06T15:29:01+00:00
2024,TX,TX-16,2024-09-30,36,5,,5,0,,,,,apportioned,1,tx-sos,2026-09-06T15:29:01+00:00
2024,TX,TX-16,2024-10-01,35,5,,5,0,,,,,apportioned,1,tx-sos,2026-09-06T15:29:01+00:00
2024,TX,TX-16,2024-10-02,34,5,,5,0,,,,,apportioned,1,tx-sos,2026-09-06T15:29:01+00:00
2024,TX,TX-16,2024-10-03,33,128,,128,0,,,,,apportioned,1,tx-sos,2026-09-06T15:29:01+00:00
2024,TX,TX-16,2024-10-04,32,128,,128,0,,,,,apportioned,1,tx-sos,2026-09-06T15:29:01+00:00
2024,TX,TX-16,2024-10-05,31,815,,815,0,,,,,apportioned,1,tx-sos,2026-09-06T15:29:01+00:00
2024,TX,TX-16,2024-10-06,30,815,,815,0,,,,,apportioned,1,tx-sos,2026-09-06T15:29:01+00:00
2024,TX,TX-16,2024-10-07,29,1072,,1072,0,,,,,apportioned,1,tx-sos,2026-09-06T15:29:01+00:00
2024,TX,TX-16,2024-10-08,28,1072,,1072,0,,,,,apportioned,1,tx-sos,2026-09-06T15:29:01+00:00
2024,TX,TX-16,2024-10-09,27,1693,,1693,0,,,,,apportioned,1,tx-sos,2026-09-06T15:29:01+00:00
2024,TX,TX-16,2024-10-10,26,2115,,2115,0,,,,,apportioned,1,tx-sos,2026-09-06T15:29:01+00:00
2024,TX,TX-16,2024-10-11,25,2514,,2514,0,,,,,apportioned,1,tx-sos,2026-09-06T15:29:01+00:00
2024,TX,TX-16,2024-10-12,24,2825,,2825,0,,,,,apportioned,1,tx-sos,2026-09-06T15:29:01+00:00
2024,TX,TX-16,2024-10-13,23,2825,,2825,0,,,,,apportioned,1,tx-sos,2026-09-06T15:29:01+00:00
2024,TX,TX-16,2024-10-14,22,3113,,3113,0,,,,,apportioned,1,tx-sos,2026-09-06T15:29:01+00:00
2024,TX,TX-16,2024-10-15,21,3205,,3205,0,,,,,apportioned,1,tx-sos,2026-09-06T15:29:01+00:00
2024,TX,TX-16,2024-10-16,20,3482,,3482,0,,,,,apportioned,1,tx-sos,2026-09-06T15:29:01+00:00
2024,TX,TX-16,2024-10-17,19,4468,,4468,0,,,,,apportioned,1,tx-sos,2026-09-06T15:29:01+00:00
2024,TX,TX-16,2024-10-18,18,4732,,4732,0,,,,,apportioned,1,tx-sos,2026-09-06T15:29:01+00:00
2024,TX,TX-16,2024-10-19,17,4732,,4732,0,,,,,apportioned,1,tx-sos,2026-09-06T15:29:01+00:00
2024,TX,TX-16,2024-10-20,16,4732,,4732,0,,,,,apportioned,1,tx-sos,2026-09-06T15:29:01+00:00
2024,TX,TX-16,2024-10-21,15,21566,,5288,16278,,,,,apportioned,1,tx-sos,2026-09-06T15:29:01+00:00
2024,TX,TX-16,2024-10-22,14,36552,,5880,30672,,,,,apportioned,1,tx-sos,2026-09-06T15:29:01+00:00
2024,TX,TX-16,2024-10-23,13,51107,,6317,44790,,,,,apportioned,1,tx-sos,2026-09-06T15:29:01+00:00
2024,TX,TX-16,2024-10-24,12,64917,,6679,58238,,,,,apportioned,1,tx-sos,2026-09-06T15:29:01+00:00
2024,TX,TX-16,2024-10-25,11,79142,,6691,72452,,,,,apportioned,1,tx-sos,2026-09-06T15:29:01+00:00
2024,TX,TX-16,2024-10-26,10,88497,,6984,81513,,,,,apportioned,1,tx-sos,2026-09-06T15:29:01+00:00
2024,TX,TX-16,2024-10-27,9,94369,,7481,86889,,,,,apportioned,1,tx-sos,2026-09-06T15:29:01+00:00
2024,TX,TX-16,2024-10-28,8,107900,,7481,100420,,,,,apportioned,1,tx-sos,2026-09-06T15:29:01+00:00
2024,TX,TX-16,2024-10-29,7,121573,,7759,113814,,,,,apportioned,1,tx-sos,2026-09-06T15:29:01+00:00
2024,TX,TX-16,2024-10-30,6,135295,,8362,126933,,,,,apportioned,1,tx-sos,2026-09-06T15:29:01+00:00
2024,TX,TX-16,2024-10-31,5,147802,,8608,139195,,,,,apportioned,1,tx-sos,2026-09-06T15:29:01+00:00
2024,TX,TX-16,2024-11-01,4,166316,,8647,157669,,,,,apportioned,1,tx-sos,2026-09-06T15:29:01+00:00
2024,TX,TX-17,2024-09-29,37,7,,7,0,,,,,apportioned,1,tx-sos,2026-09-06T15:29:01+00:00
2024,TX,TX-17,2024-09-30,36,25,,25,0,,,,,apportioned,1,tx-sos,2026-09-06T15:29:01+00:00
2024,TX,TX-17,2024-10-01,35,52,,52,0,,,,,apportioned,1,tx-sos,2026-09-06T15:29:01+00:00
2024,TX,TX-17,2024-10-02,34,76,,76,0,,,,,apportioned,1,tx-sos,2026-09-06T15:29:01+00:00
2024,TX,TX-17,2024-10-03,33,113,,113,0,,,,,apportioned,1,tx-sos,2026-09-06T15:29:01+00:00
2024,TX,TX-17,2024-10-04,32,129,,129,0,,,,,apportioned,1,tx-sos,2026-09-06T15:29:01+00:00
2024,TX,TX-17,2024-10-05,31,141,,141,0,,,,,apportioned,1,tx-sos,2026-09-06T15:29:01+00:00
2024,TX,TX-17,2024-10-06,30,141,,141,0,,,,,apportioned,1,tx-sos,2026-09-06T15:29:01+00:00
2024,TX,TX-17,2024-10-07,29,246,,246,0,,,,,apportioned,1,tx-sos,2026-09-06T15:29:01+00:00
2024,TX,TX-17,2024-10-08,28,306,,306,0,,,,,apportioned,1,tx-sos,2026-09-06T15:29:01+00:00
2024,TX,TX-17,2024-10-09,27,380,,380,0,,,,,apportioned,1,tx-sos,2026-09-06T15:29:01+00:00
2024,TX,TX-17,2024-10-10,26,601,,601,0,,,,,apportioned,1,tx-sos,2026-09-06T15:29:01+00:00
2024,TX,TX-17,2024-10-11,25,1022,,1022,0,,,,,apportioned,1,tx-sos,2026-09-06T15:29:01+00:00
2024,TX,TX-17,2024-10-12,24,1024,,1024,0,,,,,apportioned,1,tx-sos,2026-09-06T15:29:01+00:00
2024,TX,TX-17,2024-10-13,23,1024,,1024,0,,,,,apportioned,1,tx-sos,2026-09-06T15:29:01+00:00
2024,TX,TX-17,2024-10-14,22,1324,,1324,0,,,,,apportioned,1,tx-sos,2026-09-06T15:29:01+00:00
2024,TX,TX-17,2024-10-15,21,1573,,1573,0,,,,,apportioned,1,tx-sos,2026-09-06T15:29:01+00:00
2024,TX,TX-17,2024-10-16,20,1850,,1850,0,,,,,apportioned,1,tx-sos,2026-09-06T15:29:01+00:00
2024,TX,TX-17,2024-10-17,19,2451,,2451,0,,,,,apportioned,1,tx-sos,2026-09-06T15:29:01+00:00
2024,TX,TX-17,2024-10-18,18,3106,,3106,0,,,,,apportioned,1,tx-sos,2026-09-06T15:29:01+00:00
2024,TX,TX-17,2024-10-19,17,3427,,3427,0,,,,,apportioned,1,tx-sos,2026-09-06T15:29:01+00:00
2024,TX,TX-17,2024-10-20,16,3427,,3427,0,,,,,apportioned,1,tx-sos,2026-09-06T15:29:01+00:00
2024,TX,TX-17,2024-10-21,15,29961,,4148,25814,,,,,apportioned,1,tx-sos,2026-09-06T15:29:01+00:00
2024,TX,TX-17,2024-10-22,14,55318,,4720,50598,,,,,apportioned,1,tx-sos,2026-09-06T15:29:01+00:00
2024,TX,TX-17,2024-10-23,13,79919,,5299,74620,,,,,apportioned,1,tx-sos,2026-09-06T15:29:01+00:00
2024,TX,TX-17,2024-10-24,12,102839,,5822,97018,,,,,apportioned,1,tx-sos,2026-09-06T15:29:01+00:00
2024,TX,TX-17,2024-10-25,11,127693,,6472,121220,,,,,apportioned,1,tx-sos,2026-09-06T15:29:01+00:00
2024,TX,TX-17,2024-10-26,10,144910,,6734,138177,,,,,apportioned,1,tx-sos,2026-09-06T15:29:01+00:00
2024,TX,TX-17,2024-10-27,9,153261,,6746,146515,,,,,apportioned,1,tx-sos,2026-09-06T15:29:01+00:00
2024,TX,TX-17,2024-10-28,8,174581,,7313,167268,,,,,apportioned,1,tx-sos,2026-09-06T15:29:01+00:00
2024,TX,TX-17,2024-10-29,7,193174,,7433,185742,,,,,apportioned,1,tx-sos,2026-09-06T15:29:01+00:00
2024,TX,TX-17,2024-10-30,6,210769,,7890,202878,,,,,apportioned,1,tx-sos,2026-09-06T15:29:01+00:00
2024,TX,TX-17,2024-10-31,5,226807,,8166,218640,,,,,apportioned,1,tx-sos,2026-09-06T15:29:01+00:00
2024,TX,TX-17,2024-11-01,4,250034,,8703,241330,,,,,apportioned,1,tx-sos,2026-09-06T15:29:01+00:00
2024,TX,TX-18,2024-09-29,37,1,,1,0,,,,,apportioned,1,tx-sos,2026-09-06T15:29:01+00:00
2024,TX,TX-18,2024-09-30,36,19,,19,0,,,,,apportioned,1,tx-sos,2026-09-06T15:29:01+00:00
2024,TX,TX-18,2024-10-01,35,24,,24,0,,,,,apportioned,1,tx-sos,2026-09-06T15:29:01+00:00
2024,TX,TX-18,2024-10-02,34,111,,111,0,,,,,apportioned,1,tx-sos,2026-09-06T15:29:01+00:00
2024,TX,TX-18,2024-10-03,33,189,,189,0,,,,,apportioned,1,tx-sos,2026-09-06T15:29:01+00:00
2024,TX,TX-18,2024-10-04,32,405,,405,0,,,,,apportioned,1,tx-sos,2026-09-06T15:29:01+00:00
2024,TX,TX-18,2024-10-05,31,405,,405,0,,,,,apportioned,1,tx-sos,2026-09-06T15:29:01+00:00
2024,TX,TX-18,2024-10-06,30,405,,405,0,,,,,apportioned,1,tx-sos,2026-09-06T15:29:01+00:00
2024,TX,TX-18,2024-10-07,29,739,,739,0,,,,,apportioned,1,tx-sos,2026-09-06T15:29:01+00:00
2024,TX,TX-18,2024-10-08,28,1086,,1086,0,,,,,apportioned,1,tx-sos,2026-09-06T15:29:01+00:00
2024,TX,TX-18,2024-10-09,27,1206,,1206,0,,,,,apportioned,1,tx-sos,2026-09-06T15:29:01+00:00
2024,TX,TX-18,2024-10-10,26,1588,,1588,0,,,,,apportioned,1,tx-sos,2026-09-06T15:29:01+00:00
2024,TX,TX-18,2024-10-11,25,1856,,1856,0,,,,,apportioned,1,tx-sos,2026-09-06T15:29:01+00:00
2024,TX,TX-18,2024-10-12,24,2034,,2034,0,,,,,apportioned,1,tx-sos,2026-09-06T15:29:01+00:00
2024,TX,TX-18,2024-10-13,23,2034,,2034,0,,,,,apportioned,1,tx-sos,2026-09-06T15:29:01+00:00
2024,TX,TX-18,2024-10-14,22,2250,,2250,0,,,,,apportioned,1,tx-sos,2026-09-06T15:29:01+00:00
2024,TX,TX-18,2024-10-15,21,2253,,2253,0,,,,,apportioned,1,tx-sos,2026-09-06T15:29:01+00:00
2024,TX,TX-18,2024-10-16,20,2783,,2783,0,,,,,apportioned,1,tx-sos,2026-09-06T15:29:01+00:00
2024,TX,TX-18,2024-10-17,19,2933,,2933,0,,,,,apportioned,1,tx-sos,2026-09-06T15:29:01+00:00
2024,TX,TX-18,2024-10-18,18,3193,,3193,0,,,,,apportioned,1,tx-sos,2026-09-06T15:29:01+00:00
2024,TX,TX-18,2024-10-19,17,3301,,3301,0,,,,,apportioned,1,tx-sos,2026-09-06T15:29:01+00:00
2024,TX,TX-18,2024-10-20,16,3301,,3301,0,,,,,apportioned,1,tx-sos,2026-09-06T15:29:01+00:00
2024,TX,TX-18,2024-10-21,15,23771,,3585,20186,,,,,apportioned,1,tx-sos,2026-09-06T15:29:01+00:00
2024,TX,TX-18,2024-10-22,14,42924,,4008,38917,,,,,apportioned,1,tx-sos,2026-09-06T15:29:01+00:00
2024,TX,TX-18,2024-10-23,13,61403,,4460,56943,,,,,apportioned,1,tx-sos,2026-09-06T15:29:01+00:00
2024,TX,TX-18,2024-10-24,12,78629,,4817,73813,,,,,apportioned,1,tx-sos,2026-09-06T15:29:01+00:00
2024,TX,TX-18,2024-10-25,11,97394,,5208,92186,,,,,apportioned,1,tx-sos,2026-09-06T15:29:01+00:00
2024,TX,TX-18,2024-10-26,10,109884,,5648,104236,,,,,apportioned,1,tx-sos,2026-09-06T15:29:01+00:00
2024,TX,TX-18,2024-10-27,9,116582,,5816,110765,,,,,apportioned,1,tx-sos,2026-09-06T15:29:01+00:00
2024,TX,TX-18,2024-10-28,8,132115,,5940,126174,,,,,apportioned,1,tx-sos,2026-09-06T15:29:01+00:00
2024,TX,TX-18,2024-10-29,7,146987,,6404,140583,,,,,apportioned,1,tx-sos,2026-09-06T15:29:01+00:00
2024,TX,TX-18,2024-10-30,6,160628,,6776,153852,,,,,apportioned,1,tx-sos,2026-09-06T15:29:01+00:00
2024,TX,TX-18,2024-10-31,5,174313,,7156,167157,,,,,apportioned,1,tx-sos,2026-09-06T15:29:01+00:00
2024,TX,TX-18,2024-11-01,4,195004,,7580,187423,,,,,apportioned,1,tx-sos,2026-09-06T15:29:01+00:00
2024,TX,TX-19,2024-09-29,37,115,,115,0,,,,,apportioned,1,tx-sos,2026-09-06T15:29:01+00:00
2024,TX,TX-19,2024-09-30,36,218,,218,0,,,,,apportioned,1,tx-sos,2026-09-06T15:29:01+00:00
2024,TX,TX-19,2024-10-01,35,279,,273,6,,,,,apportioned,1,tx-sos,2026-09-06T15:29:01+00:00
2024,TX,TX-19,2024-10-02,34,345,,339,6,,,,,apportioned,1,tx-sos,2026-09-06T15:29:01+00:00
2024,TX,TX-19,2024-10-03,33,416,,410,6,,,,,apportioned,1,tx-sos,2026-09-06T15:29:01+00:00
2024,TX,TX-19,2024-10-04,32,466,,460,6,,,,,apportioned,1,tx-sos,2026-09-06T15:29:01+00:00
2024,TX,TX-19,2024-10-05,31,478,,472,6,,,,,apportioned,1,tx-sos,2026-09-06T15:29:01+00:00
2024,TX,TX-19,2024-10-06,30,478,,472,6,,,,,apportioned,1,tx-sos,2026-09-06T15:29:01+00:00
2024,TX,TX-19,2024-10-07,29,690,,684,6,,,,,apportioned,1,tx-sos,2026-09-06T15:29:01+00:00
2024,TX,TX-19,2024-10-08,28,763,,757,6,,,,,apportioned,1,tx-sos,2026-09-06T15:29:01+00:00
2024,TX,TX-19,2024-10-09,27,991,,985,6,,,,,apportioned,1,tx-sos,2026-09-06T15:29:01+00:00
2024,TX,TX-19,2024-10-10,26,1247,,1241,6,,,,,apportioned,1,tx-sos,2026-09-06T15:29:01+00:00
2024,TX,TX-19,2024-10-11,25,1484,,1478,6,,,,,apportioned,1,tx-sos,2026-09-06T15:29:01+00:00
2024,TX,TX-19,2024-10-12,24,1499,,1493,6,,,,,apportioned,1,tx-sos,2026-09-06T15:29:01+00:00
2024,TX,TX-19,2024-10-13,23,1759,,1753,6,,,,,apportioned,1,tx-sos,2026-09-06T15:29:01+00:00
2024,TX,TX-19,2024-10-14,22,2036,,2030,6,,,,,apportioned,1,tx-sos,2026-09-06T15:29:01+00:00
2024,TX,TX-19,2024-10-15,21,2309,,2303,6,,,,,apportioned,1,tx-sos,2026-09-06T15:29:01+00:00
2024,TX,TX-19,2024-10-16,20,2646,,2640,6,,,,,apportioned,1,tx-sos,2026-09-06T15:29:01+00:00
2024,TX,TX-19,2024-10-17,19,3039,,3033,6,,,,,apportioned,1,tx-sos,2026-09-06T15:29:01+00:00
2024,TX,TX-19,2024-10-18,18,3366,,3360,6,,,,,apportioned,1,tx-sos,2026-09-06T15:29:01+00:00
2024,TX,TX-19,2024-10-19,17,3445,,3439,6,,,,,apportioned,1,tx-sos,2026-09-06T15:29:01+00:00
2024,TX,TX-19,2024-10-20,16,3447,,3441,6,,,,,apportioned,1,tx-sos,2026-09-06T15:29:01+00:00
2024,TX,TX-19,2024-10-21,15,29483,,3803,25680,,,,,apportioned,1,tx-sos,2026-09-06T15:29:01+00:00
2024,TX,TX-19,2024-10-22,14,53815,,4107,49708,,,,,apportioned,1,tx-sos,2026-09-06T15:29:01+00:00
2024,TX,TX-19,2024-10-23,13,76295,,4421,71874,,,,,apportioned,1,tx-sos,2026-09-06T15:29:01+00:00
2024,TX,TX-19,2024-10-24,12,97029,,4937,92092,,,,,apportioned,1,tx-sos,2026-09-06T15:29:01+00:00
2024,TX,TX-19,2024-10-25,11,118422,,5142,113280,,,,,apportioned,1,tx-sos,2026-09-06T15:29:01+00:00
2024,TX,TX-19,2024-10-26,10,131614,,5377,126238,,,,,apportioned,1,tx-sos,2026-09-06T15:29:01+00:00
2024,TX,TX-19,2024-10-27,9,138101,,5436,132666,,,,,apportioned,1,tx-sos,2026-09-06T15:29:01+00:00
2024,TX,TX-19,2024-10-28,8,155599,,5653,149947,,,,,apportioned,1,tx-sos,2026-09-06T15:29:01+00:00
2024,TX,TX-19,2024-10-29,7,171421,,6052,165369,,,,,apportioned,1,tx-sos,2026-09-06T15:29:01+00:00
2024,TX,TX-19,2024-10-30,6,185538,,6327,179211,,,,,apportioned,1,tx-sos,2026-09-06T15:29:01+00:00
2024,TX,TX-19,2024-10-31,5,197879,,6477,191402,,,,,apportioned,1,tx-sos,2026-09-06T15:29:01+00:00
2024,TX,TX-19,2024-11-01,4,217590,,6679,210912,,,,,apportioned,1,tx-sos,2026-09-06T15:29:01+00:00
2024,TX,TX-20,2024-09-29,37,1,,1,0,,,,,apportioned,1,tx-sos,2026-09-06T15:29:01+00:00
2024,TX,TX-20,2024-09-30,36,24,,24,0,,,,,apportioned,1,tx-sos,2026-09-06T15:29:01+00:00
2024,TX,TX-20,2024-10-01,35,33,,33,0,,,,,apportioned,1,tx-sos,2026-09-06T15:29:01+00:00
2024,TX,TX-20,2024-10-02,34,49,,49,0,,,,,apportioned,1,tx-sos,2026-09-06T15:29:01+00:00
2024,TX,TX-20,2024-10-03,33,53,,53,0,,,,,apportioned,1,tx-sos,2026-09-06T15:29:01+00:00
2024,TX,TX-20,2024-10-04,32,53,,53,0,,,,,apportioned,1,tx-sos,2026-09-06T15:29:01+00:00
2024,TX,TX-20,2024-10-05,31,75,,75,0,,,,,apportioned,1,tx-sos,2026-09-06T15:29:01+00:00
2024,TX,TX-20,2024-10-06,30,75,,75,0,,,,,apportioned,1,tx-sos,2026-09-06T15:29:01+00:00
2024,TX,TX-20,2024-10-07,29,176,,176,0,,,,,apportioned,1,tx-sos,2026-09-06T15:29:01+00:00
2024,TX,TX-20,2024-10-08,28,381,,381,0,,,,,apportioned,1,tx-sos,2026-09-06T15:29:01+00:00
2024,TX,TX-20,2024-10-09,27,527,,527,0,,,,,apportioned,1,tx-sos,2026-09-06T15:29:01+00:00
2024,TX,TX-20,2024-10-10,26,821,,821,0,,,,,apportioned,1,tx-sos,2026-09-06T15:29:01+00:00
2024,TX,TX-20,2024-10-11,25,1152,,1152,0,,,,,apportioned,1,tx-sos,2026-09-06T15:29:01+00:00
2024,TX,TX-20,2024-10-12,24,1374,,1374,0,,,,,apportioned,1,tx-sos,2026-09-06T15:29:01+00:00
2024,TX,TX-20,2024-10-13,23,1374,,1374,0,,,,,apportioned,1,tx-sos,2026-09-06T15:29:01+00:00
2024,TX,TX-20,2024-10-14,22,1537,,1537,0,,,,,apportioned,1,tx-sos,2026-09-06T15:29:01+00:00
2024,TX,TX-20,2024-10-15,21,1835,,1835,0,,,,,apportioned,1,tx-sos,2026-09-06T15:29:01+00:00
2024,TX,TX-20,2024-10-16,20,2098,,2098,0,,,,,apportioned,1,tx-sos,2026-09-06T15:29:01+00:00
2024,TX,TX-20,2024-10-17,19,2320,,2320,0,,,,,apportioned,1,tx-sos,2026-09-06T15:29:01+00:00
2024,TX,TX-20,2024-10-18,18,2921,,2921,0,,,,,apportioned,1,tx-sos,2026-09-06T15:29:01+00:00
2024,TX,TX-20,2024-10-19,17,3374,,3374,0,,,,,apportioned,1,tx-sos,2026-09-06T15:29:01+00:00
2024,TX,TX-20,2024-10-20,16,3374,,3374,0,,,,,apportioned,1,tx-sos,2026-09-06T15:29:01+00:00
2024,TX,TX-20,2024-10-21,15,17758,,3760,13998,,,,,apportioned,1,tx-sos,2026-09-06T15:29:01+00:00
2024,TX,TX-20,2024-10-22,14,32481,,4114,28366,,,,,apportioned,1,tx-sos,2026-09-06T15:29:01+00:00
2024,TX,TX-20,2024-10-23,13,47368,,4506,42862,,,,,apportioned,1,tx-sos,2026-09-06T15:29:01+00:00
2024,TX,TX-20,2024-10-24,12,62022,,4639,57383,,,,,apportioned,1,tx-sos,2026-09-06T15:29:01+00:00
2024,TX,TX-20,2024-10-25,11,77129,,4735,72395,,,,,apportioned,1,tx-sos,2026-09-06T15:29:01+00:00
2024,TX,TX-20,2024-10-26,10,91555,,4909,86646,,,,,apportioned,1,tx-sos,2026-09-06T15:29:01+00:00
2024,TX,TX-20,2024-10-27,9,99526,,5133,94393,,,,,apportioned,1,tx-sos,2026-09-06T15:29:01+00:00
2024,TX,TX-20,2024-10-28,8,115405,,5371,110034,,,,,apportioned,1,tx-sos,2026-09-06T15:29:01+00:00
2024,TX,TX-20,2024-10-29,7,131326,,5960,125367,,,,,apportioned,1,tx-sos,2026-09-06T15:29:01+00:00
2024,TX,TX-20,2024-10-30,6,147043,,6729,140314,,,,,apportioned,1,tx-sos,2026-09-06T15:29:01+00:00
2024,TX,TX-20,2024-10-31,5,161241,,7432,153809,,,,,apportioned,1,tx-sos,2026-09-06T15:29:01+00:00
2024,TX,TX-20,2024-11-01,4,180024,,8449,171575,,,,,apportioned,1,tx-sos,2026-09-06T15:29:01+00:00
2024,TX,TX-21,2024-09-29,37,23,,23,0,,,,,apportioned,1,tx-sos,2026-09-06T15:29:01+00:00
2024,TX,TX-21,2024-09-30,36,155,,155,0,,,,,apportioned,1,tx-sos,2026-09-06T15:29:01+00:00
2024,TX,TX-21,2024-10-01,35,256,,256,0,,,,,apportioned,1,tx-sos,2026-09-06T15:29:01+00:00
2024,TX,TX-21,2024-10-02,34,452,,452,0,,,,,apportioned,1,tx-sos,2026-09-06T15:29:01+00:00
2024,TX,TX-21,2024-10-03,33,553,,553,0,,,,,apportioned,1,tx-sos,2026-09-06T15:29:01+00:00
2024,TX,TX-21,2024-10-04,32,637,,637,0,,,,,apportioned,1,tx-sos,2026-09-06T15:29:01+00:00
2024,TX,TX-21,2024-10-05,31,678,,678,0,,,,,apportioned,1,tx-sos,2026-09-06T15:29:01+00:00
2024,TX,TX-21,2024-10-06,30,679,,679,0,,,,,apportioned,1,tx-sos,2026-09-06T15:29:01+00:00
2024,TX,TX-21,2024-10-07,29,1138,,1138,0,,,,,apportioned,1,tx-sos,2026-09-06T15:29:01+00:00
2024,TX,TX-21,2024-10-08,28,1548,,1548,0,,,,,apportioned,1,tx-sos,2026-09-06T15:29:01+00:00
2024,TX,TX-21,2024-10-09,27,2083,,2083,0,,,,,apportioned,1,tx-sos,2026-09-06T15:29:01+00:00
2024,TX,TX-21,2024-10-10,26,2734,,2734,0,,,,,apportioned,1,tx-sos,2026-09-06T15:29:01+00:00
2024,TX,TX-21,2024-10-11,25,3198,,3198,0,,,,,apportioned,1,tx-sos,2026-09-06T15:29:01+00:00
2024,TX,TX-21,2024-10-12,24,3429,,3429,0,,,,,apportioned,1,tx-sos,2026-09-06T15:29:01+00:00
2024,TX,TX-21,2024-10-13,23,3429,,3429,0,,,,,apportioned,1,tx-sos,2026-09-06T15:29:01+00:00
2024,TX,TX-21,2024-10-14,22,3714,,3714,0,,,,,apportioned,1,tx-sos,2026-09-06T15:29:01+00:00
2024,TX,TX-21,2024-10-15,21,4814,,4814,0,,,,,apportioned,1,tx-sos,2026-09-06T15:29:01+00:00
2024,TX,TX-21,2024-10-16,20,5048,,5048,0,,,,,apportioned,1,tx-sos,2026-09-06T15:29:01+00:00
2024,TX,TX-21,2024-10-17,19,5920,,5920,0,,,,,apportioned,1,tx-sos,2026-09-06T15:29:01+00:00
2024,TX,TX-21,2024-10-18,18,6758,,6758,0,,,,,apportioned,1,tx-sos,2026-09-06T15:29:01+00:00
2024,TX,TX-21,2024-10-19,17,7073,,7073,0,,,,,apportioned,1,tx-sos,2026-09-06T15:29:01+00:00
2024,TX,TX-21,2024-10-20,16,7073,,7073,0,,,,,apportioned,1,tx-sos,2026-09-06T15:29:01+00:00
2024,TX,TX-21,2024-10-21,15,39931,,8110,31821,,,,,apportioned,1,tx-sos,2026-09-06T15:29:01+00:00
2024,TX,TX-21,2024-10-22,14,72330,,8523,63807,,,,,apportioned,1,tx-sos,2026-09-06T15:29:01+00:00
2024,TX,TX-21,2024-10-23,13,104155,,9469,94686,,,,,apportioned,1,tx-sos,2026-09-06T15:29:01+00:00
2024,TX,TX-21,2024-10-24,12,134342,,9960,124382,,,,,apportioned,1,tx-sos,2026-09-06T15:29:01+00:00
2024,TX,TX-21,2024-10-25,11,165737,,10261,155476,,,,,apportioned,1,tx-sos,2026-09-06T15:29:01+00:00
2024,TX,TX-21,2024-10-26,10,191139,,10691,180447,,,,,apportioned,1,tx-sos,2026-09-06T15:29:01+00:00
2024,TX,TX-21,2024-10-27,9,204459,,10854,193604,,,,,apportioned,1,tx-sos,2026-09-06T15:29:01+00:00
2024,TX,TX-21,2024-10-28,8,234933,,11530,223403,,,,,apportioned,1,tx-sos,2026-09-06T15:29:01+00:00
2024,TX,TX-21,2024-10-29,7,263245,,12469,250776,,,,,apportioned,1,tx-sos,2026-09-06T15:29:01+00:00
2024,TX,TX-21,2024-10-30,6,289312,,13389,275922,,,,,apportioned,1,tx-sos,2026-09-06T15:29:01+00:00
2024,TX,TX-21,2024-10-31,5,312167,,14076,298091,,,,,apportioned,1,tx-sos,2026-09-06T15:29:01+00:00
2024,TX,TX-21,2024-11-01,4,342692,,15110,327582,,,,,apportioned,1,tx-sos,2026-09-06T15:29:01+00:00
2024,TX,TX-22,2024-09-29,37,4,,4,0,,,,,apportioned,1,tx-sos,2026-09-06T15:29:01+00:00
2024,TX,TX-22,2024-09-30,36,68,,68,0,,,,,apportioned,1,tx-sos,2026-09-06T15:29:01+00:00
2024,TX,TX-22,2024-10-01,35,82,,82,0,,,,,apportioned,1,tx-sos,2026-09-06T15:29:01+00:00
2024,TX,TX-22,2024-10-02,34,192,,192,0,,,,,apportioned,1,tx-sos,2026-09-06T15:29:01+00:00
2024,TX,TX-22,2024-10-03,33,285,,285,0,,,,,apportioned,1,tx-sos,2026-09-06T15:29:01+00:00
2024,TX,TX-22,2024-10-04,32,401,,401,0,,,,,apportioned,1,tx-sos,2026-09-06T15:29:01+00:00
2024,TX,TX-22,2024-10-05,31,401,,401,0,,,,,apportioned,1,tx-sos,2026-09-06T15:29:01+00:00
2024,TX,TX-22,2024-10-06,30,401,,401,0,,,,,apportioned,1,tx-sos,2026-09-06T15:29:01+00:00
2024,TX,TX-22,2024-10-07,29,640,,640,0,,,,,apportioned,1,tx-sos,2026-09-06T15:29:01+00:00
2024,TX,TX-22,2024-10-08,28,824,,824,0,,,,,apportioned,1,tx-sos,2026-09-06T15:29:01+00:00
2024,TX,TX-22,2024-10-09,27,999,,999,0,,,,,apportioned,1,tx-sos,2026-09-06T15:29:01+00:00
2024,TX,TX-22,2024-10-10,26,1218,,1218,0,,,,,apportioned,1,tx-sos,2026-09-06T15:29:01+00:00
2024,TX,TX-22,2024-10-11,25,1519,,1519,0,,,,,apportioned,1,tx-sos,2026-09-06T15:29:01+00:00
2024,TX,TX-22,2024-10-12,24,1660,,1660,0,,,,,apportioned,1,tx-sos,2026-09-06T15:29:01+00:00
2024,TX,TX-22,2024-10-13,23,1660,,1660,0,,,,,apportioned,1,tx-sos,2026-09-06T15:29:01+00:00
2024,TX,TX-22,2024-10-14,22,1800,,1800,0,,,,,apportioned,1,tx-sos,2026-09-06T15:29:01+00:00
2024,TX,TX-22,2024-10-15,21,1888,,1888,0,,,,,apportioned,1,tx-sos,2026-09-06T15:29:01+00:00
2024,TX,TX-22,2024-10-16,20,2551,,2551,0,,,,,apportioned,1,tx-sos,2026-09-06T15:29:01+00:00
2024,TX,TX-22,2024-10-17,19,2868,,2868,0,,,,,apportioned,1,tx-sos,2026-09-06T15:29:01+00:00
2024,TX,TX-22,2024-10-18,18,3093,,3093,0,,,,,apportioned,1,tx-sos,2026-09-06T15:29:01+00:00
2024,TX,TX-22,2024-10-19,17,3300,,3300,0,,,,,apportioned,1,tx-sos,2026-09-06T15:29:01+00:00
2024,TX,TX-22,2024-10-20,16,3300,,3300,0,,,,,apportioned,1,tx-sos,2026-09-06T15:29:01+00:00
2024,TX,TX-22,2024-10-21,15,33753,,3649,30104,,,,,apportioned,1,tx-sos,2026-09-06T15:29:01+00:00
2024,TX,TX-22,2024-10-22,14,62471,,3934,58538,,,,,apportioned,1,tx-sos,2026-09-06T15:29:01+00:00
2024,TX,TX-22,2024-10-23,13,90008,,4257,85750,,,,,apportioned,1,tx-sos,2026-09-06T15:29:01+00:00
2024,TX,TX-22,2024-10-24,12,115655,,4725,110929,,,,,apportioned,1,tx-sos,2026-09-06T15:29:01+00:00
2024,TX,TX-22,2024-10-25,11,143754,,4992,138761,,,,,apportioned,1,tx-sos,2026-09-06T15:29:01+00:00
2024,TX,TX-22,2024-10-26,10,163175,,5515,157659,,,,,apportioned,1,tx-sos,2026-09-06T15:29:01+00:00
2024,TX,TX-22,2024-10-27,9,171679,,5575,166105,,,,,apportioned,1,tx-sos,2026-09-06T15:29:01+00:00
2024,TX,TX-22,2024-10-28,8,193810,,5781,188029,,,,,apportioned,1,tx-sos,2026-09-06T15:29:01+00:00
2024,TX,TX-22,2024-10-29,7,213954,,6394,207560,,,,,apportioned,1,tx-sos,2026-09-06T15:29:01+00:00
2024,TX,TX-22,2024-10-30,6,232168,,6814,225353,,,,,apportioned,1,tx-sos,2026-09-06T15:29:01+00:00
2024,TX,TX-22,2024-10-31,5,249826,,7225,242601,,,,,apportioned,1,tx-sos,2026-09-06T15:29:01+00:00
2024,TX,TX-22,2024-11-01,4,278625,,7783,270843,,,,,apportioned,1,tx-sos,2026-09-06T15:29:01+00:00
2024,TX,TX-23,2024-09-29,37,81,,81,0,,,,,apportioned,1,tx-sos,2026-09-06T15:29:01+00:00
2024,TX,TX-23,2024-09-30,36,160,,160,0,,,,,apportioned,1,tx-sos,2026-09-06T15:29:01+00:00
2024,TX,TX-23,2024-10-01,35,188,,188,0,,,,,apportioned,1,tx-sos,2026-09-06T15:29:01+00:00
2024,TX,TX-23,2024-10-02,34,265,,265,0,,,,,apportioned,1,tx-sos,2026-09-06T15:29:01+00:00
2024,TX,TX-23,2024-10-03,33,301,,301,0,,,,,apportioned,1,tx-sos,2026-09-06T15:29:01+00:00
2024,TX,TX-23,2024-10-04,32,340,,340,0,,,,,apportioned,1,tx-sos,2026-09-06T15:29:01+00:00
2024,TX,TX-23,2024-10-05,31,427,,427,0,,,,,apportioned,1,tx-sos,2026-09-06T15:29:01+00:00
2024,TX,TX-23,2024-10-06,30,427,,427,0,,,,,apportioned,1,tx-sos,2026-09-06T15:29:01+00:00
2024,TX,TX-23,2024-10-07,29,689,,689,0,,,,,apportioned,1,tx-sos,2026-09-06T15:29:01+00:00
2024,TX,TX-23,2024-10-08,28,928,,928,0,,,,,apportioned,1,tx-sos,2026-09-06T15:29:01+00:00
2024,TX,TX-23,2024-10-09,27,1233,,1233,0,,,,,apportioned,1,tx-sos,2026-09-06T15:29:01+00:00
2024,TX,TX-23,2024-10-10,26,1605,,1605,0,,,,,apportioned,1,tx-sos,2026-09-06T15:29:01+00:00
2024,TX,TX-23,2024-10-11,25,2002,,2002,0,,,,,apportioned,1,tx-sos,2026-09-06T15:29:01+00:00
2024,TX,TX-23,2024-10-12,24,2225,,2225,0,,,,,apportioned,1,tx-sos,2026-09-06T15:29:01+00:00
2024,TX,TX-23,2024-10-13,23,2227,,2227,0,,,,,apportioned,1,tx-sos,2026-09-06T15:29:01+00:00
2024,TX,TX-23,2024-10-14,22,2399,,2399,0,,,,,apportioned,1,tx-sos,2026-09-06T15:29:01+00:00
2024,TX,TX-23,2024-10-15,21,2796,,2796,0,,,,,apportioned,1,tx-sos,2026-09-06T15:29:01+00:00
2024,TX,TX-23,2024-10-16,20,3219,,3219,0,,,,,apportioned,1,tx-sos,2026-09-06T15:29:01+00:00
2024,TX,TX-23,2024-10-17,19,3686,,3686,0,,,,,apportioned,1,tx-sos,2026-09-06T15:29:01+00:00
2024,TX,TX-23,2024-10-18,18,4337,,4337,0,,,,,apportioned,1,tx-sos,2026-09-06T15:29:01+00:00
2024,TX,TX-23,2024-10-19,17,4846,,4846,0,,,,,apportioned,1,tx-sos,2026-09-06T15:29:01+00:00
2024,TX,TX-23,2024-10-20,16,4852,,4852,0,,,,,apportioned,1,tx-sos,2026-09-06T15:29:01+00:00
2024,TX,TX-23,2024-10-21,15,28719,,5453,23265,,,,,apportioned,1,tx-sos,2026-09-06T15:29:01+00:00
2024,TX,TX-23,2024-10-22,14,50844,,5972,44873,,,,,apportioned,1,tx-sos,2026-09-06T15:29:01+00:00
2024,TX,TX-23,2024-10-23,13,72163,,6566,65597,,,,,apportioned,1,tx-sos,2026-09-06T15:29:01+00:00
2024,TX,TX-23,2024-10-24,12,92308,,6841,85468,,,,,apportioned,1,tx-sos,2026-09-06T15:29:01+00:00
2024,TX,TX-23,2024-10-25,11,113928,,7096,106830,,,,,apportioned,1,tx-sos,2026-09-06T15:29:01+00:00
2024,TX,TX-23,2024-10-26,10,132965,,7327,125639,,,,,apportioned,1,tx-sos,2026-09-06T15:29:01+00:00
2024,TX,TX-23,2024-10-27,9,142931,,7568,135361,,,,,apportioned,1,tx-sos,2026-09-06T15:29:01+00:00
2024,TX,TX-23,2024-10-28,8,163806,,7955,155850,,,,,apportioned,1,tx-sos,2026-09-06T15:29:01+00:00
2024,TX,TX-23,2024-10-29,7,183717,,8643,175074,,,,,apportioned,1,tx-sos,2026-09-06T15:29:01+00:00
2024,TX,TX-23,2024-10-30,6,203079,,9427,193652,,,,,apportioned,1,tx-sos,2026-09-06T15:29:01+00:00
2024,TX,TX-23,2024-10-31,5,221200,,10189,211010,,,,,apportioned,1,tx-sos,2026-09-06T15:29:01+00:00
2024,TX,TX-23,2024-11-01,4,246968,,11196,235772,,,,,apportioned,1,tx-sos,2026-09-06T15:29:01+00:00
2024,TX,TX-24,2024-09-29,37,7,,7,0,,,,,apportioned,1,tx-sos,2026-09-06T15:29:01+00:00
2024,TX,TX-24,2024-09-30,36,18,,18,0,,,,,apportioned,1,tx-sos,2026-09-06T15:29:01+00:00
2024,TX,TX-24,2024-10-01,35,22,,22,0,,,,,apportioned,1,tx-sos,2026-09-06T15:29:01+00:00
2024,TX,TX-24,2024-10-02,34,29,,29,0,,,,,apportioned,1,tx-sos,2026-09-06T15:29:01+00:00
2024,TX,TX-24,2024-10-03,33,48,,48,0,,,,,apportioned,1,tx-sos,2026-09-06T15:29:01+00:00
2024,TX,TX-24,2024-10-04,32,140,,140,0,,,,,apportioned,1,tx-sos,2026-09-06T15:29:01+00:00
2024,TX,TX-24,2024-10-05,31,140,,140,0,,,,,apportioned,1,tx-sos,2026-09-06T15:29:01+00:00
2024,TX,TX-24,2024-10-06,30,140,,140,0,,,,,apportioned,1,tx-sos,2026-09-06T15:29:01+00:00
2024,TX,TX-24,2024-10-07,29,218,,218,0,,,,,apportioned,1,tx-sos,2026-09-06T15:29:01+00:00
2024,TX,TX-24,2024-10-08,28,663,,663,0,,,,,apportioned,1,tx-sos,2026-09-06T15:29:01+00:00
2024,TX,TX-24,2024-10-09,27,752,,752,0,,,,,apportioned,1,tx-sos,2026-09-06T15:29:01+00:00
2024,TX,TX-24,2024-10-10,26,1391,,1391,0,,,,,apportioned,1,tx-sos,2026-09-06T15:29:01+00:00
2024,TX,TX-24,2024-10-11,25,1927,,1927,0,,,,,apportioned,1,tx-sos,2026-09-06T15:29:01+00:00
2024,TX,TX-24,2024-10-12,24,2150,,2150,0,,,,,apportioned,1,tx-sos,2026-09-06T15:29:01+00:00
2024,TX,TX-24,2024-10-13,23,2158,,2158,0,,,,,apportioned,1,tx-sos,2026-09-06T15:29:01+00:00
2024,TX,TX-24,2024-10-14,22,2335,,2335,0,,,,,apportioned,1,tx-sos,2026-09-06T15:29:01+00:00
2024,TX,TX-24,2024-10-15,21,2816,,2816,0,,,,,apportioned,1,tx-sos,2026-09-06T15:29:01+00:00
2024,TX,TX-24,2024-10-16,20,3720,,3720,0,,,,,apportioned,1,tx-sos,2026-09-06T15:29:01+00:00
2024,TX,TX-24,2024-10-17,19,4340,,4340,0,,,,,apportioned,1,tx-sos,2026-09-06T15:29:01+00:00
2024,TX,TX-24,2024-10-18,18,4872,,4872,0,,,,,apportioned,1,tx-sos,2026-09-06T15:29:01+00:00
2024,TX,TX-24,2024-10-19,17,5550,,5550,0,,,,,apportioned,1,tx-sos,2026-09-06T15:29:01+00:00
2024,TX,TX-24,2024-10-20,16,5550,,5550,0,,,,,apportioned,1,tx-sos,2026-09-06T15:29:01+00:00
2024,TX,TX-24,2024-10-21,15,32187,,6264,25923,,,,,apportioned,1,tx-sos,2026-09-06T15:29:01+00:00
2024,TX,TX-24,2024-10-22,14,58107,,6521,51586,,,,,apportioned,1,tx-sos,2026-09-06T15:29:01+00:00
2024,TX,TX-24,2024-10-23,13,83626,,7299,76327,,,,,apportioned,1,tx-sos,2026-09-06T15:29:01+00:00
2024,TX,TX-24,2024-10-24,12,108107,,7748,100358,,,,,apportioned,1,tx-sos,2026-09-06T15:29:01+00:00
2024,TX,TX-24,2024-10-25,11,135241,,8423,126819,,,,,apportioned,1,tx-sos,2026-09-06T15:29:01+00:00
2024,TX,TX-24,2024-10-26,10,159992,,8821,151171,,,,,apportioned,1,tx-sos,2026-09-06T15:29:01+00:00
2024,TX,TX-24,2024-10-27,9,171730,,8821,162909,,,,,apportioned,1,tx-sos,2026-09-06T15:29:01+00:00
2024,TX,TX-24,2024-10-28,8,197818,,9447,188370,,,,,apportioned,1,tx-sos,2026-09-06T15:29:01+00:00
2024,TX,TX-24,2024-10-29,7,221233,,9742,211492,,,,,apportioned,1,tx-sos,2026-09-06T15:29:01+00:00
2024,TX,TX-24,2024-10-30,6,243596,,10107,233489,,,,,apportioned,1,tx-sos,2026-09-06T15:29:01+00:00
2024,TX,TX-24,2024-10-31,5,264768,,10569,254198,,,,,apportioned,1,tx-sos,2026-09-06T15:29:01+00:00
2024,TX,TX-24,2024-11-01,4,295365,,10912,284453,,,,,apportioned,1,tx-sos,2026-09-06T15:29:01+00:00
2024,TX,TX-25,2024-09-29,37,80,,80,0,,,,,apportioned,1,tx-sos,2026-09-06T15:29:01+00:00
2024,TX,TX-25,2024-09-30,36,135,,135,0,,,,,apportioned,1,tx-sos,2026-09-06T15:29:01+00:00
2024,TX,TX-25,2024-10-01,35,161,,161,0,,,,,apportioned,1,tx-sos,2026-09-06T15:29:01+00:00
2024,TX,TX-25,2024-10-02,34,231,,231,0,,,,,apportioned,1,tx-sos,2026-09-06T15:29:01+00:00
2024,TX,TX-25,2024-10-03,33,374,,374,0,,,,,apportioned,1,tx-sos,2026-09-06T15:29:01+00:00
2024,TX,TX-25,2024-10-04,32,491,,491,0,,,,,apportioned,1,tx-sos,2026-09-06T15:29:01+00:00
2024,TX,TX-25,2024-10-05,31,533,,533,0,,,,,apportioned,1,tx-sos,2026-09-06T15:29:01+00:00
2024,TX,TX-25,2024-10-06,30,533,,533,0,,,,,apportioned,1,tx-sos,2026-09-06T15:29:01+00:00
2024,TX,TX-25,2024-10-07,29,784,,784,0,,,,,apportioned,1,tx-sos,2026-09-06T15:29:01+00:00
2024,TX,TX-25,2024-10-08,28,927,,927,0,,,,,apportioned,1,tx-sos,2026-09-06T15:29:01+00:00
2024,TX,TX-25,2024-10-09,27,1170,,1170,0,,,,,apportioned,1,tx-sos,2026-09-06T15:29:01+00:00
2024,TX,TX-25,2024-10-10,26,1600,,1600,0,,,,,apportioned,1,tx-sos,2026-09-06T15:29:01+00:00
2024,TX,TX-25,2024-10-11,25,2010,,2010,0,,,,,apportioned,1,tx-sos,2026-09-06T15:29:01+00:00
2024,TX,TX-25,2024-10-12,24,2019,,2019,0,,,,,apportioned,1,tx-sos,2026-09-06T15:29:01+00:00
2024,TX,TX-25,2024-10-13,23,2019,,2019,0,,,,,apportioned,1,tx-sos,2026-09-06T15:29:01+00:00
2024,TX,TX-25,2024-10-14,22,2063,,2063,0,,,,,apportioned,1,tx-sos,2026-09-06T15:29:01+00:00
2024,TX,TX-25,2024-10-15,21,2634,,2634,0,,,,,apportioned,1,tx-sos,2026-09-06T15:29:01+00:00
2024,TX,TX-25,2024-10-16,20,3115,,3115,0,,,,,apportioned,1,tx-sos,2026-09-06T15:29:01+00:00
2024,TX,TX-25,2024-10-17,19,3603,,3603,0,,,,,apportioned,1,tx-sos,2026-09-06T15:29:01+00:00
2024,TX,TX-25,2024-10-18,18,4002,,4002,0,,,,,apportioned,1,tx-sos,2026-09-06T15:29:01+00:00
2024,TX,TX-25,2024-10-19,17,4300,,4300,0,,,,,apportioned,1,tx-sos,2026-09-06T15:29:01+00:00
2024,TX,TX-25,2024-10-20,16,4300,,4300,0,,,,,apportioned,1,tx-sos,2026-09-06T15:29:01+00:00
2024,TX,TX-25,2024-10-21,15,30057,,4885,25172,,,,,apportioned,1,tx-sos,2026-09-06T15:29:01+00:00
2024,TX,TX-25,2024-10-22,14,54120,,5183,48937,,,,,apportioned,1,tx-sos,2026-09-06T15:29:01+00:00
2024,TX,TX-25,2024-10-23,13,77166,,5696,71470,,,,,apportioned,1,tx-sos,2026-09-06T15:29:01+00:00
2024,TX,TX-25,2024-10-24,12,99438,,6144,93294,,,,,apportioned,1,tx-sos,2026-09-06T15:29:01+00:00
2024,TX,TX-25,2024-10-25,11,123657,,6559,117100,,,,,apportioned,1,tx-sos,2026-09-06T15:29:01+00:00
2024,TX,TX-25,2024-10-26,10,141785,,6843,134941,,,,,apportioned,1,tx-sos,2026-09-06T15:29:01+00:00
2024,TX,TX-25,2024-10-27,9,150547,,6850,143696,,,,,apportioned,1,tx-sos,2026-09-06T15:29:01+00:00
2024,TX,TX-25,2024-10-28,8,172612,,7247,165365,,,,,apportioned,1,tx-sos,2026-09-06T15:29:01+00:00
2024,TX,TX-25,2024-10-29,7,191046,,7518,183528,,,,,apportioned,1,tx-sos,2026-09-06T15:29:01+00:00
2024,TX,TX-25,2024-10-30,6,207683,,7796,199888,,,,,apportioned,1,tx-sos,2026-09-06T15:29:01+00:00
2024,TX,TX-25,2024-10-31,5,223629,,8109,215520,,,,,apportioned,1,tx-sos,2026-09-06T15:29:01+00:00
2024,TX,TX-25,2024-11-01,4,246851,,8678,238173,,,,,apportioned,1,tx-sos,2026-09-06T15:29:01+00:00
2024,TX,TX-26,2024-09-29,37,8,,8,0,,,,,apportioned,1,tx-sos,2026-09-06T15:29:01+00:00
2024,TX,TX-26,2024-09-30,36,54,,54,0,,,,,apportioned,1,tx-sos,2026-09-06T15:29:01+00:00
2024,TX,TX-26,2024-10-01,35,60,,60,0,,,,,apportioned,1,tx-sos,2026-09-06T15:29:01+00:00
2024,TX,TX-26,2024-10-02,34,83,,83,0,,,,,apportioned,1,tx-sos,2026-09-06T15:29:01+00:00
2024,TX,TX-26,2024-10-03,33,436,,436,0,,,,,apportioned,1,tx-sos,2026-09-06T15:29:01+00:00
2024,TX,TX-26,2024-10-04,32,481,,481,0,,,,,apportioned,1,tx-sos,2026-09-06T15:29:01+00:00
2024,TX,TX-26,2024-10-05,31,608,,608,0,,,,,apportioned,1,tx-sos,2026-09-06T15:29:01+00:00
2024,TX,TX-26,2024-10-06,30,608,,608,0,,,,,apportioned,1,tx-sos,2026-09-06T15:29:01+00:00
2024,TX,TX-26,2024-10-07,29,629,,629,0,,,,,apportioned,1,tx-sos,2026-09-06T15:29:01+00:00
2024,TX,TX-26,2024-10-08,28,726,,726,0,,,,,apportioned,1,tx-sos,2026-09-06T15:29:01+00:00
2024,TX,TX-26,2024-10-09,27,1233,,1233,0,,,,,apportioned,1,tx-sos,2026-09-06T15:29:01+00:00
2024,TX,TX-26,2024-10-10,26,1688,,1688,0,,,,,apportioned,1,tx-sos,2026-09-06T15:29:01+00:00
2024,TX,TX-26,2024-10-11,25,1824,,1824,0,,,,,apportioned,1,tx-sos,2026-09-06T15:29:01+00:00
2024,TX,TX-26,2024-10-12,24,2149,,2149,0,,,,,apportioned,1,tx-sos,2026-09-06T15:29:01+00:00
2024,TX,TX-26,2024-10-13,23,2149,,2149,0,,,,,apportioned,1,tx-sos,2026-09-06T15:29:01+00:00
2024,TX,TX-26,2024-10-14,22,2484,,2484,0,,,,,apportioned,1,tx-sos,2026-09-06T15:29:01+00:00
2024,TX,TX-26,2024-10-15,21,2532,,2532,0,,,,,apportioned,1,tx-sos,2026-09-06T15:29:01+00:00
2024,TX,TX-26,2024-10-16,20,2908,,2908,0,,,,,apportioned,1,tx-sos,2026-09-06T15:29:01+00:00
2024,TX,TX-26,2024-10-17,19,3270,,3270,0,,,,,apportioned,1,tx-sos,2026-09-06T15:29:01+00:00
2024,TX,TX-26,2024-10-18,18,3625,,3625,0,,,,,apportioned,1,tx-sos,2026-09-06T15:29:01+00:00
2024,TX,TX-26,2024-10-19,17,4211,,4211,0,,,,,apportioned,1,tx-sos,2026-09-06T15:29:01+00:00
2024,TX,TX-26,2024-10-20,16,4769,,4769,0,,,,,apportioned,1,tx-sos,2026-09-06T15:29:01+00:00
2024,TX,TX-26,2024-10-21,15,47324,,4870,42454,,,,,apportioned,1,tx-sos,2026-09-06T15:29:01+00:00
2024,TX,TX-26,2024-10-22,14,85229,,5772,79458,,,,,apportioned,1,tx-sos,2026-09-06T15:29:01+00:00
2024,TX,TX-26,2024-10-23,13,117953,,5901,112053,,,,,apportioned,1,tx-sos,2026-09-06T15:29:01+00:00
2024,TX,TX-26,2024-10-24,12,147121,,6012,141109,,,,,apportioned,1,tx-sos,2026-09-06T15:29:01+00:00
2024,TX,TX-26,2024-10-25,11,180233,,6589,173644,,,,,apportioned,1,tx-sos,2026-09-06T15:29:01+00:00
2024,TX,TX-26,2024-10-26,10,200940,,7493,193447,,,,,apportioned,1,tx-sos,2026-09-06T15:29:01+00:00
2024,TX,TX-26,2024-10-27,9,211809,,7518,204291,,,,,apportioned,1,tx-sos,2026-09-06T15:29:01+00:00
2024,TX,TX-26,2024-10-28,8,234655,,7552,227105,,,,,apportioned,1,tx-sos,2026-09-06T15:29:01+00:00
2024,TX,TX-26,2024-10-29,7,255683,,8407,247276,,,,,apportioned,1,tx-sos,2026-09-06T15:29:01+00:00
2024,TX,TX-26,2024-10-30,6,275103,,8523,266580,,,,,apportioned,1,tx-sos,2026-09-06T15:29:01+00:00
2024,TX,TX-26,2024-10-31,5,293892,,8836,285057,,,,,apportioned,1,tx-sos,2026-09-06T15:29:01+00:00
2024,TX,TX-26,2024-11-01,4,323474,,9357,314117,,,,,apportioned,1,tx-sos,2026-09-06T15:29:01+00:00
2024,TX,TX-27,2024-09-29,37,248,,248,0,,,,,apportioned,1,tx-sos,2026-09-06T15:29:01+00:00
2024,TX,TX-27,2024-09-30,36,802,,802,0,,,,,apportioned,1,tx-sos,2026-09-06T15:29:01+00:00
2024,TX,TX-27,2024-10-01,35,834,,834,0,,,,,apportioned,1,tx-sos,2026-09-06T15:29:01+00:00
2024,TX,TX-27,2024-10-02,34,1151,,1151,0,,,,,apportioned,1,tx-sos,2026-09-06T15:29:01+00:00
2024,TX,TX-27,2024-10-03,33,1454,,1454,0,,,,,apportioned,1,tx-sos,2026-09-06T15:29:01+00:00
2024,TX,TX-27,2024-10-04,32,1704,,1704,0,,,,,apportioned,1,tx-sos,2026-09-06T15:29:01+00:00
2024,TX,TX-27,2024-10-05,31,1714,,1714,0,,,,,apportioned,1,tx-sos,2026-09-06T15:29:01+00:00
2024,TX,TX-27,2024-10-06,30,1714,,1714,0,,,,,apportioned,1,tx-sos,2026-09-06T15:29:01+00:00
2024,TX,TX-27,2024-10-07,29,2219,,2219,0,,,,,apportioned,1,tx-sos,2026-09-06T15:29:01+00:00
2024,TX,TX-27,2024-10-08,28,2377,,2377,0,,,,,apportioned,1,tx-sos,2026-09-06T15:29:01+00:00
2024,TX,TX-27,2024-10-09,27,2669,,2669,0,,,,,apportioned,1,tx-sos,2026-09-06T15:29:01+00:00
2024,TX,TX-27,2024-10-10,26,3158,,3158,0,,,,,apportioned,1,tx-sos,2026-09-06T15:29:01+00:00
2024,TX,TX-27,2024-10-11,25,3455,,3455,0,,,,,apportioned,1,tx-sos,2026-09-06T15:29:01+00:00
2024,TX,TX-27,2024-10-12,24,3566,,3566,0,,,,,apportioned,1,tx-sos,2026-09-06T15:29:01+00:00
2024,TX,TX-27,2024-10-13,23,3566,,3566,0,,,,,apportioned,1,tx-sos,2026-09-06T15:29:01+00:00
2024,TX,TX-27,2024-10-14,22,3640,,3640,0,,,,,apportioned,1,tx-sos,2026-09-06T15:29:01+00:00
2024,TX,TX-27,2024-10-15,21,4330,,4330,0,,,,,apportioned,1,tx-sos,2026-09-06T15:29:01+00:00
2024,TX,TX-27,2024-10-16,20,4637,,4637,0,,,,,apportioned,1,tx-sos,2026-09-06T15:29:01+00:00
2024,TX,TX-27,2024-10-17,19,5287,,5287,0,,,,,apportioned,1,tx-sos,2026-09-06T15:29:01+00:00
2024,TX,TX-27,2024-10-18,18,5630,,5630,0,,,,,apportioned,1,tx-sos,2026-09-06T15:29:01+00:00
2024,TX,TX-27,2024-10-19,17,5663,,5663,0,,,,,apportioned,1,tx-sos,2026-09-06T15:29:01+00:00
2024,TX,TX-27,2024-10-20,16,5801,,5801,0,,,,,apportioned,1,tx-sos,2026-09-06T15:29:01+00:00
2024,TX,TX-27,2024-10-21,15,34073,,6478,27595,,,,,apportioned,1,tx-sos,2026-09-06T15:29:01+00:00
2024,TX,TX-27,2024-10-22,14,60435,,6701,53733,,,,,apportioned,1,tx-sos,2026-09-06T15:29:01+00:00
2024,TX,TX-27,2024-10-23,13,85355,,7312,78045,,,,,apportioned,1,tx-sos,2026-09-06T15:29:01+00:00
2024,TX,TX-27,2024-10-24,12,108806,,7766,101040,,,,,apportioned,1,tx-sos,2026-09-06T15:29:01+00:00
2024,TX,TX-27,2024-10-25,11,133447,,8186,125260,,,,,apportioned,1,tx-sos,2026-09-06T15:29:01+00:00
2024,TX,TX-27,2024-10-26,10,150285,,8471,141813,,,,,apportioned,1,tx-sos,2026-09-06T15:29:01+00:00
2024,TX,TX-27,2024-10-27,9,158372,,8471,149901,,,,,apportioned,1,tx-sos,2026-09-06T15:29:01+00:00
2024,TX,TX-27,2024-10-28,8,179544,,9000,170544,,,,,apportioned,1,tx-sos,2026-09-06T15:29:01+00:00
2024,TX,TX-27,2024-10-29,7,198977,,9571,189410,,,,,apportioned,1,tx-sos,2026-09-06T15:29:01+00:00
2024,TX,TX-27,2024-10-30,6,216393,,9947,206446,,,,,apportioned,1,tx-sos,2026-09-06T15:29:01+00:00
2024,TX,TX-27,2024-10-31,5,232865,,10139,222727,,,,,apportioned,1,tx-sos,2026-09-06T15:29:01+00:00
2024,TX,TX-27,2024-11-01,4,256972,,10473,246501,,,,,apportioned,1,tx-sos,2026-09-06T15:29:01+00:00
2024,TX,TX-28,2024-09-29,37,40,,40,0,,,,,apportioned,1,tx-sos,2026-09-06T15:29:01+00:00
2024,TX,TX-28,2024-09-30,36,50,,50,0,,,,,apportioned,1,tx-sos,2026-09-06T15:29:01+00:00
2024,TX,TX-28,2024-10-01,35,64,,64,0,,,,,apportioned,1,tx-sos,2026-09-06T15:29:01+00:00
2024,TX,TX-28,2024-10-02,34,103,,103,0,,,,,apportioned,1,tx-sos,2026-09-06T15:29:01+00:00
2024,TX,TX-28,2024-10-03,33,131,,131,0,,,,,apportioned,1,tx-sos,2026-09-06T15:29:01+00:00
2024,TX,TX-28,2024-10-04,32,164,,164,0,,,,,apportioned,1,tx-sos,2026-09-06T15:29:01+00:00
2024,TX,TX-28,2024-10-05,31,164,,164,0,,,,,apportioned,1,tx-sos,2026-09-06T15:29:01+00:00
2024,TX,TX-28,2024-10-06,30,164,,164,0,,,,,apportioned,1,tx-sos,2026-09-06T15:29:01+00:00
2024,TX,TX-28,2024-10-07,29,192,,192,0,,,,,apportioned,1,tx-sos,2026-09-06T15:29:01+00:00
2024,TX,TX-28,2024-10-08,28,216,,216,0,,,,,apportioned,1,tx-sos,2026-09-06T15:29:01+00:00
2024,TX,TX-28,2024-10-09,27,274,,274,0,,,,,apportioned,1,tx-sos,2026-09-06T15:29:01+00:00
2024,TX,TX-28,2024-10-10,26,490,,490,0,,,,,apportioned,1,tx-sos,2026-09-06T15:29:01+00:00
2024,TX,TX-28,2024-10-11,25,540,,540,0,,,,,apportioned,1,tx-sos,2026-09-06T15:29:01+00:00
2024,TX,TX-28,2024-10-12,24,540,,540,0,,,,,apportioned,1,tx-sos,2026-09-06T15:29:01+00:00
2024,TX,TX-28,2024-10-13,23,540,,540,0,,,,,apportioned,1,tx-sos,2026-09-06T15:29:01+00:00
2024,TX,TX-28,2024-10-14,22,540,,540,0,,,,,apportioned,1,tx-sos,2026-09-06T15:29:01+00:00
2024,TX,TX-28,2024-10-15,21,959,,959,0,,,,,apportioned,1,tx-sos,2026-09-06T15:29:01+00:00
2024,TX,TX-28,2024-10-16,20,1439,,1439,0,,,,,apportioned,1,tx-sos,2026-09-06T15:29:01+00:00
2024,TX,TX-28,2024-10-17,19,1718,,1718,0,,,,,apportioned,1,tx-sos,2026-09-06T15:29:01+00:00
2024,TX,TX-28,2024-10-18,18,2063,,2063,0,,,,,apportioned,1,tx-sos,2026-09-06T15:29:01+00:00
2024,TX,TX-28,2024-10-19,17,2081,,2081,0,,,,,apportioned,1,tx-sos,2026-09-06T15:29:01+00:00
2024,TX,TX-28,2024-10-20,16,2082,,2082,0,,,,,apportioned,1,tx-sos,2026-09-06T15:29:01+00:00
2024,TX,TX-28,2024-10-21,15,17801,,2436,15364,,,,,apportioned,1,tx-sos,2026-09-06T15:29:01+00:00
2024,TX,TX-28,2024-10-22,14,31255,,2663,28592,,,,,apportioned,1,tx-sos,2026-09-06T15:29:01+00:00
2024,TX,TX-28,2024-10-23,13,44278,,3087,41191,,,,,apportioned,1,tx-sos,2026-09-06T15:29:01+00:00
2024,TX,TX-28,2024-10-24,12,55899,,3347,52551,,,,,apportioned,1,tx-sos,2026-09-06T15:29:01+00:00
2024,TX,TX-28,2024-10-25,11,68853,,3568,65286,,,,,apportioned,1,tx-sos,2026-09-06T15:29:01+00:00
2024,TX,TX-28,2024-10-26,10,80674,,3699,76975,,,,,apportioned,1,tx-sos,2026-09-06T15:29:01+00:00
2024,TX,TX-28,2024-10-27,9,85597,,3704,81893,,,,,apportioned,1,tx-sos,2026-09-06T15:29:01+00:00
2024,TX,TX-28,2024-10-28,8,96955,,3959,92995,,,,,apportioned,1,tx-sos,2026-09-06T15:29:01+00:00
2024,TX,TX-28,2024-10-29,7,107460,,4146,103314,,,,,apportioned,1,tx-sos,2026-09-06T15:29:01+00:00
2024,TX,TX-28,2024-10-30,6,117936,,4343,113592,,,,,apportioned,1,tx-sos,2026-09-06T15:29:01+00:00
2024,TX,TX-28,2024-10-31,5,127601,,4486,123115,,,,,apportioned,1,tx-sos,2026-09-06T15:29:01+00:00
2024,TX,TX-28,2024-11-01,4,144022,,4717,139306,,,,,apportioned,1,tx-sos,2026-09-06T15:29:01+00:00
2024,TX,TX-29,2024-09-29,37,1,,1,0,,,,,apportioned,1,tx-sos,2026-09-06T15:29:01+00:00
2024,TX,TX-29,2024-09-30,36,17,,17,0,,,,,apportioned,1,tx-sos,2026-09-06T15:29:01+00:00
2024,TX,TX-29,2024-10-01,35,20,,20,0,,,,,apportioned,1,tx-sos,2026-09-06T15:29:01+00:00
2024,TX,TX-29,2024-10-02,34,101,,101,0,,,,,apportioned,1,tx-sos,2026-09-06T15:29:01+00:00
2024,TX,TX-29,2024-10-03,33,174,,174,0,,,,,apportioned,1,tx-sos,2026-09-06T15:29:01+00:00
2024,TX,TX-29,2024-10-04,32,381,,381,0,,,,,apportioned,1,tx-sos,2026-09-06T15:29:01+00:00
2024,TX,TX-29,2024-10-05,31,381,,381,0,,,,,apportioned,1,tx-sos,2026-09-06T15:29:01+00:00
2024,TX,TX-29,2024-10-06,30,381,,381,0,,,,,apportioned,1,tx-sos,2026-09-06T15:29:01+00:00
2024,TX,TX-29,2024-10-07,29,695,,695,0,,,,,apportioned,1,tx-sos,2026-09-06T15:29:01+00:00
2024,TX,TX-29,2024-10-08,28,1031,,1031,0,,,,,apportioned,1,tx-sos,2026-09-06T15:29:01+00:00
2024,TX,TX-29,2024-10-09,27,1124,,1124,0,,,,,apportioned,1,tx-sos,2026-09-06T15:29:01+00:00
2024,TX,TX-29,2024-10-10,26,1485,,1485,0,,,,,apportioned,1,tx-sos,2026-09-06T15:29:01+00:00
2024,TX,TX-29,2024-10-11,25,1695,,1695,0,,,,,apportioned,1,tx-sos,2026-09-06T15:29:01+00:00
2024,TX,TX-29,2024-10-12,24,1845,,1845,0,,,,,apportioned,1,tx-sos,2026-09-06T15:29:01+00:00
2024,TX,TX-29,2024-10-13,23,1845,,1845,0,,,,,apportioned,1,tx-sos,2026-09-06T15:29:01+00:00
2024,TX,TX-29,2024-10-14,22,2048,,2048,0,,,,,apportioned,1,tx-sos,2026-09-06T15:29:01+00:00
2024,TX,TX-29,2024-10-15,21,2050,,2050,0,,,,,apportioned,1,tx-sos,2026-09-06T15:29:01+00:00
2024,TX,TX-29,2024-10-16,20,2423,,2423,0,,,,,apportioned,1,tx-sos,2026-09-06T15:29:01+00:00
2024,TX,TX-29,2024-10-17,19,2490,,2490,0,,,,,apportioned,1,tx-sos,2026-09-06T15:29:01+00:00
2024,TX,TX-29,2024-10-18,18,2704,,2704,0,,,,,apportioned,1,tx-sos,2026-09-06T15:29:01+00:00
2024,TX,TX-29,2024-10-19,17,2758,,2758,0,,,,,apportioned,1,tx-sos,2026-09-06T15:29:01+00:00
2024,TX,TX-29,2024-10-20,16,2758,,2758,0,,,,,apportioned,1,tx-sos,2026-09-06T15:29:01+00:00
2024,TX,TX-29,2024-10-21,15,17602,,2963,14639,,,,,apportioned,1,tx-sos,2026-09-06T15:29:01+00:00
2024,TX,TX-29,2024-10-22,14,31382,,3336,28046,,,,,apportioned,1,tx-sos,2026-09-06T15:29:01+00:00
2024,TX,TX-29,2024-10-23,13,44639,,3727,40912,,,,,apportioned,1,tx-sos,2026-09-06T15:29:01+00:00
2024,TX,TX-29,2024-10-24,12,56961,,3991,52969,,,,,apportioned,1,tx-sos,2026-09-06T15:29:01+00:00
2024,TX,TX-29,2024-10-25,11,70412,,4366,66046,,,,,apportioned,1,tx-sos,2026-09-06T15:29:01+00:00
2024,TX,TX-29,2024-10-26,10,79155,,4685,74471,,,,,apportioned,1,tx-sos,2026-09-06T15:29:01+00:00
2024,TX,TX-29,2024-10-27,9,84358,,4848,79510,,,,,apportioned,1,tx-sos,2026-09-06T15:29:01+00:00
2024,TX,TX-29,2024-10-28,8,95695,,4968,90728,,,,,apportioned,1,tx-sos,2026-09-06T15:29:01+00:00
2024,TX,TX-29,2024-10-29,7,106701,,5288,101412,,,,,apportioned,1,tx-sos,2026-09-06T15:29:01+00:00
2024,TX,TX-29,2024-10-30,6,116848,,5585,111263,,,,,apportioned,1,tx-sos,2026-09-06T15:29:01+00:00
2024,TX,TX-29,2024-10-31,5,127186,,5888,121298,,,,,apportioned,1,tx-sos,2026-09-06T15:29:01+00:00
2024,TX,TX-29,2024-11-01,4,142359,,6192,136166,,,,,apportioned,1,tx-sos,2026-09-06T15:29:01+00:00
2024,TX,TX-30,2024-09-29,37,2,,2,0,,,,,apportioned,1,tx-sos,2026-09-06T15:29:01+00:00
2024,TX,TX-30,2024-09-30,36,5,,5,0,,,,,apportioned,1,tx-sos,2026-09-06T15:29:01+00:00
2024,TX,TX-30,2024-10-01,35,7,,7,0,,,,,apportioned,1,tx-sos,2026-09-06T15:29:01+00:00
2024,TX,TX-30,2024-10-02,34,9,,9,0,,,,,apportioned,1,tx-sos,2026-09-06T15:29:01+00:00
2024,TX,TX-30,2024-10-03,33,14,,14,0,,,,,apportioned,1,tx-sos,2026-09-06T15:29:01+00:00
2024,TX,TX-30,2024-10-04,32,117,,117,0,,,,,apportioned,1,tx-sos,2026-09-06T15:29:01+00:00
2024,TX,TX-30,2024-10-05,31,117,,117,0,,,,,apportioned,1,tx-sos,2026-09-06T15:29:01+00:00
2024,TX,TX-30,2024-10-06,30,117,,117,0,,,,,apportioned,1,tx-sos,2026-09-06T15:29:01+00:00
2024,TX,TX-30,2024-10-07,29,142,,142,0,,,,,apportioned,1,tx-sos,2026-09-06T15:29:01+00:00
2024,TX,TX-30,2024-10-08,28,737,,737,0,,,,,apportioned,1,tx-sos,2026-09-06T15:29:01+00:00
2024,TX,TX-30,2024-10-09,27,769,,769,0,,,,,apportioned,1,tx-sos,2026-09-06T15:29:01+00:00
2024,TX,TX-30,2024-10-10,26,1183,,1183,0,,,,,apportioned,1,tx-sos,2026-09-06T15:29:01+00:00
2024,TX,TX-30,2024-10-11,25,1352,,1352,0,,,,,apportioned,1,tx-sos,2026-09-06T15:29:01+00:00
2024,TX,TX-30,2024-10-12,24,1669,,1669,0,,,,,apportioned,1,tx-sos,2026-09-06T15:29:01+00:00
2024,TX,TX-30,2024-10-13,23,1680,,1680,0,,,,,apportioned,1,tx-sos,2026-09-06T15:29:01+00:00
2024,TX,TX-30,2024-10-14,22,1931,,1931,0,,,,,apportioned,1,tx-sos,2026-09-06T15:29:01+00:00
2024,TX,TX-30,2024-10-15,21,2075,,2075,0,,,,,apportioned,1,tx-sos,2026-09-06T15:29:01+00:00
2024,TX,TX-30,2024-10-16,20,2633,,2633,0,,,,,apportioned,1,tx-sos,2026-09-06T15:29:01+00:00
2024,TX,TX-30,2024-10-17,19,2839,,2839,0,,,,,apportioned,1,tx-sos,2026-09-06T15:29:01+00:00
2024,TX,TX-30,2024-10-18,18,3188,,3188,0,,,,,apportioned,1,tx-sos,2026-09-06T15:29:01+00:00
2024,TX,TX-30,2024-10-19,17,3578,,3578,0,,,,,apportioned,1,tx-sos,2026-09-06T15:29:01+00:00
2024,TX,TX-30,2024-10-20,16,3578,,3578,0,,,,,apportioned,1,tx-sos,2026-09-06T15:29:01+00:00
2024,TX,TX-30,2024-10-21,15,20517,,4065,16451,,,,,apportioned,1,tx-sos,2026-09-06T15:29:01+00:00
2024,TX,TX-30,2024-10-22,14,37143,,4264,32879,,,,,apportioned,1,tx-sos,2026-09-06T15:29:01+00:00
2024,TX,TX-30,2024-10-23,13,53403,,4768,48636,,,,,apportioned,1,tx-sos,2026-09-06T15:29:01+00:00
2024,TX,TX-30,2024-10-24,12,68778,,5101,63677,,,,,apportioned,1,tx-sos,2026-09-06T15:29:01+00:00
2024,TX,TX-30,2024-10-25,11,85934,,5505,80429,,,,,apportioned,1,tx-sos,2026-09-06T15:29:01+00:00
2024,TX,TX-30,2024-10-26,10,101592,,5624,95968,,,,,apportioned,1,tx-sos,2026-09-06T15:29:01+00:00
2024,TX,TX-30,2024-10-27,9,108950,,5624,103326,,,,,apportioned,1,tx-sos,2026-09-06T15:29:01+00:00
2024,TX,TX-30,2024-10-28,8,125464,,6203,119261,,,,,apportioned,1,tx-sos,2026-09-06T15:29:01+00:00
2024,TX,TX-30,2024-10-29,7,140421,,6420,134001,,,,,apportioned,1,tx-sos,2026-09-06T15:29:01+00:00
2024,TX,TX-30,2024-10-30,6,155169,,6709,148460,,,,,apportioned,1,tx-sos,2026-09-06T15:29:01+00:00
2024,TX,TX-30,2024-10-31,5,169235,,7022,162213,,,,,apportioned,1,tx-sos,2026-09-06T15:29:01+00:00
2024,TX,TX-30,2024-11-01,4,190143,,7308,182836,,,,,apportioned,1,tx-sos,2026-09-06T15:29:01+00:00
2024,TX,TX-31,2024-09-29,37,76,,76,0,,,,,apportioned,1,tx-sos,2026-09-06T15:29:01+00:00
2024,TX,TX-31,2024-09-30,36,238,,238,0,,,,,apportioned,1,tx-sos,2026-09-06T15:29:01+00:00
2024,TX,TX-31,2024-10-01,35,275,,275,0,,,,,apportioned,1,tx-sos,2026-09-06T15:29:01+00:00
2024,TX,TX-31,2024-10-02,34,388,,388,0,,,,,apportioned,1,tx-sos,2026-09-06T15:29:01+00:00
2024,TX,TX-31,2024-10-03,33,412,,412,0,,,,,apportioned,1,tx-sos,2026-09-06T15:29:01+00:00
2024,TX,TX-31,2024-10-04,32,551,,551,0,,,,,apportioned,1,tx-sos,2026-09-06T15:29:01+00:00
2024,TX,TX-31,2024-10-05,31,551,,551,0,,,,,apportioned,1,tx-sos,2026-09-06T15:29:01+00:00
2024,TX,TX-31,2024-10-06,30,551,,551,0,,,,,apportioned,1,tx-sos,2026-09-06T15:29:01+00:00
2024,TX,TX-31,2024-10-07,29,665,,665,0,,,,,apportioned,1,tx-sos,2026-09-06T15:29:01+00:00
2024,TX,TX-31,2024-10-08,28,867,,867,0,,,,,apportioned,1,tx-sos,2026-09-06T15:29:01+00:00
2024,TX,TX-31,2024-10-09,27,1002,,1002,0,,,,,apportioned,1,tx-sos,2026-09-06T15:29:01+00:00
2024,TX,TX-31,2024-10-10,26,1110,,1110,0,,,,,apportioned,1,tx-sos,2026-09-06T15:29:01+00:00
2024,TX,TX-31,2024-10-11,25,1210,,1210,0,,,,,apportioned,1,tx-sos,2026-09-06T15:29:01+00:00
2024,TX,TX-31,2024-10-12,24,1210,,1210,0,,,,,apportioned,1,tx-sos,2026-09-06T15:29:01+00:00
2024,TX,TX-31,2024-10-13,23,1210,,1210,0,,,,,apportioned,1,tx-sos,2026-09-06T15:29:01+00:00
2024,TX,TX-31,2024-10-14,22,1483,,1483,0,,,,,apportioned,1,tx-sos,2026-09-06T15:29:01+00:00
2024,TX,TX-31,2024-10-15,21,2073,,2073,0,,,,,apportioned,1,tx-sos,2026-09-06T15:29:01+00:00
2024,TX,TX-31,2024-10-16,20,2954,,2954,0,,,,,apportioned,1,tx-sos,2026-09-06T15:29:01+00:00
2024,TX,TX-31,2024-10-17,19,3827,,3827,0,,,,,apportioned,1,tx-sos,2026-09-06T15:29:01+00:00
2024,TX,TX-31,2024-10-18,18,4584,,4584,0,,,,,apportioned,1,tx-sos,2026-09-06T15:29:01+00:00
2024,TX,TX-31,2024-10-19,17,4586,,4586,0,,,,,apportioned,1,tx-sos,2026-09-06T15:29:01+00:00
2024,TX,TX-31,2024-10-20,16,4588,,4588,0,,,,,apportioned,1,tx-sos,2026-09-06T15:29:01+00:00
2024,TX,TX-31,2024-10-21,15,34731,,5937,28794,,,,,apportioned,1,tx-sos,2026-09-06T15:29:01+00:00
2024,TX,TX-31,2024-10-22,14,62941,,6177,56765,,,,,apportioned,1,tx-sos,2026-09-06T15:29:01+00:00
2024,TX,TX-31,2024-10-23,13,90836,,6870,83967,,,,,apportioned,1,tx-sos,2026-09-06T15:29:01+00:00
2024,TX,TX-31,2024-10-24,12,118080,,7660,110420,,,,,apportioned,1,tx-sos,2026-09-06T15:29:01+00:00
2024,TX,TX-31,2024-10-25,11,145992,,8289,137703,,,,,apportioned,1,tx-sos,2026-09-06T15:29:01+00:00
2024,TX,TX-31,2024-10-26,10,167026,,8569,158456,,,,,apportioned,1,tx-sos,2026-09-06T15:29:01+00:00
2024,TX,TX-31,2024-10-27,9,177295,,8568,168727,,,,,apportioned,1,tx-sos,2026-09-06T15:29:01+00:00
2024,TX,TX-31,2024-10-28,8,200810,,9512,191299,,,,,apportioned,1,tx-sos,2026-09-06T15:29:01+00:00
2024,TX,TX-31,2024-10-29,7,221096,,9691,211404,,,,,apportioned,1,tx-sos,2026-09-06T15:29:01+00:00
2024,TX,TX-31,2024-10-30,6,239872,,10177,229694,,,,,apportioned,1,tx-sos,2026-09-06T15:29:01+00:00
2024,TX,TX-31,2024-10-31,5,257754,,10658,247096,,,,,apportioned,1,tx-sos,2026-09-06T15:29:01+00:00
2024,TX,TX-31,2024-11-01,4,283161,,11170,271992,,,,,apportioned,1,tx-sos,2026-09-06T15:29:01+00:00
2024,TX,TX-32,2024-09-29,37,5,,5,0,,,,,apportioned,1,tx-sos,2026-09-06T15:29:01+00:00
2024,TX,TX-32,2024-09-30,36,48,,48,0,,,,,apportioned,1,tx-sos,2026-09-06T15:29:01+00:00
2024,TX,TX-32,2024-10-01,35,78,,78,0,,,,,apportioned,1,tx-sos,2026-09-06T15:29:01+00:00
2024,TX,TX-32,2024-10-02,34,120,,119,1,,,,,apportioned,1,tx-sos,2026-09-06T15:29:01+00:00
2024,TX,TX-32,2024-10-03,33,211,,210,1,,,,,apportioned,1,tx-sos,2026-09-06T15:29:01+00:00
2024,TX,TX-32,2024-10-04,32,356,,355,1,,,,,apportioned,1,tx-sos,2026-09-06T15:29:01+00:00
2024,TX,TX-32,2024-10-05,31,362,,361,1,,,,,apportioned,1,tx-sos,2026-09-06T15:29:01+00:00
2024,TX,TX-32,2024-10-06,30,362,,361,1,,,,,apportioned,1,tx-sos,2026-09-06T15:29:01+00:00
2024,TX,TX-32,2024-10-07,29,464,,463,1,,,,,apportioned,1,tx-sos,2026-09-06T15:29:01+00:00
2024,TX,TX-32,2024-10-08,28,1135,,1134,1,,,,,apportioned,1,tx-sos,2026-09-06T15:29:01+00:00
2024,TX,TX-32,2024-10-09,27,1206,,1205,1,,,,,apportioned,1,tx-sos,2026-09-06T15:29:01+00:00
2024,TX,TX-32,2024-10-10,26,1565,,1564,1,,,,,apportioned,1,tx-sos,2026-09-06T15:29:01+00:00
2024,TX,TX-32,2024-10-11,25,1719,,1718,1,,,,,apportioned,1,tx-sos,2026-09-06T15:29:01+00:00
2024,TX,TX-32,2024-10-12,24,2049,,2048,1,,,,,apportioned,1,tx-sos,2026-09-06T15:29:01+00:00
2024,TX,TX-32,2024-10-13,23,2065,,2064,1,,,,,apportioned,1,tx-sos,2026-09-06T15:29:01+00:00
2024,TX,TX-32,2024-10-14,22,2340,,2339,1,,,,,apportioned,1,tx-sos,2026-09-06T15:29:01+00:00
2024,TX,TX-32,2024-10-15,21,2728,,2727,1,,,,,apportioned,1,tx-sos,2026-09-06T15:29:01+00:00
2024,TX,TX-32,2024-10-16,20,3150,,3149,1,,,,,apportioned,1,tx-sos,2026-09-06T15:29:01+00:00
2024,TX,TX-32,2024-10-17,19,3379,,3378,1,,,,,apportioned,1,tx-sos,2026-09-06T15:29:01+00:00
2024,TX,TX-32,2024-10-18,18,3769,,3768,1,,,,,apportioned,1,tx-sos,2026-09-06T15:29:01+00:00
2024,TX,TX-32,2024-10-19,17,4035,,4034,1,,,,,apportioned,1,tx-sos,2026-09-06T15:29:01+00:00
2024,TX,TX-32,2024-10-20,16,4036,,4034,2,,,,,apportioned,1,tx-sos,2026-09-06T15:29:01+00:00
2024,TX,TX-32,2024-10-21,15,28573,,4719,23854,,,,,apportioned,1,tx-sos,2026-09-06T15:29:01+00:00
2024,TX,TX-32,2024-10-22,14,52351,,5009,47341,,,,,apportioned,1,tx-sos,2026-09-06T15:29:01+00:00
2024,TX,TX-32,2024-10-23,13,75438,,5689,69750,,,,,apportioned,1,tx-sos,2026-09-06T15:29:01+00:00
2024,TX,TX-32,2024-10-24,12,97062,,6259,90802,,,,,apportioned,1,tx-sos,2026-09-06T15:29:01+00:00
2024,TX,TX-32,2024-10-25,11,121130,,6731,114398,,,,,apportioned,1,tx-sos,2026-09-06T15:29:01+00:00
2024,TX,TX-32,2024-10-26,10,141484,,6943,134540,,,,,apportioned,1,tx-sos,2026-09-06T15:29:01+00:00
2024,TX,TX-32,2024-10-27,9,150371,,6945,143427,,,,,apportioned,1,tx-sos,2026-09-06T15:29:01+00:00
2024,TX,TX-32,2024-10-28,8,173576,,7678,165898,,,,,apportioned,1,tx-sos,2026-09-06T15:29:01+00:00
2024,TX,TX-32,2024-10-29,7,193407,,8109,185298,,,,,apportioned,1,tx-sos,2026-09-06T15:29:01+00:00
2024,TX,TX-32,2024-10-30,6,212092,,8523,203569,,,,,apportioned,1,tx-sos,2026-09-06T15:29:01+00:00
2024,TX,TX-32,2024-10-31,5,229572,,8904,220667,,,,,apportioned,1,tx-sos,2026-09-06T15:29:01+00:00
2024,TX,TX-32,2024-11-01,4,256246,,9252,246992,,,,,apportioned,1,tx-sos,2026-09-06T15:29:01+00:00
2024,TX,TX-33,2024-09-29,37,1,,1,0,,,,,apportioned,1,tx-sos,2026-09-06T15:29:01+00:00
2024,TX,TX-33,2024-09-30,36,1,,1,0,,,,,apportioned,1,tx-sos,2026-09-06T15:29:01+00:00
2024,TX,TX-33,2024-10-01,35,1,,1,0,,,,,apportioned,1,tx-sos,2026-09-06T15:29:01+00:00
2024,TX,TX-33,2024-10-02,34,1,,1,0,,,,,apportioned,1,tx-sos,2026-09-06T15:29:01+00:00
2024,TX,TX-33,2024-10-03,33,1,,1,0,,,,,apportioned,1,tx-sos,2026-09-06T15:29:01+00:00
2024,TX,TX-33,2024-10-04,32,118,,118,0,,,,,apportioned,1,tx-sos,2026-09-06T15:29:01+00:00
2024,TX,TX-33,2024-10-05,31,118,,118,0,,,,,apportioned,1,tx-sos,2026-09-06T15:29:01+00:00
2024,TX,TX-33,2024-10-06,30,118,,118,0,,,,,apportioned,1,tx-sos,2026-09-06T15:29:01+00:00
2024,TX,TX-33,2024-10-07,29,121,,121,0,,,,,apportioned,1,tx-sos,2026-09-06T15:29:01+00:00
2024,TX,TX-33,2024-10-08,28,854,,854,0,,,,,apportioned,1,tx-sos,2026-09-06T15:29:01+00:00
2024,TX,TX-33,2024-10-09,27,861,,861,0,,,,,apportioned,1,tx-sos,2026-09-06T15:29:01+00:00
2024,TX,TX-33,2024-10-10,26,1215,,1215,0,,,,,apportioned,1,tx-sos,2026-09-06T15:29:01+00:00
2024,TX,TX-33,2024-10-11,25,1231,,1231,0,,,,,apportioned,1,tx-sos,2026-09-06T15:29:01+00:00
2024,TX,TX-33,2024-10-12,24,1625,,1625,0,,,,,apportioned,1,tx-sos,2026-09-06T15:29:01+00:00
2024,TX,TX-33,2024-10-13,23,1640,,1640,0,,,,,apportioned,1,tx-sos,2026-09-06T15:29:01+00:00
2024,TX,TX-33,2024-10-14,22,1953,,1953,0,,,,,apportioned,1,tx-sos,2026-09-06T15:29:01+00:00
2024,TX,TX-33,2024-10-15,21,1953,,1953,0,,,,,apportioned,1,tx-sos,2026-09-06T15:29:01+00:00
2024,TX,TX-33,2024-10-16,20,2410,,2410,0,,,,,apportioned,1,tx-sos,2026-09-06T15:29:01+00:00
2024,TX,TX-33,2024-10-17,19,2442,,2442,0,,,,,apportioned,1,tx-sos,2026-09-06T15:29:01+00:00
2024,TX,TX-33,2024-10-18,18,2744,,2744,0,,,,,apportioned,1,tx-sos,2026-09-06T15:29:01+00:00
2024,TX,TX-33,2024-10-19,17,3039,,3039,0,,,,,apportioned,1,tx-sos,2026-09-06T15:29:01+00:00
2024,TX,TX-33,2024-10-20,16,3039,,3039,0,,,,,apportioned,1,tx-sos,2026-09-06T15:29:01+00:00
2024,TX,TX-33,2024-10-21,15,17255,,3474,13781,,,,,apportioned,1,tx-sos,2026-09-06T15:29:01+00:00
2024,TX,TX-33,2024-10-22,14,31316,,3667,27649,,,,,apportioned,1,tx-sos,2026-09-06T15:29:01+00:00
2024,TX,TX-33,2024-10-23,13,44986,,4096,40890,,,,,apportioned,1,tx-sos,2026-09-06T15:29:01+00:00
2024,TX,TX-33,2024-10-24,12,57744,,4410,53335,,,,,apportioned,1,tx-sos,2026-09-06T15:29:01+00:00
2024,TX,TX-33,2024-10-25,11,72069,,4731,67338,,,,,apportioned,1,tx-sos,2026-09-06T15:29:01+00:00
2024,TX,TX-33,2024-10-26,10,85148,,4731,80417,,,,,apportioned,1,tx-sos,2026-09-06T15:29:01+00:00
2024,TX,TX-33,2024-10-27,9,91244,,4731,86513,,,,,apportioned,1,tx-sos,2026-09-06T15:29:01+00:00
2024,TX,TX-33,2024-10-28,8,105048,,5351,99698,,,,,apportioned,1,tx-sos,2026-09-06T15:29:01+00:00
2024,TX,TX-33,2024-10-29,7,117649,,5555,112094,,,,,apportioned,1,tx-sos,2026-09-06T15:29:01+00:00
2024,TX,TX-33,2024-10-30,6,130419,,5839,124579,,,,,apportioned,1,tx-sos,2026-09-06T15:29:01+00:00
2024,TX,TX-33,2024-10-31,5,142673,,6117,136556,,,,,apportioned,1,tx-sos,2026-09-06T15:29:01+00:00
2024,TX,TX-33,2024-11-01,4,161301,,6408,154894,,,,,apportioned,1,tx-sos,2026-09-06T15:29:01+00:00
2024,TX,TX-34,2024-09-29,37,2,,2,0,,,,,apportioned,1,tx-sos,2026-09-06T15:29:01+00:00
2024,TX,TX-34,2024-09-30,36,8,,8,0,,,,,apportioned,1,tx-sos,2026-09-06T15:29:01+00:00
2024,TX,TX-34,2024-10-01,35,12,,12,0,,,,,apportioned,1,tx-sos,2026-09-06T15:29:01+00:00
2024,TX,TX-34,2024-10-02,34,17,,17,0,,,,,apportioned,1,tx-sos,2026-09-06T15:29:01+00:00
2024,TX,TX-34,2024-10-03,33,23,,23,0,,,,,apportioned,1,tx-sos,2026-09-06T15:29:01+00:00
2024,TX,TX-34,2024-10-04,32,26,,26,0,,,,,apportioned,1,tx-sos,2026-09-06T15:29:01+00:00
2024,TX,TX-34,2024-10-05,31,26,,26,0,,,,,apportioned,1,tx-sos,2026-09-06T15:29:01+00:00
2024,TX,TX-34,2024-10-06,30,26,,26,0,,,,,apportioned,1,tx-sos,2026-09-06T15:29:01+00:00
2024,TX,TX-34,2024-10-07,29,29,,29,0,,,,,apportioned,1,tx-sos,2026-09-06T15:29:01+00:00
2024,TX,TX-34,2024-10-08,28,157,,157,0,,,,,apportioned,1,tx-sos,2026-09-06T15:29:01+00:00
2024,TX,TX-34,2024-10-09,27,271,,271,0,,,,,apportioned,1,tx-sos,2026-09-06T15:29:01+00:00
2024,TX,TX-34,2024-10-10,26,872,,872,0,,,,,apportioned,1,tx-sos,2026-09-06T15:29:01+00:00
2024,TX,TX-34,2024-10-11,25,1434,,1434,0,,,,,apportioned,1,tx-sos,2026-09-06T15:29:01+00:00
2024,TX,TX-34,2024-10-12,24,1434,,1434,0,,,,,apportioned,1,tx-sos,2026-09-06T15:29:01+00:00
2024,TX,TX-34,2024-10-13,23,1595,,1595,0,,,,,apportioned,1,tx-sos,2026-09-06T15:29:01+00:00
2024,TX,TX-34,2024-10-14,22,1730,,1730,0,,,,,apportioned,1,tx-sos,2026-09-06T15:29:01+00:00
2024,TX,TX-34,2024-10-15,21,2189,,2189,0,,,,,apportioned,1,tx-sos,2026-09-06T15:29:01+00:00
2024,TX,TX-34,2024-10-16,20,3060,,3060,0,,,,,apportioned,1,tx-sos,2026-09-06T15:29:01+00:00
2024,TX,TX-34,2024-10-17,19,3840,,3840,0,,,,,apportioned,1,tx-sos,2026-09-06T15:29:01+00:00
2024,TX,TX-34,2024-10-18,18,4287,,4287,0,,,,,apportioned,1,tx-sos,2026-09-06T15:29:01+00:00
2024,TX,TX-34,2024-10-19,17,4459,,4459,0,,,,,apportioned,1,tx-sos,2026-09-06T15:29:01+00:00
2024,TX,TX-34,2024-10-20,16,4459,,4459,0,,,,,apportioned,1,tx-sos,2026-09-06T15:29:01+00:00
2024,TX,TX-34,2024-10-21,15,26391,,4974,21417,,,,,apportioned,1,tx-sos,2026-09-06T15:29:01+00:00
2024,TX,TX-34,2024-10-22,14,46789,,5641,41148,,,,,apportioned,1,tx-sos,2026-09-06T15:29:01+00:00
2024,TX,TX-34,2024-10-23,13,64771,,6276,58495,,,,,apportioned,1,tx-sos,2026-09-06T15:29:01+00:00
2024,TX,TX-34,2024-10-24,12,80759,,6751,74008,,,,,apportioned,1,tx-sos,2026-09-06T15:29:01+00:00
2024,TX,TX-34,2024-10-25,11,97685,,7091,90595,,,,,apportioned,1,tx-sos,2026-09-06T15:29:01+00:00
2024,TX,TX-34,2024-10-26,10,110330,,7308,103021,,,,,apportioned,1,tx-sos,2026-09-06T15:29:01+00:00
2024,TX,TX-34,2024-10-27,9,113583,,7316,106267,,,,,apportioned,1,tx-sos,2026-09-06T15:29:01+00:00
2024,TX,TX-34,2024-10-28,8,127795,,7730,120065,,,,,apportioned,1,tx-sos,2026-09-06T15:29:01+00:00
2024,TX,TX-34,2024-10-29,7,140490,,7962,132527,,,,,apportioned,1,tx-sos,2026-09-06T15:29:01+00:00
2024,TX,TX-34,2024-10-30,6,152595,,8258,144336,,,,,apportioned,1,tx-sos,2026-09-06T15:29:01+00:00
2024,TX,TX-34,2024-10-31,5,163987,,8581,155406,,,,,apportioned,1,tx-sos,2026-09-06T15:29:01+00:00
2024,TX,TX-34,2024-11-01,4,184253,,8948,175304,,,,,apportioned,1,tx-sos,2026-09-06T15:29:01+00:00
2024,TX,TX-35,2024-09-29,37,36,,36,0,,,,,apportioned,1,tx-sos,2026-09-06T15:29:01+00:00
2024,TX,TX-35,2024-09-30,36,61,,61,0,,,,,apportioned,1,tx-sos,2026-09-06T15:29:01+00:00
2024,TX,TX-35,2024-10-01,35,290,,290,0,,,,,apportioned,1,tx-sos,2026-09-06T15:29:01+00:00
2024,TX,TX-35,2024-10-02,34,319,,319,0,,,,,apportioned,1,tx-sos,2026-09-06T15:29:01+00:00
2024,TX,TX-35,2024-10-03,33,530,,530,0,,,,,apportioned,1,tx-sos,2026-09-06T15:29:01+00:00
2024,TX,TX-35,2024-10-04,32,635,,635,0,,,,,apportioned,1,tx-sos,2026-09-06T15:29:01+00:00
2024,TX,TX-35,2024-10-05,31,654,,654,0,,,,,apportioned,1,tx-sos,2026-09-06T15:29:01+00:00
2024,TX,TX-35,2024-10-06,30,654,,654,0,,,,,apportioned,1,tx-sos,2026-09-06T15:29:01+00:00
2024,TX,TX-35,2024-10-07,29,775,,775,0,,,,,apportioned,1,tx-sos,2026-09-06T15:29:01+00:00
2024,TX,TX-35,2024-10-08,28,1254,,1254,0,,,,,apportioned,1,tx-sos,2026-09-06T15:29:01+00:00
2024,TX,TX-35,2024-10-09,27,1522,,1522,0,,,,,apportioned,1,tx-sos,2026-09-06T15:29:01+00:00
2024,TX,TX-35,2024-10-10,26,1869,,1869,0,,,,,apportioned,1,tx-sos,2026-09-06T15:29:01+00:00
2024,TX,TX-35,2024-10-11,25,2163,,2163,0,,,,,apportioned,1,tx-sos,2026-09-06T15:29:01+00:00
2024,TX,TX-35,2024-10-12,24,2364,,2364,0,,,,,apportioned,1,tx-sos,2026-09-06T15:29:01+00:00
2024,TX,TX-35,2024-10-13,23,2364,,2364,0,,,,,apportioned,1,tx-sos,2026-09-06T15:29:01+00:00
2024,TX,TX-35,2024-10-14,22,2683,,2683,0,,,,,apportioned,1,tx-sos,2026-09-06T15:29:01+00:00
2024,TX,TX-35,2024-10-15,21,3013,,3013,0,,,,,apportioned,1,tx-sos,2026-09-06T15:29:01+00:00
2024,TX,TX-35,2024-10-16,20,3352,,3352,0,,,,,apportioned,1,tx-sos,2026-09-06T15:29:01+00:00
2024,TX,TX-35,2024-10-17,19,3733,,3733,0,,,,,apportioned,1,tx-sos,2026-09-06T15:29:01+00:00
2024,TX,TX-35,2024-10-18,18,4331,,4331,0,,,,,apportioned,1,tx-sos,2026-09-06T15:29:01+00:00
2024,TX,TX-35,2024-10-19,17,4715,,4715,0,,,,,apportioned,1,tx-sos,2026-09-06T15:29:01+00:00
2024,TX,TX-35,2024-10-20,16,4715,,4715,0,,,,,apportioned,1,tx-sos,2026-09-06T15:29:01+00:00
2024,TX,TX-35,2024-10-21,15,26691,,5332,21361,,,,,apportioned,1,tx-sos,2026-09-06T15:29:01+00:00
2024,TX,TX-35,2024-10-22,14,43151,,5661,37491,,,,,apportioned,1,tx-sos,2026-09-06T15:29:01+00:00
2024,TX,TX-35,2024-10-23,13,70358,,6376,63983,,,,,apportioned,1,tx-sos,2026-09-06T15:29:01+00:00
2024,TX,TX-35,2024-10-24,12,91263,,6612,84651,,,,,apportioned,1,tx-sos,2026-09-06T15:29:01+00:00
2024,TX,TX-35,2024-10-25,11,113433,,6930,106503,,,,,apportioned,1,tx-sos,2026-09-06T15:29:01+00:00
2024,TX,TX-35,2024-10-26,10,131615,,7126,124489,,,,,apportioned,1,tx-sos,2026-09-06T15:29:01+00:00
2024,TX,TX-35,2024-10-27,9,141783,,7369,134416,,,,,apportioned,1,tx-sos,2026-09-06T15:29:01+00:00
2024,TX,TX-35,2024-10-28,8,162133,,7618,154515,,,,,apportioned,1,tx-sos,2026-09-06T15:29:01+00:00
2024,TX,TX-35,2024-10-29,7,181520,,8252,173267,,,,,apportioned,1,tx-sos,2026-09-06T15:29:01+00:00
2024,TX,TX-35,2024-10-30,6,200513,,8995,191519,,,,,apportioned,1,tx-sos,2026-09-06T15:29:01+00:00
2024,TX,TX-35,2024-10-31,5,217586,,9700,207886,,,,,apportioned,1,tx-sos,2026-09-06T15:29:01+00:00
2024,TX,TX-35,2024-11-01,4,241302,,10592,230710,,,,,apportioned,1,tx-sos,2026-09-06T15:29:01+00:00
2024,TX,TX-36,2024-09-29,37,8,,4,4,,,,,apportioned,1,tx-sos,2026-09-06T15:29:01+00:00
2024,TX,TX-36,2024-09-30,36,56,,52,4,,,,,apportioned,1,tx-sos,2026-09-06T15:29:01+00:00
2024,TX,TX-36,2024-10-01,35,135,,131,4,,,,,apportioned,1,tx-sos,2026-09-06T15:29:01+00:00
2024,TX,TX-36,2024-10-02,34,312,,308,4,,,,,apportioned,1,tx-sos,2026-09-06T15:29:01+00:00
2024,TX,TX-36,2024-10-03,33,436,,432,4,,,,,apportioned,1,tx-sos,2026-09-06T15:29:01+00:00
2024,TX,TX-36,2024-10-04,32,642,,638,4,,,,,apportioned,1,tx-sos,2026-09-06T15:29:01+00:00
2024,TX,TX-36,2024-10-05,31,642,,638,4,,,,,apportioned,1,tx-sos,2026-09-06T15:29:01+00:00
2024,TX,TX-36,2024-10-06,30,642,,638,4,,,,,apportioned,1,tx-sos,2026-09-06T15:29:01+00:00
2024,TX,TX-36,2024-10-07,29,1019,,1015,4,,,,,apportioned,1,tx-sos,2026-09-06T15:29:01+00:00
2024,TX,TX-36,2024-10-08,28,1311,,1307,4,,,,,apportioned,1,tx-sos,2026-09-06T15:29:01+00:00
2024,TX,TX-36,2024-10-09,27,1462,,1458,4,,,,,apportioned,1,tx-sos,2026-09-06T15:29:01+00:00
2024,TX,TX-36,2024-10-10,26,1809,,1805,4,,,,,apportioned,1,tx-sos,2026-09-06T15:29:01+00:00
2024,TX,TX-36,2024-10-11,25,2079,,2075,4,,,,,apportioned,1,tx-sos,2026-09-06T15:29:01+00:00
2024,TX,TX-36,2024-10-12,24,2172,,2168,4,,,,,apportioned,1,tx-sos,2026-09-06T15:29:01+00:00
2024,TX,TX-36,2024-10-13,23,2172,,2168,4,,,,,apportioned,1,tx-sos,2026-09-06T15:29:01+00:00
2024,TX,TX-36,2024-10-14,22,2340,,2336,4,,,,,apportioned,1,tx-sos,2026-09-06T15:29:01+00:00
2024,TX,TX-36,2024-10-15,21,2843,,2839,4,,,,,apportioned,1,tx-sos,2026-09-06T15:29:01+00:00
2024,TX,TX-36,2024-10-16,20,3203,,3199,4,,,,,apportioned,1,tx-sos,2026-09-06T15:29:01+00:00
2024,TX,TX-36,2024-10-17,19,3486,,3482,4,,,,,apportioned,1,tx-sos,2026-09-06T15:29:01+00:00
2024,TX,TX-36,2024-10-18,18,3932,,3928,4,,,,,apportioned,1,tx-sos,2026-09-06T15:29:01+00:00
2024,TX,TX-36,2024-10-19,17,4116,,4112,4,,,,,apportioned,1,tx-sos,2026-09-06T15:29:01+00:00
2024,TX,TX-36,2024-10-20,16,4117,,4113,4,,,,,apportioned,1,tx-sos,2026-09-06T15:29:01+00:00
2024,TX,TX-36,2024-10-21,15,35716,,4534,31182,,,,,apportioned,1,tx-sos,2026-09-06T15:29:01+00:00
2024,TX,TX-36,2024-10-22,14,63687,,4895,58792,,,,,apportioned,1,tx-sos,2026-09-06T15:29:01+00:00
2024,TX,TX-36,2024-10-23,13,89024,,5375,83650,,,,,apportioned,1,tx-sos,2026-09-06T15:29:01+00:00
2024,TX,TX-36,2024-10-24,12,111562,,5793,105769,,,,,apportioned,1,tx-sos,2026-09-06T15:29:01+00:00
2024,TX,TX-36,2024-10-25,11,136967,,6267,130703,,,,,apportioned,1,tx-sos,2026-09-06T15:29:01+00:00
2024,TX,TX-36,2024-10-26,10,151502,,6581,144922,,,,,apportioned,1,tx-sos,2026-09-06T15:29:01+00:00
2024,TX,TX-36,2024-10-27,9,159125,,6697,152429,,,,,apportioned,1,tx-sos,2026-09-06T15:29:01+00:00
2024,TX,TX-36,2024-10-28,8,178669,,7062,171608,,,,,apportioned,1,tx-sos,2026-09-06T15:29:01+00:00
2024,TX,TX-36,2024-10-29,7,195844,,7379,188466,,,,,apportioned,1,tx-sos,2026-09-06T15:29:01+00:00
2024,TX,TX-36,2024-10-30,6,210905,,7759,203147,,,,,apportioned,1,tx-sos,2026-09-06T15:29:01+00:00
2024,TX,TX-36,2024-10-31,5,225364,,8080,217286,,,,,apportioned,1,tx-sos,2026-09-06T15:29:01+00:00
2024,TX,TX-36,2024-11-01,4,249766,,8412,241355,,,,,apportioned,1,tx-sos,2026-09-06T15:29:01+00:00
2024,TX,TX-37,2024-09-29,37,4,,4,0,,,,,apportioned,1,tx-sos,2026-09-06T15:29:01+00:00
2024,TX,TX-37,2024-09-30,36,53,,53,0,,,,,apportioned,1,tx-sos,2026-09-06T15:29:01+00:00
2024,TX,TX-37,2024-10-01,35,56,,56,0,,,,,apportioned,1,tx-sos,2026-09-06T15:29:01+00:00
2024,TX,TX-37,2024-10-02,34,91,,91,0,,,,,apportioned,1,tx-sos,2026-09-06T15:29:01+00:00
2024,TX,TX-37,2024-10-03,33,115,,115,0,,,,,apportioned,1,tx-sos,2026-09-06T15:29:01+00:00
2024,TX,TX-37,2024-10-04,32,133,,133,0,,,,,apportioned,1,tx-sos,2026-09-06T15:29:01+00:00
2024,TX,TX-37,2024-10-05,31,133,,133,0,,,,,apportioned,1,tx-sos,2026-09-06T15:29:01+00:00
2024,TX,TX-37,2024-10-06,30,133,,133,0,,,,,apportioned,1,tx-sos,2026-09-06T15:29:01+00:00
2024,TX,TX-37,2024-10-07,29,252,,252,0,,,,,apportioned,1,tx-sos,2026-09-06T15:29:01+00:00
2024,TX,TX-37,2024-10-08,28,274,,274,0,,,,,apportioned,1,tx-sos,2026-09-06T15:29:01+00:00
2024,TX,TX-37,2024-10-09,27,359,,359,0,,,,,apportioned,1,tx-sos,2026-09-06T15:29:01+00:00
2024,TX,TX-37,2024-10-10,26,873,,873,0,,,,,apportioned,1,tx-sos,2026-09-06T15:29:01+00:00
2024,TX,TX-37,2024-10-11,25,1493,,1493,0,,,,,apportioned,1,tx-sos,2026-09-06T15:29:01+00:00
2024,TX,TX-37,2024-10-12,24,1493,,1493,0,,,,,apportioned,1,tx-sos,2026-09-06T15:29:01+00:00
2024,TX,TX-37,2024-10-13,23,1493,,1493,0,,,,,apportioned,1,tx-sos,2026-09-06T15:29:01+00:00
2024,TX,TX-37,2024-10-14,22,1493,,1493,0,,,,,apportioned,1,tx-sos,2026-09-06T15:29:01+00:00
2024,TX,TX-37,2024-10-15,21,3040,,3040,0,,,,,apportioned,1,tx-sos,2026-09-06T15:29:01+00:00
2024,TX,TX-37,2024-10-16,20,3162,,3162,0,,,,,apportioned,1,tx-sos,2026-09-06T15:29:01+00:00
2024,TX,TX-37,2024-10-17,19,4270,,4270,0,,,,,apportioned,1,tx-sos,2026-09-06T15:29:01+00:00
2024,TX,TX-37,2024-10-18,18,4940,,4940,0,,,,,apportioned,1,tx-sos,2026-09-06T15:29:01+00:00
2024,TX,TX-37,2024-10-19,17,4940,,4940,0,,,,,apportioned,1,tx-sos,2026-09-06T15:29:01+00:00
2024,TX,TX-37,2024-10-20,16,4940,,4940,0,,,,,apportioned,1,tx-sos,2026-09-06T15:29:01+00:00
2024,TX,TX-37,2024-10-21,15,32510,,6295,26214,,,,,apportioned,1,tx-sos,2026-09-06T15:29:01+00:00
2024,TX,TX-37,2024-10-22,14,58034,,6734,51300,,,,,apportioned,1,tx-sos,2026-09-06T15:29:01+00:00
2024,TX,TX-37,2024-10-23,13,83567,,7713,75855,,,,,apportioned,1,tx-sos,2026-09-06T15:29:01+00:00
2024,TX,TX-37,2024-10-24,12,107974,,8430,99545,,,,,apportioned,1,tx-sos,2026-09-06T15:29:01+00:00
2024,TX,TX-37,2024-10-25,11,133727,,9022,124705,,,,,apportioned,1,tx-sos,2026-09-06T15:29:01+00:00
2024,TX,TX-37,2024-10-26,10,149958,,9483,140475,,,,,apportioned,1,tx-sos,2026-09-06T15:29:01+00:00
2024,TX,TX-37,2024-10-27,9,159901,,9483,150419,,,,,apportioned,1,tx-sos,2026-09-06T15:29:01+00:00
2024,TX,TX-37,2024-10-28,8,181309,,9765,171544,,,,,apportioned,1,tx-sos,2026-09-06T15:29:01+00:00
2024,TX,TX-37,2024-10-29,7,201965,,9805,192160,,,,,apportioned,1,tx-sos,2026-09-06T15:29:01+00:00
2024,TX,TX-37,2024-10-30,6,223370,,11018,212352,,,,,apportioned,1,tx-sos,2026-09-06T15:29:01+00:00
2024,TX,TX-37,2024-10-31,5,244082,,11579,232504,,,,,apportioned,1,tx-sos,2026-09-06T15:29:01+00:00
2024,TX,TX-37,2024-11-01,4,270591,,11580,259011,,,,,apportioned,1,tx-sos,2026-09-06T15:29:01+00:00
2024,TX,TX-38,2024-09-29,37,3,,3,0,,,,,apportioned,1,tx-sos,2026-09-06T15:29:01+00:00
2024,TX,TX-38,2024-09-30,36,32,,32,0,,,,,apportioned,1,tx-sos,2026-09-06T15:29:01+00:00
2024,TX,TX-38,2024-10-01,35,39,,39,0,,,,,apportioned,1,tx-sos,2026-09-06T15:29:01+00:00
2024,TX,TX-38,2024-10-02,34,198,,198,0,,,,,apportioned,1,tx-sos,2026-09-06T15:29:01+00:00
2024,TX,TX-38,2024-10-03,33,342,,342,0,,,,,apportioned,1,tx-sos,2026-09-06T15:29:01+00:00
2024,TX,TX-38,2024-10-04,32,749,,749,0,,,,,apportioned,1,tx-sos,2026-09-06T15:29:01+00:00
2024,TX,TX-38,2024-10-05,31,749,,749,0,,,,,apportioned,1,tx-sos,2026-09-06T15:29:01+00:00
2024,TX,TX-38,2024-10-06,30,749,,749,0,,,,,apportioned,1,tx-sos,2026-09-06T15:29:01+00:00
2024,TX,TX-38,2024-10-07,29,1364,,1364,0,,,,,apportioned,1,tx-sos,2026-09-06T15:29:01+00:00
2024,TX,TX-38,2024-10-08,28,2022,,2022,0,,,,,apportioned,1,tx-sos,2026-09-06T15:29:01+00:00
2024,TX,TX-38,2024-10-09,27,2206,,2206,0,,,,,apportioned,1,tx-sos,2026-09-06T15:29:01+00:00
2024,TX,TX-38,2024-10-10,26,2914,,2914,0,,,,,apportioned,1,tx-sos,2026-09-06T15:29:01+00:00
2024,TX,TX-38,2024-10-11,25,3327,,3327,0,,,,,apportioned,1,tx-sos,2026-09-06T15:29:01+00:00
2024,TX,TX-38,2024-10-12,24,3621,,3621,0,,,,,apportioned,1,tx-sos,2026-09-06T15:29:01+00:00
2024,TX,TX-38,2024-10-13,23,3621,,3621,0,,,,,apportioned,1,tx-sos,2026-09-06T15:29:01+00:00
2024,TX,TX-38,2024-10-14,22,4018,,4018,0,,,,,apportioned,1,tx-sos,2026-09-06T15:29:01+00:00
2024,TX,TX-38,2024-10-15,21,4023,,4023,0,,,,,apportioned,1,tx-sos,2026-09-06T15:29:01+00:00
2024,TX,TX-38,2024-10-16,20,4755,,4755,0,,,,,apportioned,1,tx-sos,2026-09-06T15:29:01+00:00
2024,TX,TX-38,2024-10-17,19,4887,,4887,0,,,,,apportioned,1,tx-sos,2026-09-06T15:29:01+00:00
2024,TX,TX-38,2024-10-18,18,5305,,5305,0,,,,,apportioned,1,tx-sos,2026-09-06T15:29:01+00:00
2024,TX,TX-38,2024-10-19,17,5413,,5413,0,,,,,apportioned,1,tx-sos,2026-09-06T15:29:01+00:00
2024,TX,TX-38,2024-10-20,16,5413,,5413,0,,,,,apportioned,1,tx-sos,2026-09-06T15:29:01+00:00
2024,TX,TX-38,2024-10-21,15,34541,,5815,28726,,,,,apportioned,1,tx-sos,2026-09-06T15:29:01+00:00
2024,TX,TX-38,2024-10-22,14,61583,,6546,55036,,,,,apportioned,1,tx-sos,2026-09-06T15:29:01+00:00
2024,TX,TX-38,2024-10-23,13,87597,,7314,80282,,,,,apportioned,1,tx-sos,2026-09-06T15:29:01+00:00
2024,TX,TX-38,2024-10-24,12,111775,,7833,103943,,,,,apportioned,1,tx-sos,2026-09-06T15:29:01+00:00
2024,TX,TX-38,2024-10-25,11,138172,,8568,129604,,,,,apportioned,1,tx-sos,2026-09-06T15:29:01+00:00
2024,TX,TX-38,2024-10-26,10,155329,,9193,146136,,,,,apportioned,1,tx-sos,2026-09-06T15:29:01+00:00
2024,TX,TX-38,2024-10-27,9,165537,,9513,156024,,,,,apportioned,1,tx-sos,2026-09-06T15:29:01+00:00
2024,TX,TX-38,2024-10-28,8,187785,,9748,178037,,,,,apportioned,1,tx-sos,2026-09-06T15:29:01+00:00
2024,TX,TX-38,2024-10-29,7,209382,,10378,199004,,,,,apportioned,1,tx-sos,2026-09-06T15:29:01+00:00
2024,TX,TX-38,2024-10-30,6,229294,,10960,218334,,,,,apportioned,1,tx-sos,2026-09-06T15:29:01+00:00
2024,TX,TX-38,2024-10-31,5,249580,,11553,238026,,,,,apportioned,1,tx-sos,2026-09-06T15:29:01+00:00
2024,TX,TX-38,2024-11-01,4,279354,,12151,267203,,,,,apportioned,1,tx-sos,2026-09-06T15:29:01+00:00
