cycle,state,county_fips,county_name,date,days_to_election,ballots_total,ballots_new,mail_returned,inperson,party_dem,party_rep,party_oth,party_npa,source_tier,source_name,retrieved_at
2022,CO,08001,Adams County,2022-10-24,15,10855,,,13,4186,2718,117,3834,1,co-sos,2026-09-07T21:16:43+00:00
2022,CO,08001,Adams County,2022-10-25,14,17195,,,38,6626,4320,199,6050,1,co-sos,2026-09-07T21:16:43+00:00
2022,CO,08001,Adams County,2022-10-26,13,22872,,,70,8835,5730,274,8033,1,co-sos,2026-09-07T21:16:43+00:00
2022,CO,08001,Adams County,2022-10-27,12,27926,,,94,10791,7031,355,9749,1,co-sos,2026-09-07T21:16:43+00:00
2022,CO,08001,Adams County,2022-10-30,9,31747,,,139,12189,8000,398,11160,1,co-sos,2026-09-07T21:16:43+00:00
2022,CO,08001,Adams County,2022-10-31,8,45176,,,192,17150,11155,547,16324,1,co-sos,2026-09-07T21:16:43+00:00
2022,CO,08001,Adams County,2022-11-01,7,53581,,,247,20104,13332,636,19509,1,co-sos,2026-09-07T21:16:43+00:00
2022,CO,08001,Adams County,2022-11-02,6,60331,,,306,22456,15073,714,22088,1,co-sos,2026-09-07T21:16:43+00:00
2022,CO,08001,Adams County,2022-11-03,5,67937,,,387,25097,16983,799,25058,1,co-sos,2026-09-07T21:16:43+00:00
2022,CO,08001,Adams County,2022-11-06,2,81478,,,836,29685,20388,970,30435,1,co-sos,2026-09-07T21:16:43+00:00
2022,CO,08001,Adams County,2022-11-07,1,105901,,,1618,37551,26244,1332,40774,1,co-sos,2026-09-07T21:16:43+00:00
2022,CO,08003,Alamosa County,2022-10-24,15,224,,,0,78,89,0,57,1,co-sos,2026-09-07T21:16:43+00:00
2022,CO,08003,Alamosa County,2022-10-25,14,698,,,0,271,220,4,203,1,co-sos,2026-09-07T21:16:43+00:00
2022,CO,08003,Alamosa County,2022-10-26,13,787,,,0,300,250,5,232,1,co-sos,2026-09-07T21:16:43+00:00
2022,CO,08003,Alamosa County,2022-10-27,12,1059,,,0,396,343,6,314,1,co-sos,2026-09-07T21:16:43+00:00
2022,CO,08003,Alamosa County,2022-10-30,9,1482,,,0,559,478,8,437,1,co-sos,2026-09-07T21:16:43+00:00
2022,CO,08003,Alamosa County,2022-10-31,8,1810,,,0,676,584,10,540,1,co-sos,2026-09-07T21:16:43+00:00
2022,CO,08003,Alamosa County,2022-11-01,7,2137,,,0,789,685,12,651,1,co-sos,2026-09-07T21:16:43+00:00
2022,CO,08003,Alamosa County,2022-11-02,6,2379,,,0,873,768,13,725,1,co-sos,2026-09-07T21:16:43+00:00
2022,CO,08003,Alamosa County,2022-11-03,5,2700,,,0,979,878,17,826,1,co-sos,2026-09-07T21:16:43+00:00
2022,CO,08003,Alamosa County,2022-11-06,2,3323,,,0,1179,1074,24,1046,1,co-sos,2026-09-07T21:16:43+00:00
2022,CO,08003,Alamosa County,2022-11-07,1,4094,,,0,1412,1323,36,1323,1,co-sos,2026-09-07T21:16:43+00:00
2022,CO,08005,Arapahoe County,2022-10-24,15,19920,,,53,7410,5381,211,6918,1,co-sos,2026-09-07T21:16:43+00:00
2022,CO,08005,Arapahoe County,2022-10-25,14,29331,,,117,10734,7993,297,10307,1,co-sos,2026-09-07T21:16:43+00:00
2022,CO,08005,Arapahoe County,2022-10-26,13,37616,,,172,13743,10256,368,13249,1,co-sos,2026-09-07T21:16:43+00:00
2022,CO,08005,Arapahoe County,2022-10-27,12,45739,,,237,16618,12494,435,16192,1,co-sos,2026-09-07T21:16:43+00:00
2022,CO,08005,Arapahoe County,2022-10-30,9,52050,,,349,18881,14263,491,18415,1,co-sos,2026-09-07T21:16:43+00:00
2022,CO,08005,Arapahoe County,2022-10-31,8,75236,,,509,27356,20117,703,27060,1,co-sos,2026-09-07T21:16:43+00:00
2022,CO,08005,Arapahoe County,2022-11-01,7,87643,,,684,31733,23386,833,31691,1,co-sos,2026-09-07T21:16:43+00:00
2022,CO,08005,Arapahoe County,2022-11-02,6,99320,,,869,35782,26524,979,36035,1,co-sos,2026-09-07T21:16:43+00:00
2022,CO,08005,Arapahoe County,2022-11-03,5,110400,,,1086,39555,29529,1107,40209,1,co-sos,2026-09-07T21:16:43+00:00
2022,CO,08005,Arapahoe County,2022-11-06,2,132280,,,1963,46743,35445,1344,48748,1,co-sos,2026-09-07T21:16:43+00:00
2022,CO,08005,Arapahoe County,2022-11-07,1,171291,,,3337,59965,44512,1818,64996,1,co-sos,2026-09-07T21:16:43+00:00
2022,CO,08007,Archuleta County,2022-10-24,15,468,,,5,140,176,1,151,1,co-sos,2026-09-07T21:16:43+00:00
2022,CO,08007,Archuleta County,2022-10-25,14,751,,,6,216,281,2,252,1,co-sos,2026-09-07T21:16:43+00:00
2022,CO,08007,Archuleta County,2022-10-26,13,1123,,,12,288,450,8,377,1,co-sos,2026-09-07T21:16:43+00:00
2022,CO,08007,Archuleta County,2022-10-27,12,1464,,,12,356,590,10,508,1,co-sos,2026-09-07T21:16:43+00:00
2022,CO,08007,Archuleta County,2022-10-30,9,1993,,,14,467,809,15,702,1,co-sos,2026-09-07T21:16:43+00:00
2022,CO,08007,Archuleta County,2022-10-31,8,2640,,,18,583,1072,21,964,1,co-sos,2026-09-07T21:16:43+00:00
2022,CO,08007,Archuleta County,2022-11-01,7,3172,,,29,703,1280,24,1165,1,co-sos,2026-09-07T21:16:43+00:00
2022,CO,08007,Archuleta County,2022-11-02,6,3605,,,30,777,1438,27,1363,1,co-sos,2026-09-07T21:16:43+00:00
2022,CO,08007,Archuleta County,2022-11-03,5,4035,,,34,860,1612,33,1530,1,co-sos,2026-09-07T21:16:43+00:00
2022,CO,08007,Archuleta County,2022-11-06,2,4600,,,46,962,1853,35,1750,1,co-sos,2026-09-07T21:16:43+00:00
2022,CO,08007,Archuleta County,2022-11-07,1,5849,,,75,1183,2351,46,2269,1,co-sos,2026-09-07T21:16:43+00:00
2022,CO,08009,Baca County,2022-10-24,15,182,,,5,35,103,2,42,1,co-sos,2026-09-07T21:16:43+00:00
2022,CO,08009,Baca County,2022-10-25,14,224,,,6,46,123,3,52,1,co-sos,2026-09-07T21:16:43+00:00
2022,CO,08009,Baca County,2022-10-26,13,287,,,8,56,165,3,63,1,co-sos,2026-09-07T21:16:43+00:00
2022,CO,08009,Baca County,2022-10-27,12,360,,,9,71,203,3,83,1,co-sos,2026-09-07T21:16:43+00:00
2022,CO,08009,Baca County,2022-10-30,9,440,,,9,79,255,4,102,1,co-sos,2026-09-07T21:16:43+00:00
2022,CO,08009,Baca County,2022-10-31,8,572,,,9,99,335,4,134,1,co-sos,2026-09-07T21:16:43+00:00
2022,CO,08009,Baca County,2022-11-01,7,651,,,11,109,381,4,157,1,co-sos,2026-09-07T21:16:43+00:00
2022,CO,08009,Baca County,2022-11-02,6,772,,,11,125,459,6,182,1,co-sos,2026-09-07T21:16:43+00:00
2022,CO,08009,Baca County,2022-11-03,5,857,,,12,138,501,7,211,1,co-sos,2026-09-07T21:16:43+00:00
2022,CO,08009,Baca County,2022-11-06,2,1027,,,19,160,593,11,263,1,co-sos,2026-09-07T21:16:43+00:00
2022,CO,08009,Baca County,2022-11-07,1,1337,,,26,195,786,14,342,1,co-sos,2026-09-07T21:16:43+00:00
2022,CO,08011,Bent County,2022-10-24,15,223,,,1,61,89,4,69,1,co-sos,2026-09-07T21:16:43+00:00
2022,CO,08011,Bent County,2022-10-25,14,276,,,1,78,108,5,85,1,co-sos,2026-09-07T21:16:43+00:00
2022,CO,08011,Bent County,2022-10-26,13,362,,,2,105,140,6,111,1,co-sos,2026-09-07T21:16:43+00:00
2022,CO,08011,Bent County,2022-10-27,12,421,,,2,113,164,8,136,1,co-sos,2026-09-07T21:16:43+00:00
2022,CO,08011,Bent County,2022-10-30,9,496,,,3,123,200,10,163,1,co-sos,2026-09-07T21:16:43+00:00
2022,CO,08011,Bent County,2022-10-31,8,597,,,4,149,244,10,194,1,co-sos,2026-09-07T21:16:43+00:00
2022,CO,08011,Bent County,2022-11-01,7,694,,,6,174,284,13,223,1,co-sos,2026-09-07T21:16:43+00:00
2022,CO,08011,Bent County,2022-11-02,6,770,,,8,188,325,14,243,1,co-sos,2026-09-07T21:16:43+00:00
2022,CO,08011,Bent County,2022-11-03,5,851,,,11,211,359,14,267,1,co-sos,2026-09-07T21:16:43+00:00
2022,CO,08011,Bent County,2022-11-06,2,1054,,,12,264,458,14,318,1,co-sos,2026-09-07T21:16:43+00:00
2022,CO,08011,Bent County,2022-11-07,1,1301,,,22,317,580,16,388,1,co-sos,2026-09-07T21:16:43+00:00
2022,CO,08013,Boulder County,2022-10-24,15,10006,,,70,5144,1299,84,3479,1,co-sos,2026-09-07T21:16:43+00:00
2022,CO,08013,Boulder County,2022-10-25,14,15548,,,103,7913,2112,129,5394,1,co-sos,2026-09-07T21:16:43+00:00
2022,CO,08013,Boulder County,2022-10-26,13,21121,,,142,10668,2882,177,7394,1,co-sos,2026-09-07T21:16:43+00:00
2022,CO,08013,Boulder County,2022-10-27,12,25984,,,191,13025,3492,216,9251,1,co-sos,2026-09-07T21:16:43+00:00
2022,CO,08013,Boulder County,2022-10-30,9,36540,,,243,18311,4819,316,13094,1,co-sos,2026-09-07T21:16:43+00:00
2022,CO,08013,Boulder County,2022-10-31,8,46948,,,325,23662,5866,378,17042,1,co-sos,2026-09-07T21:16:43+00:00
2022,CO,08013,Boulder County,2022-11-01,7,55572,,,409,27767,7046,436,20323,1,co-sos,2026-09-07T21:16:43+00:00
2022,CO,08013,Boulder County,2022-11-02,6,62352,,,511,30958,7959,491,22944,1,co-sos,2026-09-07T21:16:43+00:00
2022,CO,08013,Boulder County,2022-11-03,5,69409,,,599,34382,8809,561,25657,1,co-sos,2026-09-07T21:16:43+00:00
2022,CO,08013,Boulder County,2022-11-06,2,90944,,,945,44559,11276,754,34355,1,co-sos,2026-09-07T21:16:43+00:00
2022,CO,08013,Boulder County,2022-11-07,1,113004,,,1867,54547,13778,964,43715,1,co-sos,2026-09-07T21:16:43+00:00
2022,CO,08014,Broomfield County,2022-10-24,15,3756,,,7,1380,820,26,1530,1,co-sos,2026-09-07T21:16:43+00:00
2022,CO,08014,Broomfield County,2022-10-25,14,5298,,,15,1920,1163,37,2178,1,co-sos,2026-09-07T21:16:43+00:00
2022,CO,08014,Broomfield County,2022-10-26,13,6299,,,20,2273,1408,42,2576,1,co-sos,2026-09-07T21:16:43+00:00
2022,CO,08014,Broomfield County,2022-10-27,12,7441,,,25,2661,1672,56,3052,1,co-sos,2026-09-07T21:16:43+00:00
2022,CO,08014,Broomfield County,2022-10-30,9,9914,,,41,3599,2221,76,4018,1,co-sos,2026-09-07T21:16:43+00:00
2022,CO,08014,Broomfield County,2022-10-31,8,12368,,,54,4446,2728,96,5098,1,co-sos,2026-09-07T21:16:43+00:00
2022,CO,08014,Broomfield County,2022-11-01,7,13840,,,64,4938,3080,106,5716,1,co-sos,2026-09-07T21:16:43+00:00
2022,CO,08014,Broomfield County,2022-11-02,6,15670,,,76,5551,3487,119,6513,1,co-sos,2026-09-07T21:16:43+00:00
2022,CO,08014,Broomfield County,2022-11-03,5,17176,,,97,6037,3859,135,7145,1,co-sos,2026-09-07T21:16:43+00:00
2022,CO,08014,Broomfield County,2022-11-06,2,22585,,,173,7835,5016,187,9547,1,co-sos,2026-09-07T21:16:43+00:00
2022,CO,08014,Broomfield County,2022-11-07,1,27235,,,333,9229,6020,244,11742,1,co-sos,2026-09-07T21:16:43+00:00
2022,CO,08015,Chaffee County,2022-10-24,15,916,,,3,334,235,2,345,1,co-sos,2026-09-07T21:16:43+00:00
2022,CO,08015,Chaffee County,2022-10-25,14,1493,,,3,516,391,10,576,1,co-sos,2026-09-07T21:16:43+00:00
2022,CO,08015,Chaffee County,2022-10-26,13,2150,,,4,705,588,14,843,1,co-sos,2026-09-07T21:16:43+00:00
2022,CO,08015,Chaffee County,2022-10-27,12,2483,,,4,819,666,15,983,1,co-sos,2026-09-07T21:16:43+00:00
2022,CO,08015,Chaffee County,2022-10-30,9,3509,,,6,1132,954,18,1405,1,co-sos,2026-09-07T21:16:43+00:00
2022,CO,08015,Chaffee County,2022-10-31,8,4179,,,7,1335,1109,24,1711,1,co-sos,2026-09-07T21:16:43+00:00
2022,CO,08015,Chaffee County,2022-11-01,7,4804,,,8,1519,1288,25,1972,1,co-sos,2026-09-07T21:16:43+00:00
2022,CO,08015,Chaffee County,2022-11-02,6,5455,,,11,1723,1463,34,2235,1,co-sos,2026-09-07T21:16:43+00:00
2022,CO,08015,Chaffee County,2022-11-03,5,6046,,,14,1901,1643,40,2462,1,co-sos,2026-09-07T21:16:43+00:00
2022,CO,08015,Chaffee County,2022-11-06,2,7297,,,31,2273,2019,45,2960,1,co-sos,2026-09-07T21:16:43+00:00
2022,CO,08015,Chaffee County,2022-11-07,1,8674,,,72,2671,2379,62,3562,1,co-sos,2026-09-07T21:16:43+00:00
2022,CO,08017,Cheyenne County,2022-10-24,15,55,,,0,7,36,0,12,1,co-sos,2026-09-07T21:16:43+00:00
2022,CO,08017,Cheyenne County,2022-10-25,14,88,,,0,9,62,0,17,1,co-sos,2026-09-07T21:16:43+00:00
2022,CO,08017,Cheyenne County,2022-10-26,13,129,,,0,13,93,0,23,1,co-sos,2026-09-07T21:16:43+00:00
2022,CO,08017,Cheyenne County,2022-10-27,12,152,,,0,14,110,0,28,1,co-sos,2026-09-07T21:16:43+00:00
2022,CO,08017,Cheyenne County,2022-10-30,9,220,,,0,19,157,0,44,1,co-sos,2026-09-07T21:16:43+00:00
2022,CO,08017,Cheyenne County,2022-10-31,8,293,,,0,27,199,0,67,1,co-sos,2026-09-07T21:16:43+00:00
2022,CO,08017,Cheyenne County,2022-11-01,7,323,,,0,31,217,0,75,1,co-sos,2026-09-07T21:16:43+00:00
2022,CO,08017,Cheyenne County,2022-11-02,6,357,,,2,33,246,0,78,1,co-sos,2026-09-07T21:16:43+00:00
2022,CO,08017,Cheyenne County,2022-11-03,5,388,,,2,34,267,0,87,1,co-sos,2026-09-07T21:16:43+00:00
2022,CO,08017,Cheyenne County,2022-11-06,2,485,,,2,41,327,0,117,1,co-sos,2026-09-07T21:16:43+00:00
2022,CO,08017,Cheyenne County,2022-11-07,1,633,,,3,48,434,0,151,1,co-sos,2026-09-07T21:16:43+00:00
2022,CO,08019,Clear Creek County,2022-10-24,15,282,,,2,105,66,5,106,1,co-sos,2026-09-07T21:16:43+00:00
2022,CO,08019,Clear Creek County,2022-10-25,14,461,,,8,169,105,7,180,1,co-sos,2026-09-07T21:16:43+00:00
2022,CO,08019,Clear Creek County,2022-10-26,13,680,,,10,253,154,8,265,1,co-sos,2026-09-07T21:16:43+00:00
2022,CO,08019,Clear Creek County,2022-10-27,12,681,,,11,253,155,8,265,1,co-sos,2026-09-07T21:16:43+00:00
2022,CO,08019,Clear Creek County,2022-10-30,9,1080,,,15,372,280,12,416,1,co-sos,2026-09-07T21:16:43+00:00
2022,CO,08019,Clear Creek County,2022-10-31,8,1645,,,18,551,415,22,657,1,co-sos,2026-09-07T21:16:43+00:00
2022,CO,08019,Clear Creek County,2022-11-01,7,1906,,,24,653,488,24,741,1,co-sos,2026-09-07T21:16:43+00:00
2022,CO,08019,Clear Creek County,2022-11-02,6,2196,,,31,740,570,29,857,1,co-sos,2026-09-07T21:16:43+00:00
2022,CO,08019,Clear Creek County,2022-11-03,5,2491,,,34,829,635,36,991,1,co-sos,2026-09-07T21:16:43+00:00
2022,CO,08019,Clear Creek County,2022-11-06,2,2709,,,52,900,695,37,1077,1,co-sos,2026-09-07T21:16:43+00:00
2022,CO,08019,Clear Creek County,2022-11-07,1,3260,,,82,1066,811,50,1333,1,co-sos,2026-09-07T21:16:43+00:00
2022,CO,08021,Conejos County,2022-10-24,15,167,,,0,116,25,0,26,1,co-sos,2026-09-07T21:16:43+00:00
2022,CO,08021,Conejos County,2022-10-25,14,228,,,0,150,44,2,32,1,co-sos,2026-09-07T21:16:43+00:00
2022,CO,08021,Conejos County,2022-10-26,13,418,,,0,255,95,4,64,1,co-sos,2026-09-07T21:16:43+00:00
2022,CO,08021,Conejos County,2022-10-27,12,418,,,0,255,95,4,64,1,co-sos,2026-09-07T21:16:43+00:00
2022,CO,08021,Conejos County,2022-10-30,9,839,,,0,456,253,4,126,1,co-sos,2026-09-07T21:16:43+00:00
2022,CO,08021,Conejos County,2022-10-31,8,839,,,0,456,253,4,126,1,co-sos,2026-09-07T21:16:43+00:00
2022,CO,08021,Conejos County,2022-11-01,7,1177,,,0,626,357,5,189,1,co-sos,2026-09-07T21:16:43+00:00
2022,CO,08021,Conejos County,2022-11-02,6,1428,,,0,737,451,6,234,1,co-sos,2026-09-07T21:16:43+00:00
2022,CO,08021,Conejos County,2022-11-03,5,1653,,,0,826,557,7,263,1,co-sos,2026-09-07T21:16:43+00:00
2022,CO,08021,Conejos County,2022-11-06,2,1854,,,1,904,643,8,299,1,co-sos,2026-09-07T21:16:43+00:00
2022,CO,08021,Conejos County,2022-11-07,1,2431,,,1,1117,888,14,412,1,co-sos,2026-09-07T21:16:43+00:00
2022,CO,08023,Costilla County,2022-10-24,15,174,,,0,117,24,2,31,1,co-sos,2026-09-07T21:16:43+00:00
2022,CO,08023,Costilla County,2022-10-25,14,281,,,0,183,39,3,56,1,co-sos,2026-09-07T21:16:43+00:00
2022,CO,08023,Costilla County,2022-10-26,13,368,,,0,242,50,3,73,1,co-sos,2026-09-07T21:16:43+00:00
2022,CO,08023,Costilla County,2022-10-27,12,483,,,0,315,64,3,101,1,co-sos,2026-09-07T21:16:43+00:00
2022,CO,08023,Costilla County,2022-10-30,9,577,,,0,377,76,4,120,1,co-sos,2026-09-07T21:16:43+00:00
2022,CO,08023,Costilla County,2022-10-31,8,690,,,0,441,101,5,143,1,co-sos,2026-09-07T21:16:43+00:00
2022,CO,08023,Costilla County,2022-11-01,7,763,,,0,487,106,7,163,1,co-sos,2026-09-07T21:16:43+00:00
2022,CO,08023,Costilla County,2022-11-02,6,866,,,0,556,116,10,184,1,co-sos,2026-09-07T21:16:43+00:00
2022,CO,08023,Costilla County,2022-11-03,5,939,,,1,601,127,12,199,1,co-sos,2026-09-07T21:16:43+00:00
2022,CO,08023,Costilla County,2022-11-06,2,1080,,,1,674,150,13,243,1,co-sos,2026-09-07T21:16:43+00:00
2022,CO,08023,Costilla County,2022-11-07,1,1296,,,1,800,177,20,299,1,co-sos,2026-09-07T21:16:43+00:00
2022,CO,08025,Crowley County,2022-10-24,15,0,,,0,0,0,0,0,1,co-sos,2026-09-07T21:16:43+00:00
2022,CO,08025,Crowley County,2022-10-25,14,54,,,0,10,31,0,13,1,co-sos,2026-09-07T21:16:43+00:00
2022,CO,08025,Crowley County,2022-10-26,13,118,,,0,20,65,2,31,1,co-sos,2026-09-07T21:16:43+00:00
2022,CO,08025,Crowley County,2022-10-27,12,168,,,0,25,97,2,44,1,co-sos,2026-09-07T21:16:43+00:00
2022,CO,08025,Crowley County,2022-10-30,9,244,,,0,46,135,2,61,1,co-sos,2026-09-07T21:16:43+00:00
2022,CO,08025,Crowley County,2022-10-31,8,410,,,0,83,209,4,114,1,co-sos,2026-09-07T21:16:43+00:00
2022,CO,08025,Crowley County,2022-11-01,7,481,,,0,104,242,5,130,1,co-sos,2026-09-07T21:16:43+00:00
2022,CO,08025,Crowley County,2022-11-02,6,552,,,0,118,286,7,141,1,co-sos,2026-09-07T21:16:43+00:00
2022,CO,08025,Crowley County,2022-11-03,5,634,,,0,129,337,9,159,1,co-sos,2026-09-07T21:16:43+00:00
2022,CO,08025,Crowley County,2022-11-06,2,737,,,0,145,396,10,186,1,co-sos,2026-09-07T21:16:43+00:00
2022,CO,08025,Crowley County,2022-11-07,1,994,,,1,178,558,12,246,1,co-sos,2026-09-07T21:16:43+00:00
2022,CO,08027,Custer County,2022-10-24,15,316,,,4,39,179,3,95,1,co-sos,2026-09-07T21:16:43+00:00
2022,CO,08027,Custer County,2022-10-25,14,439,,,5,56,237,3,143,1,co-sos,2026-09-07T21:16:43+00:00
2022,CO,08027,Custer County,2022-10-26,13,637,,,10,84,342,3,208,1,co-sos,2026-09-07T21:16:43+00:00
2022,CO,08027,Custer County,2022-10-27,12,749,,,11,109,387,7,246,1,co-sos,2026-09-07T21:16:43+00:00
2022,CO,08027,Custer County,2022-10-30,9,904,,,12,137,463,10,294,1,co-sos,2026-09-07T21:16:43+00:00
2022,CO,08027,Custer County,2022-10-31,8,1252,,,14,189,645,11,407,1,co-sos,2026-09-07T21:16:43+00:00
2022,CO,08027,Custer County,2022-11-01,7,1420,,,16,208,733,13,466,1,co-sos,2026-09-07T21:16:43+00:00
2022,CO,08027,Custer County,2022-11-02,6,1600,,,21,227,826,14,533,1,co-sos,2026-09-07T21:16:43+00:00
2022,CO,08027,Custer County,2022-11-03,5,1764,,,23,244,919,15,586,1,co-sos,2026-09-07T21:16:43+00:00
2022,CO,08027,Custer County,2022-11-06,2,2056,,,34,291,1057,18,690,1,co-sos,2026-09-07T21:16:43+00:00
2022,CO,08027,Custer County,2022-11-07,1,2558,,,54,343,1323,20,872,1,co-sos,2026-09-07T21:16:43+00:00
2022,CO,08029,Delta County,2022-10-24,15,1460,,,2,263,689,19,489,1,co-sos,2026-09-07T21:16:43+00:00
2022,CO,08029,Delta County,2022-10-25,14,2163,,,4,380,1029,25,729,1,co-sos,2026-09-07T21:16:43+00:00
2022,CO,08029,Delta County,2022-10-26,13,2993,,,6,506,1382,35,1070,1,co-sos,2026-09-07T21:16:43+00:00
2022,CO,08029,Delta County,2022-10-27,12,3618,,,8,588,1655,45,1330,1,co-sos,2026-09-07T21:16:43+00:00
2022,CO,08029,Delta County,2022-10-30,9,4433,,,12,728,2006,52,1647,1,co-sos,2026-09-07T21:16:43+00:00
2022,CO,08029,Delta County,2022-10-31,8,5846,,,17,964,2631,61,2190,1,co-sos,2026-09-07T21:16:43+00:00
2022,CO,08029,Delta County,2022-11-01,7,6470,,,22,1060,2932,65,2413,1,co-sos,2026-09-07T21:16:43+00:00
2022,CO,08029,Delta County,2022-11-02,6,7536,,,28,1273,3374,73,2816,1,co-sos,2026-09-07T21:16:43+00:00
2022,CO,08029,Delta County,2022-11-03,5,8101,,,40,1345,3646,82,3028,1,co-sos,2026-09-07T21:16:43+00:00
2022,CO,08029,Delta County,2022-11-06,2,9492,,,78,1576,4294,102,3520,1,co-sos,2026-09-07T21:16:43+00:00
2022,CO,08029,Delta County,2022-11-07,1,11758,,,130,1880,5372,132,4374,1,co-sos,2026-09-07T21:16:43+00:00
2022,CO,08031,Denver County,2022-10-24,15,10672,,,55,5494,1452,120,3606,1,co-sos,2026-09-07T21:16:43+00:00
2022,CO,08031,Denver County,2022-10-25,14,20100,,,100,10575,2549,190,6786,1,co-sos,2026-09-07T21:16:43+00:00
2022,CO,08031,Denver County,2022-10-26,13,28689,,,149,15092,3705,286,9606,1,co-sos,2026-09-07T21:16:43+00:00
2022,CO,08031,Denver County,2022-10-27,12,35826,,,190,18905,4602,346,11973,1,co-sos,2026-09-07T21:16:43+00:00
2022,CO,08031,Denver County,2022-10-30,9,42117,,,268,22153,5416,414,14134,1,co-sos,2026-09-07T21:16:43+00:00
2022,CO,08031,Denver County,2022-10-31,8,62466,,,396,33269,7525,567,21105,1,co-sos,2026-09-07T21:16:43+00:00
2022,CO,08031,Denver County,2022-11-01,7,75788,,,536,40357,9015,667,25749,1,co-sos,2026-09-07T21:16:43+00:00
2022,CO,08031,Denver County,2022-11-02,6,89407,,,705,47257,10611,802,30737,1,co-sos,2026-09-07T21:16:43+00:00
2022,CO,08031,Denver County,2022-11-03,5,102018,,,890,53616,12105,936,35361,1,co-sos,2026-09-07T21:16:43+00:00
2022,CO,08031,Denver County,2022-11-06,2,132933,,,1645,69462,15382,1201,46888,1,co-sos,2026-09-07T21:16:43+00:00
2022,CO,08031,Denver County,2022-11-07,1,168966,,,3649,87628,18621,1550,61167,1,co-sos,2026-09-07T21:16:43+00:00
2022,CO,08033,Dolores County,2022-10-24,15,0,,,0,0,0,0,0,1,co-sos,2026-09-07T21:16:43+00:00
2022,CO,08033,Dolores County,2022-10-25,14,55,,,0,10,28,3,14,1,co-sos,2026-09-07T21:16:43+00:00
2022,CO,08033,Dolores County,2022-10-26,13,147,,,0,19,75,0,53,1,co-sos,2026-09-07T21:16:43+00:00
2022,CO,08033,Dolores County,2022-10-27,12,210,,,0,28,93,0,89,1,co-sos,2026-09-07T21:16:43+00:00
2022,CO,08033,Dolores County,2022-10-30,9,269,,,0,42,117,0,110,1,co-sos,2026-09-07T21:16:43+00:00
2022,CO,08033,Dolores County,2022-10-31,8,415,,,0,59,201,2,153,1,co-sos,2026-09-07T21:16:43+00:00
2022,CO,08033,Dolores County,2022-11-01,7,493,,,0,69,250,3,171,1,co-sos,2026-09-07T21:16:43+00:00
2022,CO,08033,Dolores County,2022-11-02,6,536,,,0,75,273,3,185,1,co-sos,2026-09-07T21:16:43+00:00
2022,CO,08033,Dolores County,2022-11-03,5,616,,,0,82,318,5,211,1,co-sos,2026-09-07T21:16:43+00:00
2022,CO,08033,Dolores County,2022-11-06,2,718,,,0,100,355,6,257,1,co-sos,2026-09-07T21:16:43+00:00
2022,CO,08033,Dolores County,2022-11-07,1,1030,,,0,124,518,10,378,1,co-sos,2026-09-07T21:16:43+00:00
2022,CO,08035,Douglas County,2022-10-24,15,12887,,,22,3167,4824,131,4765,1,co-sos,2026-09-07T21:16:43+00:00
2022,CO,08035,Douglas County,2022-10-25,14,20198,,,46,4903,7590,196,7509,1,co-sos,2026-09-07T21:16:43+00:00
2022,CO,08035,Douglas County,2022-10-26,13,26698,,,69,6381,10057,266,9994,1,co-sos,2026-09-07T21:16:43+00:00
2022,CO,08035,Douglas County,2022-10-27,12,32741,,,88,7784,12385,310,12262,1,co-sos,2026-09-07T21:16:43+00:00
2022,CO,08035,Douglas County,2022-10-30,9,37323,,,130,8760,14211,346,14006,1,co-sos,2026-09-07T21:16:43+00:00
2022,CO,08035,Douglas County,2022-10-31,8,57160,,,189,13350,21471,521,21818,1,co-sos,2026-09-07T21:16:43+00:00
2022,CO,08035,Douglas County,2022-11-01,7,66918,,,248,15479,25124,607,25708,1,co-sos,2026-09-07T21:16:43+00:00
2022,CO,08035,Douglas County,2022-11-02,6,76950,,,300,17605,29006,714,29625,1,co-sos,2026-09-07T21:16:43+00:00
2022,CO,08035,Douglas County,2022-11-03,5,85801,,,378,19399,32523,793,33086,1,co-sos,2026-09-07T21:16:43+00:00
2022,CO,08035,Douglas County,2022-11-06,2,109320,,,798,24250,41296,1015,42759,1,co-sos,2026-09-07T21:16:43+00:00
2022,CO,08035,Douglas County,2022-11-07,1,133527,,,1485,28878,50293,1280,53076,1,co-sos,2026-09-07T21:16:43+00:00
2022,CO,08037,Eagle County,2022-10-24,15,1551,,,8,471,377,15,688,1,co-sos,2026-09-07T21:16:43+00:00
2022,CO,08037,Eagle County,2022-10-25,14,2238,,,15,710,518,19,991,1,co-sos,2026-09-07T21:16:43+00:00
2022,CO,08037,Eagle County,2022-10-26,13,3058,,,20,972,707,22,1357,1,co-sos,2026-09-07T21:16:43+00:00
2022,CO,08037,Eagle County,2022-10-27,12,3751,,,30,1189,870,26,1666,1,co-sos,2026-09-07T21:16:43+00:00
2022,CO,08037,Eagle County,2022-10-30,9,4502,,,36,1425,1053,30,1994,1,co-sos,2026-09-07T21:16:43+00:00
2022,CO,08037,Eagle County,2022-10-31,8,6492,,,45,2061,1508,50,2873,1,co-sos,2026-09-07T21:16:43+00:00
2022,CO,08037,Eagle County,2022-11-01,7,7597,,,60,2420,1725,59,3393,1,co-sos,2026-09-07T21:16:43+00:00
2022,CO,08037,Eagle County,2022-11-02,6,8684,,,78,2773,1963,70,3878,1,co-sos,2026-09-07T21:16:43+00:00
2022,CO,08037,Eagle County,2022-11-03,5,9770,,,98,3106,2194,82,4388,1,co-sos,2026-09-07T21:16:43+00:00
2022,CO,08037,Eagle County,2022-11-06,2,11840,,,141,3748,2657,110,5325,1,co-sos,2026-09-07T21:16:43+00:00
2022,CO,08037,Eagle County,2022-11-07,1,15442,,,235,4803,3394,153,7092,1,co-sos,2026-09-07T21:16:43+00:00
2022,CO,08039,Elbert County,2022-10-24,15,1149,,,7,157,617,7,368,1,co-sos,2026-09-07T21:16:43+00:00
2022,CO,08039,Elbert County,2022-10-25,14,1579,,,9,211,843,8,517,1,co-sos,2026-09-07T21:16:43+00:00
2022,CO,08039,Elbert County,2022-10-26,13,2086,,,12,278,1108,11,689,1,co-sos,2026-09-07T21:16:43+00:00
2022,CO,08039,Elbert County,2022-10-27,12,2748,,,15,372,1453,13,910,1,co-sos,2026-09-07T21:16:43+00:00
2022,CO,08039,Elbert County,2022-10-30,9,3362,,,18,459,1770,23,1110,1,co-sos,2026-09-07T21:16:43+00:00
2022,CO,08039,Elbert County,2022-10-31,8,5010,,,38,631,2656,45,1678,1,co-sos,2026-09-07T21:16:43+00:00
2022,CO,08039,Elbert County,2022-11-01,7,5737,,,46,708,3050,53,1926,1,co-sos,2026-09-07T21:16:43+00:00
2022,CO,08039,Elbert County,2022-11-02,6,6652,,,60,818,3492,65,2277,1,co-sos,2026-09-07T21:16:43+00:00
2022,CO,08039,Elbert County,2022-11-03,5,7458,,,75,897,3943,72,2546,1,co-sos,2026-09-07T21:16:43+00:00
2022,CO,08039,Elbert County,2022-11-06,2,8226,,,98,974,4354,77,2821,1,co-sos,2026-09-07T21:16:43+00:00
2022,CO,08039,Elbert County,2022-11-07,1,10639,,,166,1194,5641,111,3693,1,co-sos,2026-09-07T21:16:43+00:00
2022,CO,08041,El Paso County,2022-10-24,15,25111,,,67,6103,9794,336,8878,1,co-sos,2026-09-07T21:16:43+00:00
2022,CO,08041,El Paso County,2022-10-25,14,32694,,,87,7857,12748,425,11664,1,co-sos,2026-09-07T21:16:43+00:00
2022,CO,08041,El Paso County,2022-10-26,13,43510,,,140,10565,16876,574,15495,1,co-sos,2026-09-07T21:16:43+00:00
2022,CO,08041,El Paso County,2022-10-27,12,51311,,,175,12504,19863,647,18297,1,co-sos,2026-09-07T21:16:43+00:00
2022,CO,08041,El Paso County,2022-10-30,9,57805,,,228,13927,22536,716,20626,1,co-sos,2026-09-07T21:16:43+00:00
2022,CO,08041,El Paso County,2022-10-31,8,84552,,,314,20103,32857,1028,30564,1,co-sos,2026-09-07T21:16:43+00:00
2022,CO,08041,El Paso County,2022-11-01,7,96897,,,409,22820,37776,1183,35118,1,co-sos,2026-09-07T21:16:43+00:00
2022,CO,08041,El Paso County,2022-11-02,6,110456,,,512,25790,43201,1357,40108,1,co-sos,2026-09-07T21:16:43+00:00
2022,CO,08041,El Paso County,2022-11-03,5,123621,,,629,28548,48262,1539,45272,1,co-sos,2026-09-07T21:16:43+00:00
2022,CO,08041,El Paso County,2022-11-06,2,151971,,,1478,34108,59670,1957,56236,1,co-sos,2026-09-07T21:16:43+00:00
2022,CO,08041,El Paso County,2022-11-07,1,192882,,,3060,41814,75372,2572,73124,1,co-sos,2026-09-07T21:16:43+00:00
2022,CO,08043,Fremont County,2022-10-24,15,1056,,,13,242,467,7,340,1,co-sos,2026-09-07T21:16:43+00:00
2022,CO,08043,Fremont County,2022-10-25,14,1652,,,19,380,700,11,561,1,co-sos,2026-09-07T21:16:43+00:00
2022,CO,08043,Fremont County,2022-10-26,13,3331,,,26,706,1443,33,1149,1,co-sos,2026-09-07T21:16:43+00:00
2022,CO,08043,Fremont County,2022-10-27,12,4251,,,37,894,1828,43,1486,1,co-sos,2026-09-07T21:16:43+00:00
2022,CO,08043,Fremont County,2022-10-30,9,5133,,,43,1094,2213,57,1769,1,co-sos,2026-09-07T21:16:43+00:00
2022,CO,08043,Fremont County,2022-10-31,8,6340,,,63,1333,2741,72,2194,1,co-sos,2026-09-07T21:16:43+00:00
2022,CO,08043,Fremont County,2022-11-01,7,7642,,,76,1557,3399,87,2599,1,co-sos,2026-09-07T21:16:43+00:00
2022,CO,08043,Fremont County,2022-11-02,6,9063,,,93,1864,3996,99,3104,1,co-sos,2026-09-07T21:16:43+00:00
2022,CO,08043,Fremont County,2022-11-03,5,10064,,,106,2018,4498,107,3441,1,co-sos,2026-09-07T21:16:43+00:00
2022,CO,08043,Fremont County,2022-11-06,2,11335,,,140,2220,5071,119,3925,1,co-sos,2026-09-07T21:16:43+00:00
2022,CO,08043,Fremont County,2022-11-07,1,14084,,,205,2613,6385,160,4926,1,co-sos,2026-09-07T21:16:43+00:00
2022,CO,08045,Garfield County,2022-10-24,15,1969,,,1,525,580,23,841,1,co-sos,2026-09-07T21:16:43+00:00
2022,CO,08045,Garfield County,2022-10-25,14,2726,,,1,726,807,25,1168,1,co-sos,2026-09-07T21:16:43+00:00
2022,CO,08045,Garfield County,2022-10-26,13,3535,,,5,915,1079,32,1509,1,co-sos,2026-09-07T21:16:43+00:00
2022,CO,08045,Garfield County,2022-10-27,12,4437,,,8,1146,1373,45,1873,1,co-sos,2026-09-07T21:16:43+00:00
2022,CO,08045,Garfield County,2022-10-30,9,5393,,,18,1419,1652,49,2273,1,co-sos,2026-09-07T21:16:43+00:00
2022,CO,08045,Garfield County,2022-10-31,8,7755,,,29,2036,2356,68,3295,1,co-sos,2026-09-07T21:16:43+00:00
2022,CO,08045,Garfield County,2022-11-01,7,8930,,,40,2367,2681,76,3806,1,co-sos,2026-09-07T21:16:43+00:00
2022,CO,08045,Garfield County,2022-11-02,6,10274,,,56,2690,3130,103,4351,1,co-sos,2026-09-07T21:16:43+00:00
2022,CO,08045,Garfield County,2022-11-03,5,11501,,,71,3023,3490,115,4873,1,co-sos,2026-09-07T21:16:43+00:00
2022,CO,08045,Garfield County,2022-11-06,2,13813,,,93,3575,4196,136,5906,1,co-sos,2026-09-07T21:16:43+00:00
2022,CO,08045,Garfield County,2022-11-07,1,16624,,,146,4263,4962,172,7227,1,co-sos,2026-09-07T21:16:43+00:00
2022,CO,08047,Gilpin County,2022-10-24,15,25,,,0,9,6,1,9,1,co-sos,2026-09-07T21:16:43+00:00
2022,CO,08047,Gilpin County,2022-10-25,14,290,,,0,114,56,3,117,1,co-sos,2026-09-07T21:16:43+00:00
2022,CO,08047,Gilpin County,2022-10-26,13,410,,,1,145,97,7,161,1,co-sos,2026-09-07T21:16:43+00:00
2022,CO,08047,Gilpin County,2022-10-27,12,411,,,2,145,97,7,162,1,co-sos,2026-09-07T21:16:43+00:00
2022,CO,08047,Gilpin County,2022-10-30,9,617,,,5,208,145,10,254,1,co-sos,2026-09-07T21:16:43+00:00
2022,CO,08047,Gilpin County,2022-10-31,8,955,,,6,326,211,13,405,1,co-sos,2026-09-07T21:16:43+00:00
2022,CO,08047,Gilpin County,2022-11-01,7,1129,,,8,383,258,14,474,1,co-sos,2026-09-07T21:16:43+00:00
2022,CO,08047,Gilpin County,2022-11-02,6,1303,,,14,437,304,15,547,1,co-sos,2026-09-07T21:16:43+00:00
2022,CO,08047,Gilpin County,2022-11-03,5,1543,,,17,499,369,17,658,1,co-sos,2026-09-07T21:16:43+00:00
2022,CO,08047,Gilpin County,2022-11-06,2,1658,,,27,533,386,20,719,1,co-sos,2026-09-07T21:16:43+00:00
2022,CO,08047,Gilpin County,2022-11-07,1,2020,,,38,644,461,28,887,1,co-sos,2026-09-07T21:16:43+00:00
2022,CO,08049,Grand County,2022-10-24,15,614,,,0,156,223,6,229,1,co-sos,2026-09-07T21:16:43+00:00
2022,CO,08049,Grand County,2022-10-25,14,901,,,2,219,332,7,343,1,co-sos,2026-09-07T21:16:43+00:00
2022,CO,08049,Grand County,2022-10-26,13,1227,,,2,286,478,9,454,1,co-sos,2026-09-07T21:16:43+00:00
2022,CO,08049,Grand County,2022-10-27,12,1458,,,2,345,570,12,531,1,co-sos,2026-09-07T21:16:43+00:00
2022,CO,08049,Grand County,2022-10-30,9,2214,,,7,545,834,21,814,1,co-sos,2026-09-07T21:16:43+00:00
2022,CO,08049,Grand County,2022-10-31,8,2707,,,14,657,1034,26,990,1,co-sos,2026-09-07T21:16:43+00:00
2022,CO,08049,Grand County,2022-11-01,7,3165,,,18,760,1203,30,1172,1,co-sos,2026-09-07T21:16:43+00:00
2022,CO,08049,Grand County,2022-11-02,6,3623,,,20,879,1371,37,1336,1,co-sos,2026-09-07T21:16:43+00:00
2022,CO,08049,Grand County,2022-11-03,5,4070,,,24,982,1523,44,1521,1,co-sos,2026-09-07T21:16:43+00:00
2022,CO,08049,Grand County,2022-11-06,2,4712,,,27,1126,1760,55,1771,1,co-sos,2026-09-07T21:16:43+00:00
2022,CO,08049,Grand County,2022-11-07,1,5948,,,42,1385,2199,76,2288,1,co-sos,2026-09-07T21:16:43+00:00
2022,CO,08051,Gunnison County,2022-10-24,15,0,,,0,0,0,0,0,1,co-sos,2026-09-07T21:16:43+00:00
2022,CO,08051,Gunnison County,2022-10-25,14,855,,,0,282,194,13,366,1,co-sos,2026-09-07T21:16:43+00:00
2022,CO,08051,Gunnison County,2022-10-26,13,858,,,0,283,195,13,367,1,co-sos,2026-09-07T21:16:43+00:00
2022,CO,08051,Gunnison County,2022-10-27,12,858,,,0,283,195,13,367,1,co-sos,2026-09-07T21:16:43+00:00
2022,CO,08051,Gunnison County,2022-10-30,9,1859,,,1,585,450,22,802,1,co-sos,2026-09-07T21:16:43+00:00
2022,CO,08051,Gunnison County,2022-10-31,8,2697,,,1,852,660,32,1153,1,co-sos,2026-09-07T21:16:43+00:00
2022,CO,08051,Gunnison County,2022-11-01,7,3125,,,1,980,759,37,1349,1,co-sos,2026-09-07T21:16:43+00:00
2022,CO,08051,Gunnison County,2022-11-02,6,3611,,,1,1132,853,40,1586,1,co-sos,2026-09-07T21:16:43+00:00
2022,CO,08051,Gunnison County,2022-11-03,5,4064,,,1,1261,961,46,1796,1,co-sos,2026-09-07T21:16:43+00:00
2022,CO,08051,Gunnison County,2022-11-06,2,4068,,,5,1262,961,46,1799,1,co-sos,2026-09-07T21:16:43+00:00
2022,CO,08051,Gunnison County,2022-11-07,1,6281,,,17,1968,1377,66,2870,1,co-sos,2026-09-07T21:16:43+00:00
2022,CO,08053,Hinsdale County,2022-10-24,15,85,,,0,9,43,0,33,1,co-sos,2026-09-07T21:16:43+00:00
2022,CO,08053,Hinsdale County,2022-10-25,14,105,,,0,14,49,0,42,1,co-sos,2026-09-07T21:16:43+00:00
2022,CO,08053,Hinsdale County,2022-10-26,13,127,,,0,15,63,0,49,1,co-sos,2026-09-07T21:16:43+00:00
2022,CO,08053,Hinsdale County,2022-10-27,12,140,,,0,16,68,0,56,1,co-sos,2026-09-07T21:16:43+00:00
2022,CO,08053,Hinsdale County,2022-10-30,9,177,,,0,24,89,0,64,1,co-sos,2026-09-07T21:16:43+00:00
2022,CO,08053,Hinsdale County,2022-10-31,8,243,,,0,30,132,0,81,1,co-sos,2026-09-07T21:16:43+00:00
2022,CO,08053,Hinsdale County,2022-11-01,7,272,,,0,33,144,1,94,1,co-sos,2026-09-07T21:16:43+00:00
2022,CO,08053,Hinsdale County,2022-11-02,6,303,,,0,34,162,1,106,1,co-sos,2026-09-07T21:16:43+00:00
2022,CO,08053,Hinsdale County,2022-11-03,5,331,,,0,36,183,2,110,1,co-sos,2026-09-07T21:16:43+00:00
2022,CO,08053,Hinsdale County,2022-11-06,2,357,,,0,41,193,2,121,1,co-sos,2026-09-07T21:16:43+00:00
2022,CO,08053,Hinsdale County,2022-11-07,1,425,,,0,56,220,2,147,1,co-sos,2026-09-07T21:16:43+00:00
2022,CO,08055,Huerfano County,2022-10-24,15,561,,,0,240,116,7,198,1,co-sos,2026-09-07T21:16:43+00:00
2022,CO,08055,Huerfano County,2022-10-25,14,729,,,0,293,166,10,260,1,co-sos,2026-09-07T21:16:43+00:00
2022,CO,08055,Huerfano County,2022-10-26,13,971,,,0,397,229,13,332,1,co-sos,2026-09-07T21:16:43+00:00
2022,CO,08055,Huerfano County,2022-10-27,12,1057,,,0,424,256,13,364,1,co-sos,2026-09-07T21:16:43+00:00
2022,CO,08055,Huerfano County,2022-10-30,9,1388,,,0,558,345,18,467,1,co-sos,2026-09-07T21:16:43+00:00
2022,CO,08055,Huerfano County,2022-10-31,8,1742,,,0,691,457,23,571,1,co-sos,2026-09-07T21:16:43+00:00
2022,CO,08055,Huerfano County,2022-11-01,7,1891,,,0,745,503,24,619,1,co-sos,2026-09-07T21:16:43+00:00
2022,CO,08055,Huerfano County,2022-11-02,6,2146,,,0,830,572,28,716,1,co-sos,2026-09-07T21:16:43+00:00
2022,CO,08055,Huerfano County,2022-11-03,5,2286,,,0,875,610,30,771,1,co-sos,2026-09-07T21:16:43+00:00
2022,CO,08055,Huerfano County,2022-11-06,2,2636,,,0,993,715,33,895,1,co-sos,2026-09-07T21:16:43+00:00
2022,CO,08055,Huerfano County,2022-11-07,1,3043,,,0,1139,821,43,1040,1,co-sos,2026-09-07T21:16:43+00:00
2022,CO,08057,Jackson County,2022-10-24,15,75,,,0,5,49,1,20,1,co-sos,2026-09-07T21:16:43+00:00
2022,CO,08057,Jackson County,2022-10-25,14,116,,,0,10,79,1,26,1,co-sos,2026-09-07T21:16:43+00:00
2022,CO,08057,Jackson County,2022-10-26,13,141,,,0,10,100,1,30,1,co-sos,2026-09-07T21:16:43+00:00
2022,CO,08057,Jackson County,2022-10-27,12,177,,,0,20,117,1,39,1,co-sos,2026-09-07T21:16:43+00:00
2022,CO,08057,Jackson County,2022-10-30,9,191,,,0,21,128,1,41,1,co-sos,2026-09-07T21:16:43+00:00
2022,CO,08057,Jackson County,2022-10-31,8,242,,,0,24,162,2,54,1,co-sos,2026-09-07T21:16:43+00:00
2022,CO,08057,Jackson County,2022-11-01,7,283,,,0,25,195,3,60,1,co-sos,2026-09-07T21:16:43+00:00
2022,CO,08057,Jackson County,2022-11-02,6,313,,,0,27,213,4,69,1,co-sos,2026-09-07T21:16:43+00:00
2022,CO,08057,Jackson County,2022-11-03,5,341,,,0,28,235,4,74,1,co-sos,2026-09-07T21:16:43+00:00
2022,CO,08057,Jackson County,2022-11-06,2,373,,,0,29,254,5,85,1,co-sos,2026-09-07T21:16:43+00:00
2022,CO,08057,Jackson County,2022-11-07,1,451,,,0,30,315,5,101,1,co-sos,2026-09-07T21:16:43+00:00
2022,CO,08059,Jefferson County,2022-10-24,15,23262,,,92,8247,6114,216,8685,1,co-sos,2026-09-07T21:16:43+00:00
2022,CO,08059,Jefferson County,2022-10-25,14,35160,,,157,12403,9307,309,13141,1,co-sos,2026-09-07T21:16:43+00:00
2022,CO,08059,Jefferson County,2022-10-26,13,46402,,,223,16251,12332,396,17423,1,co-sos,2026-09-07T21:16:43+00:00
2022,CO,08059,Jefferson County,2022-10-27,12,56803,,,271,19734,15172,500,21397,1,co-sos,2026-09-07T21:16:43+00:00
2022,CO,08059,Jefferson County,2022-10-30,9,72949,,,392,25171,19402,627,27749,1,co-sos,2026-09-07T21:16:43+00:00
2022,CO,08059,Jefferson County,2022-10-31,8,92691,,,548,32056,24019,802,35814,1,co-sos,2026-09-07T21:16:43+00:00
2022,CO,08059,Jefferson County,2022-11-01,7,108272,,,698,37147,28096,926,42103,1,co-sos,2026-09-07T21:16:43+00:00
2022,CO,08059,Jefferson County,2022-11-02,6,122069,,,856,41570,31610,1069,47820,1,co-sos,2026-09-07T21:16:43+00:00
2022,CO,08059,Jefferson County,2022-11-03,5,137810,,,1049,46473,35771,1231,54335,1,co-sos,2026-09-07T21:16:43+00:00
2022,CO,08059,Jefferson County,2022-11-06,2,162937,,,1993,54439,42274,1514,64710,1,co-sos,2026-09-07T21:16:43+00:00
2022,CO,08059,Jefferson County,2022-11-07,1,210981,,,3536,69265,53730,2128,85858,1,co-sos,2026-09-07T21:16:43+00:00
2022,CO,08061,Kiowa County,2022-10-24,15,44,,,0,9,32,0,3,1,co-sos,2026-09-07T21:16:43+00:00
2022,CO,08061,Kiowa County,2022-10-25,14,117,,,0,16,80,0,21,1,co-sos,2026-09-07T21:16:43+00:00
2022,CO,08061,Kiowa County,2022-10-26,13,117,,,0,16,80,0,21,1,co-sos,2026-09-07T21:16:43+00:00
2022,CO,08061,Kiowa County,2022-10-27,12,181,,,0,25,125,0,31,1,co-sos,2026-09-07T21:16:43+00:00
2022,CO,08061,Kiowa County,2022-10-30,9,181,,,0,25,125,0,31,1,co-sos,2026-09-07T21:16:43+00:00
2022,CO,08061,Kiowa County,2022-10-31,8,181,,,0,25,125,0,31,1,co-sos,2026-09-07T21:16:43+00:00
2022,CO,08061,Kiowa County,2022-11-01,7,276,,,0,32,189,0,55,1,co-sos,2026-09-07T21:16:43+00:00
2022,CO,08061,Kiowa County,2022-11-02,6,325,,,0,37,221,0,67,1,co-sos,2026-09-07T21:16:43+00:00
2022,CO,08061,Kiowa County,2022-11-03,5,325,,,0,37,221,0,67,1,co-sos,2026-09-07T21:16:43+00:00
2022,CO,08061,Kiowa County,2022-11-06,2,408,,,0,43,279,1,85,1,co-sos,2026-09-07T21:16:43+00:00
2022,CO,08061,Kiowa County,2022-11-07,1,514,,,0,50,344,2,118,1,co-sos,2026-09-07T21:16:43+00:00
2022,CO,08063,Kit Carson County,2022-10-24,15,280,,,0,31,159,2,88,1,co-sos,2026-09-07T21:16:43+00:00
2022,CO,08063,Kit Carson County,2022-10-25,14,357,,,0,38,207,2,110,1,co-sos,2026-09-07T21:16:43+00:00
2022,CO,08063,Kit Carson County,2022-10-26,13,489,,,0,62,281,3,143,1,co-sos,2026-09-07T21:16:43+00:00
2022,CO,08063,Kit Carson County,2022-10-27,12,613,,,0,84,355,5,169,1,co-sos,2026-09-07T21:16:43+00:00
2022,CO,08063,Kit Carson County,2022-10-30,9,773,,,1,97,452,6,218,1,co-sos,2026-09-07T21:16:43+00:00
2022,CO,08063,Kit Carson County,2022-10-31,8,990,,,2,117,600,8,265,1,co-sos,2026-09-07T21:16:43+00:00
2022,CO,08063,Kit Carson County,2022-11-01,7,1113,,,3,135,683,8,287,1,co-sos,2026-09-07T21:16:43+00:00
2022,CO,08063,Kit Carson County,2022-11-02,6,1307,,,6,150,813,8,336,1,co-sos,2026-09-07T21:16:43+00:00
2022,CO,08063,Kit Carson County,2022-11-03,5,1420,,,9,161,890,9,360,1,co-sos,2026-09-07T21:16:43+00:00
2022,CO,08063,Kit Carson County,2022-11-06,2,1603,,,13,175,1002,10,416,1,co-sos,2026-09-07T21:16:43+00:00
2022,CO,08063,Kit Carson County,2022-11-07,1,1981,,,19,205,1275,13,488,1,co-sos,2026-09-07T21:16:43+00:00
2022,CO,08065,Lake County,2022-10-24,15,177,,,2,96,38,3,40,1,co-sos,2026-09-07T21:16:43+00:00
2022,CO,08065,Lake County,2022-10-25,14,271,,,4,136,58,3,74,1,co-sos,2026-09-07T21:16:43+00:00
2022,CO,08065,Lake County,2022-10-26,13,376,,,7,185,72,3,116,1,co-sos,2026-09-07T21:16:43+00:00
2022,CO,08065,Lake County,2022-10-27,12,455,,,11,212,96,3,144,1,co-sos,2026-09-07T21:16:43+00:00
2022,CO,08065,Lake County,2022-10-30,9,633,,,23,301,125,4,203,1,co-sos,2026-09-07T21:16:43+00:00
2022,CO,08065,Lake County,2022-10-31,8,876,,,32,404,169,6,297,1,co-sos,2026-09-07T21:16:43+00:00
2022,CO,08065,Lake County,2022-11-01,7,1015,,,38,465,196,8,346,1,co-sos,2026-09-07T21:16:43+00:00
2022,CO,08065,Lake County,2022-11-02,6,1170,,,45,524,235,10,401,1,co-sos,2026-09-07T21:16:43+00:00
2022,CO,08065,Lake County,2022-11-03,5,1345,,,52,611,261,12,461,1,co-sos,2026-09-07T21:16:43+00:00
2022,CO,08065,Lake County,2022-11-06,2,1514,,,79,682,299,14,519,1,co-sos,2026-09-07T21:16:43+00:00
2022,CO,08065,Lake County,2022-11-07,1,1992,,,109,864,384,23,721,1,co-sos,2026-09-07T21:16:43+00:00
2022,CO,08067,La Plata County,2022-10-24,15,2887,,,12,904,598,22,1363,1,co-sos,2026-09-07T21:16:43+00:00
2022,CO,08067,La Plata County,2022-10-25,14,4643,,,20,1434,1033,30,2146,1,co-sos,2026-09-07T21:16:43+00:00
2022,CO,08067,La Plata County,2022-10-26,13,5490,,,28,1686,1276,38,2490,1,co-sos,2026-09-07T21:16:43+00:00
2022,CO,08067,La Plata County,2022-10-27,12,7092,,,39,2162,1691,55,3184,1,co-sos,2026-09-07T21:16:43+00:00
2022,CO,08067,La Plata County,2022-10-30,9,7111,,,54,2165,1693,55,3198,1,co-sos,2026-09-07T21:16:43+00:00
2022,CO,08067,La Plata County,2022-10-31,8,11034,,,79,3339,2623,92,4980,1,co-sos,2026-09-07T21:16:43+00:00
2022,CO,08067,La Plata County,2022-11-01,7,12593,,,92,3766,3048,109,5670,1,co-sos,2026-09-07T21:16:43+00:00
2022,CO,08067,La Plata County,2022-11-02,6,12613,,,112,3768,3059,110,5676,1,co-sos,2026-09-07T21:16:43+00:00
2022,CO,08067,La Plata County,2022-11-03,5,14650,,,140,4327,3585,146,6592,1,co-sos,2026-09-07T21:16:43+00:00
2022,CO,08067,La Plata County,2022-11-06,2,18001,,,244,5227,4457,191,8126,1,co-sos,2026-09-07T21:16:43+00:00
2022,CO,08067,La Plata County,2022-11-07,1,21717,,,461,6242,5387,253,9835,1,co-sos,2026-09-07T21:16:43+00:00
2022,CO,08069,Larimer County,2022-10-24,15,14636,,,46,4959,4028,159,5490,1,co-sos,2026-09-07T21:16:43+00:00
2022,CO,08069,Larimer County,2022-10-25,14,20900,,,78,7007,5773,210,7910,1,co-sos,2026-09-07T21:16:43+00:00
2022,CO,08069,Larimer County,2022-10-26,13,27232,,,98,8984,7581,283,10384,1,co-sos,2026-09-07T21:16:43+00:00
2022,CO,08069,Larimer County,2022-10-27,12,33240,,,122,10915,9319,354,12652,1,co-sos,2026-09-07T21:16:43+00:00
2022,CO,08069,Larimer County,2022-10-30,9,40523,,,163,13326,11386,412,15399,1,co-sos,2026-09-07T21:16:43+00:00
2022,CO,08069,Larimer County,2022-10-31,8,54110,,,245,17848,14879,550,20833,1,co-sos,2026-09-07T21:16:43+00:00
2022,CO,08069,Larimer County,2022-11-01,7,63541,,,307,20703,17581,643,24614,1,co-sos,2026-09-07T21:16:43+00:00
2022,CO,08069,Larimer County,2022-11-02,6,71728,,,396,23152,19956,747,27873,1,co-sos,2026-09-07T21:16:43+00:00
2022,CO,08069,Larimer County,2022-11-03,5,79358,,,499,25495,22040,837,30986,1,co-sos,2026-09-07T21:16:43+00:00
2022,CO,08069,Larimer County,2022-11-06,2,94324,,,933,29925,26197,1010,37192,1,co-sos,2026-09-07T21:16:43+00:00
2022,CO,08069,Larimer County,2022-11-07,1,114133,,,1886,35761,31240,1266,45866,1,co-sos,2026-09-07T21:16:43+00:00
2022,CO,08071,Las Animas County,2022-10-24,15,642,,,2,308,164,2,168,1,co-sos,2026-09-07T21:16:43+00:00
2022,CO,08071,Las Animas County,2022-10-25,14,938,,,3,455,223,3,257,1,co-sos,2026-09-07T21:16:43+00:00
2022,CO,08071,Las Animas County,2022-10-26,13,1332,,,4,613,339,5,375,1,co-sos,2026-09-07T21:16:43+00:00
2022,CO,08071,Las Animas County,2022-10-27,12,1690,,,5,756,461,6,467,1,co-sos,2026-09-07T21:16:43+00:00
2022,CO,08071,Las Animas County,2022-10-30,9,1989,,,13,872,543,11,563,1,co-sos,2026-09-07T21:16:43+00:00
2022,CO,08071,Las Animas County,2022-10-31,8,2707,,,18,1130,754,22,801,1,co-sos,2026-09-07T21:16:43+00:00
2022,CO,08071,Las Animas County,2022-11-01,7,3069,,,21,1280,868,23,898,1,co-sos,2026-09-07T21:16:43+00:00
2022,CO,08071,Las Animas County,2022-11-02,6,3413,,,25,1421,955,27,1010,1,co-sos,2026-09-07T21:16:43+00:00
2022,CO,08071,Las Animas County,2022-11-03,5,3850,,,28,1586,1079,32,1153,1,co-sos,2026-09-07T21:16:43+00:00
2022,CO,08071,Las Animas County,2022-11-06,2,4285,,,36,1771,1205,35,1274,1,co-sos,2026-09-07T21:16:43+00:00
2022,CO,08071,Las Animas County,2022-11-07,1,5317,,,81,2104,1551,46,1616,1,co-sos,2026-09-07T21:16:43+00:00
2022,CO,08073,Lincoln County,2022-10-24,15,163,,,0,21,108,1,33,1,co-sos,2026-09-07T21:16:43+00:00
2022,CO,08073,Lincoln County,2022-10-25,14,337,,,0,45,207,5,80,1,co-sos,2026-09-07T21:16:43+00:00
2022,CO,08073,Lincoln County,2022-10-26,13,415,,,0,53,255,8,99,1,co-sos,2026-09-07T21:16:43+00:00
2022,CO,08073,Lincoln County,2022-10-27,12,479,,,0,60,297,9,113,1,co-sos,2026-09-07T21:16:43+00:00
2022,CO,08073,Lincoln County,2022-10-30,9,516,,,0,62,319,9,126,1,co-sos,2026-09-07T21:16:43+00:00
2022,CO,08073,Lincoln County,2022-10-31,8,631,,,0,75,397,12,147,1,co-sos,2026-09-07T21:16:43+00:00
2022,CO,08073,Lincoln County,2022-11-01,7,892,,,0,95,583,14,200,1,co-sos,2026-09-07T21:16:43+00:00
2022,CO,08073,Lincoln County,2022-11-02,6,959,,,0,106,620,14,219,1,co-sos,2026-09-07T21:16:43+00:00
2022,CO,08073,Lincoln County,2022-11-03,5,1027,,,1,113,667,14,233,1,co-sos,2026-09-07T21:16:43+00:00
2022,CO,08073,Lincoln County,2022-11-06,2,1288,,,5,140,832,15,301,1,co-sos,2026-09-07T21:16:43+00:00
2022,CO,08073,Lincoln County,2022-11-07,1,1478,,,10,158,941,19,360,1,co-sos,2026-09-07T21:16:43+00:00
2022,CO,08075,Logan County,2022-10-24,15,1177,,,1,212,605,10,350,1,co-sos,2026-09-07T21:16:43+00:00
2022,CO,08075,Logan County,2022-10-25,14,1477,,,3,267,768,13,429,1,co-sos,2026-09-07T21:16:43+00:00
2022,CO,08075,Logan County,2022-10-26,13,1855,,,5,318,985,19,533,1,co-sos,2026-09-07T21:16:43+00:00
2022,CO,08075,Logan County,2022-10-27,12,2231,,,5,378,1205,20,628,1,co-sos,2026-09-07T21:16:43+00:00
2022,CO,08075,Logan County,2022-10-30,9,2552,,,5,429,1379,24,720,1,co-sos,2026-09-07T21:16:43+00:00
2022,CO,08075,Logan County,2022-10-31,8,3213,,,6,517,1765,29,902,1,co-sos,2026-09-07T21:16:43+00:00
2022,CO,08075,Logan County,2022-11-01,7,3690,,,9,566,2038,34,1052,1,co-sos,2026-09-07T21:16:43+00:00
2022,CO,08075,Logan County,2022-11-02,6,4155,,,11,639,2290,36,1190,1,co-sos,2026-09-07T21:16:43+00:00
2022,CO,08075,Logan County,2022-11-03,5,4523,,,13,683,2527,37,1276,1,co-sos,2026-09-07T21:16:43+00:00
2022,CO,08075,Logan County,2022-11-06,2,5167,,,19,738,2918,43,1468,1,co-sos,2026-09-07T21:16:43+00:00
2022,CO,08075,Logan County,2022-11-07,1,6516,,,42,892,3721,53,1850,1,co-sos,2026-09-07T21:16:43+00:00
2022,CO,08077,Mesa County,2022-10-24,15,8482,,,19,1723,3329,91,3339,1,co-sos,2026-09-07T21:16:43+00:00
2022,CO,08077,Mesa County,2022-10-25,14,11928,,,38,2357,4758,133,4680,1,co-sos,2026-09-07T21:16:43+00:00
2022,CO,08077,Mesa County,2022-10-26,13,15153,,,51,2975,6066,162,5950,1,co-sos,2026-09-07T21:16:43+00:00
2022,CO,08077,Mesa County,2022-10-27,12,17920,,,69,3490,7168,182,7080,1,co-sos,2026-09-07T21:16:43+00:00
2022,CO,08077,Mesa County,2022-10-30,9,20601,,,95,3984,8240,209,8168,1,co-sos,2026-09-07T21:16:43+00:00
2022,CO,08077,Mesa County,2022-10-31,8,26923,,,135,5102,10733,274,10814,1,co-sos,2026-09-07T21:16:43+00:00
2022,CO,08077,Mesa County,2022-11-01,7,31083,,,173,5839,12419,329,12496,1,co-sos,2026-09-07T21:16:43+00:00
2022,CO,08077,Mesa County,2022-11-02,6,34298,,,220,6355,13802,378,13763,1,co-sos,2026-09-07T21:16:43+00:00
2022,CO,08077,Mesa County,2022-11-03,5,37541,,,281,6862,15188,423,15068,1,co-sos,2026-09-07T21:16:43+00:00
2022,CO,08077,Mesa County,2022-11-06,2,46420,,,514,8264,18940,548,18668,1,co-sos,2026-09-07T21:16:43+00:00
2022,CO,08077,Mesa County,2022-11-07,1,54425,,,905,9384,22408,663,21970,1,co-sos,2026-09-07T21:16:43+00:00
2022,CO,08079,Mineral County,2022-10-24,15,82,,,0,29,31,0,22,1,co-sos,2026-09-07T21:16:43+00:00
2022,CO,08079,Mineral County,2022-10-25,14,128,,,0,43,50,0,35,1,co-sos,2026-09-07T21:16:43+00:00
2022,CO,08079,Mineral County,2022-10-26,13,150,,,0,50,59,0,41,1,co-sos,2026-09-07T21:16:43+00:00
2022,CO,08079,Mineral County,2022-10-27,12,189,,,0,61,72,0,56,1,co-sos,2026-09-07T21:16:43+00:00
2022,CO,08079,Mineral County,2022-10-30,9,226,,,0,73,81,1,71,1,co-sos,2026-09-07T21:16:43+00:00
2022,CO,08079,Mineral County,2022-10-31,8,297,,,0,84,127,1,85,1,co-sos,2026-09-07T21:16:43+00:00
2022,CO,08079,Mineral County,2022-11-01,7,331,,,0,93,137,1,100,1,co-sos,2026-09-07T21:16:43+00:00
2022,CO,08079,Mineral County,2022-11-02,6,368,,,0,99,154,1,114,1,co-sos,2026-09-07T21:16:43+00:00
2022,CO,08079,Mineral County,2022-11-03,5,368,,,0,99,154,1,114,1,co-sos,2026-09-07T21:16:43+00:00
2022,CO,08079,Mineral County,2022-11-06,2,436,,,0,118,175,2,141,1,co-sos,2026-09-07T21:16:43+00:00
2022,CO,08079,Mineral County,2022-11-07,1,556,,,0,153,207,5,191,1,co-sos,2026-09-07T21:16:43+00:00
2022,CO,08081,Moffat County,2022-10-24,15,9,,,3,3,2,0,4,1,co-sos,2026-09-07T21:16:43+00:00
2022,CO,08081,Moffat County,2022-10-25,14,12,,,6,3,5,0,4,1,co-sos,2026-09-07T21:16:43+00:00
2022,CO,08081,Moffat County,2022-10-26,13,19,,,11,6,9,0,4,1,co-sos,2026-09-07T21:16:43+00:00
2022,CO,08081,Moffat County,2022-10-27,12,850,,,11,104,523,10,213,1,co-sos,2026-09-07T21:16:43+00:00
2022,CO,08081,Moffat County,2022-10-30,9,857,,,18,105,526,10,216,1,co-sos,2026-09-07T21:16:43+00:00
2022,CO,08081,Moffat County,2022-10-31,8,860,,,21,106,528,10,216,1,co-sos,2026-09-07T21:16:43+00:00
2022,CO,08081,Moffat County,2022-11-01,7,866,,,25,106,531,10,219,1,co-sos,2026-09-07T21:16:43+00:00
2022,CO,08081,Moffat County,2022-11-02,6,1978,,,28,220,1208,16,534,1,co-sos,2026-09-07T21:16:43+00:00
2022,CO,08081,Moffat County,2022-11-03,5,1985,,,35,220,1213,16,536,1,co-sos,2026-09-07T21:16:43+00:00
2022,CO,08081,Moffat County,2022-11-06,2,2585,,,47,278,1557,21,729,1,co-sos,2026-09-07T21:16:43+00:00
2022,CO,08081,Moffat County,2022-11-07,1,3687,,,68,354,2208,30,1095,1,co-sos,2026-09-07T21:16:43+00:00
2022,CO,08083,Montezuma County,2022-10-24,15,1370,,,0,294,615,17,444,1,co-sos,2026-09-07T21:16:43+00:00
2022,CO,08083,Montezuma County,2022-10-25,14,1399,,,0,302,626,17,454,1,co-sos,2026-09-07T21:16:43+00:00
2022,CO,08083,Montezuma County,2022-10-26,13,1424,,,0,313,630,17,464,1,co-sos,2026-09-07T21:16:43+00:00
2022,CO,08083,Montezuma County,2022-10-27,12,3345,,,0,713,1419,40,1173,1,co-sos,2026-09-07T21:16:43+00:00
2022,CO,08083,Montezuma County,2022-10-30,9,4007,,,0,818,1774,43,1372,1,co-sos,2026-09-07T21:16:43+00:00
2022,CO,08083,Montezuma County,2022-10-31,8,4010,,,0,818,1776,43,1373,1,co-sos,2026-09-07T21:16:43+00:00
2022,CO,08083,Montezuma County,2022-11-01,7,5167,,,0,1052,2275,55,1785,1,co-sos,2026-09-07T21:16:43+00:00
2022,CO,08083,Montezuma County,2022-11-02,6,6169,,,0,1266,2625,61,2217,1,co-sos,2026-09-07T21:16:43+00:00
2022,CO,08083,Montezuma County,2022-11-03,5,6874,,,0,1396,2965,66,2447,1,co-sos,2026-09-07T21:16:43+00:00
2022,CO,08083,Montezuma County,2022-11-06,2,6959,,,5,1413,3008,68,2470,1,co-sos,2026-09-07T21:16:43+00:00
2022,CO,08083,Montezuma County,2022-11-07,1,9178,,,15,1769,4022,102,3285,1,co-sos,2026-09-07T21:16:43+00:00
2022,CO,08085,Montrose County,2022-10-24,15,2913,,,21,535,1266,43,1069,1,co-sos,2026-09-07T21:16:43+00:00
2022,CO,08085,Montrose County,2022-10-25,14,4044,,,36,736,1755,56,1497,1,co-sos,2026-09-07T21:16:43+00:00
2022,CO,08085,Montrose County,2022-10-26,13,5124,,,44,945,2208,65,1906,1,co-sos,2026-09-07T21:16:43+00:00
2022,CO,08085,Montrose County,2022-10-27,12,5884,,,49,1069,2555,73,2187,1,co-sos,2026-09-07T21:16:43+00:00
2022,CO,08085,Montrose County,2022-10-30,9,7334,,,69,1307,3175,83,2769,1,co-sos,2026-09-07T21:16:43+00:00
2022,CO,08085,Montrose County,2022-10-31,8,9093,,,97,1586,3959,107,3441,1,co-sos,2026-09-07T21:16:43+00:00
2022,CO,08085,Montrose County,2022-11-01,7,10143,,,108,1751,4455,116,3821,1,co-sos,2026-09-07T21:16:43+00:00
2022,CO,08085,Montrose County,2022-11-02,6,11254,,,122,1919,4953,128,4254,1,co-sos,2026-09-07T21:16:43+00:00
2022,CO,08085,Montrose County,2022-11-03,5,12367,,,163,2049,5519,139,4660,1,co-sos,2026-09-07T21:16:43+00:00
2022,CO,08085,Montrose County,2022-11-06,2,14091,,,209,2304,6257,159,5371,1,co-sos,2026-09-07T21:16:43+00:00
2022,CO,08085,Montrose County,2022-11-07,1,16824,,,298,2607,7617,183,6417,1,co-sos,2026-09-07T21:16:43+00:00
2022,CO,08087,Morgan County,2022-10-24,15,825,,,0,167,413,4,241,1,co-sos,2026-09-07T21:16:43+00:00
2022,CO,08087,Morgan County,2022-10-25,14,1209,,,1,235,604,8,362,1,co-sos,2026-09-07T21:16:43+00:00
2022,CO,08087,Morgan County,2022-10-26,13,1675,,,1,314,820,13,528,1,co-sos,2026-09-07T21:16:43+00:00
2022,CO,08087,Morgan County,2022-10-27,12,2180,,,1,403,1060,19,698,1,co-sos,2026-09-07T21:16:43+00:00
2022,CO,08087,Morgan County,2022-10-30,9,2568,,,2,456,1259,22,831,1,co-sos,2026-09-07T21:16:43+00:00
2022,CO,08087,Morgan County,2022-10-31,8,3394,,,2,592,1691,32,1079,1,co-sos,2026-09-07T21:16:43+00:00
2022,CO,08087,Morgan County,2022-11-01,7,3936,,,4,675,1977,36,1248,1,co-sos,2026-09-07T21:16:43+00:00
2022,CO,08087,Morgan County,2022-11-02,6,4447,,,5,751,2237,40,1419,1,co-sos,2026-09-07T21:16:43+00:00
2022,CO,08087,Morgan County,2022-11-03,5,4936,,,9,836,2488,44,1568,1,co-sos,2026-09-07T21:16:43+00:00
2022,CO,08087,Morgan County,2022-11-06,2,5688,,,22,942,2871,49,1826,1,co-sos,2026-09-07T21:16:43+00:00
2022,CO,08087,Morgan County,2022-11-07,1,7189,,,50,1129,3634,67,2359,1,co-sos,2026-09-07T21:16:43+00:00
2022,CO,08089,Otero County,2022-10-24,15,740,,,0,252,294,13,181,1,co-sos,2026-09-07T21:16:43+00:00
2022,CO,08089,Otero County,2022-10-25,14,1099,,,0,337,472,16,274,1,co-sos,2026-09-07T21:16:43+00:00
2022,CO,08089,Otero County,2022-10-26,13,1398,,,0,439,576,22,361,1,co-sos,2026-09-07T21:16:43+00:00
2022,CO,08089,Otero County,2022-10-27,12,1936,,,0,588,801,26,521,1,co-sos,2026-09-07T21:16:43+00:00
2022,CO,08089,Otero County,2022-10-30,9,2143,,,1,656,879,29,579,1,co-sos,2026-09-07T21:16:43+00:00
2022,CO,08089,Otero County,2022-10-31,8,2680,,,1,830,1077,31,742,1,co-sos,2026-09-07T21:16:43+00:00
2022,CO,08089,Otero County,2022-11-01,7,2966,,,3,921,1194,32,819,1,co-sos,2026-09-07T21:16:43+00:00
2022,CO,08089,Otero County,2022-11-02,6,3284,,,3,1000,1358,37,889,1,co-sos,2026-09-07T21:16:43+00:00
2022,CO,08089,Otero County,2022-11-03,5,3896,,,3,1164,1621,43,1068,1,co-sos,2026-09-07T21:16:43+00:00
2022,CO,08089,Otero County,2022-11-06,2,4166,,,6,1247,1733,45,1141,1,co-sos,2026-09-07T21:16:43+00:00
2022,CO,08089,Otero County,2022-11-07,1,4721,,,12,1376,1979,50,1316,1,co-sos,2026-09-07T21:16:43+00:00
2022,CO,08091,Ouray County,2022-10-24,15,335,,,1,97,77,2,159,1,co-sos,2026-09-07T21:16:43+00:00
2022,CO,08091,Ouray County,2022-10-25,14,550,,,1,128,149,5,268,1,co-sos,2026-09-07T21:16:43+00:00
2022,CO,08091,Ouray County,2022-10-26,13,690,,,1,166,184,6,334,1,co-sos,2026-09-07T21:16:43+00:00
2022,CO,08091,Ouray County,2022-10-27,12,844,,,3,217,219,6,402,1,co-sos,2026-09-07T21:16:43+00:00
2022,CO,08091,Ouray County,2022-10-30,9,973,,,3,252,247,6,468,1,co-sos,2026-09-07T21:16:43+00:00
2022,CO,08091,Ouray County,2022-10-31,8,1427,,,3,372,375,10,670,1,co-sos,2026-09-07T21:16:43+00:00
2022,CO,08091,Ouray County,2022-11-01,7,1657,,,7,435,428,12,782,1,co-sos,2026-09-07T21:16:43+00:00
2022,CO,08091,Ouray County,2022-11-02,6,1888,,,9,484,479,16,909,1,co-sos,2026-09-07T21:16:43+00:00
2022,CO,08091,Ouray County,2022-11-03,5,2058,,,10,535,514,16,993,1,co-sos,2026-09-07T21:16:43+00:00
2022,CO,08091,Ouray County,2022-11-06,2,2322,,,15,594,569,17,1142,1,co-sos,2026-09-07T21:16:43+00:00
2022,CO,08091,Ouray County,2022-11-07,1,2677,,,29,676,656,19,1326,1,co-sos,2026-09-07T21:16:43+00:00
2022,CO,08093,Park County,2022-10-24,15,5,,,5,0,4,0,1,1,co-sos,2026-09-07T21:16:43+00:00
2022,CO,08093,Park County,2022-10-25,14,21,,,5,7,8,1,5,1,co-sos,2026-09-07T21:16:43+00:00
2022,CO,08093,Park County,2022-10-26,13,22,,,6,8,8,1,5,1,co-sos,2026-09-07T21:16:43+00:00
2022,CO,08093,Park County,2022-10-27,12,522,,,6,133,183,7,199,1,co-sos,2026-09-07T21:16:43+00:00
2022,CO,08093,Park County,2022-10-30,9,1796,,,6,419,658,20,699,1,co-sos,2026-09-07T21:16:43+00:00
2022,CO,08093,Park County,2022-10-31,8,2528,,,13,587,906,22,1013,1,co-sos,2026-09-07T21:16:43+00:00
2022,CO,08093,Park County,2022-11-01,7,2537,,,22,587,910,24,1016,1,co-sos,2026-09-07T21:16:43+00:00
2022,CO,08093,Park County,2022-11-02,6,3598,,,34,793,1287,42,1476,1,co-sos,2026-09-07T21:16:43+00:00
2022,CO,08093,Park County,2022-11-03,5,4186,,,42,908,1514,53,1711,1,co-sos,2026-09-07T21:16:43+00:00
2022,CO,08093,Park County,2022-11-06,2,5099,,,47,1090,1863,74,2072,1,co-sos,2026-09-07T21:16:43+00:00
2022,CO,08093,Park County,2022-11-07,1,6472,,,64,1392,2341,98,2641,1,co-sos,2026-09-07T21:16:43+00:00
2022,CO,08095,Phillips County,2022-10-24,15,168,,,0,19,100,0,49,1,co-sos,2026-09-07T21:16:43+00:00
2022,CO,08095,Phillips County,2022-10-25,14,269,,,0,33,162,0,74,1,co-sos,2026-09-07T21:16:43+00:00
2022,CO,08095,Phillips County,2022-10-26,13,330,,,0,38,196,0,96,1,co-sos,2026-09-07T21:16:43+00:00
2022,CO,08095,Phillips County,2022-10-27,12,408,,,0,46,248,0,114,1,co-sos,2026-09-07T21:16:43+00:00
2022,CO,08095,Phillips County,2022-10-30,9,484,,,0,53,298,0,133,1,co-sos,2026-09-07T21:16:43+00:00
2022,CO,08095,Phillips County,2022-10-31,8,616,,,0,69,375,0,172,1,co-sos,2026-09-07T21:16:43+00:00
2022,CO,08095,Phillips County,2022-11-01,7,721,,,0,77,445,0,199,1,co-sos,2026-09-07T21:16:43+00:00
2022,CO,08095,Phillips County,2022-11-02,6,840,,,0,87,516,0,237,1,co-sos,2026-09-07T21:16:43+00:00
2022,CO,08095,Phillips County,2022-11-03,5,934,,,0,96,574,3,261,1,co-sos,2026-09-07T21:16:43+00:00
2022,CO,08095,Phillips County,2022-11-06,2,1098,,,0,113,660,5,320,1,co-sos,2026-09-07T21:16:43+00:00
2022,CO,08095,Phillips County,2022-11-07,1,1268,,,0,129,760,5,374,1,co-sos,2026-09-07T21:16:43+00:00
2022,CO,08097,Pitkin County,2022-10-24,15,1034,,,18,407,156,6,465,1,co-sos,2026-09-07T21:16:43+00:00
2022,CO,08097,Pitkin County,2022-10-25,14,1453,,,25,560,205,7,681,1,co-sos,2026-09-07T21:16:43+00:00
2022,CO,08097,Pitkin County,2022-10-26,13,1593,,,28,611,230,8,744,1,co-sos,2026-09-07T21:16:43+00:00
2022,CO,08097,Pitkin County,2022-10-27,12,2074,,,41,782,288,14,990,1,co-sos,2026-09-07T21:16:43+00:00
2022,CO,08097,Pitkin County,2022-10-30,9,2629,,,49,968,347,22,1292,1,co-sos,2026-09-07T21:16:43+00:00
2022,CO,08097,Pitkin County,2022-10-31,8,3456,,,68,1298,439,28,1691,1,co-sos,2026-09-07T21:16:43+00:00
2022,CO,08097,Pitkin County,2022-11-01,7,3711,,,82,1397,469,30,1815,1,co-sos,2026-09-07T21:16:43+00:00
2022,CO,08097,Pitkin County,2022-11-02,6,4550,,,105,1718,591,44,2197,1,co-sos,2026-09-07T21:16:43+00:00
2022,CO,08097,Pitkin County,2022-11-03,5,4953,,,122,1875,650,49,2379,1,co-sos,2026-09-07T21:16:43+00:00
2022,CO,08097,Pitkin County,2022-11-06,2,5457,,,151,2087,699,54,2617,1,co-sos,2026-09-07T21:16:43+00:00
2022,CO,08097,Pitkin County,2022-11-07,1,6479,,,215,2480,824,67,3108,1,co-sos,2026-09-07T21:16:43+00:00
2022,CO,08099,Prowers County,2022-10-24,15,481,,,0,106,235,3,137,1,co-sos,2026-09-07T21:16:43+00:00
2022,CO,08099,Prowers County,2022-10-25,14,679,,,0,146,334,4,195,1,co-sos,2026-09-07T21:16:43+00:00
2022,CO,08099,Prowers County,2022-10-26,13,873,,,0,181,429,7,256,1,co-sos,2026-09-07T21:16:43+00:00
2022,CO,08099,Prowers County,2022-10-27,12,1070,,,0,229,513,7,321,1,co-sos,2026-09-07T21:16:43+00:00
2022,CO,08099,Prowers County,2022-10-30,9,1237,,,0,259,599,8,371,1,co-sos,2026-09-07T21:16:43+00:00
2022,CO,08099,Prowers County,2022-10-31,8,1460,,,0,293,721,9,437,1,co-sos,2026-09-07T21:16:43+00:00
2022,CO,08099,Prowers County,2022-11-01,7,1687,,,0,318,871,10,488,1,co-sos,2026-09-07T21:16:43+00:00
2022,CO,08099,Prowers County,2022-11-02,6,1921,,,0,364,994,15,548,1,co-sos,2026-09-07T21:16:43+00:00
2022,CO,08099,Prowers County,2022-11-03,5,2196,,,0,402,1151,18,625,1,co-sos,2026-09-07T21:16:43+00:00
2022,CO,08099,Prowers County,2022-11-06,2,2494,,,0,460,1305,18,711,1,co-sos,2026-09-07T21:16:43+00:00
2022,CO,08099,Prowers County,2022-11-07,1,2943,,,0,525,1540,19,859,1,co-sos,2026-09-07T21:16:43+00:00
2022,CO,08101,Pueblo County,2022-10-24,15,2401,,,18,1111,579,32,679,1,co-sos,2026-09-07T21:16:43+00:00
2022,CO,08101,Pueblo County,2022-10-25,14,6655,,,43,2969,1636,84,1966,1,co-sos,2026-09-07T21:16:43+00:00
2022,CO,08101,Pueblo County,2022-10-26,13,8474,,,49,3757,2106,99,2512,1,co-sos,2026-09-07T21:16:43+00:00
2022,CO,08101,Pueblo County,2022-10-27,12,10885,,,56,4875,2702,121,3187,1,co-sos,2026-09-07T21:16:43+00:00
2022,CO,08101,Pueblo County,2022-10-30,9,15887,,,80,7010,4100,161,4616,1,co-sos,2026-09-07T21:16:43+00:00
2022,CO,08101,Pueblo County,2022-10-31,8,22089,,,114,9600,5759,218,6512,1,co-sos,2026-09-07T21:16:43+00:00
2022,CO,08101,Pueblo County,2022-11-01,7,24314,,,140,10561,6357,241,7155,1,co-sos,2026-09-07T21:16:43+00:00
2022,CO,08101,Pueblo County,2022-11-02,6,25528,,,185,11086,6673,248,7521,1,co-sos,2026-09-07T21:16:43+00:00
2022,CO,08101,Pueblo County,2022-11-03,5,31195,,,230,13235,8361,315,9284,1,co-sos,2026-09-07T21:16:43+00:00
2022,CO,08101,Pueblo County,2022-11-06,2,37061,,,408,15460,10059,373,11169,1,co-sos,2026-09-07T21:16:43+00:00
2022,CO,08101,Pueblo County,2022-11-07,1,42955,,,700,17320,11955,441,13239,1,co-sos,2026-09-07T21:16:43+00:00
2022,CO,08103,Rio Blanco County,2022-10-24,15,352,,,2,26,241,2,83,1,co-sos,2026-09-07T21:16:43+00:00
2022,CO,08103,Rio Blanco County,2022-10-25,14,520,,,2,34,363,4,119,1,co-sos,2026-09-07T21:16:43+00:00
2022,CO,08103,Rio Blanco County,2022-10-26,13,635,,,2,41,442,4,148,1,co-sos,2026-09-07T21:16:43+00:00
2022,CO,08103,Rio Blanco County,2022-10-27,12,654,,,2,41,454,4,155,1,co-sos,2026-09-07T21:16:43+00:00
2022,CO,08103,Rio Blanco County,2022-10-30,9,766,,,5,48,538,4,176,1,co-sos,2026-09-07T21:16:43+00:00
2022,CO,08103,Rio Blanco County,2022-10-31,8,870,,,9,54,599,6,211,1,co-sos,2026-09-07T21:16:43+00:00
2022,CO,08103,Rio Blanco County,2022-11-01,7,1095,,,13,69,752,6,268,1,co-sos,2026-09-07T21:16:43+00:00
2022,CO,08103,Rio Blanco County,2022-11-02,6,1337,,,16,80,929,6,322,1,co-sos,2026-09-07T21:16:43+00:00
2022,CO,08103,Rio Blanco County,2022-11-03,5,1489,,,18,87,1039,6,357,1,co-sos,2026-09-07T21:16:43+00:00
2022,CO,08103,Rio Blanco County,2022-11-06,2,1531,,,22,90,1072,6,363,1,co-sos,2026-09-07T21:16:43+00:00
2022,CO,08103,Rio Blanco County,2022-11-07,1,2060,,,32,120,1414,10,516,1,co-sos,2026-09-07T21:16:43+00:00
2022,CO,08105,Rio Grande County,2022-10-24,15,175,,,0,38,75,1,61,1,co-sos,2026-09-07T21:16:43+00:00
2022,CO,08105,Rio Grande County,2022-10-25,14,478,,,3,127,209,5,137,1,co-sos,2026-09-07T21:16:43+00:00
2022,CO,08105,Rio Grande County,2022-10-26,13,761,,,7,217,320,6,218,1,co-sos,2026-09-07T21:16:43+00:00
2022,CO,08105,Rio Grande County,2022-10-27,12,1058,,,8,314,424,7,313,1,co-sos,2026-09-07T21:16:43+00:00
2022,CO,08105,Rio Grande County,2022-10-30,9,1243,,,9,364,499,8,372,1,co-sos,2026-09-07T21:16:43+00:00
2022,CO,08105,Rio Grande County,2022-10-31,8,1769,,,10,513,731,12,513,1,co-sos,2026-09-07T21:16:43+00:00
2022,CO,08105,Rio Grande County,2022-11-01,7,1975,,,16,560,825,14,576,1,co-sos,2026-09-07T21:16:43+00:00
2022,CO,08105,Rio Grande County,2022-11-02,6,2325,,,21,661,948,18,698,1,co-sos,2026-09-07T21:16:43+00:00
2022,CO,08105,Rio Grande County,2022-11-03,5,2602,,,25,723,1080,22,777,1,co-sos,2026-09-07T21:16:43+00:00
2022,CO,08105,Rio Grande County,2022-11-06,2,2930,,,36,805,1204,29,892,1,co-sos,2026-09-07T21:16:43+00:00
2022,CO,08105,Rio Grande County,2022-11-07,1,3739,,,57,977,1545,38,1179,1,co-sos,2026-09-07T21:16:43+00:00
2022,CO,08107,Routt County,2022-10-24,15,1229,,,3,439,285,13,492,1,co-sos,2026-09-07T21:16:43+00:00
2022,CO,08107,Routt County,2022-10-25,14,1791,,,6,618,415,23,735,1,co-sos,2026-09-07T21:16:43+00:00
2022,CO,08107,Routt County,2022-10-26,13,2185,,,7,749,512,25,899,1,co-sos,2026-09-07T21:16:43+00:00
2022,CO,08107,Routt County,2022-10-27,12,2763,,,10,948,665,29,1121,1,co-sos,2026-09-07T21:16:43+00:00
2022,CO,08107,Routt County,2022-10-30,9,3534,,,15,1188,879,40,1427,1,co-sos,2026-09-07T21:16:43+00:00
2022,CO,08107,Routt County,2022-10-31,8,4775,,,24,1610,1146,49,1970,1,co-sos,2026-09-07T21:16:43+00:00
2022,CO,08107,Routt County,2022-11-01,7,5353,,,28,1803,1268,60,2222,1,co-sos,2026-09-07T21:16:43+00:00
2022,CO,08107,Routt County,2022-11-02,6,6149,,,34,2052,1449,66,2582,1,co-sos,2026-09-07T21:16:43+00:00
2022,CO,08107,Routt County,2022-11-03,5,6776,,,44,2257,1573,67,2879,1,co-sos,2026-09-07T21:16:43+00:00
2022,CO,08107,Routt County,2022-11-06,2,8031,,,70,2638,1865,86,3442,1,co-sos,2026-09-07T21:16:43+00:00
2022,CO,08107,Routt County,2022-11-07,1,9841,,,119,3223,2243,105,4270,1,co-sos,2026-09-07T21:16:43+00:00
2022,CO,08109,Saguache County,2022-10-24,15,152,,,0,76,26,1,49,1,co-sos,2026-09-07T21:16:43+00:00
2022,CO,08109,Saguache County,2022-10-25,14,165,,,0,81,31,1,52,1,co-sos,2026-09-07T21:16:43+00:00
2022,CO,08109,Saguache County,2022-10-26,13,200,,,0,99,37,2,62,1,co-sos,2026-09-07T21:16:43+00:00
2022,CO,08109,Saguache County,2022-10-27,12,429,,,0,166,113,7,143,1,co-sos,2026-09-07T21:16:43+00:00
2022,CO,08109,Saguache County,2022-10-30,9,700,,,0,343,143,9,205,1,co-sos,2026-09-07T21:16:43+00:00
2022,CO,08109,Saguache County,2022-10-31,8,892,,,3,405,201,11,275,1,co-sos,2026-09-07T21:16:43+00:00
2022,CO,08109,Saguache County,2022-11-01,7,1072,,,5,495,227,14,336,1,co-sos,2026-09-07T21:16:43+00:00
2022,CO,08109,Saguache County,2022-11-02,6,1198,,,6,533,269,16,380,1,co-sos,2026-09-07T21:16:43+00:00
2022,CO,08109,Saguache County,2022-11-03,5,1273,,,7,560,295,16,402,1,co-sos,2026-09-07T21:16:43+00:00
2022,CO,08109,Saguache County,2022-11-06,2,1625,,,11,705,356,18,546,1,co-sos,2026-09-07T21:16:43+00:00
2022,CO,08109,Saguache County,2022-11-07,1,1946,,,19,824,430,29,663,1,co-sos,2026-09-07T21:16:43+00:00
2022,CO,08111,San Juan County,2022-10-24,15,0,,,0,0,0,0,0,1,co-sos,2026-09-07T21:16:43+00:00
2022,CO,08111,San Juan County,2022-10-25,14,25,,,0,6,7,0,12,1,co-sos,2026-09-07T21:16:43+00:00
2022,CO,08111,San Juan County,2022-10-26,13,50,,,0,10,10,1,29,1,co-sos,2026-09-07T21:16:43+00:00
2022,CO,08111,San Juan County,2022-10-27,12,75,,,0,17,13,2,43,1,co-sos,2026-09-07T21:16:43+00:00
2022,CO,08111,San Juan County,2022-10-30,9,119,,,0,30,22,2,65,1,co-sos,2026-09-07T21:16:43+00:00
2022,CO,08111,San Juan County,2022-10-31,8,192,,,0,52,36,4,100,1,co-sos,2026-09-07T21:16:43+00:00
2022,CO,08111,San Juan County,2022-11-01,7,214,,,0,56,41,4,113,1,co-sos,2026-09-07T21:16:43+00:00
2022,CO,08111,San Juan County,2022-11-02,6,249,,,0,68,47,4,130,1,co-sos,2026-09-07T21:16:43+00:00
2022,CO,08111,San Juan County,2022-11-03,5,274,,,0,72,50,4,148,1,co-sos,2026-09-07T21:16:43+00:00
2022,CO,08111,San Juan County,2022-11-06,2,330,,,0,90,55,4,181,1,co-sos,2026-09-07T21:16:43+00:00
2022,CO,08111,San Juan County,2022-11-07,1,420,,,0,109,62,6,243,1,co-sos,2026-09-07T21:16:43+00:00
2022,CO,08113,San Miguel County,2022-10-24,15,362,,,5,141,48,2,171,1,co-sos,2026-09-07T21:16:43+00:00
2022,CO,08113,San Miguel County,2022-10-25,14,499,,,5,202,60,3,234,1,co-sos,2026-09-07T21:16:43+00:00
2022,CO,08113,San Miguel County,2022-10-26,13,609,,,6,246,70,4,289,1,co-sos,2026-09-07T21:16:43+00:00
2022,CO,08113,San Miguel County,2022-10-27,12,807,,,7,323,101,7,376,1,co-sos,2026-09-07T21:16:43+00:00
2022,CO,08113,San Miguel County,2022-10-30,9,985,,,10,394,120,8,463,1,co-sos,2026-09-07T21:16:43+00:00
2022,CO,08113,San Miguel County,2022-10-31,8,1352,,,17,537,180,15,620,1,co-sos,2026-09-07T21:16:43+00:00
2022,CO,08113,San Miguel County,2022-11-01,7,1510,,,23,617,192,17,684,1,co-sos,2026-09-07T21:16:43+00:00
2022,CO,08113,San Miguel County,2022-11-02,6,1635,,,33,668,199,22,746,1,co-sos,2026-09-07T21:16:43+00:00
2022,CO,08113,San Miguel County,2022-11-03,5,1966,,,36,799,242,26,899,1,co-sos,2026-09-07T21:16:43+00:00
2022,CO,08113,San Miguel County,2022-11-06,2,2097,,,43,857,254,28,958,1,co-sos,2026-09-07T21:16:43+00:00
2022,CO,08113,San Miguel County,2022-11-07,1,2710,,,69,1098,339,41,1232,1,co-sos,2026-09-07T21:16:43+00:00
2022,CO,08115,Sedgwick County,2022-10-24,15,149,,,1,27,85,2,35,1,co-sos,2026-09-07T21:16:43+00:00
2022,CO,08115,Sedgwick County,2022-10-25,14,199,,,1,32,122,2,43,1,co-sos,2026-09-07T21:16:43+00:00
2022,CO,08115,Sedgwick County,2022-10-26,13,286,,,1,46,174,2,64,1,co-sos,2026-09-07T21:16:43+00:00
2022,CO,08115,Sedgwick County,2022-10-27,12,314,,,2,49,189,3,73,1,co-sos,2026-09-07T21:16:43+00:00
2022,CO,08115,Sedgwick County,2022-10-30,9,370,,,2,53,226,4,87,1,co-sos,2026-09-07T21:16:43+00:00
2022,CO,08115,Sedgwick County,2022-10-31,8,463,,,2,71,279,4,109,1,co-sos,2026-09-07T21:16:43+00:00
2022,CO,08115,Sedgwick County,2022-11-01,7,498,,,2,75,303,4,116,1,co-sos,2026-09-07T21:16:43+00:00
2022,CO,08115,Sedgwick County,2022-11-02,6,588,,,2,86,354,4,144,1,co-sos,2026-09-07T21:16:43+00:00
2022,CO,08115,Sedgwick County,2022-11-03,5,615,,,2,89,372,4,150,1,co-sos,2026-09-07T21:16:43+00:00
2022,CO,08115,Sedgwick County,2022-11-06,2,679,,,4,106,403,5,165,1,co-sos,2026-09-07T21:16:43+00:00
2022,CO,08115,Sedgwick County,2022-11-07,1,854,,,8,126,509,6,213,1,co-sos,2026-09-07T21:16:43+00:00
2022,CO,08117,Summit County,2022-10-24,15,942,,,3,341,196,7,398,1,co-sos,2026-09-07T21:16:43+00:00
2022,CO,08117,Summit County,2022-10-25,14,1435,,,6,525,290,10,610,1,co-sos,2026-09-07T21:16:43+00:00
2022,CO,08117,Summit County,2022-10-26,13,1896,,,8,703,374,15,804,1,co-sos,2026-09-07T21:16:43+00:00
2022,CO,08117,Summit County,2022-10-27,12,2343,,,13,865,464,19,995,1,co-sos,2026-09-07T21:16:43+00:00
2022,CO,08117,Summit County,2022-10-30,9,2923,,,16,1059,588,25,1251,1,co-sos,2026-09-07T21:16:43+00:00
2022,CO,08117,Summit County,2022-10-31,8,4031,,,22,1458,808,33,1732,1,co-sos,2026-09-07T21:16:43+00:00
2022,CO,08117,Summit County,2022-11-01,7,5162,,,30,1855,1028,44,2235,1,co-sos,2026-09-07T21:16:43+00:00
2022,CO,08117,Summit County,2022-11-02,6,5514,,,35,1979,1080,47,2408,1,co-sos,2026-09-07T21:16:43+00:00
2022,CO,08117,Summit County,2022-11-03,5,6441,,,46,2275,1258,54,2854,1,co-sos,2026-09-07T21:16:43+00:00
2022,CO,08117,Summit County,2022-11-06,2,7097,,,71,2500,1367,63,3167,1,co-sos,2026-09-07T21:16:43+00:00
2022,CO,08117,Summit County,2022-11-07,1,9768,,,108,3377,1804,96,4491,1,co-sos,2026-09-07T21:16:43+00:00
2022,CO,08119,Teller County,2022-10-24,15,34,,,5,13,9,0,12,1,co-sos,2026-09-07T21:16:43+00:00
2022,CO,08119,Teller County,2022-10-25,14,40,,,11,14,12,0,14,1,co-sos,2026-09-07T21:16:43+00:00
2022,CO,08119,Teller County,2022-10-26,13,1840,,,23,389,780,23,648,1,co-sos,2026-09-07T21:16:43+00:00
2022,CO,08119,Teller County,2022-10-27,12,1862,,,32,396,789,24,653,1,co-sos,2026-09-07T21:16:43+00:00
2022,CO,08119,Teller County,2022-10-30,9,2664,,,38,567,1119,30,948,1,co-sos,2026-09-07T21:16:43+00:00
2022,CO,08119,Teller County,2022-10-31,8,3950,,,48,814,1681,47,1408,1,co-sos,2026-09-07T21:16:43+00:00
2022,CO,08119,Teller County,2022-11-01,7,3971,,,67,815,1696,46,1414,1,co-sos,2026-09-07T21:16:43+00:00
2022,CO,08119,Teller County,2022-11-02,6,5611,,,81,1103,2404,72,2032,1,co-sos,2026-09-07T21:16:43+00:00
2022,CO,08119,Teller County,2022-11-03,5,5663,,,98,1113,2423,75,2052,1,co-sos,2026-09-07T21:16:43+00:00
2022,CO,08119,Teller County,2022-11-06,2,6909,,,132,1305,3021,98,2485,1,co-sos,2026-09-07T21:16:43+00:00
2022,CO,08119,Teller County,2022-11-07,1,8911,,,197,1555,3957,139,3260,1,co-sos,2026-09-07T21:16:43+00:00
2022,CO,08121,Washington County,2022-10-24,15,219,,,3,20,145,3,51,1,co-sos,2026-09-07T21:16:43+00:00
2022,CO,08121,Washington County,2022-10-25,14,330,,,3,32,226,4,68,1,co-sos,2026-09-07T21:16:43+00:00
2022,CO,08121,Washington County,2022-10-26,13,422,,,4,36,291,4,91,1,co-sos,2026-09-07T21:16:43+00:00
2022,CO,08121,Washington County,2022-10-27,12,524,,,5,40,362,4,118,1,co-sos,2026-09-07T21:16:43+00:00
2022,CO,08121,Washington County,2022-10-30,9,655,,,7,46,460,5,144,1,co-sos,2026-09-07T21:16:43+00:00
2022,CO,08121,Washington County,2022-10-31,8,884,,,7,62,619,5,198,1,co-sos,2026-09-07T21:16:43+00:00
2022,CO,08121,Washington County,2022-11-01,7,999,,,8,71,699,5,224,1,co-sos,2026-09-07T21:16:43+00:00
2022,CO,08121,Washington County,2022-11-02,6,1156,,,8,84,815,9,248,1,co-sos,2026-09-07T21:16:43+00:00
2022,CO,08121,Washington County,2022-11-03,5,1285,,,8,89,923,10,263,1,co-sos,2026-09-07T21:16:43+00:00
2022,CO,08121,Washington County,2022-11-06,2,1436,,,9,99,1039,11,287,1,co-sos,2026-09-07T21:16:43+00:00
2022,CO,08121,Washington County,2022-11-07,1,1848,,,16,121,1346,14,367,1,co-sos,2026-09-07T21:16:43+00:00
2022,CO,08123,Weld County,2022-10-24,15,1035,,,23,253,414,20,348,1,co-sos,2026-09-07T21:16:43+00:00
2022,CO,08123,Weld County,2022-10-25,14,13005,,,40,3276,5042,138,4549,1,co-sos,2026-09-07T21:16:43+00:00
2022,CO,08123,Weld County,2022-10-26,13,17584,,,62,4441,6880,177,6086,1,co-sos,2026-09-07T21:16:43+00:00
2022,CO,08123,Weld County,2022-10-27,12,21821,,,78,5523,8518,232,7548,1,co-sos,2026-09-07T21:16:43+00:00
2022,CO,08123,Weld County,2022-10-30,9,25964,,,114,6457,10221,278,9008,1,co-sos,2026-09-07T21:16:43+00:00
2022,CO,08123,Weld County,2022-10-31,8,37785,,,154,9376,14570,407,13432,1,co-sos,2026-09-07T21:16:43+00:00
2022,CO,08123,Weld County,2022-11-01,7,41145,,,195,10102,15974,439,14630,1,co-sos,2026-09-07T21:16:43+00:00
2022,CO,08123,Weld County,2022-11-02,6,47259,,,232,11398,18525,523,16813,1,co-sos,2026-09-07T21:16:43+00:00
2022,CO,08123,Weld County,2022-11-03,5,52775,,,292,12658,20590,583,18944,1,co-sos,2026-09-07T21:16:43+00:00
2022,CO,08123,Weld County,2022-11-06,2,64083,,,690,14944,25230,745,23164,1,co-sos,2026-09-07T21:16:43+00:00
2022,CO,08123,Weld County,2022-11-07,1,84350,,,1202,18969,32822,1030,31529,1,co-sos,2026-09-07T21:16:43+00:00
2022,CO,08125,Yuma County,2022-10-24,15,470,,,0,67,279,5,119,1,co-sos,2026-09-07T21:16:43+00:00
2022,CO,08125,Yuma County,2022-10-25,14,508,,,1,70,308,5,125,1,co-sos,2026-09-07T21:16:43+00:00
2022,CO,08125,Yuma County,2022-10-26,13,744,,,2,92,447,9,196,1,co-sos,2026-09-07T21:16:43+00:00
2022,CO,08125,Yuma County,2022-10-27,12,826,,,2,102,498,10,216,1,co-sos,2026-09-07T21:16:43+00:00
2022,CO,08125,Yuma County,2022-10-30,9,1025,,,3,126,609,10,280,1,co-sos,2026-09-07T21:16:43+00:00
2022,CO,08125,Yuma County,2022-10-31,8,1429,,,4,162,873,11,383,1,co-sos,2026-09-07T21:16:43+00:00
2022,CO,08125,Yuma County,2022-11-01,7,1562,,,7,174,958,11,419,1,co-sos,2026-09-07T21:16:43+00:00
2022,CO,08125,Yuma County,2022-11-02,6,1817,,,9,210,1105,13,489,1,co-sos,2026-09-07T21:16:43+00:00
2022,CO,08125,Yuma County,2022-11-03,5,2026,,,12,233,1236,13,544,1,co-sos,2026-09-07T21:16:43+00:00
2022,CO,08125,Yuma County,2022-11-06,2,2287,,,13,266,1393,14,614,1,co-sos,2026-09-07T21:16:43+00:00
2022,CO,08125,Yuma County,2022-11-07,1,2876,,,33,304,1774,18,780,1,co-sos,2026-09-07T21:16:43+00:00
2024,CO,08001,Adams County,2024-10-28,8,78779,,77418,1361,26812,19270,1238,31459,1,co-sos,2026-09-06T15:24:55+00:00
2024,CO,08001,Adams County,2024-10-29,7,93306,,91611,1695,31519,22710,1518,37559,1,co-sos,2026-09-06T15:24:55+00:00
2024,CO,08001,Adams County,2024-10-30,6,100118,,98043,2075,33627,24286,1673,40532,1,co-sos,2026-09-06T15:24:55+00:00
2024,CO,08001,Adams County,2024-10-31,5,110088,,107212,2876,36628,26586,1887,44987,1,co-sos,2026-09-06T15:24:55+00:00
2024,CO,08001,Adams County,2024-11-12,-7,240376,,220719,19657,73767,51893,5475,109241,1,co-sos,2026-09-06T15:24:55+00:00
2024,CO,08003,Alamosa County,2024-10-28,8,2876,,2874,2,971,902,33,970,1,co-sos,2026-09-06T15:24:55+00:00
2024,CO,08003,Alamosa County,2024-10-29,7,3323,,3321,2,1082,1055,47,1139,1,co-sos,2026-09-06T15:24:55+00:00
2024,CO,08003,Alamosa County,2024-10-30,6,3653,,3651,2,1169,1166,51,1267,1,co-sos,2026-09-06T15:24:55+00:00
2024,CO,08003,Alamosa County,2024-10-31,5,4040,,4038,2,1280,1296,62,1402,1,co-sos,2026-09-06T15:24:55+00:00
2024,CO,08003,Alamosa County,2024-11-12,-7,7752,,7749,3,2182,2430,146,2994,1,co-sos,2026-09-06T15:24:55+00:00
2024,CO,08005,Arapahoe County,2024-10-28,8,123216,,120806,2410,41622,30800,1634,49160,1,co-sos,2026-09-06T15:24:55+00:00
2024,CO,08005,Arapahoe County,2024-10-29,7,140404,,137318,3086,46975,34934,1892,56603,1,co-sos,2026-09-06T15:24:55+00:00
2024,CO,08005,Arapahoe County,2024-10-30,6,155447,,151749,3698,51638,38526,2146,63137,1,co-sos,2026-09-06T15:24:55+00:00
2024,CO,08005,Arapahoe County,2024-10-31,5,168997,,164556,4441,55808,41752,2359,69078,1,co-sos,2026-09-06T15:24:55+00:00
2024,CO,08005,Arapahoe County,2024-11-12,-7,334369,,309234,25135,103927,73514,6483,150445,1,co-sos,2026-09-06T15:24:55+00:00
2024,CO,08007,Archuleta County,2024-10-28,8,4809,,4731,78,976,1804,63,1966,1,co-sos,2026-09-06T15:24:55+00:00
2024,CO,08007,Archuleta County,2024-10-29,7,5338,,5240,98,1048,2033,67,2190,1,co-sos,2026-09-06T15:24:55+00:00
2024,CO,08007,Archuleta County,2024-10-30,6,5611,,5490,121,1095,2128,71,2317,1,co-sos,2026-09-06T15:24:55+00:00
2024,CO,08007,Archuleta County,2024-10-31,5,6252,,6103,149,1185,2387,79,2601,1,co-sos,2026-09-06T15:24:55+00:00
2024,CO,08007,Archuleta County,2024-11-12,-7,9576,,8915,661,1611,3559,147,4259,1,co-sos,2026-09-06T15:24:55+00:00
2024,CO,08009,Baca County,2024-10-28,8,897,,879,18,110,539,4,244,1,co-sos,2026-09-06T15:24:55+00:00
2024,CO,08009,Baca County,2024-10-29,7,1011,,991,20,120,615,5,271,1,co-sos,2026-09-06T15:24:55+00:00
2024,CO,08009,Baca County,2024-10-30,6,1093,,1069,24,132,662,6,293,1,co-sos,2026-09-06T15:24:55+00:00
2024,CO,08009,Baca County,2024-10-31,5,1178,,1148,30,142,716,8,312,1,co-sos,2026-09-06T15:24:55+00:00
2024,CO,08009,Baca County,2024-11-12,-7,2047,,1907,140,236,1140,23,648,1,co-sos,2026-09-06T15:24:55+00:00
2024,CO,08011,Bent County,2024-10-28,8,987,,968,19,208,444,18,317,1,co-sos,2026-09-06T15:24:55+00:00
2024,CO,08011,Bent County,2024-10-29,7,1102,,1072,30,229,499,20,354,1,co-sos,2026-09-06T15:24:55+00:00
2024,CO,08011,Bent County,2024-10-30,6,1197,,1162,35,246,554,21,376,1,co-sos,2026-09-06T15:24:55+00:00
2024,CO,08011,Bent County,2024-10-31,5,1297,,1262,35,259,601,22,415,1,co-sos,2026-09-06T15:24:55+00:00
2024,CO,08011,Bent County,2024-11-12,-7,2231,,2083,148,413,973,41,804,1,co-sos,2026-09-06T15:24:55+00:00
2024,CO,08013,Boulder County,2024-10-28,8,83340,,81984,1356,39765,9459,856,33260,1,co-sos,2026-09-06T15:24:55+00:00
2024,CO,08013,Boulder County,2024-10-29,7,93577,,91848,1729,44241,10613,996,37727,1,co-sos,2026-09-06T15:24:55+00:00
2024,CO,08013,Boulder County,2024-10-30,6,102721,,100624,2097,48007,11796,1126,41792,1,co-sos,2026-09-06T15:24:55+00:00
2024,CO,08013,Boulder County,2024-10-31,5,110867,,108372,2495,51428,12764,1227,45448,1,co-sos,2026-09-06T15:24:55+00:00
2024,CO,08013,Boulder County,2024-11-12,-7,202658,,188350,14308,84859,22081,3250,92468,1,co-sos,2026-09-06T15:24:55+00:00
2024,CO,08014,Broomfield County,2024-10-28,8,18805,,18527,278,6357,3921,208,8319,1,co-sos,2026-09-06T15:24:55+00:00
2024,CO,08014,Broomfield County,2024-10-29,7,21193,,20826,367,7035,4424,241,9493,1,co-sos,2026-09-06T15:24:55+00:00
2024,CO,08014,Broomfield County,2024-10-30,6,23358,,22918,440,7667,4877,269,10545,1,co-sos,2026-09-06T15:24:55+00:00
2024,CO,08014,Broomfield County,2024-10-31,5,25462,,24951,511,8267,5303,304,11588,1,co-sos,2026-09-06T15:24:55+00:00
2024,CO,08014,Broomfield County,2024-11-12,-7,47898,,44649,3249,14001,9476,806,23615,1,co-sos,2026-09-06T15:24:55+00:00
2024,CO,08015,Chaffee County,2024-10-28,8,6505,,6459,46,1969,1691,63,2782,1,co-sos,2026-09-06T15:24:55+00:00
2024,CO,08015,Chaffee County,2024-10-29,7,7339,,7277,62,2177,1924,69,3169,1,co-sos,2026-09-06T15:24:55+00:00
2024,CO,08015,Chaffee County,2024-10-30,6,8353,,8272,81,2420,2198,86,3649,1,co-sos,2026-09-06T15:24:55+00:00
2024,CO,08015,Chaffee County,2024-10-31,5,9101,,8975,126,2605,2406,89,4001,1,co-sos,2026-09-06T15:24:55+00:00
2024,CO,08015,Chaffee County,2024-11-12,-7,14676,,13790,886,3750,3782,221,6923,1,co-sos,2026-09-06T15:24:55+00:00
2024,CO,08017,Cheyenne County,2024-10-28,8,430,,427,3,27,301,2,100,1,co-sos,2026-09-06T15:24:55+00:00
2024,CO,08017,Cheyenne County,2024-10-29,7,465,,461,4,30,327,3,105,1,co-sos,2026-09-06T15:24:55+00:00
2024,CO,08017,Cheyenne County,2024-10-30,6,512,,507,5,31,357,3,121,1,co-sos,2026-09-06T15:24:55+00:00
2024,CO,08017,Cheyenne County,2024-10-31,5,577,,572,5,36,400,3,138,1,co-sos,2026-09-06T15:24:55+00:00
2024,CO,08017,Cheyenne County,2024-11-12,-7,1067,,1018,49,73,709,6,279,1,co-sos,2026-09-06T15:24:55+00:00
2024,CO,08019,Clear Creek County,2024-10-28,8,2591,,2534,57,838,614,33,1106,1,co-sos,2026-09-06T15:24:55+00:00
2024,CO,08019,Clear Creek County,2024-10-29,7,2966,,2884,82,933,691,42,1300,1,co-sos,2026-09-06T15:24:55+00:00
2024,CO,08019,Clear Creek County,2024-10-30,6,3327,,3221,106,1035,765,50,1477,1,co-sos,2026-09-06T15:24:55+00:00
2024,CO,08019,Clear Creek County,2024-10-31,5,3617,,3494,123,1110,833,56,1618,1,co-sos,2026-09-06T15:24:55+00:00
2024,CO,08019,Clear Creek County,2024-11-12,-7,6244,,5817,427,1728,1376,128,3012,1,co-sos,2026-09-06T15:24:55+00:00
2024,CO,08021,Conejos County,2024-10-28,8,1598,,1574,24,693,547,12,346,1,co-sos,2026-09-06T15:24:55+00:00
2024,CO,08021,Conejos County,2024-10-29,7,1907,,1874,33,801,670,17,419,1,co-sos,2026-09-06T15:24:55+00:00
2024,CO,08021,Conejos County,2024-10-30,6,2068,,2024,44,859,733,16,460,1,co-sos,2026-09-06T15:24:55+00:00
2024,CO,08021,Conejos County,2024-10-31,5,2422,,2374,48,974,893,21,534,1,co-sos,2026-09-06T15:24:55+00:00
2024,CO,08021,Conejos County,2024-11-12,-7,4181,,3973,208,1524,1607,42,1008,1,co-sos,2026-09-06T15:24:55+00:00
2024,CO,08023,Costilla County,2024-10-28,8,957,,953,4,503,177,15,262,1,co-sos,2026-09-06T15:24:55+00:00
2024,CO,08023,Costilla County,2024-10-29,7,1074,,1067,7,570,191,18,295,1,co-sos,2026-09-06T15:24:55+00:00
2024,CO,08023,Costilla County,2024-10-30,6,1186,,1176,10,634,211,20,321,1,co-sos,2026-09-06T15:24:55+00:00
2024,CO,08023,Costilla County,2024-10-31,5,1288,,1276,12,705,225,21,337,1,co-sos,2026-09-06T15:24:55+00:00
2024,CO,08023,Costilla County,2024-11-12,-7,2157,,2104,53,1097,360,50,650,1,co-sos,2026-09-06T15:24:55+00:00
2024,CO,08025,Crowley County,2024-10-28,8,614,,614,0,122,314,10,168,1,co-sos,2026-09-06T15:24:55+00:00
2024,CO,08025,Crowley County,2024-10-29,7,715,,715,0,141,363,11,200,1,co-sos,2026-09-06T15:24:55+00:00
2024,CO,08025,Crowley County,2024-10-30,6,800,,800,0,144,424,11,221,1,co-sos,2026-09-06T15:24:55+00:00
2024,CO,08025,Crowley County,2024-10-31,5,906,,904,2,153,489,12,252,1,co-sos,2026-09-06T15:24:55+00:00
2024,CO,08025,Crowley County,2024-11-12,-7,1731,,1722,9,256,895,24,556,1,co-sos,2026-09-06T15:24:55+00:00
2024,CO,08027,Custer County,2024-10-28,8,2009,,1959,50,254,959,21,775,1,co-sos,2026-09-06T15:24:55+00:00
2024,CO,08027,Custer County,2024-10-29,7,2213,,2153,60,267,1068,23,855,1,co-sos,2026-09-06T15:24:55+00:00
2024,CO,08027,Custer County,2024-10-30,6,2393,,2320,73,283,1142,29,939,1,co-sos,2026-09-06T15:24:55+00:00
2024,CO,08027,Custer County,2024-10-31,5,2566,,2482,84,311,1219,31,1005,1,co-sos,2026-09-06T15:24:55+00:00
2024,CO,08027,Custer County,2024-11-12,-7,3921,,3665,256,416,1839,69,1597,1,co-sos,2026-09-06T15:24:55+00:00
2024,CO,08029,Delta County,2024-10-28,8,9397,,9270,127,1419,4292,120,3566,1,co-sos,2026-09-06T15:24:55+00:00
2024,CO,08029,Delta County,2024-10-29,7,9928,,9771,157,1483,4520,129,3796,1,co-sos,2026-09-06T15:24:55+00:00
2024,CO,08029,Delta County,2024-10-30,6,11418,,11225,193,1665,5209,153,4391,1,co-sos,2026-09-06T15:24:55+00:00
2024,CO,08029,Delta County,2024-10-31,5,12039,,11822,217,1754,5472,164,4649,1,co-sos,2026-09-06T15:24:55+00:00
2024,CO,08029,Delta County,2024-11-12,-7,20045,,18741,1304,2594,8777,357,8317,1,co-sos,2026-09-06T15:24:55+00:00
2024,CO,08031,Denver County,2024-10-28,8,115286,,113126,2160,57491,12815,1472,43508,1,co-sos,2026-09-06T15:24:55+00:00
2024,CO,08031,Denver County,2024-10-29,7,135555,,132493,3062,66897,15007,1816,51835,1,co-sos,2026-09-06T15:24:55+00:00
2024,CO,08031,Denver County,2024-10-30,6,152786,,148854,3932,75047,16629,2087,59023,1,co-sos,2026-09-06T15:24:55+00:00
2024,CO,08031,Denver County,2024-10-31,5,167830,,162949,4881,81981,18206,2337,65306,1,co-sos,2026-09-06T15:24:55+00:00
2024,CO,08031,Denver County,2024-11-12,-7,374958,,340175,34783,167616,36363,7239,163740,1,co-sos,2026-09-06T15:24:55+00:00
2024,CO,08033,Dolores County,2024-10-28,8,695,,695,0,88,352,5,250,1,co-sos,2026-09-06T15:24:55+00:00
2024,CO,08033,Dolores County,2024-10-29,7,821,,821,0,107,403,7,304,1,co-sos,2026-09-06T15:24:55+00:00
2024,CO,08033,Dolores County,2024-10-30,6,891,,891,0,107,439,9,336,1,co-sos,2026-09-06T15:24:55+00:00
2024,CO,08033,Dolores County,2024-10-31,5,999,,999,0,117,477,13,392,1,co-sos,2026-09-06T15:24:55+00:00
2024,CO,08033,Dolores County,2024-11-12,-7,1468,,1468,0,162,698,25,583,1,co-sos,2026-09-06T15:24:55+00:00
2024,CO,08035,Douglas County,2024-10-28,8,108075,,106629,1446,22676,38673,1208,45518,1,co-sos,2026-09-06T15:24:55+00:00
2024,CO,08035,Douglas County,2024-10-29,7,120622,,118778,1844,25023,43097,1393,51109,1,co-sos,2026-09-06T15:24:55+00:00
2024,CO,08035,Douglas County,2024-10-30,6,133454,,131216,2238,27307,47454,1594,57099,1,co-sos,2026-09-06T15:24:55+00:00
2024,CO,08035,Douglas County,2024-10-31,5,143449,,140835,2614,28901,51022,1746,61780,1,co-sos,2026-09-06T15:24:55+00:00
2024,CO,08035,Douglas County,2024-11-12,-7,250095,,235138,14957,45545,84208,4008,116334,1,co-sos,2026-09-06T15:24:55+00:00
2024,CO,08037,Eagle County,2024-10-28,8,11150,,10942,208,3336,2447,122,5245,1,co-sos,2026-09-06T15:24:55+00:00
2024,CO,08037,Eagle County,2024-10-29,7,12536,,12268,268,3721,2731,145,5939,1,co-sos,2026-09-06T15:24:55+00:00
2024,CO,08037,Eagle County,2024-10-30,6,13850,,13498,352,4088,3003,173,6586,1,co-sos,2026-09-06T15:24:55+00:00
2024,CO,08037,Eagle County,2024-10-31,5,15294,,14852,442,4482,3314,200,7298,1,co-sos,2026-09-06T15:24:55+00:00
2024,CO,08037,Eagle County,2024-11-12,-7,28702,,26491,2211,7921,5637,471,14673,1,co-sos,2026-09-06T15:24:55+00:00
2024,CO,08039,Elbert County,2024-10-28,8,8151,,7954,197,892,4218,110,2931,1,co-sos,2026-09-06T15:24:55+00:00
2024,CO,08039,Elbert County,2024-10-29,7,9097,,8859,238,969,4729,130,3269,1,co-sos,2026-09-06T15:24:55+00:00
2024,CO,08039,Elbert County,2024-10-30,6,10647,,10370,277,1113,5498,151,3885,1,co-sos,2026-09-06T15:24:55+00:00
2024,CO,08039,Elbert County,2024-10-31,5,11574,,11248,326,1179,5979,170,4246,1,co-sos,2026-09-06T15:24:55+00:00
2024,CO,08039,Elbert County,2024-11-12,-7,20675,,19392,1283,1834,10203,352,8286,1,co-sos,2026-09-06T15:24:55+00:00
2024,CO,08041,El Paso County,2024-10-28,8,156679,,153923,2756,32850,57487,2616,63726,1,co-sos,2026-09-06T15:24:55+00:00
2024,CO,08041,El Paso County,2024-10-29,7,173871,,170467,3404,36096,63641,2941,71193,1,co-sos,2026-09-06T15:24:55+00:00
2024,CO,08041,El Paso County,2024-10-30,6,191990,,187933,4057,39471,70018,3311,79190,1,co-sos,2026-09-06T15:24:55+00:00
2024,CO,08041,El Paso County,2024-10-31,5,206729,,202030,4699,42219,75054,3611,85845,1,co-sos,2026-09-06T15:24:55+00:00
2024,CO,08041,El Paso County,2024-11-12,-7,390857,,356364,34493,72216,130770,8835,179036,1,co-sos,2026-09-06T15:24:55+00:00
2024,CO,08043,Fremont County,2024-10-28,8,10259,,9981,278,1731,4497,143,3888,1,co-sos,2026-09-06T15:24:55+00:00
2024,CO,08043,Fremont County,2024-10-29,7,12153,,11806,347,2000,5337,175,4641,1,co-sos,2026-09-06T15:24:55+00:00
2024,CO,08043,Fremont County,2024-10-30,6,13835,,13426,409,2251,6051,202,5331,1,co-sos,2026-09-06T15:24:55+00:00
2024,CO,08043,Fremont County,2024-10-31,5,15029,,14574,455,2422,6603,218,5786,1,co-sos,2026-09-06T15:24:55+00:00
2024,CO,08043,Fremont County,2024-11-12,-7,25959,,24008,1951,3636,11053,491,10779,1,co-sos,2026-09-06T15:24:55+00:00
2024,CO,08045,Garfield County,2024-10-28,8,12525,,12334,191,3096,3733,148,5548,1,co-sos,2026-09-06T15:24:55+00:00
2024,CO,08045,Garfield County,2024-10-29,7,14031,,13794,237,3443,4187,168,6233,1,co-sos,2026-09-06T15:24:55+00:00
2024,CO,08045,Garfield County,2024-10-30,6,15598,,15310,288,3830,4634,193,6941,1,co-sos,2026-09-06T15:24:55+00:00
2024,CO,08045,Garfield County,2024-10-31,5,17056,,16707,349,4155,5049,220,7632,1,co-sos,2026-09-06T15:24:55+00:00
2024,CO,08045,Garfield County,2024-11-12,-7,31104,,29581,1523,7033,8526,576,14969,1,co-sos,2026-09-06T15:24:55+00:00
2024,CO,08047,Gilpin County,2024-10-28,8,1610,,1548,62,465,392,22,731,1,co-sos,2026-09-06T15:24:55+00:00
2024,CO,08047,Gilpin County,2024-10-29,7,1936,,1867,69,568,461,25,882,1,co-sos,2026-09-06T15:24:55+00:00
2024,CO,08047,Gilpin County,2024-10-30,6,2137,,2058,79,624,506,27,980,1,co-sos,2026-09-06T15:24:55+00:00
2024,CO,08047,Gilpin County,2024-10-31,5,2337,,2249,88,673,549,33,1082,1,co-sos,2026-09-06T15:24:55+00:00
2024,CO,08047,Gilpin County,2024-11-12,-7,4220,,3909,311,1127,936,84,2073,1,co-sos,2026-09-06T15:24:55+00:00
2024,CO,08049,Grand County,2024-10-28,8,4288,,4244,44,932,1519,77,1760,1,co-sos,2026-09-06T15:24:55+00:00
2024,CO,08049,Grand County,2024-10-29,7,4810,,4756,54,1051,1685,89,1985,1,co-sos,2026-09-06T15:24:55+00:00
2024,CO,08049,Grand County,2024-10-30,6,5278,,5217,61,1143,1827,93,2215,1,co-sos,2026-09-06T15:24:55+00:00
2024,CO,08049,Grand County,2024-10-31,5,5828,,5758,70,1269,2007,105,2447,1,co-sos,2026-09-06T15:24:55+00:00
2024,CO,08049,Grand County,2024-11-12,-7,10120,,9477,643,2008,3258,207,4647,1,co-sos,2026-09-06T15:24:55+00:00
2024,CO,08051,Gunnison County,2024-10-28,8,4033,,4033,0,1250,876,52,1855,1,co-sos,2026-09-06T15:24:55+00:00
2024,CO,08051,Gunnison County,2024-10-29,7,4650,,4650,0,1417,1000,60,2173,1,co-sos,2026-09-06T15:24:55+00:00
2024,CO,08051,Gunnison County,2024-10-30,6,4662,,4662,0,1422,1001,60,2179,1,co-sos,2026-09-06T15:24:55+00:00
2024,CO,08051,Gunnison County,2024-10-31,5,5882,,5882,0,1808,1217,87,2770,1,co-sos,2026-09-06T15:24:55+00:00
2024,CO,08051,Gunnison County,2024-11-12,-7,11176,,10998,178,3093,2124,202,5757,1,co-sos,2026-09-06T15:24:55+00:00
2024,CO,08053,Hinsdale County,2024-10-28,8,363,,363,0,41,169,4,149,1,co-sos,2026-09-06T15:24:55+00:00
2024,CO,08053,Hinsdale County,2024-10-29,7,393,,393,0,41,186,4,162,1,co-sos,2026-09-06T15:24:55+00:00
2024,CO,08053,Hinsdale County,2024-10-30,6,424,,424,0,46,199,4,175,1,co-sos,2026-09-06T15:24:55+00:00
2024,CO,08053,Hinsdale County,2024-10-31,5,451,,451,0,46,213,4,188,1,co-sos,2026-09-06T15:24:55+00:00
2024,CO,08053,Hinsdale County,2024-11-12,-7,618,,618,0,66,290,9,253,1,co-sos,2026-09-06T15:24:55+00:00
2024,CO,08055,Huerfano County,2024-10-28,8,2189,,2189,0,714,570,32,873,1,co-sos,2026-09-06T15:24:55+00:00
2024,CO,08055,Huerfano County,2024-10-29,7,2435,,2435,0,791,635,35,974,1,co-sos,2026-09-06T15:24:55+00:00
2024,CO,08055,Huerfano County,2024-10-30,6,2672,,2672,0,874,705,44,1049,1,co-sos,2026-09-06T15:24:55+00:00
2024,CO,08055,Huerfano County,2024-10-31,5,2949,,2949,0,936,786,49,1178,1,co-sos,2026-09-06T15:24:55+00:00
2024,CO,08055,Huerfano County,2024-11-12,-7,4537,,4535,2,1379,1235,103,1820,1,co-sos,2026-09-06T15:24:55+00:00
2024,CO,08057,Jackson County,2024-10-28,8,311,,311,0,16,219,3,73,1,co-sos,2026-09-06T15:24:55+00:00
2024,CO,08057,Jackson County,2024-10-29,7,359,,359,0,18,251,3,87,1,co-sos,2026-09-06T15:24:55+00:00
2024,CO,08057,Jackson County,2024-10-30,6,462,,461,1,23,323,4,112,1,co-sos,2026-09-06T15:24:55+00:00
2024,CO,08057,Jackson County,2024-10-31,5,483,,482,1,23,337,4,119,1,co-sos,2026-09-06T15:24:55+00:00
2024,CO,08057,Jackson County,2024-11-12,-7,835,,829,6,45,530,8,252,1,co-sos,2026-09-06T15:24:55+00:00
2024,CO,08059,Jefferson County,2024-10-28,8,153829,,151244,2585,49720,37303,1799,65007,1,co-sos,2026-09-06T15:24:55+00:00
2024,CO,08059,Jefferson County,2024-10-29,7,171704,,168415,3289,54842,41717,2088,73057,1,co-sos,2026-09-06T15:24:55+00:00
2024,CO,08059,Jefferson County,2024-10-30,6,193025,,189054,3971,61135,46607,2438,82845,1,co-sos,2026-09-06T15:24:55+00:00
2024,CO,08059,Jefferson County,2024-10-31,5,210950,,206306,4644,66174,50767,2775,91234,1,co-sos,2026-09-06T15:24:55+00:00
2024,CO,08059,Jefferson County,2024-11-12,-7,369651,,344287,25364,106537,83049,6837,173228,1,co-sos,2026-09-06T15:24:55+00:00
2024,CO,08061,Kiowa County,2024-10-28,8,368,,368,0,34,224,3,107,1,co-sos,2026-09-06T15:24:55+00:00
2024,CO,08061,Kiowa County,2024-10-29,7,403,,403,0,36,251,3,113,1,co-sos,2026-09-06T15:24:55+00:00
2024,CO,08061,Kiowa County,2024-10-30,6,465,,465,0,41,292,3,129,1,co-sos,2026-09-06T15:24:55+00:00
2024,CO,08061,Kiowa County,2024-10-31,5,515,,515,0,48,321,3,143,1,co-sos,2026-09-06T15:24:55+00:00
2024,CO,08061,Kiowa County,2024-11-12,-7,861,,861,0,57,525,5,274,1,co-sos,2026-09-06T15:24:55+00:00
2024,CO,08063,Kit Carson County,2024-10-28,8,1417,,1391,26,151,862,11,393,1,co-sos,2026-09-06T15:24:55+00:00
2024,CO,08063,Kit Carson County,2024-10-29,7,1586,,1559,27,170,959,15,442,1,co-sos,2026-09-06T15:24:55+00:00
2024,CO,08063,Kit Carson County,2024-10-30,6,1748,,1713,35,179,1062,17,490,1,co-sos,2026-09-06T15:24:55+00:00
2024,CO,08063,Kit Carson County,2024-10-31,5,1903,,1857,46,188,1173,18,524,1,co-sos,2026-09-06T15:24:55+00:00
2024,CO,08063,Kit Carson County,2024-11-12,-7,3756,,3497,259,296,2279,55,1126,1,co-sos,2026-09-06T15:24:55+00:00
2024,CO,08065,Lake County,2024-10-28,8,1461,,1386,75,585,280,22,574,1,co-sos,2026-09-06T15:24:55+00:00
2024,CO,08065,Lake County,2024-10-29,7,1646,,1565,81,656,310,30,650,1,co-sos,2026-09-06T15:24:55+00:00
2024,CO,08065,Lake County,2024-10-30,6,1866,,1767,99,730,357,37,742,1,co-sos,2026-09-06T15:24:55+00:00
2024,CO,08065,Lake County,2024-10-31,5,2076,,1950,126,790,396,43,847,1,co-sos,2026-09-06T15:24:55+00:00
2024,CO,08065,Lake County,2024-11-12,-7,3967,,3462,505,1341,689,110,1827,1,co-sos,2026-09-06T15:24:55+00:00
2024,CO,08067,La Plata County,2024-10-28,8,15884,,15566,318,4544,3926,177,7237,1,co-sos,2026-09-06T15:24:55+00:00
2024,CO,08067,La Plata County,2024-10-29,7,18103,,17711,392,5105,4503,208,8287,1,co-sos,2026-09-06T15:24:55+00:00
2024,CO,08067,La Plata County,2024-10-30,6,19772,,19317,455,5598,4863,237,9074,1,co-sos,2026-09-06T15:24:55+00:00
2024,CO,08067,La Plata County,2024-10-31,5,21204,,20688,516,5930,5246,261,9767,1,co-sos,2026-09-06T15:24:55+00:00
2024,CO,08067,La Plata County,2024-11-12,-7,36365,,33125,3240,9283,8616,616,17850,1,co-sos,2026-09-06T15:24:55+00:00
2024,CO,08069,Larimer County,2024-10-28,8,90570,,89242,1328,27588,23344,1201,38437,1,co-sos,2026-09-06T15:24:55+00:00
2024,CO,08069,Larimer County,2024-10-29,7,101876,,100195,1681,30687,26318,1372,43499,1,co-sos,2026-09-06T15:24:55+00:00
2024,CO,08069,Larimer County,2024-10-30,6,114566,,112537,2029,34000,29577,1602,49387,1,co-sos,2026-09-06T15:24:55+00:00
2024,CO,08069,Larimer County,2024-10-31,5,123286,,120834,2452,36262,31784,1791,53449,1,co-sos,2026-09-06T15:24:55+00:00
2024,CO,08069,Larimer County,2024-11-12,-7,230854,,213512,17342,61399,55978,4612,108865,1,co-sos,2026-09-06T15:24:55+00:00
2024,CO,08071,Las Animas County,2024-10-28,8,3470,,3296,174,1207,1020,35,1208,1,co-sos,2026-09-06T15:24:55+00:00
2024,CO,08071,Las Animas County,2024-10-29,7,3915,,3710,205,1332,1156,41,1386,1,co-sos,2026-09-06T15:24:55+00:00
2024,CO,08071,Las Animas County,2024-10-30,6,4277,,4042,235,1445,1264,47,1521,1,co-sos,2026-09-06T15:24:55+00:00
2024,CO,08071,Las Animas County,2024-10-31,5,4746,,4471,275,1590,1401,60,1695,1,co-sos,2026-09-06T15:24:55+00:00
2024,CO,08071,Las Animas County,2024-11-12,-7,7917,,7023,894,2473,2267,141,3036,1,co-sos,2026-09-06T15:24:55+00:00
2024,CO,08073,Lincoln County,2024-10-28,8,878,,868,10,93,530,12,243,1,co-sos,2026-09-06T15:24:55+00:00
2024,CO,08073,Lincoln County,2024-10-29,7,1230,,1215,15,130,747,17,336,1,co-sos,2026-09-06T15:24:55+00:00
2024,CO,08073,Lincoln County,2024-10-30,6,1308,,1290,18,135,796,18,359,1,co-sos,2026-09-06T15:24:55+00:00
2024,CO,08073,Lincoln County,2024-10-31,5,1392,,1371,21,141,846,20,385,1,co-sos,2026-09-06T15:24:55+00:00
2024,CO,08073,Lincoln County,2024-11-12,-7,2614,,2483,131,244,1523,47,800,1,co-sos,2026-09-06T15:24:55+00:00
2024,CO,08075,Logan County,2024-10-28,8,4837,,4807,30,635,2630,54,1518,1,co-sos,2026-09-06T15:24:55+00:00
2024,CO,08075,Logan County,2024-10-29,7,5400,,5355,45,696,2947,60,1697,1,co-sos,2026-09-06T15:24:55+00:00
2024,CO,08075,Logan County,2024-10-30,6,5845,,5792,53,724,3221,65,1835,1,co-sos,2026-09-06T15:24:55+00:00
2024,CO,08075,Logan County,2024-10-31,5,6380,,6317,63,766,3541,66,2007,1,co-sos,2026-09-06T15:24:55+00:00
2024,CO,08075,Logan County,2024-11-12,-7,10414,,9876,538,1107,5550,155,3602,1,co-sos,2026-09-06T15:24:55+00:00
2024,CO,08077,Mesa County,2024-10-28,8,42268,,41513,755,7188,16801,630,17649,1,co-sos,2026-09-06T15:24:55+00:00
2024,CO,08077,Mesa County,2024-10-29,7,46685,,45751,934,7798,18556,720,19611,1,co-sos,2026-09-06T15:24:55+00:00
2024,CO,08077,Mesa County,2024-10-30,6,50964,,49835,1129,8361,20275,803,21525,1,co-sos,2026-09-06T15:24:55+00:00
2024,CO,08077,Mesa County,2024-10-31,5,55101,,53804,1297,8942,21900,875,23384,1,co-sos,2026-09-06T15:24:55+00:00
2024,CO,08077,Mesa County,2024-11-12,-7,94940,,87302,7638,13469,37002,1975,42494,1,co-sos,2026-09-06T15:24:55+00:00
2024,CO,08079,Mineral County,2024-10-28,8,362,,362,0,77,128,2,155,1,co-sos,2026-09-06T15:24:55+00:00
2024,CO,08079,Mineral County,2024-10-29,7,387,,387,0,84,132,2,169,1,co-sos,2026-09-06T15:24:55+00:00
2024,CO,08079,Mineral County,2024-10-30,6,420,,420,0,91,145,2,182,1,co-sos,2026-09-06T15:24:55+00:00
2024,CO,08079,Mineral County,2024-10-31,5,465,,465,0,107,160,2,196,1,co-sos,2026-09-06T15:24:55+00:00
2024,CO,08079,Mineral County,2024-11-12,-7,769,,769,0,180,256,6,327,1,co-sos,2026-09-06T15:24:55+00:00
2024,CO,08081,Moffat County,2024-10-28,8,2393,,2281,112,222,1406,34,731,1,co-sos,2026-09-06T15:24:55+00:00
2024,CO,08081,Moffat County,2024-10-29,7,2854,,2711,143,265,1660,41,888,1,co-sos,2026-09-06T15:24:55+00:00
2024,CO,08081,Moffat County,2024-10-30,6,3182,,3002,180,283,1849,46,1004,1,co-sos,2026-09-06T15:24:55+00:00
2024,CO,08081,Moffat County,2024-10-31,5,3549,,3317,232,310,2044,53,1142,1,co-sos,2026-09-06T15:24:55+00:00
2024,CO,08081,Moffat County,2024-11-12,-7,6808,,5609,1199,491,3635,121,2561,1,co-sos,2026-09-06T15:24:55+00:00
2024,CO,08083,Montezuma County,2024-10-28,8,6702,,6598,104,1255,2854,97,2496,1,co-sos,2026-09-06T15:24:55+00:00
2024,CO,08083,Montezuma County,2024-10-29,7,7638,,7509,129,1403,3264,105,2866,1,co-sos,2026-09-06T15:24:55+00:00
2024,CO,08083,Montezuma County,2024-10-30,6,8668,,8512,156,1571,3725,120,3252,1,co-sos,2026-09-06T15:24:55+00:00
2024,CO,08083,Montezuma County,2024-10-31,5,9495,,9320,175,1698,4078,138,3581,1,co-sos,2026-09-06T15:24:55+00:00
2024,CO,08083,Montezuma County,2024-11-12,-7,15763,,14889,874,2601,6514,280,6368,1,co-sos,2026-09-06T15:24:55+00:00
2024,CO,08085,Montrose County,2024-10-28,8,13702,,13510,192,2109,5996,176,5421,1,co-sos,2026-09-06T15:24:55+00:00
2024,CO,08085,Montrose County,2024-10-29,7,14848,,14586,262,2256,6517,194,5881,1,co-sos,2026-09-06T15:24:55+00:00
2024,CO,08085,Montrose County,2024-10-30,6,15896,,15599,297,2387,6984,208,6317,1,co-sos,2026-09-06T15:24:55+00:00
2024,CO,08085,Montrose County,2024-10-31,5,17145,,16778,367,2533,7567,227,6818,1,co-sos,2026-09-06T15:24:55+00:00
2024,CO,08085,Montrose County,2024-11-12,-7,26130,,24123,2007,3467,11214,437,11012,1,co-sos,2026-09-06T15:24:55+00:00
2024,CO,08087,Morgan County,2024-10-28,8,5401,,5317,84,810,2636,77,1878,1,co-sos,2026-09-06T15:24:55+00:00
2024,CO,08087,Morgan County,2024-10-29,7,6242,,6137,105,922,3041,93,2186,1,co-sos,2026-09-06T15:24:55+00:00
2024,CO,08087,Morgan County,2024-10-30,6,6678,,6552,126,969,3257,103,2349,1,co-sos,2026-09-06T15:24:55+00:00
2024,CO,08087,Morgan County,2024-10-31,5,7331,,7170,161,1055,3571,116,2589,1,co-sos,2026-09-06T15:24:55+00:00
2024,CO,08087,Morgan County,2024-11-12,-7,13780,,12595,1185,1895,6155,261,5469,1,co-sos,2026-09-06T15:24:55+00:00
2024,CO,08089,Otero County,2024-10-28,8,3476,,3442,34,1027,1392,47,1010,1,co-sos,2026-09-06T15:24:55+00:00
2024,CO,08089,Otero County,2024-10-29,7,3926,,3884,42,1118,1591,53,1164,1,co-sos,2026-09-06T15:24:55+00:00
2024,CO,08089,Otero County,2024-10-30,6,4649,,4599,50,1303,1863,60,1423,1,co-sos,2026-09-06T15:24:55+00:00
2024,CO,08089,Otero County,2024-10-31,5,4908,,4852,56,1353,1969,62,1524,1,co-sos,2026-09-06T15:24:55+00:00
2024,CO,08089,Otero County,2024-11-12,-7,9057,,8696,361,2180,3551,140,3186,1,co-sos,2026-09-06T15:24:55+00:00
2024,CO,08091,Ouray County,2024-10-28,8,2170,,2134,36,525,535,21,1089,1,co-sos,2026-09-06T15:24:55+00:00
2024,CO,08091,Ouray County,2024-10-29,7,2406,,2369,37,578,590,24,1214,1,co-sos,2026-09-06T15:24:55+00:00
2024,CO,08091,Ouray County,2024-10-30,6,2632,,2586,46,629,641,28,1334,1,co-sos,2026-09-06T15:24:55+00:00
2024,CO,08091,Ouray County,2024-10-31,5,2817,,2762,55,668,687,30,1432,1,co-sos,2026-09-06T15:24:55+00:00
2024,CO,08091,Ouray County,2024-11-12,-7,4191,,4004,187,964,981,66,2180,1,co-sos,2026-09-06T15:24:55+00:00
2024,CO,08093,Park County,2024-10-28,8,5311,,5193,118,1050,1873,90,2298,1,co-sos,2026-09-06T15:24:55+00:00
2024,CO,08093,Park County,2024-10-29,7,6157,,6023,134,1180,2188,106,2683,1,co-sos,2026-09-06T15:24:55+00:00
2024,CO,08093,Park County,2024-10-30,6,6741,,6586,155,1261,2383,128,2969,1,co-sos,2026-09-06T15:24:55+00:00
2024,CO,08093,Park County,2024-10-31,5,7249,,7072,177,1372,2580,136,3161,1,co-sos,2026-09-06T15:24:55+00:00
2024,CO,08093,Park County,2024-11-12,-7,12278,,11330,948,2112,4150,305,5711,1,co-sos,2026-09-06T15:24:55+00:00
2024,CO,08095,Phillips County,2024-10-28,8,959,,959,0,88,572,8,291,1,co-sos,2026-09-06T15:24:55+00:00
2024,CO,08095,Phillips County,2024-10-29,7,1052,,1052,0,102,617,9,324,1,co-sos,2026-09-06T15:24:55+00:00
2024,CO,08095,Phillips County,2024-10-30,6,1202,,1202,0,117,706,9,370,1,co-sos,2026-09-06T15:24:55+00:00
2024,CO,08095,Phillips County,2024-10-31,5,1309,,1309,0,126,777,10,396,1,co-sos,2026-09-06T15:24:55+00:00
2024,CO,08095,Phillips County,2024-11-12,-7,2379,,2379,0,218,1368,23,770,1,co-sos,2026-09-06T15:24:55+00:00
2024,CO,08097,Pitkin County,2024-10-28,8,4047,,3905,142,1554,543,50,1900,1,co-sos,2026-09-06T15:24:55+00:00
2024,CO,08097,Pitkin County,2024-10-29,7,4922,,4749,173,1893,655,58,2316,1,co-sos,2026-09-06T15:24:55+00:00
2024,CO,08097,Pitkin County,2024-10-30,6,5475,,5263,212,2098,720,71,2586,1,co-sos,2026-09-06T15:24:55+00:00
2024,CO,08097,Pitkin County,2024-10-31,5,6141,,5887,254,2315,804,85,2937,1,co-sos,2026-09-06T15:24:55+00:00
2024,CO,08097,Pitkin County,2024-11-12,-7,11539,,10337,1202,4052,1446,210,5831,1,co-sos,2026-09-06T15:24:55+00:00
2024,CO,08099,Prowers County,2024-10-28,8,2067,,2065,2,344,1048,28,647,1,co-sos,2026-09-06T15:24:55+00:00
2024,CO,08099,Prowers County,2024-10-29,7,2464,,2461,3,404,1250,29,781,1,co-sos,2026-09-06T15:24:55+00:00
2024,CO,08099,Prowers County,2024-10-30,6,2655,,2648,7,429,1345,31,850,1,co-sos,2026-09-06T15:24:55+00:00
2024,CO,08099,Prowers County,2024-10-31,5,2997,,2985,12,486,1525,39,947,1,co-sos,2026-09-06T15:24:55+00:00
2024,CO,08099,Prowers County,2024-11-12,-7,5224,,5076,148,788,2561,81,1794,1,co-sos,2026-09-06T15:24:55+00:00
2024,CO,08101,Pueblo County,2024-10-28,8,37259,,36606,653,13579,10817,507,12356,1,co-sos,2026-09-06T15:24:55+00:00
2024,CO,08101,Pueblo County,2024-10-29,7,40239,,39436,803,14492,11686,580,13481,1,co-sos,2026-09-06T15:24:55+00:00
2024,CO,08101,Pueblo County,2024-10-30,6,45073,,44121,952,16092,13025,660,15296,1,co-sos,2026-09-06T15:24:55+00:00
2024,CO,08101,Pueblo County,2024-10-31,5,48717,,47615,1102,17236,14089,731,16661,1,co-sos,2026-09-06T15:24:55+00:00
2024,CO,08101,Pueblo County,2024-11-12,-7,86854,,80907,5947,28559,23395,1649,33251,1,co-sos,2026-09-06T15:24:55+00:00
2024,CO,08103,Rio Blanco County,2024-10-28,8,1707,,1679,28,97,1136,12,462,1,co-sos,2026-09-06T15:24:55+00:00
2024,CO,08103,Rio Blanco County,2024-10-29,7,1829,,1797,32,103,1221,14,491,1,co-sos,2026-09-06T15:24:55+00:00
2024,CO,08103,Rio Blanco County,2024-10-30,6,2083,,2041,42,115,1379,14,575,1,co-sos,2026-09-06T15:24:55+00:00
2024,CO,08103,Rio Blanco County,2024-10-31,5,2216,,2165,51,121,1476,16,603,1,co-sos,2026-09-06T15:24:55+00:00
2024,CO,08103,Rio Blanco County,2024-11-12,-7,3769,,3481,288,182,2357,41,1189,1,co-sos,2026-09-06T15:24:55+00:00
2024,CO,08105,Rio Grande County,2024-10-28,8,2704,,2637,67,654,1061,26,963,1,co-sos,2026-09-06T15:24:55+00:00
2024,CO,08105,Rio Grande County,2024-10-29,7,2877,,2801,76,699,1135,30,1013,1,co-sos,2026-09-06T15:24:55+00:00
2024,CO,08105,Rio Grande County,2024-10-30,6,3197,,3107,90,780,1258,36,1123,1,co-sos,2026-09-06T15:24:55+00:00
2024,CO,08105,Rio Grande County,2024-10-31,5,3508,,3402,106,860,1354,43,1251,1,co-sos,2026-09-06T15:24:55+00:00
2024,CO,08105,Rio Grande County,2024-11-12,-7,6254,,5822,432,1389,2409,98,2358,1,co-sos,2026-09-06T15:24:55+00:00
2024,CO,08107,Routt County,2024-10-28,8,7375,,7265,110,2334,1531,93,3417,1,co-sos,2026-09-06T15:24:55+00:00
2024,CO,08107,Routt County,2024-10-29,7,7916,,7760,156,2519,1627,102,3668,1,co-sos,2026-09-06T15:24:55+00:00
2024,CO,08107,Routt County,2024-10-30,6,7955,,7758,197,2526,1640,103,3686,1,co-sos,2026-09-06T15:24:55+00:00
2024,CO,08107,Routt County,2024-10-31,5,9289,,9067,222,2926,1917,127,4319,1,co-sos,2026-09-06T15:24:55+00:00
2024,CO,08107,Routt County,2024-11-12,-7,16795,,15804,991,4670,3400,309,8416,1,co-sos,2026-09-06T15:24:55+00:00
2024,CO,08109,Saguache County,2024-10-28,8,1610,,1585,25,646,367,15,582,1,co-sos,2026-09-06T15:24:55+00:00
2024,CO,08109,Saguache County,2024-10-29,7,1783,,1757,26,717,406,15,645,1,co-sos,2026-09-06T15:24:55+00:00
2024,CO,08109,Saguache County,2024-10-30,6,1919,,1886,33,737,451,17,714,1,co-sos,2026-09-06T15:24:55+00:00
2024,CO,08109,Saguache County,2024-10-31,5,2003,,1963,40,756,480,20,747,1,co-sos,2026-09-06T15:24:55+00:00
2024,CO,08109,Saguache County,2024-11-12,-7,3475,,3272,203,1161,794,73,1447,1,co-sos,2026-09-06T15:24:55+00:00
2024,CO,08111,San Juan County,2024-10-28,8,193,,193,0,54,34,1,104,1,co-sos,2026-09-06T15:24:55+00:00
2024,CO,08111,San Juan County,2024-10-29,7,240,,240,0,63,42,1,134,1,co-sos,2026-09-06T15:24:55+00:00
2024,CO,08111,San Juan County,2024-10-30,6,273,,273,0,75,47,1,150,1,co-sos,2026-09-06T15:24:55+00:00
2024,CO,08111,San Juan County,2024-10-31,5,300,,300,0,84,51,1,164,1,co-sos,2026-09-06T15:24:55+00:00
2024,CO,08111,San Juan County,2024-11-12,-7,599,,593,6,155,78,10,356,1,co-sos,2026-09-06T15:24:55+00:00
2024,CO,08113,San Miguel County,2024-10-28,8,1698,,1650,48,665,222,30,781,1,co-sos,2026-09-06T15:24:55+00:00
2024,CO,08113,San Miguel County,2024-10-29,7,1948,,1891,57,766,251,36,895,1,co-sos,2026-09-06T15:24:55+00:00
2024,CO,08113,San Miguel County,2024-10-30,6,2281,,2216,65,865,318,41,1057,1,co-sos,2026-09-06T15:24:55+00:00
2024,CO,08113,San Miguel County,2024-10-31,5,2560,,2484,76,967,338,48,1207,1,co-sos,2026-09-06T15:24:55+00:00
2024,CO,08113,San Miguel County,2024-11-12,-7,4959,,4476,483,1814,612,110,2423,1,co-sos,2026-09-06T15:24:55+00:00
2024,CO,08115,Sedgwick County,2024-10-28,8,593,,578,15,75,340,6,172,1,co-sos,2026-09-06T15:24:55+00:00
2024,CO,08115,Sedgwick County,2024-10-29,7,681,,664,17,88,391,6,196,1,co-sos,2026-09-06T15:24:55+00:00
2024,CO,08115,Sedgwick County,2024-10-30,6,777,,757,20,99,454,6,218,1,co-sos,2026-09-06T15:24:55+00:00
2024,CO,08115,Sedgwick County,2024-10-31,5,833,,812,21,101,486,7,239,1,co-sos,2026-09-06T15:24:55+00:00
2024,CO,08115,Sedgwick County,2024-11-12,-7,1380,,1300,80,160,767,14,439,1,co-sos,2026-09-06T15:24:55+00:00
2024,CO,08117,Summit County,2024-10-28,8,7530,,7412,118,2494,1345,97,3594,1,co-sos,2026-09-06T15:24:55+00:00
2024,CO,08117,Summit County,2024-10-29,7,8209,,8068,141,2723,1461,104,3921,1,co-sos,2026-09-06T15:24:55+00:00
2024,CO,08117,Summit County,2024-10-30,6,9067,,8888,179,2997,1604,124,4342,1,co-sos,2026-09-06T15:24:55+00:00
2024,CO,08117,Summit County,2024-10-31,5,9850,,9645,205,3242,1720,142,4746,1,co-sos,2026-09-06T15:24:55+00:00
2024,CO,08117,Summit County,2024-11-12,-7,17859,,16096,1763,5375,2820,363,9301,1,co-sos,2026-09-06T15:24:55+00:00
2024,CO,08119,Teller County,2024-10-28,8,7380,,7116,264,1164,3165,124,2927,1,co-sos,2026-09-06T15:24:55+00:00
2024,CO,08119,Teller County,2024-10-29,7,8298,,7977,321,1261,3606,138,3293,1,co-sos,2026-09-06T15:24:55+00:00
2024,CO,08119,Teller County,2024-10-30,6,9102,,8716,386,1362,3973,157,3610,1,co-sos,2026-09-06T15:24:55+00:00
2024,CO,08119,Teller County,2024-10-31,5,9877,,9407,470,1438,4355,170,3914,1,co-sos,2026-09-06T15:24:55+00:00
2024,CO,08119,Teller County,2024-11-12,-7,16735,,15145,1590,2090,7164,398,7083,1,co-sos,2026-09-06T15:24:55+00:00
2024,CO,08121,Washington County,2024-10-28,8,1273,,1262,11,74,897,10,292,1,co-sos,2026-09-06T15:24:55+00:00
2024,CO,08121,Washington County,2024-10-29,7,1416,,1402,14,81,988,12,335,1,co-sos,2026-09-06T15:24:55+00:00
2024,CO,08121,Washington County,2024-10-30,6,1589,,1575,14,87,1120,12,370,1,co-sos,2026-09-06T15:24:55+00:00
2024,CO,08121,Washington County,2024-10-31,5,1757,,1740,17,98,1244,12,403,1,co-sos,2026-09-06T15:24:55+00:00
2024,CO,08121,Washington County,2024-11-12,-7,2860,,2756,104,149,1994,27,690,1,co-sos,2026-09-06T15:24:55+00:00
2024,CO,08123,Weld County,2024-10-28,8,64939,,63915,1024,14222,24326,980,25411,1,co-sos,2026-09-06T15:24:55+00:00
2024,CO,08123,Weld County,2024-10-29,7,74235,,72942,1293,16008,27802,1124,29301,1,co-sos,2026-09-06T15:24:55+00:00
2024,CO,08123,Weld County,2024-10-30,6,82582,,81016,1566,17533,30876,1302,32871,1,co-sos,2026-09-06T15:24:55+00:00
2024,CO,08123,Weld County,2024-10-31,5,90097,,88270,1827,18875,33725,1422,36075,1,co-sos,2026-09-06T15:24:55+00:00
2024,CO,08123,Weld County,2024-11-12,-7,184457,,167824,16633,34741,64280,3843,81593,1,co-sos,2026-09-06T15:24:55+00:00
2024,CO,08125,Yuma County,2024-10-28,8,1900,,1877,23,198,1155,12,535,1,co-sos,2026-09-06T15:24:55+00:00
2024,CO,08125,Yuma County,2024-10-29,7,2080,,2054,26,213,1258,13,596,1,co-sos,2026-09-06T15:24:55+00:00
2024,CO,08125,Yuma County,2024-10-30,6,2435,,2397,38,238,1483,17,697,1,co-sos,2026-09-06T15:24:55+00:00
2024,CO,08125,Yuma County,2024-10-31,5,2618,,2573,45,248,1598,18,754,1,co-sos,2026-09-06T15:24:55+00:00
2024,CO,08125,Yuma County,2024-11-12,-7,4751,,4443,308,424,2702,50,1575,1,co-sos,2026-09-06T15:24:55+00:00
