cycle,state,county_fips,county_name,date,days_to_election,ballots_total,ballots_new,mail_returned,inperson,party_dem,party_rep,party_oth,party_npa,source_tier,source_name,retrieved_at
2026,IL,17001,Adams County,2026-09-06,58,0,,0,0,,,,,1,il-sbe,2026-09-06T23:28:30+00:00
2026,IL,17001,Adams County,2026-09-07,57,0,,0,0,,,,,1,il-sbe,2026-09-07T00:37:54+00:00
2026,IL,17001,Adams County,2026-09-08,56,0,,0,0,,,,,1,il-sbe,2026-09-08T03:03:27+00:00
2026,IL,17001,Adams County,2026-09-09,55,0,,0,0,,,,,1,il-sbe,2026-09-09T03:04:22+00:00
2026,IL,17001,Adams County,2026-09-10,54,0,,0,0,,,,,1,il-sbe,2026-09-10T03:04:52+00:00
2026,IL,17001,Adams County,2026-09-11,53,0,,0,0,,,,,1,il-sbe,2026-09-11T02:59:47+00:00
2026,IL,17001,Adams County,2026-09-12,52,0,,0,0,,,,,1,il-sbe,2026-09-12T03:07:19+00:00
2026,IL,17001,Adams County,2026-09-13,51,0,,0,0,,,,,1,il-sbe,2026-09-13T03:09:07+00:00
2026,IL,17001,Adams County,2026-09-14,50,0,,0,0,,,,,1,il-sbe,2026-09-14T09:34:07+00:00
2026,IL,17001,Adams County,2026-09-15,49,0,,0,0,,,,,1,il-sbe,2026-09-15T00:16:59+00:00
2026,IL,17001,Adams County,2026-09-16,48,0,,0,0,,,,,1,il-sbe,2026-09-16T04:08:21+00:00
2026,IL,17001,Adams County,2026-09-17,47,0,,0,0,,,,,1,il-sbe,2026-09-17T00:04:51+00:00
2026,IL,17001,Adams County,2026-09-18,46,0,,0,0,,,,,1,il-sbe,2026-09-18T03:11:45+00:00
2026,IL,17001,Adams County,2026-09-19,45,0,,0,0,,,,,1,il-sbe,2026-09-19T03:08:06+00:00
2026,IL,17001,Adams County,2026-09-20,44,0,,0,0,,,,,1,il-sbe,2026-09-20T03:24:25+00:00
2026,IL,17001,Adams County,2026-09-21,43,0,,0,0,,,,,1,il-sbe,2026-09-21T03:19:32+00:00
2026,IL,17001,Adams County,2026-09-22,42,0,,0,0,,,,,1,il-sbe,2026-09-22T00:36:05+00:00
2026,IL,17001,Adams County,2026-09-23,41,0,,0,0,,,,,1,il-sbe,2026-09-23T04:34:26+00:00
2026,IL,17001,Adams County,2026-09-24,40,0,,0,0,,,,,1,il-sbe,2026-09-24T00:14:04+00:00
2026,IL,17001,Adams County,2026-09-25,39,94,,0,94,,,,,1,il-sbe,2026-09-25T19:49:30+00:00
2026,IL,17001,Adams County,2026-09-26,38,94,,0,94,,,,,1,il-sbe,2026-09-26T03:32:01+00:00
2026,IL,17001,Adams County,2026-09-27,37,94,,0,94,,,,,1,il-sbe,2026-09-27T03:40:10+00:00
2026,IL,17001,Adams County,2026-09-28,36,190,,0,190,,,,,1,il-sbe,2026-09-28T17:43:15+00:00
2026,IL,17001,Adams County,2026-09-29,35,190,,0,190,,,,,1,il-sbe,2026-09-29T07:53:29+00:00
2026,IL,17001,Adams County,2026-09-30,34,591,,208,383,,,,,1,il-sbe,2026-09-30T20:32:53+00:00
2026,IL,17001,Adams County,2026-10-01,33,591,,208,383,,,,,1,il-sbe,2026-10-01T01:04:09+00:00
2026,IL,17003,Alexander County,2026-09-06,58,0,,0,0,,,,,1,il-sbe,2026-09-06T23:28:30+00:00
2026,IL,17003,Alexander County,2026-09-07,57,0,,0,0,,,,,1,il-sbe,2026-09-07T00:37:54+00:00
2026,IL,17003,Alexander County,2026-09-08,56,0,,0,0,,,,,1,il-sbe,2026-09-08T03:03:27+00:00
2026,IL,17003,Alexander County,2026-09-09,55,0,,0,0,,,,,1,il-sbe,2026-09-09T03:04:22+00:00
2026,IL,17003,Alexander County,2026-09-10,54,0,,0,0,,,,,1,il-sbe,2026-09-10T03:04:52+00:00
2026,IL,17003,Alexander County,2026-09-11,53,0,,0,0,,,,,1,il-sbe,2026-09-11T02:59:47+00:00
2026,IL,17003,Alexander County,2026-09-12,52,0,,0,0,,,,,1,il-sbe,2026-09-12T03:07:19+00:00
2026,IL,17003,Alexander County,2026-09-13,51,0,,0,0,,,,,1,il-sbe,2026-09-13T03:09:07+00:00
2026,IL,17003,Alexander County,2026-09-14,50,0,,0,0,,,,,1,il-sbe,2026-09-14T09:34:07+00:00
2026,IL,17003,Alexander County,2026-09-15,49,0,,0,0,,,,,1,il-sbe,2026-09-15T00:16:59+00:00
2026,IL,17003,Alexander County,2026-09-16,48,0,,0,0,,,,,1,il-sbe,2026-09-16T04:08:21+00:00
2026,IL,17003,Alexander County,2026-09-17,47,0,,0,0,,,,,1,il-sbe,2026-09-17T00:04:51+00:00
2026,IL,17003,Alexander County,2026-09-18,46,0,,0,0,,,,,1,il-sbe,2026-09-18T03:11:45+00:00
2026,IL,17003,Alexander County,2026-09-19,45,0,,0,0,,,,,1,il-sbe,2026-09-19T03:08:06+00:00
2026,IL,17003,Alexander County,2026-09-20,44,0,,0,0,,,,,1,il-sbe,2026-09-20T03:24:25+00:00
2026,IL,17003,Alexander County,2026-09-21,43,0,,0,0,,,,,1,il-sbe,2026-09-21T03:19:32+00:00
2026,IL,17003,Alexander County,2026-09-22,42,0,,0,0,,,,,1,il-sbe,2026-09-22T00:36:05+00:00
2026,IL,17003,Alexander County,2026-09-23,41,0,,0,0,,,,,1,il-sbe,2026-09-23T04:34:26+00:00
2026,IL,17003,Alexander County,2026-09-24,40,0,,0,0,,,,,1,il-sbe,2026-09-24T00:14:04+00:00
2026,IL,17003,Alexander County,2026-09-25,39,0,,0,0,,,,,1,il-sbe,2026-09-25T03:26:04+00:00
2026,IL,17003,Alexander County,2026-09-26,38,0,,0,0,,,,,1,il-sbe,2026-09-26T03:32:01+00:00
2026,IL,17003,Alexander County,2026-09-27,37,0,,0,0,,,,,1,il-sbe,2026-09-27T03:40:10+00:00
2026,IL,17003,Alexander County,2026-09-28,36,0,,0,0,,,,,1,il-sbe,2026-09-28T03:39:02+00:00
2026,IL,17003,Alexander County,2026-09-29,35,0,,0,0,,,,,1,il-sbe,2026-09-29T07:53:29+00:00
2026,IL,17003,Alexander County,2026-09-30,34,8,,4,4,,,,,1,il-sbe,2026-09-30T20:32:53+00:00
2026,IL,17003,Alexander County,2026-10-01,33,8,,4,4,,,,,1,il-sbe,2026-10-01T01:04:09+00:00
2026,IL,17005,Bond County,2026-09-06,58,0,,0,0,,,,,1,il-sbe,2026-09-06T23:28:30+00:00
2026,IL,17005,Bond County,2026-09-07,57,0,,0,0,,,,,1,il-sbe,2026-09-07T00:37:54+00:00
2026,IL,17005,Bond County,2026-09-08,56,0,,0,0,,,,,1,il-sbe,2026-09-08T03:03:27+00:00
2026,IL,17005,Bond County,2026-09-09,55,0,,0,0,,,,,1,il-sbe,2026-09-09T03:04:22+00:00
2026,IL,17005,Bond County,2026-09-10,54,0,,0,0,,,,,1,il-sbe,2026-09-10T03:04:52+00:00
2026,IL,17005,Bond County,2026-09-11,53,0,,0,0,,,,,1,il-sbe,2026-09-11T02:59:47+00:00
2026,IL,17005,Bond County,2026-09-12,52,0,,0,0,,,,,1,il-sbe,2026-09-12T03:07:19+00:00
2026,IL,17005,Bond County,2026-09-13,51,0,,0,0,,,,,1,il-sbe,2026-09-13T03:09:07+00:00
2026,IL,17005,Bond County,2026-09-14,50,0,,0,0,,,,,1,il-sbe,2026-09-14T09:34:07+00:00
2026,IL,17005,Bond County,2026-09-15,49,0,,0,0,,,,,1,il-sbe,2026-09-15T00:16:59+00:00
2026,IL,17005,Bond County,2026-09-16,48,0,,0,0,,,,,1,il-sbe,2026-09-16T04:08:21+00:00
2026,IL,17005,Bond County,2026-09-17,47,0,,0,0,,,,,1,il-sbe,2026-09-17T00:04:51+00:00
2026,IL,17005,Bond County,2026-09-18,46,0,,0,0,,,,,1,il-sbe,2026-09-18T03:11:45+00:00
2026,IL,17005,Bond County,2026-09-19,45,0,,0,0,,,,,1,il-sbe,2026-09-19T03:08:06+00:00
2026,IL,17005,Bond County,2026-09-20,44,0,,0,0,,,,,1,il-sbe,2026-09-20T03:24:25+00:00
2026,IL,17005,Bond County,2026-09-21,43,0,,0,0,,,,,1,il-sbe,2026-09-21T03:19:32+00:00
2026,IL,17005,Bond County,2026-09-22,42,0,,0,0,,,,,1,il-sbe,2026-09-22T00:36:05+00:00
2026,IL,17005,Bond County,2026-09-23,41,0,,0,0,,,,,1,il-sbe,2026-09-23T04:34:26+00:00
2026,IL,17005,Bond County,2026-09-24,40,0,,0,0,,,,,1,il-sbe,2026-09-24T00:14:04+00:00
2026,IL,17005,Bond County,2026-09-25,39,12,,0,12,,,,,1,il-sbe,2026-09-25T19:49:30+00:00
2026,IL,17005,Bond County,2026-09-26,38,12,,0,12,,,,,1,il-sbe,2026-09-26T03:32:01+00:00
2026,IL,17005,Bond County,2026-09-27,37,12,,0,12,,,,,1,il-sbe,2026-09-27T03:40:10+00:00
2026,IL,17005,Bond County,2026-09-28,36,48,,0,48,,,,,1,il-sbe,2026-09-28T17:43:15+00:00
2026,IL,17005,Bond County,2026-09-29,35,48,,0,48,,,,,1,il-sbe,2026-09-29T07:53:29+00:00
2026,IL,17005,Bond County,2026-09-30,34,102,,0,102,,,,,1,il-sbe,2026-09-30T20:32:53+00:00
2026,IL,17005,Bond County,2026-10-01,33,102,,0,102,,,,,1,il-sbe,2026-10-01T01:04:09+00:00
2026,IL,17007,Boone County,2026-09-06,58,0,,0,0,,,,,1,il-sbe,2026-09-06T23:28:30+00:00
2026,IL,17007,Boone County,2026-09-07,57,0,,0,0,,,,,1,il-sbe,2026-09-07T00:37:54+00:00
2026,IL,17007,Boone County,2026-09-08,56,0,,0,0,,,,,1,il-sbe,2026-09-08T03:03:27+00:00
2026,IL,17007,Boone County,2026-09-09,55,0,,0,0,,,,,1,il-sbe,2026-09-09T03:04:22+00:00
2026,IL,17007,Boone County,2026-09-10,54,0,,0,0,,,,,1,il-sbe,2026-09-10T03:04:52+00:00
2026,IL,17007,Boone County,2026-09-11,53,0,,0,0,,,,,1,il-sbe,2026-09-11T02:59:47+00:00
2026,IL,17007,Boone County,2026-09-12,52,0,,0,0,,,,,1,il-sbe,2026-09-12T03:07:19+00:00
2026,IL,17007,Boone County,2026-09-13,51,0,,0,0,,,,,1,il-sbe,2026-09-13T03:09:07+00:00
2026,IL,17007,Boone County,2026-09-14,50,0,,0,0,,,,,1,il-sbe,2026-09-14T09:34:07+00:00
2026,IL,17007,Boone County,2026-09-15,49,0,,0,0,,,,,1,il-sbe,2026-09-15T00:16:59+00:00
2026,IL,17007,Boone County,2026-09-16,48,0,,0,0,,,,,1,il-sbe,2026-09-16T04:08:21+00:00
2026,IL,17007,Boone County,2026-09-17,47,0,,0,0,,,,,1,il-sbe,2026-09-17T00:04:51+00:00
2026,IL,17007,Boone County,2026-09-18,46,0,,0,0,,,,,1,il-sbe,2026-09-18T03:11:45+00:00
2026,IL,17007,Boone County,2026-09-19,45,0,,0,0,,,,,1,il-sbe,2026-09-19T03:08:06+00:00
2026,IL,17007,Boone County,2026-09-20,44,0,,0,0,,,,,1,il-sbe,2026-09-20T03:24:25+00:00
2026,IL,17007,Boone County,2026-09-21,43,0,,0,0,,,,,1,il-sbe,2026-09-21T03:19:32+00:00
2026,IL,17007,Boone County,2026-09-22,42,0,,0,0,,,,,1,il-sbe,2026-09-22T00:36:05+00:00
2026,IL,17007,Boone County,2026-09-23,41,0,,0,0,,,,,1,il-sbe,2026-09-23T04:34:26+00:00
2026,IL,17007,Boone County,2026-09-24,40,0,,0,0,,,,,1,il-sbe,2026-09-24T00:14:04+00:00
2026,IL,17007,Boone County,2026-09-25,39,48,,0,48,,,,,1,il-sbe,2026-09-25T19:49:30+00:00
2026,IL,17007,Boone County,2026-09-26,38,48,,0,48,,,,,1,il-sbe,2026-09-26T03:32:01+00:00
2026,IL,17007,Boone County,2026-09-27,37,48,,0,48,,,,,1,il-sbe,2026-09-27T03:40:10+00:00
2026,IL,17007,Boone County,2026-09-28,36,96,,0,96,,,,,1,il-sbe,2026-09-28T17:43:15+00:00
2026,IL,17007,Boone County,2026-09-29,35,96,,0,96,,,,,1,il-sbe,2026-09-29T07:53:29+00:00
2026,IL,17007,Boone County,2026-09-30,34,234,,36,198,,,,,1,il-sbe,2026-09-30T20:32:53+00:00
2026,IL,17007,Boone County,2026-10-01,33,234,,36,198,,,,,1,il-sbe,2026-10-01T01:04:09+00:00
2026,IL,17009,Brown County,2026-09-06,58,0,,0,0,,,,,1,il-sbe,2026-09-06T23:28:30+00:00
2026,IL,17009,Brown County,2026-09-07,57,0,,0,0,,,,,1,il-sbe,2026-09-07T00:37:54+00:00
2026,IL,17009,Brown County,2026-09-08,56,0,,0,0,,,,,1,il-sbe,2026-09-08T03:03:27+00:00
2026,IL,17009,Brown County,2026-09-09,55,0,,0,0,,,,,1,il-sbe,2026-09-09T03:04:22+00:00
2026,IL,17009,Brown County,2026-09-10,54,0,,0,0,,,,,1,il-sbe,2026-09-10T03:04:52+00:00
2026,IL,17009,Brown County,2026-09-11,53,0,,0,0,,,,,1,il-sbe,2026-09-11T02:59:47+00:00
2026,IL,17009,Brown County,2026-09-12,52,0,,0,0,,,,,1,il-sbe,2026-09-12T03:07:19+00:00
2026,IL,17009,Brown County,2026-09-13,51,0,,0,0,,,,,1,il-sbe,2026-09-13T03:09:07+00:00
2026,IL,17009,Brown County,2026-09-14,50,0,,0,0,,,,,1,il-sbe,2026-09-14T09:34:07+00:00
2026,IL,17009,Brown County,2026-09-15,49,0,,0,0,,,,,1,il-sbe,2026-09-15T00:16:59+00:00
2026,IL,17009,Brown County,2026-09-16,48,0,,0,0,,,,,1,il-sbe,2026-09-16T04:08:21+00:00
2026,IL,17009,Brown County,2026-09-17,47,0,,0,0,,,,,1,il-sbe,2026-09-17T00:04:51+00:00
2026,IL,17009,Brown County,2026-09-18,46,0,,0,0,,,,,1,il-sbe,2026-09-18T03:11:45+00:00
2026,IL,17009,Brown County,2026-09-19,45,0,,0,0,,,,,1,il-sbe,2026-09-19T03:08:06+00:00
2026,IL,17009,Brown County,2026-09-20,44,0,,0,0,,,,,1,il-sbe,2026-09-20T03:24:25+00:00
2026,IL,17009,Brown County,2026-09-21,43,0,,0,0,,,,,1,il-sbe,2026-09-21T03:19:32+00:00
2026,IL,17009,Brown County,2026-09-22,42,0,,0,0,,,,,1,il-sbe,2026-09-22T00:36:05+00:00
2026,IL,17009,Brown County,2026-09-23,41,0,,0,0,,,,,1,il-sbe,2026-09-23T04:34:26+00:00
2026,IL,17009,Brown County,2026-09-24,40,0,,0,0,,,,,1,il-sbe,2026-09-24T00:14:04+00:00
2026,IL,17009,Brown County,2026-09-25,39,4,,0,4,,,,,1,il-sbe,2026-09-25T19:49:30+00:00
2026,IL,17009,Brown County,2026-09-26,38,4,,0,4,,,,,1,il-sbe,2026-09-26T03:32:01+00:00
2026,IL,17009,Brown County,2026-09-27,37,4,,0,4,,,,,1,il-sbe,2026-09-27T03:40:10+00:00
2026,IL,17009,Brown County,2026-09-28,36,6,,0,6,,,,,1,il-sbe,2026-09-28T17:43:15+00:00
2026,IL,17009,Brown County,2026-09-29,35,6,,0,6,,,,,1,il-sbe,2026-09-29T07:53:29+00:00
2026,IL,17009,Brown County,2026-09-30,34,23,,9,14,,,,,1,il-sbe,2026-09-30T20:32:53+00:00
2026,IL,17009,Brown County,2026-10-01,33,23,,9,14,,,,,1,il-sbe,2026-10-01T01:04:09+00:00
2026,IL,17011,Bureau County,2026-09-06,58,0,,0,0,,,,,1,il-sbe,2026-09-06T23:28:30+00:00
2026,IL,17011,Bureau County,2026-09-07,57,0,,0,0,,,,,1,il-sbe,2026-09-07T00:37:54+00:00
2026,IL,17011,Bureau County,2026-09-08,56,0,,0,0,,,,,1,il-sbe,2026-09-08T03:03:27+00:00
2026,IL,17011,Bureau County,2026-09-09,55,0,,0,0,,,,,1,il-sbe,2026-09-09T03:04:22+00:00
2026,IL,17011,Bureau County,2026-09-10,54,0,,0,0,,,,,1,il-sbe,2026-09-10T03:04:52+00:00
2026,IL,17011,Bureau County,2026-09-11,53,0,,0,0,,,,,1,il-sbe,2026-09-11T02:59:47+00:00
2026,IL,17011,Bureau County,2026-09-12,52,0,,0,0,,,,,1,il-sbe,2026-09-12T03:07:19+00:00
2026,IL,17011,Bureau County,2026-09-13,51,0,,0,0,,,,,1,il-sbe,2026-09-13T03:09:07+00:00
2026,IL,17011,Bureau County,2026-09-14,50,0,,0,0,,,,,1,il-sbe,2026-09-14T09:34:07+00:00
2026,IL,17011,Bureau County,2026-09-15,49,0,,0,0,,,,,1,il-sbe,2026-09-15T00:16:59+00:00
2026,IL,17011,Bureau County,2026-09-16,48,0,,0,0,,,,,1,il-sbe,2026-09-16T04:08:21+00:00
2026,IL,17011,Bureau County,2026-09-17,47,0,,0,0,,,,,1,il-sbe,2026-09-17T00:04:51+00:00
2026,IL,17011,Bureau County,2026-09-18,46,0,,0,0,,,,,1,il-sbe,2026-09-18T03:11:45+00:00
2026,IL,17011,Bureau County,2026-09-19,45,0,,0,0,,,,,1,il-sbe,2026-09-19T03:08:06+00:00
2026,IL,17011,Bureau County,2026-09-20,44,0,,0,0,,,,,1,il-sbe,2026-09-20T03:24:25+00:00
2026,IL,17011,Bureau County,2026-09-21,43,0,,0,0,,,,,1,il-sbe,2026-09-21T03:19:32+00:00
2026,IL,17011,Bureau County,2026-09-22,42,0,,0,0,,,,,1,il-sbe,2026-09-22T00:36:05+00:00
2026,IL,17011,Bureau County,2026-09-23,41,0,,0,0,,,,,1,il-sbe,2026-09-23T04:34:26+00:00
2026,IL,17011,Bureau County,2026-09-24,40,0,,0,0,,,,,1,il-sbe,2026-09-24T00:14:04+00:00
2026,IL,17011,Bureau County,2026-09-25,39,21,,0,21,,,,,1,il-sbe,2026-09-25T19:49:30+00:00
2026,IL,17011,Bureau County,2026-09-26,38,21,,0,21,,,,,1,il-sbe,2026-09-26T03:32:01+00:00
2026,IL,17011,Bureau County,2026-09-27,37,21,,0,21,,,,,1,il-sbe,2026-09-27T03:40:10+00:00
2026,IL,17011,Bureau County,2026-09-28,36,50,,0,50,,,,,1,il-sbe,2026-09-28T17:43:15+00:00
2026,IL,17011,Bureau County,2026-09-29,35,50,,0,50,,,,,1,il-sbe,2026-09-29T07:53:29+00:00
2026,IL,17011,Bureau County,2026-09-30,34,146,,56,90,,,,,1,il-sbe,2026-09-30T20:32:53+00:00
2026,IL,17011,Bureau County,2026-10-01,33,146,,56,90,,,,,1,il-sbe,2026-10-01T01:04:09+00:00
2026,IL,17013,Calhoun County,2026-09-06,58,0,,0,0,,,,,1,il-sbe,2026-09-06T23:28:30+00:00
2026,IL,17013,Calhoun County,2026-09-07,57,0,,0,0,,,,,1,il-sbe,2026-09-07T00:37:54+00:00
2026,IL,17013,Calhoun County,2026-09-08,56,0,,0,0,,,,,1,il-sbe,2026-09-08T03:03:27+00:00
2026,IL,17013,Calhoun County,2026-09-09,55,0,,0,0,,,,,1,il-sbe,2026-09-09T03:04:22+00:00
2026,IL,17013,Calhoun County,2026-09-10,54,0,,0,0,,,,,1,il-sbe,2026-09-10T03:04:52+00:00
2026,IL,17013,Calhoun County,2026-09-11,53,0,,0,0,,,,,1,il-sbe,2026-09-11T02:59:47+00:00
2026,IL,17013,Calhoun County,2026-09-12,52,0,,0,0,,,,,1,il-sbe,2026-09-12T03:07:19+00:00
2026,IL,17013,Calhoun County,2026-09-13,51,0,,0,0,,,,,1,il-sbe,2026-09-13T03:09:07+00:00
2026,IL,17013,Calhoun County,2026-09-14,50,0,,0,0,,,,,1,il-sbe,2026-09-14T09:34:07+00:00
2026,IL,17013,Calhoun County,2026-09-15,49,0,,0,0,,,,,1,il-sbe,2026-09-15T00:16:59+00:00
2026,IL,17013,Calhoun County,2026-09-16,48,0,,0,0,,,,,1,il-sbe,2026-09-16T04:08:21+00:00
2026,IL,17013,Calhoun County,2026-09-17,47,0,,0,0,,,,,1,il-sbe,2026-09-17T00:04:51+00:00
2026,IL,17013,Calhoun County,2026-09-18,46,0,,0,0,,,,,1,il-sbe,2026-09-18T03:11:45+00:00
2026,IL,17013,Calhoun County,2026-09-19,45,0,,0,0,,,,,1,il-sbe,2026-09-19T03:08:06+00:00
2026,IL,17013,Calhoun County,2026-09-20,44,0,,0,0,,,,,1,il-sbe,2026-09-20T03:24:25+00:00
2026,IL,17013,Calhoun County,2026-09-21,43,0,,0,0,,,,,1,il-sbe,2026-09-21T03:19:32+00:00
2026,IL,17013,Calhoun County,2026-09-22,42,0,,0,0,,,,,1,il-sbe,2026-09-22T00:36:05+00:00
2026,IL,17013,Calhoun County,2026-09-23,41,0,,0,0,,,,,1,il-sbe,2026-09-23T04:34:26+00:00
2026,IL,17013,Calhoun County,2026-09-24,40,0,,0,0,,,,,1,il-sbe,2026-09-24T00:14:04+00:00
2026,IL,17013,Calhoun County,2026-09-25,39,0,,0,0,,,,,1,il-sbe,2026-09-25T03:26:04+00:00
2026,IL,17013,Calhoun County,2026-09-26,38,0,,0,0,,,,,1,il-sbe,2026-09-26T03:32:01+00:00
2026,IL,17013,Calhoun County,2026-09-27,37,0,,0,0,,,,,1,il-sbe,2026-09-27T03:40:10+00:00
2026,IL,17013,Calhoun County,2026-09-28,36,7,,5,2,,,,,1,il-sbe,2026-09-28T17:43:15+00:00
2026,IL,17013,Calhoun County,2026-09-29,35,7,,5,2,,,,,1,il-sbe,2026-09-29T07:53:29+00:00
2026,IL,17013,Calhoun County,2026-09-30,34,21,,19,2,,,,,1,il-sbe,2026-09-30T20:32:53+00:00
2026,IL,17013,Calhoun County,2026-10-01,33,21,,19,2,,,,,1,il-sbe,2026-10-01T01:04:09+00:00
2026,IL,17015,Carroll County,2026-09-06,58,0,,0,0,,,,,1,il-sbe,2026-09-06T23:28:30+00:00
2026,IL,17015,Carroll County,2026-09-07,57,0,,0,0,,,,,1,il-sbe,2026-09-07T00:37:54+00:00
2026,IL,17015,Carroll County,2026-09-08,56,0,,0,0,,,,,1,il-sbe,2026-09-08T03:03:27+00:00
2026,IL,17015,Carroll County,2026-09-09,55,0,,0,0,,,,,1,il-sbe,2026-09-09T03:04:22+00:00
2026,IL,17015,Carroll County,2026-09-10,54,0,,0,0,,,,,1,il-sbe,2026-09-10T03:04:52+00:00
2026,IL,17015,Carroll County,2026-09-11,53,0,,0,0,,,,,1,il-sbe,2026-09-11T02:59:47+00:00
2026,IL,17015,Carroll County,2026-09-12,52,0,,0,0,,,,,1,il-sbe,2026-09-12T03:07:19+00:00
2026,IL,17015,Carroll County,2026-09-13,51,0,,0,0,,,,,1,il-sbe,2026-09-13T03:09:07+00:00
2026,IL,17015,Carroll County,2026-09-14,50,0,,0,0,,,,,1,il-sbe,2026-09-14T09:34:07+00:00
2026,IL,17015,Carroll County,2026-09-15,49,0,,0,0,,,,,1,il-sbe,2026-09-15T00:16:59+00:00
2026,IL,17015,Carroll County,2026-09-16,48,0,,0,0,,,,,1,il-sbe,2026-09-16T04:08:21+00:00
2026,IL,17015,Carroll County,2026-09-17,47,0,,0,0,,,,,1,il-sbe,2026-09-17T00:04:51+00:00
2026,IL,17015,Carroll County,2026-09-18,46,0,,0,0,,,,,1,il-sbe,2026-09-18T03:11:45+00:00
2026,IL,17015,Carroll County,2026-09-19,45,0,,0,0,,,,,1,il-sbe,2026-09-19T03:08:06+00:00
2026,IL,17015,Carroll County,2026-09-20,44,0,,0,0,,,,,1,il-sbe,2026-09-20T03:24:25+00:00
2026,IL,17015,Carroll County,2026-09-21,43,0,,0,0,,,,,1,il-sbe,2026-09-21T03:19:32+00:00
2026,IL,17015,Carroll County,2026-09-22,42,0,,0,0,,,,,1,il-sbe,2026-09-22T00:36:05+00:00
2026,IL,17015,Carroll County,2026-09-23,41,0,,0,0,,,,,1,il-sbe,2026-09-23T04:34:26+00:00
2026,IL,17015,Carroll County,2026-09-24,40,0,,0,0,,,,,1,il-sbe,2026-09-24T00:14:04+00:00
2026,IL,17015,Carroll County,2026-09-25,39,14,,0,14,,,,,1,il-sbe,2026-09-25T19:49:30+00:00
2026,IL,17015,Carroll County,2026-09-26,38,14,,0,14,,,,,1,il-sbe,2026-09-26T03:32:01+00:00
2026,IL,17015,Carroll County,2026-09-27,37,14,,0,14,,,,,1,il-sbe,2026-09-27T03:40:10+00:00
2026,IL,17015,Carroll County,2026-09-28,36,30,,0,30,,,,,1,il-sbe,2026-09-28T17:43:15+00:00
2026,IL,17015,Carroll County,2026-09-29,35,30,,0,30,,,,,1,il-sbe,2026-09-29T07:53:29+00:00
2026,IL,17015,Carroll County,2026-09-30,34,61,,5,56,,,,,1,il-sbe,2026-09-30T20:32:53+00:00
2026,IL,17015,Carroll County,2026-10-01,33,61,,5,56,,,,,1,il-sbe,2026-10-01T01:04:09+00:00
2026,IL,17017,Cass County,2026-09-06,58,0,,0,0,,,,,1,il-sbe,2026-09-06T23:28:30+00:00
2026,IL,17017,Cass County,2026-09-07,57,0,,0,0,,,,,1,il-sbe,2026-09-07T00:37:54+00:00
2026,IL,17017,Cass County,2026-09-08,56,0,,0,0,,,,,1,il-sbe,2026-09-08T03:03:27+00:00
2026,IL,17017,Cass County,2026-09-09,55,0,,0,0,,,,,1,il-sbe,2026-09-09T03:04:22+00:00
2026,IL,17017,Cass County,2026-09-10,54,0,,0,0,,,,,1,il-sbe,2026-09-10T03:04:52+00:00
2026,IL,17017,Cass County,2026-09-11,53,0,,0,0,,,,,1,il-sbe,2026-09-11T02:59:47+00:00
2026,IL,17017,Cass County,2026-09-12,52,0,,0,0,,,,,1,il-sbe,2026-09-12T03:07:19+00:00
2026,IL,17017,Cass County,2026-09-13,51,0,,0,0,,,,,1,il-sbe,2026-09-13T03:09:07+00:00
2026,IL,17017,Cass County,2026-09-14,50,0,,0,0,,,,,1,il-sbe,2026-09-14T09:34:07+00:00
2026,IL,17017,Cass County,2026-09-15,49,0,,0,0,,,,,1,il-sbe,2026-09-15T00:16:59+00:00
2026,IL,17017,Cass County,2026-09-16,48,0,,0,0,,,,,1,il-sbe,2026-09-16T04:08:21+00:00
2026,IL,17017,Cass County,2026-09-17,47,0,,0,0,,,,,1,il-sbe,2026-09-17T00:04:51+00:00
2026,IL,17017,Cass County,2026-09-18,46,0,,0,0,,,,,1,il-sbe,2026-09-18T03:11:45+00:00
2026,IL,17017,Cass County,2026-09-19,45,0,,0,0,,,,,1,il-sbe,2026-09-19T03:08:06+00:00
2026,IL,17017,Cass County,2026-09-20,44,0,,0,0,,,,,1,il-sbe,2026-09-20T03:24:25+00:00
2026,IL,17017,Cass County,2026-09-21,43,0,,0,0,,,,,1,il-sbe,2026-09-21T03:19:32+00:00
2026,IL,17017,Cass County,2026-09-22,42,0,,0,0,,,,,1,il-sbe,2026-09-22T00:36:05+00:00
2026,IL,17017,Cass County,2026-09-23,41,0,,0,0,,,,,1,il-sbe,2026-09-23T04:34:26+00:00
2026,IL,17017,Cass County,2026-09-24,40,0,,0,0,,,,,1,il-sbe,2026-09-24T00:14:04+00:00
2026,IL,17017,Cass County,2026-09-25,39,28,,14,14,,,,,1,il-sbe,2026-09-25T19:49:30+00:00
2026,IL,17017,Cass County,2026-09-26,38,28,,14,14,,,,,1,il-sbe,2026-09-26T03:32:01+00:00
2026,IL,17017,Cass County,2026-09-27,37,28,,14,14,,,,,1,il-sbe,2026-09-27T03:40:10+00:00
2026,IL,17017,Cass County,2026-09-28,36,54,,27,27,,,,,1,il-sbe,2026-09-28T17:43:15+00:00
2026,IL,17017,Cass County,2026-09-29,35,54,,27,27,,,,,1,il-sbe,2026-09-29T07:53:29+00:00
2026,IL,17017,Cass County,2026-09-30,34,102,,58,44,,,,,1,il-sbe,2026-09-30T20:32:53+00:00
2026,IL,17017,Cass County,2026-10-01,33,102,,58,44,,,,,1,il-sbe,2026-10-01T01:04:09+00:00
2026,IL,17019,Champaign County,2026-09-06,58,0,,0,0,,,,,1,il-sbe,2026-09-06T23:28:30+00:00
2026,IL,17019,Champaign County,2026-09-07,57,0,,0,0,,,,,1,il-sbe,2026-09-07T00:37:54+00:00
2026,IL,17019,Champaign County,2026-09-08,56,0,,0,0,,,,,1,il-sbe,2026-09-08T03:03:27+00:00
2026,IL,17019,Champaign County,2026-09-09,55,0,,0,0,,,,,1,il-sbe,2026-09-09T03:04:22+00:00
2026,IL,17019,Champaign County,2026-09-10,54,0,,0,0,,,,,1,il-sbe,2026-09-10T03:04:52+00:00
2026,IL,17019,Champaign County,2026-09-11,53,0,,0,0,,,,,1,il-sbe,2026-09-11T02:59:47+00:00
2026,IL,17019,Champaign County,2026-09-12,52,0,,0,0,,,,,1,il-sbe,2026-09-12T03:07:19+00:00
2026,IL,17019,Champaign County,2026-09-13,51,0,,0,0,,,,,1,il-sbe,2026-09-13T03:09:07+00:00
2026,IL,17019,Champaign County,2026-09-14,50,0,,0,0,,,,,1,il-sbe,2026-09-14T09:34:07+00:00
2026,IL,17019,Champaign County,2026-09-15,49,0,,0,0,,,,,1,il-sbe,2026-09-15T00:16:59+00:00
2026,IL,17019,Champaign County,2026-09-16,48,0,,0,0,,,,,1,il-sbe,2026-09-16T04:08:21+00:00
2026,IL,17019,Champaign County,2026-09-17,47,0,,0,0,,,,,1,il-sbe,2026-09-17T00:04:51+00:00
2026,IL,17019,Champaign County,2026-09-18,46,0,,0,0,,,,,1,il-sbe,2026-09-18T03:11:45+00:00
2026,IL,17019,Champaign County,2026-09-19,45,0,,0,0,,,,,1,il-sbe,2026-09-19T03:08:06+00:00
2026,IL,17019,Champaign County,2026-09-20,44,0,,0,0,,,,,1,il-sbe,2026-09-20T03:24:25+00:00
2026,IL,17019,Champaign County,2026-09-21,43,0,,0,0,,,,,1,il-sbe,2026-09-21T03:19:32+00:00
2026,IL,17019,Champaign County,2026-09-22,42,0,,0,0,,,,,1,il-sbe,2026-09-22T00:36:05+00:00
2026,IL,17019,Champaign County,2026-09-23,41,0,,0,0,,,,,1,il-sbe,2026-09-23T04:34:26+00:00
2026,IL,17019,Champaign County,2026-09-24,40,0,,0,0,,,,,1,il-sbe,2026-09-24T00:14:04+00:00
2026,IL,17019,Champaign County,2026-09-25,39,103,,0,103,,,,,1,il-sbe,2026-09-25T19:49:30+00:00
2026,IL,17019,Champaign County,2026-09-26,38,103,,0,103,,,,,1,il-sbe,2026-09-26T03:32:01+00:00
2026,IL,17019,Champaign County,2026-09-27,37,103,,0,103,,,,,1,il-sbe,2026-09-27T03:40:10+00:00
2026,IL,17019,Champaign County,2026-09-28,36,195,,0,195,,,,,1,il-sbe,2026-09-28T17:43:15+00:00
2026,IL,17019,Champaign County,2026-09-29,35,195,,0,195,,,,,1,il-sbe,2026-09-29T07:53:29+00:00
2026,IL,17019,Champaign County,2026-09-30,34,609,,195,414,,,,,1,il-sbe,2026-09-30T20:32:53+00:00
2026,IL,17019,Champaign County,2026-10-01,33,609,,195,414,,,,,1,il-sbe,2026-10-01T01:04:09+00:00
2026,IL,17021,Christian County,2026-09-06,58,0,,0,0,,,,,1,il-sbe,2026-09-06T23:28:30+00:00
2026,IL,17021,Christian County,2026-09-07,57,0,,0,0,,,,,1,il-sbe,2026-09-07T00:37:54+00:00
2026,IL,17021,Christian County,2026-09-08,56,0,,0,0,,,,,1,il-sbe,2026-09-08T03:03:27+00:00
2026,IL,17021,Christian County,2026-09-09,55,0,,0,0,,,,,1,il-sbe,2026-09-09T03:04:22+00:00
2026,IL,17021,Christian County,2026-09-10,54,0,,0,0,,,,,1,il-sbe,2026-09-10T03:04:52+00:00
2026,IL,17021,Christian County,2026-09-11,53,0,,0,0,,,,,1,il-sbe,2026-09-11T02:59:47+00:00
2026,IL,17021,Christian County,2026-09-12,52,0,,0,0,,,,,1,il-sbe,2026-09-12T03:07:19+00:00
2026,IL,17021,Christian County,2026-09-13,51,0,,0,0,,,,,1,il-sbe,2026-09-13T03:09:07+00:00
2026,IL,17021,Christian County,2026-09-14,50,0,,0,0,,,,,1,il-sbe,2026-09-14T09:34:07+00:00
2026,IL,17021,Christian County,2026-09-15,49,0,,0,0,,,,,1,il-sbe,2026-09-15T00:16:59+00:00
2026,IL,17021,Christian County,2026-09-16,48,0,,0,0,,,,,1,il-sbe,2026-09-16T04:08:21+00:00
2026,IL,17021,Christian County,2026-09-17,47,0,,0,0,,,,,1,il-sbe,2026-09-17T00:04:51+00:00
2026,IL,17021,Christian County,2026-09-18,46,0,,0,0,,,,,1,il-sbe,2026-09-18T03:11:45+00:00
2026,IL,17021,Christian County,2026-09-19,45,0,,0,0,,,,,1,il-sbe,2026-09-19T03:08:06+00:00
2026,IL,17021,Christian County,2026-09-20,44,0,,0,0,,,,,1,il-sbe,2026-09-20T03:24:25+00:00
2026,IL,17021,Christian County,2026-09-21,43,0,,0,0,,,,,1,il-sbe,2026-09-21T03:19:32+00:00
2026,IL,17021,Christian County,2026-09-22,42,0,,0,0,,,,,1,il-sbe,2026-09-22T00:36:05+00:00
2026,IL,17021,Christian County,2026-09-23,41,0,,0,0,,,,,1,il-sbe,2026-09-23T04:34:26+00:00
2026,IL,17021,Christian County,2026-09-24,40,0,,0,0,,,,,1,il-sbe,2026-09-24T00:14:04+00:00
2026,IL,17021,Christian County,2026-09-25,39,30,,0,30,,,,,1,il-sbe,2026-09-25T19:49:30+00:00
2026,IL,17021,Christian County,2026-09-26,38,30,,0,30,,,,,1,il-sbe,2026-09-26T03:32:01+00:00
2026,IL,17021,Christian County,2026-09-27,37,30,,0,30,,,,,1,il-sbe,2026-09-27T03:40:10+00:00
2026,IL,17021,Christian County,2026-09-28,36,62,,0,62,,,,,1,il-sbe,2026-09-28T17:43:15+00:00
2026,IL,17021,Christian County,2026-09-29,35,62,,0,62,,,,,1,il-sbe,2026-09-29T07:53:29+00:00
2026,IL,17021,Christian County,2026-09-30,34,127,,17,110,,,,,1,il-sbe,2026-09-30T20:32:53+00:00
2026,IL,17021,Christian County,2026-10-01,33,127,,17,110,,,,,1,il-sbe,2026-10-01T01:04:09+00:00
2026,IL,17023,Clark County,2026-09-06,58,0,,0,0,,,,,1,il-sbe,2026-09-06T23:28:30+00:00
2026,IL,17023,Clark County,2026-09-07,57,0,,0,0,,,,,1,il-sbe,2026-09-07T00:37:54+00:00
2026,IL,17023,Clark County,2026-09-08,56,0,,0,0,,,,,1,il-sbe,2026-09-08T03:03:27+00:00
2026,IL,17023,Clark County,2026-09-09,55,0,,0,0,,,,,1,il-sbe,2026-09-09T03:04:22+00:00
2026,IL,17023,Clark County,2026-09-10,54,0,,0,0,,,,,1,il-sbe,2026-09-10T03:04:52+00:00
2026,IL,17023,Clark County,2026-09-11,53,0,,0,0,,,,,1,il-sbe,2026-09-11T02:59:47+00:00
2026,IL,17023,Clark County,2026-09-12,52,0,,0,0,,,,,1,il-sbe,2026-09-12T03:07:19+00:00
2026,IL,17023,Clark County,2026-09-13,51,0,,0,0,,,,,1,il-sbe,2026-09-13T03:09:07+00:00
2026,IL,17023,Clark County,2026-09-14,50,0,,0,0,,,,,1,il-sbe,2026-09-14T09:34:07+00:00
2026,IL,17023,Clark County,2026-09-15,49,0,,0,0,,,,,1,il-sbe,2026-09-15T00:16:59+00:00
2026,IL,17023,Clark County,2026-09-16,48,0,,0,0,,,,,1,il-sbe,2026-09-16T04:08:21+00:00
2026,IL,17023,Clark County,2026-09-17,47,0,,0,0,,,,,1,il-sbe,2026-09-17T00:04:51+00:00
2026,IL,17023,Clark County,2026-09-18,46,0,,0,0,,,,,1,il-sbe,2026-09-18T03:11:45+00:00
2026,IL,17023,Clark County,2026-09-19,45,0,,0,0,,,,,1,il-sbe,2026-09-19T03:08:06+00:00
2026,IL,17023,Clark County,2026-09-20,44,0,,0,0,,,,,1,il-sbe,2026-09-20T03:24:25+00:00
2026,IL,17023,Clark County,2026-09-21,43,0,,0,0,,,,,1,il-sbe,2026-09-21T03:19:32+00:00
2026,IL,17023,Clark County,2026-09-22,42,0,,0,0,,,,,1,il-sbe,2026-09-22T00:36:05+00:00
2026,IL,17023,Clark County,2026-09-23,41,0,,0,0,,,,,1,il-sbe,2026-09-23T04:34:26+00:00
2026,IL,17023,Clark County,2026-09-24,40,0,,0,0,,,,,1,il-sbe,2026-09-24T00:14:04+00:00
2026,IL,17023,Clark County,2026-09-25,39,8,,0,8,,,,,1,il-sbe,2026-09-25T19:49:30+00:00
2026,IL,17023,Clark County,2026-09-26,38,8,,0,8,,,,,1,il-sbe,2026-09-26T03:32:01+00:00
2026,IL,17023,Clark County,2026-09-27,37,8,,0,8,,,,,1,il-sbe,2026-09-27T03:40:10+00:00
2026,IL,17023,Clark County,2026-09-28,36,22,,0,22,,,,,1,il-sbe,2026-09-28T17:43:15+00:00
2026,IL,17023,Clark County,2026-09-29,35,22,,0,22,,,,,1,il-sbe,2026-09-29T07:53:29+00:00
2026,IL,17023,Clark County,2026-09-30,34,97,,15,82,,,,,1,il-sbe,2026-09-30T20:32:53+00:00
2026,IL,17023,Clark County,2026-10-01,33,97,,15,82,,,,,1,il-sbe,2026-10-01T01:04:09+00:00
2026,IL,17025,Clay County,2026-09-06,58,0,,0,0,,,,,1,il-sbe,2026-09-06T23:28:30+00:00
2026,IL,17025,Clay County,2026-09-07,57,0,,0,0,,,,,1,il-sbe,2026-09-07T00:37:54+00:00
2026,IL,17025,Clay County,2026-09-08,56,0,,0,0,,,,,1,il-sbe,2026-09-08T03:03:27+00:00
2026,IL,17025,Clay County,2026-09-09,55,0,,0,0,,,,,1,il-sbe,2026-09-09T03:04:22+00:00
2026,IL,17025,Clay County,2026-09-10,54,0,,0,0,,,,,1,il-sbe,2026-09-10T03:04:52+00:00
2026,IL,17025,Clay County,2026-09-11,53,0,,0,0,,,,,1,il-sbe,2026-09-11T02:59:47+00:00
2026,IL,17025,Clay County,2026-09-12,52,0,,0,0,,,,,1,il-sbe,2026-09-12T03:07:19+00:00
2026,IL,17025,Clay County,2026-09-13,51,0,,0,0,,,,,1,il-sbe,2026-09-13T03:09:07+00:00
2026,IL,17025,Clay County,2026-09-14,50,0,,0,0,,,,,1,il-sbe,2026-09-14T09:34:07+00:00
2026,IL,17025,Clay County,2026-09-15,49,0,,0,0,,,,,1,il-sbe,2026-09-15T00:16:59+00:00
2026,IL,17025,Clay County,2026-09-16,48,0,,0,0,,,,,1,il-sbe,2026-09-16T04:08:21+00:00
2026,IL,17025,Clay County,2026-09-17,47,0,,0,0,,,,,1,il-sbe,2026-09-17T00:04:51+00:00
2026,IL,17025,Clay County,2026-09-18,46,0,,0,0,,,,,1,il-sbe,2026-09-18T03:11:45+00:00
2026,IL,17025,Clay County,2026-09-19,45,0,,0,0,,,,,1,il-sbe,2026-09-19T03:08:06+00:00
2026,IL,17025,Clay County,2026-09-20,44,0,,0,0,,,,,1,il-sbe,2026-09-20T03:24:25+00:00
2026,IL,17025,Clay County,2026-09-21,43,0,,0,0,,,,,1,il-sbe,2026-09-21T03:19:32+00:00
2026,IL,17025,Clay County,2026-09-22,42,0,,0,0,,,,,1,il-sbe,2026-09-22T00:36:05+00:00
2026,IL,17025,Clay County,2026-09-23,41,0,,0,0,,,,,1,il-sbe,2026-09-23T04:34:26+00:00
2026,IL,17025,Clay County,2026-09-24,40,0,,0,0,,,,,1,il-sbe,2026-09-24T00:14:04+00:00
2026,IL,17025,Clay County,2026-09-25,39,10,,0,10,,,,,1,il-sbe,2026-09-25T19:49:30+00:00
2026,IL,17025,Clay County,2026-09-26,38,10,,0,10,,,,,1,il-sbe,2026-09-26T03:32:01+00:00
2026,IL,17025,Clay County,2026-09-27,37,10,,0,10,,,,,1,il-sbe,2026-09-27T03:40:10+00:00
2026,IL,17025,Clay County,2026-09-28,36,17,,0,17,,,,,1,il-sbe,2026-09-28T17:43:15+00:00
2026,IL,17025,Clay County,2026-09-29,35,17,,0,17,,,,,1,il-sbe,2026-09-29T07:53:29+00:00
2026,IL,17025,Clay County,2026-09-30,34,58,,20,38,,,,,1,il-sbe,2026-09-30T20:32:53+00:00
2026,IL,17025,Clay County,2026-10-01,33,58,,20,38,,,,,1,il-sbe,2026-10-01T01:04:09+00:00
2026,IL,17027,Clinton County,2026-09-06,58,0,,0,0,,,,,1,il-sbe,2026-09-06T23:28:30+00:00
2026,IL,17027,Clinton County,2026-09-07,57,0,,0,0,,,,,1,il-sbe,2026-09-07T00:37:54+00:00
2026,IL,17027,Clinton County,2026-09-08,56,0,,0,0,,,,,1,il-sbe,2026-09-08T03:03:27+00:00
2026,IL,17027,Clinton County,2026-09-09,55,0,,0,0,,,,,1,il-sbe,2026-09-09T03:04:22+00:00
2026,IL,17027,Clinton County,2026-09-10,54,0,,0,0,,,,,1,il-sbe,2026-09-10T03:04:52+00:00
2026,IL,17027,Clinton County,2026-09-11,53,0,,0,0,,,,,1,il-sbe,2026-09-11T02:59:47+00:00
2026,IL,17027,Clinton County,2026-09-12,52,0,,0,0,,,,,1,il-sbe,2026-09-12T03:07:19+00:00
2026,IL,17027,Clinton County,2026-09-13,51,0,,0,0,,,,,1,il-sbe,2026-09-13T03:09:07+00:00
2026,IL,17027,Clinton County,2026-09-14,50,0,,0,0,,,,,1,il-sbe,2026-09-14T09:34:07+00:00
2026,IL,17027,Clinton County,2026-09-15,49,0,,0,0,,,,,1,il-sbe,2026-09-15T00:16:59+00:00
2026,IL,17027,Clinton County,2026-09-16,48,0,,0,0,,,,,1,il-sbe,2026-09-16T04:08:21+00:00
2026,IL,17027,Clinton County,2026-09-17,47,0,,0,0,,,,,1,il-sbe,2026-09-17T00:04:51+00:00
2026,IL,17027,Clinton County,2026-09-18,46,0,,0,0,,,,,1,il-sbe,2026-09-18T03:11:45+00:00
2026,IL,17027,Clinton County,2026-09-19,45,0,,0,0,,,,,1,il-sbe,2026-09-19T03:08:06+00:00
2026,IL,17027,Clinton County,2026-09-20,44,0,,0,0,,,,,1,il-sbe,2026-09-20T03:24:25+00:00
2026,IL,17027,Clinton County,2026-09-21,43,0,,0,0,,,,,1,il-sbe,2026-09-21T03:19:32+00:00
2026,IL,17027,Clinton County,2026-09-22,42,0,,0,0,,,,,1,il-sbe,2026-09-22T00:36:05+00:00
2026,IL,17027,Clinton County,2026-09-23,41,0,,0,0,,,,,1,il-sbe,2026-09-23T04:34:26+00:00
2026,IL,17027,Clinton County,2026-09-24,40,0,,0,0,,,,,1,il-sbe,2026-09-24T00:14:04+00:00
2026,IL,17027,Clinton County,2026-09-25,39,10,,1,9,,,,,1,il-sbe,2026-09-25T19:49:30+00:00
2026,IL,17027,Clinton County,2026-09-26,38,10,,1,9,,,,,1,il-sbe,2026-09-26T03:32:01+00:00
2026,IL,17027,Clinton County,2026-09-27,37,10,,1,9,,,,,1,il-sbe,2026-09-27T03:40:10+00:00
2026,IL,17027,Clinton County,2026-09-28,36,21,,1,20,,,,,1,il-sbe,2026-09-28T17:43:15+00:00
2026,IL,17027,Clinton County,2026-09-29,35,21,,1,20,,,,,1,il-sbe,2026-09-29T07:53:29+00:00
2026,IL,17027,Clinton County,2026-09-30,34,52,,1,51,,,,,1,il-sbe,2026-09-30T20:32:53+00:00
2026,IL,17027,Clinton County,2026-10-01,33,52,,1,51,,,,,1,il-sbe,2026-10-01T01:04:09+00:00
2026,IL,17029,Coles County,2026-09-06,58,0,,0,0,,,,,1,il-sbe,2026-09-06T23:28:30+00:00
2026,IL,17029,Coles County,2026-09-07,57,0,,0,0,,,,,1,il-sbe,2026-09-07T00:37:54+00:00
2026,IL,17029,Coles County,2026-09-08,56,0,,0,0,,,,,1,il-sbe,2026-09-08T03:03:27+00:00
2026,IL,17029,Coles County,2026-09-09,55,0,,0,0,,,,,1,il-sbe,2026-09-09T03:04:22+00:00
2026,IL,17029,Coles County,2026-09-10,54,0,,0,0,,,,,1,il-sbe,2026-09-10T03:04:52+00:00
2026,IL,17029,Coles County,2026-09-11,53,0,,0,0,,,,,1,il-sbe,2026-09-11T02:59:47+00:00
2026,IL,17029,Coles County,2026-09-12,52,0,,0,0,,,,,1,il-sbe,2026-09-12T03:07:19+00:00
2026,IL,17029,Coles County,2026-09-13,51,0,,0,0,,,,,1,il-sbe,2026-09-13T03:09:07+00:00
2026,IL,17029,Coles County,2026-09-14,50,0,,0,0,,,,,1,il-sbe,2026-09-14T09:34:07+00:00
2026,IL,17029,Coles County,2026-09-15,49,0,,0,0,,,,,1,il-sbe,2026-09-15T00:16:59+00:00
2026,IL,17029,Coles County,2026-09-16,48,0,,0,0,,,,,1,il-sbe,2026-09-16T04:08:21+00:00
2026,IL,17029,Coles County,2026-09-17,47,0,,0,0,,,,,1,il-sbe,2026-09-17T00:04:51+00:00
2026,IL,17029,Coles County,2026-09-18,46,0,,0,0,,,,,1,il-sbe,2026-09-18T03:11:45+00:00
2026,IL,17029,Coles County,2026-09-19,45,0,,0,0,,,,,1,il-sbe,2026-09-19T03:08:06+00:00
2026,IL,17029,Coles County,2026-09-20,44,0,,0,0,,,,,1,il-sbe,2026-09-20T03:24:25+00:00
2026,IL,17029,Coles County,2026-09-21,43,0,,0,0,,,,,1,il-sbe,2026-09-21T03:19:32+00:00
2026,IL,17029,Coles County,2026-09-22,42,0,,0,0,,,,,1,il-sbe,2026-09-22T00:36:05+00:00
2026,IL,17029,Coles County,2026-09-23,41,0,,0,0,,,,,1,il-sbe,2026-09-23T04:34:26+00:00
2026,IL,17029,Coles County,2026-09-24,40,0,,0,0,,,,,1,il-sbe,2026-09-24T00:14:04+00:00
2026,IL,17029,Coles County,2026-09-25,39,92,,0,92,,,,,1,il-sbe,2026-09-25T19:49:30+00:00
2026,IL,17029,Coles County,2026-09-26,38,92,,0,92,,,,,1,il-sbe,2026-09-26T03:32:01+00:00
2026,IL,17029,Coles County,2026-09-27,37,92,,0,92,,,,,1,il-sbe,2026-09-27T03:40:10+00:00
2026,IL,17029,Coles County,2026-09-28,36,176,,0,176,,,,,1,il-sbe,2026-09-28T17:43:15+00:00
2026,IL,17029,Coles County,2026-09-29,35,176,,0,176,,,,,1,il-sbe,2026-09-29T07:53:29+00:00
2026,IL,17029,Coles County,2026-09-30,34,329,,4,325,,,,,1,il-sbe,2026-09-30T20:32:53+00:00
2026,IL,17029,Coles County,2026-10-01,33,329,,4,325,,,,,1,il-sbe,2026-10-01T01:04:09+00:00
2026,IL,17031,Cook County,2026-09-06,58,0,,0,0,,,,,1,il-sbe,2026-09-06T23:28:30+00:00
2026,IL,17031,Cook County,2026-09-07,57,0,,0,0,,,,,1,il-sbe,2026-09-07T00:37:54+00:00
2026,IL,17031,Cook County,2026-09-08,56,0,,0,0,,,,,1,il-sbe,2026-09-08T03:03:27+00:00
2026,IL,17031,Cook County,2026-09-09,55,0,,0,0,,,,,1,il-sbe,2026-09-09T03:04:22+00:00
2026,IL,17031,Cook County,2026-09-10,54,0,,0,0,,,,,1,il-sbe,2026-09-10T03:04:52+00:00
2026,IL,17031,Cook County,2026-09-11,53,0,,0,0,,,,,1,il-sbe,2026-09-11T02:59:47+00:00
2026,IL,17031,Cook County,2026-09-12,52,0,,0,0,,,,,1,il-sbe,2026-09-12T03:07:19+00:00
2026,IL,17031,Cook County,2026-09-13,51,0,,0,0,,,,,1,il-sbe,2026-09-13T03:09:07+00:00
2026,IL,17031,Cook County,2026-09-14,50,0,,0,0,,,,,1,il-sbe,2026-09-14T09:34:07+00:00
2026,IL,17031,Cook County,2026-09-15,49,0,,0,0,,,,,1,il-sbe,2026-09-15T00:16:59+00:00
2026,IL,17031,Cook County,2026-09-16,48,0,,0,0,,,,,1,il-sbe,2026-09-16T04:08:21+00:00
2026,IL,17031,Cook County,2026-09-17,47,0,,0,0,,,,,1,il-sbe,2026-09-17T00:04:51+00:00
2026,IL,17031,Cook County,2026-09-18,46,0,,0,0,,,,,1,il-sbe,2026-09-18T03:11:45+00:00
2026,IL,17031,Cook County,2026-09-19,45,0,,0,0,,,,,1,il-sbe,2026-09-19T03:08:06+00:00
2026,IL,17031,Cook County,2026-09-20,44,0,,0,0,,,,,1,il-sbe,2026-09-20T03:24:25+00:00
2026,IL,17031,Cook County,2026-09-21,43,0,,0,0,,,,,1,il-sbe,2026-09-21T03:19:32+00:00
2026,IL,17031,Cook County,2026-09-22,42,0,,0,0,,,,,1,il-sbe,2026-09-22T00:36:05+00:00
2026,IL,17031,Cook County,2026-09-23,41,0,,0,0,,,,,1,il-sbe,2026-09-23T04:34:26+00:00
2026,IL,17031,Cook County,2026-09-24,40,0,,0,0,,,,,1,il-sbe,2026-09-24T00:14:04+00:00
2026,IL,17031,Cook County,2026-09-25,39,0,,0,0,,,,,1,il-sbe,2026-09-25T03:26:04+00:00
2026,IL,17031,Cook County,2026-09-26,38,0,,0,0,,,,,1,il-sbe,2026-09-26T03:32:01+00:00
2026,IL,17031,Cook County,2026-09-27,37,0,,0,0,,,,,1,il-sbe,2026-09-27T03:40:10+00:00
2026,IL,17031,Cook County,2026-09-28,36,0,,0,0,,,,,1,il-sbe,2026-09-28T03:39:02+00:00
2026,IL,17031,Cook County,2026-09-29,35,0,,0,0,,,,,1,il-sbe,2026-09-29T07:53:29+00:00
2026,IL,17031,Cook County,2026-09-30,34,51,,48,3,,,,,1,il-sbe,2026-09-30T20:32:53+00:00
2026,IL,17031,Cook County,2026-10-01,33,51,,48,3,,,,,1,il-sbe,2026-10-01T01:04:09+00:00
2026,IL,17033,Crawford County,2026-09-06,58,0,,0,0,,,,,1,il-sbe,2026-09-06T23:28:30+00:00
2026,IL,17033,Crawford County,2026-09-07,57,0,,0,0,,,,,1,il-sbe,2026-09-07T00:37:54+00:00
2026,IL,17033,Crawford County,2026-09-08,56,0,,0,0,,,,,1,il-sbe,2026-09-08T03:03:27+00:00
2026,IL,17033,Crawford County,2026-09-09,55,0,,0,0,,,,,1,il-sbe,2026-09-09T03:04:22+00:00
2026,IL,17033,Crawford County,2026-09-10,54,0,,0,0,,,,,1,il-sbe,2026-09-10T03:04:52+00:00
2026,IL,17033,Crawford County,2026-09-11,53,0,,0,0,,,,,1,il-sbe,2026-09-11T02:59:47+00:00
2026,IL,17033,Crawford County,2026-09-12,52,0,,0,0,,,,,1,il-sbe,2026-09-12T03:07:19+00:00
2026,IL,17033,Crawford County,2026-09-13,51,0,,0,0,,,,,1,il-sbe,2026-09-13T03:09:07+00:00
2026,IL,17033,Crawford County,2026-09-14,50,0,,0,0,,,,,1,il-sbe,2026-09-14T09:34:07+00:00
2026,IL,17033,Crawford County,2026-09-15,49,0,,0,0,,,,,1,il-sbe,2026-09-15T00:16:59+00:00
2026,IL,17033,Crawford County,2026-09-16,48,0,,0,0,,,,,1,il-sbe,2026-09-16T04:08:21+00:00
2026,IL,17033,Crawford County,2026-09-17,47,0,,0,0,,,,,1,il-sbe,2026-09-17T00:04:51+00:00
2026,IL,17033,Crawford County,2026-09-18,46,0,,0,0,,,,,1,il-sbe,2026-09-18T03:11:45+00:00
2026,IL,17033,Crawford County,2026-09-19,45,0,,0,0,,,,,1,il-sbe,2026-09-19T03:08:06+00:00
2026,IL,17033,Crawford County,2026-09-20,44,0,,0,0,,,,,1,il-sbe,2026-09-20T03:24:25+00:00
2026,IL,17033,Crawford County,2026-09-21,43,0,,0,0,,,,,1,il-sbe,2026-09-21T03:19:32+00:00
2026,IL,17033,Crawford County,2026-09-22,42,0,,0,0,,,,,1,il-sbe,2026-09-22T00:36:05+00:00
2026,IL,17033,Crawford County,2026-09-23,41,0,,0,0,,,,,1,il-sbe,2026-09-23T04:34:26+00:00
2026,IL,17033,Crawford County,2026-09-24,40,0,,0,0,,,,,1,il-sbe,2026-09-24T00:14:04+00:00
2026,IL,17033,Crawford County,2026-09-25,39,15,,0,15,,,,,1,il-sbe,2026-09-25T19:49:30+00:00
2026,IL,17033,Crawford County,2026-09-26,38,15,,0,15,,,,,1,il-sbe,2026-09-26T03:32:01+00:00
2026,IL,17033,Crawford County,2026-09-27,37,15,,0,15,,,,,1,il-sbe,2026-09-27T03:40:10+00:00
2026,IL,17033,Crawford County,2026-09-28,36,39,,0,39,,,,,1,il-sbe,2026-09-28T17:43:15+00:00
2026,IL,17033,Crawford County,2026-09-29,35,39,,0,39,,,,,1,il-sbe,2026-09-29T07:53:29+00:00
2026,IL,17033,Crawford County,2026-09-30,34,75,,14,61,,,,,1,il-sbe,2026-09-30T20:32:53+00:00
2026,IL,17033,Crawford County,2026-10-01,33,75,,14,61,,,,,1,il-sbe,2026-10-01T01:04:09+00:00
2026,IL,17035,Cumberland County,2026-09-06,58,0,,0,0,,,,,1,il-sbe,2026-09-06T23:28:30+00:00
2026,IL,17035,Cumberland County,2026-09-07,57,0,,0,0,,,,,1,il-sbe,2026-09-07T00:37:54+00:00
2026,IL,17035,Cumberland County,2026-09-08,56,0,,0,0,,,,,1,il-sbe,2026-09-08T03:03:27+00:00
2026,IL,17035,Cumberland County,2026-09-09,55,0,,0,0,,,,,1,il-sbe,2026-09-09T03:04:22+00:00
2026,IL,17035,Cumberland County,2026-09-10,54,0,,0,0,,,,,1,il-sbe,2026-09-10T03:04:52+00:00
2026,IL,17035,Cumberland County,2026-09-11,53,0,,0,0,,,,,1,il-sbe,2026-09-11T02:59:47+00:00
2026,IL,17035,Cumberland County,2026-09-12,52,0,,0,0,,,,,1,il-sbe,2026-09-12T03:07:19+00:00
2026,IL,17035,Cumberland County,2026-09-13,51,0,,0,0,,,,,1,il-sbe,2026-09-13T03:09:07+00:00
2026,IL,17035,Cumberland County,2026-09-14,50,0,,0,0,,,,,1,il-sbe,2026-09-14T09:34:07+00:00
2026,IL,17035,Cumberland County,2026-09-15,49,0,,0,0,,,,,1,il-sbe,2026-09-15T00:16:59+00:00
2026,IL,17035,Cumberland County,2026-09-16,48,0,,0,0,,,,,1,il-sbe,2026-09-16T04:08:21+00:00
2026,IL,17035,Cumberland County,2026-09-17,47,0,,0,0,,,,,1,il-sbe,2026-09-17T00:04:51+00:00
2026,IL,17035,Cumberland County,2026-09-18,46,0,,0,0,,,,,1,il-sbe,2026-09-18T03:11:45+00:00
2026,IL,17035,Cumberland County,2026-09-19,45,0,,0,0,,,,,1,il-sbe,2026-09-19T03:08:06+00:00
2026,IL,17035,Cumberland County,2026-09-20,44,0,,0,0,,,,,1,il-sbe,2026-09-20T03:24:25+00:00
2026,IL,17035,Cumberland County,2026-09-21,43,0,,0,0,,,,,1,il-sbe,2026-09-21T03:19:32+00:00
2026,IL,17035,Cumberland County,2026-09-22,42,0,,0,0,,,,,1,il-sbe,2026-09-22T00:36:05+00:00
2026,IL,17035,Cumberland County,2026-09-23,41,0,,0,0,,,,,1,il-sbe,2026-09-23T04:34:26+00:00
2026,IL,17035,Cumberland County,2026-09-24,40,0,,0,0,,,,,1,il-sbe,2026-09-24T00:14:04+00:00
2026,IL,17035,Cumberland County,2026-09-25,39,10,,5,5,,,,,1,il-sbe,2026-09-25T19:49:30+00:00
2026,IL,17035,Cumberland County,2026-09-26,38,10,,5,5,,,,,1,il-sbe,2026-09-26T03:32:01+00:00
2026,IL,17035,Cumberland County,2026-09-27,37,10,,5,5,,,,,1,il-sbe,2026-09-27T03:40:10+00:00
2026,IL,17035,Cumberland County,2026-09-28,36,30,,15,15,,,,,1,il-sbe,2026-09-28T17:43:15+00:00
2026,IL,17035,Cumberland County,2026-09-29,35,30,,15,15,,,,,1,il-sbe,2026-09-29T07:53:29+00:00
2026,IL,17035,Cumberland County,2026-09-30,34,68,,35,33,,,,,1,il-sbe,2026-09-30T20:32:53+00:00
2026,IL,17035,Cumberland County,2026-10-01,33,68,,35,33,,,,,1,il-sbe,2026-10-01T01:04:09+00:00
2026,IL,17037,DeKalb County,2026-09-06,58,0,,0,0,,,,,1,il-sbe,2026-09-06T23:28:30+00:00
2026,IL,17037,DeKalb County,2026-09-07,57,0,,0,0,,,,,1,il-sbe,2026-09-07T00:37:54+00:00
2026,IL,17037,DeKalb County,2026-09-08,56,0,,0,0,,,,,1,il-sbe,2026-09-08T03:03:27+00:00
2026,IL,17037,DeKalb County,2026-09-09,55,0,,0,0,,,,,1,il-sbe,2026-09-09T03:04:22+00:00
2026,IL,17037,DeKalb County,2026-09-10,54,0,,0,0,,,,,1,il-sbe,2026-09-10T03:04:52+00:00
2026,IL,17037,DeKalb County,2026-09-11,53,0,,0,0,,,,,1,il-sbe,2026-09-11T02:59:47+00:00
2026,IL,17037,DeKalb County,2026-09-12,52,0,,0,0,,,,,1,il-sbe,2026-09-12T03:07:19+00:00
2026,IL,17037,DeKalb County,2026-09-13,51,0,,0,0,,,,,1,il-sbe,2026-09-13T03:09:07+00:00
2026,IL,17037,DeKalb County,2026-09-14,50,0,,0,0,,,,,1,il-sbe,2026-09-14T09:34:07+00:00
2026,IL,17037,DeKalb County,2026-09-15,49,0,,0,0,,,,,1,il-sbe,2026-09-15T00:16:59+00:00
2026,IL,17037,DeKalb County,2026-09-16,48,0,,0,0,,,,,1,il-sbe,2026-09-16T04:08:21+00:00
2026,IL,17037,DeKalb County,2026-09-17,47,0,,0,0,,,,,1,il-sbe,2026-09-17T00:04:51+00:00
2026,IL,17037,DeKalb County,2026-09-18,46,0,,0,0,,,,,1,il-sbe,2026-09-18T03:11:45+00:00
2026,IL,17037,DeKalb County,2026-09-19,45,0,,0,0,,,,,1,il-sbe,2026-09-19T03:08:06+00:00
2026,IL,17037,DeKalb County,2026-09-20,44,0,,0,0,,,,,1,il-sbe,2026-09-20T03:24:25+00:00
2026,IL,17037,DeKalb County,2026-09-21,43,0,,0,0,,,,,1,il-sbe,2026-09-21T03:19:32+00:00
2026,IL,17037,DeKalb County,2026-09-22,42,0,,0,0,,,,,1,il-sbe,2026-09-22T00:36:05+00:00
2026,IL,17037,DeKalb County,2026-09-23,41,0,,0,0,,,,,1,il-sbe,2026-09-23T04:34:26+00:00
2026,IL,17037,DeKalb County,2026-09-24,40,0,,0,0,,,,,1,il-sbe,2026-09-24T00:14:04+00:00
2026,IL,17037,DeKalb County,2026-09-25,39,0,,0,0,,,,,1,il-sbe,2026-09-25T03:26:04+00:00
2026,IL,17037,DeKalb County,2026-09-26,38,0,,0,0,,,,,1,il-sbe,2026-09-26T03:32:01+00:00
2026,IL,17037,DeKalb County,2026-09-27,37,0,,0,0,,,,,1,il-sbe,2026-09-27T03:40:10+00:00
2026,IL,17037,DeKalb County,2026-09-28,36,308,,0,308,,,,,1,il-sbe,2026-09-28T17:43:15+00:00
2026,IL,17037,DeKalb County,2026-09-29,35,308,,0,308,,,,,1,il-sbe,2026-09-29T07:53:29+00:00
2026,IL,17037,DeKalb County,2026-09-30,34,580,,60,520,,,,,1,il-sbe,2026-09-30T20:32:53+00:00
2026,IL,17037,DeKalb County,2026-10-01,33,580,,60,520,,,,,1,il-sbe,2026-10-01T01:04:09+00:00
2026,IL,17039,De Witt County,2026-09-06,58,0,,0,0,,,,,1,il-sbe,2026-09-06T23:28:30+00:00
2026,IL,17039,De Witt County,2026-09-07,57,0,,0,0,,,,,1,il-sbe,2026-09-07T00:37:54+00:00
2026,IL,17039,De Witt County,2026-09-08,56,0,,0,0,,,,,1,il-sbe,2026-09-08T03:03:27+00:00
2026,IL,17039,De Witt County,2026-09-09,55,0,,0,0,,,,,1,il-sbe,2026-09-09T03:04:22+00:00
2026,IL,17039,De Witt County,2026-09-10,54,0,,0,0,,,,,1,il-sbe,2026-09-10T03:04:52+00:00
2026,IL,17039,De Witt County,2026-09-11,53,0,,0,0,,,,,1,il-sbe,2026-09-11T02:59:47+00:00
2026,IL,17039,De Witt County,2026-09-12,52,0,,0,0,,,,,1,il-sbe,2026-09-12T03:07:19+00:00
2026,IL,17039,De Witt County,2026-09-13,51,0,,0,0,,,,,1,il-sbe,2026-09-13T03:09:07+00:00
2026,IL,17039,De Witt County,2026-09-14,50,0,,0,0,,,,,1,il-sbe,2026-09-14T09:34:07+00:00
2026,IL,17039,De Witt County,2026-09-15,49,0,,0,0,,,,,1,il-sbe,2026-09-15T00:16:59+00:00
2026,IL,17039,De Witt County,2026-09-16,48,0,,0,0,,,,,1,il-sbe,2026-09-16T04:08:21+00:00
2026,IL,17039,De Witt County,2026-09-17,47,0,,0,0,,,,,1,il-sbe,2026-09-17T00:04:51+00:00
2026,IL,17039,De Witt County,2026-09-18,46,0,,0,0,,,,,1,il-sbe,2026-09-18T03:11:45+00:00
2026,IL,17039,De Witt County,2026-09-19,45,0,,0,0,,,,,1,il-sbe,2026-09-19T03:08:06+00:00
2026,IL,17039,De Witt County,2026-09-20,44,0,,0,0,,,,,1,il-sbe,2026-09-20T03:24:25+00:00
2026,IL,17039,De Witt County,2026-09-21,43,0,,0,0,,,,,1,il-sbe,2026-09-21T03:19:32+00:00
2026,IL,17039,De Witt County,2026-09-22,42,0,,0,0,,,,,1,il-sbe,2026-09-22T00:36:05+00:00
2026,IL,17039,De Witt County,2026-09-23,41,0,,0,0,,,,,1,il-sbe,2026-09-23T04:34:26+00:00
2026,IL,17039,De Witt County,2026-09-24,40,0,,0,0,,,,,1,il-sbe,2026-09-24T00:14:04+00:00
2026,IL,17039,De Witt County,2026-09-25,39,9,,0,9,,,,,1,il-sbe,2026-09-25T19:49:30+00:00
2026,IL,17039,De Witt County,2026-09-26,38,9,,0,9,,,,,1,il-sbe,2026-09-26T03:32:01+00:00
2026,IL,17039,De Witt County,2026-09-27,37,9,,0,9,,,,,1,il-sbe,2026-09-27T03:40:10+00:00
2026,IL,17039,De Witt County,2026-09-28,36,20,,0,20,,,,,1,il-sbe,2026-09-28T17:43:15+00:00
2026,IL,17039,De Witt County,2026-09-29,35,20,,0,20,,,,,1,il-sbe,2026-09-29T07:53:29+00:00
2026,IL,17039,De Witt County,2026-09-30,34,50,,0,50,,,,,1,il-sbe,2026-09-30T20:32:53+00:00
2026,IL,17039,De Witt County,2026-10-01,33,50,,0,50,,,,,1,il-sbe,2026-10-01T01:04:09+00:00
2026,IL,17041,Douglas County,2026-09-06,58,0,,0,0,,,,,1,il-sbe,2026-09-06T23:28:30+00:00
2026,IL,17041,Douglas County,2026-09-07,57,0,,0,0,,,,,1,il-sbe,2026-09-07T00:37:54+00:00
2026,IL,17041,Douglas County,2026-09-08,56,0,,0,0,,,,,1,il-sbe,2026-09-08T03:03:27+00:00
2026,IL,17041,Douglas County,2026-09-09,55,0,,0,0,,,,,1,il-sbe,2026-09-09T03:04:22+00:00
2026,IL,17041,Douglas County,2026-09-10,54,0,,0,0,,,,,1,il-sbe,2026-09-10T03:04:52+00:00
2026,IL,17041,Douglas County,2026-09-11,53,0,,0,0,,,,,1,il-sbe,2026-09-11T02:59:47+00:00
2026,IL,17041,Douglas County,2026-09-12,52,0,,0,0,,,,,1,il-sbe,2026-09-12T03:07:19+00:00
2026,IL,17041,Douglas County,2026-09-13,51,0,,0,0,,,,,1,il-sbe,2026-09-13T03:09:07+00:00
2026,IL,17041,Douglas County,2026-09-14,50,0,,0,0,,,,,1,il-sbe,2026-09-14T09:34:07+00:00
2026,IL,17041,Douglas County,2026-09-15,49,0,,0,0,,,,,1,il-sbe,2026-09-15T00:16:59+00:00
2026,IL,17041,Douglas County,2026-09-16,48,0,,0,0,,,,,1,il-sbe,2026-09-16T04:08:21+00:00
2026,IL,17041,Douglas County,2026-09-17,47,0,,0,0,,,,,1,il-sbe,2026-09-17T00:04:51+00:00
2026,IL,17041,Douglas County,2026-09-18,46,0,,0,0,,,,,1,il-sbe,2026-09-18T03:11:45+00:00
2026,IL,17041,Douglas County,2026-09-19,45,0,,0,0,,,,,1,il-sbe,2026-09-19T03:08:06+00:00
2026,IL,17041,Douglas County,2026-09-20,44,0,,0,0,,,,,1,il-sbe,2026-09-20T03:24:25+00:00
2026,IL,17041,Douglas County,2026-09-21,43,0,,0,0,,,,,1,il-sbe,2026-09-21T03:19:32+00:00
2026,IL,17041,Douglas County,2026-09-22,42,0,,0,0,,,,,1,il-sbe,2026-09-22T00:36:05+00:00
2026,IL,17041,Douglas County,2026-09-23,41,0,,0,0,,,,,1,il-sbe,2026-09-23T04:34:26+00:00
2026,IL,17041,Douglas County,2026-09-24,40,0,,0,0,,,,,1,il-sbe,2026-09-24T00:14:04+00:00
2026,IL,17041,Douglas County,2026-09-25,39,15,,0,15,,,,,1,il-sbe,2026-09-25T19:49:30+00:00
2026,IL,17041,Douglas County,2026-09-26,38,15,,0,15,,,,,1,il-sbe,2026-09-26T03:32:01+00:00
2026,IL,17041,Douglas County,2026-09-27,37,15,,0,15,,,,,1,il-sbe,2026-09-27T03:40:10+00:00
2026,IL,17041,Douglas County,2026-09-28,36,22,,0,22,,,,,1,il-sbe,2026-09-28T17:43:15+00:00
2026,IL,17041,Douglas County,2026-09-29,35,22,,0,22,,,,,1,il-sbe,2026-09-29T07:53:29+00:00
2026,IL,17041,Douglas County,2026-09-30,34,85,,36,49,,,,,1,il-sbe,2026-09-30T20:32:53+00:00
2026,IL,17041,Douglas County,2026-10-01,33,85,,36,49,,,,,1,il-sbe,2026-10-01T01:04:09+00:00
2026,IL,17043,DuPage County,2026-09-06,58,0,,0,0,,,,,1,il-sbe,2026-09-06T23:28:30+00:00
2026,IL,17043,DuPage County,2026-09-07,57,0,,0,0,,,,,1,il-sbe,2026-09-07T00:37:54+00:00
2026,IL,17043,DuPage County,2026-09-08,56,0,,0,0,,,,,1,il-sbe,2026-09-08T03:03:27+00:00
2026,IL,17043,DuPage County,2026-09-09,55,0,,0,0,,,,,1,il-sbe,2026-09-09T03:04:22+00:00
2026,IL,17043,DuPage County,2026-09-10,54,0,,0,0,,,,,1,il-sbe,2026-09-10T03:04:52+00:00
2026,IL,17043,DuPage County,2026-09-11,53,0,,0,0,,,,,1,il-sbe,2026-09-11T02:59:47+00:00
2026,IL,17043,DuPage County,2026-09-12,52,0,,0,0,,,,,1,il-sbe,2026-09-12T03:07:19+00:00
2026,IL,17043,DuPage County,2026-09-13,51,0,,0,0,,,,,1,il-sbe,2026-09-13T03:09:07+00:00
2026,IL,17043,DuPage County,2026-09-14,50,0,,0,0,,,,,1,il-sbe,2026-09-14T09:34:07+00:00
2026,IL,17043,DuPage County,2026-09-15,49,0,,0,0,,,,,1,il-sbe,2026-09-15T00:16:59+00:00
2026,IL,17043,DuPage County,2026-09-16,48,0,,0,0,,,,,1,il-sbe,2026-09-16T04:08:21+00:00
2026,IL,17043,DuPage County,2026-09-17,47,0,,0,0,,,,,1,il-sbe,2026-09-17T00:04:51+00:00
2026,IL,17043,DuPage County,2026-09-18,46,0,,0,0,,,,,1,il-sbe,2026-09-18T03:11:45+00:00
2026,IL,17043,DuPage County,2026-09-19,45,0,,0,0,,,,,1,il-sbe,2026-09-19T03:08:06+00:00
2026,IL,17043,DuPage County,2026-09-20,44,0,,0,0,,,,,1,il-sbe,2026-09-20T03:24:25+00:00
2026,IL,17043,DuPage County,2026-09-21,43,0,,0,0,,,,,1,il-sbe,2026-09-21T03:19:32+00:00
2026,IL,17043,DuPage County,2026-09-22,42,0,,0,0,,,,,1,il-sbe,2026-09-22T00:36:05+00:00
2026,IL,17043,DuPage County,2026-09-23,41,0,,0,0,,,,,1,il-sbe,2026-09-23T04:34:26+00:00
2026,IL,17043,DuPage County,2026-09-24,40,0,,0,0,,,,,1,il-sbe,2026-09-24T00:14:04+00:00
2026,IL,17043,DuPage County,2026-09-25,39,21,,21,0,,,,,1,il-sbe,2026-09-25T19:49:30+00:00
2026,IL,17043,DuPage County,2026-09-26,38,21,,21,0,,,,,1,il-sbe,2026-09-26T03:32:01+00:00
2026,IL,17043,DuPage County,2026-09-27,37,21,,21,0,,,,,1,il-sbe,2026-09-27T03:40:10+00:00
2026,IL,17043,DuPage County,2026-09-28,36,706,,22,684,,,,,1,il-sbe,2026-09-28T17:43:15+00:00
2026,IL,17043,DuPage County,2026-09-29,35,706,,22,684,,,,,1,il-sbe,2026-09-29T07:53:29+00:00
2026,IL,17043,DuPage County,2026-09-30,34,1979,,22,1957,,,,,1,il-sbe,2026-09-30T20:32:53+00:00
2026,IL,17043,DuPage County,2026-10-01,33,1979,,22,1957,,,,,1,il-sbe,2026-10-01T01:04:09+00:00
2026,IL,17045,Edgar County,2026-09-06,58,0,,0,0,,,,,1,il-sbe,2026-09-06T23:28:30+00:00
2026,IL,17045,Edgar County,2026-09-07,57,0,,0,0,,,,,1,il-sbe,2026-09-07T00:37:54+00:00
2026,IL,17045,Edgar County,2026-09-08,56,0,,0,0,,,,,1,il-sbe,2026-09-08T03:03:27+00:00
2026,IL,17045,Edgar County,2026-09-09,55,0,,0,0,,,,,1,il-sbe,2026-09-09T03:04:22+00:00
2026,IL,17045,Edgar County,2026-09-10,54,0,,0,0,,,,,1,il-sbe,2026-09-10T03:04:52+00:00
2026,IL,17045,Edgar County,2026-09-11,53,0,,0,0,,,,,1,il-sbe,2026-09-11T02:59:47+00:00
2026,IL,17045,Edgar County,2026-09-12,52,0,,0,0,,,,,1,il-sbe,2026-09-12T03:07:19+00:00
2026,IL,17045,Edgar County,2026-09-13,51,0,,0,0,,,,,1,il-sbe,2026-09-13T03:09:07+00:00
2026,IL,17045,Edgar County,2026-09-14,50,0,,0,0,,,,,1,il-sbe,2026-09-14T09:34:07+00:00
2026,IL,17045,Edgar County,2026-09-15,49,0,,0,0,,,,,1,il-sbe,2026-09-15T00:16:59+00:00
2026,IL,17045,Edgar County,2026-09-16,48,0,,0,0,,,,,1,il-sbe,2026-09-16T04:08:21+00:00
2026,IL,17045,Edgar County,2026-09-17,47,0,,0,0,,,,,1,il-sbe,2026-09-17T00:04:51+00:00
2026,IL,17045,Edgar County,2026-09-18,46,0,,0,0,,,,,1,il-sbe,2026-09-18T03:11:45+00:00
2026,IL,17045,Edgar County,2026-09-19,45,0,,0,0,,,,,1,il-sbe,2026-09-19T03:08:06+00:00
2026,IL,17045,Edgar County,2026-09-20,44,0,,0,0,,,,,1,il-sbe,2026-09-20T03:24:25+00:00
2026,IL,17045,Edgar County,2026-09-21,43,0,,0,0,,,,,1,il-sbe,2026-09-21T03:19:32+00:00
2026,IL,17045,Edgar County,2026-09-22,42,0,,0,0,,,,,1,il-sbe,2026-09-22T00:36:05+00:00
2026,IL,17045,Edgar County,2026-09-23,41,0,,0,0,,,,,1,il-sbe,2026-09-23T04:34:26+00:00
2026,IL,17045,Edgar County,2026-09-24,40,0,,0,0,,,,,1,il-sbe,2026-09-24T00:14:04+00:00
2026,IL,17045,Edgar County,2026-09-25,39,6,,0,6,,,,,1,il-sbe,2026-09-25T19:49:30+00:00
2026,IL,17045,Edgar County,2026-09-26,38,6,,0,6,,,,,1,il-sbe,2026-09-26T03:32:01+00:00
2026,IL,17045,Edgar County,2026-09-27,37,6,,0,6,,,,,1,il-sbe,2026-09-27T03:40:10+00:00
2026,IL,17045,Edgar County,2026-09-28,36,18,,0,18,,,,,1,il-sbe,2026-09-28T17:43:15+00:00
2026,IL,17045,Edgar County,2026-09-29,35,18,,0,18,,,,,1,il-sbe,2026-09-29T07:53:29+00:00
2026,IL,17045,Edgar County,2026-09-30,34,107,,56,51,,,,,1,il-sbe,2026-09-30T20:32:53+00:00
2026,IL,17045,Edgar County,2026-10-01,33,107,,56,51,,,,,1,il-sbe,2026-10-01T01:04:09+00:00
2026,IL,17047,Edwards County,2026-09-06,58,0,,0,0,,,,,1,il-sbe,2026-09-06T23:28:30+00:00
2026,IL,17047,Edwards County,2026-09-07,57,0,,0,0,,,,,1,il-sbe,2026-09-07T00:37:54+00:00
2026,IL,17047,Edwards County,2026-09-08,56,0,,0,0,,,,,1,il-sbe,2026-09-08T03:03:27+00:00
2026,IL,17047,Edwards County,2026-09-09,55,0,,0,0,,,,,1,il-sbe,2026-09-09T03:04:22+00:00
2026,IL,17047,Edwards County,2026-09-10,54,0,,0,0,,,,,1,il-sbe,2026-09-10T03:04:52+00:00
2026,IL,17047,Edwards County,2026-09-11,53,0,,0,0,,,,,1,il-sbe,2026-09-11T02:59:47+00:00
2026,IL,17047,Edwards County,2026-09-12,52,0,,0,0,,,,,1,il-sbe,2026-09-12T03:07:19+00:00
2026,IL,17047,Edwards County,2026-09-13,51,0,,0,0,,,,,1,il-sbe,2026-09-13T03:09:07+00:00
2026,IL,17047,Edwards County,2026-09-14,50,0,,0,0,,,,,1,il-sbe,2026-09-14T09:34:07+00:00
2026,IL,17047,Edwards County,2026-09-15,49,0,,0,0,,,,,1,il-sbe,2026-09-15T00:16:59+00:00
2026,IL,17047,Edwards County,2026-09-16,48,0,,0,0,,,,,1,il-sbe,2026-09-16T04:08:21+00:00
2026,IL,17047,Edwards County,2026-09-17,47,0,,0,0,,,,,1,il-sbe,2026-09-17T00:04:51+00:00
2026,IL,17047,Edwards County,2026-09-18,46,0,,0,0,,,,,1,il-sbe,2026-09-18T03:11:45+00:00
2026,IL,17047,Edwards County,2026-09-19,45,0,,0,0,,,,,1,il-sbe,2026-09-19T03:08:06+00:00
2026,IL,17047,Edwards County,2026-09-20,44,0,,0,0,,,,,1,il-sbe,2026-09-20T03:24:25+00:00
2026,IL,17047,Edwards County,2026-09-21,43,0,,0,0,,,,,1,il-sbe,2026-09-21T03:19:32+00:00
2026,IL,17047,Edwards County,2026-09-22,42,0,,0,0,,,,,1,il-sbe,2026-09-22T00:36:05+00:00
2026,IL,17047,Edwards County,2026-09-23,41,0,,0,0,,,,,1,il-sbe,2026-09-23T04:34:26+00:00
2026,IL,17047,Edwards County,2026-09-24,40,0,,0,0,,,,,1,il-sbe,2026-09-24T00:14:04+00:00
2026,IL,17047,Edwards County,2026-09-25,39,12,,6,6,,,,,1,il-sbe,2026-09-25T19:49:30+00:00
2026,IL,17047,Edwards County,2026-09-26,38,12,,6,6,,,,,1,il-sbe,2026-09-26T03:32:01+00:00
2026,IL,17047,Edwards County,2026-09-27,37,12,,6,6,,,,,1,il-sbe,2026-09-27T03:40:10+00:00
2026,IL,17047,Edwards County,2026-09-28,36,24,,12,12,,,,,1,il-sbe,2026-09-28T17:43:15+00:00
2026,IL,17047,Edwards County,2026-09-29,35,24,,12,12,,,,,1,il-sbe,2026-09-29T07:53:29+00:00
2026,IL,17047,Edwards County,2026-09-30,34,63,,37,26,,,,,1,il-sbe,2026-09-30T20:32:53+00:00
2026,IL,17047,Edwards County,2026-10-01,33,63,,37,26,,,,,1,il-sbe,2026-10-01T01:04:09+00:00
2026,IL,17049,Effingham County,2026-09-06,58,0,,0,0,,,,,1,il-sbe,2026-09-06T23:28:30+00:00
2026,IL,17049,Effingham County,2026-09-07,57,0,,0,0,,,,,1,il-sbe,2026-09-07T00:37:54+00:00
2026,IL,17049,Effingham County,2026-09-08,56,0,,0,0,,,,,1,il-sbe,2026-09-08T03:03:27+00:00
2026,IL,17049,Effingham County,2026-09-09,55,0,,0,0,,,,,1,il-sbe,2026-09-09T03:04:22+00:00
2026,IL,17049,Effingham County,2026-09-10,54,0,,0,0,,,,,1,il-sbe,2026-09-10T03:04:52+00:00
2026,IL,17049,Effingham County,2026-09-11,53,0,,0,0,,,,,1,il-sbe,2026-09-11T02:59:47+00:00
2026,IL,17049,Effingham County,2026-09-12,52,0,,0,0,,,,,1,il-sbe,2026-09-12T03:07:19+00:00
2026,IL,17049,Effingham County,2026-09-13,51,0,,0,0,,,,,1,il-sbe,2026-09-13T03:09:07+00:00
2026,IL,17049,Effingham County,2026-09-14,50,0,,0,0,,,,,1,il-sbe,2026-09-14T09:34:07+00:00
2026,IL,17049,Effingham County,2026-09-15,49,0,,0,0,,,,,1,il-sbe,2026-09-15T00:16:59+00:00
2026,IL,17049,Effingham County,2026-09-16,48,0,,0,0,,,,,1,il-sbe,2026-09-16T04:08:21+00:00
2026,IL,17049,Effingham County,2026-09-17,47,0,,0,0,,,,,1,il-sbe,2026-09-17T00:04:51+00:00
2026,IL,17049,Effingham County,2026-09-18,46,0,,0,0,,,,,1,il-sbe,2026-09-18T03:11:45+00:00
2026,IL,17049,Effingham County,2026-09-19,45,0,,0,0,,,,,1,il-sbe,2026-09-19T03:08:06+00:00
2026,IL,17049,Effingham County,2026-09-20,44,0,,0,0,,,,,1,il-sbe,2026-09-20T03:24:25+00:00
2026,IL,17049,Effingham County,2026-09-21,43,0,,0,0,,,,,1,il-sbe,2026-09-21T03:19:32+00:00
2026,IL,17049,Effingham County,2026-09-22,42,0,,0,0,,,,,1,il-sbe,2026-09-22T00:36:05+00:00
2026,IL,17049,Effingham County,2026-09-23,41,0,,0,0,,,,,1,il-sbe,2026-09-23T04:34:26+00:00
2026,IL,17049,Effingham County,2026-09-24,40,0,,0,0,,,,,1,il-sbe,2026-09-24T00:14:04+00:00
2026,IL,17049,Effingham County,2026-09-25,39,90,,0,90,,,,,1,il-sbe,2026-09-25T19:49:30+00:00
2026,IL,17049,Effingham County,2026-09-26,38,90,,0,90,,,,,1,il-sbe,2026-09-26T03:32:01+00:00
2026,IL,17049,Effingham County,2026-09-27,37,90,,0,90,,,,,1,il-sbe,2026-09-27T03:40:10+00:00
2026,IL,17049,Effingham County,2026-09-28,36,186,,0,186,,,,,1,il-sbe,2026-09-28T17:43:15+00:00
2026,IL,17049,Effingham County,2026-09-29,35,186,,0,186,,,,,1,il-sbe,2026-09-29T07:53:29+00:00
2026,IL,17049,Effingham County,2026-09-30,34,279,,0,279,,,,,1,il-sbe,2026-09-30T20:32:53+00:00
2026,IL,17049,Effingham County,2026-10-01,33,279,,0,279,,,,,1,il-sbe,2026-10-01T01:04:09+00:00
2026,IL,17051,Fayette County,2026-09-06,58,0,,0,0,,,,,1,il-sbe,2026-09-06T23:28:30+00:00
2026,IL,17051,Fayette County,2026-09-07,57,0,,0,0,,,,,1,il-sbe,2026-09-07T00:37:54+00:00
2026,IL,17051,Fayette County,2026-09-08,56,0,,0,0,,,,,1,il-sbe,2026-09-08T03:03:27+00:00
2026,IL,17051,Fayette County,2026-09-09,55,0,,0,0,,,,,1,il-sbe,2026-09-09T03:04:22+00:00
2026,IL,17051,Fayette County,2026-09-10,54,0,,0,0,,,,,1,il-sbe,2026-09-10T03:04:52+00:00
2026,IL,17051,Fayette County,2026-09-11,53,0,,0,0,,,,,1,il-sbe,2026-09-11T02:59:47+00:00
2026,IL,17051,Fayette County,2026-09-12,52,0,,0,0,,,,,1,il-sbe,2026-09-12T03:07:19+00:00
2026,IL,17051,Fayette County,2026-09-13,51,0,,0,0,,,,,1,il-sbe,2026-09-13T03:09:07+00:00
2026,IL,17051,Fayette County,2026-09-14,50,0,,0,0,,,,,1,il-sbe,2026-09-14T09:34:07+00:00
2026,IL,17051,Fayette County,2026-09-15,49,0,,0,0,,,,,1,il-sbe,2026-09-15T00:16:59+00:00
2026,IL,17051,Fayette County,2026-09-16,48,0,,0,0,,,,,1,il-sbe,2026-09-16T04:08:21+00:00
2026,IL,17051,Fayette County,2026-09-17,47,0,,0,0,,,,,1,il-sbe,2026-09-17T00:04:51+00:00
2026,IL,17051,Fayette County,2026-09-18,46,0,,0,0,,,,,1,il-sbe,2026-09-18T03:11:45+00:00
2026,IL,17051,Fayette County,2026-09-19,45,0,,0,0,,,,,1,il-sbe,2026-09-19T03:08:06+00:00
2026,IL,17051,Fayette County,2026-09-20,44,0,,0,0,,,,,1,il-sbe,2026-09-20T03:24:25+00:00
2026,IL,17051,Fayette County,2026-09-21,43,0,,0,0,,,,,1,il-sbe,2026-09-21T03:19:32+00:00
2026,IL,17051,Fayette County,2026-09-22,42,0,,0,0,,,,,1,il-sbe,2026-09-22T00:36:05+00:00
2026,IL,17051,Fayette County,2026-09-23,41,0,,0,0,,,,,1,il-sbe,2026-09-23T04:34:26+00:00
2026,IL,17051,Fayette County,2026-09-24,40,0,,0,0,,,,,1,il-sbe,2026-09-24T00:14:04+00:00
2026,IL,17051,Fayette County,2026-09-25,39,34,,0,34,,,,,1,il-sbe,2026-09-25T19:49:30+00:00
2026,IL,17051,Fayette County,2026-09-26,38,34,,0,34,,,,,1,il-sbe,2026-09-26T03:32:01+00:00
2026,IL,17051,Fayette County,2026-09-27,37,34,,0,34,,,,,1,il-sbe,2026-09-27T03:40:10+00:00
2026,IL,17051,Fayette County,2026-09-28,36,64,,0,64,,,,,1,il-sbe,2026-09-28T17:43:15+00:00
2026,IL,17051,Fayette County,2026-09-29,35,64,,0,64,,,,,1,il-sbe,2026-09-29T07:53:29+00:00
2026,IL,17051,Fayette County,2026-09-30,34,120,,21,99,,,,,1,il-sbe,2026-09-30T20:32:53+00:00
2026,IL,17051,Fayette County,2026-10-01,33,120,,21,99,,,,,1,il-sbe,2026-10-01T01:04:09+00:00
2026,IL,17053,Ford County,2026-09-06,58,0,,0,0,,,,,1,il-sbe,2026-09-06T23:28:30+00:00
2026,IL,17053,Ford County,2026-09-07,57,0,,0,0,,,,,1,il-sbe,2026-09-07T00:37:54+00:00
2026,IL,17053,Ford County,2026-09-08,56,0,,0,0,,,,,1,il-sbe,2026-09-08T03:03:27+00:00
2026,IL,17053,Ford County,2026-09-09,55,0,,0,0,,,,,1,il-sbe,2026-09-09T03:04:22+00:00
2026,IL,17053,Ford County,2026-09-10,54,0,,0,0,,,,,1,il-sbe,2026-09-10T03:04:52+00:00
2026,IL,17053,Ford County,2026-09-11,53,0,,0,0,,,,,1,il-sbe,2026-09-11T02:59:47+00:00
2026,IL,17053,Ford County,2026-09-12,52,0,,0,0,,,,,1,il-sbe,2026-09-12T03:07:19+00:00
2026,IL,17053,Ford County,2026-09-13,51,0,,0,0,,,,,1,il-sbe,2026-09-13T03:09:07+00:00
2026,IL,17053,Ford County,2026-09-14,50,0,,0,0,,,,,1,il-sbe,2026-09-14T09:34:07+00:00
2026,IL,17053,Ford County,2026-09-15,49,0,,0,0,,,,,1,il-sbe,2026-09-15T00:16:59+00:00
2026,IL,17053,Ford County,2026-09-16,48,0,,0,0,,,,,1,il-sbe,2026-09-16T04:08:21+00:00
2026,IL,17053,Ford County,2026-09-17,47,0,,0,0,,,,,1,il-sbe,2026-09-17T00:04:51+00:00
2026,IL,17053,Ford County,2026-09-18,46,0,,0,0,,,,,1,il-sbe,2026-09-18T03:11:45+00:00
2026,IL,17053,Ford County,2026-09-19,45,0,,0,0,,,,,1,il-sbe,2026-09-19T03:08:06+00:00
2026,IL,17053,Ford County,2026-09-20,44,0,,0,0,,,,,1,il-sbe,2026-09-20T03:24:25+00:00
2026,IL,17053,Ford County,2026-09-21,43,0,,0,0,,,,,1,il-sbe,2026-09-21T03:19:32+00:00
2026,IL,17053,Ford County,2026-09-22,42,0,,0,0,,,,,1,il-sbe,2026-09-22T00:36:05+00:00
2026,IL,17053,Ford County,2026-09-23,41,0,,0,0,,,,,1,il-sbe,2026-09-23T04:34:26+00:00
2026,IL,17053,Ford County,2026-09-24,40,0,,0,0,,,,,1,il-sbe,2026-09-24T00:14:04+00:00
2026,IL,17053,Ford County,2026-09-25,39,12,,0,12,,,,,1,il-sbe,2026-09-25T19:49:30+00:00
2026,IL,17053,Ford County,2026-09-26,38,12,,0,12,,,,,1,il-sbe,2026-09-26T03:32:01+00:00
2026,IL,17053,Ford County,2026-09-27,37,12,,0,12,,,,,1,il-sbe,2026-09-27T03:40:10+00:00
2026,IL,17053,Ford County,2026-09-28,36,16,,0,16,,,,,1,il-sbe,2026-09-28T17:43:15+00:00
2026,IL,17053,Ford County,2026-09-29,35,16,,0,16,,,,,1,il-sbe,2026-09-29T07:53:29+00:00
2026,IL,17053,Ford County,2026-09-30,34,23,,0,23,,,,,1,il-sbe,2026-09-30T20:32:53+00:00
2026,IL,17053,Ford County,2026-10-01,33,23,,0,23,,,,,1,il-sbe,2026-10-01T01:04:09+00:00
2026,IL,17055,Franklin County,2026-09-06,58,0,,0,0,,,,,1,il-sbe,2026-09-06T23:28:30+00:00
2026,IL,17055,Franklin County,2026-09-07,57,0,,0,0,,,,,1,il-sbe,2026-09-07T00:37:54+00:00
2026,IL,17055,Franklin County,2026-09-08,56,0,,0,0,,,,,1,il-sbe,2026-09-08T03:03:27+00:00
2026,IL,17055,Franklin County,2026-09-09,55,0,,0,0,,,,,1,il-sbe,2026-09-09T03:04:22+00:00
2026,IL,17055,Franklin County,2026-09-10,54,0,,0,0,,,,,1,il-sbe,2026-09-10T03:04:52+00:00
2026,IL,17055,Franklin County,2026-09-11,53,0,,0,0,,,,,1,il-sbe,2026-09-11T02:59:47+00:00
2026,IL,17055,Franklin County,2026-09-12,52,0,,0,0,,,,,1,il-sbe,2026-09-12T03:07:19+00:00
2026,IL,17055,Franklin County,2026-09-13,51,0,,0,0,,,,,1,il-sbe,2026-09-13T03:09:07+00:00
2026,IL,17055,Franklin County,2026-09-14,50,0,,0,0,,,,,1,il-sbe,2026-09-14T09:34:07+00:00
2026,IL,17055,Franklin County,2026-09-15,49,0,,0,0,,,,,1,il-sbe,2026-09-15T00:16:59+00:00
2026,IL,17055,Franklin County,2026-09-16,48,0,,0,0,,,,,1,il-sbe,2026-09-16T04:08:21+00:00
2026,IL,17055,Franklin County,2026-09-17,47,0,,0,0,,,,,1,il-sbe,2026-09-17T00:04:51+00:00
2026,IL,17055,Franklin County,2026-09-18,46,0,,0,0,,,,,1,il-sbe,2026-09-18T03:11:45+00:00
2026,IL,17055,Franklin County,2026-09-19,45,0,,0,0,,,,,1,il-sbe,2026-09-19T03:08:06+00:00
2026,IL,17055,Franklin County,2026-09-20,44,0,,0,0,,,,,1,il-sbe,2026-09-20T03:24:25+00:00
2026,IL,17055,Franklin County,2026-09-21,43,0,,0,0,,,,,1,il-sbe,2026-09-21T03:19:32+00:00
2026,IL,17055,Franklin County,2026-09-22,42,0,,0,0,,,,,1,il-sbe,2026-09-22T00:36:05+00:00
2026,IL,17055,Franklin County,2026-09-23,41,0,,0,0,,,,,1,il-sbe,2026-09-23T04:34:26+00:00
2026,IL,17055,Franklin County,2026-09-24,40,0,,0,0,,,,,1,il-sbe,2026-09-24T00:14:04+00:00
2026,IL,17055,Franklin County,2026-09-25,39,40,,0,40,,,,,1,il-sbe,2026-09-25T19:49:30+00:00
2026,IL,17055,Franklin County,2026-09-26,38,40,,0,40,,,,,1,il-sbe,2026-09-26T03:32:01+00:00
2026,IL,17055,Franklin County,2026-09-27,37,40,,0,40,,,,,1,il-sbe,2026-09-27T03:40:10+00:00
2026,IL,17055,Franklin County,2026-09-28,36,77,,0,77,,,,,1,il-sbe,2026-09-28T17:43:15+00:00
2026,IL,17055,Franklin County,2026-09-29,35,77,,0,77,,,,,1,il-sbe,2026-09-29T07:53:29+00:00
2026,IL,17055,Franklin County,2026-09-30,34,168,,0,168,,,,,1,il-sbe,2026-09-30T20:32:53+00:00
2026,IL,17055,Franklin County,2026-10-01,33,168,,0,168,,,,,1,il-sbe,2026-10-01T01:04:09+00:00
2026,IL,17057,Fulton County,2026-09-06,58,0,,0,0,,,,,1,il-sbe,2026-09-06T23:28:30+00:00
2026,IL,17057,Fulton County,2026-09-07,57,0,,0,0,,,,,1,il-sbe,2026-09-07T00:37:54+00:00
2026,IL,17057,Fulton County,2026-09-08,56,0,,0,0,,,,,1,il-sbe,2026-09-08T03:03:27+00:00
2026,IL,17057,Fulton County,2026-09-09,55,0,,0,0,,,,,1,il-sbe,2026-09-09T03:04:22+00:00
2026,IL,17057,Fulton County,2026-09-10,54,0,,0,0,,,,,1,il-sbe,2026-09-10T03:04:52+00:00
2026,IL,17057,Fulton County,2026-09-11,53,0,,0,0,,,,,1,il-sbe,2026-09-11T02:59:47+00:00
2026,IL,17057,Fulton County,2026-09-12,52,0,,0,0,,,,,1,il-sbe,2026-09-12T03:07:19+00:00
2026,IL,17057,Fulton County,2026-09-13,51,0,,0,0,,,,,1,il-sbe,2026-09-13T03:09:07+00:00
2026,IL,17057,Fulton County,2026-09-14,50,0,,0,0,,,,,1,il-sbe,2026-09-14T09:34:07+00:00
2026,IL,17057,Fulton County,2026-09-15,49,0,,0,0,,,,,1,il-sbe,2026-09-15T00:16:59+00:00
2026,IL,17057,Fulton County,2026-09-16,48,0,,0,0,,,,,1,il-sbe,2026-09-16T04:08:21+00:00
2026,IL,17057,Fulton County,2026-09-17,47,0,,0,0,,,,,1,il-sbe,2026-09-17T00:04:51+00:00
2026,IL,17057,Fulton County,2026-09-18,46,0,,0,0,,,,,1,il-sbe,2026-09-18T03:11:45+00:00
2026,IL,17057,Fulton County,2026-09-19,45,0,,0,0,,,,,1,il-sbe,2026-09-19T03:08:06+00:00
2026,IL,17057,Fulton County,2026-09-20,44,0,,0,0,,,,,1,il-sbe,2026-09-20T03:24:25+00:00
2026,IL,17057,Fulton County,2026-09-21,43,0,,0,0,,,,,1,il-sbe,2026-09-21T03:19:32+00:00
2026,IL,17057,Fulton County,2026-09-22,42,0,,0,0,,,,,1,il-sbe,2026-09-22T00:36:05+00:00
2026,IL,17057,Fulton County,2026-09-23,41,0,,0,0,,,,,1,il-sbe,2026-09-23T04:34:26+00:00
2026,IL,17057,Fulton County,2026-09-24,40,0,,0,0,,,,,1,il-sbe,2026-09-24T00:14:04+00:00
2026,IL,17057,Fulton County,2026-09-25,39,30,,15,15,,,,,1,il-sbe,2026-09-25T19:49:30+00:00
2026,IL,17057,Fulton County,2026-09-26,38,30,,15,15,,,,,1,il-sbe,2026-09-26T03:32:01+00:00
2026,IL,17057,Fulton County,2026-09-27,37,30,,15,15,,,,,1,il-sbe,2026-09-27T03:40:10+00:00
2026,IL,17057,Fulton County,2026-09-28,36,30,,15,15,,,,,1,il-sbe,2026-09-28T03:39:02+00:00
2026,IL,17057,Fulton County,2026-09-29,35,30,,15,15,,,,,1,il-sbe,2026-09-29T07:53:29+00:00
2026,IL,17057,Fulton County,2026-09-30,34,84,,42,42,,,,,1,il-sbe,2026-09-30T20:32:53+00:00
2026,IL,17057,Fulton County,2026-10-01,33,84,,42,42,,,,,1,il-sbe,2026-10-01T01:04:09+00:00
2026,IL,17059,Gallatin County,2026-09-06,58,0,,0,0,,,,,1,il-sbe,2026-09-06T23:28:30+00:00
2026,IL,17059,Gallatin County,2026-09-07,57,0,,0,0,,,,,1,il-sbe,2026-09-07T00:37:54+00:00
2026,IL,17059,Gallatin County,2026-09-08,56,0,,0,0,,,,,1,il-sbe,2026-09-08T03:03:27+00:00
2026,IL,17059,Gallatin County,2026-09-09,55,0,,0,0,,,,,1,il-sbe,2026-09-09T03:04:22+00:00
2026,IL,17059,Gallatin County,2026-09-10,54,0,,0,0,,,,,1,il-sbe,2026-09-10T03:04:52+00:00
2026,IL,17059,Gallatin County,2026-09-11,53,0,,0,0,,,,,1,il-sbe,2026-09-11T02:59:47+00:00
2026,IL,17059,Gallatin County,2026-09-12,52,0,,0,0,,,,,1,il-sbe,2026-09-12T03:07:19+00:00
2026,IL,17059,Gallatin County,2026-09-13,51,0,,0,0,,,,,1,il-sbe,2026-09-13T03:09:07+00:00
2026,IL,17059,Gallatin County,2026-09-14,50,0,,0,0,,,,,1,il-sbe,2026-09-14T09:34:07+00:00
2026,IL,17059,Gallatin County,2026-09-15,49,0,,0,0,,,,,1,il-sbe,2026-09-15T00:16:59+00:00
2026,IL,17059,Gallatin County,2026-09-16,48,0,,0,0,,,,,1,il-sbe,2026-09-16T04:08:21+00:00
2026,IL,17059,Gallatin County,2026-09-17,47,0,,0,0,,,,,1,il-sbe,2026-09-17T00:04:51+00:00
2026,IL,17059,Gallatin County,2026-09-18,46,0,,0,0,,,,,1,il-sbe,2026-09-18T03:11:45+00:00
2026,IL,17059,Gallatin County,2026-09-19,45,0,,0,0,,,,,1,il-sbe,2026-09-19T03:08:06+00:00
2026,IL,17059,Gallatin County,2026-09-20,44,0,,0,0,,,,,1,il-sbe,2026-09-20T03:24:25+00:00
2026,IL,17059,Gallatin County,2026-09-21,43,0,,0,0,,,,,1,il-sbe,2026-09-21T03:19:32+00:00
2026,IL,17059,Gallatin County,2026-09-22,42,0,,0,0,,,,,1,il-sbe,2026-09-22T00:36:05+00:00
2026,IL,17059,Gallatin County,2026-09-23,41,0,,0,0,,,,,1,il-sbe,2026-09-23T04:34:26+00:00
2026,IL,17059,Gallatin County,2026-09-24,40,0,,0,0,,,,,1,il-sbe,2026-09-24T00:14:04+00:00
2026,IL,17059,Gallatin County,2026-09-25,39,6,,1,5,,,,,1,il-sbe,2026-09-25T19:49:30+00:00
2026,IL,17059,Gallatin County,2026-09-26,38,6,,1,5,,,,,1,il-sbe,2026-09-26T03:32:01+00:00
2026,IL,17059,Gallatin County,2026-09-27,37,6,,1,5,,,,,1,il-sbe,2026-09-27T03:40:10+00:00
2026,IL,17059,Gallatin County,2026-09-28,36,13,,1,12,,,,,1,il-sbe,2026-09-28T17:43:15+00:00
2026,IL,17059,Gallatin County,2026-09-29,35,13,,1,12,,,,,1,il-sbe,2026-09-29T07:53:29+00:00
2026,IL,17059,Gallatin County,2026-09-30,34,14,,1,13,,,,,1,il-sbe,2026-09-30T20:32:53+00:00
2026,IL,17059,Gallatin County,2026-10-01,33,14,,1,13,,,,,1,il-sbe,2026-10-01T01:04:09+00:00
2026,IL,17061,Greene County,2026-09-06,58,0,,0,0,,,,,1,il-sbe,2026-09-06T23:28:30+00:00
2026,IL,17061,Greene County,2026-09-07,57,0,,0,0,,,,,1,il-sbe,2026-09-07T00:37:54+00:00
2026,IL,17061,Greene County,2026-09-08,56,0,,0,0,,,,,1,il-sbe,2026-09-08T03:03:27+00:00
2026,IL,17061,Greene County,2026-09-09,55,0,,0,0,,,,,1,il-sbe,2026-09-09T03:04:22+00:00
2026,IL,17061,Greene County,2026-09-10,54,0,,0,0,,,,,1,il-sbe,2026-09-10T03:04:52+00:00
2026,IL,17061,Greene County,2026-09-11,53,0,,0,0,,,,,1,il-sbe,2026-09-11T02:59:47+00:00
2026,IL,17061,Greene County,2026-09-12,52,0,,0,0,,,,,1,il-sbe,2026-09-12T03:07:19+00:00
2026,IL,17061,Greene County,2026-09-13,51,0,,0,0,,,,,1,il-sbe,2026-09-13T03:09:07+00:00
2026,IL,17061,Greene County,2026-09-14,50,0,,0,0,,,,,1,il-sbe,2026-09-14T09:34:07+00:00
2026,IL,17061,Greene County,2026-09-15,49,0,,0,0,,,,,1,il-sbe,2026-09-15T00:16:59+00:00
2026,IL,17061,Greene County,2026-09-16,48,0,,0,0,,,,,1,il-sbe,2026-09-16T04:08:21+00:00
2026,IL,17061,Greene County,2026-09-17,47,0,,0,0,,,,,1,il-sbe,2026-09-17T00:04:51+00:00
2026,IL,17061,Greene County,2026-09-18,46,0,,0,0,,,,,1,il-sbe,2026-09-18T03:11:45+00:00
2026,IL,17061,Greene County,2026-09-19,45,0,,0,0,,,,,1,il-sbe,2026-09-19T03:08:06+00:00
2026,IL,17061,Greene County,2026-09-20,44,0,,0,0,,,,,1,il-sbe,2026-09-20T03:24:25+00:00
2026,IL,17061,Greene County,2026-09-21,43,0,,0,0,,,,,1,il-sbe,2026-09-21T03:19:32+00:00
2026,IL,17061,Greene County,2026-09-22,42,0,,0,0,,,,,1,il-sbe,2026-09-22T00:36:05+00:00
2026,IL,17061,Greene County,2026-09-23,41,0,,0,0,,,,,1,il-sbe,2026-09-23T04:34:26+00:00
2026,IL,17061,Greene County,2026-09-24,40,0,,0,0,,,,,1,il-sbe,2026-09-24T00:14:04+00:00
2026,IL,17061,Greene County,2026-09-25,39,26,,13,13,,,,,1,il-sbe,2026-09-25T19:49:30+00:00
2026,IL,17061,Greene County,2026-09-26,38,26,,13,13,,,,,1,il-sbe,2026-09-26T03:32:01+00:00
2026,IL,17061,Greene County,2026-09-27,37,26,,13,13,,,,,1,il-sbe,2026-09-27T03:40:10+00:00
2026,IL,17061,Greene County,2026-09-28,36,40,,20,20,,,,,1,il-sbe,2026-09-28T17:43:15+00:00
2026,IL,17061,Greene County,2026-09-29,35,40,,20,20,,,,,1,il-sbe,2026-09-29T07:53:29+00:00
2026,IL,17061,Greene County,2026-09-30,34,101,,72,29,,,,,1,il-sbe,2026-09-30T20:32:53+00:00
2026,IL,17061,Greene County,2026-10-01,33,101,,72,29,,,,,1,il-sbe,2026-10-01T01:04:09+00:00
2026,IL,17063,Grundy County,2026-09-06,58,0,,0,0,,,,,1,il-sbe,2026-09-06T23:28:30+00:00
2026,IL,17063,Grundy County,2026-09-07,57,0,,0,0,,,,,1,il-sbe,2026-09-07T00:37:54+00:00
2026,IL,17063,Grundy County,2026-09-08,56,0,,0,0,,,,,1,il-sbe,2026-09-08T03:03:27+00:00
2026,IL,17063,Grundy County,2026-09-09,55,0,,0,0,,,,,1,il-sbe,2026-09-09T03:04:22+00:00
2026,IL,17063,Grundy County,2026-09-10,54,0,,0,0,,,,,1,il-sbe,2026-09-10T03:04:52+00:00
2026,IL,17063,Grundy County,2026-09-11,53,0,,0,0,,,,,1,il-sbe,2026-09-11T02:59:47+00:00
2026,IL,17063,Grundy County,2026-09-12,52,0,,0,0,,,,,1,il-sbe,2026-09-12T03:07:19+00:00
2026,IL,17063,Grundy County,2026-09-13,51,0,,0,0,,,,,1,il-sbe,2026-09-13T03:09:07+00:00
2026,IL,17063,Grundy County,2026-09-14,50,0,,0,0,,,,,1,il-sbe,2026-09-14T09:34:07+00:00
2026,IL,17063,Grundy County,2026-09-15,49,0,,0,0,,,,,1,il-sbe,2026-09-15T00:16:59+00:00
2026,IL,17063,Grundy County,2026-09-16,48,0,,0,0,,,,,1,il-sbe,2026-09-16T04:08:21+00:00
2026,IL,17063,Grundy County,2026-09-17,47,0,,0,0,,,,,1,il-sbe,2026-09-17T00:04:51+00:00
2026,IL,17063,Grundy County,2026-09-18,46,0,,0,0,,,,,1,il-sbe,2026-09-18T03:11:45+00:00
2026,IL,17063,Grundy County,2026-09-19,45,0,,0,0,,,,,1,il-sbe,2026-09-19T03:08:06+00:00
2026,IL,17063,Grundy County,2026-09-20,44,0,,0,0,,,,,1,il-sbe,2026-09-20T03:24:25+00:00
2026,IL,17063,Grundy County,2026-09-21,43,0,,0,0,,,,,1,il-sbe,2026-09-21T03:19:32+00:00
2026,IL,17063,Grundy County,2026-09-22,42,0,,0,0,,,,,1,il-sbe,2026-09-22T00:36:05+00:00
2026,IL,17063,Grundy County,2026-09-23,41,0,,0,0,,,,,1,il-sbe,2026-09-23T04:34:26+00:00
2026,IL,17063,Grundy County,2026-09-24,40,0,,0,0,,,,,1,il-sbe,2026-09-24T00:14:04+00:00
2026,IL,17063,Grundy County,2026-09-25,39,26,,0,26,,,,,1,il-sbe,2026-09-25T19:49:30+00:00
2026,IL,17063,Grundy County,2026-09-26,38,26,,0,26,,,,,1,il-sbe,2026-09-26T03:32:01+00:00
2026,IL,17063,Grundy County,2026-09-27,37,26,,0,26,,,,,1,il-sbe,2026-09-27T03:40:10+00:00
2026,IL,17063,Grundy County,2026-09-28,36,46,,0,46,,,,,1,il-sbe,2026-09-28T17:43:15+00:00
2026,IL,17063,Grundy County,2026-09-29,35,46,,0,46,,,,,1,il-sbe,2026-09-29T07:53:29+00:00
2026,IL,17063,Grundy County,2026-09-30,34,151,,40,111,,,,,1,il-sbe,2026-09-30T20:32:53+00:00
2026,IL,17063,Grundy County,2026-10-01,33,151,,40,111,,,,,1,il-sbe,2026-10-01T01:04:09+00:00
2026,IL,17065,Hamilton County,2026-09-06,58,0,,0,0,,,,,1,il-sbe,2026-09-06T23:28:30+00:00
2026,IL,17065,Hamilton County,2026-09-07,57,0,,0,0,,,,,1,il-sbe,2026-09-07T00:37:54+00:00
2026,IL,17065,Hamilton County,2026-09-08,56,0,,0,0,,,,,1,il-sbe,2026-09-08T03:03:27+00:00
2026,IL,17065,Hamilton County,2026-09-09,55,0,,0,0,,,,,1,il-sbe,2026-09-09T03:04:22+00:00
2026,IL,17065,Hamilton County,2026-09-10,54,0,,0,0,,,,,1,il-sbe,2026-09-10T03:04:52+00:00
2026,IL,17065,Hamilton County,2026-09-11,53,0,,0,0,,,,,1,il-sbe,2026-09-11T02:59:47+00:00
2026,IL,17065,Hamilton County,2026-09-12,52,0,,0,0,,,,,1,il-sbe,2026-09-12T03:07:19+00:00
2026,IL,17065,Hamilton County,2026-09-13,51,0,,0,0,,,,,1,il-sbe,2026-09-13T03:09:07+00:00
2026,IL,17065,Hamilton County,2026-09-14,50,0,,0,0,,,,,1,il-sbe,2026-09-14T09:34:07+00:00
2026,IL,17065,Hamilton County,2026-09-15,49,0,,0,0,,,,,1,il-sbe,2026-09-15T00:16:59+00:00
2026,IL,17065,Hamilton County,2026-09-16,48,0,,0,0,,,,,1,il-sbe,2026-09-16T04:08:21+00:00
2026,IL,17065,Hamilton County,2026-09-17,47,0,,0,0,,,,,1,il-sbe,2026-09-17T00:04:51+00:00
2026,IL,17065,Hamilton County,2026-09-18,46,0,,0,0,,,,,1,il-sbe,2026-09-18T03:11:45+00:00
2026,IL,17065,Hamilton County,2026-09-19,45,0,,0,0,,,,,1,il-sbe,2026-09-19T03:08:06+00:00
2026,IL,17065,Hamilton County,2026-09-20,44,0,,0,0,,,,,1,il-sbe,2026-09-20T03:24:25+00:00
2026,IL,17065,Hamilton County,2026-09-21,43,0,,0,0,,,,,1,il-sbe,2026-09-21T03:19:32+00:00
2026,IL,17065,Hamilton County,2026-09-22,42,0,,0,0,,,,,1,il-sbe,2026-09-22T00:36:05+00:00
2026,IL,17065,Hamilton County,2026-09-23,41,0,,0,0,,,,,1,il-sbe,2026-09-23T04:34:26+00:00
2026,IL,17065,Hamilton County,2026-09-24,40,0,,0,0,,,,,1,il-sbe,2026-09-24T00:14:04+00:00
2026,IL,17065,Hamilton County,2026-09-25,39,6,,0,6,,,,,1,il-sbe,2026-09-25T19:49:30+00:00
2026,IL,17065,Hamilton County,2026-09-26,38,6,,0,6,,,,,1,il-sbe,2026-09-26T03:32:01+00:00
2026,IL,17065,Hamilton County,2026-09-27,37,6,,0,6,,,,,1,il-sbe,2026-09-27T03:40:10+00:00
2026,IL,17065,Hamilton County,2026-09-28,36,6,,0,6,,,,,1,il-sbe,2026-09-28T03:39:02+00:00
2026,IL,17065,Hamilton County,2026-09-29,35,6,,0,6,,,,,1,il-sbe,2026-09-29T07:53:29+00:00
2026,IL,17065,Hamilton County,2026-09-30,34,39,,23,16,,,,,1,il-sbe,2026-09-30T20:32:53+00:00
2026,IL,17065,Hamilton County,2026-10-01,33,39,,23,16,,,,,1,il-sbe,2026-10-01T01:04:09+00:00
2026,IL,17067,Hancock County,2026-09-06,58,0,,0,0,,,,,1,il-sbe,2026-09-06T23:28:30+00:00
2026,IL,17067,Hancock County,2026-09-07,57,0,,0,0,,,,,1,il-sbe,2026-09-07T00:37:54+00:00
2026,IL,17067,Hancock County,2026-09-08,56,0,,0,0,,,,,1,il-sbe,2026-09-08T03:03:27+00:00
2026,IL,17067,Hancock County,2026-09-09,55,0,,0,0,,,,,1,il-sbe,2026-09-09T03:04:22+00:00
2026,IL,17067,Hancock County,2026-09-10,54,0,,0,0,,,,,1,il-sbe,2026-09-10T03:04:52+00:00
2026,IL,17067,Hancock County,2026-09-11,53,0,,0,0,,,,,1,il-sbe,2026-09-11T02:59:47+00:00
2026,IL,17067,Hancock County,2026-09-12,52,0,,0,0,,,,,1,il-sbe,2026-09-12T03:07:19+00:00
2026,IL,17067,Hancock County,2026-09-13,51,0,,0,0,,,,,1,il-sbe,2026-09-13T03:09:07+00:00
2026,IL,17067,Hancock County,2026-09-14,50,0,,0,0,,,,,1,il-sbe,2026-09-14T09:34:07+00:00
2026,IL,17067,Hancock County,2026-09-15,49,0,,0,0,,,,,1,il-sbe,2026-09-15T00:16:59+00:00
2026,IL,17067,Hancock County,2026-09-16,48,0,,0,0,,,,,1,il-sbe,2026-09-16T04:08:21+00:00
2026,IL,17067,Hancock County,2026-09-17,47,0,,0,0,,,,,1,il-sbe,2026-09-17T00:04:51+00:00
2026,IL,17067,Hancock County,2026-09-18,46,0,,0,0,,,,,1,il-sbe,2026-09-18T03:11:45+00:00
2026,IL,17067,Hancock County,2026-09-19,45,0,,0,0,,,,,1,il-sbe,2026-09-19T03:08:06+00:00
2026,IL,17067,Hancock County,2026-09-20,44,0,,0,0,,,,,1,il-sbe,2026-09-20T03:24:25+00:00
2026,IL,17067,Hancock County,2026-09-21,43,0,,0,0,,,,,1,il-sbe,2026-09-21T03:19:32+00:00
2026,IL,17067,Hancock County,2026-09-22,42,0,,0,0,,,,,1,il-sbe,2026-09-22T00:36:05+00:00
2026,IL,17067,Hancock County,2026-09-23,41,0,,0,0,,,,,1,il-sbe,2026-09-23T04:34:26+00:00
2026,IL,17067,Hancock County,2026-09-24,40,0,,0,0,,,,,1,il-sbe,2026-09-24T00:14:04+00:00
2026,IL,17067,Hancock County,2026-09-25,39,12,,6,6,,,,,1,il-sbe,2026-09-25T19:49:30+00:00
2026,IL,17067,Hancock County,2026-09-26,38,12,,6,6,,,,,1,il-sbe,2026-09-26T03:32:01+00:00
2026,IL,17067,Hancock County,2026-09-27,37,12,,6,6,,,,,1,il-sbe,2026-09-27T03:40:10+00:00
2026,IL,17067,Hancock County,2026-09-28,36,36,,18,18,,,,,1,il-sbe,2026-09-28T17:43:15+00:00
2026,IL,17067,Hancock County,2026-09-29,35,36,,18,18,,,,,1,il-sbe,2026-09-29T07:53:29+00:00
2026,IL,17067,Hancock County,2026-09-30,34,84,,61,23,,,,,1,il-sbe,2026-09-30T20:32:53+00:00
2026,IL,17067,Hancock County,2026-10-01,33,84,,61,23,,,,,1,il-sbe,2026-10-01T01:04:09+00:00
2026,IL,17069,Hardin County,2026-09-06,58,0,,0,0,,,,,1,il-sbe,2026-09-06T23:28:30+00:00
2026,IL,17069,Hardin County,2026-09-07,57,0,,0,0,,,,,1,il-sbe,2026-09-07T00:37:54+00:00
2026,IL,17069,Hardin County,2026-09-08,56,0,,0,0,,,,,1,il-sbe,2026-09-08T03:03:27+00:00
2026,IL,17069,Hardin County,2026-09-09,55,0,,0,0,,,,,1,il-sbe,2026-09-09T03:04:22+00:00
2026,IL,17069,Hardin County,2026-09-10,54,0,,0,0,,,,,1,il-sbe,2026-09-10T03:04:52+00:00
2026,IL,17069,Hardin County,2026-09-11,53,0,,0,0,,,,,1,il-sbe,2026-09-11T02:59:47+00:00
2026,IL,17069,Hardin County,2026-09-12,52,0,,0,0,,,,,1,il-sbe,2026-09-12T03:07:19+00:00
2026,IL,17069,Hardin County,2026-09-13,51,0,,0,0,,,,,1,il-sbe,2026-09-13T03:09:07+00:00
2026,IL,17069,Hardin County,2026-09-14,50,0,,0,0,,,,,1,il-sbe,2026-09-14T09:34:07+00:00
2026,IL,17069,Hardin County,2026-09-15,49,0,,0,0,,,,,1,il-sbe,2026-09-15T00:16:59+00:00
2026,IL,17069,Hardin County,2026-09-16,48,0,,0,0,,,,,1,il-sbe,2026-09-16T04:08:21+00:00
2026,IL,17069,Hardin County,2026-09-17,47,0,,0,0,,,,,1,il-sbe,2026-09-17T00:04:51+00:00
2026,IL,17069,Hardin County,2026-09-18,46,0,,0,0,,,,,1,il-sbe,2026-09-18T03:11:45+00:00
2026,IL,17069,Hardin County,2026-09-19,45,0,,0,0,,,,,1,il-sbe,2026-09-19T03:08:06+00:00
2026,IL,17069,Hardin County,2026-09-20,44,0,,0,0,,,,,1,il-sbe,2026-09-20T03:24:25+00:00
2026,IL,17069,Hardin County,2026-09-21,43,0,,0,0,,,,,1,il-sbe,2026-09-21T03:19:32+00:00
2026,IL,17069,Hardin County,2026-09-22,42,0,,0,0,,,,,1,il-sbe,2026-09-22T00:36:05+00:00
2026,IL,17069,Hardin County,2026-09-23,41,0,,0,0,,,,,1,il-sbe,2026-09-23T04:34:26+00:00
2026,IL,17069,Hardin County,2026-09-24,40,0,,0,0,,,,,1,il-sbe,2026-09-24T00:14:04+00:00
2026,IL,17069,Hardin County,2026-09-25,39,4,,0,4,,,,,1,il-sbe,2026-09-25T19:49:30+00:00
2026,IL,17069,Hardin County,2026-09-26,38,4,,0,4,,,,,1,il-sbe,2026-09-26T03:32:01+00:00
2026,IL,17069,Hardin County,2026-09-27,37,4,,0,4,,,,,1,il-sbe,2026-09-27T03:40:10+00:00
2026,IL,17069,Hardin County,2026-09-28,36,5,,0,5,,,,,1,il-sbe,2026-09-28T17:43:15+00:00
2026,IL,17069,Hardin County,2026-09-29,35,5,,0,5,,,,,1,il-sbe,2026-09-29T07:53:29+00:00
2026,IL,17069,Hardin County,2026-09-30,34,22,,13,9,,,,,1,il-sbe,2026-09-30T20:32:53+00:00
2026,IL,17069,Hardin County,2026-10-01,33,22,,13,9,,,,,1,il-sbe,2026-10-01T01:04:09+00:00
2026,IL,17071,Henderson County,2026-09-06,58,0,,0,0,,,,,1,il-sbe,2026-09-06T23:28:30+00:00
2026,IL,17071,Henderson County,2026-09-07,57,0,,0,0,,,,,1,il-sbe,2026-09-07T00:37:54+00:00
2026,IL,17071,Henderson County,2026-09-08,56,0,,0,0,,,,,1,il-sbe,2026-09-08T03:03:27+00:00
2026,IL,17071,Henderson County,2026-09-09,55,0,,0,0,,,,,1,il-sbe,2026-09-09T03:04:22+00:00
2026,IL,17071,Henderson County,2026-09-10,54,0,,0,0,,,,,1,il-sbe,2026-09-10T03:04:52+00:00
2026,IL,17071,Henderson County,2026-09-11,53,0,,0,0,,,,,1,il-sbe,2026-09-11T02:59:47+00:00
2026,IL,17071,Henderson County,2026-09-12,52,0,,0,0,,,,,1,il-sbe,2026-09-12T03:07:19+00:00
2026,IL,17071,Henderson County,2026-09-13,51,0,,0,0,,,,,1,il-sbe,2026-09-13T03:09:07+00:00
2026,IL,17071,Henderson County,2026-09-14,50,0,,0,0,,,,,1,il-sbe,2026-09-14T09:34:07+00:00
2026,IL,17071,Henderson County,2026-09-15,49,0,,0,0,,,,,1,il-sbe,2026-09-15T00:16:59+00:00
2026,IL,17071,Henderson County,2026-09-16,48,0,,0,0,,,,,1,il-sbe,2026-09-16T04:08:21+00:00
2026,IL,17071,Henderson County,2026-09-17,47,0,,0,0,,,,,1,il-sbe,2026-09-17T00:04:51+00:00
2026,IL,17071,Henderson County,2026-09-18,46,0,,0,0,,,,,1,il-sbe,2026-09-18T03:11:45+00:00
2026,IL,17071,Henderson County,2026-09-19,45,0,,0,0,,,,,1,il-sbe,2026-09-19T03:08:06+00:00
2026,IL,17071,Henderson County,2026-09-20,44,0,,0,0,,,,,1,il-sbe,2026-09-20T03:24:25+00:00
2026,IL,17071,Henderson County,2026-09-21,43,0,,0,0,,,,,1,il-sbe,2026-09-21T03:19:32+00:00
2026,IL,17071,Henderson County,2026-09-22,42,0,,0,0,,,,,1,il-sbe,2026-09-22T00:36:05+00:00
2026,IL,17071,Henderson County,2026-09-23,41,0,,0,0,,,,,1,il-sbe,2026-09-23T04:34:26+00:00
2026,IL,17071,Henderson County,2026-09-24,40,0,,0,0,,,,,1,il-sbe,2026-09-24T00:14:04+00:00
2026,IL,17071,Henderson County,2026-09-25,39,4,,2,2,,,,,1,il-sbe,2026-09-25T19:49:30+00:00
2026,IL,17071,Henderson County,2026-09-26,38,4,,2,2,,,,,1,il-sbe,2026-09-26T03:32:01+00:00
2026,IL,17071,Henderson County,2026-09-27,37,4,,2,2,,,,,1,il-sbe,2026-09-27T03:40:10+00:00
2026,IL,17071,Henderson County,2026-09-28,36,6,,3,3,,,,,1,il-sbe,2026-09-28T17:43:15+00:00
2026,IL,17071,Henderson County,2026-09-29,35,6,,3,3,,,,,1,il-sbe,2026-09-29T07:53:29+00:00
2026,IL,17071,Henderson County,2026-09-30,34,9,,5,4,,,,,1,il-sbe,2026-09-30T20:32:53+00:00
2026,IL,17071,Henderson County,2026-10-01,33,9,,5,4,,,,,1,il-sbe,2026-10-01T01:04:09+00:00
2026,IL,17073,Henry County,2026-09-06,58,0,,0,0,,,,,1,il-sbe,2026-09-06T23:28:30+00:00
2026,IL,17073,Henry County,2026-09-07,57,0,,0,0,,,,,1,il-sbe,2026-09-07T00:37:54+00:00
2026,IL,17073,Henry County,2026-09-08,56,0,,0,0,,,,,1,il-sbe,2026-09-08T03:03:27+00:00
2026,IL,17073,Henry County,2026-09-09,55,0,,0,0,,,,,1,il-sbe,2026-09-09T03:04:22+00:00
2026,IL,17073,Henry County,2026-09-10,54,0,,0,0,,,,,1,il-sbe,2026-09-10T03:04:52+00:00
2026,IL,17073,Henry County,2026-09-11,53,0,,0,0,,,,,1,il-sbe,2026-09-11T02:59:47+00:00
2026,IL,17073,Henry County,2026-09-12,52,0,,0,0,,,,,1,il-sbe,2026-09-12T03:07:19+00:00
2026,IL,17073,Henry County,2026-09-13,51,0,,0,0,,,,,1,il-sbe,2026-09-13T03:09:07+00:00
2026,IL,17073,Henry County,2026-09-14,50,0,,0,0,,,,,1,il-sbe,2026-09-14T09:34:07+00:00
2026,IL,17073,Henry County,2026-09-15,49,0,,0,0,,,,,1,il-sbe,2026-09-15T00:16:59+00:00
2026,IL,17073,Henry County,2026-09-16,48,0,,0,0,,,,,1,il-sbe,2026-09-16T04:08:21+00:00
2026,IL,17073,Henry County,2026-09-17,47,0,,0,0,,,,,1,il-sbe,2026-09-17T00:04:51+00:00
2026,IL,17073,Henry County,2026-09-18,46,0,,0,0,,,,,1,il-sbe,2026-09-18T03:11:45+00:00
2026,IL,17073,Henry County,2026-09-19,45,0,,0,0,,,,,1,il-sbe,2026-09-19T03:08:06+00:00
2026,IL,17073,Henry County,2026-09-20,44,0,,0,0,,,,,1,il-sbe,2026-09-20T03:24:25+00:00
2026,IL,17073,Henry County,2026-09-21,43,0,,0,0,,,,,1,il-sbe,2026-09-21T03:19:32+00:00
2026,IL,17073,Henry County,2026-09-22,42,0,,0,0,,,,,1,il-sbe,2026-09-22T00:36:05+00:00
2026,IL,17073,Henry County,2026-09-23,41,0,,0,0,,,,,1,il-sbe,2026-09-23T04:34:26+00:00
2026,IL,17073,Henry County,2026-09-24,40,0,,0,0,,,,,1,il-sbe,2026-09-24T00:14:04+00:00
2026,IL,17073,Henry County,2026-09-25,39,15,,1,14,,,,,1,il-sbe,2026-09-25T19:49:30+00:00
2026,IL,17073,Henry County,2026-09-26,38,15,,1,14,,,,,1,il-sbe,2026-09-26T03:32:01+00:00
2026,IL,17073,Henry County,2026-09-27,37,15,,1,14,,,,,1,il-sbe,2026-09-27T03:40:10+00:00
2026,IL,17073,Henry County,2026-09-28,36,32,,1,31,,,,,1,il-sbe,2026-09-28T17:43:15+00:00
2026,IL,17073,Henry County,2026-09-29,35,32,,1,31,,,,,1,il-sbe,2026-09-29T07:53:29+00:00
2026,IL,17073,Henry County,2026-09-30,34,95,,16,79,,,,,1,il-sbe,2026-09-30T20:32:53+00:00
2026,IL,17073,Henry County,2026-10-01,33,95,,16,79,,,,,1,il-sbe,2026-10-01T01:04:09+00:00
2026,IL,17075,Iroquois County,2026-09-06,58,0,,0,0,,,,,1,il-sbe,2026-09-06T23:28:30+00:00
2026,IL,17075,Iroquois County,2026-09-07,57,0,,0,0,,,,,1,il-sbe,2026-09-07T00:37:54+00:00
2026,IL,17075,Iroquois County,2026-09-08,56,0,,0,0,,,,,1,il-sbe,2026-09-08T03:03:27+00:00
2026,IL,17075,Iroquois County,2026-09-09,55,0,,0,0,,,,,1,il-sbe,2026-09-09T03:04:22+00:00
2026,IL,17075,Iroquois County,2026-09-10,54,0,,0,0,,,,,1,il-sbe,2026-09-10T03:04:52+00:00
2026,IL,17075,Iroquois County,2026-09-11,53,0,,0,0,,,,,1,il-sbe,2026-09-11T02:59:47+00:00
2026,IL,17075,Iroquois County,2026-09-12,52,0,,0,0,,,,,1,il-sbe,2026-09-12T03:07:19+00:00
2026,IL,17075,Iroquois County,2026-09-13,51,0,,0,0,,,,,1,il-sbe,2026-09-13T03:09:07+00:00
2026,IL,17075,Iroquois County,2026-09-14,50,0,,0,0,,,,,1,il-sbe,2026-09-14T09:34:07+00:00
2026,IL,17075,Iroquois County,2026-09-15,49,0,,0,0,,,,,1,il-sbe,2026-09-15T00:16:59+00:00
2026,IL,17075,Iroquois County,2026-09-16,48,0,,0,0,,,,,1,il-sbe,2026-09-16T04:08:21+00:00
2026,IL,17075,Iroquois County,2026-09-17,47,0,,0,0,,,,,1,il-sbe,2026-09-17T00:04:51+00:00
2026,IL,17075,Iroquois County,2026-09-18,46,0,,0,0,,,,,1,il-sbe,2026-09-18T03:11:45+00:00
2026,IL,17075,Iroquois County,2026-09-19,45,0,,0,0,,,,,1,il-sbe,2026-09-19T03:08:06+00:00
2026,IL,17075,Iroquois County,2026-09-20,44,0,,0,0,,,,,1,il-sbe,2026-09-20T03:24:25+00:00
2026,IL,17075,Iroquois County,2026-09-21,43,0,,0,0,,,,,1,il-sbe,2026-09-21T03:19:32+00:00
2026,IL,17075,Iroquois County,2026-09-22,42,0,,0,0,,,,,1,il-sbe,2026-09-22T00:36:05+00:00
2026,IL,17075,Iroquois County,2026-09-23,41,0,,0,0,,,,,1,il-sbe,2026-09-23T04:34:26+00:00
2026,IL,17075,Iroquois County,2026-09-24,40,0,,0,0,,,,,1,il-sbe,2026-09-24T00:14:04+00:00
2026,IL,17075,Iroquois County,2026-09-25,39,12,,6,6,,,,,1,il-sbe,2026-09-25T19:49:30+00:00
2026,IL,17075,Iroquois County,2026-09-26,38,12,,6,6,,,,,1,il-sbe,2026-09-26T03:32:01+00:00
2026,IL,17075,Iroquois County,2026-09-27,37,12,,6,6,,,,,1,il-sbe,2026-09-27T03:40:10+00:00
2026,IL,17075,Iroquois County,2026-09-28,36,26,,13,13,,,,,1,il-sbe,2026-09-28T17:43:15+00:00
2026,IL,17075,Iroquois County,2026-09-29,35,26,,13,13,,,,,1,il-sbe,2026-09-29T07:53:29+00:00
2026,IL,17075,Iroquois County,2026-09-30,34,78,,39,39,,,,,1,il-sbe,2026-09-30T20:32:53+00:00
2026,IL,17075,Iroquois County,2026-10-01,33,78,,39,39,,,,,1,il-sbe,2026-10-01T01:04:09+00:00
2026,IL,17077,Jackson County,2026-09-06,58,0,,0,0,,,,,1,il-sbe,2026-09-06T23:28:30+00:00
2026,IL,17077,Jackson County,2026-09-07,57,0,,0,0,,,,,1,il-sbe,2026-09-07T00:37:54+00:00
2026,IL,17077,Jackson County,2026-09-08,56,0,,0,0,,,,,1,il-sbe,2026-09-08T03:03:27+00:00
2026,IL,17077,Jackson County,2026-09-09,55,0,,0,0,,,,,1,il-sbe,2026-09-09T03:04:22+00:00
2026,IL,17077,Jackson County,2026-09-10,54,0,,0,0,,,,,1,il-sbe,2026-09-10T03:04:52+00:00
2026,IL,17077,Jackson County,2026-09-11,53,0,,0,0,,,,,1,il-sbe,2026-09-11T02:59:47+00:00
2026,IL,17077,Jackson County,2026-09-12,52,0,,0,0,,,,,1,il-sbe,2026-09-12T03:07:19+00:00
2026,IL,17077,Jackson County,2026-09-13,51,0,,0,0,,,,,1,il-sbe,2026-09-13T03:09:07+00:00
2026,IL,17077,Jackson County,2026-09-14,50,0,,0,0,,,,,1,il-sbe,2026-09-14T09:34:07+00:00
2026,IL,17077,Jackson County,2026-09-15,49,0,,0,0,,,,,1,il-sbe,2026-09-15T00:16:59+00:00
2026,IL,17077,Jackson County,2026-09-16,48,0,,0,0,,,,,1,il-sbe,2026-09-16T04:08:21+00:00
2026,IL,17077,Jackson County,2026-09-17,47,0,,0,0,,,,,1,il-sbe,2026-09-17T00:04:51+00:00
2026,IL,17077,Jackson County,2026-09-18,46,0,,0,0,,,,,1,il-sbe,2026-09-18T03:11:45+00:00
2026,IL,17077,Jackson County,2026-09-19,45,0,,0,0,,,,,1,il-sbe,2026-09-19T03:08:06+00:00
2026,IL,17077,Jackson County,2026-09-20,44,0,,0,0,,,,,1,il-sbe,2026-09-20T03:24:25+00:00
2026,IL,17077,Jackson County,2026-09-21,43,0,,0,0,,,,,1,il-sbe,2026-09-21T03:19:32+00:00
2026,IL,17077,Jackson County,2026-09-22,42,0,,0,0,,,,,1,il-sbe,2026-09-22T00:36:05+00:00
2026,IL,17077,Jackson County,2026-09-23,41,0,,0,0,,,,,1,il-sbe,2026-09-23T04:34:26+00:00
2026,IL,17077,Jackson County,2026-09-24,40,0,,0,0,,,,,1,il-sbe,2026-09-24T00:14:04+00:00
2026,IL,17077,Jackson County,2026-09-25,39,80,,40,40,,,,,1,il-sbe,2026-09-25T19:49:30+00:00
2026,IL,17077,Jackson County,2026-09-26,38,80,,40,40,,,,,1,il-sbe,2026-09-26T03:32:01+00:00
2026,IL,17077,Jackson County,2026-09-27,37,80,,40,40,,,,,1,il-sbe,2026-09-27T03:40:10+00:00
2026,IL,17077,Jackson County,2026-09-28,36,174,,87,87,,,,,1,il-sbe,2026-09-28T17:43:15+00:00
2026,IL,17077,Jackson County,2026-09-29,35,174,,87,87,,,,,1,il-sbe,2026-09-29T07:53:29+00:00
2026,IL,17077,Jackson County,2026-09-30,34,316,,158,158,,,,,1,il-sbe,2026-09-30T20:32:53+00:00
2026,IL,17077,Jackson County,2026-10-01,33,316,,158,158,,,,,1,il-sbe,2026-10-01T01:04:09+00:00
2026,IL,17079,Jasper County,2026-09-06,58,0,,0,0,,,,,1,il-sbe,2026-09-06T23:28:30+00:00
2026,IL,17079,Jasper County,2026-09-07,57,0,,0,0,,,,,1,il-sbe,2026-09-07T00:37:54+00:00
2026,IL,17079,Jasper County,2026-09-08,56,0,,0,0,,,,,1,il-sbe,2026-09-08T03:03:27+00:00
2026,IL,17079,Jasper County,2026-09-09,55,0,,0,0,,,,,1,il-sbe,2026-09-09T03:04:22+00:00
2026,IL,17079,Jasper County,2026-09-10,54,0,,0,0,,,,,1,il-sbe,2026-09-10T03:04:52+00:00
2026,IL,17079,Jasper County,2026-09-11,53,0,,0,0,,,,,1,il-sbe,2026-09-11T02:59:47+00:00
2026,IL,17079,Jasper County,2026-09-12,52,0,,0,0,,,,,1,il-sbe,2026-09-12T03:07:19+00:00
2026,IL,17079,Jasper County,2026-09-13,51,0,,0,0,,,,,1,il-sbe,2026-09-13T03:09:07+00:00
2026,IL,17079,Jasper County,2026-09-14,50,0,,0,0,,,,,1,il-sbe,2026-09-14T09:34:07+00:00
2026,IL,17079,Jasper County,2026-09-15,49,0,,0,0,,,,,1,il-sbe,2026-09-15T00:16:59+00:00
2026,IL,17079,Jasper County,2026-09-16,48,0,,0,0,,,,,1,il-sbe,2026-09-16T04:08:21+00:00
2026,IL,17079,Jasper County,2026-09-17,47,0,,0,0,,,,,1,il-sbe,2026-09-17T00:04:51+00:00
2026,IL,17079,Jasper County,2026-09-18,46,0,,0,0,,,,,1,il-sbe,2026-09-18T03:11:45+00:00
2026,IL,17079,Jasper County,2026-09-19,45,0,,0,0,,,,,1,il-sbe,2026-09-19T03:08:06+00:00
2026,IL,17079,Jasper County,2026-09-20,44,0,,0,0,,,,,1,il-sbe,2026-09-20T03:24:25+00:00
2026,IL,17079,Jasper County,2026-09-21,43,0,,0,0,,,,,1,il-sbe,2026-09-21T03:19:32+00:00
2026,IL,17079,Jasper County,2026-09-22,42,0,,0,0,,,,,1,il-sbe,2026-09-22T00:36:05+00:00
2026,IL,17079,Jasper County,2026-09-23,41,0,,0,0,,,,,1,il-sbe,2026-09-23T04:34:26+00:00
2026,IL,17079,Jasper County,2026-09-24,40,0,,0,0,,,,,1,il-sbe,2026-09-24T00:14:04+00:00
2026,IL,17079,Jasper County,2026-09-25,39,0,,0,0,,,,,1,il-sbe,2026-09-25T03:26:04+00:00
2026,IL,17079,Jasper County,2026-09-26,38,0,,0,0,,,,,1,il-sbe,2026-09-26T03:32:01+00:00
2026,IL,17079,Jasper County,2026-09-27,37,0,,0,0,,,,,1,il-sbe,2026-09-27T03:40:10+00:00
2026,IL,17079,Jasper County,2026-09-28,36,14,,0,14,,,,,1,il-sbe,2026-09-28T17:43:15+00:00
2026,IL,17079,Jasper County,2026-09-29,35,14,,0,14,,,,,1,il-sbe,2026-09-29T07:53:29+00:00
2026,IL,17079,Jasper County,2026-09-30,34,72,,42,30,,,,,1,il-sbe,2026-09-30T20:32:53+00:00
2026,IL,17079,Jasper County,2026-10-01,33,72,,42,30,,,,,1,il-sbe,2026-10-01T01:04:09+00:00
2026,IL,17081,Jefferson County,2026-09-06,58,0,,0,0,,,,,1,il-sbe,2026-09-06T23:28:30+00:00
2026,IL,17081,Jefferson County,2026-09-07,57,0,,0,0,,,,,1,il-sbe,2026-09-07T00:37:54+00:00
2026,IL,17081,Jefferson County,2026-09-08,56,0,,0,0,,,,,1,il-sbe,2026-09-08T03:03:27+00:00
2026,IL,17081,Jefferson County,2026-09-09,55,0,,0,0,,,,,1,il-sbe,2026-09-09T03:04:22+00:00
2026,IL,17081,Jefferson County,2026-09-10,54,0,,0,0,,,,,1,il-sbe,2026-09-10T03:04:52+00:00
2026,IL,17081,Jefferson County,2026-09-11,53,0,,0,0,,,,,1,il-sbe,2026-09-11T02:59:47+00:00
2026,IL,17081,Jefferson County,2026-09-12,52,0,,0,0,,,,,1,il-sbe,2026-09-12T03:07:19+00:00
2026,IL,17081,Jefferson County,2026-09-13,51,0,,0,0,,,,,1,il-sbe,2026-09-13T03:09:07+00:00
2026,IL,17081,Jefferson County,2026-09-14,50,0,,0,0,,,,,1,il-sbe,2026-09-14T09:34:07+00:00
2026,IL,17081,Jefferson County,2026-09-15,49,0,,0,0,,,,,1,il-sbe,2026-09-15T00:16:59+00:00
2026,IL,17081,Jefferson County,2026-09-16,48,0,,0,0,,,,,1,il-sbe,2026-09-16T04:08:21+00:00
2026,IL,17081,Jefferson County,2026-09-17,47,0,,0,0,,,,,1,il-sbe,2026-09-17T00:04:51+00:00
2026,IL,17081,Jefferson County,2026-09-18,46,0,,0,0,,,,,1,il-sbe,2026-09-18T03:11:45+00:00
2026,IL,17081,Jefferson County,2026-09-19,45,0,,0,0,,,,,1,il-sbe,2026-09-19T03:08:06+00:00
2026,IL,17081,Jefferson County,2026-09-20,44,0,,0,0,,,,,1,il-sbe,2026-09-20T03:24:25+00:00
2026,IL,17081,Jefferson County,2026-09-21,43,0,,0,0,,,,,1,il-sbe,2026-09-21T03:19:32+00:00
2026,IL,17081,Jefferson County,2026-09-22,42,0,,0,0,,,,,1,il-sbe,2026-09-22T00:36:05+00:00
2026,IL,17081,Jefferson County,2026-09-23,41,0,,0,0,,,,,1,il-sbe,2026-09-23T04:34:26+00:00
2026,IL,17081,Jefferson County,2026-09-24,40,0,,0,0,,,,,1,il-sbe,2026-09-24T00:14:04+00:00
2026,IL,17081,Jefferson County,2026-09-25,39,32,,16,16,,,,,1,il-sbe,2026-09-25T19:49:30+00:00
2026,IL,17081,Jefferson County,2026-09-26,38,32,,16,16,,,,,1,il-sbe,2026-09-26T03:32:01+00:00
2026,IL,17081,Jefferson County,2026-09-27,37,32,,16,16,,,,,1,il-sbe,2026-09-27T03:40:10+00:00
2026,IL,17081,Jefferson County,2026-09-28,36,84,,42,42,,,,,1,il-sbe,2026-09-28T17:43:15+00:00
2026,IL,17081,Jefferson County,2026-09-29,35,84,,42,42,,,,,1,il-sbe,2026-09-29T07:53:29+00:00
2026,IL,17081,Jefferson County,2026-09-30,34,196,,98,98,,,,,1,il-sbe,2026-09-30T20:32:53+00:00
2026,IL,17081,Jefferson County,2026-10-01,33,196,,98,98,,,,,1,il-sbe,2026-10-01T01:04:09+00:00
2026,IL,17083,Jersey County,2026-09-06,58,0,,0,0,,,,,1,il-sbe,2026-09-06T23:28:30+00:00
2026,IL,17083,Jersey County,2026-09-07,57,0,,0,0,,,,,1,il-sbe,2026-09-07T00:37:54+00:00
2026,IL,17083,Jersey County,2026-09-08,56,0,,0,0,,,,,1,il-sbe,2026-09-08T03:03:27+00:00
2026,IL,17083,Jersey County,2026-09-09,55,0,,0,0,,,,,1,il-sbe,2026-09-09T03:04:22+00:00
2026,IL,17083,Jersey County,2026-09-10,54,0,,0,0,,,,,1,il-sbe,2026-09-10T03:04:52+00:00
2026,IL,17083,Jersey County,2026-09-11,53,0,,0,0,,,,,1,il-sbe,2026-09-11T02:59:47+00:00
2026,IL,17083,Jersey County,2026-09-12,52,0,,0,0,,,,,1,il-sbe,2026-09-12T03:07:19+00:00
2026,IL,17083,Jersey County,2026-09-13,51,0,,0,0,,,,,1,il-sbe,2026-09-13T03:09:07+00:00
2026,IL,17083,Jersey County,2026-09-14,50,0,,0,0,,,,,1,il-sbe,2026-09-14T09:34:07+00:00
2026,IL,17083,Jersey County,2026-09-15,49,0,,0,0,,,,,1,il-sbe,2026-09-15T00:16:59+00:00
2026,IL,17083,Jersey County,2026-09-16,48,0,,0,0,,,,,1,il-sbe,2026-09-16T04:08:21+00:00
2026,IL,17083,Jersey County,2026-09-17,47,0,,0,0,,,,,1,il-sbe,2026-09-17T00:04:51+00:00
2026,IL,17083,Jersey County,2026-09-18,46,0,,0,0,,,,,1,il-sbe,2026-09-18T03:11:45+00:00
2026,IL,17083,Jersey County,2026-09-19,45,0,,0,0,,,,,1,il-sbe,2026-09-19T03:08:06+00:00
2026,IL,17083,Jersey County,2026-09-20,44,0,,0,0,,,,,1,il-sbe,2026-09-20T03:24:25+00:00
2026,IL,17083,Jersey County,2026-09-21,43,0,,0,0,,,,,1,il-sbe,2026-09-21T03:19:32+00:00
2026,IL,17083,Jersey County,2026-09-22,42,0,,0,0,,,,,1,il-sbe,2026-09-22T00:36:05+00:00
2026,IL,17083,Jersey County,2026-09-23,41,0,,0,0,,,,,1,il-sbe,2026-09-23T04:34:26+00:00
2026,IL,17083,Jersey County,2026-09-24,40,0,,0,0,,,,,1,il-sbe,2026-09-24T00:14:04+00:00
2026,IL,17083,Jersey County,2026-09-25,39,25,,0,25,,,,,1,il-sbe,2026-09-25T19:49:30+00:00
2026,IL,17083,Jersey County,2026-09-26,38,25,,0,25,,,,,1,il-sbe,2026-09-26T03:32:01+00:00
2026,IL,17083,Jersey County,2026-09-27,37,25,,0,25,,,,,1,il-sbe,2026-09-27T03:40:10+00:00
2026,IL,17083,Jersey County,2026-09-28,36,58,,7,51,,,,,1,il-sbe,2026-09-28T17:43:15+00:00
2026,IL,17083,Jersey County,2026-09-29,35,58,,7,51,,,,,1,il-sbe,2026-09-29T07:53:29+00:00
2026,IL,17083,Jersey County,2026-09-30,34,191,,110,81,,,,,1,il-sbe,2026-09-30T20:32:53+00:00
2026,IL,17083,Jersey County,2026-10-01,33,191,,110,81,,,,,1,il-sbe,2026-10-01T01:04:09+00:00
2026,IL,17085,Jo Daviess County,2026-09-06,58,0,,0,0,,,,,1,il-sbe,2026-09-06T23:28:30+00:00
2026,IL,17085,Jo Daviess County,2026-09-07,57,0,,0,0,,,,,1,il-sbe,2026-09-07T00:37:54+00:00
2026,IL,17085,Jo Daviess County,2026-09-08,56,0,,0,0,,,,,1,il-sbe,2026-09-08T03:03:27+00:00
2026,IL,17085,Jo Daviess County,2026-09-09,55,0,,0,0,,,,,1,il-sbe,2026-09-09T03:04:22+00:00
2026,IL,17085,Jo Daviess County,2026-09-10,54,0,,0,0,,,,,1,il-sbe,2026-09-10T03:04:52+00:00
2026,IL,17085,Jo Daviess County,2026-09-11,53,0,,0,0,,,,,1,il-sbe,2026-09-11T02:59:47+00:00
2026,IL,17085,Jo Daviess County,2026-09-12,52,0,,0,0,,,,,1,il-sbe,2026-09-12T03:07:19+00:00
2026,IL,17085,Jo Daviess County,2026-09-13,51,0,,0,0,,,,,1,il-sbe,2026-09-13T03:09:07+00:00
2026,IL,17085,Jo Daviess County,2026-09-14,50,0,,0,0,,,,,1,il-sbe,2026-09-14T09:34:07+00:00
2026,IL,17085,Jo Daviess County,2026-09-15,49,0,,0,0,,,,,1,il-sbe,2026-09-15T00:16:59+00:00
2026,IL,17085,Jo Daviess County,2026-09-16,48,0,,0,0,,,,,1,il-sbe,2026-09-16T04:08:21+00:00
2026,IL,17085,Jo Daviess County,2026-09-17,47,0,,0,0,,,,,1,il-sbe,2026-09-17T00:04:51+00:00
2026,IL,17085,Jo Daviess County,2026-09-18,46,0,,0,0,,,,,1,il-sbe,2026-09-18T03:11:45+00:00
2026,IL,17085,Jo Daviess County,2026-09-19,45,0,,0,0,,,,,1,il-sbe,2026-09-19T03:08:06+00:00
2026,IL,17085,Jo Daviess County,2026-09-20,44,0,,0,0,,,,,1,il-sbe,2026-09-20T03:24:25+00:00
2026,IL,17085,Jo Daviess County,2026-09-21,43,0,,0,0,,,,,1,il-sbe,2026-09-21T03:19:32+00:00
2026,IL,17085,Jo Daviess County,2026-09-22,42,0,,0,0,,,,,1,il-sbe,2026-09-22T00:36:05+00:00
2026,IL,17085,Jo Daviess County,2026-09-23,41,0,,0,0,,,,,1,il-sbe,2026-09-23T04:34:26+00:00
2026,IL,17085,Jo Daviess County,2026-09-24,40,0,,0,0,,,,,1,il-sbe,2026-09-24T00:14:04+00:00
2026,IL,17085,Jo Daviess County,2026-09-25,39,18,,0,18,,,,,1,il-sbe,2026-09-25T19:49:30+00:00
2026,IL,17085,Jo Daviess County,2026-09-26,38,18,,0,18,,,,,1,il-sbe,2026-09-26T03:32:01+00:00
2026,IL,17085,Jo Daviess County,2026-09-27,37,18,,0,18,,,,,1,il-sbe,2026-09-27T03:40:10+00:00
2026,IL,17085,Jo Daviess County,2026-09-28,36,36,,0,36,,,,,1,il-sbe,2026-09-28T17:43:15+00:00
2026,IL,17085,Jo Daviess County,2026-09-29,35,36,,0,36,,,,,1,il-sbe,2026-09-29T07:53:29+00:00
2026,IL,17085,Jo Daviess County,2026-09-30,34,107,,15,92,,,,,1,il-sbe,2026-09-30T20:32:53+00:00
2026,IL,17085,Jo Daviess County,2026-10-01,33,107,,15,92,,,,,1,il-sbe,2026-10-01T01:04:09+00:00
2026,IL,17087,Johnson County,2026-09-06,58,0,,0,0,,,,,1,il-sbe,2026-09-06T23:28:30+00:00
2026,IL,17087,Johnson County,2026-09-07,57,0,,0,0,,,,,1,il-sbe,2026-09-07T00:37:54+00:00
2026,IL,17087,Johnson County,2026-09-08,56,0,,0,0,,,,,1,il-sbe,2026-09-08T03:03:27+00:00
2026,IL,17087,Johnson County,2026-09-09,55,0,,0,0,,,,,1,il-sbe,2026-09-09T03:04:22+00:00
2026,IL,17087,Johnson County,2026-09-10,54,0,,0,0,,,,,1,il-sbe,2026-09-10T03:04:52+00:00
2026,IL,17087,Johnson County,2026-09-11,53,0,,0,0,,,,,1,il-sbe,2026-09-11T02:59:47+00:00
2026,IL,17087,Johnson County,2026-09-12,52,0,,0,0,,,,,1,il-sbe,2026-09-12T03:07:19+00:00
2026,IL,17087,Johnson County,2026-09-13,51,0,,0,0,,,,,1,il-sbe,2026-09-13T03:09:07+00:00
2026,IL,17087,Johnson County,2026-09-14,50,0,,0,0,,,,,1,il-sbe,2026-09-14T09:34:07+00:00
2026,IL,17087,Johnson County,2026-09-15,49,0,,0,0,,,,,1,il-sbe,2026-09-15T00:16:59+00:00
2026,IL,17087,Johnson County,2026-09-16,48,0,,0,0,,,,,1,il-sbe,2026-09-16T04:08:21+00:00
2026,IL,17087,Johnson County,2026-09-17,47,0,,0,0,,,,,1,il-sbe,2026-09-17T00:04:51+00:00
2026,IL,17087,Johnson County,2026-09-18,46,0,,0,0,,,,,1,il-sbe,2026-09-18T03:11:45+00:00
2026,IL,17087,Johnson County,2026-09-19,45,0,,0,0,,,,,1,il-sbe,2026-09-19T03:08:06+00:00
2026,IL,17087,Johnson County,2026-09-20,44,0,,0,0,,,,,1,il-sbe,2026-09-20T03:24:25+00:00
2026,IL,17087,Johnson County,2026-09-21,43,0,,0,0,,,,,1,il-sbe,2026-09-21T03:19:32+00:00
2026,IL,17087,Johnson County,2026-09-22,42,0,,0,0,,,,,1,il-sbe,2026-09-22T00:36:05+00:00
2026,IL,17087,Johnson County,2026-09-23,41,0,,0,0,,,,,1,il-sbe,2026-09-23T04:34:26+00:00
2026,IL,17087,Johnson County,2026-09-24,40,0,,0,0,,,,,1,il-sbe,2026-09-24T00:14:04+00:00
2026,IL,17087,Johnson County,2026-09-25,39,10,,5,5,,,,,1,il-sbe,2026-09-25T19:49:30+00:00
2026,IL,17087,Johnson County,2026-09-26,38,10,,5,5,,,,,1,il-sbe,2026-09-26T03:32:01+00:00
2026,IL,17087,Johnson County,2026-09-27,37,10,,5,5,,,,,1,il-sbe,2026-09-27T03:40:10+00:00
2026,IL,17087,Johnson County,2026-09-28,36,18,,9,9,,,,,1,il-sbe,2026-09-28T17:43:15+00:00
2026,IL,17087,Johnson County,2026-09-29,35,18,,9,9,,,,,1,il-sbe,2026-09-29T07:53:29+00:00
2026,IL,17087,Johnson County,2026-09-30,34,77,,41,36,,,,,1,il-sbe,2026-09-30T20:32:53+00:00
2026,IL,17087,Johnson County,2026-10-01,33,77,,41,36,,,,,1,il-sbe,2026-10-01T01:04:09+00:00
2026,IL,17089,Kane County,2026-09-06,58,0,,0,0,,,,,1,il-sbe,2026-09-06T23:28:30+00:00
2026,IL,17089,Kane County,2026-09-07,57,0,,0,0,,,,,1,il-sbe,2026-09-07T00:37:54+00:00
2026,IL,17089,Kane County,2026-09-08,56,0,,0,0,,,,,1,il-sbe,2026-09-08T03:03:27+00:00
2026,IL,17089,Kane County,2026-09-09,55,0,,0,0,,,,,1,il-sbe,2026-09-09T03:04:22+00:00
2026,IL,17089,Kane County,2026-09-10,54,0,,0,0,,,,,1,il-sbe,2026-09-10T03:04:52+00:00
2026,IL,17089,Kane County,2026-09-11,53,0,,0,0,,,,,1,il-sbe,2026-09-11T02:59:47+00:00
2026,IL,17089,Kane County,2026-09-12,52,0,,0,0,,,,,1,il-sbe,2026-09-12T03:07:19+00:00
2026,IL,17089,Kane County,2026-09-13,51,0,,0,0,,,,,1,il-sbe,2026-09-13T03:09:07+00:00
2026,IL,17089,Kane County,2026-09-14,50,0,,0,0,,,,,1,il-sbe,2026-09-14T09:34:07+00:00
2026,IL,17089,Kane County,2026-09-15,49,0,,0,0,,,,,1,il-sbe,2026-09-15T00:16:59+00:00
2026,IL,17089,Kane County,2026-09-16,48,0,,0,0,,,,,1,il-sbe,2026-09-16T04:08:21+00:00
2026,IL,17089,Kane County,2026-09-17,47,0,,0,0,,,,,1,il-sbe,2026-09-17T00:04:51+00:00
2026,IL,17089,Kane County,2026-09-18,46,0,,0,0,,,,,1,il-sbe,2026-09-18T03:11:45+00:00
2026,IL,17089,Kane County,2026-09-19,45,0,,0,0,,,,,1,il-sbe,2026-09-19T03:08:06+00:00
2026,IL,17089,Kane County,2026-09-20,44,0,,0,0,,,,,1,il-sbe,2026-09-20T03:24:25+00:00
2026,IL,17089,Kane County,2026-09-21,43,0,,0,0,,,,,1,il-sbe,2026-09-21T03:19:32+00:00
2026,IL,17089,Kane County,2026-09-22,42,0,,0,0,,,,,1,il-sbe,2026-09-22T00:36:05+00:00
2026,IL,17089,Kane County,2026-09-23,41,0,,0,0,,,,,1,il-sbe,2026-09-23T04:34:26+00:00
2026,IL,17089,Kane County,2026-09-24,40,0,,0,0,,,,,1,il-sbe,2026-09-24T00:14:04+00:00
2026,IL,17089,Kane County,2026-09-25,39,281,,2,279,,,,,1,il-sbe,2026-09-25T19:49:30+00:00
2026,IL,17089,Kane County,2026-09-26,38,281,,2,279,,,,,1,il-sbe,2026-09-26T03:32:01+00:00
2026,IL,17089,Kane County,2026-09-27,37,281,,2,279,,,,,1,il-sbe,2026-09-27T03:40:10+00:00
2026,IL,17089,Kane County,2026-09-28,36,516,,2,514,,,,,1,il-sbe,2026-09-28T17:43:15+00:00
2026,IL,17089,Kane County,2026-09-29,35,516,,2,514,,,,,1,il-sbe,2026-09-29T07:53:29+00:00
2026,IL,17089,Kane County,2026-09-30,34,985,,2,983,,,,,1,il-sbe,2026-09-30T20:32:53+00:00
2026,IL,17089,Kane County,2026-10-01,33,985,,2,983,,,,,1,il-sbe,2026-10-01T01:04:09+00:00
2026,IL,17091,Kankakee County,2026-09-06,58,0,,0,0,,,,,1,il-sbe,2026-09-06T23:28:30+00:00
2026,IL,17091,Kankakee County,2026-09-07,57,0,,0,0,,,,,1,il-sbe,2026-09-07T00:37:54+00:00
2026,IL,17091,Kankakee County,2026-09-08,56,0,,0,0,,,,,1,il-sbe,2026-09-08T03:03:27+00:00
2026,IL,17091,Kankakee County,2026-09-09,55,0,,0,0,,,,,1,il-sbe,2026-09-09T03:04:22+00:00
2026,IL,17091,Kankakee County,2026-09-10,54,0,,0,0,,,,,1,il-sbe,2026-09-10T03:04:52+00:00
2026,IL,17091,Kankakee County,2026-09-11,53,0,,0,0,,,,,1,il-sbe,2026-09-11T02:59:47+00:00
2026,IL,17091,Kankakee County,2026-09-12,52,0,,0,0,,,,,1,il-sbe,2026-09-12T03:07:19+00:00
2026,IL,17091,Kankakee County,2026-09-13,51,0,,0,0,,,,,1,il-sbe,2026-09-13T03:09:07+00:00
2026,IL,17091,Kankakee County,2026-09-14,50,0,,0,0,,,,,1,il-sbe,2026-09-14T09:34:07+00:00
2026,IL,17091,Kankakee County,2026-09-15,49,0,,0,0,,,,,1,il-sbe,2026-09-15T00:16:59+00:00
2026,IL,17091,Kankakee County,2026-09-16,48,0,,0,0,,,,,1,il-sbe,2026-09-16T04:08:21+00:00
2026,IL,17091,Kankakee County,2026-09-17,47,0,,0,0,,,,,1,il-sbe,2026-09-17T00:04:51+00:00
2026,IL,17091,Kankakee County,2026-09-18,46,0,,0,0,,,,,1,il-sbe,2026-09-18T03:11:45+00:00
2026,IL,17091,Kankakee County,2026-09-19,45,0,,0,0,,,,,1,il-sbe,2026-09-19T03:08:06+00:00
2026,IL,17091,Kankakee County,2026-09-20,44,0,,0,0,,,,,1,il-sbe,2026-09-20T03:24:25+00:00
2026,IL,17091,Kankakee County,2026-09-21,43,0,,0,0,,,,,1,il-sbe,2026-09-21T03:19:32+00:00
2026,IL,17091,Kankakee County,2026-09-22,42,0,,0,0,,,,,1,il-sbe,2026-09-22T00:36:05+00:00
2026,IL,17091,Kankakee County,2026-09-23,41,0,,0,0,,,,,1,il-sbe,2026-09-23T04:34:26+00:00
2026,IL,17091,Kankakee County,2026-09-24,40,0,,0,0,,,,,1,il-sbe,2026-09-24T00:14:04+00:00
2026,IL,17091,Kankakee County,2026-09-25,39,206,,103,103,,,,,1,il-sbe,2026-09-25T19:49:30+00:00
2026,IL,17091,Kankakee County,2026-09-26,38,206,,103,103,,,,,1,il-sbe,2026-09-26T03:32:01+00:00
2026,IL,17091,Kankakee County,2026-09-27,37,206,,103,103,,,,,1,il-sbe,2026-09-27T03:40:10+00:00
2026,IL,17091,Kankakee County,2026-09-28,36,368,,184,184,,,,,1,il-sbe,2026-09-28T17:43:15+00:00
2026,IL,17091,Kankakee County,2026-09-29,35,368,,184,184,,,,,1,il-sbe,2026-09-29T07:53:29+00:00
2026,IL,17091,Kankakee County,2026-09-30,34,720,,364,356,,,,,1,il-sbe,2026-09-30T20:32:53+00:00
2026,IL,17091,Kankakee County,2026-10-01,33,720,,364,356,,,,,1,il-sbe,2026-10-01T01:04:09+00:00
2026,IL,17093,Kendall County,2026-09-06,58,0,,0,0,,,,,1,il-sbe,2026-09-06T23:28:30+00:00
2026,IL,17093,Kendall County,2026-09-07,57,0,,0,0,,,,,1,il-sbe,2026-09-07T00:37:54+00:00
2026,IL,17093,Kendall County,2026-09-08,56,0,,0,0,,,,,1,il-sbe,2026-09-08T03:03:27+00:00
2026,IL,17093,Kendall County,2026-09-09,55,0,,0,0,,,,,1,il-sbe,2026-09-09T03:04:22+00:00
2026,IL,17093,Kendall County,2026-09-10,54,0,,0,0,,,,,1,il-sbe,2026-09-10T03:04:52+00:00
2026,IL,17093,Kendall County,2026-09-11,53,0,,0,0,,,,,1,il-sbe,2026-09-11T02:59:47+00:00
2026,IL,17093,Kendall County,2026-09-12,52,0,,0,0,,,,,1,il-sbe,2026-09-12T03:07:19+00:00
2026,IL,17093,Kendall County,2026-09-13,51,0,,0,0,,,,,1,il-sbe,2026-09-13T03:09:07+00:00
2026,IL,17093,Kendall County,2026-09-14,50,0,,0,0,,,,,1,il-sbe,2026-09-14T09:34:07+00:00
2026,IL,17093,Kendall County,2026-09-15,49,0,,0,0,,,,,1,il-sbe,2026-09-15T00:16:59+00:00
2026,IL,17093,Kendall County,2026-09-16,48,0,,0,0,,,,,1,il-sbe,2026-09-16T04:08:21+00:00
2026,IL,17093,Kendall County,2026-09-17,47,0,,0,0,,,,,1,il-sbe,2026-09-17T00:04:51+00:00
2026,IL,17093,Kendall County,2026-09-18,46,0,,0,0,,,,,1,il-sbe,2026-09-18T03:11:45+00:00
2026,IL,17093,Kendall County,2026-09-19,45,0,,0,0,,,,,1,il-sbe,2026-09-19T03:08:06+00:00
2026,IL,17093,Kendall County,2026-09-20,44,0,,0,0,,,,,1,il-sbe,2026-09-20T03:24:25+00:00
2026,IL,17093,Kendall County,2026-09-21,43,0,,0,0,,,,,1,il-sbe,2026-09-21T03:19:32+00:00
2026,IL,17093,Kendall County,2026-09-22,42,0,,0,0,,,,,1,il-sbe,2026-09-22T00:36:05+00:00
2026,IL,17093,Kendall County,2026-09-23,41,0,,0,0,,,,,1,il-sbe,2026-09-23T04:34:26+00:00
2026,IL,17093,Kendall County,2026-09-24,40,0,,0,0,,,,,1,il-sbe,2026-09-24T00:14:04+00:00
2026,IL,17093,Kendall County,2026-09-25,39,80,,0,80,,,,,1,il-sbe,2026-09-25T19:49:30+00:00
2026,IL,17093,Kendall County,2026-09-26,38,80,,0,80,,,,,1,il-sbe,2026-09-26T03:32:01+00:00
2026,IL,17093,Kendall County,2026-09-27,37,80,,0,80,,,,,1,il-sbe,2026-09-27T03:40:10+00:00
2026,IL,17093,Kendall County,2026-09-28,36,160,,0,160,,,,,1,il-sbe,2026-09-28T17:43:15+00:00
2026,IL,17093,Kendall County,2026-09-29,35,160,,0,160,,,,,1,il-sbe,2026-09-29T07:53:29+00:00
2026,IL,17093,Kendall County,2026-09-30,34,354,,0,354,,,,,1,il-sbe,2026-09-30T20:32:53+00:00
2026,IL,17093,Kendall County,2026-10-01,33,354,,0,354,,,,,1,il-sbe,2026-10-01T01:04:09+00:00
2026,IL,17095,Knox County,2026-09-06,58,0,,0,0,,,,,1,il-sbe,2026-09-06T23:28:30+00:00
2026,IL,17095,Knox County,2026-09-07,57,0,,0,0,,,,,1,il-sbe,2026-09-07T00:37:54+00:00
2026,IL,17095,Knox County,2026-09-08,56,0,,0,0,,,,,1,il-sbe,2026-09-08T03:03:27+00:00
2026,IL,17095,Knox County,2026-09-09,55,0,,0,0,,,,,1,il-sbe,2026-09-09T03:04:22+00:00
2026,IL,17095,Knox County,2026-09-10,54,0,,0,0,,,,,1,il-sbe,2026-09-10T03:04:52+00:00
2026,IL,17095,Knox County,2026-09-11,53,0,,0,0,,,,,1,il-sbe,2026-09-11T02:59:47+00:00
2026,IL,17095,Knox County,2026-09-12,52,0,,0,0,,,,,1,il-sbe,2026-09-12T03:07:19+00:00
2026,IL,17095,Knox County,2026-09-13,51,0,,0,0,,,,,1,il-sbe,2026-09-13T03:09:07+00:00
2026,IL,17095,Knox County,2026-09-14,50,0,,0,0,,,,,1,il-sbe,2026-09-14T09:34:07+00:00
2026,IL,17095,Knox County,2026-09-15,49,0,,0,0,,,,,1,il-sbe,2026-09-15T00:16:59+00:00
2026,IL,17095,Knox County,2026-09-16,48,0,,0,0,,,,,1,il-sbe,2026-09-16T04:08:21+00:00
2026,IL,17095,Knox County,2026-09-17,47,0,,0,0,,,,,1,il-sbe,2026-09-17T00:04:51+00:00
2026,IL,17095,Knox County,2026-09-18,46,0,,0,0,,,,,1,il-sbe,2026-09-18T03:11:45+00:00
2026,IL,17095,Knox County,2026-09-19,45,0,,0,0,,,,,1,il-sbe,2026-09-19T03:08:06+00:00
2026,IL,17095,Knox County,2026-09-20,44,0,,0,0,,,,,1,il-sbe,2026-09-20T03:24:25+00:00
2026,IL,17095,Knox County,2026-09-21,43,0,,0,0,,,,,1,il-sbe,2026-09-21T03:19:32+00:00
2026,IL,17095,Knox County,2026-09-22,42,0,,0,0,,,,,1,il-sbe,2026-09-22T00:36:05+00:00
2026,IL,17095,Knox County,2026-09-23,41,0,,0,0,,,,,1,il-sbe,2026-09-23T04:34:26+00:00
2026,IL,17095,Knox County,2026-09-24,40,0,,0,0,,,,,1,il-sbe,2026-09-24T00:14:04+00:00
2026,IL,17095,Knox County,2026-09-25,39,64,,14,50,,,,,1,il-sbe,2026-09-25T19:49:30+00:00
2026,IL,17095,Knox County,2026-09-26,38,64,,14,50,,,,,1,il-sbe,2026-09-26T03:32:01+00:00
2026,IL,17095,Knox County,2026-09-27,37,64,,14,50,,,,,1,il-sbe,2026-09-27T03:40:10+00:00
2026,IL,17095,Knox County,2026-09-28,36,132,,24,108,,,,,1,il-sbe,2026-09-28T17:43:15+00:00
2026,IL,17095,Knox County,2026-09-29,35,132,,24,108,,,,,1,il-sbe,2026-09-29T07:53:29+00:00
2026,IL,17095,Knox County,2026-09-30,34,320,,80,240,,,,,1,il-sbe,2026-09-30T20:32:53+00:00
2026,IL,17095,Knox County,2026-10-01,33,320,,80,240,,,,,1,il-sbe,2026-10-01T01:04:09+00:00
2026,IL,17097,Lake County,2026-09-06,58,0,,0,0,,,,,1,il-sbe,2026-09-06T23:28:30+00:00
2026,IL,17097,Lake County,2026-09-07,57,0,,0,0,,,,,1,il-sbe,2026-09-07T00:37:54+00:00
2026,IL,17097,Lake County,2026-09-08,56,0,,0,0,,,,,1,il-sbe,2026-09-08T03:03:27+00:00
2026,IL,17097,Lake County,2026-09-09,55,0,,0,0,,,,,1,il-sbe,2026-09-09T03:04:22+00:00
2026,IL,17097,Lake County,2026-09-10,54,0,,0,0,,,,,1,il-sbe,2026-09-10T03:04:52+00:00
2026,IL,17097,Lake County,2026-09-11,53,0,,0,0,,,,,1,il-sbe,2026-09-11T02:59:47+00:00
2026,IL,17097,Lake County,2026-09-12,52,0,,0,0,,,,,1,il-sbe,2026-09-12T03:07:19+00:00
2026,IL,17097,Lake County,2026-09-13,51,0,,0,0,,,,,1,il-sbe,2026-09-13T03:09:07+00:00
2026,IL,17097,Lake County,2026-09-14,50,0,,0,0,,,,,1,il-sbe,2026-09-14T09:34:07+00:00
2026,IL,17097,Lake County,2026-09-15,49,0,,0,0,,,,,1,il-sbe,2026-09-15T00:16:59+00:00
2026,IL,17097,Lake County,2026-09-16,48,0,,0,0,,,,,1,il-sbe,2026-09-16T04:08:21+00:00
2026,IL,17097,Lake County,2026-09-17,47,0,,0,0,,,,,1,il-sbe,2026-09-17T00:04:51+00:00
2026,IL,17097,Lake County,2026-09-18,46,0,,0,0,,,,,1,il-sbe,2026-09-18T03:11:45+00:00
2026,IL,17097,Lake County,2026-09-19,45,0,,0,0,,,,,1,il-sbe,2026-09-19T03:08:06+00:00
2026,IL,17097,Lake County,2026-09-20,44,0,,0,0,,,,,1,il-sbe,2026-09-20T03:24:25+00:00
2026,IL,17097,Lake County,2026-09-21,43,0,,0,0,,,,,1,il-sbe,2026-09-21T03:19:32+00:00
2026,IL,17097,Lake County,2026-09-22,42,0,,0,0,,,,,1,il-sbe,2026-09-22T00:36:05+00:00
2026,IL,17097,Lake County,2026-09-23,41,0,,0,0,,,,,1,il-sbe,2026-09-23T04:34:26+00:00
2026,IL,17097,Lake County,2026-09-24,40,0,,0,0,,,,,1,il-sbe,2026-09-24T00:14:04+00:00
2026,IL,17097,Lake County,2026-09-25,39,95,,0,95,,,,,1,il-sbe,2026-09-25T19:49:30+00:00
2026,IL,17097,Lake County,2026-09-26,38,95,,0,95,,,,,1,il-sbe,2026-09-26T03:32:01+00:00
2026,IL,17097,Lake County,2026-09-27,37,95,,0,95,,,,,1,il-sbe,2026-09-27T03:40:10+00:00
2026,IL,17097,Lake County,2026-09-28,36,215,,0,215,,,,,1,il-sbe,2026-09-28T17:43:15+00:00
2026,IL,17097,Lake County,2026-09-29,35,215,,0,215,,,,,1,il-sbe,2026-09-29T07:53:29+00:00
2026,IL,17097,Lake County,2026-09-30,34,677,,255,422,,,,,1,il-sbe,2026-09-30T20:32:53+00:00
2026,IL,17097,Lake County,2026-10-01,33,677,,255,422,,,,,1,il-sbe,2026-10-01T01:04:09+00:00
2026,IL,17099,LaSalle County,2026-09-06,58,0,,0,0,,,,,1,il-sbe,2026-09-06T23:28:30+00:00
2026,IL,17099,LaSalle County,2026-09-07,57,0,,0,0,,,,,1,il-sbe,2026-09-07T00:37:54+00:00
2026,IL,17099,LaSalle County,2026-09-08,56,0,,0,0,,,,,1,il-sbe,2026-09-08T03:03:27+00:00
2026,IL,17099,LaSalle County,2026-09-09,55,0,,0,0,,,,,1,il-sbe,2026-09-09T03:04:22+00:00
2026,IL,17099,LaSalle County,2026-09-10,54,0,,0,0,,,,,1,il-sbe,2026-09-10T03:04:52+00:00
2026,IL,17099,LaSalle County,2026-09-11,53,0,,0,0,,,,,1,il-sbe,2026-09-11T02:59:47+00:00
2026,IL,17099,LaSalle County,2026-09-12,52,0,,0,0,,,,,1,il-sbe,2026-09-12T03:07:19+00:00
2026,IL,17099,LaSalle County,2026-09-13,51,0,,0,0,,,,,1,il-sbe,2026-09-13T03:09:07+00:00
2026,IL,17099,LaSalle County,2026-09-14,50,0,,0,0,,,,,1,il-sbe,2026-09-14T09:34:07+00:00
2026,IL,17099,LaSalle County,2026-09-15,49,0,,0,0,,,,,1,il-sbe,2026-09-15T00:16:59+00:00
2026,IL,17099,LaSalle County,2026-09-16,48,0,,0,0,,,,,1,il-sbe,2026-09-16T04:08:21+00:00
2026,IL,17099,LaSalle County,2026-09-17,47,0,,0,0,,,,,1,il-sbe,2026-09-17T00:04:51+00:00
2026,IL,17099,LaSalle County,2026-09-18,46,0,,0,0,,,,,1,il-sbe,2026-09-18T03:11:45+00:00
2026,IL,17099,LaSalle County,2026-09-19,45,0,,0,0,,,,,1,il-sbe,2026-09-19T03:08:06+00:00
2026,IL,17099,LaSalle County,2026-09-20,44,0,,0,0,,,,,1,il-sbe,2026-09-20T03:24:25+00:00
2026,IL,17099,LaSalle County,2026-09-21,43,0,,0,0,,,,,1,il-sbe,2026-09-21T03:19:32+00:00
2026,IL,17099,LaSalle County,2026-09-22,42,0,,0,0,,,,,1,il-sbe,2026-09-22T00:36:05+00:00
2026,IL,17099,LaSalle County,2026-09-23,41,0,,0,0,,,,,1,il-sbe,2026-09-23T04:34:26+00:00
2026,IL,17099,LaSalle County,2026-09-24,40,0,,0,0,,,,,1,il-sbe,2026-09-24T00:14:04+00:00
2026,IL,17099,LaSalle County,2026-09-25,39,112,,60,52,,,,,1,il-sbe,2026-09-25T19:49:30+00:00
2026,IL,17099,LaSalle County,2026-09-26,38,112,,60,52,,,,,1,il-sbe,2026-09-26T03:32:01+00:00
2026,IL,17099,LaSalle County,2026-09-27,37,112,,60,52,,,,,1,il-sbe,2026-09-27T03:40:10+00:00
2026,IL,17099,LaSalle County,2026-09-28,36,247,,129,118,,,,,1,il-sbe,2026-09-28T17:43:15+00:00
2026,IL,17099,LaSalle County,2026-09-29,35,247,,129,118,,,,,1,il-sbe,2026-09-29T07:53:29+00:00
2026,IL,17099,LaSalle County,2026-09-30,34,476,,238,238,,,,,1,il-sbe,2026-09-30T20:32:53+00:00
2026,IL,17099,LaSalle County,2026-10-01,33,476,,238,238,,,,,1,il-sbe,2026-10-01T01:04:09+00:00
2026,IL,17101,Lawrence County,2026-09-06,58,0,,0,0,,,,,1,il-sbe,2026-09-06T23:28:30+00:00
2026,IL,17101,Lawrence County,2026-09-07,57,0,,0,0,,,,,1,il-sbe,2026-09-07T00:37:54+00:00
2026,IL,17101,Lawrence County,2026-09-08,56,0,,0,0,,,,,1,il-sbe,2026-09-08T03:03:27+00:00
2026,IL,17101,Lawrence County,2026-09-09,55,0,,0,0,,,,,1,il-sbe,2026-09-09T03:04:22+00:00
2026,IL,17101,Lawrence County,2026-09-10,54,0,,0,0,,,,,1,il-sbe,2026-09-10T03:04:52+00:00
2026,IL,17101,Lawrence County,2026-09-11,53,0,,0,0,,,,,1,il-sbe,2026-09-11T02:59:47+00:00
2026,IL,17101,Lawrence County,2026-09-12,52,0,,0,0,,,,,1,il-sbe,2026-09-12T03:07:19+00:00
2026,IL,17101,Lawrence County,2026-09-13,51,0,,0,0,,,,,1,il-sbe,2026-09-13T03:09:07+00:00
2026,IL,17101,Lawrence County,2026-09-14,50,0,,0,0,,,,,1,il-sbe,2026-09-14T09:34:07+00:00
2026,IL,17101,Lawrence County,2026-09-15,49,0,,0,0,,,,,1,il-sbe,2026-09-15T00:16:59+00:00
2026,IL,17101,Lawrence County,2026-09-16,48,0,,0,0,,,,,1,il-sbe,2026-09-16T04:08:21+00:00
2026,IL,17101,Lawrence County,2026-09-17,47,0,,0,0,,,,,1,il-sbe,2026-09-17T00:04:51+00:00
2026,IL,17101,Lawrence County,2026-09-18,46,0,,0,0,,,,,1,il-sbe,2026-09-18T03:11:45+00:00
2026,IL,17101,Lawrence County,2026-09-19,45,0,,0,0,,,,,1,il-sbe,2026-09-19T03:08:06+00:00
2026,IL,17101,Lawrence County,2026-09-20,44,0,,0,0,,,,,1,il-sbe,2026-09-20T03:24:25+00:00
2026,IL,17101,Lawrence County,2026-09-21,43,0,,0,0,,,,,1,il-sbe,2026-09-21T03:19:32+00:00
2026,IL,17101,Lawrence County,2026-09-22,42,0,,0,0,,,,,1,il-sbe,2026-09-22T00:36:05+00:00
2026,IL,17101,Lawrence County,2026-09-23,41,0,,0,0,,,,,1,il-sbe,2026-09-23T04:34:26+00:00
2026,IL,17101,Lawrence County,2026-09-24,40,0,,0,0,,,,,1,il-sbe,2026-09-24T00:14:04+00:00
2026,IL,17101,Lawrence County,2026-09-25,39,0,,0,0,,,,,1,il-sbe,2026-09-25T03:26:04+00:00
2026,IL,17101,Lawrence County,2026-09-26,38,0,,0,0,,,,,1,il-sbe,2026-09-26T03:32:01+00:00
2026,IL,17101,Lawrence County,2026-09-27,37,0,,0,0,,,,,1,il-sbe,2026-09-27T03:40:10+00:00
2026,IL,17101,Lawrence County,2026-09-28,36,7,,0,7,,,,,1,il-sbe,2026-09-28T17:43:15+00:00
2026,IL,17101,Lawrence County,2026-09-29,35,7,,0,7,,,,,1,il-sbe,2026-09-29T07:53:29+00:00
2026,IL,17101,Lawrence County,2026-09-30,34,98,,82,16,,,,,1,il-sbe,2026-09-30T20:32:53+00:00
2026,IL,17101,Lawrence County,2026-10-01,33,98,,82,16,,,,,1,il-sbe,2026-10-01T01:04:09+00:00
2026,IL,17103,Lee County,2026-09-06,58,0,,0,0,,,,,1,il-sbe,2026-09-06T23:28:30+00:00
2026,IL,17103,Lee County,2026-09-07,57,0,,0,0,,,,,1,il-sbe,2026-09-07T00:37:54+00:00
2026,IL,17103,Lee County,2026-09-08,56,0,,0,0,,,,,1,il-sbe,2026-09-08T03:03:27+00:00
2026,IL,17103,Lee County,2026-09-09,55,0,,0,0,,,,,1,il-sbe,2026-09-09T03:04:22+00:00
2026,IL,17103,Lee County,2026-09-10,54,0,,0,0,,,,,1,il-sbe,2026-09-10T03:04:52+00:00
2026,IL,17103,Lee County,2026-09-11,53,0,,0,0,,,,,1,il-sbe,2026-09-11T02:59:47+00:00
2026,IL,17103,Lee County,2026-09-12,52,0,,0,0,,,,,1,il-sbe,2026-09-12T03:07:19+00:00
2026,IL,17103,Lee County,2026-09-13,51,0,,0,0,,,,,1,il-sbe,2026-09-13T03:09:07+00:00
2026,IL,17103,Lee County,2026-09-14,50,0,,0,0,,,,,1,il-sbe,2026-09-14T09:34:07+00:00
2026,IL,17103,Lee County,2026-09-15,49,0,,0,0,,,,,1,il-sbe,2026-09-15T00:16:59+00:00
2026,IL,17103,Lee County,2026-09-16,48,0,,0,0,,,,,1,il-sbe,2026-09-16T04:08:21+00:00
2026,IL,17103,Lee County,2026-09-17,47,0,,0,0,,,,,1,il-sbe,2026-09-17T00:04:51+00:00
2026,IL,17103,Lee County,2026-09-18,46,0,,0,0,,,,,1,il-sbe,2026-09-18T03:11:45+00:00
2026,IL,17103,Lee County,2026-09-19,45,0,,0,0,,,,,1,il-sbe,2026-09-19T03:08:06+00:00
2026,IL,17103,Lee County,2026-09-20,44,0,,0,0,,,,,1,il-sbe,2026-09-20T03:24:25+00:00
2026,IL,17103,Lee County,2026-09-21,43,0,,0,0,,,,,1,il-sbe,2026-09-21T03:19:32+00:00
2026,IL,17103,Lee County,2026-09-22,42,0,,0,0,,,,,1,il-sbe,2026-09-22T00:36:05+00:00
2026,IL,17103,Lee County,2026-09-23,41,0,,0,0,,,,,1,il-sbe,2026-09-23T04:34:26+00:00
2026,IL,17103,Lee County,2026-09-24,40,0,,0,0,,,,,1,il-sbe,2026-09-24T00:14:04+00:00
2026,IL,17103,Lee County,2026-09-25,39,37,,0,37,,,,,1,il-sbe,2026-09-25T19:49:30+00:00
2026,IL,17103,Lee County,2026-09-26,38,37,,0,37,,,,,1,il-sbe,2026-09-26T03:32:01+00:00
2026,IL,17103,Lee County,2026-09-27,37,37,,0,37,,,,,1,il-sbe,2026-09-27T03:40:10+00:00
2026,IL,17103,Lee County,2026-09-28,36,83,,1,82,,,,,1,il-sbe,2026-09-28T17:43:15+00:00
2026,IL,17103,Lee County,2026-09-29,35,83,,1,82,,,,,1,il-sbe,2026-09-29T07:53:29+00:00
2026,IL,17103,Lee County,2026-09-30,34,184,,2,182,,,,,1,il-sbe,2026-09-30T20:32:53+00:00
2026,IL,17103,Lee County,2026-10-01,33,184,,2,182,,,,,1,il-sbe,2026-10-01T01:04:09+00:00
2026,IL,17105,Livingston County,2026-09-06,58,0,,0,0,,,,,1,il-sbe,2026-09-06T23:28:30+00:00
2026,IL,17105,Livingston County,2026-09-07,57,0,,0,0,,,,,1,il-sbe,2026-09-07T00:37:54+00:00
2026,IL,17105,Livingston County,2026-09-08,56,0,,0,0,,,,,1,il-sbe,2026-09-08T03:03:27+00:00
2026,IL,17105,Livingston County,2026-09-09,55,0,,0,0,,,,,1,il-sbe,2026-09-09T03:04:22+00:00
2026,IL,17105,Livingston County,2026-09-10,54,0,,0,0,,,,,1,il-sbe,2026-09-10T03:04:52+00:00
2026,IL,17105,Livingston County,2026-09-11,53,0,,0,0,,,,,1,il-sbe,2026-09-11T02:59:47+00:00
2026,IL,17105,Livingston County,2026-09-12,52,0,,0,0,,,,,1,il-sbe,2026-09-12T03:07:19+00:00
2026,IL,17105,Livingston County,2026-09-13,51,0,,0,0,,,,,1,il-sbe,2026-09-13T03:09:07+00:00
2026,IL,17105,Livingston County,2026-09-14,50,0,,0,0,,,,,1,il-sbe,2026-09-14T09:34:07+00:00
2026,IL,17105,Livingston County,2026-09-15,49,0,,0,0,,,,,1,il-sbe,2026-09-15T00:16:59+00:00
2026,IL,17105,Livingston County,2026-09-16,48,0,,0,0,,,,,1,il-sbe,2026-09-16T04:08:21+00:00
2026,IL,17105,Livingston County,2026-09-17,47,0,,0,0,,,,,1,il-sbe,2026-09-17T00:04:51+00:00
2026,IL,17105,Livingston County,2026-09-18,46,0,,0,0,,,,,1,il-sbe,2026-09-18T03:11:45+00:00
2026,IL,17105,Livingston County,2026-09-19,45,0,,0,0,,,,,1,il-sbe,2026-09-19T03:08:06+00:00
2026,IL,17105,Livingston County,2026-09-20,44,0,,0,0,,,,,1,il-sbe,2026-09-20T03:24:25+00:00
2026,IL,17105,Livingston County,2026-09-21,43,0,,0,0,,,,,1,il-sbe,2026-09-21T03:19:32+00:00
2026,IL,17105,Livingston County,2026-09-22,42,0,,0,0,,,,,1,il-sbe,2026-09-22T00:36:05+00:00
2026,IL,17105,Livingston County,2026-09-23,41,0,,0,0,,,,,1,il-sbe,2026-09-23T04:34:26+00:00
2026,IL,17105,Livingston County,2026-09-24,40,0,,0,0,,,,,1,il-sbe,2026-09-24T00:14:04+00:00
2026,IL,17105,Livingston County,2026-09-25,39,34,,0,34,,,,,1,il-sbe,2026-09-25T19:49:30+00:00
2026,IL,17105,Livingston County,2026-09-26,38,34,,0,34,,,,,1,il-sbe,2026-09-26T03:32:01+00:00
2026,IL,17105,Livingston County,2026-09-27,37,34,,0,34,,,,,1,il-sbe,2026-09-27T03:40:10+00:00
2026,IL,17105,Livingston County,2026-09-28,36,61,,0,61,,,,,1,il-sbe,2026-09-28T17:43:15+00:00
2026,IL,17105,Livingston County,2026-09-29,35,61,,0,61,,,,,1,il-sbe,2026-09-29T07:53:29+00:00
2026,IL,17105,Livingston County,2026-09-30,34,166,,64,102,,,,,1,il-sbe,2026-09-30T20:32:53+00:00
2026,IL,17105,Livingston County,2026-10-01,33,166,,64,102,,,,,1,il-sbe,2026-10-01T01:04:09+00:00
2026,IL,17107,Logan County,2026-09-06,58,0,,0,0,,,,,1,il-sbe,2026-09-06T23:28:30+00:00
2026,IL,17107,Logan County,2026-09-07,57,0,,0,0,,,,,1,il-sbe,2026-09-07T00:37:54+00:00
2026,IL,17107,Logan County,2026-09-08,56,0,,0,0,,,,,1,il-sbe,2026-09-08T03:03:27+00:00
2026,IL,17107,Logan County,2026-09-09,55,0,,0,0,,,,,1,il-sbe,2026-09-09T03:04:22+00:00
2026,IL,17107,Logan County,2026-09-10,54,0,,0,0,,,,,1,il-sbe,2026-09-10T03:04:52+00:00
2026,IL,17107,Logan County,2026-09-11,53,0,,0,0,,,,,1,il-sbe,2026-09-11T02:59:47+00:00
2026,IL,17107,Logan County,2026-09-12,52,0,,0,0,,,,,1,il-sbe,2026-09-12T03:07:19+00:00
2026,IL,17107,Logan County,2026-09-13,51,0,,0,0,,,,,1,il-sbe,2026-09-13T03:09:07+00:00
2026,IL,17107,Logan County,2026-09-14,50,0,,0,0,,,,,1,il-sbe,2026-09-14T09:34:07+00:00
2026,IL,17107,Logan County,2026-09-15,49,0,,0,0,,,,,1,il-sbe,2026-09-15T00:16:59+00:00
2026,IL,17107,Logan County,2026-09-16,48,0,,0,0,,,,,1,il-sbe,2026-09-16T04:08:21+00:00
2026,IL,17107,Logan County,2026-09-17,47,0,,0,0,,,,,1,il-sbe,2026-09-17T00:04:51+00:00
2026,IL,17107,Logan County,2026-09-18,46,0,,0,0,,,,,1,il-sbe,2026-09-18T03:11:45+00:00
2026,IL,17107,Logan County,2026-09-19,45,0,,0,0,,,,,1,il-sbe,2026-09-19T03:08:06+00:00
2026,IL,17107,Logan County,2026-09-20,44,0,,0,0,,,,,1,il-sbe,2026-09-20T03:24:25+00:00
2026,IL,17107,Logan County,2026-09-21,43,0,,0,0,,,,,1,il-sbe,2026-09-21T03:19:32+00:00
2026,IL,17107,Logan County,2026-09-22,42,0,,0,0,,,,,1,il-sbe,2026-09-22T00:36:05+00:00
2026,IL,17107,Logan County,2026-09-23,41,0,,0,0,,,,,1,il-sbe,2026-09-23T04:34:26+00:00
2026,IL,17107,Logan County,2026-09-24,40,0,,0,0,,,,,1,il-sbe,2026-09-24T00:14:04+00:00
2026,IL,17107,Logan County,2026-09-25,39,28,,0,28,,,,,1,il-sbe,2026-09-25T19:49:30+00:00
2026,IL,17107,Logan County,2026-09-26,38,28,,0,28,,,,,1,il-sbe,2026-09-26T03:32:01+00:00
2026,IL,17107,Logan County,2026-09-27,37,28,,0,28,,,,,1,il-sbe,2026-09-27T03:40:10+00:00
2026,IL,17107,Logan County,2026-09-28,36,53,,0,53,,,,,1,il-sbe,2026-09-28T17:43:15+00:00
2026,IL,17107,Logan County,2026-09-29,35,53,,0,53,,,,,1,il-sbe,2026-09-29T07:53:29+00:00
2026,IL,17107,Logan County,2026-09-30,34,131,,26,105,,,,,1,il-sbe,2026-09-30T20:32:53+00:00
2026,IL,17107,Logan County,2026-10-01,33,131,,26,105,,,,,1,il-sbe,2026-10-01T01:04:09+00:00
2026,IL,17109,McDonough County,2026-09-06,58,0,,0,0,,,,,1,il-sbe,2026-09-06T23:28:30+00:00
2026,IL,17109,McDonough County,2026-09-07,57,0,,0,0,,,,,1,il-sbe,2026-09-07T00:37:54+00:00
2026,IL,17109,McDonough County,2026-09-08,56,0,,0,0,,,,,1,il-sbe,2026-09-08T03:03:27+00:00
2026,IL,17109,McDonough County,2026-09-09,55,0,,0,0,,,,,1,il-sbe,2026-09-09T03:04:22+00:00
2026,IL,17109,McDonough County,2026-09-10,54,0,,0,0,,,,,1,il-sbe,2026-09-10T03:04:52+00:00
2026,IL,17109,McDonough County,2026-09-11,53,0,,0,0,,,,,1,il-sbe,2026-09-11T02:59:47+00:00
2026,IL,17109,McDonough County,2026-09-12,52,0,,0,0,,,,,1,il-sbe,2026-09-12T03:07:19+00:00
2026,IL,17109,McDonough County,2026-09-13,51,0,,0,0,,,,,1,il-sbe,2026-09-13T03:09:07+00:00
2026,IL,17109,McDonough County,2026-09-14,50,0,,0,0,,,,,1,il-sbe,2026-09-14T09:34:07+00:00
2026,IL,17109,McDonough County,2026-09-15,49,0,,0,0,,,,,1,il-sbe,2026-09-15T00:16:59+00:00
2026,IL,17109,McDonough County,2026-09-16,48,0,,0,0,,,,,1,il-sbe,2026-09-16T04:08:21+00:00
2026,IL,17109,McDonough County,2026-09-17,47,0,,0,0,,,,,1,il-sbe,2026-09-17T00:04:51+00:00
2026,IL,17109,McDonough County,2026-09-18,46,0,,0,0,,,,,1,il-sbe,2026-09-18T03:11:45+00:00
2026,IL,17109,McDonough County,2026-09-19,45,0,,0,0,,,,,1,il-sbe,2026-09-19T03:08:06+00:00
2026,IL,17109,McDonough County,2026-09-20,44,0,,0,0,,,,,1,il-sbe,2026-09-20T03:24:25+00:00
2026,IL,17109,McDonough County,2026-09-21,43,0,,0,0,,,,,1,il-sbe,2026-09-21T03:19:32+00:00
2026,IL,17109,McDonough County,2026-09-22,42,0,,0,0,,,,,1,il-sbe,2026-09-22T00:36:05+00:00
2026,IL,17109,McDonough County,2026-09-23,41,0,,0,0,,,,,1,il-sbe,2026-09-23T04:34:26+00:00
2026,IL,17109,McDonough County,2026-09-24,40,0,,0,0,,,,,1,il-sbe,2026-09-24T00:14:04+00:00
2026,IL,17109,McDonough County,2026-09-25,39,12,,1,11,,,,,1,il-sbe,2026-09-25T19:49:30+00:00
2026,IL,17109,McDonough County,2026-09-26,38,12,,1,11,,,,,1,il-sbe,2026-09-26T03:32:01+00:00
2026,IL,17109,McDonough County,2026-09-27,37,12,,1,11,,,,,1,il-sbe,2026-09-27T03:40:10+00:00
2026,IL,17109,McDonough County,2026-09-28,36,12,,1,11,,,,,1,il-sbe,2026-09-28T03:39:02+00:00
2026,IL,17109,McDonough County,2026-09-29,35,12,,1,11,,,,,1,il-sbe,2026-09-29T07:53:29+00:00
2026,IL,17109,McDonough County,2026-09-30,34,148,,40,108,,,,,1,il-sbe,2026-09-30T20:32:53+00:00
2026,IL,17109,McDonough County,2026-10-01,33,148,,40,108,,,,,1,il-sbe,2026-10-01T01:04:09+00:00
2026,IL,17111,McHenry County,2026-09-06,58,0,,0,0,,,,,1,il-sbe,2026-09-06T23:28:30+00:00
2026,IL,17111,McHenry County,2026-09-07,57,0,,0,0,,,,,1,il-sbe,2026-09-07T00:37:54+00:00
2026,IL,17111,McHenry County,2026-09-08,56,0,,0,0,,,,,1,il-sbe,2026-09-08T03:03:27+00:00
2026,IL,17111,McHenry County,2026-09-09,55,0,,0,0,,,,,1,il-sbe,2026-09-09T03:04:22+00:00
2026,IL,17111,McHenry County,2026-09-10,54,0,,0,0,,,,,1,il-sbe,2026-09-10T03:04:52+00:00
2026,IL,17111,McHenry County,2026-09-11,53,0,,0,0,,,,,1,il-sbe,2026-09-11T02:59:47+00:00
2026,IL,17111,McHenry County,2026-09-12,52,0,,0,0,,,,,1,il-sbe,2026-09-12T03:07:19+00:00
2026,IL,17111,McHenry County,2026-09-13,51,0,,0,0,,,,,1,il-sbe,2026-09-13T03:09:07+00:00
2026,IL,17111,McHenry County,2026-09-14,50,0,,0,0,,,,,1,il-sbe,2026-09-14T09:34:07+00:00
2026,IL,17111,McHenry County,2026-09-15,49,0,,0,0,,,,,1,il-sbe,2026-09-15T00:16:59+00:00
2026,IL,17111,McHenry County,2026-09-16,48,0,,0,0,,,,,1,il-sbe,2026-09-16T04:08:21+00:00
2026,IL,17111,McHenry County,2026-09-17,47,0,,0,0,,,,,1,il-sbe,2026-09-17T00:04:51+00:00
2026,IL,17111,McHenry County,2026-09-18,46,0,,0,0,,,,,1,il-sbe,2026-09-18T03:11:45+00:00
2026,IL,17111,McHenry County,2026-09-19,45,0,,0,0,,,,,1,il-sbe,2026-09-19T03:08:06+00:00
2026,IL,17111,McHenry County,2026-09-20,44,0,,0,0,,,,,1,il-sbe,2026-09-20T03:24:25+00:00
2026,IL,17111,McHenry County,2026-09-21,43,0,,0,0,,,,,1,il-sbe,2026-09-21T03:19:32+00:00
2026,IL,17111,McHenry County,2026-09-22,42,0,,0,0,,,,,1,il-sbe,2026-09-22T00:36:05+00:00
2026,IL,17111,McHenry County,2026-09-23,41,0,,0,0,,,,,1,il-sbe,2026-09-23T04:34:26+00:00
2026,IL,17111,McHenry County,2026-09-24,40,0,,0,0,,,,,1,il-sbe,2026-09-24T00:14:04+00:00
2026,IL,17111,McHenry County,2026-09-25,39,177,,0,177,,,,,1,il-sbe,2026-09-25T19:49:30+00:00
2026,IL,17111,McHenry County,2026-09-26,38,177,,0,177,,,,,1,il-sbe,2026-09-26T03:32:01+00:00
2026,IL,17111,McHenry County,2026-09-27,37,177,,0,177,,,,,1,il-sbe,2026-09-27T03:40:10+00:00
2026,IL,17111,McHenry County,2026-09-28,36,315,,0,315,,,,,1,il-sbe,2026-09-28T17:43:15+00:00
2026,IL,17111,McHenry County,2026-09-29,35,315,,0,315,,,,,1,il-sbe,2026-09-29T07:53:29+00:00
2026,IL,17111,McHenry County,2026-09-30,34,593,,80,513,,,,,1,il-sbe,2026-09-30T20:32:53+00:00
2026,IL,17111,McHenry County,2026-10-01,33,593,,80,513,,,,,1,il-sbe,2026-10-01T01:04:09+00:00
2026,IL,17113,McLean County,2026-09-06,58,0,,0,0,,,,,1,il-sbe,2026-09-06T23:28:30+00:00
2026,IL,17113,McLean County,2026-09-07,57,0,,0,0,,,,,1,il-sbe,2026-09-07T00:37:54+00:00
2026,IL,17113,McLean County,2026-09-08,56,0,,0,0,,,,,1,il-sbe,2026-09-08T03:03:27+00:00
2026,IL,17113,McLean County,2026-09-09,55,0,,0,0,,,,,1,il-sbe,2026-09-09T03:04:22+00:00
2026,IL,17113,McLean County,2026-09-10,54,0,,0,0,,,,,1,il-sbe,2026-09-10T03:04:52+00:00
2026,IL,17113,McLean County,2026-09-11,53,0,,0,0,,,,,1,il-sbe,2026-09-11T02:59:47+00:00
2026,IL,17113,McLean County,2026-09-12,52,0,,0,0,,,,,1,il-sbe,2026-09-12T03:07:19+00:00
2026,IL,17113,McLean County,2026-09-13,51,0,,0,0,,,,,1,il-sbe,2026-09-13T03:09:07+00:00
2026,IL,17113,McLean County,2026-09-14,50,0,,0,0,,,,,1,il-sbe,2026-09-14T09:34:07+00:00
2026,IL,17113,McLean County,2026-09-15,49,0,,0,0,,,,,1,il-sbe,2026-09-15T00:16:59+00:00
2026,IL,17113,McLean County,2026-09-16,48,0,,0,0,,,,,1,il-sbe,2026-09-16T04:08:21+00:00
2026,IL,17113,McLean County,2026-09-17,47,0,,0,0,,,,,1,il-sbe,2026-09-17T00:04:51+00:00
2026,IL,17113,McLean County,2026-09-18,46,0,,0,0,,,,,1,il-sbe,2026-09-18T03:11:45+00:00
2026,IL,17113,McLean County,2026-09-19,45,0,,0,0,,,,,1,il-sbe,2026-09-19T03:08:06+00:00
2026,IL,17113,McLean County,2026-09-20,44,0,,0,0,,,,,1,il-sbe,2026-09-20T03:24:25+00:00
2026,IL,17113,McLean County,2026-09-21,43,0,,0,0,,,,,1,il-sbe,2026-09-21T03:19:32+00:00
2026,IL,17113,McLean County,2026-09-22,42,0,,0,0,,,,,1,il-sbe,2026-09-22T00:36:05+00:00
2026,IL,17113,McLean County,2026-09-23,41,0,,0,0,,,,,1,il-sbe,2026-09-23T04:34:26+00:00
2026,IL,17113,McLean County,2026-09-24,40,0,,0,0,,,,,1,il-sbe,2026-09-24T00:14:04+00:00
2026,IL,17113,McLean County,2026-09-25,39,94,,0,94,,,,,1,il-sbe,2026-09-25T19:49:30+00:00
2026,IL,17113,McLean County,2026-09-26,38,94,,0,94,,,,,1,il-sbe,2026-09-26T03:32:01+00:00
2026,IL,17113,McLean County,2026-09-27,37,94,,0,94,,,,,1,il-sbe,2026-09-27T03:40:10+00:00
2026,IL,17113,McLean County,2026-09-28,36,175,,0,175,,,,,1,il-sbe,2026-09-28T17:43:15+00:00
2026,IL,17113,McLean County,2026-09-29,35,175,,0,175,,,,,1,il-sbe,2026-09-29T07:53:29+00:00
2026,IL,17113,McLean County,2026-09-30,34,926,,252,674,,,,,1,il-sbe,2026-09-30T20:32:53+00:00
2026,IL,17113,McLean County,2026-10-01,33,926,,252,674,,,,,1,il-sbe,2026-10-01T01:04:09+00:00
2026,IL,17115,Macon County,2026-09-06,58,0,,0,0,,,,,1,il-sbe,2026-09-06T23:28:30+00:00
2026,IL,17115,Macon County,2026-09-07,57,0,,0,0,,,,,1,il-sbe,2026-09-07T00:37:54+00:00
2026,IL,17115,Macon County,2026-09-08,56,0,,0,0,,,,,1,il-sbe,2026-09-08T03:03:27+00:00
2026,IL,17115,Macon County,2026-09-09,55,0,,0,0,,,,,1,il-sbe,2026-09-09T03:04:22+00:00
2026,IL,17115,Macon County,2026-09-10,54,0,,0,0,,,,,1,il-sbe,2026-09-10T03:04:52+00:00
2026,IL,17115,Macon County,2026-09-11,53,0,,0,0,,,,,1,il-sbe,2026-09-11T02:59:47+00:00
2026,IL,17115,Macon County,2026-09-12,52,0,,0,0,,,,,1,il-sbe,2026-09-12T03:07:19+00:00
2026,IL,17115,Macon County,2026-09-13,51,0,,0,0,,,,,1,il-sbe,2026-09-13T03:09:07+00:00
2026,IL,17115,Macon County,2026-09-14,50,0,,0,0,,,,,1,il-sbe,2026-09-14T09:34:07+00:00
2026,IL,17115,Macon County,2026-09-15,49,0,,0,0,,,,,1,il-sbe,2026-09-15T00:16:59+00:00
2026,IL,17115,Macon County,2026-09-16,48,0,,0,0,,,,,1,il-sbe,2026-09-16T04:08:21+00:00
2026,IL,17115,Macon County,2026-09-17,47,0,,0,0,,,,,1,il-sbe,2026-09-17T00:04:51+00:00
2026,IL,17115,Macon County,2026-09-18,46,0,,0,0,,,,,1,il-sbe,2026-09-18T03:11:45+00:00
2026,IL,17115,Macon County,2026-09-19,45,0,,0,0,,,,,1,il-sbe,2026-09-19T03:08:06+00:00
2026,IL,17115,Macon County,2026-09-20,44,0,,0,0,,,,,1,il-sbe,2026-09-20T03:24:25+00:00
2026,IL,17115,Macon County,2026-09-21,43,0,,0,0,,,,,1,il-sbe,2026-09-21T03:19:32+00:00
2026,IL,17115,Macon County,2026-09-22,42,0,,0,0,,,,,1,il-sbe,2026-09-22T00:36:05+00:00
2026,IL,17115,Macon County,2026-09-23,41,0,,0,0,,,,,1,il-sbe,2026-09-23T04:34:26+00:00
2026,IL,17115,Macon County,2026-09-24,40,0,,0,0,,,,,1,il-sbe,2026-09-24T00:14:04+00:00
2026,IL,17115,Macon County,2026-09-25,39,283,,0,283,,,,,1,il-sbe,2026-09-25T19:49:30+00:00
2026,IL,17115,Macon County,2026-09-26,38,283,,0,283,,,,,1,il-sbe,2026-09-26T03:32:01+00:00
2026,IL,17115,Macon County,2026-09-27,37,283,,0,283,,,,,1,il-sbe,2026-09-27T03:40:10+00:00
2026,IL,17115,Macon County,2026-09-28,36,552,,1,551,,,,,1,il-sbe,2026-09-28T17:43:15+00:00
2026,IL,17115,Macon County,2026-09-29,35,552,,1,551,,,,,1,il-sbe,2026-09-29T07:53:29+00:00
2026,IL,17115,Macon County,2026-09-30,34,988,,78,910,,,,,1,il-sbe,2026-09-30T20:32:53+00:00
2026,IL,17115,Macon County,2026-10-01,33,988,,78,910,,,,,1,il-sbe,2026-10-01T01:04:09+00:00
2026,IL,17117,Macoupin County,2026-09-06,58,0,,0,0,,,,,1,il-sbe,2026-09-06T23:28:30+00:00
2026,IL,17117,Macoupin County,2026-09-07,57,0,,0,0,,,,,1,il-sbe,2026-09-07T00:37:54+00:00
2026,IL,17117,Macoupin County,2026-09-08,56,0,,0,0,,,,,1,il-sbe,2026-09-08T03:03:27+00:00
2026,IL,17117,Macoupin County,2026-09-09,55,0,,0,0,,,,,1,il-sbe,2026-09-09T03:04:22+00:00
2026,IL,17117,Macoupin County,2026-09-10,54,0,,0,0,,,,,1,il-sbe,2026-09-10T03:04:52+00:00
2026,IL,17117,Macoupin County,2026-09-11,53,0,,0,0,,,,,1,il-sbe,2026-09-11T02:59:47+00:00
2026,IL,17117,Macoupin County,2026-09-12,52,0,,0,0,,,,,1,il-sbe,2026-09-12T03:07:19+00:00
2026,IL,17117,Macoupin County,2026-09-13,51,0,,0,0,,,,,1,il-sbe,2026-09-13T03:09:07+00:00
2026,IL,17117,Macoupin County,2026-09-14,50,0,,0,0,,,,,1,il-sbe,2026-09-14T09:34:07+00:00
2026,IL,17117,Macoupin County,2026-09-15,49,0,,0,0,,,,,1,il-sbe,2026-09-15T00:16:59+00:00
2026,IL,17117,Macoupin County,2026-09-16,48,0,,0,0,,,,,1,il-sbe,2026-09-16T04:08:21+00:00
2026,IL,17117,Macoupin County,2026-09-17,47,0,,0,0,,,,,1,il-sbe,2026-09-17T00:04:51+00:00
2026,IL,17117,Macoupin County,2026-09-18,46,0,,0,0,,,,,1,il-sbe,2026-09-18T03:11:45+00:00
2026,IL,17117,Macoupin County,2026-09-19,45,0,,0,0,,,,,1,il-sbe,2026-09-19T03:08:06+00:00
2026,IL,17117,Macoupin County,2026-09-20,44,0,,0,0,,,,,1,il-sbe,2026-09-20T03:24:25+00:00
2026,IL,17117,Macoupin County,2026-09-21,43,0,,0,0,,,,,1,il-sbe,2026-09-21T03:19:32+00:00
2026,IL,17117,Macoupin County,2026-09-22,42,0,,0,0,,,,,1,il-sbe,2026-09-22T00:36:05+00:00
2026,IL,17117,Macoupin County,2026-09-23,41,0,,0,0,,,,,1,il-sbe,2026-09-23T04:34:26+00:00
2026,IL,17117,Macoupin County,2026-09-24,40,0,,0,0,,,,,1,il-sbe,2026-09-24T00:14:04+00:00
2026,IL,17117,Macoupin County,2026-09-25,39,50,,0,50,,,,,1,il-sbe,2026-09-25T19:49:30+00:00
2026,IL,17117,Macoupin County,2026-09-26,38,50,,0,50,,,,,1,il-sbe,2026-09-26T03:32:01+00:00
2026,IL,17117,Macoupin County,2026-09-27,37,50,,0,50,,,,,1,il-sbe,2026-09-27T03:40:10+00:00
2026,IL,17117,Macoupin County,2026-09-28,36,81,,6,75,,,,,1,il-sbe,2026-09-28T17:43:15+00:00
2026,IL,17117,Macoupin County,2026-09-29,35,81,,6,75,,,,,1,il-sbe,2026-09-29T07:53:29+00:00
2026,IL,17117,Macoupin County,2026-09-30,34,265,,113,152,,,,,1,il-sbe,2026-09-30T20:32:53+00:00
2026,IL,17117,Macoupin County,2026-10-01,33,265,,113,152,,,,,1,il-sbe,2026-10-01T01:04:09+00:00
2026,IL,17119,Madison County,2026-09-06,58,0,,0,0,,,,,1,il-sbe,2026-09-06T23:28:30+00:00
2026,IL,17119,Madison County,2026-09-07,57,0,,0,0,,,,,1,il-sbe,2026-09-07T00:37:54+00:00
2026,IL,17119,Madison County,2026-09-08,56,0,,0,0,,,,,1,il-sbe,2026-09-08T03:03:27+00:00
2026,IL,17119,Madison County,2026-09-09,55,0,,0,0,,,,,1,il-sbe,2026-09-09T03:04:22+00:00
2026,IL,17119,Madison County,2026-09-10,54,0,,0,0,,,,,1,il-sbe,2026-09-10T03:04:52+00:00
2026,IL,17119,Madison County,2026-09-11,53,0,,0,0,,,,,1,il-sbe,2026-09-11T02:59:47+00:00
2026,IL,17119,Madison County,2026-09-12,52,0,,0,0,,,,,1,il-sbe,2026-09-12T03:07:19+00:00
2026,IL,17119,Madison County,2026-09-13,51,0,,0,0,,,,,1,il-sbe,2026-09-13T03:09:07+00:00
2026,IL,17119,Madison County,2026-09-14,50,0,,0,0,,,,,1,il-sbe,2026-09-14T09:34:07+00:00
2026,IL,17119,Madison County,2026-09-15,49,0,,0,0,,,,,1,il-sbe,2026-09-15T00:16:59+00:00
2026,IL,17119,Madison County,2026-09-16,48,0,,0,0,,,,,1,il-sbe,2026-09-16T04:08:21+00:00
2026,IL,17119,Madison County,2026-09-17,47,0,,0,0,,,,,1,il-sbe,2026-09-17T00:04:51+00:00
2026,IL,17119,Madison County,2026-09-18,46,0,,0,0,,,,,1,il-sbe,2026-09-18T03:11:45+00:00
2026,IL,17119,Madison County,2026-09-19,45,0,,0,0,,,,,1,il-sbe,2026-09-19T03:08:06+00:00
2026,IL,17119,Madison County,2026-09-20,44,0,,0,0,,,,,1,il-sbe,2026-09-20T03:24:25+00:00
2026,IL,17119,Madison County,2026-09-21,43,0,,0,0,,,,,1,il-sbe,2026-09-21T03:19:32+00:00
2026,IL,17119,Madison County,2026-09-22,42,0,,0,0,,,,,1,il-sbe,2026-09-22T00:36:05+00:00
2026,IL,17119,Madison County,2026-09-23,41,0,,0,0,,,,,1,il-sbe,2026-09-23T04:34:26+00:00
2026,IL,17119,Madison County,2026-09-24,40,0,,0,0,,,,,1,il-sbe,2026-09-24T00:14:04+00:00
2026,IL,17119,Madison County,2026-09-25,39,232,,0,232,,,,,1,il-sbe,2026-09-25T19:49:30+00:00
2026,IL,17119,Madison County,2026-09-26,38,232,,0,232,,,,,1,il-sbe,2026-09-26T03:32:01+00:00
2026,IL,17119,Madison County,2026-09-27,37,232,,0,232,,,,,1,il-sbe,2026-09-27T03:40:10+00:00
2026,IL,17119,Madison County,2026-09-28,36,419,,0,419,,,,,1,il-sbe,2026-09-28T17:43:15+00:00
2026,IL,17119,Madison County,2026-09-29,35,419,,0,419,,,,,1,il-sbe,2026-09-29T07:53:29+00:00
2026,IL,17119,Madison County,2026-09-30,34,724,,1,723,,,,,1,il-sbe,2026-09-30T20:32:53+00:00
2026,IL,17119,Madison County,2026-10-01,33,724,,1,723,,,,,1,il-sbe,2026-10-01T01:04:09+00:00
2026,IL,17121,Marion County,2026-09-06,58,0,,0,0,,,,,1,il-sbe,2026-09-06T23:28:30+00:00
2026,IL,17121,Marion County,2026-09-07,57,0,,0,0,,,,,1,il-sbe,2026-09-07T00:37:54+00:00
2026,IL,17121,Marion County,2026-09-08,56,0,,0,0,,,,,1,il-sbe,2026-09-08T03:03:27+00:00
2026,IL,17121,Marion County,2026-09-09,55,0,,0,0,,,,,1,il-sbe,2026-09-09T03:04:22+00:00
2026,IL,17121,Marion County,2026-09-10,54,0,,0,0,,,,,1,il-sbe,2026-09-10T03:04:52+00:00
2026,IL,17121,Marion County,2026-09-11,53,0,,0,0,,,,,1,il-sbe,2026-09-11T02:59:47+00:00
2026,IL,17121,Marion County,2026-09-12,52,0,,0,0,,,,,1,il-sbe,2026-09-12T03:07:19+00:00
2026,IL,17121,Marion County,2026-09-13,51,0,,0,0,,,,,1,il-sbe,2026-09-13T03:09:07+00:00
2026,IL,17121,Marion County,2026-09-14,50,0,,0,0,,,,,1,il-sbe,2026-09-14T09:34:07+00:00
2026,IL,17121,Marion County,2026-09-15,49,0,,0,0,,,,,1,il-sbe,2026-09-15T00:16:59+00:00
2026,IL,17121,Marion County,2026-09-16,48,0,,0,0,,,,,1,il-sbe,2026-09-16T04:08:21+00:00
2026,IL,17121,Marion County,2026-09-17,47,0,,0,0,,,,,1,il-sbe,2026-09-17T00:04:51+00:00
2026,IL,17121,Marion County,2026-09-18,46,0,,0,0,,,,,1,il-sbe,2026-09-18T03:11:45+00:00
2026,IL,17121,Marion County,2026-09-19,45,0,,0,0,,,,,1,il-sbe,2026-09-19T03:08:06+00:00
2026,IL,17121,Marion County,2026-09-20,44,0,,0,0,,,,,1,il-sbe,2026-09-20T03:24:25+00:00
2026,IL,17121,Marion County,2026-09-21,43,0,,0,0,,,,,1,il-sbe,2026-09-21T03:19:32+00:00
2026,IL,17121,Marion County,2026-09-22,42,0,,0,0,,,,,1,il-sbe,2026-09-22T00:36:05+00:00
2026,IL,17121,Marion County,2026-09-23,41,0,,0,0,,,,,1,il-sbe,2026-09-23T04:34:26+00:00
2026,IL,17121,Marion County,2026-09-24,40,0,,0,0,,,,,1,il-sbe,2026-09-24T00:14:04+00:00
2026,IL,17121,Marion County,2026-09-25,39,41,,0,41,,,,,1,il-sbe,2026-09-25T19:49:30+00:00
2026,IL,17121,Marion County,2026-09-26,38,41,,0,41,,,,,1,il-sbe,2026-09-26T03:32:01+00:00
2026,IL,17121,Marion County,2026-09-27,37,41,,0,41,,,,,1,il-sbe,2026-09-27T03:40:10+00:00
2026,IL,17121,Marion County,2026-09-28,36,87,,0,87,,,,,1,il-sbe,2026-09-28T17:43:15+00:00
2026,IL,17121,Marion County,2026-09-29,35,87,,0,87,,,,,1,il-sbe,2026-09-29T07:53:29+00:00
2026,IL,17121,Marion County,2026-09-30,34,177,,7,170,,,,,1,il-sbe,2026-09-30T20:32:53+00:00
2026,IL,17121,Marion County,2026-10-01,33,177,,7,170,,,,,1,il-sbe,2026-10-01T01:04:09+00:00
2026,IL,17123,Marshall County,2026-09-06,58,0,,0,0,,,,,1,il-sbe,2026-09-06T23:28:30+00:00
2026,IL,17123,Marshall County,2026-09-07,57,0,,0,0,,,,,1,il-sbe,2026-09-07T00:37:54+00:00
2026,IL,17123,Marshall County,2026-09-08,56,0,,0,0,,,,,1,il-sbe,2026-09-08T03:03:27+00:00
2026,IL,17123,Marshall County,2026-09-09,55,0,,0,0,,,,,1,il-sbe,2026-09-09T03:04:22+00:00
2026,IL,17123,Marshall County,2026-09-10,54,0,,0,0,,,,,1,il-sbe,2026-09-10T03:04:52+00:00
2026,IL,17123,Marshall County,2026-09-11,53,0,,0,0,,,,,1,il-sbe,2026-09-11T02:59:47+00:00
2026,IL,17123,Marshall County,2026-09-12,52,0,,0,0,,,,,1,il-sbe,2026-09-12T03:07:19+00:00
2026,IL,17123,Marshall County,2026-09-13,51,0,,0,0,,,,,1,il-sbe,2026-09-13T03:09:07+00:00
2026,IL,17123,Marshall County,2026-09-14,50,0,,0,0,,,,,1,il-sbe,2026-09-14T09:34:07+00:00
2026,IL,17123,Marshall County,2026-09-15,49,0,,0,0,,,,,1,il-sbe,2026-09-15T00:16:59+00:00
2026,IL,17123,Marshall County,2026-09-16,48,0,,0,0,,,,,1,il-sbe,2026-09-16T04:08:21+00:00
2026,IL,17123,Marshall County,2026-09-17,47,0,,0,0,,,,,1,il-sbe,2026-09-17T00:04:51+00:00
2026,IL,17123,Marshall County,2026-09-18,46,0,,0,0,,,,,1,il-sbe,2026-09-18T03:11:45+00:00
2026,IL,17123,Marshall County,2026-09-19,45,0,,0,0,,,,,1,il-sbe,2026-09-19T03:08:06+00:00
2026,IL,17123,Marshall County,2026-09-20,44,0,,0,0,,,,,1,il-sbe,2026-09-20T03:24:25+00:00
2026,IL,17123,Marshall County,2026-09-21,43,0,,0,0,,,,,1,il-sbe,2026-09-21T03:19:32+00:00
2026,IL,17123,Marshall County,2026-09-22,42,0,,0,0,,,,,1,il-sbe,2026-09-22T00:36:05+00:00
2026,IL,17123,Marshall County,2026-09-23,41,0,,0,0,,,,,1,il-sbe,2026-09-23T04:34:26+00:00
2026,IL,17123,Marshall County,2026-09-24,40,0,,0,0,,,,,1,il-sbe,2026-09-24T00:14:04+00:00
2026,IL,17123,Marshall County,2026-09-25,39,4,,0,4,,,,,1,il-sbe,2026-09-25T19:49:30+00:00
2026,IL,17123,Marshall County,2026-09-26,38,4,,0,4,,,,,1,il-sbe,2026-09-26T03:32:01+00:00
2026,IL,17123,Marshall County,2026-09-27,37,4,,0,4,,,,,1,il-sbe,2026-09-27T03:40:10+00:00
2026,IL,17123,Marshall County,2026-09-28,36,11,,0,11,,,,,1,il-sbe,2026-09-28T17:43:15+00:00
2026,IL,17123,Marshall County,2026-09-29,35,11,,0,11,,,,,1,il-sbe,2026-09-29T07:53:29+00:00
2026,IL,17123,Marshall County,2026-09-30,34,31,,13,18,,,,,1,il-sbe,2026-09-30T20:32:53+00:00
2026,IL,17123,Marshall County,2026-10-01,33,31,,13,18,,,,,1,il-sbe,2026-10-01T01:04:09+00:00
2026,IL,17125,Mason County,2026-09-06,58,0,,0,0,,,,,1,il-sbe,2026-09-06T23:28:30+00:00
2026,IL,17125,Mason County,2026-09-07,57,0,,0,0,,,,,1,il-sbe,2026-09-07T00:37:54+00:00
2026,IL,17125,Mason County,2026-09-08,56,0,,0,0,,,,,1,il-sbe,2026-09-08T03:03:27+00:00
2026,IL,17125,Mason County,2026-09-09,55,0,,0,0,,,,,1,il-sbe,2026-09-09T03:04:22+00:00
2026,IL,17125,Mason County,2026-09-10,54,0,,0,0,,,,,1,il-sbe,2026-09-10T03:04:52+00:00
2026,IL,17125,Mason County,2026-09-11,53,0,,0,0,,,,,1,il-sbe,2026-09-11T02:59:47+00:00
2026,IL,17125,Mason County,2026-09-12,52,0,,0,0,,,,,1,il-sbe,2026-09-12T03:07:19+00:00
2026,IL,17125,Mason County,2026-09-13,51,0,,0,0,,,,,1,il-sbe,2026-09-13T03:09:07+00:00
2026,IL,17125,Mason County,2026-09-14,50,0,,0,0,,,,,1,il-sbe,2026-09-14T09:34:07+00:00
2026,IL,17125,Mason County,2026-09-15,49,0,,0,0,,,,,1,il-sbe,2026-09-15T00:16:59+00:00
2026,IL,17125,Mason County,2026-09-16,48,0,,0,0,,,,,1,il-sbe,2026-09-16T04:08:21+00:00
2026,IL,17125,Mason County,2026-09-17,47,0,,0,0,,,,,1,il-sbe,2026-09-17T00:04:51+00:00
2026,IL,17125,Mason County,2026-09-18,46,0,,0,0,,,,,1,il-sbe,2026-09-18T03:11:45+00:00
2026,IL,17125,Mason County,2026-09-19,45,0,,0,0,,,,,1,il-sbe,2026-09-19T03:08:06+00:00
2026,IL,17125,Mason County,2026-09-20,44,0,,0,0,,,,,1,il-sbe,2026-09-20T03:24:25+00:00
2026,IL,17125,Mason County,2026-09-21,43,0,,0,0,,,,,1,il-sbe,2026-09-21T03:19:32+00:00
2026,IL,17125,Mason County,2026-09-22,42,0,,0,0,,,,,1,il-sbe,2026-09-22T00:36:05+00:00
2026,IL,17125,Mason County,2026-09-23,41,0,,0,0,,,,,1,il-sbe,2026-09-23T04:34:26+00:00
2026,IL,17125,Mason County,2026-09-24,40,0,,0,0,,,,,1,il-sbe,2026-09-24T00:14:04+00:00
2026,IL,17125,Mason County,2026-09-25,39,14,,0,14,,,,,1,il-sbe,2026-09-25T19:49:30+00:00
2026,IL,17125,Mason County,2026-09-26,38,14,,0,14,,,,,1,il-sbe,2026-09-26T03:32:01+00:00
2026,IL,17125,Mason County,2026-09-27,37,14,,0,14,,,,,1,il-sbe,2026-09-27T03:40:10+00:00
2026,IL,17125,Mason County,2026-09-28,36,26,,0,26,,,,,1,il-sbe,2026-09-28T17:43:15+00:00
2026,IL,17125,Mason County,2026-09-29,35,26,,0,26,,,,,1,il-sbe,2026-09-29T07:53:29+00:00
2026,IL,17125,Mason County,2026-09-30,34,63,,13,50,,,,,1,il-sbe,2026-09-30T20:32:53+00:00
2026,IL,17125,Mason County,2026-10-01,33,63,,13,50,,,,,1,il-sbe,2026-10-01T01:04:09+00:00
2026,IL,17127,Massac County,2026-09-06,58,0,,0,0,,,,,1,il-sbe,2026-09-06T23:28:30+00:00
2026,IL,17127,Massac County,2026-09-07,57,0,,0,0,,,,,1,il-sbe,2026-09-07T00:37:54+00:00
2026,IL,17127,Massac County,2026-09-08,56,0,,0,0,,,,,1,il-sbe,2026-09-08T03:03:27+00:00
2026,IL,17127,Massac County,2026-09-09,55,0,,0,0,,,,,1,il-sbe,2026-09-09T03:04:22+00:00
2026,IL,17127,Massac County,2026-09-10,54,0,,0,0,,,,,1,il-sbe,2026-09-10T03:04:52+00:00
2026,IL,17127,Massac County,2026-09-11,53,0,,0,0,,,,,1,il-sbe,2026-09-11T02:59:47+00:00
2026,IL,17127,Massac County,2026-09-12,52,0,,0,0,,,,,1,il-sbe,2026-09-12T03:07:19+00:00
2026,IL,17127,Massac County,2026-09-13,51,0,,0,0,,,,,1,il-sbe,2026-09-13T03:09:07+00:00
2026,IL,17127,Massac County,2026-09-14,50,0,,0,0,,,,,1,il-sbe,2026-09-14T09:34:07+00:00
2026,IL,17127,Massac County,2026-09-15,49,0,,0,0,,,,,1,il-sbe,2026-09-15T00:16:59+00:00
2026,IL,17127,Massac County,2026-09-16,48,0,,0,0,,,,,1,il-sbe,2026-09-16T04:08:21+00:00
2026,IL,17127,Massac County,2026-09-17,47,0,,0,0,,,,,1,il-sbe,2026-09-17T00:04:51+00:00
2026,IL,17127,Massac County,2026-09-18,46,0,,0,0,,,,,1,il-sbe,2026-09-18T03:11:45+00:00
2026,IL,17127,Massac County,2026-09-19,45,0,,0,0,,,,,1,il-sbe,2026-09-19T03:08:06+00:00
2026,IL,17127,Massac County,2026-09-20,44,0,,0,0,,,,,1,il-sbe,2026-09-20T03:24:25+00:00
2026,IL,17127,Massac County,2026-09-21,43,0,,0,0,,,,,1,il-sbe,2026-09-21T03:19:32+00:00
2026,IL,17127,Massac County,2026-09-22,42,0,,0,0,,,,,1,il-sbe,2026-09-22T00:36:05+00:00
2026,IL,17127,Massac County,2026-09-23,41,0,,0,0,,,,,1,il-sbe,2026-09-23T04:34:26+00:00
2026,IL,17127,Massac County,2026-09-24,40,0,,0,0,,,,,1,il-sbe,2026-09-24T00:14:04+00:00
2026,IL,17127,Massac County,2026-09-25,39,24,,12,12,,,,,1,il-sbe,2026-09-25T19:49:30+00:00
2026,IL,17127,Massac County,2026-09-26,38,24,,12,12,,,,,1,il-sbe,2026-09-26T03:32:01+00:00
2026,IL,17127,Massac County,2026-09-27,37,24,,12,12,,,,,1,il-sbe,2026-09-27T03:40:10+00:00
2026,IL,17127,Massac County,2026-09-28,36,52,,26,26,,,,,1,il-sbe,2026-09-28T17:43:15+00:00
2026,IL,17127,Massac County,2026-09-29,35,52,,26,26,,,,,1,il-sbe,2026-09-29T07:53:29+00:00
2026,IL,17127,Massac County,2026-09-30,34,101,,51,50,,,,,1,il-sbe,2026-09-30T20:32:53+00:00
2026,IL,17127,Massac County,2026-10-01,33,101,,51,50,,,,,1,il-sbe,2026-10-01T01:04:09+00:00
2026,IL,17129,Menard County,2026-09-06,58,0,,0,0,,,,,1,il-sbe,2026-09-06T23:28:30+00:00
2026,IL,17129,Menard County,2026-09-07,57,0,,0,0,,,,,1,il-sbe,2026-09-07T00:37:54+00:00
2026,IL,17129,Menard County,2026-09-08,56,0,,0,0,,,,,1,il-sbe,2026-09-08T03:03:27+00:00
2026,IL,17129,Menard County,2026-09-09,55,0,,0,0,,,,,1,il-sbe,2026-09-09T03:04:22+00:00
2026,IL,17129,Menard County,2026-09-10,54,0,,0,0,,,,,1,il-sbe,2026-09-10T03:04:52+00:00
2026,IL,17129,Menard County,2026-09-11,53,0,,0,0,,,,,1,il-sbe,2026-09-11T02:59:47+00:00
2026,IL,17129,Menard County,2026-09-12,52,0,,0,0,,,,,1,il-sbe,2026-09-12T03:07:19+00:00
2026,IL,17129,Menard County,2026-09-13,51,0,,0,0,,,,,1,il-sbe,2026-09-13T03:09:07+00:00
2026,IL,17129,Menard County,2026-09-14,50,0,,0,0,,,,,1,il-sbe,2026-09-14T09:34:07+00:00
2026,IL,17129,Menard County,2026-09-15,49,0,,0,0,,,,,1,il-sbe,2026-09-15T00:16:59+00:00
2026,IL,17129,Menard County,2026-09-16,48,0,,0,0,,,,,1,il-sbe,2026-09-16T04:08:21+00:00
2026,IL,17129,Menard County,2026-09-17,47,0,,0,0,,,,,1,il-sbe,2026-09-17T00:04:51+00:00
2026,IL,17129,Menard County,2026-09-18,46,0,,0,0,,,,,1,il-sbe,2026-09-18T03:11:45+00:00
2026,IL,17129,Menard County,2026-09-19,45,0,,0,0,,,,,1,il-sbe,2026-09-19T03:08:06+00:00
2026,IL,17129,Menard County,2026-09-20,44,0,,0,0,,,,,1,il-sbe,2026-09-20T03:24:25+00:00
2026,IL,17129,Menard County,2026-09-21,43,0,,0,0,,,,,1,il-sbe,2026-09-21T03:19:32+00:00
2026,IL,17129,Menard County,2026-09-22,42,0,,0,0,,,,,1,il-sbe,2026-09-22T00:36:05+00:00
2026,IL,17129,Menard County,2026-09-23,41,0,,0,0,,,,,1,il-sbe,2026-09-23T04:34:26+00:00
2026,IL,17129,Menard County,2026-09-24,40,0,,0,0,,,,,1,il-sbe,2026-09-24T00:14:04+00:00
2026,IL,17129,Menard County,2026-09-25,39,10,,5,5,,,,,1,il-sbe,2026-09-25T19:49:30+00:00
2026,IL,17129,Menard County,2026-09-26,38,10,,5,5,,,,,1,il-sbe,2026-09-26T03:32:01+00:00
2026,IL,17129,Menard County,2026-09-27,37,10,,5,5,,,,,1,il-sbe,2026-09-27T03:40:10+00:00
2026,IL,17129,Menard County,2026-09-28,36,32,,16,16,,,,,1,il-sbe,2026-09-28T17:43:15+00:00
2026,IL,17129,Menard County,2026-09-29,35,32,,16,16,,,,,1,il-sbe,2026-09-29T07:53:29+00:00
2026,IL,17129,Menard County,2026-09-30,34,117,,85,32,,,,,1,il-sbe,2026-09-30T20:32:53+00:00
2026,IL,17129,Menard County,2026-10-01,33,117,,85,32,,,,,1,il-sbe,2026-10-01T01:04:09+00:00
2026,IL,17131,Mercer County,2026-09-06,58,0,,0,0,,,,,1,il-sbe,2026-09-06T23:28:30+00:00
2026,IL,17131,Mercer County,2026-09-07,57,0,,0,0,,,,,1,il-sbe,2026-09-07T00:37:54+00:00
2026,IL,17131,Mercer County,2026-09-08,56,0,,0,0,,,,,1,il-sbe,2026-09-08T03:03:27+00:00
2026,IL,17131,Mercer County,2026-09-09,55,0,,0,0,,,,,1,il-sbe,2026-09-09T03:04:22+00:00
2026,IL,17131,Mercer County,2026-09-10,54,0,,0,0,,,,,1,il-sbe,2026-09-10T03:04:52+00:00
2026,IL,17131,Mercer County,2026-09-11,53,0,,0,0,,,,,1,il-sbe,2026-09-11T02:59:47+00:00
2026,IL,17131,Mercer County,2026-09-12,52,0,,0,0,,,,,1,il-sbe,2026-09-12T03:07:19+00:00
2026,IL,17131,Mercer County,2026-09-13,51,0,,0,0,,,,,1,il-sbe,2026-09-13T03:09:07+00:00
2026,IL,17131,Mercer County,2026-09-14,50,0,,0,0,,,,,1,il-sbe,2026-09-14T09:34:07+00:00
2026,IL,17131,Mercer County,2026-09-15,49,0,,0,0,,,,,1,il-sbe,2026-09-15T00:16:59+00:00
2026,IL,17131,Mercer County,2026-09-16,48,0,,0,0,,,,,1,il-sbe,2026-09-16T04:08:21+00:00
2026,IL,17131,Mercer County,2026-09-17,47,0,,0,0,,,,,1,il-sbe,2026-09-17T00:04:51+00:00
2026,IL,17131,Mercer County,2026-09-18,46,0,,0,0,,,,,1,il-sbe,2026-09-18T03:11:45+00:00
2026,IL,17131,Mercer County,2026-09-19,45,0,,0,0,,,,,1,il-sbe,2026-09-19T03:08:06+00:00
2026,IL,17131,Mercer County,2026-09-20,44,0,,0,0,,,,,1,il-sbe,2026-09-20T03:24:25+00:00
2026,IL,17131,Mercer County,2026-09-21,43,0,,0,0,,,,,1,il-sbe,2026-09-21T03:19:32+00:00
2026,IL,17131,Mercer County,2026-09-22,42,0,,0,0,,,,,1,il-sbe,2026-09-22T00:36:05+00:00
2026,IL,17131,Mercer County,2026-09-23,41,0,,0,0,,,,,1,il-sbe,2026-09-23T04:34:26+00:00
2026,IL,17131,Mercer County,2026-09-24,40,0,,0,0,,,,,1,il-sbe,2026-09-24T00:14:04+00:00
2026,IL,17131,Mercer County,2026-09-25,39,5,,0,5,,,,,1,il-sbe,2026-09-25T19:49:30+00:00
2026,IL,17131,Mercer County,2026-09-26,38,5,,0,5,,,,,1,il-sbe,2026-09-26T03:32:01+00:00
2026,IL,17131,Mercer County,2026-09-27,37,5,,0,5,,,,,1,il-sbe,2026-09-27T03:40:10+00:00
2026,IL,17131,Mercer County,2026-09-28,36,12,,0,12,,,,,1,il-sbe,2026-09-28T17:43:15+00:00
2026,IL,17131,Mercer County,2026-09-29,35,12,,0,12,,,,,1,il-sbe,2026-09-29T07:53:29+00:00
2026,IL,17131,Mercer County,2026-09-30,34,32,,12,20,,,,,1,il-sbe,2026-09-30T20:32:53+00:00
2026,IL,17131,Mercer County,2026-10-01,33,32,,12,20,,,,,1,il-sbe,2026-10-01T01:04:09+00:00
2026,IL,17133,Monroe County,2026-09-06,58,0,,0,0,,,,,1,il-sbe,2026-09-06T23:28:30+00:00
2026,IL,17133,Monroe County,2026-09-07,57,0,,0,0,,,,,1,il-sbe,2026-09-07T00:37:54+00:00
2026,IL,17133,Monroe County,2026-09-08,56,0,,0,0,,,,,1,il-sbe,2026-09-08T03:03:27+00:00
2026,IL,17133,Monroe County,2026-09-09,55,0,,0,0,,,,,1,il-sbe,2026-09-09T03:04:22+00:00
2026,IL,17133,Monroe County,2026-09-10,54,0,,0,0,,,,,1,il-sbe,2026-09-10T03:04:52+00:00
2026,IL,17133,Monroe County,2026-09-11,53,0,,0,0,,,,,1,il-sbe,2026-09-11T02:59:47+00:00
2026,IL,17133,Monroe County,2026-09-12,52,0,,0,0,,,,,1,il-sbe,2026-09-12T03:07:19+00:00
2026,IL,17133,Monroe County,2026-09-13,51,0,,0,0,,,,,1,il-sbe,2026-09-13T03:09:07+00:00
2026,IL,17133,Monroe County,2026-09-14,50,0,,0,0,,,,,1,il-sbe,2026-09-14T09:34:07+00:00
2026,IL,17133,Monroe County,2026-09-15,49,0,,0,0,,,,,1,il-sbe,2026-09-15T00:16:59+00:00
2026,IL,17133,Monroe County,2026-09-16,48,0,,0,0,,,,,1,il-sbe,2026-09-16T04:08:21+00:00
2026,IL,17133,Monroe County,2026-09-17,47,0,,0,0,,,,,1,il-sbe,2026-09-17T00:04:51+00:00
2026,IL,17133,Monroe County,2026-09-18,46,0,,0,0,,,,,1,il-sbe,2026-09-18T03:11:45+00:00
2026,IL,17133,Monroe County,2026-09-19,45,0,,0,0,,,,,1,il-sbe,2026-09-19T03:08:06+00:00
2026,IL,17133,Monroe County,2026-09-20,44,0,,0,0,,,,,1,il-sbe,2026-09-20T03:24:25+00:00
2026,IL,17133,Monroe County,2026-09-21,43,0,,0,0,,,,,1,il-sbe,2026-09-21T03:19:32+00:00
2026,IL,17133,Monroe County,2026-09-22,42,0,,0,0,,,,,1,il-sbe,2026-09-22T00:36:05+00:00
2026,IL,17133,Monroe County,2026-09-23,41,0,,0,0,,,,,1,il-sbe,2026-09-23T04:34:26+00:00
2026,IL,17133,Monroe County,2026-09-24,40,0,,0,0,,,,,1,il-sbe,2026-09-24T00:14:04+00:00
2026,IL,17133,Monroe County,2026-09-25,39,1,,1,0,,,,,1,il-sbe,2026-09-25T19:49:30+00:00
2026,IL,17133,Monroe County,2026-09-26,38,1,,1,0,,,,,1,il-sbe,2026-09-26T03:32:01+00:00
2026,IL,17133,Monroe County,2026-09-27,37,1,,1,0,,,,,1,il-sbe,2026-09-27T03:40:10+00:00
2026,IL,17133,Monroe County,2026-09-28,36,1,,1,0,,,,,1,il-sbe,2026-09-28T03:39:02+00:00
2026,IL,17133,Monroe County,2026-09-29,35,1,,1,0,,,,,1,il-sbe,2026-09-29T07:53:29+00:00
2026,IL,17133,Monroe County,2026-09-30,34,2,,2,0,,,,,1,il-sbe,2026-09-30T20:32:53+00:00
2026,IL,17133,Monroe County,2026-10-01,33,2,,2,0,,,,,1,il-sbe,2026-10-01T01:04:09+00:00
2026,IL,17135,Montgomery County,2026-09-06,58,0,,0,0,,,,,1,il-sbe,2026-09-06T23:28:30+00:00
2026,IL,17135,Montgomery County,2026-09-07,57,0,,0,0,,,,,1,il-sbe,2026-09-07T00:37:54+00:00
2026,IL,17135,Montgomery County,2026-09-08,56,0,,0,0,,,,,1,il-sbe,2026-09-08T03:03:27+00:00
2026,IL,17135,Montgomery County,2026-09-09,55,0,,0,0,,,,,1,il-sbe,2026-09-09T03:04:22+00:00
2026,IL,17135,Montgomery County,2026-09-10,54,0,,0,0,,,,,1,il-sbe,2026-09-10T03:04:52+00:00
2026,IL,17135,Montgomery County,2026-09-11,53,0,,0,0,,,,,1,il-sbe,2026-09-11T02:59:47+00:00
2026,IL,17135,Montgomery County,2026-09-12,52,0,,0,0,,,,,1,il-sbe,2026-09-12T03:07:19+00:00
2026,IL,17135,Montgomery County,2026-09-13,51,0,,0,0,,,,,1,il-sbe,2026-09-13T03:09:07+00:00
2026,IL,17135,Montgomery County,2026-09-14,50,0,,0,0,,,,,1,il-sbe,2026-09-14T09:34:07+00:00
2026,IL,17135,Montgomery County,2026-09-15,49,0,,0,0,,,,,1,il-sbe,2026-09-15T00:16:59+00:00
2026,IL,17135,Montgomery County,2026-09-16,48,0,,0,0,,,,,1,il-sbe,2026-09-16T04:08:21+00:00
2026,IL,17135,Montgomery County,2026-09-17,47,0,,0,0,,,,,1,il-sbe,2026-09-17T00:04:51+00:00
2026,IL,17135,Montgomery County,2026-09-18,46,0,,0,0,,,,,1,il-sbe,2026-09-18T03:11:45+00:00
2026,IL,17135,Montgomery County,2026-09-19,45,0,,0,0,,,,,1,il-sbe,2026-09-19T03:08:06+00:00
2026,IL,17135,Montgomery County,2026-09-20,44,0,,0,0,,,,,1,il-sbe,2026-09-20T03:24:25+00:00
2026,IL,17135,Montgomery County,2026-09-21,43,0,,0,0,,,,,1,il-sbe,2026-09-21T03:19:32+00:00
2026,IL,17135,Montgomery County,2026-09-22,42,0,,0,0,,,,,1,il-sbe,2026-09-22T00:36:05+00:00
2026,IL,17135,Montgomery County,2026-09-23,41,0,,0,0,,,,,1,il-sbe,2026-09-23T04:34:26+00:00
2026,IL,17135,Montgomery County,2026-09-24,40,0,,0,0,,,,,1,il-sbe,2026-09-24T00:14:04+00:00
2026,IL,17135,Montgomery County,2026-09-25,39,40,,0,40,,,,,1,il-sbe,2026-09-25T19:49:30+00:00
2026,IL,17135,Montgomery County,2026-09-26,38,40,,0,40,,,,,1,il-sbe,2026-09-26T03:32:01+00:00
2026,IL,17135,Montgomery County,2026-09-27,37,40,,0,40,,,,,1,il-sbe,2026-09-27T03:40:10+00:00
2026,IL,17135,Montgomery County,2026-09-28,36,75,,0,75,,,,,1,il-sbe,2026-09-28T17:43:15+00:00
2026,IL,17135,Montgomery County,2026-09-29,35,75,,0,75,,,,,1,il-sbe,2026-09-29T07:53:29+00:00
2026,IL,17135,Montgomery County,2026-09-30,34,144,,16,128,,,,,1,il-sbe,2026-09-30T20:32:53+00:00
2026,IL,17135,Montgomery County,2026-10-01,33,144,,16,128,,,,,1,il-sbe,2026-10-01T01:04:09+00:00
2026,IL,17137,Morgan County,2026-09-06,58,0,,0,0,,,,,1,il-sbe,2026-09-06T23:28:30+00:00
2026,IL,17137,Morgan County,2026-09-07,57,0,,0,0,,,,,1,il-sbe,2026-09-07T00:37:54+00:00
2026,IL,17137,Morgan County,2026-09-08,56,0,,0,0,,,,,1,il-sbe,2026-09-08T03:03:27+00:00
2026,IL,17137,Morgan County,2026-09-09,55,0,,0,0,,,,,1,il-sbe,2026-09-09T03:04:22+00:00
2026,IL,17137,Morgan County,2026-09-10,54,0,,0,0,,,,,1,il-sbe,2026-09-10T03:04:52+00:00
2026,IL,17137,Morgan County,2026-09-11,53,0,,0,0,,,,,1,il-sbe,2026-09-11T02:59:47+00:00
2026,IL,17137,Morgan County,2026-09-12,52,0,,0,0,,,,,1,il-sbe,2026-09-12T03:07:19+00:00
2026,IL,17137,Morgan County,2026-09-13,51,0,,0,0,,,,,1,il-sbe,2026-09-13T03:09:07+00:00
2026,IL,17137,Morgan County,2026-09-14,50,0,,0,0,,,,,1,il-sbe,2026-09-14T09:34:07+00:00
2026,IL,17137,Morgan County,2026-09-15,49,0,,0,0,,,,,1,il-sbe,2026-09-15T00:16:59+00:00
2026,IL,17137,Morgan County,2026-09-16,48,0,,0,0,,,,,1,il-sbe,2026-09-16T04:08:21+00:00
2026,IL,17137,Morgan County,2026-09-17,47,0,,0,0,,,,,1,il-sbe,2026-09-17T00:04:51+00:00
2026,IL,17137,Morgan County,2026-09-18,46,0,,0,0,,,,,1,il-sbe,2026-09-18T03:11:45+00:00
2026,IL,17137,Morgan County,2026-09-19,45,0,,0,0,,,,,1,il-sbe,2026-09-19T03:08:06+00:00
2026,IL,17137,Morgan County,2026-09-20,44,0,,0,0,,,,,1,il-sbe,2026-09-20T03:24:25+00:00
2026,IL,17137,Morgan County,2026-09-21,43,0,,0,0,,,,,1,il-sbe,2026-09-21T03:19:32+00:00
2026,IL,17137,Morgan County,2026-09-22,42,0,,0,0,,,,,1,il-sbe,2026-09-22T00:36:05+00:00
2026,IL,17137,Morgan County,2026-09-23,41,0,,0,0,,,,,1,il-sbe,2026-09-23T04:34:26+00:00
2026,IL,17137,Morgan County,2026-09-24,40,0,,0,0,,,,,1,il-sbe,2026-09-24T00:14:04+00:00
2026,IL,17137,Morgan County,2026-09-25,39,56,,28,28,,,,,1,il-sbe,2026-09-25T19:49:30+00:00
2026,IL,17137,Morgan County,2026-09-26,38,56,,28,28,,,,,1,il-sbe,2026-09-26T03:32:01+00:00
2026,IL,17137,Morgan County,2026-09-27,37,56,,28,28,,,,,1,il-sbe,2026-09-27T03:40:10+00:00
2026,IL,17137,Morgan County,2026-09-28,36,110,,55,55,,,,,1,il-sbe,2026-09-28T17:43:15+00:00
2026,IL,17137,Morgan County,2026-09-29,35,110,,55,55,,,,,1,il-sbe,2026-09-29T07:53:29+00:00
2026,IL,17137,Morgan County,2026-09-30,34,309,,196,113,,,,,1,il-sbe,2026-09-30T20:32:53+00:00
2026,IL,17137,Morgan County,2026-10-01,33,309,,196,113,,,,,1,il-sbe,2026-10-01T01:04:09+00:00
2026,IL,17139,Moultrie County,2026-09-06,58,0,,0,0,,,,,1,il-sbe,2026-09-06T23:28:30+00:00
2026,IL,17139,Moultrie County,2026-09-07,57,0,,0,0,,,,,1,il-sbe,2026-09-07T00:37:54+00:00
2026,IL,17139,Moultrie County,2026-09-08,56,0,,0,0,,,,,1,il-sbe,2026-09-08T03:03:27+00:00
2026,IL,17139,Moultrie County,2026-09-09,55,0,,0,0,,,,,1,il-sbe,2026-09-09T03:04:22+00:00
2026,IL,17139,Moultrie County,2026-09-10,54,0,,0,0,,,,,1,il-sbe,2026-09-10T03:04:52+00:00
2026,IL,17139,Moultrie County,2026-09-11,53,0,,0,0,,,,,1,il-sbe,2026-09-11T02:59:47+00:00
2026,IL,17139,Moultrie County,2026-09-12,52,0,,0,0,,,,,1,il-sbe,2026-09-12T03:07:19+00:00
2026,IL,17139,Moultrie County,2026-09-13,51,0,,0,0,,,,,1,il-sbe,2026-09-13T03:09:07+00:00
2026,IL,17139,Moultrie County,2026-09-14,50,0,,0,0,,,,,1,il-sbe,2026-09-14T09:34:07+00:00
2026,IL,17139,Moultrie County,2026-09-15,49,0,,0,0,,,,,1,il-sbe,2026-09-15T00:16:59+00:00
2026,IL,17139,Moultrie County,2026-09-16,48,0,,0,0,,,,,1,il-sbe,2026-09-16T04:08:21+00:00
2026,IL,17139,Moultrie County,2026-09-17,47,0,,0,0,,,,,1,il-sbe,2026-09-17T00:04:51+00:00
2026,IL,17139,Moultrie County,2026-09-18,46,0,,0,0,,,,,1,il-sbe,2026-09-18T03:11:45+00:00
2026,IL,17139,Moultrie County,2026-09-19,45,0,,0,0,,,,,1,il-sbe,2026-09-19T03:08:06+00:00
2026,IL,17139,Moultrie County,2026-09-20,44,0,,0,0,,,,,1,il-sbe,2026-09-20T03:24:25+00:00
2026,IL,17139,Moultrie County,2026-09-21,43,0,,0,0,,,,,1,il-sbe,2026-09-21T03:19:32+00:00
2026,IL,17139,Moultrie County,2026-09-22,42,0,,0,0,,,,,1,il-sbe,2026-09-22T00:36:05+00:00
2026,IL,17139,Moultrie County,2026-09-23,41,0,,0,0,,,,,1,il-sbe,2026-09-23T04:34:26+00:00
2026,IL,17139,Moultrie County,2026-09-24,40,0,,0,0,,,,,1,il-sbe,2026-09-24T00:14:04+00:00
2026,IL,17139,Moultrie County,2026-09-25,39,13,,0,13,,,,,1,il-sbe,2026-09-25T19:49:30+00:00
2026,IL,17139,Moultrie County,2026-09-26,38,13,,0,13,,,,,1,il-sbe,2026-09-26T03:32:01+00:00
2026,IL,17139,Moultrie County,2026-09-27,37,13,,0,13,,,,,1,il-sbe,2026-09-27T03:40:10+00:00
2026,IL,17139,Moultrie County,2026-09-28,36,28,,0,28,,,,,1,il-sbe,2026-09-28T17:43:15+00:00
2026,IL,17139,Moultrie County,2026-09-29,35,28,,0,28,,,,,1,il-sbe,2026-09-29T07:53:29+00:00
2026,IL,17139,Moultrie County,2026-09-30,34,48,,0,48,,,,,1,il-sbe,2026-09-30T20:32:53+00:00
2026,IL,17139,Moultrie County,2026-10-01,33,48,,0,48,,,,,1,il-sbe,2026-10-01T01:04:09+00:00
2026,IL,17141,Ogle County,2026-09-06,58,0,,0,0,,,,,1,il-sbe,2026-09-06T23:28:30+00:00
2026,IL,17141,Ogle County,2026-09-07,57,0,,0,0,,,,,1,il-sbe,2026-09-07T00:37:54+00:00
2026,IL,17141,Ogle County,2026-09-08,56,0,,0,0,,,,,1,il-sbe,2026-09-08T03:03:27+00:00
2026,IL,17141,Ogle County,2026-09-09,55,0,,0,0,,,,,1,il-sbe,2026-09-09T03:04:22+00:00
2026,IL,17141,Ogle County,2026-09-10,54,0,,0,0,,,,,1,il-sbe,2026-09-10T03:04:52+00:00
2026,IL,17141,Ogle County,2026-09-11,53,0,,0,0,,,,,1,il-sbe,2026-09-11T02:59:47+00:00
2026,IL,17141,Ogle County,2026-09-12,52,0,,0,0,,,,,1,il-sbe,2026-09-12T03:07:19+00:00
2026,IL,17141,Ogle County,2026-09-13,51,0,,0,0,,,,,1,il-sbe,2026-09-13T03:09:07+00:00
2026,IL,17141,Ogle County,2026-09-14,50,0,,0,0,,,,,1,il-sbe,2026-09-14T09:34:07+00:00
2026,IL,17141,Ogle County,2026-09-15,49,0,,0,0,,,,,1,il-sbe,2026-09-15T00:16:59+00:00
2026,IL,17141,Ogle County,2026-09-16,48,0,,0,0,,,,,1,il-sbe,2026-09-16T04:08:21+00:00
2026,IL,17141,Ogle County,2026-09-17,47,0,,0,0,,,,,1,il-sbe,2026-09-17T00:04:51+00:00
2026,IL,17141,Ogle County,2026-09-18,46,0,,0,0,,,,,1,il-sbe,2026-09-18T03:11:45+00:00
2026,IL,17141,Ogle County,2026-09-19,45,0,,0,0,,,,,1,il-sbe,2026-09-19T03:08:06+00:00
2026,IL,17141,Ogle County,2026-09-20,44,0,,0,0,,,,,1,il-sbe,2026-09-20T03:24:25+00:00
2026,IL,17141,Ogle County,2026-09-21,43,0,,0,0,,,,,1,il-sbe,2026-09-21T03:19:32+00:00
2026,IL,17141,Ogle County,2026-09-22,42,0,,0,0,,,,,1,il-sbe,2026-09-22T00:36:05+00:00
2026,IL,17141,Ogle County,2026-09-23,41,0,,0,0,,,,,1,il-sbe,2026-09-23T04:34:26+00:00
2026,IL,17141,Ogle County,2026-09-24,40,0,,0,0,,,,,1,il-sbe,2026-09-24T00:14:04+00:00
2026,IL,17141,Ogle County,2026-09-25,39,66,,0,66,,,,,1,il-sbe,2026-09-25T19:49:30+00:00
2026,IL,17141,Ogle County,2026-09-26,38,66,,0,66,,,,,1,il-sbe,2026-09-26T03:32:01+00:00
2026,IL,17141,Ogle County,2026-09-27,37,66,,0,66,,,,,1,il-sbe,2026-09-27T03:40:10+00:00
2026,IL,17141,Ogle County,2026-09-28,36,126,,0,126,,,,,1,il-sbe,2026-09-28T17:43:15+00:00
2026,IL,17141,Ogle County,2026-09-29,35,126,,0,126,,,,,1,il-sbe,2026-09-29T07:53:29+00:00
2026,IL,17141,Ogle County,2026-09-30,34,261,,0,261,,,,,1,il-sbe,2026-09-30T20:32:53+00:00
2026,IL,17141,Ogle County,2026-10-01,33,261,,0,261,,,,,1,il-sbe,2026-10-01T01:04:09+00:00
2026,IL,17143,Peoria County,2026-09-06,58,0,,0,0,,,,,1,il-sbe,2026-09-06T23:28:30+00:00
2026,IL,17143,Peoria County,2026-09-07,57,0,,0,0,,,,,1,il-sbe,2026-09-07T00:37:54+00:00
2026,IL,17143,Peoria County,2026-09-08,56,0,,0,0,,,,,1,il-sbe,2026-09-08T03:03:27+00:00
2026,IL,17143,Peoria County,2026-09-09,55,0,,0,0,,,,,1,il-sbe,2026-09-09T03:04:22+00:00
2026,IL,17143,Peoria County,2026-09-10,54,0,,0,0,,,,,1,il-sbe,2026-09-10T03:04:52+00:00
2026,IL,17143,Peoria County,2026-09-11,53,0,,0,0,,,,,1,il-sbe,2026-09-11T02:59:47+00:00
2026,IL,17143,Peoria County,2026-09-12,52,0,,0,0,,,,,1,il-sbe,2026-09-12T03:07:19+00:00
2026,IL,17143,Peoria County,2026-09-13,51,0,,0,0,,,,,1,il-sbe,2026-09-13T03:09:07+00:00
2026,IL,17143,Peoria County,2026-09-14,50,0,,0,0,,,,,1,il-sbe,2026-09-14T09:34:07+00:00
2026,IL,17143,Peoria County,2026-09-15,49,0,,0,0,,,,,1,il-sbe,2026-09-15T00:16:59+00:00
2026,IL,17143,Peoria County,2026-09-16,48,0,,0,0,,,,,1,il-sbe,2026-09-16T04:08:21+00:00
2026,IL,17143,Peoria County,2026-09-17,47,0,,0,0,,,,,1,il-sbe,2026-09-17T00:04:51+00:00
2026,IL,17143,Peoria County,2026-09-18,46,0,,0,0,,,,,1,il-sbe,2026-09-18T03:11:45+00:00
2026,IL,17143,Peoria County,2026-09-19,45,0,,0,0,,,,,1,il-sbe,2026-09-19T03:08:06+00:00
2026,IL,17143,Peoria County,2026-09-20,44,0,,0,0,,,,,1,il-sbe,2026-09-20T03:24:25+00:00
2026,IL,17143,Peoria County,2026-09-21,43,0,,0,0,,,,,1,il-sbe,2026-09-21T03:19:32+00:00
2026,IL,17143,Peoria County,2026-09-22,42,0,,0,0,,,,,1,il-sbe,2026-09-22T00:36:05+00:00
2026,IL,17143,Peoria County,2026-09-23,41,0,,0,0,,,,,1,il-sbe,2026-09-23T04:34:26+00:00
2026,IL,17143,Peoria County,2026-09-24,40,0,,0,0,,,,,1,il-sbe,2026-09-24T00:14:04+00:00
2026,IL,17143,Peoria County,2026-09-25,39,121,,0,121,,,,,1,il-sbe,2026-09-25T19:49:30+00:00
2026,IL,17143,Peoria County,2026-09-26,38,121,,0,121,,,,,1,il-sbe,2026-09-26T03:32:01+00:00
2026,IL,17143,Peoria County,2026-09-27,37,121,,0,121,,,,,1,il-sbe,2026-09-27T03:40:10+00:00
2026,IL,17143,Peoria County,2026-09-28,36,271,,0,271,,,,,1,il-sbe,2026-09-28T17:43:15+00:00
2026,IL,17143,Peoria County,2026-09-29,35,271,,0,271,,,,,1,il-sbe,2026-09-29T07:53:29+00:00
2026,IL,17143,Peoria County,2026-09-30,34,629,,19,610,,,,,1,il-sbe,2026-09-30T20:32:53+00:00
2026,IL,17143,Peoria County,2026-10-01,33,629,,19,610,,,,,1,il-sbe,2026-10-01T01:04:09+00:00
2026,IL,17145,Perry County,2026-09-06,58,0,,0,0,,,,,1,il-sbe,2026-09-06T23:28:30+00:00
2026,IL,17145,Perry County,2026-09-07,57,0,,0,0,,,,,1,il-sbe,2026-09-07T00:37:54+00:00
2026,IL,17145,Perry County,2026-09-08,56,0,,0,0,,,,,1,il-sbe,2026-09-08T03:03:27+00:00
2026,IL,17145,Perry County,2026-09-09,55,0,,0,0,,,,,1,il-sbe,2026-09-09T03:04:22+00:00
2026,IL,17145,Perry County,2026-09-10,54,0,,0,0,,,,,1,il-sbe,2026-09-10T03:04:52+00:00
2026,IL,17145,Perry County,2026-09-11,53,0,,0,0,,,,,1,il-sbe,2026-09-11T02:59:47+00:00
2026,IL,17145,Perry County,2026-09-12,52,0,,0,0,,,,,1,il-sbe,2026-09-12T03:07:19+00:00
2026,IL,17145,Perry County,2026-09-13,51,0,,0,0,,,,,1,il-sbe,2026-09-13T03:09:07+00:00
2026,IL,17145,Perry County,2026-09-14,50,0,,0,0,,,,,1,il-sbe,2026-09-14T09:34:07+00:00
2026,IL,17145,Perry County,2026-09-15,49,0,,0,0,,,,,1,il-sbe,2026-09-15T00:16:59+00:00
2026,IL,17145,Perry County,2026-09-16,48,0,,0,0,,,,,1,il-sbe,2026-09-16T04:08:21+00:00
2026,IL,17145,Perry County,2026-09-17,47,0,,0,0,,,,,1,il-sbe,2026-09-17T00:04:51+00:00
2026,IL,17145,Perry County,2026-09-18,46,0,,0,0,,,,,1,il-sbe,2026-09-18T03:11:45+00:00
2026,IL,17145,Perry County,2026-09-19,45,0,,0,0,,,,,1,il-sbe,2026-09-19T03:08:06+00:00
2026,IL,17145,Perry County,2026-09-20,44,0,,0,0,,,,,1,il-sbe,2026-09-20T03:24:25+00:00
2026,IL,17145,Perry County,2026-09-21,43,0,,0,0,,,,,1,il-sbe,2026-09-21T03:19:32+00:00
2026,IL,17145,Perry County,2026-09-22,42,0,,0,0,,,,,1,il-sbe,2026-09-22T00:36:05+00:00
2026,IL,17145,Perry County,2026-09-23,41,0,,0,0,,,,,1,il-sbe,2026-09-23T04:34:26+00:00
2026,IL,17145,Perry County,2026-09-24,40,0,,0,0,,,,,1,il-sbe,2026-09-24T00:14:04+00:00
2026,IL,17145,Perry County,2026-09-25,39,13,,0,13,,,,,1,il-sbe,2026-09-25T19:49:30+00:00
2026,IL,17145,Perry County,2026-09-26,38,13,,0,13,,,,,1,il-sbe,2026-09-26T03:32:01+00:00
2026,IL,17145,Perry County,2026-09-27,37,13,,0,13,,,,,1,il-sbe,2026-09-27T03:40:10+00:00
2026,IL,17145,Perry County,2026-09-28,36,22,,0,22,,,,,1,il-sbe,2026-09-28T17:43:15+00:00
2026,IL,17145,Perry County,2026-09-29,35,22,,0,22,,,,,1,il-sbe,2026-09-29T07:53:29+00:00
2026,IL,17145,Perry County,2026-09-30,34,36,,0,36,,,,,1,il-sbe,2026-09-30T20:32:53+00:00
2026,IL,17145,Perry County,2026-10-01,33,36,,0,36,,,,,1,il-sbe,2026-10-01T01:04:09+00:00
2026,IL,17147,Piatt County,2026-09-06,58,0,,0,0,,,,,1,il-sbe,2026-09-06T23:28:30+00:00
2026,IL,17147,Piatt County,2026-09-07,57,0,,0,0,,,,,1,il-sbe,2026-09-07T00:37:54+00:00
2026,IL,17147,Piatt County,2026-09-08,56,0,,0,0,,,,,1,il-sbe,2026-09-08T03:03:27+00:00
2026,IL,17147,Piatt County,2026-09-09,55,0,,0,0,,,,,1,il-sbe,2026-09-09T03:04:22+00:00
2026,IL,17147,Piatt County,2026-09-10,54,0,,0,0,,,,,1,il-sbe,2026-09-10T03:04:52+00:00
2026,IL,17147,Piatt County,2026-09-11,53,0,,0,0,,,,,1,il-sbe,2026-09-11T02:59:47+00:00
2026,IL,17147,Piatt County,2026-09-12,52,0,,0,0,,,,,1,il-sbe,2026-09-12T03:07:19+00:00
2026,IL,17147,Piatt County,2026-09-13,51,0,,0,0,,,,,1,il-sbe,2026-09-13T03:09:07+00:00
2026,IL,17147,Piatt County,2026-09-14,50,0,,0,0,,,,,1,il-sbe,2026-09-14T09:34:07+00:00
2026,IL,17147,Piatt County,2026-09-15,49,0,,0,0,,,,,1,il-sbe,2026-09-15T00:16:59+00:00
2026,IL,17147,Piatt County,2026-09-16,48,0,,0,0,,,,,1,il-sbe,2026-09-16T04:08:21+00:00
2026,IL,17147,Piatt County,2026-09-17,47,0,,0,0,,,,,1,il-sbe,2026-09-17T00:04:51+00:00
2026,IL,17147,Piatt County,2026-09-18,46,0,,0,0,,,,,1,il-sbe,2026-09-18T03:11:45+00:00
2026,IL,17147,Piatt County,2026-09-19,45,0,,0,0,,,,,1,il-sbe,2026-09-19T03:08:06+00:00
2026,IL,17147,Piatt County,2026-09-20,44,0,,0,0,,,,,1,il-sbe,2026-09-20T03:24:25+00:00
2026,IL,17147,Piatt County,2026-09-21,43,0,,0,0,,,,,1,il-sbe,2026-09-21T03:19:32+00:00
2026,IL,17147,Piatt County,2026-09-22,42,0,,0,0,,,,,1,il-sbe,2026-09-22T00:36:05+00:00
2026,IL,17147,Piatt County,2026-09-23,41,0,,0,0,,,,,1,il-sbe,2026-09-23T04:34:26+00:00
2026,IL,17147,Piatt County,2026-09-24,40,0,,0,0,,,,,1,il-sbe,2026-09-24T00:14:04+00:00
2026,IL,17147,Piatt County,2026-09-25,39,17,,0,17,,,,,1,il-sbe,2026-09-25T19:49:30+00:00
2026,IL,17147,Piatt County,2026-09-26,38,17,,0,17,,,,,1,il-sbe,2026-09-26T03:32:01+00:00
2026,IL,17147,Piatt County,2026-09-27,37,17,,0,17,,,,,1,il-sbe,2026-09-27T03:40:10+00:00
2026,IL,17147,Piatt County,2026-09-28,36,38,,0,38,,,,,1,il-sbe,2026-09-28T17:43:15+00:00
2026,IL,17147,Piatt County,2026-09-29,35,38,,0,38,,,,,1,il-sbe,2026-09-29T07:53:29+00:00
2026,IL,17147,Piatt County,2026-09-30,34,75,,6,69,,,,,1,il-sbe,2026-09-30T20:32:53+00:00
2026,IL,17147,Piatt County,2026-10-01,33,75,,6,69,,,,,1,il-sbe,2026-10-01T01:04:09+00:00
2026,IL,17149,Pike County,2026-09-06,58,0,,0,0,,,,,1,il-sbe,2026-09-06T23:28:30+00:00
2026,IL,17149,Pike County,2026-09-07,57,0,,0,0,,,,,1,il-sbe,2026-09-07T00:37:54+00:00
2026,IL,17149,Pike County,2026-09-08,56,0,,0,0,,,,,1,il-sbe,2026-09-08T03:03:27+00:00
2026,IL,17149,Pike County,2026-09-09,55,0,,0,0,,,,,1,il-sbe,2026-09-09T03:04:22+00:00
2026,IL,17149,Pike County,2026-09-10,54,0,,0,0,,,,,1,il-sbe,2026-09-10T03:04:52+00:00
2026,IL,17149,Pike County,2026-09-11,53,0,,0,0,,,,,1,il-sbe,2026-09-11T02:59:47+00:00
2026,IL,17149,Pike County,2026-09-12,52,0,,0,0,,,,,1,il-sbe,2026-09-12T03:07:19+00:00
2026,IL,17149,Pike County,2026-09-13,51,0,,0,0,,,,,1,il-sbe,2026-09-13T03:09:07+00:00
2026,IL,17149,Pike County,2026-09-14,50,0,,0,0,,,,,1,il-sbe,2026-09-14T09:34:07+00:00
2026,IL,17149,Pike County,2026-09-15,49,0,,0,0,,,,,1,il-sbe,2026-09-15T00:16:59+00:00
2026,IL,17149,Pike County,2026-09-16,48,0,,0,0,,,,,1,il-sbe,2026-09-16T04:08:21+00:00
2026,IL,17149,Pike County,2026-09-17,47,0,,0,0,,,,,1,il-sbe,2026-09-17T00:04:51+00:00
2026,IL,17149,Pike County,2026-09-18,46,0,,0,0,,,,,1,il-sbe,2026-09-18T03:11:45+00:00
2026,IL,17149,Pike County,2026-09-19,45,0,,0,0,,,,,1,il-sbe,2026-09-19T03:08:06+00:00
2026,IL,17149,Pike County,2026-09-20,44,0,,0,0,,,,,1,il-sbe,2026-09-20T03:24:25+00:00
2026,IL,17149,Pike County,2026-09-21,43,0,,0,0,,,,,1,il-sbe,2026-09-21T03:19:32+00:00
2026,IL,17149,Pike County,2026-09-22,42,0,,0,0,,,,,1,il-sbe,2026-09-22T00:36:05+00:00
2026,IL,17149,Pike County,2026-09-23,41,0,,0,0,,,,,1,il-sbe,2026-09-23T04:34:26+00:00
2026,IL,17149,Pike County,2026-09-24,40,0,,0,0,,,,,1,il-sbe,2026-09-24T00:14:04+00:00
2026,IL,17149,Pike County,2026-09-25,39,10,,0,10,,,,,1,il-sbe,2026-09-25T19:49:30+00:00
2026,IL,17149,Pike County,2026-09-26,38,10,,0,10,,,,,1,il-sbe,2026-09-26T03:32:01+00:00
2026,IL,17149,Pike County,2026-09-27,37,10,,0,10,,,,,1,il-sbe,2026-09-27T03:40:10+00:00
2026,IL,17149,Pike County,2026-09-28,36,24,,0,24,,,,,1,il-sbe,2026-09-28T17:43:15+00:00
2026,IL,17149,Pike County,2026-09-29,35,24,,0,24,,,,,1,il-sbe,2026-09-29T07:53:29+00:00
2026,IL,17149,Pike County,2026-09-30,34,74,,29,45,,,,,1,il-sbe,2026-09-30T20:32:53+00:00
2026,IL,17149,Pike County,2026-10-01,33,74,,29,45,,,,,1,il-sbe,2026-10-01T01:04:09+00:00
2026,IL,17151,Pope County,2026-09-06,58,0,,0,0,,,,,1,il-sbe,2026-09-06T23:28:30+00:00
2026,IL,17151,Pope County,2026-09-07,57,0,,0,0,,,,,1,il-sbe,2026-09-07T00:37:54+00:00
2026,IL,17151,Pope County,2026-09-08,56,0,,0,0,,,,,1,il-sbe,2026-09-08T03:03:27+00:00
2026,IL,17151,Pope County,2026-09-09,55,0,,0,0,,,,,1,il-sbe,2026-09-09T03:04:22+00:00
2026,IL,17151,Pope County,2026-09-10,54,0,,0,0,,,,,1,il-sbe,2026-09-10T03:04:52+00:00
2026,IL,17151,Pope County,2026-09-11,53,0,,0,0,,,,,1,il-sbe,2026-09-11T02:59:47+00:00
2026,IL,17151,Pope County,2026-09-12,52,0,,0,0,,,,,1,il-sbe,2026-09-12T03:07:19+00:00
2026,IL,17151,Pope County,2026-09-13,51,0,,0,0,,,,,1,il-sbe,2026-09-13T03:09:07+00:00
2026,IL,17151,Pope County,2026-09-14,50,0,,0,0,,,,,1,il-sbe,2026-09-14T09:34:07+00:00
2026,IL,17151,Pope County,2026-09-15,49,0,,0,0,,,,,1,il-sbe,2026-09-15T00:16:59+00:00
2026,IL,17151,Pope County,2026-09-16,48,0,,0,0,,,,,1,il-sbe,2026-09-16T04:08:21+00:00
2026,IL,17151,Pope County,2026-09-17,47,0,,0,0,,,,,1,il-sbe,2026-09-17T00:04:51+00:00
2026,IL,17151,Pope County,2026-09-18,46,0,,0,0,,,,,1,il-sbe,2026-09-18T03:11:45+00:00
2026,IL,17151,Pope County,2026-09-19,45,0,,0,0,,,,,1,il-sbe,2026-09-19T03:08:06+00:00
2026,IL,17151,Pope County,2026-09-20,44,0,,0,0,,,,,1,il-sbe,2026-09-20T03:24:25+00:00
2026,IL,17151,Pope County,2026-09-21,43,0,,0,0,,,,,1,il-sbe,2026-09-21T03:19:32+00:00
2026,IL,17151,Pope County,2026-09-22,42,0,,0,0,,,,,1,il-sbe,2026-09-22T00:36:05+00:00
2026,IL,17151,Pope County,2026-09-23,41,0,,0,0,,,,,1,il-sbe,2026-09-23T04:34:26+00:00
2026,IL,17151,Pope County,2026-09-24,40,0,,0,0,,,,,1,il-sbe,2026-09-24T00:14:04+00:00
2026,IL,17151,Pope County,2026-09-25,39,7,,0,7,,,,,1,il-sbe,2026-09-25T19:49:30+00:00
2026,IL,17151,Pope County,2026-09-26,38,7,,0,7,,,,,1,il-sbe,2026-09-26T03:32:01+00:00
2026,IL,17151,Pope County,2026-09-27,37,7,,0,7,,,,,1,il-sbe,2026-09-27T03:40:10+00:00
2026,IL,17151,Pope County,2026-09-28,36,9,,0,9,,,,,1,il-sbe,2026-09-28T17:43:15+00:00
2026,IL,17151,Pope County,2026-09-29,35,9,,0,9,,,,,1,il-sbe,2026-09-29T07:53:29+00:00
2026,IL,17151,Pope County,2026-09-30,34,15,,0,15,,,,,1,il-sbe,2026-09-30T20:32:53+00:00
2026,IL,17151,Pope County,2026-10-01,33,15,,0,15,,,,,1,il-sbe,2026-10-01T01:04:09+00:00
2026,IL,17153,Pulaski County,2026-09-06,58,0,,0,0,,,,,1,il-sbe,2026-09-06T23:28:30+00:00
2026,IL,17153,Pulaski County,2026-09-07,57,0,,0,0,,,,,1,il-sbe,2026-09-07T00:37:54+00:00
2026,IL,17153,Pulaski County,2026-09-08,56,0,,0,0,,,,,1,il-sbe,2026-09-08T03:03:27+00:00
2026,IL,17153,Pulaski County,2026-09-09,55,0,,0,0,,,,,1,il-sbe,2026-09-09T03:04:22+00:00
2026,IL,17153,Pulaski County,2026-09-10,54,0,,0,0,,,,,1,il-sbe,2026-09-10T03:04:52+00:00
2026,IL,17153,Pulaski County,2026-09-11,53,0,,0,0,,,,,1,il-sbe,2026-09-11T02:59:47+00:00
2026,IL,17153,Pulaski County,2026-09-12,52,0,,0,0,,,,,1,il-sbe,2026-09-12T03:07:19+00:00
2026,IL,17153,Pulaski County,2026-09-13,51,0,,0,0,,,,,1,il-sbe,2026-09-13T03:09:07+00:00
2026,IL,17153,Pulaski County,2026-09-14,50,0,,0,0,,,,,1,il-sbe,2026-09-14T09:34:07+00:00
2026,IL,17153,Pulaski County,2026-09-15,49,0,,0,0,,,,,1,il-sbe,2026-09-15T00:16:59+00:00
2026,IL,17153,Pulaski County,2026-09-16,48,0,,0,0,,,,,1,il-sbe,2026-09-16T04:08:21+00:00
2026,IL,17153,Pulaski County,2026-09-17,47,0,,0,0,,,,,1,il-sbe,2026-09-17T00:04:51+00:00
2026,IL,17153,Pulaski County,2026-09-18,46,0,,0,0,,,,,1,il-sbe,2026-09-18T03:11:45+00:00
2026,IL,17153,Pulaski County,2026-09-19,45,0,,0,0,,,,,1,il-sbe,2026-09-19T03:08:06+00:00
2026,IL,17153,Pulaski County,2026-09-20,44,0,,0,0,,,,,1,il-sbe,2026-09-20T03:24:25+00:00
2026,IL,17153,Pulaski County,2026-09-21,43,0,,0,0,,,,,1,il-sbe,2026-09-21T03:19:32+00:00
2026,IL,17153,Pulaski County,2026-09-22,42,0,,0,0,,,,,1,il-sbe,2026-09-22T00:36:05+00:00
2026,IL,17153,Pulaski County,2026-09-23,41,0,,0,0,,,,,1,il-sbe,2026-09-23T04:34:26+00:00
2026,IL,17153,Pulaski County,2026-09-24,40,0,,0,0,,,,,1,il-sbe,2026-09-24T00:14:04+00:00
2026,IL,17153,Pulaski County,2026-09-25,39,8,,4,4,,,,,1,il-sbe,2026-09-25T19:49:30+00:00
2026,IL,17153,Pulaski County,2026-09-26,38,8,,4,4,,,,,1,il-sbe,2026-09-26T03:32:01+00:00
2026,IL,17153,Pulaski County,2026-09-27,37,8,,4,4,,,,,1,il-sbe,2026-09-27T03:40:10+00:00
2026,IL,17153,Pulaski County,2026-09-28,36,8,,4,4,,,,,1,il-sbe,2026-09-28T03:39:02+00:00
2026,IL,17153,Pulaski County,2026-09-29,35,8,,4,4,,,,,1,il-sbe,2026-09-29T07:53:29+00:00
2026,IL,17153,Pulaski County,2026-09-30,34,18,,9,9,,,,,1,il-sbe,2026-09-30T20:32:53+00:00
2026,IL,17153,Pulaski County,2026-10-01,33,18,,9,9,,,,,1,il-sbe,2026-10-01T01:04:09+00:00
2026,IL,17155,Putnam County,2026-09-06,58,0,,0,0,,,,,1,il-sbe,2026-09-06T23:28:30+00:00
2026,IL,17155,Putnam County,2026-09-07,57,0,,0,0,,,,,1,il-sbe,2026-09-07T00:37:54+00:00
2026,IL,17155,Putnam County,2026-09-08,56,0,,0,0,,,,,1,il-sbe,2026-09-08T03:03:27+00:00
2026,IL,17155,Putnam County,2026-09-09,55,0,,0,0,,,,,1,il-sbe,2026-09-09T03:04:22+00:00
2026,IL,17155,Putnam County,2026-09-10,54,0,,0,0,,,,,1,il-sbe,2026-09-10T03:04:52+00:00
2026,IL,17155,Putnam County,2026-09-11,53,0,,0,0,,,,,1,il-sbe,2026-09-11T02:59:47+00:00
2026,IL,17155,Putnam County,2026-09-12,52,0,,0,0,,,,,1,il-sbe,2026-09-12T03:07:19+00:00
2026,IL,17155,Putnam County,2026-09-13,51,0,,0,0,,,,,1,il-sbe,2026-09-13T03:09:07+00:00
2026,IL,17155,Putnam County,2026-09-14,50,0,,0,0,,,,,1,il-sbe,2026-09-14T09:34:07+00:00
2026,IL,17155,Putnam County,2026-09-15,49,0,,0,0,,,,,1,il-sbe,2026-09-15T00:16:59+00:00
2026,IL,17155,Putnam County,2026-09-16,48,0,,0,0,,,,,1,il-sbe,2026-09-16T04:08:21+00:00
2026,IL,17155,Putnam County,2026-09-17,47,0,,0,0,,,,,1,il-sbe,2026-09-17T00:04:51+00:00
2026,IL,17155,Putnam County,2026-09-18,46,0,,0,0,,,,,1,il-sbe,2026-09-18T03:11:45+00:00
2026,IL,17155,Putnam County,2026-09-19,45,0,,0,0,,,,,1,il-sbe,2026-09-19T03:08:06+00:00
2026,IL,17155,Putnam County,2026-09-20,44,0,,0,0,,,,,1,il-sbe,2026-09-20T03:24:25+00:00
2026,IL,17155,Putnam County,2026-09-21,43,0,,0,0,,,,,1,il-sbe,2026-09-21T03:19:32+00:00
2026,IL,17155,Putnam County,2026-09-22,42,0,,0,0,,,,,1,il-sbe,2026-09-22T00:36:05+00:00
2026,IL,17155,Putnam County,2026-09-23,41,0,,0,0,,,,,1,il-sbe,2026-09-23T04:34:26+00:00
2026,IL,17155,Putnam County,2026-09-24,40,0,,0,0,,,,,1,il-sbe,2026-09-24T00:14:04+00:00
2026,IL,17155,Putnam County,2026-09-25,39,4,,0,4,,,,,1,il-sbe,2026-09-25T19:49:30+00:00
2026,IL,17155,Putnam County,2026-09-26,38,4,,0,4,,,,,1,il-sbe,2026-09-26T03:32:01+00:00
2026,IL,17155,Putnam County,2026-09-27,37,4,,0,4,,,,,1,il-sbe,2026-09-27T03:40:10+00:00
2026,IL,17155,Putnam County,2026-09-28,36,10,,0,10,,,,,1,il-sbe,2026-09-28T17:43:15+00:00
2026,IL,17155,Putnam County,2026-09-29,35,10,,0,10,,,,,1,il-sbe,2026-09-29T07:53:29+00:00
2026,IL,17155,Putnam County,2026-09-30,34,23,,6,17,,,,,1,il-sbe,2026-09-30T20:32:53+00:00
2026,IL,17155,Putnam County,2026-10-01,33,23,,6,17,,,,,1,il-sbe,2026-10-01T01:04:09+00:00
2026,IL,17157,Randolph County,2026-09-06,58,0,,0,0,,,,,1,il-sbe,2026-09-06T23:28:30+00:00
2026,IL,17157,Randolph County,2026-09-07,57,0,,0,0,,,,,1,il-sbe,2026-09-07T00:37:54+00:00
2026,IL,17157,Randolph County,2026-09-08,56,0,,0,0,,,,,1,il-sbe,2026-09-08T03:03:27+00:00
2026,IL,17157,Randolph County,2026-09-09,55,0,,0,0,,,,,1,il-sbe,2026-09-09T03:04:22+00:00
2026,IL,17157,Randolph County,2026-09-10,54,0,,0,0,,,,,1,il-sbe,2026-09-10T03:04:52+00:00
2026,IL,17157,Randolph County,2026-09-11,53,0,,0,0,,,,,1,il-sbe,2026-09-11T02:59:47+00:00
2026,IL,17157,Randolph County,2026-09-12,52,0,,0,0,,,,,1,il-sbe,2026-09-12T03:07:19+00:00
2026,IL,17157,Randolph County,2026-09-13,51,0,,0,0,,,,,1,il-sbe,2026-09-13T03:09:07+00:00
2026,IL,17157,Randolph County,2026-09-14,50,0,,0,0,,,,,1,il-sbe,2026-09-14T09:34:07+00:00
2026,IL,17157,Randolph County,2026-09-15,49,0,,0,0,,,,,1,il-sbe,2026-09-15T00:16:59+00:00
2026,IL,17157,Randolph County,2026-09-16,48,0,,0,0,,,,,1,il-sbe,2026-09-16T04:08:21+00:00
2026,IL,17157,Randolph County,2026-09-17,47,0,,0,0,,,,,1,il-sbe,2026-09-17T00:04:51+00:00
2026,IL,17157,Randolph County,2026-09-18,46,0,,0,0,,,,,1,il-sbe,2026-09-18T03:11:45+00:00
2026,IL,17157,Randolph County,2026-09-19,45,0,,0,0,,,,,1,il-sbe,2026-09-19T03:08:06+00:00
2026,IL,17157,Randolph County,2026-09-20,44,0,,0,0,,,,,1,il-sbe,2026-09-20T03:24:25+00:00
2026,IL,17157,Randolph County,2026-09-21,43,0,,0,0,,,,,1,il-sbe,2026-09-21T03:19:32+00:00
2026,IL,17157,Randolph County,2026-09-22,42,0,,0,0,,,,,1,il-sbe,2026-09-22T00:36:05+00:00
2026,IL,17157,Randolph County,2026-09-23,41,0,,0,0,,,,,1,il-sbe,2026-09-23T04:34:26+00:00
2026,IL,17157,Randolph County,2026-09-24,40,0,,0,0,,,,,1,il-sbe,2026-09-24T00:14:04+00:00
2026,IL,17157,Randolph County,2026-09-25,39,11,,0,11,,,,,1,il-sbe,2026-09-25T19:49:30+00:00
2026,IL,17157,Randolph County,2026-09-26,38,11,,0,11,,,,,1,il-sbe,2026-09-26T03:32:01+00:00
2026,IL,17157,Randolph County,2026-09-27,37,11,,0,11,,,,,1,il-sbe,2026-09-27T03:40:10+00:00
2026,IL,17157,Randolph County,2026-09-28,36,16,,0,16,,,,,1,il-sbe,2026-09-28T17:43:15+00:00
2026,IL,17157,Randolph County,2026-09-29,35,16,,0,16,,,,,1,il-sbe,2026-09-29T07:53:29+00:00
2026,IL,17157,Randolph County,2026-09-30,34,69,,19,50,,,,,1,il-sbe,2026-09-30T20:32:53+00:00
2026,IL,17157,Randolph County,2026-10-01,33,69,,19,50,,,,,1,il-sbe,2026-10-01T01:04:09+00:00
2026,IL,17159,Richland County,2026-09-06,58,0,,0,0,,,,,1,il-sbe,2026-09-06T23:28:30+00:00
2026,IL,17159,Richland County,2026-09-07,57,0,,0,0,,,,,1,il-sbe,2026-09-07T00:37:54+00:00
2026,IL,17159,Richland County,2026-09-08,56,0,,0,0,,,,,1,il-sbe,2026-09-08T03:03:27+00:00
2026,IL,17159,Richland County,2026-09-09,55,0,,0,0,,,,,1,il-sbe,2026-09-09T03:04:22+00:00
2026,IL,17159,Richland County,2026-09-10,54,0,,0,0,,,,,1,il-sbe,2026-09-10T03:04:52+00:00
2026,IL,17159,Richland County,2026-09-11,53,0,,0,0,,,,,1,il-sbe,2026-09-11T02:59:47+00:00
2026,IL,17159,Richland County,2026-09-12,52,0,,0,0,,,,,1,il-sbe,2026-09-12T03:07:19+00:00
2026,IL,17159,Richland County,2026-09-13,51,0,,0,0,,,,,1,il-sbe,2026-09-13T03:09:07+00:00
2026,IL,17159,Richland County,2026-09-14,50,0,,0,0,,,,,1,il-sbe,2026-09-14T09:34:07+00:00
2026,IL,17159,Richland County,2026-09-15,49,0,,0,0,,,,,1,il-sbe,2026-09-15T00:16:59+00:00
2026,IL,17159,Richland County,2026-09-16,48,0,,0,0,,,,,1,il-sbe,2026-09-16T04:08:21+00:00
2026,IL,17159,Richland County,2026-09-17,47,0,,0,0,,,,,1,il-sbe,2026-09-17T00:04:51+00:00
2026,IL,17159,Richland County,2026-09-18,46,0,,0,0,,,,,1,il-sbe,2026-09-18T03:11:45+00:00
2026,IL,17159,Richland County,2026-09-19,45,0,,0,0,,,,,1,il-sbe,2026-09-19T03:08:06+00:00
2026,IL,17159,Richland County,2026-09-20,44,0,,0,0,,,,,1,il-sbe,2026-09-20T03:24:25+00:00
2026,IL,17159,Richland County,2026-09-21,43,0,,0,0,,,,,1,il-sbe,2026-09-21T03:19:32+00:00
2026,IL,17159,Richland County,2026-09-22,42,0,,0,0,,,,,1,il-sbe,2026-09-22T00:36:05+00:00
2026,IL,17159,Richland County,2026-09-23,41,0,,0,0,,,,,1,il-sbe,2026-09-23T04:34:26+00:00
2026,IL,17159,Richland County,2026-09-24,40,0,,0,0,,,,,1,il-sbe,2026-09-24T00:14:04+00:00
2026,IL,17159,Richland County,2026-09-25,39,18,,9,9,,,,,1,il-sbe,2026-09-25T19:49:30+00:00
2026,IL,17159,Richland County,2026-09-26,38,18,,9,9,,,,,1,il-sbe,2026-09-26T03:32:01+00:00
2026,IL,17159,Richland County,2026-09-27,37,18,,9,9,,,,,1,il-sbe,2026-09-27T03:40:10+00:00
2026,IL,17159,Richland County,2026-09-28,36,18,,9,9,,,,,1,il-sbe,2026-09-28T03:39:02+00:00
2026,IL,17159,Richland County,2026-09-29,35,18,,9,9,,,,,1,il-sbe,2026-09-29T07:53:29+00:00
2026,IL,17159,Richland County,2026-09-30,34,82,,41,41,,,,,1,il-sbe,2026-09-30T20:32:53+00:00
2026,IL,17159,Richland County,2026-10-01,33,82,,41,41,,,,,1,il-sbe,2026-10-01T01:04:09+00:00
2026,IL,17161,Rock Island County,2026-09-06,58,0,,0,0,,,,,1,il-sbe,2026-09-06T23:28:30+00:00
2026,IL,17161,Rock Island County,2026-09-07,57,0,,0,0,,,,,1,il-sbe,2026-09-07T00:37:54+00:00
2026,IL,17161,Rock Island County,2026-09-08,56,0,,0,0,,,,,1,il-sbe,2026-09-08T03:03:27+00:00
2026,IL,17161,Rock Island County,2026-09-09,55,0,,0,0,,,,,1,il-sbe,2026-09-09T03:04:22+00:00
2026,IL,17161,Rock Island County,2026-09-10,54,0,,0,0,,,,,1,il-sbe,2026-09-10T03:04:52+00:00
2026,IL,17161,Rock Island County,2026-09-11,53,0,,0,0,,,,,1,il-sbe,2026-09-11T02:59:47+00:00
2026,IL,17161,Rock Island County,2026-09-12,52,0,,0,0,,,,,1,il-sbe,2026-09-12T03:07:19+00:00
2026,IL,17161,Rock Island County,2026-09-13,51,0,,0,0,,,,,1,il-sbe,2026-09-13T03:09:07+00:00
2026,IL,17161,Rock Island County,2026-09-14,50,0,,0,0,,,,,1,il-sbe,2026-09-14T09:34:07+00:00
2026,IL,17161,Rock Island County,2026-09-15,49,0,,0,0,,,,,1,il-sbe,2026-09-15T00:16:59+00:00
2026,IL,17161,Rock Island County,2026-09-16,48,0,,0,0,,,,,1,il-sbe,2026-09-16T04:08:21+00:00
2026,IL,17161,Rock Island County,2026-09-17,47,0,,0,0,,,,,1,il-sbe,2026-09-17T00:04:51+00:00
2026,IL,17161,Rock Island County,2026-09-18,46,0,,0,0,,,,,1,il-sbe,2026-09-18T03:11:45+00:00
2026,IL,17161,Rock Island County,2026-09-19,45,0,,0,0,,,,,1,il-sbe,2026-09-19T03:08:06+00:00
2026,IL,17161,Rock Island County,2026-09-20,44,0,,0,0,,,,,1,il-sbe,2026-09-20T03:24:25+00:00
2026,IL,17161,Rock Island County,2026-09-21,43,0,,0,0,,,,,1,il-sbe,2026-09-21T03:19:32+00:00
2026,IL,17161,Rock Island County,2026-09-22,42,0,,0,0,,,,,1,il-sbe,2026-09-22T00:36:05+00:00
2026,IL,17161,Rock Island County,2026-09-23,41,0,,0,0,,,,,1,il-sbe,2026-09-23T04:34:26+00:00
2026,IL,17161,Rock Island County,2026-09-24,40,0,,0,0,,,,,1,il-sbe,2026-09-24T00:14:04+00:00
2026,IL,17161,Rock Island County,2026-09-25,39,103,,103,0,,,,,1,il-sbe,2026-09-25T19:49:30+00:00
2026,IL,17161,Rock Island County,2026-09-26,38,103,,103,0,,,,,1,il-sbe,2026-09-26T03:32:01+00:00
2026,IL,17161,Rock Island County,2026-09-27,37,103,,103,0,,,,,1,il-sbe,2026-09-27T03:40:10+00:00
2026,IL,17161,Rock Island County,2026-09-28,36,203,,203,0,,,,,1,il-sbe,2026-09-28T17:43:15+00:00
2026,IL,17161,Rock Island County,2026-09-29,35,203,,203,0,,,,,1,il-sbe,2026-09-29T07:53:29+00:00
2026,IL,17161,Rock Island County,2026-09-30,34,1194,,1194,0,,,,,1,il-sbe,2026-09-30T20:32:53+00:00
2026,IL,17161,Rock Island County,2026-10-01,33,1194,,1194,0,,,,,1,il-sbe,2026-10-01T01:04:09+00:00
2026,IL,17163,St. Clair County,2026-09-06,58,0,,0,0,,,,,1,il-sbe,2026-09-06T23:28:30+00:00
2026,IL,17163,St. Clair County,2026-09-07,57,0,,0,0,,,,,1,il-sbe,2026-09-07T00:37:54+00:00
2026,IL,17163,St. Clair County,2026-09-08,56,0,,0,0,,,,,1,il-sbe,2026-09-08T03:03:27+00:00
2026,IL,17163,St. Clair County,2026-09-09,55,0,,0,0,,,,,1,il-sbe,2026-09-09T03:04:22+00:00
2026,IL,17163,St. Clair County,2026-09-10,54,0,,0,0,,,,,1,il-sbe,2026-09-10T03:04:52+00:00
2026,IL,17163,St. Clair County,2026-09-11,53,0,,0,0,,,,,1,il-sbe,2026-09-11T02:59:47+00:00
2026,IL,17163,St. Clair County,2026-09-12,52,0,,0,0,,,,,1,il-sbe,2026-09-12T03:07:19+00:00
2026,IL,17163,St. Clair County,2026-09-13,51,0,,0,0,,,,,1,il-sbe,2026-09-13T03:09:07+00:00
2026,IL,17163,St. Clair County,2026-09-14,50,0,,0,0,,,,,1,il-sbe,2026-09-14T09:34:07+00:00
2026,IL,17163,St. Clair County,2026-09-15,49,0,,0,0,,,,,1,il-sbe,2026-09-15T00:16:59+00:00
2026,IL,17163,St. Clair County,2026-09-16,48,0,,0,0,,,,,1,il-sbe,2026-09-16T04:08:21+00:00
2026,IL,17163,St. Clair County,2026-09-17,47,0,,0,0,,,,,1,il-sbe,2026-09-17T00:04:51+00:00
2026,IL,17163,St. Clair County,2026-09-18,46,0,,0,0,,,,,1,il-sbe,2026-09-18T03:11:45+00:00
2026,IL,17163,St. Clair County,2026-09-19,45,0,,0,0,,,,,1,il-sbe,2026-09-19T03:08:06+00:00
2026,IL,17163,St. Clair County,2026-09-20,44,0,,0,0,,,,,1,il-sbe,2026-09-20T03:24:25+00:00
2026,IL,17163,St. Clair County,2026-09-21,43,0,,0,0,,,,,1,il-sbe,2026-09-21T03:19:32+00:00
2026,IL,17163,St. Clair County,2026-09-22,42,0,,0,0,,,,,1,il-sbe,2026-09-22T00:36:05+00:00
2026,IL,17163,St. Clair County,2026-09-23,41,0,,0,0,,,,,1,il-sbe,2026-09-23T04:34:26+00:00
2026,IL,17163,St. Clair County,2026-09-24,40,0,,0,0,,,,,1,il-sbe,2026-09-24T00:14:04+00:00
2026,IL,17163,St. Clair County,2026-09-25,39,75,,8,67,,,,,1,il-sbe,2026-09-25T19:49:30+00:00
2026,IL,17163,St. Clair County,2026-09-26,38,75,,8,67,,,,,1,il-sbe,2026-09-26T03:32:01+00:00
2026,IL,17163,St. Clair County,2026-09-27,37,75,,8,67,,,,,1,il-sbe,2026-09-27T03:40:10+00:00
2026,IL,17163,St. Clair County,2026-09-28,36,179,,14,165,,,,,1,il-sbe,2026-09-28T17:43:15+00:00
2026,IL,17163,St. Clair County,2026-09-29,35,179,,14,165,,,,,1,il-sbe,2026-09-29T07:53:29+00:00
2026,IL,17163,St. Clair County,2026-09-30,34,360,,23,337,,,,,1,il-sbe,2026-09-30T20:32:53+00:00
2026,IL,17163,St. Clair County,2026-10-01,33,360,,23,337,,,,,1,il-sbe,2026-10-01T01:04:09+00:00
2026,IL,17165,Saline County,2026-09-06,58,0,,0,0,,,,,1,il-sbe,2026-09-06T23:28:30+00:00
2026,IL,17165,Saline County,2026-09-07,57,0,,0,0,,,,,1,il-sbe,2026-09-07T00:37:54+00:00
2026,IL,17165,Saline County,2026-09-08,56,0,,0,0,,,,,1,il-sbe,2026-09-08T03:03:27+00:00
2026,IL,17165,Saline County,2026-09-09,55,0,,0,0,,,,,1,il-sbe,2026-09-09T03:04:22+00:00
2026,IL,17165,Saline County,2026-09-10,54,0,,0,0,,,,,1,il-sbe,2026-09-10T03:04:52+00:00
2026,IL,17165,Saline County,2026-09-11,53,0,,0,0,,,,,1,il-sbe,2026-09-11T02:59:47+00:00
2026,IL,17165,Saline County,2026-09-12,52,0,,0,0,,,,,1,il-sbe,2026-09-12T03:07:19+00:00
2026,IL,17165,Saline County,2026-09-13,51,0,,0,0,,,,,1,il-sbe,2026-09-13T03:09:07+00:00
2026,IL,17165,Saline County,2026-09-14,50,0,,0,0,,,,,1,il-sbe,2026-09-14T09:34:07+00:00
2026,IL,17165,Saline County,2026-09-15,49,0,,0,0,,,,,1,il-sbe,2026-09-15T00:16:59+00:00
2026,IL,17165,Saline County,2026-09-16,48,0,,0,0,,,,,1,il-sbe,2026-09-16T04:08:21+00:00
2026,IL,17165,Saline County,2026-09-17,47,0,,0,0,,,,,1,il-sbe,2026-09-17T00:04:51+00:00
2026,IL,17165,Saline County,2026-09-18,46,0,,0,0,,,,,1,il-sbe,2026-09-18T03:11:45+00:00
2026,IL,17165,Saline County,2026-09-19,45,0,,0,0,,,,,1,il-sbe,2026-09-19T03:08:06+00:00
2026,IL,17165,Saline County,2026-09-20,44,0,,0,0,,,,,1,il-sbe,2026-09-20T03:24:25+00:00
2026,IL,17165,Saline County,2026-09-21,43,0,,0,0,,,,,1,il-sbe,2026-09-21T03:19:32+00:00
2026,IL,17165,Saline County,2026-09-22,42,0,,0,0,,,,,1,il-sbe,2026-09-22T00:36:05+00:00
2026,IL,17165,Saline County,2026-09-23,41,0,,0,0,,,,,1,il-sbe,2026-09-23T04:34:26+00:00
2026,IL,17165,Saline County,2026-09-24,40,0,,0,0,,,,,1,il-sbe,2026-09-24T00:14:04+00:00
2026,IL,17165,Saline County,2026-09-25,39,22,,12,10,,,,,1,il-sbe,2026-09-25T19:49:30+00:00
2026,IL,17165,Saline County,2026-09-26,38,22,,12,10,,,,,1,il-sbe,2026-09-26T03:32:01+00:00
2026,IL,17165,Saline County,2026-09-27,37,22,,12,10,,,,,1,il-sbe,2026-09-27T03:40:10+00:00
2026,IL,17165,Saline County,2026-09-28,36,55,,28,27,,,,,1,il-sbe,2026-09-28T17:43:15+00:00
2026,IL,17165,Saline County,2026-09-29,35,55,,28,27,,,,,1,il-sbe,2026-09-29T07:53:29+00:00
2026,IL,17165,Saline County,2026-09-30,34,195,,133,62,,,,,1,il-sbe,2026-09-30T20:32:53+00:00
2026,IL,17165,Saline County,2026-10-01,33,195,,133,62,,,,,1,il-sbe,2026-10-01T01:04:09+00:00
2026,IL,17167,Sangamon County,2026-09-06,58,0,,0,0,,,,,1,il-sbe,2026-09-06T23:28:30+00:00
2026,IL,17167,Sangamon County,2026-09-07,57,0,,0,0,,,,,1,il-sbe,2026-09-07T00:37:54+00:00
2026,IL,17167,Sangamon County,2026-09-08,56,0,,0,0,,,,,1,il-sbe,2026-09-08T03:03:27+00:00
2026,IL,17167,Sangamon County,2026-09-09,55,0,,0,0,,,,,1,il-sbe,2026-09-09T03:04:22+00:00
2026,IL,17167,Sangamon County,2026-09-10,54,0,,0,0,,,,,1,il-sbe,2026-09-10T03:04:52+00:00
2026,IL,17167,Sangamon County,2026-09-11,53,0,,0,0,,,,,1,il-sbe,2026-09-11T02:59:47+00:00
2026,IL,17167,Sangamon County,2026-09-12,52,0,,0,0,,,,,1,il-sbe,2026-09-12T03:07:19+00:00
2026,IL,17167,Sangamon County,2026-09-13,51,0,,0,0,,,,,1,il-sbe,2026-09-13T03:09:07+00:00
2026,IL,17167,Sangamon County,2026-09-14,50,0,,0,0,,,,,1,il-sbe,2026-09-14T09:34:07+00:00
2026,IL,17167,Sangamon County,2026-09-15,49,0,,0,0,,,,,1,il-sbe,2026-09-15T00:16:59+00:00
2026,IL,17167,Sangamon County,2026-09-16,48,0,,0,0,,,,,1,il-sbe,2026-09-16T04:08:21+00:00
2026,IL,17167,Sangamon County,2026-09-17,47,0,,0,0,,,,,1,il-sbe,2026-09-17T00:04:51+00:00
2026,IL,17167,Sangamon County,2026-09-18,46,0,,0,0,,,,,1,il-sbe,2026-09-18T03:11:45+00:00
2026,IL,17167,Sangamon County,2026-09-19,45,0,,0,0,,,,,1,il-sbe,2026-09-19T03:08:06+00:00
2026,IL,17167,Sangamon County,2026-09-20,44,0,,0,0,,,,,1,il-sbe,2026-09-20T03:24:25+00:00
2026,IL,17167,Sangamon County,2026-09-21,43,0,,0,0,,,,,1,il-sbe,2026-09-21T03:19:32+00:00
2026,IL,17167,Sangamon County,2026-09-22,42,0,,0,0,,,,,1,il-sbe,2026-09-22T00:36:05+00:00
2026,IL,17167,Sangamon County,2026-09-23,41,0,,0,0,,,,,1,il-sbe,2026-09-23T04:34:26+00:00
2026,IL,17167,Sangamon County,2026-09-24,40,0,,0,0,,,,,1,il-sbe,2026-09-24T00:14:04+00:00
2026,IL,17167,Sangamon County,2026-09-25,39,0,,0,0,,,,,1,il-sbe,2026-09-25T03:26:04+00:00
2026,IL,17167,Sangamon County,2026-09-26,38,0,,0,0,,,,,1,il-sbe,2026-09-26T03:32:01+00:00
2026,IL,17167,Sangamon County,2026-09-27,37,0,,0,0,,,,,1,il-sbe,2026-09-27T03:40:10+00:00
2026,IL,17167,Sangamon County,2026-09-28,36,286,,0,286,,,,,1,il-sbe,2026-09-28T17:43:15+00:00
2026,IL,17167,Sangamon County,2026-09-29,35,286,,0,286,,,,,1,il-sbe,2026-09-29T07:53:29+00:00
2026,IL,17167,Sangamon County,2026-09-30,34,1983,,1418,565,,,,,1,il-sbe,2026-09-30T20:32:53+00:00
2026,IL,17167,Sangamon County,2026-10-01,33,1983,,1418,565,,,,,1,il-sbe,2026-10-01T01:04:09+00:00
2026,IL,17169,Schuyler County,2026-09-06,58,0,,0,0,,,,,1,il-sbe,2026-09-06T23:28:30+00:00
2026,IL,17169,Schuyler County,2026-09-07,57,0,,0,0,,,,,1,il-sbe,2026-09-07T00:37:54+00:00
2026,IL,17169,Schuyler County,2026-09-08,56,0,,0,0,,,,,1,il-sbe,2026-09-08T03:03:27+00:00
2026,IL,17169,Schuyler County,2026-09-09,55,0,,0,0,,,,,1,il-sbe,2026-09-09T03:04:22+00:00
2026,IL,17169,Schuyler County,2026-09-10,54,0,,0,0,,,,,1,il-sbe,2026-09-10T03:04:52+00:00
2026,IL,17169,Schuyler County,2026-09-11,53,0,,0,0,,,,,1,il-sbe,2026-09-11T02:59:47+00:00
2026,IL,17169,Schuyler County,2026-09-12,52,0,,0,0,,,,,1,il-sbe,2026-09-12T03:07:19+00:00
2026,IL,17169,Schuyler County,2026-09-13,51,0,,0,0,,,,,1,il-sbe,2026-09-13T03:09:07+00:00
2026,IL,17169,Schuyler County,2026-09-14,50,0,,0,0,,,,,1,il-sbe,2026-09-14T09:34:07+00:00
2026,IL,17169,Schuyler County,2026-09-15,49,0,,0,0,,,,,1,il-sbe,2026-09-15T00:16:59+00:00
2026,IL,17169,Schuyler County,2026-09-16,48,0,,0,0,,,,,1,il-sbe,2026-09-16T04:08:21+00:00
2026,IL,17169,Schuyler County,2026-09-17,47,0,,0,0,,,,,1,il-sbe,2026-09-17T00:04:51+00:00
2026,IL,17169,Schuyler County,2026-09-18,46,0,,0,0,,,,,1,il-sbe,2026-09-18T03:11:45+00:00
2026,IL,17169,Schuyler County,2026-09-19,45,0,,0,0,,,,,1,il-sbe,2026-09-19T03:08:06+00:00
2026,IL,17169,Schuyler County,2026-09-20,44,0,,0,0,,,,,1,il-sbe,2026-09-20T03:24:25+00:00
2026,IL,17169,Schuyler County,2026-09-21,43,0,,0,0,,,,,1,il-sbe,2026-09-21T03:19:32+00:00
2026,IL,17169,Schuyler County,2026-09-22,42,0,,0,0,,,,,1,il-sbe,2026-09-22T00:36:05+00:00
2026,IL,17169,Schuyler County,2026-09-23,41,0,,0,0,,,,,1,il-sbe,2026-09-23T04:34:26+00:00
2026,IL,17169,Schuyler County,2026-09-24,40,0,,0,0,,,,,1,il-sbe,2026-09-24T00:14:04+00:00
2026,IL,17169,Schuyler County,2026-09-25,39,26,,15,11,,,,,1,il-sbe,2026-09-25T19:49:30+00:00
2026,IL,17169,Schuyler County,2026-09-26,38,26,,15,11,,,,,1,il-sbe,2026-09-26T03:32:01+00:00
2026,IL,17169,Schuyler County,2026-09-27,37,26,,15,11,,,,,1,il-sbe,2026-09-27T03:40:10+00:00
2026,IL,17169,Schuyler County,2026-09-28,36,49,,27,22,,,,,1,il-sbe,2026-09-28T17:43:15+00:00
2026,IL,17169,Schuyler County,2026-09-29,35,49,,27,22,,,,,1,il-sbe,2026-09-29T07:53:29+00:00
2026,IL,17169,Schuyler County,2026-09-30,34,88,,60,28,,,,,1,il-sbe,2026-09-30T20:32:53+00:00
2026,IL,17169,Schuyler County,2026-10-01,33,88,,60,28,,,,,1,il-sbe,2026-10-01T01:04:09+00:00
2026,IL,17171,Scott County,2026-09-06,58,0,,0,0,,,,,1,il-sbe,2026-09-06T23:28:30+00:00
2026,IL,17171,Scott County,2026-09-07,57,0,,0,0,,,,,1,il-sbe,2026-09-07T00:37:54+00:00
2026,IL,17171,Scott County,2026-09-08,56,0,,0,0,,,,,1,il-sbe,2026-09-08T03:03:27+00:00
2026,IL,17171,Scott County,2026-09-09,55,0,,0,0,,,,,1,il-sbe,2026-09-09T03:04:22+00:00
2026,IL,17171,Scott County,2026-09-10,54,0,,0,0,,,,,1,il-sbe,2026-09-10T03:04:52+00:00
2026,IL,17171,Scott County,2026-09-11,53,0,,0,0,,,,,1,il-sbe,2026-09-11T02:59:47+00:00
2026,IL,17171,Scott County,2026-09-12,52,0,,0,0,,,,,1,il-sbe,2026-09-12T03:07:19+00:00
2026,IL,17171,Scott County,2026-09-13,51,0,,0,0,,,,,1,il-sbe,2026-09-13T03:09:07+00:00
2026,IL,17171,Scott County,2026-09-14,50,0,,0,0,,,,,1,il-sbe,2026-09-14T09:34:07+00:00
2026,IL,17171,Scott County,2026-09-15,49,0,,0,0,,,,,1,il-sbe,2026-09-15T00:16:59+00:00
2026,IL,17171,Scott County,2026-09-16,48,0,,0,0,,,,,1,il-sbe,2026-09-16T04:08:21+00:00
2026,IL,17171,Scott County,2026-09-17,47,0,,0,0,,,,,1,il-sbe,2026-09-17T00:04:51+00:00
2026,IL,17171,Scott County,2026-09-18,46,0,,0,0,,,,,1,il-sbe,2026-09-18T03:11:45+00:00
2026,IL,17171,Scott County,2026-09-19,45,0,,0,0,,,,,1,il-sbe,2026-09-19T03:08:06+00:00
2026,IL,17171,Scott County,2026-09-20,44,0,,0,0,,,,,1,il-sbe,2026-09-20T03:24:25+00:00
2026,IL,17171,Scott County,2026-09-21,43,0,,0,0,,,,,1,il-sbe,2026-09-21T03:19:32+00:00
2026,IL,17171,Scott County,2026-09-22,42,0,,0,0,,,,,1,il-sbe,2026-09-22T00:36:05+00:00
2026,IL,17171,Scott County,2026-09-23,41,0,,0,0,,,,,1,il-sbe,2026-09-23T04:34:26+00:00
2026,IL,17171,Scott County,2026-09-24,40,0,,0,0,,,,,1,il-sbe,2026-09-24T00:14:04+00:00
2026,IL,17171,Scott County,2026-09-25,39,2,,1,1,,,,,1,il-sbe,2026-09-25T19:49:30+00:00
2026,IL,17171,Scott County,2026-09-26,38,2,,1,1,,,,,1,il-sbe,2026-09-26T03:32:01+00:00
2026,IL,17171,Scott County,2026-09-27,37,2,,1,1,,,,,1,il-sbe,2026-09-27T03:40:10+00:00
2026,IL,17171,Scott County,2026-09-28,36,6,,3,3,,,,,1,il-sbe,2026-09-28T17:43:15+00:00
2026,IL,17171,Scott County,2026-09-29,35,6,,3,3,,,,,1,il-sbe,2026-09-29T07:53:29+00:00
2026,IL,17171,Scott County,2026-09-30,34,20,,10,10,,,,,1,il-sbe,2026-09-30T20:32:53+00:00
2026,IL,17171,Scott County,2026-10-01,33,20,,10,10,,,,,1,il-sbe,2026-10-01T01:04:09+00:00
2026,IL,17173,Shelby County,2026-09-06,58,0,,0,0,,,,,1,il-sbe,2026-09-06T23:28:30+00:00
2026,IL,17173,Shelby County,2026-09-07,57,0,,0,0,,,,,1,il-sbe,2026-09-07T00:37:54+00:00
2026,IL,17173,Shelby County,2026-09-08,56,0,,0,0,,,,,1,il-sbe,2026-09-08T03:03:27+00:00
2026,IL,17173,Shelby County,2026-09-09,55,0,,0,0,,,,,1,il-sbe,2026-09-09T03:04:22+00:00
2026,IL,17173,Shelby County,2026-09-10,54,0,,0,0,,,,,1,il-sbe,2026-09-10T03:04:52+00:00
2026,IL,17173,Shelby County,2026-09-11,53,0,,0,0,,,,,1,il-sbe,2026-09-11T02:59:47+00:00
2026,IL,17173,Shelby County,2026-09-12,52,0,,0,0,,,,,1,il-sbe,2026-09-12T03:07:19+00:00
2026,IL,17173,Shelby County,2026-09-13,51,0,,0,0,,,,,1,il-sbe,2026-09-13T03:09:07+00:00
2026,IL,17173,Shelby County,2026-09-14,50,0,,0,0,,,,,1,il-sbe,2026-09-14T09:34:07+00:00
2026,IL,17173,Shelby County,2026-09-15,49,0,,0,0,,,,,1,il-sbe,2026-09-15T00:16:59+00:00
2026,IL,17173,Shelby County,2026-09-16,48,0,,0,0,,,,,1,il-sbe,2026-09-16T04:08:21+00:00
2026,IL,17173,Shelby County,2026-09-17,47,0,,0,0,,,,,1,il-sbe,2026-09-17T00:04:51+00:00
2026,IL,17173,Shelby County,2026-09-18,46,0,,0,0,,,,,1,il-sbe,2026-09-18T03:11:45+00:00
2026,IL,17173,Shelby County,2026-09-19,45,0,,0,0,,,,,1,il-sbe,2026-09-19T03:08:06+00:00
2026,IL,17173,Shelby County,2026-09-20,44,0,,0,0,,,,,1,il-sbe,2026-09-20T03:24:25+00:00
2026,IL,17173,Shelby County,2026-09-21,43,0,,0,0,,,,,1,il-sbe,2026-09-21T03:19:32+00:00
2026,IL,17173,Shelby County,2026-09-22,42,0,,0,0,,,,,1,il-sbe,2026-09-22T00:36:05+00:00
2026,IL,17173,Shelby County,2026-09-23,41,0,,0,0,,,,,1,il-sbe,2026-09-23T04:34:26+00:00
2026,IL,17173,Shelby County,2026-09-24,40,0,,0,0,,,,,1,il-sbe,2026-09-24T00:14:04+00:00
2026,IL,17173,Shelby County,2026-09-25,39,11,,0,11,,,,,1,il-sbe,2026-09-25T19:49:30+00:00
2026,IL,17173,Shelby County,2026-09-26,38,11,,0,11,,,,,1,il-sbe,2026-09-26T03:32:01+00:00
2026,IL,17173,Shelby County,2026-09-27,37,11,,0,11,,,,,1,il-sbe,2026-09-27T03:40:10+00:00
2026,IL,17173,Shelby County,2026-09-28,36,25,,0,25,,,,,1,il-sbe,2026-09-28T17:43:15+00:00
2026,IL,17173,Shelby County,2026-09-29,35,25,,0,25,,,,,1,il-sbe,2026-09-29T07:53:29+00:00
2026,IL,17173,Shelby County,2026-09-30,34,63,,1,62,,,,,1,il-sbe,2026-09-30T20:32:53+00:00
2026,IL,17173,Shelby County,2026-10-01,33,63,,1,62,,,,,1,il-sbe,2026-10-01T01:04:09+00:00
2026,IL,17175,Stark County,2026-09-06,58,0,,0,0,,,,,1,il-sbe,2026-09-06T23:28:30+00:00
2026,IL,17175,Stark County,2026-09-07,57,0,,0,0,,,,,1,il-sbe,2026-09-07T00:37:54+00:00
2026,IL,17175,Stark County,2026-09-08,56,0,,0,0,,,,,1,il-sbe,2026-09-08T03:03:27+00:00
2026,IL,17175,Stark County,2026-09-09,55,0,,0,0,,,,,1,il-sbe,2026-09-09T03:04:22+00:00
2026,IL,17175,Stark County,2026-09-10,54,0,,0,0,,,,,1,il-sbe,2026-09-10T03:04:52+00:00
2026,IL,17175,Stark County,2026-09-11,53,0,,0,0,,,,,1,il-sbe,2026-09-11T02:59:47+00:00
2026,IL,17175,Stark County,2026-09-12,52,0,,0,0,,,,,1,il-sbe,2026-09-12T03:07:19+00:00
2026,IL,17175,Stark County,2026-09-13,51,0,,0,0,,,,,1,il-sbe,2026-09-13T03:09:07+00:00
2026,IL,17175,Stark County,2026-09-14,50,0,,0,0,,,,,1,il-sbe,2026-09-14T09:34:07+00:00
2026,IL,17175,Stark County,2026-09-15,49,0,,0,0,,,,,1,il-sbe,2026-09-15T00:16:59+00:00
2026,IL,17175,Stark County,2026-09-16,48,0,,0,0,,,,,1,il-sbe,2026-09-16T04:08:21+00:00
2026,IL,17175,Stark County,2026-09-17,47,0,,0,0,,,,,1,il-sbe,2026-09-17T00:04:51+00:00
2026,IL,17175,Stark County,2026-09-18,46,0,,0,0,,,,,1,il-sbe,2026-09-18T03:11:45+00:00
2026,IL,17175,Stark County,2026-09-19,45,0,,0,0,,,,,1,il-sbe,2026-09-19T03:08:06+00:00
2026,IL,17175,Stark County,2026-09-20,44,0,,0,0,,,,,1,il-sbe,2026-09-20T03:24:25+00:00
2026,IL,17175,Stark County,2026-09-21,43,0,,0,0,,,,,1,il-sbe,2026-09-21T03:19:32+00:00
2026,IL,17175,Stark County,2026-09-22,42,0,,0,0,,,,,1,il-sbe,2026-09-22T00:36:05+00:00
2026,IL,17175,Stark County,2026-09-23,41,0,,0,0,,,,,1,il-sbe,2026-09-23T04:34:26+00:00
2026,IL,17175,Stark County,2026-09-24,40,0,,0,0,,,,,1,il-sbe,2026-09-24T00:14:04+00:00
2026,IL,17175,Stark County,2026-09-25,39,4,,0,4,,,,,1,il-sbe,2026-09-25T19:49:30+00:00
2026,IL,17175,Stark County,2026-09-26,38,4,,0,4,,,,,1,il-sbe,2026-09-26T03:32:01+00:00
2026,IL,17175,Stark County,2026-09-27,37,4,,0,4,,,,,1,il-sbe,2026-09-27T03:40:10+00:00
2026,IL,17175,Stark County,2026-09-28,36,7,,0,7,,,,,1,il-sbe,2026-09-28T17:43:15+00:00
2026,IL,17175,Stark County,2026-09-29,35,7,,0,7,,,,,1,il-sbe,2026-09-29T07:53:29+00:00
2026,IL,17175,Stark County,2026-09-30,34,31,,21,10,,,,,1,il-sbe,2026-09-30T20:32:53+00:00
2026,IL,17175,Stark County,2026-10-01,33,31,,21,10,,,,,1,il-sbe,2026-10-01T01:04:09+00:00
2026,IL,17177,Stephenson County,2026-09-06,58,0,,0,0,,,,,1,il-sbe,2026-09-06T23:28:30+00:00
2026,IL,17177,Stephenson County,2026-09-07,57,0,,0,0,,,,,1,il-sbe,2026-09-07T00:37:54+00:00
2026,IL,17177,Stephenson County,2026-09-08,56,0,,0,0,,,,,1,il-sbe,2026-09-08T03:03:27+00:00
2026,IL,17177,Stephenson County,2026-09-09,55,0,,0,0,,,,,1,il-sbe,2026-09-09T03:04:22+00:00
2026,IL,17177,Stephenson County,2026-09-10,54,0,,0,0,,,,,1,il-sbe,2026-09-10T03:04:52+00:00
2026,IL,17177,Stephenson County,2026-09-11,53,0,,0,0,,,,,1,il-sbe,2026-09-11T02:59:47+00:00
2026,IL,17177,Stephenson County,2026-09-12,52,0,,0,0,,,,,1,il-sbe,2026-09-12T03:07:19+00:00
2026,IL,17177,Stephenson County,2026-09-13,51,0,,0,0,,,,,1,il-sbe,2026-09-13T03:09:07+00:00
2026,IL,17177,Stephenson County,2026-09-14,50,0,,0,0,,,,,1,il-sbe,2026-09-14T09:34:07+00:00
2026,IL,17177,Stephenson County,2026-09-15,49,0,,0,0,,,,,1,il-sbe,2026-09-15T00:16:59+00:00
2026,IL,17177,Stephenson County,2026-09-16,48,0,,0,0,,,,,1,il-sbe,2026-09-16T04:08:21+00:00
2026,IL,17177,Stephenson County,2026-09-17,47,0,,0,0,,,,,1,il-sbe,2026-09-17T00:04:51+00:00
2026,IL,17177,Stephenson County,2026-09-18,46,0,,0,0,,,,,1,il-sbe,2026-09-18T03:11:45+00:00
2026,IL,17177,Stephenson County,2026-09-19,45,0,,0,0,,,,,1,il-sbe,2026-09-19T03:08:06+00:00
2026,IL,17177,Stephenson County,2026-09-20,44,0,,0,0,,,,,1,il-sbe,2026-09-20T03:24:25+00:00
2026,IL,17177,Stephenson County,2026-09-21,43,0,,0,0,,,,,1,il-sbe,2026-09-21T03:19:32+00:00
2026,IL,17177,Stephenson County,2026-09-22,42,0,,0,0,,,,,1,il-sbe,2026-09-22T00:36:05+00:00
2026,IL,17177,Stephenson County,2026-09-23,41,0,,0,0,,,,,1,il-sbe,2026-09-23T04:34:26+00:00
2026,IL,17177,Stephenson County,2026-09-24,40,0,,0,0,,,,,1,il-sbe,2026-09-24T00:14:04+00:00
2026,IL,17177,Stephenson County,2026-09-25,39,96,,0,96,,,,,1,il-sbe,2026-09-25T19:49:30+00:00
2026,IL,17177,Stephenson County,2026-09-26,38,96,,0,96,,,,,1,il-sbe,2026-09-26T03:32:01+00:00
2026,IL,17177,Stephenson County,2026-09-27,37,96,,0,96,,,,,1,il-sbe,2026-09-27T03:40:10+00:00
2026,IL,17177,Stephenson County,2026-09-28,36,186,,0,186,,,,,1,il-sbe,2026-09-28T17:43:15+00:00
2026,IL,17177,Stephenson County,2026-09-29,35,186,,0,186,,,,,1,il-sbe,2026-09-29T07:53:29+00:00
2026,IL,17177,Stephenson County,2026-09-30,34,330,,0,330,,,,,1,il-sbe,2026-09-30T20:32:53+00:00
2026,IL,17177,Stephenson County,2026-10-01,33,330,,0,330,,,,,1,il-sbe,2026-10-01T01:04:09+00:00
2026,IL,17179,Tazewell County,2026-09-06,58,0,,0,0,,,,,1,il-sbe,2026-09-06T23:28:30+00:00
2026,IL,17179,Tazewell County,2026-09-07,57,0,,0,0,,,,,1,il-sbe,2026-09-07T00:37:54+00:00
2026,IL,17179,Tazewell County,2026-09-08,56,0,,0,0,,,,,1,il-sbe,2026-09-08T03:03:27+00:00
2026,IL,17179,Tazewell County,2026-09-09,55,0,,0,0,,,,,1,il-sbe,2026-09-09T03:04:22+00:00
2026,IL,17179,Tazewell County,2026-09-10,54,0,,0,0,,,,,1,il-sbe,2026-09-10T03:04:52+00:00
2026,IL,17179,Tazewell County,2026-09-11,53,0,,0,0,,,,,1,il-sbe,2026-09-11T02:59:47+00:00
2026,IL,17179,Tazewell County,2026-09-12,52,0,,0,0,,,,,1,il-sbe,2026-09-12T03:07:19+00:00
2026,IL,17179,Tazewell County,2026-09-13,51,0,,0,0,,,,,1,il-sbe,2026-09-13T03:09:07+00:00
2026,IL,17179,Tazewell County,2026-09-14,50,0,,0,0,,,,,1,il-sbe,2026-09-14T09:34:07+00:00
2026,IL,17179,Tazewell County,2026-09-15,49,0,,0,0,,,,,1,il-sbe,2026-09-15T00:16:59+00:00
2026,IL,17179,Tazewell County,2026-09-16,48,0,,0,0,,,,,1,il-sbe,2026-09-16T04:08:21+00:00
2026,IL,17179,Tazewell County,2026-09-17,47,0,,0,0,,,,,1,il-sbe,2026-09-17T00:04:51+00:00
2026,IL,17179,Tazewell County,2026-09-18,46,0,,0,0,,,,,1,il-sbe,2026-09-18T03:11:45+00:00
2026,IL,17179,Tazewell County,2026-09-19,45,0,,0,0,,,,,1,il-sbe,2026-09-19T03:08:06+00:00
2026,IL,17179,Tazewell County,2026-09-20,44,0,,0,0,,,,,1,il-sbe,2026-09-20T03:24:25+00:00
2026,IL,17179,Tazewell County,2026-09-21,43,0,,0,0,,,,,1,il-sbe,2026-09-21T03:19:32+00:00
2026,IL,17179,Tazewell County,2026-09-22,42,0,,0,0,,,,,1,il-sbe,2026-09-22T00:36:05+00:00
2026,IL,17179,Tazewell County,2026-09-23,41,0,,0,0,,,,,1,il-sbe,2026-09-23T04:34:26+00:00
2026,IL,17179,Tazewell County,2026-09-24,40,0,,0,0,,,,,1,il-sbe,2026-09-24T00:14:04+00:00
2026,IL,17179,Tazewell County,2026-09-25,39,139,,0,139,,,,,1,il-sbe,2026-09-25T19:49:30+00:00
2026,IL,17179,Tazewell County,2026-09-26,38,139,,0,139,,,,,1,il-sbe,2026-09-26T03:32:01+00:00
2026,IL,17179,Tazewell County,2026-09-27,37,139,,0,139,,,,,1,il-sbe,2026-09-27T03:40:10+00:00
2026,IL,17179,Tazewell County,2026-09-28,36,252,,0,252,,,,,1,il-sbe,2026-09-28T17:43:15+00:00
2026,IL,17179,Tazewell County,2026-09-29,35,252,,0,252,,,,,1,il-sbe,2026-09-29T07:53:29+00:00
2026,IL,17179,Tazewell County,2026-09-30,34,429,,0,429,,,,,1,il-sbe,2026-09-30T20:32:53+00:00
2026,IL,17179,Tazewell County,2026-10-01,33,429,,0,429,,,,,1,il-sbe,2026-10-01T01:04:09+00:00
2026,IL,17181,Union County,2026-09-06,58,0,,0,0,,,,,1,il-sbe,2026-09-06T23:28:30+00:00
2026,IL,17181,Union County,2026-09-07,57,0,,0,0,,,,,1,il-sbe,2026-09-07T00:37:54+00:00
2026,IL,17181,Union County,2026-09-08,56,0,,0,0,,,,,1,il-sbe,2026-09-08T03:03:27+00:00
2026,IL,17181,Union County,2026-09-09,55,0,,0,0,,,,,1,il-sbe,2026-09-09T03:04:22+00:00
2026,IL,17181,Union County,2026-09-10,54,0,,0,0,,,,,1,il-sbe,2026-09-10T03:04:52+00:00
2026,IL,17181,Union County,2026-09-11,53,0,,0,0,,,,,1,il-sbe,2026-09-11T02:59:47+00:00
2026,IL,17181,Union County,2026-09-12,52,0,,0,0,,,,,1,il-sbe,2026-09-12T03:07:19+00:00
2026,IL,17181,Union County,2026-09-13,51,0,,0,0,,,,,1,il-sbe,2026-09-13T03:09:07+00:00
2026,IL,17181,Union County,2026-09-14,50,0,,0,0,,,,,1,il-sbe,2026-09-14T09:34:07+00:00
2026,IL,17181,Union County,2026-09-15,49,0,,0,0,,,,,1,il-sbe,2026-09-15T00:16:59+00:00
2026,IL,17181,Union County,2026-09-16,48,0,,0,0,,,,,1,il-sbe,2026-09-16T04:08:21+00:00
2026,IL,17181,Union County,2026-09-17,47,0,,0,0,,,,,1,il-sbe,2026-09-17T00:04:51+00:00
2026,IL,17181,Union County,2026-09-18,46,0,,0,0,,,,,1,il-sbe,2026-09-18T03:11:45+00:00
2026,IL,17181,Union County,2026-09-19,45,0,,0,0,,,,,1,il-sbe,2026-09-19T03:08:06+00:00
2026,IL,17181,Union County,2026-09-20,44,0,,0,0,,,,,1,il-sbe,2026-09-20T03:24:25+00:00
2026,IL,17181,Union County,2026-09-21,43,0,,0,0,,,,,1,il-sbe,2026-09-21T03:19:32+00:00
2026,IL,17181,Union County,2026-09-22,42,0,,0,0,,,,,1,il-sbe,2026-09-22T00:36:05+00:00
2026,IL,17181,Union County,2026-09-23,41,0,,0,0,,,,,1,il-sbe,2026-09-23T04:34:26+00:00
2026,IL,17181,Union County,2026-09-24,40,0,,0,0,,,,,1,il-sbe,2026-09-24T00:14:04+00:00
2026,IL,17181,Union County,2026-09-25,39,280,,0,280,,,,,1,il-sbe,2026-09-25T19:49:30+00:00
2026,IL,17181,Union County,2026-09-26,38,280,,0,280,,,,,1,il-sbe,2026-09-26T03:32:01+00:00
2026,IL,17181,Union County,2026-09-27,37,280,,0,280,,,,,1,il-sbe,2026-09-27T03:40:10+00:00
2026,IL,17181,Union County,2026-09-28,36,280,,0,280,,,,,1,il-sbe,2026-09-28T03:39:02+00:00
2026,IL,17181,Union County,2026-09-29,35,280,,0,280,,,,,1,il-sbe,2026-09-29T07:53:29+00:00
2026,IL,17181,Union County,2026-09-30,34,0,,0,0,,,,,1,il-sbe,2026-09-30T20:32:53+00:00
2026,IL,17181,Union County,2026-10-01,33,0,,0,0,,,,,1,il-sbe,2026-10-01T01:04:09+00:00
2026,IL,17183,Vermilion County,2026-09-06,58,0,,0,0,,,,,1,il-sbe,2026-09-06T23:28:30+00:00
2026,IL,17183,Vermilion County,2026-09-07,57,0,,0,0,,,,,1,il-sbe,2026-09-07T00:37:54+00:00
2026,IL,17183,Vermilion County,2026-09-08,56,0,,0,0,,,,,1,il-sbe,2026-09-08T03:03:27+00:00
2026,IL,17183,Vermilion County,2026-09-09,55,0,,0,0,,,,,1,il-sbe,2026-09-09T03:04:22+00:00
2026,IL,17183,Vermilion County,2026-09-10,54,0,,0,0,,,,,1,il-sbe,2026-09-10T03:04:52+00:00
2026,IL,17183,Vermilion County,2026-09-11,53,0,,0,0,,,,,1,il-sbe,2026-09-11T02:59:47+00:00
2026,IL,17183,Vermilion County,2026-09-12,52,0,,0,0,,,,,1,il-sbe,2026-09-12T03:07:19+00:00
2026,IL,17183,Vermilion County,2026-09-13,51,0,,0,0,,,,,1,il-sbe,2026-09-13T03:09:07+00:00
2026,IL,17183,Vermilion County,2026-09-14,50,0,,0,0,,,,,1,il-sbe,2026-09-14T09:34:07+00:00
2026,IL,17183,Vermilion County,2026-09-15,49,0,,0,0,,,,,1,il-sbe,2026-09-15T00:16:59+00:00
2026,IL,17183,Vermilion County,2026-09-16,48,0,,0,0,,,,,1,il-sbe,2026-09-16T04:08:21+00:00
2026,IL,17183,Vermilion County,2026-09-17,47,0,,0,0,,,,,1,il-sbe,2026-09-17T00:04:51+00:00
2026,IL,17183,Vermilion County,2026-09-18,46,0,,0,0,,,,,1,il-sbe,2026-09-18T03:11:45+00:00
2026,IL,17183,Vermilion County,2026-09-19,45,0,,0,0,,,,,1,il-sbe,2026-09-19T03:08:06+00:00
2026,IL,17183,Vermilion County,2026-09-20,44,0,,0,0,,,,,1,il-sbe,2026-09-20T03:24:25+00:00
2026,IL,17183,Vermilion County,2026-09-21,43,0,,0,0,,,,,1,il-sbe,2026-09-21T03:19:32+00:00
2026,IL,17183,Vermilion County,2026-09-22,42,0,,0,0,,,,,1,il-sbe,2026-09-22T00:36:05+00:00
2026,IL,17183,Vermilion County,2026-09-23,41,0,,0,0,,,,,1,il-sbe,2026-09-23T04:34:26+00:00
2026,IL,17183,Vermilion County,2026-09-24,40,0,,0,0,,,,,1,il-sbe,2026-09-24T00:14:04+00:00
2026,IL,17183,Vermilion County,2026-09-25,39,72,,24,48,,,,,1,il-sbe,2026-09-25T19:49:30+00:00
2026,IL,17183,Vermilion County,2026-09-26,38,72,,24,48,,,,,1,il-sbe,2026-09-26T03:32:01+00:00
2026,IL,17183,Vermilion County,2026-09-27,37,72,,24,48,,,,,1,il-sbe,2026-09-27T03:40:10+00:00
2026,IL,17183,Vermilion County,2026-09-28,36,132,,54,78,,,,,1,il-sbe,2026-09-28T17:43:15+00:00
2026,IL,17183,Vermilion County,2026-09-29,35,132,,54,78,,,,,1,il-sbe,2026-09-29T07:53:29+00:00
2026,IL,17183,Vermilion County,2026-09-30,34,360,,140,220,,,,,1,il-sbe,2026-09-30T20:32:53+00:00
2026,IL,17183,Vermilion County,2026-10-01,33,360,,140,220,,,,,1,il-sbe,2026-10-01T01:04:09+00:00
2026,IL,17185,Wabash County,2026-09-06,58,0,,0,0,,,,,1,il-sbe,2026-09-06T23:28:30+00:00
2026,IL,17185,Wabash County,2026-09-07,57,0,,0,0,,,,,1,il-sbe,2026-09-07T00:37:54+00:00
2026,IL,17185,Wabash County,2026-09-08,56,0,,0,0,,,,,1,il-sbe,2026-09-08T03:03:27+00:00
2026,IL,17185,Wabash County,2026-09-09,55,0,,0,0,,,,,1,il-sbe,2026-09-09T03:04:22+00:00
2026,IL,17185,Wabash County,2026-09-10,54,0,,0,0,,,,,1,il-sbe,2026-09-10T03:04:52+00:00
2026,IL,17185,Wabash County,2026-09-11,53,0,,0,0,,,,,1,il-sbe,2026-09-11T02:59:47+00:00
2026,IL,17185,Wabash County,2026-09-12,52,0,,0,0,,,,,1,il-sbe,2026-09-12T03:07:19+00:00
2026,IL,17185,Wabash County,2026-09-13,51,0,,0,0,,,,,1,il-sbe,2026-09-13T03:09:07+00:00
2026,IL,17185,Wabash County,2026-09-14,50,0,,0,0,,,,,1,il-sbe,2026-09-14T09:34:07+00:00
2026,IL,17185,Wabash County,2026-09-15,49,0,,0,0,,,,,1,il-sbe,2026-09-15T00:16:59+00:00
2026,IL,17185,Wabash County,2026-09-16,48,0,,0,0,,,,,1,il-sbe,2026-09-16T04:08:21+00:00
2026,IL,17185,Wabash County,2026-09-17,47,0,,0,0,,,,,1,il-sbe,2026-09-17T00:04:51+00:00
2026,IL,17185,Wabash County,2026-09-18,46,0,,0,0,,,,,1,il-sbe,2026-09-18T03:11:45+00:00
2026,IL,17185,Wabash County,2026-09-19,45,0,,0,0,,,,,1,il-sbe,2026-09-19T03:08:06+00:00
2026,IL,17185,Wabash County,2026-09-20,44,0,,0,0,,,,,1,il-sbe,2026-09-20T03:24:25+00:00
2026,IL,17185,Wabash County,2026-09-21,43,0,,0,0,,,,,1,il-sbe,2026-09-21T03:19:32+00:00
2026,IL,17185,Wabash County,2026-09-22,42,0,,0,0,,,,,1,il-sbe,2026-09-22T00:36:05+00:00
2026,IL,17185,Wabash County,2026-09-23,41,0,,0,0,,,,,1,il-sbe,2026-09-23T04:34:26+00:00
2026,IL,17185,Wabash County,2026-09-24,40,0,,0,0,,,,,1,il-sbe,2026-09-24T00:14:04+00:00
2026,IL,17185,Wabash County,2026-09-25,39,0,,0,0,,,,,1,il-sbe,2026-09-25T03:26:04+00:00
2026,IL,17185,Wabash County,2026-09-26,38,0,,0,0,,,,,1,il-sbe,2026-09-26T03:32:01+00:00
2026,IL,17185,Wabash County,2026-09-27,37,0,,0,0,,,,,1,il-sbe,2026-09-27T03:40:10+00:00
2026,IL,17185,Wabash County,2026-09-28,36,14,,0,14,,,,,1,il-sbe,2026-09-28T17:43:15+00:00
2026,IL,17185,Wabash County,2026-09-29,35,14,,0,14,,,,,1,il-sbe,2026-09-29T07:53:29+00:00
2026,IL,17185,Wabash County,2026-09-30,34,23,,0,23,,,,,1,il-sbe,2026-09-30T20:32:53+00:00
2026,IL,17185,Wabash County,2026-10-01,33,23,,0,23,,,,,1,il-sbe,2026-10-01T01:04:09+00:00
2026,IL,17187,Warren County,2026-09-06,58,0,,0,0,,,,,1,il-sbe,2026-09-06T23:28:30+00:00
2026,IL,17187,Warren County,2026-09-07,57,0,,0,0,,,,,1,il-sbe,2026-09-07T00:37:54+00:00
2026,IL,17187,Warren County,2026-09-08,56,0,,0,0,,,,,1,il-sbe,2026-09-08T03:03:27+00:00
2026,IL,17187,Warren County,2026-09-09,55,0,,0,0,,,,,1,il-sbe,2026-09-09T03:04:22+00:00
2026,IL,17187,Warren County,2026-09-10,54,0,,0,0,,,,,1,il-sbe,2026-09-10T03:04:52+00:00
2026,IL,17187,Warren County,2026-09-11,53,0,,0,0,,,,,1,il-sbe,2026-09-11T02:59:47+00:00
2026,IL,17187,Warren County,2026-09-12,52,0,,0,0,,,,,1,il-sbe,2026-09-12T03:07:19+00:00
2026,IL,17187,Warren County,2026-09-13,51,0,,0,0,,,,,1,il-sbe,2026-09-13T03:09:07+00:00
2026,IL,17187,Warren County,2026-09-14,50,0,,0,0,,,,,1,il-sbe,2026-09-14T09:34:07+00:00
2026,IL,17187,Warren County,2026-09-15,49,0,,0,0,,,,,1,il-sbe,2026-09-15T00:16:59+00:00
2026,IL,17187,Warren County,2026-09-16,48,0,,0,0,,,,,1,il-sbe,2026-09-16T04:08:21+00:00
2026,IL,17187,Warren County,2026-09-17,47,0,,0,0,,,,,1,il-sbe,2026-09-17T00:04:51+00:00
2026,IL,17187,Warren County,2026-09-18,46,0,,0,0,,,,,1,il-sbe,2026-09-18T03:11:45+00:00
2026,IL,17187,Warren County,2026-09-19,45,0,,0,0,,,,,1,il-sbe,2026-09-19T03:08:06+00:00
2026,IL,17187,Warren County,2026-09-20,44,0,,0,0,,,,,1,il-sbe,2026-09-20T03:24:25+00:00
2026,IL,17187,Warren County,2026-09-21,43,0,,0,0,,,,,1,il-sbe,2026-09-21T03:19:32+00:00
2026,IL,17187,Warren County,2026-09-22,42,0,,0,0,,,,,1,il-sbe,2026-09-22T00:36:05+00:00
2026,IL,17187,Warren County,2026-09-23,41,0,,0,0,,,,,1,il-sbe,2026-09-23T04:34:26+00:00
2026,IL,17187,Warren County,2026-09-24,40,0,,0,0,,,,,1,il-sbe,2026-09-24T00:14:04+00:00
2026,IL,17187,Warren County,2026-09-25,39,34,,17,17,,,,,1,il-sbe,2026-09-25T19:49:30+00:00
2026,IL,17187,Warren County,2026-09-26,38,34,,17,17,,,,,1,il-sbe,2026-09-26T03:32:01+00:00
2026,IL,17187,Warren County,2026-09-27,37,34,,17,17,,,,,1,il-sbe,2026-09-27T03:40:10+00:00
2026,IL,17187,Warren County,2026-09-28,36,60,,30,30,,,,,1,il-sbe,2026-09-28T17:43:15+00:00
2026,IL,17187,Warren County,2026-09-29,35,60,,30,30,,,,,1,il-sbe,2026-09-29T07:53:29+00:00
2026,IL,17187,Warren County,2026-09-30,34,110,,63,47,,,,,1,il-sbe,2026-09-30T20:32:53+00:00
2026,IL,17187,Warren County,2026-10-01,33,110,,63,47,,,,,1,il-sbe,2026-10-01T01:04:09+00:00
2026,IL,17189,Washington County,2026-09-06,58,0,,0,0,,,,,1,il-sbe,2026-09-06T23:28:30+00:00
2026,IL,17189,Washington County,2026-09-07,57,0,,0,0,,,,,1,il-sbe,2026-09-07T00:37:54+00:00
2026,IL,17189,Washington County,2026-09-08,56,0,,0,0,,,,,1,il-sbe,2026-09-08T03:03:27+00:00
2026,IL,17189,Washington County,2026-09-09,55,0,,0,0,,,,,1,il-sbe,2026-09-09T03:04:22+00:00
2026,IL,17189,Washington County,2026-09-10,54,0,,0,0,,,,,1,il-sbe,2026-09-10T03:04:52+00:00
2026,IL,17189,Washington County,2026-09-11,53,0,,0,0,,,,,1,il-sbe,2026-09-11T02:59:47+00:00
2026,IL,17189,Washington County,2026-09-12,52,0,,0,0,,,,,1,il-sbe,2026-09-12T03:07:19+00:00
2026,IL,17189,Washington County,2026-09-13,51,0,,0,0,,,,,1,il-sbe,2026-09-13T03:09:07+00:00
2026,IL,17189,Washington County,2026-09-14,50,0,,0,0,,,,,1,il-sbe,2026-09-14T09:34:07+00:00
2026,IL,17189,Washington County,2026-09-15,49,0,,0,0,,,,,1,il-sbe,2026-09-15T00:16:59+00:00
2026,IL,17189,Washington County,2026-09-16,48,0,,0,0,,,,,1,il-sbe,2026-09-16T04:08:21+00:00
2026,IL,17189,Washington County,2026-09-17,47,0,,0,0,,,,,1,il-sbe,2026-09-17T00:04:51+00:00
2026,IL,17189,Washington County,2026-09-18,46,0,,0,0,,,,,1,il-sbe,2026-09-18T03:11:45+00:00
2026,IL,17189,Washington County,2026-09-19,45,0,,0,0,,,,,1,il-sbe,2026-09-19T03:08:06+00:00
2026,IL,17189,Washington County,2026-09-20,44,0,,0,0,,,,,1,il-sbe,2026-09-20T03:24:25+00:00
2026,IL,17189,Washington County,2026-09-21,43,0,,0,0,,,,,1,il-sbe,2026-09-21T03:19:32+00:00
2026,IL,17189,Washington County,2026-09-22,42,0,,0,0,,,,,1,il-sbe,2026-09-22T00:36:05+00:00
2026,IL,17189,Washington County,2026-09-23,41,0,,0,0,,,,,1,il-sbe,2026-09-23T04:34:26+00:00
2026,IL,17189,Washington County,2026-09-24,40,0,,0,0,,,,,1,il-sbe,2026-09-24T00:14:04+00:00
2026,IL,17189,Washington County,2026-09-25,39,2,,1,1,,,,,1,il-sbe,2026-09-25T19:49:30+00:00
2026,IL,17189,Washington County,2026-09-26,38,2,,1,1,,,,,1,il-sbe,2026-09-26T03:32:01+00:00
2026,IL,17189,Washington County,2026-09-27,37,2,,1,1,,,,,1,il-sbe,2026-09-27T03:40:10+00:00
2026,IL,17189,Washington County,2026-09-28,36,10,,5,5,,,,,1,il-sbe,2026-09-28T17:43:15+00:00
2026,IL,17189,Washington County,2026-09-29,35,10,,5,5,,,,,1,il-sbe,2026-09-29T07:53:29+00:00
2026,IL,17189,Washington County,2026-09-30,34,56,,41,15,,,,,1,il-sbe,2026-09-30T20:32:53+00:00
2026,IL,17189,Washington County,2026-10-01,33,56,,41,15,,,,,1,il-sbe,2026-10-01T01:04:09+00:00
2026,IL,17191,Wayne County,2026-09-06,58,0,,0,0,,,,,1,il-sbe,2026-09-06T23:28:30+00:00
2026,IL,17191,Wayne County,2026-09-07,57,0,,0,0,,,,,1,il-sbe,2026-09-07T00:37:54+00:00
2026,IL,17191,Wayne County,2026-09-08,56,0,,0,0,,,,,1,il-sbe,2026-09-08T03:03:27+00:00
2026,IL,17191,Wayne County,2026-09-09,55,0,,0,0,,,,,1,il-sbe,2026-09-09T03:04:22+00:00
2026,IL,17191,Wayne County,2026-09-10,54,0,,0,0,,,,,1,il-sbe,2026-09-10T03:04:52+00:00
2026,IL,17191,Wayne County,2026-09-11,53,0,,0,0,,,,,1,il-sbe,2026-09-11T02:59:47+00:00
2026,IL,17191,Wayne County,2026-09-12,52,0,,0,0,,,,,1,il-sbe,2026-09-12T03:07:19+00:00
2026,IL,17191,Wayne County,2026-09-13,51,0,,0,0,,,,,1,il-sbe,2026-09-13T03:09:07+00:00
2026,IL,17191,Wayne County,2026-09-14,50,0,,0,0,,,,,1,il-sbe,2026-09-14T09:34:07+00:00
2026,IL,17191,Wayne County,2026-09-15,49,0,,0,0,,,,,1,il-sbe,2026-09-15T00:16:59+00:00
2026,IL,17191,Wayne County,2026-09-16,48,0,,0,0,,,,,1,il-sbe,2026-09-16T04:08:21+00:00
2026,IL,17191,Wayne County,2026-09-17,47,0,,0,0,,,,,1,il-sbe,2026-09-17T00:04:51+00:00
2026,IL,17191,Wayne County,2026-09-18,46,0,,0,0,,,,,1,il-sbe,2026-09-18T03:11:45+00:00
2026,IL,17191,Wayne County,2026-09-19,45,0,,0,0,,,,,1,il-sbe,2026-09-19T03:08:06+00:00
2026,IL,17191,Wayne County,2026-09-20,44,0,,0,0,,,,,1,il-sbe,2026-09-20T03:24:25+00:00
2026,IL,17191,Wayne County,2026-09-21,43,0,,0,0,,,,,1,il-sbe,2026-09-21T03:19:32+00:00
2026,IL,17191,Wayne County,2026-09-22,42,0,,0,0,,,,,1,il-sbe,2026-09-22T00:36:05+00:00
2026,IL,17191,Wayne County,2026-09-23,41,0,,0,0,,,,,1,il-sbe,2026-09-23T04:34:26+00:00
2026,IL,17191,Wayne County,2026-09-24,40,0,,0,0,,,,,1,il-sbe,2026-09-24T00:14:04+00:00
2026,IL,17191,Wayne County,2026-09-25,39,14,,1,13,,,,,1,il-sbe,2026-09-25T19:49:30+00:00
2026,IL,17191,Wayne County,2026-09-26,38,14,,1,13,,,,,1,il-sbe,2026-09-26T03:32:01+00:00
2026,IL,17191,Wayne County,2026-09-27,37,14,,1,13,,,,,1,il-sbe,2026-09-27T03:40:10+00:00
2026,IL,17191,Wayne County,2026-09-28,36,21,,1,20,,,,,1,il-sbe,2026-09-28T17:43:15+00:00
2026,IL,17191,Wayne County,2026-09-29,35,21,,1,20,,,,,1,il-sbe,2026-09-29T07:53:29+00:00
2026,IL,17191,Wayne County,2026-09-30,34,44,,2,42,,,,,1,il-sbe,2026-09-30T20:32:53+00:00
2026,IL,17191,Wayne County,2026-10-01,33,44,,2,42,,,,,1,il-sbe,2026-10-01T01:04:09+00:00
2026,IL,17193,White County,2026-09-06,58,0,,0,0,,,,,1,il-sbe,2026-09-06T23:28:30+00:00
2026,IL,17193,White County,2026-09-07,57,0,,0,0,,,,,1,il-sbe,2026-09-07T00:37:54+00:00
2026,IL,17193,White County,2026-09-08,56,0,,0,0,,,,,1,il-sbe,2026-09-08T03:03:27+00:00
2026,IL,17193,White County,2026-09-09,55,0,,0,0,,,,,1,il-sbe,2026-09-09T03:04:22+00:00
2026,IL,17193,White County,2026-09-10,54,0,,0,0,,,,,1,il-sbe,2026-09-10T03:04:52+00:00
2026,IL,17193,White County,2026-09-11,53,0,,0,0,,,,,1,il-sbe,2026-09-11T02:59:47+00:00
2026,IL,17193,White County,2026-09-12,52,0,,0,0,,,,,1,il-sbe,2026-09-12T03:07:19+00:00
2026,IL,17193,White County,2026-09-13,51,0,,0,0,,,,,1,il-sbe,2026-09-13T03:09:07+00:00
2026,IL,17193,White County,2026-09-14,50,0,,0,0,,,,,1,il-sbe,2026-09-14T09:34:07+00:00
2026,IL,17193,White County,2026-09-15,49,0,,0,0,,,,,1,il-sbe,2026-09-15T00:16:59+00:00
2026,IL,17193,White County,2026-09-16,48,0,,0,0,,,,,1,il-sbe,2026-09-16T04:08:21+00:00
2026,IL,17193,White County,2026-09-17,47,0,,0,0,,,,,1,il-sbe,2026-09-17T00:04:51+00:00
2026,IL,17193,White County,2026-09-18,46,0,,0,0,,,,,1,il-sbe,2026-09-18T03:11:45+00:00
2026,IL,17193,White County,2026-09-19,45,0,,0,0,,,,,1,il-sbe,2026-09-19T03:08:06+00:00
2026,IL,17193,White County,2026-09-20,44,0,,0,0,,,,,1,il-sbe,2026-09-20T03:24:25+00:00
2026,IL,17193,White County,2026-09-21,43,0,,0,0,,,,,1,il-sbe,2026-09-21T03:19:32+00:00
2026,IL,17193,White County,2026-09-22,42,0,,0,0,,,,,1,il-sbe,2026-09-22T00:36:05+00:00
2026,IL,17193,White County,2026-09-23,41,0,,0,0,,,,,1,il-sbe,2026-09-23T04:34:26+00:00
2026,IL,17193,White County,2026-09-24,40,0,,0,0,,,,,1,il-sbe,2026-09-24T00:14:04+00:00
2026,IL,17193,White County,2026-09-25,39,7,,0,7,,,,,1,il-sbe,2026-09-25T19:49:30+00:00
2026,IL,17193,White County,2026-09-26,38,7,,0,7,,,,,1,il-sbe,2026-09-26T03:32:01+00:00
2026,IL,17193,White County,2026-09-27,37,7,,0,7,,,,,1,il-sbe,2026-09-27T03:40:10+00:00
2026,IL,17193,White County,2026-09-28,36,20,,0,20,,,,,1,il-sbe,2026-09-28T17:43:15+00:00
2026,IL,17193,White County,2026-09-29,35,20,,0,20,,,,,1,il-sbe,2026-09-29T07:53:29+00:00
2026,IL,17193,White County,2026-09-30,34,34,,0,34,,,,,1,il-sbe,2026-09-30T20:32:53+00:00
2026,IL,17193,White County,2026-10-01,33,34,,0,34,,,,,1,il-sbe,2026-10-01T01:04:09+00:00
2026,IL,17195,Whiteside County,2026-09-06,58,0,,0,0,,,,,1,il-sbe,2026-09-06T23:28:30+00:00
2026,IL,17195,Whiteside County,2026-09-07,57,0,,0,0,,,,,1,il-sbe,2026-09-07T00:37:54+00:00
2026,IL,17195,Whiteside County,2026-09-08,56,0,,0,0,,,,,1,il-sbe,2026-09-08T03:03:27+00:00
2026,IL,17195,Whiteside County,2026-09-09,55,0,,0,0,,,,,1,il-sbe,2026-09-09T03:04:22+00:00
2026,IL,17195,Whiteside County,2026-09-10,54,0,,0,0,,,,,1,il-sbe,2026-09-10T03:04:52+00:00
2026,IL,17195,Whiteside County,2026-09-11,53,0,,0,0,,,,,1,il-sbe,2026-09-11T02:59:47+00:00
2026,IL,17195,Whiteside County,2026-09-12,52,0,,0,0,,,,,1,il-sbe,2026-09-12T03:07:19+00:00
2026,IL,17195,Whiteside County,2026-09-13,51,0,,0,0,,,,,1,il-sbe,2026-09-13T03:09:07+00:00
2026,IL,17195,Whiteside County,2026-09-14,50,0,,0,0,,,,,1,il-sbe,2026-09-14T09:34:07+00:00
2026,IL,17195,Whiteside County,2026-09-15,49,0,,0,0,,,,,1,il-sbe,2026-09-15T00:16:59+00:00
2026,IL,17195,Whiteside County,2026-09-16,48,0,,0,0,,,,,1,il-sbe,2026-09-16T04:08:21+00:00
2026,IL,17195,Whiteside County,2026-09-17,47,0,,0,0,,,,,1,il-sbe,2026-09-17T00:04:51+00:00
2026,IL,17195,Whiteside County,2026-09-18,46,0,,0,0,,,,,1,il-sbe,2026-09-18T03:11:45+00:00
2026,IL,17195,Whiteside County,2026-09-19,45,0,,0,0,,,,,1,il-sbe,2026-09-19T03:08:06+00:00
2026,IL,17195,Whiteside County,2026-09-20,44,0,,0,0,,,,,1,il-sbe,2026-09-20T03:24:25+00:00
2026,IL,17195,Whiteside County,2026-09-21,43,0,,0,0,,,,,1,il-sbe,2026-09-21T03:19:32+00:00
2026,IL,17195,Whiteside County,2026-09-22,42,0,,0,0,,,,,1,il-sbe,2026-09-22T00:36:05+00:00
2026,IL,17195,Whiteside County,2026-09-23,41,0,,0,0,,,,,1,il-sbe,2026-09-23T04:34:26+00:00
2026,IL,17195,Whiteside County,2026-09-24,40,0,,0,0,,,,,1,il-sbe,2026-09-24T00:14:04+00:00
2026,IL,17195,Whiteside County,2026-09-25,39,41,,0,41,,,,,1,il-sbe,2026-09-25T19:49:30+00:00
2026,IL,17195,Whiteside County,2026-09-26,38,41,,0,41,,,,,1,il-sbe,2026-09-26T03:32:01+00:00
2026,IL,17195,Whiteside County,2026-09-27,37,41,,0,41,,,,,1,il-sbe,2026-09-27T03:40:10+00:00
2026,IL,17195,Whiteside County,2026-09-28,36,86,,0,86,,,,,1,il-sbe,2026-09-28T17:43:15+00:00
2026,IL,17195,Whiteside County,2026-09-29,35,86,,0,86,,,,,1,il-sbe,2026-09-29T07:53:29+00:00
2026,IL,17195,Whiteside County,2026-09-30,34,196,,49,147,,,,,1,il-sbe,2026-09-30T20:32:53+00:00
2026,IL,17195,Whiteside County,2026-10-01,33,196,,49,147,,,,,1,il-sbe,2026-10-01T01:04:09+00:00
2026,IL,17197,Will County,2026-09-06,58,0,,0,0,,,,,1,il-sbe,2026-09-06T23:28:30+00:00
2026,IL,17197,Will County,2026-09-07,57,0,,0,0,,,,,1,il-sbe,2026-09-07T00:37:54+00:00
2026,IL,17197,Will County,2026-09-08,56,0,,0,0,,,,,1,il-sbe,2026-09-08T03:03:27+00:00
2026,IL,17197,Will County,2026-09-09,55,0,,0,0,,,,,1,il-sbe,2026-09-09T03:04:22+00:00
2026,IL,17197,Will County,2026-09-10,54,0,,0,0,,,,,1,il-sbe,2026-09-10T03:04:52+00:00
2026,IL,17197,Will County,2026-09-11,53,0,,0,0,,,,,1,il-sbe,2026-09-11T02:59:47+00:00
2026,IL,17197,Will County,2026-09-12,52,0,,0,0,,,,,1,il-sbe,2026-09-12T03:07:19+00:00
2026,IL,17197,Will County,2026-09-13,51,0,,0,0,,,,,1,il-sbe,2026-09-13T03:09:07+00:00
2026,IL,17197,Will County,2026-09-14,50,0,,0,0,,,,,1,il-sbe,2026-09-14T09:34:07+00:00
2026,IL,17197,Will County,2026-09-15,49,0,,0,0,,,,,1,il-sbe,2026-09-15T00:16:59+00:00
2026,IL,17197,Will County,2026-09-16,48,0,,0,0,,,,,1,il-sbe,2026-09-16T04:08:21+00:00
2026,IL,17197,Will County,2026-09-17,47,0,,0,0,,,,,1,il-sbe,2026-09-17T00:04:51+00:00
2026,IL,17197,Will County,2026-09-18,46,0,,0,0,,,,,1,il-sbe,2026-09-18T03:11:45+00:00
2026,IL,17197,Will County,2026-09-19,45,0,,0,0,,,,,1,il-sbe,2026-09-19T03:08:06+00:00
2026,IL,17197,Will County,2026-09-20,44,0,,0,0,,,,,1,il-sbe,2026-09-20T03:24:25+00:00
2026,IL,17197,Will County,2026-09-21,43,0,,0,0,,,,,1,il-sbe,2026-09-21T03:19:32+00:00
2026,IL,17197,Will County,2026-09-22,42,0,,0,0,,,,,1,il-sbe,2026-09-22T00:36:05+00:00
2026,IL,17197,Will County,2026-09-23,41,0,,0,0,,,,,1,il-sbe,2026-09-23T04:34:26+00:00
2026,IL,17197,Will County,2026-09-24,40,0,,0,0,,,,,1,il-sbe,2026-09-24T00:14:04+00:00
2026,IL,17197,Will County,2026-09-25,39,139,,0,139,,,,,1,il-sbe,2026-09-25T19:49:30+00:00
2026,IL,17197,Will County,2026-09-26,38,139,,0,139,,,,,1,il-sbe,2026-09-26T03:32:01+00:00
2026,IL,17197,Will County,2026-09-27,37,139,,0,139,,,,,1,il-sbe,2026-09-27T03:40:10+00:00
2026,IL,17197,Will County,2026-09-28,36,278,,0,278,,,,,1,il-sbe,2026-09-28T17:43:15+00:00
2026,IL,17197,Will County,2026-09-29,35,278,,0,278,,,,,1,il-sbe,2026-09-29T07:53:29+00:00
2026,IL,17197,Will County,2026-09-30,34,495,,17,478,,,,,1,il-sbe,2026-09-30T20:32:53+00:00
2026,IL,17197,Will County,2026-10-01,33,495,,17,478,,,,,1,il-sbe,2026-10-01T01:04:09+00:00
2026,IL,17199,Williamson County,2026-09-06,58,0,,0,0,,,,,1,il-sbe,2026-09-06T23:28:30+00:00
2026,IL,17199,Williamson County,2026-09-07,57,0,,0,0,,,,,1,il-sbe,2026-09-07T00:37:54+00:00
2026,IL,17199,Williamson County,2026-09-08,56,0,,0,0,,,,,1,il-sbe,2026-09-08T03:03:27+00:00
2026,IL,17199,Williamson County,2026-09-09,55,0,,0,0,,,,,1,il-sbe,2026-09-09T03:04:22+00:00
2026,IL,17199,Williamson County,2026-09-10,54,0,,0,0,,,,,1,il-sbe,2026-09-10T03:04:52+00:00
2026,IL,17199,Williamson County,2026-09-11,53,0,,0,0,,,,,1,il-sbe,2026-09-11T02:59:47+00:00
2026,IL,17199,Williamson County,2026-09-12,52,0,,0,0,,,,,1,il-sbe,2026-09-12T03:07:19+00:00
2026,IL,17199,Williamson County,2026-09-13,51,0,,0,0,,,,,1,il-sbe,2026-09-13T03:09:07+00:00
2026,IL,17199,Williamson County,2026-09-14,50,0,,0,0,,,,,1,il-sbe,2026-09-14T09:34:07+00:00
2026,IL,17199,Williamson County,2026-09-15,49,0,,0,0,,,,,1,il-sbe,2026-09-15T00:16:59+00:00
2026,IL,17199,Williamson County,2026-09-16,48,0,,0,0,,,,,1,il-sbe,2026-09-16T04:08:21+00:00
2026,IL,17199,Williamson County,2026-09-17,47,0,,0,0,,,,,1,il-sbe,2026-09-17T00:04:51+00:00
2026,IL,17199,Williamson County,2026-09-18,46,0,,0,0,,,,,1,il-sbe,2026-09-18T03:11:45+00:00
2026,IL,17199,Williamson County,2026-09-19,45,0,,0,0,,,,,1,il-sbe,2026-09-19T03:08:06+00:00
2026,IL,17199,Williamson County,2026-09-20,44,0,,0,0,,,,,1,il-sbe,2026-09-20T03:24:25+00:00
2026,IL,17199,Williamson County,2026-09-21,43,0,,0,0,,,,,1,il-sbe,2026-09-21T03:19:32+00:00
2026,IL,17199,Williamson County,2026-09-22,42,0,,0,0,,,,,1,il-sbe,2026-09-22T00:36:05+00:00
2026,IL,17199,Williamson County,2026-09-23,41,0,,0,0,,,,,1,il-sbe,2026-09-23T04:34:26+00:00
2026,IL,17199,Williamson County,2026-09-24,40,0,,0,0,,,,,1,il-sbe,2026-09-24T00:14:04+00:00
2026,IL,17199,Williamson County,2026-09-25,39,16,,0,16,,,,,1,il-sbe,2026-09-25T19:49:30+00:00
2026,IL,17199,Williamson County,2026-09-26,38,16,,0,16,,,,,1,il-sbe,2026-09-26T03:32:01+00:00
2026,IL,17199,Williamson County,2026-09-27,37,16,,0,16,,,,,1,il-sbe,2026-09-27T03:40:10+00:00
2026,IL,17199,Williamson County,2026-09-28,36,55,,0,55,,,,,1,il-sbe,2026-09-28T17:43:15+00:00
2026,IL,17199,Williamson County,2026-09-29,35,55,,0,55,,,,,1,il-sbe,2026-09-29T07:53:29+00:00
2026,IL,17199,Williamson County,2026-09-30,34,133,,14,119,,,,,1,il-sbe,2026-09-30T20:32:53+00:00
2026,IL,17199,Williamson County,2026-10-01,33,133,,14,119,,,,,1,il-sbe,2026-10-01T01:04:09+00:00
2026,IL,17201,Winnebago County,2026-09-06,58,0,,0,0,,,,,1,il-sbe,2026-09-06T23:28:30+00:00
2026,IL,17201,Winnebago County,2026-09-07,57,0,,0,0,,,,,1,il-sbe,2026-09-07T00:37:54+00:00
2026,IL,17201,Winnebago County,2026-09-08,56,0,,0,0,,,,,1,il-sbe,2026-09-08T03:03:27+00:00
2026,IL,17201,Winnebago County,2026-09-09,55,0,,0,0,,,,,1,il-sbe,2026-09-09T03:04:22+00:00
2026,IL,17201,Winnebago County,2026-09-10,54,0,,0,0,,,,,1,il-sbe,2026-09-10T03:04:52+00:00
2026,IL,17201,Winnebago County,2026-09-11,53,0,,0,0,,,,,1,il-sbe,2026-09-11T02:59:47+00:00
2026,IL,17201,Winnebago County,2026-09-12,52,0,,0,0,,,,,1,il-sbe,2026-09-12T03:07:19+00:00
2026,IL,17201,Winnebago County,2026-09-13,51,0,,0,0,,,,,1,il-sbe,2026-09-13T03:09:07+00:00
2026,IL,17201,Winnebago County,2026-09-14,50,0,,0,0,,,,,1,il-sbe,2026-09-14T09:34:07+00:00
2026,IL,17201,Winnebago County,2026-09-15,49,0,,0,0,,,,,1,il-sbe,2026-09-15T00:16:59+00:00
2026,IL,17201,Winnebago County,2026-09-16,48,0,,0,0,,,,,1,il-sbe,2026-09-16T04:08:21+00:00
2026,IL,17201,Winnebago County,2026-09-17,47,0,,0,0,,,,,1,il-sbe,2026-09-17T00:04:51+00:00
2026,IL,17201,Winnebago County,2026-09-18,46,0,,0,0,,,,,1,il-sbe,2026-09-18T03:11:45+00:00
2026,IL,17201,Winnebago County,2026-09-19,45,0,,0,0,,,,,1,il-sbe,2026-09-19T03:08:06+00:00
2026,IL,17201,Winnebago County,2026-09-20,44,0,,0,0,,,,,1,il-sbe,2026-09-20T03:24:25+00:00
2026,IL,17201,Winnebago County,2026-09-21,43,0,,0,0,,,,,1,il-sbe,2026-09-21T03:19:32+00:00
2026,IL,17201,Winnebago County,2026-09-22,42,0,,0,0,,,,,1,il-sbe,2026-09-22T00:36:05+00:00
2026,IL,17201,Winnebago County,2026-09-23,41,0,,0,0,,,,,1,il-sbe,2026-09-23T04:34:26+00:00
2026,IL,17201,Winnebago County,2026-09-24,40,0,,0,0,,,,,1,il-sbe,2026-09-24T00:14:04+00:00
2026,IL,17201,Winnebago County,2026-09-25,39,177,,0,177,,,,,1,il-sbe,2026-09-25T19:49:30+00:00
2026,IL,17201,Winnebago County,2026-09-26,38,177,,0,177,,,,,1,il-sbe,2026-09-26T03:32:01+00:00
2026,IL,17201,Winnebago County,2026-09-27,37,177,,0,177,,,,,1,il-sbe,2026-09-27T03:40:10+00:00
2026,IL,17201,Winnebago County,2026-09-28,36,374,,0,374,,,,,1,il-sbe,2026-09-28T17:43:15+00:00
2026,IL,17201,Winnebago County,2026-09-29,35,374,,0,374,,,,,1,il-sbe,2026-09-29T07:53:29+00:00
2026,IL,17201,Winnebago County,2026-09-30,34,764,,0,764,,,,,1,il-sbe,2026-09-30T20:32:53+00:00
2026,IL,17201,Winnebago County,2026-10-01,33,764,,0,764,,,,,1,il-sbe,2026-10-01T01:04:09+00:00
2026,IL,17203,Woodford County,2026-09-06,58,0,,0,0,,,,,1,il-sbe,2026-09-06T23:28:30+00:00
2026,IL,17203,Woodford County,2026-09-07,57,0,,0,0,,,,,1,il-sbe,2026-09-07T00:37:54+00:00
2026,IL,17203,Woodford County,2026-09-08,56,0,,0,0,,,,,1,il-sbe,2026-09-08T03:03:27+00:00
2026,IL,17203,Woodford County,2026-09-09,55,0,,0,0,,,,,1,il-sbe,2026-09-09T03:04:22+00:00
2026,IL,17203,Woodford County,2026-09-10,54,0,,0,0,,,,,1,il-sbe,2026-09-10T03:04:52+00:00
2026,IL,17203,Woodford County,2026-09-11,53,0,,0,0,,,,,1,il-sbe,2026-09-11T02:59:47+00:00
2026,IL,17203,Woodford County,2026-09-12,52,0,,0,0,,,,,1,il-sbe,2026-09-12T03:07:19+00:00
2026,IL,17203,Woodford County,2026-09-13,51,0,,0,0,,,,,1,il-sbe,2026-09-13T03:09:07+00:00
2026,IL,17203,Woodford County,2026-09-14,50,0,,0,0,,,,,1,il-sbe,2026-09-14T09:34:07+00:00
2026,IL,17203,Woodford County,2026-09-15,49,0,,0,0,,,,,1,il-sbe,2026-09-15T00:16:59+00:00
2026,IL,17203,Woodford County,2026-09-16,48,0,,0,0,,,,,1,il-sbe,2026-09-16T04:08:21+00:00
2026,IL,17203,Woodford County,2026-09-17,47,0,,0,0,,,,,1,il-sbe,2026-09-17T00:04:51+00:00
2026,IL,17203,Woodford County,2026-09-18,46,0,,0,0,,,,,1,il-sbe,2026-09-18T03:11:45+00:00
2026,IL,17203,Woodford County,2026-09-19,45,0,,0,0,,,,,1,il-sbe,2026-09-19T03:08:06+00:00
2026,IL,17203,Woodford County,2026-09-20,44,0,,0,0,,,,,1,il-sbe,2026-09-20T03:24:25+00:00
2026,IL,17203,Woodford County,2026-09-21,43,0,,0,0,,,,,1,il-sbe,2026-09-21T03:19:32+00:00
2026,IL,17203,Woodford County,2026-09-22,42,0,,0,0,,,,,1,il-sbe,2026-09-22T00:36:05+00:00
2026,IL,17203,Woodford County,2026-09-23,41,0,,0,0,,,,,1,il-sbe,2026-09-23T04:34:26+00:00
2026,IL,17203,Woodford County,2026-09-24,40,0,,0,0,,,,,1,il-sbe,2026-09-24T00:14:04+00:00
2026,IL,17203,Woodford County,2026-09-25,39,19,,0,19,,,,,1,il-sbe,2026-09-25T19:49:30+00:00
2026,IL,17203,Woodford County,2026-09-26,38,19,,0,19,,,,,1,il-sbe,2026-09-26T03:32:01+00:00
2026,IL,17203,Woodford County,2026-09-27,37,19,,0,19,,,,,1,il-sbe,2026-09-27T03:40:10+00:00
2026,IL,17203,Woodford County,2026-09-28,36,37,,0,37,,,,,1,il-sbe,2026-09-28T17:43:15+00:00
2026,IL,17203,Woodford County,2026-09-29,35,37,,0,37,,,,,1,il-sbe,2026-09-29T07:53:29+00:00
2026,IL,17203,Woodford County,2026-09-30,34,109,,12,97,,,,,1,il-sbe,2026-09-30T20:32:53+00:00
2026,IL,17203,Woodford County,2026-10-01,33,109,,12,97,,,,,1,il-sbe,2026-10-01T01:04:09+00:00
