cycle,state,county_fips,county_name,date,days_to_election,ballots_total,ballots_new,mail_returned,inperson,party_dem,party_rep,party_oth,party_npa,source_tier,source_name,retrieved_at
2022,KY,21001,Adair County,2022-11-04,4,1180,,216,964,284,847,,,1,ky-sbe,2026-09-06T15:38:00+00:00
2022,KY,21003,Allen County,2022-11-04,4,1323,,210,1113,320,963,,,1,ky-sbe,2026-09-06T15:38:00+00:00
2022,KY,21005,Anderson County,2022-11-04,4,3086,,212,2874,1295,1673,,,1,ky-sbe,2026-09-06T15:38:00+00:00
2022,KY,21007,Ballard County,2022-11-04,4,582,,99,483,354,212,,,1,ky-sbe,2026-09-06T15:38:00+00:00
2022,KY,21009,Barren County,2022-11-04,4,4728,,588,4140,2091,2483,,,1,ky-sbe,2026-09-06T15:38:00+00:00
2022,KY,21011,Bath County,2022-11-04,4,1673,,510,1163,1242,389,,,1,ky-sbe,2026-09-06T15:38:00+00:00
2022,KY,21013,Bell County,2022-11-04,4,1621,,420,1201,429,1147,,,1,ky-sbe,2026-09-06T15:38:00+00:00
2022,KY,21015,Boone County,2022-11-04,4,7490,,2021,5469,2521,4116,,,1,ky-sbe,2026-09-06T15:38:00+00:00
2022,KY,21017,Bourbon County,2022-11-04,4,1932,,386,1546,1110,755,,,1,ky-sbe,2026-09-06T15:38:00+00:00
2022,KY,21019,Boyd County,2022-11-04,4,2678,,1001,1677,1327,1190,,,1,ky-sbe,2026-09-06T15:38:00+00:00
2022,KY,21021,Boyle County,2022-11-04,4,2667,,499,2168,1447,1070,,,1,ky-sbe,2026-09-06T15:38:00+00:00
2022,KY,21023,Bracken County,2022-11-04,4,911,,226,685,589,298,,,1,ky-sbe,2026-09-06T15:38:00+00:00
2022,KY,21025,Breathitt County,2022-11-04,4,938,,351,587,819,103,,,1,ky-sbe,2026-09-06T15:38:00+00:00
2022,KY,21027,Breckinridge County,2022-11-04,4,1258,,227,1031,470,735,,,1,ky-sbe,2026-09-06T15:38:00+00:00
2022,KY,21029,Bullitt County,2022-11-04,4,6745,,1142,5603,2773,3560,,,1,ky-sbe,2026-09-06T15:38:00+00:00
2022,KY,21031,Butler County,2022-11-04,4,618,,111,507,128,469,,,1,ky-sbe,2026-09-06T15:38:00+00:00
2022,KY,21033,Caldwell County,2022-11-04,4,1800,,225,1575,902,846,,,1,ky-sbe,2026-09-06T15:38:00+00:00
2022,KY,21035,Calloway County,2022-11-04,4,3729,,567,3162,2008,1464,,,1,ky-sbe,2026-09-06T15:38:00+00:00
2022,KY,21037,Campbell County,2022-11-04,4,6883,,1341,5542,2937,3237,,,1,ky-sbe,2026-09-06T15:38:00+00:00
2022,KY,21039,Carlisle County,2022-11-04,4,456,,71,385,256,192,,,1,ky-sbe,2026-09-06T15:38:00+00:00
2022,KY,21041,Carroll County,2022-11-04,4,1048,,185,863,773,255,,,1,ky-sbe,2026-09-06T15:38:00+00:00
2022,KY,21043,Carter County,2022-11-04,4,1520,,331,1189,690,779,,,1,ky-sbe,2026-09-06T15:38:00+00:00
2022,KY,21045,Casey County,2022-11-04,4,1709,,183,1526,220,1453,,,1,ky-sbe,2026-09-06T15:38:00+00:00
2022,KY,21047,Christian County,2022-11-04,4,4574,,520,4054,2482,1903,,,1,ky-sbe,2026-09-06T15:38:00+00:00
2022,KY,21049,Clark County,2022-11-04,4,3519,,540,2979,1782,1549,,,1,ky-sbe,2026-09-06T15:38:00+00:00
2022,KY,21051,Clay County,2022-11-04,4,666,,198,468,109,545,,,1,ky-sbe,2026-09-06T15:38:00+00:00
2022,KY,21053,Clinton County,2022-11-04,4,1573,,378,1195,135,1420,,,1,ky-sbe,2026-09-06T15:38:00+00:00
2022,KY,21055,Crittenden County,2022-11-04,4,642,,94,548,177,444,,,1,ky-sbe,2026-09-06T15:38:00+00:00
2022,KY,21057,Cumberland County,2022-11-04,4,729,,95,634,96,620,,,1,ky-sbe,2026-09-06T15:38:00+00:00
2022,KY,21059,Daviess County,2022-11-04,4,8948,,1512,7436,4608,3888,,,1,ky-sbe,2026-09-06T15:38:00+00:00
2022,KY,21061,Edmonson County,2022-11-04,4,696,,136,560,143,536,,,1,ky-sbe,2026-09-06T15:38:00+00:00
2022,KY,21063,Elliott County,2022-11-04,4,353,,175,178,282,65,,,1,ky-sbe,2026-09-06T15:38:00+00:00
2022,KY,21065,Estill County,2022-11-04,4,1371,,325,1046,463,875,,,1,ky-sbe,2026-09-06T15:38:00+00:00
2022,KY,21067,Fayette County,2022-11-04,4,16707,,7740,8967,10335,4907,,,1,ky-sbe,2026-09-06T15:38:00+00:00
2022,KY,21069,Fleming County,2022-11-04,4,886,,238,648,428,433,,,1,ky-sbe,2026-09-06T15:38:00+00:00
2022,KY,21071,Floyd County,2022-11-04,4,2232,,623,1609,1654,531,,,1,ky-sbe,2026-09-06T15:38:00+00:00
2022,KY,21073,Franklin County,2022-11-04,4,5834,,1013,4821,4270,1321,,,1,ky-sbe,2026-09-06T15:38:00+00:00
2022,KY,21075,Fulton County,2022-11-04,4,273,,53,220,175,92,,,1,ky-sbe,2026-09-06T15:38:00+00:00
2022,KY,21077,Gallatin County,2022-11-04,4,648,,142,506,364,255,,,1,ky-sbe,2026-09-06T15:38:00+00:00
2022,KY,21079,Garrard County,2022-11-04,4,1088,,226,862,255,781,,,1,ky-sbe,2026-09-06T15:38:00+00:00
2022,KY,21081,Grant County,2022-11-04,4,1674,,260,1414,647,923,,,1,ky-sbe,2026-09-06T15:38:00+00:00
2022,KY,21083,Graves County,2022-11-04,4,2428,,503,1925,1276,1052,,,1,ky-sbe,2026-09-06T15:38:00+00:00
2022,KY,21085,Grayson County,2022-11-04,4,1208,,239,969,328,847,,,1,ky-sbe,2026-09-06T15:38:00+00:00
2022,KY,21087,Green County,2022-11-04,4,976,,214,762,194,749,,,1,ky-sbe,2026-09-06T15:38:00+00:00
2022,KY,21089,Greenup County,2022-11-04,4,1787,,637,1150,743,975,,,1,ky-sbe,2026-09-06T15:38:00+00:00
2022,KY,21091,Hancock County,2022-11-04,4,434,,107,327,227,192,,,1,ky-sbe,2026-09-06T15:38:00+00:00
2022,KY,21093,Hardin County,2022-11-04,4,8188,,1507,6681,3885,3728,,,1,ky-sbe,2026-09-06T15:38:00+00:00
2022,KY,21095,Harlan County,2022-11-04,4,1269,,281,988,376,866,,,1,ky-sbe,2026-09-06T15:38:00+00:00
2022,KY,21097,Harrison County,2022-11-04,4,1479,,326,1153,887,527,,,1,ky-sbe,2026-09-06T15:38:00+00:00
2022,KY,21099,Hart County,2022-11-04,4,1368,,335,1033,695,615,,,1,ky-sbe,2026-09-06T15:38:00+00:00
2022,KY,21101,Henderson County,2022-11-04,4,4771,,592,4179,3064,1519,,,1,ky-sbe,2026-09-06T15:38:00+00:00
2022,KY,21103,Henry County,2022-11-04,4,1114,,212,902,576,501,,,1,ky-sbe,2026-09-06T15:38:00+00:00
2022,KY,21105,Hickman County,2022-11-04,4,303,,59,244,130,161,,,1,ky-sbe,2026-09-06T15:38:00+00:00
2022,KY,21107,Hopkins County,2022-11-04,4,3290,,505,2785,1814,1341,,,1,ky-sbe,2026-09-06T15:38:00+00:00
2022,KY,21109,Jackson County,2022-11-04,4,1020,,228,792,83,909,,,1,ky-sbe,2026-09-06T15:38:00+00:00
2022,KY,21111,Jefferson County,2022-11-04,4,53427,,12490,40937,33389,15903,,,1,ky-sbe,2026-09-06T15:38:00+00:00
2022,KY,21113,Jessamine County,2022-11-04,4,3330,,940,2390,1354,1689,,,1,ky-sbe,2026-09-06T15:38:00+00:00
2022,KY,21115,Johnson County,2022-11-04,4,1658,,344,1314,361,1257,,,1,ky-sbe,2026-09-06T15:38:00+00:00
2022,KY,21117,Kenton County,2022-11-04,4,12078,,2574,9504,5064,5689,,,1,ky-sbe,2026-09-06T15:38:00+00:00
2022,KY,21119,Knott County,2022-11-04,4,1165,,485,680,909,232,,,1,ky-sbe,2026-09-06T15:38:00+00:00
2022,KY,21121,Knox County,2022-11-04,4,1715,,406,1309,362,1318,,,1,ky-sbe,2026-09-06T15:38:00+00:00
2022,KY,21123,Larue County,2022-11-04,4,1366,,164,1202,635,679,,,1,ky-sbe,2026-09-06T15:38:00+00:00
2022,KY,21125,Laurel County,2022-11-04,4,4295,,1045,3250,645,3526,,,1,ky-sbe,2026-09-06T15:38:00+00:00
2022,KY,21127,Lawrence County,2022-11-04,4,833,,209,624,278,528,,,1,ky-sbe,2026-09-06T15:38:00+00:00
2022,KY,21129,Lee County,2022-11-04,4,420,,135,285,111,302,,,1,ky-sbe,2026-09-06T15:38:00+00:00
2022,KY,21131,Leslie County,2022-11-04,4,519,,140,379,27,487,,,1,ky-sbe,2026-09-06T15:38:00+00:00
2022,KY,21133,Letcher County,2022-11-04,4,1443,,290,1153,779,626,,,1,ky-sbe,2026-09-06T15:38:00+00:00
2022,KY,21135,Lewis County,2022-11-04,4,424,,122,302,62,351,,,1,ky-sbe,2026-09-06T15:38:00+00:00
2022,KY,21137,Lincoln County,2022-11-04,4,1781,,357,1424,711,1000,,,1,ky-sbe,2026-09-06T15:38:00+00:00
2022,KY,21139,Livingston County,2022-11-04,4,529,,117,412,206,309,,,1,ky-sbe,2026-09-06T15:38:00+00:00
2022,KY,21141,Logan County,2022-11-04,4,2069,,245,1824,1045,944,,,1,ky-sbe,2026-09-06T15:38:00+00:00
2022,KY,21143,Lyon County,2022-11-04,4,864,,95,769,381,432,,,1,ky-sbe,2026-09-06T15:38:00+00:00
2022,KY,21145,McCracken County,2022-11-04,4,3532,,1241,2291,1768,1560,,,1,ky-sbe,2026-09-06T15:38:00+00:00
2022,KY,21147,McCreary County,2022-11-04,4,943,,248,695,154,768,,,1,ky-sbe,2026-09-06T15:38:00+00:00
2022,KY,21149,McLean County,2022-11-04,4,541,,129,412,283,246,,,1,ky-sbe,2026-09-06T15:38:00+00:00
2022,KY,21151,Madison County,2022-11-04,4,9499,,1650,7849,4520,4353,,,1,ky-sbe,2026-09-06T15:38:00+00:00
2022,KY,21153,Magoffin County,2022-11-04,4,1349,,706,643,843,493,,,1,ky-sbe,2026-09-06T15:38:00+00:00
2022,KY,21155,Marion County,2022-11-04,4,901,,202,699,650,226,,,1,ky-sbe,2026-09-06T15:38:00+00:00
2022,KY,21157,Marshall County,2022-11-04,4,1601,,284,1317,692,815,,,1,ky-sbe,2026-09-06T15:38:00+00:00
2022,KY,21159,Martin County,2022-11-04,4,862,,187,675,79,770,,,1,ky-sbe,2026-09-06T15:38:00+00:00
2022,KY,21161,Mason County,2022-11-04,4,1441,,356,1085,832,533,,,1,ky-sbe,2026-09-06T15:38:00+00:00
2022,KY,21163,Meade County,2022-11-04,4,1726,,260,1466,829,820,,,1,ky-sbe,2026-09-06T15:38:00+00:00
2022,KY,21165,Menifee County,2022-11-04,4,724,,294,430,487,218,,,1,ky-sbe,2026-09-06T15:38:00+00:00
2022,KY,21167,Mercer County,2022-11-04,4,1604,,283,1321,751,773,,,1,ky-sbe,2026-09-06T15:38:00+00:00
2022,KY,21169,Metcalfe County,2022-11-04,4,956,,193,763,443,462,,,1,ky-sbe,2026-09-06T15:38:00+00:00
2022,KY,21171,Monroe County,2022-11-04,4,370,,93,277,32,333,,,1,ky-sbe,2026-09-06T15:38:00+00:00
2022,KY,21173,Montgomery County,2022-11-04,4,3069,,362,2707,1716,1256,,,1,ky-sbe,2026-09-06T15:38:00+00:00
2022,KY,21175,Morgan County,2022-11-04,4,523,,279,244,416,98,,,1,ky-sbe,2026-09-06T15:38:00+00:00
2022,KY,21177,Muhlenberg County,2022-11-04,4,3823,,594,3229,2293,1406,,,1,ky-sbe,2026-09-06T15:38:00+00:00
2022,KY,21179,Nelson County,2022-11-04,4,4403,,776,3627,2458,1695,,,1,ky-sbe,2026-09-06T15:38:00+00:00
2022,KY,21181,Nicholas County,2022-11-04,4,890,,220,670,687,182,,,1,ky-sbe,2026-09-06T15:38:00+00:00
2022,KY,21183,Ohio County,2022-11-04,4,1563,,212,1351,505,1007,,,1,ky-sbe,2026-09-06T15:38:00+00:00
2022,KY,21185,Oldham County,2022-11-04,4,6280,,1081,5199,2424,3311,,,1,ky-sbe,2026-09-06T15:38:00+00:00
2022,KY,21187,Owen County,2022-11-04,4,709,,140,569,365,318,,,1,ky-sbe,2026-09-06T15:38:00+00:00
2022,KY,21189,Owsley County,2022-11-04,4,877,,184,693,178,684,,,1,ky-sbe,2026-09-06T15:38:00+00:00
2022,KY,21191,Pendleton County,2022-11-04,4,800,,188,612,318,436,,,1,ky-sbe,2026-09-06T15:38:00+00:00
2022,KY,21193,Perry County,2022-11-04,4,1068,,362,706,624,419,,,1,ky-sbe,2026-09-06T15:38:00+00:00
2022,KY,21195,Pike County,2022-11-04,4,2063,,642,1421,1277,730,,,1,ky-sbe,2026-09-06T15:38:00+00:00
2022,KY,21197,Powell County,2022-11-04,4,1326,,343,983,735,536,,,1,ky-sbe,2026-09-06T15:38:00+00:00
2022,KY,21199,Pulaski County,2022-11-04,4,7736,,931,6805,1349,6090,,,1,ky-sbe,2026-09-06T15:38:00+00:00
2022,KY,21201,Robertson County,2022-11-04,4,286,,127,159,209,70,,,1,ky-sbe,2026-09-06T15:38:00+00:00
2022,KY,21203,Rockcastle County,2022-11-04,4,1116,,216,900,164,919,,,1,ky-sbe,2026-09-06T15:38:00+00:00
2022,KY,21205,Rowan County,2022-11-04,4,2028,,434,1594,1177,752,,,1,ky-sbe,2026-09-06T15:38:00+00:00
2022,KY,21207,Russell County,2022-11-04,4,1688,,312,1376,256,1391,,,1,ky-sbe,2026-09-06T15:38:00+00:00
2022,KY,21209,Scott County,2022-11-04,4,5287,,870,4417,2522,2408,,,1,ky-sbe,2026-09-06T15:38:00+00:00
2022,KY,21211,Shelby County,2022-11-04,4,2860,,749,2111,1325,1339,,,1,ky-sbe,2026-09-06T15:38:00+00:00
2022,KY,21213,Simpson County,2022-11-04,4,1955,,201,1754,839,1018,,,1,ky-sbe,2026-09-06T15:38:00+00:00
2022,KY,21215,Spencer County,2022-11-04,4,1888,,187,1701,623,1145,,,1,ky-sbe,2026-09-06T15:38:00+00:00
2022,KY,21217,Taylor County,2022-11-04,4,2488,,312,2176,808,1600,,,1,ky-sbe,2026-09-06T15:38:00+00:00
2022,KY,21219,Todd County,2022-11-04,4,534,,71,463,301,211,,,1,ky-sbe,2026-09-06T15:38:00+00:00
2022,KY,21221,Trigg County,2022-11-04,4,1590,,205,1385,656,867,,,1,ky-sbe,2026-09-06T15:38:00+00:00
2022,KY,21223,Trimble County,2022-11-04,4,640,,163,477,393,227,,,1,ky-sbe,2026-09-06T15:38:00+00:00
2022,KY,21225,Union County,2022-11-04,4,1018,,164,854,623,357,,,1,ky-sbe,2026-09-06T15:38:00+00:00
2022,KY,21227,Warren County,2022-11-04,4,15462,,1946,13516,7203,7321,,,1,ky-sbe,2026-09-06T15:38:00+00:00
2022,KY,21229,Washington County,2022-11-04,4,1572,,189,1383,883,643,,,1,ky-sbe,2026-09-06T15:38:00+00:00
2022,KY,21231,Wayne County,2022-11-04,4,2047,,463,1584,452,1543,,,1,ky-sbe,2026-09-06T15:38:00+00:00
2022,KY,21233,Webster County,2022-11-04,4,608,,108,500,339,247,,,1,ky-sbe,2026-09-06T15:38:00+00:00
2022,KY,21235,Whitley County,2022-11-04,4,3100,,523,2577,439,2585,,,1,ky-sbe,2026-09-06T15:38:00+00:00
2022,KY,21237,Wolfe County,2022-11-04,4,538,,147,391,445,77,,,1,ky-sbe,2026-09-06T15:38:00+00:00
2022,KY,21239,Woodford County,2022-11-04,4,3552,,625,2927,2045,1266,,,1,ky-sbe,2026-09-06T15:38:00+00:00
2024,KY,21001,Adair County,2024-09-23,43,0,,0,,,,,,1,ky-sbe,2026-09-06T15:28:18+00:00
2024,KY,21001,Adair County,2024-09-26,40,0,,0,,,,,,1,ky-sbe,2026-09-06T15:28:18+00:00
2024,KY,21001,Adair County,2024-09-30,36,0,,0,,,,,,1,ky-sbe,2026-09-06T15:28:18+00:00
2024,KY,21001,Adair County,2024-10-08,28,77,,77,,11,65,,,1,ky-sbe,2026-09-06T15:28:18+00:00
2024,KY,21001,Adair County,2024-10-14,22,120,,120,,22,92,,,1,ky-sbe,2026-09-06T15:28:18+00:00
2024,KY,21001,Adair County,2024-10-21,15,185,,185,,36,134,,,1,ky-sbe,2026-09-06T15:28:18+00:00
2024,KY,21001,Adair County,2024-10-23,13,222,,222,,49,158,,,1,ky-sbe,2026-09-06T15:28:18+00:00
2024,KY,21001,Adair County,2024-10-25,11,273,,244,29,66,188,,,1,ky-sbe,2026-09-06T15:28:18+00:00
2024,KY,21001,Adair County,2024-10-26,10,312,,267,45,78,212,,,1,ky-sbe,2026-09-06T15:28:18+00:00
2024,KY,21001,Adair County,2024-10-29,7,359,,296,63,87,248,,,1,ky-sbe,2026-09-06T15:28:18+00:00
2024,KY,21001,Adair County,2024-10-30,6,391,,314,77,93,273,,,1,ky-sbe,2026-09-06T15:28:18+00:00
2024,KY,21001,Adair County,2024-10-31,5,408,,320,88,98,285,,,1,ky-sbe,2026-09-06T15:28:18+00:00
2024,KY,21001,Adair County,2024-11-01,4,1334,,320,1014,254,999,,,1,ky-sbe,2026-09-06T15:28:18+00:00
2024,KY,21001,Adair County,2024-11-02,3,2139,,320,1819,418,1599,,,1,ky-sbe,2026-09-06T15:28:18+00:00
2024,KY,21001,Adair County,2024-11-03,2,2825,,355,2470,530,2139,,,1,ky-sbe,2026-09-06T15:28:18+00:00
2024,KY,21001,Adair County,2024-11-05,0,2835,,365,2470,533,2146,,,1,ky-sbe,2026-09-06T15:28:18+00:00
2024,KY,21003,Allen County,2024-09-23,43,0,,0,,,,,,1,ky-sbe,2026-09-06T15:28:18+00:00
2024,KY,21003,Allen County,2024-09-26,40,0,,0,,,,,,1,ky-sbe,2026-09-06T15:28:18+00:00
2024,KY,21003,Allen County,2024-09-30,36,0,,0,,,,,,1,ky-sbe,2026-09-06T15:28:18+00:00
2024,KY,21003,Allen County,2024-10-08,28,74,,74,,32,40,,,1,ky-sbe,2026-09-06T15:28:18+00:00
2024,KY,21003,Allen County,2024-10-14,22,110,,110,,51,55,,,1,ky-sbe,2026-09-06T15:28:18+00:00
2024,KY,21003,Allen County,2024-10-21,15,163,,163,,69,85,,,1,ky-sbe,2026-09-06T15:28:18+00:00
2024,KY,21003,Allen County,2024-10-23,13,200,,200,,82,107,,,1,ky-sbe,2026-09-06T15:28:18+00:00
2024,KY,21003,Allen County,2024-10-25,11,302,,237,65,110,171,,,1,ky-sbe,2026-09-06T15:28:18+00:00
2024,KY,21003,Allen County,2024-10-26,10,355,,253,102,120,214,,,1,ky-sbe,2026-09-06T15:28:18+00:00
2024,KY,21003,Allen County,2024-10-29,7,414,,286,128,137,252,,,1,ky-sbe,2026-09-06T15:28:18+00:00
2024,KY,21003,Allen County,2024-10-30,6,452,,299,153,148,278,,,1,ky-sbe,2026-09-06T15:28:18+00:00
2024,KY,21003,Allen County,2024-10-31,5,479,,306,173,159,293,,,1,ky-sbe,2026-09-06T15:28:18+00:00
2024,KY,21003,Allen County,2024-11-01,4,1527,,321,1206,354,1094,,,1,ky-sbe,2026-09-06T15:28:18+00:00
2024,KY,21003,Allen County,2024-11-02,3,2453,,334,2119,538,1795,,,1,ky-sbe,2026-09-06T15:28:18+00:00
2024,KY,21003,Allen County,2024-11-03,2,3268,,334,2934,678,2418,,,1,ky-sbe,2026-09-06T15:28:18+00:00
2024,KY,21003,Allen County,2024-11-05,0,3284,,350,2934,683,2428,,,1,ky-sbe,2026-09-06T15:28:18+00:00
2024,KY,21005,Anderson County,2024-09-23,43,0,,0,,,,,,1,ky-sbe,2026-09-06T15:28:18+00:00
2024,KY,21005,Anderson County,2024-09-26,40,0,,0,,,,,,1,ky-sbe,2026-09-06T15:28:18+00:00
2024,KY,21005,Anderson County,2024-09-30,36,0,,0,,,,,,1,ky-sbe,2026-09-06T15:28:18+00:00
2024,KY,21005,Anderson County,2024-10-08,28,65,,65,,26,34,,,1,ky-sbe,2026-09-06T15:28:18+00:00
2024,KY,21005,Anderson County,2024-10-14,22,96,,96,,43,46,,,1,ky-sbe,2026-09-06T15:28:18+00:00
2024,KY,21005,Anderson County,2024-10-21,15,168,,168,,83,71,,,1,ky-sbe,2026-09-06T15:28:18+00:00
2024,KY,21005,Anderson County,2024-10-23,13,205,,205,,106,80,,,1,ky-sbe,2026-09-06T15:28:18+00:00
2024,KY,21005,Anderson County,2024-10-25,11,261,,240,21,130,107,,,1,ky-sbe,2026-09-06T15:28:18+00:00
2024,KY,21005,Anderson County,2024-10-26,10,278,,255,23,135,118,,,1,ky-sbe,2026-09-06T15:28:18+00:00
2024,KY,21005,Anderson County,2024-10-29,7,318,,293,25,150,138,,,1,ky-sbe,2026-09-06T15:28:18+00:00
2024,KY,21005,Anderson County,2024-10-30,6,346,,315,31,167,147,,,1,ky-sbe,2026-09-06T15:28:18+00:00
2024,KY,21005,Anderson County,2024-10-31,5,377,,339,38,178,165,,,1,ky-sbe,2026-09-06T15:28:18+00:00
2024,KY,21005,Anderson County,2024-11-01,4,3617,,346,3271,1380,2052,,,1,ky-sbe,2026-09-06T15:28:18+00:00
2024,KY,21005,Anderson County,2024-11-02,3,6347,,363,5984,2414,3599,,,1,ky-sbe,2026-09-06T15:28:18+00:00
2024,KY,21005,Anderson County,2024-11-03,2,8257,,363,7894,3073,4743,,,1,ky-sbe,2026-09-06T15:28:18+00:00
2024,KY,21005,Anderson County,2024-11-05,0,8309,,415,7894,3093,4764,,,1,ky-sbe,2026-09-06T15:28:18+00:00
2024,KY,21007,Ballard County,2024-09-23,43,0,,0,,,,,,1,ky-sbe,2026-09-06T15:28:18+00:00
2024,KY,21007,Ballard County,2024-09-26,40,0,,0,,,,,,1,ky-sbe,2026-09-06T15:28:18+00:00
2024,KY,21007,Ballard County,2024-09-30,36,0,,0,,,,,,1,ky-sbe,2026-09-06T15:28:18+00:00
2024,KY,21007,Ballard County,2024-10-08,28,13,,13,,6,5,,,1,ky-sbe,2026-09-06T15:28:18+00:00
2024,KY,21007,Ballard County,2024-10-14,22,27,,27,,16,9,,,1,ky-sbe,2026-09-06T15:28:18+00:00
2024,KY,21007,Ballard County,2024-10-21,15,50,,50,,29,18,,,1,ky-sbe,2026-09-06T15:28:18+00:00
2024,KY,21007,Ballard County,2024-10-23,13,72,,72,,44,25,,,1,ky-sbe,2026-09-06T15:28:18+00:00
2024,KY,21007,Ballard County,2024-10-25,11,90,,80,10,52,32,,,1,ky-sbe,2026-09-06T15:28:18+00:00
2024,KY,21007,Ballard County,2024-10-26,10,104,,89,15,59,38,,,1,ky-sbe,2026-09-06T15:28:18+00:00
2024,KY,21007,Ballard County,2024-10-29,7,116,,97,19,65,44,,,1,ky-sbe,2026-09-06T15:28:18+00:00
2024,KY,21007,Ballard County,2024-10-30,6,135,,106,29,73,54,,,1,ky-sbe,2026-09-06T15:28:18+00:00
2024,KY,21007,Ballard County,2024-10-31,5,145,,113,32,80,57,,,1,ky-sbe,2026-09-06T15:28:18+00:00
2024,KY,21007,Ballard County,2024-11-01,4,484,,115,369,233,229,,,1,ky-sbe,2026-09-06T15:28:18+00:00
2024,KY,21007,Ballard County,2024-11-02,3,848,,117,731,388,419,,,1,ky-sbe,2026-09-06T15:28:18+00:00
2024,KY,21007,Ballard County,2024-11-03,2,1044,,117,927,494,504,,,1,ky-sbe,2026-09-06T15:28:18+00:00
2024,KY,21007,Ballard County,2024-11-05,0,1056,,129,927,500,510,,,1,ky-sbe,2026-09-06T15:28:18+00:00
2024,KY,21009,Barren County,2024-09-23,43,0,,0,,,,,,1,ky-sbe,2026-09-06T15:28:18+00:00
2024,KY,21009,Barren County,2024-09-26,40,0,,0,,,,,,1,ky-sbe,2026-09-06T15:28:18+00:00
2024,KY,21009,Barren County,2024-09-30,36,0,,0,,,,,,1,ky-sbe,2026-09-06T15:28:18+00:00
2024,KY,21009,Barren County,2024-10-08,28,164,,164,,77,77,,,1,ky-sbe,2026-09-06T15:28:18+00:00
2024,KY,21009,Barren County,2024-10-14,22,262,,262,,123,123,,,1,ky-sbe,2026-09-06T15:28:18+00:00
2024,KY,21009,Barren County,2024-10-21,15,419,,419,,205,186,,,1,ky-sbe,2026-09-06T15:28:18+00:00
2024,KY,21009,Barren County,2024-10-23,13,511,,511,,254,221,,,1,ky-sbe,2026-09-06T15:28:18+00:00
2024,KY,21009,Barren County,2024-10-25,11,725,,588,137,345,325,,,1,ky-sbe,2026-09-06T15:28:18+00:00
2024,KY,21009,Barren County,2024-10-26,10,836,,631,205,389,383,,,1,ky-sbe,2026-09-06T15:28:18+00:00
2024,KY,21009,Barren County,2024-10-29,7,971,,688,283,433,462,,,1,ky-sbe,2026-09-06T15:28:18+00:00
2024,KY,21009,Barren County,2024-10-30,6,1067,,730,337,472,515,,,1,ky-sbe,2026-09-06T15:28:18+00:00
2024,KY,21009,Barren County,2024-10-31,5,1165,,773,392,517,564,,,1,ky-sbe,2026-09-06T15:28:18+00:00
2024,KY,21009,Barren County,2024-11-01,4,3226,,823,2403,1257,1790,,,1,ky-sbe,2026-09-06T15:28:18+00:00
2024,KY,21009,Barren County,2024-11-02,3,5511,,853,4658,2124,3094,,,1,ky-sbe,2026-09-06T15:28:18+00:00
2024,KY,21009,Barren County,2024-11-03,2,7839,,853,6986,2960,4476,,,1,ky-sbe,2026-09-06T15:28:18+00:00
2024,KY,21009,Barren County,2024-11-05,0,7892,,906,6986,2984,4491,,,1,ky-sbe,2026-09-06T15:28:18+00:00
2024,KY,21011,Bath County,2024-09-23,43,0,,0,,,,,,1,ky-sbe,2026-09-06T15:28:18+00:00
2024,KY,21011,Bath County,2024-09-26,40,0,,0,,,,,,1,ky-sbe,2026-09-06T15:28:18+00:00
2024,KY,21011,Bath County,2024-09-30,36,0,,0,,,,,,1,ky-sbe,2026-09-06T15:28:18+00:00
2024,KY,21011,Bath County,2024-10-08,28,83,,83,,65,17,,,1,ky-sbe,2026-09-06T15:28:18+00:00
2024,KY,21011,Bath County,2024-10-14,22,134,,134,,103,25,,,1,ky-sbe,2026-09-06T15:28:18+00:00
2024,KY,21011,Bath County,2024-10-21,15,221,,221,,168,44,,,1,ky-sbe,2026-09-06T15:28:18+00:00
2024,KY,21011,Bath County,2024-10-23,13,252,,252,,192,50,,,1,ky-sbe,2026-09-06T15:28:18+00:00
2024,KY,21011,Bath County,2024-10-25,11,312,,289,23,235,66,,,1,ky-sbe,2026-09-06T15:28:18+00:00
2024,KY,21011,Bath County,2024-10-26,10,336,,306,30,251,73,,,1,ky-sbe,2026-09-06T15:28:18+00:00
2024,KY,21011,Bath County,2024-10-29,7,362,,327,35,268,81,,,1,ky-sbe,2026-09-06T15:28:18+00:00
2024,KY,21011,Bath County,2024-10-30,6,379,,341,38,282,83,,,1,ky-sbe,2026-09-06T15:28:18+00:00
2024,KY,21011,Bath County,2024-10-31,5,392,,350,42,292,86,,,1,ky-sbe,2026-09-06T15:28:18+00:00
2024,KY,21011,Bath County,2024-11-01,4,1145,,371,774,738,355,,,1,ky-sbe,2026-09-06T15:28:18+00:00
2024,KY,21011,Bath County,2024-11-02,3,1790,,392,1398,1140,567,,,1,ky-sbe,2026-09-06T15:28:18+00:00
2024,KY,21011,Bath County,2024-11-03,2,2394,,392,2002,1485,803,,,1,ky-sbe,2026-09-06T15:28:18+00:00
2024,KY,21011,Bath County,2024-11-05,0,2409,,407,2002,1496,806,,,1,ky-sbe,2026-09-06T15:28:18+00:00
2024,KY,21013,Bell County,2024-09-23,43,0,,0,,,,,,1,ky-sbe,2026-09-06T15:28:18+00:00
2024,KY,21013,Bell County,2024-09-26,40,0,,0,,,,,,1,ky-sbe,2026-09-06T15:28:18+00:00
2024,KY,21013,Bell County,2024-09-30,36,0,,0,,,,,,1,ky-sbe,2026-09-06T15:28:18+00:00
2024,KY,21013,Bell County,2024-10-08,28,28,,28,,7,17,,,1,ky-sbe,2026-09-06T15:28:18+00:00
2024,KY,21013,Bell County,2024-10-14,22,114,,114,,40,67,,,1,ky-sbe,2026-09-06T15:28:18+00:00
2024,KY,21013,Bell County,2024-10-21,15,256,,256,,91,153,,,1,ky-sbe,2026-09-06T15:28:18+00:00
2024,KY,21013,Bell County,2024-10-23,13,324,,324,,115,195,,,1,ky-sbe,2026-09-06T15:28:18+00:00
2024,KY,21013,Bell County,2024-10-25,11,464,,368,96,141,302,,,1,ky-sbe,2026-09-06T15:28:18+00:00
2024,KY,21013,Bell County,2024-10-26,10,559,,386,173,164,371,,,1,ky-sbe,2026-09-06T15:28:18+00:00
2024,KY,21013,Bell County,2024-10-29,7,690,,422,268,200,463,,,1,ky-sbe,2026-09-06T15:28:18+00:00
2024,KY,21013,Bell County,2024-10-30,6,844,,470,374,241,569,,,1,ky-sbe,2026-09-06T15:28:18+00:00
2024,KY,21013,Bell County,2024-10-31,5,974,,491,483,267,668,,,1,ky-sbe,2026-09-06T15:28:18+00:00
2024,KY,21013,Bell County,2024-11-01,4,1963,,512,1451,483,1394,,,1,ky-sbe,2026-09-06T15:28:18+00:00
2024,KY,21013,Bell County,2024-11-02,3,2654,,543,2111,656,1884,,,1,ky-sbe,2026-09-06T15:28:18+00:00
2024,KY,21013,Bell County,2024-11-03,2,3302,,548,2754,783,2382,,,1,ky-sbe,2026-09-06T15:28:18+00:00
2024,KY,21013,Bell County,2024-11-05,0,3337,,583,2754,792,2405,,,1,ky-sbe,2026-09-06T15:28:18+00:00
2024,KY,21015,Boone County,2024-09-23,43,0,,0,,,,,,1,ky-sbe,2026-09-06T15:28:18+00:00
2024,KY,21015,Boone County,2024-09-26,40,0,,0,,,,,,1,ky-sbe,2026-09-06T15:28:18+00:00
2024,KY,21015,Boone County,2024-09-30,36,0,,0,,,,,,1,ky-sbe,2026-09-06T15:28:18+00:00
2024,KY,21015,Boone County,2024-10-08,28,501,,501,,171,254,,,1,ky-sbe,2026-09-06T15:28:18+00:00
2024,KY,21015,Boone County,2024-10-14,22,799,,799,,273,402,,,1,ky-sbe,2026-09-06T15:28:18+00:00
2024,KY,21015,Boone County,2024-10-21,15,1707,,1707,,571,881,,,1,ky-sbe,2026-09-06T15:28:18+00:00
2024,KY,21015,Boone County,2024-10-23,13,2090,,2090,,702,1069,,,1,ky-sbe,2026-09-06T15:28:18+00:00
2024,KY,21015,Boone County,2024-10-25,11,3109,,2517,592,986,1672,,,1,ky-sbe,2026-09-06T15:28:18+00:00
2024,KY,21015,Boone County,2024-10-26,10,3546,,2721,825,1087,1949,,,1,ky-sbe,2026-09-06T15:28:18+00:00
2024,KY,21015,Boone County,2024-10-29,7,4085,,2991,1094,1215,2293,,,1,ky-sbe,2026-09-06T15:28:18+00:00
2024,KY,21015,Boone County,2024-10-30,6,4579,,3212,1367,1362,2575,,,1,ky-sbe,2026-09-06T15:28:18+00:00
2024,KY,21015,Boone County,2024-10-31,5,5096,,3511,1585,1493,2880,,,1,ky-sbe,2026-09-06T15:28:18+00:00
2024,KY,21015,Boone County,2024-11-01,4,10160,,3658,6502,2868,6039,,,1,ky-sbe,2026-09-06T15:28:18+00:00
2024,KY,21015,Boone County,2024-11-02,3,16176,,3797,12379,4445,9792,,,1,ky-sbe,2026-09-06T15:28:18+00:00
2024,KY,21015,Boone County,2024-11-03,2,21467,,3797,17670,5844,13006,,,1,ky-sbe,2026-09-06T15:28:18+00:00
2024,KY,21015,Boone County,2024-11-05,0,21874,,4204,17670,5974,13199,,,1,ky-sbe,2026-09-06T15:28:18+00:00
2024,KY,21017,Bourbon County,2024-09-23,43,0,,0,,,,,,1,ky-sbe,2026-09-06T15:28:18+00:00
2024,KY,21017,Bourbon County,2024-09-26,40,0,,0,,,,,,1,ky-sbe,2026-09-06T15:28:18+00:00
2024,KY,21017,Bourbon County,2024-09-30,36,0,,0,,,,,,1,ky-sbe,2026-09-06T15:28:18+00:00
2024,KY,21017,Bourbon County,2024-10-08,28,58,,58,,32,20,,,1,ky-sbe,2026-09-06T15:28:18+00:00
2024,KY,21017,Bourbon County,2024-10-14,22,103,,103,,63,29,,,1,ky-sbe,2026-09-06T15:28:18+00:00
2024,KY,21017,Bourbon County,2024-10-21,15,166,,166,,105,47,,,1,ky-sbe,2026-09-06T15:28:18+00:00
2024,KY,21017,Bourbon County,2024-10-23,13,198,,198,,125,53,,,1,ky-sbe,2026-09-06T15:28:18+00:00
2024,KY,21017,Bourbon County,2024-10-25,11,437,,386,51,254,146,,,1,ky-sbe,2026-09-06T15:28:18+00:00
2024,KY,21017,Bourbon County,2024-10-26,10,448,,397,51,259,152,,,1,ky-sbe,2026-09-06T15:28:18+00:00
2024,KY,21017,Bourbon County,2024-10-29,7,501,,426,75,286,175,,,1,ky-sbe,2026-09-06T15:28:18+00:00
2024,KY,21017,Bourbon County,2024-10-30,6,522,,440,82,295,187,,,1,ky-sbe,2026-09-06T15:28:18+00:00
2024,KY,21017,Bourbon County,2024-10-31,5,625,,523,102,363,217,,,1,ky-sbe,2026-09-06T15:28:18+00:00
2024,KY,21017,Bourbon County,2024-11-01,4,2081,,559,1522,1065,888,,,1,ky-sbe,2026-09-06T15:28:18+00:00
2024,KY,21017,Bourbon County,2024-11-02,3,3415,,565,2850,1709,1491,,,1,ky-sbe,2026-09-06T15:28:18+00:00
2024,KY,21017,Bourbon County,2024-11-03,2,4577,,565,4012,2215,2067,,,1,ky-sbe,2026-09-06T15:28:18+00:00
2024,KY,21017,Bourbon County,2024-11-05,0,4603,,591,4012,2232,2075,,,1,ky-sbe,2026-09-06T15:28:18+00:00
2024,KY,21019,Boyd County,2024-09-23,43,0,,0,,,,,,1,ky-sbe,2026-09-06T15:28:18+00:00
2024,KY,21019,Boyd County,2024-09-26,40,0,,0,,,,,,1,ky-sbe,2026-09-06T15:28:18+00:00
2024,KY,21019,Boyd County,2024-09-30,36,0,,0,,,,,,1,ky-sbe,2026-09-06T15:28:18+00:00
2024,KY,21019,Boyd County,2024-10-08,28,246,,246,,123,107,,,1,ky-sbe,2026-09-06T15:28:18+00:00
2024,KY,21019,Boyd County,2024-10-14,22,412,,412,,198,184,,,1,ky-sbe,2026-09-06T15:28:18+00:00
2024,KY,21019,Boyd County,2024-10-21,15,676,,676,,337,290,,,1,ky-sbe,2026-09-06T15:28:18+00:00
2024,KY,21019,Boyd County,2024-10-23,13,838,,838,,435,343,,,1,ky-sbe,2026-09-06T15:28:18+00:00
2024,KY,21019,Boyd County,2024-10-25,11,1012,,933,79,503,440,,,1,ky-sbe,2026-09-06T15:28:18+00:00
2024,KY,21019,Boyd County,2024-10-26,10,1116,,1001,115,546,492,,,1,ky-sbe,2026-09-06T15:28:18+00:00
2024,KY,21019,Boyd County,2024-10-29,7,1225,,1086,139,600,541,,,1,ky-sbe,2026-09-06T15:28:18+00:00
2024,KY,21019,Boyd County,2024-10-30,6,1292,,1122,170,629,575,,,1,ky-sbe,2026-09-06T15:28:18+00:00
2024,KY,21019,Boyd County,2024-10-31,5,1351,,1158,193,649,610,,,1,ky-sbe,2026-09-06T15:28:18+00:00
2024,KY,21019,Boyd County,2024-11-01,4,4246,,1247,2999,1774,2191,,,1,ky-sbe,2026-09-06T15:28:18+00:00
2024,KY,21019,Boyd County,2024-11-02,3,6701,,1309,5392,2733,3523,,,1,ky-sbe,2026-09-06T15:28:18+00:00
2024,KY,21019,Boyd County,2024-11-03,2,8775,,1341,7434,3508,4661,,,1,ky-sbe,2026-09-06T15:28:18+00:00
2024,KY,21019,Boyd County,2024-11-05,0,8809,,1375,7434,3525,4674,,,1,ky-sbe,2026-09-06T15:28:18+00:00
2024,KY,21021,Boyle County,2024-09-23,43,0,,0,,,,,,1,ky-sbe,2026-09-06T15:28:18+00:00
2024,KY,21021,Boyle County,2024-09-26,40,0,,0,,,,,,1,ky-sbe,2026-09-06T15:28:18+00:00
2024,KY,21021,Boyle County,2024-09-30,36,0,,0,,,,,,1,ky-sbe,2026-09-06T15:28:18+00:00
2024,KY,21021,Boyle County,2024-10-08,28,90,,90,,53,32,,,1,ky-sbe,2026-09-06T15:28:18+00:00
2024,KY,21021,Boyle County,2024-10-14,22,161,,161,,87,62,,,1,ky-sbe,2026-09-06T15:28:18+00:00
2024,KY,21021,Boyle County,2024-10-21,15,362,,362,,199,137,,,1,ky-sbe,2026-09-06T15:28:18+00:00
2024,KY,21021,Boyle County,2024-10-23,13,459,,459,,248,169,,,1,ky-sbe,2026-09-06T15:28:18+00:00
2024,KY,21021,Boyle County,2024-10-25,11,601,,540,61,314,238,,,1,ky-sbe,2026-09-06T15:28:18+00:00
2024,KY,21021,Boyle County,2024-10-26,10,658,,572,86,349,256,,,1,ky-sbe,2026-09-06T15:28:18+00:00
2024,KY,21021,Boyle County,2024-10-29,7,729,,620,109,383,286,,,1,ky-sbe,2026-09-06T15:28:18+00:00
2024,KY,21021,Boyle County,2024-10-30,6,779,,655,124,414,302,,,1,ky-sbe,2026-09-06T15:28:18+00:00
2024,KY,21021,Boyle County,2024-10-31,5,845,,715,130,447,327,,,1,ky-sbe,2026-09-06T15:28:18+00:00
2024,KY,21021,Boyle County,2024-11-01,4,2843,,752,2091,1325,1299,,,1,ky-sbe,2026-09-06T15:28:18+00:00
2024,KY,21021,Boyle County,2024-11-02,3,5147,,791,4356,2327,2427,,,1,ky-sbe,2026-09-06T15:28:18+00:00
2024,KY,21021,Boyle County,2024-11-03,2,6872,,799,6073,3090,3281,,,1,ky-sbe,2026-09-06T15:28:18+00:00
2024,KY,21021,Boyle County,2024-11-05,0,6928,,855,6073,3118,3301,,,1,ky-sbe,2026-09-06T15:28:18+00:00
2024,KY,21023,Bracken County,2024-09-23,43,0,,0,,,,,,1,ky-sbe,2026-09-06T15:28:18+00:00
2024,KY,21023,Bracken County,2024-09-26,40,0,,0,,,,,,1,ky-sbe,2026-09-06T15:28:18+00:00
2024,KY,21023,Bracken County,2024-09-30,36,0,,0,,,,,,1,ky-sbe,2026-09-06T15:28:18+00:00
2024,KY,21023,Bracken County,2024-10-08,28,25,,25,,20,5,,,1,ky-sbe,2026-09-06T15:28:18+00:00
2024,KY,21023,Bracken County,2024-10-14,22,56,,56,,37,19,,,1,ky-sbe,2026-09-06T15:28:18+00:00
2024,KY,21023,Bracken County,2024-10-21,15,122,,122,,82,31,,,1,ky-sbe,2026-09-06T15:28:18+00:00
2024,KY,21023,Bracken County,2024-10-23,13,132,,132,,88,34,,,1,ky-sbe,2026-09-06T15:28:18+00:00
2024,KY,21023,Bracken County,2024-10-25,11,176,,144,32,112,54,,,1,ky-sbe,2026-09-06T15:28:18+00:00
2024,KY,21023,Bracken County,2024-10-26,10,196,,152,44,122,64,,,1,ky-sbe,2026-09-06T15:28:18+00:00
2024,KY,21023,Bracken County,2024-10-29,7,231,,171,60,139,80,,,1,ky-sbe,2026-09-06T15:28:18+00:00
2024,KY,21023,Bracken County,2024-10-30,6,263,,184,79,155,95,,,1,ky-sbe,2026-09-06T15:28:18+00:00
2024,KY,21023,Bracken County,2024-10-31,5,281,,191,90,170,98,,,1,ky-sbe,2026-09-06T15:28:18+00:00
2024,KY,21023,Bracken County,2024-11-01,4,760,,199,561,383,337,,,1,ky-sbe,2026-09-06T15:28:18+00:00
2024,KY,21023,Bracken County,2024-11-02,3,1182,,208,974,561,557,,,1,ky-sbe,2026-09-06T15:28:18+00:00
2024,KY,21023,Bracken County,2024-11-03,2,1526,,208,1318,719,728,,,1,ky-sbe,2026-09-06T15:28:18+00:00
2024,KY,21023,Bracken County,2024-11-05,0,1532,,214,1318,722,729,,,1,ky-sbe,2026-09-06T15:28:18+00:00
2024,KY,21025,Breathitt County,2024-09-23,43,0,,0,,,,,,1,ky-sbe,2026-09-06T15:28:18+00:00
2024,KY,21025,Breathitt County,2024-09-26,40,0,,0,,,,,,1,ky-sbe,2026-09-06T15:28:18+00:00
2024,KY,21025,Breathitt County,2024-09-30,36,0,,0,,,,,,1,ky-sbe,2026-09-06T15:28:18+00:00
2024,KY,21025,Breathitt County,2024-10-08,28,65,,65,,54,9,,,1,ky-sbe,2026-09-06T15:28:18+00:00
2024,KY,21025,Breathitt County,2024-10-14,22,110,,110,,91,17,,,1,ky-sbe,2026-09-06T15:28:18+00:00
2024,KY,21025,Breathitt County,2024-10-21,15,229,,229,,193,34,,,1,ky-sbe,2026-09-06T15:28:18+00:00
2024,KY,21025,Breathitt County,2024-10-23,13,273,,273,,234,37,,,1,ky-sbe,2026-09-06T15:28:18+00:00
2024,KY,21025,Breathitt County,2024-10-25,11,332,,319,13,283,46,,,1,ky-sbe,2026-09-06T15:28:18+00:00
2024,KY,21025,Breathitt County,2024-10-26,10,366,,337,29,308,54,,,1,ky-sbe,2026-09-06T15:28:18+00:00
2024,KY,21025,Breathitt County,2024-10-29,7,411,,361,50,346,60,,,1,ky-sbe,2026-09-06T15:28:18+00:00
2024,KY,21025,Breathitt County,2024-10-30,6,465,,393,72,393,66,,,1,ky-sbe,2026-09-06T15:28:18+00:00
2024,KY,21025,Breathitt County,2024-10-31,5,484,,401,83,407,71,,,1,ky-sbe,2026-09-06T15:28:18+00:00
2024,KY,21025,Breathitt County,2024-11-01,4,1013,,418,595,796,199,,,1,ky-sbe,2026-09-06T15:28:18+00:00
2024,KY,21025,Breathitt County,2024-11-02,3,1565,,433,1132,1217,320,,,1,ky-sbe,2026-09-06T15:28:18+00:00
2024,KY,21025,Breathitt County,2024-11-03,2,1972,,434,1538,1521,410,,,1,ky-sbe,2026-09-06T15:28:18+00:00
2024,KY,21025,Breathitt County,2024-11-05,0,1994,,456,1538,1538,415,,,1,ky-sbe,2026-09-06T15:28:18+00:00
2024,KY,21027,Breckinridge County,2024-09-23,43,0,,0,,,,,,1,ky-sbe,2026-09-06T15:28:18+00:00
2024,KY,21027,Breckinridge County,2024-09-26,40,0,,0,,,,,,1,ky-sbe,2026-09-06T15:28:18+00:00
2024,KY,21027,Breckinridge County,2024-09-30,36,0,,0,,,,,,1,ky-sbe,2026-09-06T15:28:18+00:00
2024,KY,21027,Breckinridge County,2024-10-08,28,39,,39,,19,19,,,1,ky-sbe,2026-09-06T15:28:18+00:00
2024,KY,21027,Breckinridge County,2024-10-14,22,98,,98,,48,41,,,1,ky-sbe,2026-09-06T15:28:18+00:00
2024,KY,21027,Breckinridge County,2024-10-21,15,138,,138,,72,53,,,1,ky-sbe,2026-09-06T15:28:18+00:00
2024,KY,21027,Breckinridge County,2024-10-23,13,165,,165,,88,63,,,1,ky-sbe,2026-09-06T15:28:18+00:00
2024,KY,21027,Breckinridge County,2024-10-25,11,291,,186,105,124,143,,,1,ky-sbe,2026-09-06T15:28:18+00:00
2024,KY,21027,Breckinridge County,2024-10-26,10,349,,197,152,142,181,,,1,ky-sbe,2026-09-06T15:28:18+00:00
2024,KY,21027,Breckinridge County,2024-10-29,7,413,,221,192,163,222,,,1,ky-sbe,2026-09-06T15:28:18+00:00
2024,KY,21027,Breckinridge County,2024-10-30,6,463,,225,238,171,258,,,1,ky-sbe,2026-09-06T15:28:18+00:00
2024,KY,21027,Breckinridge County,2024-10-31,5,500,,230,270,179,287,,,1,ky-sbe,2026-09-06T15:28:18+00:00
2024,KY,21027,Breckinridge County,2024-11-01,4,1337,,253,1084,454,815,,,1,ky-sbe,2026-09-06T15:28:18+00:00
2024,KY,21027,Breckinridge County,2024-11-02,3,2202,,259,1943,727,1369,,,1,ky-sbe,2026-09-06T15:28:18+00:00
2024,KY,21027,Breckinridge County,2024-11-03,2,2966,,264,2702,942,1879,,,1,ky-sbe,2026-09-06T15:28:18+00:00
2024,KY,21027,Breckinridge County,2024-11-05,0,2972,,270,2702,945,1881,,,1,ky-sbe,2026-09-06T15:28:18+00:00
2024,KY,21029,Bullitt County,2024-09-23,43,0,,0,,,,,,1,ky-sbe,2026-09-06T15:28:18+00:00
2024,KY,21029,Bullitt County,2024-09-26,40,0,,0,,,,,,1,ky-sbe,2026-09-06T15:28:18+00:00
2024,KY,21029,Bullitt County,2024-09-30,36,0,,0,,,,,,1,ky-sbe,2026-09-06T15:28:18+00:00
2024,KY,21029,Bullitt County,2024-10-08,28,396,,396,,208,164,,,1,ky-sbe,2026-09-06T15:28:18+00:00
2024,KY,21029,Bullitt County,2024-10-14,22,647,,647,,342,267,,,1,ky-sbe,2026-09-06T15:28:18+00:00
2024,KY,21029,Bullitt County,2024-10-21,15,1003,,1003,,511,422,,,1,ky-sbe,2026-09-06T15:28:18+00:00
2024,KY,21029,Bullitt County,2024-10-23,13,1247,,1247,,620,529,,,1,ky-sbe,2026-09-06T15:28:18+00:00
2024,KY,21029,Bullitt County,2024-10-25,11,1714,,1513,201,814,765,,,1,ky-sbe,2026-09-06T15:28:18+00:00
2024,KY,21029,Bullitt County,2024-10-26,10,1933,,1674,259,897,878,,,1,ky-sbe,2026-09-06T15:28:18+00:00
2024,KY,21029,Bullitt County,2024-10-29,7,2197,,1865,332,1002,1014,,,1,ky-sbe,2026-09-06T15:28:18+00:00
2024,KY,21029,Bullitt County,2024-10-30,6,2379,,1991,388,1075,1106,,,1,ky-sbe,2026-09-06T15:28:18+00:00
2024,KY,21029,Bullitt County,2024-10-31,5,2452,,1997,455,1097,1150,,,1,ky-sbe,2026-09-06T15:28:18+00:00
2024,KY,21029,Bullitt County,2024-11-01,4,11056,,2194,8862,3896,6426,,,1,ky-sbe,2026-09-06T15:28:18+00:00
2024,KY,21029,Bullitt County,2024-11-02,3,18688,,2321,16367,6325,11048,,,1,ky-sbe,2026-09-06T15:28:18+00:00
2024,KY,21029,Bullitt County,2024-11-03,2,25097,,2359,22738,8225,15000,,,1,ky-sbe,2026-09-06T15:28:18+00:00
2024,KY,21029,Bullitt County,2024-11-05,0,25150,,2412,22738,8249,15024,,,1,ky-sbe,2026-09-06T15:28:18+00:00
2024,KY,21031,Butler County,2024-09-23,43,0,,0,,,,,,1,ky-sbe,2026-09-06T15:28:18+00:00
2024,KY,21031,Butler County,2024-09-26,40,0,,0,,,,,,1,ky-sbe,2026-09-06T15:28:18+00:00
2024,KY,21031,Butler County,2024-09-30,36,0,,0,,,,,,1,ky-sbe,2026-09-06T15:28:18+00:00
2024,KY,21031,Butler County,2024-10-08,28,22,,22,,6,15,,,1,ky-sbe,2026-09-06T15:28:18+00:00
2024,KY,21031,Butler County,2024-10-14,22,48,,48,,12,35,,,1,ky-sbe,2026-09-06T15:28:18+00:00
2024,KY,21031,Butler County,2024-10-21,15,94,,94,,19,70,,,1,ky-sbe,2026-09-06T15:28:18+00:00
2024,KY,21031,Butler County,2024-10-23,13,119,,119,,24,89,,,1,ky-sbe,2026-09-06T15:28:18+00:00
2024,KY,21031,Butler County,2024-10-25,11,148,,132,16,29,112,,,1,ky-sbe,2026-09-06T15:28:18+00:00
2024,KY,21031,Butler County,2024-10-26,10,168,,147,21,34,125,,,1,ky-sbe,2026-09-06T15:28:18+00:00
2024,KY,21031,Butler County,2024-10-29,7,176,,151,25,35,131,,,1,ky-sbe,2026-09-06T15:28:18+00:00
2024,KY,21031,Butler County,2024-10-30,6,188,,157,31,36,140,,,1,ky-sbe,2026-09-06T15:28:18+00:00
2024,KY,21031,Butler County,2024-10-31,5,202,,167,35,41,149,,,1,ky-sbe,2026-09-06T15:28:18+00:00
2024,KY,21031,Butler County,2024-11-01,4,669,,176,493,131,502,,,1,ky-sbe,2026-09-06T15:28:18+00:00
2024,KY,21031,Butler County,2024-11-02,3,1104,,181,923,196,855,,,1,ky-sbe,2026-09-06T15:28:18+00:00
2024,KY,21031,Butler County,2024-11-03,2,1479,,181,1298,235,1167,,,1,ky-sbe,2026-09-06T15:28:18+00:00
2024,KY,21031,Butler County,2024-11-05,0,1483,,185,1298,236,1170,,,1,ky-sbe,2026-09-06T15:28:18+00:00
2024,KY,21033,Caldwell County,2024-09-23,43,0,,0,,,,,,1,ky-sbe,2026-09-06T15:28:18+00:00
2024,KY,21033,Caldwell County,2024-09-26,40,0,,0,,,,,,1,ky-sbe,2026-09-06T15:28:18+00:00
2024,KY,21033,Caldwell County,2024-09-30,36,0,,0,,,,,,1,ky-sbe,2026-09-06T15:28:18+00:00
2024,KY,21033,Caldwell County,2024-10-08,28,13,,13,,7,4,,,1,ky-sbe,2026-09-06T15:28:18+00:00
2024,KY,21033,Caldwell County,2024-10-14,22,58,,58,,39,16,,,1,ky-sbe,2026-09-06T15:28:18+00:00
2024,KY,21033,Caldwell County,2024-10-21,15,100,,100,,67,28,,,1,ky-sbe,2026-09-06T15:28:18+00:00
2024,KY,21033,Caldwell County,2024-10-23,13,143,,143,,91,44,,,1,ky-sbe,2026-09-06T15:28:18+00:00
2024,KY,21033,Caldwell County,2024-10-25,11,222,,182,40,118,88,,,1,ky-sbe,2026-09-06T15:28:18+00:00
2024,KY,21033,Caldwell County,2024-10-26,10,247,,191,56,130,100,,,1,ky-sbe,2026-09-06T15:28:18+00:00
2024,KY,21033,Caldwell County,2024-10-29,7,305,,226,79,156,131,,,1,ky-sbe,2026-09-06T15:28:18+00:00
2024,KY,21033,Caldwell County,2024-10-30,6,330,,244,86,169,142,,,1,ky-sbe,2026-09-06T15:28:18+00:00
2024,KY,21033,Caldwell County,2024-10-31,5,347,,258,89,179,149,,,1,ky-sbe,2026-09-06T15:28:18+00:00
2024,KY,21033,Caldwell County,2024-11-01,4,1277,,262,1015,569,650,,,1,ky-sbe,2026-09-06T15:28:18+00:00
2024,KY,21033,Caldwell County,2024-11-02,3,2134,,262,1872,963,1071,,,1,ky-sbe,2026-09-06T15:28:18+00:00
2024,KY,21033,Caldwell County,2024-11-03,2,2926,,266,2660,1303,1482,,,1,ky-sbe,2026-09-06T15:28:18+00:00
2024,KY,21033,Caldwell County,2024-11-05,0,2966,,306,2660,1321,1502,,,1,ky-sbe,2026-09-06T15:28:18+00:00
2024,KY,21035,Calloway County,2024-09-23,43,0,,0,,,,,,1,ky-sbe,2026-09-06T15:28:18+00:00
2024,KY,21035,Calloway County,2024-09-26,40,0,,0,,,,,,1,ky-sbe,2026-09-06T15:28:18+00:00
2024,KY,21035,Calloway County,2024-09-30,36,0,,0,,,,,,1,ky-sbe,2026-09-06T15:28:18+00:00
2024,KY,21035,Calloway County,2024-10-08,28,155,,155,,88,41,,,1,ky-sbe,2026-09-06T15:28:18+00:00
2024,KY,21035,Calloway County,2024-10-14,22,257,,257,,133,86,,,1,ky-sbe,2026-09-06T15:28:18+00:00
2024,KY,21035,Calloway County,2024-10-21,15,423,,423,,212,160,,,1,ky-sbe,2026-09-06T15:28:18+00:00
2024,KY,21035,Calloway County,2024-10-23,13,522,,522,,263,197,,,1,ky-sbe,2026-09-06T15:28:18+00:00
2024,KY,21035,Calloway County,2024-10-25,11,696,,632,64,347,270,,,1,ky-sbe,2026-09-06T15:28:18+00:00
2024,KY,21035,Calloway County,2024-10-26,10,773,,675,98,377,312,,,1,ky-sbe,2026-09-06T15:28:18+00:00
2024,KY,21035,Calloway County,2024-10-29,7,871,,739,132,428,346,,,1,ky-sbe,2026-09-06T15:28:18+00:00
2024,KY,21035,Calloway County,2024-10-30,6,928,,783,145,461,359,,,1,ky-sbe,2026-09-06T15:28:18+00:00
2024,KY,21035,Calloway County,2024-10-31,5,963,,803,160,473,378,,,1,ky-sbe,2026-09-06T15:28:18+00:00
2024,KY,21035,Calloway County,2024-11-01,4,3326,,825,2501,1410,1591,,,1,ky-sbe,2026-09-06T15:28:18+00:00
2024,KY,21035,Calloway County,2024-11-02,3,5573,,843,4730,2458,2615,,,1,ky-sbe,2026-09-06T15:28:18+00:00
2024,KY,21035,Calloway County,2024-11-03,2,7346,,865,6481,3230,3471,,,1,ky-sbe,2026-09-06T15:28:18+00:00
2024,KY,21035,Calloway County,2024-11-05,0,7414,,933,6481,3264,3498,,,1,ky-sbe,2026-09-06T15:28:18+00:00
2024,KY,21037,Campbell County,2024-09-23,43,0,,0,,,,,,1,ky-sbe,2026-09-06T15:28:18+00:00
2024,KY,21037,Campbell County,2024-09-26,40,0,,0,,,,,,1,ky-sbe,2026-09-06T15:28:18+00:00
2024,KY,21037,Campbell County,2024-09-30,36,0,,0,,,,,,1,ky-sbe,2026-09-06T15:28:18+00:00
2024,KY,21037,Campbell County,2024-10-08,28,282,,282,,115,125,,,1,ky-sbe,2026-09-06T15:28:18+00:00
2024,KY,21037,Campbell County,2024-10-14,22,498,,498,,203,229,,,1,ky-sbe,2026-09-06T15:28:18+00:00
2024,KY,21037,Campbell County,2024-10-21,15,882,,882,,383,381,,,1,ky-sbe,2026-09-06T15:28:18+00:00
2024,KY,21037,Campbell County,2024-10-23,13,1225,,1225,,541,504,,,1,ky-sbe,2026-09-06T15:28:18+00:00
2024,KY,21037,Campbell County,2024-10-25,11,1795,,1422,373,782,767,,,1,ky-sbe,2026-09-06T15:28:18+00:00
2024,KY,21037,Campbell County,2024-10-26,10,1986,,1501,485,855,863,,,1,ky-sbe,2026-09-06T15:28:18+00:00
2024,KY,21037,Campbell County,2024-10-29,7,2341,,1737,604,1004,1028,,,1,ky-sbe,2026-09-06T15:28:18+00:00
2024,KY,21037,Campbell County,2024-10-30,6,2555,,1863,692,1079,1142,,,1,ky-sbe,2026-09-06T15:28:18+00:00
2024,KY,21037,Campbell County,2024-10-31,5,2724,,1942,782,1147,1226,,,1,ky-sbe,2026-09-06T15:28:18+00:00
2024,KY,21037,Campbell County,2024-11-01,4,6588,,2030,4558,2521,3314,,,1,ky-sbe,2026-09-06T15:28:18+00:00
2024,KY,21037,Campbell County,2024-11-02,3,11229,,2162,9067,4203,5800,,,1,ky-sbe,2026-09-06T15:28:18+00:00
2024,KY,21037,Campbell County,2024-11-03,2,15633,,2272,13361,5821,8064,,,1,ky-sbe,2026-09-06T15:28:18+00:00
2024,KY,21037,Campbell County,2024-11-05,0,15817,,2456,13361,5912,8134,,,1,ky-sbe,2026-09-06T15:28:18+00:00
2024,KY,21039,Carlisle County,2024-09-23,43,0,,0,,,,,,1,ky-sbe,2026-09-06T15:28:18+00:00
2024,KY,21039,Carlisle County,2024-09-26,40,0,,0,,,,,,1,ky-sbe,2026-09-06T15:28:18+00:00
2024,KY,21039,Carlisle County,2024-09-30,36,0,,0,,,,,,1,ky-sbe,2026-09-06T15:28:18+00:00
2024,KY,21039,Carlisle County,2024-10-08,28,25,,25,,16,7,,,1,ky-sbe,2026-09-06T15:28:18+00:00
2024,KY,21039,Carlisle County,2024-10-14,22,27,,27,,17,8,,,1,ky-sbe,2026-09-06T15:28:18+00:00
2024,KY,21039,Carlisle County,2024-10-21,15,42,,42,,28,12,,,1,ky-sbe,2026-09-06T15:28:18+00:00
2024,KY,21039,Carlisle County,2024-10-23,13,47,,47,,33,12,,,1,ky-sbe,2026-09-06T15:28:18+00:00
2024,KY,21039,Carlisle County,2024-10-25,11,61,,53,8,42,17,,,1,ky-sbe,2026-09-06T15:28:18+00:00
2024,KY,21039,Carlisle County,2024-10-26,10,64,,53,11,42,20,,,1,ky-sbe,2026-09-06T15:28:18+00:00
2024,KY,21039,Carlisle County,2024-10-29,7,68,,55,13,45,21,,,1,ky-sbe,2026-09-06T15:28:18+00:00
2024,KY,21039,Carlisle County,2024-10-30,6,83,,69,14,51,29,,,1,ky-sbe,2026-09-06T15:28:18+00:00
2024,KY,21039,Carlisle County,2024-10-31,5,86,,71,15,52,30,,,1,ky-sbe,2026-09-06T15:28:18+00:00
2024,KY,21039,Carlisle County,2024-11-01,4,364,,72,292,167,190,,,1,ky-sbe,2026-09-06T15:28:18+00:00
2024,KY,21039,Carlisle County,2024-11-02,3,627,,84,543,297,316,,,1,ky-sbe,2026-09-06T15:28:18+00:00
2024,KY,21039,Carlisle County,2024-11-03,2,819,,85,734,379,423,,,1,ky-sbe,2026-09-06T15:28:18+00:00
2024,KY,21039,Carlisle County,2024-11-05,0,824,,90,734,379,427,,,1,ky-sbe,2026-09-06T15:28:18+00:00
2024,KY,21041,Carroll County,2024-09-23,43,0,,0,,,,,,1,ky-sbe,2026-09-06T15:28:18+00:00
2024,KY,21041,Carroll County,2024-09-26,40,0,,0,,,,,,1,ky-sbe,2026-09-06T15:28:18+00:00
2024,KY,21041,Carroll County,2024-09-30,36,0,,0,,,,,,1,ky-sbe,2026-09-06T15:28:18+00:00
2024,KY,21041,Carroll County,2024-10-08,28,51,,51,,34,15,,,1,ky-sbe,2026-09-06T15:28:18+00:00
2024,KY,21041,Carroll County,2024-10-14,22,77,,77,,53,20,,,1,ky-sbe,2026-09-06T15:28:18+00:00
2024,KY,21041,Carroll County,2024-10-21,15,108,,108,,70,32,,,1,ky-sbe,2026-09-06T15:28:18+00:00
2024,KY,21041,Carroll County,2024-10-23,13,161,,161,,103,49,,,1,ky-sbe,2026-09-06T15:28:18+00:00
2024,KY,21041,Carroll County,2024-10-25,11,253,,172,81,159,83,,,1,ky-sbe,2026-09-06T15:28:18+00:00
2024,KY,21041,Carroll County,2024-10-26,10,307,,178,129,194,98,,,1,ky-sbe,2026-09-06T15:28:18+00:00
2024,KY,21041,Carroll County,2024-10-29,7,373,,190,183,240,118,,,1,ky-sbe,2026-09-06T15:28:18+00:00
2024,KY,21041,Carroll County,2024-10-30,6,421,,201,220,263,141,,,1,ky-sbe,2026-09-06T15:28:18+00:00
2024,KY,21041,Carroll County,2024-10-31,5,468,,212,256,297,153,,,1,ky-sbe,2026-09-06T15:28:18+00:00
2024,KY,21041,Carroll County,2024-11-01,4,967,,224,743,588,344,,,1,ky-sbe,2026-09-06T15:28:18+00:00
2024,KY,21041,Carroll County,2024-11-02,3,1428,,228,1200,876,498,,,1,ky-sbe,2026-09-06T15:28:18+00:00
2024,KY,21041,Carroll County,2024-11-03,2,1721,,228,1493,1043,615,,,1,ky-sbe,2026-09-06T15:28:18+00:00
2024,KY,21041,Carroll County,2024-11-05,0,1733,,240,1493,1052,615,,,1,ky-sbe,2026-09-06T15:28:18+00:00
2024,KY,21043,Carter County,2024-09-23,43,0,,0,,,,,,1,ky-sbe,2026-09-06T15:28:18+00:00
2024,KY,21043,Carter County,2024-09-26,40,0,,0,,,,,,1,ky-sbe,2026-09-06T15:28:18+00:00
2024,KY,21043,Carter County,2024-09-30,36,0,,0,,,,,,1,ky-sbe,2026-09-06T15:28:18+00:00
2024,KY,21043,Carter County,2024-10-08,28,50,,50,,23,24,,,1,ky-sbe,2026-09-06T15:28:18+00:00
2024,KY,21043,Carter County,2024-10-14,22,113,,113,,58,49,,,1,ky-sbe,2026-09-06T15:28:18+00:00
2024,KY,21043,Carter County,2024-10-21,15,271,,271,,142,122,,,1,ky-sbe,2026-09-06T15:28:18+00:00
2024,KY,21043,Carter County,2024-10-23,13,323,,323,,169,143,,,1,ky-sbe,2026-09-06T15:28:18+00:00
2024,KY,21043,Carter County,2024-10-25,11,409,,352,57,198,198,,,1,ky-sbe,2026-09-06T15:28:18+00:00
2024,KY,21043,Carter County,2024-10-26,10,497,,403,94,233,247,,,1,ky-sbe,2026-09-06T15:28:18+00:00
2024,KY,21043,Carter County,2024-10-29,7,556,,436,120,257,275,,,1,ky-sbe,2026-09-06T15:28:18+00:00
2024,KY,21043,Carter County,2024-10-30,6,614,,471,143,281,303,,,1,ky-sbe,2026-09-06T15:28:18+00:00
2024,KY,21043,Carter County,2024-10-31,5,671,,507,164,305,333,,,1,ky-sbe,2026-09-06T15:28:18+00:00
2024,KY,21043,Carter County,2024-11-01,4,1653,,529,1124,634,928,,,1,ky-sbe,2026-09-06T15:28:18+00:00
2024,KY,21043,Carter County,2024-11-02,3,2590,,529,2061,949,1513,,,1,ky-sbe,2026-09-06T15:28:18+00:00
2024,KY,21043,Carter County,2024-11-03,2,3390,,544,2846,1268,1970,,,1,ky-sbe,2026-09-06T15:28:18+00:00
2024,KY,21043,Carter County,2024-11-05,0,3390,,544,2846,1268,1970,,,1,ky-sbe,2026-09-06T15:28:18+00:00
2024,KY,21045,Casey County,2024-09-23,43,0,,0,,,,,,1,ky-sbe,2026-09-06T15:28:18+00:00
2024,KY,21045,Casey County,2024-09-26,40,0,,0,,,,,,1,ky-sbe,2026-09-06T15:28:18+00:00
2024,KY,21045,Casey County,2024-09-30,36,0,,0,,,,,,1,ky-sbe,2026-09-06T15:28:18+00:00
2024,KY,21045,Casey County,2024-10-08,28,29,,29,,6,19,,,1,ky-sbe,2026-09-06T15:28:18+00:00
2024,KY,21045,Casey County,2024-10-14,22,54,,54,,9,38,,,1,ky-sbe,2026-09-06T15:28:18+00:00
2024,KY,21045,Casey County,2024-10-21,15,114,,114,,16,83,,,1,ky-sbe,2026-09-06T15:28:18+00:00
2024,KY,21045,Casey County,2024-10-23,13,122,,122,,16,91,,,1,ky-sbe,2026-09-06T15:28:18+00:00
2024,KY,21045,Casey County,2024-10-25,11,201,,135,66,25,158,,,1,ky-sbe,2026-09-06T15:28:18+00:00
2024,KY,21045,Casey County,2024-10-26,10,239,,135,104,30,188,,,1,ky-sbe,2026-09-06T15:28:18+00:00
2024,KY,21045,Casey County,2024-10-29,7,288,,164,124,40,225,,,1,ky-sbe,2026-09-06T15:28:18+00:00
2024,KY,21045,Casey County,2024-10-30,6,321,,164,157,41,257,,,1,ky-sbe,2026-09-06T15:28:18+00:00
2024,KY,21045,Casey County,2024-10-31,5,363,,187,176,49,290,,,1,ky-sbe,2026-09-06T15:28:18+00:00
2024,KY,21045,Casey County,2024-11-01,4,1522,,190,1332,177,1279,,,1,ky-sbe,2026-09-06T15:28:18+00:00
2024,KY,21045,Casey County,2024-11-02,3,2269,,192,2077,241,1939,,,1,ky-sbe,2026-09-06T15:28:18+00:00
2024,KY,21045,Casey County,2024-11-03,2,2992,,205,2787,309,2574,,,1,ky-sbe,2026-09-06T15:28:18+00:00
2024,KY,21045,Casey County,2024-11-05,0,3008,,221,2787,314,2581,,,1,ky-sbe,2026-09-06T15:28:18+00:00
2024,KY,21047,Christian County,2024-09-23,43,0,,0,,,,,,1,ky-sbe,2026-09-06T15:28:18+00:00
2024,KY,21047,Christian County,2024-09-26,40,0,,0,,,,,,1,ky-sbe,2026-09-06T15:28:18+00:00
2024,KY,21047,Christian County,2024-09-30,36,0,,0,,,,,,1,ky-sbe,2026-09-06T15:28:18+00:00
2024,KY,21047,Christian County,2024-10-08,28,99,,99,,50,35,,,1,ky-sbe,2026-09-06T15:28:18+00:00
2024,KY,21047,Christian County,2024-10-14,22,167,,167,,90,52,,,1,ky-sbe,2026-09-06T15:28:18+00:00
2024,KY,21047,Christian County,2024-10-21,15,315,,315,,175,92,,,1,ky-sbe,2026-09-06T15:28:18+00:00
2024,KY,21047,Christian County,2024-10-23,13,427,,427,,220,136,,,1,ky-sbe,2026-09-06T15:28:18+00:00
2024,KY,21047,Christian County,2024-10-25,11,616,,527,89,308,225,,,1,ky-sbe,2026-09-06T15:28:18+00:00
2024,KY,21047,Christian County,2024-10-26,10,691,,582,109,344,256,,,1,ky-sbe,2026-09-06T15:28:18+00:00
2024,KY,21047,Christian County,2024-10-29,7,830,,682,148,402,323,,,1,ky-sbe,2026-09-06T15:28:18+00:00
2024,KY,21047,Christian County,2024-10-30,6,896,,720,176,436,350,,,1,ky-sbe,2026-09-06T15:28:18+00:00
2024,KY,21047,Christian County,2024-10-31,5,950,,753,197,464,369,,,1,ky-sbe,2026-09-06T15:28:18+00:00
2024,KY,21047,Christian County,2024-11-01,4,3931,,801,3130,1901,1734,,,1,ky-sbe,2026-09-06T15:28:18+00:00
2024,KY,21047,Christian County,2024-11-02,3,6821,,846,5975,3275,3077,,,1,ky-sbe,2026-09-06T15:28:18+00:00
2024,KY,21047,Christian County,2024-11-03,2,9287,,890,8397,4407,4268,,,1,ky-sbe,2026-09-06T15:28:18+00:00
2024,KY,21047,Christian County,2024-11-05,0,9337,,940,8397,4428,4285,,,1,ky-sbe,2026-09-06T15:28:18+00:00
2024,KY,21049,Clark County,2024-09-23,43,0,,0,,,,,,1,ky-sbe,2026-09-06T15:28:18+00:00
2024,KY,21049,Clark County,2024-09-26,40,0,,0,,,,,,1,ky-sbe,2026-09-06T15:28:18+00:00
2024,KY,21049,Clark County,2024-09-30,36,0,,0,,,,,,1,ky-sbe,2026-09-06T15:28:18+00:00
2024,KY,21049,Clark County,2024-10-08,28,159,,159,,97,42,,,1,ky-sbe,2026-09-06T15:28:18+00:00
2024,KY,21049,Clark County,2024-10-14,22,296,,296,,182,84,,,1,ky-sbe,2026-09-06T15:28:18+00:00
2024,KY,21049,Clark County,2024-10-21,15,441,,441,,255,147,,,1,ky-sbe,2026-09-06T15:28:18+00:00
2024,KY,21049,Clark County,2024-10-23,13,540,,540,,313,183,,,1,ky-sbe,2026-09-06T15:28:18+00:00
2024,KY,21049,Clark County,2024-10-25,11,676,,617,59,377,246,,,1,ky-sbe,2026-09-06T15:28:18+00:00
2024,KY,21049,Clark County,2024-10-26,10,716,,632,84,394,266,,,1,ky-sbe,2026-09-06T15:28:18+00:00
2024,KY,21049,Clark County,2024-10-29,7,798,,688,110,431,306,,,1,ky-sbe,2026-09-06T15:28:18+00:00
2024,KY,21049,Clark County,2024-10-30,6,839,,721,118,445,332,,,1,ky-sbe,2026-09-06T15:28:18+00:00
2024,KY,21049,Clark County,2024-10-31,5,901,,770,131,481,353,,,1,ky-sbe,2026-09-06T15:28:18+00:00
2024,KY,21049,Clark County,2024-11-01,4,2828,,804,2024,1289,1360,,,1,ky-sbe,2026-09-06T15:28:18+00:00
2024,KY,21049,Clark County,2024-11-02,3,4680,,833,3847,2024,2352,,,1,ky-sbe,2026-09-06T15:28:18+00:00
2024,KY,21049,Clark County,2024-11-03,2,6560,,856,5704,2786,3314,,,1,ky-sbe,2026-09-06T15:28:18+00:00
2024,KY,21049,Clark County,2024-11-05,0,6628,,924,5704,2825,3329,,,1,ky-sbe,2026-09-06T15:28:18+00:00
2024,KY,21051,Clay County,2024-09-23,43,0,,0,,,,,,1,ky-sbe,2026-09-06T15:28:18+00:00
2024,KY,21051,Clay County,2024-09-26,40,0,,0,,,,,,1,ky-sbe,2026-09-06T15:28:18+00:00
2024,KY,21051,Clay County,2024-09-30,36,0,,0,,,,,,1,ky-sbe,2026-09-06T15:28:18+00:00
2024,KY,21051,Clay County,2024-10-08,28,66,,66,,18,46,,,1,ky-sbe,2026-09-06T15:28:18+00:00
2024,KY,21051,Clay County,2024-10-14,22,96,,96,,27,67,,,1,ky-sbe,2026-09-06T15:28:18+00:00
2024,KY,21051,Clay County,2024-10-21,15,158,,158,,34,116,,,1,ky-sbe,2026-09-06T15:28:18+00:00
2024,KY,21051,Clay County,2024-10-23,13,199,,199,,39,149,,,1,ky-sbe,2026-09-06T15:28:18+00:00
2024,KY,21051,Clay County,2024-10-25,11,290,,231,59,49,227,,,1,ky-sbe,2026-09-06T15:28:18+00:00
2024,KY,21051,Clay County,2024-10-26,10,333,,248,85,55,262,,,1,ky-sbe,2026-09-06T15:28:18+00:00
2024,KY,21051,Clay County,2024-10-29,7,396,,282,114,68,310,,,1,ky-sbe,2026-09-06T15:28:18+00:00
2024,KY,21051,Clay County,2024-10-30,6,435,,291,144,72,345,,,1,ky-sbe,2026-09-06T15:28:18+00:00
2024,KY,21051,Clay County,2024-10-31,5,474,,303,171,81,375,,,1,ky-sbe,2026-09-06T15:28:18+00:00
2024,KY,21051,Clay County,2024-11-01,4,796,,327,469,113,656,,,1,ky-sbe,2026-09-06T15:28:18+00:00
2024,KY,21051,Clay County,2024-11-02,3,1135,,336,799,146,951,,,1,ky-sbe,2026-09-06T15:28:18+00:00
2024,KY,21051,Clay County,2024-11-03,2,1445,,344,1101,175,1225,,,1,ky-sbe,2026-09-06T15:28:18+00:00
2024,KY,21051,Clay County,2024-11-05,0,1473,,372,1101,181,1244,,,1,ky-sbe,2026-09-06T15:28:18+00:00
2024,KY,21053,Clinton County,2024-09-23,43,0,,0,,,,,,1,ky-sbe,2026-09-06T15:28:18+00:00
2024,KY,21053,Clinton County,2024-09-26,40,0,,0,,,,,,1,ky-sbe,2026-09-06T15:28:18+00:00
2024,KY,21053,Clinton County,2024-09-30,36,0,,0,,,,,,1,ky-sbe,2026-09-06T15:28:18+00:00
2024,KY,21053,Clinton County,2024-10-08,28,104,,104,,13,87,,,1,ky-sbe,2026-09-06T15:28:18+00:00
2024,KY,21053,Clinton County,2024-10-14,22,142,,142,,17,120,,,1,ky-sbe,2026-09-06T15:28:18+00:00
2024,KY,21053,Clinton County,2024-10-21,15,206,,206,,26,175,,,1,ky-sbe,2026-09-06T15:28:18+00:00
2024,KY,21053,Clinton County,2024-10-23,13,291,,291,,35,249,,,1,ky-sbe,2026-09-06T15:28:18+00:00
2024,KY,21053,Clinton County,2024-10-25,11,361,,312,49,44,307,,,1,ky-sbe,2026-09-06T15:28:18+00:00
2024,KY,21053,Clinton County,2024-10-26,10,395,,327,68,48,336,,,1,ky-sbe,2026-09-06T15:28:18+00:00
2024,KY,21053,Clinton County,2024-10-29,7,446,,344,102,53,380,,,1,ky-sbe,2026-09-06T15:28:18+00:00
2024,KY,21053,Clinton County,2024-10-30,6,512,,386,126,61,437,,,1,ky-sbe,2026-09-06T15:28:18+00:00
2024,KY,21053,Clinton County,2024-10-31,5,532,,389,143,63,454,,,1,ky-sbe,2026-09-06T15:28:18+00:00
2024,KY,21053,Clinton County,2024-11-01,4,1576,,400,1176,145,1395,,,1,ky-sbe,2026-09-06T15:28:18+00:00
2024,KY,21053,Clinton County,2024-11-02,3,2402,,403,1999,209,2151,,,1,ky-sbe,2026-09-06T15:28:18+00:00
2024,KY,21053,Clinton County,2024-11-03,2,3048,,408,2640,268,2726,,,1,ky-sbe,2026-09-06T15:28:18+00:00
2024,KY,21053,Clinton County,2024-11-05,0,3078,,438,2640,277,2746,,,1,ky-sbe,2026-09-06T15:28:18+00:00
2024,KY,21055,Crittenden County,2024-09-23,43,0,,0,,,,,,1,ky-sbe,2026-09-06T15:28:18+00:00
2024,KY,21055,Crittenden County,2024-09-26,40,0,,0,,,,,,1,ky-sbe,2026-09-06T15:28:18+00:00
2024,KY,21055,Crittenden County,2024-09-30,36,0,,0,,,,,,1,ky-sbe,2026-09-06T15:28:18+00:00
2024,KY,21055,Crittenden County,2024-10-08,28,20,,20,,7,11,,,1,ky-sbe,2026-09-06T15:28:18+00:00
2024,KY,21055,Crittenden County,2024-10-14,22,31,,31,,11,16,,,1,ky-sbe,2026-09-06T15:28:18+00:00
2024,KY,21055,Crittenden County,2024-10-21,15,50,,50,,21,24,,,1,ky-sbe,2026-09-06T15:28:18+00:00
2024,KY,21055,Crittenden County,2024-10-23,13,60,,60,,25,30,,,1,ky-sbe,2026-09-06T15:28:18+00:00
2024,KY,21055,Crittenden County,2024-10-25,11,85,,70,15,31,48,,,1,ky-sbe,2026-09-06T15:28:18+00:00
2024,KY,21055,Crittenden County,2024-10-26,10,97,,74,23,34,55,,,1,ky-sbe,2026-09-06T15:28:18+00:00
2024,KY,21055,Crittenden County,2024-10-29,7,120,,82,38,38,71,,,1,ky-sbe,2026-09-06T15:28:18+00:00
2024,KY,21055,Crittenden County,2024-10-30,6,133,,86,47,41,79,,,1,ky-sbe,2026-09-06T15:28:18+00:00
2024,KY,21055,Crittenden County,2024-10-31,5,142,,88,54,44,84,,,1,ky-sbe,2026-09-06T15:28:18+00:00
2024,KY,21055,Crittenden County,2024-11-01,4,729,,92,637,190,497,,,1,ky-sbe,2026-09-06T15:28:18+00:00
2024,KY,21055,Crittenden County,2024-11-02,3,1306,,92,1214,329,906,,,1,ky-sbe,2026-09-06T15:28:18+00:00
2024,KY,21055,Crittenden County,2024-11-03,2,1675,,100,1575,416,1163,,,1,ky-sbe,2026-09-06T15:28:18+00:00
2024,KY,21055,Crittenden County,2024-11-05,0,1678,,103,1575,418,1164,,,1,ky-sbe,2026-09-06T15:28:18+00:00
2024,KY,21057,Cumberland County,2024-09-23,43,0,,0,,,,,,1,ky-sbe,2026-09-06T15:28:18+00:00
2024,KY,21057,Cumberland County,2024-09-26,40,0,,0,,,,,,1,ky-sbe,2026-09-06T15:28:18+00:00
2024,KY,21057,Cumberland County,2024-09-30,36,0,,0,,,,,,1,ky-sbe,2026-09-06T15:28:18+00:00
2024,KY,21057,Cumberland County,2024-10-08,28,25,,25,,9,15,,,1,ky-sbe,2026-09-06T15:28:18+00:00
2024,KY,21057,Cumberland County,2024-10-14,22,48,,48,,12,33,,,1,ky-sbe,2026-09-06T15:28:18+00:00
2024,KY,21057,Cumberland County,2024-10-21,15,85,,85,,16,64,,,1,ky-sbe,2026-09-06T15:28:18+00:00
2024,KY,21057,Cumberland County,2024-10-23,13,97,,97,,20,72,,,1,ky-sbe,2026-09-06T15:28:18+00:00
2024,KY,21057,Cumberland County,2024-10-25,11,135,,117,18,28,98,,,1,ky-sbe,2026-09-06T15:28:18+00:00
2024,KY,21057,Cumberland County,2024-10-26,10,149,,124,25,28,112,,,1,ky-sbe,2026-09-06T15:28:18+00:00
2024,KY,21057,Cumberland County,2024-10-29,7,171,,139,32,29,130,,,1,ky-sbe,2026-09-06T15:28:18+00:00
2024,KY,21057,Cumberland County,2024-10-30,6,192,,157,35,31,149,,,1,ky-sbe,2026-09-06T15:28:18+00:00
2024,KY,21057,Cumberland County,2024-10-31,5,199,,161,38,32,155,,,1,ky-sbe,2026-09-06T15:28:18+00:00
2024,KY,21057,Cumberland County,2024-11-01,4,661,,167,494,79,562,,,1,ky-sbe,2026-09-06T15:28:18+00:00
2024,KY,21057,Cumberland County,2024-11-02,3,1129,,172,957,120,969,,,1,ky-sbe,2026-09-06T15:28:18+00:00
2024,KY,21057,Cumberland County,2024-11-03,2,1453,,174,1279,144,1253,,,1,ky-sbe,2026-09-06T15:28:18+00:00
2024,KY,21057,Cumberland County,2024-11-05,0,1464,,185,1279,147,1260,,,1,ky-sbe,2026-09-06T15:28:18+00:00
2024,KY,21059,Daviess County,2024-09-23,43,0,,0,,,,,,1,ky-sbe,2026-09-06T15:28:18+00:00
2024,KY,21059,Daviess County,2024-09-26,40,0,,0,,,,,,1,ky-sbe,2026-09-06T15:28:18+00:00
2024,KY,21059,Daviess County,2024-09-30,36,0,,0,,,,,,1,ky-sbe,2026-09-06T15:28:18+00:00
2024,KY,21059,Daviess County,2024-10-08,28,436,,436,,247,152,,,1,ky-sbe,2026-09-06T15:28:18+00:00
2024,KY,21059,Daviess County,2024-10-14,22,745,,745,,436,252,,,1,ky-sbe,2026-09-06T15:28:18+00:00
2024,KY,21059,Daviess County,2024-10-21,15,1244,,1244,,737,406,,,1,ky-sbe,2026-09-06T15:28:18+00:00
2024,KY,21059,Daviess County,2024-10-23,13,1564,,1564,,914,515,,,1,ky-sbe,2026-09-06T15:28:18+00:00
2024,KY,21059,Daviess County,2024-10-25,11,2032,,1810,222,1122,732,,,1,ky-sbe,2026-09-06T15:28:18+00:00
2024,KY,21059,Daviess County,2024-10-26,10,2209,,1914,295,1200,814,,,1,ky-sbe,2026-09-06T15:28:18+00:00
2024,KY,21059,Daviess County,2024-10-29,7,2428,,2077,351,1299,917,,,1,ky-sbe,2026-09-06T15:28:18+00:00
2024,KY,21059,Daviess County,2024-10-30,6,2662,,2251,411,1398,1035,,,1,ky-sbe,2026-09-06T15:28:18+00:00
2024,KY,21059,Daviess County,2024-10-31,5,2766,,2321,445,1443,1087,,,1,ky-sbe,2026-09-06T15:28:18+00:00
2024,KY,21059,Daviess County,2024-11-01,4,6411,,2412,3999,3031,2947,,,1,ky-sbe,2026-09-06T15:28:18+00:00
2024,KY,21059,Daviess County,2024-11-02,3,10566,,2499,8067,4872,5036,,,1,ky-sbe,2026-09-06T15:28:18+00:00
2024,KY,21059,Daviess County,2024-11-03,2,14508,,2499,12009,6511,7084,,,1,ky-sbe,2026-09-06T15:28:18+00:00
2024,KY,21059,Daviess County,2024-11-05,0,14732,,2723,12009,6628,7169,,,1,ky-sbe,2026-09-06T15:28:18+00:00
2024,KY,21061,Edmonson County,2024-09-23,43,0,,0,,,,,,1,ky-sbe,2026-09-06T15:28:18+00:00
2024,KY,21061,Edmonson County,2024-09-26,40,0,,0,,,,,,1,ky-sbe,2026-09-06T15:28:18+00:00
2024,KY,21061,Edmonson County,2024-09-30,36,0,,0,,,,,,1,ky-sbe,2026-09-06T15:28:18+00:00
2024,KY,21061,Edmonson County,2024-10-08,28,34,,34,,7,20,,,1,ky-sbe,2026-09-06T15:28:18+00:00
2024,KY,21061,Edmonson County,2024-10-14,22,43,,43,,10,26,,,1,ky-sbe,2026-09-06T15:28:18+00:00
2024,KY,21061,Edmonson County,2024-10-21,15,94,,94,,26,58,,,1,ky-sbe,2026-09-06T15:28:18+00:00
2024,KY,21061,Edmonson County,2024-10-23,13,126,,126,,41,75,,,1,ky-sbe,2026-09-06T15:28:18+00:00
2024,KY,21061,Edmonson County,2024-10-25,11,190,,151,39,53,124,,,1,ky-sbe,2026-09-06T15:28:18+00:00
2024,KY,21061,Edmonson County,2024-10-26,10,228,,165,63,61,152,,,1,ky-sbe,2026-09-06T15:28:18+00:00
2024,KY,21061,Edmonson County,2024-10-29,7,266,,170,96,70,181,,,1,ky-sbe,2026-09-06T15:28:18+00:00
2024,KY,21061,Edmonson County,2024-10-30,6,293,,173,120,75,201,,,1,ky-sbe,2026-09-06T15:28:18+00:00
2024,KY,21061,Edmonson County,2024-10-31,5,325,,181,144,85,223,,,1,ky-sbe,2026-09-06T15:28:18+00:00
2024,KY,21061,Edmonson County,2024-11-01,4,851,,181,670,178,638,,,1,ky-sbe,2026-09-06T15:28:18+00:00
2024,KY,21061,Edmonson County,2024-11-02,3,1544,,207,1337,303,1176,,,1,ky-sbe,2026-09-06T15:28:18+00:00
2024,KY,21061,Edmonson County,2024-11-03,2,2088,,212,1876,386,1610,,,1,ky-sbe,2026-09-06T15:28:18+00:00
2024,KY,21061,Edmonson County,2024-11-05,0,2092,,216,1876,386,1613,,,1,ky-sbe,2026-09-06T15:28:18+00:00
2024,KY,21063,Elliott County,2024-09-23,43,0,,0,,,,,,1,ky-sbe,2026-09-06T15:28:18+00:00
2024,KY,21063,Elliott County,2024-09-26,40,0,,0,,,,,,1,ky-sbe,2026-09-06T15:28:18+00:00
2024,KY,21063,Elliott County,2024-09-30,36,0,,0,,,,,,1,ky-sbe,2026-09-06T15:28:18+00:00
2024,KY,21063,Elliott County,2024-10-08,28,24,,24,,19,5,,,1,ky-sbe,2026-09-06T15:28:18+00:00
2024,KY,21063,Elliott County,2024-10-14,22,41,,41,,32,8,,,1,ky-sbe,2026-09-06T15:28:18+00:00
2024,KY,21063,Elliott County,2024-10-21,15,74,,74,,57,16,,,1,ky-sbe,2026-09-06T15:28:18+00:00
2024,KY,21063,Elliott County,2024-10-23,13,107,,107,,82,21,,,1,ky-sbe,2026-09-06T15:28:18+00:00
2024,KY,21063,Elliott County,2024-10-25,11,159,,125,34,117,38,,,1,ky-sbe,2026-09-06T15:28:18+00:00
2024,KY,21063,Elliott County,2024-10-26,10,185,,128,57,135,45,,,1,ky-sbe,2026-09-06T15:28:18+00:00
2024,KY,21063,Elliott County,2024-10-29,7,222,,137,85,158,57,,,1,ky-sbe,2026-09-06T15:28:18+00:00
2024,KY,21063,Elliott County,2024-10-30,6,236,,137,99,170,59,,,1,ky-sbe,2026-09-06T15:28:18+00:00
2024,KY,21063,Elliott County,2024-10-31,5,254,,141,113,182,65,,,1,ky-sbe,2026-09-06T15:28:18+00:00
2024,KY,21063,Elliott County,2024-11-01,4,481,,185,296,323,143,,,1,ky-sbe,2026-09-06T15:28:18+00:00
2024,KY,21063,Elliott County,2024-11-02,3,653,,186,467,429,198,,,1,ky-sbe,2026-09-06T15:28:18+00:00
2024,KY,21063,Elliott County,2024-11-03,2,826,,186,640,547,246,,,1,ky-sbe,2026-09-06T15:28:18+00:00
2024,KY,21063,Elliott County,2024-11-05,0,838,,198,640,557,248,,,1,ky-sbe,2026-09-06T15:28:18+00:00
2024,KY,21065,Estill County,2024-09-23,43,0,,0,,,,,,1,ky-sbe,2026-09-06T15:28:18+00:00
2024,KY,21065,Estill County,2024-09-26,40,0,,0,,,,,,1,ky-sbe,2026-09-06T15:28:18+00:00
2024,KY,21065,Estill County,2024-09-30,36,0,,0,,,,,,1,ky-sbe,2026-09-06T15:28:18+00:00
2024,KY,21065,Estill County,2024-10-08,28,46,,46,,14,28,,,1,ky-sbe,2026-09-06T15:28:18+00:00
2024,KY,21065,Estill County,2024-10-14,22,66,,66,,24,37,,,1,ky-sbe,2026-09-06T15:28:18+00:00
2024,KY,21065,Estill County,2024-10-21,15,92,,92,,36,50,,,1,ky-sbe,2026-09-06T15:28:18+00:00
2024,KY,21065,Estill County,2024-10-23,13,114,,114,,43,62,,,1,ky-sbe,2026-09-06T15:28:18+00:00
2024,KY,21065,Estill County,2024-10-25,11,153,,135,18,56,87,,,1,ky-sbe,2026-09-06T15:28:18+00:00
2024,KY,21065,Estill County,2024-10-26,10,170,,140,30,63,97,,,1,ky-sbe,2026-09-06T15:28:18+00:00
2024,KY,21065,Estill County,2024-10-29,7,198,,154,44,72,115,,,1,ky-sbe,2026-09-06T15:28:18+00:00
2024,KY,21065,Estill County,2024-10-30,6,211,,163,48,77,123,,,1,ky-sbe,2026-09-06T15:28:18+00:00
2024,KY,21065,Estill County,2024-10-31,5,357,,301,56,131,212,,,1,ky-sbe,2026-09-06T15:28:18+00:00
2024,KY,21065,Estill County,2024-11-01,4,866,,311,555,259,559,,,1,ky-sbe,2026-09-06T15:28:18+00:00
2024,KY,21065,Estill County,2024-11-02,3,1500,,329,1171,432,987,,,1,ky-sbe,2026-09-06T15:28:18+00:00
2024,KY,21065,Estill County,2024-11-03,2,2128,,329,1799,591,1426,,,1,ky-sbe,2026-09-06T15:28:18+00:00
2024,KY,21065,Estill County,2024-11-05,0,2128,,329,1799,591,1426,,,1,ky-sbe,2026-09-06T15:28:18+00:00
2024,KY,21067,Fayette County,2024-09-23,43,0,,0,,,,,,1,ky-sbe,2026-09-06T15:28:18+00:00
2024,KY,21067,Fayette County,2024-09-26,40,0,,0,,,,,,1,ky-sbe,2026-09-06T15:28:18+00:00
2024,KY,21067,Fayette County,2024-09-30,36,0,,0,,,,,,1,ky-sbe,2026-09-06T15:28:18+00:00
2024,KY,21067,Fayette County,2024-10-08,28,1444,,1444,,921,367,,,1,ky-sbe,2026-09-06T15:28:18+00:00
2024,KY,21067,Fayette County,2024-10-14,22,2364,,2364,,1447,652,,,1,ky-sbe,2026-09-06T15:28:18+00:00
2024,KY,21067,Fayette County,2024-10-21,15,4698,,4698,,2859,1294,,,1,ky-sbe,2026-09-06T15:28:18+00:00
2024,KY,21067,Fayette County,2024-10-23,13,6374,,6374,,3844,1780,,,1,ky-sbe,2026-09-06T15:28:18+00:00
2024,KY,21067,Fayette County,2024-10-25,11,7800,,7433,367,4639,2230,,,1,ky-sbe,2026-09-06T15:28:18+00:00
2024,KY,21067,Fayette County,2024-10-26,10,8115,,7609,506,4811,2336,,,1,ky-sbe,2026-09-06T15:28:18+00:00
2024,KY,21067,Fayette County,2024-10-29,7,9442,,8829,613,5607,2696,,,1,ky-sbe,2026-09-06T15:28:18+00:00
2024,KY,21067,Fayette County,2024-10-30,6,9698,,9002,696,5747,2766,,,1,ky-sbe,2026-09-06T15:28:18+00:00
2024,KY,21067,Fayette County,2024-10-31,5,10505,,9744,761,6208,3001,,,1,ky-sbe,2026-09-06T15:28:18+00:00
2024,KY,21067,Fayette County,2024-11-01,4,19437,,10430,9007,11346,5911,,,1,ky-sbe,2026-09-06T15:28:18+00:00
2024,KY,21067,Fayette County,2024-11-02,3,30528,,10719,19809,17571,9705,,,1,ky-sbe,2026-09-06T15:28:18+00:00
2024,KY,21067,Fayette County,2024-11-03,2,42064,,10931,31133,24240,13329,,,1,ky-sbe,2026-09-06T15:28:18+00:00
2024,KY,21067,Fayette County,2024-11-05,0,42904,,11771,31133,24723,13553,,,1,ky-sbe,2026-09-06T15:28:18+00:00
2024,KY,21069,Fleming County,2024-09-23,43,0,,0,,,,,,1,ky-sbe,2026-09-06T15:28:18+00:00
2024,KY,21069,Fleming County,2024-09-26,40,0,,0,,,,,,1,ky-sbe,2026-09-06T15:28:18+00:00
2024,KY,21069,Fleming County,2024-09-30,36,0,,0,,,,,,1,ky-sbe,2026-09-06T15:28:18+00:00
2024,KY,21069,Fleming County,2024-10-08,28,58,,58,,35,21,,,1,ky-sbe,2026-09-06T15:28:18+00:00
2024,KY,21069,Fleming County,2024-10-14,22,95,,95,,56,37,,,1,ky-sbe,2026-09-06T15:28:18+00:00
2024,KY,21069,Fleming County,2024-10-21,15,188,,188,,104,77,,,1,ky-sbe,2026-09-06T15:28:18+00:00
2024,KY,21069,Fleming County,2024-10-23,13,247,,247,,137,100,,,1,ky-sbe,2026-09-06T15:28:18+00:00
2024,KY,21069,Fleming County,2024-10-25,11,322,,271,51,161,143,,,1,ky-sbe,2026-09-06T15:28:18+00:00
2024,KY,21069,Fleming County,2024-10-26,10,349,,279,70,167,163,,,1,ky-sbe,2026-09-06T15:28:18+00:00
2024,KY,21069,Fleming County,2024-10-29,7,392,,299,93,179,190,,,1,ky-sbe,2026-09-06T15:28:18+00:00
2024,KY,21069,Fleming County,2024-10-30,6,434,,319,115,203,207,,,1,ky-sbe,2026-09-06T15:28:18+00:00
2024,KY,21069,Fleming County,2024-10-31,5,470,,336,134,213,230,,,1,ky-sbe,2026-09-06T15:28:18+00:00
2024,KY,21069,Fleming County,2024-11-01,4,1096,,341,755,456,587,,,1,ky-sbe,2026-09-06T15:28:18+00:00
2024,KY,21069,Fleming County,2024-11-02,3,1542,,341,1201,611,854,,,1,ky-sbe,2026-09-06T15:28:18+00:00
2024,KY,21069,Fleming County,2024-11-03,2,2052,,356,1696,795,1146,,,1,ky-sbe,2026-09-06T15:28:18+00:00
2024,KY,21069,Fleming County,2024-11-05,0,2072,,376,1696,803,1157,,,1,ky-sbe,2026-09-06T15:28:18+00:00
2024,KY,21071,Floyd County,2024-09-23,43,0,,0,,,,,,1,ky-sbe,2026-09-06T15:28:18+00:00
2024,KY,21071,Floyd County,2024-09-26,40,0,,0,,,,,,1,ky-sbe,2026-09-06T15:28:18+00:00
2024,KY,21071,Floyd County,2024-09-30,36,0,,0,,,,,,1,ky-sbe,2026-09-06T15:28:18+00:00
2024,KY,21071,Floyd County,2024-10-08,28,135,,135,,102,26,,,1,ky-sbe,2026-09-06T15:28:18+00:00
2024,KY,21071,Floyd County,2024-10-14,22,215,,215,,169,35,,,1,ky-sbe,2026-09-06T15:28:18+00:00
2024,KY,21071,Floyd County,2024-10-21,15,370,,370,,283,69,,,1,ky-sbe,2026-09-06T15:28:18+00:00
2024,KY,21071,Floyd County,2024-10-23,13,468,,468,,354,90,,,1,ky-sbe,2026-09-06T15:28:18+00:00
2024,KY,21071,Floyd County,2024-10-25,11,582,,519,63,416,139,,,1,ky-sbe,2026-09-06T15:28:18+00:00
2024,KY,21071,Floyd County,2024-10-26,10,656,,562,94,465,159,,,1,ky-sbe,2026-09-06T15:28:18+00:00
2024,KY,21071,Floyd County,2024-10-29,7,765,,631,134,527,198,,,1,ky-sbe,2026-09-06T15:28:18+00:00
2024,KY,21071,Floyd County,2024-10-30,6,839,,668,171,571,224,,,1,ky-sbe,2026-09-06T15:28:18+00:00
2024,KY,21071,Floyd County,2024-10-31,5,918,,707,211,629,243,,,1,ky-sbe,2026-09-06T15:28:18+00:00
2024,KY,21071,Floyd County,2024-11-01,4,2034,,727,1307,1271,672,,,1,ky-sbe,2026-09-06T15:28:18+00:00
2024,KY,21071,Floyd County,2024-11-02,3,3421,,765,2656,2105,1168,,,1,ky-sbe,2026-09-06T15:28:18+00:00
2024,KY,21071,Floyd County,2024-11-03,2,4699,,780,3919,2867,1630,,,1,ky-sbe,2026-09-06T15:28:18+00:00
2024,KY,21071,Floyd County,2024-11-05,0,4725,,806,3919,2883,1638,,,1,ky-sbe,2026-09-06T15:28:18+00:00
2024,KY,21073,Franklin County,2024-09-23,43,0,,0,,,,,,1,ky-sbe,2026-09-06T15:28:18+00:00
2024,KY,21073,Franklin County,2024-09-26,40,0,,0,,,,,,1,ky-sbe,2026-09-06T15:28:18+00:00
2024,KY,21073,Franklin County,2024-09-30,36,0,,0,,,,,,1,ky-sbe,2026-09-06T15:28:18+00:00
2024,KY,21073,Franklin County,2024-10-08,28,126,,126,,94,24,,,1,ky-sbe,2026-09-06T15:28:18+00:00
2024,KY,21073,Franklin County,2024-10-14,22,271,,271,,204,49,,,1,ky-sbe,2026-09-06T15:28:18+00:00
2024,KY,21073,Franklin County,2024-10-21,15,577,,577,,433,111,,,1,ky-sbe,2026-09-06T15:28:18+00:00
2024,KY,21073,Franklin County,2024-10-23,13,735,,735,,537,153,,,1,ky-sbe,2026-09-06T15:28:18+00:00
2024,KY,21073,Franklin County,2024-10-25,11,954,,875,79,688,205,,,1,ky-sbe,2026-09-06T15:28:18+00:00
2024,KY,21073,Franklin County,2024-10-26,10,1026,,916,110,731,223,,,1,ky-sbe,2026-09-06T15:28:18+00:00
2024,KY,21073,Franklin County,2024-10-29,7,1114,,988,126,795,239,,,1,ky-sbe,2026-09-06T15:28:18+00:00
2024,KY,21073,Franklin County,2024-10-30,6,1222,,1082,140,856,276,,,1,ky-sbe,2026-09-06T15:28:18+00:00
2024,KY,21073,Franklin County,2024-10-31,5,1280,,1128,152,897,289,,,1,ky-sbe,2026-09-06T15:28:18+00:00
2024,KY,21073,Franklin County,2024-11-01,4,4914,,1182,3732,3231,1399,,,1,ky-sbe,2026-09-06T15:28:18+00:00
2024,KY,21073,Franklin County,2024-11-02,3,9055,,1182,7873,5893,2662,,,1,ky-sbe,2026-09-06T15:28:18+00:00
2024,KY,21073,Franklin County,2024-11-03,2,11930,,1257,10673,7612,3655,,,1,ky-sbe,2026-09-06T15:28:18+00:00
2024,KY,21073,Franklin County,2024-11-05,0,12045,,1372,10673,7682,3685,,,1,ky-sbe,2026-09-06T15:28:18+00:00
2024,KY,21075,Fulton County,2024-09-23,43,0,,0,,,,,,1,ky-sbe,2026-09-06T15:28:18+00:00
2024,KY,21075,Fulton County,2024-09-26,40,0,,0,,,,,,1,ky-sbe,2026-09-06T15:28:18+00:00
2024,KY,21075,Fulton County,2024-09-30,36,0,,0,,,,,,1,ky-sbe,2026-09-06T15:28:18+00:00
2024,KY,21075,Fulton County,2024-10-08,28,14,,14,,11,3,,,1,ky-sbe,2026-09-06T15:28:18+00:00
2024,KY,21075,Fulton County,2024-10-14,22,19,,19,,14,4,,,1,ky-sbe,2026-09-06T15:28:18+00:00
2024,KY,21075,Fulton County,2024-10-21,15,47,,47,,35,11,,,1,ky-sbe,2026-09-06T15:28:18+00:00
2024,KY,21075,Fulton County,2024-10-23,13,52,,52,,39,11,,,1,ky-sbe,2026-09-06T15:28:18+00:00
2024,KY,21075,Fulton County,2024-10-25,11,64,,59,5,48,14,,,1,ky-sbe,2026-09-06T15:28:18+00:00
2024,KY,21075,Fulton County,2024-10-26,10,69,,63,6,50,17,,,1,ky-sbe,2026-09-06T15:28:18+00:00
2024,KY,21075,Fulton County,2024-10-29,7,74,,67,7,55,17,,,1,ky-sbe,2026-09-06T15:28:18+00:00
2024,KY,21075,Fulton County,2024-10-30,6,75,,67,8,55,17,,,1,ky-sbe,2026-09-06T15:28:18+00:00
2024,KY,21075,Fulton County,2024-10-31,5,83,,70,13,60,20,,,1,ky-sbe,2026-09-06T15:28:18+00:00
2024,KY,21075,Fulton County,2024-11-01,4,339,,70,269,168,156,,,1,ky-sbe,2026-09-06T15:28:18+00:00
2024,KY,21075,Fulton County,2024-11-02,3,582,,73,509,315,243,,,1,ky-sbe,2026-09-06T15:28:18+00:00
2024,KY,21075,Fulton County,2024-11-03,2,756,,73,683,394,325,,,1,ky-sbe,2026-09-06T15:28:18+00:00
2024,KY,21075,Fulton County,2024-11-05,0,760,,77,683,396,326,,,1,ky-sbe,2026-09-06T15:28:18+00:00
2024,KY,21077,Gallatin County,2024-09-23,43,0,,0,,,,,,1,ky-sbe,2026-09-06T15:28:18+00:00
2024,KY,21077,Gallatin County,2024-09-26,40,0,,0,,,,,,1,ky-sbe,2026-09-06T15:28:18+00:00
2024,KY,21077,Gallatin County,2024-09-30,36,0,,0,,,,,,1,ky-sbe,2026-09-06T15:28:18+00:00
2024,KY,21077,Gallatin County,2024-10-08,28,24,,24,,12,9,,,1,ky-sbe,2026-09-06T15:28:18+00:00
2024,KY,21077,Gallatin County,2024-10-14,22,28,,28,,14,11,,,1,ky-sbe,2026-09-06T15:28:18+00:00
2024,KY,21077,Gallatin County,2024-10-21,15,55,,55,,25,24,,,1,ky-sbe,2026-09-06T15:28:18+00:00
2024,KY,21077,Gallatin County,2024-10-23,13,67,,67,,31,29,,,1,ky-sbe,2026-09-06T15:28:18+00:00
2024,KY,21077,Gallatin County,2024-10-25,11,94,,76,18,40,47,,,1,ky-sbe,2026-09-06T15:28:18+00:00
2024,KY,21077,Gallatin County,2024-10-26,10,118,,81,37,46,65,,,1,ky-sbe,2026-09-06T15:28:18+00:00
2024,KY,21077,Gallatin County,2024-10-29,7,142,,89,53,57,74,,,1,ky-sbe,2026-09-06T15:28:18+00:00
2024,KY,21077,Gallatin County,2024-10-30,6,156,,98,58,63,82,,,1,ky-sbe,2026-09-06T15:28:18+00:00
2024,KY,21077,Gallatin County,2024-10-31,5,171,,104,67,67,92,,,1,ky-sbe,2026-09-06T15:28:18+00:00
2024,KY,21077,Gallatin County,2024-11-01,4,501,,110,391,198,274,,,1,ky-sbe,2026-09-06T15:28:18+00:00
2024,KY,21077,Gallatin County,2024-11-02,3,849,,143,706,336,453,,,1,ky-sbe,2026-09-06T15:28:18+00:00
2024,KY,21077,Gallatin County,2024-11-03,2,1100,,143,957,448,570,,,1,ky-sbe,2026-09-06T15:28:18+00:00
2024,KY,21077,Gallatin County,2024-11-05,0,1107,,150,957,451,572,,,1,ky-sbe,2026-09-06T15:28:18+00:00
2024,KY,21079,Garrard County,2024-09-23,43,0,,0,,,,,,1,ky-sbe,2026-09-06T15:28:18+00:00
2024,KY,21079,Garrard County,2024-09-26,40,0,,0,,,,,,1,ky-sbe,2026-09-06T15:28:18+00:00
2024,KY,21079,Garrard County,2024-09-30,36,0,,0,,,,,,1,ky-sbe,2026-09-06T15:28:18+00:00
2024,KY,21079,Garrard County,2024-10-08,28,87,,87,,24,56,,,1,ky-sbe,2026-09-06T15:28:18+00:00
2024,KY,21079,Garrard County,2024-10-14,22,135,,135,,38,87,,,1,ky-sbe,2026-09-06T15:28:18+00:00
2024,KY,21079,Garrard County,2024-10-21,15,200,,200,,60,125,,,1,ky-sbe,2026-09-06T15:28:18+00:00
2024,KY,21079,Garrard County,2024-10-23,13,235,,235,,76,140,,,1,ky-sbe,2026-09-06T15:28:18+00:00
2024,KY,21079,Garrard County,2024-10-25,11,297,,259,38,97,177,,,1,ky-sbe,2026-09-06T15:28:18+00:00
2024,KY,21079,Garrard County,2024-10-26,10,346,,278,68,108,210,,,1,ky-sbe,2026-09-06T15:28:18+00:00
2024,KY,21079,Garrard County,2024-10-29,7,393,,311,82,121,240,,,1,ky-sbe,2026-09-06T15:28:18+00:00
2024,KY,21079,Garrard County,2024-10-30,6,433,,339,94,131,266,,,1,ky-sbe,2026-09-06T15:28:18+00:00
2024,KY,21079,Garrard County,2024-10-31,5,483,,363,120,146,298,,,1,ky-sbe,2026-09-06T15:28:18+00:00
2024,KY,21079,Garrard County,2024-11-01,4,1532,,382,1150,360,1083,,,1,ky-sbe,2026-09-06T15:28:18+00:00
2024,KY,21079,Garrard County,2024-11-02,3,2518,,398,2120,574,1788,,,1,ky-sbe,2026-09-06T15:28:18+00:00
2024,KY,21079,Garrard County,2024-11-03,2,3320,,398,2922,737,2368,,,1,ky-sbe,2026-09-06T15:28:18+00:00
2024,KY,21079,Garrard County,2024-11-05,0,3349,,427,2922,750,2382,,,1,ky-sbe,2026-09-06T15:28:18+00:00
2024,KY,21081,Grant County,2024-09-23,43,0,,0,,,,,,1,ky-sbe,2026-09-06T15:28:18+00:00
2024,KY,21081,Grant County,2024-09-26,40,0,,0,,,,,,1,ky-sbe,2026-09-06T15:28:18+00:00
2024,KY,21081,Grant County,2024-09-30,36,0,,0,,,,,,1,ky-sbe,2026-09-06T15:28:18+00:00
2024,KY,21081,Grant County,2024-10-08,28,58,,58,,24,30,,,1,ky-sbe,2026-09-06T15:28:18+00:00
2024,KY,21081,Grant County,2024-10-14,22,95,,95,,40,48,,,1,ky-sbe,2026-09-06T15:28:18+00:00
2024,KY,21081,Grant County,2024-10-21,15,156,,156,,69,73,,,1,ky-sbe,2026-09-06T15:28:18+00:00
2024,KY,21081,Grant County,2024-10-23,13,199,,199,,91,92,,,1,ky-sbe,2026-09-06T15:28:18+00:00
2024,KY,21081,Grant County,2024-10-25,11,279,,245,34,111,144,,,1,ky-sbe,2026-09-06T15:28:18+00:00
2024,KY,21081,Grant County,2024-10-26,10,319,,264,55,127,167,,,1,ky-sbe,2026-09-06T15:28:18+00:00
2024,KY,21081,Grant County,2024-10-29,7,369,,292,77,144,197,,,1,ky-sbe,2026-09-06T15:28:18+00:00
2024,KY,21081,Grant County,2024-10-30,6,408,,319,89,157,219,,,1,ky-sbe,2026-09-06T15:28:18+00:00
2024,KY,21081,Grant County,2024-10-31,5,420,,324,96,160,227,,,1,ky-sbe,2026-09-06T15:28:18+00:00
2024,KY,21081,Grant County,2024-11-01,4,1813,,357,1456,564,1106,,,1,ky-sbe,2026-09-06T15:28:18+00:00
2024,KY,21081,Grant County,2024-11-02,3,3163,,383,2780,956,1957,,,1,ky-sbe,2026-09-06T15:28:18+00:00
2024,KY,21081,Grant County,2024-11-03,2,4309,,383,3926,1267,2701,,,1,ky-sbe,2026-09-06T15:28:18+00:00
2024,KY,21081,Grant County,2024-11-05,0,4357,,431,3926,1284,2726,,,1,ky-sbe,2026-09-06T15:28:18+00:00
2024,KY,21083,Graves County,2024-09-23,43,0,,0,,,,,,1,ky-sbe,2026-09-06T15:28:18+00:00
2024,KY,21083,Graves County,2024-09-26,40,0,,0,,,,,,1,ky-sbe,2026-09-06T15:28:18+00:00
2024,KY,21083,Graves County,2024-09-30,36,0,,0,,,,,,1,ky-sbe,2026-09-06T15:28:18+00:00
2024,KY,21083,Graves County,2024-10-08,28,92,,92,,46,41,,,1,ky-sbe,2026-09-06T15:28:18+00:00
2024,KY,21083,Graves County,2024-10-14,22,143,,143,,81,54,,,1,ky-sbe,2026-09-06T15:28:18+00:00
2024,KY,21083,Graves County,2024-10-21,15,257,,257,,143,102,,,1,ky-sbe,2026-09-06T15:28:18+00:00
2024,KY,21083,Graves County,2024-10-23,13,285,,285,,154,118,,,1,ky-sbe,2026-09-06T15:28:18+00:00
2024,KY,21083,Graves County,2024-10-25,11,412,,358,54,219,178,,,1,ky-sbe,2026-09-06T15:28:18+00:00
2024,KY,21083,Graves County,2024-10-26,10,455,,379,76,230,204,,,1,ky-sbe,2026-09-06T15:28:18+00:00
2024,KY,21083,Graves County,2024-10-29,7,529,,436,93,259,245,,,1,ky-sbe,2026-09-06T15:28:18+00:00
2024,KY,21083,Graves County,2024-10-30,6,569,,463,106,276,267,,,1,ky-sbe,2026-09-06T15:28:18+00:00
2024,KY,21083,Graves County,2024-10-31,5,630,,504,126,303,299,,,1,ky-sbe,2026-09-06T15:28:18+00:00
2024,KY,21083,Graves County,2024-11-01,4,2224,,526,1698,938,1179,,,1,ky-sbe,2026-09-06T15:28:18+00:00
2024,KY,21083,Graves County,2024-11-02,3,3941,,536,3405,1655,2093,,,1,ky-sbe,2026-09-06T15:28:18+00:00
2024,KY,21083,Graves County,2024-11-03,2,5069,,558,4511,2112,2706,,,1,ky-sbe,2026-09-06T15:28:18+00:00
2024,KY,21083,Graves County,2024-11-05,0,5092,,581,4511,2121,2718,,,1,ky-sbe,2026-09-06T15:28:18+00:00
2024,KY,21085,Grayson County,2024-09-23,43,0,,0,,,,,,1,ky-sbe,2026-09-06T15:28:18+00:00
2024,KY,21085,Grayson County,2024-09-26,40,0,,0,,,,,,1,ky-sbe,2026-09-06T15:28:18+00:00
2024,KY,21085,Grayson County,2024-09-30,36,0,,0,,,,,,1,ky-sbe,2026-09-06T15:28:18+00:00
2024,KY,21085,Grayson County,2024-10-08,28,50,,50,,18,30,,,1,ky-sbe,2026-09-06T15:28:18+00:00
2024,KY,21085,Grayson County,2024-10-14,22,111,,111,,41,65,,,1,ky-sbe,2026-09-06T15:28:18+00:00
2024,KY,21085,Grayson County,2024-10-21,15,201,,201,,75,117,,,1,ky-sbe,2026-09-06T15:28:18+00:00
2024,KY,21085,Grayson County,2024-10-23,13,257,,257,,97,150,,,1,ky-sbe,2026-09-06T15:28:18+00:00
2024,KY,21085,Grayson County,2024-10-25,11,348,,302,46,126,209,,,1,ky-sbe,2026-09-06T15:28:18+00:00
2024,KY,21085,Grayson County,2024-10-26,10,371,,317,54,134,223,,,1,ky-sbe,2026-09-06T15:28:18+00:00
2024,KY,21085,Grayson County,2024-10-29,7,429,,360,69,149,260,,,1,ky-sbe,2026-09-06T15:28:18+00:00
2024,KY,21085,Grayson County,2024-10-30,6,461,,381,80,159,281,,,1,ky-sbe,2026-09-06T15:28:18+00:00
2024,KY,21085,Grayson County,2024-10-31,5,477,,389,88,166,289,,,1,ky-sbe,2026-09-06T15:28:18+00:00
2024,KY,21085,Grayson County,2024-11-01,4,1490,,408,1082,402,1013,,,1,ky-sbe,2026-09-06T15:28:18+00:00
2024,KY,21085,Grayson County,2024-11-02,3,2564,,413,2151,637,1818,,,1,ky-sbe,2026-09-06T15:28:18+00:00
2024,KY,21085,Grayson County,2024-11-03,2,3730,,413,3317,874,2699,,,1,ky-sbe,2026-09-06T15:28:18+00:00
2024,KY,21085,Grayson County,2024-11-05,0,3746,,429,3317,883,2704,,,1,ky-sbe,2026-09-06T15:28:18+00:00
2024,KY,21087,Green County,2024-09-23,43,0,,0,,,,,,1,ky-sbe,2026-09-06T15:28:18+00:00
2024,KY,21087,Green County,2024-09-26,40,0,,0,,,,,,1,ky-sbe,2026-09-06T15:28:18+00:00
2024,KY,21087,Green County,2024-09-30,36,0,,0,,,,,,1,ky-sbe,2026-09-06T15:28:18+00:00
2024,KY,21087,Green County,2024-10-08,28,52,,52,,23,29,,,1,ky-sbe,2026-09-06T15:28:18+00:00
2024,KY,21087,Green County,2024-10-14,22,98,,98,,36,61,,,1,ky-sbe,2026-09-06T15:28:18+00:00
2024,KY,21087,Green County,2024-10-21,15,153,,153,,51,100,,,1,ky-sbe,2026-09-06T15:28:18+00:00
2024,KY,21087,Green County,2024-10-23,13,176,,176,,59,112,,,1,ky-sbe,2026-09-06T15:28:18+00:00
2024,KY,21087,Green County,2024-10-25,11,244,,198,46,73,161,,,1,ky-sbe,2026-09-06T15:28:18+00:00
2024,KY,21087,Green County,2024-10-26,10,281,,209,72,86,183,,,1,ky-sbe,2026-09-06T15:28:18+00:00
2024,KY,21087,Green County,2024-10-29,7,316,,225,91,97,203,,,1,ky-sbe,2026-09-06T15:28:18+00:00
2024,KY,21087,Green County,2024-10-30,6,342,,234,108,101,224,,,1,ky-sbe,2026-09-06T15:28:18+00:00
2024,KY,21087,Green County,2024-10-31,5,379,,240,139,105,254,,,1,ky-sbe,2026-09-06T15:28:18+00:00
2024,KY,21087,Green County,2024-11-01,4,972,,250,722,197,726,,,1,ky-sbe,2026-09-06T15:28:18+00:00
2024,KY,21087,Green County,2024-11-02,3,1618,,260,1358,308,1242,,,1,ky-sbe,2026-09-06T15:28:18+00:00
2024,KY,21087,Green County,2024-11-03,2,1981,,260,1721,360,1535,,,1,ky-sbe,2026-09-06T15:28:18+00:00
2024,KY,21087,Green County,2024-11-05,0,2001,,280,1721,365,1548,,,1,ky-sbe,2026-09-06T15:28:18+00:00
2024,KY,21089,Greenup County,2024-09-23,43,0,,0,,,,,,1,ky-sbe,2026-09-06T15:28:18+00:00
2024,KY,21089,Greenup County,2024-09-26,40,0,,0,,,,,,1,ky-sbe,2026-09-06T15:28:18+00:00
2024,KY,21089,Greenup County,2024-09-30,36,0,,0,,,,,,1,ky-sbe,2026-09-06T15:28:18+00:00
2024,KY,21089,Greenup County,2024-10-08,28,168,,168,,93,64,,,1,ky-sbe,2026-09-06T15:28:18+00:00
2024,KY,21089,Greenup County,2024-10-14,22,302,,302,,155,127,,,1,ky-sbe,2026-09-06T15:28:18+00:00
2024,KY,21089,Greenup County,2024-10-21,15,495,,495,,239,226,,,1,ky-sbe,2026-09-06T15:28:18+00:00
2024,KY,21089,Greenup County,2024-10-23,13,576,,576,,279,261,,,1,ky-sbe,2026-09-06T15:28:18+00:00
2024,KY,21089,Greenup County,2024-10-25,11,892,,659,233,386,450,,,1,ky-sbe,2026-09-06T15:28:18+00:00
2024,KY,21089,Greenup County,2024-10-26,10,1057,,699,358,432,558,,,1,ky-sbe,2026-09-06T15:28:18+00:00
2024,KY,21089,Greenup County,2024-10-29,7,1174,,723,451,460,641,,,1,ky-sbe,2026-09-06T15:28:18+00:00
2024,KY,21089,Greenup County,2024-10-30,6,1413,,857,556,541,784,,,1,ky-sbe,2026-09-06T15:28:18+00:00
2024,KY,21089,Greenup County,2024-10-31,5,1519,,898,621,582,841,,,1,ky-sbe,2026-09-06T15:28:18+00:00
2024,KY,21089,Greenup County,2024-11-01,4,2554,,937,1617,895,1496,,,1,ky-sbe,2026-09-06T15:28:18+00:00
2024,KY,21089,Greenup County,2024-11-02,3,3566,,965,2601,1204,2140,,,1,ky-sbe,2026-09-06T15:28:18+00:00
2024,KY,21089,Greenup County,2024-11-03,2,4373,,980,3393,1460,2644,,,1,ky-sbe,2026-09-06T15:28:18+00:00
2024,KY,21089,Greenup County,2024-11-05,0,4422,,1029,3393,1480,2669,,,1,ky-sbe,2026-09-06T15:28:18+00:00
2024,KY,21091,Hancock County,2024-09-23,43,0,,0,,,,,,1,ky-sbe,2026-09-06T15:28:18+00:00
2024,KY,21091,Hancock County,2024-09-26,40,0,,0,,,,,,1,ky-sbe,2026-09-06T15:28:18+00:00
2024,KY,21091,Hancock County,2024-09-30,36,0,,0,,,,,,1,ky-sbe,2026-09-06T15:28:18+00:00
2024,KY,21091,Hancock County,2024-10-08,28,25,,25,,8,15,,,1,ky-sbe,2026-09-06T15:28:18+00:00
2024,KY,21091,Hancock County,2024-10-14,22,31,,31,,9,20,,,1,ky-sbe,2026-09-06T15:28:18+00:00
2024,KY,21091,Hancock County,2024-10-21,15,77,,77,,37,36,,,1,ky-sbe,2026-09-06T15:28:18+00:00
2024,KY,21091,Hancock County,2024-10-23,13,91,,91,,46,41,,,1,ky-sbe,2026-09-06T15:28:18+00:00
2024,KY,21091,Hancock County,2024-10-25,11,127,,109,18,62,60,,,1,ky-sbe,2026-09-06T15:28:18+00:00
2024,KY,21091,Hancock County,2024-10-26,10,148,,123,25,72,71,,,1,ky-sbe,2026-09-06T15:28:18+00:00
2024,KY,21091,Hancock County,2024-10-29,7,164,,134,30,78,78,,,1,ky-sbe,2026-09-06T15:28:18+00:00
2024,KY,21091,Hancock County,2024-10-30,6,181,,142,39,84,89,,,1,ky-sbe,2026-09-06T15:28:18+00:00
2024,KY,21091,Hancock County,2024-10-31,5,193,,147,46,89,96,,,1,ky-sbe,2026-09-06T15:28:18+00:00
2024,KY,21091,Hancock County,2024-11-01,4,596,,151,445,263,308,,,1,ky-sbe,2026-09-06T15:28:18+00:00
2024,KY,21091,Hancock County,2024-11-02,3,980,,158,822,424,510,,,1,ky-sbe,2026-09-06T15:28:18+00:00
2024,KY,21091,Hancock County,2024-11-03,2,1266,,158,1108,539,662,,,1,ky-sbe,2026-09-06T15:28:18+00:00
2024,KY,21091,Hancock County,2024-11-05,0,1268,,160,1108,539,664,,,1,ky-sbe,2026-09-06T15:28:18+00:00
2024,KY,21093,Hardin County,2024-09-23,43,0,,0,,,,,,1,ky-sbe,2026-09-06T15:28:18+00:00
2024,KY,21093,Hardin County,2024-09-26,40,0,,0,,,,,,1,ky-sbe,2026-09-06T15:28:18+00:00
2024,KY,21093,Hardin County,2024-09-30,36,0,,0,,,,,,1,ky-sbe,2026-09-06T15:28:18+00:00
2024,KY,21093,Hardin County,2024-10-08,28,525,,525,,262,196,,,1,ky-sbe,2026-09-06T15:28:18+00:00
2024,KY,21093,Hardin County,2024-10-14,22,854,,854,,420,318,,,1,ky-sbe,2026-09-06T15:28:18+00:00
2024,KY,21093,Hardin County,2024-10-21,15,1448,,1448,,742,515,,,1,ky-sbe,2026-09-06T15:28:18+00:00
2024,KY,21093,Hardin County,2024-10-23,13,1826,,1826,,917,665,,,1,ky-sbe,2026-09-06T15:28:18+00:00
2024,KY,21093,Hardin County,2024-10-25,11,2699,,2167,532,1303,1079,,,1,ky-sbe,2026-09-06T15:28:18+00:00
2024,KY,21093,Hardin County,2024-10-26,10,3008,,2273,735,1427,1230,,,1,ky-sbe,2026-09-06T15:28:18+00:00
2024,KY,21093,Hardin County,2024-10-29,7,3531,,2549,982,1656,1467,,,1,ky-sbe,2026-09-06T15:28:18+00:00
2024,KY,21093,Hardin County,2024-10-30,6,3913,,2632,1281,1830,1642,,,1,ky-sbe,2026-09-06T15:28:18+00:00
2024,KY,21093,Hardin County,2024-10-31,5,4468,,2790,1678,2066,1928,,,1,ky-sbe,2026-09-06T15:28:18+00:00
2024,KY,21093,Hardin County,2024-11-01,4,8863,,2934,5929,3811,4185,,,1,ky-sbe,2026-09-06T15:28:18+00:00
2024,KY,21093,Hardin County,2024-11-02,3,13787,,3025,10762,5820,6659,,,1,ky-sbe,2026-09-06T15:28:18+00:00
2024,KY,21093,Hardin County,2024-11-03,2,18673,,3112,15561,7819,9064,,,1,ky-sbe,2026-09-06T15:28:18+00:00
2024,KY,21093,Hardin County,2024-11-05,0,18980,,3419,15561,7982,9169,,,1,ky-sbe,2026-09-06T15:28:18+00:00
2024,KY,21095,Harlan County,2024-09-23,43,0,,0,,,,,,1,ky-sbe,2026-09-06T15:28:18+00:00
2024,KY,21095,Harlan County,2024-09-26,40,0,,0,,,,,,1,ky-sbe,2026-09-06T15:28:18+00:00
2024,KY,21095,Harlan County,2024-09-30,36,0,,0,,,,,,1,ky-sbe,2026-09-06T15:28:18+00:00
2024,KY,21095,Harlan County,2024-10-08,28,60,,60,,23,35,,,1,ky-sbe,2026-09-06T15:28:18+00:00
2024,KY,21095,Harlan County,2024-10-14,22,122,,122,,50,70,,,1,ky-sbe,2026-09-06T15:28:18+00:00
2024,KY,21095,Harlan County,2024-10-21,15,183,,183,,79,99,,,1,ky-sbe,2026-09-06T15:28:18+00:00
2024,KY,21095,Harlan County,2024-10-23,13,235,,235,,99,129,,,1,ky-sbe,2026-09-06T15:28:18+00:00
2024,KY,21095,Harlan County,2024-10-25,11,299,,277,22,116,175,,,1,ky-sbe,2026-09-06T15:28:18+00:00
2024,KY,21095,Harlan County,2024-10-26,10,331,,291,40,119,204,,,1,ky-sbe,2026-09-06T15:28:18+00:00
2024,KY,21095,Harlan County,2024-10-29,7,387,,322,65,132,244,,,1,ky-sbe,2026-09-06T15:28:18+00:00
2024,KY,21095,Harlan County,2024-10-30,6,395,,325,70,133,250,,,1,ky-sbe,2026-09-06T15:28:18+00:00
2024,KY,21095,Harlan County,2024-10-31,5,421,,345,76,147,262,,,1,ky-sbe,2026-09-06T15:28:18+00:00
2024,KY,21095,Harlan County,2024-11-01,4,1270,,362,908,376,853,,,1,ky-sbe,2026-09-06T15:28:18+00:00
2024,KY,21095,Harlan County,2024-11-02,3,2182,,371,1811,587,1518,,,1,ky-sbe,2026-09-06T15:28:18+00:00
2024,KY,21095,Harlan County,2024-11-03,2,2949,,371,2578,744,2097,,,1,ky-sbe,2026-09-06T15:28:18+00:00
2024,KY,21095,Harlan County,2024-11-05,0,2972,,394,2578,751,2108,,,1,ky-sbe,2026-09-06T15:28:18+00:00
2024,KY,21097,Harrison County,2024-09-23,43,0,,0,,,,,,1,ky-sbe,2026-09-06T15:28:18+00:00
2024,KY,21097,Harrison County,2024-09-26,40,0,,0,,,,,,1,ky-sbe,2026-09-06T15:28:18+00:00
2024,KY,21097,Harrison County,2024-09-30,36,0,,0,,,,,,1,ky-sbe,2026-09-06T15:28:18+00:00
2024,KY,21097,Harrison County,2024-10-08,28,93,,93,,61,30,,,1,ky-sbe,2026-09-06T15:28:18+00:00
2024,KY,21097,Harrison County,2024-10-14,22,131,,131,,89,39,,,1,ky-sbe,2026-09-06T15:28:18+00:00
2024,KY,21097,Harrison County,2024-10-21,15,183,,183,,119,56,,,1,ky-sbe,2026-09-06T15:28:18+00:00
2024,KY,21097,Harrison County,2024-10-23,13,250,,250,,164,77,,,1,ky-sbe,2026-09-06T15:28:18+00:00
2024,KY,21097,Harrison County,2024-10-25,11,327,,278,49,206,110,,,1,ky-sbe,2026-09-06T15:28:18+00:00
2024,KY,21097,Harrison County,2024-10-26,10,371,,300,71,224,130,,,1,ky-sbe,2026-09-06T15:28:18+00:00
2024,KY,21097,Harrison County,2024-10-29,7,413,,325,88,247,147,,,1,ky-sbe,2026-09-06T15:28:18+00:00
2024,KY,21097,Harrison County,2024-10-30,6,438,,334,104,259,160,,,1,ky-sbe,2026-09-06T15:28:18+00:00
2024,KY,21097,Harrison County,2024-10-31,5,462,,351,111,270,173,,,1,ky-sbe,2026-09-06T15:28:18+00:00
2024,KY,21097,Harrison County,2024-11-01,4,1407,,363,1044,731,615,,,1,ky-sbe,2026-09-06T15:28:18+00:00
2024,KY,21097,Harrison County,2024-11-02,3,2311,,380,1931,1154,1055,,,1,ky-sbe,2026-09-06T15:28:18+00:00
2024,KY,21097,Harrison County,2024-11-03,2,3031,,383,2648,1472,1416,,,1,ky-sbe,2026-09-06T15:28:18+00:00
2024,KY,21097,Harrison County,2024-11-05,0,3062,,414,2648,1487,1429,,,1,ky-sbe,2026-09-06T15:28:18+00:00
2024,KY,21099,Hart County,2024-09-23,43,0,,0,,,,,,1,ky-sbe,2026-09-06T15:28:18+00:00
2024,KY,21099,Hart County,2024-09-26,40,0,,0,,,,,,1,ky-sbe,2026-09-06T15:28:18+00:00
2024,KY,21099,Hart County,2024-09-30,36,0,,0,,,,,,1,ky-sbe,2026-09-06T15:28:18+00:00
2024,KY,21099,Hart County,2024-10-08,28,97,,97,,59,32,,,1,ky-sbe,2026-09-06T15:28:18+00:00
2024,KY,21099,Hart County,2024-10-14,22,130,,130,,74,48,,,1,ky-sbe,2026-09-06T15:28:18+00:00
2024,KY,21099,Hart County,2024-10-21,15,193,,193,,104,78,,,1,ky-sbe,2026-09-06T15:28:18+00:00
2024,KY,21099,Hart County,2024-10-23,13,242,,242,,135,94,,,1,ky-sbe,2026-09-06T15:28:18+00:00
2024,KY,21099,Hart County,2024-10-25,11,357,,282,75,178,154,,,1,ky-sbe,2026-09-06T15:28:18+00:00
2024,KY,21099,Hart County,2024-10-26,10,414,,287,127,195,190,,,1,ky-sbe,2026-09-06T15:28:18+00:00
2024,KY,21099,Hart County,2024-10-29,7,479,,315,164,220,226,,,1,ky-sbe,2026-09-06T15:28:18+00:00
2024,KY,21099,Hart County,2024-10-30,6,531,,325,206,242,254,,,1,ky-sbe,2026-09-06T15:28:18+00:00
2024,KY,21099,Hart County,2024-10-31,5,582,,339,243,261,280,,,1,ky-sbe,2026-09-06T15:28:18+00:00
2024,KY,21099,Hart County,2024-11-01,4,1241,,372,869,517,646,,,1,ky-sbe,2026-09-06T15:28:18+00:00
2024,KY,21099,Hart County,2024-11-02,3,1953,,389,1564,797,1044,,,1,ky-sbe,2026-09-06T15:28:18+00:00
2024,KY,21099,Hart County,2024-11-03,2,2410,,393,2017,956,1317,,,1,ky-sbe,2026-09-06T15:28:18+00:00
2024,KY,21099,Hart County,2024-11-05,0,2421,,404,2017,961,1322,,,1,ky-sbe,2026-09-06T15:28:18+00:00
2024,KY,21101,Henderson County,2024-09-23,43,0,,0,,,,,,1,ky-sbe,2026-09-06T15:28:18+00:00
2024,KY,21101,Henderson County,2024-09-26,40,0,,0,,,,,,1,ky-sbe,2026-09-06T15:28:18+00:00
2024,KY,21101,Henderson County,2024-09-30,36,0,,0,,,,,,1,ky-sbe,2026-09-06T15:28:18+00:00
2024,KY,21101,Henderson County,2024-10-08,28,192,,192,,137,37,,,1,ky-sbe,2026-09-06T15:28:18+00:00
2024,KY,21101,Henderson County,2024-10-14,22,266,,266,,190,57,,,1,ky-sbe,2026-09-06T15:28:18+00:00
2024,KY,21101,Henderson County,2024-10-21,15,430,,430,,304,93,,,1,ky-sbe,2026-09-06T15:28:18+00:00
2024,KY,21101,Henderson County,2024-10-23,13,551,,551,,390,117,,,1,ky-sbe,2026-09-06T15:28:18+00:00
2024,KY,21101,Henderson County,2024-10-25,11,704,,627,77,487,161,,,1,ky-sbe,2026-09-06T15:28:18+00:00
2024,KY,21101,Henderson County,2024-10-26,10,773,,666,107,534,180,,,1,ky-sbe,2026-09-06T15:28:18+00:00
2024,KY,21101,Henderson County,2024-10-29,7,862,,719,143,583,214,,,1,ky-sbe,2026-09-06T15:28:18+00:00
2024,KY,21101,Henderson County,2024-10-30,6,929,,754,175,617,240,,,1,ky-sbe,2026-09-06T15:28:18+00:00
2024,KY,21101,Henderson County,2024-10-31,5,997,,803,194,669,253,,,1,ky-sbe,2026-09-06T15:28:18+00:00
2024,KY,21101,Henderson County,2024-11-01,4,4042,,825,3217,2369,1466,,,1,ky-sbe,2026-09-06T15:28:18+00:00
2024,KY,21101,Henderson County,2024-11-02,3,7077,,854,6223,4049,2670,,,1,ky-sbe,2026-09-06T15:28:18+00:00
2024,KY,21101,Henderson County,2024-11-03,2,9444,,854,8590,5233,3700,,,1,ky-sbe,2026-09-06T15:28:18+00:00
2024,KY,21101,Henderson County,2024-11-05,0,9562,,972,8590,5298,3742,,,1,ky-sbe,2026-09-06T15:28:18+00:00
2024,KY,21103,Henry County,2024-09-23,43,0,,0,,,,,,1,ky-sbe,2026-09-06T15:28:18+00:00
2024,KY,21103,Henry County,2024-09-26,40,0,,0,,,,,,1,ky-sbe,2026-09-06T15:28:18+00:00
2024,KY,21103,Henry County,2024-09-30,36,0,,0,,,,,,1,ky-sbe,2026-09-06T15:28:18+00:00
2024,KY,21103,Henry County,2024-10-08,28,29,,29,,20,8,,,1,ky-sbe,2026-09-06T15:28:18+00:00
2024,KY,21103,Henry County,2024-10-14,22,43,,43,,27,15,,,1,ky-sbe,2026-09-06T15:28:18+00:00
2024,KY,21103,Henry County,2024-10-21,15,82,,82,,55,24,,,1,ky-sbe,2026-09-06T15:28:18+00:00
2024,KY,21103,Henry County,2024-10-23,13,92,,92,,62,26,,,1,ky-sbe,2026-09-06T15:28:18+00:00
2024,KY,21103,Henry County,2024-10-25,11,146,,108,38,84,57,,,1,ky-sbe,2026-09-06T15:28:18+00:00
2024,KY,21103,Henry County,2024-10-26,10,166,,119,47,93,68,,,1,ky-sbe,2026-09-06T15:28:18+00:00
2024,KY,21103,Henry County,2024-10-29,7,190,,129,61,103,82,,,1,ky-sbe,2026-09-06T15:28:18+00:00
2024,KY,21103,Henry County,2024-10-30,6,199,,132,67,109,85,,,1,ky-sbe,2026-09-06T15:28:18+00:00
2024,KY,21103,Henry County,2024-10-31,5,237,,135,102,128,103,,,1,ky-sbe,2026-09-06T15:28:18+00:00
2024,KY,21103,Henry County,2024-11-01,4,1093,,148,945,465,581,,,1,ky-sbe,2026-09-06T15:28:18+00:00
2024,KY,21103,Henry County,2024-11-02,3,1863,,153,1710,763,1014,,,1,ky-sbe,2026-09-06T15:28:18+00:00
2024,KY,21103,Henry County,2024-11-03,2,2551,,153,2398,990,1438,,,1,ky-sbe,2026-09-06T15:28:18+00:00
2024,KY,21103,Henry County,2024-11-05,0,2558,,160,2398,993,1439,,,1,ky-sbe,2026-09-06T15:28:18+00:00
2024,KY,21105,Hickman County,2024-09-23,43,0,,0,,,,,,1,ky-sbe,2026-09-06T15:28:18+00:00
2024,KY,21105,Hickman County,2024-09-26,40,0,,0,,,,,,1,ky-sbe,2026-09-06T15:28:18+00:00
2024,KY,21105,Hickman County,2024-09-30,36,0,,0,,,,,,1,ky-sbe,2026-09-06T15:28:18+00:00
2024,KY,21105,Hickman County,2024-10-08,28,20,,20,,9,8,,,1,ky-sbe,2026-09-06T15:28:18+00:00
2024,KY,21105,Hickman County,2024-10-14,22,41,,41,,23,13,,,1,ky-sbe,2026-09-06T15:28:18+00:00
2024,KY,21105,Hickman County,2024-10-21,15,66,,66,,36,24,,,1,ky-sbe,2026-09-06T15:28:18+00:00
2024,KY,21105,Hickman County,2024-10-23,13,75,,75,,41,28,,,1,ky-sbe,2026-09-06T15:28:18+00:00
2024,KY,21105,Hickman County,2024-10-25,11,76,,76,0,42,28,,,1,ky-sbe,2026-09-06T15:28:18+00:00
2024,KY,21105,Hickman County,2024-10-26,10,84,,81,3,43,34,,,1,ky-sbe,2026-09-06T15:28:18+00:00
2024,KY,21105,Hickman County,2024-10-29,7,87,,82,5,44,36,,,1,ky-sbe,2026-09-06T15:28:18+00:00
2024,KY,21105,Hickman County,2024-10-30,6,94,,89,5,49,38,,,1,ky-sbe,2026-09-06T15:28:18+00:00
2024,KY,21105,Hickman County,2024-10-31,5,99,,92,7,53,39,,,1,ky-sbe,2026-09-06T15:28:18+00:00
2024,KY,21105,Hickman County,2024-11-01,4,336,,92,244,153,168,,,1,ky-sbe,2026-09-06T15:28:18+00:00
2024,KY,21105,Hickman County,2024-11-02,3,566,,96,470,246,298,,,1,ky-sbe,2026-09-06T15:28:18+00:00
2024,KY,21105,Hickman County,2024-11-03,2,715,,96,619,311,379,,,1,ky-sbe,2026-09-06T15:28:18+00:00
2024,KY,21105,Hickman County,2024-11-05,0,715,,96,619,311,379,,,1,ky-sbe,2026-09-06T15:28:18+00:00
2024,KY,21107,Hopkins County,2024-09-23,43,0,,0,,,,,,1,ky-sbe,2026-09-06T15:28:18+00:00
2024,KY,21107,Hopkins County,2024-09-26,40,0,,0,,,,,,1,ky-sbe,2026-09-06T15:28:18+00:00
2024,KY,21107,Hopkins County,2024-09-30,36,0,,0,,,,,,1,ky-sbe,2026-09-06T15:28:18+00:00
2024,KY,21107,Hopkins County,2024-10-08,28,23,,23,,12,9,,,1,ky-sbe,2026-09-06T15:28:18+00:00
2024,KY,21107,Hopkins County,2024-10-14,22,134,,134,,75,50,,,1,ky-sbe,2026-09-06T15:28:18+00:00
2024,KY,21107,Hopkins County,2024-10-21,15,187,,187,,101,70,,,1,ky-sbe,2026-09-06T15:28:18+00:00
2024,KY,21107,Hopkins County,2024-10-23,13,371,,371,,205,132,,,1,ky-sbe,2026-09-06T15:28:18+00:00
2024,KY,21107,Hopkins County,2024-10-25,11,552,,470,82,292,217,,,1,ky-sbe,2026-09-06T15:28:18+00:00
2024,KY,21107,Hopkins County,2024-10-26,10,664,,546,118,353,264,,,1,ky-sbe,2026-09-06T15:28:18+00:00
2024,KY,21107,Hopkins County,2024-10-29,7,772,,608,164,412,306,,,1,ky-sbe,2026-09-06T15:28:18+00:00
2024,KY,21107,Hopkins County,2024-10-30,6,868,,671,197,457,353,,,1,ky-sbe,2026-09-06T15:28:18+00:00
2024,KY,21107,Hopkins County,2024-10-31,5,946,,719,227,496,390,,,1,ky-sbe,2026-09-06T15:28:18+00:00
2024,KY,21107,Hopkins County,2024-11-01,4,3135,,755,2380,1470,1512,,,1,ky-sbe,2026-09-06T15:28:18+00:00
2024,KY,21107,Hopkins County,2024-11-02,3,5441,,755,4686,2548,2629,,,1,ky-sbe,2026-09-06T15:28:18+00:00
2024,KY,21107,Hopkins County,2024-11-03,2,7327,,787,6540,3298,3640,,,1,ky-sbe,2026-09-06T15:28:18+00:00
2024,KY,21107,Hopkins County,2024-11-05,0,7354,,814,6540,3308,3652,,,1,ky-sbe,2026-09-06T15:28:18+00:00
2024,KY,21109,Jackson County,2024-09-23,43,0,,0,,,,,,1,ky-sbe,2026-09-06T15:28:18+00:00
2024,KY,21109,Jackson County,2024-09-26,40,0,,0,,,,,,1,ky-sbe,2026-09-06T15:28:18+00:00
2024,KY,21109,Jackson County,2024-09-30,36,0,,0,,,,,,1,ky-sbe,2026-09-06T15:28:18+00:00
2024,KY,21109,Jackson County,2024-10-08,28,63,,63,,8,54,,,1,ky-sbe,2026-09-06T15:28:18+00:00
2024,KY,21109,Jackson County,2024-10-14,22,101,,101,,16,83,,,1,ky-sbe,2026-09-06T15:28:18+00:00
2024,KY,21109,Jackson County,2024-10-21,15,193,,193,,30,159,,,1,ky-sbe,2026-09-06T15:28:18+00:00
2024,KY,21109,Jackson County,2024-10-23,13,241,,241,,37,198,,,1,ky-sbe,2026-09-06T15:28:18+00:00
2024,KY,21109,Jackson County,2024-10-25,11,273,,273,0,38,228,,,1,ky-sbe,2026-09-06T15:28:18+00:00
2024,KY,21109,Jackson County,2024-10-26,10,352,,283,69,44,299,,,1,ky-sbe,2026-09-06T15:28:18+00:00
2024,KY,21109,Jackson County,2024-10-29,7,426,,322,104,52,364,,,1,ky-sbe,2026-09-06T15:28:18+00:00
2024,KY,21109,Jackson County,2024-10-30,6,473,,344,129,55,406,,,1,ky-sbe,2026-09-06T15:28:18+00:00
2024,KY,21109,Jackson County,2024-10-31,5,509,,351,158,57,440,,,1,ky-sbe,2026-09-06T15:28:18+00:00
2024,KY,21109,Jackson County,2024-11-01,4,1021,,359,662,90,900,,,1,ky-sbe,2026-09-06T15:28:18+00:00
2024,KY,21109,Jackson County,2024-11-02,3,1572,,374,1198,131,1393,,,1,ky-sbe,2026-09-06T15:28:18+00:00
2024,KY,21109,Jackson County,2024-11-03,2,2035,,386,1649,163,1807,,,1,ky-sbe,2026-09-06T15:28:18+00:00
2024,KY,21109,Jackson County,2024-11-05,0,2049,,400,1649,165,1817,,,1,ky-sbe,2026-09-06T15:28:18+00:00
2024,KY,21111,Jefferson County,2024-09-23,43,0,,0,,,,,,1,ky-sbe,2026-09-06T15:28:18+00:00
2024,KY,21111,Jefferson County,2024-09-26,40,0,,0,,,,,,1,ky-sbe,2026-09-06T15:28:18+00:00
2024,KY,21111,Jefferson County,2024-09-30,36,0,,0,,,,,,1,ky-sbe,2026-09-06T15:28:18+00:00
2024,KY,21111,Jefferson County,2024-10-08,28,2034,,2034,,1233,556,,,1,ky-sbe,2026-09-06T15:28:18+00:00
2024,KY,21111,Jefferson County,2024-10-14,22,3587,,3587,,2152,1004,,,1,ky-sbe,2026-09-06T15:28:18+00:00
2024,KY,21111,Jefferson County,2024-10-21,15,7075,,7075,,4140,2091,,,1,ky-sbe,2026-09-06T15:28:18+00:00
2024,KY,21111,Jefferson County,2024-10-23,13,8705,,8705,,5060,2554,,,1,ky-sbe,2026-09-06T15:28:18+00:00
2024,KY,21111,Jefferson County,2024-10-25,11,12337,,10795,1542,6955,3923,,,1,ky-sbe,2026-09-06T15:28:18+00:00
2024,KY,21111,Jefferson County,2024-10-26,10,13317,,11224,2093,7441,4294,,,1,ky-sbe,2026-09-06T15:28:18+00:00
2024,KY,21111,Jefferson County,2024-10-29,7,15093,,12388,2705,8372,4906,,,1,ky-sbe,2026-09-06T15:28:18+00:00
2024,KY,21111,Jefferson County,2024-10-30,6,16991,,13847,3144,9413,5517,,,1,ky-sbe,2026-09-06T15:28:18+00:00
2024,KY,21111,Jefferson County,2024-10-31,5,18138,,14649,3489,10063,5891,,,1,ky-sbe,2026-09-06T15:28:18+00:00
2024,KY,21111,Jefferson County,2024-11-01,4,58047,,15964,42083,31897,20920,,,1,ky-sbe,2026-09-06T15:28:18+00:00
2024,KY,21111,Jefferson County,2024-11-02,3,99022,,17056,81966,54794,35592,,,1,ky-sbe,2026-09-06T15:28:18+00:00
2024,KY,21111,Jefferson County,2024-11-03,2,133244,,17057,116187,74997,46591,,,1,ky-sbe,2026-09-06T15:28:18+00:00
2024,KY,21111,Jefferson County,2024-11-05,0,135369,,19181,116188,76319,47106,,,1,ky-sbe,2026-09-06T15:28:18+00:00
2024,KY,21113,Jessamine County,2024-09-23,43,0,,0,,,,,,1,ky-sbe,2026-09-06T15:28:18+00:00
2024,KY,21113,Jessamine County,2024-09-26,40,0,,0,,,,,,1,ky-sbe,2026-09-06T15:28:18+00:00
2024,KY,21113,Jessamine County,2024-09-30,36,0,,0,,,,,,1,ky-sbe,2026-09-06T15:28:18+00:00
2024,KY,21113,Jessamine County,2024-10-08,28,308,,308,,141,142,,,1,ky-sbe,2026-09-06T15:28:18+00:00
2024,KY,21113,Jessamine County,2024-10-14,22,505,,505,,232,230,,,1,ky-sbe,2026-09-06T15:28:18+00:00
2024,KY,21113,Jessamine County,2024-10-21,15,838,,838,,360,394,,,1,ky-sbe,2026-09-06T15:28:18+00:00
2024,KY,21113,Jessamine County,2024-10-23,13,1002,,1002,,438,460,,,1,ky-sbe,2026-09-06T15:28:18+00:00
2024,KY,21113,Jessamine County,2024-10-25,11,1309,,1119,190,542,634,,,1,ky-sbe,2026-09-06T15:28:18+00:00
2024,KY,21113,Jessamine County,2024-10-26,10,1457,,1197,260,602,702,,,1,ky-sbe,2026-09-06T15:28:18+00:00
2024,KY,21113,Jessamine County,2024-10-29,7,1642,,1324,318,677,791,,,1,ky-sbe,2026-09-06T15:28:18+00:00
2024,KY,21113,Jessamine County,2024-10-30,6,1835,,1456,379,741,892,,,1,ky-sbe,2026-09-06T15:28:18+00:00
2024,KY,21113,Jessamine County,2024-10-31,5,1930,,1491,439,773,949,,,1,ky-sbe,2026-09-06T15:28:18+00:00
2024,KY,21113,Jessamine County,2024-11-01,4,4142,,1536,2606,1437,2293,,,1,ky-sbe,2026-09-06T15:28:18+00:00
2024,KY,21113,Jessamine County,2024-11-02,3,6599,,1690,4909,2232,3763,,,1,ky-sbe,2026-09-06T15:28:18+00:00
2024,KY,21113,Jessamine County,2024-11-03,2,9051,,1692,7359,3025,5204,,,1,ky-sbe,2026-09-06T15:28:18+00:00
2024,KY,21113,Jessamine County,2024-11-05,0,9261,,1902,7359,3100,5308,,,1,ky-sbe,2026-09-06T15:28:18+00:00
2024,KY,21115,Johnson County,2024-09-23,43,0,,0,,,,,,1,ky-sbe,2026-09-06T15:28:18+00:00
2024,KY,21115,Johnson County,2024-09-26,40,0,,0,,,,,,1,ky-sbe,2026-09-06T15:28:18+00:00
2024,KY,21115,Johnson County,2024-09-30,36,0,,0,,,,,,1,ky-sbe,2026-09-06T15:28:18+00:00
2024,KY,21115,Johnson County,2024-10-08,28,47,,47,,12,34,,,1,ky-sbe,2026-09-06T15:28:18+00:00
2024,KY,21115,Johnson County,2024-10-14,22,161,,161,,47,108,,,1,ky-sbe,2026-09-06T15:28:18+00:00
2024,KY,21115,Johnson County,2024-10-21,15,299,,299,,98,191,,,1,ky-sbe,2026-09-06T15:28:18+00:00
2024,KY,21115,Johnson County,2024-10-23,13,397,,397,,132,251,,,1,ky-sbe,2026-09-06T15:28:18+00:00
2024,KY,21115,Johnson County,2024-10-25,11,829,,563,266,207,597,,,1,ky-sbe,2026-09-06T15:28:18+00:00
2024,KY,21115,Johnson County,2024-10-26,10,990,,601,389,235,727,,,1,ky-sbe,2026-09-06T15:28:18+00:00
2024,KY,21115,Johnson County,2024-10-29,7,1174,,649,525,266,873,,,1,ky-sbe,2026-09-06T15:28:18+00:00
2024,KY,21115,Johnson County,2024-10-30,6,1359,,683,676,313,1000,,,1,ky-sbe,2026-09-06T15:28:18+00:00
2024,KY,21115,Johnson County,2024-10-31,5,1494,,683,811,330,1116,,,1,ky-sbe,2026-09-06T15:28:18+00:00
2024,KY,21115,Johnson County,2024-11-01,4,1703,,716,987,374,1272,,,1,ky-sbe,2026-09-06T15:28:18+00:00
2024,KY,21115,Johnson County,2024-11-02,3,1906,,716,1190,415,1430,,,1,ky-sbe,2026-09-06T15:28:18+00:00
2024,KY,21115,Johnson County,2024-11-03,2,2167,,716,1451,458,1636,,,1,ky-sbe,2026-09-06T15:28:18+00:00
2024,KY,21115,Johnson County,2024-11-05,0,4644,,790,3854,944,3557,,,1,ky-sbe,2026-09-06T15:28:18+00:00
2024,KY,21117,Kenton County,2024-09-23,43,0,,0,,,,,,1,ky-sbe,2026-09-06T15:28:18+00:00
2024,KY,21117,Kenton County,2024-09-26,40,0,,0,,,,,,1,ky-sbe,2026-09-06T15:28:18+00:00
2024,KY,21117,Kenton County,2024-09-30,36,0,,0,,,,,,1,ky-sbe,2026-09-06T15:28:18+00:00
2024,KY,21117,Kenton County,2024-10-08,28,671,,671,,304,284,,,1,ky-sbe,2026-09-06T15:28:18+00:00
2024,KY,21117,Kenton County,2024-10-14,22,1213,,1213,,558,522,,,1,ky-sbe,2026-09-06T15:28:18+00:00
2024,KY,21117,Kenton County,2024-10-21,15,2152,,2152,,945,943,,,1,ky-sbe,2026-09-06T15:28:18+00:00
2024,KY,21117,Kenton County,2024-10-23,13,2615,,2615,,1141,1141,,,1,ky-sbe,2026-09-06T15:28:18+00:00
2024,KY,21117,Kenton County,2024-10-25,11,3396,,3063,333,1433,1530,,,1,ky-sbe,2026-09-06T15:28:18+00:00
2024,KY,21117,Kenton County,2024-10-26,10,3757,,3256,501,1563,1714,,,1,ky-sbe,2026-09-06T15:28:18+00:00
2024,KY,21117,Kenton County,2024-10-29,7,3964,,3302,662,1634,1820,,,1,ky-sbe,2026-09-06T15:28:18+00:00
2024,KY,21117,Kenton County,2024-10-30,6,4613,,3845,768,1888,2111,,,1,ky-sbe,2026-09-06T15:28:18+00:00
2024,KY,21117,Kenton County,2024-10-31,5,4942,,4097,845,2006,2274,,,1,ky-sbe,2026-09-06T15:28:18+00:00
2024,KY,21117,Kenton County,2024-11-01,4,14691,,4426,10265,5345,7545,,,1,ky-sbe,2026-09-06T15:28:18+00:00
2024,KY,21117,Kenton County,2024-11-02,3,25721,,4579,21142,9087,13598,,,1,ky-sbe,2026-09-06T15:28:18+00:00
2024,KY,21117,Kenton County,2024-11-03,2,36007,,4751,31256,12717,18959,,,1,ky-sbe,2026-09-06T15:28:18+00:00
2024,KY,21117,Kenton County,2024-11-05,0,36341,,5085,31256,12875,19082,,,1,ky-sbe,2026-09-06T15:28:18+00:00
2024,KY,21119,Knott County,2024-09-23,43,0,,0,,,,,,1,ky-sbe,2026-09-06T15:28:18+00:00
2024,KY,21119,Knott County,2024-09-26,40,0,,0,,,,,,1,ky-sbe,2026-09-06T15:28:18+00:00
2024,KY,21119,Knott County,2024-09-30,36,0,,0,,,,,,1,ky-sbe,2026-09-06T15:28:18+00:00
2024,KY,21119,Knott County,2024-10-08,28,64,,64,,53,8,,,1,ky-sbe,2026-09-06T15:28:18+00:00
2024,KY,21119,Knott County,2024-10-14,22,116,,116,,102,11,,,1,ky-sbe,2026-09-06T15:28:18+00:00
2024,KY,21119,Knott County,2024-10-21,15,220,,220,,190,25,,,1,ky-sbe,2026-09-06T15:28:18+00:00
2024,KY,21119,Knott County,2024-10-23,13,276,,276,,234,35,,,1,ky-sbe,2026-09-06T15:28:18+00:00
2024,KY,21119,Knott County,2024-10-25,11,464,,343,121,373,78,,,1,ky-sbe,2026-09-06T15:28:18+00:00
2024,KY,21119,Knott County,2024-10-26,10,556,,369,187,446,96,,,1,ky-sbe,2026-09-06T15:28:18+00:00
2024,KY,21119,Knott County,2024-10-29,7,640,,380,260,505,119,,,1,ky-sbe,2026-09-06T15:28:18+00:00
2024,KY,21119,Knott County,2024-10-30,6,766,,422,344,605,143,,,1,ky-sbe,2026-09-06T15:28:18+00:00
2024,KY,21119,Knott County,2024-10-31,5,871,,439,432,670,178,,,1,ky-sbe,2026-09-06T15:28:18+00:00
2024,KY,21119,Knott County,2024-11-01,4,1234,,454,780,895,304,,,1,ky-sbe,2026-09-06T15:28:18+00:00
2024,KY,21119,Knott County,2024-11-02,3,1656,,470,1186,1160,442,,,1,ky-sbe,2026-09-06T15:28:18+00:00
2024,KY,21119,Knott County,2024-11-03,2,2005,,482,1523,1402,541,,,1,ky-sbe,2026-09-06T15:28:18+00:00
2024,KY,21119,Knott County,2024-11-05,0,2022,,499,1523,1418,542,,,1,ky-sbe,2026-09-06T15:28:18+00:00
2024,KY,21121,Knox County,2024-09-23,43,0,,0,,,,,,1,ky-sbe,2026-09-06T15:28:18+00:00
2024,KY,21121,Knox County,2024-09-26,40,0,,0,,,,,,1,ky-sbe,2026-09-06T15:28:18+00:00
2024,KY,21121,Knox County,2024-09-30,36,0,,0,,,,,,1,ky-sbe,2026-09-06T15:28:18+00:00
2024,KY,21121,Knox County,2024-10-08,28,157,,157,,41,106,,,1,ky-sbe,2026-09-06T15:28:18+00:00
2024,KY,21121,Knox County,2024-10-14,22,234,,234,,58,165,,,1,ky-sbe,2026-09-06T15:28:18+00:00
2024,KY,21121,Knox County,2024-10-21,15,414,,414,,104,288,,,1,ky-sbe,2026-09-06T15:28:18+00:00
2024,KY,21121,Knox County,2024-10-23,13,503,,503,,130,348,,,1,ky-sbe,2026-09-06T15:28:18+00:00
2024,KY,21121,Knox County,2024-10-25,11,595,,546,49,145,422,,,1,ky-sbe,2026-09-06T15:28:18+00:00
2024,KY,21121,Knox County,2024-10-26,10,664,,583,81,159,477,,,1,ky-sbe,2026-09-06T15:28:18+00:00
2024,KY,21121,Knox County,2024-10-29,7,752,,632,120,182,538,,,1,ky-sbe,2026-09-06T15:28:18+00:00
2024,KY,21121,Knox County,2024-10-30,6,818,,677,141,197,588,,,1,ky-sbe,2026-09-06T15:28:18+00:00
2024,KY,21121,Knox County,2024-10-31,5,874,,714,160,208,628,,,1,ky-sbe,2026-09-06T15:28:18+00:00
2024,KY,21121,Knox County,2024-11-01,4,2182,,714,1468,401,1703,,,1,ky-sbe,2026-09-06T15:28:18+00:00
2024,KY,21121,Knox County,2024-11-02,3,3512,,766,2746,606,2784,,,1,ky-sbe,2026-09-06T15:28:18+00:00
2024,KY,21121,Knox County,2024-11-03,2,4644,,766,3878,748,3728,,,1,ky-sbe,2026-09-06T15:28:18+00:00
2024,KY,21121,Knox County,2024-11-05,0,4697,,819,3878,761,3765,,,1,ky-sbe,2026-09-06T15:28:18+00:00
2024,KY,21123,Larue County,2024-09-23,43,0,,0,,,,,,1,ky-sbe,2026-09-06T15:28:18+00:00
2024,KY,21123,Larue County,2024-09-26,40,0,,0,,,,,,1,ky-sbe,2026-09-06T15:28:18+00:00
2024,KY,21123,Larue County,2024-09-30,36,0,,0,,,,,,1,ky-sbe,2026-09-06T15:28:18+00:00
2024,KY,21123,Larue County,2024-10-08,28,33,,33,,17,14,,,1,ky-sbe,2026-09-06T15:28:18+00:00
2024,KY,21123,Larue County,2024-10-14,22,61,,61,,37,21,,,1,ky-sbe,2026-09-06T15:28:18+00:00
2024,KY,21123,Larue County,2024-10-21,15,112,,112,,65,41,,,1,ky-sbe,2026-09-06T15:28:18+00:00
2024,KY,21123,Larue County,2024-10-23,13,145,,145,,76,60,,,1,ky-sbe,2026-09-06T15:28:18+00:00
2024,KY,21123,Larue County,2024-10-25,11,239,,168,71,116,109,,,1,ky-sbe,2026-09-06T15:28:18+00:00
2024,KY,21123,Larue County,2024-10-26,10,281,,173,108,130,135,,,1,ky-sbe,2026-09-06T15:28:18+00:00
2024,KY,21123,Larue County,2024-10-29,7,340,,205,135,154,169,,,1,ky-sbe,2026-09-06T15:28:18+00:00
2024,KY,21123,Larue County,2024-10-30,6,369,,208,161,163,187,,,1,ky-sbe,2026-09-06T15:28:18+00:00
2024,KY,21123,Larue County,2024-10-31,5,441,,225,216,186,232,,,1,ky-sbe,2026-09-06T15:28:18+00:00
2024,KY,21123,Larue County,2024-11-01,4,1276,,240,1036,504,700,,,1,ky-sbe,2026-09-06T15:28:18+00:00
2024,KY,21123,Larue County,2024-11-02,3,2131,,252,1879,821,1200,,,1,ky-sbe,2026-09-06T15:28:18+00:00
2024,KY,21123,Larue County,2024-11-03,2,2824,,259,2565,1047,1627,,,1,ky-sbe,2026-09-06T15:28:18+00:00
2024,KY,21123,Larue County,2024-11-05,0,2844,,279,2565,1055,1636,,,1,ky-sbe,2026-09-06T15:28:18+00:00
2024,KY,21125,Laurel County,2024-09-23,43,0,,0,,,,,,1,ky-sbe,2026-09-06T15:28:18+00:00
2024,KY,21125,Laurel County,2024-09-26,40,0,,0,,,,,,1,ky-sbe,2026-09-06T15:28:18+00:00
2024,KY,21125,Laurel County,2024-09-30,36,0,,0,,,,,,1,ky-sbe,2026-09-06T15:28:18+00:00
2024,KY,21125,Laurel County,2024-10-08,28,290,,290,,64,208,,,1,ky-sbe,2026-09-06T15:28:18+00:00
2024,KY,21125,Laurel County,2024-10-14,22,555,,555,,137,389,,,1,ky-sbe,2026-09-06T15:28:18+00:00
2024,KY,21125,Laurel County,2024-10-21,15,917,,917,,215,660,,,1,ky-sbe,2026-09-06T15:28:18+00:00
2024,KY,21125,Laurel County,2024-10-23,13,1150,,1150,,256,836,,,1,ky-sbe,2026-09-06T15:28:18+00:00
2024,KY,21125,Laurel County,2024-10-25,11,1432,,1302,130,314,1047,,,1,ky-sbe,2026-09-06T15:28:18+00:00
2024,KY,21125,Laurel County,2024-10-26,10,1586,,1394,192,340,1168,,,1,ky-sbe,2026-09-06T15:28:18+00:00
2024,KY,21125,Laurel County,2024-10-29,7,1782,,1511,271,372,1324,,,1,ky-sbe,2026-09-06T15:28:18+00:00
2024,KY,21125,Laurel County,2024-10-30,6,1926,,1586,340,399,1431,,,1,ky-sbe,2026-09-06T15:28:18+00:00
2024,KY,21125,Laurel County,2024-10-31,5,2062,,1645,417,427,1527,,,1,ky-sbe,2026-09-06T15:28:18+00:00
2024,KY,21125,Laurel County,2024-11-01,4,3873,,1688,2185,676,3031,,,1,ky-sbe,2026-09-06T15:28:18+00:00
2024,KY,21125,Laurel County,2024-11-02,3,5850,,1746,4104,933,4672,,,1,ky-sbe,2026-09-06T15:28:18+00:00
2024,KY,21125,Laurel County,2024-11-03,2,8216,,1746,6470,1229,6628,,,1,ky-sbe,2026-09-06T15:28:18+00:00
2024,KY,21125,Laurel County,2024-11-05,0,8332,,1862,6470,1272,6690,,,1,ky-sbe,2026-09-06T15:28:18+00:00
2024,KY,21127,Lawrence County,2024-09-23,43,0,,0,,,,,,1,ky-sbe,2026-09-06T15:28:18+00:00
2024,KY,21127,Lawrence County,2024-09-26,40,0,,0,,,,,,1,ky-sbe,2026-09-06T15:28:18+00:00
2024,KY,21127,Lawrence County,2024-09-30,36,0,,0,,,,,,1,ky-sbe,2026-09-06T15:28:18+00:00
2024,KY,21127,Lawrence County,2024-10-08,28,45,,45,,22,19,,,1,ky-sbe,2026-09-06T15:28:18+00:00
2024,KY,21127,Lawrence County,2024-10-14,22,94,,94,,41,48,,,1,ky-sbe,2026-09-06T15:28:18+00:00
2024,KY,21127,Lawrence County,2024-10-21,15,196,,196,,80,106,,,1,ky-sbe,2026-09-06T15:28:18+00:00
2024,KY,21127,Lawrence County,2024-10-23,13,224,,224,,90,122,,,1,ky-sbe,2026-09-06T15:28:18+00:00
2024,KY,21127,Lawrence County,2024-10-25,11,284,,269,15,108,162,,,1,ky-sbe,2026-09-06T15:28:18+00:00
2024,KY,21127,Lawrence County,2024-10-26,10,341,,285,56,132,193,,,1,ky-sbe,2026-09-06T15:28:18+00:00
2024,KY,21127,Lawrence County,2024-10-29,7,417,,321,96,154,241,,,1,ky-sbe,2026-09-06T15:28:18+00:00
2024,KY,21127,Lawrence County,2024-10-30,6,457,,341,116,163,266,,,1,ky-sbe,2026-09-06T15:28:18+00:00
2024,KY,21127,Lawrence County,2024-10-31,5,492,,347,145,173,287,,,1,ky-sbe,2026-09-06T15:28:18+00:00
2024,KY,21127,Lawrence County,2024-11-01,4,1095,,350,745,320,708,,,1,ky-sbe,2026-09-06T15:28:18+00:00
2024,KY,21127,Lawrence County,2024-11-02,3,1739,,387,1352,489,1154,,,1,ky-sbe,2026-09-06T15:28:18+00:00
2024,KY,21127,Lawrence County,2024-11-03,2,2126,,387,1739,582,1425,,,1,ky-sbe,2026-09-06T15:28:18+00:00
2024,KY,21127,Lawrence County,2024-11-05,0,2147,,408,1739,591,1431,,,1,ky-sbe,2026-09-06T15:28:18+00:00
2024,KY,21129,Lee County,2024-09-23,43,0,,0,,,,,,1,ky-sbe,2026-09-06T15:28:18+00:00
2024,KY,21129,Lee County,2024-09-26,40,0,,0,,,,,,1,ky-sbe,2026-09-06T15:28:18+00:00
2024,KY,21129,Lee County,2024-09-30,36,0,,0,,,,,,1,ky-sbe,2026-09-06T15:28:18+00:00
2024,KY,21129,Lee County,2024-10-08,28,47,,47,,9,38,,,1,ky-sbe,2026-09-06T15:28:18+00:00
2024,KY,21129,Lee County,2024-10-14,22,58,,58,,15,43,,,1,ky-sbe,2026-09-06T15:28:18+00:00
2024,KY,21129,Lee County,2024-10-21,15,100,,100,,30,69,,,1,ky-sbe,2026-09-06T15:28:18+00:00
2024,KY,21129,Lee County,2024-10-23,13,123,,123,,34,86,,,1,ky-sbe,2026-09-06T15:28:18+00:00
2024,KY,21129,Lee County,2024-10-25,11,159,,130,29,41,114,,,1,ky-sbe,2026-09-06T15:28:18+00:00
2024,KY,21129,Lee County,2024-10-26,10,159,,130,29,41,114,,,1,ky-sbe,2026-09-06T15:28:18+00:00
2024,KY,21129,Lee County,2024-10-29,7,209,,149,60,49,155,,,1,ky-sbe,2026-09-06T15:28:18+00:00
2024,KY,21129,Lee County,2024-10-30,6,234,,156,78,53,172,,,1,ky-sbe,2026-09-06T15:28:18+00:00
2024,KY,21129,Lee County,2024-10-31,5,267,,164,103,59,196,,,1,ky-sbe,2026-09-06T15:28:18+00:00
2024,KY,21129,Lee County,2024-11-01,4,474,,173,301,101,356,,,1,ky-sbe,2026-09-06T15:28:18+00:00
2024,KY,21129,Lee County,2024-11-02,3,658,,177,481,139,498,,,1,ky-sbe,2026-09-06T15:28:18+00:00
2024,KY,21129,Lee County,2024-11-03,2,823,,177,646,173,624,,,1,ky-sbe,2026-09-06T15:28:18+00:00
2024,KY,21129,Lee County,2024-11-05,0,829,,183,646,176,627,,,1,ky-sbe,2026-09-06T15:28:18+00:00
2024,KY,21131,Leslie County,2024-09-23,43,0,,0,,,,,,1,ky-sbe,2026-09-06T15:28:18+00:00
2024,KY,21131,Leslie County,2024-09-26,40,0,,0,,,,,,1,ky-sbe,2026-09-06T15:28:18+00:00
2024,KY,21131,Leslie County,2024-09-30,36,0,,0,,,,,,1,ky-sbe,2026-09-06T15:28:18+00:00
2024,KY,21131,Leslie County,2024-10-08,28,44,,44,,0,44,,,1,ky-sbe,2026-09-06T15:28:18+00:00
2024,KY,21131,Leslie County,2024-10-14,22,70,,70,,5,65,,,1,ky-sbe,2026-09-06T15:28:18+00:00
2024,KY,21131,Leslie County,2024-10-21,15,116,,116,,8,107,,,1,ky-sbe,2026-09-06T15:28:18+00:00
2024,KY,21131,Leslie County,2024-10-23,13,143,,143,,10,130,,,1,ky-sbe,2026-09-06T15:28:18+00:00
2024,KY,21131,Leslie County,2024-10-25,11,180,,170,10,14,162,,,1,ky-sbe,2026-09-06T15:28:18+00:00
2024,KY,21131,Leslie County,2024-10-26,10,201,,183,18,17,180,,,1,ky-sbe,2026-09-06T15:28:18+00:00
2024,KY,21131,Leslie County,2024-10-29,7,214,,192,22,18,191,,,1,ky-sbe,2026-09-06T15:28:18+00:00
2024,KY,21131,Leslie County,2024-10-30,6,233,,206,27,20,205,,,1,ky-sbe,2026-09-06T15:28:18+00:00
2024,KY,21131,Leslie County,2024-10-31,5,247,,218,29,20,216,,,1,ky-sbe,2026-09-06T15:28:18+00:00
2024,KY,21131,Leslie County,2024-11-01,4,626,,228,398,38,570,,,1,ky-sbe,2026-09-06T15:28:18+00:00
2024,KY,21131,Leslie County,2024-11-02,3,986,,251,735,64,893,,,1,ky-sbe,2026-09-06T15:28:18+00:00
2024,KY,21131,Leslie County,2024-11-03,2,1329,,259,1070,82,1211,,,1,ky-sbe,2026-09-06T15:28:18+00:00
2024,KY,21131,Leslie County,2024-11-05,0,1343,,273,1070,85,1222,,,1,ky-sbe,2026-09-06T15:28:18+00:00
2024,KY,21133,Letcher County,2024-09-23,43,0,,0,,,,,,1,ky-sbe,2026-09-06T15:28:18+00:00
2024,KY,21133,Letcher County,2024-09-26,40,0,,0,,,,,,1,ky-sbe,2026-09-06T15:28:18+00:00
2024,KY,21133,Letcher County,2024-09-30,36,0,,0,,,,,,1,ky-sbe,2026-09-06T15:28:18+00:00
2024,KY,21133,Letcher County,2024-10-08,28,31,,31,,19,11,,,1,ky-sbe,2026-09-06T15:28:18+00:00
2024,KY,21133,Letcher County,2024-10-14,22,101,,101,,58,41,,,1,ky-sbe,2026-09-06T15:28:18+00:00
2024,KY,21133,Letcher County,2024-10-21,15,153,,153,,88,61,,,1,ky-sbe,2026-09-06T15:28:18+00:00
2024,KY,21133,Letcher County,2024-10-23,13,234,,234,,127,98,,,1,ky-sbe,2026-09-06T15:28:18+00:00
2024,KY,21133,Letcher County,2024-10-25,11,296,,271,25,163,122,,,1,ky-sbe,2026-09-06T15:28:18+00:00
2024,KY,21133,Letcher County,2024-10-26,10,319,,285,34,171,135,,,1,ky-sbe,2026-09-06T15:28:18+00:00
2024,KY,21133,Letcher County,2024-10-29,7,380,,339,41,204,158,,,1,ky-sbe,2026-09-06T15:28:18+00:00
2024,KY,21133,Letcher County,2024-10-30,6,400,,353,47,213,169,,,1,ky-sbe,2026-09-06T15:28:18+00:00
2024,KY,21133,Letcher County,2024-10-31,5,423,,374,49,229,171,,,1,ky-sbe,2026-09-06T15:28:18+00:00
2024,KY,21133,Letcher County,2024-11-01,4,1237,,387,850,629,561,,,1,ky-sbe,2026-09-06T15:28:18+00:00
2024,KY,21133,Letcher County,2024-11-02,3,2072,,409,1663,1011,987,,,1,ky-sbe,2026-09-06T15:28:18+00:00
2024,KY,21133,Letcher County,2024-11-03,2,2702,,409,2293,1300,1310,,,1,ky-sbe,2026-09-06T15:28:18+00:00
2024,KY,21133,Letcher County,2024-11-05,0,2729,,436,2293,1315,1321,,,1,ky-sbe,2026-09-06T15:28:18+00:00
2024,KY,21135,Lewis County,2024-09-23,43,0,,0,,,,,,1,ky-sbe,2026-09-06T15:28:18+00:00
2024,KY,21135,Lewis County,2024-09-26,40,0,,0,,,,,,1,ky-sbe,2026-09-06T15:28:18+00:00
2024,KY,21135,Lewis County,2024-09-30,36,0,,0,,,,,,1,ky-sbe,2026-09-06T15:28:18+00:00
2024,KY,21135,Lewis County,2024-10-08,28,35,,35,,5,27,,,1,ky-sbe,2026-09-06T15:28:18+00:00
2024,KY,21135,Lewis County,2024-10-14,22,76,,76,,12,58,,,1,ky-sbe,2026-09-06T15:28:18+00:00
2024,KY,21135,Lewis County,2024-10-21,15,136,,136,,19,108,,,1,ky-sbe,2026-09-06T15:28:18+00:00
2024,KY,21135,Lewis County,2024-10-23,13,159,,159,,27,122,,,1,ky-sbe,2026-09-06T15:28:18+00:00
2024,KY,21135,Lewis County,2024-10-25,11,211,,179,32,40,160,,,1,ky-sbe,2026-09-06T15:28:18+00:00
2024,KY,21135,Lewis County,2024-10-26,10,253,,200,53,43,199,,,1,ky-sbe,2026-09-06T15:28:18+00:00
2024,KY,21135,Lewis County,2024-10-29,7,301,,225,76,47,240,,,1,ky-sbe,2026-09-06T15:28:18+00:00
2024,KY,21135,Lewis County,2024-10-30,6,337,,252,85,53,269,,,1,ky-sbe,2026-09-06T15:28:18+00:00
2024,KY,21135,Lewis County,2024-10-31,5,350,,260,90,54,281,,,1,ky-sbe,2026-09-06T15:28:18+00:00
2024,KY,21135,Lewis County,2024-11-01,4,755,,263,492,103,626,,,1,ky-sbe,2026-09-06T15:28:18+00:00
2024,KY,21135,Lewis County,2024-11-02,3,1127,,279,848,157,922,,,1,ky-sbe,2026-09-06T15:28:18+00:00
2024,KY,21135,Lewis County,2024-11-03,2,1390,,279,1111,193,1139,,,1,ky-sbe,2026-09-06T15:28:18+00:00
2024,KY,21135,Lewis County,2024-11-05,0,1406,,295,1111,195,1152,,,1,ky-sbe,2026-09-06T15:28:18+00:00
2024,KY,21137,Lincoln County,2024-09-23,43,0,,0,,,,,,1,ky-sbe,2026-09-06T15:28:18+00:00
2024,KY,21137,Lincoln County,2024-09-26,40,0,,0,,,,,,1,ky-sbe,2026-09-06T15:28:18+00:00
2024,KY,21137,Lincoln County,2024-09-30,36,0,,0,,,,,,1,ky-sbe,2026-09-06T15:28:18+00:00
2024,KY,21137,Lincoln County,2024-10-08,28,95,,95,,49,42,,,1,ky-sbe,2026-09-06T15:28:18+00:00
2024,KY,21137,Lincoln County,2024-10-14,22,118,,118,,61,53,,,1,ky-sbe,2026-09-06T15:28:18+00:00
2024,KY,21137,Lincoln County,2024-10-21,15,220,,220,,109,101,,,1,ky-sbe,2026-09-06T15:28:18+00:00
2024,KY,21137,Lincoln County,2024-10-23,13,294,,294,,135,142,,,1,ky-sbe,2026-09-06T15:28:18+00:00
2024,KY,21137,Lincoln County,2024-10-25,11,560,,305,255,217,314,,,1,ky-sbe,2026-09-06T15:28:18+00:00
2024,KY,21137,Lincoln County,2024-10-26,10,694,,317,377,261,395,,,1,ky-sbe,2026-09-06T15:28:18+00:00
2024,KY,21137,Lincoln County,2024-10-29,7,924,,398,526,342,532,,,1,ky-sbe,2026-09-06T15:28:18+00:00
2024,KY,21137,Lincoln County,2024-10-30,6,1050,,404,646,376,619,,,1,ky-sbe,2026-09-06T15:28:18+00:00
2024,KY,21137,Lincoln County,2024-10-31,5,1226,,451,775,429,733,,,1,ky-sbe,2026-09-06T15:28:18+00:00
2024,KY,21137,Lincoln County,2024-11-01,4,2238,,451,1787,754,1365,,,1,ky-sbe,2026-09-06T15:28:18+00:00
2024,KY,21137,Lincoln County,2024-11-02,3,3275,,458,2817,1050,2047,,,1,ky-sbe,2026-09-06T15:28:18+00:00
2024,KY,21137,Lincoln County,2024-11-03,2,4149,,497,3652,1293,2624,,,1,ky-sbe,2026-09-06T15:28:18+00:00
2024,KY,21137,Lincoln County,2024-11-05,0,4149,,497,3652,1293,2624,,,1,ky-sbe,2026-09-06T15:28:18+00:00
2024,KY,21139,Livingston County,2024-09-23,43,0,,0,,,,,,1,ky-sbe,2026-09-06T15:28:18+00:00
2024,KY,21139,Livingston County,2024-09-26,40,0,,0,,,,,,1,ky-sbe,2026-09-06T15:28:18+00:00
2024,KY,21139,Livingston County,2024-09-30,36,0,,0,,,,,,1,ky-sbe,2026-09-06T15:28:18+00:00
2024,KY,21139,Livingston County,2024-10-08,28,47,,47,,21,23,,,1,ky-sbe,2026-09-06T15:28:18+00:00
2024,KY,21139,Livingston County,2024-10-14,22,70,,70,,35,32,,,1,ky-sbe,2026-09-06T15:28:18+00:00
2024,KY,21139,Livingston County,2024-10-21,15,143,,143,,73,66,,,1,ky-sbe,2026-09-06T15:28:18+00:00
2024,KY,21139,Livingston County,2024-10-23,13,181,,181,,93,81,,,1,ky-sbe,2026-09-06T15:28:18+00:00
2024,KY,21139,Livingston County,2024-10-25,11,285,,226,59,139,135,,,1,ky-sbe,2026-09-06T15:28:18+00:00
2024,KY,21139,Livingston County,2024-10-26,10,316,,238,78,145,160,,,1,ky-sbe,2026-09-06T15:28:18+00:00
2024,KY,21139,Livingston County,2024-10-29,7,351,,256,95,158,179,,,1,ky-sbe,2026-09-06T15:28:18+00:00
2024,KY,21139,Livingston County,2024-10-30,6,370,,262,108,163,192,,,1,ky-sbe,2026-09-06T15:28:18+00:00
2024,KY,21139,Livingston County,2024-10-31,5,427,,277,150,185,225,,,1,ky-sbe,2026-09-06T15:28:18+00:00
2024,KY,21139,Livingston County,2024-11-01,4,1015,,286,729,376,597,,,1,ky-sbe,2026-09-06T15:28:18+00:00
2024,KY,21139,Livingston County,2024-11-02,3,1485,,287,1198,535,885,,,1,ky-sbe,2026-09-06T15:28:18+00:00
2024,KY,21139,Livingston County,2024-11-03,2,1858,,295,1563,687,1083,,,1,ky-sbe,2026-09-06T15:28:18+00:00
2024,KY,21139,Livingston County,2024-11-05,0,1865,,302,1563,691,1086,,,1,ky-sbe,2026-09-06T15:28:18+00:00
2024,KY,21141,Logan County,2024-09-23,43,0,,0,,,,,,1,ky-sbe,2026-09-06T15:28:18+00:00
2024,KY,21141,Logan County,2024-09-26,40,0,,0,,,,,,1,ky-sbe,2026-09-06T15:28:18+00:00
2024,KY,21141,Logan County,2024-09-30,36,0,,0,,,,,,1,ky-sbe,2026-09-06T15:28:18+00:00
2024,KY,21141,Logan County,2024-10-08,28,90,,90,,56,30,,,1,ky-sbe,2026-09-06T15:28:18+00:00
2024,KY,21141,Logan County,2024-10-14,22,147,,147,,96,46,,,1,ky-sbe,2026-09-06T15:28:18+00:00
2024,KY,21141,Logan County,2024-10-21,15,227,,227,,143,72,,,1,ky-sbe,2026-09-06T15:28:18+00:00
2024,KY,21141,Logan County,2024-10-23,13,296,,296,,179,99,,,1,ky-sbe,2026-09-06T15:28:18+00:00
2024,KY,21141,Logan County,2024-10-25,11,391,,335,56,225,139,,,1,ky-sbe,2026-09-06T15:28:18+00:00
2024,KY,21141,Logan County,2024-10-26,10,420,,358,62,237,151,,,1,ky-sbe,2026-09-06T15:28:18+00:00
2024,KY,21141,Logan County,2024-10-29,7,483,,385,98,272,175,,,1,ky-sbe,2026-09-06T15:28:18+00:00
2024,KY,21141,Logan County,2024-10-30,6,529,,404,125,292,195,,,1,ky-sbe,2026-09-06T15:28:18+00:00
2024,KY,21141,Logan County,2024-10-31,5,579,,435,144,320,214,,,1,ky-sbe,2026-09-06T15:28:18+00:00
2024,KY,21141,Logan County,2024-11-01,4,2474,,449,2025,1130,1200,,,1,ky-sbe,2026-09-06T15:28:18+00:00
2024,KY,21141,Logan County,2024-11-02,3,4103,,458,3645,1767,2096,,,1,ky-sbe,2026-09-06T15:28:18+00:00
2024,KY,21141,Logan County,2024-11-03,2,5418,,458,4960,2255,2847,,,1,ky-sbe,2026-09-06T15:28:18+00:00
2024,KY,21141,Logan County,2024-11-05,0,5453,,493,4960,2276,2859,,,1,ky-sbe,2026-09-06T15:28:18+00:00
2024,KY,21143,Lyon County,2024-09-23,43,0,,0,,,,,,1,ky-sbe,2026-09-06T15:28:18+00:00
2024,KY,21143,Lyon County,2024-09-26,40,0,,0,,,,,,1,ky-sbe,2026-09-06T15:28:18+00:00
2024,KY,21143,Lyon County,2024-09-30,36,0,,0,,,,,,1,ky-sbe,2026-09-06T15:28:18+00:00
2024,KY,21143,Lyon County,2024-10-08,28,42,,42,,23,16,,,1,ky-sbe,2026-09-06T15:28:18+00:00
2024,KY,21143,Lyon County,2024-10-14,22,61,,61,,32,24,,,1,ky-sbe,2026-09-06T15:28:18+00:00
2024,KY,21143,Lyon County,2024-10-21,15,89,,89,,46,35,,,1,ky-sbe,2026-09-06T15:28:18+00:00
2024,KY,21143,Lyon County,2024-10-23,13,110,,110,,57,45,,,1,ky-sbe,2026-09-06T15:28:18+00:00
2024,KY,21143,Lyon County,2024-10-25,11,172,,133,39,86,74,,,1,ky-sbe,2026-09-06T15:28:18+00:00
2024,KY,21143,Lyon County,2024-10-26,10,205,,140,65,97,95,,,1,ky-sbe,2026-09-06T15:28:18+00:00
2024,KY,21143,Lyon County,2024-10-29,7,233,,157,76,105,113,,,1,ky-sbe,2026-09-06T15:28:18+00:00
2024,KY,21143,Lyon County,2024-10-30,6,255,,167,88,116,124,,,1,ky-sbe,2026-09-06T15:28:18+00:00
2024,KY,21143,Lyon County,2024-10-31,5,267,,174,93,121,131,,,1,ky-sbe,2026-09-06T15:28:18+00:00
2024,KY,21143,Lyon County,2024-11-01,4,960,,182,778,370,526,,,1,ky-sbe,2026-09-06T15:28:18+00:00
2024,KY,21143,Lyon County,2024-11-02,3,1561,,189,1372,625,828,,,1,ky-sbe,2026-09-06T15:28:18+00:00
2024,KY,21143,Lyon County,2024-11-03,2,1904,,189,1715,752,1016,,,1,ky-sbe,2026-09-06T15:28:18+00:00
2024,KY,21143,Lyon County,2024-11-05,0,1912,,197,1715,756,1018,,,1,ky-sbe,2026-09-06T15:28:18+00:00
2024,KY,21145,McCracken County,2024-09-23,43,0,,0,,,,,,1,ky-sbe,2026-09-06T15:28:18+00:00
2024,KY,21145,McCracken County,2024-09-26,40,0,,0,,,,,,1,ky-sbe,2026-09-06T15:28:18+00:00
2024,KY,21145,McCracken County,2024-09-30,36,0,,0,,,,,,1,ky-sbe,2026-09-06T15:28:18+00:00
2024,KY,21145,McCracken County,2024-10-08,28,277,,277,,133,127,,,1,ky-sbe,2026-09-06T15:28:18+00:00
2024,KY,21145,McCracken County,2024-10-14,22,475,,475,,232,208,,,1,ky-sbe,2026-09-06T15:28:18+00:00
2024,KY,21145,McCracken County,2024-10-21,15,823,,823,,447,320,,,1,ky-sbe,2026-09-06T15:28:18+00:00
2024,KY,21145,McCracken County,2024-10-23,13,1119,,1119,,600,421,,,1,ky-sbe,2026-09-06T15:28:18+00:00
2024,KY,21145,McCracken County,2024-10-25,11,1524,,1309,215,761,634,,,1,ky-sbe,2026-09-06T15:28:18+00:00
2024,KY,21145,McCracken County,2024-10-26,10,1792,,1440,352,884,767,,,1,ky-sbe,2026-09-06T15:28:18+00:00
2024,KY,21145,McCracken County,2024-10-29,7,1996,,1503,493,952,883,,,1,ky-sbe,2026-09-06T15:28:18+00:00
2024,KY,21145,McCracken County,2024-10-30,6,2331,,1706,625,1096,1040,,,1,ky-sbe,2026-09-06T15:28:18+00:00
2024,KY,21145,McCracken County,2024-10-31,5,2473,,1749,724,1159,1109,,,1,ky-sbe,2026-09-06T15:28:18+00:00
2024,KY,21145,McCracken County,2024-11-01,4,5138,,1829,3309,2088,2651,,,1,ky-sbe,2026-09-06T15:28:18+00:00
2024,KY,21145,McCracken County,2024-11-02,3,8085,,1953,6132,3253,4215,,,1,ky-sbe,2026-09-06T15:28:18+00:00
2024,KY,21145,McCracken County,2024-11-03,2,10310,,1971,8339,4185,5320,,,1,ky-sbe,2026-09-06T15:28:18+00:00
2024,KY,21145,McCracken County,2024-11-05,0,10408,,2069,8339,4239,5351,,,1,ky-sbe,2026-09-06T15:28:18+00:00
2024,KY,21147,McCreary County,2024-09-23,43,0,,0,,,,,,1,ky-sbe,2026-09-06T15:28:18+00:00
2024,KY,21147,McCreary County,2024-09-26,40,0,,0,,,,,,1,ky-sbe,2026-09-06T15:28:18+00:00
2024,KY,21147,McCreary County,2024-09-30,36,0,,0,,,,,,1,ky-sbe,2026-09-06T15:28:18+00:00
2024,KY,21147,McCreary County,2024-10-08,28,45,,45,,9,35,,,1,ky-sbe,2026-09-06T15:28:18+00:00
2024,KY,21147,McCreary County,2024-10-14,22,73,,73,,15,57,,,1,ky-sbe,2026-09-06T15:28:18+00:00
2024,KY,21147,McCreary County,2024-10-21,15,134,,134,,36,92,,,1,ky-sbe,2026-09-06T15:28:18+00:00
2024,KY,21147,McCreary County,2024-10-23,13,192,,192,,46,135,,,1,ky-sbe,2026-09-06T15:28:18+00:00
2024,KY,21147,McCreary County,2024-10-25,11,324,,209,115,57,248,,,1,ky-sbe,2026-09-06T15:28:18+00:00
2024,KY,21147,McCreary County,2024-10-26,10,392,,221,171,66,304,,,1,ky-sbe,2026-09-06T15:28:18+00:00
2024,KY,21147,McCreary County,2024-10-29,7,475,,252,223,73,377,,,1,ky-sbe,2026-09-06T15:28:18+00:00
2024,KY,21147,McCreary County,2024-10-30,6,515,,264,251,81,407,,,1,ky-sbe,2026-09-06T15:28:18+00:00
2024,KY,21147,McCreary County,2024-10-31,5,557,,288,269,89,438,,,1,ky-sbe,2026-09-06T15:28:18+00:00
2024,KY,21147,McCreary County,2024-11-01,4,971,,294,677,129,787,,,1,ky-sbe,2026-09-06T15:28:18+00:00
2024,KY,21147,McCreary County,2024-11-02,3,1397,,310,1087,177,1141,,,1,ky-sbe,2026-09-06T15:28:18+00:00
2024,KY,21147,McCreary County,2024-11-03,2,1781,,310,1471,237,1446,,,1,ky-sbe,2026-09-06T15:28:18+00:00
2024,KY,21147,McCreary County,2024-11-05,0,1798,,327,1471,238,1459,,,1,ky-sbe,2026-09-06T15:28:18+00:00
2024,KY,21149,McLean County,2024-09-23,43,0,,0,,,,,,1,ky-sbe,2026-09-06T15:28:18+00:00
2024,KY,21149,McLean County,2024-09-26,40,0,,0,,,,,,1,ky-sbe,2026-09-06T15:28:18+00:00
2024,KY,21149,McLean County,2024-09-30,36,0,,0,,,,,,1,ky-sbe,2026-09-06T15:28:18+00:00
2024,KY,21149,McLean County,2024-10-08,28,41,,41,,21,17,,,1,ky-sbe,2026-09-06T15:28:18+00:00
2024,KY,21149,McLean County,2024-10-14,22,59,,59,,29,25,,,1,ky-sbe,2026-09-06T15:28:18+00:00
2024,KY,21149,McLean County,2024-10-21,15,91,,91,,47,39,,,1,ky-sbe,2026-09-06T15:28:18+00:00
2024,KY,21149,McLean County,2024-10-23,13,111,,111,,56,49,,,1,ky-sbe,2026-09-06T15:28:18+00:00
2024,KY,21149,McLean County,2024-10-25,11,171,,136,35,88,74,,,1,ky-sbe,2026-09-06T15:28:18+00:00
2024,KY,21149,McLean County,2024-10-26,10,203,,148,55,100,93,,,1,ky-sbe,2026-09-06T15:28:18+00:00
2024,KY,21149,McLean County,2024-10-29,7,240,,158,82,118,112,,,1,ky-sbe,2026-09-06T15:28:18+00:00
2024,KY,21149,McLean County,2024-10-30,6,260,,161,99,126,123,,,1,ky-sbe,2026-09-06T15:28:18+00:00
2024,KY,21149,McLean County,2024-10-31,5,281,,167,114,135,134,,,1,ky-sbe,2026-09-06T15:28:18+00:00
2024,KY,21149,McLean County,2024-11-01,4,623,,177,446,291,303,,,1,ky-sbe,2026-09-06T15:28:18+00:00
2024,KY,21149,McLean County,2024-11-02,3,935,,178,757,442,450,,,1,ky-sbe,2026-09-06T15:28:18+00:00
2024,KY,21149,McLean County,2024-11-03,2,1159,,183,976,517,588,,,1,ky-sbe,2026-09-06T15:28:18+00:00
2024,KY,21149,McLean County,2024-11-05,0,1163,,187,976,517,591,,,1,ky-sbe,2026-09-06T15:28:18+00:00
2024,KY,21151,Madison County,2024-09-23,43,0,,0,,,,,,1,ky-sbe,2026-09-06T15:28:18+00:00
2024,KY,21151,Madison County,2024-09-26,40,0,,0,,,,,,1,ky-sbe,2026-09-06T15:28:18+00:00
2024,KY,21151,Madison County,2024-09-30,36,0,,0,,,,,,1,ky-sbe,2026-09-06T15:28:18+00:00
2024,KY,21151,Madison County,2024-10-08,28,5,,5,,0,0,,,1,ky-sbe,2026-09-06T15:28:18+00:00
2024,KY,21151,Madison County,2024-10-14,22,427,,427,,250,132,,,1,ky-sbe,2026-09-06T15:28:18+00:00
2024,KY,21151,Madison County,2024-10-21,15,934,,934,,497,354,,,1,ky-sbe,2026-09-06T15:28:18+00:00
2024,KY,21151,Madison County,2024-10-23,13,1225,,1225,,657,464,,,1,ky-sbe,2026-09-06T15:28:18+00:00
2024,KY,21151,Madison County,2024-10-25,11,1522,,1350,172,791,608,,,1,ky-sbe,2026-09-06T15:28:18+00:00
2024,KY,21151,Madison County,2024-10-26,10,1576,,1359,217,808,632,,,1,ky-sbe,2026-09-06T15:28:18+00:00
2024,KY,21151,Madison County,2024-10-29,7,1981,,1722,259,1012,801,,,1,ky-sbe,2026-09-06T15:28:18+00:00
2024,KY,21151,Madison County,2024-10-30,6,2012,,1724,288,1023,817,,,1,ky-sbe,2026-09-06T15:28:18+00:00
2024,KY,21151,Madison County,2024-10-31,5,2486,,2178,308,1283,994,,,1,ky-sbe,2026-09-06T15:28:18+00:00
2024,KY,21151,Madison County,2024-11-01,4,10426,,2183,8243,4441,5158,,,1,ky-sbe,2026-09-06T15:28:18+00:00
2024,KY,21151,Madison County,2024-11-02,3,18156,,2371,15785,7329,9419,,,1,ky-sbe,2026-09-06T15:28:18+00:00
2024,KY,21151,Madison County,2024-11-03,2,24792,,2371,22421,9740,13066,,,1,ky-sbe,2026-09-06T15:28:18+00:00
2024,KY,21151,Madison County,2024-11-05,0,25065,,2644,22421,9864,13173,,,1,ky-sbe,2026-09-06T15:28:18+00:00
2024,KY,21153,Magoffin County,2024-09-23,43,0,,0,,,,,,1,ky-sbe,2026-09-06T15:28:18+00:00
2024,KY,21153,Magoffin County,2024-09-26,40,0,,0,,,,,,1,ky-sbe,2026-09-06T15:28:18+00:00
2024,KY,21153,Magoffin County,2024-09-30,36,0,,0,,,,,,1,ky-sbe,2026-09-06T15:28:18+00:00
2024,KY,21153,Magoffin County,2024-10-08,28,74,,74,,47,26,,,1,ky-sbe,2026-09-06T15:28:18+00:00
2024,KY,21153,Magoffin County,2024-10-14,22,117,,117,,83,33,,,1,ky-sbe,2026-09-06T15:28:18+00:00
2024,KY,21153,Magoffin County,2024-10-21,15,204,,204,,133,69,,,1,ky-sbe,2026-09-06T15:28:18+00:00
2024,KY,21153,Magoffin County,2024-10-23,13,259,,259,,164,91,,,1,ky-sbe,2026-09-06T15:28:18+00:00
2024,KY,21153,Magoffin County,2024-10-25,11,428,,322,106,237,184,,,1,ky-sbe,2026-09-06T15:28:18+00:00
2024,KY,21153,Magoffin County,2024-10-26,10,545,,375,170,301,235,,,1,ky-sbe,2026-09-06T15:28:18+00:00
2024,KY,21153,Magoffin County,2024-10-29,7,630,,386,244,337,282,,,1,ky-sbe,2026-09-06T15:28:18+00:00
2024,KY,21153,Magoffin County,2024-10-30,6,736,,414,322,391,333,,,1,ky-sbe,2026-09-06T15:28:18+00:00
2024,KY,21153,Magoffin County,2024-10-31,5,845,,441,404,445,386,,,1,ky-sbe,2026-09-06T15:28:18+00:00
2024,KY,21153,Magoffin County,2024-11-01,4,1081,,441,640,560,499,,,1,ky-sbe,2026-09-06T15:28:18+00:00
2024,KY,21153,Magoffin County,2024-11-02,3,1419,,473,946,740,651,,,1,ky-sbe,2026-09-06T15:28:18+00:00
2024,KY,21153,Magoffin County,2024-11-03,2,1718,,473,1245,888,799,,,1,ky-sbe,2026-09-06T15:28:18+00:00
2024,KY,21153,Magoffin County,2024-11-05,0,1748,,503,1245,905,812,,,1,ky-sbe,2026-09-06T15:28:18+00:00
2024,KY,21155,Marion County,2024-09-23,43,0,,0,,,,,,1,ky-sbe,2026-09-06T15:28:18+00:00
2024,KY,21155,Marion County,2024-09-26,40,0,,0,,,,,,1,ky-sbe,2026-09-06T15:28:18+00:00
2024,KY,21155,Marion County,2024-09-30,36,0,,0,,,,,,1,ky-sbe,2026-09-06T15:28:18+00:00
2024,KY,21155,Marion County,2024-10-08,28,48,,48,,34,12,,,1,ky-sbe,2026-09-06T15:28:18+00:00
2024,KY,21155,Marion County,2024-10-14,22,80,,80,,54,22,,,1,ky-sbe,2026-09-06T15:28:18+00:00
2024,KY,21155,Marion County,2024-10-21,15,160,,160,,119,30,,,1,ky-sbe,2026-09-06T15:28:18+00:00
2024,KY,21155,Marion County,2024-10-23,13,188,,188,,141,32,,,1,ky-sbe,2026-09-06T15:28:18+00:00
2024,KY,21155,Marion County,2024-10-25,11,248,,220,28,182,49,,,1,ky-sbe,2026-09-06T15:28:18+00:00
2024,KY,21155,Marion County,2024-10-26,10,267,,222,45,192,57,,,1,ky-sbe,2026-09-06T15:28:18+00:00
2024,KY,21155,Marion County,2024-10-29,7,298,,238,60,208,71,,,1,ky-sbe,2026-09-06T15:28:18+00:00
2024,KY,21155,Marion County,2024-10-30,6,324,,260,64,226,78,,,1,ky-sbe,2026-09-06T15:28:18+00:00
2024,KY,21155,Marion County,2024-10-31,5,339,,274,65,234,84,,,1,ky-sbe,2026-09-06T15:28:18+00:00
2024,KY,21155,Marion County,2024-11-01,4,1539,,286,1253,982,495,,,1,ky-sbe,2026-09-06T15:28:18+00:00
2024,KY,21155,Marion County,2024-11-02,3,2679,,302,2377,1644,920,,,1,ky-sbe,2026-09-06T15:28:18+00:00
2024,KY,21155,Marion County,2024-11-03,2,3510,,302,3208,2127,1225,,,1,ky-sbe,2026-09-06T15:28:18+00:00
2024,KY,21155,Marion County,2024-11-05,0,3523,,315,3208,2134,1229,,,1,ky-sbe,2026-09-06T15:28:18+00:00
2024,KY,21157,Marshall County,2024-09-23,43,0,,0,,,,,,1,ky-sbe,2026-09-06T15:28:18+00:00
2024,KY,21157,Marshall County,2024-09-26,40,0,,0,,,,,,1,ky-sbe,2026-09-06T15:28:18+00:00
2024,KY,21157,Marshall County,2024-09-30,36,0,,0,,,,,,1,ky-sbe,2026-09-06T15:28:18+00:00
2024,KY,21157,Marshall County,2024-10-08,28,44,,44,,28,14,,,1,ky-sbe,2026-09-06T15:28:18+00:00
2024,KY,21157,Marshall County,2024-10-14,22,86,,86,,48,31,,,1,ky-sbe,2026-09-06T15:28:18+00:00
2024,KY,21157,Marshall County,2024-10-21,15,263,,263,,131,115,,,1,ky-sbe,2026-09-06T15:28:18+00:00
2024,KY,21157,Marshall County,2024-10-23,13,308,,308,,146,139,,,1,ky-sbe,2026-09-06T15:28:18+00:00
2024,KY,21157,Marshall County,2024-10-25,11,540,,457,83,248,254,,,1,ky-sbe,2026-09-06T15:28:18+00:00
2024,KY,21157,Marshall County,2024-10-26,10,584,,479,105,262,282,,,1,ky-sbe,2026-09-06T15:28:18+00:00
2024,KY,21157,Marshall County,2024-10-29,7,655,,521,134,290,319,,,1,ky-sbe,2026-09-06T15:28:18+00:00
2024,KY,21157,Marshall County,2024-10-30,6,722,,574,148,321,350,,,1,ky-sbe,2026-09-06T15:28:18+00:00
2024,KY,21157,Marshall County,2024-10-31,5,755,,593,162,329,375,,,1,ky-sbe,2026-09-06T15:28:18+00:00
2024,KY,21157,Marshall County,2024-11-01,4,2656,,593,2063,960,1523,,,1,ky-sbe,2026-09-06T15:28:18+00:00
2024,KY,21157,Marshall County,2024-11-02,3,4603,,608,3995,1674,2650,,,1,ky-sbe,2026-09-06T15:28:18+00:00
2024,KY,21157,Marshall County,2024-11-03,2,6196,,608,5588,2270,3566,,,1,ky-sbe,2026-09-06T15:28:18+00:00
2024,KY,21157,Marshall County,2024-11-05,0,6260,,672,5588,2298,3599,,,1,ky-sbe,2026-09-06T15:28:18+00:00
2024,KY,21159,Martin County,2024-09-23,43,0,,0,,,,,,1,ky-sbe,2026-09-06T15:28:18+00:00
2024,KY,21159,Martin County,2024-09-26,40,0,,0,,,,,,1,ky-sbe,2026-09-06T15:28:18+00:00
2024,KY,21159,Martin County,2024-09-30,36,0,,0,,,,,,1,ky-sbe,2026-09-06T15:28:18+00:00
2024,KY,21159,Martin County,2024-10-08,28,5,,5,,3,2,,,1,ky-sbe,2026-09-06T15:28:18+00:00
2024,KY,21159,Martin County,2024-10-14,22,47,,47,,13,32,,,1,ky-sbe,2026-09-06T15:28:18+00:00
2024,KY,21159,Martin County,2024-10-21,15,87,,87,,18,67,,,1,ky-sbe,2026-09-06T15:28:18+00:00
2024,KY,21159,Martin County,2024-10-23,13,87,,87,,18,67,,,1,ky-sbe,2026-09-06T15:28:18+00:00
2024,KY,21159,Martin County,2024-10-25,11,227,,121,106,36,185,,,1,ky-sbe,2026-09-06T15:28:18+00:00
2024,KY,21159,Martin County,2024-10-26,10,286,,121,165,43,236,,,1,ky-sbe,2026-09-06T15:28:18+00:00
2024,KY,21159,Martin County,2024-10-29,7,358,,152,206,47,304,,,1,ky-sbe,2026-09-06T15:28:18+00:00
2024,KY,21159,Martin County,2024-10-30,6,437,,182,255,55,375,,,1,ky-sbe,2026-09-06T15:28:18+00:00
2024,KY,21159,Martin County,2024-10-31,5,466,,182,284,55,404,,,1,ky-sbe,2026-09-06T15:28:18+00:00
2024,KY,21159,Martin County,2024-11-01,4,768,,182,586,76,677,,,1,ky-sbe,2026-09-06T15:28:18+00:00
2024,KY,21159,Martin County,2024-11-02,3,1143,,182,961,110,1013,,,1,ky-sbe,2026-09-06T15:28:18+00:00
2024,KY,21159,Martin County,2024-11-03,2,1467,,206,1261,144,1291,,,1,ky-sbe,2026-09-06T15:28:18+00:00
2024,KY,21159,Martin County,2024-11-05,0,1477,,216,1261,145,1299,,,1,ky-sbe,2026-09-06T15:28:18+00:00
2024,KY,21161,Mason County,2024-09-23,43,0,,0,,,,,,1,ky-sbe,2026-09-06T15:28:18+00:00
2024,KY,21161,Mason County,2024-09-26,40,0,,0,,,,,,1,ky-sbe,2026-09-06T15:28:18+00:00
2024,KY,21161,Mason County,2024-09-30,36,0,,0,,,,,,1,ky-sbe,2026-09-06T15:28:18+00:00
2024,KY,21161,Mason County,2024-10-08,28,80,,80,,49,23,,,1,ky-sbe,2026-09-06T15:28:18+00:00
2024,KY,21161,Mason County,2024-10-14,22,138,,138,,75,51,,,1,ky-sbe,2026-09-06T15:28:18+00:00
2024,KY,21161,Mason County,2024-10-21,15,239,,239,,137,78,,,1,ky-sbe,2026-09-06T15:28:18+00:00
2024,KY,21161,Mason County,2024-10-23,13,296,,296,,169,99,,,1,ky-sbe,2026-09-06T15:28:18+00:00
2024,KY,21161,Mason County,2024-10-25,11,352,,313,39,189,131,,,1,ky-sbe,2026-09-06T15:28:18+00:00
2024,KY,21161,Mason County,2024-10-26,10,394,,336,58,214,144,,,1,ky-sbe,2026-09-06T15:28:18+00:00
2024,KY,21161,Mason County,2024-10-29,7,448,,372,76,236,170,,,1,ky-sbe,2026-09-06T15:28:18+00:00
2024,KY,21161,Mason County,2024-10-30,6,477,,393,84,247,186,,,1,ky-sbe,2026-09-06T15:28:18+00:00
2024,KY,21161,Mason County,2024-10-31,5,501,,410,91,261,194,,,1,ky-sbe,2026-09-06T15:28:18+00:00
2024,KY,21161,Mason County,2024-11-01,4,1642,,435,1207,830,694,,,1,ky-sbe,2026-09-06T15:28:18+00:00
2024,KY,21161,Mason County,2024-11-02,3,2553,,451,2102,1272,1109,,,1,ky-sbe,2026-09-06T15:28:18+00:00
2024,KY,21161,Mason County,2024-11-03,2,3305,,451,2854,1609,1464,,,1,ky-sbe,2026-09-06T15:28:18+00:00
2024,KY,21161,Mason County,2024-11-05,0,3339,,485,2854,1622,1479,,,1,ky-sbe,2026-09-06T15:28:18+00:00
2024,KY,21163,Meade County,2024-09-23,43,0,,0,,,,,,1,ky-sbe,2026-09-06T15:28:18+00:00
2024,KY,21163,Meade County,2024-09-26,40,0,,0,,,,,,1,ky-sbe,2026-09-06T15:28:18+00:00
2024,KY,21163,Meade County,2024-09-30,36,0,,0,,,,,,1,ky-sbe,2026-09-06T15:28:18+00:00
2024,KY,21163,Meade County,2024-10-08,28,88,,88,,49,35,,,1,ky-sbe,2026-09-06T15:28:18+00:00
2024,KY,21163,Meade County,2024-10-14,22,135,,135,,76,53,,,1,ky-sbe,2026-09-06T15:28:18+00:00
2024,KY,21163,Meade County,2024-10-21,15,212,,212,,111,84,,,1,ky-sbe,2026-09-06T15:28:18+00:00
2024,KY,21163,Meade County,2024-10-23,13,297,,297,,144,115,,,1,ky-sbe,2026-09-06T15:28:18+00:00
2024,KY,21163,Meade County,2024-10-25,11,445,,373,72,205,186,,,1,ky-sbe,2026-09-06T15:28:18+00:00
2024,KY,21163,Meade County,2024-10-26,10,507,,397,110,233,215,,,1,ky-sbe,2026-09-06T15:28:18+00:00
2024,KY,21163,Meade County,2024-10-29,7,593,,449,144,258,257,,,1,ky-sbe,2026-09-06T15:28:18+00:00
2024,KY,21163,Meade County,2024-10-30,6,635,,472,163,269,285,,,1,ky-sbe,2026-09-06T15:28:18+00:00
2024,KY,21163,Meade County,2024-10-31,5,681,,497,184,290,303,,,1,ky-sbe,2026-09-06T15:28:18+00:00
2024,KY,21163,Meade County,2024-11-01,4,2082,,526,1556,803,1105,,,1,ky-sbe,2026-09-06T15:28:18+00:00
2024,KY,21163,Meade County,2024-11-02,3,3877,,559,3318,1505,2076,,,1,ky-sbe,2026-09-06T15:28:18+00:00
2024,KY,21163,Meade County,2024-11-03,2,5459,,559,4900,2069,2977,,,1,ky-sbe,2026-09-06T15:28:18+00:00
2024,KY,21163,Meade County,2024-11-05,0,5511,,611,4900,2090,3001,,,1,ky-sbe,2026-09-06T15:28:18+00:00
2024,KY,21165,Menifee County,2024-09-23,43,0,,0,,,,,,1,ky-sbe,2026-09-06T15:28:18+00:00
2024,KY,21165,Menifee County,2024-09-26,40,0,,0,,,,,,1,ky-sbe,2026-09-06T15:28:18+00:00
2024,KY,21165,Menifee County,2024-09-30,36,0,,0,,,,,,1,ky-sbe,2026-09-06T15:28:18+00:00
2024,KY,21165,Menifee County,2024-10-08,28,68,,68,,59,9,,,1,ky-sbe,2026-09-06T15:28:18+00:00
2024,KY,21165,Menifee County,2024-10-14,22,109,,109,,84,25,,,1,ky-sbe,2026-09-06T15:28:18+00:00
2024,KY,21165,Menifee County,2024-10-21,15,158,,158,,116,42,,,1,ky-sbe,2026-09-06T15:28:18+00:00
2024,KY,21165,Menifee County,2024-10-23,13,205,,205,,147,58,,,1,ky-sbe,2026-09-06T15:28:18+00:00
2024,KY,21165,Menifee County,2024-10-25,11,282,,226,56,193,86,,,1,ky-sbe,2026-09-06T15:28:18+00:00
2024,KY,21165,Menifee County,2024-10-26,10,348,,255,93,234,108,,,1,ky-sbe,2026-09-06T15:28:18+00:00
2024,KY,21165,Menifee County,2024-10-29,7,383,,265,118,252,121,,,1,ky-sbe,2026-09-06T15:28:18+00:00
2024,KY,21165,Menifee County,2024-10-30,6,433,,286,147,280,139,,,1,ky-sbe,2026-09-06T15:28:18+00:00
2024,KY,21165,Menifee County,2024-10-31,5,476,,289,187,295,163,,,1,ky-sbe,2026-09-06T15:28:18+00:00
2024,KY,21165,Menifee County,2024-11-01,4,822,,307,515,489,294,,,1,ky-sbe,2026-09-06T15:28:18+00:00
2024,KY,21165,Menifee County,2024-11-02,3,1149,,329,820,657,435,,,1,ky-sbe,2026-09-06T15:28:18+00:00
2024,KY,21165,Menifee County,2024-11-03,2,1467,,329,1138,825,577,,,1,ky-sbe,2026-09-06T15:28:18+00:00
2024,KY,21165,Menifee County,2024-11-05,0,1495,,357,1138,841,588,,,1,ky-sbe,2026-09-06T15:28:18+00:00
2024,KY,21167,Mercer County,2024-09-23,43,0,,0,,,,,,1,ky-sbe,2026-09-06T15:28:18+00:00
2024,KY,21167,Mercer County,2024-09-26,40,0,,0,,,,,,1,ky-sbe,2026-09-06T15:28:18+00:00
2024,KY,21167,Mercer County,2024-09-30,36,0,,0,,,,,,1,ky-sbe,2026-09-06T15:28:18+00:00
2024,KY,21167,Mercer County,2024-10-08,28,86,,86,,46,40,,,1,ky-sbe,2026-09-06T15:28:18+00:00
2024,KY,21167,Mercer County,2024-10-14,22,160,,160,,85,73,,,1,ky-sbe,2026-09-06T15:28:18+00:00
2024,KY,21167,Mercer County,2024-10-21,15,288,,288,,155,122,,,1,ky-sbe,2026-09-06T15:28:18+00:00
2024,KY,21167,Mercer County,2024-10-23,13,330,,330,,174,141,,,1,ky-sbe,2026-09-06T15:28:18+00:00
2024,KY,21167,Mercer County,2024-10-25,11,503,,385,118,254,223,,,1,ky-sbe,2026-09-06T15:28:18+00:00
2024,KY,21167,Mercer County,2024-10-26,10,575,,402,173,278,267,,,1,ky-sbe,2026-09-06T15:28:18+00:00
2024,KY,21167,Mercer County,2024-10-29,7,674,,448,226,321,319,,,1,ky-sbe,2026-09-06T15:28:18+00:00
2024,KY,21167,Mercer County,2024-10-30,6,720,,464,256,345,339,,,1,ky-sbe,2026-09-06T15:28:18+00:00
2024,KY,21167,Mercer County,2024-10-31,5,781,,483,298,374,370,,,1,ky-sbe,2026-09-06T15:28:18+00:00
2024,KY,21167,Mercer County,2024-11-01,4,1486,,510,976,640,762,,,1,ky-sbe,2026-09-06T15:28:18+00:00
2024,KY,21167,Mercer County,2024-11-02,3,2399,,523,1876,985,1264,,,1,ky-sbe,2026-09-06T15:28:18+00:00
2024,KY,21167,Mercer County,2024-11-03,2,3342,,542,2800,1352,1772,,,1,ky-sbe,2026-09-06T15:28:18+00:00
2024,KY,21167,Mercer County,2024-11-05,0,3360,,560,2800,1358,1779,,,1,ky-sbe,2026-09-06T15:28:18+00:00
2024,KY,21169,Metcalfe County,2024-09-23,43,0,,0,,,,,,1,ky-sbe,2026-09-06T15:28:18+00:00
2024,KY,21169,Metcalfe County,2024-09-26,40,0,,0,,,,,,1,ky-sbe,2026-09-06T15:28:18+00:00
2024,KY,21169,Metcalfe County,2024-09-30,36,0,,0,,,,,,1,ky-sbe,2026-09-06T15:28:18+00:00
2024,KY,21169,Metcalfe County,2024-10-08,28,43,,43,,23,16,,,1,ky-sbe,2026-09-06T15:28:18+00:00
2024,KY,21169,Metcalfe County,2024-10-14,22,76,,76,,37,30,,,1,ky-sbe,2026-09-06T15:28:18+00:00
2024,KY,21169,Metcalfe County,2024-10-21,15,119,,119,,57,48,,,1,ky-sbe,2026-09-06T15:28:18+00:00
2024,KY,21169,Metcalfe County,2024-10-23,13,138,,138,,66,56,,,1,ky-sbe,2026-09-06T15:28:18+00:00
2024,KY,21169,Metcalfe County,2024-10-25,11,178,,150,28,77,81,,,1,ky-sbe,2026-09-06T15:28:18+00:00
2024,KY,21169,Metcalfe County,2024-10-26,10,193,,157,36,83,89,,,1,ky-sbe,2026-09-06T15:28:18+00:00
2024,KY,21169,Metcalfe County,2024-10-29,7,215,,175,40,92,101,,,1,ky-sbe,2026-09-06T15:28:18+00:00
2024,KY,21169,Metcalfe County,2024-10-30,6,228,,180,48,98,108,,,1,ky-sbe,2026-09-06T15:28:18+00:00
2024,KY,21169,Metcalfe County,2024-10-31,5,244,,193,51,108,113,,,1,ky-sbe,2026-09-06T15:28:18+00:00
2024,KY,21169,Metcalfe County,2024-11-01,4,689,,198,491,270,368,,,1,ky-sbe,2026-09-06T15:28:18+00:00
2024,KY,21169,Metcalfe County,2024-11-02,3,1146,,205,941,421,641,,,1,ky-sbe,2026-09-06T15:28:18+00:00
2024,KY,21169,Metcalfe County,2024-11-03,2,1545,,205,1340,524,902,,,1,ky-sbe,2026-09-06T15:28:18+00:00
2024,KY,21169,Metcalfe County,2024-11-05,0,1552,,212,1340,527,906,,,1,ky-sbe,2026-09-06T15:28:18+00:00
2024,KY,21171,Monroe County,2024-09-23,43,0,,0,,,,,,1,ky-sbe,2026-09-06T15:28:18+00:00
2024,KY,21171,Monroe County,2024-09-26,40,0,,0,,,,,,1,ky-sbe,2026-09-06T15:28:18+00:00
2024,KY,21171,Monroe County,2024-09-30,36,0,,0,,,,,,1,ky-sbe,2026-09-06T15:28:18+00:00
2024,KY,21171,Monroe County,2024-10-08,28,44,,44,,6,35,,,1,ky-sbe,2026-09-06T15:28:18+00:00
2024,KY,21171,Monroe County,2024-10-14,22,67,,67,,6,55,,,1,ky-sbe,2026-09-06T15:28:18+00:00
2024,KY,21171,Monroe County,2024-10-21,15,105,,105,,8,91,,,1,ky-sbe,2026-09-06T15:28:18+00:00
2024,KY,21171,Monroe County,2024-10-23,13,120,,120,,9,102,,,1,ky-sbe,2026-09-06T15:28:18+00:00
2024,KY,21171,Monroe County,2024-10-25,11,170,,149,21,14,146,,,1,ky-sbe,2026-09-06T15:28:18+00:00
2024,KY,21171,Monroe County,2024-10-26,10,195,,158,37,16,167,,,1,ky-sbe,2026-09-06T15:28:18+00:00
2024,KY,21171,Monroe County,2024-10-29,7,222,,162,60,16,192,,,1,ky-sbe,2026-09-06T15:28:18+00:00
2024,KY,21171,Monroe County,2024-10-30,6,262,,182,80,19,229,,,1,ky-sbe,2026-09-06T15:28:18+00:00
2024,KY,21171,Monroe County,2024-10-31,5,281,,189,92,19,248,,,1,ky-sbe,2026-09-06T15:28:18+00:00
2024,KY,21171,Monroe County,2024-11-01,4,567,,197,370,56,488,,,1,ky-sbe,2026-09-06T15:28:18+00:00
2024,KY,21171,Monroe County,2024-11-02,3,869,,197,672,81,755,,,1,ky-sbe,2026-09-06T15:28:18+00:00
2024,KY,21171,Monroe County,2024-11-03,2,1109,,197,912,102,967,,,1,ky-sbe,2026-09-06T15:28:18+00:00
2024,KY,21171,Monroe County,2024-11-05,0,1119,,207,912,103,976,,,1,ky-sbe,2026-09-06T15:28:18+00:00
2024,KY,21173,Montgomery County,2024-09-23,43,0,,0,,,,,,1,ky-sbe,2026-09-06T15:28:18+00:00
2024,KY,21173,Montgomery County,2024-09-26,40,0,,0,,,,,,1,ky-sbe,2026-09-06T15:28:18+00:00
2024,KY,21173,Montgomery County,2024-09-30,36,0,,0,,,,,,1,ky-sbe,2026-09-06T15:28:18+00:00
2024,KY,21173,Montgomery County,2024-10-08,28,109,,109,,66,33,,,1,ky-sbe,2026-09-06T15:28:18+00:00
2024,KY,21173,Montgomery County,2024-10-14,22,194,,194,,122,59,,,1,ky-sbe,2026-09-06T15:28:18+00:00
2024,KY,21173,Montgomery County,2024-10-21,15,271,,271,,167,79,,,1,ky-sbe,2026-09-06T15:28:18+00:00
2024,KY,21173,Montgomery County,2024-10-23,13,351,,351,,216,103,,,1,ky-sbe,2026-09-06T15:28:18+00:00
2024,KY,21173,Montgomery County,2024-10-25,11,460,,439,21,277,148,,,1,ky-sbe,2026-09-06T15:28:18+00:00
2024,KY,21173,Montgomery County,2024-10-26,10,500,,462,38,295,169,,,1,ky-sbe,2026-09-06T15:28:18+00:00
2024,KY,21173,Montgomery County,2024-10-29,7,532,,483,49,309,185,,,1,ky-sbe,2026-09-06T15:28:18+00:00
2024,KY,21173,Montgomery County,2024-10-30,6,577,,520,57,333,204,,,1,ky-sbe,2026-09-06T15:28:18+00:00
2024,KY,21173,Montgomery County,2024-10-31,5,605,,544,61,347,215,,,1,ky-sbe,2026-09-06T15:28:18+00:00
2024,KY,21173,Montgomery County,2024-11-01,4,2552,,584,1968,1256,1170,,,1,ky-sbe,2026-09-06T15:28:18+00:00
2024,KY,21173,Montgomery County,2024-11-02,3,4474,,595,3879,2129,2130,,,1,ky-sbe,2026-09-06T15:28:18+00:00
2024,KY,21173,Montgomery County,2024-11-03,2,6367,,595,5772,2926,3121,,,1,ky-sbe,2026-09-06T15:28:18+00:00
2024,KY,21173,Montgomery County,2024-11-05,0,6419,,647,5772,2952,3136,,,1,ky-sbe,2026-09-06T15:28:18+00:00
2024,KY,21175,Morgan County,2024-09-23,43,0,,0,,,,,,1,ky-sbe,2026-09-06T15:28:18+00:00
2024,KY,21175,Morgan County,2024-09-26,40,0,,0,,,,,,1,ky-sbe,2026-09-06T15:28:18+00:00
2024,KY,21175,Morgan County,2024-09-30,36,0,,0,,,,,,1,ky-sbe,2026-09-06T15:28:18+00:00
2024,KY,21175,Morgan County,2024-10-08,28,32,,32,,23,9,,,1,ky-sbe,2026-09-06T15:28:18+00:00
2024,KY,21175,Morgan County,2024-10-14,22,50,,50,,34,16,,,1,ky-sbe,2026-09-06T15:28:18+00:00
2024,KY,21175,Morgan County,2024-10-21,15,136,,136,,90,44,,,1,ky-sbe,2026-09-06T15:28:18+00:00
2024,KY,21175,Morgan County,2024-10-23,13,179,,179,,125,51,,,1,ky-sbe,2026-09-06T15:28:18+00:00
2024,KY,21175,Morgan County,2024-10-25,11,296,,218,78,212,78,,,1,ky-sbe,2026-09-06T15:28:18+00:00
2024,KY,21175,Morgan County,2024-10-26,10,338,,226,112,234,97,,,1,ky-sbe,2026-09-06T15:28:18+00:00
2024,KY,21175,Morgan County,2024-10-29,7,410,,262,148,279,122,,,1,ky-sbe,2026-09-06T15:28:18+00:00
2024,KY,21175,Morgan County,2024-10-30,6,439,,269,170,297,133,,,1,ky-sbe,2026-09-06T15:28:18+00:00
2024,KY,21175,Morgan County,2024-10-31,5,488,,282,206,329,148,,,1,ky-sbe,2026-09-06T15:28:18+00:00
2024,KY,21175,Morgan County,2024-11-01,4,878,,291,587,554,295,,,1,ky-sbe,2026-09-06T15:28:18+00:00
2024,KY,21175,Morgan County,2024-11-02,3,1315,,314,1001,817,457,,,1,ky-sbe,2026-09-06T15:28:18+00:00
2024,KY,21175,Morgan County,2024-11-03,2,1697,,321,1376,1057,584,,,1,ky-sbe,2026-09-06T15:28:18+00:00
2024,KY,21175,Morgan County,2024-11-05,0,1700,,324,1376,1057,586,,,1,ky-sbe,2026-09-06T15:28:18+00:00
2024,KY,21177,Muhlenberg County,2024-09-23,43,0,,0,,,,,,1,ky-sbe,2026-09-06T15:28:18+00:00
2024,KY,21177,Muhlenberg County,2024-09-26,40,0,,0,,,,,,1,ky-sbe,2026-09-06T15:28:18+00:00
2024,KY,21177,Muhlenberg County,2024-09-30,36,0,,0,,,,,,1,ky-sbe,2026-09-06T15:28:18+00:00
2024,KY,21177,Muhlenberg County,2024-10-08,28,64,,64,,41,20,,,1,ky-sbe,2026-09-06T15:28:18+00:00
2024,KY,21177,Muhlenberg County,2024-10-14,22,174,,174,,115,50,,,1,ky-sbe,2026-09-06T15:28:18+00:00
2024,KY,21177,Muhlenberg County,2024-10-21,15,343,,343,,227,99,,,1,ky-sbe,2026-09-06T15:28:18+00:00
2024,KY,21177,Muhlenberg County,2024-10-23,13,419,,419,,279,119,,,1,ky-sbe,2026-09-06T15:28:18+00:00
2024,KY,21177,Muhlenberg County,2024-10-25,11,561,,480,81,355,179,,,1,ky-sbe,2026-09-06T15:28:18+00:00
2024,KY,21177,Muhlenberg County,2024-10-26,10,639,,522,117,396,211,,,1,ky-sbe,2026-09-06T15:28:18+00:00
2024,KY,21177,Muhlenberg County,2024-10-29,7,675,,524,151,405,236,,,1,ky-sbe,2026-09-06T15:28:18+00:00
2024,KY,21177,Muhlenberg County,2024-10-30,6,757,,577,180,456,261,,,1,ky-sbe,2026-09-06T15:28:18+00:00
2024,KY,21177,Muhlenberg County,2024-10-31,5,781,,577,204,467,274,,,1,ky-sbe,2026-09-06T15:28:18+00:00
2024,KY,21177,Muhlenberg County,2024-11-01,4,2500,,578,1922,1294,1104,,,1,ky-sbe,2026-09-06T15:28:18+00:00
2024,KY,21177,Muhlenberg County,2024-11-02,3,4317,,640,3677,2163,1963,,,1,ky-sbe,2026-09-06T15:28:18+00:00
2024,KY,21177,Muhlenberg County,2024-11-03,2,5999,,640,5359,2932,2818,,,1,ky-sbe,2026-09-06T15:28:18+00:00
2024,KY,21177,Muhlenberg County,2024-11-05,0,6034,,675,5359,2952,2832,,,1,ky-sbe,2026-09-06T15:28:18+00:00
2024,KY,21179,Nelson County,2024-09-23,43,0,,0,,,,,,1,ky-sbe,2026-09-06T15:28:18+00:00
2024,KY,21179,Nelson County,2024-09-26,40,0,,0,,,,,,1,ky-sbe,2026-09-06T15:28:18+00:00
2024,KY,21179,Nelson County,2024-09-30,36,0,,0,,,,,,1,ky-sbe,2026-09-06T15:28:18+00:00
2024,KY,21179,Nelson County,2024-10-08,28,215,,215,,140,53,,,1,ky-sbe,2026-09-06T15:28:18+00:00
2024,KY,21179,Nelson County,2024-10-14,22,386,,386,,244,108,,,1,ky-sbe,2026-09-06T15:28:18+00:00
2024,KY,21179,Nelson County,2024-10-21,15,636,,636,,392,194,,,1,ky-sbe,2026-09-06T15:28:18+00:00
2024,KY,21179,Nelson County,2024-10-23,13,711,,711,,425,222,,,1,ky-sbe,2026-09-06T15:28:18+00:00
2024,KY,21179,Nelson County,2024-10-25,11,1038,,801,237,589,366,,,1,ky-sbe,2026-09-06T15:28:18+00:00
2024,KY,21179,Nelson County,2024-10-26,10,1174,,858,316,665,415,,,1,ky-sbe,2026-09-06T15:28:18+00:00
2024,KY,21179,Nelson County,2024-10-29,7,1340,,946,394,746,486,,,1,ky-sbe,2026-09-06T15:28:18+00:00
2024,KY,21179,Nelson County,2024-10-30,6,1470,,994,476,813,536,,,1,ky-sbe,2026-09-06T15:28:18+00:00
2024,KY,21179,Nelson County,2024-10-31,5,1557,,1033,524,877,557,,,1,ky-sbe,2026-09-06T15:28:18+00:00
2024,KY,21179,Nelson County,2024-11-01,4,3114,,1071,2043,1557,1333,,,1,ky-sbe,2026-09-06T15:28:18+00:00
2024,KY,21179,Nelson County,2024-11-02,3,4768,,1105,3663,2288,2148,,,1,ky-sbe,2026-09-06T15:28:18+00:00
2024,KY,21179,Nelson County,2024-11-03,2,6425,,1105,5320,2964,2990,,,1,ky-sbe,2026-09-06T15:28:18+00:00
2024,KY,21179,Nelson County,2024-11-05,0,6522,,1202,5320,3010,3026,,,1,ky-sbe,2026-09-06T15:28:18+00:00
2024,KY,21181,Nicholas County,2024-09-23,43,0,,0,,,,,,1,ky-sbe,2026-09-06T15:28:18+00:00
2024,KY,21181,Nicholas County,2024-09-26,40,0,,0,,,,,,1,ky-sbe,2026-09-06T15:28:18+00:00
2024,KY,21181,Nicholas County,2024-09-30,36,0,,0,,,,,,1,ky-sbe,2026-09-06T15:28:18+00:00
2024,KY,21181,Nicholas County,2024-10-08,28,52,,52,,38,11,,,1,ky-sbe,2026-09-06T15:28:18+00:00
2024,KY,21181,Nicholas County,2024-10-14,22,95,,95,,67,23,,,1,ky-sbe,2026-09-06T15:28:18+00:00
2024,KY,21181,Nicholas County,2024-10-21,15,144,,144,,107,31,,,1,ky-sbe,2026-09-06T15:28:18+00:00
2024,KY,21181,Nicholas County,2024-10-23,13,171,,171,,129,32,,,1,ky-sbe,2026-09-06T15:28:18+00:00
2024,KY,21181,Nicholas County,2024-10-25,11,193,,181,12,141,42,,,1,ky-sbe,2026-09-06T15:28:18+00:00
2024,KY,21181,Nicholas County,2024-10-26,10,199,,184,15,147,42,,,1,ky-sbe,2026-09-06T15:28:18+00:00
2024,KY,21181,Nicholas County,2024-10-29,7,221,,199,22,161,49,,,1,ky-sbe,2026-09-06T15:28:18+00:00
2024,KY,21181,Nicholas County,2024-10-30,6,236,,213,23,168,56,,,1,ky-sbe,2026-09-06T15:28:18+00:00
2024,KY,21181,Nicholas County,2024-10-31,5,249,,223,26,178,59,,,1,ky-sbe,2026-09-06T15:28:18+00:00
2024,KY,21181,Nicholas County,2024-11-01,4,725,,234,491,488,207,,,1,ky-sbe,2026-09-06T15:28:18+00:00
2024,KY,21181,Nicholas County,2024-11-02,3,1118,,240,878,750,321,,,1,ky-sbe,2026-09-06T15:28:18+00:00
2024,KY,21181,Nicholas County,2024-11-03,2,1443,,240,1203,947,434,,,1,ky-sbe,2026-09-06T15:28:18+00:00
2024,KY,21181,Nicholas County,2024-11-05,0,1459,,256,1203,959,436,,,1,ky-sbe,2026-09-06T15:28:18+00:00
2024,KY,21183,Ohio County,2024-09-23,43,0,,0,,,,,,1,ky-sbe,2026-09-06T15:28:18+00:00
2024,KY,21183,Ohio County,2024-09-26,40,0,,0,,,,,,1,ky-sbe,2026-09-06T15:28:18+00:00
2024,KY,21183,Ohio County,2024-09-30,36,0,,0,,,,,,1,ky-sbe,2026-09-06T15:28:18+00:00
2024,KY,21183,Ohio County,2024-10-08,28,45,,45,,20,23,,,1,ky-sbe,2026-09-06T15:28:18+00:00
2024,KY,21183,Ohio County,2024-10-14,22,78,,78,,34,40,,,1,ky-sbe,2026-09-06T15:28:18+00:00
2024,KY,21183,Ohio County,2024-10-21,15,124,,124,,54,61,,,1,ky-sbe,2026-09-06T15:28:18+00:00
2024,KY,21183,Ohio County,2024-10-23,13,200,,200,,82,104,,,1,ky-sbe,2026-09-06T15:28:18+00:00
2024,KY,21183,Ohio County,2024-10-25,11,309,,252,57,130,159,,,1,ky-sbe,2026-09-06T15:28:18+00:00
2024,KY,21183,Ohio County,2024-10-26,10,358,,272,86,150,185,,,1,ky-sbe,2026-09-06T15:28:18+00:00
2024,KY,21183,Ohio County,2024-10-29,7,423,,306,117,174,221,,,1,ky-sbe,2026-09-06T15:28:18+00:00
2024,KY,21183,Ohio County,2024-10-30,6,478,,331,147,207,242,,,1,ky-sbe,2026-09-06T15:28:18+00:00
2024,KY,21183,Ohio County,2024-10-31,5,526,,358,168,231,263,,,1,ky-sbe,2026-09-06T15:28:18+00:00
2024,KY,21183,Ohio County,2024-11-01,4,1687,,373,1314,585,1028,,,1,ky-sbe,2026-09-06T15:28:18+00:00
2024,KY,21183,Ohio County,2024-11-02,3,2799,,378,2421,920,1743,,,1,ky-sbe,2026-09-06T15:28:18+00:00
2024,KY,21183,Ohio County,2024-11-03,2,3515,,388,3127,1102,2239,,,1,ky-sbe,2026-09-06T15:28:18+00:00
2024,KY,21183,Ohio County,2024-11-05,0,3529,,402,3127,1105,2248,,,1,ky-sbe,2026-09-06T15:28:18+00:00
2024,KY,21185,Oldham County,2024-09-23,43,0,,0,,,,,,1,ky-sbe,2026-09-06T15:28:18+00:00
2024,KY,21185,Oldham County,2024-09-26,40,0,,0,,,,,,1,ky-sbe,2026-09-06T15:28:18+00:00
2024,KY,21185,Oldham County,2024-09-30,36,0,,0,,,,,,1,ky-sbe,2026-09-06T15:28:18+00:00
2024,KY,21185,Oldham County,2024-10-08,28,259,,259,,92,136,,,1,ky-sbe,2026-09-06T15:28:18+00:00
2024,KY,21185,Oldham County,2024-10-14,22,433,,433,,165,219,,,1,ky-sbe,2026-09-06T15:28:18+00:00
2024,KY,21185,Oldham County,2024-10-21,15,865,,865,,319,439,,,1,ky-sbe,2026-09-06T15:28:18+00:00
2024,KY,21185,Oldham County,2024-10-23,13,1035,,1035,,386,512,,,1,ky-sbe,2026-09-06T15:28:18+00:00
2024,KY,21185,Oldham County,2024-10-25,11,1380,,1257,123,522,691,,,1,ky-sbe,2026-09-06T15:28:18+00:00
2024,KY,21185,Oldham County,2024-10-26,10,1514,,1336,178,572,757,,,1,ky-sbe,2026-09-06T15:28:18+00:00
2024,KY,21185,Oldham County,2024-10-29,7,1819,,1575,244,690,901,,,1,ky-sbe,2026-09-06T15:28:18+00:00
2024,KY,21185,Oldham County,2024-10-30,6,1892,,1622,270,712,936,,,1,ky-sbe,2026-09-06T15:28:18+00:00
2024,KY,21185,Oldham County,2024-10-31,5,2015,,1722,293,759,995,,,1,ky-sbe,2026-09-06T15:28:18+00:00
2024,KY,21185,Oldham County,2024-11-01,4,9998,,1946,8052,3288,5789,,,1,ky-sbe,2026-09-06T15:28:18+00:00
2024,KY,21185,Oldham County,2024-11-02,3,16504,,2033,14471,5369,9622,,,1,ky-sbe,2026-09-06T15:28:18+00:00
2024,KY,21185,Oldham County,2024-11-03,2,21556,,2033,19523,6989,12479,,,1,ky-sbe,2026-09-06T15:28:18+00:00
2024,KY,21185,Oldham County,2024-11-05,0,21839,,2316,19523,7124,12587,,,1,ky-sbe,2026-09-06T15:28:18+00:00
2024,KY,21187,Owen County,2024-09-23,43,0,,0,,,,,,1,ky-sbe,2026-09-06T15:28:18+00:00
2024,KY,21187,Owen County,2024-09-26,40,0,,0,,,,,,1,ky-sbe,2026-09-06T15:28:18+00:00
2024,KY,21187,Owen County,2024-09-30,36,0,,0,,,,,,1,ky-sbe,2026-09-06T15:28:18+00:00
2024,KY,21187,Owen County,2024-10-08,28,36,,36,,17,17,,,1,ky-sbe,2026-09-06T15:28:18+00:00
2024,KY,21187,Owen County,2024-10-14,22,52,,52,,26,23,,,1,ky-sbe,2026-09-06T15:28:18+00:00
2024,KY,21187,Owen County,2024-10-21,15,107,,107,,52,47,,,1,ky-sbe,2026-09-06T15:28:18+00:00
2024,KY,21187,Owen County,2024-10-23,13,133,,133,,71,54,,,1,ky-sbe,2026-09-06T15:28:18+00:00
2024,KY,21187,Owen County,2024-10-25,11,196,,152,44,93,91,,,1,ky-sbe,2026-09-06T15:28:18+00:00
2024,KY,21187,Owen County,2024-10-26,10,228,,157,71,107,106,,,1,ky-sbe,2026-09-06T15:28:18+00:00
2024,KY,21187,Owen County,2024-10-29,7,244,,165,79,115,112,,,1,ky-sbe,2026-09-06T15:28:18+00:00
2024,KY,21187,Owen County,2024-10-30,6,257,,168,89,118,121,,,1,ky-sbe,2026-09-06T15:28:18+00:00
2024,KY,21187,Owen County,2024-10-31,5,280,,172,108,125,137,,,1,ky-sbe,2026-09-06T15:28:18+00:00
2024,KY,21187,Owen County,2024-11-01,4,758,,182,576,309,405,,,1,ky-sbe,2026-09-06T15:28:18+00:00
2024,KY,21187,Owen County,2024-11-02,3,1237,,188,1049,484,680,,,1,ky-sbe,2026-09-06T15:28:18+00:00
2024,KY,21187,Owen County,2024-11-03,2,1551,,191,1360,603,868,,,1,ky-sbe,2026-09-06T15:28:18+00:00
2024,KY,21187,Owen County,2024-11-05,0,1560,,200,1360,608,872,,,1,ky-sbe,2026-09-06T15:28:18+00:00
2024,KY,21189,Owsley County,2024-09-23,43,0,,0,,,,,,1,ky-sbe,2026-09-06T15:28:18+00:00
2024,KY,21189,Owsley County,2024-09-26,40,0,,0,,,,,,1,ky-sbe,2026-09-06T15:28:18+00:00
2024,KY,21189,Owsley County,2024-09-30,36,0,,0,,,,,,1,ky-sbe,2026-09-06T15:28:18+00:00
2024,KY,21189,Owsley County,2024-10-08,28,21,,21,,2,19,,,1,ky-sbe,2026-09-06T15:28:18+00:00
2024,KY,21189,Owsley County,2024-10-14,22,38,,38,,4,32,,,1,ky-sbe,2026-09-06T15:28:18+00:00
2024,KY,21189,Owsley County,2024-10-21,15,71,,71,,14,55,,,1,ky-sbe,2026-09-06T15:28:18+00:00
2024,KY,21189,Owsley County,2024-10-23,13,93,,93,,20,71,,,1,ky-sbe,2026-09-06T15:28:18+00:00
2024,KY,21189,Owsley County,2024-10-25,11,132,,97,35,23,106,,,1,ky-sbe,2026-09-06T15:28:18+00:00
2024,KY,21189,Owsley County,2024-10-26,10,155,,101,54,25,126,,,1,ky-sbe,2026-09-06T15:28:18+00:00
2024,KY,21189,Owsley County,2024-10-29,7,177,,108,69,28,145,,,1,ky-sbe,2026-09-06T15:28:18+00:00
2024,KY,21189,Owsley County,2024-10-30,6,193,,112,81,29,160,,,1,ky-sbe,2026-09-06T15:28:18+00:00
2024,KY,21189,Owsley County,2024-10-31,5,200,,112,88,29,167,,,1,ky-sbe,2026-09-06T15:28:18+00:00
2024,KY,21189,Owsley County,2024-11-01,4,381,,119,262,64,309,,,1,ky-sbe,2026-09-06T15:28:18+00:00
2024,KY,21189,Owsley County,2024-11-02,3,609,,128,481,111,480,,,1,ky-sbe,2026-09-06T15:28:18+00:00
2024,KY,21189,Owsley County,2024-11-03,2,770,,128,642,141,608,,,1,ky-sbe,2026-09-06T15:28:18+00:00
2024,KY,21189,Owsley County,2024-11-05,0,771,,129,642,141,609,,,1,ky-sbe,2026-09-06T15:28:18+00:00
2024,KY,21191,Pendleton County,2024-09-23,43,0,,0,,,,,,1,ky-sbe,2026-09-06T15:28:18+00:00
2024,KY,21191,Pendleton County,2024-09-26,40,0,,0,,,,,,1,ky-sbe,2026-09-06T15:28:18+00:00
2024,KY,21191,Pendleton County,2024-09-30,36,0,,0,,,,,,1,ky-sbe,2026-09-06T15:28:18+00:00
2024,KY,21191,Pendleton County,2024-10-08,28,60,,60,,25,33,,,1,ky-sbe,2026-09-06T15:28:18+00:00
2024,KY,21191,Pendleton County,2024-10-14,22,117,,117,,54,57,,,1,ky-sbe,2026-09-06T15:28:18+00:00
2024,KY,21191,Pendleton County,2024-10-21,15,164,,164,,79,76,,,1,ky-sbe,2026-09-06T15:28:18+00:00
2024,KY,21191,Pendleton County,2024-10-23,13,198,,198,,93,94,,,1,ky-sbe,2026-09-06T15:28:18+00:00
2024,KY,21191,Pendleton County,2024-10-25,11,314,,227,87,134,166,,,1,ky-sbe,2026-09-06T15:28:18+00:00
2024,KY,21191,Pendleton County,2024-10-26,10,354,,235,119,145,193,,,1,ky-sbe,2026-09-06T15:28:18+00:00
2024,KY,21191,Pendleton County,2024-10-29,7,401,,252,149,160,220,,,1,ky-sbe,2026-09-06T15:28:18+00:00
2024,KY,21191,Pendleton County,2024-10-30,6,430,,255,175,173,234,,,1,ky-sbe,2026-09-06T15:28:18+00:00
2024,KY,21191,Pendleton County,2024-10-31,5,488,,275,213,199,264,,,1,ky-sbe,2026-09-06T15:28:18+00:00
2024,KY,21191,Pendleton County,2024-11-01,4,995,,284,711,372,565,,,1,ky-sbe,2026-09-06T15:28:18+00:00
2024,KY,21191,Pendleton County,2024-11-02,3,1559,,292,1267,543,917,,,1,ky-sbe,2026-09-06T15:28:18+00:00
2024,KY,21191,Pendleton County,2024-11-03,2,2050,,300,1750,680,1242,,,1,ky-sbe,2026-09-06T15:28:18+00:00
2024,KY,21191,Pendleton County,2024-11-05,0,2069,,319,1750,686,1255,,,1,ky-sbe,2026-09-06T15:28:18+00:00
2024,KY,21193,Perry County,2024-09-23,43,0,,0,,,,,,1,ky-sbe,2026-09-06T15:28:18+00:00
2024,KY,21193,Perry County,2024-09-26,40,0,,0,,,,,,1,ky-sbe,2026-09-06T15:28:18+00:00
2024,KY,21193,Perry County,2024-09-30,36,0,,0,,,,,,1,ky-sbe,2026-09-06T15:28:18+00:00
2024,KY,21193,Perry County,2024-10-08,28,108,,108,,68,37,,,1,ky-sbe,2026-09-06T15:28:18+00:00
2024,KY,21193,Perry County,2024-10-14,22,165,,165,,106,55,,,1,ky-sbe,2026-09-06T15:28:18+00:00
2024,KY,21193,Perry County,2024-10-21,15,281,,281,,180,93,,,1,ky-sbe,2026-09-06T15:28:18+00:00
2024,KY,21193,Perry County,2024-10-23,13,320,,320,,206,102,,,1,ky-sbe,2026-09-06T15:28:18+00:00
2024,KY,21193,Perry County,2024-10-25,11,400,,373,27,261,126,,,1,ky-sbe,2026-09-06T15:28:18+00:00
2024,KY,21193,Perry County,2024-10-26,10,434,,394,40,282,138,,,1,ky-sbe,2026-09-06T15:28:18+00:00
2024,KY,21193,Perry County,2024-10-29,7,486,,427,59,306,164,,,1,ky-sbe,2026-09-06T15:28:18+00:00
2024,KY,21193,Perry County,2024-10-30,6,518,,433,85,325,174,,,1,ky-sbe,2026-09-06T15:28:18+00:00
2024,KY,21193,Perry County,2024-10-31,5,545,,447,98,340,185,,,1,ky-sbe,2026-09-06T15:28:18+00:00
2024,KY,21193,Perry County,2024-11-01,4,1369,,461,908,723,600,,,1,ky-sbe,2026-09-06T15:28:18+00:00
2024,KY,21193,Perry County,2024-11-02,3,2051,,479,1572,1087,901,,,1,ky-sbe,2026-09-06T15:28:18+00:00
2024,KY,21193,Perry County,2024-11-03,2,2647,,499,2148,1373,1196,,,1,ky-sbe,2026-09-06T15:28:18+00:00
2024,KY,21193,Perry County,2024-11-05,0,2663,,515,2148,1381,1202,,,1,ky-sbe,2026-09-06T15:28:18+00:00
2024,KY,21195,Pike County,2024-09-23,43,0,,0,,,,,,1,ky-sbe,2026-09-06T15:28:18+00:00
2024,KY,21195,Pike County,2024-09-26,40,0,,0,,,,,,1,ky-sbe,2026-09-06T15:28:18+00:00
2024,KY,21195,Pike County,2024-09-30,36,0,,0,,,,,,1,ky-sbe,2026-09-06T15:28:18+00:00
2024,KY,21195,Pike County,2024-10-08,28,137,,137,,86,44,,,1,ky-sbe,2026-09-06T15:28:18+00:00
2024,KY,21195,Pike County,2024-10-14,22,291,,291,,177,100,,,1,ky-sbe,2026-09-06T15:28:18+00:00
2024,KY,21195,Pike County,2024-10-21,15,481,,481,,289,166,,,1,ky-sbe,2026-09-06T15:28:18+00:00
2024,KY,21195,Pike County,2024-10-23,13,670,,670,,405,230,,,1,ky-sbe,2026-09-06T15:28:18+00:00
2024,KY,21195,Pike County,2024-10-25,11,898,,775,123,506,344,,,1,ky-sbe,2026-09-06T15:28:18+00:00
2024,KY,21195,Pike County,2024-10-26,10,991,,806,185,546,392,,,1,ky-sbe,2026-09-06T15:28:18+00:00
2024,KY,21195,Pike County,2024-10-29,7,1193,,923,270,632,505,,,1,ky-sbe,2026-09-06T15:28:18+00:00
2024,KY,21195,Pike County,2024-10-30,6,1308,,961,347,682,566,,,1,ky-sbe,2026-09-06T15:28:18+00:00
2024,KY,21195,Pike County,2024-10-31,5,1469,,1046,423,762,633,,,1,ky-sbe,2026-09-06T15:28:18+00:00
2024,KY,21195,Pike County,2024-11-01,4,3140,,1087,2053,1479,1531,,,1,ky-sbe,2026-09-06T15:28:18+00:00
2024,KY,21195,Pike County,2024-11-02,3,4755,,1122,3633,2183,2356,,,1,ky-sbe,2026-09-06T15:28:18+00:00
2024,KY,21195,Pike County,2024-11-03,2,6516,,1148,5368,2949,3274,,,1,ky-sbe,2026-09-06T15:28:18+00:00
2024,KY,21195,Pike County,2024-11-05,0,6548,,1180,5368,2976,3278,,,1,ky-sbe,2026-09-06T15:28:18+00:00
2024,KY,21197,Powell County,2024-09-23,43,0,,0,,,,,,1,ky-sbe,2026-09-06T15:28:18+00:00
2024,KY,21197,Powell County,2024-09-26,40,0,,0,,,,,,1,ky-sbe,2026-09-06T15:28:18+00:00
2024,KY,21197,Powell County,2024-09-30,36,0,,0,,,,,,1,ky-sbe,2026-09-06T15:28:18+00:00
2024,KY,21197,Powell County,2024-10-08,28,71,,71,,37,32,,,1,ky-sbe,2026-09-06T15:28:18+00:00
2024,KY,21197,Powell County,2024-10-14,22,133,,133,,77,53,,,1,ky-sbe,2026-09-06T15:28:18+00:00
2024,KY,21197,Powell County,2024-10-21,15,218,,218,,123,91,,,1,ky-sbe,2026-09-06T15:28:18+00:00
2024,KY,21197,Powell County,2024-10-23,13,280,,280,,156,117,,,1,ky-sbe,2026-09-06T15:28:18+00:00
2024,KY,21197,Powell County,2024-10-25,11,302,,301,1,171,124,,,1,ky-sbe,2026-09-06T15:28:18+00:00
2024,KY,21197,Powell County,2024-10-26,10,339,,335,4,188,143,,,1,ky-sbe,2026-09-06T15:28:18+00:00
2024,KY,21197,Powell County,2024-10-29,7,375,,360,15,209,158,,,1,ky-sbe,2026-09-06T15:28:18+00:00
2024,KY,21197,Powell County,2024-10-30,6,398,,380,18,222,167,,,1,ky-sbe,2026-09-06T15:28:18+00:00
2024,KY,21197,Powell County,2024-10-31,5,417,,396,21,238,170,,,1,ky-sbe,2026-09-06T15:28:18+00:00
2024,KY,21197,Powell County,2024-11-01,4,1267,,403,864,604,611,,,1,ky-sbe,2026-09-06T15:28:18+00:00
2024,KY,21197,Powell County,2024-11-02,3,2104,,424,1680,981,1039,,,1,ky-sbe,2026-09-06T15:28:18+00:00
2024,KY,21197,Powell County,2024-11-03,2,2709,,429,2280,1226,1364,,,1,ky-sbe,2026-09-06T15:28:18+00:00
2024,KY,21197,Powell County,2024-11-05,0,2712,,432,2280,1227,1365,,,1,ky-sbe,2026-09-06T15:28:18+00:00
2024,KY,21199,Pulaski County,2024-09-23,43,0,,0,,,,,,1,ky-sbe,2026-09-06T15:28:18+00:00
2024,KY,21199,Pulaski County,2024-09-26,40,0,,0,,,,,,1,ky-sbe,2026-09-06T15:28:18+00:00
2024,KY,21199,Pulaski County,2024-09-30,36,0,,0,,,,,,1,ky-sbe,2026-09-06T15:28:18+00:00
2024,KY,21199,Pulaski County,2024-10-08,28,147,,147,,41,91,,,1,ky-sbe,2026-09-06T15:28:18+00:00
2024,KY,21199,Pulaski County,2024-10-14,22,409,,409,,121,260,,,1,ky-sbe,2026-09-06T15:28:18+00:00
2024,KY,21199,Pulaski County,2024-10-21,15,693,,693,,206,439,,,1,ky-sbe,2026-09-06T15:28:18+00:00
2024,KY,21199,Pulaski County,2024-10-23,13,902,,902,,253,578,,,1,ky-sbe,2026-09-06T15:28:18+00:00
2024,KY,21199,Pulaski County,2024-10-25,11,1100,,973,127,294,719,,,1,ky-sbe,2026-09-06T15:28:18+00:00
2024,KY,21199,Pulaski County,2024-10-26,10,1273,,1115,158,327,852,,,1,ky-sbe,2026-09-06T15:28:18+00:00
2024,KY,21199,Pulaski County,2024-10-29,7,1393,,1206,187,350,936,,,1,ky-sbe,2026-09-06T15:28:18+00:00
2024,KY,21199,Pulaski County,2024-10-30,6,1463,,1263,200,365,989,,,1,ky-sbe,2026-09-06T15:28:18+00:00
2024,KY,21199,Pulaski County,2024-10-31,5,1600,,1301,299,390,1092,,,1,ky-sbe,2026-09-06T15:28:18+00:00
2024,KY,21199,Pulaski County,2024-11-01,4,8333,,1318,7015,1444,6454,,,1,ky-sbe,2026-09-06T15:28:18+00:00
2024,KY,21199,Pulaski County,2024-11-02,3,13760,,1359,12401,2240,10828,,,1,ky-sbe,2026-09-06T15:28:18+00:00
2024,KY,21199,Pulaski County,2024-11-03,2,17970,,1360,16610,2755,14285,,,1,ky-sbe,2026-09-06T15:28:18+00:00
2024,KY,21199,Pulaski County,2024-11-05,0,18209,,1599,16610,2822,14434,,,1,ky-sbe,2026-09-06T15:28:18+00:00
2024,KY,21201,Robertson County,2024-09-23,43,0,,0,,,,,,1,ky-sbe,2026-09-06T15:28:18+00:00
2024,KY,21201,Robertson County,2024-09-26,40,0,,0,,,,,,1,ky-sbe,2026-09-06T15:28:18+00:00
2024,KY,21201,Robertson County,2024-09-30,36,0,,0,,,,,,1,ky-sbe,2026-09-06T15:28:18+00:00
2024,KY,21201,Robertson County,2024-10-08,28,11,,11,,8,3,,,1,ky-sbe,2026-09-06T15:28:18+00:00
2024,KY,21201,Robertson County,2024-10-14,22,19,,19,,14,5,,,1,ky-sbe,2026-09-06T15:28:18+00:00
2024,KY,21201,Robertson County,2024-10-21,15,27,,27,,19,8,,,1,ky-sbe,2026-09-06T15:28:18+00:00
2024,KY,21201,Robertson County,2024-10-23,13,36,,36,,27,9,,,1,ky-sbe,2026-09-06T15:28:18+00:00
2024,KY,21201,Robertson County,2024-10-25,11,41,,40,1,31,10,,,1,ky-sbe,2026-09-06T15:28:18+00:00
2024,KY,21201,Robertson County,2024-10-26,10,43,,41,2,33,10,,,1,ky-sbe,2026-09-06T15:28:18+00:00
2024,KY,21201,Robertson County,2024-10-29,7,48,,44,4,37,11,,,1,ky-sbe,2026-09-06T15:28:18+00:00
2024,KY,21201,Robertson County,2024-10-30,6,51,,47,4,39,12,,,1,ky-sbe,2026-09-06T15:28:18+00:00
2024,KY,21201,Robertson County,2024-10-31,5,64,,56,8,46,18,,,1,ky-sbe,2026-09-06T15:28:18+00:00
2024,KY,21201,Robertson County,2024-11-01,4,168,,59,109,106,59,,,1,ky-sbe,2026-09-06T15:28:18+00:00
2024,KY,21201,Robertson County,2024-11-02,3,266,,66,200,160,98,,,1,ky-sbe,2026-09-06T15:28:18+00:00
2024,KY,21201,Robertson County,2024-11-03,2,342,,67,275,201,132,,,1,ky-sbe,2026-09-06T15:28:18+00:00
2024,KY,21201,Robertson County,2024-11-05,0,347,,72,275,205,133,,,1,ky-sbe,2026-09-06T15:28:18+00:00
2024,KY,21203,Rockcastle County,2024-09-23,43,0,,0,,,,,,1,ky-sbe,2026-09-06T15:28:18+00:00
2024,KY,21203,Rockcastle County,2024-09-26,40,0,,0,,,,,,1,ky-sbe,2026-09-06T15:28:18+00:00
2024,KY,21203,Rockcastle County,2024-09-30,36,0,,0,,,,,,1,ky-sbe,2026-09-06T15:28:18+00:00
2024,KY,21203,Rockcastle County,2024-10-08,28,55,,55,,11,44,,,1,ky-sbe,2026-09-06T15:28:18+00:00
2024,KY,21203,Rockcastle County,2024-10-14,22,102,,102,,16,83,,,1,ky-sbe,2026-09-06T15:28:18+00:00
2024,KY,21203,Rockcastle County,2024-10-21,15,162,,162,,27,130,,,1,ky-sbe,2026-09-06T15:28:18+00:00
2024,KY,21203,Rockcastle County,2024-10-23,13,213,,213,,36,170,,,1,ky-sbe,2026-09-06T15:28:18+00:00
2024,KY,21203,Rockcastle County,2024-10-25,11,276,,241,35,44,222,,,1,ky-sbe,2026-09-06T15:28:18+00:00
2024,KY,21203,Rockcastle County,2024-10-26,10,324,,270,54,49,262,,,1,ky-sbe,2026-09-06T15:28:18+00:00
2024,KY,21203,Rockcastle County,2024-10-29,7,362,,292,70,55,292,,,1,ky-sbe,2026-09-06T15:28:18+00:00
2024,KY,21203,Rockcastle County,2024-10-30,6,392,,309,83,61,316,,,1,ky-sbe,2026-09-06T15:28:18+00:00
2024,KY,21203,Rockcastle County,2024-10-31,5,419,,325,94,66,335,,,1,ky-sbe,2026-09-06T15:28:18+00:00
2024,KY,21203,Rockcastle County,2024-11-01,4,1329,,333,996,172,1091,,,1,ky-sbe,2026-09-06T15:28:18+00:00
2024,KY,21203,Rockcastle County,2024-11-02,3,2079,,345,1734,238,1739,,,1,ky-sbe,2026-09-06T15:28:18+00:00
2024,KY,21203,Rockcastle County,2024-11-03,2,2940,,348,2592,339,2457,,,1,ky-sbe,2026-09-06T15:28:18+00:00
2024,KY,21203,Rockcastle County,2024-11-05,0,2978,,386,2592,351,2480,,,1,ky-sbe,2026-09-06T15:28:18+00:00
2024,KY,21205,Rowan County,2024-09-23,43,0,,0,,,,,,1,ky-sbe,2026-09-06T15:28:18+00:00
2024,KY,21205,Rowan County,2024-09-26,40,0,,0,,,,,,1,ky-sbe,2026-09-06T15:28:18+00:00
2024,KY,21205,Rowan County,2024-09-30,36,0,,0,,,,,,1,ky-sbe,2026-09-06T15:28:18+00:00
2024,KY,21205,Rowan County,2024-10-08,28,82,,82,,49,32,,,1,ky-sbe,2026-09-06T15:28:18+00:00
2024,KY,21205,Rowan County,2024-10-14,22,153,,153,,90,56,,,1,ky-sbe,2026-09-06T15:28:18+00:00
2024,KY,21205,Rowan County,2024-10-21,15,260,,260,,159,91,,,1,ky-sbe,2026-09-06T15:28:18+00:00
2024,KY,21205,Rowan County,2024-10-23,13,331,,331,,205,111,,,1,ky-sbe,2026-09-06T15:28:18+00:00
2024,KY,21205,Rowan County,2024-10-25,11,426,,380,46,246,156,,,1,ky-sbe,2026-09-06T15:28:18+00:00
2024,KY,21205,Rowan County,2024-10-26,10,449,,380,69,249,175,,,1,ky-sbe,2026-09-06T15:28:18+00:00
2024,KY,21205,Rowan County,2024-10-29,7,468,,380,88,255,187,,,1,ky-sbe,2026-09-06T15:28:18+00:00
2024,KY,21205,Rowan County,2024-10-30,6,583,,484,99,315,232,,,1,ky-sbe,2026-09-06T15:28:18+00:00
2024,KY,21205,Rowan County,2024-10-31,5,600,,492,108,323,241,,,1,ky-sbe,2026-09-06T15:28:18+00:00
2024,KY,21205,Rowan County,2024-11-01,4,1804,,493,1311,922,767,,,1,ky-sbe,2026-09-06T15:28:18+00:00
2024,KY,21205,Rowan County,2024-11-02,3,2973,,536,2437,1532,1252,,,1,ky-sbe,2026-09-06T15:28:18+00:00
2024,KY,21205,Rowan County,2024-11-03,2,3871,,537,3334,1981,1637,,,1,ky-sbe,2026-09-06T15:28:18+00:00
2024,KY,21205,Rowan County,2024-11-05,0,3871,,537,3334,1981,1637,,,1,ky-sbe,2026-09-06T15:28:18+00:00
2024,KY,21207,Russell County,2024-09-23,43,0,,0,,,,,,1,ky-sbe,2026-09-06T15:28:18+00:00
2024,KY,21207,Russell County,2024-09-26,40,0,,0,,,,,,1,ky-sbe,2026-09-06T15:28:18+00:00
2024,KY,21207,Russell County,2024-09-30,36,0,,0,,,,,,1,ky-sbe,2026-09-06T15:28:18+00:00
2024,KY,21207,Russell County,2024-10-08,28,71,,71,,20,48,,,1,ky-sbe,2026-09-06T15:28:18+00:00
2024,KY,21207,Russell County,2024-10-14,22,150,,150,,41,98,,,1,ky-sbe,2026-09-06T15:28:18+00:00
2024,KY,21207,Russell County,2024-10-21,15,268,,268,,69,182,,,1,ky-sbe,2026-09-06T15:28:18+00:00
2024,KY,21207,Russell County,2024-10-23,13,290,,290,,72,199,,,1,ky-sbe,2026-09-06T15:28:18+00:00
2024,KY,21207,Russell County,2024-10-25,11,420,,364,56,98,301,,,1,ky-sbe,2026-09-06T15:28:18+00:00
2024,KY,21207,Russell County,2024-10-26,10,463,,364,99,103,339,,,1,ky-sbe,2026-09-06T15:28:18+00:00
2024,KY,21207,Russell County,2024-10-29,7,487,,365,122,108,357,,,1,ky-sbe,2026-09-06T15:28:18+00:00
2024,KY,21207,Russell County,2024-10-30,6,604,,450,154,122,453,,,1,ky-sbe,2026-09-06T15:28:18+00:00
2024,KY,21207,Russell County,2024-10-31,5,631,,450,181,124,476,,,1,ky-sbe,2026-09-06T15:28:18+00:00
2024,KY,21207,Russell County,2024-11-01,4,1596,,450,1146,245,1286,,,1,ky-sbe,2026-09-06T15:28:18+00:00
2024,KY,21207,Russell County,2024-11-02,3,2615,,450,2165,386,2115,,,1,ky-sbe,2026-09-06T15:28:18+00:00
2024,KY,21207,Russell County,2024-11-03,2,3264,,450,2814,458,2665,,,1,ky-sbe,2026-09-06T15:28:18+00:00
2024,KY,21207,Russell County,2024-11-05,0,3342,,528,2814,479,2719,,,1,ky-sbe,2026-09-06T15:28:18+00:00
2024,KY,21209,Scott County,2024-09-23,43,0,,0,,,,,,1,ky-sbe,2026-09-06T15:28:18+00:00
2024,KY,21209,Scott County,2024-09-26,40,0,,0,,,,,,1,ky-sbe,2026-09-06T15:28:18+00:00
2024,KY,21209,Scott County,2024-09-30,36,0,,0,,,,,,1,ky-sbe,2026-09-06T15:28:18+00:00
2024,KY,21209,Scott County,2024-10-08,28,253,,253,,143,83,,,1,ky-sbe,2026-09-06T15:28:18+00:00
2024,KY,21209,Scott County,2024-10-14,22,440,,440,,241,154,,,1,ky-sbe,2026-09-06T15:28:18+00:00
2024,KY,21209,Scott County,2024-10-21,15,696,,696,,354,269,,,1,ky-sbe,2026-09-06T15:28:18+00:00
2024,KY,21209,Scott County,2024-10-23,13,834,,834,,411,332,,,1,ky-sbe,2026-09-06T15:28:18+00:00
2024,KY,21209,Scott County,2024-10-25,11,1078,,973,105,504,454,,,1,ky-sbe,2026-09-06T15:28:18+00:00
2024,KY,21209,Scott County,2024-10-26,10,1180,,1032,148,546,498,,,1,ky-sbe,2026-09-06T15:28:18+00:00
2024,KY,21209,Scott County,2024-10-29,7,1298,,1118,180,592,558,,,1,ky-sbe,2026-09-06T15:28:18+00:00
2024,KY,21209,Scott County,2024-10-30,6,1358,,1159,199,609,593,,,1,ky-sbe,2026-09-06T15:28:18+00:00
2024,KY,21209,Scott County,2024-10-31,5,1455,,1224,231,657,631,,,1,ky-sbe,2026-09-06T15:28:18+00:00
2024,KY,21209,Scott County,2024-11-01,4,5171,,1290,3881,2116,2626,,,1,ky-sbe,2026-09-06T15:28:18+00:00
2024,KY,21209,Scott County,2024-11-02,3,9227,,1329,7898,3705,4740,,,1,ky-sbe,2026-09-06T15:28:18+00:00
2024,KY,21209,Scott County,2024-11-03,2,13172,,1329,11843,5258,6790,,,1,ky-sbe,2026-09-06T15:28:18+00:00
2024,KY,21209,Scott County,2024-11-05,0,13289,,1446,11843,5301,6842,,,1,ky-sbe,2026-09-06T15:28:18+00:00
2024,KY,21211,Shelby County,2024-09-23,43,0,,0,,,,,,1,ky-sbe,2026-09-06T15:28:18+00:00
2024,KY,21211,Shelby County,2024-09-26,40,0,,0,,,,,,1,ky-sbe,2026-09-06T15:28:18+00:00
2024,KY,21211,Shelby County,2024-09-30,36,0,,0,,,,,,1,ky-sbe,2026-09-06T15:28:18+00:00
2024,KY,21211,Shelby County,2024-10-08,28,3,,3,,0,0,,,1,ky-sbe,2026-09-06T15:28:18+00:00
2024,KY,21211,Shelby County,2024-10-14,22,7,,7,,2,0,,,1,ky-sbe,2026-09-06T15:28:18+00:00
2024,KY,21211,Shelby County,2024-10-21,15,313,,313,,149,134,,,1,ky-sbe,2026-09-06T15:28:18+00:00
2024,KY,21211,Shelby County,2024-10-23,13,458,,458,,215,198,,,1,ky-sbe,2026-09-06T15:28:18+00:00
2024,KY,21211,Shelby County,2024-10-25,11,754,,583,171,336,350,,,1,ky-sbe,2026-09-06T15:28:18+00:00
2024,KY,21211,Shelby County,2024-10-26,10,854,,610,244,380,399,,,1,ky-sbe,2026-09-06T15:28:18+00:00
2024,KY,21211,Shelby County,2024-10-29,7,1068,,747,321,450,518,,,1,ky-sbe,2026-09-06T15:28:18+00:00
2024,KY,21211,Shelby County,2024-10-30,6,1201,,820,381,503,583,,,1,ky-sbe,2026-09-06T15:28:18+00:00
2024,KY,21211,Shelby County,2024-10-31,5,1280,,850,430,538,615,,,1,ky-sbe,2026-09-06T15:28:18+00:00
2024,KY,21211,Shelby County,2024-11-01,4,2807,,850,1957,1038,1544,,,1,ky-sbe,2026-09-06T15:28:18+00:00
2024,KY,21211,Shelby County,2024-11-02,3,4741,,949,3792,1732,2655,,,1,ky-sbe,2026-09-06T15:28:18+00:00
2024,KY,21211,Shelby County,2024-11-03,2,6513,,1022,5491,2402,3599,,,1,ky-sbe,2026-09-06T15:28:18+00:00
2024,KY,21211,Shelby County,2024-11-05,0,6631,,1140,5491,2447,3638,,,1,ky-sbe,2026-09-06T15:28:18+00:00
2024,KY,21213,Simpson County,2024-09-23,43,0,,0,,,,,,1,ky-sbe,2026-09-06T15:28:18+00:00
2024,KY,21213,Simpson County,2024-09-26,40,0,,0,,,,,,1,ky-sbe,2026-09-06T15:28:18+00:00
2024,KY,21213,Simpson County,2024-09-30,36,0,,0,,,,,,1,ky-sbe,2026-09-06T15:28:18+00:00
2024,KY,21213,Simpson County,2024-10-08,28,75,,75,,45,23,,,1,ky-sbe,2026-09-06T15:28:18+00:00
2024,KY,21213,Simpson County,2024-10-14,22,124,,124,,76,39,,,1,ky-sbe,2026-09-06T15:28:18+00:00
2024,KY,21213,Simpson County,2024-10-21,15,183,,183,,104,63,,,1,ky-sbe,2026-09-06T15:28:18+00:00
2024,KY,21213,Simpson County,2024-10-23,13,220,,220,,128,74,,,1,ky-sbe,2026-09-06T15:28:18+00:00
2024,KY,21213,Simpson County,2024-10-25,11,276,,252,24,147,105,,,1,ky-sbe,2026-09-06T15:28:18+00:00
2024,KY,21213,Simpson County,2024-10-26,10,302,,276,26,161,112,,,1,ky-sbe,2026-09-06T15:28:18+00:00
2024,KY,21213,Simpson County,2024-10-29,7,335,,295,40,171,135,,,1,ky-sbe,2026-09-06T15:28:18+00:00
2024,KY,21213,Simpson County,2024-10-30,6,357,,310,47,181,145,,,1,ky-sbe,2026-09-06T15:28:18+00:00
2024,KY,21213,Simpson County,2024-10-31,5,377,,323,54,192,154,,,1,ky-sbe,2026-09-06T15:28:18+00:00
2024,KY,21213,Simpson County,2024-11-01,4,1587,,335,1252,651,812,,,1,ky-sbe,2026-09-06T15:28:18+00:00
2024,KY,21213,Simpson County,2024-11-02,3,2807,,342,2465,1073,1526,,,1,ky-sbe,2026-09-06T15:28:18+00:00
2024,KY,21213,Simpson County,2024-11-03,2,4058,,342,3716,1557,2209,,,1,ky-sbe,2026-09-06T15:28:18+00:00
2024,KY,21213,Simpson County,2024-11-05,0,4094,,378,3716,1579,2219,,,1,ky-sbe,2026-09-06T15:28:18+00:00
2024,KY,21215,Spencer County,2024-09-23,43,0,,0,,,,,,1,ky-sbe,2026-09-06T15:28:18+00:00
2024,KY,21215,Spencer County,2024-09-26,40,0,,0,,,,,,1,ky-sbe,2026-09-06T15:28:18+00:00
2024,KY,21215,Spencer County,2024-09-30,36,0,,0,,,,,,1,ky-sbe,2026-09-06T15:28:18+00:00
2024,KY,21215,Spencer County,2024-10-08,28,49,,49,,21,16,,,1,ky-sbe,2026-09-06T15:28:18+00:00
2024,KY,21215,Spencer County,2024-10-14,22,96,,96,,37,36,,,1,ky-sbe,2026-09-06T15:28:18+00:00
2024,KY,21215,Spencer County,2024-10-21,15,150,,150,,58,68,,,1,ky-sbe,2026-09-06T15:28:18+00:00
2024,KY,21215,Spencer County,2024-10-23,13,169,,169,,67,78,,,1,ky-sbe,2026-09-06T15:28:18+00:00
2024,KY,21215,Spencer County,2024-10-25,11,325,,198,127,114,172,,,1,ky-sbe,2026-09-06T15:28:18+00:00
2024,KY,21215,Spencer County,2024-10-26,10,429,,216,213,137,249,,,1,ky-sbe,2026-09-06T15:28:18+00:00
2024,KY,21215,Spencer County,2024-10-29,7,518,,251,267,160,310,,,1,ky-sbe,2026-09-06T15:28:18+00:00
2024,KY,21215,Spencer County,2024-10-30,6,565,,256,309,175,339,,,1,ky-sbe,2026-09-06T15:28:18+00:00
2024,KY,21215,Spencer County,2024-10-31,5,616,,270,346,190,370,,,1,ky-sbe,2026-09-06T15:28:18+00:00
2024,KY,21215,Spencer County,2024-11-01,4,1962,,280,1682,552,1272,,,1,ky-sbe,2026-09-06T15:28:18+00:00
2024,KY,21215,Spencer County,2024-11-02,3,3482,,302,3180,999,2249,,,1,ky-sbe,2026-09-06T15:28:18+00:00
2024,KY,21215,Spencer County,2024-11-03,2,6102,,302,5800,1694,4006,,,1,ky-sbe,2026-09-06T15:28:18+00:00
2024,KY,21215,Spencer County,2024-11-05,0,6127,,327,5800,1705,4015,,,1,ky-sbe,2026-09-06T15:28:18+00:00
2024,KY,21217,Taylor County,2024-09-23,43,0,,0,,,,,,1,ky-sbe,2026-09-06T15:28:18+00:00
2024,KY,21217,Taylor County,2024-09-26,40,0,,0,,,,,,1,ky-sbe,2026-09-06T15:28:18+00:00
2024,KY,21217,Taylor County,2024-09-30,36,0,,0,,,,,,1,ky-sbe,2026-09-06T15:28:18+00:00
2024,KY,21217,Taylor County,2024-10-08,28,95,,95,,32,59,,,1,ky-sbe,2026-09-06T15:28:18+00:00
2024,KY,21217,Taylor County,2024-10-14,22,172,,172,,61,106,,,1,ky-sbe,2026-09-06T15:28:18+00:00
2024,KY,21217,Taylor County,2024-10-21,15,237,,237,,88,140,,,1,ky-sbe,2026-09-06T15:28:18+00:00
2024,KY,21217,Taylor County,2024-10-23,13,252,,252,,97,146,,,1,ky-sbe,2026-09-06T15:28:18+00:00
2024,KY,21217,Taylor County,2024-10-25,11,363,,311,52,135,216,,,1,ky-sbe,2026-09-06T15:28:18+00:00
2024,KY,21217,Taylor County,2024-10-26,10,392,,320,72,141,236,,,1,ky-sbe,2026-09-06T15:28:18+00:00
2024,KY,21217,Taylor County,2024-10-29,7,462,,376,86,161,283,,,1,ky-sbe,2026-09-06T15:28:18+00:00
2024,KY,21217,Taylor County,2024-10-30,6,503,,400,103,177,305,,,1,ky-sbe,2026-09-06T15:28:18+00:00
2024,KY,21217,Taylor County,2024-10-31,5,538,,427,111,189,326,,,1,ky-sbe,2026-09-06T15:28:18+00:00
2024,KY,21217,Taylor County,2024-11-01,4,1871,,438,1433,562,1218,,,1,ky-sbe,2026-09-06T15:28:18+00:00
2024,KY,21217,Taylor County,2024-11-02,3,3465,,445,3020,983,2323,,,1,ky-sbe,2026-09-06T15:28:18+00:00
2024,KY,21217,Taylor County,2024-11-03,2,4569,,447,4122,1251,3097,,,1,ky-sbe,2026-09-06T15:28:18+00:00
2024,KY,21217,Taylor County,2024-11-05,0,4580,,458,4122,1255,3103,,,1,ky-sbe,2026-09-06T15:28:18+00:00
2024,KY,21219,Todd County,2024-09-23,43,0,,0,,,,,,1,ky-sbe,2026-09-06T15:28:18+00:00
2024,KY,21219,Todd County,2024-09-26,40,0,,0,,,,,,1,ky-sbe,2026-09-06T15:28:18+00:00
2024,KY,21219,Todd County,2024-09-30,36,0,,0,,,,,,1,ky-sbe,2026-09-06T15:28:18+00:00
2024,KY,21219,Todd County,2024-10-08,28,0,,0,,0,0,,,1,ky-sbe,2026-09-06T15:28:18+00:00
2024,KY,21219,Todd County,2024-10-14,22,26,,26,,14,10,,,1,ky-sbe,2026-09-06T15:28:18+00:00
2024,KY,21219,Todd County,2024-10-21,15,57,,57,,38,15,,,1,ky-sbe,2026-09-06T15:28:18+00:00
2024,KY,21219,Todd County,2024-10-23,13,70,,70,,45,20,,,1,ky-sbe,2026-09-06T15:28:18+00:00
2024,KY,21219,Todd County,2024-10-25,11,87,,70,17,54,28,,,1,ky-sbe,2026-09-06T15:28:18+00:00
2024,KY,21219,Todd County,2024-10-26,10,95,,70,25,58,32,,,1,ky-sbe,2026-09-06T15:28:18+00:00
2024,KY,21219,Todd County,2024-10-29,7,140,,105,35,73,57,,,1,ky-sbe,2026-09-06T15:28:18+00:00
2024,KY,21219,Todd County,2024-10-30,6,152,,105,47,81,61,,,1,ky-sbe,2026-09-06T15:28:18+00:00
2024,KY,21219,Todd County,2024-10-31,5,155,,105,50,82,63,,,1,ky-sbe,2026-09-06T15:28:18+00:00
2024,KY,21219,Todd County,2024-11-01,4,662,,120,542,318,312,,,1,ky-sbe,2026-09-06T15:28:18+00:00
2024,KY,21219,Todd County,2024-11-02,3,1134,,120,1014,537,533,,,1,ky-sbe,2026-09-06T15:28:18+00:00
2024,KY,21219,Todd County,2024-11-03,2,1545,,120,1425,727,741,,,1,ky-sbe,2026-09-06T15:28:18+00:00
2024,KY,21219,Todd County,2024-11-05,0,1545,,120,1425,727,741,,,1,ky-sbe,2026-09-06T15:28:18+00:00
2024,KY,21221,Trigg County,2024-09-23,43,0,,0,,,,,,1,ky-sbe,2026-09-06T15:28:18+00:00
2024,KY,21221,Trigg County,2024-09-26,40,0,,0,,,,,,1,ky-sbe,2026-09-06T15:28:18+00:00
2024,KY,21221,Trigg County,2024-09-30,36,0,,0,,,,,,1,ky-sbe,2026-09-06T15:28:18+00:00
2024,KY,21221,Trigg County,2024-10-08,28,64,,64,,38,25,,,1,ky-sbe,2026-09-06T15:28:18+00:00
2024,KY,21221,Trigg County,2024-10-14,22,86,,86,,48,35,,,1,ky-sbe,2026-09-06T15:28:18+00:00
2024,KY,21221,Trigg County,2024-10-21,15,156,,156,,83,61,,,1,ky-sbe,2026-09-06T15:28:18+00:00
2024,KY,21221,Trigg County,2024-10-23,13,189,,189,,94,75,,,1,ky-sbe,2026-09-06T15:28:18+00:00
2024,KY,21221,Trigg County,2024-10-25,11,241,,210,31,109,107,,,1,ky-sbe,2026-09-06T15:28:18+00:00
2024,KY,21221,Trigg County,2024-10-26,10,272,,233,39,121,124,,,1,ky-sbe,2026-09-06T15:28:18+00:00
2024,KY,21221,Trigg County,2024-10-29,7,299,,251,48,125,142,,,1,ky-sbe,2026-09-06T15:28:18+00:00
2024,KY,21221,Trigg County,2024-10-30,6,336,,279,57,143,157,,,1,ky-sbe,2026-09-06T15:28:18+00:00
2024,KY,21221,Trigg County,2024-10-31,5,351,,291,60,151,163,,,1,ky-sbe,2026-09-06T15:28:18+00:00
2024,KY,21221,Trigg County,2024-11-01,4,1107,,305,802,406,616,,,1,ky-sbe,2026-09-06T15:28:18+00:00
2024,KY,21221,Trigg County,2024-11-02,3,2058,,308,1750,738,1181,,,1,ky-sbe,2026-09-06T15:28:18+00:00
2024,KY,21221,Trigg County,2024-11-03,2,2893,,308,2585,1023,1693,,,1,ky-sbe,2026-09-06T15:28:18+00:00
2024,KY,21221,Trigg County,2024-11-05,0,2910,,325,2585,1030,1701,,,1,ky-sbe,2026-09-06T15:28:18+00:00
2024,KY,21223,Trimble County,2024-09-23,43,0,,0,,,,,,1,ky-sbe,2026-09-06T15:28:18+00:00
2024,KY,21223,Trimble County,2024-09-26,40,0,,0,,,,,,1,ky-sbe,2026-09-06T15:28:18+00:00
2024,KY,21223,Trimble County,2024-09-30,36,0,,0,,,,,,1,ky-sbe,2026-09-06T15:28:18+00:00
2024,KY,21223,Trimble County,2024-10-08,28,16,,16,,9,6,,,1,ky-sbe,2026-09-06T15:28:18+00:00
2024,KY,21223,Trimble County,2024-10-14,22,83,,83,,54,26,,,1,ky-sbe,2026-09-06T15:28:18+00:00
2024,KY,21223,Trimble County,2024-10-21,15,129,,129,,79,46,,,1,ky-sbe,2026-09-06T15:28:18+00:00
2024,KY,21223,Trimble County,2024-10-23,13,158,,158,,99,51,,,1,ky-sbe,2026-09-06T15:28:18+00:00
2024,KY,21223,Trimble County,2024-10-25,11,203,,171,32,121,69,,,1,ky-sbe,2026-09-06T15:28:18+00:00
2024,KY,21223,Trimble County,2024-10-26,10,229,,171,58,135,81,,,1,ky-sbe,2026-09-06T15:28:18+00:00
2024,KY,21223,Trimble County,2024-10-29,7,266,,190,76,156,96,,,1,ky-sbe,2026-09-06T15:28:18+00:00
2024,KY,21223,Trimble County,2024-10-30,6,303,,203,100,175,111,,,1,ky-sbe,2026-09-06T15:28:18+00:00
2024,KY,21223,Trimble County,2024-10-31,5,319,,203,116,180,122,,,1,ky-sbe,2026-09-06T15:28:18+00:00
2024,KY,21223,Trimble County,2024-11-01,4,764,,203,561,387,340,,,1,ky-sbe,2026-09-06T15:28:18+00:00
2024,KY,21223,Trimble County,2024-11-02,3,1313,,221,1092,658,588,,,1,ky-sbe,2026-09-06T15:28:18+00:00
2024,KY,21223,Trimble County,2024-11-03,2,1622,,221,1401,783,751,,,1,ky-sbe,2026-09-06T15:28:18+00:00
2024,KY,21223,Trimble County,2024-11-05,0,1626,,225,1401,785,753,,,1,ky-sbe,2026-09-06T15:28:18+00:00
2024,KY,21225,Union County,2024-09-23,43,0,,0,,,,,,1,ky-sbe,2026-09-06T15:28:18+00:00
2024,KY,21225,Union County,2024-09-26,40,0,,0,,,,,,1,ky-sbe,2026-09-06T15:28:18+00:00
2024,KY,21225,Union County,2024-09-30,36,0,,0,,,,,,1,ky-sbe,2026-09-06T15:28:18+00:00
2024,KY,21225,Union County,2024-10-08,28,17,,17,,9,7,,,1,ky-sbe,2026-09-06T15:28:18+00:00
2024,KY,21225,Union County,2024-10-14,22,33,,33,,20,11,,,1,ky-sbe,2026-09-06T15:28:18+00:00
2024,KY,21225,Union County,2024-10-21,15,62,,62,,42,18,,,1,ky-sbe,2026-09-06T15:28:18+00:00
2024,KY,21225,Union County,2024-10-23,13,87,,87,,53,29,,,1,ky-sbe,2026-09-06T15:28:18+00:00
2024,KY,21225,Union County,2024-10-25,11,145,,117,28,81,57,,,1,ky-sbe,2026-09-06T15:28:18+00:00
2024,KY,21225,Union County,2024-10-26,10,168,,125,43,93,68,,,1,ky-sbe,2026-09-06T15:28:18+00:00
2024,KY,21225,Union County,2024-10-29,7,209,,149,60,110,90,,,1,ky-sbe,2026-09-06T15:28:18+00:00
2024,KY,21225,Union County,2024-10-30,6,227,,161,66,119,96,,,1,ky-sbe,2026-09-06T15:28:18+00:00
2024,KY,21225,Union County,2024-10-31,5,255,,180,75,131,111,,,1,ky-sbe,2026-09-06T15:28:18+00:00
2024,KY,21225,Union County,2024-11-01,4,960,,182,778,504,421,,,1,ky-sbe,2026-09-06T15:28:18+00:00
2024,KY,21225,Union County,2024-11-02,3,1614,,188,1426,854,710,,,1,ky-sbe,2026-09-06T15:28:18+00:00
2024,KY,21225,Union County,2024-11-03,2,2135,,188,1947,1089,979,,,1,ky-sbe,2026-09-06T15:28:18+00:00
2024,KY,21225,Union County,2024-11-05,0,2148,,201,1947,1100,981,,,1,ky-sbe,2026-09-06T15:28:18+00:00
2024,KY,21227,Warren County,2024-09-23,43,0,,0,,,,,,1,ky-sbe,2026-09-06T15:28:18+00:00
2024,KY,21227,Warren County,2024-09-26,40,0,,0,,,,,,1,ky-sbe,2026-09-06T15:28:18+00:00
2024,KY,21227,Warren County,2024-09-30,36,0,,0,,,,,,1,ky-sbe,2026-09-06T15:28:18+00:00
2024,KY,21227,Warren County,2024-10-08,28,365,,365,,185,142,,,1,ky-sbe,2026-09-06T15:28:18+00:00
2024,KY,21227,Warren County,2024-10-14,22,717,,717,,379,267,,,1,ky-sbe,2026-09-06T15:28:18+00:00
2024,KY,21227,Warren County,2024-10-21,15,1269,,1269,,652,485,,,1,ky-sbe,2026-09-06T15:28:18+00:00
2024,KY,21227,Warren County,2024-10-23,13,1481,,1481,,754,566,,,1,ky-sbe,2026-09-06T15:28:18+00:00
2024,KY,21227,Warren County,2024-10-25,11,1943,,1745,198,950,790,,,1,ky-sbe,2026-09-06T15:28:18+00:00
2024,KY,21227,Warren County,2024-10-26,10,2193,,1909,284,1069,893,,,1,ky-sbe,2026-09-06T15:28:18+00:00
2024,KY,21227,Warren County,2024-10-29,7,2496,,2124,372,1202,1027,,,1,ky-sbe,2026-09-06T15:28:18+00:00
2024,KY,21227,Warren County,2024-10-30,6,2700,,2269,431,1294,1111,,,1,ky-sbe,2026-09-06T15:28:18+00:00
2024,KY,21227,Warren County,2024-10-31,5,2830,,2363,467,1345,1169,,,1,ky-sbe,2026-09-06T15:28:18+00:00
2024,KY,21227,Warren County,2024-11-01,4,13216,,2454,10762,5271,6915,,,1,ky-sbe,2026-09-06T15:28:18+00:00
2024,KY,21227,Warren County,2024-11-02,3,22961,,2630,20331,8981,12216,,,1,ky-sbe,2026-09-06T15:28:18+00:00
2024,KY,21227,Warren County,2024-11-03,2,30962,,2634,28328,12114,16415,,,1,ky-sbe,2026-09-06T15:28:18+00:00
2024,KY,21227,Warren County,2024-11-05,0,31192,,2864,28328,12243,16487,,,1,ky-sbe,2026-09-06T15:28:18+00:00
2024,KY,21229,Washington County,2024-09-23,43,0,,0,,,,,,1,ky-sbe,2026-09-06T15:28:18+00:00
2024,KY,21229,Washington County,2024-09-26,40,0,,0,,,,,,1,ky-sbe,2026-09-06T15:28:18+00:00
2024,KY,21229,Washington County,2024-09-30,36,0,,0,,,,,,1,ky-sbe,2026-09-06T15:28:18+00:00
2024,KY,21229,Washington County,2024-10-08,28,64,,64,,52,9,,,1,ky-sbe,2026-09-06T15:28:18+00:00
2024,KY,21229,Washington County,2024-10-14,22,81,,81,,61,16,,,1,ky-sbe,2026-09-06T15:28:18+00:00
2024,KY,21229,Washington County,2024-10-21,15,114,,114,,81,25,,,1,ky-sbe,2026-09-06T15:28:18+00:00
2024,KY,21229,Washington County,2024-10-23,13,119,,119,,84,27,,,1,ky-sbe,2026-09-06T15:28:18+00:00
2024,KY,21229,Washington County,2024-10-25,11,167,,157,10,114,43,,,1,ky-sbe,2026-09-06T15:28:18+00:00
2024,KY,21229,Washington County,2024-10-26,10,178,,160,18,116,52,,,1,ky-sbe,2026-09-06T15:28:18+00:00
2024,KY,21229,Washington County,2024-10-29,7,216,,194,22,139,65,,,1,ky-sbe,2026-09-06T15:28:18+00:00
2024,KY,21229,Washington County,2024-10-30,6,231,,202,29,147,68,,,1,ky-sbe,2026-09-06T15:28:18+00:00
2024,KY,21229,Washington County,2024-10-31,5,241,,206,35,152,72,,,1,ky-sbe,2026-09-06T15:28:18+00:00
2024,KY,21229,Washington County,2024-11-01,4,1118,,207,911,552,522,,,1,ky-sbe,2026-09-06T15:28:18+00:00
2024,KY,21229,Washington County,2024-11-02,3,2027,,235,1792,968,984,,,1,ky-sbe,2026-09-06T15:28:18+00:00
2024,KY,21229,Washington County,2024-11-03,2,2664,,235,2429,1248,1312,,,1,ky-sbe,2026-09-06T15:28:18+00:00
2024,KY,21229,Washington County,2024-11-05,0,2668,,239,2429,1250,1313,,,1,ky-sbe,2026-09-06T15:28:18+00:00
2024,KY,21231,Wayne County,2024-09-23,43,0,,0,,,,,,1,ky-sbe,2026-09-06T15:28:18+00:00
2024,KY,21231,Wayne County,2024-09-26,40,0,,0,,,,,,1,ky-sbe,2026-09-06T15:28:18+00:00
2024,KY,21231,Wayne County,2024-09-30,36,0,,0,,,,,,1,ky-sbe,2026-09-06T15:28:18+00:00
2024,KY,21231,Wayne County,2024-10-08,28,126,,126,,40,78,,,1,ky-sbe,2026-09-06T15:28:18+00:00
2024,KY,21231,Wayne County,2024-10-14,22,190,,190,,54,125,,,1,ky-sbe,2026-09-06T15:28:18+00:00
2024,KY,21231,Wayne County,2024-10-21,15,302,,302,,88,199,,,1,ky-sbe,2026-09-06T15:28:18+00:00
2024,KY,21231,Wayne County,2024-10-23,13,410,,410,,118,270,,,1,ky-sbe,2026-09-06T15:28:18+00:00
2024,KY,21231,Wayne County,2024-10-25,11,535,,471,64,156,349,,,1,ky-sbe,2026-09-06T15:28:18+00:00
2024,KY,21231,Wayne County,2024-10-26,10,568,,471,97,160,375,,,1,ky-sbe,2026-09-06T15:28:18+00:00
2024,KY,21231,Wayne County,2024-10-29,7,592,,471,121,164,395,,,1,ky-sbe,2026-09-06T15:28:18+00:00
2024,KY,21231,Wayne County,2024-10-30,6,721,,573,148,188,494,,,1,ky-sbe,2026-09-06T15:28:18+00:00
2024,KY,21231,Wayne County,2024-10-31,5,776,,609,167,200,537,,,1,ky-sbe,2026-09-06T15:28:18+00:00
2024,KY,21231,Wayne County,2024-11-01,4,1468,,609,859,333,1073,,,1,ky-sbe,2026-09-06T15:28:18+00:00
2024,KY,21231,Wayne County,2024-11-02,3,2231,,609,1622,490,1647,,,1,ky-sbe,2026-09-06T15:28:18+00:00
2024,KY,21231,Wayne County,2024-11-03,2,2994,,646,2348,648,2218,,,1,ky-sbe,2026-09-06T15:28:18+00:00
2024,KY,21231,Wayne County,2024-11-05,0,3011,,663,2348,654,2228,,,1,ky-sbe,2026-09-06T15:28:18+00:00
2024,KY,21233,Webster County,2024-09-23,43,0,,0,,,,,,1,ky-sbe,2026-09-06T15:28:18+00:00
2024,KY,21233,Webster County,2024-09-26,40,0,,0,,,,,,1,ky-sbe,2026-09-06T15:28:18+00:00
2024,KY,21233,Webster County,2024-09-30,36,0,,0,,,,,,1,ky-sbe,2026-09-06T15:28:18+00:00
2024,KY,21233,Webster County,2024-10-08,28,19,,19,,14,4,,,1,ky-sbe,2026-09-06T15:28:18+00:00
2024,KY,21233,Webster County,2024-10-14,22,22,,22,,15,6,,,1,ky-sbe,2026-09-06T15:28:18+00:00
2024,KY,21233,Webster County,2024-10-21,15,52,,52,,35,14,,,1,ky-sbe,2026-09-06T15:28:18+00:00
2024,KY,21233,Webster County,2024-10-23,13,72,,72,,48,20,,,1,ky-sbe,2026-09-06T15:28:18+00:00
2024,KY,21233,Webster County,2024-10-25,11,106,,94,12,70,30,,,1,ky-sbe,2026-09-06T15:28:18+00:00
2024,KY,21233,Webster County,2024-10-26,10,124,,103,21,80,38,,,1,ky-sbe,2026-09-06T15:28:18+00:00
2024,KY,21233,Webster County,2024-10-29,7,142,,115,27,90,45,,,1,ky-sbe,2026-09-06T15:28:18+00:00
2024,KY,21233,Webster County,2024-10-30,6,147,,118,29,90,49,,,1,ky-sbe,2026-09-06T15:28:18+00:00
2024,KY,21233,Webster County,2024-10-31,5,164,,133,31,100,56,,,1,ky-sbe,2026-09-06T15:28:18+00:00
2024,KY,21233,Webster County,2024-11-01,4,643,,139,504,312,308,,,1,ky-sbe,2026-09-06T15:28:18+00:00
2024,KY,21233,Webster County,2024-11-02,3,1154,,146,1008,549,562,,,1,ky-sbe,2026-09-06T15:28:18+00:00
2024,KY,21233,Webster County,2024-11-03,2,1574,,146,1428,743,776,,,1,ky-sbe,2026-09-06T15:28:18+00:00
2024,KY,21233,Webster County,2024-11-05,0,1583,,155,1428,745,780,,,1,ky-sbe,2026-09-06T15:28:18+00:00
2024,KY,21235,Whitley County,2024-09-23,43,0,,0,,,,,,1,ky-sbe,2026-09-06T15:28:18+00:00
2024,KY,21235,Whitley County,2024-09-26,40,0,,0,,,,,,1,ky-sbe,2026-09-06T15:28:18+00:00
2024,KY,21235,Whitley County,2024-09-30,36,0,,0,,,,,,1,ky-sbe,2026-09-06T15:28:18+00:00
2024,KY,21235,Whitley County,2024-10-08,28,170,,170,,37,124,,,1,ky-sbe,2026-09-06T15:28:18+00:00
2024,KY,21235,Whitley County,2024-10-14,22,290,,290,,59,216,,,1,ky-sbe,2026-09-06T15:28:18+00:00
2024,KY,21235,Whitley County,2024-10-21,15,402,,402,,93,287,,,1,ky-sbe,2026-09-06T15:28:18+00:00
2024,KY,21235,Whitley County,2024-10-23,13,508,,508,,116,361,,,1,ky-sbe,2026-09-06T15:28:18+00:00
2024,KY,21235,Whitley County,2024-10-25,11,614,,577,37,138,437,,,1,ky-sbe,2026-09-06T15:28:18+00:00
2024,KY,21235,Whitley County,2024-10-26,10,665,,612,53,153,470,,,1,ky-sbe,2026-09-06T15:28:18+00:00
2024,KY,21235,Whitley County,2024-10-29,7,737,,660,77,163,529,,,1,ky-sbe,2026-09-06T15:28:18+00:00
2024,KY,21235,Whitley County,2024-10-30,6,777,,687,90,176,555,,,1,ky-sbe,2026-09-06T15:28:18+00:00
2024,KY,21235,Whitley County,2024-10-31,5,814,,710,104,181,586,,,1,ky-sbe,2026-09-06T15:28:18+00:00
2024,KY,21235,Whitley County,2024-11-01,4,3122,,731,2391,504,2496,,,1,ky-sbe,2026-09-06T15:28:18+00:00
2024,KY,21235,Whitley County,2024-11-02,3,5215,,764,4451,790,4216,,,1,ky-sbe,2026-09-06T15:28:18+00:00
2024,KY,21235,Whitley County,2024-11-03,2,6358,,765,5593,922,5179,,,1,ky-sbe,2026-09-06T15:28:18+00:00
2024,KY,21235,Whitley County,2024-11-05,0,6398,,805,5593,929,5205,,,1,ky-sbe,2026-09-06T15:28:18+00:00
2024,KY,21237,Wolfe County,2024-09-23,43,0,,0,,,,,,1,ky-sbe,2026-09-06T15:28:18+00:00
2024,KY,21237,Wolfe County,2024-09-26,40,0,,0,,,,,,1,ky-sbe,2026-09-06T15:28:18+00:00
2024,KY,21237,Wolfe County,2024-09-30,36,0,,0,,,,,,1,ky-sbe,2026-09-06T15:28:18+00:00
2024,KY,21237,Wolfe County,2024-10-08,28,17,,17,,15,2,,,1,ky-sbe,2026-09-06T15:28:18+00:00
2024,KY,21237,Wolfe County,2024-10-14,22,33,,33,,27,5,,,1,ky-sbe,2026-09-06T15:28:18+00:00
2024,KY,21237,Wolfe County,2024-10-21,15,55,,55,,44,9,,,1,ky-sbe,2026-09-06T15:28:18+00:00
2024,KY,21237,Wolfe County,2024-10-23,13,67,,67,,53,12,,,1,ky-sbe,2026-09-06T15:28:18+00:00
2024,KY,21237,Wolfe County,2024-10-25,11,103,,95,8,75,24,,,1,ky-sbe,2026-09-06T15:28:18+00:00
2024,KY,21237,Wolfe County,2024-10-26,10,116,,102,14,87,24,,,1,ky-sbe,2026-09-06T15:28:18+00:00
2024,KY,21237,Wolfe County,2024-10-29,7,146,,123,23,107,33,,,1,ky-sbe,2026-09-06T15:28:18+00:00
2024,KY,21237,Wolfe County,2024-10-30,6,158,,130,28,118,34,,,1,ky-sbe,2026-09-06T15:28:18+00:00
2024,KY,21237,Wolfe County,2024-10-31,5,162,,131,31,122,34,,,1,ky-sbe,2026-09-06T15:28:18+00:00
2024,KY,21237,Wolfe County,2024-11-01,4,368,,142,226,267,90,,,1,ky-sbe,2026-09-06T15:28:18+00:00
2024,KY,21237,Wolfe County,2024-11-02,3,578,,145,433,415,145,,,1,ky-sbe,2026-09-06T15:28:18+00:00
2024,KY,21237,Wolfe County,2024-11-03,2,762,,148,614,559,181,,,1,ky-sbe,2026-09-06T15:28:18+00:00
2024,KY,21237,Wolfe County,2024-11-05,0,763,,149,614,559,182,,,1,ky-sbe,2026-09-06T15:28:18+00:00
2024,KY,21239,Woodford County,2024-09-23,43,0,,0,,,,,,1,ky-sbe,2026-09-06T15:28:18+00:00
2024,KY,21239,Woodford County,2024-09-26,40,0,,0,,,,,,1,ky-sbe,2026-09-06T15:28:18+00:00
2024,KY,21239,Woodford County,2024-09-30,36,0,,0,,,,,,1,ky-sbe,2026-09-06T15:28:18+00:00
2024,KY,21239,Woodford County,2024-10-08,28,162,,162,,88,58,,,1,ky-sbe,2026-09-06T15:28:18+00:00
2024,KY,21239,Woodford County,2024-10-14,22,237,,237,,132,76,,,1,ky-sbe,2026-09-06T15:28:18+00:00
2024,KY,21239,Woodford County,2024-10-21,15,462,,462,,267,143,,,1,ky-sbe,2026-09-06T15:28:18+00:00
2024,KY,21239,Woodford County,2024-10-23,13,571,,571,,329,181,,,1,ky-sbe,2026-09-06T15:28:18+00:00
2024,KY,21239,Woodford County,2024-10-25,11,742,,617,125,429,242,,,1,ky-sbe,2026-09-06T15:28:18+00:00
2024,KY,21239,Woodford County,2024-10-26,10,813,,653,160,465,273,,,1,ky-sbe,2026-09-06T15:28:18+00:00
2024,KY,21239,Woodford County,2024-10-29,7,895,,702,193,509,300,,,1,ky-sbe,2026-09-06T15:28:18+00:00
2024,KY,21239,Woodford County,2024-10-30,6,973,,748,225,548,335,,,1,ky-sbe,2026-09-06T15:28:18+00:00
2024,KY,21239,Woodford County,2024-10-31,5,1042,,783,259,583,363,,,1,ky-sbe,2026-09-06T15:28:18+00:00
2024,KY,21239,Woodford County,2024-11-01,4,3779,,834,2945,1832,1619,,,1,ky-sbe,2026-09-06T15:28:18+00:00
2024,KY,21239,Woodford County,2024-11-02,3,6732,,834,5898,3234,2939,,,1,ky-sbe,2026-09-06T15:28:18+00:00
2024,KY,21239,Woodford County,2024-11-03,2,8615,,835,7780,4083,3831,,,1,ky-sbe,2026-09-06T15:28:18+00:00
2024,KY,21239,Woodford County,2024-11-05,0,8710,,930,7780,4129,3866,,,1,ky-sbe,2026-09-06T15:28:18+00:00
