cycle,state,county_fips,county_name,date,days_to_election,ballots_total,ballots_new,mail_returned,inperson,party_dem,party_rep,party_oth,party_npa,source_tier,source_name,retrieved_at
2022,ME,23001,Androscoggin County,2022-07-11,120,1,0,0,1,0,1,0,0,1,me-sos,2026-09-06T15:37:41+00:00
2022,ME,23001,Androscoggin County,2022-07-12,119,1,0,0,1,0,1,0,0,1,me-sos,2026-09-06T15:37:41+00:00
2022,ME,23001,Androscoggin County,2022-07-13,118,1,0,0,1,0,1,0,0,1,me-sos,2026-09-06T15:37:41+00:00
2022,ME,23001,Androscoggin County,2022-07-14,117,1,0,0,1,0,1,0,0,1,me-sos,2026-09-06T15:37:41+00:00
2022,ME,23001,Androscoggin County,2022-07-15,116,1,0,0,1,0,1,0,0,1,me-sos,2026-09-06T15:37:41+00:00
2022,ME,23001,Androscoggin County,2022-07-16,115,1,0,0,1,0,1,0,0,1,me-sos,2026-09-06T15:37:41+00:00
2022,ME,23001,Androscoggin County,2022-07-17,114,1,0,0,1,0,1,0,0,1,me-sos,2026-09-06T15:37:41+00:00
2022,ME,23001,Androscoggin County,2022-07-18,113,1,0,0,1,0,1,0,0,1,me-sos,2026-09-06T15:37:41+00:00
2022,ME,23001,Androscoggin County,2022-07-19,112,1,0,0,1,0,1,0,0,1,me-sos,2026-09-06T15:37:41+00:00
2022,ME,23001,Androscoggin County,2022-07-20,111,1,0,0,1,0,1,0,0,1,me-sos,2026-09-06T15:37:41+00:00
2022,ME,23001,Androscoggin County,2022-07-21,110,1,0,0,1,0,1,0,0,1,me-sos,2026-09-06T15:37:41+00:00
2022,ME,23001,Androscoggin County,2022-07-22,109,1,0,0,1,0,1,0,0,1,me-sos,2026-09-06T15:37:41+00:00
2022,ME,23001,Androscoggin County,2022-07-23,108,1,0,0,1,0,1,0,0,1,me-sos,2026-09-06T15:37:41+00:00
2022,ME,23001,Androscoggin County,2022-07-24,107,1,0,0,1,0,1,0,0,1,me-sos,2026-09-06T15:37:41+00:00
2022,ME,23001,Androscoggin County,2022-07-25,106,1,0,0,1,0,1,0,0,1,me-sos,2026-09-06T15:37:41+00:00
2022,ME,23001,Androscoggin County,2022-07-26,105,1,0,0,1,0,1,0,0,1,me-sos,2026-09-06T15:37:41+00:00
2022,ME,23001,Androscoggin County,2022-07-27,104,1,0,0,1,0,1,0,0,1,me-sos,2026-09-06T15:37:41+00:00
2022,ME,23001,Androscoggin County,2022-07-28,103,1,0,0,1,0,1,0,0,1,me-sos,2026-09-06T15:37:41+00:00
2022,ME,23001,Androscoggin County,2022-07-29,102,1,0,0,1,0,1,0,0,1,me-sos,2026-09-06T15:37:41+00:00
2022,ME,23001,Androscoggin County,2022-07-30,101,1,0,0,1,0,1,0,0,1,me-sos,2026-09-06T15:37:41+00:00
2022,ME,23001,Androscoggin County,2022-07-31,100,1,0,0,1,0,1,0,0,1,me-sos,2026-09-06T15:37:41+00:00
2022,ME,23001,Androscoggin County,2022-08-01,99,1,0,0,1,0,1,0,0,1,me-sos,2026-09-06T15:37:41+00:00
2022,ME,23001,Androscoggin County,2022-08-02,98,1,0,0,1,0,1,0,0,1,me-sos,2026-09-06T15:37:41+00:00
2022,ME,23001,Androscoggin County,2022-08-03,97,1,0,0,1,0,1,0,0,1,me-sos,2026-09-06T15:37:41+00:00
2022,ME,23001,Androscoggin County,2022-08-04,96,1,0,0,1,0,1,0,0,1,me-sos,2026-09-06T15:37:41+00:00
2022,ME,23001,Androscoggin County,2022-08-05,95,1,0,0,1,0,1,0,0,1,me-sos,2026-09-06T15:37:41+00:00
2022,ME,23001,Androscoggin County,2022-08-06,94,1,0,0,1,0,1,0,0,1,me-sos,2026-09-06T15:37:41+00:00
2022,ME,23001,Androscoggin County,2022-08-07,93,1,0,0,1,0,1,0,0,1,me-sos,2026-09-06T15:37:41+00:00
2022,ME,23001,Androscoggin County,2022-08-08,92,1,0,0,1,0,1,0,0,1,me-sos,2026-09-06T15:37:41+00:00
2022,ME,23001,Androscoggin County,2022-08-09,91,1,0,0,1,0,1,0,0,1,me-sos,2026-09-06T15:37:41+00:00
2022,ME,23001,Androscoggin County,2022-08-10,90,1,0,0,1,0,1,0,0,1,me-sos,2026-09-06T15:37:41+00:00
2022,ME,23001,Androscoggin County,2022-08-11,89,1,0,0,1,0,1,0,0,1,me-sos,2026-09-06T15:37:41+00:00
2022,ME,23001,Androscoggin County,2022-08-12,88,1,0,0,1,0,1,0,0,1,me-sos,2026-09-06T15:37:41+00:00
2022,ME,23001,Androscoggin County,2022-08-13,87,1,0,0,1,0,1,0,0,1,me-sos,2026-09-06T15:37:41+00:00
2022,ME,23001,Androscoggin County,2022-08-14,86,1,0,0,1,0,1,0,0,1,me-sos,2026-09-06T15:37:41+00:00
2022,ME,23001,Androscoggin County,2022-08-15,85,1,0,0,1,0,1,0,0,1,me-sos,2026-09-06T15:37:41+00:00
2022,ME,23001,Androscoggin County,2022-08-16,84,1,0,0,1,0,1,0,0,1,me-sos,2026-09-06T15:37:41+00:00
2022,ME,23001,Androscoggin County,2022-08-17,83,1,0,0,1,0,1,0,0,1,me-sos,2026-09-06T15:37:41+00:00
2022,ME,23001,Androscoggin County,2022-08-18,82,1,0,0,1,0,1,0,0,1,me-sos,2026-09-06T15:37:41+00:00
2022,ME,23001,Androscoggin County,2022-08-19,81,1,0,0,1,0,1,0,0,1,me-sos,2026-09-06T15:37:41+00:00
2022,ME,23001,Androscoggin County,2022-08-20,80,1,0,0,1,0,1,0,0,1,me-sos,2026-09-06T15:37:41+00:00
2022,ME,23001,Androscoggin County,2022-08-21,79,1,0,0,1,0,1,0,0,1,me-sos,2026-09-06T15:37:41+00:00
2022,ME,23001,Androscoggin County,2022-08-22,78,1,0,0,1,0,1,0,0,1,me-sos,2026-09-06T15:37:41+00:00
2022,ME,23001,Androscoggin County,2022-08-23,77,1,0,0,1,0,1,0,0,1,me-sos,2026-09-06T15:37:41+00:00
2022,ME,23001,Androscoggin County,2022-08-24,76,1,0,0,1,0,1,0,0,1,me-sos,2026-09-06T15:37:41+00:00
2022,ME,23001,Androscoggin County,2022-08-25,75,1,0,0,1,0,1,0,0,1,me-sos,2026-09-06T15:37:41+00:00
2022,ME,23001,Androscoggin County,2022-08-26,74,1,0,0,1,0,1,0,0,1,me-sos,2026-09-06T15:37:41+00:00
2022,ME,23001,Androscoggin County,2022-08-27,73,1,0,0,1,0,1,0,0,1,me-sos,2026-09-06T15:37:41+00:00
2022,ME,23001,Androscoggin County,2022-08-28,72,1,0,0,1,0,1,0,0,1,me-sos,2026-09-06T15:37:41+00:00
2022,ME,23001,Androscoggin County,2022-08-29,71,1,0,0,1,0,1,0,0,1,me-sos,2026-09-06T15:37:41+00:00
2022,ME,23001,Androscoggin County,2022-08-30,70,1,0,0,1,0,1,0,0,1,me-sos,2026-09-06T15:37:41+00:00
2022,ME,23001,Androscoggin County,2022-08-31,69,1,0,0,1,0,1,0,0,1,me-sos,2026-09-06T15:37:41+00:00
2022,ME,23001,Androscoggin County,2022-09-01,68,1,0,0,1,0,1,0,0,1,me-sos,2026-09-06T15:37:41+00:00
2022,ME,23001,Androscoggin County,2022-09-02,67,1,0,0,1,0,1,0,0,1,me-sos,2026-09-06T15:37:41+00:00
2022,ME,23001,Androscoggin County,2022-09-03,66,1,0,0,1,0,1,0,0,1,me-sos,2026-09-06T15:37:41+00:00
2022,ME,23001,Androscoggin County,2022-09-04,65,1,0,0,1,0,1,0,0,1,me-sos,2026-09-06T15:37:41+00:00
2022,ME,23001,Androscoggin County,2022-09-05,64,1,0,0,1,0,1,0,0,1,me-sos,2026-09-06T15:37:41+00:00
2022,ME,23001,Androscoggin County,2022-09-06,63,1,0,0,1,0,1,0,0,1,me-sos,2026-09-06T15:37:41+00:00
2022,ME,23001,Androscoggin County,2022-09-07,62,3,2,2,1,2,1,0,0,1,me-sos,2026-09-06T15:37:41+00:00
2022,ME,23001,Androscoggin County,2022-09-08,61,3,0,2,1,2,1,0,0,1,me-sos,2026-09-06T15:37:41+00:00
2022,ME,23001,Androscoggin County,2022-09-09,60,3,0,2,1,2,1,0,0,1,me-sos,2026-09-06T15:37:41+00:00
2022,ME,23001,Androscoggin County,2022-09-10,59,3,0,2,1,2,1,0,0,1,me-sos,2026-09-06T15:37:41+00:00
2022,ME,23001,Androscoggin County,2022-09-11,58,3,0,2,1,2,1,0,0,1,me-sos,2026-09-06T15:37:41+00:00
2022,ME,23001,Androscoggin County,2022-09-12,57,3,0,2,1,2,1,0,0,1,me-sos,2026-09-06T15:37:41+00:00
2022,ME,23001,Androscoggin County,2022-09-13,56,3,0,2,1,2,1,0,0,1,me-sos,2026-09-06T15:37:41+00:00
2022,ME,23001,Androscoggin County,2022-09-14,55,3,0,2,1,2,1,0,0,1,me-sos,2026-09-06T15:37:41+00:00
2022,ME,23001,Androscoggin County,2022-09-15,54,3,0,2,1,2,1,0,0,1,me-sos,2026-09-06T15:37:41+00:00
2022,ME,23001,Androscoggin County,2022-09-16,53,3,0,2,1,2,1,0,0,1,me-sos,2026-09-06T15:37:41+00:00
2022,ME,23001,Androscoggin County,2022-09-17,52,3,0,2,1,2,1,0,0,1,me-sos,2026-09-06T15:37:41+00:00
2022,ME,23001,Androscoggin County,2022-09-18,51,3,0,2,1,2,1,0,0,1,me-sos,2026-09-06T15:37:41+00:00
2022,ME,23001,Androscoggin County,2022-09-19,50,3,0,2,1,2,1,0,0,1,me-sos,2026-09-06T15:37:41+00:00
2022,ME,23001,Androscoggin County,2022-09-20,49,3,0,2,1,2,1,0,0,1,me-sos,2026-09-06T15:37:41+00:00
2022,ME,23001,Androscoggin County,2022-09-21,48,3,0,2,1,2,1,0,0,1,me-sos,2026-09-06T15:37:41+00:00
2022,ME,23001,Androscoggin County,2022-09-22,47,9,6,8,1,6,1,0,2,1,me-sos,2026-09-06T15:37:41+00:00
2022,ME,23001,Androscoggin County,2022-09-23,46,14,5,13,1,10,2,0,2,1,me-sos,2026-09-06T15:37:41+00:00
2022,ME,23001,Androscoggin County,2022-09-24,45,15,1,14,1,11,2,0,2,1,me-sos,2026-09-06T15:37:41+00:00
2022,ME,23001,Androscoggin County,2022-09-25,44,15,0,14,1,11,2,0,2,1,me-sos,2026-09-06T15:37:41+00:00
2022,ME,23001,Androscoggin County,2022-09-26,43,16,1,15,1,11,3,0,2,1,me-sos,2026-09-06T15:37:41+00:00
2022,ME,23001,Androscoggin County,2022-09-27,42,17,1,16,1,12,3,0,2,1,me-sos,2026-09-06T15:37:41+00:00
2022,ME,23001,Androscoggin County,2022-09-28,41,17,0,16,1,12,3,0,2,1,me-sos,2026-09-06T15:37:41+00:00
2022,ME,23001,Androscoggin County,2022-09-29,40,17,0,16,1,12,3,0,2,1,me-sos,2026-09-06T15:37:41+00:00
2022,ME,23001,Androscoggin County,2022-09-30,39,17,0,16,1,12,3,0,2,1,me-sos,2026-09-06T15:37:41+00:00
2022,ME,23001,Androscoggin County,2022-10-01,38,18,1,17,1,13,3,0,2,1,me-sos,2026-09-06T15:37:41+00:00
2022,ME,23001,Androscoggin County,2022-10-02,37,18,0,17,1,13,3,0,2,1,me-sos,2026-09-06T15:37:41+00:00
2022,ME,23001,Androscoggin County,2022-10-03,36,19,1,18,1,14,3,0,2,1,me-sos,2026-09-06T15:37:41+00:00
2022,ME,23001,Androscoggin County,2022-10-04,35,23,4,18,5,17,3,0,3,1,me-sos,2026-09-06T15:37:41+00:00
2022,ME,23001,Androscoggin County,2022-10-05,34,85,62,59,26,50,22,2,11,1,me-sos,2026-09-06T15:37:41+00:00
2022,ME,23001,Androscoggin County,2022-10-06,33,151,66,98,53,84,39,4,24,1,me-sos,2026-09-06T15:37:41+00:00
2022,ME,23001,Androscoggin County,2022-10-07,32,269,118,181,88,153,53,11,52,1,me-sos,2026-09-06T15:37:41+00:00
2022,ME,23001,Androscoggin County,2022-10-08,31,272,3,184,88,155,54,11,52,1,me-sos,2026-09-06T15:37:41+00:00
2022,ME,23001,Androscoggin County,2022-10-09,30,278,6,190,88,157,58,11,52,1,me-sos,2026-09-06T15:37:41+00:00
2022,ME,23001,Androscoggin County,2022-10-10,29,334,56,246,88,193,68,12,61,1,me-sos,2026-09-06T15:37:41+00:00
2022,ME,23001,Androscoggin County,2022-10-11,28,994,660,765,229,579,199,30,186,1,me-sos,2026-09-06T15:37:41+00:00
2022,ME,23001,Androscoggin County,2022-10-12,27,1331,337,929,402,759,282,38,252,1,me-sos,2026-09-06T15:37:41+00:00
2022,ME,23001,Androscoggin County,2022-10-13,26,1972,641,1358,614,1086,432,71,383,1,me-sos,2026-09-06T15:37:41+00:00
2022,ME,23001,Androscoggin County,2022-10-14,25,2410,438,1683,727,1305,542,88,475,1,me-sos,2026-09-06T15:37:41+00:00
2022,ME,23001,Androscoggin County,2022-10-15,24,2428,18,1701,727,1316,546,88,478,1,me-sos,2026-09-06T15:37:41+00:00
2022,ME,23001,Androscoggin County,2022-10-16,23,2459,31,1732,727,1333,553,91,482,1,me-sos,2026-09-06T15:37:41+00:00
2022,ME,23001,Androscoggin County,2022-10-17,22,3495,1036,2490,1005,1907,787,133,668,1,me-sos,2026-09-06T15:37:41+00:00
2022,ME,23001,Androscoggin County,2022-10-18,21,4035,540,2787,1248,2175,911,156,793,1,me-sos,2026-09-06T15:37:41+00:00
2022,ME,23001,Androscoggin County,2022-10-19,20,4848,813,3383,1465,2581,1120,186,961,1,me-sos,2026-09-06T15:37:41+00:00
2022,ME,23001,Androscoggin County,2022-10-20,19,5538,690,3848,1690,2924,1279,220,1115,1,me-sos,2026-09-06T15:37:41+00:00
2022,ME,23001,Androscoggin County,2022-10-21,18,6211,673,4301,1910,3247,1466,240,1258,1,me-sos,2026-09-06T15:37:41+00:00
2022,ME,23001,Androscoggin County,2022-10-22,17,6217,6,4305,1912,3251,1466,240,1260,1,me-sos,2026-09-06T15:37:41+00:00
2022,ME,23001,Androscoggin County,2022-10-23,16,6286,69,4374,1912,3289,1475,241,1281,1,me-sos,2026-09-06T15:37:41+00:00
2022,ME,23001,Androscoggin County,2022-10-24,15,7373,1087,5193,2180,3786,1762,294,1531,1,me-sos,2026-09-06T15:37:41+00:00
2022,ME,23001,Androscoggin County,2022-10-25,14,8122,749,5657,2465,4099,1984,323,1716,1,me-sos,2026-09-06T15:37:41+00:00
2022,ME,23001,Androscoggin County,2022-10-26,13,8778,656,6092,2686,4407,2150,346,1875,1,me-sos,2026-09-06T15:37:41+00:00
2022,ME,23001,Androscoggin County,2022-10-27,12,9633,855,6652,2981,4779,2367,384,2103,1,me-sos,2026-09-06T15:37:41+00:00
2022,ME,23001,Androscoggin County,2022-10-28,11,10259,626,7020,3239,5058,2536,409,2256,1,me-sos,2026-09-06T15:37:41+00:00
2022,ME,23001,Androscoggin County,2022-10-29,10,10267,8,7025,3242,5062,2537,410,2258,1,me-sos,2026-09-06T15:37:41+00:00
2022,ME,23001,Androscoggin County,2022-10-30,9,10328,61,7086,3242,5086,2557,414,2271,1,me-sos,2026-09-06T15:37:41+00:00
2022,ME,23001,Androscoggin County,2022-10-31,8,11630,1302,7968,3662,5596,2944,467,2623,1,me-sos,2026-09-06T15:37:41+00:00
2022,ME,23001,Androscoggin County,2022-11-01,7,12473,843,8379,4094,5938,3183,514,2838,1,me-sos,2026-09-06T15:37:41+00:00
2022,ME,23001,Androscoggin County,2022-11-02,6,13331,858,8815,4516,6259,3446,564,3062,1,me-sos,2026-09-06T15:37:41+00:00
2022,ME,23001,Androscoggin County,2022-11-03,5,14499,1168,9392,5107,6731,3820,616,3332,1,me-sos,2026-09-06T15:37:41+00:00
2022,ME,23001,Androscoggin County,2022-11-04,4,14959,460,9821,5138,6906,3958,641,3454,1,me-sos,2026-09-06T15:37:41+00:00
2022,ME,23001,Androscoggin County,2022-11-05,3,15002,43,9864,5138,6921,3974,644,3463,1,me-sos,2026-09-06T15:37:41+00:00
2022,ME,23001,Androscoggin County,2022-11-06,2,15189,187,10051,5138,6981,4032,657,3519,1,me-sos,2026-09-06T15:37:41+00:00
2022,ME,23001,Androscoggin County,2022-11-07,1,16086,897,10918,5168,7325,4266,712,3783,1,me-sos,2026-09-06T15:37:41+00:00
2022,ME,23001,Androscoggin County,2022-11-08,0,16517,431,11349,5168,7503,4374,738,3902,1,me-sos,2026-09-06T15:37:41+00:00
2022,ME,23003,Aroostook County,2022-09-20,49,1,1,1,0,1,0,0,0,1,me-sos,2026-09-06T15:37:41+00:00
2022,ME,23003,Aroostook County,2022-09-21,48,1,0,1,0,1,0,0,0,1,me-sos,2026-09-06T15:37:41+00:00
2022,ME,23003,Aroostook County,2022-09-22,47,1,0,1,0,1,0,0,0,1,me-sos,2026-09-06T15:37:41+00:00
2022,ME,23003,Aroostook County,2022-09-23,46,1,0,1,0,1,0,0,0,1,me-sos,2026-09-06T15:37:41+00:00
2022,ME,23003,Aroostook County,2022-09-24,45,2,1,2,0,2,0,0,0,1,me-sos,2026-09-06T15:37:41+00:00
2022,ME,23003,Aroostook County,2022-09-25,44,5,3,5,0,5,0,0,0,1,me-sos,2026-09-06T15:37:41+00:00
2022,ME,23003,Aroostook County,2022-09-26,43,6,1,6,0,6,0,0,0,1,me-sos,2026-09-06T15:37:41+00:00
2022,ME,23003,Aroostook County,2022-09-27,42,6,0,6,0,6,0,0,0,1,me-sos,2026-09-06T15:37:41+00:00
2022,ME,23003,Aroostook County,2022-09-28,41,6,0,6,0,6,0,0,0,1,me-sos,2026-09-06T15:37:41+00:00
2022,ME,23003,Aroostook County,2022-09-29,40,7,1,7,0,7,0,0,0,1,me-sos,2026-09-06T15:37:41+00:00
2022,ME,23003,Aroostook County,2022-09-30,39,7,0,7,0,7,0,0,0,1,me-sos,2026-09-06T15:37:41+00:00
2022,ME,23003,Aroostook County,2022-10-01,38,7,0,7,0,7,0,0,0,1,me-sos,2026-09-06T15:37:41+00:00
2022,ME,23003,Aroostook County,2022-10-02,37,7,0,7,0,7,0,0,0,1,me-sos,2026-09-06T15:37:41+00:00
2022,ME,23003,Aroostook County,2022-10-03,36,8,1,8,0,7,0,0,1,1,me-sos,2026-09-06T15:37:41+00:00
2022,ME,23003,Aroostook County,2022-10-04,35,15,7,14,1,11,2,0,2,1,me-sos,2026-09-06T15:37:41+00:00
2022,ME,23003,Aroostook County,2022-10-05,34,21,6,18,3,13,3,0,5,1,me-sos,2026-09-06T15:37:41+00:00
2022,ME,23003,Aroostook County,2022-10-06,33,35,14,24,11,18,8,1,8,1,me-sos,2026-09-06T15:37:41+00:00
2022,ME,23003,Aroostook County,2022-10-07,32,64,29,48,16,36,15,1,12,1,me-sos,2026-09-06T15:37:41+00:00
2022,ME,23003,Aroostook County,2022-10-08,31,65,1,49,16,37,15,1,12,1,me-sos,2026-09-06T15:37:41+00:00
2022,ME,23003,Aroostook County,2022-10-09,30,65,0,49,16,37,15,1,12,1,me-sos,2026-09-06T15:37:41+00:00
2022,ME,23003,Aroostook County,2022-10-10,29,65,0,49,16,37,15,1,12,1,me-sos,2026-09-06T15:37:41+00:00
2022,ME,23003,Aroostook County,2022-10-11,28,240,175,175,65,127,65,3,45,1,me-sos,2026-09-06T15:37:41+00:00
2022,ME,23003,Aroostook County,2022-10-12,27,368,128,264,104,208,91,5,64,1,me-sos,2026-09-06T15:37:41+00:00
2022,ME,23003,Aroostook County,2022-10-13,26,569,201,415,154,326,129,15,99,1,me-sos,2026-09-06T15:37:41+00:00
2022,ME,23003,Aroostook County,2022-10-14,25,774,205,581,193,428,186,24,136,1,me-sos,2026-09-06T15:37:41+00:00
2022,ME,23003,Aroostook County,2022-10-15,24,775,1,582,193,428,187,24,136,1,me-sos,2026-09-06T15:37:41+00:00
2022,ME,23003,Aroostook County,2022-10-16,23,776,1,583,193,429,187,24,136,1,me-sos,2026-09-06T15:37:41+00:00
2022,ME,23003,Aroostook County,2022-10-17,22,1137,361,881,256,603,292,30,212,1,me-sos,2026-09-06T15:37:41+00:00
2022,ME,23003,Aroostook County,2022-10-18,21,1380,243,1068,312,733,361,33,253,1,me-sos,2026-09-06T15:37:41+00:00
2022,ME,23003,Aroostook County,2022-10-19,20,1717,337,1330,387,920,436,43,318,1,me-sos,2026-09-06T15:37:41+00:00
2022,ME,23003,Aroostook County,2022-10-20,19,1951,234,1518,433,1044,496,52,359,1,me-sos,2026-09-06T15:37:41+00:00
2022,ME,23003,Aroostook County,2022-10-21,18,2201,250,1725,476,1148,574,64,415,1,me-sos,2026-09-06T15:37:41+00:00
2022,ME,23003,Aroostook County,2022-10-22,17,2216,15,1740,476,1155,580,66,415,1,me-sos,2026-09-06T15:37:41+00:00
2022,ME,23003,Aroostook County,2022-10-23,16,2218,2,1742,476,1155,581,66,416,1,me-sos,2026-09-06T15:37:41+00:00
2022,ME,23003,Aroostook County,2022-10-24,15,2558,340,2006,552,1300,681,78,499,1,me-sos,2026-09-06T15:37:41+00:00
2022,ME,23003,Aroostook County,2022-10-25,14,2891,333,2244,647,1439,803,85,564,1,me-sos,2026-09-06T15:37:41+00:00
2022,ME,23003,Aroostook County,2022-10-26,13,3194,303,2459,735,1564,888,99,643,1,me-sos,2026-09-06T15:37:41+00:00
2022,ME,23003,Aroostook County,2022-10-27,12,3478,284,2669,809,1687,985,104,702,1,me-sos,2026-09-06T15:37:41+00:00
2022,ME,23003,Aroostook County,2022-10-28,11,3869,391,2975,894,1867,1102,119,781,1,me-sos,2026-09-06T15:37:41+00:00
2022,ME,23003,Aroostook County,2022-10-29,10,3876,7,2976,900,1872,1103,119,782,1,me-sos,2026-09-06T15:37:41+00:00
2022,ME,23003,Aroostook County,2022-10-30,9,3879,3,2978,901,1875,1103,119,782,1,me-sos,2026-09-06T15:37:41+00:00
2022,ME,23003,Aroostook County,2022-10-31,8,4285,406,3262,1023,2030,1248,129,878,1,me-sos,2026-09-06T15:37:41+00:00
2022,ME,23003,Aroostook County,2022-11-01,7,4691,406,3542,1149,2191,1396,144,960,1,me-sos,2026-09-06T15:37:41+00:00
2022,ME,23003,Aroostook County,2022-11-02,6,5104,413,3792,1312,2328,1568,156,1052,1,me-sos,2026-09-06T15:37:41+00:00
2022,ME,23003,Aroostook County,2022-11-03,5,5599,495,4075,1524,2475,1772,163,1189,1,me-sos,2026-09-06T15:37:41+00:00
2022,ME,23003,Aroostook County,2022-11-04,4,5857,258,4291,1566,2565,1860,176,1256,1,me-sos,2026-09-06T15:37:41+00:00
2022,ME,23003,Aroostook County,2022-11-05,3,5870,13,4303,1567,2573,1863,176,1258,1,me-sos,2026-09-06T15:37:41+00:00
2022,ME,23003,Aroostook County,2022-11-06,2,5873,3,4306,1567,2574,1863,177,1259,1,me-sos,2026-09-06T15:37:41+00:00
2022,ME,23003,Aroostook County,2022-11-07,1,6266,393,4638,1628,2690,2034,190,1352,1,me-sos,2026-09-06T15:37:41+00:00
2022,ME,23003,Aroostook County,2022-11-08,0,6349,83,4717,1632,2705,2078,190,1376,1,me-sos,2026-09-06T15:37:41+00:00
2022,ME,23005,Cumberland County,2022-08-11,89,1,1,0,1,1,0,0,0,1,me-sos,2026-09-06T15:37:41+00:00
2022,ME,23005,Cumberland County,2022-08-12,88,1,0,0,1,1,0,0,0,1,me-sos,2026-09-06T15:37:41+00:00
2022,ME,23005,Cumberland County,2022-08-13,87,1,0,0,1,1,0,0,0,1,me-sos,2026-09-06T15:37:41+00:00
2022,ME,23005,Cumberland County,2022-08-14,86,1,0,0,1,1,0,0,0,1,me-sos,2026-09-06T15:37:41+00:00
2022,ME,23005,Cumberland County,2022-08-15,85,1,0,0,1,1,0,0,0,1,me-sos,2026-09-06T15:37:41+00:00
2022,ME,23005,Cumberland County,2022-08-16,84,1,0,0,1,1,0,0,0,1,me-sos,2026-09-06T15:37:41+00:00
2022,ME,23005,Cumberland County,2022-08-17,83,1,0,0,1,1,0,0,0,1,me-sos,2026-09-06T15:37:41+00:00
2022,ME,23005,Cumberland County,2022-08-18,82,1,0,0,1,1,0,0,0,1,me-sos,2026-09-06T15:37:41+00:00
2022,ME,23005,Cumberland County,2022-08-19,81,1,0,0,1,1,0,0,0,1,me-sos,2026-09-06T15:37:41+00:00
2022,ME,23005,Cumberland County,2022-08-20,80,1,0,0,1,1,0,0,0,1,me-sos,2026-09-06T15:37:41+00:00
2022,ME,23005,Cumberland County,2022-08-21,79,1,0,0,1,1,0,0,0,1,me-sos,2026-09-06T15:37:41+00:00
2022,ME,23005,Cumberland County,2022-08-22,78,1,0,0,1,1,0,0,0,1,me-sos,2026-09-06T15:37:41+00:00
2022,ME,23005,Cumberland County,2022-08-23,77,1,0,0,1,1,0,0,0,1,me-sos,2026-09-06T15:37:41+00:00
2022,ME,23005,Cumberland County,2022-08-24,76,1,0,0,1,1,0,0,0,1,me-sos,2026-09-06T15:37:41+00:00
2022,ME,23005,Cumberland County,2022-08-25,75,1,0,0,1,1,0,0,0,1,me-sos,2026-09-06T15:37:41+00:00
2022,ME,23005,Cumberland County,2022-08-26,74,1,0,0,1,1,0,0,0,1,me-sos,2026-09-06T15:37:41+00:00
2022,ME,23005,Cumberland County,2022-08-27,73,1,0,0,1,1,0,0,0,1,me-sos,2026-09-06T15:37:41+00:00
2022,ME,23005,Cumberland County,2022-08-28,72,1,0,0,1,1,0,0,0,1,me-sos,2026-09-06T15:37:41+00:00
2022,ME,23005,Cumberland County,2022-08-29,71,1,0,0,1,1,0,0,0,1,me-sos,2026-09-06T15:37:41+00:00
2022,ME,23005,Cumberland County,2022-08-30,70,1,0,0,1,1,0,0,0,1,me-sos,2026-09-06T15:37:41+00:00
2022,ME,23005,Cumberland County,2022-08-31,69,1,0,0,1,1,0,0,0,1,me-sos,2026-09-06T15:37:41+00:00
2022,ME,23005,Cumberland County,2022-09-01,68,1,0,0,1,1,0,0,0,1,me-sos,2026-09-06T15:37:41+00:00
2022,ME,23005,Cumberland County,2022-09-02,67,1,0,0,1,1,0,0,0,1,me-sos,2026-09-06T15:37:41+00:00
2022,ME,23005,Cumberland County,2022-09-03,66,1,0,0,1,1,0,0,0,1,me-sos,2026-09-06T15:37:41+00:00
2022,ME,23005,Cumberland County,2022-09-04,65,1,0,0,1,1,0,0,0,1,me-sos,2026-09-06T15:37:41+00:00
2022,ME,23005,Cumberland County,2022-09-05,64,1,0,0,1,1,0,0,0,1,me-sos,2026-09-06T15:37:41+00:00
2022,ME,23005,Cumberland County,2022-09-06,63,1,0,0,1,1,0,0,0,1,me-sos,2026-09-06T15:37:41+00:00
2022,ME,23005,Cumberland County,2022-09-07,62,1,0,0,1,1,0,0,0,1,me-sos,2026-09-06T15:37:41+00:00
2022,ME,23005,Cumberland County,2022-09-08,61,1,0,0,1,1,0,0,0,1,me-sos,2026-09-06T15:37:41+00:00
2022,ME,23005,Cumberland County,2022-09-09,60,1,0,0,1,1,0,0,0,1,me-sos,2026-09-06T15:37:41+00:00
2022,ME,23005,Cumberland County,2022-09-10,59,1,0,0,1,1,0,0,0,1,me-sos,2026-09-06T15:37:41+00:00
2022,ME,23005,Cumberland County,2022-09-11,58,1,0,0,1,1,0,0,0,1,me-sos,2026-09-06T15:37:41+00:00
2022,ME,23005,Cumberland County,2022-09-12,57,1,0,0,1,1,0,0,0,1,me-sos,2026-09-06T15:37:41+00:00
2022,ME,23005,Cumberland County,2022-09-13,56,2,1,0,2,1,0,0,1,1,me-sos,2026-09-06T15:37:41+00:00
2022,ME,23005,Cumberland County,2022-09-14,55,2,0,0,2,1,0,0,1,1,me-sos,2026-09-06T15:37:41+00:00
2022,ME,23005,Cumberland County,2022-09-15,54,2,0,0,2,1,0,0,1,1,me-sos,2026-09-06T15:37:41+00:00
2022,ME,23005,Cumberland County,2022-09-16,53,2,0,0,2,1,0,0,1,1,me-sos,2026-09-06T15:37:41+00:00
2022,ME,23005,Cumberland County,2022-09-17,52,2,0,0,2,1,0,0,1,1,me-sos,2026-09-06T15:37:41+00:00
2022,ME,23005,Cumberland County,2022-09-18,51,2,0,0,2,1,0,0,1,1,me-sos,2026-09-06T15:37:41+00:00
2022,ME,23005,Cumberland County,2022-09-19,50,2,0,0,2,1,0,0,1,1,me-sos,2026-09-06T15:37:41+00:00
2022,ME,23005,Cumberland County,2022-09-20,49,4,2,0,4,3,0,0,1,1,me-sos,2026-09-06T15:37:41+00:00
2022,ME,23005,Cumberland County,2022-09-21,48,4,0,0,4,3,0,0,1,1,me-sos,2026-09-06T15:37:41+00:00
2022,ME,23005,Cumberland County,2022-09-22,47,22,18,18,4,13,5,0,4,1,me-sos,2026-09-06T15:37:41+00:00
2022,ME,23005,Cumberland County,2022-09-23,46,39,17,35,4,26,5,0,8,1,me-sos,2026-09-06T15:37:41+00:00
2022,ME,23005,Cumberland County,2022-09-24,45,47,8,43,4,33,5,0,9,1,me-sos,2026-09-06T15:37:41+00:00
2022,ME,23005,Cumberland County,2022-09-25,44,55,8,51,4,40,5,0,10,1,me-sos,2026-09-06T15:37:41+00:00
2022,ME,23005,Cumberland County,2022-09-26,43,60,5,56,4,43,5,0,12,1,me-sos,2026-09-06T15:37:41+00:00
2022,ME,23005,Cumberland County,2022-09-27,42,69,9,65,4,51,5,0,13,1,me-sos,2026-09-06T15:37:41+00:00
2022,ME,23005,Cumberland County,2022-09-28,41,85,16,72,13,59,8,0,18,1,me-sos,2026-09-06T15:37:41+00:00
2022,ME,23005,Cumberland County,2022-09-29,40,93,8,75,18,64,10,0,19,1,me-sos,2026-09-06T15:37:41+00:00
2022,ME,23005,Cumberland County,2022-09-30,39,105,12,78,27,69,14,0,22,1,me-sos,2026-09-06T15:37:41+00:00
2022,ME,23005,Cumberland County,2022-10-01,38,107,2,80,27,71,14,0,22,1,me-sos,2026-09-06T15:37:41+00:00
2022,ME,23005,Cumberland County,2022-10-02,37,115,8,88,27,78,14,0,23,1,me-sos,2026-09-06T15:37:41+00:00
2022,ME,23005,Cumberland County,2022-10-03,36,283,168,233,50,196,30,6,51,1,me-sos,2026-09-06T15:37:41+00:00
2022,ME,23005,Cumberland County,2022-10-04,35,426,143,325,101,293,56,6,71,1,me-sos,2026-09-06T15:37:41+00:00
2022,ME,23005,Cumberland County,2022-10-05,34,708,282,538,170,473,103,11,121,1,me-sos,2026-09-06T15:37:41+00:00
2022,ME,23005,Cumberland County,2022-10-06,33,1067,359,781,286,680,159,20,208,1,me-sos,2026-09-06T15:37:41+00:00
2022,ME,23005,Cumberland County,2022-10-07,32,1396,329,1002,394,867,226,28,275,1,me-sos,2026-09-06T15:37:41+00:00
2022,ME,23005,Cumberland County,2022-10-08,31,1424,28,1029,395,885,231,28,280,1,me-sos,2026-09-06T15:37:41+00:00
2022,ME,23005,Cumberland County,2022-10-09,30,1513,89,1118,395,936,247,28,302,1,me-sos,2026-09-06T15:37:41+00:00
2022,ME,23005,Cumberland County,2022-10-10,29,1673,160,1278,395,1048,271,29,325,1,me-sos,2026-09-06T15:37:41+00:00
2022,ME,23005,Cumberland County,2022-10-11,28,3703,2030,2689,1014,2250,649,70,734,1,me-sos,2026-09-06T15:37:41+00:00
2022,ME,23005,Cumberland County,2022-10-12,27,5328,1625,3497,1831,3177,986,94,1071,1,me-sos,2026-09-06T15:37:41+00:00
2022,ME,23005,Cumberland County,2022-10-13,26,8245,2917,5684,2561,4859,1503,165,1718,1,me-sos,2026-09-06T15:37:41+00:00
2022,ME,23005,Cumberland County,2022-10-14,25,9280,1035,6359,2921,5437,1694,184,1965,1,me-sos,2026-09-06T15:37:41+00:00
2022,ME,23005,Cumberland County,2022-10-15,24,9389,109,6456,2933,5489,1733,188,1979,1,me-sos,2026-09-06T15:37:41+00:00
2022,ME,23005,Cumberland County,2022-10-16,23,9566,177,6633,2933,5604,1763,192,2007,1,me-sos,2026-09-06T15:37:41+00:00
2022,ME,23005,Cumberland County,2022-10-17,22,13189,3623,9282,3907,7697,2404,290,2798,1,me-sos,2026-09-06T15:37:41+00:00
2022,ME,23005,Cumberland County,2022-10-18,21,15215,2026,10561,4654,8847,2786,322,3260,1,me-sos,2026-09-06T15:37:41+00:00
2022,ME,23005,Cumberland County,2022-10-19,20,18143,2928,12588,5555,10517,3333,390,3903,1,me-sos,2026-09-06T15:37:41+00:00
2022,ME,23005,Cumberland County,2022-10-20,19,20498,2355,14081,6417,11791,3825,447,4435,1,me-sos,2026-09-06T15:37:41+00:00
2022,ME,23005,Cumberland County,2022-10-21,18,22498,2000,15373,7125,12922,4229,507,4840,1,me-sos,2026-09-06T15:37:41+00:00
2022,ME,23005,Cumberland County,2022-10-22,17,22761,263,15569,7192,13062,4269,511,4919,1,me-sos,2026-09-06T15:37:41+00:00
2022,ME,23005,Cumberland County,2022-10-23,16,22839,78,15647,7192,13105,4278,518,4938,1,me-sos,2026-09-06T15:37:41+00:00
2022,ME,23005,Cumberland County,2022-10-24,15,27042,4203,18744,8298,15387,5125,627,5903,1,me-sos,2026-09-06T15:37:41+00:00
2022,ME,23005,Cumberland County,2022-10-25,14,29783,2741,20306,9477,16876,5736,679,6492,1,me-sos,2026-09-06T15:37:41+00:00
2022,ME,23005,Cumberland County,2022-10-26,13,32627,2844,22092,10535,18370,6347,765,7145,1,me-sos,2026-09-06T15:37:41+00:00
2022,ME,23005,Cumberland County,2022-10-27,12,36078,3451,24333,11745,20298,6968,855,7957,1,me-sos,2026-09-06T15:37:41+00:00
2022,ME,23005,Cumberland County,2022-10-28,11,38622,2544,25822,12800,21659,7495,923,8545,1,me-sos,2026-09-06T15:37:41+00:00
2022,ME,23005,Cumberland County,2022-10-29,10,39073,451,26203,12870,21936,7549,935,8653,1,me-sos,2026-09-06T15:37:41+00:00
2022,ME,23005,Cumberland County,2022-10-30,9,39391,318,26520,12871,22098,7607,951,8735,1,me-sos,2026-09-06T15:37:41+00:00
2022,ME,23005,Cumberland County,2022-10-31,8,44714,5323,29954,14760,25033,8623,1091,9967,1,me-sos,2026-09-06T15:37:41+00:00
2022,ME,23005,Cumberland County,2022-11-01,7,48472,3758,31942,16530,26982,9461,1196,10833,1,me-sos,2026-09-06T15:37:41+00:00
2022,ME,23005,Cumberland County,2022-11-02,6,53139,4667,34333,18806,29438,10453,1311,11937,1,me-sos,2026-09-06T15:37:41+00:00
2022,ME,23005,Cumberland County,2022-11-03,5,58910,5771,37045,21865,32435,11767,1475,13233,1,me-sos,2026-09-06T15:37:41+00:00
2022,ME,23005,Cumberland County,2022-11-04,4,61050,2140,39059,21991,33562,12177,1548,13763,1,me-sos,2026-09-06T15:37:41+00:00
2022,ME,23005,Cumberland County,2022-11-05,3,61840,790,39847,21993,34005,12319,1569,13947,1,me-sos,2026-09-06T15:37:41+00:00
2022,ME,23005,Cumberland County,2022-11-06,2,62441,601,40448,21993,34353,12405,1590,14093,1,me-sos,2026-09-06T15:37:41+00:00
2022,ME,23005,Cumberland County,2022-11-07,1,68124,5683,45987,22137,37508,13352,1785,15479,1,me-sos,2026-09-06T15:37:41+00:00
2022,ME,23005,Cumberland County,2022-11-08,0,71386,3262,49245,22141,39449,13748,1907,16282,1,me-sos,2026-09-06T15:37:41+00:00
2022,ME,23007,Franklin County,2022-09-23,46,2,2,2,0,1,0,0,1,1,me-sos,2026-09-06T15:37:41+00:00
2022,ME,23007,Franklin County,2022-09-24,45,2,0,2,0,1,0,0,1,1,me-sos,2026-09-06T15:37:41+00:00
2022,ME,23007,Franklin County,2022-09-25,44,2,0,2,0,1,0,0,1,1,me-sos,2026-09-06T15:37:41+00:00
2022,ME,23007,Franklin County,2022-09-26,43,2,0,2,0,1,0,0,1,1,me-sos,2026-09-06T15:37:41+00:00
2022,ME,23007,Franklin County,2022-09-27,42,2,0,2,0,1,0,0,1,1,me-sos,2026-09-06T15:37:41+00:00
2022,ME,23007,Franklin County,2022-09-28,41,2,0,2,0,1,0,0,1,1,me-sos,2026-09-06T15:37:41+00:00
2022,ME,23007,Franklin County,2022-09-29,40,3,1,3,0,2,0,0,1,1,me-sos,2026-09-06T15:37:41+00:00
2022,ME,23007,Franklin County,2022-09-30,39,4,1,4,0,3,0,0,1,1,me-sos,2026-09-06T15:37:41+00:00
2022,ME,23007,Franklin County,2022-10-01,38,4,0,4,0,3,0,0,1,1,me-sos,2026-09-06T15:37:41+00:00
2022,ME,23007,Franklin County,2022-10-02,37,4,0,4,0,3,0,0,1,1,me-sos,2026-09-06T15:37:41+00:00
2022,ME,23007,Franklin County,2022-10-03,36,8,4,7,1,5,0,0,3,1,me-sos,2026-09-06T15:37:41+00:00
2022,ME,23007,Franklin County,2022-10-04,35,10,2,9,1,7,0,0,3,1,me-sos,2026-09-06T15:37:41+00:00
2022,ME,23007,Franklin County,2022-10-05,34,15,5,12,3,10,2,0,3,1,me-sos,2026-09-06T15:37:41+00:00
2022,ME,23007,Franklin County,2022-10-06,33,29,14,15,14,15,6,0,8,1,me-sos,2026-09-06T15:37:41+00:00
2022,ME,23007,Franklin County,2022-10-07,32,54,25,30,24,28,16,0,10,1,me-sos,2026-09-06T15:37:41+00:00
2022,ME,23007,Franklin County,2022-10-08,31,56,2,32,24,30,16,0,10,1,me-sos,2026-09-06T15:37:41+00:00
2022,ME,23007,Franklin County,2022-10-09,30,58,2,34,24,32,16,0,10,1,me-sos,2026-09-06T15:37:41+00:00
2022,ME,23007,Franklin County,2022-10-10,29,59,1,35,24,33,16,0,10,1,me-sos,2026-09-06T15:37:41+00:00
2022,ME,23007,Franklin County,2022-10-11,28,169,110,106,63,102,42,1,24,1,me-sos,2026-09-06T15:37:41+00:00
2022,ME,23007,Franklin County,2022-10-12,27,266,97,182,84,164,56,1,45,1,me-sos,2026-09-06T15:37:41+00:00
2022,ME,23007,Franklin County,2022-10-13,26,367,101,240,127,219,80,3,65,1,me-sos,2026-09-06T15:37:41+00:00
2022,ME,23007,Franklin County,2022-10-14,25,476,109,314,162,273,97,9,97,1,me-sos,2026-09-06T15:37:41+00:00
2022,ME,23007,Franklin County,2022-10-15,24,476,0,314,162,273,97,9,97,1,me-sos,2026-09-06T15:37:41+00:00
2022,ME,23007,Franklin County,2022-10-16,23,476,0,314,162,273,97,9,97,1,me-sos,2026-09-06T15:37:41+00:00
2022,ME,23007,Franklin County,2022-10-17,22,622,146,418,204,350,135,14,123,1,me-sos,2026-09-06T15:37:41+00:00
2022,ME,23007,Franklin County,2022-10-18,21,749,127,504,245,416,168,18,147,1,me-sos,2026-09-06T15:37:41+00:00
2022,ME,23007,Franklin County,2022-10-19,20,848,99,576,272,459,200,22,167,1,me-sos,2026-09-06T15:37:41+00:00
2022,ME,23007,Franklin County,2022-10-20,19,1077,229,721,356,566,264,37,210,1,me-sos,2026-09-06T15:37:41+00:00
2022,ME,23007,Franklin County,2022-10-21,18,1190,113,790,400,609,298,41,242,1,me-sos,2026-09-06T15:37:41+00:00
2022,ME,23007,Franklin County,2022-10-22,17,1191,1,791,400,610,298,41,242,1,me-sos,2026-09-06T15:37:41+00:00
2022,ME,23007,Franklin County,2022-10-23,16,1193,2,793,400,611,298,41,243,1,me-sos,2026-09-06T15:37:41+00:00
2022,ME,23007,Franklin County,2022-10-24,15,1379,186,927,452,700,366,44,269,1,me-sos,2026-09-06T15:37:41+00:00
2022,ME,23007,Franklin County,2022-10-25,14,1555,176,1030,525,772,431,48,304,1,me-sos,2026-09-06T15:37:41+00:00
2022,ME,23007,Franklin County,2022-10-26,13,1667,112,1105,562,817,469,57,324,1,me-sos,2026-09-06T15:37:41+00:00
2022,ME,23007,Franklin County,2022-10-27,12,1876,209,1225,651,896,549,66,365,1,me-sos,2026-09-06T15:37:41+00:00
2022,ME,23007,Franklin County,2022-10-28,11,2054,178,1326,728,964,612,72,406,1,me-sos,2026-09-06T15:37:41+00:00
2022,ME,23007,Franklin County,2022-10-29,10,2061,7,1331,730,966,616,72,407,1,me-sos,2026-09-06T15:37:41+00:00
2022,ME,23007,Franklin County,2022-10-30,9,2061,0,1331,730,966,616,72,407,1,me-sos,2026-09-06T15:37:41+00:00
2022,ME,23007,Franklin County,2022-10-31,8,2314,253,1493,821,1077,687,87,463,1,me-sos,2026-09-06T15:37:41+00:00
2022,ME,23007,Franklin County,2022-11-01,7,2540,226,1615,925,1162,773,91,514,1,me-sos,2026-09-06T15:37:41+00:00
2022,ME,23007,Franklin County,2022-11-02,6,2725,185,1713,1012,1231,847,94,553,1,me-sos,2026-09-06T15:37:41+00:00
2022,ME,23007,Franklin County,2022-11-03,5,2997,272,1840,1157,1342,942,100,613,1,me-sos,2026-09-06T15:37:41+00:00
2022,ME,23007,Franklin County,2022-11-04,4,3167,170,1951,1216,1386,1010,105,666,1,me-sos,2026-09-06T15:37:41+00:00
2022,ME,23007,Franklin County,2022-11-05,3,3189,22,1972,1217,1391,1020,106,672,1,me-sos,2026-09-06T15:37:41+00:00
2022,ME,23007,Franklin County,2022-11-06,2,3193,4,1976,1217,1392,1022,106,673,1,me-sos,2026-09-06T15:37:41+00:00
2022,ME,23007,Franklin County,2022-11-07,1,3436,243,2189,1247,1461,1104,123,748,1,me-sos,2026-09-06T15:37:41+00:00
2022,ME,23007,Franklin County,2022-11-08,0,3533,97,2285,1248,1499,1135,133,766,1,me-sos,2026-09-06T15:37:41+00:00
2022,ME,23009,Hancock County,2022-09-14,55,1,1,0,1,1,0,0,0,1,me-sos,2026-09-06T15:37:41+00:00
2022,ME,23009,Hancock County,2022-09-15,54,1,0,0,1,1,0,0,0,1,me-sos,2026-09-06T15:37:41+00:00
2022,ME,23009,Hancock County,2022-09-16,53,1,0,0,1,1,0,0,0,1,me-sos,2026-09-06T15:37:41+00:00
2022,ME,23009,Hancock County,2022-09-17,52,1,0,0,1,1,0,0,0,1,me-sos,2026-09-06T15:37:41+00:00
2022,ME,23009,Hancock County,2022-09-18,51,1,0,0,1,1,0,0,0,1,me-sos,2026-09-06T15:37:41+00:00
2022,ME,23009,Hancock County,2022-09-19,50,1,0,0,1,1,0,0,0,1,me-sos,2026-09-06T15:37:41+00:00
2022,ME,23009,Hancock County,2022-09-20,49,1,0,0,1,1,0,0,0,1,me-sos,2026-09-06T15:37:41+00:00
2022,ME,23009,Hancock County,2022-09-21,48,1,0,0,1,1,0,0,0,1,me-sos,2026-09-06T15:37:41+00:00
2022,ME,23009,Hancock County,2022-09-22,47,4,3,3,1,4,0,0,0,1,me-sos,2026-09-06T15:37:41+00:00
2022,ME,23009,Hancock County,2022-09-23,46,11,7,10,1,10,0,0,1,1,me-sos,2026-09-06T15:37:41+00:00
2022,ME,23009,Hancock County,2022-09-24,45,15,4,14,1,13,0,0,2,1,me-sos,2026-09-06T15:37:41+00:00
2022,ME,23009,Hancock County,2022-09-25,44,18,3,17,1,16,0,0,2,1,me-sos,2026-09-06T15:37:41+00:00
2022,ME,23009,Hancock County,2022-09-26,43,22,4,20,2,20,0,0,2,1,me-sos,2026-09-06T15:37:41+00:00
2022,ME,23009,Hancock County,2022-09-27,42,24,2,22,2,22,0,0,2,1,me-sos,2026-09-06T15:37:41+00:00
2022,ME,23009,Hancock County,2022-09-28,41,25,1,23,2,23,0,0,2,1,me-sos,2026-09-06T15:37:41+00:00
2022,ME,23009,Hancock County,2022-09-29,40,28,3,26,2,25,0,0,3,1,me-sos,2026-09-06T15:37:41+00:00
2022,ME,23009,Hancock County,2022-09-30,39,32,4,28,4,28,1,0,3,1,me-sos,2026-09-06T15:37:41+00:00
2022,ME,23009,Hancock County,2022-10-01,38,33,1,29,4,28,1,0,4,1,me-sos,2026-09-06T15:37:41+00:00
2022,ME,23009,Hancock County,2022-10-02,37,36,3,32,4,29,1,0,6,1,me-sos,2026-09-06T15:37:41+00:00
2022,ME,23009,Hancock County,2022-10-03,36,38,2,33,5,31,1,0,6,1,me-sos,2026-09-06T15:37:41+00:00
2022,ME,23009,Hancock County,2022-10-04,35,61,23,38,23,43,5,0,13,1,me-sos,2026-09-06T15:37:41+00:00
2022,ME,23009,Hancock County,2022-10-05,34,96,35,57,39,65,10,3,18,1,me-sos,2026-09-06T15:37:41+00:00
2022,ME,23009,Hancock County,2022-10-06,33,145,49,85,60,94,22,4,25,1,me-sos,2026-09-06T15:37:41+00:00
2022,ME,23009,Hancock County,2022-10-07,32,190,45,118,72,118,32,5,35,1,me-sos,2026-09-06T15:37:41+00:00
2022,ME,23009,Hancock County,2022-10-08,31,198,8,126,72,123,33,5,37,1,me-sos,2026-09-06T15:37:41+00:00
2022,ME,23009,Hancock County,2022-10-09,30,199,1,126,73,123,34,5,37,1,me-sos,2026-09-06T15:37:41+00:00
2022,ME,23009,Hancock County,2022-10-10,29,210,11,137,73,127,38,6,39,1,me-sos,2026-09-06T15:37:41+00:00
2022,ME,23009,Hancock County,2022-10-11,28,468,258,324,144,271,95,13,89,1,me-sos,2026-09-06T15:37:41+00:00
2022,ME,23009,Hancock County,2022-10-12,27,671,203,422,249,393,134,17,127,1,me-sos,2026-09-06T15:37:41+00:00
2022,ME,23009,Hancock County,2022-10-13,26,886,215,563,323,518,181,21,166,1,me-sos,2026-09-06T15:37:41+00:00
2022,ME,23009,Hancock County,2022-10-14,25,1051,165,686,365,610,217,23,201,1,me-sos,2026-09-06T15:37:41+00:00
2022,ME,23009,Hancock County,2022-10-15,24,1079,28,714,365,629,222,24,204,1,me-sos,2026-09-06T15:37:41+00:00
2022,ME,23009,Hancock County,2022-10-16,23,1125,46,760,365,655,232,25,213,1,me-sos,2026-09-06T15:37:41+00:00
2022,ME,23009,Hancock County,2022-10-17,22,1615,490,1146,469,915,352,40,308,1,me-sos,2026-09-06T15:37:41+00:00
2022,ME,23009,Hancock County,2022-10-18,21,1926,311,1351,575,1096,406,45,379,1,me-sos,2026-09-06T15:37:41+00:00
2022,ME,23009,Hancock County,2022-10-19,20,2372,446,1709,663,1332,506,55,479,1,me-sos,2026-09-06T15:37:41+00:00
2022,ME,23009,Hancock County,2022-10-20,19,2791,419,2035,756,1568,588,66,569,1,me-sos,2026-09-06T15:37:41+00:00
2022,ME,23009,Hancock County,2022-10-21,18,3057,266,2224,833,1713,651,77,616,1,me-sos,2026-09-06T15:37:41+00:00
2022,ME,23009,Hancock County,2022-10-22,17,3071,14,2238,833,1721,655,77,618,1,me-sos,2026-09-06T15:37:41+00:00
2022,ME,23009,Hancock County,2022-10-23,16,3095,24,2262,833,1735,663,77,620,1,me-sos,2026-09-06T15:37:41+00:00
2022,ME,23009,Hancock County,2022-10-24,15,3537,442,2576,961,1987,765,86,699,1,me-sos,2026-09-06T15:37:41+00:00
2022,ME,23009,Hancock County,2022-10-25,14,4190,653,3035,1155,2327,938,100,825,1,me-sos,2026-09-06T15:37:41+00:00
2022,ME,23009,Hancock County,2022-10-26,13,4565,375,3295,1270,2526,1024,105,910,1,me-sos,2026-09-06T15:37:41+00:00
2022,ME,23009,Hancock County,2022-10-27,12,4968,403,3547,1421,2740,1112,114,1002,1,me-sos,2026-09-06T15:37:41+00:00
2022,ME,23009,Hancock County,2022-10-28,11,5362,394,3815,1547,2946,1208,126,1082,1,me-sos,2026-09-06T15:37:41+00:00
2022,ME,23009,Hancock County,2022-10-29,10,5434,72,3887,1547,2991,1220,129,1094,1,me-sos,2026-09-06T15:37:41+00:00
2022,ME,23009,Hancock County,2022-10-30,9,5456,22,3909,1547,2999,1226,129,1102,1,me-sos,2026-09-06T15:37:41+00:00
2022,ME,23009,Hancock County,2022-10-31,8,6118,662,4333,1785,3326,1391,145,1256,1,me-sos,2026-09-06T15:37:41+00:00
2022,ME,23009,Hancock County,2022-11-01,7,6784,666,4711,2073,3629,1572,172,1411,1,me-sos,2026-09-06T15:37:41+00:00
2022,ME,23009,Hancock County,2022-11-02,6,7407,623,5033,2374,3939,1720,196,1552,1,me-sos,2026-09-06T15:37:41+00:00
2022,ME,23009,Hancock County,2022-11-03,5,8303,896,5479,2824,4341,1974,225,1763,1,me-sos,2026-09-06T15:37:41+00:00
2022,ME,23009,Hancock County,2022-11-04,4,8716,413,5850,2866,4541,2083,239,1853,1,me-sos,2026-09-06T15:37:41+00:00
2022,ME,23009,Hancock County,2022-11-05,3,8744,28,5875,2869,4552,2093,240,1859,1,me-sos,2026-09-06T15:37:41+00:00
2022,ME,23009,Hancock County,2022-11-06,2,8763,19,5892,2871,4562,2096,240,1865,1,me-sos,2026-09-06T15:37:41+00:00
2022,ME,23009,Hancock County,2022-11-07,1,9394,631,6481,2913,4862,2258,261,2013,1,me-sos,2026-09-06T15:37:41+00:00
2022,ME,23009,Hancock County,2022-11-08,0,9655,261,6739,2916,5000,2308,269,2078,1,me-sos,2026-09-06T15:37:41+00:00
2022,ME,23011,Kennebec County,2022-09-15,54,1,1,0,1,0,0,0,1,1,me-sos,2026-09-06T15:37:41+00:00
2022,ME,23011,Kennebec County,2022-09-16,53,1,0,0,1,0,0,0,1,1,me-sos,2026-09-06T15:37:41+00:00
2022,ME,23011,Kennebec County,2022-09-17,52,1,0,0,1,0,0,0,1,1,me-sos,2026-09-06T15:37:41+00:00
2022,ME,23011,Kennebec County,2022-09-18,51,1,0,0,1,0,0,0,1,1,me-sos,2026-09-06T15:37:41+00:00
2022,ME,23011,Kennebec County,2022-09-19,50,1,0,0,1,0,0,0,1,1,me-sos,2026-09-06T15:37:41+00:00
2022,ME,23011,Kennebec County,2022-09-20,49,1,0,0,1,0,0,0,1,1,me-sos,2026-09-06T15:37:41+00:00
2022,ME,23011,Kennebec County,2022-09-21,48,1,0,0,1,0,0,0,1,1,me-sos,2026-09-06T15:37:41+00:00
2022,ME,23011,Kennebec County,2022-09-22,47,7,6,6,1,5,1,0,1,1,me-sos,2026-09-06T15:37:41+00:00
2022,ME,23011,Kennebec County,2022-09-23,46,10,3,9,1,7,1,0,2,1,me-sos,2026-09-06T15:37:41+00:00
2022,ME,23011,Kennebec County,2022-09-24,45,14,4,13,1,10,1,0,3,1,me-sos,2026-09-06T15:37:41+00:00
2022,ME,23011,Kennebec County,2022-09-25,44,16,2,15,1,12,1,0,3,1,me-sos,2026-09-06T15:37:41+00:00
2022,ME,23011,Kennebec County,2022-09-26,43,21,5,20,1,16,1,0,4,1,me-sos,2026-09-06T15:37:41+00:00
2022,ME,23011,Kennebec County,2022-09-27,42,21,0,20,1,16,1,0,4,1,me-sos,2026-09-06T15:37:41+00:00
2022,ME,23011,Kennebec County,2022-09-28,41,21,0,20,1,16,1,0,4,1,me-sos,2026-09-06T15:37:41+00:00
2022,ME,23011,Kennebec County,2022-09-29,40,23,2,22,1,17,1,0,5,1,me-sos,2026-09-06T15:37:41+00:00
2022,ME,23011,Kennebec County,2022-09-30,39,25,2,24,1,19,1,0,5,1,me-sos,2026-09-06T15:37:41+00:00
2022,ME,23011,Kennebec County,2022-10-01,38,25,0,24,1,19,1,0,5,1,me-sos,2026-09-06T15:37:41+00:00
2022,ME,23011,Kennebec County,2022-10-02,37,27,2,26,1,21,1,0,5,1,me-sos,2026-09-06T15:37:41+00:00
2022,ME,23011,Kennebec County,2022-10-03,36,29,2,28,1,23,1,0,5,1,me-sos,2026-09-06T15:37:41+00:00
2022,ME,23011,Kennebec County,2022-10-04,35,38,9,32,6,31,2,0,5,1,me-sos,2026-09-06T15:37:41+00:00
2022,ME,23011,Kennebec County,2022-10-05,34,63,25,37,26,44,9,1,9,1,me-sos,2026-09-06T15:37:41+00:00
2022,ME,23011,Kennebec County,2022-10-06,33,127,64,65,62,70,31,3,23,1,me-sos,2026-09-06T15:37:41+00:00
2022,ME,23011,Kennebec County,2022-10-07,32,205,78,115,90,107,49,5,44,1,me-sos,2026-09-06T15:37:41+00:00
2022,ME,23011,Kennebec County,2022-10-08,31,206,1,116,90,108,49,5,44,1,me-sos,2026-09-06T15:37:41+00:00
2022,ME,23011,Kennebec County,2022-10-09,30,208,2,118,90,110,49,5,44,1,me-sos,2026-09-06T15:37:41+00:00
2022,ME,23011,Kennebec County,2022-10-10,29,208,0,118,90,110,49,5,44,1,me-sos,2026-09-06T15:37:41+00:00
2022,ME,23011,Kennebec County,2022-10-11,28,801,593,458,343,439,181,25,156,1,me-sos,2026-09-06T15:37:41+00:00
2022,ME,23011,Kennebec County,2022-10-12,27,1297,496,727,570,701,283,43,270,1,me-sos,2026-09-06T15:37:41+00:00
2022,ME,23011,Kennebec County,2022-10-13,26,2029,732,1204,825,1106,442,66,415,1,me-sos,2026-09-06T15:37:41+00:00
2022,ME,23011,Kennebec County,2022-10-14,25,2434,405,1464,970,1325,541,83,485,1,me-sos,2026-09-06T15:37:41+00:00
2022,ME,23011,Kennebec County,2022-10-15,24,2482,48,1512,970,1348,555,84,495,1,me-sos,2026-09-06T15:37:41+00:00
2022,ME,23011,Kennebec County,2022-10-16,23,2484,2,1514,970,1349,555,84,496,1,me-sos,2026-09-06T15:37:41+00:00
2022,ME,23011,Kennebec County,2022-10-17,22,3701,1217,2392,1309,1991,812,122,776,1,me-sos,2026-09-06T15:37:41+00:00
2022,ME,23011,Kennebec County,2022-10-18,21,4494,793,2927,1567,2409,989,142,954,1,me-sos,2026-09-06T15:37:41+00:00
2022,ME,23011,Kennebec County,2022-10-19,20,5512,1018,3637,1875,2947,1227,170,1168,1,me-sos,2026-09-06T15:37:41+00:00
2022,ME,23011,Kennebec County,2022-10-20,19,6536,1024,4352,2184,3455,1488,205,1388,1,me-sos,2026-09-06T15:37:41+00:00
2022,ME,23011,Kennebec County,2022-10-21,18,7451,915,5016,2435,3883,1738,232,1598,1,me-sos,2026-09-06T15:37:41+00:00
2022,ME,23011,Kennebec County,2022-10-22,17,7481,30,5046,2435,3898,1742,233,1608,1,me-sos,2026-09-06T15:37:41+00:00
2022,ME,23011,Kennebec County,2022-10-23,16,7486,5,5051,2435,3899,1744,233,1610,1,me-sos,2026-09-06T15:37:41+00:00
2022,ME,23011,Kennebec County,2022-10-24,15,8861,1375,6066,2795,4583,2067,272,1939,1,me-sos,2026-09-06T15:37:41+00:00
2022,ME,23011,Kennebec County,2022-10-25,14,9992,1131,6824,3168,5125,2368,310,2189,1,me-sos,2026-09-06T15:37:41+00:00
2022,ME,23011,Kennebec County,2022-10-26,13,10823,831,7347,3476,5523,2581,340,2379,1,me-sos,2026-09-06T15:37:41+00:00
2022,ME,23011,Kennebec County,2022-10-27,12,11859,1036,8010,3849,5982,2878,376,2623,1,me-sos,2026-09-06T15:37:41+00:00
2022,ME,23011,Kennebec County,2022-10-28,11,12705,846,8486,4219,6387,3099,410,2809,1,me-sos,2026-09-06T15:37:41+00:00
2022,ME,23011,Kennebec County,2022-10-29,10,12776,71,8555,4221,6421,3119,414,2822,1,me-sos,2026-09-06T15:37:41+00:00
2022,ME,23011,Kennebec County,2022-10-30,9,12780,4,8559,4221,6423,3120,414,2823,1,me-sos,2026-09-06T15:37:41+00:00
2022,ME,23011,Kennebec County,2022-10-31,8,14400,1620,9662,4738,7115,3589,475,3221,1,me-sos,2026-09-06T15:37:41+00:00
2022,ME,23011,Kennebec County,2022-11-01,7,15706,1306,10404,5302,7626,3978,535,3567,1,me-sos,2026-09-06T15:37:41+00:00
2022,ME,23011,Kennebec County,2022-11-02,6,17133,1427,11180,5953,8204,4407,580,3942,1,me-sos,2026-09-06T15:37:41+00:00
2022,ME,23011,Kennebec County,2022-11-03,5,18789,1656,11942,6847,8854,4961,635,4339,1,me-sos,2026-09-06T15:37:41+00:00
2022,ME,23011,Kennebec County,2022-11-04,4,19472,683,12561,6911,9103,5172,657,4540,1,me-sos,2026-09-06T15:37:41+00:00
2022,ME,23011,Kennebec County,2022-11-05,3,19541,69,12630,6911,9131,5187,660,4563,1,me-sos,2026-09-06T15:37:41+00:00
2022,ME,23011,Kennebec County,2022-11-06,2,19614,73,12703,6911,9152,5212,663,4587,1,me-sos,2026-09-06T15:37:41+00:00
2022,ME,23011,Kennebec County,2022-11-07,1,21034,1420,14032,7002,9682,5630,723,4999,1,me-sos,2026-09-06T15:37:41+00:00
2022,ME,23011,Kennebec County,2022-11-08,0,21399,365,14391,7008,9814,5727,741,5117,1,me-sos,2026-09-06T15:37:41+00:00
2022,ME,23013,Knox County,2022-09-22,47,4,4,4,0,4,0,0,0,1,me-sos,2026-09-06T15:37:41+00:00
2022,ME,23013,Knox County,2022-09-23,46,6,2,6,0,6,0,0,0,1,me-sos,2026-09-06T15:37:41+00:00
2022,ME,23013,Knox County,2022-09-24,45,6,0,6,0,6,0,0,0,1,me-sos,2026-09-06T15:37:41+00:00
2022,ME,23013,Knox County,2022-09-25,44,6,0,6,0,6,0,0,0,1,me-sos,2026-09-06T15:37:41+00:00
2022,ME,23013,Knox County,2022-09-26,43,6,0,6,0,6,0,0,0,1,me-sos,2026-09-06T15:37:41+00:00
2022,ME,23013,Knox County,2022-09-27,42,6,0,6,0,6,0,0,0,1,me-sos,2026-09-06T15:37:41+00:00
2022,ME,23013,Knox County,2022-09-28,41,6,0,6,0,6,0,0,0,1,me-sos,2026-09-06T15:37:41+00:00
2022,ME,23013,Knox County,2022-09-29,40,8,2,8,0,7,0,0,1,1,me-sos,2026-09-06T15:37:41+00:00
2022,ME,23013,Knox County,2022-09-30,39,10,2,10,0,9,0,0,1,1,me-sos,2026-09-06T15:37:41+00:00
2022,ME,23013,Knox County,2022-10-01,38,13,3,13,0,12,0,0,1,1,me-sos,2026-09-06T15:37:41+00:00
2022,ME,23013,Knox County,2022-10-02,37,13,0,13,0,12,0,0,1,1,me-sos,2026-09-06T15:37:41+00:00
2022,ME,23013,Knox County,2022-10-03,36,14,1,13,1,12,1,0,1,1,me-sos,2026-09-06T15:37:41+00:00
2022,ME,23013,Knox County,2022-10-04,35,16,2,14,2,14,1,0,1,1,me-sos,2026-09-06T15:37:41+00:00
2022,ME,23013,Knox County,2022-10-05,34,21,5,16,5,17,3,0,1,1,me-sos,2026-09-06T15:37:41+00:00
2022,ME,23013,Knox County,2022-10-06,33,39,18,22,17,30,5,0,4,1,me-sos,2026-09-06T15:37:41+00:00
2022,ME,23013,Knox County,2022-10-07,32,48,9,23,25,35,6,1,6,1,me-sos,2026-09-06T15:37:41+00:00
2022,ME,23013,Knox County,2022-10-08,31,48,0,23,25,35,6,1,6,1,me-sos,2026-09-06T15:37:41+00:00
2022,ME,23013,Knox County,2022-10-09,30,49,1,24,25,36,6,1,6,1,me-sos,2026-09-06T15:37:41+00:00
2022,ME,23013,Knox County,2022-10-10,29,51,2,26,25,36,8,1,6,1,me-sos,2026-09-06T15:37:41+00:00
2022,ME,23013,Knox County,2022-10-11,28,221,170,130,91,127,41,4,49,1,me-sos,2026-09-06T15:37:41+00:00
2022,ME,23013,Knox County,2022-10-12,27,351,130,207,144,212,61,6,72,1,me-sos,2026-09-06T15:37:41+00:00
2022,ME,23013,Knox County,2022-10-13,26,590,239,366,224,342,111,10,127,1,me-sos,2026-09-06T15:37:41+00:00
2022,ME,23013,Knox County,2022-10-14,25,763,173,483,280,449,141,12,161,1,me-sos,2026-09-06T15:37:41+00:00
2022,ME,23013,Knox County,2022-10-15,24,770,7,486,284,452,144,12,162,1,me-sos,2026-09-06T15:37:41+00:00
2022,ME,23013,Knox County,2022-10-16,23,771,1,487,284,453,144,12,162,1,me-sos,2026-09-06T15:37:41+00:00
2022,ME,23013,Knox County,2022-10-17,22,1191,420,794,397,711,198,21,261,1,me-sos,2026-09-06T15:37:41+00:00
2022,ME,23013,Knox County,2022-10-18,21,1462,271,1003,459,889,237,25,311,1,me-sos,2026-09-06T15:37:41+00:00
2022,ME,23013,Knox County,2022-10-19,20,1776,314,1207,569,1059,298,33,386,1,me-sos,2026-09-06T15:37:41+00:00
2022,ME,23013,Knox County,2022-10-20,19,2091,315,1413,678,1234,371,43,443,1,me-sos,2026-09-06T15:37:41+00:00
2022,ME,23013,Knox County,2022-10-21,18,2360,269,1614,746,1384,423,47,506,1,me-sos,2026-09-06T15:37:41+00:00
2022,ME,23013,Knox County,2022-10-22,17,2365,5,1619,746,1385,426,47,507,1,me-sos,2026-09-06T15:37:41+00:00
2022,ME,23013,Knox County,2022-10-23,16,2366,1,1620,746,1386,426,47,507,1,me-sos,2026-09-06T15:37:41+00:00
2022,ME,23013,Knox County,2022-10-24,15,2818,452,1951,867,1639,513,56,610,1,me-sos,2026-09-06T15:37:41+00:00
2022,ME,23013,Knox County,2022-10-25,14,3200,382,2233,967,1858,587,65,690,1,me-sos,2026-09-06T15:37:41+00:00
2022,ME,23013,Knox County,2022-10-26,13,3438,238,2399,1039,2006,629,68,735,1,me-sos,2026-09-06T15:37:41+00:00
2022,ME,23013,Knox County,2022-10-27,12,3831,393,2645,1186,2231,726,76,798,1,me-sos,2026-09-06T15:37:41+00:00
2022,ME,23013,Knox County,2022-10-28,11,4223,392,2897,1326,2435,813,83,892,1,me-sos,2026-09-06T15:37:41+00:00
2022,ME,23013,Knox County,2022-10-29,10,4226,3,2900,1326,2436,813,83,894,1,me-sos,2026-09-06T15:37:41+00:00
2022,ME,23013,Knox County,2022-10-30,9,4227,1,2901,1326,2437,813,83,894,1,me-sos,2026-09-06T15:37:41+00:00
2022,ME,23013,Knox County,2022-10-31,8,4932,705,3391,1541,2819,971,103,1039,1,me-sos,2026-09-06T15:37:41+00:00
2022,ME,23013,Knox County,2022-11-01,7,5384,452,3642,1742,3039,1089,121,1135,1,me-sos,2026-09-06T15:37:41+00:00
2022,ME,23013,Knox County,2022-11-02,6,5874,490,3892,1982,3302,1206,135,1231,1,me-sos,2026-09-06T15:37:41+00:00
2022,ME,23013,Knox County,2022-11-03,5,6439,565,4202,2237,3598,1345,153,1343,1,me-sos,2026-09-06T15:37:41+00:00
2022,ME,23013,Knox County,2022-11-04,4,6759,320,4495,2264,3744,1414,165,1436,1,me-sos,2026-09-06T15:37:41+00:00
2022,ME,23013,Knox County,2022-11-05,3,6780,21,4516,2264,3754,1419,166,1441,1,me-sos,2026-09-06T15:37:41+00:00
2022,ME,23013,Knox County,2022-11-06,2,6788,8,4524,2264,3759,1420,166,1443,1,me-sos,2026-09-06T15:37:41+00:00
2022,ME,23013,Knox County,2022-11-07,1,7332,544,5032,2300,3982,1571,187,1592,1,me-sos,2026-09-06T15:37:41+00:00
2022,ME,23013,Knox County,2022-11-08,0,7511,179,5210,2301,4066,1610,191,1644,1,me-sos,2026-09-06T15:37:41+00:00
2022,ME,23015,Lincoln County,2022-09-16,53,1,1,0,1,1,0,0,0,1,me-sos,2026-09-06T15:37:41+00:00
2022,ME,23015,Lincoln County,2022-09-17,52,1,0,0,1,1,0,0,0,1,me-sos,2026-09-06T15:37:41+00:00
2022,ME,23015,Lincoln County,2022-09-18,51,1,0,0,1,1,0,0,0,1,me-sos,2026-09-06T15:37:41+00:00
2022,ME,23015,Lincoln County,2022-09-19,50,1,0,0,1,1,0,0,0,1,me-sos,2026-09-06T15:37:41+00:00
2022,ME,23015,Lincoln County,2022-09-20,49,1,0,0,1,1,0,0,0,1,me-sos,2026-09-06T15:37:41+00:00
2022,ME,23015,Lincoln County,2022-09-21,48,1,0,0,1,1,0,0,0,1,me-sos,2026-09-06T15:37:41+00:00
2022,ME,23015,Lincoln County,2022-09-22,47,2,1,1,1,2,0,0,0,1,me-sos,2026-09-06T15:37:41+00:00
2022,ME,23015,Lincoln County,2022-09-23,46,4,2,3,1,3,0,0,1,1,me-sos,2026-09-06T15:37:41+00:00
2022,ME,23015,Lincoln County,2022-09-24,45,5,1,4,1,3,0,0,2,1,me-sos,2026-09-06T15:37:41+00:00
2022,ME,23015,Lincoln County,2022-09-25,44,5,0,4,1,3,0,0,2,1,me-sos,2026-09-06T15:37:41+00:00
2022,ME,23015,Lincoln County,2022-09-26,43,6,1,5,1,4,0,0,2,1,me-sos,2026-09-06T15:37:41+00:00
2022,ME,23015,Lincoln County,2022-09-27,42,6,0,5,1,4,0,0,2,1,me-sos,2026-09-06T15:37:41+00:00
2022,ME,23015,Lincoln County,2022-09-28,41,6,0,5,1,4,0,0,2,1,me-sos,2026-09-06T15:37:41+00:00
2022,ME,23015,Lincoln County,2022-09-29,40,7,1,6,1,5,0,0,2,1,me-sos,2026-09-06T15:37:41+00:00
2022,ME,23015,Lincoln County,2022-09-30,39,10,3,9,1,7,0,0,3,1,me-sos,2026-09-06T15:37:41+00:00
2022,ME,23015,Lincoln County,2022-10-01,38,11,1,10,1,8,0,0,3,1,me-sos,2026-09-06T15:37:41+00:00
2022,ME,23015,Lincoln County,2022-10-02,37,12,1,11,1,9,0,0,3,1,me-sos,2026-09-06T15:37:41+00:00
2022,ME,23015,Lincoln County,2022-10-03,36,16,4,13,3,10,2,0,4,1,me-sos,2026-09-06T15:37:41+00:00
2022,ME,23015,Lincoln County,2022-10-04,35,22,6,16,6,16,2,0,4,1,me-sos,2026-09-06T15:37:41+00:00
2022,ME,23015,Lincoln County,2022-10-05,34,41,19,28,13,26,7,0,8,1,me-sos,2026-09-06T15:37:41+00:00
2022,ME,23015,Lincoln County,2022-10-06,33,66,25,43,23,40,12,0,14,1,me-sos,2026-09-06T15:37:41+00:00
2022,ME,23015,Lincoln County,2022-10-07,32,114,48,60,54,72,21,1,20,1,me-sos,2026-09-06T15:37:41+00:00
2022,ME,23015,Lincoln County,2022-10-08,31,120,6,66,54,74,21,1,24,1,me-sos,2026-09-06T15:37:41+00:00
2022,ME,23015,Lincoln County,2022-10-09,30,123,3,69,54,77,21,1,24,1,me-sos,2026-09-06T15:37:41+00:00
2022,ME,23015,Lincoln County,2022-10-10,29,125,2,70,55,79,21,1,24,1,me-sos,2026-09-06T15:37:41+00:00
2022,ME,23015,Lincoln County,2022-10-11,28,295,170,178,117,159,62,3,71,1,me-sos,2026-09-06T15:37:41+00:00
2022,ME,23015,Lincoln County,2022-10-12,27,449,154,288,161,233,110,6,100,1,me-sos,2026-09-06T15:37:41+00:00
2022,ME,23015,Lincoln County,2022-10-13,26,726,277,491,235,386,180,14,146,1,me-sos,2026-09-06T15:37:41+00:00
2022,ME,23015,Lincoln County,2022-10-14,25,820,94,558,262,430,213,15,162,1,me-sos,2026-09-06T15:37:41+00:00
2022,ME,23015,Lincoln County,2022-10-15,24,847,27,585,262,447,216,17,167,1,me-sos,2026-09-06T15:37:41+00:00
2022,ME,23015,Lincoln County,2022-10-16,23,856,9,594,262,451,218,18,169,1,me-sos,2026-09-06T15:37:41+00:00
2022,ME,23015,Lincoln County,2022-10-17,22,1247,391,908,339,658,305,28,256,1,me-sos,2026-09-06T15:37:41+00:00
2022,ME,23015,Lincoln County,2022-10-18,21,1496,249,1069,427,802,346,35,313,1,me-sos,2026-09-06T15:37:41+00:00
2022,ME,23015,Lincoln County,2022-10-19,20,1819,323,1310,509,967,430,42,380,1,me-sos,2026-09-06T15:37:41+00:00
2022,ME,23015,Lincoln County,2022-10-20,19,2082,263,1507,575,1099,491,53,439,1,me-sos,2026-09-06T15:37:41+00:00
2022,ME,23015,Lincoln County,2022-10-21,18,2257,175,1623,634,1176,533,58,490,1,me-sos,2026-09-06T15:37:41+00:00
2022,ME,23015,Lincoln County,2022-10-22,17,2260,3,1626,634,1177,533,58,492,1,me-sos,2026-09-06T15:37:41+00:00
2022,ME,23015,Lincoln County,2022-10-23,16,2272,12,1638,634,1184,534,58,496,1,me-sos,2026-09-06T15:37:41+00:00
2022,ME,23015,Lincoln County,2022-10-24,15,2797,525,2049,748,1455,648,78,616,1,me-sos,2026-09-06T15:37:41+00:00
2022,ME,23015,Lincoln County,2022-10-25,14,3184,387,2339,845,1612,764,88,720,1,me-sos,2026-09-06T15:37:41+00:00
2022,ME,23015,Lincoln County,2022-10-26,13,3447,263,2532,915,1743,823,96,785,1,me-sos,2026-09-06T15:37:41+00:00
2022,ME,23015,Lincoln County,2022-10-27,12,3797,350,2775,1022,1901,926,105,865,1,me-sos,2026-09-06T15:37:41+00:00
2022,ME,23015,Lincoln County,2022-10-28,11,4014,217,2916,1098,2008,984,108,914,1,me-sos,2026-09-06T15:37:41+00:00
2022,ME,23015,Lincoln County,2022-10-29,10,4020,6,2922,1098,2011,986,108,915,1,me-sos,2026-09-06T15:37:41+00:00
2022,ME,23015,Lincoln County,2022-10-30,9,4023,3,2925,1098,2012,986,108,917,1,me-sos,2026-09-06T15:37:41+00:00
2022,ME,23015,Lincoln County,2022-10-31,8,4589,566,3311,1278,2289,1123,129,1048,1,me-sos,2026-09-06T15:37:41+00:00
2022,ME,23015,Lincoln County,2022-11-01,7,5016,427,3542,1474,2490,1231,143,1152,1,me-sos,2026-09-06T15:37:41+00:00
2022,ME,23015,Lincoln County,2022-11-02,6,5467,451,3821,1646,2691,1362,154,1260,1,me-sos,2026-09-06T15:37:41+00:00
2022,ME,23015,Lincoln County,2022-11-03,5,5976,509,4127,1849,2900,1508,170,1398,1,me-sos,2026-09-06T15:37:41+00:00
2022,ME,23015,Lincoln County,2022-11-04,4,6127,151,4275,1852,2958,1553,176,1440,1,me-sos,2026-09-06T15:37:41+00:00
2022,ME,23015,Lincoln County,2022-11-05,3,6187,60,4335,1852,2983,1564,178,1462,1,me-sos,2026-09-06T15:37:41+00:00
2022,ME,23015,Lincoln County,2022-11-06,2,6198,11,4346,1852,2985,1567,178,1468,1,me-sos,2026-09-06T15:37:41+00:00
2022,ME,23015,Lincoln County,2022-11-07,1,6696,498,4826,1870,3188,1708,195,1605,1,me-sos,2026-09-06T15:37:41+00:00
2022,ME,23015,Lincoln County,2022-11-08,0,6889,193,5019,1870,3269,1754,212,1654,1,me-sos,2026-09-06T15:37:41+00:00
2022,ME,23017,Oxford County,2022-09-22,47,1,1,1,0,0,1,0,0,1,me-sos,2026-09-06T15:37:41+00:00
2022,ME,23017,Oxford County,2022-09-23,46,1,0,1,0,0,1,0,0,1,me-sos,2026-09-06T15:37:41+00:00
2022,ME,23017,Oxford County,2022-09-24,45,2,1,2,0,1,1,0,0,1,me-sos,2026-09-06T15:37:41+00:00
2022,ME,23017,Oxford County,2022-09-25,44,2,0,2,0,1,1,0,0,1,me-sos,2026-09-06T15:37:41+00:00
2022,ME,23017,Oxford County,2022-09-26,43,2,0,2,0,1,1,0,0,1,me-sos,2026-09-06T15:37:41+00:00
2022,ME,23017,Oxford County,2022-09-27,42,2,0,2,0,1,1,0,0,1,me-sos,2026-09-06T15:37:41+00:00
2022,ME,23017,Oxford County,2022-09-28,41,5,3,5,0,4,1,0,0,1,me-sos,2026-09-06T15:37:41+00:00
2022,ME,23017,Oxford County,2022-09-29,40,5,0,5,0,4,1,0,0,1,me-sos,2026-09-06T15:37:41+00:00
2022,ME,23017,Oxford County,2022-09-30,39,5,0,5,0,4,1,0,0,1,me-sos,2026-09-06T15:37:41+00:00
2022,ME,23017,Oxford County,2022-10-01,38,5,0,5,0,4,1,0,0,1,me-sos,2026-09-06T15:37:41+00:00
2022,ME,23017,Oxford County,2022-10-02,37,5,0,5,0,4,1,0,0,1,me-sos,2026-09-06T15:37:41+00:00
2022,ME,23017,Oxford County,2022-10-03,36,7,2,6,1,4,2,0,1,1,me-sos,2026-09-06T15:37:41+00:00
2022,ME,23017,Oxford County,2022-10-04,35,13,6,8,5,6,4,0,3,1,me-sos,2026-09-06T15:37:41+00:00
2022,ME,23017,Oxford County,2022-10-05,34,25,12,15,10,9,12,0,4,1,me-sos,2026-09-06T15:37:41+00:00
2022,ME,23017,Oxford County,2022-10-06,33,51,26,30,21,16,26,0,9,1,me-sos,2026-09-06T15:37:41+00:00
2022,ME,23017,Oxford County,2022-10-07,32,77,26,47,30,29,34,3,11,1,me-sos,2026-09-06T15:37:41+00:00
2022,ME,23017,Oxford County,2022-10-08,31,80,3,47,33,31,35,3,11,1,me-sos,2026-09-06T15:37:41+00:00
2022,ME,23017,Oxford County,2022-10-09,30,80,0,47,33,31,35,3,11,1,me-sos,2026-09-06T15:37:41+00:00
2022,ME,23017,Oxford County,2022-10-10,29,87,7,51,36,36,36,3,12,1,me-sos,2026-09-06T15:37:41+00:00
2022,ME,23017,Oxford County,2022-10-11,28,254,167,160,94,132,77,7,38,1,me-sos,2026-09-06T15:37:41+00:00
2022,ME,23017,Oxford County,2022-10-12,27,445,191,298,147,229,122,12,82,1,me-sos,2026-09-06T15:37:41+00:00
2022,ME,23017,Oxford County,2022-10-13,26,617,172,423,194,311,167,16,123,1,me-sos,2026-09-06T15:37:41+00:00
2022,ME,23017,Oxford County,2022-10-14,25,771,154,547,224,389,210,21,151,1,me-sos,2026-09-06T15:37:41+00:00
2022,ME,23017,Oxford County,2022-10-15,24,773,2,547,226,390,211,21,151,1,me-sos,2026-09-06T15:37:41+00:00
2022,ME,23017,Oxford County,2022-10-16,23,773,0,547,226,390,211,21,151,1,me-sos,2026-09-06T15:37:41+00:00
2022,ME,23017,Oxford County,2022-10-17,22,1085,312,797,288,563,274,29,219,1,me-sos,2026-09-06T15:37:41+00:00
2022,ME,23017,Oxford County,2022-10-18,21,1377,292,1011,366,702,340,37,298,1,me-sos,2026-09-06T15:37:41+00:00
2022,ME,23017,Oxford County,2022-10-19,20,1673,296,1233,440,829,425,49,370,1,me-sos,2026-09-06T15:37:41+00:00
2022,ME,23017,Oxford County,2022-10-20,19,1923,250,1428,495,934,492,60,437,1,me-sos,2026-09-06T15:37:41+00:00
2022,ME,23017,Oxford County,2022-10-21,18,2212,289,1645,567,1060,555,69,528,1,me-sos,2026-09-06T15:37:41+00:00
2022,ME,23017,Oxford County,2022-10-22,17,2234,22,1663,571,1069,560,70,535,1,me-sos,2026-09-06T15:37:41+00:00
2022,ME,23017,Oxford County,2022-10-23,16,2235,1,1664,571,1070,560,70,535,1,me-sos,2026-09-06T15:37:41+00:00
2022,ME,23017,Oxford County,2022-10-24,15,2566,331,1939,627,1215,635,85,631,1,me-sos,2026-09-06T15:37:41+00:00
2022,ME,23017,Oxford County,2022-10-25,14,2899,333,2189,710,1353,721,102,723,1,me-sos,2026-09-06T15:37:41+00:00
2022,ME,23017,Oxford County,2022-10-26,13,3190,291,2392,798,1469,804,113,804,1,me-sos,2026-09-06T15:37:41+00:00
2022,ME,23017,Oxford County,2022-10-27,12,3504,314,2619,885,1591,905,125,883,1,me-sos,2026-09-06T15:37:41+00:00
2022,ME,23017,Oxford County,2022-10-28,11,3810,306,2836,974,1718,993,138,961,1,me-sos,2026-09-06T15:37:41+00:00
2022,ME,23017,Oxford County,2022-10-29,10,3822,12,2844,978,1720,999,138,965,1,me-sos,2026-09-06T15:37:41+00:00
2022,ME,23017,Oxford County,2022-10-30,9,3828,6,2850,978,1722,1001,139,966,1,me-sos,2026-09-06T15:37:41+00:00
2022,ME,23017,Oxford County,2022-10-31,8,4371,543,3276,1095,1923,1160,164,1124,1,me-sos,2026-09-06T15:37:41+00:00
2022,ME,23017,Oxford County,2022-11-01,7,4847,476,3616,1231,2105,1302,186,1254,1,me-sos,2026-09-06T15:37:41+00:00
2022,ME,23017,Oxford County,2022-11-02,6,5292,445,3899,1393,2282,1439,201,1370,1,me-sos,2026-09-06T15:37:41+00:00
2022,ME,23017,Oxford County,2022-11-03,5,5789,497,4215,1574,2469,1565,222,1533,1,me-sos,2026-09-06T15:37:41+00:00
2022,ME,23017,Oxford County,2022-11-04,4,6055,266,4454,1601,2571,1656,233,1595,1,me-sos,2026-09-06T15:37:41+00:00
2022,ME,23017,Oxford County,2022-11-05,3,6092,37,4487,1605,2579,1665,235,1613,1,me-sos,2026-09-06T15:37:41+00:00
2022,ME,23017,Oxford County,2022-11-06,2,6102,10,4497,1605,2582,1669,235,1616,1,me-sos,2026-09-06T15:37:41+00:00
2022,ME,23017,Oxford County,2022-11-07,1,6592,490,4949,1643,2733,1816,270,1773,1,me-sos,2026-09-06T15:37:41+00:00
2022,ME,23017,Oxford County,2022-11-08,0,6773,181,5125,1648,2809,1866,277,1821,1,me-sos,2026-09-06T15:37:41+00:00
2022,ME,23019,Penobscot County,2022-08-09,91,1,1,0,1,1,0,0,0,1,me-sos,2026-09-06T15:37:41+00:00
2022,ME,23019,Penobscot County,2022-08-10,90,1,0,0,1,1,0,0,0,1,me-sos,2026-09-06T15:37:41+00:00
2022,ME,23019,Penobscot County,2022-08-11,89,1,0,0,1,1,0,0,0,1,me-sos,2026-09-06T15:37:41+00:00
2022,ME,23019,Penobscot County,2022-08-12,88,1,0,0,1,1,0,0,0,1,me-sos,2026-09-06T15:37:41+00:00
2022,ME,23019,Penobscot County,2022-08-13,87,1,0,0,1,1,0,0,0,1,me-sos,2026-09-06T15:37:41+00:00
2022,ME,23019,Penobscot County,2022-08-14,86,1,0,0,1,1,0,0,0,1,me-sos,2026-09-06T15:37:41+00:00
2022,ME,23019,Penobscot County,2022-08-15,85,1,0,0,1,1,0,0,0,1,me-sos,2026-09-06T15:37:41+00:00
2022,ME,23019,Penobscot County,2022-08-16,84,1,0,0,1,1,0,0,0,1,me-sos,2026-09-06T15:37:41+00:00
2022,ME,23019,Penobscot County,2022-08-17,83,2,1,0,2,2,0,0,0,1,me-sos,2026-09-06T15:37:41+00:00
2022,ME,23019,Penobscot County,2022-08-18,82,2,0,0,2,2,0,0,0,1,me-sos,2026-09-06T15:37:41+00:00
2022,ME,23019,Penobscot County,2022-08-19,81,2,0,0,2,2,0,0,0,1,me-sos,2026-09-06T15:37:41+00:00
2022,ME,23019,Penobscot County,2022-08-20,80,2,0,0,2,2,0,0,0,1,me-sos,2026-09-06T15:37:41+00:00
2022,ME,23019,Penobscot County,2022-08-21,79,2,0,0,2,2,0,0,0,1,me-sos,2026-09-06T15:37:41+00:00
2022,ME,23019,Penobscot County,2022-08-22,78,2,0,0,2,2,0,0,0,1,me-sos,2026-09-06T15:37:41+00:00
2022,ME,23019,Penobscot County,2022-08-23,77,2,0,0,2,2,0,0,0,1,me-sos,2026-09-06T15:37:41+00:00
2022,ME,23019,Penobscot County,2022-08-24,76,2,0,0,2,2,0,0,0,1,me-sos,2026-09-06T15:37:41+00:00
2022,ME,23019,Penobscot County,2022-08-25,75,2,0,0,2,2,0,0,0,1,me-sos,2026-09-06T15:37:41+00:00
2022,ME,23019,Penobscot County,2022-08-26,74,2,0,0,2,2,0,0,0,1,me-sos,2026-09-06T15:37:41+00:00
2022,ME,23019,Penobscot County,2022-08-27,73,2,0,0,2,2,0,0,0,1,me-sos,2026-09-06T15:37:41+00:00
2022,ME,23019,Penobscot County,2022-08-28,72,2,0,0,2,2,0,0,0,1,me-sos,2026-09-06T15:37:41+00:00
2022,ME,23019,Penobscot County,2022-08-29,71,2,0,0,2,2,0,0,0,1,me-sos,2026-09-06T15:37:41+00:00
2022,ME,23019,Penobscot County,2022-08-30,70,2,0,0,2,2,0,0,0,1,me-sos,2026-09-06T15:37:41+00:00
2022,ME,23019,Penobscot County,2022-08-31,69,2,0,0,2,2,0,0,0,1,me-sos,2026-09-06T15:37:41+00:00
2022,ME,23019,Penobscot County,2022-09-01,68,2,0,0,2,2,0,0,0,1,me-sos,2026-09-06T15:37:41+00:00
2022,ME,23019,Penobscot County,2022-09-02,67,2,0,0,2,2,0,0,0,1,me-sos,2026-09-06T15:37:41+00:00
2022,ME,23019,Penobscot County,2022-09-03,66,2,0,0,2,2,0,0,0,1,me-sos,2026-09-06T15:37:41+00:00
2022,ME,23019,Penobscot County,2022-09-04,65,2,0,0,2,2,0,0,0,1,me-sos,2026-09-06T15:37:41+00:00
2022,ME,23019,Penobscot County,2022-09-05,64,2,0,0,2,2,0,0,0,1,me-sos,2026-09-06T15:37:41+00:00
2022,ME,23019,Penobscot County,2022-09-06,63,2,0,0,2,2,0,0,0,1,me-sos,2026-09-06T15:37:41+00:00
2022,ME,23019,Penobscot County,2022-09-07,62,2,0,0,2,2,0,0,0,1,me-sos,2026-09-06T15:37:41+00:00
2022,ME,23019,Penobscot County,2022-09-08,61,2,0,0,2,2,0,0,0,1,me-sos,2026-09-06T15:37:41+00:00
2022,ME,23019,Penobscot County,2022-09-09,60,2,0,0,2,2,0,0,0,1,me-sos,2026-09-06T15:37:41+00:00
2022,ME,23019,Penobscot County,2022-09-10,59,2,0,0,2,2,0,0,0,1,me-sos,2026-09-06T15:37:41+00:00
2022,ME,23019,Penobscot County,2022-09-11,58,2,0,0,2,2,0,0,0,1,me-sos,2026-09-06T15:37:41+00:00
2022,ME,23019,Penobscot County,2022-09-12,57,3,1,0,3,3,0,0,0,1,me-sos,2026-09-06T15:37:41+00:00
2022,ME,23019,Penobscot County,2022-09-13,56,3,0,0,3,3,0,0,0,1,me-sos,2026-09-06T15:37:41+00:00
2022,ME,23019,Penobscot County,2022-09-14,55,3,0,0,3,3,0,0,0,1,me-sos,2026-09-06T15:37:41+00:00
2022,ME,23019,Penobscot County,2022-09-15,54,3,0,0,3,3,0,0,0,1,me-sos,2026-09-06T15:37:41+00:00
2022,ME,23019,Penobscot County,2022-09-16,53,3,0,0,3,3,0,0,0,1,me-sos,2026-09-06T15:37:41+00:00
2022,ME,23019,Penobscot County,2022-09-17,52,3,0,0,3,3,0,0,0,1,me-sos,2026-09-06T15:37:41+00:00
2022,ME,23019,Penobscot County,2022-09-18,51,3,0,0,3,3,0,0,0,1,me-sos,2026-09-06T15:37:41+00:00
2022,ME,23019,Penobscot County,2022-09-19,50,3,0,0,3,3,0,0,0,1,me-sos,2026-09-06T15:37:41+00:00
2022,ME,23019,Penobscot County,2022-09-20,49,3,0,0,3,3,0,0,0,1,me-sos,2026-09-06T15:37:41+00:00
2022,ME,23019,Penobscot County,2022-09-21,48,3,0,0,3,3,0,0,0,1,me-sos,2026-09-06T15:37:41+00:00
2022,ME,23019,Penobscot County,2022-09-22,47,7,4,4,3,7,0,0,0,1,me-sos,2026-09-06T15:37:41+00:00
2022,ME,23019,Penobscot County,2022-09-23,46,16,9,13,3,14,1,0,1,1,me-sos,2026-09-06T15:37:41+00:00
2022,ME,23019,Penobscot County,2022-09-24,45,20,4,17,3,17,2,0,1,1,me-sos,2026-09-06T15:37:41+00:00
2022,ME,23019,Penobscot County,2022-09-25,44,20,0,17,3,17,2,0,1,1,me-sos,2026-09-06T15:37:41+00:00
2022,ME,23019,Penobscot County,2022-09-26,43,24,4,21,3,20,3,0,1,1,me-sos,2026-09-06T15:37:41+00:00
2022,ME,23019,Penobscot County,2022-09-27,42,25,1,22,3,20,3,0,2,1,me-sos,2026-09-06T15:37:41+00:00
2022,ME,23019,Penobscot County,2022-09-28,41,25,0,22,3,20,3,0,2,1,me-sos,2026-09-06T15:37:41+00:00
2022,ME,23019,Penobscot County,2022-09-29,40,26,1,23,3,21,3,0,2,1,me-sos,2026-09-06T15:37:41+00:00
2022,ME,23019,Penobscot County,2022-09-30,39,29,3,26,3,24,3,0,2,1,me-sos,2026-09-06T15:37:41+00:00
2022,ME,23019,Penobscot County,2022-10-01,38,29,0,26,3,24,3,0,2,1,me-sos,2026-09-06T15:37:41+00:00
2022,ME,23019,Penobscot County,2022-10-02,37,32,3,29,3,27,3,0,2,1,me-sos,2026-09-06T15:37:41+00:00
2022,ME,23019,Penobscot County,2022-10-03,36,34,2,30,4,27,5,0,2,1,me-sos,2026-09-06T15:37:41+00:00
2022,ME,23019,Penobscot County,2022-10-04,35,50,16,35,15,30,13,3,4,1,me-sos,2026-09-06T15:37:41+00:00
2022,ME,23019,Penobscot County,2022-10-05,34,97,47,64,33,51,26,4,16,1,me-sos,2026-09-06T15:37:41+00:00
2022,ME,23019,Penobscot County,2022-10-06,33,163,66,90,73,85,43,6,29,1,me-sos,2026-09-06T15:37:41+00:00
2022,ME,23019,Penobscot County,2022-10-07,32,238,75,145,93,121,69,8,40,1,me-sos,2026-09-06T15:37:41+00:00
2022,ME,23019,Penobscot County,2022-10-08,31,238,0,145,93,121,69,8,40,1,me-sos,2026-09-06T15:37:41+00:00
2022,ME,23019,Penobscot County,2022-10-09,30,297,59,204,93,158,76,8,55,1,me-sos,2026-09-06T15:37:41+00:00
2022,ME,23019,Penobscot County,2022-10-10,29,300,3,205,95,159,77,8,56,1,me-sos,2026-09-06T15:37:41+00:00
2022,ME,23019,Penobscot County,2022-10-11,28,1049,749,794,255,555,255,27,212,1,me-sos,2026-09-06T15:37:41+00:00
2022,ME,23019,Penobscot County,2022-10-12,27,1441,392,1057,384,795,337,31,278,1,me-sos,2026-09-06T15:37:41+00:00
2022,ME,23019,Penobscot County,2022-10-13,26,2185,744,1693,492,1199,505,44,437,1,me-sos,2026-09-06T15:37:41+00:00
2022,ME,23019,Penobscot County,2022-10-14,25,2657,472,2065,592,1443,613,59,542,1,me-sos,2026-09-06T15:37:41+00:00
2022,ME,23019,Penobscot County,2022-10-15,24,2684,27,2092,592,1461,617,59,547,1,me-sos,2026-09-06T15:37:41+00:00
2022,ME,23019,Penobscot County,2022-10-16,23,2692,8,2100,592,1462,619,59,552,1,me-sos,2026-09-06T15:37:41+00:00
2022,ME,23019,Penobscot County,2022-10-17,22,3852,1160,3115,737,2114,846,85,807,1,me-sos,2026-09-06T15:37:41+00:00
2022,ME,23019,Penobscot County,2022-10-18,21,4554,702,3633,921,2467,1025,101,961,1,me-sos,2026-09-06T15:37:41+00:00
2022,ME,23019,Penobscot County,2022-10-19,20,5528,974,4400,1128,2963,1285,136,1144,1,me-sos,2026-09-06T15:37:41+00:00
2022,ME,23019,Penobscot County,2022-10-20,19,6241,713,4948,1293,3287,1477,161,1316,1,me-sos,2026-09-06T15:37:41+00:00
2022,ME,23019,Penobscot County,2022-10-21,18,6807,566,5334,1473,3527,1671,177,1432,1,me-sos,2026-09-06T15:37:41+00:00
2022,ME,23019,Penobscot County,2022-10-22,17,6819,12,5346,1473,3532,1675,177,1435,1,me-sos,2026-09-06T15:37:41+00:00
2022,ME,23019,Penobscot County,2022-10-23,16,6831,12,5358,1473,3538,1677,177,1439,1,me-sos,2026-09-06T15:37:41+00:00
2022,ME,23019,Penobscot County,2022-10-24,15,7956,1125,6283,1673,4067,1983,216,1690,1,me-sos,2026-09-06T15:37:41+00:00
2022,ME,23019,Penobscot County,2022-10-25,14,9066,1110,7061,2005,4568,2289,252,1957,1,me-sos,2026-09-06T15:37:41+00:00
2022,ME,23019,Penobscot County,2022-10-26,13,9908,842,7675,2233,4957,2516,278,2157,1,me-sos,2026-09-06T15:37:41+00:00
2022,ME,23019,Penobscot County,2022-10-27,12,10698,790,8196,2502,5306,2772,303,2317,1,me-sos,2026-09-06T15:37:41+00:00
2022,ME,23019,Penobscot County,2022-10-28,11,11461,763,8754,2707,5604,3034,327,2496,1,me-sos,2026-09-06T15:37:41+00:00
2022,ME,23019,Penobscot County,2022-10-29,10,11464,3,8757,2707,5604,3037,327,2496,1,me-sos,2026-09-06T15:37:41+00:00
2022,ME,23019,Penobscot County,2022-10-30,9,11600,136,8893,2707,5670,3067,332,2531,1,me-sos,2026-09-06T15:37:41+00:00
2022,ME,23019,Penobscot County,2022-10-31,8,13127,1527,9846,3281,6318,3549,374,2886,1,me-sos,2026-09-06T15:37:41+00:00
2022,ME,23019,Penobscot County,2022-11-01,7,14692,1565,10736,3956,6915,4051,427,3299,1,me-sos,2026-09-06T15:37:41+00:00
2022,ME,23019,Penobscot County,2022-11-02,6,16250,1558,11562,4688,7522,4591,468,3669,1,me-sos,2026-09-06T15:37:41+00:00
2022,ME,23019,Penobscot County,2022-11-03,5,17960,1710,12294,5666,8117,5240,524,4079,1,me-sos,2026-09-06T15:37:41+00:00
2022,ME,23019,Penobscot County,2022-11-04,4,18682,722,12917,5765,8361,5490,544,4287,1,me-sos,2026-09-06T15:37:41+00:00
2022,ME,23019,Penobscot County,2022-11-05,3,18758,76,12993,5765,8397,5504,549,4308,1,me-sos,2026-09-06T15:37:41+00:00
2022,ME,23019,Penobscot County,2022-11-06,2,18899,141,13134,5765,8458,5545,553,4343,1,me-sos,2026-09-06T15:37:41+00:00
2022,ME,23019,Penobscot County,2022-11-07,1,20154,1255,14298,5856,8957,5908,607,4682,1,me-sos,2026-09-06T15:37:41+00:00
2022,ME,23019,Penobscot County,2022-11-08,0,20733,579,14876,5857,9223,6044,639,4827,1,me-sos,2026-09-06T15:37:41+00:00
2022,ME,23021,Piscataquis County,2022-09-16,53,2,2,0,2,0,2,0,0,1,me-sos,2026-09-06T15:37:41+00:00
2022,ME,23021,Piscataquis County,2022-09-17,52,2,0,0,2,0,2,0,0,1,me-sos,2026-09-06T15:37:41+00:00
2022,ME,23021,Piscataquis County,2022-09-18,51,2,0,0,2,0,2,0,0,1,me-sos,2026-09-06T15:37:41+00:00
2022,ME,23021,Piscataquis County,2022-09-19,50,2,0,0,2,0,2,0,0,1,me-sos,2026-09-06T15:37:41+00:00
2022,ME,23021,Piscataquis County,2022-09-20,49,2,0,0,2,0,2,0,0,1,me-sos,2026-09-06T15:37:41+00:00
2022,ME,23021,Piscataquis County,2022-09-21,48,2,0,0,2,0,2,0,0,1,me-sos,2026-09-06T15:37:41+00:00
2022,ME,23021,Piscataquis County,2022-09-22,47,2,0,0,2,0,2,0,0,1,me-sos,2026-09-06T15:37:41+00:00
2022,ME,23021,Piscataquis County,2022-09-23,46,2,0,0,2,0,2,0,0,1,me-sos,2026-09-06T15:37:41+00:00
2022,ME,23021,Piscataquis County,2022-09-24,45,2,0,0,2,0,2,0,0,1,me-sos,2026-09-06T15:37:41+00:00
2022,ME,23021,Piscataquis County,2022-09-25,44,4,2,2,2,2,2,0,0,1,me-sos,2026-09-06T15:37:41+00:00
2022,ME,23021,Piscataquis County,2022-09-26,43,4,0,2,2,2,2,0,0,1,me-sos,2026-09-06T15:37:41+00:00
2022,ME,23021,Piscataquis County,2022-09-27,42,4,0,2,2,2,2,0,0,1,me-sos,2026-09-06T15:37:41+00:00
2022,ME,23021,Piscataquis County,2022-09-28,41,5,1,2,3,3,2,0,0,1,me-sos,2026-09-06T15:37:41+00:00
2022,ME,23021,Piscataquis County,2022-09-29,40,5,0,2,3,3,2,0,0,1,me-sos,2026-09-06T15:37:41+00:00
2022,ME,23021,Piscataquis County,2022-09-30,39,6,1,3,3,4,2,0,0,1,me-sos,2026-09-06T15:37:41+00:00
2022,ME,23021,Piscataquis County,2022-10-01,38,6,0,3,3,4,2,0,0,1,me-sos,2026-09-06T15:37:41+00:00
2022,ME,23021,Piscataquis County,2022-10-02,37,6,0,3,3,4,2,0,0,1,me-sos,2026-09-06T15:37:41+00:00
2022,ME,23021,Piscataquis County,2022-10-03,36,7,1,4,3,5,2,0,0,1,me-sos,2026-09-06T15:37:41+00:00
2022,ME,23021,Piscataquis County,2022-10-04,35,9,2,6,3,5,2,0,2,1,me-sos,2026-09-06T15:37:41+00:00
2022,ME,23021,Piscataquis County,2022-10-05,34,14,5,8,6,5,7,0,2,1,me-sos,2026-09-06T15:37:41+00:00
2022,ME,23021,Piscataquis County,2022-10-06,33,24,10,14,10,10,10,0,4,1,me-sos,2026-09-06T15:37:41+00:00
2022,ME,23021,Piscataquis County,2022-10-07,32,37,13,22,15,18,14,0,5,1,me-sos,2026-09-06T15:37:41+00:00
2022,ME,23021,Piscataquis County,2022-10-08,31,41,4,22,19,18,17,0,6,1,me-sos,2026-09-06T15:37:41+00:00
2022,ME,23021,Piscataquis County,2022-10-09,30,41,0,22,19,18,17,0,6,1,me-sos,2026-09-06T15:37:41+00:00
2022,ME,23021,Piscataquis County,2022-10-10,29,49,8,24,25,22,21,0,6,1,me-sos,2026-09-06T15:37:41+00:00
2022,ME,23021,Piscataquis County,2022-10-11,28,92,43,61,31,50,33,0,9,1,me-sos,2026-09-06T15:37:41+00:00
2022,ME,23021,Piscataquis County,2022-10-12,27,146,54,79,67,64,52,2,28,1,me-sos,2026-09-06T15:37:41+00:00
2022,ME,23021,Piscataquis County,2022-10-13,26,200,54,120,80,92,63,3,42,1,me-sos,2026-09-06T15:37:41+00:00
2022,ME,23021,Piscataquis County,2022-10-14,25,250,50,146,104,103,86,4,57,1,me-sos,2026-09-06T15:37:41+00:00
2022,ME,23021,Piscataquis County,2022-10-15,24,256,6,151,105,103,89,4,60,1,me-sos,2026-09-06T15:37:41+00:00
2022,ME,23021,Piscataquis County,2022-10-16,23,256,0,151,105,103,89,4,60,1,me-sos,2026-09-06T15:37:41+00:00
2022,ME,23021,Piscataquis County,2022-10-17,22,346,90,224,122,147,110,8,81,1,me-sos,2026-09-06T15:37:41+00:00
2022,ME,23021,Piscataquis County,2022-10-18,21,379,33,248,131,160,120,11,88,1,me-sos,2026-09-06T15:37:41+00:00
2022,ME,23021,Piscataquis County,2022-10-19,20,461,82,310,151,192,138,16,115,1,me-sos,2026-09-06T15:37:41+00:00
2022,ME,23021,Piscataquis County,2022-10-20,19,545,84,382,163,228,163,19,135,1,me-sos,2026-09-06T15:37:41+00:00
2022,ME,23021,Piscataquis County,2022-10-21,18,634,89,444,190,264,196,23,151,1,me-sos,2026-09-06T15:37:41+00:00
2022,ME,23021,Piscataquis County,2022-10-22,17,640,6,446,194,266,198,23,153,1,me-sos,2026-09-06T15:37:41+00:00
2022,ME,23021,Piscataquis County,2022-10-23,16,642,2,448,194,266,198,23,155,1,me-sos,2026-09-06T15:37:41+00:00
2022,ME,23021,Piscataquis County,2022-10-24,15,738,96,524,214,301,234,26,177,1,me-sos,2026-09-06T15:37:41+00:00
2022,ME,23021,Piscataquis County,2022-10-25,14,829,91,589,240,343,268,29,189,1,me-sos,2026-09-06T15:37:41+00:00
2022,ME,23021,Piscataquis County,2022-10-26,13,933,104,651,282,372,316,32,213,1,me-sos,2026-09-06T15:37:41+00:00
2022,ME,23021,Piscataquis County,2022-10-27,12,1020,87,702,318,402,346,34,238,1,me-sos,2026-09-06T15:37:41+00:00
2022,ME,23021,Piscataquis County,2022-10-28,11,1141,121,773,368,438,394,37,272,1,me-sos,2026-09-06T15:37:41+00:00
2022,ME,23021,Piscataquis County,2022-10-29,10,1146,5,774,372,438,395,38,275,1,me-sos,2026-09-06T15:37:41+00:00
2022,ME,23021,Piscataquis County,2022-10-30,9,1147,1,775,372,438,396,38,275,1,me-sos,2026-09-06T15:37:41+00:00
2022,ME,23021,Piscataquis County,2022-10-31,8,1295,148,876,419,481,456,44,314,1,me-sos,2026-09-06T15:37:41+00:00
2022,ME,23021,Piscataquis County,2022-11-01,7,1377,82,919,458,503,494,50,330,1,me-sos,2026-09-06T15:37:41+00:00
2022,ME,23021,Piscataquis County,2022-11-02,6,1523,146,995,528,549,547,57,370,1,me-sos,2026-09-06T15:37:41+00:00
2022,ME,23021,Piscataquis County,2022-11-03,5,1687,164,1079,608,597,604,64,422,1,me-sos,2026-09-06T15:37:41+00:00
2022,ME,23021,Piscataquis County,2022-11-04,4,1778,91,1152,626,618,649,67,444,1,me-sos,2026-09-06T15:37:41+00:00
2022,ME,23021,Piscataquis County,2022-11-05,3,1784,6,1154,630,620,650,67,447,1,me-sos,2026-09-06T15:37:41+00:00
2022,ME,23021,Piscataquis County,2022-11-06,2,1787,3,1157,630,622,651,67,447,1,me-sos,2026-09-06T15:37:41+00:00
2022,ME,23021,Piscataquis County,2022-11-07,1,1883,96,1230,653,646,701,70,466,1,me-sos,2026-09-06T15:37:41+00:00
2022,ME,23021,Piscataquis County,2022-11-08,0,1926,43,1269,657,659,719,72,476,1,me-sos,2026-09-06T15:37:41+00:00
2022,ME,23023,Sagadahoc County,2022-09-22,47,4,4,4,0,3,0,0,1,1,me-sos,2026-09-06T15:37:41+00:00
2022,ME,23023,Sagadahoc County,2022-09-23,46,4,0,4,0,3,0,0,1,1,me-sos,2026-09-06T15:37:41+00:00
2022,ME,23023,Sagadahoc County,2022-09-24,45,7,3,7,0,6,0,0,1,1,me-sos,2026-09-06T15:37:41+00:00
2022,ME,23023,Sagadahoc County,2022-09-25,44,8,1,8,0,7,0,0,1,1,me-sos,2026-09-06T15:37:41+00:00
2022,ME,23023,Sagadahoc County,2022-09-26,43,11,3,11,0,10,0,0,1,1,me-sos,2026-09-06T15:37:41+00:00
2022,ME,23023,Sagadahoc County,2022-09-27,42,11,0,11,0,10,0,0,1,1,me-sos,2026-09-06T15:37:41+00:00
2022,ME,23023,Sagadahoc County,2022-09-28,41,14,3,14,0,13,0,0,1,1,me-sos,2026-09-06T15:37:41+00:00
2022,ME,23023,Sagadahoc County,2022-09-29,40,14,0,14,0,13,0,0,1,1,me-sos,2026-09-06T15:37:41+00:00
2022,ME,23023,Sagadahoc County,2022-09-30,39,16,2,16,0,15,0,0,1,1,me-sos,2026-09-06T15:37:41+00:00
2022,ME,23023,Sagadahoc County,2022-10-01,38,16,0,16,0,15,0,0,1,1,me-sos,2026-09-06T15:37:41+00:00
2022,ME,23023,Sagadahoc County,2022-10-02,37,16,0,16,0,15,0,0,1,1,me-sos,2026-09-06T15:37:41+00:00
2022,ME,23023,Sagadahoc County,2022-10-03,36,17,1,17,0,16,0,0,1,1,me-sos,2026-09-06T15:37:41+00:00
2022,ME,23023,Sagadahoc County,2022-10-04,35,20,3,19,1,18,1,0,1,1,me-sos,2026-09-06T15:37:41+00:00
2022,ME,23023,Sagadahoc County,2022-10-05,34,22,2,21,1,18,3,0,1,1,me-sos,2026-09-06T15:37:41+00:00
2022,ME,23023,Sagadahoc County,2022-10-06,33,29,7,24,5,20,6,0,3,1,me-sos,2026-09-06T15:37:41+00:00
2022,ME,23023,Sagadahoc County,2022-10-07,32,35,6,27,8,21,10,0,4,1,me-sos,2026-09-06T15:37:41+00:00
2022,ME,23023,Sagadahoc County,2022-10-08,31,35,0,27,8,21,10,0,4,1,me-sos,2026-09-06T15:37:41+00:00
2022,ME,23023,Sagadahoc County,2022-10-09,30,37,2,29,8,21,12,0,4,1,me-sos,2026-09-06T15:37:41+00:00
2022,ME,23023,Sagadahoc County,2022-10-10,29,41,4,31,10,22,14,0,5,1,me-sos,2026-09-06T15:37:41+00:00
2022,ME,23023,Sagadahoc County,2022-10-11,28,315,274,198,117,188,61,8,58,1,me-sos,2026-09-06T15:37:41+00:00
2022,ME,23023,Sagadahoc County,2022-10-12,27,520,205,285,235,297,107,16,100,1,me-sos,2026-09-06T15:37:41+00:00
2022,ME,23023,Sagadahoc County,2022-10-13,26,787,267,454,333,451,169,18,149,1,me-sos,2026-09-06T15:37:41+00:00
2022,ME,23023,Sagadahoc County,2022-10-14,25,964,177,570,394,551,209,20,184,1,me-sos,2026-09-06T15:37:41+00:00
2022,ME,23023,Sagadahoc County,2022-10-15,24,976,12,582,394,558,213,20,185,1,me-sos,2026-09-06T15:37:41+00:00
2022,ME,23023,Sagadahoc County,2022-10-16,23,977,1,583,394,559,213,20,185,1,me-sos,2026-09-06T15:37:41+00:00
2022,ME,23023,Sagadahoc County,2022-10-17,22,1466,489,936,530,849,290,32,295,1,me-sos,2026-09-06T15:37:41+00:00
2022,ME,23023,Sagadahoc County,2022-10-18,21,1862,396,1213,649,1072,360,42,388,1,me-sos,2026-09-06T15:37:41+00:00
2022,ME,23023,Sagadahoc County,2022-10-19,20,2254,392,1472,782,1308,442,50,454,1,me-sos,2026-09-06T15:37:41+00:00
2022,ME,23023,Sagadahoc County,2022-10-20,19,2547,293,1643,904,1476,504,53,514,1,me-sos,2026-09-06T15:37:41+00:00
2022,ME,23023,Sagadahoc County,2022-10-21,18,2847,300,1843,1004,1640,563,59,585,1,me-sos,2026-09-06T15:37:41+00:00
2022,ME,23023,Sagadahoc County,2022-10-22,17,2849,2,1845,1004,1642,563,59,585,1,me-sos,2026-09-06T15:37:41+00:00
2022,ME,23023,Sagadahoc County,2022-10-23,16,2851,2,1847,1004,1644,563,59,585,1,me-sos,2026-09-06T15:37:41+00:00
2022,ME,23023,Sagadahoc County,2022-10-24,15,3333,482,2195,1138,1902,675,70,686,1,me-sos,2026-09-06T15:37:41+00:00
2022,ME,23023,Sagadahoc County,2022-10-25,14,3685,352,2404,1281,2072,766,76,771,1,me-sos,2026-09-06T15:37:41+00:00
2022,ME,23023,Sagadahoc County,2022-10-26,13,3983,298,2587,1396,2220,827,79,857,1,me-sos,2026-09-06T15:37:41+00:00
2022,ME,23023,Sagadahoc County,2022-10-27,12,4372,389,2824,1548,2438,897,89,948,1,me-sos,2026-09-06T15:37:41+00:00
2022,ME,23023,Sagadahoc County,2022-10-28,11,4647,275,2975,1672,2588,949,94,1016,1,me-sos,2026-09-06T15:37:41+00:00
2022,ME,23023,Sagadahoc County,2022-10-29,10,4668,21,2993,1675,2600,952,96,1020,1,me-sos,2026-09-06T15:37:41+00:00
2022,ME,23023,Sagadahoc County,2022-10-30,9,4669,1,2994,1675,2601,952,96,1020,1,me-sos,2026-09-06T15:37:41+00:00
2022,ME,23023,Sagadahoc County,2022-10-31,8,5219,550,3366,1853,2887,1057,122,1153,1,me-sos,2026-09-06T15:37:41+00:00
2022,ME,23023,Sagadahoc County,2022-11-01,7,5641,422,3586,2055,3102,1132,139,1268,1,me-sos,2026-09-06T15:37:41+00:00
2022,ME,23023,Sagadahoc County,2022-11-02,6,6069,428,3810,2259,3322,1230,154,1363,1,me-sos,2026-09-06T15:37:41+00:00
2022,ME,23023,Sagadahoc County,2022-11-03,5,6644,575,4103,2541,3558,1385,173,1528,1,me-sos,2026-09-06T15:37:41+00:00
2022,ME,23023,Sagadahoc County,2022-11-04,4,6846,202,4297,2549,3645,1447,182,1572,1,me-sos,2026-09-06T15:37:41+00:00
2022,ME,23023,Sagadahoc County,2022-11-05,3,6856,10,4307,2549,3651,1447,182,1576,1,me-sos,2026-09-06T15:37:41+00:00
2022,ME,23023,Sagadahoc County,2022-11-06,2,6860,4,4311,2549,3654,1447,182,1577,1,me-sos,2026-09-06T15:37:41+00:00
2022,ME,23023,Sagadahoc County,2022-11-07,1,7415,555,4858,2557,3915,1569,202,1729,1,me-sos,2026-09-06T15:37:41+00:00
2022,ME,23023,Sagadahoc County,2022-11-08,0,7488,73,4931,2557,3948,1588,206,1746,1,me-sos,2026-09-06T15:37:41+00:00
2022,ME,23025,Somerset County,2022-09-08,61,1,1,0,1,0,0,0,1,1,me-sos,2026-09-06T15:37:41+00:00
2022,ME,23025,Somerset County,2022-09-09,60,1,0,0,1,0,0,0,1,1,me-sos,2026-09-06T15:37:41+00:00
2022,ME,23025,Somerset County,2022-09-10,59,1,0,0,1,0,0,0,1,1,me-sos,2026-09-06T15:37:41+00:00
2022,ME,23025,Somerset County,2022-09-11,58,1,0,0,1,0,0,0,1,1,me-sos,2026-09-06T15:37:41+00:00
2022,ME,23025,Somerset County,2022-09-12,57,1,0,0,1,0,0,0,1,1,me-sos,2026-09-06T15:37:41+00:00
2022,ME,23025,Somerset County,2022-09-13,56,1,0,0,1,0,0,0,1,1,me-sos,2026-09-06T15:37:41+00:00
2022,ME,23025,Somerset County,2022-09-14,55,1,0,0,1,0,0,0,1,1,me-sos,2026-09-06T15:37:41+00:00
2022,ME,23025,Somerset County,2022-09-15,54,1,0,0,1,0,0,0,1,1,me-sos,2026-09-06T15:37:41+00:00
2022,ME,23025,Somerset County,2022-09-16,53,1,0,0,1,0,0,0,1,1,me-sos,2026-09-06T15:37:41+00:00
2022,ME,23025,Somerset County,2022-09-17,52,1,0,0,1,0,0,0,1,1,me-sos,2026-09-06T15:37:41+00:00
2022,ME,23025,Somerset County,2022-09-18,51,1,0,0,1,0,0,0,1,1,me-sos,2026-09-06T15:37:41+00:00
2022,ME,23025,Somerset County,2022-09-19,50,1,0,0,1,0,0,0,1,1,me-sos,2026-09-06T15:37:41+00:00
2022,ME,23025,Somerset County,2022-09-20,49,1,0,0,1,0,0,0,1,1,me-sos,2026-09-06T15:37:41+00:00
2022,ME,23025,Somerset County,2022-09-21,48,1,0,0,1,0,0,0,1,1,me-sos,2026-09-06T15:37:41+00:00
2022,ME,23025,Somerset County,2022-09-22,47,1,0,0,1,0,0,0,1,1,me-sos,2026-09-06T15:37:41+00:00
2022,ME,23025,Somerset County,2022-09-23,46,3,2,2,1,2,0,0,1,1,me-sos,2026-09-06T15:37:41+00:00
2022,ME,23025,Somerset County,2022-09-24,45,5,2,4,1,3,1,0,1,1,me-sos,2026-09-06T15:37:41+00:00
2022,ME,23025,Somerset County,2022-09-25,44,5,0,4,1,3,1,0,1,1,me-sos,2026-09-06T15:37:41+00:00
2022,ME,23025,Somerset County,2022-09-26,43,5,0,4,1,3,1,0,1,1,me-sos,2026-09-06T15:37:41+00:00
2022,ME,23025,Somerset County,2022-09-27,42,6,1,5,1,4,1,0,1,1,me-sos,2026-09-06T15:37:41+00:00
2022,ME,23025,Somerset County,2022-09-28,41,6,0,5,1,4,1,0,1,1,me-sos,2026-09-06T15:37:41+00:00
2022,ME,23025,Somerset County,2022-09-29,40,6,0,5,1,4,1,0,1,1,me-sos,2026-09-06T15:37:41+00:00
2022,ME,23025,Somerset County,2022-09-30,39,7,1,6,1,4,1,0,2,1,me-sos,2026-09-06T15:37:41+00:00
2022,ME,23025,Somerset County,2022-10-01,38,7,0,6,1,4,1,0,2,1,me-sos,2026-09-06T15:37:41+00:00
2022,ME,23025,Somerset County,2022-10-02,37,7,0,6,1,4,1,0,2,1,me-sos,2026-09-06T15:37:41+00:00
2022,ME,23025,Somerset County,2022-10-03,36,7,0,6,1,4,1,0,2,1,me-sos,2026-09-06T15:37:41+00:00
2022,ME,23025,Somerset County,2022-10-04,35,8,1,6,2,4,2,0,2,1,me-sos,2026-09-06T15:37:41+00:00
2022,ME,23025,Somerset County,2022-10-05,34,12,4,9,3,4,4,1,3,1,me-sos,2026-09-06T15:37:41+00:00
2022,ME,23025,Somerset County,2022-10-06,33,36,24,26,10,17,9,1,9,1,me-sos,2026-09-06T15:37:41+00:00
2022,ME,23025,Somerset County,2022-10-07,32,72,36,47,25,38,14,4,16,1,me-sos,2026-09-06T15:37:41+00:00
2022,ME,23025,Somerset County,2022-10-08,31,72,0,47,25,38,14,4,16,1,me-sos,2026-09-06T15:37:41+00:00
2022,ME,23025,Somerset County,2022-10-09,30,72,0,47,25,38,14,4,16,1,me-sos,2026-09-06T15:37:41+00:00
2022,ME,23025,Somerset County,2022-10-10,29,117,45,87,30,68,17,5,27,1,me-sos,2026-09-06T15:37:41+00:00
2022,ME,23025,Somerset County,2022-10-11,28,271,154,185,86,149,58,8,56,1,me-sos,2026-09-06T15:37:41+00:00
2022,ME,23025,Somerset County,2022-10-12,27,381,110,239,142,203,87,13,78,1,me-sos,2026-09-06T15:37:41+00:00
2022,ME,23025,Somerset County,2022-10-13,26,587,206,382,205,298,152,18,119,1,me-sos,2026-09-06T15:37:41+00:00
2022,ME,23025,Somerset County,2022-10-14,25,702,115,469,233,345,187,22,148,1,me-sos,2026-09-06T15:37:41+00:00
2022,ME,23025,Somerset County,2022-10-15,24,727,25,492,235,357,195,22,153,1,me-sos,2026-09-06T15:37:41+00:00
2022,ME,23025,Somerset County,2022-10-16,23,727,0,492,235,357,195,22,153,1,me-sos,2026-09-06T15:37:41+00:00
2022,ME,23025,Somerset County,2022-10-17,22,1010,283,706,304,508,252,32,218,1,me-sos,2026-09-06T15:37:41+00:00
2022,ME,23025,Somerset County,2022-10-18,21,1234,224,860,374,608,317,36,273,1,me-sos,2026-09-06T15:37:41+00:00
2022,ME,23025,Somerset County,2022-10-19,20,1507,273,1063,444,732,392,44,339,1,me-sos,2026-09-06T15:37:41+00:00
2022,ME,23025,Somerset County,2022-10-20,19,1718,211,1223,495,829,449,54,386,1,me-sos,2026-09-06T15:37:41+00:00
2022,ME,23025,Somerset County,2022-10-21,18,1967,249,1396,571,932,513,69,453,1,me-sos,2026-09-06T15:37:41+00:00
2022,ME,23025,Somerset County,2022-10-22,17,1980,13,1409,571,937,518,69,456,1,me-sos,2026-09-06T15:37:41+00:00
2022,ME,23025,Somerset County,2022-10-23,16,1980,0,1409,571,937,518,69,456,1,me-sos,2026-09-06T15:37:41+00:00
2022,ME,23025,Somerset County,2022-10-24,15,2296,316,1628,668,1081,612,84,519,1,me-sos,2026-09-06T15:37:41+00:00
2022,ME,23025,Somerset County,2022-10-25,14,2596,300,1827,769,1207,715,92,582,1,me-sos,2026-09-06T15:37:41+00:00
2022,ME,23025,Somerset County,2022-10-26,13,2843,247,1981,862,1288,806,103,646,1,me-sos,2026-09-06T15:37:41+00:00
2022,ME,23025,Somerset County,2022-10-27,12,3095,252,2138,957,1381,903,106,705,1,me-sos,2026-09-06T15:37:41+00:00
2022,ME,23025,Somerset County,2022-10-28,11,3380,285,2330,1050,1512,979,116,773,1,me-sos,2026-09-06T15:37:41+00:00
2022,ME,23025,Somerset County,2022-10-29,10,3382,2,2330,1052,1512,981,116,773,1,me-sos,2026-09-06T15:37:41+00:00
2022,ME,23025,Somerset County,2022-10-30,9,3384,2,2331,1053,1512,982,116,774,1,me-sos,2026-09-06T15:37:41+00:00
2022,ME,23025,Somerset County,2022-10-31,8,3811,427,2607,1204,1673,1126,126,886,1,me-sos,2026-09-06T15:37:41+00:00
2022,ME,23025,Somerset County,2022-11-01,7,4192,381,2818,1374,1803,1273,140,976,1,me-sos,2026-09-06T15:37:41+00:00
2022,ME,23025,Somerset County,2022-11-02,6,4532,340,2989,1543,1920,1394,155,1063,1,me-sos,2026-09-06T15:37:41+00:00
2022,ME,23025,Somerset County,2022-11-03,5,4995,463,3243,1752,2075,1554,167,1199,1,me-sos,2026-09-06T15:37:41+00:00
2022,ME,23025,Somerset County,2022-11-04,4,5195,200,3421,1774,2139,1618,173,1265,1,me-sos,2026-09-06T15:37:41+00:00
2022,ME,23025,Somerset County,2022-11-05,3,5202,7,3428,1774,2141,1621,173,1267,1,me-sos,2026-09-06T15:37:41+00:00
2022,ME,23025,Somerset County,2022-11-06,2,5208,6,3434,1774,2145,1622,173,1268,1,me-sos,2026-09-06T15:37:41+00:00
2022,ME,23025,Somerset County,2022-11-07,1,5504,296,3697,1807,2240,1729,181,1354,1,me-sos,2026-09-06T15:37:41+00:00
2022,ME,23025,Somerset County,2022-11-08,0,5611,107,3804,1807,2271,1765,184,1391,1,me-sos,2026-09-06T15:37:41+00:00
2022,ME,23027,Waldo County,2022-07-11,120,1,0,0,1,0,1,0,0,1,me-sos,2026-09-06T15:37:41+00:00
2022,ME,23027,Waldo County,2022-07-12,119,1,0,0,1,0,1,0,0,1,me-sos,2026-09-06T15:37:41+00:00
2022,ME,23027,Waldo County,2022-07-13,118,1,0,0,1,0,1,0,0,1,me-sos,2026-09-06T15:37:41+00:00
2022,ME,23027,Waldo County,2022-07-14,117,1,0,0,1,0,1,0,0,1,me-sos,2026-09-06T15:37:41+00:00
2022,ME,23027,Waldo County,2022-07-15,116,1,0,0,1,0,1,0,0,1,me-sos,2026-09-06T15:37:41+00:00
2022,ME,23027,Waldo County,2022-07-16,115,1,0,0,1,0,1,0,0,1,me-sos,2026-09-06T15:37:41+00:00
2022,ME,23027,Waldo County,2022-07-17,114,1,0,0,1,0,1,0,0,1,me-sos,2026-09-06T15:37:41+00:00
2022,ME,23027,Waldo County,2022-07-18,113,1,0,0,1,0,1,0,0,1,me-sos,2026-09-06T15:37:41+00:00
2022,ME,23027,Waldo County,2022-07-19,112,1,0,0,1,0,1,0,0,1,me-sos,2026-09-06T15:37:41+00:00
2022,ME,23027,Waldo County,2022-07-20,111,1,0,0,1,0,1,0,0,1,me-sos,2026-09-06T15:37:41+00:00
2022,ME,23027,Waldo County,2022-07-21,110,1,0,0,1,0,1,0,0,1,me-sos,2026-09-06T15:37:41+00:00
2022,ME,23027,Waldo County,2022-07-22,109,1,0,0,1,0,1,0,0,1,me-sos,2026-09-06T15:37:41+00:00
2022,ME,23027,Waldo County,2022-07-23,108,1,0,0,1,0,1,0,0,1,me-sos,2026-09-06T15:37:41+00:00
2022,ME,23027,Waldo County,2022-07-24,107,1,0,0,1,0,1,0,0,1,me-sos,2026-09-06T15:37:41+00:00
2022,ME,23027,Waldo County,2022-07-25,106,1,0,0,1,0,1,0,0,1,me-sos,2026-09-06T15:37:41+00:00
2022,ME,23027,Waldo County,2022-07-26,105,1,0,0,1,0,1,0,0,1,me-sos,2026-09-06T15:37:41+00:00
2022,ME,23027,Waldo County,2022-07-27,104,1,0,0,1,0,1,0,0,1,me-sos,2026-09-06T15:37:41+00:00
2022,ME,23027,Waldo County,2022-07-28,103,1,0,0,1,0,1,0,0,1,me-sos,2026-09-06T15:37:41+00:00
2022,ME,23027,Waldo County,2022-07-29,102,1,0,0,1,0,1,0,0,1,me-sos,2026-09-06T15:37:41+00:00
2022,ME,23027,Waldo County,2022-07-30,101,1,0,0,1,0,1,0,0,1,me-sos,2026-09-06T15:37:41+00:00
2022,ME,23027,Waldo County,2022-07-31,100,1,0,0,1,0,1,0,0,1,me-sos,2026-09-06T15:37:41+00:00
2022,ME,23027,Waldo County,2022-08-01,99,1,0,0,1,0,1,0,0,1,me-sos,2026-09-06T15:37:41+00:00
2022,ME,23027,Waldo County,2022-08-02,98,1,0,0,1,0,1,0,0,1,me-sos,2026-09-06T15:37:41+00:00
2022,ME,23027,Waldo County,2022-08-03,97,1,0,0,1,0,1,0,0,1,me-sos,2026-09-06T15:37:41+00:00
2022,ME,23027,Waldo County,2022-08-04,96,1,0,0,1,0,1,0,0,1,me-sos,2026-09-06T15:37:41+00:00
2022,ME,23027,Waldo County,2022-08-05,95,1,0,0,1,0,1,0,0,1,me-sos,2026-09-06T15:37:41+00:00
2022,ME,23027,Waldo County,2022-08-06,94,1,0,0,1,0,1,0,0,1,me-sos,2026-09-06T15:37:41+00:00
2022,ME,23027,Waldo County,2022-08-07,93,1,0,0,1,0,1,0,0,1,me-sos,2026-09-06T15:37:41+00:00
2022,ME,23027,Waldo County,2022-08-08,92,1,0,0,1,0,1,0,0,1,me-sos,2026-09-06T15:37:41+00:00
2022,ME,23027,Waldo County,2022-08-09,91,1,0,0,1,0,1,0,0,1,me-sos,2026-09-06T15:37:41+00:00
2022,ME,23027,Waldo County,2022-08-10,90,1,0,0,1,0,1,0,0,1,me-sos,2026-09-06T15:37:41+00:00
2022,ME,23027,Waldo County,2022-08-11,89,1,0,0,1,0,1,0,0,1,me-sos,2026-09-06T15:37:41+00:00
2022,ME,23027,Waldo County,2022-08-12,88,1,0,0,1,0,1,0,0,1,me-sos,2026-09-06T15:37:41+00:00
2022,ME,23027,Waldo County,2022-08-13,87,1,0,0,1,0,1,0,0,1,me-sos,2026-09-06T15:37:41+00:00
2022,ME,23027,Waldo County,2022-08-14,86,1,0,0,1,0,1,0,0,1,me-sos,2026-09-06T15:37:41+00:00
2022,ME,23027,Waldo County,2022-08-15,85,1,0,0,1,0,1,0,0,1,me-sos,2026-09-06T15:37:41+00:00
2022,ME,23027,Waldo County,2022-08-16,84,1,0,0,1,0,1,0,0,1,me-sos,2026-09-06T15:37:41+00:00
2022,ME,23027,Waldo County,2022-08-17,83,1,0,0,1,0,1,0,0,1,me-sos,2026-09-06T15:37:41+00:00
2022,ME,23027,Waldo County,2022-08-18,82,1,0,0,1,0,1,0,0,1,me-sos,2026-09-06T15:37:41+00:00
2022,ME,23027,Waldo County,2022-08-19,81,1,0,0,1,0,1,0,0,1,me-sos,2026-09-06T15:37:41+00:00
2022,ME,23027,Waldo County,2022-08-20,80,1,0,0,1,0,1,0,0,1,me-sos,2026-09-06T15:37:41+00:00
2022,ME,23027,Waldo County,2022-08-21,79,1,0,0,1,0,1,0,0,1,me-sos,2026-09-06T15:37:41+00:00
2022,ME,23027,Waldo County,2022-08-22,78,1,0,0,1,0,1,0,0,1,me-sos,2026-09-06T15:37:41+00:00
2022,ME,23027,Waldo County,2022-08-23,77,1,0,0,1,0,1,0,0,1,me-sos,2026-09-06T15:37:41+00:00
2022,ME,23027,Waldo County,2022-08-24,76,1,0,0,1,0,1,0,0,1,me-sos,2026-09-06T15:37:41+00:00
2022,ME,23027,Waldo County,2022-08-25,75,1,0,0,1,0,1,0,0,1,me-sos,2026-09-06T15:37:41+00:00
2022,ME,23027,Waldo County,2022-08-26,74,1,0,0,1,0,1,0,0,1,me-sos,2026-09-06T15:37:41+00:00
2022,ME,23027,Waldo County,2022-08-27,73,1,0,0,1,0,1,0,0,1,me-sos,2026-09-06T15:37:41+00:00
2022,ME,23027,Waldo County,2022-08-28,72,1,0,0,1,0,1,0,0,1,me-sos,2026-09-06T15:37:41+00:00
2022,ME,23027,Waldo County,2022-08-29,71,1,0,0,1,0,1,0,0,1,me-sos,2026-09-06T15:37:41+00:00
2022,ME,23027,Waldo County,2022-08-30,70,1,0,0,1,0,1,0,0,1,me-sos,2026-09-06T15:37:41+00:00
2022,ME,23027,Waldo County,2022-08-31,69,1,0,0,1,0,1,0,0,1,me-sos,2026-09-06T15:37:41+00:00
2022,ME,23027,Waldo County,2022-09-01,68,1,0,0,1,0,1,0,0,1,me-sos,2026-09-06T15:37:41+00:00
2022,ME,23027,Waldo County,2022-09-02,67,1,0,0,1,0,1,0,0,1,me-sos,2026-09-06T15:37:41+00:00
2022,ME,23027,Waldo County,2022-09-03,66,1,0,0,1,0,1,0,0,1,me-sos,2026-09-06T15:37:41+00:00
2022,ME,23027,Waldo County,2022-09-04,65,1,0,0,1,0,1,0,0,1,me-sos,2026-09-06T15:37:41+00:00
2022,ME,23027,Waldo County,2022-09-05,64,1,0,0,1,0,1,0,0,1,me-sos,2026-09-06T15:37:41+00:00
2022,ME,23027,Waldo County,2022-09-06,63,1,0,0,1,0,1,0,0,1,me-sos,2026-09-06T15:37:41+00:00
2022,ME,23027,Waldo County,2022-09-07,62,1,0,0,1,0,1,0,0,1,me-sos,2026-09-06T15:37:41+00:00
2022,ME,23027,Waldo County,2022-09-08,61,1,0,0,1,0,1,0,0,1,me-sos,2026-09-06T15:37:41+00:00
2022,ME,23027,Waldo County,2022-09-09,60,1,0,0,1,0,1,0,0,1,me-sos,2026-09-06T15:37:41+00:00
2022,ME,23027,Waldo County,2022-09-10,59,1,0,0,1,0,1,0,0,1,me-sos,2026-09-06T15:37:41+00:00
2022,ME,23027,Waldo County,2022-09-11,58,1,0,0,1,0,1,0,0,1,me-sos,2026-09-06T15:37:41+00:00
2022,ME,23027,Waldo County,2022-09-12,57,1,0,0,1,0,1,0,0,1,me-sos,2026-09-06T15:37:41+00:00
2022,ME,23027,Waldo County,2022-09-13,56,1,0,0,1,0,1,0,0,1,me-sos,2026-09-06T15:37:41+00:00
2022,ME,23027,Waldo County,2022-09-14,55,1,0,0,1,0,1,0,0,1,me-sos,2026-09-06T15:37:41+00:00
2022,ME,23027,Waldo County,2022-09-15,54,1,0,0,1,0,1,0,0,1,me-sos,2026-09-06T15:37:41+00:00
2022,ME,23027,Waldo County,2022-09-16,53,1,0,0,1,0,1,0,0,1,me-sos,2026-09-06T15:37:41+00:00
2022,ME,23027,Waldo County,2022-09-17,52,1,0,0,1,0,1,0,0,1,me-sos,2026-09-06T15:37:41+00:00
2022,ME,23027,Waldo County,2022-09-18,51,1,0,0,1,0,1,0,0,1,me-sos,2026-09-06T15:37:41+00:00
2022,ME,23027,Waldo County,2022-09-19,50,1,0,0,1,0,1,0,0,1,me-sos,2026-09-06T15:37:41+00:00
2022,ME,23027,Waldo County,2022-09-20,49,1,0,0,1,0,1,0,0,1,me-sos,2026-09-06T15:37:41+00:00
2022,ME,23027,Waldo County,2022-09-21,48,1,0,0,1,0,1,0,0,1,me-sos,2026-09-06T15:37:41+00:00
2022,ME,23027,Waldo County,2022-09-22,47,5,4,4,1,3,1,0,1,1,me-sos,2026-09-06T15:37:41+00:00
2022,ME,23027,Waldo County,2022-09-23,46,6,1,5,1,4,1,0,1,1,me-sos,2026-09-06T15:37:41+00:00
2022,ME,23027,Waldo County,2022-09-24,45,9,3,8,1,7,1,0,1,1,me-sos,2026-09-06T15:37:41+00:00
2022,ME,23027,Waldo County,2022-09-25,44,9,0,8,1,7,1,0,1,1,me-sos,2026-09-06T15:37:41+00:00
2022,ME,23027,Waldo County,2022-09-26,43,13,4,11,2,10,1,0,2,1,me-sos,2026-09-06T15:37:41+00:00
2022,ME,23027,Waldo County,2022-09-27,42,14,1,11,3,11,1,0,2,1,me-sos,2026-09-06T15:37:41+00:00
2022,ME,23027,Waldo County,2022-09-28,41,14,0,11,3,11,1,0,2,1,me-sos,2026-09-06T15:37:41+00:00
2022,ME,23027,Waldo County,2022-09-29,40,15,1,12,3,12,1,0,2,1,me-sos,2026-09-06T15:37:41+00:00
2022,ME,23027,Waldo County,2022-09-30,39,16,1,13,3,13,1,0,2,1,me-sos,2026-09-06T15:37:41+00:00
2022,ME,23027,Waldo County,2022-10-01,38,17,1,14,3,14,1,0,2,1,me-sos,2026-09-06T15:37:41+00:00
2022,ME,23027,Waldo County,2022-10-02,37,17,0,14,3,14,1,0,2,1,me-sos,2026-09-06T15:37:41+00:00
2022,ME,23027,Waldo County,2022-10-03,36,17,0,14,3,14,1,0,2,1,me-sos,2026-09-06T15:37:41+00:00
2022,ME,23027,Waldo County,2022-10-04,35,23,6,15,8,17,2,1,3,1,me-sos,2026-09-06T15:37:41+00:00
2022,ME,23027,Waldo County,2022-10-05,34,43,20,21,22,27,9,2,5,1,me-sos,2026-09-06T15:37:41+00:00
2022,ME,23027,Waldo County,2022-10-06,33,62,19,29,33,39,13,2,8,1,me-sos,2026-09-06T15:37:41+00:00
2022,ME,23027,Waldo County,2022-10-07,32,83,21,37,46,49,19,2,13,1,me-sos,2026-09-06T15:37:41+00:00
2022,ME,23027,Waldo County,2022-10-08,31,86,3,38,48,50,19,2,15,1,me-sos,2026-09-06T15:37:41+00:00
2022,ME,23027,Waldo County,2022-10-09,30,87,1,39,48,51,19,2,15,1,me-sos,2026-09-06T15:37:41+00:00
2022,ME,23027,Waldo County,2022-10-10,29,87,0,39,48,51,19,2,15,1,me-sos,2026-09-06T15:37:41+00:00
2022,ME,23027,Waldo County,2022-10-11,28,276,189,158,118,168,50,12,46,1,me-sos,2026-09-06T15:37:41+00:00
2022,ME,23027,Waldo County,2022-10-12,27,384,108,214,170,237,70,12,65,1,me-sos,2026-09-06T15:37:41+00:00
2022,ME,23027,Waldo County,2022-10-13,26,570,186,355,215,359,102,17,92,1,me-sos,2026-09-06T15:37:41+00:00
2022,ME,23027,Waldo County,2022-10-14,25,647,77,407,240,408,118,18,103,1,me-sos,2026-09-06T15:37:41+00:00
2022,ME,23027,Waldo County,2022-10-15,24,676,29,431,245,430,120,19,107,1,me-sos,2026-09-06T15:37:41+00:00
2022,ME,23027,Waldo County,2022-10-16,23,677,1,432,245,430,120,19,108,1,me-sos,2026-09-06T15:37:41+00:00
2022,ME,23027,Waldo County,2022-10-17,22,969,292,665,304,602,173,35,159,1,me-sos,2026-09-06T15:37:41+00:00
2022,ME,23027,Waldo County,2022-10-18,21,1180,211,829,351,732,205,43,200,1,me-sos,2026-09-06T15:37:41+00:00
2022,ME,23027,Waldo County,2022-10-19,20,1430,250,1013,417,863,252,61,254,1,me-sos,2026-09-06T15:37:41+00:00
2022,ME,23027,Waldo County,2022-10-20,19,1657,227,1165,492,982,315,64,296,1,me-sos,2026-09-06T15:37:41+00:00
2022,ME,23027,Waldo County,2022-10-21,18,1758,101,1226,532,1031,337,71,319,1,me-sos,2026-09-06T15:37:41+00:00
2022,ME,23027,Waldo County,2022-10-22,17,1782,24,1238,544,1041,343,73,325,1,me-sos,2026-09-06T15:37:41+00:00
2022,ME,23027,Waldo County,2022-10-23,16,1785,3,1241,544,1042,344,73,326,1,me-sos,2026-09-06T15:37:41+00:00
2022,ME,23027,Waldo County,2022-10-24,15,2153,368,1526,627,1259,400,88,406,1,me-sos,2026-09-06T15:37:41+00:00
2022,ME,23027,Waldo County,2022-10-25,14,2409,256,1699,710,1389,461,98,461,1,me-sos,2026-09-06T15:37:41+00:00
2022,ME,23027,Waldo County,2022-10-26,13,2706,297,1907,799,1560,523,106,517,1,me-sos,2026-09-06T15:37:41+00:00
2022,ME,23027,Waldo County,2022-10-27,12,3009,303,2103,906,1708,586,118,597,1,me-sos,2026-09-06T15:37:41+00:00
2022,ME,23027,Waldo County,2022-10-28,11,3138,129,2174,964,1763,614,121,640,1,me-sos,2026-09-06T15:37:41+00:00
2022,ME,23027,Waldo County,2022-10-29,10,3170,32,2183,987,1780,621,122,647,1,me-sos,2026-09-06T15:37:41+00:00
2022,ME,23027,Waldo County,2022-10-30,9,3188,18,2201,987,1786,628,123,651,1,me-sos,2026-09-06T15:37:41+00:00
2022,ME,23027,Waldo County,2022-10-31,8,3724,536,2578,1146,2050,747,146,781,1,me-sos,2026-09-06T15:37:41+00:00
2022,ME,23027,Waldo County,2022-11-01,7,4153,429,2819,1334,2270,851,154,878,1,me-sos,2026-09-06T15:37:41+00:00
2022,ME,23027,Waldo County,2022-11-02,6,4526,373,3021,1505,2458,945,172,951,1,me-sos,2026-09-06T15:37:41+00:00
2022,ME,23027,Waldo County,2022-11-03,5,5003,477,3235,1768,2682,1060,186,1075,1,me-sos,2026-09-06T15:37:41+00:00
2022,ME,23027,Waldo County,2022-11-04,4,5138,135,3352,1786,2736,1105,188,1109,1,me-sos,2026-09-06T15:37:41+00:00
2022,ME,23027,Waldo County,2022-11-05,3,5166,28,3369,1797,2747,1114,189,1116,1,me-sos,2026-09-06T15:37:41+00:00
2022,ME,23027,Waldo County,2022-11-06,2,5178,12,3381,1797,2753,1119,190,1116,1,me-sos,2026-09-06T15:37:41+00:00
2022,ME,23027,Waldo County,2022-11-07,1,5641,463,3799,1842,2960,1241,210,1230,1,me-sos,2026-09-06T15:37:41+00:00
2022,ME,23027,Waldo County,2022-11-08,0,5753,112,3910,1843,3016,1271,212,1254,1,me-sos,2026-09-06T15:37:41+00:00
2022,ME,23029,Washington County,2022-09-26,43,1,1,1,0,1,0,0,0,1,me-sos,2026-09-06T15:37:41+00:00
2022,ME,23029,Washington County,2022-09-27,42,2,1,2,0,2,0,0,0,1,me-sos,2026-09-06T15:37:41+00:00
2022,ME,23029,Washington County,2022-09-28,41,2,0,2,0,2,0,0,0,1,me-sos,2026-09-06T15:37:41+00:00
2022,ME,23029,Washington County,2022-09-29,40,2,0,2,0,2,0,0,0,1,me-sos,2026-09-06T15:37:41+00:00
2022,ME,23029,Washington County,2022-09-30,39,2,0,2,0,2,0,0,0,1,me-sos,2026-09-06T15:37:41+00:00
2022,ME,23029,Washington County,2022-10-01,38,2,0,2,0,2,0,0,0,1,me-sos,2026-09-06T15:37:41+00:00
2022,ME,23029,Washington County,2022-10-02,37,2,0,2,0,2,0,0,0,1,me-sos,2026-09-06T15:37:41+00:00
2022,ME,23029,Washington County,2022-10-03,36,2,0,2,0,2,0,0,0,1,me-sos,2026-09-06T15:37:41+00:00
2022,ME,23029,Washington County,2022-10-04,35,2,0,2,0,2,0,0,0,1,me-sos,2026-09-06T15:37:41+00:00
2022,ME,23029,Washington County,2022-10-05,34,11,9,5,6,9,2,0,0,1,me-sos,2026-09-06T15:37:41+00:00
2022,ME,23029,Washington County,2022-10-06,33,27,16,12,15,14,11,0,2,1,me-sos,2026-09-06T15:37:41+00:00
2022,ME,23029,Washington County,2022-10-07,32,45,18,19,26,23,15,0,7,1,me-sos,2026-09-06T15:37:41+00:00
2022,ME,23029,Washington County,2022-10-08,31,50,5,21,29,26,17,0,7,1,me-sos,2026-09-06T15:37:41+00:00
2022,ME,23029,Washington County,2022-10-09,30,50,0,21,29,26,17,0,7,1,me-sos,2026-09-06T15:37:41+00:00
2022,ME,23029,Washington County,2022-10-10,29,52,2,23,29,26,18,1,7,1,me-sos,2026-09-06T15:37:41+00:00
2022,ME,23029,Washington County,2022-10-11,28,134,82,68,66,73,35,3,23,1,me-sos,2026-09-06T15:37:41+00:00
2022,ME,23029,Washington County,2022-10-12,27,191,57,94,97,99,51,6,35,1,me-sos,2026-09-06T15:37:41+00:00
2022,ME,23029,Washington County,2022-10-13,26,246,55,130,116,119,70,9,48,1,me-sos,2026-09-06T15:37:41+00:00
2022,ME,23029,Washington County,2022-10-14,25,327,81,187,140,159,100,10,58,1,me-sos,2026-09-06T15:37:41+00:00
2022,ME,23029,Washington County,2022-10-15,24,336,9,196,140,165,103,10,58,1,me-sos,2026-09-06T15:37:41+00:00
2022,ME,23029,Washington County,2022-10-16,23,337,1,197,140,166,103,10,58,1,me-sos,2026-09-06T15:37:41+00:00
2022,ME,23029,Washington County,2022-10-17,22,490,153,322,168,253,140,16,81,1,me-sos,2026-09-06T15:37:41+00:00
2022,ME,23029,Washington County,2022-10-18,21,606,116,422,184,315,170,17,104,1,me-sos,2026-09-06T15:37:41+00:00
2022,ME,23029,Washington County,2022-10-19,20,756,150,531,225,390,213,21,132,1,me-sos,2026-09-06T15:37:41+00:00
2022,ME,23029,Washington County,2022-10-20,19,897,141,643,254,456,267,24,150,1,me-sos,2026-09-06T15:37:41+00:00
2022,ME,23029,Washington County,2022-10-21,18,1002,105,726,276,507,291,26,178,1,me-sos,2026-09-06T15:37:41+00:00
2022,ME,23029,Washington County,2022-10-22,17,1020,18,742,278,514,296,26,184,1,me-sos,2026-09-06T15:37:41+00:00
2022,ME,23029,Washington County,2022-10-23,16,1020,0,742,278,514,296,26,184,1,me-sos,2026-09-06T15:37:41+00:00
2022,ME,23029,Washington County,2022-10-24,15,1166,146,845,321,587,339,33,207,1,me-sos,2026-09-06T15:37:41+00:00
2022,ME,23029,Washington County,2022-10-25,14,1336,170,977,359,662,393,35,246,1,me-sos,2026-09-06T15:37:41+00:00
2022,ME,23029,Washington County,2022-10-26,13,1467,131,1078,389,706,450,36,275,1,me-sos,2026-09-06T15:37:41+00:00
2022,ME,23029,Washington County,2022-10-27,12,1594,127,1160,434,747,506,39,302,1,me-sos,2026-09-06T15:37:41+00:00
2022,ME,23029,Washington County,2022-10-28,11,1717,123,1229,488,797,543,44,333,1,me-sos,2026-09-06T15:37:41+00:00
2022,ME,23029,Washington County,2022-10-29,10,1730,13,1242,488,805,545,45,335,1,me-sos,2026-09-06T15:37:41+00:00
2022,ME,23029,Washington County,2022-10-30,9,1737,7,1248,489,812,545,45,335,1,me-sos,2026-09-06T15:37:41+00:00
2022,ME,23029,Washington County,2022-10-31,8,1938,201,1391,547,900,597,51,390,1,me-sos,2026-09-06T15:37:41+00:00
2022,ME,23029,Washington County,2022-11-01,7,2120,182,1508,612,970,659,57,434,1,me-sos,2026-09-06T15:37:41+00:00
2022,ME,23029,Washington County,2022-11-02,6,2325,205,1636,689,1049,735,60,481,1,me-sos,2026-09-06T15:37:41+00:00
2022,ME,23029,Washington County,2022-11-03,5,2551,226,1771,780,1135,803,70,543,1,me-sos,2026-09-06T15:37:41+00:00
2022,ME,23029,Washington County,2022-11-04,4,2678,127,1877,801,1193,841,73,571,1,me-sos,2026-09-06T15:37:41+00:00
2022,ME,23029,Washington County,2022-11-05,3,2689,11,1885,804,1195,845,73,576,1,me-sos,2026-09-06T15:37:41+00:00
2022,ME,23029,Washington County,2022-11-06,2,2702,13,1897,805,1201,849,74,578,1,me-sos,2026-09-06T15:37:41+00:00
2022,ME,23029,Washington County,2022-11-07,1,2880,178,2048,832,1262,910,85,623,1,me-sos,2026-09-06T15:37:41+00:00
2022,ME,23029,Washington County,2022-11-08,0,2944,64,2110,834,1289,933,86,636,1,me-sos,2026-09-06T15:37:41+00:00
2022,ME,23031,York County,2022-09-06,63,2,2,2,0,0,0,0,2,1,me-sos,2026-09-06T15:37:41+00:00
2022,ME,23031,York County,2022-09-07,62,2,0,2,0,0,0,0,2,1,me-sos,2026-09-06T15:37:41+00:00
2022,ME,23031,York County,2022-09-08,61,2,0,2,0,0,0,0,2,1,me-sos,2026-09-06T15:37:41+00:00
2022,ME,23031,York County,2022-09-09,60,2,0,2,0,0,0,0,2,1,me-sos,2026-09-06T15:37:41+00:00
2022,ME,23031,York County,2022-09-10,59,2,0,2,0,0,0,0,2,1,me-sos,2026-09-06T15:37:41+00:00
2022,ME,23031,York County,2022-09-11,58,2,0,2,0,0,0,0,2,1,me-sos,2026-09-06T15:37:41+00:00
2022,ME,23031,York County,2022-09-12,57,2,0,2,0,0,0,0,2,1,me-sos,2026-09-06T15:37:41+00:00
2022,ME,23031,York County,2022-09-13,56,2,0,2,0,0,0,0,2,1,me-sos,2026-09-06T15:37:41+00:00
2022,ME,23031,York County,2022-09-14,55,2,0,2,0,0,0,0,2,1,me-sos,2026-09-06T15:37:41+00:00
2022,ME,23031,York County,2022-09-15,54,2,0,2,0,0,0,0,2,1,me-sos,2026-09-06T15:37:41+00:00
2022,ME,23031,York County,2022-09-16,53,2,0,2,0,0,0,0,2,1,me-sos,2026-09-06T15:37:41+00:00
2022,ME,23031,York County,2022-09-17,52,2,0,2,0,0,0,0,2,1,me-sos,2026-09-06T15:37:41+00:00
2022,ME,23031,York County,2022-09-18,51,2,0,2,0,0,0,0,2,1,me-sos,2026-09-06T15:37:41+00:00
2022,ME,23031,York County,2022-09-19,50,2,0,2,0,0,0,0,2,1,me-sos,2026-09-06T15:37:41+00:00
2022,ME,23031,York County,2022-09-20,49,2,0,2,0,0,0,0,2,1,me-sos,2026-09-06T15:37:41+00:00
2022,ME,23031,York County,2022-09-21,48,2,0,2,0,0,0,0,2,1,me-sos,2026-09-06T15:37:41+00:00
2022,ME,23031,York County,2022-09-22,47,8,6,8,0,5,0,0,3,1,me-sos,2026-09-06T15:37:41+00:00
2022,ME,23031,York County,2022-09-23,46,13,5,13,0,9,0,1,3,1,me-sos,2026-09-06T15:37:41+00:00
2022,ME,23031,York County,2022-09-24,45,21,8,21,0,16,0,1,4,1,me-sos,2026-09-06T15:37:41+00:00
2022,ME,23031,York County,2022-09-25,44,22,1,22,0,16,0,1,5,1,me-sos,2026-09-06T15:37:41+00:00
2022,ME,23031,York County,2022-09-26,43,24,2,24,0,18,0,1,5,1,me-sos,2026-09-06T15:37:41+00:00
2022,ME,23031,York County,2022-09-27,42,28,4,26,2,20,0,1,7,1,me-sos,2026-09-06T15:37:41+00:00
2022,ME,23031,York County,2022-09-28,41,30,2,28,2,22,0,1,7,1,me-sos,2026-09-06T15:37:41+00:00
2022,ME,23031,York County,2022-09-29,40,34,4,31,3,26,0,1,7,1,me-sos,2026-09-06T15:37:41+00:00
2022,ME,23031,York County,2022-09-30,39,37,3,34,3,29,0,1,7,1,me-sos,2026-09-06T15:37:41+00:00
2022,ME,23031,York County,2022-10-01,38,38,1,35,3,30,0,1,7,1,me-sos,2026-09-06T15:37:41+00:00
2022,ME,23031,York County,2022-10-02,37,40,2,37,3,31,1,1,7,1,me-sos,2026-09-06T15:37:41+00:00
2022,ME,23031,York County,2022-10-03,36,209,169,185,24,141,31,4,33,1,me-sos,2026-09-06T15:37:41+00:00
2022,ME,23031,York County,2022-10-04,35,304,95,250,54,196,50,6,52,1,me-sos,2026-09-06T15:37:41+00:00
2022,ME,23031,York County,2022-10-05,34,477,173,395,82,306,75,10,86,1,me-sos,2026-09-06T15:37:41+00:00
2022,ME,23031,York County,2022-10-06,33,651,174,531,120,421,107,15,108,1,me-sos,2026-09-06T15:37:41+00:00
2022,ME,23031,York County,2022-10-07,32,839,188,646,193,530,148,18,143,1,me-sos,2026-09-06T15:37:41+00:00
2022,ME,23031,York County,2022-10-08,31,866,27,673,193,551,151,18,146,1,me-sos,2026-09-06T15:37:41+00:00
2022,ME,23031,York County,2022-10-09,30,874,8,681,193,558,151,18,147,1,me-sos,2026-09-06T15:37:41+00:00
2022,ME,23031,York County,2022-10-10,29,897,23,704,193,572,156,18,151,1,me-sos,2026-09-06T15:37:41+00:00
2022,ME,23031,York County,2022-10-11,28,1746,849,1284,462,1072,336,30,308,1,me-sos,2026-09-06T15:37:41+00:00
2022,ME,23031,York County,2022-10-12,27,2643,897,1897,746,1591,524,43,485,1,me-sos,2026-09-06T15:37:41+00:00
2022,ME,23031,York County,2022-10-13,26,3653,1010,2709,944,2150,749,57,697,1,me-sos,2026-09-06T15:37:41+00:00
2022,ME,23031,York County,2022-10-14,25,4452,799,3363,1089,2602,910,74,866,1,me-sos,2026-09-06T15:37:41+00:00
2022,ME,23031,York County,2022-10-15,24,4568,116,3475,1093,2668,934,75,891,1,me-sos,2026-09-06T15:37:41+00:00
2022,ME,23031,York County,2022-10-16,23,4653,85,3560,1093,2716,947,75,915,1,me-sos,2026-09-06T15:37:41+00:00
2022,ME,23031,York County,2022-10-17,22,6516,1863,5034,1482,3760,1313,107,1336,1,me-sos,2026-09-06T15:37:41+00:00
2022,ME,23031,York County,2022-10-18,21,8238,1722,6385,1853,4683,1687,142,1726,1,me-sos,2026-09-06T15:37:41+00:00
2022,ME,23031,York County,2022-10-19,20,10090,1852,7897,2193,5695,2070,177,2148,1,me-sos,2026-09-06T15:37:41+00:00
2022,ME,23031,York County,2022-10-20,19,11519,1429,9000,2519,6426,2407,209,2477,1,me-sos,2026-09-06T15:37:41+00:00
2022,ME,23031,York County,2022-10-21,18,12831,1312,10017,2814,7087,2701,242,2801,1,me-sos,2026-09-06T15:37:41+00:00
2022,ME,23031,York County,2022-10-22,17,13013,182,10195,2818,7182,2742,244,2845,1,me-sos,2026-09-06T15:37:41+00:00
2022,ME,23031,York County,2022-10-23,16,13074,61,10256,2818,7215,2749,245,2865,1,me-sos,2026-09-06T15:37:41+00:00
2022,ME,23031,York County,2022-10-24,15,15544,2470,12338,3206,8433,3301,304,3506,1,me-sos,2026-09-06T15:37:41+00:00
2022,ME,23031,York County,2022-10-25,14,17623,2079,13956,3667,9452,3800,348,4023,1,me-sos,2026-09-06T15:37:41+00:00
2022,ME,23031,York County,2022-10-26,13,19137,1514,15100,4037,10208,4182,372,4375,1,me-sos,2026-09-06T15:37:41+00:00
2022,ME,23031,York County,2022-10-27,12,20898,1761,16406,4492,11088,4581,406,4823,1,me-sos,2026-09-06T15:37:41+00:00
2022,ME,23031,York County,2022-10-28,11,22497,1599,17640,4857,11822,4998,442,5235,1,me-sos,2026-09-06T15:37:41+00:00
2022,ME,23031,York County,2022-10-29,10,22855,358,17876,4979,11995,5086,449,5325,1,me-sos,2026-09-06T15:37:41+00:00
2022,ME,23031,York County,2022-10-30,9,23120,265,18100,5020,12128,5146,452,5394,1,me-sos,2026-09-06T15:37:41+00:00
2022,ME,23031,York County,2022-10-31,8,25865,2745,20172,5693,13381,5804,532,6148,1,me-sos,2026-09-06T15:37:41+00:00
2022,ME,23031,York County,2022-11-01,7,28645,2780,22191,6454,14664,6517,599,6865,1,me-sos,2026-09-06T15:37:41+00:00
2022,ME,23031,York County,2022-11-02,6,31105,2460,23839,7266,15719,7176,660,7550,1,me-sos,2026-09-06T15:37:41+00:00
2022,ME,23031,York County,2022-11-03,5,34018,2913,25612,8406,16968,7947,737,8366,1,me-sos,2026-09-06T15:37:41+00:00
2022,ME,23031,York County,2022-11-04,4,35451,1433,26977,8474,17547,8335,778,8791,1,me-sos,2026-09-06T15:37:41+00:00
2022,ME,23031,York County,2022-11-05,3,35854,403,27378,8476,17743,8428,792,8891,1,me-sos,2026-09-06T15:37:41+00:00
2022,ME,23031,York County,2022-11-06,2,36006,152,27529,8477,17798,8463,797,8948,1,me-sos,2026-09-06T15:37:41+00:00
2022,ME,23031,York County,2022-11-07,1,39617,3611,31027,8590,19346,9313,905,10053,1,me-sos,2026-09-06T15:37:41+00:00
2022,ME,23031,York County,2022-11-08,0,41097,1480,32503,8594,19991,9634,960,10512,1,me-sos,2026-09-06T15:37:41+00:00
2024,ME,23001,Androscoggin County,2024-08-14,83,1,1,0,1,1,0,0,0,1,me-sos,2026-09-06T15:27:58+00:00
2024,ME,23001,Androscoggin County,2024-08-15,82,1,0,0,1,1,0,0,0,1,me-sos,2026-09-06T15:27:58+00:00
2024,ME,23001,Androscoggin County,2024-08-16,81,1,0,0,1,1,0,0,0,1,me-sos,2026-09-06T15:27:58+00:00
2024,ME,23001,Androscoggin County,2024-08-17,80,1,0,0,1,1,0,0,0,1,me-sos,2026-09-06T15:27:58+00:00
2024,ME,23001,Androscoggin County,2024-08-18,79,1,0,0,1,1,0,0,0,1,me-sos,2026-09-06T15:27:58+00:00
2024,ME,23001,Androscoggin County,2024-08-19,78,1,0,0,1,1,0,0,0,1,me-sos,2026-09-06T15:27:58+00:00
2024,ME,23001,Androscoggin County,2024-08-20,77,1,0,0,1,1,0,0,0,1,me-sos,2026-09-06T15:27:58+00:00
2024,ME,23001,Androscoggin County,2024-08-21,76,1,0,0,1,1,0,0,0,1,me-sos,2026-09-06T15:27:58+00:00
2024,ME,23001,Androscoggin County,2024-08-22,75,1,0,0,1,1,0,0,0,1,me-sos,2026-09-06T15:27:58+00:00
2024,ME,23001,Androscoggin County,2024-08-23,74,1,0,0,1,1,0,0,0,1,me-sos,2026-09-06T15:27:58+00:00
2024,ME,23001,Androscoggin County,2024-08-24,73,1,0,0,1,1,0,0,0,1,me-sos,2026-09-06T15:27:58+00:00
2024,ME,23001,Androscoggin County,2024-08-25,72,1,0,0,1,1,0,0,0,1,me-sos,2026-09-06T15:27:58+00:00
2024,ME,23001,Androscoggin County,2024-08-26,71,1,0,0,1,1,0,0,0,1,me-sos,2026-09-06T15:27:58+00:00
2024,ME,23001,Androscoggin County,2024-08-27,70,1,0,0,1,1,0,0,0,1,me-sos,2026-09-06T15:27:58+00:00
2024,ME,23001,Androscoggin County,2024-08-28,69,1,0,0,1,1,0,0,0,1,me-sos,2026-09-06T15:27:58+00:00
2024,ME,23001,Androscoggin County,2024-08-29,68,1,0,0,1,1,0,0,0,1,me-sos,2026-09-06T15:27:58+00:00
2024,ME,23001,Androscoggin County,2024-08-30,67,1,0,0,1,1,0,0,0,1,me-sos,2026-09-06T15:27:58+00:00
2024,ME,23001,Androscoggin County,2024-08-31,66,1,0,0,1,1,0,0,0,1,me-sos,2026-09-06T15:27:58+00:00
2024,ME,23001,Androscoggin County,2024-09-01,65,1,0,0,1,1,0,0,0,1,me-sos,2026-09-06T15:27:58+00:00
2024,ME,23001,Androscoggin County,2024-09-02,64,1,0,0,1,1,0,0,0,1,me-sos,2026-09-06T15:27:58+00:00
2024,ME,23001,Androscoggin County,2024-09-03,63,1,0,0,1,1,0,0,0,1,me-sos,2026-09-06T15:27:58+00:00
2024,ME,23001,Androscoggin County,2024-09-04,62,1,0,0,1,1,0,0,0,1,me-sos,2026-09-06T15:27:58+00:00
2024,ME,23001,Androscoggin County,2024-09-05,61,1,0,0,1,1,0,0,0,1,me-sos,2026-09-06T15:27:58+00:00
2024,ME,23001,Androscoggin County,2024-09-06,60,1,0,0,1,1,0,0,0,1,me-sos,2026-09-06T15:27:58+00:00
2024,ME,23001,Androscoggin County,2024-09-07,59,1,0,0,1,1,0,0,0,1,me-sos,2026-09-06T15:27:58+00:00
2024,ME,23001,Androscoggin County,2024-09-08,58,1,0,0,1,1,0,0,0,1,me-sos,2026-09-06T15:27:58+00:00
2024,ME,23001,Androscoggin County,2024-09-09,57,1,0,0,1,1,0,0,0,1,me-sos,2026-09-06T15:27:58+00:00
2024,ME,23001,Androscoggin County,2024-09-10,56,1,0,0,1,1,0,0,0,1,me-sos,2026-09-06T15:27:58+00:00
2024,ME,23001,Androscoggin County,2024-09-11,55,1,0,0,1,1,0,0,0,1,me-sos,2026-09-06T15:27:58+00:00
2024,ME,23001,Androscoggin County,2024-09-12,54,1,0,0,1,1,0,0,0,1,me-sos,2026-09-06T15:27:58+00:00
2024,ME,23001,Androscoggin County,2024-09-13,53,1,0,0,1,1,0,0,0,1,me-sos,2026-09-06T15:27:58+00:00
2024,ME,23001,Androscoggin County,2024-09-14,52,1,0,0,1,1,0,0,0,1,me-sos,2026-09-06T15:27:58+00:00
2024,ME,23001,Androscoggin County,2024-09-15,51,1,0,0,1,1,0,0,0,1,me-sos,2026-09-06T15:27:58+00:00
2024,ME,23001,Androscoggin County,2024-09-16,50,1,0,0,1,1,0,0,0,1,me-sos,2026-09-06T15:27:58+00:00
2024,ME,23001,Androscoggin County,2024-09-17,49,1,0,0,1,1,0,0,0,1,me-sos,2026-09-06T15:27:58+00:00
2024,ME,23001,Androscoggin County,2024-09-18,48,1,0,0,1,1,0,0,0,1,me-sos,2026-09-06T15:27:58+00:00
2024,ME,23001,Androscoggin County,2024-09-19,47,9,8,8,1,6,1,0,2,1,me-sos,2026-09-06T15:27:58+00:00
2024,ME,23001,Androscoggin County,2024-09-20,46,32,23,31,1,18,5,1,8,1,me-sos,2026-09-06T15:27:58+00:00
2024,ME,23001,Androscoggin County,2024-09-21,45,49,17,48,1,24,7,3,15,1,me-sos,2026-09-06T15:27:58+00:00
2024,ME,23001,Androscoggin County,2024-09-22,44,58,9,57,1,30,9,3,16,1,me-sos,2026-09-06T15:27:58+00:00
2024,ME,23001,Androscoggin County,2024-09-23,43,72,14,70,2,36,9,4,23,1,me-sos,2026-09-06T15:27:58+00:00
2024,ME,23001,Androscoggin County,2024-09-24,42,76,4,74,2,37,10,4,25,1,me-sos,2026-09-06T15:27:58+00:00
2024,ME,23001,Androscoggin County,2024-09-25,41,82,6,80,2,40,10,4,28,1,me-sos,2026-09-06T15:27:58+00:00
2024,ME,23001,Androscoggin County,2024-09-26,40,94,12,84,10,45,13,5,31,1,me-sos,2026-09-06T15:27:58+00:00
2024,ME,23001,Androscoggin County,2024-09-27,39,116,22,89,27,53,18,7,38,1,me-sos,2026-09-06T15:27:58+00:00
2024,ME,23001,Androscoggin County,2024-09-28,38,125,9,98,27,58,21,7,39,1,me-sos,2026-09-06T15:27:58+00:00
2024,ME,23001,Androscoggin County,2024-09-29,37,131,6,104,27,61,23,7,40,1,me-sos,2026-09-06T15:27:58+00:00
2024,ME,23001,Androscoggin County,2024-09-30,36,225,94,170,55,120,40,9,56,1,me-sos,2026-09-06T15:27:58+00:00
2024,ME,23001,Androscoggin County,2024-10-01,35,287,62,201,86,144,62,13,68,1,me-sos,2026-09-06T15:27:58+00:00
2024,ME,23001,Androscoggin County,2024-10-02,34,424,137,285,139,203,98,24,99,1,me-sos,2026-09-06T15:27:58+00:00
2024,ME,23001,Androscoggin County,2024-10-03,33,607,183,406,201,289,139,36,143,1,me-sos,2026-09-06T15:27:58+00:00
2024,ME,23001,Androscoggin County,2024-10-04,32,819,212,566,253,382,197,46,194,1,me-sos,2026-09-06T15:27:58+00:00
2024,ME,23001,Androscoggin County,2024-10-05,31,823,4,570,253,382,199,47,195,1,me-sos,2026-09-06T15:27:58+00:00
2024,ME,23001,Androscoggin County,2024-10-06,30,832,9,579,253,387,200,47,198,1,me-sos,2026-09-06T15:27:58+00:00
2024,ME,23001,Androscoggin County,2024-10-07,29,2001,1169,1531,470,995,440,121,445,1,me-sos,2026-09-06T15:27:58+00:00
2024,ME,23001,Androscoggin County,2024-10-08,28,2769,768,1898,871,1345,661,153,610,1,me-sos,2026-09-06T15:27:58+00:00
2024,ME,23001,Androscoggin County,2024-10-09,27,3727,958,2459,1268,1784,920,203,820,1,me-sos,2026-09-06T15:27:58+00:00
2024,ME,23001,Androscoggin County,2024-10-10,26,4671,944,3056,1615,2192,1200,258,1021,1,me-sos,2026-09-06T15:27:58+00:00
2024,ME,23001,Androscoggin County,2024-10-11,25,5094,423,3296,1798,2387,1321,282,1104,1,me-sos,2026-09-06T15:27:58+00:00
2024,ME,23001,Androscoggin County,2024-10-12,24,5145,51,3347,1798,2409,1327,285,1124,1,me-sos,2026-09-06T15:27:58+00:00
2024,ME,23001,Androscoggin County,2024-10-13,23,5198,53,3400,1798,2433,1332,291,1142,1,me-sos,2026-09-06T15:27:58+00:00
2024,ME,23001,Androscoggin County,2024-10-14,22,5321,123,3512,1809,2482,1361,304,1174,1,me-sos,2026-09-06T15:27:58+00:00
2024,ME,23001,Androscoggin County,2024-10-15,21,7253,1932,4713,2540,3267,1956,401,1629,1,me-sos,2026-09-06T15:27:58+00:00
2024,ME,23001,Androscoggin County,2024-10-16,20,8599,1346,5523,3076,3831,2382,450,1936,1,me-sos,2026-09-06T15:27:58+00:00
2024,ME,23001,Androscoggin County,2024-10-17,19,9676,1077,6011,3665,4253,2704,501,2218,1,me-sos,2026-09-06T15:27:58+00:00
2024,ME,23001,Androscoggin County,2024-10-18,18,10330,654,6425,3905,4484,2906,546,2394,1,me-sos,2026-09-06T15:27:58+00:00
2024,ME,23001,Androscoggin County,2024-10-19,17,10369,39,6464,3905,4505,2909,549,2406,1,me-sos,2026-09-06T15:27:58+00:00
2024,ME,23001,Androscoggin County,2024-10-20,16,10418,49,6513,3905,4527,2918,551,2422,1,me-sos,2026-09-06T15:27:58+00:00
2024,ME,23001,Androscoggin County,2024-10-21,15,12219,1801,7623,4596,5142,3526,669,2882,1,me-sos,2026-09-06T15:27:58+00:00
2024,ME,23001,Androscoggin County,2024-10-22,14,13462,1243,8268,5194,5564,3931,746,3221,1,me-sos,2026-09-06T15:27:58+00:00
2024,ME,23001,Androscoggin County,2024-10-23,13,14705,1243,8873,5832,5995,4360,828,3522,1,me-sos,2026-09-06T15:27:58+00:00
2024,ME,23001,Androscoggin County,2024-10-24,12,15860,1155,9443,6417,6370,4755,896,3839,1,me-sos,2026-09-06T15:27:58+00:00
2024,ME,23001,Androscoggin County,2024-10-25,11,16634,774,9831,6803,6631,5032,941,4030,1,me-sos,2026-09-06T15:27:58+00:00
2024,ME,23001,Androscoggin County,2024-10-26,10,16736,102,9903,6833,6669,5068,942,4057,1,me-sos,2026-09-06T15:27:58+00:00
2024,ME,23001,Androscoggin County,2024-10-27,9,16818,82,9985,6833,6704,5088,946,4080,1,me-sos,2026-09-06T15:27:58+00:00
2024,ME,23001,Androscoggin County,2024-10-28,8,19005,2187,10980,8025,7407,5831,1107,4660,1,me-sos,2026-09-06T15:27:58+00:00
2024,ME,23001,Androscoggin County,2024-10-29,7,21097,2092,11726,9371,8125,6477,1274,5221,1,me-sos,2026-09-06T15:27:58+00:00
2024,ME,23001,Androscoggin County,2024-10-30,6,22746,1649,12224,10522,8617,7047,1389,5693,1,me-sos,2026-09-06T15:27:58+00:00
2024,ME,23001,Androscoggin County,2024-10-31,5,24940,2194,12890,12050,9252,7810,1519,6359,1,me-sos,2026-09-06T15:27:58+00:00
2024,ME,23001,Androscoggin County,2024-11-01,4,25346,406,13287,12059,9362,7933,1554,6497,1,me-sos,2026-09-06T15:27:58+00:00
2024,ME,23001,Androscoggin County,2024-11-02,3,25423,77,13364,12059,9392,7945,1562,6524,1,me-sos,2026-09-06T15:27:58+00:00
2024,ME,23001,Androscoggin County,2024-11-03,2,25674,251,13615,12059,9485,7997,1585,6607,1,me-sos,2026-09-06T15:27:58+00:00
2024,ME,23001,Androscoggin County,2024-11-04,1,26556,882,14483,12073,9765,8225,1656,6910,1,me-sos,2026-09-06T15:27:58+00:00
2024,ME,23001,Androscoggin County,2024-11-05,0,27169,613,15093,12076,9967,8379,1708,7115,1,me-sos,2026-09-06T15:27:58+00:00
2024,ME,23003,Aroostook County,2024-09-19,47,19,19,19,0,9,4,0,6,1,me-sos,2026-09-06T15:27:58+00:00
2024,ME,23003,Aroostook County,2024-09-20,46,42,23,41,1,20,6,2,14,1,me-sos,2026-09-06T15:27:58+00:00
2024,ME,23003,Aroostook County,2024-09-21,45,50,8,49,1,25,9,2,14,1,me-sos,2026-09-06T15:27:58+00:00
2024,ME,23003,Aroostook County,2024-09-22,44,58,8,57,1,30,10,2,16,1,me-sos,2026-09-06T15:27:58+00:00
2024,ME,23003,Aroostook County,2024-09-23,43,70,12,69,1,39,10,2,19,1,me-sos,2026-09-06T15:27:58+00:00
2024,ME,23003,Aroostook County,2024-09-24,42,78,8,77,1,46,11,2,19,1,me-sos,2026-09-06T15:27:58+00:00
2024,ME,23003,Aroostook County,2024-09-25,41,83,5,82,1,48,11,2,22,1,me-sos,2026-09-06T15:27:58+00:00
2024,ME,23003,Aroostook County,2024-09-26,40,87,4,85,2,49,13,2,23,1,me-sos,2026-09-06T15:27:58+00:00
2024,ME,23003,Aroostook County,2024-09-27,39,94,7,91,3,53,13,2,26,1,me-sos,2026-09-06T15:27:58+00:00
2024,ME,23003,Aroostook County,2024-09-28,38,97,3,94,3,56,13,2,26,1,me-sos,2026-09-06T15:27:58+00:00
2024,ME,23003,Aroostook County,2024-09-29,37,98,1,95,3,56,14,2,26,1,me-sos,2026-09-06T15:27:58+00:00
2024,ME,23003,Aroostook County,2024-09-30,36,132,34,126,6,82,18,2,30,1,me-sos,2026-09-06T15:27:58+00:00
2024,ME,23003,Aroostook County,2024-10-01,35,159,27,147,12,99,23,5,32,1,me-sos,2026-09-06T15:27:58+00:00
2024,ME,23003,Aroostook County,2024-10-02,34,188,29,170,18,116,29,6,37,1,me-sos,2026-09-06T15:27:58+00:00
2024,ME,23003,Aroostook County,2024-10-03,33,234,46,202,32,135,38,9,52,1,me-sos,2026-09-06T15:27:58+00:00
2024,ME,23003,Aroostook County,2024-10-04,32,320,86,257,63,171,67,11,71,1,me-sos,2026-09-06T15:27:58+00:00
2024,ME,23003,Aroostook County,2024-10-05,31,324,4,259,65,171,68,11,74,1,me-sos,2026-09-06T15:27:58+00:00
2024,ME,23003,Aroostook County,2024-10-06,30,327,3,261,66,173,68,11,75,1,me-sos,2026-09-06T15:27:58+00:00
2024,ME,23003,Aroostook County,2024-10-07,29,531,204,371,160,248,142,21,120,1,me-sos,2026-09-06T15:27:58+00:00
2024,ME,23003,Aroostook County,2024-10-08,28,818,287,521,297,358,252,35,173,1,me-sos,2026-09-06T15:27:58+00:00
2024,ME,23003,Aroostook County,2024-10-09,27,1124,306,721,403,488,354,40,242,1,me-sos,2026-09-06T15:27:58+00:00
2024,ME,23003,Aroostook County,2024-10-10,26,1477,353,979,498,622,478,56,321,1,me-sos,2026-09-06T15:27:58+00:00
2024,ME,23003,Aroostook County,2024-10-11,25,1849,372,1233,616,764,618,66,401,1,me-sos,2026-09-06T15:27:58+00:00
2024,ME,23003,Aroostook County,2024-10-12,24,1854,5,1237,617,768,619,66,401,1,me-sos,2026-09-06T15:27:58+00:00
2024,ME,23003,Aroostook County,2024-10-13,23,1862,8,1245,617,771,620,66,405,1,me-sos,2026-09-06T15:27:58+00:00
2024,ME,23003,Aroostook County,2024-10-14,22,1873,11,1256,617,775,622,66,410,1,me-sos,2026-09-06T15:27:58+00:00
2024,ME,23003,Aroostook County,2024-10-15,21,2733,860,1882,851,1139,892,99,603,1,me-sos,2026-09-06T15:27:58+00:00
2024,ME,23003,Aroostook County,2024-10-16,20,3236,503,2190,1046,1341,1050,124,721,1,me-sos,2026-09-06T15:27:58+00:00
2024,ME,23003,Aroostook County,2024-10-17,19,3743,507,2545,1198,1509,1240,151,843,1,me-sos,2026-09-06T15:27:58+00:00
2024,ME,23003,Aroostook County,2024-10-18,18,4281,538,2897,1384,1694,1459,170,958,1,me-sos,2026-09-06T15:27:58+00:00
2024,ME,23003,Aroostook County,2024-10-19,17,4288,7,2903,1385,1700,1459,170,959,1,me-sos,2026-09-06T15:27:58+00:00
2024,ME,23003,Aroostook County,2024-10-20,16,4296,8,2911,1385,1705,1460,170,961,1,me-sos,2026-09-06T15:27:58+00:00
2024,ME,23003,Aroostook County,2024-10-21,15,4853,557,3250,1603,1878,1682,192,1101,1,me-sos,2026-09-06T15:27:58+00:00
2024,ME,23003,Aroostook County,2024-10-22,14,5477,624,3599,1878,2093,1938,209,1237,1,me-sos,2026-09-06T15:27:58+00:00
2024,ME,23003,Aroostook County,2024-10-23,13,6022,545,3878,2144,2259,2141,231,1391,1,me-sos,2026-09-06T15:27:58+00:00
2024,ME,23003,Aroostook County,2024-10-24,12,6586,564,4148,2438,2418,2383,250,1535,1,me-sos,2026-09-06T15:27:58+00:00
2024,ME,23003,Aroostook County,2024-10-25,11,7174,588,4455,2719,2583,2630,267,1694,1,me-sos,2026-09-06T15:27:58+00:00
2024,ME,23003,Aroostook County,2024-10-26,10,7197,23,4470,2727,2595,2636,269,1697,1,me-sos,2026-09-06T15:27:58+00:00
2024,ME,23003,Aroostook County,2024-10-27,9,7203,6,4474,2729,2596,2641,269,1697,1,me-sos,2026-09-06T15:27:58+00:00
2024,ME,23003,Aroostook County,2024-10-28,8,7908,705,4844,3064,2775,2974,296,1863,1,me-sos,2026-09-06T15:27:58+00:00
2024,ME,23003,Aroostook County,2024-10-29,7,8774,866,5231,3543,3011,3361,331,2071,1,me-sos,2026-09-06T15:27:58+00:00
2024,ME,23003,Aroostook County,2024-10-30,6,9455,681,5484,3971,3168,3672,358,2257,1,me-sos,2026-09-06T15:27:58+00:00
2024,ME,23003,Aroostook County,2024-10-31,5,10370,915,5809,4561,3382,4090,397,2501,1,me-sos,2026-09-06T15:27:58+00:00
2024,ME,23003,Aroostook County,2024-11-01,4,10677,307,6053,4624,3471,4195,409,2602,1,me-sos,2026-09-06T15:27:58+00:00
2024,ME,23003,Aroostook County,2024-11-02,3,10699,22,6072,4627,3478,4202,409,2610,1,me-sos,2026-09-06T15:27:58+00:00
2024,ME,23003,Aroostook County,2024-11-03,2,10704,5,6075,4629,3481,4203,409,2611,1,me-sos,2026-09-06T15:27:58+00:00
2024,ME,23003,Aroostook County,2024-11-04,1,11117,413,6415,4702,3594,4339,433,2751,1,me-sos,2026-09-06T15:27:58+00:00
2024,ME,23003,Aroostook County,2024-11-05,0,11344,227,6634,4710,3666,4411,445,2822,1,me-sos,2026-09-06T15:27:58+00:00
2024,ME,23005,Cumberland County,2024-08-26,71,1,1,0,1,0,1,0,0,1,me-sos,2026-09-06T15:27:58+00:00
2024,ME,23005,Cumberland County,2024-08-27,70,1,0,0,1,0,1,0,0,1,me-sos,2026-09-06T15:27:58+00:00
2024,ME,23005,Cumberland County,2024-08-28,69,1,0,0,1,0,1,0,0,1,me-sos,2026-09-06T15:27:58+00:00
2024,ME,23005,Cumberland County,2024-08-29,68,1,0,0,1,0,1,0,0,1,me-sos,2026-09-06T15:27:58+00:00
2024,ME,23005,Cumberland County,2024-08-30,67,1,0,0,1,0,1,0,0,1,me-sos,2026-09-06T15:27:58+00:00
2024,ME,23005,Cumberland County,2024-08-31,66,1,0,0,1,0,1,0,0,1,me-sos,2026-09-06T15:27:58+00:00
2024,ME,23005,Cumberland County,2024-09-01,65,1,0,0,1,0,1,0,0,1,me-sos,2026-09-06T15:27:58+00:00
2024,ME,23005,Cumberland County,2024-09-02,64,1,0,0,1,0,1,0,0,1,me-sos,2026-09-06T15:27:58+00:00
2024,ME,23005,Cumberland County,2024-09-03,63,1,0,0,1,0,1,0,0,1,me-sos,2026-09-06T15:27:58+00:00
2024,ME,23005,Cumberland County,2024-09-04,62,1,0,0,1,0,1,0,0,1,me-sos,2026-09-06T15:27:58+00:00
2024,ME,23005,Cumberland County,2024-09-05,61,3,2,2,1,0,1,0,2,1,me-sos,2026-09-06T15:27:58+00:00
2024,ME,23005,Cumberland County,2024-09-06,60,3,0,2,1,0,1,0,2,1,me-sos,2026-09-06T15:27:58+00:00
2024,ME,23005,Cumberland County,2024-09-07,59,3,0,2,1,0,1,0,2,1,me-sos,2026-09-06T15:27:58+00:00
2024,ME,23005,Cumberland County,2024-09-08,58,3,0,2,1,0,1,0,2,1,me-sos,2026-09-06T15:27:58+00:00
2024,ME,23005,Cumberland County,2024-09-09,57,3,0,2,1,0,1,0,2,1,me-sos,2026-09-06T15:27:58+00:00
2024,ME,23005,Cumberland County,2024-09-10,56,3,0,2,1,0,1,0,2,1,me-sos,2026-09-06T15:27:58+00:00
2024,ME,23005,Cumberland County,2024-09-11,55,3,0,2,1,0,1,0,2,1,me-sos,2026-09-06T15:27:58+00:00
2024,ME,23005,Cumberland County,2024-09-12,54,3,0,2,1,0,1,0,2,1,me-sos,2026-09-06T15:27:58+00:00
2024,ME,23005,Cumberland County,2024-09-13,53,3,0,2,1,0,1,0,2,1,me-sos,2026-09-06T15:27:58+00:00
2024,ME,23005,Cumberland County,2024-09-14,52,3,0,2,1,0,1,0,2,1,me-sos,2026-09-06T15:27:58+00:00
2024,ME,23005,Cumberland County,2024-09-15,51,3,0,2,1,0,1,0,2,1,me-sos,2026-09-06T15:27:58+00:00
2024,ME,23005,Cumberland County,2024-09-16,50,4,1,2,2,0,1,0,3,1,me-sos,2026-09-06T15:27:58+00:00
2024,ME,23005,Cumberland County,2024-09-17,49,4,0,2,2,0,1,0,3,1,me-sos,2026-09-06T15:27:58+00:00
2024,ME,23005,Cumberland County,2024-09-18,48,4,0,2,2,0,1,0,3,1,me-sos,2026-09-06T15:27:58+00:00
2024,ME,23005,Cumberland County,2024-09-19,47,31,27,29,2,14,4,2,11,1,me-sos,2026-09-06T15:27:58+00:00
2024,ME,23005,Cumberland County,2024-09-20,46,193,162,191,2,118,17,9,49,1,me-sos,2026-09-06T15:27:58+00:00
2024,ME,23005,Cumberland County,2024-09-21,45,258,65,256,2,158,24,11,65,1,me-sos,2026-09-06T15:27:58+00:00
2024,ME,23005,Cumberland County,2024-09-22,44,316,58,314,2,194,26,13,83,1,me-sos,2026-09-06T15:27:58+00:00
2024,ME,23005,Cumberland County,2024-09-23,43,375,59,373,2,241,28,15,91,1,me-sos,2026-09-06T15:27:58+00:00
2024,ME,23005,Cumberland County,2024-09-24,42,427,52,425,2,271,33,16,107,1,me-sos,2026-09-06T15:27:58+00:00
2024,ME,23005,Cumberland County,2024-09-25,41,457,30,455,2,289,33,17,118,1,me-sos,2026-09-06T15:27:58+00:00
2024,ME,23005,Cumberland County,2024-09-26,40,512,55,497,15,325,42,19,126,1,me-sos,2026-09-06T15:27:58+00:00
2024,ME,23005,Cumberland County,2024-09-27,39,546,34,531,15,349,45,19,133,1,me-sos,2026-09-06T15:27:58+00:00
2024,ME,23005,Cumberland County,2024-09-28,38,568,22,553,15,366,45,19,138,1,me-sos,2026-09-06T15:27:58+00:00
2024,ME,23005,Cumberland County,2024-09-29,37,595,27,580,15,384,47,20,144,1,me-sos,2026-09-06T15:27:58+00:00
2024,ME,23005,Cumberland County,2024-09-30,36,750,155,647,103,463,85,24,178,1,me-sos,2026-09-06T15:27:58+00:00
2024,ME,23005,Cumberland County,2024-10-01,35,1011,261,807,204,606,138,28,239,1,me-sos,2026-09-06T15:27:58+00:00
2024,ME,23005,Cumberland County,2024-10-02,34,1340,329,985,355,774,199,38,329,1,me-sos,2026-09-06T15:27:58+00:00
2024,ME,23005,Cumberland County,2024-10-03,33,1785,445,1205,580,989,290,55,451,1,me-sos,2026-09-06T15:27:58+00:00
2024,ME,23005,Cumberland County,2024-10-04,32,1934,149,1292,642,1070,309,62,493,1,me-sos,2026-09-06T15:27:58+00:00
2024,ME,23005,Cumberland County,2024-10-05,31,2051,117,1408,643,1138,327,65,521,1,me-sos,2026-09-06T15:27:58+00:00
2024,ME,23005,Cumberland County,2024-10-06,30,2251,200,1608,643,1262,348,69,572,1,me-sos,2026-09-06T15:27:58+00:00
2024,ME,23005,Cumberland County,2024-10-07,29,4549,2298,2759,1790,2564,815,128,1042,1,me-sos,2026-09-06T15:27:58+00:00
2024,ME,23005,Cumberland County,2024-10-08,28,6996,2447,3792,3204,3835,1332,181,1648,1,me-sos,2026-09-06T15:27:58+00:00
2024,ME,23005,Cumberland County,2024-10-09,27,9836,2840,5280,4556,5369,1887,268,2312,1,me-sos,2026-09-06T15:27:58+00:00
2024,ME,23005,Cumberland County,2024-10-10,26,12994,3158,7049,5945,6982,2555,357,3100,1,me-sos,2026-09-06T15:27:58+00:00
2024,ME,23005,Cumberland County,2024-10-11,25,14594,1600,8106,6488,7924,2823,409,3438,1,me-sos,2026-09-06T15:27:58+00:00
2024,ME,23005,Cumberland County,2024-10-12,24,14935,341,8446,6489,8136,2866,418,3515,1,me-sos,2026-09-06T15:27:58+00:00
2024,ME,23005,Cumberland County,2024-10-13,23,15226,291,8736,6490,8312,2900,424,3590,1,me-sos,2026-09-06T15:27:58+00:00
2024,ME,23005,Cumberland County,2024-10-14,22,15972,746,9482,6490,8735,3010,449,3778,1,me-sos,2026-09-06T15:27:58+00:00
2024,ME,23005,Cumberland County,2024-10-15,21,22777,6805,13460,9317,12225,4473,681,5398,1,me-sos,2026-09-06T15:27:58+00:00
2024,ME,23005,Cumberland County,2024-10-16,20,27864,5087,16306,11558,14801,5579,844,6640,1,me-sos,2026-09-06T15:27:58+00:00
2024,ME,23005,Cumberland County,2024-10-17,19,32538,4674,18849,13689,17162,6574,996,7806,1,me-sos,2026-09-06T15:27:58+00:00
2024,ME,23005,Cumberland County,2024-10-18,18,34757,2219,20252,14505,18386,6931,1083,8357,1,me-sos,2026-09-06T15:27:58+00:00
2024,ME,23005,Cumberland County,2024-10-19,17,35438,681,20845,14593,18758,7011,1107,8562,1,me-sos,2026-09-06T15:27:58+00:00
2024,ME,23005,Cumberland County,2024-10-20,16,35871,433,21278,14593,18992,7076,1120,8683,1,me-sos,2026-09-06T15:27:58+00:00
2024,ME,23005,Cumberland County,2024-10-21,15,41958,6087,24730,17228,22030,8471,1313,10144,1,me-sos,2026-09-06T15:27:58+00:00
2024,ME,23005,Cumberland County,2024-10-22,14,46995,5037,27243,19752,24537,9630,1479,11349,1,me-sos,2026-09-06T15:27:58+00:00
2024,ME,23005,Cumberland County,2024-10-23,13,52027,5032,29605,22422,26971,10749,1659,12648,1,me-sos,2026-09-06T15:27:58+00:00
2024,ME,23005,Cumberland County,2024-10-24,12,57181,5154,32000,25181,29412,11916,1860,13993,1,me-sos,2026-09-06T15:27:58+00:00
2024,ME,23005,Cumberland County,2024-10-25,11,60047,2866,33654,26393,30958,12442,1985,14662,1,me-sos,2026-09-06T15:27:58+00:00
2024,ME,23005,Cumberland County,2024-10-26,10,61769,1722,34929,26840,31881,12724,2061,15103,1,me-sos,2026-09-06T15:27:58+00:00
2024,ME,23005,Cumberland County,2024-10-27,9,62333,564,35491,26842,32198,12790,2094,15251,1,me-sos,2026-09-06T15:27:58+00:00
2024,ME,23005,Cumberland County,2024-10-28,8,70225,7892,39050,31175,35957,14537,2414,17317,1,me-sos,2026-09-06T15:27:58+00:00
2024,ME,23005,Cumberland County,2024-10-29,7,77815,7590,42143,35672,39552,16328,2706,19229,1,me-sos,2026-09-06T15:27:58+00:00
2024,ME,23005,Cumberland County,2024-10-30,6,85287,7472,44851,40436,42970,17978,3075,21264,1,me-sos,2026-09-06T15:27:58+00:00
2024,ME,23005,Cumberland County,2024-10-31,5,93695,8408,47796,45899,46947,19790,3465,23493,1,me-sos,2026-09-06T15:27:58+00:00
2024,ME,23005,Cumberland County,2024-11-01,4,95749,2054,49802,45947,48002,20108,3567,24072,1,me-sos,2026-09-06T15:27:58+00:00
2024,ME,23005,Cumberland County,2024-11-02,3,96944,1195,50997,45947,48589,20272,3642,24441,1,me-sos,2026-09-06T15:27:58+00:00
2024,ME,23005,Cumberland County,2024-11-03,2,98062,1118,52115,45947,49233,20397,3682,24750,1,me-sos,2026-09-06T15:27:58+00:00
2024,ME,23005,Cumberland County,2024-11-04,1,102642,4580,56563,46079,51338,21201,3953,26150,1,me-sos,2026-09-06T15:27:58+00:00
2024,ME,23005,Cumberland County,2024-11-05,0,105985,3343,59902,46083,52913,21715,4139,27218,1,me-sos,2026-09-06T15:27:58+00:00
2024,ME,23007,Franklin County,2024-09-09,57,2,2,2,0,0,2,0,0,1,me-sos,2026-09-06T15:27:58+00:00
2024,ME,23007,Franklin County,2024-09-10,56,2,0,2,0,0,2,0,0,1,me-sos,2026-09-06T15:27:58+00:00
2024,ME,23007,Franklin County,2024-09-11,55,2,0,2,0,0,2,0,0,1,me-sos,2026-09-06T15:27:58+00:00
2024,ME,23007,Franklin County,2024-09-12,54,2,0,2,0,0,2,0,0,1,me-sos,2026-09-06T15:27:58+00:00
2024,ME,23007,Franklin County,2024-09-13,53,2,0,2,0,0,2,0,0,1,me-sos,2026-09-06T15:27:58+00:00
2024,ME,23007,Franklin County,2024-09-14,52,2,0,2,0,0,2,0,0,1,me-sos,2026-09-06T15:27:58+00:00
2024,ME,23007,Franklin County,2024-09-15,51,2,0,2,0,0,2,0,0,1,me-sos,2026-09-06T15:27:58+00:00
2024,ME,23007,Franklin County,2024-09-16,50,2,0,2,0,0,2,0,0,1,me-sos,2026-09-06T15:27:58+00:00
2024,ME,23007,Franklin County,2024-09-17,49,2,0,2,0,0,2,0,0,1,me-sos,2026-09-06T15:27:58+00:00
2024,ME,23007,Franklin County,2024-09-18,48,2,0,2,0,0,2,0,0,1,me-sos,2026-09-06T15:27:58+00:00
2024,ME,23007,Franklin County,2024-09-19,47,4,2,4,0,2,2,0,0,1,me-sos,2026-09-06T15:27:58+00:00
2024,ME,23007,Franklin County,2024-09-20,46,14,10,14,0,7,4,0,3,1,me-sos,2026-09-06T15:27:58+00:00
2024,ME,23007,Franklin County,2024-09-21,45,18,4,18,0,8,5,1,4,1,me-sos,2026-09-06T15:27:58+00:00
2024,ME,23007,Franklin County,2024-09-22,44,20,2,20,0,10,5,1,4,1,me-sos,2026-09-06T15:27:58+00:00
2024,ME,23007,Franklin County,2024-09-23,43,26,6,26,0,16,5,1,4,1,me-sos,2026-09-06T15:27:58+00:00
2024,ME,23007,Franklin County,2024-09-24,42,28,2,28,0,18,5,1,4,1,me-sos,2026-09-06T15:27:58+00:00
2024,ME,23007,Franklin County,2024-09-25,41,31,3,31,0,19,6,2,4,1,me-sos,2026-09-06T15:27:58+00:00
2024,ME,23007,Franklin County,2024-09-26,40,35,4,34,1,21,7,3,4,1,me-sos,2026-09-06T15:27:58+00:00
2024,ME,23007,Franklin County,2024-09-27,39,50,15,41,9,29,9,3,9,1,me-sos,2026-09-06T15:27:58+00:00
2024,ME,23007,Franklin County,2024-09-28,38,52,2,43,9,31,9,3,9,1,me-sos,2026-09-06T15:27:58+00:00
2024,ME,23007,Franklin County,2024-09-29,37,52,0,43,9,31,9,3,9,1,me-sos,2026-09-06T15:27:58+00:00
2024,ME,23007,Franklin County,2024-09-30,36,92,40,80,12,54,19,5,14,1,me-sos,2026-09-06T15:27:58+00:00
2024,ME,23007,Franklin County,2024-10-01,35,141,49,120,21,77,35,6,23,1,me-sos,2026-09-06T15:27:58+00:00
2024,ME,23007,Franklin County,2024-10-02,34,226,85,192,34,123,59,10,34,1,me-sos,2026-09-06T15:27:58+00:00
2024,ME,23007,Franklin County,2024-10-03,33,273,47,225,48,154,65,15,39,1,me-sos,2026-09-06T15:27:58+00:00
2024,ME,23007,Franklin County,2024-10-04,32,358,85,272,86,189,92,19,58,1,me-sos,2026-09-06T15:27:58+00:00
2024,ME,23007,Franklin County,2024-10-05,31,362,4,276,86,192,92,19,59,1,me-sos,2026-09-06T15:27:58+00:00
2024,ME,23007,Franklin County,2024-10-06,30,365,3,279,86,194,92,19,60,1,me-sos,2026-09-06T15:27:58+00:00
2024,ME,23007,Franklin County,2024-10-07,29,513,148,372,141,254,138,23,98,1,me-sos,2026-09-06T15:27:58+00:00
2024,ME,23007,Franklin County,2024-10-08,28,692,179,490,202,341,193,28,130,1,me-sos,2026-09-06T15:27:58+00:00
2024,ME,23007,Franklin County,2024-10-09,27,833,141,565,268,395,241,31,166,1,me-sos,2026-09-06T15:27:58+00:00
2024,ME,23007,Franklin County,2024-10-10,26,1018,185,681,337,473,310,40,195,1,me-sos,2026-09-06T15:27:58+00:00
2024,ME,23007,Franklin County,2024-10-11,25,1210,192,798,412,538,376,46,250,1,me-sos,2026-09-06T15:27:58+00:00
2024,ME,23007,Franklin County,2024-10-12,24,1212,2,800,412,540,376,46,250,1,me-sos,2026-09-06T15:27:58+00:00
2024,ME,23007,Franklin County,2024-10-13,23,1212,0,800,412,540,376,46,250,1,me-sos,2026-09-06T15:27:58+00:00
2024,ME,23007,Franklin County,2024-10-14,22,1215,3,803,412,541,376,47,251,1,me-sos,2026-09-06T15:27:58+00:00
2024,ME,23007,Franklin County,2024-10-15,21,1551,336,1026,525,676,494,58,323,1,me-sos,2026-09-06T15:27:58+00:00
2024,ME,23007,Franklin County,2024-10-16,20,1721,170,1115,606,732,555,63,371,1,me-sos,2026-09-06T15:27:58+00:00
2024,ME,23007,Franklin County,2024-10-17,19,2039,318,1307,732,849,663,77,450,1,me-sos,2026-09-06T15:27:58+00:00
2024,ME,23007,Franklin County,2024-10-18,18,2276,237,1427,849,925,760,80,511,1,me-sos,2026-09-06T15:27:58+00:00
2024,ME,23007,Franklin County,2024-10-19,17,2283,7,1434,849,926,764,80,513,1,me-sos,2026-09-06T15:27:58+00:00
2024,ME,23007,Franklin County,2024-10-20,16,2285,2,1436,849,926,765,80,514,1,me-sos,2026-09-06T15:27:58+00:00
2024,ME,23007,Franklin County,2024-10-21,15,2566,281,1596,970,1021,859,94,592,1,me-sos,2026-09-06T15:27:58+00:00
2024,ME,23007,Franklin County,2024-10-22,14,2872,306,1759,1113,1128,966,105,673,1,me-sos,2026-09-06T15:27:58+00:00
2024,ME,23007,Franklin County,2024-10-23,13,3117,245,1886,1231,1220,1042,115,740,1,me-sos,2026-09-06T15:27:58+00:00
2024,ME,23007,Franklin County,2024-10-24,12,3439,322,2061,1378,1331,1165,129,814,1,me-sos,2026-09-06T15:27:58+00:00
2024,ME,23007,Franklin County,2024-10-25,11,3834,395,2214,1620,1454,1320,141,919,1,me-sos,2026-09-06T15:27:58+00:00
2024,ME,23007,Franklin County,2024-10-26,10,3835,1,2215,1620,1455,1320,141,919,1,me-sos,2026-09-06T15:27:58+00:00
2024,ME,23007,Franklin County,2024-10-27,9,3838,3,2218,1620,1456,1321,141,920,1,me-sos,2026-09-06T15:27:58+00:00
2024,ME,23007,Franklin County,2024-10-28,8,4281,443,2412,1869,1598,1489,159,1035,1,me-sos,2026-09-06T15:27:58+00:00
2024,ME,23007,Franklin County,2024-10-29,7,4703,422,2597,2106,1738,1643,178,1144,1,me-sos,2026-09-06T15:27:58+00:00
2024,ME,23007,Franklin County,2024-10-30,6,5005,302,2706,2299,1836,1758,187,1224,1,me-sos,2026-09-06T15:27:58+00:00
2024,ME,23007,Franklin County,2024-10-31,5,5539,534,2905,2634,1984,1958,217,1380,1,me-sos,2026-09-06T15:27:58+00:00
2024,ME,23007,Franklin County,2024-11-01,4,5732,193,3041,2691,2032,2038,229,1433,1,me-sos,2026-09-06T15:27:58+00:00
2024,ME,23007,Franklin County,2024-11-02,3,5747,15,3056,2691,2043,2039,230,1435,1,me-sos,2026-09-06T15:27:58+00:00
2024,ME,23007,Franklin County,2024-11-03,2,5753,6,3062,2691,2045,2041,230,1437,1,me-sos,2026-09-06T15:27:58+00:00
2024,ME,23007,Franklin County,2024-11-04,1,5979,226,3262,2717,2109,2118,246,1506,1,me-sos,2026-09-06T15:27:58+00:00
2024,ME,23007,Franklin County,2024-11-05,0,6110,131,3392,2718,2138,2158,255,1559,1,me-sos,2026-09-06T15:27:58+00:00
2024,ME,23009,Hancock County,2024-08-14,83,1,1,0,1,1,0,0,0,1,me-sos,2026-09-06T15:27:58+00:00
2024,ME,23009,Hancock County,2024-08-15,82,1,0,0,1,1,0,0,0,1,me-sos,2026-09-06T15:27:58+00:00
2024,ME,23009,Hancock County,2024-08-16,81,1,0,0,1,1,0,0,0,1,me-sos,2026-09-06T15:27:58+00:00
2024,ME,23009,Hancock County,2024-08-17,80,1,0,0,1,1,0,0,0,1,me-sos,2026-09-06T15:27:58+00:00
2024,ME,23009,Hancock County,2024-08-18,79,1,0,0,1,1,0,0,0,1,me-sos,2026-09-06T15:27:58+00:00
2024,ME,23009,Hancock County,2024-08-19,78,1,0,0,1,1,0,0,0,1,me-sos,2026-09-06T15:27:58+00:00
2024,ME,23009,Hancock County,2024-08-20,77,1,0,0,1,1,0,0,0,1,me-sos,2026-09-06T15:27:58+00:00
2024,ME,23009,Hancock County,2024-08-21,76,1,0,0,1,1,0,0,0,1,me-sos,2026-09-06T15:27:58+00:00
2024,ME,23009,Hancock County,2024-08-22,75,1,0,0,1,1,0,0,0,1,me-sos,2026-09-06T15:27:58+00:00
2024,ME,23009,Hancock County,2024-08-23,74,1,0,0,1,1,0,0,0,1,me-sos,2026-09-06T15:27:58+00:00
2024,ME,23009,Hancock County,2024-08-24,73,1,0,0,1,1,0,0,0,1,me-sos,2026-09-06T15:27:58+00:00
2024,ME,23009,Hancock County,2024-08-25,72,1,0,0,1,1,0,0,0,1,me-sos,2026-09-06T15:27:58+00:00
2024,ME,23009,Hancock County,2024-08-26,71,1,0,0,1,1,0,0,0,1,me-sos,2026-09-06T15:27:58+00:00
2024,ME,23009,Hancock County,2024-08-27,70,1,0,0,1,1,0,0,0,1,me-sos,2026-09-06T15:27:58+00:00
2024,ME,23009,Hancock County,2024-08-28,69,1,0,0,1,1,0,0,0,1,me-sos,2026-09-06T15:27:58+00:00
2024,ME,23009,Hancock County,2024-08-29,68,1,0,0,1,1,0,0,0,1,me-sos,2026-09-06T15:27:58+00:00
2024,ME,23009,Hancock County,2024-08-30,67,1,0,0,1,1,0,0,0,1,me-sos,2026-09-06T15:27:58+00:00
2024,ME,23009,Hancock County,2024-08-31,66,1,0,0,1,1,0,0,0,1,me-sos,2026-09-06T15:27:58+00:00
2024,ME,23009,Hancock County,2024-09-01,65,1,0,0,1,1,0,0,0,1,me-sos,2026-09-06T15:27:58+00:00
2024,ME,23009,Hancock County,2024-09-02,64,1,0,0,1,1,0,0,0,1,me-sos,2026-09-06T15:27:58+00:00
2024,ME,23009,Hancock County,2024-09-03,63,1,0,0,1,1,0,0,0,1,me-sos,2026-09-06T15:27:58+00:00
2024,ME,23009,Hancock County,2024-09-04,62,1,0,0,1,1,0,0,0,1,me-sos,2026-09-06T15:27:58+00:00
2024,ME,23009,Hancock County,2024-09-05,61,1,0,0,1,1,0,0,0,1,me-sos,2026-09-06T15:27:58+00:00
2024,ME,23009,Hancock County,2024-09-06,60,1,0,0,1,1,0,0,0,1,me-sos,2026-09-06T15:27:58+00:00
2024,ME,23009,Hancock County,2024-09-07,59,1,0,0,1,1,0,0,0,1,me-sos,2026-09-06T15:27:58+00:00
2024,ME,23009,Hancock County,2024-09-08,58,1,0,0,1,1,0,0,0,1,me-sos,2026-09-06T15:27:58+00:00
2024,ME,23009,Hancock County,2024-09-09,57,1,0,0,1,1,0,0,0,1,me-sos,2026-09-06T15:27:58+00:00
2024,ME,23009,Hancock County,2024-09-10,56,1,0,0,1,1,0,0,0,1,me-sos,2026-09-06T15:27:58+00:00
2024,ME,23009,Hancock County,2024-09-11,55,1,0,0,1,1,0,0,0,1,me-sos,2026-09-06T15:27:58+00:00
2024,ME,23009,Hancock County,2024-09-12,54,2,1,0,2,2,0,0,0,1,me-sos,2026-09-06T15:27:58+00:00
2024,ME,23009,Hancock County,2024-09-13,53,2,0,0,2,2,0,0,0,1,me-sos,2026-09-06T15:27:58+00:00
2024,ME,23009,Hancock County,2024-09-14,52,2,0,0,2,2,0,0,0,1,me-sos,2026-09-06T15:27:58+00:00
2024,ME,23009,Hancock County,2024-09-15,51,2,0,0,2,2,0,0,0,1,me-sos,2026-09-06T15:27:58+00:00
2024,ME,23009,Hancock County,2024-09-16,50,2,0,0,2,2,0,0,0,1,me-sos,2026-09-06T15:27:58+00:00
2024,ME,23009,Hancock County,2024-09-17,49,2,0,0,2,2,0,0,0,1,me-sos,2026-09-06T15:27:58+00:00
2024,ME,23009,Hancock County,2024-09-18,48,2,0,0,2,2,0,0,0,1,me-sos,2026-09-06T15:27:58+00:00
2024,ME,23009,Hancock County,2024-09-19,47,5,3,3,2,4,0,1,0,1,me-sos,2026-09-06T15:27:58+00:00
2024,ME,23009,Hancock County,2024-09-20,46,34,29,32,2,26,2,1,5,1,me-sos,2026-09-06T15:27:58+00:00
2024,ME,23009,Hancock County,2024-09-21,45,43,9,41,2,32,2,1,8,1,me-sos,2026-09-06T15:27:58+00:00
2024,ME,23009,Hancock County,2024-09-22,44,56,13,54,2,41,3,1,11,1,me-sos,2026-09-06T15:27:58+00:00
2024,ME,23009,Hancock County,2024-09-23,43,80,24,78,2,57,5,2,16,1,me-sos,2026-09-06T15:27:58+00:00
2024,ME,23009,Hancock County,2024-09-24,42,95,15,92,3,69,6,2,18,1,me-sos,2026-09-06T15:27:58+00:00
2024,ME,23009,Hancock County,2024-09-25,41,101,6,98,3,75,6,2,18,1,me-sos,2026-09-06T15:27:58+00:00
2024,ME,23009,Hancock County,2024-09-26,40,118,17,112,6,89,6,3,20,1,me-sos,2026-09-06T15:27:58+00:00
2024,ME,23009,Hancock County,2024-09-27,39,134,16,121,13,102,7,3,22,1,me-sos,2026-09-06T15:27:58+00:00
2024,ME,23009,Hancock County,2024-09-28,38,139,5,126,13,106,8,3,22,1,me-sos,2026-09-06T15:27:58+00:00
2024,ME,23009,Hancock County,2024-09-29,37,148,9,135,13,112,8,3,25,1,me-sos,2026-09-06T15:27:58+00:00
2024,ME,23009,Hancock County,2024-09-30,36,207,59,178,29,149,19,3,36,1,me-sos,2026-09-06T15:27:58+00:00
2024,ME,23009,Hancock County,2024-10-01,35,265,58,205,60,175,34,5,51,1,me-sos,2026-09-06T15:27:58+00:00
2024,ME,23009,Hancock County,2024-10-02,34,379,114,293,86,224,70,9,76,1,me-sos,2026-09-06T15:27:58+00:00
2024,ME,23009,Hancock County,2024-10-03,33,512,133,389,123,284,109,14,105,1,me-sos,2026-09-06T15:27:58+00:00
2024,ME,23009,Hancock County,2024-10-04,32,651,139,480,171,358,133,22,138,1,me-sos,2026-09-06T15:27:58+00:00
2024,ME,23009,Hancock County,2024-10-05,31,660,9,489,171,364,133,23,140,1,me-sos,2026-09-06T15:27:58+00:00
2024,ME,23009,Hancock County,2024-10-06,30,671,11,500,171,372,133,24,142,1,me-sos,2026-09-06T15:27:58+00:00
2024,ME,23009,Hancock County,2024-10-07,29,1092,421,777,315,578,234,33,247,1,me-sos,2026-09-06T15:27:58+00:00
2024,ME,23009,Hancock County,2024-10-08,28,1548,456,1038,510,818,337,55,338,1,me-sos,2026-09-06T15:27:58+00:00
2024,ME,23009,Hancock County,2024-10-09,27,1954,406,1295,659,1023,424,69,438,1,me-sos,2026-09-06T15:27:58+00:00
2024,ME,23009,Hancock County,2024-10-10,26,2527,573,1696,831,1329,543,82,573,1,me-sos,2026-09-06T15:27:58+00:00
2024,ME,23009,Hancock County,2024-10-11,25,2858,331,1922,936,1505,630,90,633,1,me-sos,2026-09-06T15:27:58+00:00
2024,ME,23009,Hancock County,2024-10-12,24,2885,27,1945,940,1518,634,91,642,1,me-sos,2026-09-06T15:27:58+00:00
2024,ME,23009,Hancock County,2024-10-13,23,2906,21,1966,940,1526,643,91,646,1,me-sos,2026-09-06T15:27:58+00:00
2024,ME,23009,Hancock County,2024-10-14,22,2956,50,2013,943,1547,658,92,659,1,me-sos,2026-09-06T15:27:58+00:00
2024,ME,23009,Hancock County,2024-10-15,21,3806,850,2540,1266,1975,867,116,848,1,me-sos,2026-09-06T15:27:58+00:00
2024,ME,23009,Hancock County,2024-10-16,20,4479,673,2897,1582,2275,1071,146,987,1,me-sos,2026-09-06T15:27:58+00:00
2024,ME,23009,Hancock County,2024-10-17,19,5200,721,3328,1872,2615,1260,167,1158,1,me-sos,2026-09-06T15:27:58+00:00
2024,ME,23009,Hancock County,2024-10-18,18,5620,420,3585,2035,2811,1384,177,1248,1,me-sos,2026-09-06T15:27:58+00:00
2024,ME,23009,Hancock County,2024-10-19,17,5665,45,3629,2036,2832,1394,180,1259,1,me-sos,2026-09-06T15:27:58+00:00
2024,ME,23009,Hancock County,2024-10-20,16,5692,27,3654,2038,2843,1399,181,1269,1,me-sos,2026-09-06T15:27:58+00:00
2024,ME,23009,Hancock County,2024-10-21,15,6526,834,4153,2373,3199,1657,208,1462,1,me-sos,2026-09-06T15:27:58+00:00
2024,ME,23009,Hancock County,2024-10-22,14,7437,911,4646,2791,3620,1894,239,1684,1,me-sos,2026-09-06T15:27:58+00:00
2024,ME,23009,Hancock County,2024-10-23,13,8213,776,5052,3161,3940,2147,266,1860,1,me-sos,2026-09-06T15:27:58+00:00
2024,ME,23009,Hancock County,2024-10-24,12,9061,848,5458,3603,4278,2391,304,2088,1,me-sos,2026-09-06T15:27:58+00:00
2024,ME,23009,Hancock County,2024-10-25,11,9705,644,5761,3944,4597,2550,330,2228,1,me-sos,2026-09-06T15:27:58+00:00
2024,ME,23009,Hancock County,2024-10-26,10,9730,25,5784,3946,4608,2558,332,2232,1,me-sos,2026-09-06T15:27:58+00:00
2024,ME,23009,Hancock County,2024-10-27,9,9747,17,5801,3946,4618,2560,332,2237,1,me-sos,2026-09-06T15:27:58+00:00
2024,ME,23009,Hancock County,2024-10-28,8,10892,1145,6372,4520,5094,2909,376,2513,1,me-sos,2026-09-06T15:27:58+00:00
2024,ME,23009,Hancock County,2024-10-29,7,12008,1116,6896,5112,5559,3229,430,2790,1,me-sos,2026-09-06T15:27:58+00:00
2024,ME,23009,Hancock County,2024-10-30,6,13093,1085,7255,5838,5963,3588,476,3066,1,me-sos,2026-09-06T15:27:58+00:00
2024,ME,23009,Hancock County,2024-10-31,5,14449,1356,7705,6744,6494,3977,542,3436,1,me-sos,2026-09-06T15:27:58+00:00
2024,ME,23009,Hancock County,2024-11-01,4,14755,306,7978,6777,6619,4052,559,3525,1,me-sos,2026-09-06T15:27:58+00:00
2024,ME,23009,Hancock County,2024-11-02,3,14801,46,8020,6781,6634,4067,562,3538,1,me-sos,2026-09-06T15:27:58+00:00
2024,ME,23009,Hancock County,2024-11-03,2,14822,21,8041,6781,6646,4072,563,3541,1,me-sos,2026-09-06T15:27:58+00:00
2024,ME,23009,Hancock County,2024-11-04,1,15460,638,8654,6806,6909,4214,599,3738,1,me-sos,2026-09-06T15:27:58+00:00
2024,ME,23009,Hancock County,2024-11-05,0,15806,346,8999,6807,7040,4287,622,3857,1,me-sos,2026-09-06T15:27:58+00:00
2024,ME,23011,Kennebec County,2024-08-28,69,1,1,0,1,0,0,0,1,1,me-sos,2026-09-06T15:27:58+00:00
2024,ME,23011,Kennebec County,2024-08-29,68,1,0,0,1,0,0,0,1,1,me-sos,2026-09-06T15:27:58+00:00
2024,ME,23011,Kennebec County,2024-08-30,67,1,0,0,1,0,0,0,1,1,me-sos,2026-09-06T15:27:58+00:00
2024,ME,23011,Kennebec County,2024-08-31,66,1,0,0,1,0,0,0,1,1,me-sos,2026-09-06T15:27:58+00:00
2024,ME,23011,Kennebec County,2024-09-01,65,1,0,0,1,0,0,0,1,1,me-sos,2026-09-06T15:27:58+00:00
2024,ME,23011,Kennebec County,2024-09-02,64,1,0,0,1,0,0,0,1,1,me-sos,2026-09-06T15:27:58+00:00
2024,ME,23011,Kennebec County,2024-09-03,63,1,0,0,1,0,0,0,1,1,me-sos,2026-09-06T15:27:58+00:00
2024,ME,23011,Kennebec County,2024-09-04,62,1,0,0,1,0,0,0,1,1,me-sos,2026-09-06T15:27:58+00:00
2024,ME,23011,Kennebec County,2024-09-05,61,1,0,0,1,0,0,0,1,1,me-sos,2026-09-06T15:27:58+00:00
2024,ME,23011,Kennebec County,2024-09-06,60,1,0,0,1,0,0,0,1,1,me-sos,2026-09-06T15:27:58+00:00
2024,ME,23011,Kennebec County,2024-09-07,59,1,0,0,1,0,0,0,1,1,me-sos,2026-09-06T15:27:58+00:00
2024,ME,23011,Kennebec County,2024-09-08,58,1,0,0,1,0,0,0,1,1,me-sos,2026-09-06T15:27:58+00:00
2024,ME,23011,Kennebec County,2024-09-09,57,1,0,0,1,0,0,0,1,1,me-sos,2026-09-06T15:27:58+00:00
2024,ME,23011,Kennebec County,2024-09-10,56,2,1,0,2,0,1,0,1,1,me-sos,2026-09-06T15:27:58+00:00
2024,ME,23011,Kennebec County,2024-09-11,55,2,0,0,2,0,1,0,1,1,me-sos,2026-09-06T15:27:58+00:00
2024,ME,23011,Kennebec County,2024-09-12,54,3,1,0,3,1,1,0,1,1,me-sos,2026-09-06T15:27:58+00:00
2024,ME,23011,Kennebec County,2024-09-13,53,3,0,0,3,1,1,0,1,1,me-sos,2026-09-06T15:27:58+00:00
2024,ME,23011,Kennebec County,2024-09-14,52,3,0,0,3,1,1,0,1,1,me-sos,2026-09-06T15:27:58+00:00
2024,ME,23011,Kennebec County,2024-09-15,51,3,0,0,3,1,1,0,1,1,me-sos,2026-09-06T15:27:58+00:00
2024,ME,23011,Kennebec County,2024-09-16,50,3,0,0,3,1,1,0,1,1,me-sos,2026-09-06T15:27:58+00:00
2024,ME,23011,Kennebec County,2024-09-17,49,3,0,0,3,1,1,0,1,1,me-sos,2026-09-06T15:27:58+00:00
2024,ME,23011,Kennebec County,2024-09-18,48,3,0,0,3,1,1,0,1,1,me-sos,2026-09-06T15:27:58+00:00
2024,ME,23011,Kennebec County,2024-09-19,47,11,8,8,3,6,3,0,2,1,me-sos,2026-09-06T15:27:58+00:00
2024,ME,23011,Kennebec County,2024-09-20,46,50,39,47,3,34,8,3,5,1,me-sos,2026-09-06T15:27:58+00:00
2024,ME,23011,Kennebec County,2024-09-21,45,64,14,61,3,43,12,3,6,1,me-sos,2026-09-06T15:27:58+00:00
2024,ME,23011,Kennebec County,2024-09-22,44,76,12,73,3,54,13,3,6,1,me-sos,2026-09-06T15:27:58+00:00
2024,ME,23011,Kennebec County,2024-09-23,43,92,16,89,3,63,14,4,11,1,me-sos,2026-09-06T15:27:58+00:00
2024,ME,23011,Kennebec County,2024-09-24,42,105,13,102,3,74,15,4,12,1,me-sos,2026-09-06T15:27:58+00:00
2024,ME,23011,Kennebec County,2024-09-25,41,116,11,111,5,82,16,4,14,1,me-sos,2026-09-06T15:27:58+00:00
2024,ME,23011,Kennebec County,2024-09-26,40,129,13,117,12,89,18,5,17,1,me-sos,2026-09-06T15:27:58+00:00
2024,ME,23011,Kennebec County,2024-09-27,39,133,4,119,14,92,18,6,17,1,me-sos,2026-09-06T15:27:58+00:00
2024,ME,23011,Kennebec County,2024-09-28,38,140,7,126,14,95,19,6,20,1,me-sos,2026-09-06T15:27:58+00:00
2024,ME,23011,Kennebec County,2024-09-29,37,147,7,133,14,100,19,6,22,1,me-sos,2026-09-06T15:27:58+00:00
2024,ME,23011,Kennebec County,2024-09-30,36,190,43,160,30,128,28,7,27,1,me-sos,2026-09-06T15:27:58+00:00
2024,ME,23011,Kennebec County,2024-10-01,35,282,92,202,80,170,52,8,52,1,me-sos,2026-09-06T15:27:58+00:00
2024,ME,23011,Kennebec County,2024-10-02,34,375,93,243,132,207,87,11,70,1,me-sos,2026-09-06T15:27:58+00:00
2024,ME,23011,Kennebec County,2024-10-03,33,522,147,316,206,269,127,18,108,1,me-sos,2026-09-06T15:27:58+00:00
2024,ME,23011,Kennebec County,2024-10-04,32,710,188,421,289,359,177,23,151,1,me-sos,2026-09-06T15:27:58+00:00
2024,ME,23011,Kennebec County,2024-10-05,31,715,5,426,289,361,177,24,153,1,me-sos,2026-09-06T15:27:58+00:00
2024,ME,23011,Kennebec County,2024-10-06,30,722,7,433,289,364,179,24,155,1,me-sos,2026-09-06T15:27:58+00:00
2024,ME,23011,Kennebec County,2024-10-07,29,1675,953,944,731,809,435,58,373,1,me-sos,2026-09-06T15:27:58+00:00
2024,ME,23011,Kennebec County,2024-10-08,28,2707,1032,1394,1313,1290,724,90,603,1,me-sos,2026-09-06T15:27:58+00:00
2024,ME,23011,Kennebec County,2024-10-09,27,3689,982,1907,1782,1760,963,126,840,1,me-sos,2026-09-06T15:27:58+00:00
2024,ME,23011,Kennebec County,2024-10-10,26,5019,1330,2760,2259,2349,1336,182,1152,1,me-sos,2026-09-06T15:27:58+00:00
2024,ME,23011,Kennebec County,2024-10-11,25,5858,839,3243,2615,2727,1592,199,1340,1,me-sos,2026-09-06T15:27:58+00:00
2024,ME,23011,Kennebec County,2024-10-12,24,5893,35,3278,2615,2738,1603,199,1353,1,me-sos,2026-09-06T15:27:58+00:00
2024,ME,23011,Kennebec County,2024-10-13,23,5937,44,3322,2615,2762,1613,201,1361,1,me-sos,2026-09-06T15:27:58+00:00
2024,ME,23011,Kennebec County,2024-10-14,22,5994,57,3379,2615,2786,1619,203,1386,1,me-sos,2026-09-06T15:27:58+00:00
2024,ME,23011,Kennebec County,2024-10-15,21,8370,2376,4861,3509,3821,2286,294,1969,1,me-sos,2026-09-06T15:27:58+00:00
2024,ME,23011,Kennebec County,2024-10-16,20,9839,1469,5688,4151,4467,2714,349,2309,1,me-sos,2026-09-06T15:27:58+00:00
2024,ME,23011,Kennebec County,2024-10-17,19,11486,1647,6631,4855,5161,3228,407,2690,1,me-sos,2026-09-06T15:27:58+00:00
2024,ME,23011,Kennebec County,2024-10-18,18,12661,1175,7362,5299,5613,3599,447,3002,1,me-sos,2026-09-06T15:27:58+00:00
2024,ME,23011,Kennebec County,2024-10-19,17,12721,60,7386,5335,5638,3619,450,3014,1,me-sos,2026-09-06T15:27:58+00:00
2024,ME,23011,Kennebec County,2024-10-20,16,12748,27,7413,5335,5650,3623,450,3025,1,me-sos,2026-09-06T15:27:58+00:00
2024,ME,23011,Kennebec County,2024-10-21,15,14658,1910,8530,6128,6380,4227,533,3518,1,me-sos,2026-09-06T15:27:58+00:00
2024,ME,23011,Kennebec County,2024-10-22,14,16505,1847,9580,6925,7073,4826,624,3982,1,me-sos,2026-09-06T15:27:58+00:00
2024,ME,23011,Kennebec County,2024-10-23,13,18032,1527,10344,7688,7633,5344,682,4373,1,me-sos,2026-09-06T15:27:58+00:00
2024,ME,23011,Kennebec County,2024-10-24,12,19808,1776,11095,8713,8233,5958,767,4850,1,me-sos,2026-09-06T15:27:58+00:00
2024,ME,23011,Kennebec County,2024-10-25,11,21101,1293,11707,9394,8692,6402,829,5178,1,me-sos,2026-09-06T15:27:58+00:00
2024,ME,23011,Kennebec County,2024-10-26,10,21232,131,11777,9455,8739,6444,831,5218,1,me-sos,2026-09-06T15:27:58+00:00
2024,ME,23011,Kennebec County,2024-10-27,9,21248,16,11793,9455,8749,6447,832,5220,1,me-sos,2026-09-06T15:27:58+00:00
2024,ME,23011,Kennebec County,2024-10-28,8,23655,2407,12956,10699,9523,7305,947,5880,1,me-sos,2026-09-06T15:27:58+00:00
2024,ME,23011,Kennebec County,2024-10-29,7,26086,2431,13849,12237,10356,8138,1047,6545,1,me-sos,2026-09-06T15:27:58+00:00
2024,ME,23011,Kennebec County,2024-10-30,6,28456,2370,14675,13781,11115,8999,1179,7163,1,me-sos,2026-09-06T15:27:58+00:00
2024,ME,23011,Kennebec County,2024-10-31,5,31279,2823,15610,15669,11946,10013,1341,7979,1,me-sos,2026-09-06T15:27:58+00:00
2024,ME,23011,Kennebec County,2024-11-01,4,31979,700,16243,15736,12184,10231,1372,8192,1,me-sos,2026-09-06T15:27:58+00:00
2024,ME,23011,Kennebec County,2024-11-02,3,32019,40,16283,15736,12192,10244,1374,8209,1,me-sos,2026-09-06T15:27:58+00:00
2024,ME,23011,Kennebec County,2024-11-03,2,32112,93,16376,15736,12222,10262,1382,8246,1,me-sos,2026-09-06T15:27:58+00:00
2024,ME,23011,Kennebec County,2024-11-04,1,33550,1438,17728,15822,12693,10665,1460,8732,1,me-sos,2026-09-06T15:27:58+00:00
2024,ME,23011,Kennebec County,2024-11-05,0,34497,947,18675,15822,12997,10899,1524,9077,1,me-sos,2026-09-06T15:27:58+00:00
2024,ME,23013,Knox County,2024-08-19,78,1,1,0,1,0,0,0,1,1,me-sos,2026-09-06T15:27:58+00:00
2024,ME,23013,Knox County,2024-08-20,77,1,0,0,1,0,0,0,1,1,me-sos,2026-09-06T15:27:58+00:00
2024,ME,23013,Knox County,2024-08-21,76,1,0,0,1,0,0,0,1,1,me-sos,2026-09-06T15:27:58+00:00
2024,ME,23013,Knox County,2024-08-22,75,1,0,0,1,0,0,0,1,1,me-sos,2026-09-06T15:27:58+00:00
2024,ME,23013,Knox County,2024-08-23,74,1,0,0,1,0,0,0,1,1,me-sos,2026-09-06T15:27:58+00:00
2024,ME,23013,Knox County,2024-08-24,73,1,0,0,1,0,0,0,1,1,me-sos,2026-09-06T15:27:58+00:00
2024,ME,23013,Knox County,2024-08-25,72,1,0,0,1,0,0,0,1,1,me-sos,2026-09-06T15:27:58+00:00
2024,ME,23013,Knox County,2024-08-26,71,1,0,0,1,0,0,0,1,1,me-sos,2026-09-06T15:27:58+00:00
2024,ME,23013,Knox County,2024-08-27,70,1,0,0,1,0,0,0,1,1,me-sos,2026-09-06T15:27:58+00:00
2024,ME,23013,Knox County,2024-08-28,69,1,0,0,1,0,0,0,1,1,me-sos,2026-09-06T15:27:58+00:00
2024,ME,23013,Knox County,2024-08-29,68,1,0,0,1,0,0,0,1,1,me-sos,2026-09-06T15:27:58+00:00
2024,ME,23013,Knox County,2024-08-30,67,1,0,0,1,0,0,0,1,1,me-sos,2026-09-06T15:27:58+00:00
2024,ME,23013,Knox County,2024-08-31,66,1,0,0,1,0,0,0,1,1,me-sos,2026-09-06T15:27:58+00:00
2024,ME,23013,Knox County,2024-09-01,65,1,0,0,1,0,0,0,1,1,me-sos,2026-09-06T15:27:58+00:00
2024,ME,23013,Knox County,2024-09-02,64,1,0,0,1,0,0,0,1,1,me-sos,2026-09-06T15:27:58+00:00
2024,ME,23013,Knox County,2024-09-03,63,1,0,0,1,0,0,0,1,1,me-sos,2026-09-06T15:27:58+00:00
2024,ME,23013,Knox County,2024-09-04,62,1,0,0,1,0,0,0,1,1,me-sos,2026-09-06T15:27:58+00:00
2024,ME,23013,Knox County,2024-09-05,61,1,0,0,1,0,0,0,1,1,me-sos,2026-09-06T15:27:58+00:00
2024,ME,23013,Knox County,2024-09-06,60,1,0,0,1,0,0,0,1,1,me-sos,2026-09-06T15:27:58+00:00
2024,ME,23013,Knox County,2024-09-07,59,1,0,0,1,0,0,0,1,1,me-sos,2026-09-06T15:27:58+00:00
2024,ME,23013,Knox County,2024-09-08,58,1,0,0,1,0,0,0,1,1,me-sos,2026-09-06T15:27:58+00:00
2024,ME,23013,Knox County,2024-09-09,57,1,0,0,1,0,0,0,1,1,me-sos,2026-09-06T15:27:58+00:00
2024,ME,23013,Knox County,2024-09-10,56,1,0,0,1,0,0,0,1,1,me-sos,2026-09-06T15:27:58+00:00
2024,ME,23013,Knox County,2024-09-11,55,1,0,0,1,0,0,0,1,1,me-sos,2026-09-06T15:27:58+00:00
2024,ME,23013,Knox County,2024-09-12,54,1,0,0,1,0,0,0,1,1,me-sos,2026-09-06T15:27:58+00:00
2024,ME,23013,Knox County,2024-09-13,53,1,0,0,1,0,0,0,1,1,me-sos,2026-09-06T15:27:58+00:00
2024,ME,23013,Knox County,2024-09-14,52,1,0,0,1,0,0,0,1,1,me-sos,2026-09-06T15:27:58+00:00
2024,ME,23013,Knox County,2024-09-15,51,1,0,0,1,0,0,0,1,1,me-sos,2026-09-06T15:27:58+00:00
2024,ME,23013,Knox County,2024-09-16,50,1,0,0,1,0,0,0,1,1,me-sos,2026-09-06T15:27:58+00:00
2024,ME,23013,Knox County,2024-09-17,49,1,0,0,1,0,0,0,1,1,me-sos,2026-09-06T15:27:58+00:00
2024,ME,23013,Knox County,2024-09-18,48,1,0,0,1,0,0,0,1,1,me-sos,2026-09-06T15:27:58+00:00
2024,ME,23013,Knox County,2024-09-19,47,5,4,4,1,3,0,0,2,1,me-sos,2026-09-06T15:27:58+00:00
2024,ME,23013,Knox County,2024-09-20,46,32,27,31,1,24,3,2,3,1,me-sos,2026-09-06T15:27:58+00:00
2024,ME,23013,Knox County,2024-09-21,45,41,9,40,1,31,4,2,4,1,me-sos,2026-09-06T15:27:58+00:00
2024,ME,23013,Knox County,2024-09-22,44,47,6,46,1,36,5,2,4,1,me-sos,2026-09-06T15:27:58+00:00
2024,ME,23013,Knox County,2024-09-23,43,58,11,57,1,41,5,2,10,1,me-sos,2026-09-06T15:27:58+00:00
2024,ME,23013,Knox County,2024-09-24,42,64,6,63,1,46,5,2,11,1,me-sos,2026-09-06T15:27:58+00:00
2024,ME,23013,Knox County,2024-09-25,41,66,2,65,1,48,5,2,11,1,me-sos,2026-09-06T15:27:58+00:00
2024,ME,23013,Knox County,2024-09-26,40,73,7,72,1,54,5,2,12,1,me-sos,2026-09-06T15:27:58+00:00
2024,ME,23013,Knox County,2024-09-27,39,82,9,81,1,58,6,3,15,1,me-sos,2026-09-06T15:27:58+00:00
2024,ME,23013,Knox County,2024-09-28,38,89,7,88,1,65,6,3,15,1,me-sos,2026-09-06T15:27:58+00:00
2024,ME,23013,Knox County,2024-09-29,37,95,6,94,1,69,6,4,16,1,me-sos,2026-09-06T15:27:58+00:00
2024,ME,23013,Knox County,2024-09-30,36,109,14,103,6,78,9,4,18,1,me-sos,2026-09-06T15:27:58+00:00
2024,ME,23013,Knox County,2024-10-01,35,138,29,119,19,93,11,6,28,1,me-sos,2026-09-06T15:27:58+00:00
2024,ME,23013,Knox County,2024-10-02,34,176,38,145,31,112,16,6,42,1,me-sos,2026-09-06T15:27:58+00:00
2024,ME,23013,Knox County,2024-10-03,33,230,54,166,64,135,29,8,58,1,me-sos,2026-09-06T15:27:58+00:00
2024,ME,23013,Knox County,2024-10-04,32,270,40,192,78,154,37,10,69,1,me-sos,2026-09-06T15:27:58+00:00
2024,ME,23013,Knox County,2024-10-05,31,272,2,194,78,155,37,10,70,1,me-sos,2026-09-06T15:27:58+00:00
2024,ME,23013,Knox County,2024-10-06,30,279,7,201,78,159,39,10,71,1,me-sos,2026-09-06T15:27:58+00:00
2024,ME,23013,Knox County,2024-10-07,29,576,297,354,222,323,115,15,123,1,me-sos,2026-09-06T15:27:58+00:00
2024,ME,23013,Knox County,2024-10-08,28,892,316,535,357,494,189,19,190,1,me-sos,2026-09-06T15:27:58+00:00
2024,ME,23013,Knox County,2024-10-09,27,1264,372,782,482,694,261,33,276,1,me-sos,2026-09-06T15:27:58+00:00
2024,ME,23013,Knox County,2024-10-10,26,1608,344,1037,571,859,334,48,367,1,me-sos,2026-09-06T15:27:58+00:00
2024,ME,23013,Knox County,2024-10-11,25,1873,265,1203,670,1008,380,54,431,1,me-sos,2026-09-06T15:27:58+00:00
2024,ME,23013,Knox County,2024-10-12,24,1892,19,1219,673,1019,385,54,434,1,me-sos,2026-09-06T15:27:58+00:00
2024,ME,23013,Knox County,2024-10-13,23,1943,51,1270,673,1056,391,55,441,1,me-sos,2026-09-06T15:27:58+00:00
2024,ME,23013,Knox County,2024-10-14,22,1951,8,1275,676,1060,393,55,443,1,me-sos,2026-09-06T15:27:58+00:00
2024,ME,23013,Knox County,2024-10-15,21,2678,727,1758,920,1418,550,76,634,1,me-sos,2026-09-06T15:27:58+00:00
2024,ME,23013,Knox County,2024-10-16,20,3201,523,2112,1089,1688,669,97,747,1,me-sos,2026-09-06T15:27:58+00:00
2024,ME,23013,Knox County,2024-10-17,19,3591,390,2335,1256,1900,751,108,832,1,me-sos,2026-09-06T15:27:58+00:00
2024,ME,23013,Knox County,2024-10-18,18,3997,406,2559,1438,2114,845,120,918,1,me-sos,2026-09-06T15:27:58+00:00
2024,ME,23013,Knox County,2024-10-19,17,4032,35,2592,1440,2132,854,121,925,1,me-sos,2026-09-06T15:27:58+00:00
2024,ME,23013,Knox County,2024-10-20,16,4034,2,2594,1440,2133,854,121,926,1,me-sos,2026-09-06T15:27:58+00:00
2024,ME,23013,Knox County,2024-10-21,15,4748,714,3072,1676,2489,1018,137,1104,1,me-sos,2026-09-06T15:27:58+00:00
2024,ME,23013,Knox County,2024-10-22,14,5282,534,3397,1885,2740,1146,154,1242,1,me-sos,2026-09-06T15:27:58+00:00
2024,ME,23013,Knox County,2024-10-23,13,5833,551,3705,2128,3008,1275,175,1375,1,me-sos,2026-09-06T15:27:58+00:00
2024,ME,23013,Knox County,2024-10-24,12,6349,516,3986,2363,3248,1407,185,1509,1,me-sos,2026-09-06T15:27:58+00:00
2024,ME,23013,Knox County,2024-10-25,11,6763,414,4219,2544,3446,1509,196,1612,1,me-sos,2026-09-06T15:27:58+00:00
2024,ME,23013,Knox County,2024-10-26,10,6763,0,4219,2544,3446,1509,196,1612,1,me-sos,2026-09-06T15:27:58+00:00
2024,ME,23013,Knox County,2024-10-27,9,6767,4,4223,2544,3448,1509,196,1614,1,me-sos,2026-09-06T15:27:58+00:00
2024,ME,23013,Knox County,2024-10-28,8,7766,999,4804,2962,3878,1751,241,1896,1,me-sos,2026-09-06T15:27:58+00:00
2024,ME,23013,Knox County,2024-10-29,7,8611,845,5225,3386,4235,1992,277,2107,1,me-sos,2026-09-06T15:27:58+00:00
2024,ME,23013,Knox County,2024-10-30,6,9324,713,5544,3780,4531,2208,301,2284,1,me-sos,2026-09-06T15:27:58+00:00
2024,ME,23013,Knox County,2024-10-31,5,10160,836,5934,4226,4874,2430,337,2519,1,me-sos,2026-09-06T15:27:58+00:00
2024,ME,23013,Knox County,2024-11-01,4,10481,321,6212,4269,5021,2513,355,2592,1,me-sos,2026-09-06T15:27:58+00:00
2024,ME,23013,Knox County,2024-11-02,3,10515,34,6246,4269,5036,2519,355,2605,1,me-sos,2026-09-06T15:27:58+00:00
2024,ME,23013,Knox County,2024-11-03,2,10537,22,6268,4269,5048,2523,356,2610,1,me-sos,2026-09-06T15:27:58+00:00
2024,ME,23013,Knox County,2024-11-04,1,11129,592,6831,4298,5269,2670,396,2794,1,me-sos,2026-09-06T15:27:58+00:00
2024,ME,23013,Knox County,2024-11-05,0,11525,396,7226,4299,5418,2747,421,2939,1,me-sos,2026-09-06T15:27:58+00:00
2024,ME,23015,Lincoln County,2024-09-12,54,2,2,2,0,0,1,0,1,1,me-sos,2026-09-06T15:27:58+00:00
2024,ME,23015,Lincoln County,2024-09-13,53,2,0,2,0,0,1,0,1,1,me-sos,2026-09-06T15:27:58+00:00
2024,ME,23015,Lincoln County,2024-09-14,52,2,0,2,0,0,1,0,1,1,me-sos,2026-09-06T15:27:58+00:00
2024,ME,23015,Lincoln County,2024-09-15,51,2,0,2,0,0,1,0,1,1,me-sos,2026-09-06T15:27:58+00:00
2024,ME,23015,Lincoln County,2024-09-16,50,2,0,2,0,0,1,0,1,1,me-sos,2026-09-06T15:27:58+00:00
2024,ME,23015,Lincoln County,2024-09-17,49,2,0,2,0,0,1,0,1,1,me-sos,2026-09-06T15:27:58+00:00
2024,ME,23015,Lincoln County,2024-09-18,48,2,0,2,0,0,1,0,1,1,me-sos,2026-09-06T15:27:58+00:00
2024,ME,23015,Lincoln County,2024-09-19,47,6,4,6,0,3,1,0,2,1,me-sos,2026-09-06T15:27:58+00:00
2024,ME,23015,Lincoln County,2024-09-20,46,26,20,26,0,13,3,1,9,1,me-sos,2026-09-06T15:27:58+00:00
2024,ME,23015,Lincoln County,2024-09-21,45,35,9,35,0,21,3,1,10,1,me-sos,2026-09-06T15:27:58+00:00
2024,ME,23015,Lincoln County,2024-09-22,44,40,5,40,0,26,3,1,10,1,me-sos,2026-09-06T15:27:58+00:00
2024,ME,23015,Lincoln County,2024-09-23,43,54,14,54,0,33,3,2,16,1,me-sos,2026-09-06T15:27:58+00:00
2024,ME,23015,Lincoln County,2024-09-24,42,59,5,59,0,36,3,3,17,1,me-sos,2026-09-06T15:27:58+00:00
2024,ME,23015,Lincoln County,2024-09-25,41,67,8,67,0,44,3,3,17,1,me-sos,2026-09-06T15:27:58+00:00
2024,ME,23015,Lincoln County,2024-09-26,40,71,4,71,0,47,4,3,17,1,me-sos,2026-09-06T15:27:58+00:00
2024,ME,23015,Lincoln County,2024-09-27,39,79,8,79,0,54,4,4,17,1,me-sos,2026-09-06T15:27:58+00:00
2024,ME,23015,Lincoln County,2024-09-28,38,81,2,81,0,55,4,4,18,1,me-sos,2026-09-06T15:27:58+00:00
2024,ME,23015,Lincoln County,2024-09-29,37,82,1,82,0,55,4,4,19,1,me-sos,2026-09-06T15:27:58+00:00
2024,ME,23015,Lincoln County,2024-09-30,36,89,7,85,4,59,4,4,22,1,me-sos,2026-09-06T15:27:58+00:00
2024,ME,23015,Lincoln County,2024-10-01,35,123,34,102,21,73,12,5,33,1,me-sos,2026-09-06T15:27:58+00:00
2024,ME,23015,Lincoln County,2024-10-02,34,167,44,114,53,99,20,7,41,1,me-sos,2026-09-06T15:27:58+00:00
2024,ME,23015,Lincoln County,2024-10-03,33,262,95,167,95,140,44,9,69,1,me-sos,2026-09-06T15:27:58+00:00
2024,ME,23015,Lincoln County,2024-10-04,32,327,65,207,120,186,48,10,83,1,me-sos,2026-09-06T15:27:58+00:00
2024,ME,23015,Lincoln County,2024-10-05,31,332,5,211,121,189,48,11,84,1,me-sos,2026-09-06T15:27:58+00:00
2024,ME,23015,Lincoln County,2024-10-06,30,336,4,215,121,192,48,11,85,1,me-sos,2026-09-06T15:27:58+00:00
2024,ME,23015,Lincoln County,2024-10-07,29,613,277,392,221,336,95,21,161,1,me-sos,2026-09-06T15:27:58+00:00
2024,ME,23015,Lincoln County,2024-10-08,28,924,311,548,376,489,170,31,234,1,me-sos,2026-09-06T15:27:58+00:00
2024,ME,23015,Lincoln County,2024-10-09,27,1192,268,707,485,606,240,37,309,1,me-sos,2026-09-06T15:27:58+00:00
2024,ME,23015,Lincoln County,2024-10-10,26,1515,323,919,596,763,307,51,394,1,me-sos,2026-09-06T15:27:58+00:00
2024,ME,23015,Lincoln County,2024-10-11,25,1686,171,1022,664,843,345,56,442,1,me-sos,2026-09-06T15:27:58+00:00
2024,ME,23015,Lincoln County,2024-10-12,24,1693,7,1029,664,848,346,56,443,1,me-sos,2026-09-06T15:27:58+00:00
2024,ME,23015,Lincoln County,2024-10-13,23,1697,4,1033,664,850,346,57,444,1,me-sos,2026-09-06T15:27:58+00:00
2024,ME,23015,Lincoln County,2024-10-14,22,1705,8,1041,664,856,346,57,446,1,me-sos,2026-09-06T15:27:58+00:00
2024,ME,23015,Lincoln County,2024-10-15,21,2499,794,1577,922,1231,556,97,615,1,me-sos,2026-09-06T15:27:58+00:00
2024,ME,23015,Lincoln County,2024-10-16,20,3003,504,1908,1095,1449,694,119,741,1,me-sos,2026-09-06T15:27:58+00:00
2024,ME,23015,Lincoln County,2024-10-17,19,3445,442,2200,1245,1665,813,137,830,1,me-sos,2026-09-06T15:27:58+00:00
2024,ME,23015,Lincoln County,2024-10-18,18,3662,217,2341,1321,1767,870,143,882,1,me-sos,2026-09-06T15:27:58+00:00
2024,ME,23015,Lincoln County,2024-10-19,17,3674,12,2353,1321,1774,870,144,886,1,me-sos,2026-09-06T15:27:58+00:00
2024,ME,23015,Lincoln County,2024-10-20,16,3687,13,2366,1321,1783,871,147,886,1,me-sos,2026-09-06T15:27:58+00:00
2024,ME,23015,Lincoln County,2024-10-21,15,4334,647,2767,1567,2069,1058,177,1030,1,me-sos,2026-09-06T15:27:58+00:00
2024,ME,23015,Lincoln County,2024-10-22,14,4916,582,3080,1836,2312,1238,195,1171,1,me-sos,2026-09-06T15:27:58+00:00
2024,ME,23015,Lincoln County,2024-10-23,13,5401,485,3341,2060,2510,1387,214,1290,1,me-sos,2026-09-06T15:27:58+00:00
2024,ME,23015,Lincoln County,2024-10-24,12,6030,629,3663,2367,2763,1563,239,1465,1,me-sos,2026-09-06T15:27:58+00:00
2024,ME,23015,Lincoln County,2024-10-25,11,6281,251,3773,2508,2858,1649,246,1528,1,me-sos,2026-09-06T15:27:58+00:00
2024,ME,23015,Lincoln County,2024-10-26,10,6296,15,3788,2508,2865,1649,246,1536,1,me-sos,2026-09-06T15:27:58+00:00
2024,ME,23015,Lincoln County,2024-10-27,9,6308,12,3800,2508,2866,1653,248,1541,1,me-sos,2026-09-06T15:27:58+00:00
2024,ME,23015,Lincoln County,2024-10-28,8,7254,946,4303,2951,3177,1943,285,1849,1,me-sos,2026-09-06T15:27:58+00:00
2024,ME,23015,Lincoln County,2024-10-29,7,8191,937,4717,3474,3535,2227,327,2102,1,me-sos,2026-09-06T15:27:58+00:00
2024,ME,23015,Lincoln County,2024-10-30,6,8859,668,5004,3855,3765,2467,358,2269,1,me-sos,2026-09-06T15:27:58+00:00
2024,ME,23015,Lincoln County,2024-10-31,5,9713,854,5339,4374,4074,2758,396,2485,1,me-sos,2026-09-06T15:27:58+00:00
2024,ME,23015,Lincoln County,2024-11-01,4,9818,105,5430,4388,4119,2778,404,2517,1,me-sos,2026-09-06T15:27:58+00:00
2024,ME,23015,Lincoln County,2024-11-02,3,9847,29,5457,4390,4133,2782,405,2527,1,me-sos,2026-09-06T15:27:58+00:00
2024,ME,23015,Lincoln County,2024-11-03,2,9875,28,5485,4390,4144,2786,405,2540,1,me-sos,2026-09-06T15:27:58+00:00
2024,ME,23015,Lincoln County,2024-11-04,1,10424,549,6023,4401,4322,2949,438,2715,1,me-sos,2026-09-06T15:27:58+00:00
2024,ME,23015,Lincoln County,2024-11-05,0,10711,287,6307,4404,4429,3021,454,2807,1,me-sos,2026-09-06T15:27:58+00:00
2024,ME,23017,Oxford County,2024-07-08,120,1,0,0,1,1,0,0,0,1,me-sos,2026-09-06T15:27:58+00:00
2024,ME,23017,Oxford County,2024-07-09,119,1,0,0,1,1,0,0,0,1,me-sos,2026-09-06T15:27:58+00:00
2024,ME,23017,Oxford County,2024-07-10,118,1,0,0,1,1,0,0,0,1,me-sos,2026-09-06T15:27:58+00:00
2024,ME,23017,Oxford County,2024-07-11,117,1,0,0,1,1,0,0,0,1,me-sos,2026-09-06T15:27:58+00:00
2024,ME,23017,Oxford County,2024-07-12,116,1,0,0,1,1,0,0,0,1,me-sos,2026-09-06T15:27:58+00:00
2024,ME,23017,Oxford County,2024-07-13,115,1,0,0,1,1,0,0,0,1,me-sos,2026-09-06T15:27:58+00:00
2024,ME,23017,Oxford County,2024-07-14,114,1,0,0,1,1,0,0,0,1,me-sos,2026-09-06T15:27:58+00:00
2024,ME,23017,Oxford County,2024-07-15,113,1,0,0,1,1,0,0,0,1,me-sos,2026-09-06T15:27:58+00:00
2024,ME,23017,Oxford County,2024-07-16,112,1,0,0,1,1,0,0,0,1,me-sos,2026-09-06T15:27:58+00:00
2024,ME,23017,Oxford County,2024-07-17,111,1,0,0,1,1,0,0,0,1,me-sos,2026-09-06T15:27:58+00:00
2024,ME,23017,Oxford County,2024-07-18,110,1,0,0,1,1,0,0,0,1,me-sos,2026-09-06T15:27:58+00:00
2024,ME,23017,Oxford County,2024-07-19,109,1,0,0,1,1,0,0,0,1,me-sos,2026-09-06T15:27:58+00:00
2024,ME,23017,Oxford County,2024-07-20,108,1,0,0,1,1,0,0,0,1,me-sos,2026-09-06T15:27:58+00:00
2024,ME,23017,Oxford County,2024-07-21,107,1,0,0,1,1,0,0,0,1,me-sos,2026-09-06T15:27:58+00:00
2024,ME,23017,Oxford County,2024-07-22,106,1,0,0,1,1,0,0,0,1,me-sos,2026-09-06T15:27:58+00:00
2024,ME,23017,Oxford County,2024-07-23,105,1,0,0,1,1,0,0,0,1,me-sos,2026-09-06T15:27:58+00:00
2024,ME,23017,Oxford County,2024-07-24,104,1,0,0,1,1,0,0,0,1,me-sos,2026-09-06T15:27:58+00:00
2024,ME,23017,Oxford County,2024-07-25,103,1,0,0,1,1,0,0,0,1,me-sos,2026-09-06T15:27:58+00:00
2024,ME,23017,Oxford County,2024-07-26,102,1,0,0,1,1,0,0,0,1,me-sos,2026-09-06T15:27:58+00:00
2024,ME,23017,Oxford County,2024-07-27,101,1,0,0,1,1,0,0,0,1,me-sos,2026-09-06T15:27:58+00:00
2024,ME,23017,Oxford County,2024-07-28,100,1,0,0,1,1,0,0,0,1,me-sos,2026-09-06T15:27:58+00:00
2024,ME,23017,Oxford County,2024-07-29,99,1,0,0,1,1,0,0,0,1,me-sos,2026-09-06T15:27:58+00:00
2024,ME,23017,Oxford County,2024-07-30,98,1,0,0,1,1,0,0,0,1,me-sos,2026-09-06T15:27:58+00:00
2024,ME,23017,Oxford County,2024-07-31,97,1,0,0,1,1,0,0,0,1,me-sos,2026-09-06T15:27:58+00:00
2024,ME,23017,Oxford County,2024-08-01,96,1,0,0,1,1,0,0,0,1,me-sos,2026-09-06T15:27:58+00:00
2024,ME,23017,Oxford County,2024-08-02,95,1,0,0,1,1,0,0,0,1,me-sos,2026-09-06T15:27:58+00:00
2024,ME,23017,Oxford County,2024-08-03,94,1,0,0,1,1,0,0,0,1,me-sos,2026-09-06T15:27:58+00:00
2024,ME,23017,Oxford County,2024-08-04,93,1,0,0,1,1,0,0,0,1,me-sos,2026-09-06T15:27:58+00:00
2024,ME,23017,Oxford County,2024-08-05,92,1,0,0,1,1,0,0,0,1,me-sos,2026-09-06T15:27:58+00:00
2024,ME,23017,Oxford County,2024-08-06,91,1,0,0,1,1,0,0,0,1,me-sos,2026-09-06T15:27:58+00:00
2024,ME,23017,Oxford County,2024-08-07,90,1,0,0,1,1,0,0,0,1,me-sos,2026-09-06T15:27:58+00:00
2024,ME,23017,Oxford County,2024-08-08,89,1,0,0,1,1,0,0,0,1,me-sos,2026-09-06T15:27:58+00:00
2024,ME,23017,Oxford County,2024-08-09,88,1,0,0,1,1,0,0,0,1,me-sos,2026-09-06T15:27:58+00:00
2024,ME,23017,Oxford County,2024-08-10,87,1,0,0,1,1,0,0,0,1,me-sos,2026-09-06T15:27:58+00:00
2024,ME,23017,Oxford County,2024-08-11,86,1,0,0,1,1,0,0,0,1,me-sos,2026-09-06T15:27:58+00:00
2024,ME,23017,Oxford County,2024-08-12,85,1,0,0,1,1,0,0,0,1,me-sos,2026-09-06T15:27:58+00:00
2024,ME,23017,Oxford County,2024-08-13,84,1,0,0,1,1,0,0,0,1,me-sos,2026-09-06T15:27:58+00:00
2024,ME,23017,Oxford County,2024-08-14,83,1,0,0,1,1,0,0,0,1,me-sos,2026-09-06T15:27:58+00:00
2024,ME,23017,Oxford County,2024-08-15,82,1,0,0,1,1,0,0,0,1,me-sos,2026-09-06T15:27:58+00:00
2024,ME,23017,Oxford County,2024-08-16,81,1,0,0,1,1,0,0,0,1,me-sos,2026-09-06T15:27:58+00:00
2024,ME,23017,Oxford County,2024-08-17,80,1,0,0,1,1,0,0,0,1,me-sos,2026-09-06T15:27:58+00:00
2024,ME,23017,Oxford County,2024-08-18,79,1,0,0,1,1,0,0,0,1,me-sos,2026-09-06T15:27:58+00:00
2024,ME,23017,Oxford County,2024-08-19,78,1,0,0,1,1,0,0,0,1,me-sos,2026-09-06T15:27:58+00:00
2024,ME,23017,Oxford County,2024-08-20,77,1,0,0,1,1,0,0,0,1,me-sos,2026-09-06T15:27:58+00:00
2024,ME,23017,Oxford County,2024-08-21,76,1,0,0,1,1,0,0,0,1,me-sos,2026-09-06T15:27:58+00:00
2024,ME,23017,Oxford County,2024-08-22,75,1,0,0,1,1,0,0,0,1,me-sos,2026-09-06T15:27:58+00:00
2024,ME,23017,Oxford County,2024-08-23,74,1,0,0,1,1,0,0,0,1,me-sos,2026-09-06T15:27:58+00:00
2024,ME,23017,Oxford County,2024-08-24,73,1,0,0,1,1,0,0,0,1,me-sos,2026-09-06T15:27:58+00:00
2024,ME,23017,Oxford County,2024-08-25,72,1,0,0,1,1,0,0,0,1,me-sos,2026-09-06T15:27:58+00:00
2024,ME,23017,Oxford County,2024-08-26,71,1,0,0,1,1,0,0,0,1,me-sos,2026-09-06T15:27:58+00:00
2024,ME,23017,Oxford County,2024-08-27,70,1,0,0,1,1,0,0,0,1,me-sos,2026-09-06T15:27:58+00:00
2024,ME,23017,Oxford County,2024-08-28,69,1,0,0,1,1,0,0,0,1,me-sos,2026-09-06T15:27:58+00:00
2024,ME,23017,Oxford County,2024-08-29,68,1,0,0,1,1,0,0,0,1,me-sos,2026-09-06T15:27:58+00:00
2024,ME,23017,Oxford County,2024-08-30,67,1,0,0,1,1,0,0,0,1,me-sos,2026-09-06T15:27:58+00:00
2024,ME,23017,Oxford County,2024-08-31,66,1,0,0,1,1,0,0,0,1,me-sos,2026-09-06T15:27:58+00:00
2024,ME,23017,Oxford County,2024-09-01,65,1,0,0,1,1,0,0,0,1,me-sos,2026-09-06T15:27:58+00:00
2024,ME,23017,Oxford County,2024-09-02,64,1,0,0,1,1,0,0,0,1,me-sos,2026-09-06T15:27:58+00:00
2024,ME,23017,Oxford County,2024-09-03,63,1,0,0,1,1,0,0,0,1,me-sos,2026-09-06T15:27:58+00:00
2024,ME,23017,Oxford County,2024-09-04,62,1,0,0,1,1,0,0,0,1,me-sos,2026-09-06T15:27:58+00:00
2024,ME,23017,Oxford County,2024-09-05,61,1,0,0,1,1,0,0,0,1,me-sos,2026-09-06T15:27:58+00:00
2024,ME,23017,Oxford County,2024-09-06,60,1,0,0,1,1,0,0,0,1,me-sos,2026-09-06T15:27:58+00:00
2024,ME,23017,Oxford County,2024-09-07,59,1,0,0,1,1,0,0,0,1,me-sos,2026-09-06T15:27:58+00:00
2024,ME,23017,Oxford County,2024-09-08,58,1,0,0,1,1,0,0,0,1,me-sos,2026-09-06T15:27:58+00:00
2024,ME,23017,Oxford County,2024-09-09,57,1,0,0,1,1,0,0,0,1,me-sos,2026-09-06T15:27:58+00:00
2024,ME,23017,Oxford County,2024-09-10,56,1,0,0,1,1,0,0,0,1,me-sos,2026-09-06T15:27:58+00:00
2024,ME,23017,Oxford County,2024-09-11,55,1,0,0,1,1,0,0,0,1,me-sos,2026-09-06T15:27:58+00:00
2024,ME,23017,Oxford County,2024-09-12,54,3,2,0,3,3,0,0,0,1,me-sos,2026-09-06T15:27:58+00:00
2024,ME,23017,Oxford County,2024-09-13,53,3,0,0,3,3,0,0,0,1,me-sos,2026-09-06T15:27:58+00:00
2024,ME,23017,Oxford County,2024-09-14,52,3,0,0,3,3,0,0,0,1,me-sos,2026-09-06T15:27:58+00:00
2024,ME,23017,Oxford County,2024-09-15,51,3,0,0,3,3,0,0,0,1,me-sos,2026-09-06T15:27:58+00:00
2024,ME,23017,Oxford County,2024-09-16,50,3,0,0,3,3,0,0,0,1,me-sos,2026-09-06T15:27:58+00:00
2024,ME,23017,Oxford County,2024-09-17,49,3,0,0,3,3,0,0,0,1,me-sos,2026-09-06T15:27:58+00:00
2024,ME,23017,Oxford County,2024-09-18,48,3,0,0,3,3,0,0,0,1,me-sos,2026-09-06T15:27:58+00:00
2024,ME,23017,Oxford County,2024-09-19,47,6,3,3,3,4,1,0,1,1,me-sos,2026-09-06T15:27:58+00:00
2024,ME,23017,Oxford County,2024-09-20,46,17,11,14,3,11,4,0,2,1,me-sos,2026-09-06T15:27:58+00:00
2024,ME,23017,Oxford County,2024-09-21,45,21,4,18,3,13,4,1,3,1,me-sos,2026-09-06T15:27:58+00:00
2024,ME,23017,Oxford County,2024-09-22,44,28,7,25,3,18,4,1,5,1,me-sos,2026-09-06T15:27:58+00:00
2024,ME,23017,Oxford County,2024-09-23,43,38,10,35,3,27,5,1,5,1,me-sos,2026-09-06T15:27:58+00:00
2024,ME,23017,Oxford County,2024-09-24,42,44,6,41,3,32,5,1,6,1,me-sos,2026-09-06T15:27:58+00:00
2024,ME,23017,Oxford County,2024-09-25,41,51,7,48,3,37,6,1,7,1,me-sos,2026-09-06T15:27:58+00:00
2024,ME,23017,Oxford County,2024-09-26,40,56,5,52,4,40,7,1,8,1,me-sos,2026-09-06T15:27:58+00:00
2024,ME,23017,Oxford County,2024-09-27,39,70,14,57,13,46,9,1,14,1,me-sos,2026-09-06T15:27:58+00:00
2024,ME,23017,Oxford County,2024-09-28,38,72,2,59,13,48,9,1,14,1,me-sos,2026-09-06T15:27:58+00:00
2024,ME,23017,Oxford County,2024-09-29,37,76,4,63,13,51,9,1,15,1,me-sos,2026-09-06T15:27:58+00:00
2024,ME,23017,Oxford County,2024-09-30,36,85,9,67,18,55,13,1,16,1,me-sos,2026-09-06T15:27:58+00:00
2024,ME,23017,Oxford County,2024-10-01,35,116,31,82,34,72,21,2,21,1,me-sos,2026-09-06T15:27:58+00:00
2024,ME,23017,Oxford County,2024-10-02,34,135,19,93,42,80,27,3,25,1,me-sos,2026-09-06T15:27:58+00:00
2024,ME,23017,Oxford County,2024-10-03,33,165,30,110,55,97,36,4,28,1,me-sos,2026-09-06T15:27:58+00:00
2024,ME,23017,Oxford County,2024-10-04,32,214,49,129,85,118,48,5,43,1,me-sos,2026-09-06T15:27:58+00:00
2024,ME,23017,Oxford County,2024-10-05,31,227,13,132,95,122,53,6,46,1,me-sos,2026-09-06T15:27:58+00:00
2024,ME,23017,Oxford County,2024-10-06,30,235,8,139,96,125,56,7,47,1,me-sos,2026-09-06T15:27:58+00:00
2024,ME,23017,Oxford County,2024-10-07,29,438,203,259,179,214,111,13,100,1,me-sos,2026-09-06T15:27:58+00:00
2024,ME,23017,Oxford County,2024-10-08,28,728,290,404,324,325,212,20,171,1,me-sos,2026-09-06T15:27:58+00:00
2024,ME,23017,Oxford County,2024-10-09,27,1065,337,635,430,467,320,32,246,1,me-sos,2026-09-06T15:27:58+00:00
2024,ME,23017,Oxford County,2024-10-10,26,1414,349,873,541,625,411,47,331,1,me-sos,2026-09-06T15:27:58+00:00
2024,ME,23017,Oxford County,2024-10-11,25,1704,290,1083,621,748,497,61,398,1,me-sos,2026-09-06T15:27:58+00:00
2024,ME,23017,Oxford County,2024-10-12,24,1732,28,1104,628,760,506,61,405,1,me-sos,2026-09-06T15:27:58+00:00
2024,ME,23017,Oxford County,2024-10-13,23,1735,3,1107,628,761,507,61,406,1,me-sos,2026-09-06T15:27:58+00:00
2024,ME,23017,Oxford County,2024-10-14,22,1770,35,1139,631,778,512,61,419,1,me-sos,2026-09-06T15:27:58+00:00
2024,ME,23017,Oxford County,2024-10-15,21,2454,684,1642,812,1015,736,89,614,1,me-sos,2026-09-06T15:27:58+00:00
2024,ME,23017,Oxford County,2024-10-16,20,3044,590,2035,1009,1230,933,112,769,1,me-sos,2026-09-06T15:27:58+00:00
2024,ME,23017,Oxford County,2024-10-17,19,3521,477,2319,1202,1385,1104,132,900,1,me-sos,2026-09-06T15:27:58+00:00
2024,ME,23017,Oxford County,2024-10-18,18,3887,366,2582,1305,1513,1211,149,1014,1,me-sos,2026-09-06T15:27:58+00:00
2024,ME,23017,Oxford County,2024-10-19,17,3923,36,2607,1316,1525,1222,153,1023,1,me-sos,2026-09-06T15:27:58+00:00
2024,ME,23017,Oxford County,2024-10-20,16,3927,4,2611,1316,1527,1223,153,1024,1,me-sos,2026-09-06T15:27:58+00:00
2024,ME,23017,Oxford County,2024-10-21,15,4487,560,3020,1467,1726,1393,177,1191,1,me-sos,2026-09-06T15:27:58+00:00
2024,ME,23017,Oxford County,2024-10-22,14,5198,711,3533,1665,1969,1620,207,1402,1,me-sos,2026-09-06T15:27:58+00:00
2024,ME,23017,Oxford County,2024-10-23,13,5816,618,3928,1888,2170,1827,230,1589,1,me-sos,2026-09-06T15:27:58+00:00
2024,ME,23017,Oxford County,2024-10-24,12,6424,608,4278,2146,2342,2032,260,1790,1,me-sos,2026-09-06T15:27:58+00:00
2024,ME,23017,Oxford County,2024-10-25,11,6930,506,4582,2348,2490,2211,286,1943,1,me-sos,2026-09-06T15:27:58+00:00
2024,ME,23017,Oxford County,2024-10-26,10,6989,59,4622,2367,2503,2234,289,1963,1,me-sos,2026-09-06T15:27:58+00:00
2024,ME,23017,Oxford County,2024-10-27,9,6999,10,4632,2367,2512,2234,289,1964,1,me-sos,2026-09-06T15:27:58+00:00
2024,ME,23017,Oxford County,2024-10-28,8,7857,858,5142,2715,2766,2517,352,2222,1,me-sos,2026-09-06T15:27:58+00:00
2024,ME,23017,Oxford County,2024-10-29,7,8853,996,5666,3187,3069,2883,401,2500,1,me-sos,2026-09-06T15:27:58+00:00
2024,ME,23017,Oxford County,2024-10-30,6,9715,862,6044,3671,3310,3216,448,2741,1,me-sos,2026-09-06T15:27:58+00:00
2024,ME,23017,Oxford County,2024-10-31,5,10728,1013,6503,4225,3589,3579,505,3055,1,me-sos,2026-09-06T15:27:58+00:00
2024,ME,23017,Oxford County,2024-11-01,4,11009,281,6754,4255,3661,3660,522,3166,1,me-sos,2026-09-06T15:27:58+00:00
2024,ME,23017,Oxford County,2024-11-02,3,11047,38,6788,4259,3672,3674,526,3175,1,me-sos,2026-09-06T15:27:58+00:00
2024,ME,23017,Oxford County,2024-11-03,2,11062,15,6803,4259,3677,3677,526,3182,1,me-sos,2026-09-06T15:27:58+00:00
2024,ME,23017,Oxford County,2024-11-04,1,11507,445,7226,4281,3812,3781,561,3353,1,me-sos,2026-09-06T15:27:58+00:00
2024,ME,23017,Oxford County,2024-11-05,0,11823,316,7538,4285,3904,3861,585,3473,1,me-sos,2026-09-06T15:27:58+00:00
2024,ME,23019,Penobscot County,2024-09-19,47,15,15,14,1,11,1,0,3,1,me-sos,2026-09-06T15:27:58+00:00
2024,ME,23019,Penobscot County,2024-09-20,46,59,44,58,1,37,9,1,12,1,me-sos,2026-09-06T15:27:58+00:00
2024,ME,23019,Penobscot County,2024-09-21,45,75,16,74,1,50,10,1,14,1,me-sos,2026-09-06T15:27:58+00:00
2024,ME,23019,Penobscot County,2024-09-22,44,96,21,95,1,59,13,3,21,1,me-sos,2026-09-06T15:27:58+00:00
2024,ME,23019,Penobscot County,2024-09-23,43,116,20,115,1,71,14,3,28,1,me-sos,2026-09-06T15:27:58+00:00
2024,ME,23019,Penobscot County,2024-09-24,42,126,10,124,2,78,16,3,29,1,me-sos,2026-09-06T15:27:58+00:00
2024,ME,23019,Penobscot County,2024-09-25,41,142,16,140,2,90,17,3,32,1,me-sos,2026-09-06T15:27:58+00:00
2024,ME,23019,Penobscot County,2024-09-26,40,151,9,147,4,96,20,3,32,1,me-sos,2026-09-06T15:27:58+00:00
2024,ME,23019,Penobscot County,2024-09-27,39,164,13,159,5,104,23,4,33,1,me-sos,2026-09-06T15:27:58+00:00
2024,ME,23019,Penobscot County,2024-09-28,38,168,4,163,5,106,24,5,33,1,me-sos,2026-09-06T15:27:58+00:00
2024,ME,23019,Penobscot County,2024-09-29,37,171,3,166,5,108,24,5,34,1,me-sos,2026-09-06T15:27:58+00:00
2024,ME,23019,Penobscot County,2024-09-30,36,198,27,180,18,121,32,6,39,1,me-sos,2026-09-06T15:27:58+00:00
2024,ME,23019,Penobscot County,2024-10-01,35,258,60,210,48,142,56,9,51,1,me-sos,2026-09-06T15:27:58+00:00
2024,ME,23019,Penobscot County,2024-10-02,34,327,69,253,74,165,89,12,61,1,me-sos,2026-09-06T15:27:58+00:00
2024,ME,23019,Penobscot County,2024-10-03,33,451,124,333,118,217,131,14,89,1,me-sos,2026-09-06T15:27:58+00:00
2024,ME,23019,Penobscot County,2024-10-04,32,611,160,435,176,277,182,21,131,1,me-sos,2026-09-06T15:27:58+00:00
2024,ME,23019,Penobscot County,2024-10-05,31,627,16,451,176,283,184,22,138,1,me-sos,2026-09-06T15:27:58+00:00
2024,ME,23019,Penobscot County,2024-10-06,30,632,5,455,177,287,184,22,139,1,me-sos,2026-09-06T15:27:58+00:00
2024,ME,23019,Penobscot County,2024-10-07,29,1444,812,1041,403,705,378,53,308,1,me-sos,2026-09-06T15:27:58+00:00
2024,ME,23019,Penobscot County,2024-10-08,28,2373,929,1658,715,1154,627,89,503,1,me-sos,2026-09-06T15:27:58+00:00
2024,ME,23019,Penobscot County,2024-10-09,27,3505,1132,2473,1032,1687,969,126,723,1,me-sos,2026-09-06T15:27:58+00:00
2024,ME,23019,Penobscot County,2024-10-10,26,4540,1035,3176,1364,2150,1265,164,961,1,me-sos,2026-09-06T15:27:58+00:00
2024,ME,23019,Penobscot County,2024-10-11,25,5421,881,3820,1601,2533,1528,196,1164,1,me-sos,2026-09-06T15:27:58+00:00
2024,ME,23019,Penobscot County,2024-10-12,24,5470,49,3867,1603,2563,1536,197,1174,1,me-sos,2026-09-06T15:27:58+00:00
2024,ME,23019,Penobscot County,2024-10-13,23,5558,88,3955,1603,2605,1559,199,1195,1,me-sos,2026-09-06T15:27:58+00:00
2024,ME,23019,Penobscot County,2024-10-14,22,5597,39,3992,1605,2622,1571,200,1204,1,me-sos,2026-09-06T15:27:58+00:00
2024,ME,23019,Penobscot County,2024-10-15,21,7920,2323,5700,2220,3560,2322,267,1771,1,me-sos,2026-09-06T15:27:58+00:00
2024,ME,23019,Penobscot County,2024-10-16,20,9337,1417,6574,2763,4116,2807,320,2094,1,me-sos,2026-09-06T15:27:58+00:00
2024,ME,23019,Penobscot County,2024-10-17,19,10717,1380,7466,3251,4628,3311,374,2404,1,me-sos,2026-09-06T15:27:58+00:00
2024,ME,23019,Penobscot County,2024-10-18,18,11889,1172,8259,3630,5081,3698,421,2689,1,me-sos,2026-09-06T15:27:58+00:00
2024,ME,23019,Penobscot County,2024-10-19,17,11950,61,8318,3632,5108,3715,423,2704,1,me-sos,2026-09-06T15:27:58+00:00
2024,ME,23019,Penobscot County,2024-10-20,16,12055,105,8422,3633,5154,3741,430,2730,1,me-sos,2026-09-06T15:27:58+00:00
2024,ME,23019,Penobscot County,2024-10-21,15,13580,1525,9499,4081,5724,4298,480,3078,1,me-sos,2026-09-06T15:27:58+00:00
2024,ME,23019,Penobscot County,2024-10-22,14,15097,1517,10365,4732,6245,4894,544,3414,1,me-sos,2026-09-06T15:27:58+00:00
2024,ME,23019,Penobscot County,2024-10-23,13,16635,1538,11263,5372,6759,5471,614,3791,1,me-sos,2026-09-06T15:27:58+00:00
2024,ME,23019,Penobscot County,2024-10-24,12,18380,1745,12155,6225,7376,6122,694,4188,1,me-sos,2026-09-06T15:27:58+00:00
2024,ME,23019,Penobscot County,2024-10-25,11,19750,1370,12961,6789,7822,6658,761,4509,1,me-sos,2026-09-06T15:27:58+00:00
2024,ME,23019,Penobscot County,2024-10-26,10,19870,120,13081,6789,7875,6686,766,4543,1,me-sos,2026-09-06T15:27:58+00:00
2024,ME,23019,Penobscot County,2024-10-27,9,19975,105,13186,6789,7919,6725,771,4560,1,me-sos,2026-09-06T15:27:58+00:00
2024,ME,23019,Penobscot County,2024-10-28,8,22723,2748,14341,8382,8838,7729,888,5268,1,me-sos,2026-09-06T15:27:58+00:00
2024,ME,23019,Penobscot County,2024-10-29,7,25762,3039,15517,10245,9723,8873,1055,6111,1,me-sos,2026-09-06T15:27:58+00:00
2024,ME,23019,Penobscot County,2024-10-30,6,29092,3330,16508,12584,10804,10044,1241,7003,1,me-sos,2026-09-06T15:27:58+00:00
2024,ME,23019,Penobscot County,2024-10-31,5,32501,3409,17860,14641,11789,11376,1415,7921,1,me-sos,2026-09-06T15:27:58+00:00
2024,ME,23019,Penobscot County,2024-11-01,4,33173,672,18434,14739,11991,11616,1446,8120,1,me-sos,2026-09-06T15:27:58+00:00
2024,ME,23019,Penobscot County,2024-11-02,3,33350,177,18609,14741,12058,11674,1453,8165,1,me-sos,2026-09-06T15:27:58+00:00
2024,ME,23019,Penobscot County,2024-11-03,2,33487,137,18745,14742,12126,11692,1462,8207,1,me-sos,2026-09-06T15:27:58+00:00
2024,ME,23019,Penobscot County,2024-11-04,1,34832,1345,20000,14832,12569,12089,1546,8628,1,me-sos,2026-09-06T15:27:58+00:00
2024,ME,23019,Penobscot County,2024-11-05,0,35797,965,20953,14844,12890,12363,1622,8922,1,me-sos,2026-09-06T15:27:58+00:00
2024,ME,23021,Piscataquis County,2024-08-16,81,1,1,0,1,1,0,0,0,1,me-sos,2026-09-06T15:27:58+00:00
2024,ME,23021,Piscataquis County,2024-08-17,80,1,0,0,1,1,0,0,0,1,me-sos,2026-09-06T15:27:58+00:00
2024,ME,23021,Piscataquis County,2024-08-18,79,1,0,0,1,1,0,0,0,1,me-sos,2026-09-06T15:27:58+00:00
2024,ME,23021,Piscataquis County,2024-08-19,78,1,0,0,1,1,0,0,0,1,me-sos,2026-09-06T15:27:58+00:00
2024,ME,23021,Piscataquis County,2024-08-20,77,1,0,0,1,1,0,0,0,1,me-sos,2026-09-06T15:27:58+00:00
2024,ME,23021,Piscataquis County,2024-08-21,76,1,0,0,1,1,0,0,0,1,me-sos,2026-09-06T15:27:58+00:00
2024,ME,23021,Piscataquis County,2024-08-22,75,1,0,0,1,1,0,0,0,1,me-sos,2026-09-06T15:27:58+00:00
2024,ME,23021,Piscataquis County,2024-08-23,74,1,0,0,1,1,0,0,0,1,me-sos,2026-09-06T15:27:58+00:00
2024,ME,23021,Piscataquis County,2024-08-24,73,1,0,0,1,1,0,0,0,1,me-sos,2026-09-06T15:27:58+00:00
2024,ME,23021,Piscataquis County,2024-08-25,72,1,0,0,1,1,0,0,0,1,me-sos,2026-09-06T15:27:58+00:00
2024,ME,23021,Piscataquis County,2024-08-26,71,1,0,0,1,1,0,0,0,1,me-sos,2026-09-06T15:27:58+00:00
2024,ME,23021,Piscataquis County,2024-08-27,70,2,1,0,2,1,0,0,1,1,me-sos,2026-09-06T15:27:58+00:00
2024,ME,23021,Piscataquis County,2024-08-28,69,2,0,0,2,1,0,0,1,1,me-sos,2026-09-06T15:27:58+00:00
2024,ME,23021,Piscataquis County,2024-08-29,68,2,0,0,2,1,0,0,1,1,me-sos,2026-09-06T15:27:58+00:00
2024,ME,23021,Piscataquis County,2024-08-30,67,2,0,0,2,1,0,0,1,1,me-sos,2026-09-06T15:27:58+00:00
2024,ME,23021,Piscataquis County,2024-08-31,66,2,0,0,2,1,0,0,1,1,me-sos,2026-09-06T15:27:58+00:00
2024,ME,23021,Piscataquis County,2024-09-01,65,2,0,0,2,1,0,0,1,1,me-sos,2026-09-06T15:27:58+00:00
2024,ME,23021,Piscataquis County,2024-09-02,64,2,0,0,2,1,0,0,1,1,me-sos,2026-09-06T15:27:58+00:00
2024,ME,23021,Piscataquis County,2024-09-03,63,2,0,0,2,1,0,0,1,1,me-sos,2026-09-06T15:27:58+00:00
2024,ME,23021,Piscataquis County,2024-09-04,62,2,0,0,2,1,0,0,1,1,me-sos,2026-09-06T15:27:58+00:00
2024,ME,23021,Piscataquis County,2024-09-05,61,2,0,0,2,1,0,0,1,1,me-sos,2026-09-06T15:27:58+00:00
2024,ME,23021,Piscataquis County,2024-09-06,60,2,0,0,2,1,0,0,1,1,me-sos,2026-09-06T15:27:58+00:00
2024,ME,23021,Piscataquis County,2024-09-07,59,2,0,0,2,1,0,0,1,1,me-sos,2026-09-06T15:27:58+00:00
2024,ME,23021,Piscataquis County,2024-09-08,58,2,0,0,2,1,0,0,1,1,me-sos,2026-09-06T15:27:58+00:00
2024,ME,23021,Piscataquis County,2024-09-09,57,2,0,0,2,1,0,0,1,1,me-sos,2026-09-06T15:27:58+00:00
2024,ME,23021,Piscataquis County,2024-09-10,56,2,0,0,2,1,0,0,1,1,me-sos,2026-09-06T15:27:58+00:00
2024,ME,23021,Piscataquis County,2024-09-11,55,2,0,0,2,1,0,0,1,1,me-sos,2026-09-06T15:27:58+00:00
2024,ME,23021,Piscataquis County,2024-09-12,54,2,0,0,2,1,0,0,1,1,me-sos,2026-09-06T15:27:58+00:00
2024,ME,23021,Piscataquis County,2024-09-13,53,2,0,0,2,1,0,0,1,1,me-sos,2026-09-06T15:27:58+00:00
2024,ME,23021,Piscataquis County,2024-09-14,52,2,0,0,2,1,0,0,1,1,me-sos,2026-09-06T15:27:58+00:00
2024,ME,23021,Piscataquis County,2024-09-15,51,2,0,0,2,1,0,0,1,1,me-sos,2026-09-06T15:27:58+00:00
2024,ME,23021,Piscataquis County,2024-09-16,50,2,0,0,2,1,0,0,1,1,me-sos,2026-09-06T15:27:58+00:00
2024,ME,23021,Piscataquis County,2024-09-17,49,2,0,0,2,1,0,0,1,1,me-sos,2026-09-06T15:27:58+00:00
2024,ME,23021,Piscataquis County,2024-09-18,48,2,0,0,2,1,0,0,1,1,me-sos,2026-09-06T15:27:58+00:00
2024,ME,23021,Piscataquis County,2024-09-19,47,3,1,1,2,2,0,0,1,1,me-sos,2026-09-06T15:27:58+00:00
2024,ME,23021,Piscataquis County,2024-09-20,46,11,8,9,2,5,4,1,1,1,me-sos,2026-09-06T15:27:58+00:00
2024,ME,23021,Piscataquis County,2024-09-21,45,13,2,11,2,7,4,1,1,1,me-sos,2026-09-06T15:27:58+00:00
2024,ME,23021,Piscataquis County,2024-09-22,44,13,0,11,2,7,4,1,1,1,me-sos,2026-09-06T15:27:58+00:00
2024,ME,23021,Piscataquis County,2024-09-23,43,14,1,12,2,8,4,1,1,1,me-sos,2026-09-06T15:27:58+00:00
2024,ME,23021,Piscataquis County,2024-09-24,42,14,0,12,2,8,4,1,1,1,me-sos,2026-09-06T15:27:58+00:00
2024,ME,23021,Piscataquis County,2024-09-25,41,15,1,13,2,8,4,1,2,1,me-sos,2026-09-06T15:27:58+00:00
2024,ME,23021,Piscataquis County,2024-09-26,40,17,2,13,4,8,5,1,3,1,me-sos,2026-09-06T15:27:58+00:00
2024,ME,23021,Piscataquis County,2024-09-27,39,21,4,14,7,9,8,1,3,1,me-sos,2026-09-06T15:27:58+00:00
2024,ME,23021,Piscataquis County,2024-09-28,38,22,1,15,7,9,8,1,4,1,me-sos,2026-09-06T15:27:58+00:00
2024,ME,23021,Piscataquis County,2024-09-29,37,22,0,15,7,9,8,1,4,1,me-sos,2026-09-06T15:27:58+00:00
2024,ME,23021,Piscataquis County,2024-09-30,36,23,1,16,7,10,8,1,4,1,me-sos,2026-09-06T15:27:58+00:00
2024,ME,23021,Piscataquis County,2024-10-01,35,23,0,16,7,10,8,1,4,1,me-sos,2026-09-06T15:27:58+00:00
2024,ME,23021,Piscataquis County,2024-10-02,34,50,27,34,16,23,13,4,10,1,me-sos,2026-09-06T15:27:58+00:00
2024,ME,23021,Piscataquis County,2024-10-03,33,71,21,49,22,26,21,5,19,1,me-sos,2026-09-06T15:27:58+00:00
2024,ME,23021,Piscataquis County,2024-10-04,32,109,38,69,40,39,40,6,24,1,me-sos,2026-09-06T15:27:58+00:00
2024,ME,23021,Piscataquis County,2024-10-05,31,112,3,72,40,41,40,6,25,1,me-sos,2026-09-06T15:27:58+00:00
2024,ME,23021,Piscataquis County,2024-10-06,30,113,1,73,40,41,40,6,26,1,me-sos,2026-09-06T15:27:58+00:00
2024,ME,23021,Piscataquis County,2024-10-07,29,196,83,121,75,72,66,8,50,1,me-sos,2026-09-06T15:27:58+00:00
2024,ME,23021,Piscataquis County,2024-10-08,28,281,85,151,130,98,107,12,64,1,me-sos,2026-09-06T15:27:58+00:00
2024,ME,23021,Piscataquis County,2024-10-09,27,422,141,233,189,143,157,16,106,1,me-sos,2026-09-06T15:27:58+00:00
2024,ME,23021,Piscataquis County,2024-10-10,26,528,106,300,228,183,186,25,134,1,me-sos,2026-09-06T15:27:58+00:00
2024,ME,23021,Piscataquis County,2024-10-11,25,651,123,369,282,223,235,28,165,1,me-sos,2026-09-06T15:27:58+00:00
2024,ME,23021,Piscataquis County,2024-10-12,24,658,7,376,282,223,237,28,170,1,me-sos,2026-09-06T15:27:58+00:00
2024,ME,23021,Piscataquis County,2024-10-13,23,658,0,376,282,223,237,28,170,1,me-sos,2026-09-06T15:27:58+00:00
2024,ME,23021,Piscataquis County,2024-10-14,22,660,2,378,282,224,238,28,170,1,me-sos,2026-09-06T15:27:58+00:00
2024,ME,23021,Piscataquis County,2024-10-15,21,827,167,479,348,277,299,30,221,1,me-sos,2026-09-06T15:27:58+00:00
2024,ME,23021,Piscataquis County,2024-10-16,20,999,172,564,435,315,371,38,275,1,me-sos,2026-09-06T15:27:58+00:00
2024,ME,23021,Piscataquis County,2024-10-17,19,1153,154,642,511,356,440,42,315,1,me-sos,2026-09-06T15:27:58+00:00
2024,ME,23021,Piscataquis County,2024-10-18,18,1333,180,746,587,399,527,50,357,1,me-sos,2026-09-06T15:27:58+00:00
2024,ME,23021,Piscataquis County,2024-10-19,17,1337,4,750,587,399,531,50,357,1,me-sos,2026-09-06T15:27:58+00:00
2024,ME,23021,Piscataquis County,2024-10-20,16,1337,0,750,587,399,531,50,357,1,me-sos,2026-09-06T15:27:58+00:00
2024,ME,23021,Piscataquis County,2024-10-21,15,1477,140,831,646,437,590,63,387,1,me-sos,2026-09-06T15:27:58+00:00
2024,ME,23021,Piscataquis County,2024-10-22,14,1667,190,925,742,485,684,73,425,1,me-sos,2026-09-06T15:27:58+00:00
2024,ME,23021,Piscataquis County,2024-10-23,13,1803,136,990,813,523,735,78,467,1,me-sos,2026-09-06T15:27:58+00:00
2024,ME,23021,Piscataquis County,2024-10-24,12,1988,185,1089,899,573,819,82,514,1,me-sos,2026-09-06T15:27:58+00:00
2024,ME,23021,Piscataquis County,2024-10-25,11,2189,201,1178,1011,608,924,96,561,1,me-sos,2026-09-06T15:27:58+00:00
2024,ME,23021,Piscataquis County,2024-10-26,10,2208,19,1185,1023,613,933,97,565,1,me-sos,2026-09-06T15:27:58+00:00
2024,ME,23021,Piscataquis County,2024-10-27,9,2209,1,1186,1023,614,933,97,565,1,me-sos,2026-09-06T15:27:58+00:00
2024,ME,23021,Piscataquis County,2024-10-28,8,2399,190,1283,1116,664,1013,102,620,1,me-sos,2026-09-06T15:27:58+00:00
2024,ME,23021,Piscataquis County,2024-10-29,7,2561,162,1345,1216,704,1089,111,657,1,me-sos,2026-09-06T15:27:58+00:00
2024,ME,23021,Piscataquis County,2024-10-30,6,2779,218,1422,1357,746,1185,126,722,1,me-sos,2026-09-06T15:27:58+00:00
2024,ME,23021,Piscataquis County,2024-10-31,5,3116,337,1519,1597,825,1336,148,807,1,me-sos,2026-09-06T15:27:58+00:00
2024,ME,23021,Piscataquis County,2024-11-01,4,3237,121,1600,1637,853,1384,156,844,1,me-sos,2026-09-06T15:27:58+00:00
2024,ME,23021,Piscataquis County,2024-11-02,3,3242,5,1605,1637,855,1386,156,845,1,me-sos,2026-09-06T15:27:58+00:00
2024,ME,23021,Piscataquis County,2024-11-03,2,3243,1,1606,1637,855,1387,156,845,1,me-sos,2026-09-06T15:27:58+00:00
2024,ME,23021,Piscataquis County,2024-11-04,1,3352,109,1692,1660,878,1430,163,881,1,me-sos,2026-09-06T15:27:58+00:00
2024,ME,23021,Piscataquis County,2024-11-05,0,3438,86,1778,1660,889,1460,171,918,1,me-sos,2026-09-06T15:27:58+00:00
2024,ME,23023,Sagadahoc County,2024-09-19,47,2,2,2,0,1,0,0,1,1,me-sos,2026-09-06T15:27:58+00:00
2024,ME,23023,Sagadahoc County,2024-09-20,46,23,21,23,0,15,1,0,7,1,me-sos,2026-09-06T15:27:58+00:00
2024,ME,23023,Sagadahoc County,2024-09-21,45,34,11,34,0,20,1,0,13,1,me-sos,2026-09-06T15:27:58+00:00
2024,ME,23023,Sagadahoc County,2024-09-22,44,41,7,41,0,24,2,1,14,1,me-sos,2026-09-06T15:27:58+00:00
2024,ME,23023,Sagadahoc County,2024-09-23,43,48,7,48,0,30,2,1,15,1,me-sos,2026-09-06T15:27:58+00:00
2024,ME,23023,Sagadahoc County,2024-09-24,42,53,5,53,0,32,4,1,16,1,me-sos,2026-09-06T15:27:58+00:00
2024,ME,23023,Sagadahoc County,2024-09-25,41,55,2,55,0,33,5,1,16,1,me-sos,2026-09-06T15:27:58+00:00
2024,ME,23023,Sagadahoc County,2024-09-26,40,59,4,58,1,34,5,1,19,1,me-sos,2026-09-06T15:27:58+00:00
2024,ME,23023,Sagadahoc County,2024-09-27,39,62,3,60,2,35,5,2,20,1,me-sos,2026-09-06T15:27:58+00:00
2024,ME,23023,Sagadahoc County,2024-09-28,38,67,5,63,4,37,7,2,21,1,me-sos,2026-09-06T15:27:58+00:00
2024,ME,23023,Sagadahoc County,2024-09-29,37,69,2,65,4,38,7,2,22,1,me-sos,2026-09-06T15:27:58+00:00
2024,ME,23023,Sagadahoc County,2024-09-30,36,81,12,73,8,45,7,2,27,1,me-sos,2026-09-06T15:27:58+00:00
2024,ME,23023,Sagadahoc County,2024-10-01,35,103,22,83,20,58,9,3,33,1,me-sos,2026-09-06T15:27:58+00:00
2024,ME,23023,Sagadahoc County,2024-10-02,34,120,17,97,23,70,11,3,36,1,me-sos,2026-09-06T15:27:58+00:00
2024,ME,23023,Sagadahoc County,2024-10-03,33,162,42,124,38,92,19,3,48,1,me-sos,2026-09-06T15:27:58+00:00
2024,ME,23023,Sagadahoc County,2024-10-04,32,179,17,136,43,97,24,3,55,1,me-sos,2026-09-06T15:27:58+00:00
2024,ME,23023,Sagadahoc County,2024-10-05,31,186,7,143,43,102,24,3,57,1,me-sos,2026-09-06T15:27:58+00:00
2024,ME,23023,Sagadahoc County,2024-10-06,30,190,4,147,43,103,24,3,60,1,me-sos,2026-09-06T15:27:58+00:00
2024,ME,23023,Sagadahoc County,2024-10-07,29,447,257,229,218,217,93,13,124,1,me-sos,2026-09-06T15:27:58+00:00
2024,ME,23023,Sagadahoc County,2024-10-08,28,796,349,327,469,411,175,20,190,1,me-sos,2026-09-06T15:27:58+00:00
2024,ME,23023,Sagadahoc County,2024-10-09,27,1153,357,483,670,602,256,32,263,1,me-sos,2026-09-06T15:27:58+00:00
2024,ME,23023,Sagadahoc County,2024-10-10,26,1586,433,710,876,819,347,44,376,1,me-sos,2026-09-06T15:27:58+00:00
2024,ME,23023,Sagadahoc County,2024-10-11,25,1927,341,881,1046,993,419,55,460,1,me-sos,2026-09-06T15:27:58+00:00
2024,ME,23023,Sagadahoc County,2024-10-12,24,1933,6,886,1047,996,421,56,460,1,me-sos,2026-09-06T15:27:58+00:00
2024,ME,23023,Sagadahoc County,2024-10-13,23,1950,17,902,1048,1004,422,57,467,1,me-sos,2026-09-06T15:27:58+00:00
2024,ME,23023,Sagadahoc County,2024-10-14,22,1965,15,915,1050,1013,427,57,468,1,me-sos,2026-09-06T15:27:58+00:00
2024,ME,23023,Sagadahoc County,2024-10-15,21,2922,957,1540,1382,1503,647,81,691,1,me-sos,2026-09-06T15:27:58+00:00
2024,ME,23023,Sagadahoc County,2024-10-16,20,3499,577,1892,1607,1777,784,103,835,1,me-sos,2026-09-06T15:27:58+00:00
2024,ME,23023,Sagadahoc County,2024-10-17,19,4031,532,2186,1845,2026,914,125,966,1,me-sos,2026-09-06T15:27:58+00:00
2024,ME,23023,Sagadahoc County,2024-10-18,18,4393,362,2392,2001,2177,1003,130,1083,1,me-sos,2026-09-06T15:27:58+00:00
2024,ME,23023,Sagadahoc County,2024-10-19,17,4401,8,2397,2004,2182,1005,131,1083,1,me-sos,2026-09-06T15:27:58+00:00
2024,ME,23023,Sagadahoc County,2024-10-20,16,4407,6,2403,2004,2187,1005,131,1084,1,me-sos,2026-09-06T15:27:58+00:00
2024,ME,23023,Sagadahoc County,2024-10-21,15,5147,740,2862,2285,2544,1172,165,1266,1,me-sos,2026-09-06T15:27:58+00:00
2024,ME,23023,Sagadahoc County,2024-10-22,14,5683,536,3149,2534,2793,1307,180,1403,1,me-sos,2026-09-06T15:27:58+00:00
2024,ME,23023,Sagadahoc County,2024-10-23,13,6158,475,3361,2797,2993,1433,200,1532,1,me-sos,2026-09-06T15:27:58+00:00
2024,ME,23023,Sagadahoc County,2024-10-24,12,6777,619,3648,3129,3272,1593,232,1680,1,me-sos,2026-09-06T15:27:58+00:00
2024,ME,23023,Sagadahoc County,2024-10-25,11,7133,356,3820,3313,3421,1680,243,1789,1,me-sos,2026-09-06T15:27:58+00:00
2024,ME,23023,Sagadahoc County,2024-10-26,10,7169,36,3848,3321,3436,1693,243,1797,1,me-sos,2026-09-06T15:27:58+00:00
2024,ME,23023,Sagadahoc County,2024-10-27,9,7171,2,3849,3322,3437,1693,243,1798,1,me-sos,2026-09-06T15:27:58+00:00
2024,ME,23023,Sagadahoc County,2024-10-28,8,8071,900,4327,3744,3835,1907,300,2029,1,me-sos,2026-09-06T15:27:58+00:00
2024,ME,23023,Sagadahoc County,2024-10-29,7,8823,752,4651,4172,4159,2099,337,2228,1,me-sos,2026-09-06T15:27:58+00:00
2024,ME,23023,Sagadahoc County,2024-10-30,6,9546,723,4911,4635,4451,2281,374,2440,1,me-sos,2026-09-06T15:27:58+00:00
2024,ME,23023,Sagadahoc County,2024-10-31,5,10371,825,5177,5194,4766,2513,422,2670,1,me-sos,2026-09-06T15:27:58+00:00
2024,ME,23023,Sagadahoc County,2024-11-01,4,10531,160,5332,5199,4823,2546,430,2732,1,me-sos,2026-09-06T15:27:58+00:00
2024,ME,23023,Sagadahoc County,2024-11-02,3,10538,7,5339,5199,4828,2547,430,2733,1,me-sos,2026-09-06T15:27:58+00:00
2024,ME,23023,Sagadahoc County,2024-11-03,2,10547,9,5348,5199,4832,2548,430,2737,1,me-sos,2026-09-06T15:27:58+00:00
2024,ME,23023,Sagadahoc County,2024-11-04,1,11075,528,5868,5207,5027,2660,461,2927,1,me-sos,2026-09-06T15:27:58+00:00
2024,ME,23023,Sagadahoc County,2024-11-05,0,11316,241,6109,5207,5123,2701,483,3009,1,me-sos,2026-09-06T15:27:58+00:00
2024,ME,23025,Somerset County,2024-08-13,84,1,1,0,1,0,1,0,0,1,me-sos,2026-09-06T15:27:58+00:00
2024,ME,23025,Somerset County,2024-08-14,83,1,0,0,1,0,1,0,0,1,me-sos,2026-09-06T15:27:58+00:00
2024,ME,23025,Somerset County,2024-08-15,82,1,0,0,1,0,1,0,0,1,me-sos,2026-09-06T15:27:58+00:00
2024,ME,23025,Somerset County,2024-08-16,81,1,0,0,1,0,1,0,0,1,me-sos,2026-09-06T15:27:58+00:00
2024,ME,23025,Somerset County,2024-08-17,80,1,0,0,1,0,1,0,0,1,me-sos,2026-09-06T15:27:58+00:00
2024,ME,23025,Somerset County,2024-08-18,79,1,0,0,1,0,1,0,0,1,me-sos,2026-09-06T15:27:58+00:00
2024,ME,23025,Somerset County,2024-08-19,78,1,0,0,1,0,1,0,0,1,me-sos,2026-09-06T15:27:58+00:00
2024,ME,23025,Somerset County,2024-08-20,77,1,0,0,1,0,1,0,0,1,me-sos,2026-09-06T15:27:58+00:00
2024,ME,23025,Somerset County,2024-08-21,76,1,0,0,1,0,1,0,0,1,me-sos,2026-09-06T15:27:58+00:00
2024,ME,23025,Somerset County,2024-08-22,75,1,0,0,1,0,1,0,0,1,me-sos,2026-09-06T15:27:58+00:00
2024,ME,23025,Somerset County,2024-08-23,74,1,0,0,1,0,1,0,0,1,me-sos,2026-09-06T15:27:58+00:00
2024,ME,23025,Somerset County,2024-08-24,73,1,0,0,1,0,1,0,0,1,me-sos,2026-09-06T15:27:58+00:00
2024,ME,23025,Somerset County,2024-08-25,72,1,0,0,1,0,1,0,0,1,me-sos,2026-09-06T15:27:58+00:00
2024,ME,23025,Somerset County,2024-08-26,71,1,0,0,1,0,1,0,0,1,me-sos,2026-09-06T15:27:58+00:00
2024,ME,23025,Somerset County,2024-08-27,70,1,0,0,1,0,1,0,0,1,me-sos,2026-09-06T15:27:58+00:00
2024,ME,23025,Somerset County,2024-08-28,69,1,0,0,1,0,1,0,0,1,me-sos,2026-09-06T15:27:58+00:00
2024,ME,23025,Somerset County,2024-08-29,68,1,0,0,1,0,1,0,0,1,me-sos,2026-09-06T15:27:58+00:00
2024,ME,23025,Somerset County,2024-08-30,67,1,0,0,1,0,1,0,0,1,me-sos,2026-09-06T15:27:58+00:00
2024,ME,23025,Somerset County,2024-08-31,66,1,0,0,1,0,1,0,0,1,me-sos,2026-09-06T15:27:58+00:00
2024,ME,23025,Somerset County,2024-09-01,65,1,0,0,1,0,1,0,0,1,me-sos,2026-09-06T15:27:58+00:00
2024,ME,23025,Somerset County,2024-09-02,64,1,0,0,1,0,1,0,0,1,me-sos,2026-09-06T15:27:58+00:00
2024,ME,23025,Somerset County,2024-09-03,63,1,0,0,1,0,1,0,0,1,me-sos,2026-09-06T15:27:58+00:00
2024,ME,23025,Somerset County,2024-09-04,62,1,0,0,1,0,1,0,0,1,me-sos,2026-09-06T15:27:58+00:00
2024,ME,23025,Somerset County,2024-09-05,61,1,0,0,1,0,1,0,0,1,me-sos,2026-09-06T15:27:58+00:00
2024,ME,23025,Somerset County,2024-09-06,60,1,0,0,1,0,1,0,0,1,me-sos,2026-09-06T15:27:58+00:00
2024,ME,23025,Somerset County,2024-09-07,59,1,0,0,1,0,1,0,0,1,me-sos,2026-09-06T15:27:58+00:00
2024,ME,23025,Somerset County,2024-09-08,58,1,0,0,1,0,1,0,0,1,me-sos,2026-09-06T15:27:58+00:00
2024,ME,23025,Somerset County,2024-09-09,57,1,0,0,1,0,1,0,0,1,me-sos,2026-09-06T15:27:58+00:00
2024,ME,23025,Somerset County,2024-09-10,56,1,0,0,1,0,1,0,0,1,me-sos,2026-09-06T15:27:58+00:00
2024,ME,23025,Somerset County,2024-09-11,55,1,0,0,1,0,1,0,0,1,me-sos,2026-09-06T15:27:58+00:00
2024,ME,23025,Somerset County,2024-09-12,54,1,0,0,1,0,1,0,0,1,me-sos,2026-09-06T15:27:58+00:00
2024,ME,23025,Somerset County,2024-09-13,53,1,0,0,1,0,1,0,0,1,me-sos,2026-09-06T15:27:58+00:00
2024,ME,23025,Somerset County,2024-09-14,52,1,0,0,1,0,1,0,0,1,me-sos,2026-09-06T15:27:58+00:00
2024,ME,23025,Somerset County,2024-09-15,51,1,0,0,1,0,1,0,0,1,me-sos,2026-09-06T15:27:58+00:00
2024,ME,23025,Somerset County,2024-09-16,50,1,0,0,1,0,1,0,0,1,me-sos,2026-09-06T15:27:58+00:00
2024,ME,23025,Somerset County,2024-09-17,49,3,2,0,3,0,2,1,0,1,me-sos,2026-09-06T15:27:58+00:00
2024,ME,23025,Somerset County,2024-09-18,48,3,0,0,3,0,2,1,0,1,me-sos,2026-09-06T15:27:58+00:00
2024,ME,23025,Somerset County,2024-09-19,47,4,1,1,3,1,2,1,0,1,me-sos,2026-09-06T15:27:58+00:00
2024,ME,23025,Somerset County,2024-09-20,46,7,3,4,3,3,2,1,1,1,me-sos,2026-09-06T15:27:58+00:00
2024,ME,23025,Somerset County,2024-09-21,45,10,3,7,3,6,2,1,1,1,me-sos,2026-09-06T15:27:58+00:00
2024,ME,23025,Somerset County,2024-09-22,44,14,4,11,3,8,2,2,2,1,me-sos,2026-09-06T15:27:58+00:00
2024,ME,23025,Somerset County,2024-09-23,43,17,3,14,3,11,2,2,2,1,me-sos,2026-09-06T15:27:58+00:00
2024,ME,23025,Somerset County,2024-09-24,42,21,4,18,3,13,3,2,3,1,me-sos,2026-09-06T15:27:58+00:00
2024,ME,23025,Somerset County,2024-09-25,41,23,2,20,3,15,3,2,3,1,me-sos,2026-09-06T15:27:58+00:00
2024,ME,23025,Somerset County,2024-09-26,40,26,3,23,3,17,3,2,4,1,me-sos,2026-09-06T15:27:58+00:00
2024,ME,23025,Somerset County,2024-09-27,39,28,2,25,3,19,3,2,4,1,me-sos,2026-09-06T15:27:58+00:00
2024,ME,23025,Somerset County,2024-09-28,38,28,0,25,3,19,3,2,4,1,me-sos,2026-09-06T15:27:58+00:00
2024,ME,23025,Somerset County,2024-09-29,37,29,1,26,3,20,3,2,4,1,me-sos,2026-09-06T15:27:58+00:00
2024,ME,23025,Somerset County,2024-09-30,36,38,9,32,6,24,6,2,6,1,me-sos,2026-09-06T15:27:58+00:00
2024,ME,23025,Somerset County,2024-10-01,35,49,11,39,10,27,11,2,9,1,me-sos,2026-09-06T15:27:58+00:00
2024,ME,23025,Somerset County,2024-10-02,34,62,13,46,16,35,13,2,12,1,me-sos,2026-09-06T15:27:58+00:00
2024,ME,23025,Somerset County,2024-10-03,33,100,38,61,39,45,30,5,20,1,me-sos,2026-09-06T15:27:58+00:00
2024,ME,23025,Somerset County,2024-10-04,32,131,31,69,62,58,43,6,24,1,me-sos,2026-09-06T15:27:58+00:00
2024,ME,23025,Somerset County,2024-10-05,31,138,7,70,68,63,45,6,24,1,me-sos,2026-09-06T15:27:58+00:00
2024,ME,23025,Somerset County,2024-10-06,30,139,1,71,68,63,46,6,24,1,me-sos,2026-09-06T15:27:58+00:00
2024,ME,23025,Somerset County,2024-10-07,29,311,172,142,169,139,103,10,59,1,me-sos,2026-09-06T15:27:58+00:00
2024,ME,23025,Somerset County,2024-10-08,28,651,340,342,309,287,217,23,124,1,me-sos,2026-09-06T15:27:58+00:00
2024,ME,23025,Somerset County,2024-10-09,27,883,232,464,419,374,294,44,171,1,me-sos,2026-09-06T15:27:58+00:00
2024,ME,23025,Somerset County,2024-10-10,26,1194,311,676,518,502,397,50,245,1,me-sos,2026-09-06T15:27:58+00:00
2024,ME,23025,Somerset County,2024-10-11,25,1482,288,851,631,603,506,63,310,1,me-sos,2026-09-06T15:27:58+00:00
2024,ME,23025,Somerset County,2024-10-12,24,1494,12,863,631,607,509,63,315,1,me-sos,2026-09-06T15:27:58+00:00
2024,ME,23025,Somerset County,2024-10-13,23,1498,4,867,631,609,510,63,316,1,me-sos,2026-09-06T15:27:58+00:00
2024,ME,23025,Somerset County,2024-10-14,22,1567,69,921,646,643,530,63,331,1,me-sos,2026-09-06T15:27:58+00:00
2024,ME,23025,Somerset County,2024-10-15,21,2287,720,1440,847,911,772,81,523,1,me-sos,2026-09-06T15:27:58+00:00
2024,ME,23025,Somerset County,2024-10-16,20,2711,424,1674,1037,1067,923,94,627,1,me-sos,2026-09-06T15:27:58+00:00
2024,ME,23025,Somerset County,2024-10-17,19,3163,452,1942,1221,1226,1086,108,743,1,me-sos,2026-09-06T15:27:58+00:00
2024,ME,23025,Somerset County,2024-10-18,18,3549,386,2158,1391,1353,1249,126,821,1,me-sos,2026-09-06T15:27:58+00:00
2024,ME,23025,Somerset County,2024-10-19,17,3551,2,2160,1391,1353,1251,126,821,1,me-sos,2026-09-06T15:27:58+00:00
2024,ME,23025,Somerset County,2024-10-20,16,3555,4,2164,1391,1355,1252,126,822,1,me-sos,2026-09-06T15:27:58+00:00
2024,ME,23025,Somerset County,2024-10-21,15,4149,594,2516,1633,1561,1484,146,958,1,me-sos,2026-09-06T15:27:58+00:00
2024,ME,23025,Somerset County,2024-10-22,14,4594,445,2738,1856,1681,1676,169,1068,1,me-sos,2026-09-06T15:27:58+00:00
2024,ME,23025,Somerset County,2024-10-23,13,5023,429,2930,2093,1815,1837,187,1184,1,me-sos,2026-09-06T15:27:58+00:00
2024,ME,23025,Somerset County,2024-10-24,12,5514,491,3178,2336,1965,2038,201,1310,1,me-sos,2026-09-06T15:27:58+00:00
2024,ME,23025,Somerset County,2024-10-25,11,5917,403,3342,2575,2076,2233,214,1394,1,me-sos,2026-09-06T15:27:58+00:00
2024,ME,23025,Somerset County,2024-10-26,10,5923,6,3346,2577,2081,2234,214,1394,1,me-sos,2026-09-06T15:27:58+00:00
2024,ME,23025,Somerset County,2024-10-27,9,5928,5,3351,2577,2084,2235,214,1395,1,me-sos,2026-09-06T15:27:58+00:00
2024,ME,23025,Somerset County,2024-10-28,8,6716,788,3737,2979,2314,2552,248,1602,1,me-sos,2026-09-06T15:27:58+00:00
2024,ME,23025,Somerset County,2024-10-29,7,7323,607,3997,3326,2449,2827,280,1767,1,me-sos,2026-09-06T15:27:58+00:00
2024,ME,23025,Somerset County,2024-10-30,6,8042,719,4256,3786,2597,3134,326,1985,1,me-sos,2026-09-06T15:27:58+00:00
2024,ME,23025,Somerset County,2024-10-31,5,8855,813,4514,4341,2787,3495,379,2194,1,me-sos,2026-09-06T15:27:58+00:00
2024,ME,23025,Somerset County,2024-11-01,4,9107,252,4714,4393,2850,3592,390,2275,1,me-sos,2026-09-06T15:27:58+00:00
2024,ME,23025,Somerset County,2024-11-02,3,9120,13,4725,4395,2856,3596,391,2277,1,me-sos,2026-09-06T15:27:58+00:00
2024,ME,23025,Somerset County,2024-11-03,2,9137,17,4742,4395,2860,3602,393,2282,1,me-sos,2026-09-06T15:27:58+00:00
2024,ME,23025,Somerset County,2024-11-04,1,9523,386,5082,4441,2963,3731,423,2406,1,me-sos,2026-09-06T15:27:58+00:00
2024,ME,23025,Somerset County,2024-11-05,0,9731,208,5290,4441,3021,3794,438,2478,1,me-sos,2026-09-06T15:27:58+00:00
2024,ME,23027,Waldo County,2024-09-04,62,1,1,0,1,1,0,0,0,1,me-sos,2026-09-06T15:27:58+00:00
2024,ME,23027,Waldo County,2024-09-05,61,1,0,0,1,1,0,0,0,1,me-sos,2026-09-06T15:27:58+00:00
2024,ME,23027,Waldo County,2024-09-06,60,1,0,0,1,1,0,0,0,1,me-sos,2026-09-06T15:27:58+00:00
2024,ME,23027,Waldo County,2024-09-07,59,1,0,0,1,1,0,0,0,1,me-sos,2026-09-06T15:27:58+00:00
2024,ME,23027,Waldo County,2024-09-08,58,1,0,0,1,1,0,0,0,1,me-sos,2026-09-06T15:27:58+00:00
2024,ME,23027,Waldo County,2024-09-09,57,1,0,0,1,1,0,0,0,1,me-sos,2026-09-06T15:27:58+00:00
2024,ME,23027,Waldo County,2024-09-10,56,1,0,0,1,1,0,0,0,1,me-sos,2026-09-06T15:27:58+00:00
2024,ME,23027,Waldo County,2024-09-11,55,1,0,0,1,1,0,0,0,1,me-sos,2026-09-06T15:27:58+00:00
2024,ME,23027,Waldo County,2024-09-12,54,1,0,0,1,1,0,0,0,1,me-sos,2026-09-06T15:27:58+00:00
2024,ME,23027,Waldo County,2024-09-13,53,1,0,0,1,1,0,0,0,1,me-sos,2026-09-06T15:27:58+00:00
2024,ME,23027,Waldo County,2024-09-14,52,1,0,0,1,1,0,0,0,1,me-sos,2026-09-06T15:27:58+00:00
2024,ME,23027,Waldo County,2024-09-15,51,1,0,0,1,1,0,0,0,1,me-sos,2026-09-06T15:27:58+00:00
2024,ME,23027,Waldo County,2024-09-16,50,1,0,0,1,1,0,0,0,1,me-sos,2026-09-06T15:27:58+00:00
2024,ME,23027,Waldo County,2024-09-17,49,1,0,0,1,1,0,0,0,1,me-sos,2026-09-06T15:27:58+00:00
2024,ME,23027,Waldo County,2024-09-18,48,1,0,0,1,1,0,0,0,1,me-sos,2026-09-06T15:27:58+00:00
2024,ME,23027,Waldo County,2024-09-19,47,5,4,4,1,5,0,0,0,1,me-sos,2026-09-06T15:27:58+00:00
2024,ME,23027,Waldo County,2024-09-20,46,17,12,16,1,16,0,0,1,1,me-sos,2026-09-06T15:27:58+00:00
2024,ME,23027,Waldo County,2024-09-21,45,19,2,18,1,18,0,0,1,1,me-sos,2026-09-06T15:27:58+00:00
2024,ME,23027,Waldo County,2024-09-22,44,22,3,21,1,19,0,0,3,1,me-sos,2026-09-06T15:27:58+00:00
2024,ME,23027,Waldo County,2024-09-23,43,27,5,26,1,23,0,0,4,1,me-sos,2026-09-06T15:27:58+00:00
2024,ME,23027,Waldo County,2024-09-24,42,29,2,28,1,25,0,0,4,1,me-sos,2026-09-06T15:27:58+00:00
2024,ME,23027,Waldo County,2024-09-25,41,38,9,37,1,30,0,1,7,1,me-sos,2026-09-06T15:27:58+00:00
2024,ME,23027,Waldo County,2024-09-26,40,40,2,39,1,31,1,1,7,1,me-sos,2026-09-06T15:27:58+00:00
2024,ME,23027,Waldo County,2024-09-27,39,41,1,40,1,32,1,1,7,1,me-sos,2026-09-06T15:27:58+00:00
2024,ME,23027,Waldo County,2024-09-28,38,43,2,42,1,33,1,1,8,1,me-sos,2026-09-06T15:27:58+00:00
2024,ME,23027,Waldo County,2024-09-29,37,46,3,45,1,35,1,1,9,1,me-sos,2026-09-06T15:27:58+00:00
2024,ME,23027,Waldo County,2024-09-30,36,51,5,50,1,38,2,1,10,1,me-sos,2026-09-06T15:27:58+00:00
2024,ME,23027,Waldo County,2024-10-01,35,69,18,53,16,47,8,2,12,1,me-sos,2026-09-06T15:27:58+00:00
2024,ME,23027,Waldo County,2024-10-02,34,89,20,63,26,58,14,3,14,1,me-sos,2026-09-06T15:27:58+00:00
2024,ME,23027,Waldo County,2024-10-03,33,130,41,75,55,76,26,7,21,1,me-sos,2026-09-06T15:27:58+00:00
2024,ME,23027,Waldo County,2024-10-04,32,172,42,90,82,101,36,8,27,1,me-sos,2026-09-06T15:27:58+00:00
2024,ME,23027,Waldo County,2024-10-05,31,184,12,97,87,107,40,8,29,1,me-sos,2026-09-06T15:27:58+00:00
2024,ME,23027,Waldo County,2024-10-06,30,190,6,103,87,111,40,10,29,1,me-sos,2026-09-06T15:27:58+00:00
2024,ME,23027,Waldo County,2024-10-07,29,361,171,168,193,208,76,17,60,1,me-sos,2026-09-06T15:27:58+00:00
2024,ME,23027,Waldo County,2024-10-08,28,618,257,293,325,312,152,26,128,1,me-sos,2026-09-06T15:27:58+00:00
2024,ME,23027,Waldo County,2024-10-09,27,892,274,427,465,447,218,38,189,1,me-sos,2026-09-06T15:27:58+00:00
2024,ME,23027,Waldo County,2024-10-10,26,1164,272,589,575,575,293,49,247,1,me-sos,2026-09-06T15:27:58+00:00
2024,ME,23027,Waldo County,2024-10-11,25,1342,178,707,635,673,321,56,292,1,me-sos,2026-09-06T15:27:58+00:00
2024,ME,23027,Waldo County,2024-10-12,24,1361,19,720,641,680,323,57,301,1,me-sos,2026-09-06T15:27:58+00:00
2024,ME,23027,Waldo County,2024-10-13,23,1370,9,729,641,688,324,57,301,1,me-sos,2026-09-06T15:27:58+00:00
2024,ME,23027,Waldo County,2024-10-14,22,1377,7,736,641,691,325,58,303,1,me-sos,2026-09-06T15:27:58+00:00
2024,ME,23027,Waldo County,2024-10-15,21,2073,696,1218,855,1015,501,82,475,1,me-sos,2026-09-06T15:27:58+00:00
2024,ME,23027,Waldo County,2024-10-16,20,2583,510,1508,1075,1276,623,102,582,1,me-sos,2026-09-06T15:27:58+00:00
2024,ME,23027,Waldo County,2024-10-17,19,3006,423,1775,1231,1455,736,121,694,1,me-sos,2026-09-06T15:27:58+00:00
2024,ME,23027,Waldo County,2024-10-18,18,3192,186,1878,1314,1529,796,131,736,1,me-sos,2026-09-06T15:27:58+00:00
2024,ME,23027,Waldo County,2024-10-19,17,3244,52,1918,1326,1554,807,132,751,1,me-sos,2026-09-06T15:27:58+00:00
2024,ME,23027,Waldo County,2024-10-20,16,3254,10,1928,1326,1562,808,132,752,1,me-sos,2026-09-06T15:27:58+00:00
2024,ME,23027,Waldo County,2024-10-21,15,3910,656,2395,1515,1857,989,150,914,1,me-sos,2026-09-06T15:27:58+00:00
2024,ME,23027,Waldo County,2024-10-22,14,4399,489,2680,1719,2078,1116,165,1040,1,me-sos,2026-09-06T15:27:58+00:00
2024,ME,23027,Waldo County,2024-10-23,13,4818,419,2893,1925,2248,1232,189,1149,1,me-sos,2026-09-06T15:27:58+00:00
2024,ME,23027,Waldo County,2024-10-24,12,5313,495,3120,2193,2432,1378,229,1274,1,me-sos,2026-09-06T15:27:58+00:00
2024,ME,23027,Waldo County,2024-10-25,11,5563,250,3233,2330,2532,1462,240,1329,1,me-sos,2026-09-06T15:27:58+00:00
2024,ME,23027,Waldo County,2024-10-26,10,5641,78,3298,2343,2570,1482,242,1347,1,me-sos,2026-09-06T15:27:58+00:00
2024,ME,23027,Waldo County,2024-10-27,9,5648,7,3305,2343,2572,1483,242,1351,1,me-sos,2026-09-06T15:27:58+00:00
2024,ME,23027,Waldo County,2024-10-28,8,6392,744,3722,2670,2885,1696,262,1549,1,me-sos,2026-09-06T15:27:58+00:00
2024,ME,23027,Waldo County,2024-10-29,7,7090,698,4051,3039,3154,1897,296,1743,1,me-sos,2026-09-06T15:27:58+00:00
2024,ME,23027,Waldo County,2024-10-30,6,7797,707,4342,3455,3409,2131,325,1932,1,me-sos,2026-09-06T15:27:58+00:00
2024,ME,23027,Waldo County,2024-10-31,5,8616,819,4647,3969,3695,2402,365,2154,1,me-sos,2026-09-06T15:27:58+00:00
2024,ME,23027,Waldo County,2024-11-01,4,8720,104,4739,3981,3728,2429,368,2195,1,me-sos,2026-09-06T15:27:58+00:00
2024,ME,23027,Waldo County,2024-11-02,3,8729,9,4747,3982,3733,2430,370,2196,1,me-sos,2026-09-06T15:27:58+00:00
2024,ME,23027,Waldo County,2024-11-03,2,8750,21,4768,3982,3737,2436,371,2206,1,me-sos,2026-09-06T15:27:58+00:00
2024,ME,23027,Waldo County,2024-11-04,1,9189,439,5162,4027,3912,2517,411,2349,1,me-sos,2026-09-06T15:27:58+00:00
2024,ME,23027,Waldo County,2024-11-05,0,9453,264,5425,4028,4008,2594,424,2427,1,me-sos,2026-09-06T15:27:58+00:00
2024,ME,23029,Washington County,2024-09-03,63,1,1,0,1,0,0,0,1,1,me-sos,2026-09-06T15:27:58+00:00
2024,ME,23029,Washington County,2024-09-04,62,1,0,0,1,0,0,0,1,1,me-sos,2026-09-06T15:27:58+00:00
2024,ME,23029,Washington County,2024-09-05,61,1,0,0,1,0,0,0,1,1,me-sos,2026-09-06T15:27:58+00:00
2024,ME,23029,Washington County,2024-09-06,60,1,0,0,1,0,0,0,1,1,me-sos,2026-09-06T15:27:58+00:00
2024,ME,23029,Washington County,2024-09-07,59,1,0,0,1,0,0,0,1,1,me-sos,2026-09-06T15:27:58+00:00
2024,ME,23029,Washington County,2024-09-08,58,1,0,0,1,0,0,0,1,1,me-sos,2026-09-06T15:27:58+00:00
2024,ME,23029,Washington County,2024-09-09,57,2,1,0,2,0,0,0,2,1,me-sos,2026-09-06T15:27:58+00:00
2024,ME,23029,Washington County,2024-09-10,56,2,0,0,2,0,0,0,2,1,me-sos,2026-09-06T15:27:58+00:00
2024,ME,23029,Washington County,2024-09-11,55,2,0,0,2,0,0,0,2,1,me-sos,2026-09-06T15:27:58+00:00
2024,ME,23029,Washington County,2024-09-12,54,2,0,0,2,0,0,0,2,1,me-sos,2026-09-06T15:27:58+00:00
2024,ME,23029,Washington County,2024-09-13,53,2,0,0,2,0,0,0,2,1,me-sos,2026-09-06T15:27:58+00:00
2024,ME,23029,Washington County,2024-09-14,52,2,0,0,2,0,0,0,2,1,me-sos,2026-09-06T15:27:58+00:00
2024,ME,23029,Washington County,2024-09-15,51,2,0,0,2,0,0,0,2,1,me-sos,2026-09-06T15:27:58+00:00
2024,ME,23029,Washington County,2024-09-16,50,2,0,0,2,0,0,0,2,1,me-sos,2026-09-06T15:27:58+00:00
2024,ME,23029,Washington County,2024-09-17,49,2,0,0,2,0,0,0,2,1,me-sos,2026-09-06T15:27:58+00:00
2024,ME,23029,Washington County,2024-09-18,48,2,0,0,2,0,0,0,2,1,me-sos,2026-09-06T15:27:58+00:00
2024,ME,23029,Washington County,2024-09-19,47,3,1,1,2,1,0,0,2,1,me-sos,2026-09-06T15:27:58+00:00
2024,ME,23029,Washington County,2024-09-20,46,12,9,10,2,5,2,1,4,1,me-sos,2026-09-06T15:27:58+00:00
2024,ME,23029,Washington County,2024-09-21,45,14,2,12,2,6,3,1,4,1,me-sos,2026-09-06T15:27:58+00:00
2024,ME,23029,Washington County,2024-09-22,44,18,4,16,2,7,3,1,7,1,me-sos,2026-09-06T15:27:58+00:00
2024,ME,23029,Washington County,2024-09-23,43,22,4,19,3,9,4,1,8,1,me-sos,2026-09-06T15:27:58+00:00
2024,ME,23029,Washington County,2024-09-24,42,25,3,22,3,12,4,1,8,1,me-sos,2026-09-06T15:27:58+00:00
2024,ME,23029,Washington County,2024-09-25,41,33,8,30,3,18,4,2,9,1,me-sos,2026-09-06T15:27:58+00:00
2024,ME,23029,Washington County,2024-09-26,40,36,3,33,3,20,5,2,9,1,me-sos,2026-09-06T15:27:58+00:00
2024,ME,23029,Washington County,2024-09-27,39,39,3,35,4,23,5,2,9,1,me-sos,2026-09-06T15:27:58+00:00
2024,ME,23029,Washington County,2024-09-28,38,39,0,35,4,23,5,2,9,1,me-sos,2026-09-06T15:27:58+00:00
2024,ME,23029,Washington County,2024-09-29,37,43,4,39,4,27,5,2,9,1,me-sos,2026-09-06T15:27:58+00:00
2024,ME,23029,Washington County,2024-09-30,36,48,5,44,4,32,5,2,9,1,me-sos,2026-09-06T15:27:58+00:00
2024,ME,23029,Washington County,2024-10-01,35,53,5,48,5,36,6,2,9,1,me-sos,2026-09-06T15:27:58+00:00
2024,ME,23029,Washington County,2024-10-02,34,57,4,52,5,39,6,2,10,1,me-sos,2026-09-06T15:27:58+00:00
2024,ME,23029,Washington County,2024-10-03,33,77,20,60,17,46,15,2,14,1,me-sos,2026-09-06T15:27:58+00:00
2024,ME,23029,Washington County,2024-10-04,32,113,36,76,37,63,31,2,17,1,me-sos,2026-09-06T15:27:58+00:00
2024,ME,23029,Washington County,2024-10-05,31,116,3,76,40,64,33,2,17,1,me-sos,2026-09-06T15:27:58+00:00
2024,ME,23029,Washington County,2024-10-06,30,116,0,76,40,64,33,2,17,1,me-sos,2026-09-06T15:27:58+00:00
2024,ME,23029,Washington County,2024-10-07,29,236,120,129,107,103,79,4,50,1,me-sos,2026-09-06T15:27:58+00:00
2024,ME,23029,Washington County,2024-10-08,28,374,138,212,162,160,134,6,74,1,me-sos,2026-09-06T15:27:58+00:00
2024,ME,23029,Washington County,2024-10-09,27,501,127,292,209,206,182,13,100,1,me-sos,2026-09-06T15:27:58+00:00
2024,ME,23029,Washington County,2024-10-10,26,681,180,411,270,276,246,21,138,1,me-sos,2026-09-06T15:27:58+00:00
2024,ME,23029,Washington County,2024-10-11,25,815,134,508,307,336,290,24,165,1,me-sos,2026-09-06T15:27:58+00:00
2024,ME,23029,Washington County,2024-10-12,24,824,9,512,312,339,292,26,167,1,me-sos,2026-09-06T15:27:58+00:00
2024,ME,23029,Washington County,2024-10-13,23,824,0,512,312,339,292,26,167,1,me-sos,2026-09-06T15:27:58+00:00
2024,ME,23029,Washington County,2024-10-14,22,840,16,527,313,344,298,27,171,1,me-sos,2026-09-06T15:27:58+00:00
2024,ME,23029,Washington County,2024-10-15,21,1224,384,809,415,474,439,43,268,1,me-sos,2026-09-06T15:27:58+00:00
2024,ME,23029,Washington County,2024-10-16,20,1468,244,954,514,587,514,49,318,1,me-sos,2026-09-06T15:27:58+00:00
2024,ME,23029,Washington County,2024-10-17,19,1737,269,1128,609,692,613,63,369,1,me-sos,2026-09-06T15:27:58+00:00
2024,ME,23029,Washington County,2024-10-18,18,1926,189,1248,678,755,685,71,415,1,me-sos,2026-09-06T15:27:58+00:00
2024,ME,23029,Washington County,2024-10-19,17,1945,19,1262,683,759,692,72,422,1,me-sos,2026-09-06T15:27:58+00:00
2024,ME,23029,Washington County,2024-10-20,16,1953,8,1270,683,764,692,72,425,1,me-sos,2026-09-06T15:27:58+00:00
2024,ME,23029,Washington County,2024-10-21,15,2248,295,1438,810,873,807,76,492,1,me-sos,2026-09-06T15:27:58+00:00
2024,ME,23029,Washington County,2024-10-22,14,2558,310,1596,962,975,934,82,567,1,me-sos,2026-09-06T15:27:58+00:00
2024,ME,23029,Washington County,2024-10-23,13,2817,259,1741,1076,1060,1042,93,622,1,me-sos,2026-09-06T15:27:58+00:00
2024,ME,23029,Washington County,2024-10-24,12,3052,235,1876,1176,1122,1137,102,691,1,me-sos,2026-09-06T15:27:58+00:00
2024,ME,23029,Washington County,2024-10-25,11,3309,257,1991,1318,1197,1248,109,755,1,me-sos,2026-09-06T15:27:58+00:00
2024,ME,23029,Washington County,2024-10-26,10,3331,22,2007,1324,1205,1253,111,762,1,me-sos,2026-09-06T15:27:58+00:00
2024,ME,23029,Washington County,2024-10-27,9,3341,10,2017,1324,1209,1254,112,766,1,me-sos,2026-09-06T15:27:58+00:00
2024,ME,23029,Washington County,2024-10-28,8,3712,371,2194,1518,1295,1423,123,871,1,me-sos,2026-09-06T15:27:58+00:00
2024,ME,23029,Washington County,2024-10-29,7,4110,398,2402,1708,1392,1595,146,977,1,me-sos,2026-09-06T15:27:58+00:00
2024,ME,23029,Washington County,2024-10-30,6,4469,359,2554,1915,1474,1760,159,1076,1,me-sos,2026-09-06T15:27:58+00:00
2024,ME,23029,Washington County,2024-10-31,5,4892,423,2706,2186,1570,1957,178,1187,1,me-sos,2026-09-06T15:27:58+00:00
2024,ME,23029,Washington County,2024-11-01,4,5019,127,2811,2208,1615,2000,183,1221,1,me-sos,2026-09-06T15:27:58+00:00
2024,ME,23029,Washington County,2024-11-02,3,5040,21,2825,2215,1621,2008,183,1228,1,me-sos,2026-09-06T15:27:58+00:00
2024,ME,23029,Washington County,2024-11-03,2,5054,14,2839,2215,1623,2014,183,1234,1,me-sos,2026-09-06T15:27:58+00:00
2024,ME,23029,Washington County,2024-11-04,1,5242,188,2998,2244,1674,2090,192,1286,1,me-sos,2026-09-06T15:27:58+00:00
2024,ME,23029,Washington County,2024-11-05,0,5381,139,3134,2247,1721,2134,197,1329,1,me-sos,2026-09-06T15:27:58+00:00
2024,ME,23031,York County,2024-08-15,82,1,1,1,0,0,1,0,0,1,me-sos,2026-09-06T15:27:58+00:00
2024,ME,23031,York County,2024-08-16,81,1,0,1,0,0,1,0,0,1,me-sos,2026-09-06T15:27:58+00:00
2024,ME,23031,York County,2024-08-17,80,1,0,1,0,0,1,0,0,1,me-sos,2026-09-06T15:27:58+00:00
2024,ME,23031,York County,2024-08-18,79,1,0,1,0,0,1,0,0,1,me-sos,2026-09-06T15:27:58+00:00
2024,ME,23031,York County,2024-08-19,78,1,0,1,0,0,1,0,0,1,me-sos,2026-09-06T15:27:58+00:00
2024,ME,23031,York County,2024-08-20,77,1,0,1,0,0,1,0,0,1,me-sos,2026-09-06T15:27:58+00:00
2024,ME,23031,York County,2024-08-21,76,1,0,1,0,0,1,0,0,1,me-sos,2026-09-06T15:27:58+00:00
2024,ME,23031,York County,2024-08-22,75,1,0,1,0,0,1,0,0,1,me-sos,2026-09-06T15:27:58+00:00
2024,ME,23031,York County,2024-08-23,74,1,0,1,0,0,1,0,0,1,me-sos,2026-09-06T15:27:58+00:00
2024,ME,23031,York County,2024-08-24,73,1,0,1,0,0,1,0,0,1,me-sos,2026-09-06T15:27:58+00:00
2024,ME,23031,York County,2024-08-25,72,1,0,1,0,0,1,0,0,1,me-sos,2026-09-06T15:27:58+00:00
2024,ME,23031,York County,2024-08-26,71,2,1,2,0,0,1,0,1,1,me-sos,2026-09-06T15:27:58+00:00
2024,ME,23031,York County,2024-08-27,70,2,0,2,0,0,1,0,1,1,me-sos,2026-09-06T15:27:58+00:00
2024,ME,23031,York County,2024-08-28,69,2,0,2,0,0,1,0,1,1,me-sos,2026-09-06T15:27:58+00:00
2024,ME,23031,York County,2024-08-29,68,2,0,2,0,0,1,0,1,1,me-sos,2026-09-06T15:27:58+00:00
2024,ME,23031,York County,2024-08-30,67,2,0,2,0,0,1,0,1,1,me-sos,2026-09-06T15:27:58+00:00
2024,ME,23031,York County,2024-08-31,66,2,0,2,0,0,1,0,1,1,me-sos,2026-09-06T15:27:58+00:00
2024,ME,23031,York County,2024-09-01,65,2,0,2,0,0,1,0,1,1,me-sos,2026-09-06T15:27:58+00:00
2024,ME,23031,York County,2024-09-02,64,2,0,2,0,0,1,0,1,1,me-sos,2026-09-06T15:27:58+00:00
2024,ME,23031,York County,2024-09-03,63,2,0,2,0,0,1,0,1,1,me-sos,2026-09-06T15:27:58+00:00
2024,ME,23031,York County,2024-09-04,62,2,0,2,0,0,1,0,1,1,me-sos,2026-09-06T15:27:58+00:00
2024,ME,23031,York County,2024-09-05,61,2,0,2,0,0,1,0,1,1,me-sos,2026-09-06T15:27:58+00:00
2024,ME,23031,York County,2024-09-06,60,2,0,2,0,0,1,0,1,1,me-sos,2026-09-06T15:27:58+00:00
2024,ME,23031,York County,2024-09-07,59,2,0,2,0,0,1,0,1,1,me-sos,2026-09-06T15:27:58+00:00
2024,ME,23031,York County,2024-09-08,58,2,0,2,0,0,1,0,1,1,me-sos,2026-09-06T15:27:58+00:00
2024,ME,23031,York County,2024-09-09,57,2,0,2,0,0,1,0,1,1,me-sos,2026-09-06T15:27:58+00:00
2024,ME,23031,York County,2024-09-10,56,2,0,2,0,0,1,0,1,1,me-sos,2026-09-06T15:27:58+00:00
2024,ME,23031,York County,2024-09-11,55,2,0,2,0,0,1,0,1,1,me-sos,2026-09-06T15:27:58+00:00
2024,ME,23031,York County,2024-09-12,54,2,0,2,0,0,1,0,1,1,me-sos,2026-09-06T15:27:58+00:00
2024,ME,23031,York County,2024-09-13,53,2,0,2,0,0,1,0,1,1,me-sos,2026-09-06T15:27:58+00:00
2024,ME,23031,York County,2024-09-14,52,2,0,2,0,0,1,0,1,1,me-sos,2026-09-06T15:27:58+00:00
2024,ME,23031,York County,2024-09-15,51,2,0,2,0,0,1,0,1,1,me-sos,2026-09-06T15:27:58+00:00
2024,ME,23031,York County,2024-09-16,50,2,0,2,0,0,1,0,1,1,me-sos,2026-09-06T15:27:58+00:00
2024,ME,23031,York County,2024-09-17,49,3,1,2,1,0,2,0,1,1,me-sos,2026-09-06T15:27:58+00:00
2024,ME,23031,York County,2024-09-18,48,3,0,2,1,0,2,0,1,1,me-sos,2026-09-06T15:27:58+00:00
2024,ME,23031,York County,2024-09-19,47,16,13,15,1,7,2,0,7,1,me-sos,2026-09-06T15:27:58+00:00
2024,ME,23031,York County,2024-09-20,46,82,66,81,1,58,5,4,15,1,me-sos,2026-09-06T15:27:58+00:00
2024,ME,23031,York County,2024-09-21,45,108,26,107,1,78,5,5,20,1,me-sos,2026-09-06T15:27:58+00:00
2024,ME,23031,York County,2024-09-22,44,133,25,132,1,95,7,5,26,1,me-sos,2026-09-06T15:27:58+00:00
2024,ME,23031,York County,2024-09-23,43,164,31,163,1,116,8,7,33,1,me-sos,2026-09-06T15:27:58+00:00
2024,ME,23031,York County,2024-09-24,42,178,14,177,1,122,10,8,38,1,me-sos,2026-09-06T15:27:58+00:00
2024,ME,23031,York County,2024-09-25,41,206,28,199,7,140,16,8,42,1,me-sos,2026-09-06T15:27:58+00:00
2024,ME,23031,York County,2024-09-26,40,232,26,211,21,154,21,8,49,1,me-sos,2026-09-06T15:27:58+00:00
2024,ME,23031,York County,2024-09-27,39,278,46,236,42,173,30,10,65,1,me-sos,2026-09-06T15:27:58+00:00
2024,ME,23031,York County,2024-09-28,38,288,10,246,42,178,30,12,68,1,me-sos,2026-09-06T15:27:58+00:00
2024,ME,23031,York County,2024-09-29,37,295,7,253,42,184,30,13,68,1,me-sos,2026-09-06T15:27:58+00:00
2024,ME,23031,York County,2024-09-30,36,390,95,321,69,226,53,15,96,1,me-sos,2026-09-06T15:27:58+00:00
2024,ME,23031,York County,2024-10-01,35,515,125,387,128,281,84,17,133,1,me-sos,2026-09-06T15:27:58+00:00
2024,ME,23031,York County,2024-10-02,34,765,250,564,201,399,150,23,193,1,me-sos,2026-09-06T15:27:58+00:00
2024,ME,23031,York County,2024-10-03,33,1005,240,712,293,517,208,31,249,1,me-sos,2026-09-06T15:27:58+00:00
2024,ME,23031,York County,2024-10-04,32,1213,208,858,355,617,261,35,300,1,me-sos,2026-09-06T15:27:58+00:00
2024,ME,23031,York County,2024-10-05,31,1302,89,946,356,663,285,37,317,1,me-sos,2026-09-06T15:27:58+00:00
2024,ME,23031,York County,2024-10-06,30,1336,34,980,356,678,290,37,331,1,me-sos,2026-09-06T15:27:58+00:00
2024,ME,23031,York County,2024-10-07,29,2423,1087,1513,910,1195,557,66,605,1,me-sos,2026-09-06T15:27:58+00:00
2024,ME,23031,York County,2024-10-08,28,3801,1378,2231,1570,1827,912,96,966,1,me-sos,2026-09-06T15:27:58+00:00
2024,ME,23031,York County,2024-10-09,27,5390,1589,3143,2247,2546,1308,147,1389,1,me-sos,2026-09-06T15:27:58+00:00
2024,ME,23031,York County,2024-10-10,26,7164,1774,4326,2838,3385,1739,191,1849,1,me-sos,2026-09-06T15:27:58+00:00
2024,ME,23031,York County,2024-10-11,25,8880,1716,5608,3272,4265,2107,227,2281,1,me-sos,2026-09-06T15:27:58+00:00
2024,ME,23031,York County,2024-10-12,24,8981,101,5709,3272,4318,2124,230,2309,1,me-sos,2026-09-06T15:27:58+00:00
2024,ME,23031,York County,2024-10-13,23,9084,103,5812,3272,4366,2155,233,2330,1,me-sos,2026-09-06T15:27:58+00:00
2024,ME,23031,York County,2024-10-14,22,9298,214,6025,3273,4470,2203,238,2387,1,me-sos,2026-09-06T15:27:58+00:00
2024,ME,23031,York County,2024-10-15,21,13009,3711,8529,4480,6171,3104,313,3421,1,me-sos,2026-09-06T15:27:58+00:00
2024,ME,23031,York County,2024-10-16,20,16732,3723,11309,5423,7899,3989,425,4419,1,me-sos,2026-09-06T15:27:58+00:00
2024,ME,23031,York County,2024-10-17,19,19441,2709,13138,6303,9143,4659,509,5130,1,me-sos,2026-09-06T15:27:58+00:00
2024,ME,23031,York County,2024-10-18,18,21028,1587,14164,6864,9802,5062,563,5601,1,me-sos,2026-09-06T15:27:58+00:00
2024,ME,23031,York County,2024-10-19,17,21798,770,14760,7038,10162,5224,595,5817,1,me-sos,2026-09-06T15:27:58+00:00
2024,ME,23031,York County,2024-10-20,16,22080,282,15042,7038,10305,5285,599,5891,1,me-sos,2026-09-06T15:27:58+00:00
2024,ME,23031,York County,2024-10-21,15,25860,3780,17660,8200,11880,6226,729,7025,1,me-sos,2026-09-06T15:27:58+00:00
2024,ME,23031,York County,2024-10-22,14,28845,2985,19467,9378,13157,7000,832,7856,1,me-sos,2026-09-06T15:27:58+00:00
2024,ME,23031,York County,2024-10-23,13,32105,3260,21492,10613,14418,7942,934,8811,1,me-sos,2026-09-06T15:27:58+00:00
2024,ME,23031,York County,2024-10-24,12,35405,3300,23452,11953,15708,8834,1064,9799,1,me-sos,2026-09-06T15:27:58+00:00
2024,ME,23031,York County,2024-10-25,11,37817,2412,24927,12890,16653,9453,1149,10562,1,me-sos,2026-09-06T15:27:58+00:00
2024,ME,23031,York County,2024-10-26,10,38565,748,25329,13236,16943,9646,1176,10800,1,me-sos,2026-09-06T15:27:58+00:00
2024,ME,23031,York County,2024-10-27,9,39107,542,25762,13345,17161,9759,1188,10999,1,me-sos,2026-09-06T15:27:58+00:00
2024,ME,23031,York County,2024-10-28,8,43834,4727,28392,15442,18941,11035,1397,12461,1,me-sos,2026-09-06T15:27:58+00:00
2024,ME,23031,York County,2024-10-29,7,48284,4450,30848,17436,20631,12303,1558,13792,1,me-sos,2026-09-06T15:27:58+00:00
2024,ME,23031,York County,2024-10-30,6,52830,4546,33048,19782,22253,13604,1759,15214,1,me-sos,2026-09-06T15:27:58+00:00
2024,ME,23031,York County,2024-10-31,5,57664,4834,35256,22408,23921,14955,1954,16834,1,me-sos,2026-09-06T15:27:58+00:00
2024,ME,23031,York County,2024-11-01,4,59073,1409,36581,22492,24474,15270,2013,17316,1,me-sos,2026-09-06T15:27:58+00:00
2024,ME,23031,York County,2024-11-02,3,59498,425,37000,22498,24631,15362,2041,17464,1,me-sos,2026-09-06T15:27:58+00:00
2024,ME,23031,York County,2024-11-03,2,60095,597,37597,22498,24861,15471,2064,17699,1,me-sos,2026-09-06T15:27:58+00:00
2024,ME,23031,York County,2024-11-04,1,63621,3526,41047,22574,26154,16206,2253,19008,1,me-sos,2026-09-06T15:27:58+00:00
2024,ME,23031,York County,2024-11-05,0,66118,2497,43543,22575,27116,16676,2420,19906,1,me-sos,2026-09-06T15:27:58+00:00
