cycle,state,county_fips,county_name,date,days_to_election,ballots_total,ballots_new,mail_returned,inperson,party_dem,party_rep,party_oth,party_npa,source_tier,source_name,retrieved_at
2022,OH,39001,Adams County,2022-11-08,0,3205,,1380,1825,,,,,1,oh-sos,2026-09-06T15:38:21+00:00
2022,OH,39003,Allen County,2022-11-08,0,9406,,4855,4551,,,,,1,oh-sos,2026-09-06T15:38:21+00:00
2022,OH,39005,Ashland County,2022-11-08,0,7118,,2998,4120,,,,,1,oh-sos,2026-09-06T15:38:21+00:00
2022,OH,39007,Ashtabula County,2022-11-08,0,9025,,6015,3010,,,,,1,oh-sos,2026-09-06T15:38:21+00:00
2022,OH,39009,Athens County,2022-11-08,0,7108,,4033,3075,,,,,1,oh-sos,2026-09-06T15:38:21+00:00
2022,OH,39011,Auglaize County,2022-11-08,0,4972,,2616,2356,,,,,1,oh-sos,2026-09-06T15:38:21+00:00
2022,OH,39013,Belmont County,2022-11-08,0,9918,,7055,2863,,,,,1,oh-sos,2026-09-06T15:38:21+00:00
2022,OH,39015,Brown County,2022-11-08,0,4677,,2300,2377,,,,,1,oh-sos,2026-09-06T15:38:21+00:00
2022,OH,39017,Butler County,2022-11-08,0,44592,,22092,22500,,,,,1,oh-sos,2026-09-06T15:38:21+00:00
2022,OH,39019,Carroll County,2022-11-08,0,3120,,1882,1238,,,,,1,oh-sos,2026-09-06T15:38:21+00:00
2022,OH,39021,Champaign County,2022-11-08,0,5142,,2347,2795,,,,,1,oh-sos,2026-09-06T15:38:21+00:00
2022,OH,39023,Clark County,2022-11-08,0,15086,,7720,7366,,,,,1,oh-sos,2026-09-06T15:38:21+00:00
2022,OH,39025,Clermont County,2022-11-08,0,26442,,17897,8545,,,,,1,oh-sos,2026-09-06T15:38:21+00:00
2022,OH,39027,Clinton County,2022-11-08,0,5020,,2123,2897,,,,,1,oh-sos,2026-09-06T15:38:21+00:00
2022,OH,39029,Columbiana County,2022-11-08,0,8777,,5877,2900,,,,,1,oh-sos,2026-09-06T15:38:21+00:00
2022,OH,39031,Coshocton County,2022-11-08,0,4909,,2373,2536,,,,,1,oh-sos,2026-09-06T15:38:21+00:00
2022,OH,39033,Crawford County,2022-11-08,0,5442,,2899,2543,,,,,1,oh-sos,2026-09-06T15:38:21+00:00
2022,OH,39035,Cuyahoga County,2022-11-08,0,157007,,137081,19926,,,,,1,oh-sos,2026-09-06T15:38:21+00:00
2022,OH,39037,Darke County,2022-11-08,0,6082,,2459,3623,,,,,1,oh-sos,2026-09-06T15:38:21+00:00
2022,OH,39039,Defiance County,2022-11-08,0,5712,,1976,3736,,,,,1,oh-sos,2026-09-06T15:38:21+00:00
2022,OH,39041,Delaware County,2022-11-08,0,36664,,21487,15177,,,,,1,oh-sos,2026-09-06T15:38:21+00:00
2022,OH,39043,Erie County,2022-11-08,0,11271,,6560,4711,,,,,1,oh-sos,2026-09-06T15:38:21+00:00
2022,OH,39045,Fairfield County,2022-11-08,0,22371,,12765,9606,,,,,1,oh-sos,2026-09-06T15:38:21+00:00
2022,OH,39047,Fayette County,2022-11-08,0,2703,,1107,1596,,,,,1,oh-sos,2026-09-06T15:38:21+00:00
2022,OH,39049,Franklin County,2022-11-08,0,151933,,103082,48851,,,,,1,oh-sos,2026-09-06T15:38:21+00:00
2022,OH,39051,Fulton County,2022-11-08,0,4944,,2099,2845,,,,,1,oh-sos,2026-09-06T15:38:21+00:00
2022,OH,39053,Gallia County,2022-11-08,0,3459,,1836,1623,,,,,1,oh-sos,2026-09-06T15:38:21+00:00
2022,OH,39055,Geauga County,2022-11-08,0,16174,,11573,4601,,,,,1,oh-sos,2026-09-06T15:38:21+00:00
2022,OH,39057,Greene County,2022-11-08,0,25784,,13607,12177,,,,,1,oh-sos,2026-09-06T15:38:21+00:00
2022,OH,39059,Guernsey County,2022-11-08,0,4356,,2710,1646,,,,,1,oh-sos,2026-09-06T15:38:21+00:00
2022,OH,39061,Hamilton County,2022-11-08,0,99404,,64953,34451,,,,,1,oh-sos,2026-09-06T15:38:21+00:00
2022,OH,39063,Hancock County,2022-11-08,0,9680,,4032,5648,,,,,1,oh-sos,2026-09-06T15:38:21+00:00
2022,OH,39065,Hardin County,2022-11-08,0,3172,,1442,1730,,,,,1,oh-sos,2026-09-06T15:38:21+00:00
2022,OH,39067,Harrison County,2022-11-08,0,1618,,1096,522,,,,,1,oh-sos,2026-09-06T15:38:21+00:00
2022,OH,39069,Henry County,2022-11-08,0,3539,,1382,2157,,,,,1,oh-sos,2026-09-06T15:38:21+00:00
2022,OH,39071,Highland County,2022-11-08,0,4677,,1928,2749,,,,,1,oh-sos,2026-09-06T15:38:21+00:00
2022,OH,39073,Hocking County,2022-11-08,0,4419,,1951,2468,,,,,1,oh-sos,2026-09-06T15:38:21+00:00
2022,OH,39075,Holmes County,2022-11-08,0,2853,,1400,1453,,,,,1,oh-sos,2026-09-06T15:38:21+00:00
2022,OH,39077,Huron County,2022-11-08,0,6560,,3545,3015,,,,,1,oh-sos,2026-09-06T15:38:21+00:00
2022,OH,39079,Jackson County,2022-11-08,0,4025,,1745,2280,,,,,1,oh-sos,2026-09-06T15:38:21+00:00
2022,OH,39081,Jefferson County,2022-11-08,0,7935,,4978,2957,,,,,1,oh-sos,2026-09-06T15:38:21+00:00
2022,OH,39083,Knox County,2022-11-08,0,8612,,4621,3991,,,,,1,oh-sos,2026-09-06T15:38:21+00:00
2022,OH,39085,Lake County,2022-11-08,0,35510,,25155,10355,,,,,1,oh-sos,2026-09-06T15:38:21+00:00
2022,OH,39087,Lawrence County,2022-11-08,0,4751,,3488,1263,,,,,1,oh-sos,2026-09-06T15:38:21+00:00
2022,OH,39089,Licking County,2022-11-08,0,25452,,15685,9767,,,,,1,oh-sos,2026-09-06T15:38:21+00:00
2022,OH,39091,Logan County,2022-11-08,0,8090,,2665,5425,,,,,1,oh-sos,2026-09-06T15:38:21+00:00
2022,OH,39093,Lorain County,2022-11-08,0,44278,,27586,16692,,,,,1,oh-sos,2026-09-06T15:38:21+00:00
2022,OH,39095,Lucas County,2022-11-08,0,45804,,26935,18869,,,,,1,oh-sos,2026-09-06T15:38:21+00:00
2022,OH,39097,Madison County,2022-11-08,0,5541,,3231,2310,,,,,1,oh-sos,2026-09-06T15:38:21+00:00
2022,OH,39099,Mahoning County,2022-11-08,0,30648,,21310,9338,,,,,1,oh-sos,2026-09-06T15:38:21+00:00
2022,OH,39101,Marion County,2022-11-08,0,7906,,3584,4322,,,,,1,oh-sos,2026-09-06T15:38:21+00:00
2022,OH,39103,Medina County,2022-11-08,0,32136,,17322,14814,,,,,1,oh-sos,2026-09-06T15:38:21+00:00
2022,OH,39105,Meigs County,2022-11-08,0,2386,,1182,1204,,,,,1,oh-sos,2026-09-06T15:38:21+00:00
2022,OH,39107,Mercer County,2022-11-08,0,6469,,2549,3920,,,,,1,oh-sos,2026-09-06T15:38:21+00:00
2022,OH,39109,Miami County,2022-11-08,0,16026,,7065,8961,,,,,1,oh-sos,2026-09-06T15:38:21+00:00
2022,OH,39111,Monroe County,2022-11-08,0,2020,,1118,902,,,,,1,oh-sos,2026-09-06T15:38:21+00:00
2022,OH,39113,Montgomery County,2022-11-08,0,57343,,38543,18800,,,,,1,oh-sos,2026-09-06T15:38:21+00:00
2022,OH,39115,Morgan County,2022-11-08,0,2160,,967,1193,,,,,1,oh-sos,2026-09-06T15:38:21+00:00
2022,OH,39117,Morrow County,2022-11-08,0,3999,,1899,2100,,,,,1,oh-sos,2026-09-06T15:38:21+00:00
2022,OH,39119,Muskingum County,2022-11-08,0,11148,,5789,5359,,,,,1,oh-sos,2026-09-06T15:38:21+00:00
2022,OH,39121,Noble County,2022-11-08,0,2008,,927,1081,,,,,1,oh-sos,2026-09-06T15:38:21+00:00
2022,OH,39123,Ottawa County,2022-11-08,0,6658,,3979,2679,,,,,1,oh-sos,2026-09-06T15:38:21+00:00
2022,OH,39125,Paulding County,2022-11-08,0,2603,,1041,1562,,,,,1,oh-sos,2026-09-06T15:38:21+00:00
2022,OH,39127,Perry County,2022-11-08,0,4247,,2365,1882,,,,,1,oh-sos,2026-09-06T15:38:21+00:00
2022,OH,39129,Pickaway County,2022-11-08,0,6631,,3589,3042,,,,,1,oh-sos,2026-09-06T15:38:21+00:00
2022,OH,39131,Pike County,2022-11-08,0,3597,,1821,1776,,,,,1,oh-sos,2026-09-06T15:38:21+00:00
2022,OH,39133,Portage County,2022-11-08,0,19278,,13142,6136,,,,,1,oh-sos,2026-09-06T15:38:21+00:00
2022,OH,39135,Preble County,2022-11-08,0,3936,,2013,1923,,,,,1,oh-sos,2026-09-06T15:38:21+00:00
2022,OH,39137,Putnam County,2022-11-08,0,5090,,2241,2849,,,,,1,oh-sos,2026-09-06T15:38:21+00:00
2022,OH,39139,Richland County,2022-11-08,0,14905,,6343,8562,,,,,1,oh-sos,2026-09-06T15:38:21+00:00
2022,OH,39141,Ross County,2022-11-08,0,9298,,4644,4654,,,,,1,oh-sos,2026-09-06T15:38:21+00:00
2022,OH,39143,Sandusky County,2022-11-08,0,5747,,3248,2499,,,,,1,oh-sos,2026-09-06T15:38:21+00:00
2022,OH,39145,Scioto County,2022-11-08,0,6867,,3938,2929,,,,,1,oh-sos,2026-09-06T15:38:21+00:00
2022,OH,39147,Seneca County,2022-11-08,0,5174,,2991,2183,,,,,1,oh-sos,2026-09-06T15:38:21+00:00
2022,OH,39149,Shelby County,2022-11-08,0,5890,,2687,3203,,,,,1,oh-sos,2026-09-06T15:38:21+00:00
2022,OH,39151,Stark County,2022-11-08,0,42856,,29035,13821,,,,,1,oh-sos,2026-09-06T15:38:21+00:00
2022,OH,39153,Summit County,2022-11-08,0,66900,,49654,17246,,,,,1,oh-sos,2026-09-06T15:38:21+00:00
2022,OH,39155,Trumbull County,2022-11-08,0,26913,,16188,10725,,,,,1,oh-sos,2026-09-06T15:38:21+00:00
2022,OH,39157,Tuscarawas County,2022-11-08,0,10506,,7071,3435,,,,,1,oh-sos,2026-09-06T15:38:21+00:00
2022,OH,39159,Union County,2022-11-08,0,11046,,4435,6611,,,,,1,oh-sos,2026-09-06T15:38:21+00:00
2022,OH,39161,Van Wert County,2022-11-08,0,4653,,1433,3220,,,,,1,oh-sos,2026-09-06T15:38:21+00:00
2022,OH,39163,Vinton County,2022-11-08,0,1404,,902,502,,,,,1,oh-sos,2026-09-06T15:38:21+00:00
2022,OH,39165,Warren County,2022-11-08,0,41350,,23081,18269,,,,,1,oh-sos,2026-09-06T15:38:21+00:00
2022,OH,39167,Washington County,2022-11-08,0,9964,,4271,5693,,,,,1,oh-sos,2026-09-06T15:38:21+00:00
2022,OH,39169,Wayne County,2022-11-08,0,12649,,6802,5847,,,,,1,oh-sos,2026-09-06T15:38:21+00:00
2022,OH,39171,Williams County,2022-11-08,0,3798,,1773,2025,,,,,1,oh-sos,2026-09-06T15:38:21+00:00
2022,OH,39173,Wood County,2022-11-08,0,16800,,9033,7767,,,,,1,oh-sos,2026-09-06T15:38:21+00:00
2022,OH,39175,Wyandot County,2022-11-08,0,2635,,1282,1353,,,,,1,oh-sos,2026-09-06T15:38:21+00:00
2024,OH,39001,Adams County,2024-11-05,0,6966,,1701,5265,,,,,1,oh-sos,2026-09-06T15:28:53+00:00
2024,OH,39003,Allen County,2024-11-05,0,18771,,5658,13113,,,,,1,oh-sos,2026-09-06T15:28:53+00:00
2024,OH,39005,Ashland County,2024-11-05,0,13593,,3553,10040,,,,,1,oh-sos,2026-09-06T15:28:53+00:00
2024,OH,39007,Ashtabula County,2024-11-05,0,16411,,6890,9521,,,,,1,oh-sos,2026-09-06T15:28:53+00:00
2024,OH,39009,Athens County,2024-11-05,0,11657,,4345,7312,,,,,1,oh-sos,2026-09-06T15:28:53+00:00
2024,OH,39011,Auglaize County,2024-11-05,0,11250,,3155,8095,,,,,1,oh-sos,2026-09-06T15:28:53+00:00
2024,OH,39013,Belmont County,2024-11-05,0,15401,,7570,7831,,,,,1,oh-sos,2026-09-06T15:28:53+00:00
2024,OH,39015,Brown County,2024-11-05,0,9649,,2764,6885,,,,,1,oh-sos,2026-09-06T15:28:53+00:00
2024,OH,39017,Butler County,2024-11-05,0,86336,,25598,60738,,,,,1,oh-sos,2026-09-06T15:28:53+00:00
2024,OH,39019,Carroll County,2024-11-05,0,5629,,2007,3622,,,,,1,oh-sos,2026-09-06T15:28:53+00:00
2024,OH,39021,Champaign County,2024-11-05,0,10504,,2528,7976,,,,,1,oh-sos,2026-09-06T15:28:53+00:00
2024,OH,39023,Clark County,2024-11-05,0,30018,,9037,20981,,,,,1,oh-sos,2026-09-06T15:28:53+00:00
2024,OH,39025,Clermont County,2024-11-05,0,48638,,21319,27319,,,,,1,oh-sos,2026-09-06T15:28:53+00:00
2024,OH,39027,Clinton County,2024-11-05,0,10065,,2470,7595,,,,,1,oh-sos,2026-09-06T15:28:53+00:00
2024,OH,39029,Columbiana County,2024-11-05,0,18450,,6705,11745,,,,,1,oh-sos,2026-09-06T15:28:53+00:00
2024,OH,39031,Coshocton County,2024-11-05,0,8991,,2761,6230,,,,,1,oh-sos,2026-09-06T15:28:53+00:00
2024,OH,39033,Crawford County,2024-11-05,0,9539,,3196,6343,,,,,1,oh-sos,2026-09-06T15:28:53+00:00
2024,OH,39035,Cuyahoga County,2024-11-05,0,230262,,167514,62748,,,,,1,oh-sos,2026-09-06T15:28:53+00:00
2024,OH,39037,Darke County,2024-11-05,0,12923,,2869,10054,,,,,1,oh-sos,2026-09-06T15:28:53+00:00
2024,OH,39039,Defiance County,2024-11-05,0,10429,,2330,8099,,,,,1,oh-sos,2026-09-06T15:28:53+00:00
2024,OH,39041,Delaware County,2024-11-05,0,68471,,23888,44583,,,,,1,oh-sos,2026-09-06T15:28:53+00:00
2024,OH,39043,Erie County,2024-11-05,0,19756,,7421,12335,,,,,1,oh-sos,2026-09-06T15:28:53+00:00
2024,OH,39045,Fairfield County,2024-11-05,0,41964,,14738,27226,,,,,1,oh-sos,2026-09-06T15:28:53+00:00
2024,OH,39047,Fayette County,2024-11-05,0,5883,,1352,4531,,,,,1,oh-sos,2026-09-06T15:28:53+00:00
2024,OH,39049,Franklin County,2024-11-05,0,254906,,127797,127109,,,,,1,oh-sos,2026-09-06T15:28:53+00:00
2024,OH,39051,Fulton County,2024-11-05,0,10098,,2395,7703,,,,,1,oh-sos,2026-09-06T15:28:53+00:00
2024,OH,39053,Gallia County,2024-11-05,0,6246,,2248,3998,,,,,1,oh-sos,2026-09-06T15:28:53+00:00
2024,OH,39055,Geauga County,2024-11-05,0,26889,,12899,13990,,,,,1,oh-sos,2026-09-06T15:28:53+00:00
2024,OH,39057,Greene County,2024-11-05,0,50162,,15425,34737,,,,,1,oh-sos,2026-09-06T15:28:53+00:00
2024,OH,39059,Guernsey County,2024-11-05,0,7850,,2956,4894,,,,,1,oh-sos,2026-09-06T15:28:53+00:00
2024,OH,39061,Hamilton County,2024-11-05,0,170134,,74174,95960,,,,,1,oh-sos,2026-09-06T15:28:53+00:00
2024,OH,39063,Hancock County,2024-11-05,0,19633,,4875,14758,,,,,1,oh-sos,2026-09-06T15:28:53+00:00
2024,OH,39065,Hardin County,2024-11-05,0,5861,,1669,4192,,,,,1,oh-sos,2026-09-06T15:28:53+00:00
2024,OH,39067,Harrison County,2024-11-05,0,2817,,1185,1632,,,,,1,oh-sos,2026-09-06T15:28:53+00:00
2024,OH,39069,Henry County,2024-11-05,0,7443,,1618,5825,,,,,1,oh-sos,2026-09-06T15:28:53+00:00
2024,OH,39071,Highland County,2024-11-05,0,9443,,2362,7081,,,,,1,oh-sos,2026-09-06T15:28:53+00:00
2024,OH,39073,Hocking County,2024-11-05,0,7694,,2101,5593,,,,,1,oh-sos,2026-09-06T15:28:53+00:00
2024,OH,39075,Holmes County,2024-11-05,0,6283,,1782,4501,,,,,1,oh-sos,2026-09-06T15:28:53+00:00
2024,OH,39077,Huron County,2024-11-05,0,12486,,3818,8668,,,,,1,oh-sos,2026-09-06T15:28:53+00:00
2024,OH,39079,Jackson County,2024-11-05,0,8697,,2130,6567,,,,,1,oh-sos,2026-09-06T15:28:53+00:00
2024,OH,39081,Jefferson County,2024-11-05,0,14310,,5616,8694,,,,,1,oh-sos,2026-09-06T15:28:53+00:00
2024,OH,39083,Knox County,2024-11-05,0,17265,,5138,12127,,,,,1,oh-sos,2026-09-06T15:28:53+00:00
2024,OH,39085,Lake County,2024-11-05,0,60375,,27605,32770,,,,,1,oh-sos,2026-09-06T15:28:53+00:00
2024,OH,39087,Lawrence County,2024-11-05,0,10559,,4179,6380,,,,,1,oh-sos,2026-09-06T15:28:53+00:00
2024,OH,39089,Licking County,2024-11-05,0,48846,,18300,30546,,,,,1,oh-sos,2026-09-06T15:28:53+00:00
2024,OH,39091,Logan County,2024-11-05,0,16144,,2950,13194,,,,,1,oh-sos,2026-09-06T15:28:53+00:00
2024,OH,39093,Lorain County,2024-11-05,0,74330,,32675,41655,,,,,1,oh-sos,2026-09-06T15:28:53+00:00
2024,OH,39095,Lucas County,2024-11-05,0,83533,,33480,50053,,,,,1,oh-sos,2026-09-06T15:28:53+00:00
2024,OH,39097,Madison County,2024-11-05,0,10803,,3502,7301,,,,,1,oh-sos,2026-09-06T15:28:53+00:00
2024,OH,39099,Mahoning County,2024-11-05,0,50293,,22892,27401,,,,,1,oh-sos,2026-09-06T15:28:53+00:00
2024,OH,39101,Marion County,2024-11-05,0,15281,,3692,11589,,,,,1,oh-sos,2026-09-06T15:28:53+00:00
2024,OH,39103,Medina County,2024-11-05,0,56627,,19317,37310,,,,,1,oh-sos,2026-09-06T15:28:53+00:00
2024,OH,39105,Meigs County,2024-11-05,0,4544,,1385,3159,,,,,1,oh-sos,2026-09-06T15:28:53+00:00
2024,OH,39107,Mercer County,2024-11-05,0,13101,,2965,10136,,,,,1,oh-sos,2026-09-06T15:28:53+00:00
2024,OH,39109,Miami County,2024-11-05,0,31348,,8181,23167,,,,,1,oh-sos,2026-09-06T15:28:53+00:00
2024,OH,39111,Monroe County,2024-11-05,0,3283,,1228,2055,,,,,1,oh-sos,2026-09-06T15:28:53+00:00
2024,OH,39113,Montgomery County,2024-11-05,0,106092,,47288,58804,,,,,1,oh-sos,2026-09-06T15:28:53+00:00
2024,OH,39115,Morgan County,2024-11-05,0,3576,,1072,2504,,,,,1,oh-sos,2026-09-06T15:28:53+00:00
2024,OH,39117,Morrow County,2024-11-05,0,8516,,2319,6197,,,,,1,oh-sos,2026-09-06T15:28:53+00:00
2024,OH,39119,Muskingum County,2024-11-05,0,19808,,6501,13307,,,,,1,oh-sos,2026-09-06T15:28:53+00:00
2024,OH,39121,Noble County,2024-11-05,0,3183,,971,2212,,,,,1,oh-sos,2026-09-06T15:28:53+00:00
2024,OH,39123,Ottawa County,2024-11-05,0,11939,,4339,7600,,,,,1,oh-sos,2026-09-06T15:28:53+00:00
2024,OH,39125,Paulding County,2024-11-05,0,4763,,1109,3654,,,,,1,oh-sos,2026-09-06T15:28:53+00:00
2024,OH,39127,Perry County,2024-11-05,0,7827,,2564,5263,,,,,1,oh-sos,2026-09-06T15:28:53+00:00
2024,OH,39129,Pickaway County,2024-11-05,0,13118,,3998,9120,,,,,1,oh-sos,2026-09-06T15:28:53+00:00
2024,OH,39131,Pike County,2024-11-05,0,6824,,2127,4697,,,,,1,oh-sos,2026-09-06T15:28:53+00:00
2024,OH,39133,Portage County,2024-11-05,0,34098,,15656,18442,,,,,1,oh-sos,2026-09-06T15:28:53+00:00
2024,OH,39135,Preble County,2024-11-05,0,9119,,2253,6866,,,,,1,oh-sos,2026-09-06T15:28:53+00:00
2024,OH,39137,Putnam County,2024-11-05,0,10064,,2361,7703,,,,,1,oh-sos,2026-09-06T15:28:53+00:00
2024,OH,39139,Richland County,2024-11-05,0,30584,,7418,23166,,,,,1,oh-sos,2026-09-06T15:28:53+00:00
2024,OH,39141,Ross County,2024-11-05,0,16998,,4788,12210,,,,,1,oh-sos,2026-09-06T15:28:53+00:00
2024,OH,39143,Sandusky County,2024-11-05,0,11563,,3863,7700,,,,,1,oh-sos,2026-09-06T15:28:53+00:00
2024,OH,39145,Scioto County,2024-11-05,0,13759,,4615,9144,,,,,1,oh-sos,2026-09-06T15:28:53+00:00
2024,OH,39147,Seneca County,2024-11-05,0,10222,,3436,6786,,,,,1,oh-sos,2026-09-06T15:28:53+00:00
2024,OH,39149,Shelby County,2024-11-05,0,12243,,3008,9235,,,,,1,oh-sos,2026-09-06T15:28:53+00:00
2024,OH,39151,Stark County,2024-11-05,0,78251,,34033,44218,,,,,1,oh-sos,2026-09-06T15:28:53+00:00
2024,OH,39153,Summit County,2024-11-05,0,109972,,59378,50594,,,,,1,oh-sos,2026-09-06T15:28:53+00:00
2024,OH,39155,Trumbull County,2024-11-05,0,41614,,18574,23040,,,,,1,oh-sos,2026-09-06T15:28:53+00:00
2024,OH,39157,Tuscarawas County,2024-11-05,0,17646,,8408,9238,,,,,1,oh-sos,2026-09-06T15:28:53+00:00
2024,OH,39159,Union County,2024-11-05,0,22555,,5107,17448,,,,,1,oh-sos,2026-09-06T15:28:53+00:00
2024,OH,39161,Van Wert County,2024-11-05,0,9028,,1669,7359,,,,,1,oh-sos,2026-09-06T15:28:53+00:00
2024,OH,39163,Vinton County,2024-11-05,0,2915,,1132,1783,,,,,1,oh-sos,2026-09-06T15:28:53+00:00
2024,OH,39165,Warren County,2024-11-05,0,77068,,26441,50627,,,,,1,oh-sos,2026-09-06T15:28:53+00:00
2024,OH,39167,Washington County,2024-11-05,0,18094,,4510,13584,,,,,1,oh-sos,2026-09-06T15:28:53+00:00
2024,OH,39169,Wayne County,2024-11-05,0,24903,,7825,17078,,,,,1,oh-sos,2026-09-06T15:28:53+00:00
2024,OH,39171,Williams County,2024-11-05,0,8090,,2015,6075,,,,,1,oh-sos,2026-09-06T15:28:53+00:00
2024,OH,39173,Wood County,2024-11-05,0,31442,,10458,20984,,,,,1,oh-sos,2026-09-06T15:28:53+00:00
2024,OH,39175,Wyandot County,2024-11-05,0,6036,,1352,4684,,,,,1,oh-sos,2026-09-06T15:28:53+00:00
2026,OH,39001,Adams County,2026-09-22,42,0,,0,0,,,,,1,oh-sos,2026-09-22T20:56:53+00:00
2026,OH,39001,Adams County,2026-09-23,41,0,,0,0,,,,,1,oh-sos,2026-09-23T16:07:19+00:00
2026,OH,39001,Adams County,2026-09-24,40,0,,0,0,,,,,1,oh-sos,2026-09-24T18:11:39+00:00
2026,OH,39001,Adams County,2026-09-25,39,0,,0,0,,,,,1,oh-sos,2026-09-25T15:00:58+00:00
2026,OH,39001,Adams County,2026-09-28,36,1,,1,0,,,,,1,oh-sos,2026-09-28T17:43:24+00:00
2026,OH,39001,Adams County,2026-09-29,35,2,,2,0,,,,,1,oh-sos,2026-09-29T20:28:18+00:00
2026,OH,39001,Adams County,2026-10-01,33,2,,2,0,,,,,1,oh-sos,2026-10-01T16:53:36+00:00
2026,OH,39001,Adams County,2026-10-02,32,2,,2,0,,,,,1,oh-sos,2026-10-02T17:28:10+00:00
2026,OH,39001,Adams County,2026-10-05,29,2,,2,0,,,,,1,oh-sos,2026-10-05T19:04:38+00:00
2026,OH,39001,Adams County,2026-10-06,28,2,,2,0,,,,,1,oh-sos,2026-10-06T16:30:45+00:00
2026,OH,39001,Adams County,2026-10-07,27,182,,4,178,,,,,1,oh-sos,2026-10-07T19:44:32+00:00
2026,OH,39001,Adams County,2026-10-08,26,325,,6,319,,,,,1,oh-sos,2026-10-08T17:12:15+00:00
2026,OH,39003,Allen County,2026-09-22,42,0,,0,0,,,,,1,oh-sos,2026-09-22T20:56:53+00:00
2026,OH,39003,Allen County,2026-09-23,41,0,,0,0,,,,,1,oh-sos,2026-09-23T16:07:19+00:00
2026,OH,39003,Allen County,2026-09-24,40,0,,0,0,,,,,1,oh-sos,2026-09-24T18:11:39+00:00
2026,OH,39003,Allen County,2026-09-25,39,0,,0,0,,,,,1,oh-sos,2026-09-25T15:00:58+00:00
2026,OH,39003,Allen County,2026-09-28,36,4,,4,0,,,,,1,oh-sos,2026-09-28T17:43:24+00:00
2026,OH,39003,Allen County,2026-09-29,35,4,,4,0,,,,,1,oh-sos,2026-09-29T20:28:18+00:00
2026,OH,39003,Allen County,2026-10-01,33,6,,6,0,,,,,1,oh-sos,2026-10-01T16:53:36+00:00
2026,OH,39003,Allen County,2026-10-02,32,6,,6,0,,,,,1,oh-sos,2026-10-02T17:28:10+00:00
2026,OH,39003,Allen County,2026-10-05,29,6,,6,0,,,,,1,oh-sos,2026-10-05T19:04:38+00:00
2026,OH,39003,Allen County,2026-10-06,28,7,,7,0,,,,,1,oh-sos,2026-10-06T16:30:45+00:00
2026,OH,39003,Allen County,2026-10-07,27,428,,8,420,,,,,1,oh-sos,2026-10-07T19:44:32+00:00
2026,OH,39003,Allen County,2026-10-08,26,745,,8,737,,,,,1,oh-sos,2026-10-08T17:12:15+00:00
2026,OH,39005,Ashland County,2026-09-22,42,0,,0,0,,,,,1,oh-sos,2026-09-22T20:56:53+00:00
2026,OH,39005,Ashland County,2026-09-23,41,0,,0,0,,,,,1,oh-sos,2026-09-23T16:07:19+00:00
2026,OH,39005,Ashland County,2026-09-24,40,0,,0,0,,,,,1,oh-sos,2026-09-24T18:11:39+00:00
2026,OH,39005,Ashland County,2026-09-25,39,0,,0,0,,,,,1,oh-sos,2026-09-25T15:00:58+00:00
2026,OH,39005,Ashland County,2026-09-28,36,0,,0,0,,,,,1,oh-sos,2026-09-28T17:43:24+00:00
2026,OH,39005,Ashland County,2026-09-29,35,0,,0,0,,,,,1,oh-sos,2026-09-29T20:28:18+00:00
2026,OH,39005,Ashland County,2026-10-01,33,1,,1,0,,,,,1,oh-sos,2026-10-01T16:53:36+00:00
2026,OH,39005,Ashland County,2026-10-02,32,2,,2,0,,,,,1,oh-sos,2026-10-02T17:28:10+00:00
2026,OH,39005,Ashland County,2026-10-05,29,2,,2,0,,,,,1,oh-sos,2026-10-05T19:04:38+00:00
2026,OH,39005,Ashland County,2026-10-06,28,2,,2,0,,,,,1,oh-sos,2026-10-06T16:30:45+00:00
2026,OH,39005,Ashland County,2026-10-07,27,322,,3,319,,,,,1,oh-sos,2026-10-07T19:44:32+00:00
2026,OH,39005,Ashland County,2026-10-08,26,617,,5,612,,,,,1,oh-sos,2026-10-08T17:12:15+00:00
2026,OH,39007,Ashtabula County,2026-09-22,42,0,,0,0,,,,,1,oh-sos,2026-09-22T20:56:53+00:00
2026,OH,39007,Ashtabula County,2026-09-23,41,0,,0,0,,,,,1,oh-sos,2026-09-23T16:07:19+00:00
2026,OH,39007,Ashtabula County,2026-09-24,40,0,,0,0,,,,,1,oh-sos,2026-09-24T18:11:39+00:00
2026,OH,39007,Ashtabula County,2026-09-25,39,0,,0,0,,,,,1,oh-sos,2026-09-25T15:00:58+00:00
2026,OH,39007,Ashtabula County,2026-09-28,36,0,,0,0,,,,,1,oh-sos,2026-09-28T17:43:24+00:00
2026,OH,39007,Ashtabula County,2026-09-29,35,1,,1,0,,,,,1,oh-sos,2026-09-29T20:28:18+00:00
2026,OH,39007,Ashtabula County,2026-10-01,33,1,,1,0,,,,,1,oh-sos,2026-10-01T16:53:36+00:00
2026,OH,39007,Ashtabula County,2026-10-02,32,1,,1,0,,,,,1,oh-sos,2026-10-02T17:28:10+00:00
2026,OH,39007,Ashtabula County,2026-10-05,29,1,,1,0,,,,,1,oh-sos,2026-10-05T19:04:38+00:00
2026,OH,39007,Ashtabula County,2026-10-06,28,6,,6,0,,,,,1,oh-sos,2026-10-06T16:30:45+00:00
2026,OH,39007,Ashtabula County,2026-10-07,27,339,,7,332,,,,,1,oh-sos,2026-10-07T19:44:32+00:00
2026,OH,39007,Ashtabula County,2026-10-08,26,606,,14,592,,,,,1,oh-sos,2026-10-08T17:12:15+00:00
2026,OH,39009,Athens County,2026-09-22,42,0,,0,0,,,,,1,oh-sos,2026-09-22T20:56:53+00:00
2026,OH,39009,Athens County,2026-09-23,41,0,,0,0,,,,,1,oh-sos,2026-09-23T16:07:19+00:00
2026,OH,39009,Athens County,2026-09-24,40,1,,1,0,,,,,1,oh-sos,2026-09-24T18:11:39+00:00
2026,OH,39009,Athens County,2026-09-25,39,1,,1,0,,,,,1,oh-sos,2026-09-25T15:00:58+00:00
2026,OH,39009,Athens County,2026-09-28,36,2,,1,1,,,,,1,oh-sos,2026-09-28T17:43:24+00:00
2026,OH,39009,Athens County,2026-09-29,35,3,,3,0,,,,,1,oh-sos,2026-09-29T20:28:18+00:00
2026,OH,39009,Athens County,2026-10-01,33,5,,5,0,,,,,1,oh-sos,2026-10-01T16:53:36+00:00
2026,OH,39009,Athens County,2026-10-02,32,5,,5,0,,,,,1,oh-sos,2026-10-02T17:28:10+00:00
2026,OH,39009,Athens County,2026-10-05,29,5,,5,0,,,,,1,oh-sos,2026-10-05T19:04:38+00:00
2026,OH,39009,Athens County,2026-10-06,28,10,,10,0,,,,,1,oh-sos,2026-10-06T16:30:45+00:00
2026,OH,39009,Athens County,2026-10-07,27,395,,10,385,,,,,1,oh-sos,2026-10-07T19:44:32+00:00
2026,OH,39009,Athens County,2026-10-08,26,620,,11,609,,,,,1,oh-sos,2026-10-08T17:12:15+00:00
2026,OH,39011,Auglaize County,2026-09-22,42,0,,0,0,,,,,1,oh-sos,2026-09-22T20:56:53+00:00
2026,OH,39011,Auglaize County,2026-09-23,41,0,,0,0,,,,,1,oh-sos,2026-09-23T16:07:19+00:00
2026,OH,39011,Auglaize County,2026-09-24,40,0,,0,0,,,,,1,oh-sos,2026-09-24T18:11:39+00:00
2026,OH,39011,Auglaize County,2026-09-25,39,0,,0,0,,,,,1,oh-sos,2026-09-25T15:00:58+00:00
2026,OH,39011,Auglaize County,2026-09-28,36,0,,0,0,,,,,1,oh-sos,2026-09-28T17:43:24+00:00
2026,OH,39011,Auglaize County,2026-09-29,35,0,,0,0,,,,,1,oh-sos,2026-09-29T20:28:18+00:00
2026,OH,39011,Auglaize County,2026-10-01,33,0,,0,0,,,,,1,oh-sos,2026-10-01T16:53:36+00:00
2026,OH,39011,Auglaize County,2026-10-02,32,1,,1,0,,,,,1,oh-sos,2026-10-02T17:28:10+00:00
2026,OH,39011,Auglaize County,2026-10-05,29,1,,1,0,,,,,1,oh-sos,2026-10-05T19:04:38+00:00
2026,OH,39011,Auglaize County,2026-10-06,28,2,,2,0,,,,,1,oh-sos,2026-10-06T16:30:45+00:00
2026,OH,39011,Auglaize County,2026-10-07,27,237,,2,235,,,,,1,oh-sos,2026-10-07T19:44:32+00:00
2026,OH,39011,Auglaize County,2026-10-08,26,405,,2,403,,,,,1,oh-sos,2026-10-08T17:12:15+00:00
2026,OH,39013,Belmont County,2026-09-22,42,0,,0,0,,,,,1,oh-sos,2026-09-22T20:56:53+00:00
2026,OH,39013,Belmont County,2026-09-23,41,0,,0,0,,,,,1,oh-sos,2026-09-23T16:07:19+00:00
2026,OH,39013,Belmont County,2026-09-24,40,0,,0,0,,,,,1,oh-sos,2026-09-24T18:11:39+00:00
2026,OH,39013,Belmont County,2026-09-25,39,0,,0,0,,,,,1,oh-sos,2026-09-25T15:00:58+00:00
2026,OH,39013,Belmont County,2026-09-28,36,0,,0,0,,,,,1,oh-sos,2026-09-28T17:43:24+00:00
2026,OH,39013,Belmont County,2026-09-29,35,0,,0,0,,,,,1,oh-sos,2026-09-29T20:28:18+00:00
2026,OH,39013,Belmont County,2026-10-01,33,0,,0,0,,,,,1,oh-sos,2026-10-01T16:53:36+00:00
2026,OH,39013,Belmont County,2026-10-02,32,3,,3,0,,,,,1,oh-sos,2026-10-02T17:28:10+00:00
2026,OH,39013,Belmont County,2026-10-05,29,3,,3,0,,,,,1,oh-sos,2026-10-05T19:04:38+00:00
2026,OH,39013,Belmont County,2026-10-06,28,3,,3,0,,,,,1,oh-sos,2026-10-06T16:30:45+00:00
2026,OH,39013,Belmont County,2026-10-07,27,258,,3,255,,,,,1,oh-sos,2026-10-07T19:44:32+00:00
2026,OH,39013,Belmont County,2026-10-08,26,450,,3,447,,,,,1,oh-sos,2026-10-08T17:12:15+00:00
2026,OH,39015,Brown County,2026-09-22,42,0,,0,0,,,,,1,oh-sos,2026-09-22T20:56:53+00:00
2026,OH,39015,Brown County,2026-09-23,41,0,,0,0,,,,,1,oh-sos,2026-09-23T16:07:19+00:00
2026,OH,39015,Brown County,2026-09-24,40,0,,0,0,,,,,1,oh-sos,2026-09-24T18:11:39+00:00
2026,OH,39015,Brown County,2026-09-25,39,1,,1,0,,,,,1,oh-sos,2026-09-25T15:00:58+00:00
2026,OH,39015,Brown County,2026-09-28,36,2,,2,0,,,,,1,oh-sos,2026-09-28T17:43:24+00:00
2026,OH,39015,Brown County,2026-09-29,35,2,,2,0,,,,,1,oh-sos,2026-09-29T20:28:18+00:00
2026,OH,39015,Brown County,2026-10-01,33,2,,2,0,,,,,1,oh-sos,2026-10-01T16:53:36+00:00
2026,OH,39015,Brown County,2026-10-02,32,2,,2,0,,,,,1,oh-sos,2026-10-02T17:28:10+00:00
2026,OH,39015,Brown County,2026-10-05,29,2,,2,0,,,,,1,oh-sos,2026-10-05T19:04:38+00:00
2026,OH,39015,Brown County,2026-10-06,28,2,,2,0,,,,,1,oh-sos,2026-10-06T16:30:45+00:00
2026,OH,39015,Brown County,2026-10-07,27,201,,4,197,,,,,1,oh-sos,2026-10-07T19:44:32+00:00
2026,OH,39015,Brown County,2026-10-08,26,346,,8,338,,,,,1,oh-sos,2026-10-08T17:12:15+00:00
2026,OH,39017,Butler County,2026-09-22,42,0,,0,0,,,,,1,oh-sos,2026-09-22T20:56:53+00:00
2026,OH,39017,Butler County,2026-09-23,41,0,,0,0,,,,,1,oh-sos,2026-09-23T16:07:19+00:00
2026,OH,39017,Butler County,2026-09-24,40,0,,0,0,,,,,1,oh-sos,2026-09-24T18:11:39+00:00
2026,OH,39017,Butler County,2026-09-25,39,0,,0,0,,,,,1,oh-sos,2026-09-25T15:00:58+00:00
2026,OH,39017,Butler County,2026-09-28,36,2,,2,0,,,,,1,oh-sos,2026-09-28T17:43:24+00:00
2026,OH,39017,Butler County,2026-09-29,35,4,,4,0,,,,,1,oh-sos,2026-09-29T20:28:18+00:00
2026,OH,39017,Butler County,2026-10-01,33,11,,11,0,,,,,1,oh-sos,2026-10-01T16:53:36+00:00
2026,OH,39017,Butler County,2026-10-02,32,11,,11,0,,,,,1,oh-sos,2026-10-02T17:28:10+00:00
2026,OH,39017,Butler County,2026-10-05,29,13,,13,0,,,,,1,oh-sos,2026-10-05T19:04:38+00:00
2026,OH,39017,Butler County,2026-10-06,28,16,,16,0,,,,,1,oh-sos,2026-10-06T16:30:45+00:00
2026,OH,39017,Butler County,2026-10-07,27,1382,,17,1365,,,,,1,oh-sos,2026-10-07T19:44:32+00:00
2026,OH,39017,Butler County,2026-10-08,26,2764,,22,2742,,,,,1,oh-sos,2026-10-08T17:12:15+00:00
2026,OH,39019,Carroll County,2026-09-22,42,0,,0,0,,,,,1,oh-sos,2026-09-22T20:56:53+00:00
2026,OH,39019,Carroll County,2026-09-23,41,0,,0,0,,,,,1,oh-sos,2026-09-23T16:07:19+00:00
2026,OH,39019,Carroll County,2026-09-24,40,0,,0,0,,,,,1,oh-sos,2026-09-24T18:11:39+00:00
2026,OH,39019,Carroll County,2026-09-25,39,0,,0,0,,,,,1,oh-sos,2026-09-25T15:00:58+00:00
2026,OH,39019,Carroll County,2026-09-28,36,1,,1,0,,,,,1,oh-sos,2026-09-28T17:43:24+00:00
2026,OH,39019,Carroll County,2026-09-29,35,1,,1,0,,,,,1,oh-sos,2026-09-29T20:28:18+00:00
2026,OH,39019,Carroll County,2026-10-01,33,1,,1,0,,,,,1,oh-sos,2026-10-01T16:53:36+00:00
2026,OH,39019,Carroll County,2026-10-02,32,1,,1,0,,,,,1,oh-sos,2026-10-02T17:28:10+00:00
2026,OH,39019,Carroll County,2026-10-05,29,1,,1,0,,,,,1,oh-sos,2026-10-05T19:04:38+00:00
2026,OH,39019,Carroll County,2026-10-06,28,1,,1,0,,,,,1,oh-sos,2026-10-06T16:30:45+00:00
2026,OH,39019,Carroll County,2026-10-07,27,104,,2,102,,,,,1,oh-sos,2026-10-07T19:44:32+00:00
2026,OH,39019,Carroll County,2026-10-08,26,193,,2,191,,,,,1,oh-sos,2026-10-08T17:12:15+00:00
2026,OH,39021,Champaign County,2026-09-22,42,0,,0,0,,,,,1,oh-sos,2026-09-22T20:56:53+00:00
2026,OH,39021,Champaign County,2026-09-23,41,0,,0,0,,,,,1,oh-sos,2026-09-23T16:07:19+00:00
2026,OH,39021,Champaign County,2026-09-24,40,0,,0,0,,,,,1,oh-sos,2026-09-24T18:11:39+00:00
2026,OH,39021,Champaign County,2026-09-25,39,0,,0,0,,,,,1,oh-sos,2026-09-25T15:00:58+00:00
2026,OH,39021,Champaign County,2026-09-28,36,0,,0,0,,,,,1,oh-sos,2026-09-28T17:43:24+00:00
2026,OH,39021,Champaign County,2026-09-29,35,0,,0,0,,,,,1,oh-sos,2026-09-29T20:28:18+00:00
2026,OH,39021,Champaign County,2026-10-01,33,1,,1,0,,,,,1,oh-sos,2026-10-01T16:53:36+00:00
2026,OH,39021,Champaign County,2026-10-02,32,1,,1,0,,,,,1,oh-sos,2026-10-02T17:28:10+00:00
2026,OH,39021,Champaign County,2026-10-05,29,1,,1,0,,,,,1,oh-sos,2026-10-05T19:04:38+00:00
2026,OH,39021,Champaign County,2026-10-06,28,1,,1,0,,,,,1,oh-sos,2026-10-06T16:30:45+00:00
2026,OH,39021,Champaign County,2026-10-07,27,224,,2,222,,,,,1,oh-sos,2026-10-07T19:44:32+00:00
2026,OH,39021,Champaign County,2026-10-08,26,432,,4,428,,,,,1,oh-sos,2026-10-08T17:12:15+00:00
2026,OH,39023,Clark County,2026-09-22,42,0,,0,0,,,,,1,oh-sos,2026-09-22T20:56:53+00:00
2026,OH,39023,Clark County,2026-09-23,41,0,,0,0,,,,,1,oh-sos,2026-09-23T16:07:19+00:00
2026,OH,39023,Clark County,2026-09-24,40,0,,0,0,,,,,1,oh-sos,2026-09-24T18:11:39+00:00
2026,OH,39023,Clark County,2026-09-25,39,0,,0,0,,,,,1,oh-sos,2026-09-25T15:00:58+00:00
2026,OH,39023,Clark County,2026-09-28,36,0,,0,0,,,,,1,oh-sos,2026-09-28T17:43:24+00:00
2026,OH,39023,Clark County,2026-09-29,35,2,,2,0,,,,,1,oh-sos,2026-09-29T20:28:18+00:00
2026,OH,39023,Clark County,2026-10-01,33,3,,3,0,,,,,1,oh-sos,2026-10-01T16:53:36+00:00
2026,OH,39023,Clark County,2026-10-02,32,3,,3,0,,,,,1,oh-sos,2026-10-02T17:28:10+00:00
2026,OH,39023,Clark County,2026-10-05,29,4,,4,0,,,,,1,oh-sos,2026-10-05T19:04:38+00:00
2026,OH,39023,Clark County,2026-10-06,28,8,,8,0,,,,,1,oh-sos,2026-10-06T16:30:45+00:00
2026,OH,39023,Clark County,2026-10-07,27,640,,10,630,,,,,1,oh-sos,2026-10-07T19:44:32+00:00
2026,OH,39023,Clark County,2026-10-08,26,1150,,13,1137,,,,,1,oh-sos,2026-10-08T17:12:15+00:00
2026,OH,39025,Clermont County,2026-09-22,42,1,,1,0,,,,,1,oh-sos,2026-09-22T20:56:53+00:00
2026,OH,39025,Clermont County,2026-09-23,41,1,,1,0,,,,,1,oh-sos,2026-09-23T16:07:19+00:00
2026,OH,39025,Clermont County,2026-09-24,40,1,,1,0,,,,,1,oh-sos,2026-09-24T18:11:39+00:00
2026,OH,39025,Clermont County,2026-09-25,39,1,,1,0,,,,,1,oh-sos,2026-09-25T15:00:58+00:00
2026,OH,39025,Clermont County,2026-09-28,36,5,,5,0,,,,,1,oh-sos,2026-09-28T17:43:24+00:00
2026,OH,39025,Clermont County,2026-09-29,35,5,,5,0,,,,,1,oh-sos,2026-09-29T20:28:18+00:00
2026,OH,39025,Clermont County,2026-10-01,33,8,,8,0,,,,,1,oh-sos,2026-10-01T16:53:36+00:00
2026,OH,39025,Clermont County,2026-10-02,32,8,,8,0,,,,,1,oh-sos,2026-10-02T17:28:10+00:00
2026,OH,39025,Clermont County,2026-10-05,29,10,,10,0,,,,,1,oh-sos,2026-10-05T19:04:38+00:00
2026,OH,39025,Clermont County,2026-10-06,28,12,,12,0,,,,,1,oh-sos,2026-10-06T16:30:45+00:00
2026,OH,39025,Clermont County,2026-10-07,27,764,,20,744,,,,,1,oh-sos,2026-10-07T19:44:32+00:00
2026,OH,39025,Clermont County,2026-10-08,26,1386,,27,1359,,,,,1,oh-sos,2026-10-08T17:12:15+00:00
2026,OH,39027,Clinton County,2026-09-22,42,0,,0,0,,,,,1,oh-sos,2026-09-22T20:56:53+00:00
2026,OH,39027,Clinton County,2026-09-23,41,0,,0,0,,,,,1,oh-sos,2026-09-23T16:07:19+00:00
2026,OH,39027,Clinton County,2026-09-24,40,0,,0,0,,,,,1,oh-sos,2026-09-24T18:11:39+00:00
2026,OH,39027,Clinton County,2026-09-25,39,0,,0,0,,,,,1,oh-sos,2026-09-25T15:00:58+00:00
2026,OH,39027,Clinton County,2026-09-28,36,0,,0,0,,,,,1,oh-sos,2026-09-28T17:43:24+00:00
2026,OH,39027,Clinton County,2026-09-29,35,0,,0,0,,,,,1,oh-sos,2026-09-29T20:28:18+00:00
2026,OH,39027,Clinton County,2026-10-01,33,0,,0,0,,,,,1,oh-sos,2026-10-01T16:53:36+00:00
2026,OH,39027,Clinton County,2026-10-02,32,0,,0,0,,,,,1,oh-sos,2026-10-02T17:28:10+00:00
2026,OH,39027,Clinton County,2026-10-05,29,0,,0,0,,,,,1,oh-sos,2026-10-05T19:04:38+00:00
2026,OH,39027,Clinton County,2026-10-06,28,1,,1,0,,,,,1,oh-sos,2026-10-06T16:30:45+00:00
2026,OH,39027,Clinton County,2026-10-07,27,256,,1,255,,,,,1,oh-sos,2026-10-07T19:44:32+00:00
2026,OH,39027,Clinton County,2026-10-08,26,453,,1,452,,,,,1,oh-sos,2026-10-08T17:12:15+00:00
2026,OH,39029,Columbiana County,2026-09-22,42,0,,0,0,,,,,1,oh-sos,2026-09-22T20:56:53+00:00
2026,OH,39029,Columbiana County,2026-09-23,41,0,,0,0,,,,,1,oh-sos,2026-09-23T16:07:19+00:00
2026,OH,39029,Columbiana County,2026-09-24,40,0,,0,0,,,,,1,oh-sos,2026-09-24T18:11:39+00:00
2026,OH,39029,Columbiana County,2026-09-25,39,0,,0,0,,,,,1,oh-sos,2026-09-25T15:00:58+00:00
2026,OH,39029,Columbiana County,2026-09-28,36,0,,0,0,,,,,1,oh-sos,2026-09-28T17:43:24+00:00
2026,OH,39029,Columbiana County,2026-09-29,35,0,,0,0,,,,,1,oh-sos,2026-09-29T20:28:18+00:00
2026,OH,39029,Columbiana County,2026-10-01,33,0,,0,0,,,,,1,oh-sos,2026-10-01T16:53:36+00:00
2026,OH,39029,Columbiana County,2026-10-02,32,1,,1,0,,,,,1,oh-sos,2026-10-02T17:28:10+00:00
2026,OH,39029,Columbiana County,2026-10-05,29,1,,1,0,,,,,1,oh-sos,2026-10-05T19:04:38+00:00
2026,OH,39029,Columbiana County,2026-10-06,28,1,,1,0,,,,,1,oh-sos,2026-10-06T16:30:45+00:00
2026,OH,39029,Columbiana County,2026-10-07,27,288,,3,285,,,,,1,oh-sos,2026-10-07T19:44:32+00:00
2026,OH,39029,Columbiana County,2026-10-08,26,536,,3,533,,,,,1,oh-sos,2026-10-08T17:12:15+00:00
2026,OH,39031,Coshocton County,2026-09-22,42,0,,0,0,,,,,1,oh-sos,2026-09-22T20:56:53+00:00
2026,OH,39031,Coshocton County,2026-09-23,41,0,,0,0,,,,,1,oh-sos,2026-09-23T16:07:19+00:00
2026,OH,39031,Coshocton County,2026-09-24,40,0,,0,0,,,,,1,oh-sos,2026-09-24T18:11:39+00:00
2026,OH,39031,Coshocton County,2026-09-25,39,0,,0,0,,,,,1,oh-sos,2026-09-25T15:00:58+00:00
2026,OH,39031,Coshocton County,2026-09-28,36,0,,0,0,,,,,1,oh-sos,2026-09-28T17:43:24+00:00
2026,OH,39031,Coshocton County,2026-09-29,35,0,,0,0,,,,,1,oh-sos,2026-09-29T20:28:18+00:00
2026,OH,39031,Coshocton County,2026-10-01,33,0,,0,0,,,,,1,oh-sos,2026-10-01T16:53:36+00:00
2026,OH,39031,Coshocton County,2026-10-02,32,0,,0,0,,,,,1,oh-sos,2026-10-02T17:28:10+00:00
2026,OH,39031,Coshocton County,2026-10-05,29,0,,0,0,,,,,1,oh-sos,2026-10-05T19:04:38+00:00
2026,OH,39031,Coshocton County,2026-10-06,28,0,,0,0,,,,,1,oh-sos,2026-10-06T16:30:45+00:00
2026,OH,39031,Coshocton County,2026-10-07,27,147,,3,144,,,,,1,oh-sos,2026-10-07T19:44:32+00:00
2026,OH,39031,Coshocton County,2026-10-08,26,297,,4,293,,,,,1,oh-sos,2026-10-08T17:12:15+00:00
2026,OH,39033,Crawford County,2026-09-22,42,0,,0,0,,,,,1,oh-sos,2026-09-22T20:56:53+00:00
2026,OH,39033,Crawford County,2026-09-23,41,0,,0,0,,,,,1,oh-sos,2026-09-23T16:07:19+00:00
2026,OH,39033,Crawford County,2026-09-24,40,0,,0,0,,,,,1,oh-sos,2026-09-24T18:11:39+00:00
2026,OH,39033,Crawford County,2026-09-25,39,0,,0,0,,,,,1,oh-sos,2026-09-25T15:00:58+00:00
2026,OH,39033,Crawford County,2026-09-28,36,0,,0,0,,,,,1,oh-sos,2026-09-28T17:43:24+00:00
2026,OH,39033,Crawford County,2026-09-29,35,0,,0,0,,,,,1,oh-sos,2026-09-29T20:28:18+00:00
2026,OH,39033,Crawford County,2026-10-01,33,0,,0,0,,,,,1,oh-sos,2026-10-01T16:53:36+00:00
2026,OH,39033,Crawford County,2026-10-02,32,0,,0,0,,,,,1,oh-sos,2026-10-02T17:28:10+00:00
2026,OH,39033,Crawford County,2026-10-05,29,0,,0,0,,,,,1,oh-sos,2026-10-05T19:04:38+00:00
2026,OH,39033,Crawford County,2026-10-06,28,0,,0,0,,,,,1,oh-sos,2026-10-06T16:30:45+00:00
2026,OH,39033,Crawford County,2026-10-07,27,169,,1,168,,,,,1,oh-sos,2026-10-07T19:44:32+00:00
2026,OH,39033,Crawford County,2026-10-08,26,302,,2,300,,,,,1,oh-sos,2026-10-08T17:12:15+00:00
2026,OH,39035,Cuyahoga County,2026-09-22,42,0,,0,0,,,,,1,oh-sos,2026-09-22T20:56:53+00:00
2026,OH,39035,Cuyahoga County,2026-09-23,41,2,,2,0,,,,,1,oh-sos,2026-09-23T16:07:19+00:00
2026,OH,39035,Cuyahoga County,2026-09-24,40,2,,2,0,,,,,1,oh-sos,2026-09-24T18:11:39+00:00
2026,OH,39035,Cuyahoga County,2026-09-25,39,6,,6,0,,,,,1,oh-sos,2026-09-25T15:00:58+00:00
2026,OH,39035,Cuyahoga County,2026-09-28,36,7,,7,0,,,,,1,oh-sos,2026-09-28T17:43:24+00:00
2026,OH,39035,Cuyahoga County,2026-09-29,35,18,,15,3,,,,,1,oh-sos,2026-09-29T20:28:18+00:00
2026,OH,39035,Cuyahoga County,2026-10-01,33,21,,21,0,,,,,1,oh-sos,2026-10-01T16:53:36+00:00
2026,OH,39035,Cuyahoga County,2026-10-02,32,31,,31,0,,,,,1,oh-sos,2026-10-02T17:28:10+00:00
2026,OH,39035,Cuyahoga County,2026-10-05,29,43,,43,0,,,,,1,oh-sos,2026-10-05T19:04:38+00:00
2026,OH,39035,Cuyahoga County,2026-10-06,28,49,,48,1,,,,,1,oh-sos,2026-10-06T16:30:45+00:00
2026,OH,39035,Cuyahoga County,2026-10-07,27,1967,,244,1723,,,,,1,oh-sos,2026-10-07T19:44:32+00:00
2026,OH,39035,Cuyahoga County,2026-10-08,26,3390,,99,3291,,,,,1,oh-sos,2026-10-08T17:12:15+00:00
2026,OH,39037,Darke County,2026-09-22,42,0,,0,0,,,,,1,oh-sos,2026-09-22T20:56:53+00:00
2026,OH,39037,Darke County,2026-09-23,41,0,,0,0,,,,,1,oh-sos,2026-09-23T16:07:19+00:00
2026,OH,39037,Darke County,2026-09-24,40,0,,0,0,,,,,1,oh-sos,2026-09-24T18:11:39+00:00
2026,OH,39037,Darke County,2026-09-25,39,0,,0,0,,,,,1,oh-sos,2026-09-25T15:00:58+00:00
2026,OH,39037,Darke County,2026-09-28,36,0,,0,0,,,,,1,oh-sos,2026-09-28T17:43:24+00:00
2026,OH,39037,Darke County,2026-09-29,35,0,,0,0,,,,,1,oh-sos,2026-09-29T20:28:18+00:00
2026,OH,39037,Darke County,2026-10-01,33,0,,0,0,,,,,1,oh-sos,2026-10-01T16:53:36+00:00
2026,OH,39037,Darke County,2026-10-02,32,1,,1,0,,,,,1,oh-sos,2026-10-02T17:28:10+00:00
2026,OH,39037,Darke County,2026-10-05,29,1,,1,0,,,,,1,oh-sos,2026-10-05T19:04:38+00:00
2026,OH,39037,Darke County,2026-10-06,28,1,,1,0,,,,,1,oh-sos,2026-10-06T16:30:45+00:00
2026,OH,39037,Darke County,2026-10-07,27,314,,1,313,,,,,1,oh-sos,2026-10-07T19:44:32+00:00
2026,OH,39037,Darke County,2026-10-08,26,526,,1,525,,,,,1,oh-sos,2026-10-08T17:12:15+00:00
2026,OH,39039,Defiance County,2026-09-22,42,0,,0,0,,,,,1,oh-sos,2026-09-22T20:56:53+00:00
2026,OH,39039,Defiance County,2026-09-23,41,0,,0,0,,,,,1,oh-sos,2026-09-23T16:07:19+00:00
2026,OH,39039,Defiance County,2026-09-24,40,0,,0,0,,,,,1,oh-sos,2026-09-24T18:11:39+00:00
2026,OH,39039,Defiance County,2026-09-25,39,0,,0,0,,,,,1,oh-sos,2026-09-25T15:00:58+00:00
2026,OH,39039,Defiance County,2026-09-28,36,0,,0,0,,,,,1,oh-sos,2026-09-28T17:43:24+00:00
2026,OH,39039,Defiance County,2026-09-29,35,0,,0,0,,,,,1,oh-sos,2026-09-29T20:28:18+00:00
2026,OH,39039,Defiance County,2026-10-01,33,0,,0,0,,,,,1,oh-sos,2026-10-01T16:53:36+00:00
2026,OH,39039,Defiance County,2026-10-02,32,1,,0,1,,,,,1,oh-sos,2026-10-02T17:28:10+00:00
2026,OH,39039,Defiance County,2026-10-05,29,1,,1,0,,,,,1,oh-sos,2026-10-05T19:04:38+00:00
2026,OH,39039,Defiance County,2026-10-06,28,1,,1,0,,,,,1,oh-sos,2026-10-06T16:30:45+00:00
2026,OH,39039,Defiance County,2026-10-07,27,346,,1,345,,,,,1,oh-sos,2026-10-07T19:44:32+00:00
2026,OH,39039,Defiance County,2026-10-08,26,628,,23,605,,,,,1,oh-sos,2026-10-08T17:12:15+00:00
2026,OH,39041,Delaware County,2026-09-22,42,0,,0,0,,,,,1,oh-sos,2026-09-22T20:56:53+00:00
2026,OH,39041,Delaware County,2026-09-23,41,0,,0,0,,,,,1,oh-sos,2026-09-23T16:07:19+00:00
2026,OH,39041,Delaware County,2026-09-24,40,0,,0,0,,,,,1,oh-sos,2026-09-24T18:11:39+00:00
2026,OH,39041,Delaware County,2026-09-25,39,0,,0,0,,,,,1,oh-sos,2026-09-25T15:00:58+00:00
2026,OH,39041,Delaware County,2026-09-28,36,0,,0,0,,,,,1,oh-sos,2026-09-28T17:43:24+00:00
2026,OH,39041,Delaware County,2026-09-29,35,0,,0,0,,,,,1,oh-sos,2026-09-29T20:28:18+00:00
2026,OH,39041,Delaware County,2026-10-01,33,0,,0,0,,,,,1,oh-sos,2026-10-01T16:53:36+00:00
2026,OH,39041,Delaware County,2026-10-02,32,0,,0,0,,,,,1,oh-sos,2026-10-02T17:28:10+00:00
2026,OH,39041,Delaware County,2026-10-05,29,0,,0,0,,,,,1,oh-sos,2026-10-05T19:04:38+00:00
2026,OH,39041,Delaware County,2026-10-06,28,0,,0,0,,,,,1,oh-sos,2026-10-06T16:30:45+00:00
2026,OH,39041,Delaware County,2026-10-07,27,1139,,19,1120,,,,,1,oh-sos,2026-10-07T19:44:32+00:00
2026,OH,39041,Delaware County,2026-10-08,26,2191,,19,2172,,,,,1,oh-sos,2026-10-08T17:12:15+00:00
2026,OH,39043,Erie County,2026-09-22,42,0,,0,0,,,,,1,oh-sos,2026-09-22T20:56:53+00:00
2026,OH,39043,Erie County,2026-09-23,41,0,,0,0,,,,,1,oh-sos,2026-09-23T16:07:19+00:00
2026,OH,39043,Erie County,2026-09-24,40,0,,0,0,,,,,1,oh-sos,2026-09-24T18:11:39+00:00
2026,OH,39043,Erie County,2026-09-25,39,0,,0,0,,,,,1,oh-sos,2026-09-25T15:00:58+00:00
2026,OH,39043,Erie County,2026-09-28,36,0,,0,0,,,,,1,oh-sos,2026-09-28T17:43:24+00:00
2026,OH,39043,Erie County,2026-09-29,35,0,,0,0,,,,,1,oh-sos,2026-09-29T20:28:18+00:00
2026,OH,39043,Erie County,2026-10-01,33,0,,0,0,,,,,1,oh-sos,2026-10-01T16:53:36+00:00
2026,OH,39043,Erie County,2026-10-02,32,0,,0,0,,,,,1,oh-sos,2026-10-02T17:28:10+00:00
2026,OH,39043,Erie County,2026-10-05,29,0,,0,0,,,,,1,oh-sos,2026-10-05T19:04:38+00:00
2026,OH,39043,Erie County,2026-10-06,28,2,,2,0,,,,,1,oh-sos,2026-10-06T16:30:45+00:00
2026,OH,39043,Erie County,2026-10-07,27,495,,2,493,,,,,1,oh-sos,2026-10-07T19:44:32+00:00
2026,OH,39043,Erie County,2026-10-08,26,899,,3,896,,,,,1,oh-sos,2026-10-08T17:12:15+00:00
2026,OH,39045,Fairfield County,2026-09-22,42,0,,0,0,,,,,1,oh-sos,2026-09-22T20:56:53+00:00
2026,OH,39045,Fairfield County,2026-09-23,41,0,,0,0,,,,,1,oh-sos,2026-09-23T16:07:19+00:00
2026,OH,39045,Fairfield County,2026-09-24,40,0,,0,0,,,,,1,oh-sos,2026-09-24T18:11:39+00:00
2026,OH,39045,Fairfield County,2026-09-25,39,0,,0,0,,,,,1,oh-sos,2026-09-25T15:00:58+00:00
2026,OH,39045,Fairfield County,2026-09-28,36,0,,0,0,,,,,1,oh-sos,2026-09-28T17:43:24+00:00
2026,OH,39045,Fairfield County,2026-09-29,35,0,,0,0,,,,,1,oh-sos,2026-09-29T20:28:18+00:00
2026,OH,39045,Fairfield County,2026-10-01,33,0,,0,0,,,,,1,oh-sos,2026-10-01T16:53:36+00:00
2026,OH,39045,Fairfield County,2026-10-02,32,0,,0,0,,,,,1,oh-sos,2026-10-02T17:28:10+00:00
2026,OH,39045,Fairfield County,2026-10-05,29,0,,0,0,,,,,1,oh-sos,2026-10-05T19:04:38+00:00
2026,OH,39045,Fairfield County,2026-10-06,28,0,,0,0,,,,,1,oh-sos,2026-10-06T16:30:45+00:00
2026,OH,39045,Fairfield County,2026-10-07,27,672,,1,671,,,,,1,oh-sos,2026-10-07T19:44:32+00:00
2026,OH,39045,Fairfield County,2026-10-08,26,1276,,1,1275,,,,,1,oh-sos,2026-10-08T17:12:15+00:00
2026,OH,39047,Fayette County,2026-09-22,42,0,,0,0,,,,,1,oh-sos,2026-09-22T20:56:53+00:00
2026,OH,39047,Fayette County,2026-09-23,41,0,,0,0,,,,,1,oh-sos,2026-09-23T16:07:19+00:00
2026,OH,39047,Fayette County,2026-09-24,40,0,,0,0,,,,,1,oh-sos,2026-09-24T18:11:39+00:00
2026,OH,39047,Fayette County,2026-09-25,39,0,,0,0,,,,,1,oh-sos,2026-09-25T15:00:58+00:00
2026,OH,39047,Fayette County,2026-09-28,36,0,,0,0,,,,,1,oh-sos,2026-09-28T17:43:24+00:00
2026,OH,39047,Fayette County,2026-09-29,35,0,,0,0,,,,,1,oh-sos,2026-09-29T20:28:18+00:00
2026,OH,39047,Fayette County,2026-10-01,33,0,,0,0,,,,,1,oh-sos,2026-10-01T16:53:36+00:00
2026,OH,39047,Fayette County,2026-10-02,32,0,,0,0,,,,,1,oh-sos,2026-10-02T17:28:10+00:00
2026,OH,39047,Fayette County,2026-10-05,29,0,,0,0,,,,,1,oh-sos,2026-10-05T19:04:38+00:00
2026,OH,39047,Fayette County,2026-10-06,28,0,,0,0,,,,,1,oh-sos,2026-10-06T16:30:45+00:00
2026,OH,39047,Fayette County,2026-10-07,27,166,,0,166,,,,,1,oh-sos,2026-10-07T19:44:32+00:00
2026,OH,39047,Fayette County,2026-10-08,26,305,,0,305,,,,,1,oh-sos,2026-10-08T17:12:15+00:00
2026,OH,39049,Franklin County,2026-09-22,42,0,,0,0,,,,,1,oh-sos,2026-09-22T20:56:53+00:00
2026,OH,39049,Franklin County,2026-09-23,41,4,,4,0,,,,,1,oh-sos,2026-09-23T16:07:19+00:00
2026,OH,39049,Franklin County,2026-09-24,40,8,,8,0,,,,,1,oh-sos,2026-09-24T18:11:39+00:00
2026,OH,39049,Franklin County,2026-09-25,39,12,,12,0,,,,,1,oh-sos,2026-09-25T15:00:58+00:00
2026,OH,39049,Franklin County,2026-09-28,36,15,,15,0,,,,,1,oh-sos,2026-09-28T17:43:24+00:00
2026,OH,39049,Franklin County,2026-09-29,35,32,,32,0,,,,,1,oh-sos,2026-09-29T20:28:18+00:00
2026,OH,39049,Franklin County,2026-10-01,33,56,,56,0,,,,,1,oh-sos,2026-10-01T16:53:36+00:00
2026,OH,39049,Franklin County,2026-10-02,32,67,,67,0,,,,,1,oh-sos,2026-10-02T17:28:10+00:00
2026,OH,39049,Franklin County,2026-10-05,29,95,,95,0,,,,,1,oh-sos,2026-10-05T19:04:38+00:00
2026,OH,39049,Franklin County,2026-10-06,28,126,,126,0,,,,,1,oh-sos,2026-10-06T16:30:45+00:00
2026,OH,39049,Franklin County,2026-10-07,27,3024,,126,2898,,,,,1,oh-sos,2026-10-07T19:44:32+00:00
2026,OH,39049,Franklin County,2026-10-08,26,5975,,140,5835,,,,,1,oh-sos,2026-10-08T17:12:15+00:00
2026,OH,39051,Fulton County,2026-09-22,42,0,,0,0,,,,,1,oh-sos,2026-09-22T20:56:53+00:00
2026,OH,39051,Fulton County,2026-09-23,41,0,,0,0,,,,,1,oh-sos,2026-09-23T16:07:19+00:00
2026,OH,39051,Fulton County,2026-09-24,40,0,,0,0,,,,,1,oh-sos,2026-09-24T18:11:39+00:00
2026,OH,39051,Fulton County,2026-09-25,39,0,,0,0,,,,,1,oh-sos,2026-09-25T15:00:58+00:00
2026,OH,39051,Fulton County,2026-09-28,36,0,,0,0,,,,,1,oh-sos,2026-09-28T17:43:24+00:00
2026,OH,39051,Fulton County,2026-09-29,35,0,,0,0,,,,,1,oh-sos,2026-09-29T20:28:18+00:00
2026,OH,39051,Fulton County,2026-10-01,33,1,,1,0,,,,,1,oh-sos,2026-10-01T16:53:36+00:00
2026,OH,39051,Fulton County,2026-10-02,32,1,,1,0,,,,,1,oh-sos,2026-10-02T17:28:10+00:00
2026,OH,39051,Fulton County,2026-10-05,29,1,,1,0,,,,,1,oh-sos,2026-10-05T19:04:38+00:00
2026,OH,39051,Fulton County,2026-10-06,28,1,,1,0,,,,,1,oh-sos,2026-10-06T16:30:45+00:00
2026,OH,39051,Fulton County,2026-10-07,27,279,,1,278,,,,,1,oh-sos,2026-10-07T19:44:32+00:00
2026,OH,39051,Fulton County,2026-10-08,26,502,,1,501,,,,,1,oh-sos,2026-10-08T17:12:15+00:00
2026,OH,39053,Gallia County,2026-09-22,42,0,,0,0,,,,,1,oh-sos,2026-09-22T20:56:53+00:00
2026,OH,39053,Gallia County,2026-09-23,41,0,,0,0,,,,,1,oh-sos,2026-09-23T16:07:19+00:00
2026,OH,39053,Gallia County,2026-09-24,40,0,,0,0,,,,,1,oh-sos,2026-09-24T18:11:39+00:00
2026,OH,39053,Gallia County,2026-09-25,39,0,,0,0,,,,,1,oh-sos,2026-09-25T15:00:58+00:00
2026,OH,39053,Gallia County,2026-09-28,36,0,,0,0,,,,,1,oh-sos,2026-09-28T17:43:24+00:00
2026,OH,39053,Gallia County,2026-09-29,35,0,,0,0,,,,,1,oh-sos,2026-09-29T20:28:18+00:00
2026,OH,39053,Gallia County,2026-10-01,33,0,,0,0,,,,,1,oh-sos,2026-10-01T16:53:36+00:00
2026,OH,39053,Gallia County,2026-10-02,32,0,,0,0,,,,,1,oh-sos,2026-10-02T17:28:10+00:00
2026,OH,39053,Gallia County,2026-10-05,29,0,,0,0,,,,,1,oh-sos,2026-10-05T19:04:38+00:00
2026,OH,39053,Gallia County,2026-10-06,28,0,,0,0,,,,,1,oh-sos,2026-10-06T16:30:45+00:00
2026,OH,39053,Gallia County,2026-10-07,27,68,,0,68,,,,,1,oh-sos,2026-10-07T19:44:32+00:00
2026,OH,39053,Gallia County,2026-10-08,26,126,,0,126,,,,,1,oh-sos,2026-10-08T17:12:15+00:00
2026,OH,39055,Geauga County,2026-09-22,42,0,,0,0,,,,,1,oh-sos,2026-09-22T20:56:53+00:00
2026,OH,39055,Geauga County,2026-09-23,41,0,,0,0,,,,,1,oh-sos,2026-09-23T16:07:19+00:00
2026,OH,39055,Geauga County,2026-09-24,40,0,,0,0,,,,,1,oh-sos,2026-09-24T18:11:39+00:00
2026,OH,39055,Geauga County,2026-09-25,39,0,,0,0,,,,,1,oh-sos,2026-09-25T15:00:58+00:00
2026,OH,39055,Geauga County,2026-09-28,36,0,,0,0,,,,,1,oh-sos,2026-09-28T17:43:24+00:00
2026,OH,39055,Geauga County,2026-09-29,35,2,,2,0,,,,,1,oh-sos,2026-09-29T20:28:18+00:00
2026,OH,39055,Geauga County,2026-10-01,33,5,,5,0,,,,,1,oh-sos,2026-10-01T16:53:36+00:00
2026,OH,39055,Geauga County,2026-10-02,32,6,,6,0,,,,,1,oh-sos,2026-10-02T17:28:10+00:00
2026,OH,39055,Geauga County,2026-10-05,29,9,,9,0,,,,,1,oh-sos,2026-10-05T19:04:38+00:00
2026,OH,39055,Geauga County,2026-10-06,28,11,,11,0,,,,,1,oh-sos,2026-10-06T16:30:45+00:00
2026,OH,39055,Geauga County,2026-10-07,27,415,,13,402,,,,,1,oh-sos,2026-10-07T19:44:32+00:00
2026,OH,39055,Geauga County,2026-10-08,26,787,,13,774,,,,,1,oh-sos,2026-10-08T17:12:15+00:00
2026,OH,39057,Greene County,2026-09-22,42,1,,0,1,,,,,1,oh-sos,2026-09-22T20:56:53+00:00
2026,OH,39057,Greene County,2026-09-23,41,0,,0,0,,,,,1,oh-sos,2026-09-23T16:07:19+00:00
2026,OH,39057,Greene County,2026-09-24,40,0,,0,0,,,,,1,oh-sos,2026-09-24T18:11:39+00:00
2026,OH,39057,Greene County,2026-09-25,39,0,,0,0,,,,,1,oh-sos,2026-09-25T15:00:58+00:00
2026,OH,39057,Greene County,2026-09-28,36,0,,0,0,,,,,1,oh-sos,2026-09-28T17:43:24+00:00
2026,OH,39057,Greene County,2026-09-29,35,5,,5,0,,,,,1,oh-sos,2026-09-29T20:28:18+00:00
2026,OH,39057,Greene County,2026-10-01,33,6,,6,0,,,,,1,oh-sos,2026-10-01T16:53:36+00:00
2026,OH,39057,Greene County,2026-10-02,32,11,,11,0,,,,,1,oh-sos,2026-10-02T17:28:10+00:00
2026,OH,39057,Greene County,2026-10-05,29,11,,11,0,,,,,1,oh-sos,2026-10-05T19:04:38+00:00
2026,OH,39057,Greene County,2026-10-06,28,19,,19,0,,,,,1,oh-sos,2026-10-06T16:30:45+00:00
2026,OH,39057,Greene County,2026-10-07,27,967,,19,948,,,,,1,oh-sos,2026-10-07T19:44:32+00:00
2026,OH,39057,Greene County,2026-10-08,26,1779,,27,1752,,,,,1,oh-sos,2026-10-08T17:12:15+00:00
2026,OH,39059,Guernsey County,2026-09-22,42,0,,0,0,,,,,1,oh-sos,2026-09-22T20:56:53+00:00
2026,OH,39059,Guernsey County,2026-09-23,41,0,,0,0,,,,,1,oh-sos,2026-09-23T16:07:19+00:00
2026,OH,39059,Guernsey County,2026-09-24,40,0,,0,0,,,,,1,oh-sos,2026-09-24T18:11:39+00:00
2026,OH,39059,Guernsey County,2026-09-25,39,0,,0,0,,,,,1,oh-sos,2026-09-25T15:00:58+00:00
2026,OH,39059,Guernsey County,2026-09-28,36,0,,0,0,,,,,1,oh-sos,2026-09-28T17:43:24+00:00
2026,OH,39059,Guernsey County,2026-09-29,35,0,,0,0,,,,,1,oh-sos,2026-09-29T20:28:18+00:00
2026,OH,39059,Guernsey County,2026-10-01,33,0,,0,0,,,,,1,oh-sos,2026-10-01T16:53:36+00:00
2026,OH,39059,Guernsey County,2026-10-02,32,0,,0,0,,,,,1,oh-sos,2026-10-02T17:28:10+00:00
2026,OH,39059,Guernsey County,2026-10-05,29,0,,0,0,,,,,1,oh-sos,2026-10-05T19:04:38+00:00
2026,OH,39059,Guernsey County,2026-10-06,28,1,,1,0,,,,,1,oh-sos,2026-10-06T16:30:45+00:00
2026,OH,39059,Guernsey County,2026-10-07,27,150,,1,149,,,,,1,oh-sos,2026-10-07T19:44:32+00:00
2026,OH,39059,Guernsey County,2026-10-08,26,274,,2,272,,,,,1,oh-sos,2026-10-08T17:12:15+00:00
2026,OH,39061,Hamilton County,2026-09-22,42,0,,0,0,,,,,1,oh-sos,2026-09-22T20:56:53+00:00
2026,OH,39061,Hamilton County,2026-09-23,41,0,,0,0,,,,,1,oh-sos,2026-09-23T16:07:19+00:00
2026,OH,39061,Hamilton County,2026-09-24,40,2,,2,0,,,,,1,oh-sos,2026-09-24T18:11:39+00:00
2026,OH,39061,Hamilton County,2026-09-25,39,2,,2,0,,,,,1,oh-sos,2026-09-25T15:00:58+00:00
2026,OH,39061,Hamilton County,2026-09-28,36,2,,2,0,,,,,1,oh-sos,2026-09-28T17:43:24+00:00
2026,OH,39061,Hamilton County,2026-09-29,35,25,,25,0,,,,,1,oh-sos,2026-09-29T20:28:18+00:00
2026,OH,39061,Hamilton County,2026-10-01,33,29,,29,0,,,,,1,oh-sos,2026-10-01T16:53:36+00:00
2026,OH,39061,Hamilton County,2026-10-02,32,38,,38,0,,,,,1,oh-sos,2026-10-02T17:28:10+00:00
2026,OH,39061,Hamilton County,2026-10-05,29,64,,64,0,,,,,1,oh-sos,2026-10-05T19:04:38+00:00
2026,OH,39061,Hamilton County,2026-10-06,28,113,,113,0,,,,,1,oh-sos,2026-10-06T16:30:45+00:00
2026,OH,39061,Hamilton County,2026-10-07,27,2471,,115,2356,,,,,1,oh-sos,2026-10-07T19:44:32+00:00
2026,OH,39061,Hamilton County,2026-10-08,26,4752,,132,4620,,,,,1,oh-sos,2026-10-08T17:12:15+00:00
2026,OH,39063,Hancock County,2026-09-22,42,2,,2,0,,,,,1,oh-sos,2026-09-22T20:56:53+00:00
2026,OH,39063,Hancock County,2026-09-23,41,3,,3,0,,,,,1,oh-sos,2026-09-23T16:07:19+00:00
2026,OH,39063,Hancock County,2026-09-24,40,3,,3,0,,,,,1,oh-sos,2026-09-24T18:11:39+00:00
2026,OH,39063,Hancock County,2026-09-25,39,3,,3,0,,,,,1,oh-sos,2026-09-25T15:00:58+00:00
2026,OH,39063,Hancock County,2026-09-28,36,3,,3,0,,,,,1,oh-sos,2026-09-28T17:43:24+00:00
2026,OH,39063,Hancock County,2026-09-29,35,3,,3,0,,,,,1,oh-sos,2026-09-29T20:28:18+00:00
2026,OH,39063,Hancock County,2026-10-01,33,3,,3,0,,,,,1,oh-sos,2026-10-01T16:53:36+00:00
2026,OH,39063,Hancock County,2026-10-02,32,3,,3,0,,,,,1,oh-sos,2026-10-02T17:28:10+00:00
2026,OH,39063,Hancock County,2026-10-05,29,3,,3,0,,,,,1,oh-sos,2026-10-05T19:04:38+00:00
2026,OH,39063,Hancock County,2026-10-06,28,5,,4,1,,,,,1,oh-sos,2026-10-06T16:30:45+00:00
2026,OH,39063,Hancock County,2026-10-07,27,394,,4,390,,,,,1,oh-sos,2026-10-07T19:44:32+00:00
2026,OH,39063,Hancock County,2026-10-08,26,809,,4,805,,,,,1,oh-sos,2026-10-08T17:12:15+00:00
2026,OH,39065,Hardin County,2026-09-22,42,0,,0,0,,,,,1,oh-sos,2026-09-22T20:56:53+00:00
2026,OH,39065,Hardin County,2026-09-23,41,0,,0,0,,,,,1,oh-sos,2026-09-23T16:07:19+00:00
2026,OH,39065,Hardin County,2026-09-24,40,0,,0,0,,,,,1,oh-sos,2026-09-24T18:11:39+00:00
2026,OH,39065,Hardin County,2026-09-25,39,0,,0,0,,,,,1,oh-sos,2026-09-25T15:00:58+00:00
2026,OH,39065,Hardin County,2026-09-28,36,0,,0,0,,,,,1,oh-sos,2026-09-28T17:43:24+00:00
2026,OH,39065,Hardin County,2026-09-29,35,0,,0,0,,,,,1,oh-sos,2026-09-29T20:28:18+00:00
2026,OH,39065,Hardin County,2026-10-01,33,0,,0,0,,,,,1,oh-sos,2026-10-01T16:53:36+00:00
2026,OH,39065,Hardin County,2026-10-02,32,0,,0,0,,,,,1,oh-sos,2026-10-02T17:28:10+00:00
2026,OH,39065,Hardin County,2026-10-05,29,0,,0,0,,,,,1,oh-sos,2026-10-05T19:04:38+00:00
2026,OH,39065,Hardin County,2026-10-06,28,0,,0,0,,,,,1,oh-sos,2026-10-06T16:30:45+00:00
2026,OH,39065,Hardin County,2026-10-07,27,79,,0,79,,,,,1,oh-sos,2026-10-07T19:44:32+00:00
2026,OH,39065,Hardin County,2026-10-08,26,158,,0,158,,,,,1,oh-sos,2026-10-08T17:12:15+00:00
2026,OH,39067,Harrison County,2026-09-22,42,0,,0,0,,,,,1,oh-sos,2026-09-22T20:56:53+00:00
2026,OH,39067,Harrison County,2026-09-23,41,0,,0,0,,,,,1,oh-sos,2026-09-23T16:07:19+00:00
2026,OH,39067,Harrison County,2026-09-24,40,0,,0,0,,,,,1,oh-sos,2026-09-24T18:11:39+00:00
2026,OH,39067,Harrison County,2026-09-25,39,0,,0,0,,,,,1,oh-sos,2026-09-25T15:00:58+00:00
2026,OH,39067,Harrison County,2026-09-28,36,0,,0,0,,,,,1,oh-sos,2026-09-28T17:43:24+00:00
2026,OH,39067,Harrison County,2026-09-29,35,0,,0,0,,,,,1,oh-sos,2026-09-29T20:28:18+00:00
2026,OH,39067,Harrison County,2026-10-01,33,0,,0,0,,,,,1,oh-sos,2026-10-01T16:53:36+00:00
2026,OH,39067,Harrison County,2026-10-02,32,0,,0,0,,,,,1,oh-sos,2026-10-02T17:28:10+00:00
2026,OH,39067,Harrison County,2026-10-05,29,0,,0,0,,,,,1,oh-sos,2026-10-05T19:04:38+00:00
2026,OH,39067,Harrison County,2026-10-06,28,0,,0,0,,,,,1,oh-sos,2026-10-06T16:30:45+00:00
2026,OH,39067,Harrison County,2026-10-07,27,39,,0,39,,,,,1,oh-sos,2026-10-07T19:44:32+00:00
2026,OH,39067,Harrison County,2026-10-08,26,80,,1,79,,,,,1,oh-sos,2026-10-08T17:12:15+00:00
2026,OH,39069,Henry County,2026-09-22,42,0,,0,0,,,,,1,oh-sos,2026-09-22T20:56:53+00:00
2026,OH,39069,Henry County,2026-09-23,41,1,,1,0,,,,,1,oh-sos,2026-09-23T16:07:19+00:00
2026,OH,39069,Henry County,2026-09-24,40,1,,1,0,,,,,1,oh-sos,2026-09-24T18:11:39+00:00
2026,OH,39069,Henry County,2026-09-25,39,1,,1,0,,,,,1,oh-sos,2026-09-25T15:00:58+00:00
2026,OH,39069,Henry County,2026-09-28,36,1,,1,0,,,,,1,oh-sos,2026-09-28T17:43:24+00:00
2026,OH,39069,Henry County,2026-09-29,35,1,,1,0,,,,,1,oh-sos,2026-09-29T20:28:18+00:00
2026,OH,39069,Henry County,2026-10-01,33,1,,1,0,,,,,1,oh-sos,2026-10-01T16:53:36+00:00
2026,OH,39069,Henry County,2026-10-02,32,3,,3,0,,,,,1,oh-sos,2026-10-02T17:28:10+00:00
2026,OH,39069,Henry County,2026-10-05,29,5,,5,0,,,,,1,oh-sos,2026-10-05T19:04:38+00:00
2026,OH,39069,Henry County,2026-10-06,28,5,,5,0,,,,,1,oh-sos,2026-10-06T16:30:45+00:00
2026,OH,39069,Henry County,2026-10-07,27,189,,7,182,,,,,1,oh-sos,2026-10-07T19:44:32+00:00
2026,OH,39069,Henry County,2026-10-08,26,313,,16,297,,,,,1,oh-sos,2026-10-08T17:12:15+00:00
2026,OH,39071,Highland County,2026-09-22,42,0,,0,0,,,,,1,oh-sos,2026-09-22T20:56:53+00:00
2026,OH,39071,Highland County,2026-09-23,41,0,,0,0,,,,,1,oh-sos,2026-09-23T16:07:19+00:00
2026,OH,39071,Highland County,2026-09-24,40,0,,0,0,,,,,1,oh-sos,2026-09-24T18:11:39+00:00
2026,OH,39071,Highland County,2026-09-25,39,0,,0,0,,,,,1,oh-sos,2026-09-25T15:00:58+00:00
2026,OH,39071,Highland County,2026-09-28,36,0,,0,0,,,,,1,oh-sos,2026-09-28T17:43:24+00:00
2026,OH,39071,Highland County,2026-09-29,35,0,,0,0,,,,,1,oh-sos,2026-09-29T20:28:18+00:00
2026,OH,39071,Highland County,2026-10-01,33,2,,2,0,,,,,1,oh-sos,2026-10-01T16:53:36+00:00
2026,OH,39071,Highland County,2026-10-02,32,2,,2,0,,,,,1,oh-sos,2026-10-02T17:28:10+00:00
2026,OH,39071,Highland County,2026-10-05,29,2,,2,0,,,,,1,oh-sos,2026-10-05T19:04:38+00:00
2026,OH,39071,Highland County,2026-10-06,28,2,,2,0,,,,,1,oh-sos,2026-10-06T16:30:45+00:00
2026,OH,39071,Highland County,2026-10-07,27,191,,2,189,,,,,1,oh-sos,2026-10-07T19:44:32+00:00
2026,OH,39071,Highland County,2026-10-08,26,367,,3,364,,,,,1,oh-sos,2026-10-08T17:12:15+00:00
2026,OH,39073,Hocking County,2026-09-22,42,0,,0,0,,,,,1,oh-sos,2026-09-22T20:56:53+00:00
2026,OH,39073,Hocking County,2026-09-23,41,0,,0,0,,,,,1,oh-sos,2026-09-23T16:07:19+00:00
2026,OH,39073,Hocking County,2026-09-24,40,0,,0,0,,,,,1,oh-sos,2026-09-24T18:11:39+00:00
2026,OH,39073,Hocking County,2026-09-25,39,0,,0,0,,,,,1,oh-sos,2026-09-25T15:00:58+00:00
2026,OH,39073,Hocking County,2026-09-28,36,0,,0,0,,,,,1,oh-sos,2026-09-28T17:43:24+00:00
2026,OH,39073,Hocking County,2026-09-29,35,0,,0,0,,,,,1,oh-sos,2026-09-29T20:28:18+00:00
2026,OH,39073,Hocking County,2026-10-01,33,0,,0,0,,,,,1,oh-sos,2026-10-01T16:53:36+00:00
2026,OH,39073,Hocking County,2026-10-02,32,0,,0,0,,,,,1,oh-sos,2026-10-02T17:28:10+00:00
2026,OH,39073,Hocking County,2026-10-05,29,0,,0,0,,,,,1,oh-sos,2026-10-05T19:04:38+00:00
2026,OH,39073,Hocking County,2026-10-06,28,0,,0,0,,,,,1,oh-sos,2026-10-06T16:30:45+00:00
2026,OH,39073,Hocking County,2026-10-07,27,214,,0,214,,,,,1,oh-sos,2026-10-07T19:44:32+00:00
2026,OH,39073,Hocking County,2026-10-08,26,365,,1,364,,,,,1,oh-sos,2026-10-08T17:12:15+00:00
2026,OH,39075,Holmes County,2026-09-22,42,0,,0,0,,,,,1,oh-sos,2026-09-22T20:56:53+00:00
2026,OH,39075,Holmes County,2026-09-23,41,0,,0,0,,,,,1,oh-sos,2026-09-23T16:07:19+00:00
2026,OH,39075,Holmes County,2026-09-24,40,0,,0,0,,,,,1,oh-sos,2026-09-24T18:11:39+00:00
2026,OH,39075,Holmes County,2026-09-25,39,0,,0,0,,,,,1,oh-sos,2026-09-25T15:00:58+00:00
2026,OH,39075,Holmes County,2026-09-28,36,0,,0,0,,,,,1,oh-sos,2026-09-28T17:43:24+00:00
2026,OH,39075,Holmes County,2026-09-29,35,0,,0,0,,,,,1,oh-sos,2026-09-29T20:28:18+00:00
2026,OH,39075,Holmes County,2026-10-01,33,0,,0,0,,,,,1,oh-sos,2026-10-01T16:53:36+00:00
2026,OH,39075,Holmes County,2026-10-02,32,1,,1,0,,,,,1,oh-sos,2026-10-02T17:28:10+00:00
2026,OH,39075,Holmes County,2026-10-05,29,1,,1,0,,,,,1,oh-sos,2026-10-05T19:04:38+00:00
2026,OH,39075,Holmes County,2026-10-06,28,1,,1,0,,,,,1,oh-sos,2026-10-06T16:30:45+00:00
2026,OH,39075,Holmes County,2026-10-07,27,101,,3,98,,,,,1,oh-sos,2026-10-07T19:44:32+00:00
2026,OH,39075,Holmes County,2026-10-08,26,207,,4,203,,,,,1,oh-sos,2026-10-08T17:12:15+00:00
2026,OH,39077,Huron County,2026-09-22,42,0,,0,0,,,,,1,oh-sos,2026-09-22T20:56:53+00:00
2026,OH,39077,Huron County,2026-09-23,41,2,,2,0,,,,,1,oh-sos,2026-09-23T16:07:19+00:00
2026,OH,39077,Huron County,2026-09-24,40,2,,2,0,,,,,1,oh-sos,2026-09-24T18:11:39+00:00
2026,OH,39077,Huron County,2026-09-25,39,2,,2,0,,,,,1,oh-sos,2026-09-25T15:00:58+00:00
2026,OH,39077,Huron County,2026-09-28,36,2,,2,0,,,,,1,oh-sos,2026-09-28T17:43:24+00:00
2026,OH,39077,Huron County,2026-09-29,35,2,,2,0,,,,,1,oh-sos,2026-09-29T20:28:18+00:00
2026,OH,39077,Huron County,2026-10-01,33,3,,3,0,,,,,1,oh-sos,2026-10-01T16:53:36+00:00
2026,OH,39077,Huron County,2026-10-02,32,3,,3,0,,,,,1,oh-sos,2026-10-02T17:28:10+00:00
2026,OH,39077,Huron County,2026-10-05,29,3,,3,0,,,,,1,oh-sos,2026-10-05T19:04:38+00:00
2026,OH,39077,Huron County,2026-10-06,28,4,,4,0,,,,,1,oh-sos,2026-10-06T16:30:45+00:00
2026,OH,39077,Huron County,2026-10-07,27,276,,4,272,,,,,1,oh-sos,2026-10-07T19:44:32+00:00
2026,OH,39077,Huron County,2026-10-08,26,510,,5,505,,,,,1,oh-sos,2026-10-08T17:12:15+00:00
2026,OH,39079,Jackson County,2026-09-22,42,0,,0,0,,,,,1,oh-sos,2026-09-22T20:56:53+00:00
2026,OH,39079,Jackson County,2026-09-23,41,0,,0,0,,,,,1,oh-sos,2026-09-23T16:07:19+00:00
2026,OH,39079,Jackson County,2026-09-24,40,0,,0,0,,,,,1,oh-sos,2026-09-24T18:11:39+00:00
2026,OH,39079,Jackson County,2026-09-25,39,0,,0,0,,,,,1,oh-sos,2026-09-25T15:00:58+00:00
2026,OH,39079,Jackson County,2026-09-28,36,2,,2,0,,,,,1,oh-sos,2026-09-28T17:43:24+00:00
2026,OH,39079,Jackson County,2026-09-29,35,2,,2,0,,,,,1,oh-sos,2026-09-29T20:28:18+00:00
2026,OH,39079,Jackson County,2026-10-01,33,3,,3,0,,,,,1,oh-sos,2026-10-01T16:53:36+00:00
2026,OH,39079,Jackson County,2026-10-02,32,4,,4,0,,,,,1,oh-sos,2026-10-02T17:28:10+00:00
2026,OH,39079,Jackson County,2026-10-05,29,4,,4,0,,,,,1,oh-sos,2026-10-05T19:04:38+00:00
2026,OH,39079,Jackson County,2026-10-06,28,5,,5,0,,,,,1,oh-sos,2026-10-06T16:30:45+00:00
2026,OH,39079,Jackson County,2026-10-07,27,221,,5,216,,,,,1,oh-sos,2026-10-07T19:44:32+00:00
2026,OH,39079,Jackson County,2026-10-08,26,369,,5,364,,,,,1,oh-sos,2026-10-08T17:12:15+00:00
2026,OH,39081,Jefferson County,2026-09-22,42,0,,0,0,,,,,1,oh-sos,2026-09-22T20:56:53+00:00
2026,OH,39081,Jefferson County,2026-09-23,41,0,,0,0,,,,,1,oh-sos,2026-09-23T16:07:19+00:00
2026,OH,39081,Jefferson County,2026-09-24,40,0,,0,0,,,,,1,oh-sos,2026-09-24T18:11:39+00:00
2026,OH,39081,Jefferson County,2026-09-25,39,0,,0,0,,,,,1,oh-sos,2026-09-25T15:00:58+00:00
2026,OH,39081,Jefferson County,2026-09-28,36,0,,0,0,,,,,1,oh-sos,2026-09-28T17:43:24+00:00
2026,OH,39081,Jefferson County,2026-09-29,35,0,,0,0,,,,,1,oh-sos,2026-09-29T20:28:18+00:00
2026,OH,39081,Jefferson County,2026-10-01,33,1,,1,0,,,,,1,oh-sos,2026-10-01T16:53:36+00:00
2026,OH,39081,Jefferson County,2026-10-02,32,1,,1,0,,,,,1,oh-sos,2026-10-02T17:28:10+00:00
2026,OH,39081,Jefferson County,2026-10-05,29,2,,2,0,,,,,1,oh-sos,2026-10-05T19:04:38+00:00
2026,OH,39081,Jefferson County,2026-10-06,28,6,,6,0,,,,,1,oh-sos,2026-10-06T16:30:45+00:00
2026,OH,39081,Jefferson County,2026-10-07,27,319,,8,311,,,,,1,oh-sos,2026-10-07T19:44:32+00:00
2026,OH,39081,Jefferson County,2026-10-08,26,524,,19,505,,,,,1,oh-sos,2026-10-08T17:12:15+00:00
2026,OH,39083,Knox County,2026-09-22,42,0,,0,0,,,,,1,oh-sos,2026-09-22T20:56:53+00:00
2026,OH,39083,Knox County,2026-09-23,41,0,,0,0,,,,,1,oh-sos,2026-09-23T16:07:19+00:00
2026,OH,39083,Knox County,2026-09-24,40,0,,0,0,,,,,1,oh-sos,2026-09-24T18:11:39+00:00
2026,OH,39083,Knox County,2026-09-25,39,0,,0,0,,,,,1,oh-sos,2026-09-25T15:00:58+00:00
2026,OH,39083,Knox County,2026-09-28,36,0,,0,0,,,,,1,oh-sos,2026-09-28T17:43:24+00:00
2026,OH,39083,Knox County,2026-09-29,35,0,,0,0,,,,,1,oh-sos,2026-09-29T20:28:18+00:00
2026,OH,39083,Knox County,2026-10-01,33,2,,2,0,,,,,1,oh-sos,2026-10-01T16:53:36+00:00
2026,OH,39083,Knox County,2026-10-02,32,2,,2,0,,,,,1,oh-sos,2026-10-02T17:28:10+00:00
2026,OH,39083,Knox County,2026-10-05,29,3,,3,0,,,,,1,oh-sos,2026-10-05T19:04:38+00:00
2026,OH,39083,Knox County,2026-10-06,28,4,,4,0,,,,,1,oh-sos,2026-10-06T16:30:45+00:00
2026,OH,39083,Knox County,2026-10-07,27,388,,4,384,,,,,1,oh-sos,2026-10-07T19:44:32+00:00
2026,OH,39083,Knox County,2026-10-08,26,666,,4,662,,,,,1,oh-sos,2026-10-08T17:12:15+00:00
2026,OH,39085,Lake County,2026-09-22,42,1,,1,0,,,,,1,oh-sos,2026-09-22T20:56:53+00:00
2026,OH,39085,Lake County,2026-09-23,41,1,,1,0,,,,,1,oh-sos,2026-09-23T16:07:19+00:00
2026,OH,39085,Lake County,2026-09-24,40,1,,1,0,,,,,1,oh-sos,2026-09-24T18:11:39+00:00
2026,OH,39085,Lake County,2026-09-25,39,3,,3,0,,,,,1,oh-sos,2026-09-25T15:00:58+00:00
2026,OH,39085,Lake County,2026-09-28,36,3,,3,0,,,,,1,oh-sos,2026-09-28T17:43:24+00:00
2026,OH,39085,Lake County,2026-09-29,35,3,,3,0,,,,,1,oh-sos,2026-09-29T20:28:18+00:00
2026,OH,39085,Lake County,2026-10-01,33,8,,8,0,,,,,1,oh-sos,2026-10-01T16:53:36+00:00
2026,OH,39085,Lake County,2026-10-02,32,12,,12,0,,,,,1,oh-sos,2026-10-02T17:28:10+00:00
2026,OH,39085,Lake County,2026-10-05,29,13,,13,0,,,,,1,oh-sos,2026-10-05T19:04:38+00:00
2026,OH,39085,Lake County,2026-10-06,28,23,,23,0,,,,,1,oh-sos,2026-10-06T16:30:45+00:00
2026,OH,39085,Lake County,2026-10-07,27,1152,,25,1127,,,,,1,oh-sos,2026-10-07T19:44:32+00:00
2026,OH,39085,Lake County,2026-10-08,26,1995,,25,1970,,,,,1,oh-sos,2026-10-08T17:12:15+00:00
2026,OH,39087,Lawrence County,2026-09-22,42,0,,0,0,,,,,1,oh-sos,2026-09-22T20:56:53+00:00
2026,OH,39087,Lawrence County,2026-09-23,41,0,,0,0,,,,,1,oh-sos,2026-09-23T16:07:19+00:00
2026,OH,39087,Lawrence County,2026-09-24,40,0,,0,0,,,,,1,oh-sos,2026-09-24T18:11:39+00:00
2026,OH,39087,Lawrence County,2026-09-25,39,0,,0,0,,,,,1,oh-sos,2026-09-25T15:00:58+00:00
2026,OH,39087,Lawrence County,2026-09-28,36,0,,0,0,,,,,1,oh-sos,2026-09-28T17:43:24+00:00
2026,OH,39087,Lawrence County,2026-09-29,35,0,,0,0,,,,,1,oh-sos,2026-09-29T20:28:18+00:00
2026,OH,39087,Lawrence County,2026-10-01,33,0,,0,0,,,,,1,oh-sos,2026-10-01T16:53:36+00:00
2026,OH,39087,Lawrence County,2026-10-02,32,0,,0,0,,,,,1,oh-sos,2026-10-02T17:28:10+00:00
2026,OH,39087,Lawrence County,2026-10-05,29,0,,0,0,,,,,1,oh-sos,2026-10-05T19:04:38+00:00
2026,OH,39087,Lawrence County,2026-10-06,28,0,,0,0,,,,,1,oh-sos,2026-10-06T16:30:45+00:00
2026,OH,39087,Lawrence County,2026-10-07,27,157,,0,157,,,,,1,oh-sos,2026-10-07T19:44:32+00:00
2026,OH,39087,Lawrence County,2026-10-08,26,345,,1,344,,,,,1,oh-sos,2026-10-08T17:12:15+00:00
2026,OH,39089,Licking County,2026-09-22,42,0,,0,0,,,,,1,oh-sos,2026-09-22T20:56:53+00:00
2026,OH,39089,Licking County,2026-09-23,41,5,,5,0,,,,,1,oh-sos,2026-09-23T16:07:19+00:00
2026,OH,39089,Licking County,2026-09-24,40,5,,5,0,,,,,1,oh-sos,2026-09-24T18:11:39+00:00
2026,OH,39089,Licking County,2026-09-25,39,5,,5,0,,,,,1,oh-sos,2026-09-25T15:00:58+00:00
2026,OH,39089,Licking County,2026-09-28,36,5,,5,0,,,,,1,oh-sos,2026-09-28T17:43:24+00:00
2026,OH,39089,Licking County,2026-09-29,35,5,,5,0,,,,,1,oh-sos,2026-09-29T20:28:18+00:00
2026,OH,39089,Licking County,2026-10-01,33,8,,8,0,,,,,1,oh-sos,2026-10-01T16:53:36+00:00
2026,OH,39089,Licking County,2026-10-02,32,9,,9,0,,,,,1,oh-sos,2026-10-02T17:28:10+00:00
2026,OH,39089,Licking County,2026-10-05,29,9,,9,0,,,,,1,oh-sos,2026-10-05T19:04:38+00:00
2026,OH,39089,Licking County,2026-10-06,28,15,,15,0,,,,,1,oh-sos,2026-10-06T16:30:45+00:00
2026,OH,39089,Licking County,2026-10-07,27,760,,15,745,,,,,1,oh-sos,2026-10-07T19:44:32+00:00
2026,OH,39089,Licking County,2026-10-08,26,1415,,15,1400,,,,,1,oh-sos,2026-10-08T17:12:15+00:00
2026,OH,39091,Logan County,2026-09-22,42,0,,0,0,,,,,1,oh-sos,2026-09-22T20:56:53+00:00
2026,OH,39091,Logan County,2026-09-23,41,0,,0,0,,,,,1,oh-sos,2026-09-23T16:07:19+00:00
2026,OH,39091,Logan County,2026-09-24,40,0,,0,0,,,,,1,oh-sos,2026-09-24T18:11:39+00:00
2026,OH,39091,Logan County,2026-09-25,39,0,,0,0,,,,,1,oh-sos,2026-09-25T15:00:58+00:00
2026,OH,39091,Logan County,2026-09-28,36,1,,1,0,,,,,1,oh-sos,2026-09-28T17:43:24+00:00
2026,OH,39091,Logan County,2026-09-29,35,1,,1,0,,,,,1,oh-sos,2026-09-29T20:28:18+00:00
2026,OH,39091,Logan County,2026-10-01,33,1,,1,0,,,,,1,oh-sos,2026-10-01T16:53:36+00:00
2026,OH,39091,Logan County,2026-10-02,32,1,,1,0,,,,,1,oh-sos,2026-10-02T17:28:10+00:00
2026,OH,39091,Logan County,2026-10-05,29,1,,1,0,,,,,1,oh-sos,2026-10-05T19:04:38+00:00
2026,OH,39091,Logan County,2026-10-06,28,2,,2,0,,,,,1,oh-sos,2026-10-06T16:30:45+00:00
2026,OH,39091,Logan County,2026-10-07,27,442,,2,440,,,,,1,oh-sos,2026-10-07T19:44:32+00:00
2026,OH,39091,Logan County,2026-10-08,26,835,,2,833,,,,,1,oh-sos,2026-10-08T17:12:15+00:00
2026,OH,39093,Lorain County,2026-09-22,42,1,,1,0,,,,,1,oh-sos,2026-09-22T20:56:53+00:00
2026,OH,39093,Lorain County,2026-09-23,41,1,,1,0,,,,,1,oh-sos,2026-09-23T16:07:19+00:00
2026,OH,39093,Lorain County,2026-09-24,40,2,,2,0,,,,,1,oh-sos,2026-09-24T18:11:39+00:00
2026,OH,39093,Lorain County,2026-09-25,39,2,,2,0,,,,,1,oh-sos,2026-09-25T15:00:58+00:00
2026,OH,39093,Lorain County,2026-09-28,36,2,,2,0,,,,,1,oh-sos,2026-09-28T17:43:24+00:00
2026,OH,39093,Lorain County,2026-09-29,35,8,,8,0,,,,,1,oh-sos,2026-09-29T20:28:18+00:00
2026,OH,39093,Lorain County,2026-10-01,33,12,,12,0,,,,,1,oh-sos,2026-10-01T16:53:36+00:00
2026,OH,39093,Lorain County,2026-10-02,32,19,,19,0,,,,,1,oh-sos,2026-10-02T17:28:10+00:00
2026,OH,39093,Lorain County,2026-10-05,29,20,,20,0,,,,,1,oh-sos,2026-10-05T19:04:38+00:00
2026,OH,39093,Lorain County,2026-10-06,28,30,,30,0,,,,,1,oh-sos,2026-10-06T16:30:45+00:00
2026,OH,39093,Lorain County,2026-10-07,27,1534,,35,1499,,,,,1,oh-sos,2026-10-07T19:44:32+00:00
2026,OH,39093,Lorain County,2026-10-08,26,2944,,38,2906,,,,,1,oh-sos,2026-10-08T17:12:15+00:00
2026,OH,39095,Lucas County,2026-09-22,42,0,,0,0,,,,,1,oh-sos,2026-09-22T20:56:53+00:00
2026,OH,39095,Lucas County,2026-09-23,41,0,,0,0,,,,,1,oh-sos,2026-09-23T16:07:19+00:00
2026,OH,39095,Lucas County,2026-09-24,40,0,,0,0,,,,,1,oh-sos,2026-09-24T18:11:39+00:00
2026,OH,39095,Lucas County,2026-09-25,39,0,,0,0,,,,,1,oh-sos,2026-09-25T15:00:58+00:00
2026,OH,39095,Lucas County,2026-09-28,36,1,,1,0,,,,,1,oh-sos,2026-09-28T17:43:24+00:00
2026,OH,39095,Lucas County,2026-09-29,35,1,,1,0,,,,,1,oh-sos,2026-09-29T20:28:18+00:00
2026,OH,39095,Lucas County,2026-10-01,33,10,,10,0,,,,,1,oh-sos,2026-10-01T16:53:36+00:00
2026,OH,39095,Lucas County,2026-10-02,32,10,,10,0,,,,,1,oh-sos,2026-10-02T17:28:10+00:00
2026,OH,39095,Lucas County,2026-10-05,29,10,,10,0,,,,,1,oh-sos,2026-10-05T19:04:38+00:00
2026,OH,39095,Lucas County,2026-10-06,28,10,,10,0,,,,,1,oh-sos,2026-10-06T16:30:45+00:00
2026,OH,39095,Lucas County,2026-10-07,27,1689,,10,1679,,,,,1,oh-sos,2026-10-07T19:44:32+00:00
2026,OH,39095,Lucas County,2026-10-08,26,2962,,22,2940,,,,,1,oh-sos,2026-10-08T17:12:15+00:00
2026,OH,39097,Madison County,2026-09-22,42,0,,0,0,,,,,1,oh-sos,2026-09-22T20:56:53+00:00
2026,OH,39097,Madison County,2026-09-23,41,0,,0,0,,,,,1,oh-sos,2026-09-23T16:07:19+00:00
2026,OH,39097,Madison County,2026-09-24,40,0,,0,0,,,,,1,oh-sos,2026-09-24T18:11:39+00:00
2026,OH,39097,Madison County,2026-09-25,39,0,,0,0,,,,,1,oh-sos,2026-09-25T15:00:58+00:00
2026,OH,39097,Madison County,2026-09-28,36,0,,0,0,,,,,1,oh-sos,2026-09-28T17:43:24+00:00
2026,OH,39097,Madison County,2026-09-29,35,0,,0,0,,,,,1,oh-sos,2026-09-29T20:28:18+00:00
2026,OH,39097,Madison County,2026-10-01,33,0,,0,0,,,,,1,oh-sos,2026-10-01T16:53:36+00:00
2026,OH,39097,Madison County,2026-10-02,32,0,,0,0,,,,,1,oh-sos,2026-10-02T17:28:10+00:00
2026,OH,39097,Madison County,2026-10-05,29,0,,0,0,,,,,1,oh-sos,2026-10-05T19:04:38+00:00
2026,OH,39097,Madison County,2026-10-06,28,2,,2,0,,,,,1,oh-sos,2026-10-06T16:30:45+00:00
2026,OH,39097,Madison County,2026-10-07,27,251,,3,248,,,,,1,oh-sos,2026-10-07T19:44:32+00:00
2026,OH,39097,Madison County,2026-10-08,26,466,,8,458,,,,,1,oh-sos,2026-10-08T17:12:15+00:00
2026,OH,39099,Mahoning County,2026-09-22,42,0,,0,0,,,,,1,oh-sos,2026-09-22T20:56:53+00:00
2026,OH,39099,Mahoning County,2026-09-23,41,0,,0,0,,,,,1,oh-sos,2026-09-23T16:07:19+00:00
2026,OH,39099,Mahoning County,2026-09-24,40,0,,0,0,,,,,1,oh-sos,2026-09-24T18:11:39+00:00
2026,OH,39099,Mahoning County,2026-09-25,39,0,,0,0,,,,,1,oh-sos,2026-09-25T15:00:58+00:00
2026,OH,39099,Mahoning County,2026-09-28,36,0,,0,0,,,,,1,oh-sos,2026-09-28T17:43:24+00:00
2026,OH,39099,Mahoning County,2026-09-29,35,0,,0,0,,,,,1,oh-sos,2026-09-29T20:28:18+00:00
2026,OH,39099,Mahoning County,2026-10-01,33,1,,1,0,,,,,1,oh-sos,2026-10-01T16:53:36+00:00
2026,OH,39099,Mahoning County,2026-10-02,32,5,,5,0,,,,,1,oh-sos,2026-10-02T17:28:10+00:00
2026,OH,39099,Mahoning County,2026-10-05,29,7,,7,0,,,,,1,oh-sos,2026-10-05T19:04:38+00:00
2026,OH,39099,Mahoning County,2026-10-06,28,11,,11,0,,,,,1,oh-sos,2026-10-06T16:30:45+00:00
2026,OH,39099,Mahoning County,2026-10-07,27,795,,11,784,,,,,1,oh-sos,2026-10-07T19:44:32+00:00
2026,OH,39099,Mahoning County,2026-10-08,26,1419,,15,1404,,,,,1,oh-sos,2026-10-08T17:12:15+00:00
2026,OH,39101,Marion County,2026-09-22,42,0,,0,0,,,,,1,oh-sos,2026-09-22T20:56:53+00:00
2026,OH,39101,Marion County,2026-09-23,41,0,,0,0,,,,,1,oh-sos,2026-09-23T16:07:19+00:00
2026,OH,39101,Marion County,2026-09-24,40,0,,0,0,,,,,1,oh-sos,2026-09-24T18:11:39+00:00
2026,OH,39101,Marion County,2026-09-25,39,0,,0,0,,,,,1,oh-sos,2026-09-25T15:00:58+00:00
2026,OH,39101,Marion County,2026-09-28,36,0,,0,0,,,,,1,oh-sos,2026-09-28T17:43:24+00:00
2026,OH,39101,Marion County,2026-09-29,35,0,,0,0,,,,,1,oh-sos,2026-09-29T20:28:18+00:00
2026,OH,39101,Marion County,2026-10-01,33,2,,2,0,,,,,1,oh-sos,2026-10-01T16:53:36+00:00
2026,OH,39101,Marion County,2026-10-02,32,2,,2,0,,,,,1,oh-sos,2026-10-02T17:28:10+00:00
2026,OH,39101,Marion County,2026-10-05,29,2,,2,0,,,,,1,oh-sos,2026-10-05T19:04:38+00:00
2026,OH,39101,Marion County,2026-10-06,28,3,,3,0,,,,,1,oh-sos,2026-10-06T16:30:45+00:00
2026,OH,39101,Marion County,2026-10-07,27,435,,3,432,,,,,1,oh-sos,2026-10-07T19:44:32+00:00
2026,OH,39101,Marion County,2026-10-08,26,780,,4,776,,,,,1,oh-sos,2026-10-08T17:12:15+00:00
2026,OH,39103,Medina County,2026-09-22,42,0,,0,0,,,,,1,oh-sos,2026-09-22T20:56:53+00:00
2026,OH,39103,Medina County,2026-09-23,41,0,,0,0,,,,,1,oh-sos,2026-09-23T16:07:19+00:00
2026,OH,39103,Medina County,2026-09-24,40,0,,0,0,,,,,1,oh-sos,2026-09-24T18:11:39+00:00
2026,OH,39103,Medina County,2026-09-25,39,4,,4,0,,,,,1,oh-sos,2026-09-25T15:00:58+00:00
2026,OH,39103,Medina County,2026-09-28,36,5,,5,0,,,,,1,oh-sos,2026-09-28T17:43:24+00:00
2026,OH,39103,Medina County,2026-09-29,35,5,,5,0,,,,,1,oh-sos,2026-09-29T20:28:18+00:00
2026,OH,39103,Medina County,2026-10-01,33,11,,11,0,,,,,1,oh-sos,2026-10-01T16:53:36+00:00
2026,OH,39103,Medina County,2026-10-02,32,11,,11,0,,,,,1,oh-sos,2026-10-02T17:28:10+00:00
2026,OH,39103,Medina County,2026-10-05,29,18,,18,0,,,,,1,oh-sos,2026-10-05T19:04:38+00:00
2026,OH,39103,Medina County,2026-10-06,28,20,,20,0,,,,,1,oh-sos,2026-10-06T16:30:45+00:00
2026,OH,39103,Medina County,2026-10-07,27,1191,,24,1167,,,,,1,oh-sos,2026-10-07T19:44:32+00:00
2026,OH,39103,Medina County,2026-10-08,26,2295,,26,2269,,,,,1,oh-sos,2026-10-08T17:12:15+00:00
2026,OH,39105,Meigs County,2026-09-22,42,0,,0,0,,,,,1,oh-sos,2026-09-22T20:56:53+00:00
2026,OH,39105,Meigs County,2026-09-23,41,0,,0,0,,,,,1,oh-sos,2026-09-23T16:07:19+00:00
2026,OH,39105,Meigs County,2026-09-24,40,0,,0,0,,,,,1,oh-sos,2026-09-24T18:11:39+00:00
2026,OH,39105,Meigs County,2026-09-25,39,0,,0,0,,,,,1,oh-sos,2026-09-25T15:00:58+00:00
2026,OH,39105,Meigs County,2026-09-28,36,0,,0,0,,,,,1,oh-sos,2026-09-28T17:43:24+00:00
2026,OH,39105,Meigs County,2026-09-29,35,0,,0,0,,,,,1,oh-sos,2026-09-29T20:28:18+00:00
2026,OH,39105,Meigs County,2026-10-01,33,0,,0,0,,,,,1,oh-sos,2026-10-01T16:53:36+00:00
2026,OH,39105,Meigs County,2026-10-02,32,0,,0,0,,,,,1,oh-sos,2026-10-02T17:28:10+00:00
2026,OH,39105,Meigs County,2026-10-05,29,0,,0,0,,,,,1,oh-sos,2026-10-05T19:04:38+00:00
2026,OH,39105,Meigs County,2026-10-06,28,0,,0,0,,,,,1,oh-sos,2026-10-06T16:30:45+00:00
2026,OH,39105,Meigs County,2026-10-07,27,93,,0,93,,,,,1,oh-sos,2026-10-07T19:44:32+00:00
2026,OH,39105,Meigs County,2026-10-08,26,146,,1,145,,,,,1,oh-sos,2026-10-08T17:12:15+00:00
2026,OH,39107,Mercer County,2026-09-22,42,0,,0,0,,,,,1,oh-sos,2026-09-22T20:56:53+00:00
2026,OH,39107,Mercer County,2026-09-23,41,0,,0,0,,,,,1,oh-sos,2026-09-23T16:07:19+00:00
2026,OH,39107,Mercer County,2026-09-24,40,0,,0,0,,,,,1,oh-sos,2026-09-24T18:11:39+00:00
2026,OH,39107,Mercer County,2026-09-25,39,0,,0,0,,,,,1,oh-sos,2026-09-25T15:00:58+00:00
2026,OH,39107,Mercer County,2026-09-28,36,0,,0,0,,,,,1,oh-sos,2026-09-28T17:43:24+00:00
2026,OH,39107,Mercer County,2026-09-29,35,0,,0,0,,,,,1,oh-sos,2026-09-29T20:28:18+00:00
2026,OH,39107,Mercer County,2026-10-01,33,0,,0,0,,,,,1,oh-sos,2026-10-01T16:53:36+00:00
2026,OH,39107,Mercer County,2026-10-02,32,0,,0,0,,,,,1,oh-sos,2026-10-02T17:28:10+00:00
2026,OH,39107,Mercer County,2026-10-05,29,0,,0,0,,,,,1,oh-sos,2026-10-05T19:04:38+00:00
2026,OH,39107,Mercer County,2026-10-06,28,1,,1,0,,,,,1,oh-sos,2026-10-06T16:30:45+00:00
2026,OH,39107,Mercer County,2026-10-07,27,1,,1,0,,,,,1,oh-sos,2026-10-07T19:44:32+00:00
2026,OH,39107,Mercer County,2026-10-08,26,566,,8,558,,,,,1,oh-sos,2026-10-08T17:12:15+00:00
2026,OH,39109,Miami County,2026-09-22,42,0,,0,0,,,,,1,oh-sos,2026-09-22T20:56:53+00:00
2026,OH,39109,Miami County,2026-09-23,41,0,,0,0,,,,,1,oh-sos,2026-09-23T16:07:19+00:00
2026,OH,39109,Miami County,2026-09-24,40,0,,0,0,,,,,1,oh-sos,2026-09-24T18:11:39+00:00
2026,OH,39109,Miami County,2026-09-25,39,0,,0,0,,,,,1,oh-sos,2026-09-25T15:00:58+00:00
2026,OH,39109,Miami County,2026-09-28,36,1,,1,0,,,,,1,oh-sos,2026-09-28T17:43:24+00:00
2026,OH,39109,Miami County,2026-09-29,35,1,,1,0,,,,,1,oh-sos,2026-09-29T20:28:18+00:00
2026,OH,39109,Miami County,2026-10-01,33,1,,1,0,,,,,1,oh-sos,2026-10-01T16:53:36+00:00
2026,OH,39109,Miami County,2026-10-02,32,2,,2,0,,,,,1,oh-sos,2026-10-02T17:28:10+00:00
2026,OH,39109,Miami County,2026-10-05,29,2,,2,0,,,,,1,oh-sos,2026-10-05T19:04:38+00:00
2026,OH,39109,Miami County,2026-10-06,28,2,,2,0,,,,,1,oh-sos,2026-10-06T16:30:45+00:00
2026,OH,39109,Miami County,2026-10-07,27,642,,2,640,,,,,1,oh-sos,2026-10-07T19:44:32+00:00
2026,OH,39109,Miami County,2026-10-08,26,1222,,2,1220,,,,,1,oh-sos,2026-10-08T17:12:15+00:00
2026,OH,39111,Monroe County,2026-09-22,42,0,,0,0,,,,,1,oh-sos,2026-09-22T20:56:53+00:00
2026,OH,39111,Monroe County,2026-09-23,41,0,,0,0,,,,,1,oh-sos,2026-09-23T16:07:19+00:00
2026,OH,39111,Monroe County,2026-09-24,40,0,,0,0,,,,,1,oh-sos,2026-09-24T18:11:39+00:00
2026,OH,39111,Monroe County,2026-09-25,39,0,,0,0,,,,,1,oh-sos,2026-09-25T15:00:58+00:00
2026,OH,39111,Monroe County,2026-09-28,36,0,,0,0,,,,,1,oh-sos,2026-09-28T17:43:24+00:00
2026,OH,39111,Monroe County,2026-09-29,35,0,,0,0,,,,,1,oh-sos,2026-09-29T20:28:18+00:00
2026,OH,39111,Monroe County,2026-10-01,33,0,,0,0,,,,,1,oh-sos,2026-10-01T16:53:36+00:00
2026,OH,39111,Monroe County,2026-10-02,32,0,,0,0,,,,,1,oh-sos,2026-10-02T17:28:10+00:00
2026,OH,39111,Monroe County,2026-10-05,29,0,,0,0,,,,,1,oh-sos,2026-10-05T19:04:38+00:00
2026,OH,39111,Monroe County,2026-10-06,28,0,,0,0,,,,,1,oh-sos,2026-10-06T16:30:45+00:00
2026,OH,39111,Monroe County,2026-10-07,27,81,,0,81,,,,,1,oh-sos,2026-10-07T19:44:32+00:00
2026,OH,39111,Monroe County,2026-10-08,26,149,,0,149,,,,,1,oh-sos,2026-10-08T17:12:15+00:00
2026,OH,39113,Montgomery County,2026-09-22,42,3,,3,0,,,,,1,oh-sos,2026-09-22T20:56:53+00:00
2026,OH,39113,Montgomery County,2026-09-23,41,3,,3,0,,,,,1,oh-sos,2026-09-23T16:07:19+00:00
2026,OH,39113,Montgomery County,2026-09-24,40,5,,5,0,,,,,1,oh-sos,2026-09-24T18:11:39+00:00
2026,OH,39113,Montgomery County,2026-09-25,39,5,,5,0,,,,,1,oh-sos,2026-09-25T15:00:58+00:00
2026,OH,39113,Montgomery County,2026-09-28,36,6,,6,0,,,,,1,oh-sos,2026-09-28T17:43:24+00:00
2026,OH,39113,Montgomery County,2026-09-29,35,12,,12,0,,,,,1,oh-sos,2026-09-29T20:28:18+00:00
2026,OH,39113,Montgomery County,2026-10-01,33,18,,18,0,,,,,1,oh-sos,2026-10-01T16:53:36+00:00
2026,OH,39113,Montgomery County,2026-10-02,32,25,,25,0,,,,,1,oh-sos,2026-10-02T17:28:10+00:00
2026,OH,39113,Montgomery County,2026-10-05,29,26,,26,0,,,,,1,oh-sos,2026-10-05T19:04:38+00:00
2026,OH,39113,Montgomery County,2026-10-06,28,32,,32,0,,,,,1,oh-sos,2026-10-06T16:30:45+00:00
2026,OH,39113,Montgomery County,2026-10-07,27,1410,,41,1369,,,,,1,oh-sos,2026-10-07T19:44:32+00:00
2026,OH,39113,Montgomery County,2026-10-08,26,2537,,58,2479,,,,,1,oh-sos,2026-10-08T17:12:15+00:00
2026,OH,39115,Morgan County,2026-09-22,42,0,,0,0,,,,,1,oh-sos,2026-09-22T20:56:53+00:00
2026,OH,39115,Morgan County,2026-09-23,41,0,,0,0,,,,,1,oh-sos,2026-09-23T16:07:19+00:00
2026,OH,39115,Morgan County,2026-09-24,40,0,,0,0,,,,,1,oh-sos,2026-09-24T18:11:39+00:00
2026,OH,39115,Morgan County,2026-09-25,39,0,,0,0,,,,,1,oh-sos,2026-09-25T15:00:58+00:00
2026,OH,39115,Morgan County,2026-09-28,36,0,,0,0,,,,,1,oh-sos,2026-09-28T17:43:24+00:00
2026,OH,39115,Morgan County,2026-09-29,35,0,,0,0,,,,,1,oh-sos,2026-09-29T20:28:18+00:00
2026,OH,39115,Morgan County,2026-10-01,33,0,,0,0,,,,,1,oh-sos,2026-10-01T16:53:36+00:00
2026,OH,39115,Morgan County,2026-10-02,32,0,,0,0,,,,,1,oh-sos,2026-10-02T17:28:10+00:00
2026,OH,39115,Morgan County,2026-10-05,29,0,,0,0,,,,,1,oh-sos,2026-10-05T19:04:38+00:00
2026,OH,39115,Morgan County,2026-10-06,28,0,,0,0,,,,,1,oh-sos,2026-10-06T16:30:45+00:00
2026,OH,39115,Morgan County,2026-10-07,27,60,,1,59,,,,,1,oh-sos,2026-10-07T19:44:32+00:00
2026,OH,39115,Morgan County,2026-10-08,26,127,,1,126,,,,,1,oh-sos,2026-10-08T17:12:15+00:00
2026,OH,39117,Morrow County,2026-09-22,42,0,,0,0,,,,,1,oh-sos,2026-09-22T20:56:53+00:00
2026,OH,39117,Morrow County,2026-09-23,41,0,,0,0,,,,,1,oh-sos,2026-09-23T16:07:19+00:00
2026,OH,39117,Morrow County,2026-09-24,40,0,,0,0,,,,,1,oh-sos,2026-09-24T18:11:39+00:00
2026,OH,39117,Morrow County,2026-09-25,39,0,,0,0,,,,,1,oh-sos,2026-09-25T15:00:58+00:00
2026,OH,39117,Morrow County,2026-09-28,36,0,,0,0,,,,,1,oh-sos,2026-09-28T17:43:24+00:00
2026,OH,39117,Morrow County,2026-09-29,35,0,,0,0,,,,,1,oh-sos,2026-09-29T20:28:18+00:00
2026,OH,39117,Morrow County,2026-10-01,33,0,,0,0,,,,,1,oh-sos,2026-10-01T16:53:36+00:00
2026,OH,39117,Morrow County,2026-10-02,32,0,,0,0,,,,,1,oh-sos,2026-10-02T17:28:10+00:00
2026,OH,39117,Morrow County,2026-10-05,29,0,,0,0,,,,,1,oh-sos,2026-10-05T19:04:38+00:00
2026,OH,39117,Morrow County,2026-10-06,28,0,,0,0,,,,,1,oh-sos,2026-10-06T16:30:45+00:00
2026,OH,39117,Morrow County,2026-10-07,27,133,,1,132,,,,,1,oh-sos,2026-10-07T19:44:32+00:00
2026,OH,39117,Morrow County,2026-10-08,26,288,,0,288,,,,,1,oh-sos,2026-10-08T17:12:15+00:00
2026,OH,39119,Muskingum County,2026-09-22,42,0,,0,0,,,,,1,oh-sos,2026-09-22T20:56:53+00:00
2026,OH,39119,Muskingum County,2026-09-23,41,0,,0,0,,,,,1,oh-sos,2026-09-23T16:07:19+00:00
2026,OH,39119,Muskingum County,2026-09-24,40,0,,0,0,,,,,1,oh-sos,2026-09-24T18:11:39+00:00
2026,OH,39119,Muskingum County,2026-09-25,39,0,,0,0,,,,,1,oh-sos,2026-09-25T15:00:58+00:00
2026,OH,39119,Muskingum County,2026-09-28,36,0,,0,0,,,,,1,oh-sos,2026-09-28T17:43:24+00:00
2026,OH,39119,Muskingum County,2026-09-29,35,0,,0,0,,,,,1,oh-sos,2026-09-29T20:28:18+00:00
2026,OH,39119,Muskingum County,2026-10-01,33,1,,1,0,,,,,1,oh-sos,2026-10-01T16:53:36+00:00
2026,OH,39119,Muskingum County,2026-10-02,32,1,,1,0,,,,,1,oh-sos,2026-10-02T17:28:10+00:00
2026,OH,39119,Muskingum County,2026-10-05,29,4,,4,0,,,,,1,oh-sos,2026-10-05T19:04:38+00:00
2026,OH,39119,Muskingum County,2026-10-06,28,4,,4,0,,,,,1,oh-sos,2026-10-06T16:30:45+00:00
2026,OH,39119,Muskingum County,2026-10-07,27,435,,7,428,,,,,1,oh-sos,2026-10-07T19:44:32+00:00
2026,OH,39119,Muskingum County,2026-10-08,26,847,,49,798,,,,,1,oh-sos,2026-10-08T17:12:15+00:00
2026,OH,39121,Noble County,2026-09-22,42,0,,0,0,,,,,1,oh-sos,2026-09-22T20:56:53+00:00
2026,OH,39121,Noble County,2026-09-23,41,0,,0,0,,,,,1,oh-sos,2026-09-23T16:07:19+00:00
2026,OH,39121,Noble County,2026-09-24,40,2,,2,0,,,,,1,oh-sos,2026-09-24T18:11:39+00:00
2026,OH,39121,Noble County,2026-09-25,39,2,,2,0,,,,,1,oh-sos,2026-09-25T15:00:58+00:00
2026,OH,39121,Noble County,2026-09-28,36,2,,2,0,,,,,1,oh-sos,2026-09-28T17:43:24+00:00
2026,OH,39121,Noble County,2026-09-29,35,2,,2,0,,,,,1,oh-sos,2026-09-29T20:28:18+00:00
2026,OH,39121,Noble County,2026-10-01,33,2,,2,0,,,,,1,oh-sos,2026-10-01T16:53:36+00:00
2026,OH,39121,Noble County,2026-10-02,32,2,,2,0,,,,,1,oh-sos,2026-10-02T17:28:10+00:00
2026,OH,39121,Noble County,2026-10-05,29,2,,2,0,,,,,1,oh-sos,2026-10-05T19:04:38+00:00
2026,OH,39121,Noble County,2026-10-06,28,2,,2,0,,,,,1,oh-sos,2026-10-06T16:30:45+00:00
2026,OH,39121,Noble County,2026-10-07,27,76,,2,74,,,,,1,oh-sos,2026-10-07T19:44:32+00:00
2026,OH,39121,Noble County,2026-10-08,26,121,,3,118,,,,,1,oh-sos,2026-10-08T17:12:15+00:00
2026,OH,39123,Ottawa County,2026-09-22,42,0,,0,0,,,,,1,oh-sos,2026-09-22T20:56:53+00:00
2026,OH,39123,Ottawa County,2026-09-23,41,0,,0,0,,,,,1,oh-sos,2026-09-23T16:07:19+00:00
2026,OH,39123,Ottawa County,2026-09-24,40,0,,0,0,,,,,1,oh-sos,2026-09-24T18:11:39+00:00
2026,OH,39123,Ottawa County,2026-09-25,39,0,,0,0,,,,,1,oh-sos,2026-09-25T15:00:58+00:00
2026,OH,39123,Ottawa County,2026-09-28,36,0,,0,0,,,,,1,oh-sos,2026-09-28T17:43:24+00:00
2026,OH,39123,Ottawa County,2026-09-29,35,2,,2,0,,,,,1,oh-sos,2026-09-29T20:28:18+00:00
2026,OH,39123,Ottawa County,2026-10-01,33,2,,2,0,,,,,1,oh-sos,2026-10-01T16:53:36+00:00
2026,OH,39123,Ottawa County,2026-10-02,32,2,,2,0,,,,,1,oh-sos,2026-10-02T17:28:10+00:00
2026,OH,39123,Ottawa County,2026-10-05,29,5,,5,0,,,,,1,oh-sos,2026-10-05T19:04:38+00:00
2026,OH,39123,Ottawa County,2026-10-06,28,5,,5,0,,,,,1,oh-sos,2026-10-06T16:30:45+00:00
2026,OH,39123,Ottawa County,2026-10-07,27,244,,5,239,,,,,1,oh-sos,2026-10-07T19:44:32+00:00
2026,OH,39123,Ottawa County,2026-10-08,26,494,,6,488,,,,,1,oh-sos,2026-10-08T17:12:15+00:00
2026,OH,39125,Paulding County,2026-09-22,42,0,,0,0,,,,,1,oh-sos,2026-09-22T20:56:53+00:00
2026,OH,39125,Paulding County,2026-09-23,41,0,,0,0,,,,,1,oh-sos,2026-09-23T16:07:19+00:00
2026,OH,39125,Paulding County,2026-09-24,40,0,,0,0,,,,,1,oh-sos,2026-09-24T18:11:39+00:00
2026,OH,39125,Paulding County,2026-09-25,39,0,,0,0,,,,,1,oh-sos,2026-09-25T15:00:58+00:00
2026,OH,39125,Paulding County,2026-09-28,36,0,,0,0,,,,,1,oh-sos,2026-09-28T17:43:24+00:00
2026,OH,39125,Paulding County,2026-09-29,35,0,,0,0,,,,,1,oh-sos,2026-09-29T20:28:18+00:00
2026,OH,39125,Paulding County,2026-10-01,33,0,,0,0,,,,,1,oh-sos,2026-10-01T16:53:36+00:00
2026,OH,39125,Paulding County,2026-10-02,32,0,,0,0,,,,,1,oh-sos,2026-10-02T17:28:10+00:00
2026,OH,39125,Paulding County,2026-10-05,29,0,,0,0,,,,,1,oh-sos,2026-10-05T19:04:38+00:00
2026,OH,39125,Paulding County,2026-10-06,28,0,,0,0,,,,,1,oh-sos,2026-10-06T16:30:45+00:00
2026,OH,39125,Paulding County,2026-10-07,27,104,,0,104,,,,,1,oh-sos,2026-10-07T19:44:32+00:00
2026,OH,39125,Paulding County,2026-10-08,26,207,,1,206,,,,,1,oh-sos,2026-10-08T17:12:15+00:00
2026,OH,39127,Perry County,2026-09-22,42,0,,0,0,,,,,1,oh-sos,2026-09-22T20:56:53+00:00
2026,OH,39127,Perry County,2026-09-23,41,0,,0,0,,,,,1,oh-sos,2026-09-23T16:07:19+00:00
2026,OH,39127,Perry County,2026-09-24,40,0,,0,0,,,,,1,oh-sos,2026-09-24T18:11:39+00:00
2026,OH,39127,Perry County,2026-09-25,39,0,,0,0,,,,,1,oh-sos,2026-09-25T15:00:58+00:00
2026,OH,39127,Perry County,2026-09-28,36,0,,0,0,,,,,1,oh-sos,2026-09-28T17:43:24+00:00
2026,OH,39127,Perry County,2026-09-29,35,0,,0,0,,,,,1,oh-sos,2026-09-29T20:28:18+00:00
2026,OH,39127,Perry County,2026-10-01,33,0,,0,0,,,,,1,oh-sos,2026-10-01T16:53:36+00:00
2026,OH,39127,Perry County,2026-10-02,32,0,,0,0,,,,,1,oh-sos,2026-10-02T17:28:10+00:00
2026,OH,39127,Perry County,2026-10-05,29,0,,0,0,,,,,1,oh-sos,2026-10-05T19:04:38+00:00
2026,OH,39127,Perry County,2026-10-06,28,0,,0,0,,,,,1,oh-sos,2026-10-06T16:30:45+00:00
2026,OH,39127,Perry County,2026-10-07,27,156,,0,156,,,,,1,oh-sos,2026-10-07T19:44:32+00:00
2026,OH,39127,Perry County,2026-10-08,26,274,,0,274,,,,,1,oh-sos,2026-10-08T17:12:15+00:00
2026,OH,39129,Pickaway County,2026-09-22,42,3,,3,0,,,,,1,oh-sos,2026-09-22T20:56:53+00:00
2026,OH,39129,Pickaway County,2026-09-23,41,3,,3,0,,,,,1,oh-sos,2026-09-23T16:07:19+00:00
2026,OH,39129,Pickaway County,2026-09-24,40,3,,3,0,,,,,1,oh-sos,2026-09-24T18:11:39+00:00
2026,OH,39129,Pickaway County,2026-09-25,39,3,,3,0,,,,,1,oh-sos,2026-09-25T15:00:58+00:00
2026,OH,39129,Pickaway County,2026-09-28,36,4,,4,0,,,,,1,oh-sos,2026-09-28T17:43:24+00:00
2026,OH,39129,Pickaway County,2026-09-29,35,4,,4,0,,,,,1,oh-sos,2026-09-29T20:28:18+00:00
2026,OH,39129,Pickaway County,2026-10-01,33,4,,4,0,,,,,1,oh-sos,2026-10-01T16:53:36+00:00
2026,OH,39129,Pickaway County,2026-10-02,32,4,,4,0,,,,,1,oh-sos,2026-10-02T17:28:10+00:00
2026,OH,39129,Pickaway County,2026-10-05,29,4,,4,0,,,,,1,oh-sos,2026-10-05T19:04:38+00:00
2026,OH,39129,Pickaway County,2026-10-06,28,4,,4,0,,,,,1,oh-sos,2026-10-06T16:30:45+00:00
2026,OH,39129,Pickaway County,2026-10-07,27,249,,4,245,,,,,1,oh-sos,2026-10-07T19:44:32+00:00
2026,OH,39129,Pickaway County,2026-10-08,26,450,,4,446,,,,,1,oh-sos,2026-10-08T17:12:15+00:00
2026,OH,39131,Pike County,2026-09-22,42,0,,0,0,,,,,1,oh-sos,2026-09-22T20:56:53+00:00
2026,OH,39131,Pike County,2026-09-23,41,0,,0,0,,,,,1,oh-sos,2026-09-23T16:07:19+00:00
2026,OH,39131,Pike County,2026-09-24,40,0,,0,0,,,,,1,oh-sos,2026-09-24T18:11:39+00:00
2026,OH,39131,Pike County,2026-09-25,39,0,,0,0,,,,,1,oh-sos,2026-09-25T15:00:58+00:00
2026,OH,39131,Pike County,2026-09-28,36,0,,0,0,,,,,1,oh-sos,2026-09-28T17:43:24+00:00
2026,OH,39131,Pike County,2026-09-29,35,0,,0,0,,,,,1,oh-sos,2026-09-29T20:28:18+00:00
2026,OH,39131,Pike County,2026-10-01,33,1,,1,0,,,,,1,oh-sos,2026-10-01T16:53:36+00:00
2026,OH,39131,Pike County,2026-10-02,32,1,,1,0,,,,,1,oh-sos,2026-10-02T17:28:10+00:00
2026,OH,39131,Pike County,2026-10-05,29,1,,1,0,,,,,1,oh-sos,2026-10-05T19:04:38+00:00
2026,OH,39131,Pike County,2026-10-06,28,1,,1,0,,,,,1,oh-sos,2026-10-06T16:30:45+00:00
2026,OH,39131,Pike County,2026-10-07,27,149,,1,148,,,,,1,oh-sos,2026-10-07T19:44:32+00:00
2026,OH,39131,Pike County,2026-10-08,26,256,,1,255,,,,,1,oh-sos,2026-10-08T17:12:15+00:00
2026,OH,39133,Portage County,2026-09-22,42,0,,0,0,,,,,1,oh-sos,2026-09-22T20:56:53+00:00
2026,OH,39133,Portage County,2026-09-23,41,0,,0,0,,,,,1,oh-sos,2026-09-23T16:07:19+00:00
2026,OH,39133,Portage County,2026-09-24,40,0,,0,0,,,,,1,oh-sos,2026-09-24T18:11:39+00:00
2026,OH,39133,Portage County,2026-09-25,39,0,,0,0,,,,,1,oh-sos,2026-09-25T15:00:58+00:00
2026,OH,39133,Portage County,2026-09-28,36,0,,0,0,,,,,1,oh-sos,2026-09-28T17:43:24+00:00
2026,OH,39133,Portage County,2026-09-29,35,0,,0,0,,,,,1,oh-sos,2026-09-29T20:28:18+00:00
2026,OH,39133,Portage County,2026-10-01,33,0,,0,0,,,,,1,oh-sos,2026-10-01T16:53:36+00:00
2026,OH,39133,Portage County,2026-10-02,32,0,,0,0,,,,,1,oh-sos,2026-10-02T17:28:10+00:00
2026,OH,39133,Portage County,2026-10-05,29,0,,0,0,,,,,1,oh-sos,2026-10-05T19:04:38+00:00
2026,OH,39133,Portage County,2026-10-06,28,0,,0,0,,,,,1,oh-sos,2026-10-06T16:30:45+00:00
2026,OH,39133,Portage County,2026-10-07,27,490,,11,479,,,,,1,oh-sos,2026-10-07T19:44:32+00:00
2026,OH,39133,Portage County,2026-10-08,26,925,,15,910,,,,,1,oh-sos,2026-10-08T17:12:15+00:00
2026,OH,39135,Preble County,2026-09-22,42,1,,1,0,,,,,1,oh-sos,2026-09-22T20:56:53+00:00
2026,OH,39135,Preble County,2026-09-23,41,1,,1,0,,,,,1,oh-sos,2026-09-23T16:07:19+00:00
2026,OH,39135,Preble County,2026-09-24,40,1,,1,0,,,,,1,oh-sos,2026-09-24T18:11:39+00:00
2026,OH,39135,Preble County,2026-09-25,39,1,,1,0,,,,,1,oh-sos,2026-09-25T15:00:58+00:00
2026,OH,39135,Preble County,2026-09-28,36,1,,1,0,,,,,1,oh-sos,2026-09-28T17:43:24+00:00
2026,OH,39135,Preble County,2026-09-29,35,1,,1,0,,,,,1,oh-sos,2026-09-29T20:28:18+00:00
2026,OH,39135,Preble County,2026-10-01,33,1,,1,0,,,,,1,oh-sos,2026-10-01T16:53:36+00:00
2026,OH,39135,Preble County,2026-10-02,32,1,,1,0,,,,,1,oh-sos,2026-10-02T17:28:10+00:00
2026,OH,39135,Preble County,2026-10-05,29,1,,1,0,,,,,1,oh-sos,2026-10-05T19:04:38+00:00
2026,OH,39135,Preble County,2026-10-06,28,1,,1,0,,,,,1,oh-sos,2026-10-06T16:30:45+00:00
2026,OH,39135,Preble County,2026-10-07,27,304,,2,302,,,,,1,oh-sos,2026-10-07T19:44:32+00:00
2026,OH,39135,Preble County,2026-10-08,26,492,,2,490,,,,,1,oh-sos,2026-10-08T17:12:15+00:00
2026,OH,39137,Putnam County,2026-09-22,42,0,,0,0,,,,,1,oh-sos,2026-09-22T20:56:53+00:00
2026,OH,39137,Putnam County,2026-09-23,41,0,,0,0,,,,,1,oh-sos,2026-09-23T16:07:19+00:00
2026,OH,39137,Putnam County,2026-09-24,40,0,,0,0,,,,,1,oh-sos,2026-09-24T18:11:39+00:00
2026,OH,39137,Putnam County,2026-09-25,39,0,,0,0,,,,,1,oh-sos,2026-09-25T15:00:58+00:00
2026,OH,39137,Putnam County,2026-09-28,36,0,,0,0,,,,,1,oh-sos,2026-09-28T17:43:24+00:00
2026,OH,39137,Putnam County,2026-09-29,35,0,,0,0,,,,,1,oh-sos,2026-09-29T20:28:18+00:00
2026,OH,39137,Putnam County,2026-10-01,33,0,,0,0,,,,,1,oh-sos,2026-10-01T16:53:36+00:00
2026,OH,39137,Putnam County,2026-10-02,32,0,,0,0,,,,,1,oh-sos,2026-10-02T17:28:10+00:00
2026,OH,39137,Putnam County,2026-10-05,29,0,,0,0,,,,,1,oh-sos,2026-10-05T19:04:38+00:00
2026,OH,39137,Putnam County,2026-10-06,28,0,,0,0,,,,,1,oh-sos,2026-10-06T16:30:45+00:00
2026,OH,39137,Putnam County,2026-10-07,27,183,,0,183,,,,,1,oh-sos,2026-10-07T19:44:32+00:00
2026,OH,39137,Putnam County,2026-10-08,26,334,,0,334,,,,,1,oh-sos,2026-10-08T17:12:15+00:00
2026,OH,39139,Richland County,2026-09-22,42,0,,0,0,,,,,1,oh-sos,2026-09-22T20:56:53+00:00
2026,OH,39139,Richland County,2026-09-23,41,0,,0,0,,,,,1,oh-sos,2026-09-23T16:07:19+00:00
2026,OH,39139,Richland County,2026-09-24,40,0,,0,0,,,,,1,oh-sos,2026-09-24T18:11:39+00:00
2026,OH,39139,Richland County,2026-09-25,39,0,,0,0,,,,,1,oh-sos,2026-09-25T15:00:58+00:00
2026,OH,39139,Richland County,2026-09-28,36,0,,0,0,,,,,1,oh-sos,2026-09-28T17:43:24+00:00
2026,OH,39139,Richland County,2026-09-29,35,2,,2,0,,,,,1,oh-sos,2026-09-29T20:28:18+00:00
2026,OH,39139,Richland County,2026-10-01,33,3,,3,0,,,,,1,oh-sos,2026-10-01T16:53:36+00:00
2026,OH,39139,Richland County,2026-10-02,32,4,,4,0,,,,,1,oh-sos,2026-10-02T17:28:10+00:00
2026,OH,39139,Richland County,2026-10-05,29,4,,4,0,,,,,1,oh-sos,2026-10-05T19:04:38+00:00
2026,OH,39139,Richland County,2026-10-06,28,6,,6,0,,,,,1,oh-sos,2026-10-06T16:30:45+00:00
2026,OH,39139,Richland County,2026-10-07,27,679,,7,672,,,,,1,oh-sos,2026-10-07T19:44:32+00:00
2026,OH,39139,Richland County,2026-10-08,26,1274,,9,1265,,,,,1,oh-sos,2026-10-08T17:12:15+00:00
2026,OH,39141,Ross County,2026-09-22,42,0,,0,0,,,,,1,oh-sos,2026-09-22T20:56:53+00:00
2026,OH,39141,Ross County,2026-09-23,41,0,,0,0,,,,,1,oh-sos,2026-09-23T16:07:19+00:00
2026,OH,39141,Ross County,2026-09-24,40,0,,0,0,,,,,1,oh-sos,2026-09-24T18:11:39+00:00
2026,OH,39141,Ross County,2026-09-25,39,0,,0,0,,,,,1,oh-sos,2026-09-25T15:00:58+00:00
2026,OH,39141,Ross County,2026-09-28,36,0,,0,0,,,,,1,oh-sos,2026-09-28T17:43:24+00:00
2026,OH,39141,Ross County,2026-09-29,35,2,,2,0,,,,,1,oh-sos,2026-09-29T20:28:18+00:00
2026,OH,39141,Ross County,2026-10-01,33,3,,3,0,,,,,1,oh-sos,2026-10-01T16:53:36+00:00
2026,OH,39141,Ross County,2026-10-02,32,3,,3,0,,,,,1,oh-sos,2026-10-02T17:28:10+00:00
2026,OH,39141,Ross County,2026-10-05,29,3,,3,0,,,,,1,oh-sos,2026-10-05T19:04:38+00:00
2026,OH,39141,Ross County,2026-10-06,28,0,,0,0,,,,,1,oh-sos,2026-10-06T16:30:45+00:00
2026,OH,39141,Ross County,2026-10-07,27,449,,0,449,,,,,1,oh-sos,2026-10-07T19:44:32+00:00
2026,OH,39141,Ross County,2026-10-08,26,775,,0,775,,,,,1,oh-sos,2026-10-08T17:12:15+00:00
2026,OH,39143,Sandusky County,2026-09-22,42,0,,0,0,,,,,1,oh-sos,2026-09-22T20:56:53+00:00
2026,OH,39143,Sandusky County,2026-09-23,41,0,,0,0,,,,,1,oh-sos,2026-09-23T16:07:19+00:00
2026,OH,39143,Sandusky County,2026-09-24,40,0,,0,0,,,,,1,oh-sos,2026-09-24T18:11:39+00:00
2026,OH,39143,Sandusky County,2026-09-25,39,0,,0,0,,,,,1,oh-sos,2026-09-25T15:00:58+00:00
2026,OH,39143,Sandusky County,2026-09-28,36,0,,0,0,,,,,1,oh-sos,2026-09-28T17:43:24+00:00
2026,OH,39143,Sandusky County,2026-09-29,35,0,,0,0,,,,,1,oh-sos,2026-09-29T20:28:18+00:00
2026,OH,39143,Sandusky County,2026-10-01,33,2,,2,0,,,,,1,oh-sos,2026-10-01T16:53:36+00:00
2026,OH,39143,Sandusky County,2026-10-02,32,2,,2,0,,,,,1,oh-sos,2026-10-02T17:28:10+00:00
2026,OH,39143,Sandusky County,2026-10-05,29,2,,2,0,,,,,1,oh-sos,2026-10-05T19:04:38+00:00
2026,OH,39143,Sandusky County,2026-10-06,28,2,,2,0,,,,,1,oh-sos,2026-10-06T16:30:45+00:00
2026,OH,39143,Sandusky County,2026-10-07,27,290,,3,287,,,,,1,oh-sos,2026-10-07T19:44:32+00:00
2026,OH,39143,Sandusky County,2026-10-08,26,503,,3,500,,,,,1,oh-sos,2026-10-08T17:12:15+00:00
2026,OH,39145,Scioto County,2026-09-22,42,0,,0,0,,,,,1,oh-sos,2026-09-22T20:56:53+00:00
2026,OH,39145,Scioto County,2026-09-23,41,0,,0,0,,,,,1,oh-sos,2026-09-23T16:07:19+00:00
2026,OH,39145,Scioto County,2026-09-24,40,0,,0,0,,,,,1,oh-sos,2026-09-24T18:11:39+00:00
2026,OH,39145,Scioto County,2026-09-25,39,0,,0,0,,,,,1,oh-sos,2026-09-25T15:00:58+00:00
2026,OH,39145,Scioto County,2026-09-28,36,0,,0,0,,,,,1,oh-sos,2026-09-28T17:43:24+00:00
2026,OH,39145,Scioto County,2026-09-29,35,0,,0,0,,,,,1,oh-sos,2026-09-29T20:28:18+00:00
2026,OH,39145,Scioto County,2026-10-01,33,0,,0,0,,,,,1,oh-sos,2026-10-01T16:53:36+00:00
2026,OH,39145,Scioto County,2026-10-02,32,0,,0,0,,,,,1,oh-sos,2026-10-02T17:28:10+00:00
2026,OH,39145,Scioto County,2026-10-05,29,0,,0,0,,,,,1,oh-sos,2026-10-05T19:04:38+00:00
2026,OH,39145,Scioto County,2026-10-06,28,0,,0,0,,,,,1,oh-sos,2026-10-06T16:30:45+00:00
2026,OH,39145,Scioto County,2026-10-07,27,221,,0,221,,,,,1,oh-sos,2026-10-07T19:44:32+00:00
2026,OH,39145,Scioto County,2026-10-08,26,425,,0,425,,,,,1,oh-sos,2026-10-08T17:12:15+00:00
2026,OH,39147,Seneca County,2026-09-22,42,0,,0,0,,,,,1,oh-sos,2026-09-22T20:56:53+00:00
2026,OH,39147,Seneca County,2026-09-23,41,0,,0,0,,,,,1,oh-sos,2026-09-23T16:07:19+00:00
2026,OH,39147,Seneca County,2026-09-24,40,0,,0,0,,,,,1,oh-sos,2026-09-24T18:11:39+00:00
2026,OH,39147,Seneca County,2026-09-25,39,0,,0,0,,,,,1,oh-sos,2026-09-25T15:00:58+00:00
2026,OH,39147,Seneca County,2026-09-28,36,0,,0,0,,,,,1,oh-sos,2026-09-28T17:43:24+00:00
2026,OH,39147,Seneca County,2026-09-29,35,0,,0,0,,,,,1,oh-sos,2026-09-29T20:28:18+00:00
2026,OH,39147,Seneca County,2026-10-01,33,0,,0,0,,,,,1,oh-sos,2026-10-01T16:53:36+00:00
2026,OH,39147,Seneca County,2026-10-02,32,0,,0,0,,,,,1,oh-sos,2026-10-02T17:28:10+00:00
2026,OH,39147,Seneca County,2026-10-05,29,0,,0,0,,,,,1,oh-sos,2026-10-05T19:04:38+00:00
2026,OH,39147,Seneca County,2026-10-06,28,2,,2,0,,,,,1,oh-sos,2026-10-06T16:30:45+00:00
2026,OH,39147,Seneca County,2026-10-07,27,202,,2,200,,,,,1,oh-sos,2026-10-07T19:44:32+00:00
2026,OH,39147,Seneca County,2026-10-08,26,388,,3,385,,,,,1,oh-sos,2026-10-08T17:12:15+00:00
2026,OH,39149,Shelby County,2026-09-22,42,0,,0,0,,,,,1,oh-sos,2026-09-22T20:56:53+00:00
2026,OH,39149,Shelby County,2026-09-23,41,0,,0,0,,,,,1,oh-sos,2026-09-23T16:07:19+00:00
2026,OH,39149,Shelby County,2026-09-24,40,0,,0,0,,,,,1,oh-sos,2026-09-24T18:11:39+00:00
2026,OH,39149,Shelby County,2026-09-25,39,0,,0,0,,,,,1,oh-sos,2026-09-25T15:00:58+00:00
2026,OH,39149,Shelby County,2026-09-28,36,0,,0,0,,,,,1,oh-sos,2026-09-28T17:43:24+00:00
2026,OH,39149,Shelby County,2026-09-29,35,0,,0,0,,,,,1,oh-sos,2026-09-29T20:28:18+00:00
2026,OH,39149,Shelby County,2026-10-01,33,0,,0,0,,,,,1,oh-sos,2026-10-01T16:53:36+00:00
2026,OH,39149,Shelby County,2026-10-02,32,0,,0,0,,,,,1,oh-sos,2026-10-02T17:28:10+00:00
2026,OH,39149,Shelby County,2026-10-05,29,0,,0,0,,,,,1,oh-sos,2026-10-05T19:04:38+00:00
2026,OH,39149,Shelby County,2026-10-06,28,0,,0,0,,,,,1,oh-sos,2026-10-06T16:30:45+00:00
2026,OH,39149,Shelby County,2026-10-07,27,319,,0,319,,,,,1,oh-sos,2026-10-07T19:44:32+00:00
2026,OH,39149,Shelby County,2026-10-08,26,559,,0,559,,,,,1,oh-sos,2026-10-08T17:12:15+00:00
2026,OH,39151,Stark County,2026-09-22,42,0,,0,0,,,,,1,oh-sos,2026-09-22T20:56:53+00:00
2026,OH,39151,Stark County,2026-09-23,41,0,,0,0,,,,,1,oh-sos,2026-09-23T16:07:19+00:00
2026,OH,39151,Stark County,2026-09-24,40,1,,1,0,,,,,1,oh-sos,2026-09-24T18:11:39+00:00
2026,OH,39151,Stark County,2026-09-25,39,1,,1,0,,,,,1,oh-sos,2026-09-25T15:00:58+00:00
2026,OH,39151,Stark County,2026-09-28,36,1,,1,0,,,,,1,oh-sos,2026-09-28T17:43:24+00:00
2026,OH,39151,Stark County,2026-09-29,35,6,,6,0,,,,,1,oh-sos,2026-09-29T20:28:18+00:00
2026,OH,39151,Stark County,2026-10-01,33,10,,10,0,,,,,1,oh-sos,2026-10-01T16:53:36+00:00
2026,OH,39151,Stark County,2026-10-02,32,16,,16,0,,,,,1,oh-sos,2026-10-02T17:28:10+00:00
2026,OH,39151,Stark County,2026-10-05,29,18,,18,0,,,,,1,oh-sos,2026-10-05T19:04:38+00:00
2026,OH,39151,Stark County,2026-10-06,28,22,,22,0,,,,,1,oh-sos,2026-10-06T16:30:45+00:00
2026,OH,39151,Stark County,2026-10-07,27,1252,,42,1210,,,,,1,oh-sos,2026-10-07T19:44:32+00:00
2026,OH,39151,Stark County,2026-10-08,26,2473,,118,2355,,,,,1,oh-sos,2026-10-08T17:12:15+00:00
2026,OH,39153,Summit County,2026-09-22,42,3,,3,0,,,,,1,oh-sos,2026-09-22T20:56:53+00:00
2026,OH,39153,Summit County,2026-09-23,41,3,,3,0,,,,,1,oh-sos,2026-09-23T16:07:19+00:00
2026,OH,39153,Summit County,2026-09-24,40,5,,5,0,,,,,1,oh-sos,2026-09-24T18:11:39+00:00
2026,OH,39153,Summit County,2026-09-25,39,8,,8,0,,,,,1,oh-sos,2026-09-25T15:00:58+00:00
2026,OH,39153,Summit County,2026-09-28,36,9,,9,0,,,,,1,oh-sos,2026-09-28T17:43:24+00:00
2026,OH,39153,Summit County,2026-09-29,35,16,,16,0,,,,,1,oh-sos,2026-09-29T20:28:18+00:00
2026,OH,39153,Summit County,2026-10-01,33,27,,27,0,,,,,1,oh-sos,2026-10-01T16:53:36+00:00
2026,OH,39153,Summit County,2026-10-02,32,37,,37,0,,,,,1,oh-sos,2026-10-02T17:28:10+00:00
2026,OH,39153,Summit County,2026-10-05,29,44,,44,0,,,,,1,oh-sos,2026-10-05T19:04:38+00:00
2026,OH,39153,Summit County,2026-10-06,28,47,,47,0,,,,,1,oh-sos,2026-10-06T16:30:45+00:00
2026,OH,39153,Summit County,2026-10-07,27,1861,,76,1785,,,,,1,oh-sos,2026-10-07T19:44:32+00:00
2026,OH,39153,Summit County,2026-10-08,26,3328,,122,3206,,,,,1,oh-sos,2026-10-08T17:12:15+00:00
2026,OH,39155,Trumbull County,2026-09-22,42,0,,0,0,,,,,1,oh-sos,2026-09-22T20:56:53+00:00
2026,OH,39155,Trumbull County,2026-09-23,41,0,,0,0,,,,,1,oh-sos,2026-09-23T16:07:19+00:00
2026,OH,39155,Trumbull County,2026-09-24,40,0,,0,0,,,,,1,oh-sos,2026-09-24T18:11:39+00:00
2026,OH,39155,Trumbull County,2026-09-25,39,0,,0,0,,,,,1,oh-sos,2026-09-25T15:00:58+00:00
2026,OH,39155,Trumbull County,2026-09-28,36,5,,5,0,,,,,1,oh-sos,2026-09-28T17:43:24+00:00
2026,OH,39155,Trumbull County,2026-09-29,35,7,,7,0,,,,,1,oh-sos,2026-09-29T20:28:18+00:00
2026,OH,39155,Trumbull County,2026-10-01,33,7,,7,0,,,,,1,oh-sos,2026-10-01T16:53:36+00:00
2026,OH,39155,Trumbull County,2026-10-02,32,10,,10,0,,,,,1,oh-sos,2026-10-02T17:28:10+00:00
2026,OH,39155,Trumbull County,2026-10-05,29,14,,14,0,,,,,1,oh-sos,2026-10-05T19:04:38+00:00
2026,OH,39155,Trumbull County,2026-10-06,28,17,,17,0,,,,,1,oh-sos,2026-10-06T16:30:45+00:00
2026,OH,39155,Trumbull County,2026-10-07,27,863,,17,846,,,,,1,oh-sos,2026-10-07T19:44:32+00:00
2026,OH,39155,Trumbull County,2026-10-08,26,1599,,34,1565,,,,,1,oh-sos,2026-10-08T17:12:15+00:00
2026,OH,39157,Tuscarawas County,2026-09-22,42,0,,0,0,,,,,1,oh-sos,2026-09-22T20:56:53+00:00
2026,OH,39157,Tuscarawas County,2026-09-23,41,0,,0,0,,,,,1,oh-sos,2026-09-23T16:07:19+00:00
2026,OH,39157,Tuscarawas County,2026-09-24,40,0,,0,0,,,,,1,oh-sos,2026-09-24T18:11:39+00:00
2026,OH,39157,Tuscarawas County,2026-09-25,39,0,,0,0,,,,,1,oh-sos,2026-09-25T15:00:58+00:00
2026,OH,39157,Tuscarawas County,2026-09-28,36,0,,0,0,,,,,1,oh-sos,2026-09-28T17:43:24+00:00
2026,OH,39157,Tuscarawas County,2026-09-29,35,0,,0,0,,,,,1,oh-sos,2026-09-29T20:28:18+00:00
2026,OH,39157,Tuscarawas County,2026-10-01,33,0,,0,0,,,,,1,oh-sos,2026-10-01T16:53:36+00:00
2026,OH,39157,Tuscarawas County,2026-10-02,32,0,,0,0,,,,,1,oh-sos,2026-10-02T17:28:10+00:00
2026,OH,39157,Tuscarawas County,2026-10-05,29,0,,0,0,,,,,1,oh-sos,2026-10-05T19:04:38+00:00
2026,OH,39157,Tuscarawas County,2026-10-06,28,3,,3,0,,,,,1,oh-sos,2026-10-06T16:30:45+00:00
2026,OH,39157,Tuscarawas County,2026-10-07,27,366,,3,363,,,,,1,oh-sos,2026-10-07T19:44:32+00:00
2026,OH,39157,Tuscarawas County,2026-10-08,26,667,,4,663,,,,,1,oh-sos,2026-10-08T17:12:15+00:00
2026,OH,39159,Union County,2026-09-22,42,0,,0,0,,,,,1,oh-sos,2026-09-22T20:56:53+00:00
2026,OH,39159,Union County,2026-09-23,41,2,,2,0,,,,,1,oh-sos,2026-09-23T16:07:19+00:00
2026,OH,39159,Union County,2026-09-24,40,4,,4,0,,,,,1,oh-sos,2026-09-24T18:11:39+00:00
2026,OH,39159,Union County,2026-09-25,39,4,,4,0,,,,,1,oh-sos,2026-09-25T15:00:58+00:00
2026,OH,39159,Union County,2026-09-28,36,4,,4,0,,,,,1,oh-sos,2026-09-28T17:43:24+00:00
2026,OH,39159,Union County,2026-09-29,35,5,,5,0,,,,,1,oh-sos,2026-09-29T20:28:18+00:00
2026,OH,39159,Union County,2026-10-01,33,5,,5,0,,,,,1,oh-sos,2026-10-01T16:53:36+00:00
2026,OH,39159,Union County,2026-10-02,32,6,,6,0,,,,,1,oh-sos,2026-10-02T17:28:10+00:00
2026,OH,39159,Union County,2026-10-05,29,6,,6,0,,,,,1,oh-sos,2026-10-05T19:04:38+00:00
2026,OH,39159,Union County,2026-10-06,28,8,,8,0,,,,,1,oh-sos,2026-10-06T16:30:45+00:00
2026,OH,39159,Union County,2026-10-07,27,436,,8,428,,,,,1,oh-sos,2026-10-07T19:44:32+00:00
2026,OH,39159,Union County,2026-10-08,26,855,,11,844,,,,,1,oh-sos,2026-10-08T17:12:15+00:00
2026,OH,39161,Van Wert County,2026-09-22,42,0,,0,0,,,,,1,oh-sos,2026-09-22T20:56:53+00:00
2026,OH,39161,Van Wert County,2026-09-23,41,0,,0,0,,,,,1,oh-sos,2026-09-23T16:07:19+00:00
2026,OH,39161,Van Wert County,2026-09-24,40,0,,0,0,,,,,1,oh-sos,2026-09-24T18:11:39+00:00
2026,OH,39161,Van Wert County,2026-09-25,39,0,,0,0,,,,,1,oh-sos,2026-09-25T15:00:58+00:00
2026,OH,39161,Van Wert County,2026-09-28,36,0,,0,0,,,,,1,oh-sos,2026-09-28T17:43:24+00:00
2026,OH,39161,Van Wert County,2026-09-29,35,0,,0,0,,,,,1,oh-sos,2026-09-29T20:28:18+00:00
2026,OH,39161,Van Wert County,2026-10-01,33,0,,0,0,,,,,1,oh-sos,2026-10-01T16:53:36+00:00
2026,OH,39161,Van Wert County,2026-10-02,32,0,,0,0,,,,,1,oh-sos,2026-10-02T17:28:10+00:00
2026,OH,39161,Van Wert County,2026-10-05,29,0,,0,0,,,,,1,oh-sos,2026-10-05T19:04:38+00:00
2026,OH,39161,Van Wert County,2026-10-06,28,0,,0,0,,,,,1,oh-sos,2026-10-06T16:30:45+00:00
2026,OH,39161,Van Wert County,2026-10-07,27,202,,0,202,,,,,1,oh-sos,2026-10-07T19:44:32+00:00
2026,OH,39161,Van Wert County,2026-10-08,26,367,,0,367,,,,,1,oh-sos,2026-10-08T17:12:15+00:00
2026,OH,39163,Vinton County,2026-09-22,42,2,,0,2,,,,,1,oh-sos,2026-09-22T20:56:53+00:00
2026,OH,39163,Vinton County,2026-09-23,41,0,,0,0,,,,,1,oh-sos,2026-09-23T16:07:19+00:00
2026,OH,39163,Vinton County,2026-09-24,40,0,,0,0,,,,,1,oh-sos,2026-09-24T18:11:39+00:00
2026,OH,39163,Vinton County,2026-09-25,39,0,,0,0,,,,,1,oh-sos,2026-09-25T15:00:58+00:00
2026,OH,39163,Vinton County,2026-09-28,36,0,,0,0,,,,,1,oh-sos,2026-09-28T17:43:24+00:00
2026,OH,39163,Vinton County,2026-09-29,35,0,,0,0,,,,,1,oh-sos,2026-09-29T20:28:18+00:00
2026,OH,39163,Vinton County,2026-10-01,33,0,,0,0,,,,,1,oh-sos,2026-10-01T16:53:36+00:00
2026,OH,39163,Vinton County,2026-10-02,32,0,,0,0,,,,,1,oh-sos,2026-10-02T17:28:10+00:00
2026,OH,39163,Vinton County,2026-10-05,29,0,,0,0,,,,,1,oh-sos,2026-10-05T19:04:38+00:00
2026,OH,39163,Vinton County,2026-10-06,28,0,,0,0,,,,,1,oh-sos,2026-10-06T16:30:45+00:00
2026,OH,39163,Vinton County,2026-10-07,27,45,,0,45,,,,,1,oh-sos,2026-10-07T19:44:32+00:00
2026,OH,39163,Vinton County,2026-10-08,26,91,,0,91,,,,,1,oh-sos,2026-10-08T17:12:15+00:00
2026,OH,39165,Warren County,2026-09-22,42,5,,5,0,,,,,1,oh-sos,2026-09-22T20:56:53+00:00
2026,OH,39165,Warren County,2026-09-23,41,5,,5,0,,,,,1,oh-sos,2026-09-23T16:07:19+00:00
2026,OH,39165,Warren County,2026-09-24,40,5,,5,0,,,,,1,oh-sos,2026-09-24T18:11:39+00:00
2026,OH,39165,Warren County,2026-09-25,39,5,,5,0,,,,,1,oh-sos,2026-09-25T15:00:58+00:00
2026,OH,39165,Warren County,2026-09-28,36,5,,5,0,,,,,1,oh-sos,2026-09-28T17:43:24+00:00
2026,OH,39165,Warren County,2026-09-29,35,11,,11,0,,,,,1,oh-sos,2026-09-29T20:28:18+00:00
2026,OH,39165,Warren County,2026-10-01,33,17,,17,0,,,,,1,oh-sos,2026-10-01T16:53:36+00:00
2026,OH,39165,Warren County,2026-10-02,32,20,,20,0,,,,,1,oh-sos,2026-10-02T17:28:10+00:00
2026,OH,39165,Warren County,2026-10-05,29,22,,22,0,,,,,1,oh-sos,2026-10-05T19:04:38+00:00
2026,OH,39165,Warren County,2026-10-06,28,29,,29,0,,,,,1,oh-sos,2026-10-06T16:30:45+00:00
2026,OH,39165,Warren County,2026-10-07,27,1156,,39,1117,,,,,1,oh-sos,2026-10-07T19:44:32+00:00
2026,OH,39165,Warren County,2026-10-08,26,2173,,73,2100,,,,,1,oh-sos,2026-10-08T17:12:15+00:00
2026,OH,39167,Washington County,2026-09-22,42,0,,0,0,,,,,1,oh-sos,2026-09-22T20:56:53+00:00
2026,OH,39167,Washington County,2026-09-23,41,0,,0,0,,,,,1,oh-sos,2026-09-23T16:07:19+00:00
2026,OH,39167,Washington County,2026-09-24,40,0,,0,0,,,,,1,oh-sos,2026-09-24T18:11:39+00:00
2026,OH,39167,Washington County,2026-09-25,39,0,,0,0,,,,,1,oh-sos,2026-09-25T15:00:58+00:00
2026,OH,39167,Washington County,2026-09-28,36,0,,0,0,,,,,1,oh-sos,2026-09-28T17:43:24+00:00
2026,OH,39167,Washington County,2026-09-29,35,1,,1,0,,,,,1,oh-sos,2026-09-29T20:28:18+00:00
2026,OH,39167,Washington County,2026-10-01,33,1,,1,0,,,,,1,oh-sos,2026-10-01T16:53:36+00:00
2026,OH,39167,Washington County,2026-10-02,32,1,,1,0,,,,,1,oh-sos,2026-10-02T17:28:10+00:00
2026,OH,39167,Washington County,2026-10-05,29,2,,2,0,,,,,1,oh-sos,2026-10-05T19:04:38+00:00
2026,OH,39167,Washington County,2026-10-06,28,2,,2,0,,,,,1,oh-sos,2026-10-06T16:30:45+00:00
2026,OH,39167,Washington County,2026-10-07,27,380,,2,378,,,,,1,oh-sos,2026-10-07T19:44:32+00:00
2026,OH,39167,Washington County,2026-10-08,26,749,,3,746,,,,,1,oh-sos,2026-10-08T17:12:15+00:00
2026,OH,39169,Wayne County,2026-09-22,42,3,,3,0,,,,,1,oh-sos,2026-09-22T20:56:53+00:00
2026,OH,39169,Wayne County,2026-09-23,41,3,,3,0,,,,,1,oh-sos,2026-09-23T16:07:19+00:00
2026,OH,39169,Wayne County,2026-09-24,40,4,,4,0,,,,,1,oh-sos,2026-09-24T18:11:39+00:00
2026,OH,39169,Wayne County,2026-09-25,39,4,,4,0,,,,,1,oh-sos,2026-09-25T15:00:58+00:00
2026,OH,39169,Wayne County,2026-09-28,36,5,,5,0,,,,,1,oh-sos,2026-09-28T17:43:24+00:00
2026,OH,39169,Wayne County,2026-09-29,35,7,,7,0,,,,,1,oh-sos,2026-09-29T20:28:18+00:00
2026,OH,39169,Wayne County,2026-10-01,33,7,,7,0,,,,,1,oh-sos,2026-10-01T16:53:36+00:00
2026,OH,39169,Wayne County,2026-10-02,32,7,,7,0,,,,,1,oh-sos,2026-10-02T17:28:10+00:00
2026,OH,39169,Wayne County,2026-10-05,29,7,,7,0,,,,,1,oh-sos,2026-10-05T19:04:38+00:00
2026,OH,39169,Wayne County,2026-10-06,28,7,,7,0,,,,,1,oh-sos,2026-10-06T16:30:45+00:00
2026,OH,39169,Wayne County,2026-10-07,27,497,,18,479,,,,,1,oh-sos,2026-10-07T19:44:32+00:00
2026,OH,39169,Wayne County,2026-10-08,26,991,,50,941,,,,,1,oh-sos,2026-10-08T17:12:15+00:00
2026,OH,39171,Williams County,2026-09-22,42,0,,0,0,,,,,1,oh-sos,2026-09-22T20:56:53+00:00
2026,OH,39171,Williams County,2026-09-23,41,0,,0,0,,,,,1,oh-sos,2026-09-23T16:07:19+00:00
2026,OH,39171,Williams County,2026-09-24,40,0,,0,0,,,,,1,oh-sos,2026-09-24T18:11:39+00:00
2026,OH,39171,Williams County,2026-09-25,39,0,,0,0,,,,,1,oh-sos,2026-09-25T15:00:58+00:00
2026,OH,39171,Williams County,2026-09-28,36,0,,0,0,,,,,1,oh-sos,2026-09-28T17:43:24+00:00
2026,OH,39171,Williams County,2026-09-29,35,0,,0,0,,,,,1,oh-sos,2026-09-29T20:28:18+00:00
2026,OH,39171,Williams County,2026-10-01,33,1,,1,0,,,,,1,oh-sos,2026-10-01T16:53:36+00:00
2026,OH,39171,Williams County,2026-10-02,32,1,,1,0,,,,,1,oh-sos,2026-10-02T17:28:10+00:00
2026,OH,39171,Williams County,2026-10-05,29,1,,1,0,,,,,1,oh-sos,2026-10-05T19:04:38+00:00
2026,OH,39171,Williams County,2026-10-06,28,2,,2,0,,,,,1,oh-sos,2026-10-06T16:30:45+00:00
2026,OH,39171,Williams County,2026-10-07,27,199,,3,196,,,,,1,oh-sos,2026-10-07T19:44:32+00:00
2026,OH,39171,Williams County,2026-10-08,26,359,,3,356,,,,,1,oh-sos,2026-10-08T17:12:15+00:00
2026,OH,39173,Wood County,2026-09-22,42,0,,0,0,,,,,1,oh-sos,2026-09-22T20:56:53+00:00
2026,OH,39173,Wood County,2026-09-23,41,0,,0,0,,,,,1,oh-sos,2026-09-23T16:07:19+00:00
2026,OH,39173,Wood County,2026-09-24,40,0,,0,0,,,,,1,oh-sos,2026-09-24T18:11:39+00:00
2026,OH,39173,Wood County,2026-09-25,39,0,,0,0,,,,,1,oh-sos,2026-09-25T15:00:58+00:00
2026,OH,39173,Wood County,2026-09-28,36,0,,0,0,,,,,1,oh-sos,2026-09-28T17:43:24+00:00
2026,OH,39173,Wood County,2026-09-29,35,0,,0,0,,,,,1,oh-sos,2026-09-29T20:28:18+00:00
2026,OH,39173,Wood County,2026-10-01,33,0,,0,0,,,,,1,oh-sos,2026-10-01T16:53:36+00:00
2026,OH,39173,Wood County,2026-10-02,32,0,,0,0,,,,,1,oh-sos,2026-10-02T17:28:10+00:00
2026,OH,39173,Wood County,2026-10-05,29,0,,0,0,,,,,1,oh-sos,2026-10-05T19:04:38+00:00
2026,OH,39173,Wood County,2026-10-06,28,0,,0,0,,,,,1,oh-sos,2026-10-06T16:30:45+00:00
2026,OH,39173,Wood County,2026-10-07,27,0,,0,0,,,,,1,oh-sos,2026-10-07T19:44:32+00:00
2026,OH,39173,Wood County,2026-10-08,26,603,,1,602,,,,,1,oh-sos,2026-10-08T17:12:15+00:00
2026,OH,39175,Wyandot County,2026-09-22,42,0,,0,0,,,,,1,oh-sos,2026-09-22T20:56:53+00:00
2026,OH,39175,Wyandot County,2026-09-23,41,0,,0,0,,,,,1,oh-sos,2026-09-23T16:07:19+00:00
2026,OH,39175,Wyandot County,2026-09-24,40,0,,0,0,,,,,1,oh-sos,2026-09-24T18:11:39+00:00
2026,OH,39175,Wyandot County,2026-09-25,39,0,,0,0,,,,,1,oh-sos,2026-09-25T15:00:58+00:00
2026,OH,39175,Wyandot County,2026-09-28,36,0,,0,0,,,,,1,oh-sos,2026-09-28T17:43:24+00:00
2026,OH,39175,Wyandot County,2026-09-29,35,0,,0,0,,,,,1,oh-sos,2026-09-29T20:28:18+00:00
2026,OH,39175,Wyandot County,2026-10-01,33,0,,0,0,,,,,1,oh-sos,2026-10-01T16:53:36+00:00
2026,OH,39175,Wyandot County,2026-10-02,32,0,,0,0,,,,,1,oh-sos,2026-10-02T17:28:10+00:00
2026,OH,39175,Wyandot County,2026-10-05,29,0,,0,0,,,,,1,oh-sos,2026-10-05T19:04:38+00:00
2026,OH,39175,Wyandot County,2026-10-06,28,0,,0,0,,,,,1,oh-sos,2026-10-06T16:30:45+00:00
2026,OH,39175,Wyandot County,2026-10-07,27,129,,0,129,,,,,1,oh-sos,2026-10-07T19:44:32+00:00
2026,OH,39175,Wyandot County,2026-10-08,26,258,,2,256,,,,,1,oh-sos,2026-10-08T17:12:15+00:00
