cycle,state,county_fips,county_name,date,days_to_election,ballots_total,ballots_new,mail_returned,inperson,party_dem,party_rep,party_oth,party_npa,source_tier,source_name,retrieved_at
2020,OK,40001,Adair County,2020-11-03,0,1309,,439,870,532,632,8,137,1,ok-seb,2026-09-08T13:32:46+00:00
2020,OK,40003,Alfalfa County,2020-11-03,0,534,,138,396,90,419,1,24,1,ok-seb,2026-09-08T13:32:46+00:00
2020,OK,40005,Atoka County,2020-11-03,0,1583,,280,1303,663,795,4,121,1,ok-seb,2026-09-08T13:32:46+00:00
2020,OK,40007,Beaver County,2020-11-03,0,507,,159,348,73,400,0,34,1,ok-seb,2026-09-08T13:32:46+00:00
2020,OK,40009,Beckham County,2020-11-03,0,2205,,663,1542,537,1460,10,198,1,ok-seb,2026-09-08T13:32:46+00:00
2020,OK,40011,Blaine County,2020-11-03,0,830,,280,550,229,538,3,60,1,ok-seb,2026-09-08T13:32:46+00:00
2020,OK,40013,Bryan County,2020-11-03,0,3565,,1530,2035,1449,1757,17,342,1,ok-seb,2026-09-08T13:32:46+00:00
2020,OK,40015,Caddo County,2020-11-03,0,1547,,684,863,801,621,4,121,1,ok-seb,2026-09-08T13:32:46+00:00
2020,OK,40017,Canadian County,2020-11-03,0,16173,,13305,2868,5350,8594,84,2145,1,ok-seb,2026-09-08T13:32:46+00:00
2020,OK,40019,Carter County,2020-11-03,0,4297,,1820,2477,1750,2129,11,407,1,ok-seb,2026-09-08T13:32:46+00:00
2020,OK,40021,Cherokee County,2020-11-03,0,4795,,2409,2386,2491,1758,23,523,1,ok-seb,2026-09-08T13:32:46+00:00
2020,OK,40023,Choctaw County,2020-11-03,0,1767,,333,1434,709,901,6,151,1,ok-seb,2026-09-08T13:32:46+00:00
2020,OK,40025,Cimarron County,2020-11-03,0,407,,79,328,58,332,1,16,1,ok-seb,2026-09-08T13:32:46+00:00
2020,OK,40027,Cleveland County,2020-11-03,0,47831,,33358,14473,20425,20343,264,6799,1,ok-seb,2026-09-08T13:32:46+00:00
2020,OK,40029,Coal County,2020-11-03,0,801,,119,682,450,304,0,47,1,ok-seb,2026-09-08T13:32:46+00:00
2020,OK,40031,Comanche County,2020-11-03,0,10580,,7288,3292,5149,3997,61,1373,1,ok-seb,2026-09-08T13:32:46+00:00
2020,OK,40033,Cotton County,2020-11-03,0,805,,164,641,245,509,5,46,1,ok-seb,2026-09-08T13:32:46+00:00
2020,OK,40035,Craig County,2020-11-03,0,1381,,428,953,619,654,4,104,1,ok-seb,2026-09-08T13:32:46+00:00
2020,OK,40037,Creek County,2020-11-03,0,6189,,3378,2811,2089,3401,25,674,1,ok-seb,2026-09-08T13:32:46+00:00
2020,OK,40039,Custer County,2020-11-03,0,2567,,1228,1339,863,1487,15,202,1,ok-seb,2026-09-08T13:32:46+00:00
2020,OK,40041,Delaware County,2020-11-03,0,4292,,2083,2209,1358,2455,14,465,1,ok-seb,2026-09-08T13:32:46+00:00
2020,OK,40043,Dewey County,2020-11-03,0,373,,147,226,70,286,0,17,1,ok-seb,2026-09-08T13:32:46+00:00
2020,OK,40045,Ellis County,2020-11-03,0,392,,128,264,71,304,0,17,1,ok-seb,2026-09-08T13:32:46+00:00
2020,OK,40047,Garfield County,2020-11-03,0,5385,,2710,2675,1526,3301,21,537,1,ok-seb,2026-09-08T13:32:46+00:00
2020,OK,40049,Garvin County,2020-11-03,0,2299,,801,1498,794,1329,3,173,1,ok-seb,2026-09-08T13:32:46+00:00
2020,OK,40051,Grady County,2020-11-03,0,5445,,2794,2651,1636,3322,26,461,1,ok-seb,2026-09-08T13:32:46+00:00
2020,OK,40053,Grant County,2020-11-03,0,442,,142,300,89,322,3,28,1,ok-seb,2026-09-08T13:32:46+00:00
2020,OK,40055,Greer County,2020-11-03,0,510,,110,400,248,233,1,28,1,ok-seb,2026-09-08T13:32:46+00:00
2020,OK,40057,Harmon County,2020-11-03,0,286,,45,241,117,148,1,20,1,ok-seb,2026-09-08T13:32:46+00:00
2020,OK,40059,Harper County,2020-11-03,0,302,,80,222,49,241,0,12,1,ok-seb,2026-09-08T13:32:46+00:00
2020,OK,40061,Haskell County,2020-11-03,0,1388,,310,1078,596,731,5,56,1,ok-seb,2026-09-08T13:32:46+00:00
2020,OK,40063,Hughes County,2020-11-03,0,959,,278,681,452,436,6,65,1,ok-seb,2026-09-08T13:32:46+00:00
2020,OK,40065,Jackson County,2020-11-03,0,2163,,756,1407,578,1317,14,254,1,ok-seb,2026-09-08T13:32:46+00:00
2020,OK,40067,Jefferson County,2020-11-03,0,536,,102,434,179,315,2,40,1,ok-seb,2026-09-08T13:32:46+00:00
2020,OK,40069,Johnston County,2020-11-03,0,1011,,199,812,364,553,5,89,1,ok-seb,2026-09-08T13:32:46+00:00
2020,OK,40071,Kay County,2020-11-03,0,3791,,1723,2068,1178,2284,12,317,1,ok-seb,2026-09-08T13:32:46+00:00
2020,OK,40073,Kingfisher County,2020-11-03,0,1653,,480,1173,319,1246,9,79,1,ok-seb,2026-09-08T13:32:46+00:00
2020,OK,40075,Kiowa County,2020-11-03,0,866,,247,619,333,477,0,56,1,ok-seb,2026-09-08T13:32:46+00:00
2020,OK,40077,Latimer County,2020-11-03,0,945,,282,663,519,366,2,58,1,ok-seb,2026-09-08T13:32:46+00:00
2020,OK,40079,Le Flore County,2020-11-03,0,4020,,1288,2732,1420,2142,15,443,1,ok-seb,2026-09-08T13:32:46+00:00
2020,OK,40081,Lincoln County,2020-11-03,0,3065,,1228,1837,901,1877,14,273,1,ok-seb,2026-09-08T13:32:46+00:00
2020,OK,40083,Logan County,2020-11-03,0,6781,,3706,3075,1935,3993,26,827,1,ok-seb,2026-09-08T13:32:46+00:00
2020,OK,40085,Love County,2020-11-03,0,1089,,197,892,404,579,7,99,1,ok-seb,2026-09-08T13:32:46+00:00
2020,OK,40087,McClain County,2020-11-03,0,4109,,2269,1840,1249,2442,16,402,1,ok-seb,2026-09-08T13:32:46+00:00
2020,OK,40089,McCurtain County,2020-11-03,0,2140,,766,1374,908,1120,3,109,1,ok-seb,2026-09-08T13:32:46+00:00
2020,OK,40091,McIntosh County,2020-11-03,0,1947,,756,1191,966,854,4,123,1,ok-seb,2026-09-08T13:32:46+00:00
2020,OK,40093,Major County,2020-11-03,0,955,,236,719,165,739,2,49,1,ok-seb,2026-09-08T13:32:46+00:00
2020,OK,40095,Marshall County,2020-11-03,0,1577,,457,1120,527,918,3,129,1,ok-seb,2026-09-08T13:32:46+00:00
2020,OK,40097,Mayes County,2020-11-03,0,3046,,1272,1774,1190,1594,8,254,1,ok-seb,2026-09-08T13:32:46+00:00
2020,OK,40099,Murray County,2020-11-03,0,2284,,470,1814,1003,1113,8,160,1,ok-seb,2026-09-08T13:32:46+00:00
2020,OK,40101,Muskogee County,2020-11-03,0,7218,,3111,4107,3735,2877,20,586,1,ok-seb,2026-09-08T13:32:46+00:00
2020,OK,40103,Noble County,2020-11-03,0,1357,,388,969,367,897,3,90,1,ok-seb,2026-09-08T13:32:46+00:00
2020,OK,40105,Nowata County,2020-11-03,0,1140,,239,901,344,711,3,82,1,ok-seb,2026-09-08T13:32:46+00:00
2020,OK,40107,Okfuskee County,2020-11-03,0,951,,316,635,426,459,6,60,1,ok-seb,2026-09-08T13:32:46+00:00
2020,OK,40109,Oklahoma County,2020-11-03,0,104773,,88638,16135,50788,38502,458,15025,1,ok-seb,2026-09-08T13:32:46+00:00
2020,OK,40111,Okmulgee County,2020-11-03,0,3494,,1351,2143,1661,1530,21,282,1,ok-seb,2026-09-08T13:32:46+00:00
2020,OK,40113,Osage County,2020-11-03,0,6546,,2995,3551,2681,3219,28,618,1,ok-seb,2026-09-08T13:32:46+00:00
2020,OK,40115,Ottawa County,2020-11-03,0,2754,,1031,1723,1237,1266,8,243,1,ok-seb,2026-09-08T13:32:46+00:00
2020,OK,40117,Pawnee County,2020-11-03,0,1372,,599,773,528,688,8,148,1,ok-seb,2026-09-08T13:32:46+00:00
2020,OK,40119,Payne County,2020-11-03,0,9124,,4809,4315,4033,3719,67,1305,1,ok-seb,2026-09-08T13:32:46+00:00
2020,OK,40121,Pittsburg County,2020-11-03,0,3314,,1252,2062,1489,1462,20,343,1,ok-seb,2026-09-08T13:32:46+00:00
2020,OK,40123,Pontotoc County,2020-11-03,0,4700,,1633,3067,2037,2163,30,470,1,ok-seb,2026-09-08T13:32:46+00:00
2020,OK,40125,Pottawatomie County,2020-11-03,0,8564,,4813,3751,3539,4232,47,746,1,ok-seb,2026-09-08T13:32:46+00:00
2020,OK,40127,Pushmataha County,2020-11-03,0,1191,,257,934,500,581,5,105,1,ok-seb,2026-09-08T13:32:46+00:00
2020,OK,40129,Roger Mills County,2020-11-03,0,431,,113,318,96,322,0,13,1,ok-seb,2026-09-08T13:32:46+00:00
2020,OK,40131,Rogers County,2020-11-03,0,13942,,6265,7677,3997,8401,71,1473,1,ok-seb,2026-09-08T13:32:46+00:00
2020,OK,40133,Seminole County,2020-11-03,0,2101,,913,1188,1039,914,4,144,1,ok-seb,2026-09-08T13:32:46+00:00
2020,OK,40135,Sequoyah County,2020-11-03,0,2796,,1264,1532,1055,1447,11,283,1,ok-seb,2026-09-08T13:32:46+00:00
2020,OK,40137,Stephens County,2020-11-03,0,4870,,1793,3077,1443,3014,26,387,1,ok-seb,2026-09-08T13:32:46+00:00
2020,OK,40139,Texas County,2020-11-03,0,1599,,354,1245,310,1118,7,164,1,ok-seb,2026-09-08T13:32:46+00:00
2020,OK,40141,Tillman County,2020-11-03,0,745,,163,582,260,435,2,48,1,ok-seb,2026-09-08T13:32:46+00:00
2020,OK,40143,Tulsa County,2020-11-03,0,74988,,61628,13360,33683,29948,361,10996,1,ok-seb,2026-09-08T13:32:46+00:00
2020,OK,40145,Wagoner County,2020-11-03,0,10851,,4475,6376,3306,6329,47,1169,1,ok-seb,2026-09-08T13:32:46+00:00
2020,OK,40147,Washington County,2020-11-03,0,6363,,3282,3081,1868,3605,39,851,1,ok-seb,2026-09-08T13:32:46+00:00
2020,OK,40149,Washita County,2020-11-03,0,995,,335,660,353,554,4,84,1,ok-seb,2026-09-08T13:32:46+00:00
2020,OK,40151,Woods County,2020-11-03,0,1490,,284,1206,381,997,7,105,1,ok-seb,2026-09-08T13:32:46+00:00
2020,OK,40153,Woodward County,2020-11-03,0,2749,,565,2184,592,1981,7,169,1,ok-seb,2026-09-08T13:32:46+00:00
2022,OK,40001,Adair County,2022-11-08,0,597,,119,478,229,326,2,40,1,ok-seb,2026-09-08T13:32:37+00:00
2022,OK,40003,Alfalfa County,2022-11-08,0,230,,50,180,37,184,0,9,1,ok-seb,2026-09-08T13:32:37+00:00
2022,OK,40005,Atoka County,2022-11-08,0,757,,60,697,258,451,3,45,1,ok-seb,2026-09-08T13:32:37+00:00
2022,OK,40007,Beaver County,2022-11-08,0,310,,74,236,31,262,0,17,1,ok-seb,2026-09-08T13:32:37+00:00
2022,OK,40009,Beckham County,2022-11-08,0,713,,183,530,197,462,0,54,1,ok-seb,2026-09-08T13:32:37+00:00
2022,OK,40011,Blaine County,2022-11-08,0,437,,119,318,119,297,0,21,1,ok-seb,2026-09-08T13:32:37+00:00
2022,OK,40013,Bryan County,2022-11-08,0,1711,,333,1378,551,1015,10,135,1,ok-seb,2026-09-08T13:32:37+00:00
2022,OK,40015,Caddo County,2022-11-08,0,787,,257,530,368,383,1,35,1,ok-seb,2026-09-08T13:32:37+00:00
2022,OK,40017,Canadian County,2022-11-08,0,9696,,3500,6196,2760,5769,48,1119,1,ok-seb,2026-09-08T13:32:37+00:00
2022,OK,40019,Carter County,2022-11-08,0,2707,,403,2304,897,1634,7,169,1,ok-seb,2026-09-08T13:32:37+00:00
2022,OK,40021,Cherokee County,2022-11-08,0,3598,,594,3004,1774,1476,8,340,1,ok-seb,2026-09-08T13:32:37+00:00
2022,OK,40023,Choctaw County,2022-11-08,0,826,,92,734,296,477,0,53,1,ok-seb,2026-09-08T13:32:37+00:00
2022,OK,40025,Cimarron County,2022-11-08,0,162,,30,132,16,144,0,2,1,ok-seb,2026-09-08T13:32:37+00:00
2022,OK,40027,Cleveland County,2022-11-08,0,22772,,8541,14231,9356,10391,105,2920,1,ok-seb,2026-09-08T13:32:37+00:00
2022,OK,40029,Coal County,2022-11-08,0,375,,25,350,158,197,0,20,1,ok-seb,2026-09-08T13:32:37+00:00
2022,OK,40031,Comanche County,2022-11-08,0,4030,,1131,2899,1695,1908,16,411,1,ok-seb,2026-09-08T13:32:37+00:00
2022,OK,40033,Cotton County,2022-11-08,0,384,,48,336,90,272,3,19,1,ok-seb,2026-09-08T13:32:37+00:00
2022,OK,40035,Craig County,2022-11-08,0,567,,117,450,243,299,1,24,1,ok-seb,2026-09-08T13:32:37+00:00
2022,OK,40037,Creek County,2022-11-08,0,3399,,772,2627,951,2141,9,298,1,ok-seb,2026-09-08T13:32:37+00:00
2022,OK,40039,Custer County,2022-11-08,0,1134,,286,848,323,747,6,58,1,ok-seb,2026-09-08T13:32:37+00:00
2022,OK,40041,Delaware County,2022-11-08,0,1942,,692,1250,573,1192,3,174,1,ok-seb,2026-09-08T13:32:37+00:00
2022,OK,40043,Dewey County,2022-11-08,0,195,,80,115,39,146,0,10,1,ok-seb,2026-09-08T13:32:37+00:00
2022,OK,40045,Ellis County,2022-11-08,0,214,,49,165,45,166,0,3,1,ok-seb,2026-09-08T13:32:37+00:00
2022,OK,40047,Garfield County,2022-11-08,0,3026,,819,2207,736,2048,11,231,1,ok-seb,2026-09-08T13:32:37+00:00
2022,OK,40049,Garvin County,2022-11-08,0,1125,,213,912,340,712,3,70,1,ok-seb,2026-09-08T13:32:37+00:00
2022,OK,40051,Grady County,2022-11-08,0,2537,,795,1742,647,1673,7,210,1,ok-seb,2026-09-08T13:32:37+00:00
2022,OK,40053,Grant County,2022-11-08,0,184,,48,136,37,134,2,11,1,ok-seb,2026-09-08T13:32:37+00:00
2022,OK,40055,Greer County,2022-11-08,0,192,,27,165,78,104,1,9,1,ok-seb,2026-09-08T13:32:37+00:00
2022,OK,40057,Harmon County,2022-11-08,0,122,,16,106,44,71,0,7,1,ok-seb,2026-09-08T13:32:37+00:00
2022,OK,40059,Harper County,2022-11-08,0,180,,50,130,27,142,0,11,1,ok-seb,2026-09-08T13:32:37+00:00
2022,OK,40061,Haskell County,2022-11-08,0,603,,74,529,247,333,0,23,1,ok-seb,2026-09-08T13:32:37+00:00
2022,OK,40063,Hughes County,2022-11-08,0,396,,94,302,144,230,0,22,1,ok-seb,2026-09-08T13:32:37+00:00
2022,OK,40065,Jackson County,2022-11-08,0,881,,158,723,209,607,3,62,1,ok-seb,2026-09-08T13:32:37+00:00
2022,OK,40067,Jefferson County,2022-11-08,0,193,,33,160,68,109,0,16,1,ok-seb,2026-09-08T13:32:37+00:00
2022,OK,40069,Johnston County,2022-11-08,0,473,,43,430,152,296,2,23,1,ok-seb,2026-09-08T13:32:37+00:00
2022,OK,40071,Kay County,2022-11-08,0,1234,,367,867,376,760,3,95,1,ok-seb,2026-09-08T13:32:37+00:00
2022,OK,40073,Kingfisher County,2022-11-08,0,824,,155,669,141,631,6,46,1,ok-seb,2026-09-08T13:32:37+00:00
2022,OK,40075,Kiowa County,2022-11-08,0,391,,100,291,121,243,0,27,1,ok-seb,2026-09-08T13:32:37+00:00
2022,OK,40077,Latimer County,2022-11-08,0,509,,75,434,230,246,0,33,1,ok-seb,2026-09-08T13:32:37+00:00
2022,OK,40079,Le Flore County,2022-11-08,0,1489,,249,1240,428,944,1,116,1,ok-seb,2026-09-08T13:32:37+00:00
2022,OK,40081,Lincoln County,2022-11-08,0,1489,,341,1148,376,988,6,119,1,ok-seb,2026-09-08T13:32:37+00:00
2022,OK,40083,Logan County,2022-11-08,0,3708,,1098,2610,932,2346,12,418,1,ok-seb,2026-09-08T13:32:37+00:00
2022,OK,40085,Love County,2022-11-08,0,394,,40,354,140,221,2,31,1,ok-seb,2026-09-08T13:32:37+00:00
2022,OK,40087,McClain County,2022-11-08,0,2108,,920,1188,594,1344,3,167,1,ok-seb,2026-09-08T13:32:37+00:00
2022,OK,40089,McCurtain County,2022-11-08,0,923,,140,783,320,554,2,47,1,ok-seb,2026-09-08T13:32:37+00:00
2022,OK,40091,McIntosh County,2022-11-08,0,845,,203,642,361,425,1,58,1,ok-seb,2026-09-08T13:32:37+00:00
2022,OK,40093,Major County,2022-11-08,0,486,,122,364,87,378,2,19,1,ok-seb,2026-09-08T13:32:37+00:00
2022,OK,40095,Marshall County,2022-11-08,0,953,,192,761,259,637,0,57,1,ok-seb,2026-09-08T13:32:37+00:00
2022,OK,40097,Mayes County,2022-11-08,0,1496,,370,1126,473,905,1,117,1,ok-seb,2026-09-08T13:32:37+00:00
2022,OK,40099,Murray County,2022-11-08,0,1029,,143,886,390,559,0,80,1,ok-seb,2026-09-08T13:32:37+00:00
2022,OK,40101,Muskogee County,2022-11-08,0,2312,,542,1770,1021,1119,9,163,1,ok-seb,2026-09-08T13:32:37+00:00
2022,OK,40103,Noble County,2022-11-08,0,712,,93,619,159,503,1,49,1,ok-seb,2026-09-08T13:32:37+00:00
2022,OK,40105,Nowata County,2022-11-08,0,468,,80,388,132,313,1,22,1,ok-seb,2026-09-08T13:32:37+00:00
2022,OK,40107,Okfuskee County,2022-11-08,0,385,,77,308,163,203,2,17,1,ok-seb,2026-09-08T13:32:37+00:00
2022,OK,40109,Oklahoma County,2022-11-08,0,44584,,23594,20990,19827,18772,158,5827,1,ok-seb,2026-09-08T13:32:37+00:00
2022,OK,40111,Okmulgee County,2022-11-08,0,1301,,310,991,563,647,6,85,1,ok-seb,2026-09-08T13:32:37+00:00
2022,OK,40113,Osage County,2022-11-08,0,2356,,857,1499,836,1307,6,207,1,ok-seb,2026-09-08T13:32:37+00:00
2022,OK,40115,Ottawa County,2022-11-08,0,1052,,216,836,421,555,5,71,1,ok-seb,2026-09-08T13:32:37+00:00
2022,OK,40117,Pawnee County,2022-11-08,0,626,,157,469,206,371,2,47,1,ok-seb,2026-09-08T13:32:37+00:00
2022,OK,40119,Payne County,2022-11-08,0,5345,,1013,4332,2182,2467,25,671,1,ok-seb,2026-09-08T13:32:37+00:00
2022,OK,40121,Pittsburg County,2022-11-08,0,1551,,327,1224,567,864,6,114,1,ok-seb,2026-09-08T13:32:37+00:00
2022,OK,40123,Pontotoc County,2022-11-08,0,2041,,294,1747,846,1031,6,158,1,ok-seb,2026-09-08T13:32:37+00:00
2022,OK,40125,Pottawatomie County,2022-11-08,0,4096,,1584,2512,1467,2283,15,331,1,ok-seb,2026-09-08T13:32:37+00:00
2022,OK,40127,Pushmataha County,2022-11-08,0,511,,61,450,162,310,0,39,1,ok-seb,2026-09-08T13:32:37+00:00
2022,OK,40129,Roger Mills County,2022-11-08,0,216,,42,174,42,168,0,6,1,ok-seb,2026-09-08T13:32:37+00:00
2022,OK,40131,Rogers County,2022-11-08,0,6963,,1812,5151,1905,4361,39,658,1,ok-seb,2026-09-08T13:32:37+00:00
2022,OK,40133,Seminole County,2022-11-08,0,768,,167,601,275,441,2,50,1,ok-seb,2026-09-08T13:32:37+00:00
2022,OK,40135,Sequoyah County,2022-11-08,0,1298,,258,1040,429,760,3,106,1,ok-seb,2026-09-08T13:32:37+00:00
2022,OK,40137,Stephens County,2022-11-08,0,1946,,402,1544,494,1327,5,120,1,ok-seb,2026-09-08T13:32:37+00:00
2022,OK,40139,Texas County,2022-11-08,0,553,,105,448,85,420,3,45,1,ok-seb,2026-09-08T13:32:37+00:00
2022,OK,40141,Tillman County,2022-11-08,0,353,,57,296,99,242,1,11,1,ok-seb,2026-09-08T13:32:37+00:00
2022,OK,40143,Tulsa County,2022-11-08,0,29432,,13110,16322,12599,12712,123,3998,1,ok-seb,2026-09-08T13:32:37+00:00
2022,OK,40145,Wagoner County,2022-11-08,0,5023,,1006,4017,1411,3099,23,490,1,ok-seb,2026-09-08T13:32:37+00:00
2022,OK,40147,Washington County,2022-11-08,0,2637,,619,2018,711,1595,11,320,1,ok-seb,2026-09-08T13:32:37+00:00
2022,OK,40149,Washita County,2022-11-08,0,470,,157,313,140,303,2,25,1,ok-seb,2026-09-08T13:32:37+00:00
2022,OK,40151,Woods County,2022-11-08,0,629,,101,528,169,432,0,28,1,ok-seb,2026-09-08T13:32:37+00:00
2022,OK,40153,Woodward County,2022-11-08,0,1121,,199,922,222,838,4,57,1,ok-seb,2026-09-08T13:32:37+00:00
2024,OK,40001,Adair County,2024-11-05,0,1433,,181,1252,374,914,11,134,1,ok-seb,2026-09-08T06:39:35+00:00
2024,OK,40003,Alfalfa County,2024-11-05,0,485,,71,414,50,403,6,26,1,ok-seb,2026-09-08T06:39:35+00:00
2024,OK,40005,Atoka County,2024-11-05,0,1955,,136,1819,467,1345,13,130,1,ok-seb,2026-09-08T06:39:35+00:00
2024,OK,40007,Beaver County,2024-11-05,0,593,,91,502,47,517,2,27,1,ok-seb,2026-09-08T06:39:35+00:00
2024,OK,40009,Beckham County,2024-11-05,0,2145,,262,1883,372,1604,7,162,1,ok-seb,2026-09-08T06:39:35+00:00
2024,OK,40011,Blaine County,2024-11-05,0,798,,131,667,134,616,3,45,1,ok-seb,2026-09-08T06:39:35+00:00
2024,OK,40013,Bryan County,2024-11-05,0,4189,,625,3564,948,2701,21,519,1,ok-seb,2026-09-08T06:39:35+00:00
2024,OK,40015,Caddo County,2024-11-05,0,1764,,308,1456,596,1012,4,152,1,ok-seb,2026-09-08T06:39:35+00:00
2024,OK,40017,Canadian County,2024-11-05,0,23717,,6145,17572,5054,15266,153,3244,1,ok-seb,2026-09-08T06:39:35+00:00
2024,OK,40019,Carter County,2024-11-05,0,6529,,745,5784,1595,4280,40,614,1,ok-seb,2026-09-08T06:39:35+00:00
2024,OK,40021,Cherokee County,2024-11-05,0,5291,,850,4441,2002,2604,37,648,1,ok-seb,2026-09-08T06:39:35+00:00
2024,OK,40023,Choctaw County,2024-11-05,0,1994,,158,1836,500,1318,4,172,1,ok-seb,2026-09-08T06:39:35+00:00
2024,OK,40025,Cimarron County,2024-11-05,0,419,,37,382,37,365,1,16,1,ok-seb,2026-09-08T06:39:35+00:00
2024,OK,40027,Cleveland County,2024-11-05,0,45258,,11738,33520,14697,23633,254,6674,1,ok-seb,2026-09-08T06:39:35+00:00
2024,OK,40029,Coal County,2024-11-05,0,891,,42,849,338,487,3,63,1,ok-seb,2026-09-08T06:39:35+00:00
2024,OK,40031,Comanche County,2024-11-05,0,9328,,2347,6981,3558,4283,53,1434,1,ok-seb,2026-09-08T06:39:35+00:00
2024,OK,40033,Cotton County,2024-11-05,0,825,,53,772,159,613,1,52,1,ok-seb,2026-09-08T06:39:35+00:00
2024,OK,40035,Craig County,2024-11-05,0,1462,,190,1272,395,936,4,127,1,ok-seb,2026-09-08T06:39:35+00:00
2024,OK,40037,Creek County,2024-11-05,0,6428,,1360,5068,1381,4308,28,711,1,ok-seb,2026-09-08T06:39:35+00:00
2024,OK,40039,Custer County,2024-11-05,0,2834,,516,2318,624,1977,11,222,1,ok-seb,2026-09-08T06:39:35+00:00
2024,OK,40041,Delaware County,2024-11-05,0,4371,,968,3403,819,3083,14,455,1,ok-seb,2026-09-08T06:39:35+00:00
2024,OK,40043,Dewey County,2024-11-05,0,390,,102,288,61,310,1,18,1,ok-seb,2026-09-08T06:39:35+00:00
2024,OK,40045,Ellis County,2024-11-05,0,405,,69,336,55,331,2,17,1,ok-seb,2026-09-08T06:39:35+00:00
2024,OK,40047,Garfield County,2024-11-05,0,5386,,1163,4223,1061,3764,20,541,1,ok-seb,2026-09-08T06:39:35+00:00
2024,OK,40049,Garvin County,2024-11-05,0,2776,,344,2432,590,1952,10,224,1,ok-seb,2026-09-08T06:39:35+00:00
2024,OK,40051,Grady County,2024-11-05,0,5477,,1384,4093,1020,3898,25,534,1,ok-seb,2026-09-08T06:39:35+00:00
2024,OK,40053,Grant County,2024-11-05,0,389,,78,311,51,316,1,21,1,ok-seb,2026-09-08T06:39:35+00:00
2024,OK,40055,Greer County,2024-11-05,0,566,,44,522,141,373,2,50,1,ok-seb,2026-09-08T06:39:35+00:00
2024,OK,40057,Harmon County,2024-11-05,0,328,,21,307,87,223,0,18,1,ok-seb,2026-09-08T06:39:35+00:00
2024,OK,40059,Harper County,2024-11-05,0,347,,85,262,38,289,0,20,1,ok-seb,2026-09-08T06:39:35+00:00
2024,OK,40061,Haskell County,2024-11-05,0,1558,,116,1442,399,1069,5,85,1,ok-seb,2026-09-08T06:39:35+00:00
2024,OK,40063,Hughes County,2024-11-05,0,951,,132,819,242,623,2,84,1,ok-seb,2026-09-08T06:39:35+00:00
2024,OK,40065,Jackson County,2024-11-05,0,2592,,304,2288,477,1817,11,287,1,ok-seb,2026-09-08T06:39:35+00:00
2024,OK,40067,Jefferson County,2024-11-05,0,620,,47,573,124,438,7,51,1,ok-seb,2026-09-08T06:39:35+00:00
2024,OK,40069,Johnston County,2024-11-05,0,1204,,71,1133,270,843,5,86,1,ok-seb,2026-09-08T06:39:35+00:00
2024,OK,40071,Kay County,2024-11-05,0,3875,,628,3247,788,2655,15,417,1,ok-seb,2026-09-08T06:39:35+00:00
2024,OK,40073,Kingfisher County,2024-11-05,0,2138,,191,1947,269,1748,10,111,1,ok-seb,2026-09-08T06:39:35+00:00
2024,OK,40075,Kiowa County,2024-11-05,0,912,,137,775,229,610,1,72,1,ok-seb,2026-09-08T06:39:35+00:00
2024,OK,40077,Latimer County,2024-11-05,0,1078,,120,958,329,665,2,82,1,ok-seb,2026-09-08T06:39:35+00:00
2024,OK,40079,Le Flore County,2024-11-05,0,4613,,476,4137,975,3128,24,486,1,ok-seb,2026-09-08T06:39:35+00:00
2024,OK,40081,Lincoln County,2024-11-05,0,3617,,537,3080,602,2684,17,314,1,ok-seb,2026-09-08T06:39:35+00:00
2024,OK,40083,Logan County,2024-11-05,0,7781,,1803,5978,1480,5321,40,940,1,ok-seb,2026-09-08T06:39:35+00:00
2024,OK,40085,Love County,2024-11-05,0,1343,,71,1272,265,931,6,141,1,ok-seb,2026-09-08T06:39:35+00:00
2024,OK,40087,McClain County,2024-11-05,0,4308,,1211,3097,782,2991,27,508,1,ok-seb,2026-09-08T06:39:35+00:00
2024,OK,40089,McCurtain County,2024-11-05,0,2421,,277,2144,574,1672,5,170,1,ok-seb,2026-09-08T06:39:35+00:00
2024,OK,40091,McIntosh County,2024-11-05,0,1778,,297,1481,494,1117,8,159,1,ok-seb,2026-09-08T06:39:35+00:00
2024,OK,40093,Major County,2024-11-05,0,1056,,163,893,109,889,2,56,1,ok-seb,2026-09-08T06:39:35+00:00
2024,OK,40095,Marshall County,2024-11-05,0,2464,,224,2240,460,1745,13,246,1,ok-seb,2026-09-08T06:39:35+00:00
2024,OK,40097,Mayes County,2024-11-05,0,3884,,545,3339,864,2581,15,424,1,ok-seb,2026-09-08T06:39:35+00:00
2024,OK,40099,Murray County,2024-11-05,0,2343,,204,2139,659,1488,10,186,1,ok-seb,2026-09-08T06:39:35+00:00
2024,OK,40101,Muskogee County,2024-11-05,0,4770,,821,3949,1734,2531,22,483,1,ok-seb,2026-09-08T06:39:35+00:00
2024,OK,40103,Noble County,2024-11-05,0,1531,,148,1383,269,1142,7,113,1,ok-seb,2026-09-08T06:39:35+00:00
2024,OK,40105,Nowata County,2024-11-05,0,1202,,104,1098,213,896,3,90,1,ok-seb,2026-09-08T06:39:35+00:00
2024,OK,40107,Okfuskee County,2024-11-05,0,920,,105,815,260,599,8,53,1,ok-seb,2026-09-08T06:39:35+00:00
2024,OK,40109,Oklahoma County,2024-11-05,0,66497,,35377,31120,25754,30320,336,10087,1,ok-seb,2026-09-08T06:39:35+00:00
2024,OK,40111,Okmulgee County,2024-11-05,0,3179,,475,2704,1009,1837,10,323,1,ok-seb,2026-09-08T06:39:35+00:00
2024,OK,40113,Osage County,2024-11-05,0,6070,,1176,4894,1630,3765,30,645,1,ok-seb,2026-09-08T06:39:35+00:00
2024,OK,40115,Ottawa County,2024-11-05,0,2718,,339,2379,721,1676,9,312,1,ok-seb,2026-09-08T06:39:35+00:00
2024,OK,40117,Pawnee County,2024-11-05,0,1391,,215,1176,341,923,5,122,1,ok-seb,2026-09-08T06:39:35+00:00
2024,OK,40119,Payne County,2024-11-05,0,9452,,1505,7947,2863,5166,59,1364,1,ok-seb,2026-09-08T06:39:35+00:00
2024,OK,40121,Pittsburg County,2024-11-05,0,4092,,547,3545,982,2709,31,370,1,ok-seb,2026-09-08T06:39:35+00:00
2024,OK,40123,Pontotoc County,2024-11-05,0,3671,,444,3227,1139,2148,15,369,1,ok-seb,2026-09-08T06:39:35+00:00
2024,OK,40125,Pottawatomie County,2024-11-05,0,8730,,1780,6950,2191,5562,57,920,1,ok-seb,2026-09-08T06:39:35+00:00
2024,OK,40127,Pushmataha County,2024-11-05,0,1404,,119,1285,320,947,8,129,1,ok-seb,2026-09-08T06:39:35+00:00
2024,OK,40129,Roger Mills County,2024-11-05,0,448,,58,390,54,376,1,17,1,ok-seb,2026-09-08T06:39:35+00:00
2024,OK,40131,Rogers County,2024-11-05,0,15189,,2404,12785,2911,10416,88,1774,1,ok-seb,2026-09-08T06:39:35+00:00
2024,OK,40133,Seminole County,2024-11-05,0,1909,,272,1637,553,1161,11,184,1,ok-seb,2026-09-08T06:39:35+00:00
2024,OK,40135,Sequoyah County,2024-11-05,0,3064,,469,2595,677,2046,8,333,1,ok-seb,2026-09-08T06:39:35+00:00
2024,OK,40137,Stephens County,2024-11-05,0,4458,,706,3752,805,3251,19,383,1,ok-seb,2026-09-08T06:39:35+00:00
2024,OK,40139,Texas County,2024-11-05,0,1635,,202,1433,230,1239,6,160,1,ok-seb,2026-09-08T06:39:35+00:00
2024,OK,40141,Tillman County,2024-11-05,0,793,,60,733,178,558,1,56,1,ok-seb,2026-09-08T06:39:35+00:00
2024,OK,40143,Tulsa County,2024-11-05,0,45154,,19136,26018,16289,21688,238,6939,1,ok-seb,2026-09-08T06:39:35+00:00
2024,OK,40145,Wagoner County,2024-11-05,0,12541,,1699,10842,2645,8434,56,1406,1,ok-seb,2026-09-08T06:39:35+00:00
2024,OK,40147,Washington County,2024-11-05,0,6448,,1063,5385,1307,4183,46,912,1,ok-seb,2026-09-08T06:39:35+00:00
2024,OK,40149,Washita County,2024-11-05,0,991,,166,825,178,728,6,79,1,ok-seb,2026-09-08T06:39:35+00:00
2024,OK,40151,Woods County,2024-11-05,0,1430,,133,1297,284,1026,5,115,1,ok-seb,2026-09-08T06:39:35+00:00
2024,OK,40153,Woodward County,2024-11-05,0,2471,,228,2243,342,1948,8,173,1,ok-seb,2026-09-08T06:39:35+00:00
2026,OK,40001,Adair County,2026-09-12,52,0,,0,,0,0,0,0,1,ok-seb,2026-09-12T03:07:18+00:00
2026,OK,40001,Adair County,2026-09-13,51,0,,0,,0,0,0,0,1,ok-seb,2026-09-13T03:09:07+00:00
2026,OK,40001,Adair County,2026-09-14,50,0,,0,,0,0,0,0,1,ok-seb,2026-09-14T03:22:15+00:00
2026,OK,40001,Adair County,2026-09-15,49,0,,0,,0,0,0,0,1,ok-seb,2026-09-15T00:16:58+00:00
2026,OK,40001,Adair County,2026-09-16,48,0,,0,,0,0,0,0,1,ok-seb,2026-09-16T04:08:20+00:00
2026,OK,40001,Adair County,2026-09-17,47,0,,0,,0,0,0,0,1,ok-seb,2026-09-17T00:04:50+00:00
2026,OK,40001,Adair County,2026-09-18,46,0,,0,,0,0,0,0,1,ok-seb,2026-09-18T03:11:44+00:00
2026,OK,40001,Adair County,2026-09-19,45,0,,0,,0,0,0,0,1,ok-seb,2026-09-19T03:08:05+00:00
2026,OK,40001,Adair County,2026-09-20,44,0,,0,,0,0,0,0,1,ok-seb,2026-09-20T03:24:24+00:00
2026,OK,40001,Adair County,2026-09-21,43,0,,0,,0,0,0,0,1,ok-seb,2026-09-21T03:19:32+00:00
2026,OK,40001,Adair County,2026-09-22,42,2,,2,,1,1,0,0,1,ok-seb,2026-09-22T07:18:19+00:00
2026,OK,40001,Adair County,2026-09-23,41,2,,2,,1,1,0,0,1,ok-seb,2026-09-23T04:34:25+00:00
2026,OK,40001,Adair County,2026-09-24,40,3,,3,,2,1,0,0,1,ok-seb,2026-09-24T07:11:28+00:00
2026,OK,40003,Alfalfa County,2026-09-12,52,0,,0,,0,0,0,0,1,ok-seb,2026-09-12T03:07:18+00:00
2026,OK,40003,Alfalfa County,2026-09-13,51,0,,0,,0,0,0,0,1,ok-seb,2026-09-13T03:09:07+00:00
2026,OK,40003,Alfalfa County,2026-09-14,50,0,,0,,0,0,0,0,1,ok-seb,2026-09-14T03:22:15+00:00
2026,OK,40003,Alfalfa County,2026-09-15,49,0,,0,,0,0,0,0,1,ok-seb,2026-09-15T00:16:58+00:00
2026,OK,40003,Alfalfa County,2026-09-16,48,0,,0,,0,0,0,0,1,ok-seb,2026-09-16T04:08:20+00:00
2026,OK,40003,Alfalfa County,2026-09-17,47,0,,0,,0,0,0,0,1,ok-seb,2026-09-17T00:04:50+00:00
2026,OK,40003,Alfalfa County,2026-09-18,46,0,,0,,0,0,0,0,1,ok-seb,2026-09-18T03:11:44+00:00
2026,OK,40003,Alfalfa County,2026-09-19,45,0,,0,,0,0,0,0,1,ok-seb,2026-09-19T03:08:05+00:00
2026,OK,40003,Alfalfa County,2026-09-20,44,0,,0,,0,0,0,0,1,ok-seb,2026-09-20T03:24:24+00:00
2026,OK,40003,Alfalfa County,2026-09-21,43,0,,0,,0,0,0,0,1,ok-seb,2026-09-21T03:19:32+00:00
2026,OK,40003,Alfalfa County,2026-09-22,42,0,,0,,0,0,0,0,1,ok-seb,2026-09-22T00:36:05+00:00
2026,OK,40003,Alfalfa County,2026-09-23,41,0,,0,,0,0,0,0,1,ok-seb,2026-09-23T04:34:25+00:00
2026,OK,40003,Alfalfa County,2026-09-24,40,1,,1,,1,0,0,0,1,ok-seb,2026-09-24T07:11:28+00:00
2026,OK,40005,Atoka County,2026-09-12,52,0,,0,,0,0,0,0,1,ok-seb,2026-09-12T03:07:18+00:00
2026,OK,40005,Atoka County,2026-09-13,51,0,,0,,0,0,0,0,1,ok-seb,2026-09-13T03:09:07+00:00
2026,OK,40005,Atoka County,2026-09-14,50,0,,0,,0,0,0,0,1,ok-seb,2026-09-14T03:22:15+00:00
2026,OK,40005,Atoka County,2026-09-15,49,0,,0,,0,0,0,0,1,ok-seb,2026-09-15T00:16:58+00:00
2026,OK,40005,Atoka County,2026-09-16,48,0,,0,,0,0,0,0,1,ok-seb,2026-09-16T04:08:20+00:00
2026,OK,40005,Atoka County,2026-09-17,47,0,,0,,0,0,0,0,1,ok-seb,2026-09-17T00:04:50+00:00
2026,OK,40005,Atoka County,2026-09-18,46,0,,0,,0,0,0,0,1,ok-seb,2026-09-18T03:11:44+00:00
2026,OK,40005,Atoka County,2026-09-19,45,0,,0,,0,0,0,0,1,ok-seb,2026-09-19T03:08:05+00:00
2026,OK,40005,Atoka County,2026-09-20,44,0,,0,,0,0,0,0,1,ok-seb,2026-09-20T03:24:24+00:00
2026,OK,40005,Atoka County,2026-09-21,43,0,,0,,0,0,0,0,1,ok-seb,2026-09-21T03:19:32+00:00
2026,OK,40005,Atoka County,2026-09-22,42,2,,2,,0,2,0,0,1,ok-seb,2026-09-22T07:18:19+00:00
2026,OK,40005,Atoka County,2026-09-23,41,2,,2,,0,2,0,0,1,ok-seb,2026-09-23T04:34:25+00:00
2026,OK,40005,Atoka County,2026-09-24,40,2,,2,,0,2,0,0,1,ok-seb,2026-09-24T00:14:04+00:00
2026,OK,40007,Beaver County,2026-09-12,52,0,,0,,0,0,0,0,1,ok-seb,2026-09-12T03:07:18+00:00
2026,OK,40007,Beaver County,2026-09-13,51,0,,0,,0,0,0,0,1,ok-seb,2026-09-13T03:09:07+00:00
2026,OK,40007,Beaver County,2026-09-14,50,0,,0,,0,0,0,0,1,ok-seb,2026-09-14T03:22:15+00:00
2026,OK,40007,Beaver County,2026-09-15,49,0,,0,,0,0,0,0,1,ok-seb,2026-09-15T00:16:58+00:00
2026,OK,40007,Beaver County,2026-09-16,48,0,,0,,0,0,0,0,1,ok-seb,2026-09-16T04:08:20+00:00
2026,OK,40007,Beaver County,2026-09-17,47,0,,0,,0,0,0,0,1,ok-seb,2026-09-17T00:04:50+00:00
2026,OK,40007,Beaver County,2026-09-18,46,0,,0,,0,0,0,0,1,ok-seb,2026-09-18T03:11:44+00:00
2026,OK,40007,Beaver County,2026-09-19,45,2,,2,,1,0,0,1,1,ok-seb,2026-09-19T03:08:05+00:00
2026,OK,40007,Beaver County,2026-09-20,44,2,,2,,1,0,0,1,1,ok-seb,2026-09-20T03:24:24+00:00
2026,OK,40007,Beaver County,2026-09-21,43,2,,2,,1,0,0,1,1,ok-seb,2026-09-21T03:19:32+00:00
2026,OK,40007,Beaver County,2026-09-22,42,2,,2,,1,0,0,1,1,ok-seb,2026-09-22T00:36:05+00:00
2026,OK,40007,Beaver County,2026-09-23,41,2,,2,,1,0,0,1,1,ok-seb,2026-09-23T04:34:25+00:00
2026,OK,40007,Beaver County,2026-09-24,40,2,,2,,1,0,0,1,1,ok-seb,2026-09-24T00:14:04+00:00
2026,OK,40009,Beckham County,2026-09-12,52,0,,0,,0,0,0,0,1,ok-seb,2026-09-12T03:07:18+00:00
2026,OK,40009,Beckham County,2026-09-13,51,0,,0,,0,0,0,0,1,ok-seb,2026-09-13T03:09:07+00:00
2026,OK,40009,Beckham County,2026-09-14,50,0,,0,,0,0,0,0,1,ok-seb,2026-09-14T03:22:15+00:00
2026,OK,40009,Beckham County,2026-09-15,49,0,,0,,0,0,0,0,1,ok-seb,2026-09-15T00:16:58+00:00
2026,OK,40009,Beckham County,2026-09-16,48,0,,0,,0,0,0,0,1,ok-seb,2026-09-16T04:08:20+00:00
2026,OK,40009,Beckham County,2026-09-17,47,0,,0,,0,0,0,0,1,ok-seb,2026-09-17T00:04:50+00:00
2026,OK,40009,Beckham County,2026-09-18,46,0,,0,,0,0,0,0,1,ok-seb,2026-09-18T03:11:44+00:00
2026,OK,40009,Beckham County,2026-09-19,45,0,,0,,0,0,0,0,1,ok-seb,2026-09-19T03:08:05+00:00
2026,OK,40009,Beckham County,2026-09-20,44,0,,0,,0,0,0,0,1,ok-seb,2026-09-20T03:24:24+00:00
2026,OK,40009,Beckham County,2026-09-21,43,0,,0,,0,0,0,0,1,ok-seb,2026-09-21T03:19:32+00:00
2026,OK,40009,Beckham County,2026-09-22,42,3,,3,,1,2,0,0,1,ok-seb,2026-09-22T07:18:19+00:00
2026,OK,40009,Beckham County,2026-09-23,41,3,,3,,1,2,0,0,1,ok-seb,2026-09-23T04:34:25+00:00
2026,OK,40009,Beckham County,2026-09-24,40,5,,5,,2,3,0,0,1,ok-seb,2026-09-24T07:11:28+00:00
2026,OK,40011,Blaine County,2026-09-12,52,0,,0,,0,0,0,0,1,ok-seb,2026-09-12T03:07:18+00:00
2026,OK,40011,Blaine County,2026-09-13,51,0,,0,,0,0,0,0,1,ok-seb,2026-09-13T03:09:07+00:00
2026,OK,40011,Blaine County,2026-09-14,50,0,,0,,0,0,0,0,1,ok-seb,2026-09-14T03:22:15+00:00
2026,OK,40011,Blaine County,2026-09-15,49,2,,2,,0,2,0,0,1,ok-seb,2026-09-15T07:11:19+00:00
2026,OK,40011,Blaine County,2026-09-16,48,2,,2,,0,2,0,0,1,ok-seb,2026-09-16T04:08:20+00:00
2026,OK,40011,Blaine County,2026-09-17,47,3,,3,,0,3,0,0,1,ok-seb,2026-09-17T05:45:46+00:00
2026,OK,40011,Blaine County,2026-09-18,46,3,,3,,0,3,0,0,1,ok-seb,2026-09-18T03:11:44+00:00
2026,OK,40011,Blaine County,2026-09-19,45,3,,3,,0,3,0,0,1,ok-seb,2026-09-19T03:08:05+00:00
2026,OK,40011,Blaine County,2026-09-20,44,3,,3,,0,3,0,0,1,ok-seb,2026-09-20T03:24:24+00:00
2026,OK,40011,Blaine County,2026-09-21,43,3,,3,,0,3,0,0,1,ok-seb,2026-09-21T03:19:32+00:00
2026,OK,40011,Blaine County,2026-09-22,42,3,,3,,0,3,0,0,1,ok-seb,2026-09-22T00:36:05+00:00
2026,OK,40011,Blaine County,2026-09-23,41,3,,3,,0,3,0,0,1,ok-seb,2026-09-23T04:34:25+00:00
2026,OK,40011,Blaine County,2026-09-24,40,3,,3,,0,3,0,0,1,ok-seb,2026-09-24T00:14:04+00:00
2026,OK,40013,Bryan County,2026-09-12,52,0,,0,,0,0,0,0,1,ok-seb,2026-09-12T03:07:18+00:00
2026,OK,40013,Bryan County,2026-09-13,51,0,,0,,0,0,0,0,1,ok-seb,2026-09-13T03:09:07+00:00
2026,OK,40013,Bryan County,2026-09-14,50,0,,0,,0,0,0,0,1,ok-seb,2026-09-14T03:22:15+00:00
2026,OK,40013,Bryan County,2026-09-15,49,0,,0,,0,0,0,0,1,ok-seb,2026-09-15T00:16:58+00:00
2026,OK,40013,Bryan County,2026-09-16,48,3,,3,,1,2,0,0,1,ok-seb,2026-09-16T04:08:20+00:00
2026,OK,40013,Bryan County,2026-09-17,47,5,,5,,2,3,0,0,1,ok-seb,2026-09-17T05:45:46+00:00
2026,OK,40013,Bryan County,2026-09-18,46,8,,8,,2,6,0,0,1,ok-seb,2026-09-18T03:11:44+00:00
2026,OK,40013,Bryan County,2026-09-19,45,8,,8,,2,6,0,0,1,ok-seb,2026-09-19T03:08:05+00:00
2026,OK,40013,Bryan County,2026-09-20,44,8,,8,,2,6,0,0,1,ok-seb,2026-09-20T03:24:24+00:00
2026,OK,40013,Bryan County,2026-09-21,43,8,,8,,2,6,0,0,1,ok-seb,2026-09-21T03:19:32+00:00
2026,OK,40013,Bryan County,2026-09-22,42,12,,12,,2,10,0,0,1,ok-seb,2026-09-22T07:18:19+00:00
2026,OK,40013,Bryan County,2026-09-23,41,12,,12,,2,10,0,0,1,ok-seb,2026-09-23T04:34:25+00:00
2026,OK,40013,Bryan County,2026-09-24,40,17,,17,,4,12,0,1,1,ok-seb,2026-09-24T07:11:28+00:00
2026,OK,40015,Caddo County,2026-09-12,52,0,,0,,0,0,0,0,1,ok-seb,2026-09-12T03:07:18+00:00
2026,OK,40015,Caddo County,2026-09-13,51,0,,0,,0,0,0,0,1,ok-seb,2026-09-13T03:09:07+00:00
2026,OK,40015,Caddo County,2026-09-14,50,0,,0,,0,0,0,0,1,ok-seb,2026-09-14T03:22:15+00:00
2026,OK,40015,Caddo County,2026-09-15,49,0,,0,,0,0,0,0,1,ok-seb,2026-09-15T00:16:58+00:00
2026,OK,40015,Caddo County,2026-09-16,48,0,,0,,0,0,0,0,1,ok-seb,2026-09-16T04:08:20+00:00
2026,OK,40015,Caddo County,2026-09-17,47,0,,0,,0,0,0,0,1,ok-seb,2026-09-17T00:04:50+00:00
2026,OK,40015,Caddo County,2026-09-18,46,0,,0,,0,0,0,0,1,ok-seb,2026-09-18T03:11:44+00:00
2026,OK,40015,Caddo County,2026-09-19,45,0,,0,,0,0,0,0,1,ok-seb,2026-09-19T03:08:05+00:00
2026,OK,40015,Caddo County,2026-09-20,44,0,,0,,0,0,0,0,1,ok-seb,2026-09-20T03:24:24+00:00
2026,OK,40015,Caddo County,2026-09-21,43,0,,0,,0,0,0,0,1,ok-seb,2026-09-21T03:19:32+00:00
2026,OK,40015,Caddo County,2026-09-22,42,2,,2,,0,2,0,0,1,ok-seb,2026-09-22T20:56:46+00:00
2026,OK,40015,Caddo County,2026-09-23,41,2,,2,,0,2,0,0,1,ok-seb,2026-09-23T04:34:25+00:00
2026,OK,40015,Caddo County,2026-09-24,40,2,,2,,0,2,0,0,1,ok-seb,2026-09-24T00:14:04+00:00
2026,OK,40017,Canadian County,2026-09-12,52,0,,0,,0,0,0,0,1,ok-seb,2026-09-12T03:07:18+00:00
2026,OK,40017,Canadian County,2026-09-13,51,0,,0,,0,0,0,0,1,ok-seb,2026-09-13T03:09:07+00:00
2026,OK,40017,Canadian County,2026-09-14,50,0,,0,,0,0,0,0,1,ok-seb,2026-09-14T03:22:15+00:00
2026,OK,40017,Canadian County,2026-09-15,49,2,,2,,0,2,0,0,1,ok-seb,2026-09-15T07:11:19+00:00
2026,OK,40017,Canadian County,2026-09-16,48,9,,9,,1,6,0,2,1,ok-seb,2026-09-16T04:08:20+00:00
2026,OK,40017,Canadian County,2026-09-17,47,32,,32,,10,18,0,4,1,ok-seb,2026-09-17T05:45:46+00:00
2026,OK,40017,Canadian County,2026-09-18,46,59,,59,,21,30,0,8,1,ok-seb,2026-09-18T03:11:44+00:00
2026,OK,40017,Canadian County,2026-09-19,45,90,,90,,38,38,0,14,1,ok-seb,2026-09-19T03:08:05+00:00
2026,OK,40017,Canadian County,2026-09-20,44,90,,90,,38,38,0,14,1,ok-seb,2026-09-20T03:24:24+00:00
2026,OK,40017,Canadian County,2026-09-21,43,90,,90,,38,38,0,14,1,ok-seb,2026-09-21T03:19:32+00:00
2026,OK,40017,Canadian County,2026-09-22,42,134,,134,,55,60,1,18,1,ok-seb,2026-09-22T20:56:46+00:00
2026,OK,40017,Canadian County,2026-09-23,41,136,,136,,56,61,1,18,1,ok-seb,2026-09-23T04:34:25+00:00
2026,OK,40017,Canadian County,2026-09-24,40,163,,163,,67,75,1,20,1,ok-seb,2026-09-24T07:11:28+00:00
2026,OK,40019,Carter County,2026-09-12,52,0,,0,,0,0,0,0,1,ok-seb,2026-09-12T03:07:18+00:00
2026,OK,40019,Carter County,2026-09-13,51,0,,0,,0,0,0,0,1,ok-seb,2026-09-13T03:09:07+00:00
2026,OK,40019,Carter County,2026-09-14,50,0,,0,,0,0,0,0,1,ok-seb,2026-09-14T03:22:15+00:00
2026,OK,40019,Carter County,2026-09-15,49,2,,2,,0,2,0,0,1,ok-seb,2026-09-15T07:11:19+00:00
2026,OK,40019,Carter County,2026-09-16,48,3,,3,,1,2,0,0,1,ok-seb,2026-09-16T04:08:20+00:00
2026,OK,40019,Carter County,2026-09-17,47,6,,6,,3,3,0,0,1,ok-seb,2026-09-17T05:45:46+00:00
2026,OK,40019,Carter County,2026-09-18,46,9,,9,,4,4,0,1,1,ok-seb,2026-09-18T03:11:44+00:00
2026,OK,40019,Carter County,2026-09-19,45,10,,10,,5,4,0,1,1,ok-seb,2026-09-19T03:08:05+00:00
2026,OK,40019,Carter County,2026-09-20,44,10,,10,,5,4,0,1,1,ok-seb,2026-09-20T03:24:24+00:00
2026,OK,40019,Carter County,2026-09-21,43,10,,10,,5,4,0,1,1,ok-seb,2026-09-21T03:19:32+00:00
2026,OK,40019,Carter County,2026-09-22,42,14,,14,,6,7,0,1,1,ok-seb,2026-09-22T07:18:19+00:00
2026,OK,40019,Carter County,2026-09-23,41,14,,14,,6,7,0,1,1,ok-seb,2026-09-23T04:34:25+00:00
2026,OK,40019,Carter County,2026-09-24,40,17,,17,,9,7,0,1,1,ok-seb,2026-09-24T07:11:28+00:00
2026,OK,40021,Cherokee County,2026-09-12,52,0,,0,,0,0,0,0,1,ok-seb,2026-09-12T03:07:18+00:00
2026,OK,40021,Cherokee County,2026-09-13,51,0,,0,,0,0,0,0,1,ok-seb,2026-09-13T03:09:07+00:00
2026,OK,40021,Cherokee County,2026-09-14,50,0,,0,,0,0,0,0,1,ok-seb,2026-09-14T03:22:15+00:00
2026,OK,40021,Cherokee County,2026-09-15,49,0,,0,,0,0,0,0,1,ok-seb,2026-09-15T00:16:58+00:00
2026,OK,40021,Cherokee County,2026-09-16,48,0,,0,,0,0,0,0,1,ok-seb,2026-09-16T04:08:20+00:00
2026,OK,40021,Cherokee County,2026-09-17,47,0,,0,,0,0,0,0,1,ok-seb,2026-09-17T00:04:50+00:00
2026,OK,40021,Cherokee County,2026-09-18,46,0,,0,,0,0,0,0,1,ok-seb,2026-09-18T03:11:44+00:00
2026,OK,40021,Cherokee County,2026-09-19,45,3,,3,,2,0,0,1,1,ok-seb,2026-09-19T03:08:05+00:00
2026,OK,40021,Cherokee County,2026-09-20,44,3,,3,,2,0,0,1,1,ok-seb,2026-09-20T03:24:24+00:00
2026,OK,40021,Cherokee County,2026-09-21,43,3,,3,,2,0,0,1,1,ok-seb,2026-09-21T03:19:32+00:00
2026,OK,40021,Cherokee County,2026-09-22,42,11,,11,,6,4,0,1,1,ok-seb,2026-09-22T20:56:46+00:00
2026,OK,40021,Cherokee County,2026-09-23,41,11,,11,,6,4,0,1,1,ok-seb,2026-09-23T04:34:25+00:00
2026,OK,40021,Cherokee County,2026-09-24,40,16,,16,,7,5,0,4,1,ok-seb,2026-09-24T07:11:28+00:00
2026,OK,40023,Choctaw County,2026-09-12,52,0,,0,,0,0,0,0,1,ok-seb,2026-09-12T03:07:18+00:00
2026,OK,40023,Choctaw County,2026-09-13,51,0,,0,,0,0,0,0,1,ok-seb,2026-09-13T03:09:07+00:00
2026,OK,40023,Choctaw County,2026-09-14,50,0,,0,,0,0,0,0,1,ok-seb,2026-09-14T03:22:15+00:00
2026,OK,40023,Choctaw County,2026-09-15,49,0,,0,,0,0,0,0,1,ok-seb,2026-09-15T00:16:58+00:00
2026,OK,40023,Choctaw County,2026-09-16,48,0,,0,,0,0,0,0,1,ok-seb,2026-09-16T04:08:20+00:00
2026,OK,40023,Choctaw County,2026-09-17,47,0,,0,,0,0,0,0,1,ok-seb,2026-09-17T00:04:50+00:00
2026,OK,40023,Choctaw County,2026-09-18,46,0,,0,,0,0,0,0,1,ok-seb,2026-09-18T03:11:44+00:00
2026,OK,40023,Choctaw County,2026-09-19,45,0,,0,,0,0,0,0,1,ok-seb,2026-09-19T03:08:05+00:00
2026,OK,40023,Choctaw County,2026-09-20,44,0,,0,,0,0,0,0,1,ok-seb,2026-09-20T03:24:24+00:00
2026,OK,40023,Choctaw County,2026-09-21,43,0,,0,,0,0,0,0,1,ok-seb,2026-09-21T03:19:32+00:00
2026,OK,40023,Choctaw County,2026-09-22,42,2,,2,,0,2,0,0,1,ok-seb,2026-09-22T07:18:19+00:00
2026,OK,40023,Choctaw County,2026-09-23,41,2,,2,,0,2,0,0,1,ok-seb,2026-09-23T04:34:25+00:00
2026,OK,40023,Choctaw County,2026-09-24,40,2,,2,,0,2,0,0,1,ok-seb,2026-09-24T00:14:04+00:00
2026,OK,40025,Cimarron County,2026-09-12,52,0,,0,,0,0,0,0,1,ok-seb,2026-09-12T03:07:18+00:00
2026,OK,40025,Cimarron County,2026-09-13,51,0,,0,,0,0,0,0,1,ok-seb,2026-09-13T03:09:07+00:00
2026,OK,40025,Cimarron County,2026-09-14,50,0,,0,,0,0,0,0,1,ok-seb,2026-09-14T03:22:15+00:00
2026,OK,40025,Cimarron County,2026-09-15,49,0,,0,,0,0,0,0,1,ok-seb,2026-09-15T00:16:58+00:00
2026,OK,40025,Cimarron County,2026-09-16,48,0,,0,,0,0,0,0,1,ok-seb,2026-09-16T04:08:20+00:00
2026,OK,40025,Cimarron County,2026-09-17,47,0,,0,,0,0,0,0,1,ok-seb,2026-09-17T00:04:50+00:00
2026,OK,40025,Cimarron County,2026-09-18,46,0,,0,,0,0,0,0,1,ok-seb,2026-09-18T03:11:44+00:00
2026,OK,40025,Cimarron County,2026-09-19,45,0,,0,,0,0,0,0,1,ok-seb,2026-09-19T03:08:05+00:00
2026,OK,40025,Cimarron County,2026-09-20,44,0,,0,,0,0,0,0,1,ok-seb,2026-09-20T03:24:24+00:00
2026,OK,40025,Cimarron County,2026-09-21,43,0,,0,,0,0,0,0,1,ok-seb,2026-09-21T03:19:32+00:00
2026,OK,40025,Cimarron County,2026-09-22,42,2,,2,,0,2,0,0,1,ok-seb,2026-09-22T07:18:19+00:00
2026,OK,40025,Cimarron County,2026-09-23,41,2,,2,,0,2,0,0,1,ok-seb,2026-09-23T04:34:25+00:00
2026,OK,40025,Cimarron County,2026-09-24,40,2,,2,,0,2,0,0,1,ok-seb,2026-09-24T00:14:04+00:00
2026,OK,40027,Cleveland County,2026-09-12,52,0,,0,,0,0,0,0,1,ok-seb,2026-09-12T03:07:18+00:00
2026,OK,40027,Cleveland County,2026-09-13,51,0,,0,,0,0,0,0,1,ok-seb,2026-09-13T03:09:07+00:00
2026,OK,40027,Cleveland County,2026-09-14,50,0,,0,,0,0,0,0,1,ok-seb,2026-09-14T03:22:15+00:00
2026,OK,40027,Cleveland County,2026-09-15,49,4,,4,,3,1,0,0,1,ok-seb,2026-09-15T07:11:19+00:00
2026,OK,40027,Cleveland County,2026-09-16,48,6,,6,,5,1,0,0,1,ok-seb,2026-09-16T04:08:20+00:00
2026,OK,40027,Cleveland County,2026-09-17,47,11,,11,,8,3,0,0,1,ok-seb,2026-09-17T05:45:46+00:00
2026,OK,40027,Cleveland County,2026-09-18,46,49,,49,,26,17,0,6,1,ok-seb,2026-09-18T03:11:44+00:00
2026,OK,40027,Cleveland County,2026-09-19,45,100,,100,,51,41,0,8,1,ok-seb,2026-09-19T03:08:05+00:00
2026,OK,40027,Cleveland County,2026-09-20,44,100,,100,,51,41,0,8,1,ok-seb,2026-09-20T03:24:24+00:00
2026,OK,40027,Cleveland County,2026-09-21,43,100,,100,,51,41,0,8,1,ok-seb,2026-09-21T03:19:32+00:00
2026,OK,40027,Cleveland County,2026-09-22,42,251,,251,,133,93,0,25,1,ok-seb,2026-09-22T20:56:46+00:00
2026,OK,40027,Cleveland County,2026-09-23,41,258,,258,,138,95,0,25,1,ok-seb,2026-09-23T04:34:25+00:00
2026,OK,40027,Cleveland County,2026-09-24,40,320,,320,,175,112,1,32,1,ok-seb,2026-09-24T07:11:28+00:00
2026,OK,40029,Coal County,2026-09-12,52,0,,0,,0,0,0,0,1,ok-seb,2026-09-12T03:07:18+00:00
2026,OK,40029,Coal County,2026-09-13,51,0,,0,,0,0,0,0,1,ok-seb,2026-09-13T03:09:07+00:00
2026,OK,40029,Coal County,2026-09-14,50,0,,0,,0,0,0,0,1,ok-seb,2026-09-14T03:22:15+00:00
2026,OK,40029,Coal County,2026-09-15,49,0,,0,,0,0,0,0,1,ok-seb,2026-09-15T00:16:58+00:00
2026,OK,40029,Coal County,2026-09-16,48,0,,0,,0,0,0,0,1,ok-seb,2026-09-16T04:08:20+00:00
2026,OK,40029,Coal County,2026-09-17,47,0,,0,,0,0,0,0,1,ok-seb,2026-09-17T00:04:50+00:00
2026,OK,40029,Coal County,2026-09-18,46,0,,0,,0,0,0,0,1,ok-seb,2026-09-18T03:11:44+00:00
2026,OK,40029,Coal County,2026-09-19,45,0,,0,,0,0,0,0,1,ok-seb,2026-09-19T03:08:05+00:00
2026,OK,40029,Coal County,2026-09-20,44,0,,0,,0,0,0,0,1,ok-seb,2026-09-20T03:24:24+00:00
2026,OK,40029,Coal County,2026-09-21,43,0,,0,,0,0,0,0,1,ok-seb,2026-09-21T03:19:32+00:00
2026,OK,40029,Coal County,2026-09-22,42,0,,0,,0,0,0,0,1,ok-seb,2026-09-22T00:36:05+00:00
2026,OK,40029,Coal County,2026-09-23,41,0,,0,,0,0,0,0,1,ok-seb,2026-09-23T04:34:25+00:00
2026,OK,40029,Coal County,2026-09-24,40,1,,1,,0,1,0,0,1,ok-seb,2026-09-24T07:11:28+00:00
2026,OK,40031,Comanche County,2026-09-12,52,0,,0,,0,0,0,0,1,ok-seb,2026-09-12T03:07:18+00:00
2026,OK,40031,Comanche County,2026-09-13,51,0,,0,,0,0,0,0,1,ok-seb,2026-09-13T03:09:07+00:00
2026,OK,40031,Comanche County,2026-09-14,50,0,,0,,0,0,0,0,1,ok-seb,2026-09-14T03:22:15+00:00
2026,OK,40031,Comanche County,2026-09-15,49,3,,3,,1,1,0,1,1,ok-seb,2026-09-15T07:11:19+00:00
2026,OK,40031,Comanche County,2026-09-16,48,7,,7,,4,2,0,1,1,ok-seb,2026-09-16T04:08:20+00:00
2026,OK,40031,Comanche County,2026-09-17,47,19,,19,,10,8,0,1,1,ok-seb,2026-09-17T05:45:46+00:00
2026,OK,40031,Comanche County,2026-09-18,46,28,,28,,14,12,0,2,1,ok-seb,2026-09-18T03:11:44+00:00
2026,OK,40031,Comanche County,2026-09-19,45,46,,46,,23,21,0,2,1,ok-seb,2026-09-19T03:08:05+00:00
2026,OK,40031,Comanche County,2026-09-20,44,46,,46,,23,21,0,2,1,ok-seb,2026-09-20T03:24:24+00:00
2026,OK,40031,Comanche County,2026-09-21,43,46,,46,,23,21,0,2,1,ok-seb,2026-09-21T03:19:32+00:00
2026,OK,40031,Comanche County,2026-09-22,42,77,,77,,39,32,0,6,1,ok-seb,2026-09-22T20:56:46+00:00
2026,OK,40031,Comanche County,2026-09-23,41,80,,80,,42,32,0,6,1,ok-seb,2026-09-23T04:34:25+00:00
2026,OK,40031,Comanche County,2026-09-24,40,90,,90,,46,34,0,10,1,ok-seb,2026-09-24T07:11:28+00:00
2026,OK,40033,Cotton County,2026-09-12,52,0,,0,,0,0,0,0,1,ok-seb,2026-09-12T03:07:18+00:00
2026,OK,40033,Cotton County,2026-09-13,51,0,,0,,0,0,0,0,1,ok-seb,2026-09-13T03:09:07+00:00
2026,OK,40033,Cotton County,2026-09-14,50,0,,0,,0,0,0,0,1,ok-seb,2026-09-14T03:22:15+00:00
2026,OK,40033,Cotton County,2026-09-15,49,0,,0,,0,0,0,0,1,ok-seb,2026-09-15T00:16:58+00:00
2026,OK,40033,Cotton County,2026-09-16,48,0,,0,,0,0,0,0,1,ok-seb,2026-09-16T04:08:20+00:00
2026,OK,40033,Cotton County,2026-09-17,47,1,,1,,0,1,0,0,1,ok-seb,2026-09-17T05:45:46+00:00
2026,OK,40033,Cotton County,2026-09-18,46,1,,1,,0,1,0,0,1,ok-seb,2026-09-18T03:11:44+00:00
2026,OK,40033,Cotton County,2026-09-19,45,1,,1,,0,1,0,0,1,ok-seb,2026-09-19T03:08:05+00:00
2026,OK,40033,Cotton County,2026-09-20,44,1,,1,,0,1,0,0,1,ok-seb,2026-09-20T03:24:24+00:00
2026,OK,40033,Cotton County,2026-09-21,43,1,,1,,0,1,0,0,1,ok-seb,2026-09-21T03:19:32+00:00
2026,OK,40033,Cotton County,2026-09-22,42,1,,1,,0,1,0,0,1,ok-seb,2026-09-22T00:36:05+00:00
2026,OK,40033,Cotton County,2026-09-23,41,1,,1,,0,1,0,0,1,ok-seb,2026-09-23T04:34:25+00:00
2026,OK,40033,Cotton County,2026-09-24,40,1,,1,,0,1,0,0,1,ok-seb,2026-09-24T00:14:04+00:00
2026,OK,40035,Craig County,2026-09-12,52,0,,0,,0,0,0,0,1,ok-seb,2026-09-12T03:07:18+00:00
2026,OK,40035,Craig County,2026-09-13,51,0,,0,,0,0,0,0,1,ok-seb,2026-09-13T03:09:07+00:00
2026,OK,40035,Craig County,2026-09-14,50,0,,0,,0,0,0,0,1,ok-seb,2026-09-14T03:22:15+00:00
2026,OK,40035,Craig County,2026-09-15,49,0,,0,,0,0,0,0,1,ok-seb,2026-09-15T00:16:58+00:00
2026,OK,40035,Craig County,2026-09-16,48,0,,0,,0,0,0,0,1,ok-seb,2026-09-16T04:08:20+00:00
2026,OK,40035,Craig County,2026-09-17,47,0,,0,,0,0,0,0,1,ok-seb,2026-09-17T00:04:50+00:00
2026,OK,40035,Craig County,2026-09-18,46,0,,0,,0,0,0,0,1,ok-seb,2026-09-18T03:11:44+00:00
2026,OK,40035,Craig County,2026-09-19,45,0,,0,,0,0,0,0,1,ok-seb,2026-09-19T03:08:05+00:00
2026,OK,40035,Craig County,2026-09-20,44,0,,0,,0,0,0,0,1,ok-seb,2026-09-20T03:24:24+00:00
2026,OK,40035,Craig County,2026-09-21,43,0,,0,,0,0,0,0,1,ok-seb,2026-09-21T03:19:32+00:00
2026,OK,40035,Craig County,2026-09-22,42,0,,0,,0,0,0,0,1,ok-seb,2026-09-22T00:36:05+00:00
2026,OK,40035,Craig County,2026-09-23,41,0,,0,,0,0,0,0,1,ok-seb,2026-09-23T04:34:25+00:00
2026,OK,40035,Craig County,2026-09-24,40,2,,2,,1,1,0,0,1,ok-seb,2026-09-24T07:11:28+00:00
2026,OK,40037,Creek County,2026-09-15,49,0,,0,,0,0,0,0,1,ok-seb,2026-09-15T07:11:19+00:00
2026,OK,40037,Creek County,2026-09-16,48,0,,0,,0,0,0,0,1,ok-seb,2026-09-16T04:08:20+00:00
2026,OK,40037,Creek County,2026-09-17,47,0,,0,,0,0,0,0,1,ok-seb,2026-09-17T00:04:50+00:00
2026,OK,40037,Creek County,2026-09-18,46,0,,0,,0,0,0,0,1,ok-seb,2026-09-18T03:11:44+00:00
2026,OK,40037,Creek County,2026-09-19,45,0,,0,,0,0,0,0,1,ok-seb,2026-09-19T03:08:05+00:00
2026,OK,40037,Creek County,2026-09-20,44,0,,0,,0,0,0,0,1,ok-seb,2026-09-20T03:24:24+00:00
2026,OK,40037,Creek County,2026-09-21,43,0,,0,,0,0,0,0,1,ok-seb,2026-09-21T03:19:32+00:00
2026,OK,40037,Creek County,2026-09-22,42,6,,6,,3,2,0,1,1,ok-seb,2026-09-22T20:56:46+00:00
2026,OK,40037,Creek County,2026-09-23,41,6,,6,,3,2,0,1,1,ok-seb,2026-09-23T04:34:25+00:00
2026,OK,40037,Creek County,2026-09-24,40,15,,15,,9,4,0,2,1,ok-seb,2026-09-24T07:11:28+00:00
2026,OK,40039,Custer County,2026-09-12,52,0,,0,,0,0,0,0,1,ok-seb,2026-09-12T03:07:18+00:00
2026,OK,40039,Custer County,2026-09-13,51,0,,0,,0,0,0,0,1,ok-seb,2026-09-13T03:09:07+00:00
2026,OK,40039,Custer County,2026-09-14,50,0,,0,,0,0,0,0,1,ok-seb,2026-09-14T03:22:15+00:00
2026,OK,40039,Custer County,2026-09-15,49,0,,0,,0,0,0,0,1,ok-seb,2026-09-15T00:16:58+00:00
2026,OK,40039,Custer County,2026-09-16,48,0,,0,,0,0,0,0,1,ok-seb,2026-09-16T04:08:20+00:00
2026,OK,40039,Custer County,2026-09-17,47,0,,0,,0,0,0,0,1,ok-seb,2026-09-17T00:04:50+00:00
2026,OK,40039,Custer County,2026-09-18,46,0,,0,,0,0,0,0,1,ok-seb,2026-09-18T03:11:44+00:00
2026,OK,40039,Custer County,2026-09-19,45,0,,0,,0,0,0,0,1,ok-seb,2026-09-19T03:08:05+00:00
2026,OK,40039,Custer County,2026-09-20,44,0,,0,,0,0,0,0,1,ok-seb,2026-09-20T03:24:24+00:00
2026,OK,40039,Custer County,2026-09-21,43,0,,0,,0,0,0,0,1,ok-seb,2026-09-21T03:19:32+00:00
2026,OK,40039,Custer County,2026-09-22,42,3,,3,,2,1,0,0,1,ok-seb,2026-09-22T07:18:19+00:00
2026,OK,40039,Custer County,2026-09-23,41,3,,3,,2,1,0,0,1,ok-seb,2026-09-23T04:34:25+00:00
2026,OK,40039,Custer County,2026-09-24,40,5,,5,,3,2,0,0,1,ok-seb,2026-09-24T07:11:28+00:00
2026,OK,40041,Delaware County,2026-09-12,52,0,,0,,0,0,0,0,1,ok-seb,2026-09-12T03:07:18+00:00
2026,OK,40041,Delaware County,2026-09-13,51,0,,0,,0,0,0,0,1,ok-seb,2026-09-13T03:09:07+00:00
2026,OK,40041,Delaware County,2026-09-14,50,0,,0,,0,0,0,0,1,ok-seb,2026-09-14T03:22:15+00:00
2026,OK,40041,Delaware County,2026-09-15,49,0,,0,,0,0,0,0,1,ok-seb,2026-09-15T00:16:58+00:00
2026,OK,40041,Delaware County,2026-09-16,48,0,,0,,0,0,0,0,1,ok-seb,2026-09-16T04:08:20+00:00
2026,OK,40041,Delaware County,2026-09-17,47,0,,0,,0,0,0,0,1,ok-seb,2026-09-17T00:04:50+00:00
2026,OK,40041,Delaware County,2026-09-18,46,9,,9,,4,4,0,1,1,ok-seb,2026-09-18T03:11:44+00:00
2026,OK,40041,Delaware County,2026-09-19,45,19,,19,,8,9,0,2,1,ok-seb,2026-09-19T03:08:05+00:00
2026,OK,40041,Delaware County,2026-09-20,44,19,,19,,8,9,0,2,1,ok-seb,2026-09-20T03:24:24+00:00
2026,OK,40041,Delaware County,2026-09-21,43,19,,19,,8,9,0,2,1,ok-seb,2026-09-21T03:19:32+00:00
2026,OK,40041,Delaware County,2026-09-22,42,25,,25,,12,11,0,2,1,ok-seb,2026-09-22T20:56:46+00:00
2026,OK,40041,Delaware County,2026-09-23,41,25,,25,,12,11,0,2,1,ok-seb,2026-09-23T04:34:25+00:00
2026,OK,40041,Delaware County,2026-09-24,40,30,,30,,13,14,0,3,1,ok-seb,2026-09-24T07:11:28+00:00
2026,OK,40043,Dewey County,2026-09-12,52,0,,0,,0,0,0,0,1,ok-seb,2026-09-12T03:07:18+00:00
2026,OK,40043,Dewey County,2026-09-13,51,0,,0,,0,0,0,0,1,ok-seb,2026-09-13T03:09:07+00:00
2026,OK,40043,Dewey County,2026-09-14,50,0,,0,,0,0,0,0,1,ok-seb,2026-09-14T03:22:15+00:00
2026,OK,40043,Dewey County,2026-09-15,49,0,,0,,0,0,0,0,1,ok-seb,2026-09-15T00:16:58+00:00
2026,OK,40043,Dewey County,2026-09-16,48,0,,0,,0,0,0,0,1,ok-seb,2026-09-16T04:08:20+00:00
2026,OK,40043,Dewey County,2026-09-17,47,0,,0,,0,0,0,0,1,ok-seb,2026-09-17T00:04:50+00:00
2026,OK,40043,Dewey County,2026-09-18,46,0,,0,,0,0,0,0,1,ok-seb,2026-09-18T03:11:44+00:00
2026,OK,40043,Dewey County,2026-09-19,45,0,,0,,0,0,0,0,1,ok-seb,2026-09-19T03:08:05+00:00
2026,OK,40043,Dewey County,2026-09-20,44,0,,0,,0,0,0,0,1,ok-seb,2026-09-20T03:24:24+00:00
2026,OK,40043,Dewey County,2026-09-21,43,0,,0,,0,0,0,0,1,ok-seb,2026-09-21T03:19:32+00:00
2026,OK,40043,Dewey County,2026-09-22,42,1,,1,,0,1,0,0,1,ok-seb,2026-09-22T07:18:19+00:00
2026,OK,40043,Dewey County,2026-09-23,41,1,,1,,0,1,0,0,1,ok-seb,2026-09-23T04:34:25+00:00
2026,OK,40043,Dewey County,2026-09-24,40,1,,1,,0,1,0,0,1,ok-seb,2026-09-24T00:14:04+00:00
2026,OK,40045,Ellis County,2026-09-12,52,0,,0,,0,0,0,0,1,ok-seb,2026-09-12T03:07:18+00:00
2026,OK,40045,Ellis County,2026-09-13,51,0,,0,,0,0,0,0,1,ok-seb,2026-09-13T03:09:07+00:00
2026,OK,40045,Ellis County,2026-09-14,50,0,,0,,0,0,0,0,1,ok-seb,2026-09-14T03:22:15+00:00
2026,OK,40045,Ellis County,2026-09-15,49,0,,0,,0,0,0,0,1,ok-seb,2026-09-15T00:16:58+00:00
2026,OK,40045,Ellis County,2026-09-16,48,0,,0,,0,0,0,0,1,ok-seb,2026-09-16T04:08:20+00:00
2026,OK,40045,Ellis County,2026-09-17,47,0,,0,,0,0,0,0,1,ok-seb,2026-09-17T00:04:50+00:00
2026,OK,40045,Ellis County,2026-09-18,46,0,,0,,0,0,0,0,1,ok-seb,2026-09-18T03:11:44+00:00
2026,OK,40045,Ellis County,2026-09-19,45,0,,0,,0,0,0,0,1,ok-seb,2026-09-19T03:08:05+00:00
2026,OK,40045,Ellis County,2026-09-20,44,0,,0,,0,0,0,0,1,ok-seb,2026-09-20T03:24:24+00:00
2026,OK,40045,Ellis County,2026-09-21,43,0,,0,,0,0,0,0,1,ok-seb,2026-09-21T03:19:32+00:00
2026,OK,40045,Ellis County,2026-09-22,42,2,,2,,1,1,0,0,1,ok-seb,2026-09-22T07:18:19+00:00
2026,OK,40045,Ellis County,2026-09-23,41,2,,2,,1,1,0,0,1,ok-seb,2026-09-23T04:34:25+00:00
2026,OK,40045,Ellis County,2026-09-24,40,4,,4,,2,2,0,0,1,ok-seb,2026-09-24T07:11:28+00:00
2026,OK,40047,Garfield County,2026-09-12,52,2,,2,,0,0,0,2,1,ok-seb,2026-09-12T03:07:18+00:00
2026,OK,40047,Garfield County,2026-09-13,51,2,,2,,0,0,0,2,1,ok-seb,2026-09-13T03:09:07+00:00
2026,OK,40047,Garfield County,2026-09-14,50,2,,2,,0,0,0,2,1,ok-seb,2026-09-14T03:22:15+00:00
2026,OK,40047,Garfield County,2026-09-15,49,4,,4,,0,2,0,2,1,ok-seb,2026-09-15T07:11:19+00:00
2026,OK,40047,Garfield County,2026-09-16,48,8,,8,,3,3,0,2,1,ok-seb,2026-09-16T04:08:20+00:00
2026,OK,40047,Garfield County,2026-09-17,47,14,,14,,4,8,0,2,1,ok-seb,2026-09-17T05:45:46+00:00
2026,OK,40047,Garfield County,2026-09-18,46,19,,19,,6,10,0,3,1,ok-seb,2026-09-18T03:11:44+00:00
2026,OK,40047,Garfield County,2026-09-19,45,21,,21,,6,12,0,3,1,ok-seb,2026-09-19T03:08:05+00:00
2026,OK,40047,Garfield County,2026-09-20,44,21,,21,,6,12,0,3,1,ok-seb,2026-09-20T03:24:24+00:00
2026,OK,40047,Garfield County,2026-09-21,43,21,,21,,6,12,0,3,1,ok-seb,2026-09-21T03:19:32+00:00
2026,OK,40047,Garfield County,2026-09-22,42,34,,34,,11,20,0,3,1,ok-seb,2026-09-22T20:56:46+00:00
2026,OK,40047,Garfield County,2026-09-23,41,34,,34,,11,20,0,3,1,ok-seb,2026-09-23T04:34:25+00:00
2026,OK,40047,Garfield County,2026-09-24,40,39,,39,,12,23,0,4,1,ok-seb,2026-09-24T07:11:28+00:00
2026,OK,40049,Garvin County,2026-09-12,52,0,,0,,0,0,0,0,1,ok-seb,2026-09-12T03:07:18+00:00
2026,OK,40049,Garvin County,2026-09-13,51,0,,0,,0,0,0,0,1,ok-seb,2026-09-13T03:09:07+00:00
2026,OK,40049,Garvin County,2026-09-14,50,0,,0,,0,0,0,0,1,ok-seb,2026-09-14T03:22:15+00:00
2026,OK,40049,Garvin County,2026-09-15,49,0,,0,,0,0,0,0,1,ok-seb,2026-09-15T00:16:58+00:00
2026,OK,40049,Garvin County,2026-09-16,48,1,,1,,0,1,0,0,1,ok-seb,2026-09-16T04:08:20+00:00
2026,OK,40049,Garvin County,2026-09-17,47,2,,2,,0,2,0,0,1,ok-seb,2026-09-17T05:45:46+00:00
2026,OK,40049,Garvin County,2026-09-18,46,2,,2,,0,2,0,0,1,ok-seb,2026-09-18T03:11:44+00:00
2026,OK,40049,Garvin County,2026-09-19,45,6,,6,,2,4,0,0,1,ok-seb,2026-09-19T03:08:05+00:00
2026,OK,40049,Garvin County,2026-09-20,44,6,,6,,2,4,0,0,1,ok-seb,2026-09-20T03:24:24+00:00
2026,OK,40049,Garvin County,2026-09-21,43,6,,6,,2,4,0,0,1,ok-seb,2026-09-21T03:19:32+00:00
2026,OK,40049,Garvin County,2026-09-22,42,12,,12,,8,4,0,0,1,ok-seb,2026-09-22T20:56:46+00:00
2026,OK,40049,Garvin County,2026-09-23,41,13,,13,,8,5,0,0,1,ok-seb,2026-09-23T04:34:25+00:00
2026,OK,40049,Garvin County,2026-09-24,40,16,,16,,8,8,0,0,1,ok-seb,2026-09-24T07:11:28+00:00
2026,OK,40051,Grady County,2026-09-12,52,0,,0,,0,0,0,0,1,ok-seb,2026-09-12T03:07:18+00:00
2026,OK,40051,Grady County,2026-09-13,51,0,,0,,0,0,0,0,1,ok-seb,2026-09-13T03:09:07+00:00
2026,OK,40051,Grady County,2026-09-14,50,0,,0,,0,0,0,0,1,ok-seb,2026-09-14T03:22:15+00:00
2026,OK,40051,Grady County,2026-09-15,49,0,,0,,0,0,0,0,1,ok-seb,2026-09-15T00:16:58+00:00
2026,OK,40051,Grady County,2026-09-16,48,0,,0,,0,0,0,0,1,ok-seb,2026-09-16T04:08:20+00:00
2026,OK,40051,Grady County,2026-09-17,47,0,,0,,0,0,0,0,1,ok-seb,2026-09-17T00:04:50+00:00
2026,OK,40051,Grady County,2026-09-18,46,0,,0,,0,0,0,0,1,ok-seb,2026-09-18T03:11:44+00:00
2026,OK,40051,Grady County,2026-09-19,45,0,,0,,0,0,0,0,1,ok-seb,2026-09-19T03:08:05+00:00
2026,OK,40051,Grady County,2026-09-20,44,0,,0,,0,0,0,0,1,ok-seb,2026-09-20T03:24:24+00:00
2026,OK,40051,Grady County,2026-09-21,43,0,,0,,0,0,0,0,1,ok-seb,2026-09-21T03:19:32+00:00
2026,OK,40051,Grady County,2026-09-22,42,4,,4,,2,2,0,0,1,ok-seb,2026-09-22T07:18:19+00:00
2026,OK,40051,Grady County,2026-09-23,41,4,,4,,2,2,0,0,1,ok-seb,2026-09-23T04:34:25+00:00
2026,OK,40051,Grady County,2026-09-24,40,6,,6,,3,2,0,1,1,ok-seb,2026-09-24T07:11:28+00:00
2026,OK,40053,Grant County,2026-09-12,52,0,,0,,0,0,0,0,1,ok-seb,2026-09-12T03:07:18+00:00
2026,OK,40053,Grant County,2026-09-13,51,0,,0,,0,0,0,0,1,ok-seb,2026-09-13T03:09:07+00:00
2026,OK,40053,Grant County,2026-09-14,50,0,,0,,0,0,0,0,1,ok-seb,2026-09-14T03:22:15+00:00
2026,OK,40053,Grant County,2026-09-15,49,0,,0,,0,0,0,0,1,ok-seb,2026-09-15T00:16:58+00:00
2026,OK,40053,Grant County,2026-09-16,48,0,,0,,0,0,0,0,1,ok-seb,2026-09-16T04:08:20+00:00
2026,OK,40053,Grant County,2026-09-17,47,0,,0,,0,0,0,0,1,ok-seb,2026-09-17T00:04:50+00:00
2026,OK,40053,Grant County,2026-09-18,46,0,,0,,0,0,0,0,1,ok-seb,2026-09-18T03:11:44+00:00
2026,OK,40053,Grant County,2026-09-19,45,0,,0,,0,0,0,0,1,ok-seb,2026-09-19T03:08:05+00:00
2026,OK,40053,Grant County,2026-09-20,44,0,,0,,0,0,0,0,1,ok-seb,2026-09-20T03:24:24+00:00
2026,OK,40053,Grant County,2026-09-21,43,0,,0,,0,0,0,0,1,ok-seb,2026-09-21T03:19:32+00:00
2026,OK,40053,Grant County,2026-09-22,42,0,,0,,0,0,0,0,1,ok-seb,2026-09-22T00:36:05+00:00
2026,OK,40053,Grant County,2026-09-23,41,0,,0,,0,0,0,0,1,ok-seb,2026-09-23T04:34:25+00:00
2026,OK,40053,Grant County,2026-09-24,40,0,,0,,0,0,0,0,1,ok-seb,2026-09-24T00:14:04+00:00
2026,OK,40055,Greer County,2026-09-12,52,0,,0,,0,0,0,0,1,ok-seb,2026-09-12T03:07:18+00:00
2026,OK,40055,Greer County,2026-09-13,51,0,,0,,0,0,0,0,1,ok-seb,2026-09-13T03:09:07+00:00
2026,OK,40055,Greer County,2026-09-14,50,0,,0,,0,0,0,0,1,ok-seb,2026-09-14T03:22:15+00:00
2026,OK,40055,Greer County,2026-09-15,49,0,,0,,0,0,0,0,1,ok-seb,2026-09-15T00:16:58+00:00
2026,OK,40055,Greer County,2026-09-16,48,0,,0,,0,0,0,0,1,ok-seb,2026-09-16T04:08:20+00:00
2026,OK,40055,Greer County,2026-09-17,47,0,,0,,0,0,0,0,1,ok-seb,2026-09-17T00:04:50+00:00
2026,OK,40055,Greer County,2026-09-18,46,0,,0,,0,0,0,0,1,ok-seb,2026-09-18T03:11:44+00:00
2026,OK,40055,Greer County,2026-09-19,45,0,,0,,0,0,0,0,1,ok-seb,2026-09-19T03:08:05+00:00
2026,OK,40055,Greer County,2026-09-20,44,0,,0,,0,0,0,0,1,ok-seb,2026-09-20T03:24:24+00:00
2026,OK,40055,Greer County,2026-09-21,43,0,,0,,0,0,0,0,1,ok-seb,2026-09-21T03:19:32+00:00
2026,OK,40055,Greer County,2026-09-22,42,0,,0,,0,0,0,0,1,ok-seb,2026-09-22T00:36:05+00:00
2026,OK,40055,Greer County,2026-09-23,41,0,,0,,0,0,0,0,1,ok-seb,2026-09-23T04:34:25+00:00
2026,OK,40055,Greer County,2026-09-24,40,0,,0,,0,0,0,0,1,ok-seb,2026-09-24T00:14:04+00:00
2026,OK,40057,Harmon County,2026-09-12,52,0,,0,,0,0,0,0,1,ok-seb,2026-09-12T03:07:18+00:00
2026,OK,40057,Harmon County,2026-09-13,51,0,,0,,0,0,0,0,1,ok-seb,2026-09-13T03:09:07+00:00
2026,OK,40057,Harmon County,2026-09-14,50,0,,0,,0,0,0,0,1,ok-seb,2026-09-14T03:22:15+00:00
2026,OK,40057,Harmon County,2026-09-15,49,0,,0,,0,0,0,0,1,ok-seb,2026-09-15T00:16:58+00:00
2026,OK,40057,Harmon County,2026-09-16,48,0,,0,,0,0,0,0,1,ok-seb,2026-09-16T04:08:20+00:00
2026,OK,40057,Harmon County,2026-09-17,47,0,,0,,0,0,0,0,1,ok-seb,2026-09-17T00:04:50+00:00
2026,OK,40057,Harmon County,2026-09-18,46,0,,0,,0,0,0,0,1,ok-seb,2026-09-18T03:11:44+00:00
2026,OK,40057,Harmon County,2026-09-19,45,0,,0,,0,0,0,0,1,ok-seb,2026-09-19T03:08:05+00:00
2026,OK,40057,Harmon County,2026-09-20,44,0,,0,,0,0,0,0,1,ok-seb,2026-09-20T03:24:24+00:00
2026,OK,40057,Harmon County,2026-09-21,43,0,,0,,0,0,0,0,1,ok-seb,2026-09-21T03:19:32+00:00
2026,OK,40057,Harmon County,2026-09-22,42,0,,0,,0,0,0,0,1,ok-seb,2026-09-22T00:36:05+00:00
2026,OK,40057,Harmon County,2026-09-23,41,0,,0,,0,0,0,0,1,ok-seb,2026-09-23T04:34:25+00:00
2026,OK,40057,Harmon County,2026-09-24,40,0,,0,,0,0,0,0,1,ok-seb,2026-09-24T00:14:04+00:00
2026,OK,40059,Harper County,2026-09-12,52,0,,0,,0,0,0,0,1,ok-seb,2026-09-12T03:07:18+00:00
2026,OK,40059,Harper County,2026-09-13,51,0,,0,,0,0,0,0,1,ok-seb,2026-09-13T03:09:07+00:00
2026,OK,40059,Harper County,2026-09-14,50,0,,0,,0,0,0,0,1,ok-seb,2026-09-14T03:22:15+00:00
2026,OK,40059,Harper County,2026-09-15,49,0,,0,,0,0,0,0,1,ok-seb,2026-09-15T00:16:58+00:00
2026,OK,40059,Harper County,2026-09-16,48,0,,0,,0,0,0,0,1,ok-seb,2026-09-16T04:08:20+00:00
2026,OK,40059,Harper County,2026-09-17,47,0,,0,,0,0,0,0,1,ok-seb,2026-09-17T00:04:50+00:00
2026,OK,40059,Harper County,2026-09-18,46,0,,0,,0,0,0,0,1,ok-seb,2026-09-18T03:11:44+00:00
2026,OK,40059,Harper County,2026-09-19,45,1,,1,,1,0,0,0,1,ok-seb,2026-09-19T03:08:05+00:00
2026,OK,40059,Harper County,2026-09-20,44,1,,1,,1,0,0,0,1,ok-seb,2026-09-20T03:24:24+00:00
2026,OK,40059,Harper County,2026-09-21,43,1,,1,,1,0,0,0,1,ok-seb,2026-09-21T03:19:32+00:00
2026,OK,40059,Harper County,2026-09-22,42,1,,1,,1,0,0,0,1,ok-seb,2026-09-22T00:36:05+00:00
2026,OK,40059,Harper County,2026-09-23,41,1,,1,,1,0,0,0,1,ok-seb,2026-09-23T04:34:25+00:00
2026,OK,40059,Harper County,2026-09-24,40,1,,1,,1,0,0,0,1,ok-seb,2026-09-24T00:14:04+00:00
2026,OK,40061,Haskell County,2026-09-12,52,0,,0,,0,0,0,0,1,ok-seb,2026-09-12T03:07:18+00:00
2026,OK,40061,Haskell County,2026-09-13,51,0,,0,,0,0,0,0,1,ok-seb,2026-09-13T03:09:07+00:00
2026,OK,40061,Haskell County,2026-09-14,50,0,,0,,0,0,0,0,1,ok-seb,2026-09-14T03:22:15+00:00
2026,OK,40061,Haskell County,2026-09-15,49,0,,0,,0,0,0,0,1,ok-seb,2026-09-15T00:16:58+00:00
2026,OK,40061,Haskell County,2026-09-16,48,0,,0,,0,0,0,0,1,ok-seb,2026-09-16T04:08:20+00:00
2026,OK,40061,Haskell County,2026-09-17,47,0,,0,,0,0,0,0,1,ok-seb,2026-09-17T00:04:50+00:00
2026,OK,40061,Haskell County,2026-09-18,46,0,,0,,0,0,0,0,1,ok-seb,2026-09-18T03:11:44+00:00
2026,OK,40061,Haskell County,2026-09-19,45,0,,0,,0,0,0,0,1,ok-seb,2026-09-19T03:08:05+00:00
2026,OK,40061,Haskell County,2026-09-20,44,0,,0,,0,0,0,0,1,ok-seb,2026-09-20T03:24:24+00:00
2026,OK,40061,Haskell County,2026-09-21,43,0,,0,,0,0,0,0,1,ok-seb,2026-09-21T03:19:32+00:00
2026,OK,40061,Haskell County,2026-09-22,42,0,,0,,0,0,0,0,1,ok-seb,2026-09-22T00:36:05+00:00
2026,OK,40061,Haskell County,2026-09-23,41,1,,1,,1,0,0,0,1,ok-seb,2026-09-23T04:34:25+00:00
2026,OK,40061,Haskell County,2026-09-24,40,2,,2,,2,0,0,0,1,ok-seb,2026-09-24T07:11:28+00:00
2026,OK,40063,Hughes County,2026-09-12,52,0,,0,,0,0,0,0,1,ok-seb,2026-09-12T03:07:18+00:00
2026,OK,40063,Hughes County,2026-09-13,51,0,,0,,0,0,0,0,1,ok-seb,2026-09-13T03:09:07+00:00
2026,OK,40063,Hughes County,2026-09-14,50,0,,0,,0,0,0,0,1,ok-seb,2026-09-14T03:22:15+00:00
2026,OK,40063,Hughes County,2026-09-15,49,0,,0,,0,0,0,0,1,ok-seb,2026-09-15T00:16:58+00:00
2026,OK,40063,Hughes County,2026-09-16,48,0,,0,,0,0,0,0,1,ok-seb,2026-09-16T04:08:20+00:00
2026,OK,40063,Hughes County,2026-09-17,47,0,,0,,0,0,0,0,1,ok-seb,2026-09-17T00:04:50+00:00
2026,OK,40063,Hughes County,2026-09-18,46,0,,0,,0,0,0,0,1,ok-seb,2026-09-18T03:11:44+00:00
2026,OK,40063,Hughes County,2026-09-19,45,0,,0,,0,0,0,0,1,ok-seb,2026-09-19T03:08:05+00:00
2026,OK,40063,Hughes County,2026-09-20,44,0,,0,,0,0,0,0,1,ok-seb,2026-09-20T03:24:24+00:00
2026,OK,40063,Hughes County,2026-09-21,43,0,,0,,0,0,0,0,1,ok-seb,2026-09-21T03:19:32+00:00
2026,OK,40063,Hughes County,2026-09-22,42,2,,2,,1,1,0,0,1,ok-seb,2026-09-22T20:56:46+00:00
2026,OK,40063,Hughes County,2026-09-23,41,2,,2,,1,1,0,0,1,ok-seb,2026-09-23T04:34:25+00:00
2026,OK,40063,Hughes County,2026-09-24,40,2,,2,,1,1,0,0,1,ok-seb,2026-09-24T00:14:04+00:00
2026,OK,40065,Jackson County,2026-09-12,52,0,,0,,0,0,0,0,1,ok-seb,2026-09-12T03:07:18+00:00
2026,OK,40065,Jackson County,2026-09-13,51,0,,0,,0,0,0,0,1,ok-seb,2026-09-13T03:09:07+00:00
2026,OK,40065,Jackson County,2026-09-14,50,0,,0,,0,0,0,0,1,ok-seb,2026-09-14T03:22:15+00:00
2026,OK,40065,Jackson County,2026-09-15,49,0,,0,,0,0,0,0,1,ok-seb,2026-09-15T00:16:58+00:00
2026,OK,40065,Jackson County,2026-09-16,48,0,,0,,0,0,0,0,1,ok-seb,2026-09-16T04:08:20+00:00
2026,OK,40065,Jackson County,2026-09-17,47,1,,1,,1,0,0,0,1,ok-seb,2026-09-17T05:45:46+00:00
2026,OK,40065,Jackson County,2026-09-18,46,1,,1,,1,0,0,0,1,ok-seb,2026-09-18T03:11:44+00:00
2026,OK,40065,Jackson County,2026-09-19,45,1,,1,,1,0,0,0,1,ok-seb,2026-09-19T03:08:05+00:00
2026,OK,40065,Jackson County,2026-09-20,44,1,,1,,1,0,0,0,1,ok-seb,2026-09-20T03:24:24+00:00
2026,OK,40065,Jackson County,2026-09-21,43,1,,1,,1,0,0,0,1,ok-seb,2026-09-21T03:19:32+00:00
2026,OK,40065,Jackson County,2026-09-22,42,2,,2,,2,0,0,0,1,ok-seb,2026-09-22T07:18:19+00:00
2026,OK,40065,Jackson County,2026-09-23,41,5,,5,,3,2,0,0,1,ok-seb,2026-09-23T04:34:25+00:00
2026,OK,40065,Jackson County,2026-09-24,40,8,,8,,4,4,0,0,1,ok-seb,2026-09-24T07:11:28+00:00
2026,OK,40067,Jefferson County,2026-09-12,52,0,,0,,0,0,0,0,1,ok-seb,2026-09-12T03:07:18+00:00
2026,OK,40067,Jefferson County,2026-09-13,51,0,,0,,0,0,0,0,1,ok-seb,2026-09-13T03:09:07+00:00
2026,OK,40067,Jefferson County,2026-09-14,50,0,,0,,0,0,0,0,1,ok-seb,2026-09-14T03:22:15+00:00
2026,OK,40067,Jefferson County,2026-09-15,49,0,,0,,0,0,0,0,1,ok-seb,2026-09-15T00:16:58+00:00
2026,OK,40067,Jefferson County,2026-09-16,48,0,,0,,0,0,0,0,1,ok-seb,2026-09-16T04:08:20+00:00
2026,OK,40067,Jefferson County,2026-09-17,47,0,,0,,0,0,0,0,1,ok-seb,2026-09-17T00:04:50+00:00
2026,OK,40067,Jefferson County,2026-09-18,46,0,,0,,0,0,0,0,1,ok-seb,2026-09-18T03:11:44+00:00
2026,OK,40067,Jefferson County,2026-09-19,45,0,,0,,0,0,0,0,1,ok-seb,2026-09-19T03:08:05+00:00
2026,OK,40067,Jefferson County,2026-09-20,44,0,,0,,0,0,0,0,1,ok-seb,2026-09-20T03:24:24+00:00
2026,OK,40067,Jefferson County,2026-09-21,43,0,,0,,0,0,0,0,1,ok-seb,2026-09-21T03:19:32+00:00
2026,OK,40067,Jefferson County,2026-09-22,42,0,,0,,0,0,0,0,1,ok-seb,2026-09-22T00:36:05+00:00
2026,OK,40067,Jefferson County,2026-09-23,41,0,,0,,0,0,0,0,1,ok-seb,2026-09-23T04:34:25+00:00
2026,OK,40067,Jefferson County,2026-09-24,40,0,,0,,0,0,0,0,1,ok-seb,2026-09-24T00:14:04+00:00
2026,OK,40069,Johnston County,2026-09-12,52,0,,0,,0,0,0,0,1,ok-seb,2026-09-12T03:07:18+00:00
2026,OK,40069,Johnston County,2026-09-13,51,0,,0,,0,0,0,0,1,ok-seb,2026-09-13T03:09:07+00:00
2026,OK,40069,Johnston County,2026-09-14,50,0,,0,,0,0,0,0,1,ok-seb,2026-09-14T03:22:15+00:00
2026,OK,40069,Johnston County,2026-09-15,49,0,,0,,0,0,0,0,1,ok-seb,2026-09-15T00:16:58+00:00
2026,OK,40069,Johnston County,2026-09-16,48,0,,0,,0,0,0,0,1,ok-seb,2026-09-16T04:08:20+00:00
2026,OK,40069,Johnston County,2026-09-17,47,2,,2,,0,2,0,0,1,ok-seb,2026-09-17T05:45:46+00:00
2026,OK,40069,Johnston County,2026-09-18,46,2,,2,,0,2,0,0,1,ok-seb,2026-09-18T03:11:44+00:00
2026,OK,40069,Johnston County,2026-09-19,45,2,,2,,0,2,0,0,1,ok-seb,2026-09-19T03:08:05+00:00
2026,OK,40069,Johnston County,2026-09-20,44,2,,2,,0,2,0,0,1,ok-seb,2026-09-20T03:24:24+00:00
2026,OK,40069,Johnston County,2026-09-21,43,2,,2,,0,2,0,0,1,ok-seb,2026-09-21T03:19:32+00:00
2026,OK,40069,Johnston County,2026-09-22,42,2,,2,,0,2,0,0,1,ok-seb,2026-09-22T00:36:05+00:00
2026,OK,40069,Johnston County,2026-09-23,41,2,,2,,0,2,0,0,1,ok-seb,2026-09-23T04:34:25+00:00
2026,OK,40069,Johnston County,2026-09-24,40,2,,2,,0,2,0,0,1,ok-seb,2026-09-24T00:14:04+00:00
2026,OK,40071,Kay County,2026-09-12,52,0,,0,,0,0,0,0,1,ok-seb,2026-09-12T03:07:18+00:00
2026,OK,40071,Kay County,2026-09-13,51,0,,0,,0,0,0,0,1,ok-seb,2026-09-13T03:09:07+00:00
2026,OK,40071,Kay County,2026-09-14,50,0,,0,,0,0,0,0,1,ok-seb,2026-09-14T03:22:15+00:00
2026,OK,40071,Kay County,2026-09-15,49,0,,0,,0,0,0,0,1,ok-seb,2026-09-15T00:16:58+00:00
2026,OK,40071,Kay County,2026-09-16,48,2,,2,,0,0,0,2,1,ok-seb,2026-09-16T04:08:20+00:00
2026,OK,40071,Kay County,2026-09-17,47,2,,2,,0,0,0,2,1,ok-seb,2026-09-17T00:04:50+00:00
2026,OK,40071,Kay County,2026-09-18,46,10,,10,,3,5,0,2,1,ok-seb,2026-09-18T03:11:44+00:00
2026,OK,40071,Kay County,2026-09-19,45,10,,10,,3,5,0,2,1,ok-seb,2026-09-19T03:08:05+00:00
2026,OK,40071,Kay County,2026-09-20,44,10,,10,,3,5,0,2,1,ok-seb,2026-09-20T03:24:24+00:00
2026,OK,40071,Kay County,2026-09-21,43,10,,10,,3,5,0,2,1,ok-seb,2026-09-21T03:19:32+00:00
2026,OK,40071,Kay County,2026-09-22,42,17,,17,,6,8,0,3,1,ok-seb,2026-09-22T20:56:46+00:00
2026,OK,40071,Kay County,2026-09-23,41,19,,19,,8,8,0,3,1,ok-seb,2026-09-23T04:34:25+00:00
2026,OK,40071,Kay County,2026-09-24,40,21,,21,,8,9,0,4,1,ok-seb,2026-09-24T07:11:28+00:00
2026,OK,40073,Kingfisher County,2026-09-12,52,0,,0,,0,0,0,0,1,ok-seb,2026-09-12T03:07:18+00:00
2026,OK,40073,Kingfisher County,2026-09-13,51,0,,0,,0,0,0,0,1,ok-seb,2026-09-13T03:09:07+00:00
2026,OK,40073,Kingfisher County,2026-09-14,50,0,,0,,0,0,0,0,1,ok-seb,2026-09-14T03:22:15+00:00
2026,OK,40073,Kingfisher County,2026-09-15,49,0,,0,,0,0,0,0,1,ok-seb,2026-09-15T00:16:58+00:00
2026,OK,40073,Kingfisher County,2026-09-16,48,0,,0,,0,0,0,0,1,ok-seb,2026-09-16T04:08:20+00:00
2026,OK,40073,Kingfisher County,2026-09-17,47,0,,0,,0,0,0,0,1,ok-seb,2026-09-17T00:04:50+00:00
2026,OK,40073,Kingfisher County,2026-09-18,46,0,,0,,0,0,0,0,1,ok-seb,2026-09-18T03:11:44+00:00
2026,OK,40073,Kingfisher County,2026-09-19,45,0,,0,,0,0,0,0,1,ok-seb,2026-09-19T03:08:05+00:00
2026,OK,40073,Kingfisher County,2026-09-20,44,0,,0,,0,0,0,0,1,ok-seb,2026-09-20T03:24:24+00:00
2026,OK,40073,Kingfisher County,2026-09-21,43,0,,0,,0,0,0,0,1,ok-seb,2026-09-21T03:19:32+00:00
2026,OK,40073,Kingfisher County,2026-09-22,42,2,,2,,0,2,0,0,1,ok-seb,2026-09-22T20:56:46+00:00
2026,OK,40073,Kingfisher County,2026-09-23,41,2,,2,,0,2,0,0,1,ok-seb,2026-09-23T04:34:25+00:00
2026,OK,40073,Kingfisher County,2026-09-24,40,2,,2,,0,2,0,0,1,ok-seb,2026-09-24T00:14:04+00:00
2026,OK,40075,Kiowa County,2026-09-15,49,0,,0,,0,0,0,0,1,ok-seb,2026-09-15T07:11:19+00:00
2026,OK,40075,Kiowa County,2026-09-16,48,0,,0,,0,0,0,0,1,ok-seb,2026-09-16T04:08:20+00:00
2026,OK,40075,Kiowa County,2026-09-17,47,0,,0,,0,0,0,0,1,ok-seb,2026-09-17T00:04:50+00:00
2026,OK,40075,Kiowa County,2026-09-18,46,0,,0,,0,0,0,0,1,ok-seb,2026-09-18T03:11:44+00:00
2026,OK,40075,Kiowa County,2026-09-19,45,0,,0,,0,0,0,0,1,ok-seb,2026-09-19T03:08:05+00:00
2026,OK,40075,Kiowa County,2026-09-20,44,0,,0,,0,0,0,0,1,ok-seb,2026-09-20T03:24:24+00:00
2026,OK,40075,Kiowa County,2026-09-21,43,0,,0,,0,0,0,0,1,ok-seb,2026-09-21T03:19:32+00:00
2026,OK,40075,Kiowa County,2026-09-22,42,3,,3,,2,1,0,0,1,ok-seb,2026-09-22T20:56:46+00:00
2026,OK,40075,Kiowa County,2026-09-23,41,3,,3,,2,1,0,0,1,ok-seb,2026-09-23T04:34:25+00:00
2026,OK,40075,Kiowa County,2026-09-24,40,3,,3,,2,1,0,0,1,ok-seb,2026-09-24T00:14:04+00:00
2026,OK,40077,Latimer County,2026-09-12,52,0,,0,,0,0,0,0,1,ok-seb,2026-09-12T03:07:18+00:00
2026,OK,40077,Latimer County,2026-09-13,51,0,,0,,0,0,0,0,1,ok-seb,2026-09-13T03:09:07+00:00
2026,OK,40077,Latimer County,2026-09-14,50,0,,0,,0,0,0,0,1,ok-seb,2026-09-14T03:22:15+00:00
2026,OK,40077,Latimer County,2026-09-15,49,0,,0,,0,0,0,0,1,ok-seb,2026-09-15T00:16:58+00:00
2026,OK,40077,Latimer County,2026-09-16,48,0,,0,,0,0,0,0,1,ok-seb,2026-09-16T04:08:20+00:00
2026,OK,40077,Latimer County,2026-09-17,47,0,,0,,0,0,0,0,1,ok-seb,2026-09-17T00:04:50+00:00
2026,OK,40077,Latimer County,2026-09-18,46,0,,0,,0,0,0,0,1,ok-seb,2026-09-18T03:11:44+00:00
2026,OK,40077,Latimer County,2026-09-19,45,0,,0,,0,0,0,0,1,ok-seb,2026-09-19T03:08:05+00:00
2026,OK,40077,Latimer County,2026-09-20,44,0,,0,,0,0,0,0,1,ok-seb,2026-09-20T03:24:24+00:00
2026,OK,40077,Latimer County,2026-09-21,43,0,,0,,0,0,0,0,1,ok-seb,2026-09-21T03:19:32+00:00
2026,OK,40077,Latimer County,2026-09-22,42,0,,0,,0,0,0,0,1,ok-seb,2026-09-22T00:36:05+00:00
2026,OK,40077,Latimer County,2026-09-23,41,0,,0,,0,0,0,0,1,ok-seb,2026-09-23T04:34:25+00:00
2026,OK,40077,Latimer County,2026-09-24,40,0,,0,,0,0,0,0,1,ok-seb,2026-09-24T00:14:04+00:00
2026,OK,40079,Le Flore County,2026-09-12,52,0,,0,,0,0,0,0,1,ok-seb,2026-09-12T03:07:18+00:00
2026,OK,40079,Le Flore County,2026-09-13,51,0,,0,,0,0,0,0,1,ok-seb,2026-09-13T03:09:07+00:00
2026,OK,40079,Le Flore County,2026-09-14,50,0,,0,,0,0,0,0,1,ok-seb,2026-09-14T03:22:15+00:00
2026,OK,40079,Le Flore County,2026-09-15,49,0,,0,,0,0,0,0,1,ok-seb,2026-09-15T00:16:58+00:00
2026,OK,40079,Le Flore County,2026-09-16,48,0,,0,,0,0,0,0,1,ok-seb,2026-09-16T04:08:20+00:00
2026,OK,40079,Le Flore County,2026-09-17,47,0,,0,,0,0,0,0,1,ok-seb,2026-09-17T00:04:50+00:00
2026,OK,40079,Le Flore County,2026-09-18,46,0,,0,,0,0,0,0,1,ok-seb,2026-09-18T03:11:44+00:00
2026,OK,40079,Le Flore County,2026-09-19,45,1,,1,,1,0,0,0,1,ok-seb,2026-09-19T03:08:05+00:00
2026,OK,40079,Le Flore County,2026-09-20,44,1,,1,,1,0,0,0,1,ok-seb,2026-09-20T03:24:24+00:00
2026,OK,40079,Le Flore County,2026-09-21,43,1,,1,,1,0,0,0,1,ok-seb,2026-09-21T03:19:32+00:00
2026,OK,40079,Le Flore County,2026-09-22,42,2,,2,,2,0,0,0,1,ok-seb,2026-09-22T07:18:19+00:00
2026,OK,40079,Le Flore County,2026-09-23,41,2,,2,,2,0,0,0,1,ok-seb,2026-09-23T04:34:25+00:00
2026,OK,40079,Le Flore County,2026-09-24,40,3,,3,,3,0,0,0,1,ok-seb,2026-09-24T07:11:28+00:00
2026,OK,40081,Lincoln County,2026-09-12,52,0,,0,,0,0,0,0,1,ok-seb,2026-09-12T03:07:18+00:00
2026,OK,40081,Lincoln County,2026-09-13,51,0,,0,,0,0,0,0,1,ok-seb,2026-09-13T03:09:07+00:00
2026,OK,40081,Lincoln County,2026-09-14,50,0,,0,,0,0,0,0,1,ok-seb,2026-09-14T03:22:15+00:00
2026,OK,40081,Lincoln County,2026-09-15,49,0,,0,,0,0,0,0,1,ok-seb,2026-09-15T00:16:58+00:00
2026,OK,40081,Lincoln County,2026-09-16,48,0,,0,,0,0,0,0,1,ok-seb,2026-09-16T04:08:20+00:00
2026,OK,40081,Lincoln County,2026-09-17,47,2,,2,,1,1,0,0,1,ok-seb,2026-09-17T05:45:46+00:00
2026,OK,40081,Lincoln County,2026-09-18,46,2,,2,,1,1,0,0,1,ok-seb,2026-09-18T03:11:44+00:00
2026,OK,40081,Lincoln County,2026-09-19,45,2,,2,,1,1,0,0,1,ok-seb,2026-09-19T03:08:05+00:00
2026,OK,40081,Lincoln County,2026-09-20,44,2,,2,,1,1,0,0,1,ok-seb,2026-09-20T03:24:24+00:00
2026,OK,40081,Lincoln County,2026-09-21,43,2,,2,,1,1,0,0,1,ok-seb,2026-09-21T03:19:32+00:00
2026,OK,40081,Lincoln County,2026-09-22,42,20,,20,,6,13,0,1,1,ok-seb,2026-09-22T07:18:19+00:00
2026,OK,40081,Lincoln County,2026-09-23,41,21,,21,,6,14,0,1,1,ok-seb,2026-09-23T04:34:25+00:00
2026,OK,40081,Lincoln County,2026-09-24,40,24,,24,,8,15,0,1,1,ok-seb,2026-09-24T07:11:28+00:00
2026,OK,40083,Logan County,2026-09-12,52,0,,0,,0,0,0,0,1,ok-seb,2026-09-12T03:07:18+00:00
2026,OK,40083,Logan County,2026-09-13,51,0,,0,,0,0,0,0,1,ok-seb,2026-09-13T03:09:07+00:00
2026,OK,40083,Logan County,2026-09-14,50,0,,0,,0,0,0,0,1,ok-seb,2026-09-14T03:22:15+00:00
2026,OK,40083,Logan County,2026-09-15,49,3,,3,,1,2,0,0,1,ok-seb,2026-09-15T07:11:19+00:00
2026,OK,40083,Logan County,2026-09-16,48,7,,7,,4,3,0,0,1,ok-seb,2026-09-16T04:08:20+00:00
2026,OK,40083,Logan County,2026-09-17,47,11,,11,,6,4,0,1,1,ok-seb,2026-09-17T05:45:46+00:00
2026,OK,40083,Logan County,2026-09-18,46,27,,27,,16,9,0,2,1,ok-seb,2026-09-18T03:11:44+00:00
2026,OK,40083,Logan County,2026-09-19,45,33,,33,,21,10,0,2,1,ok-seb,2026-09-19T03:08:05+00:00
2026,OK,40083,Logan County,2026-09-20,44,33,,33,,21,10,0,2,1,ok-seb,2026-09-20T03:24:24+00:00
2026,OK,40083,Logan County,2026-09-21,43,33,,33,,21,10,0,2,1,ok-seb,2026-09-21T03:19:32+00:00
2026,OK,40083,Logan County,2026-09-22,42,53,,53,,31,16,0,6,1,ok-seb,2026-09-22T07:18:19+00:00
2026,OK,40083,Logan County,2026-09-23,41,54,,54,,32,16,0,6,1,ok-seb,2026-09-23T04:34:25+00:00
2026,OK,40083,Logan County,2026-09-24,40,57,,57,,34,17,0,6,1,ok-seb,2026-09-24T07:11:28+00:00
2026,OK,40085,Love County,2026-09-12,52,0,,0,,0,0,0,0,1,ok-seb,2026-09-12T03:07:18+00:00
2026,OK,40085,Love County,2026-09-13,51,0,,0,,0,0,0,0,1,ok-seb,2026-09-13T03:09:07+00:00
2026,OK,40085,Love County,2026-09-14,50,0,,0,,0,0,0,0,1,ok-seb,2026-09-14T03:22:15+00:00
2026,OK,40085,Love County,2026-09-15,49,2,,2,,2,0,0,0,1,ok-seb,2026-09-15T07:11:19+00:00
2026,OK,40085,Love County,2026-09-16,48,2,,2,,2,0,0,0,1,ok-seb,2026-09-16T04:08:20+00:00
2026,OK,40085,Love County,2026-09-17,47,6,,6,,3,3,0,0,1,ok-seb,2026-09-17T05:45:46+00:00
2026,OK,40085,Love County,2026-09-18,46,7,,7,,4,3,0,0,1,ok-seb,2026-09-18T03:11:44+00:00
2026,OK,40085,Love County,2026-09-19,45,7,,7,,4,3,0,0,1,ok-seb,2026-09-19T03:08:05+00:00
2026,OK,40085,Love County,2026-09-20,44,7,,7,,4,3,0,0,1,ok-seb,2026-09-20T03:24:24+00:00
2026,OK,40085,Love County,2026-09-21,43,7,,7,,4,3,0,0,1,ok-seb,2026-09-21T03:19:32+00:00
2026,OK,40085,Love County,2026-09-22,42,7,,7,,4,3,0,0,1,ok-seb,2026-09-22T00:36:05+00:00
2026,OK,40085,Love County,2026-09-23,41,7,,7,,4,3,0,0,1,ok-seb,2026-09-23T04:34:25+00:00
2026,OK,40085,Love County,2026-09-24,40,7,,7,,4,3,0,0,1,ok-seb,2026-09-24T00:14:04+00:00
2026,OK,40087,McClain County,2026-09-12,52,0,,0,,0,0,0,0,1,ok-seb,2026-09-12T03:07:18+00:00
2026,OK,40087,McClain County,2026-09-13,51,0,,0,,0,0,0,0,1,ok-seb,2026-09-13T03:09:07+00:00
2026,OK,40087,McClain County,2026-09-14,50,0,,0,,0,0,0,0,1,ok-seb,2026-09-14T03:22:15+00:00
2026,OK,40087,McClain County,2026-09-15,49,0,,0,,0,0,0,0,1,ok-seb,2026-09-15T00:16:58+00:00
2026,OK,40087,McClain County,2026-09-16,48,2,,2,,2,0,0,0,1,ok-seb,2026-09-16T04:08:20+00:00
2026,OK,40087,McClain County,2026-09-17,47,8,,8,,5,1,0,2,1,ok-seb,2026-09-17T05:45:46+00:00
2026,OK,40087,McClain County,2026-09-18,46,22,,22,,10,7,0,5,1,ok-seb,2026-09-18T03:11:44+00:00
2026,OK,40087,McClain County,2026-09-19,45,26,,26,,14,7,0,5,1,ok-seb,2026-09-19T03:08:05+00:00
2026,OK,40087,McClain County,2026-09-20,44,26,,26,,14,7,0,5,1,ok-seb,2026-09-20T03:24:24+00:00
2026,OK,40087,McClain County,2026-09-21,43,26,,26,,14,7,0,5,1,ok-seb,2026-09-21T03:19:32+00:00
2026,OK,40087,McClain County,2026-09-22,42,40,,40,,21,14,0,5,1,ok-seb,2026-09-22T20:56:46+00:00
2026,OK,40087,McClain County,2026-09-23,41,40,,40,,21,14,0,5,1,ok-seb,2026-09-23T04:34:25+00:00
2026,OK,40087,McClain County,2026-09-24,40,52,,52,,25,20,0,7,1,ok-seb,2026-09-24T07:11:28+00:00
2026,OK,40089,McCurtain County,2026-09-12,52,0,,0,,0,0,0,0,1,ok-seb,2026-09-12T03:07:18+00:00
2026,OK,40089,McCurtain County,2026-09-13,51,0,,0,,0,0,0,0,1,ok-seb,2026-09-13T03:09:07+00:00
2026,OK,40089,McCurtain County,2026-09-14,50,0,,0,,0,0,0,0,1,ok-seb,2026-09-14T03:22:15+00:00
2026,OK,40089,McCurtain County,2026-09-15,49,0,,0,,0,0,0,0,1,ok-seb,2026-09-15T00:16:58+00:00
2026,OK,40089,McCurtain County,2026-09-16,48,0,,0,,0,0,0,0,1,ok-seb,2026-09-16T04:08:20+00:00
2026,OK,40089,McCurtain County,2026-09-17,47,0,,0,,0,0,0,0,1,ok-seb,2026-09-17T00:04:50+00:00
2026,OK,40089,McCurtain County,2026-09-18,46,3,,3,,3,0,0,0,1,ok-seb,2026-09-18T03:11:44+00:00
2026,OK,40089,McCurtain County,2026-09-19,45,4,,4,,3,1,0,0,1,ok-seb,2026-09-19T03:08:05+00:00
2026,OK,40089,McCurtain County,2026-09-20,44,4,,4,,3,1,0,0,1,ok-seb,2026-09-20T03:24:24+00:00
2026,OK,40089,McCurtain County,2026-09-21,43,4,,4,,3,1,0,0,1,ok-seb,2026-09-21T03:19:32+00:00
2026,OK,40089,McCurtain County,2026-09-22,42,7,,7,,5,2,0,0,1,ok-seb,2026-09-22T07:18:19+00:00
2026,OK,40089,McCurtain County,2026-09-23,41,8,,8,,5,3,0,0,1,ok-seb,2026-09-23T04:34:25+00:00
2026,OK,40089,McCurtain County,2026-09-24,40,9,,9,,5,4,0,0,1,ok-seb,2026-09-24T07:11:28+00:00
2026,OK,40091,McIntosh County,2026-09-12,52,0,,0,,0,0,0,0,1,ok-seb,2026-09-12T03:07:18+00:00
2026,OK,40091,McIntosh County,2026-09-13,51,0,,0,,0,0,0,0,1,ok-seb,2026-09-13T03:09:07+00:00
2026,OK,40091,McIntosh County,2026-09-14,50,0,,0,,0,0,0,0,1,ok-seb,2026-09-14T03:22:15+00:00
2026,OK,40091,McIntosh County,2026-09-15,49,0,,0,,0,0,0,0,1,ok-seb,2026-09-15T00:16:58+00:00
2026,OK,40091,McIntosh County,2026-09-16,48,0,,0,,0,0,0,0,1,ok-seb,2026-09-16T04:08:20+00:00
2026,OK,40091,McIntosh County,2026-09-17,47,0,,0,,0,0,0,0,1,ok-seb,2026-09-17T00:04:50+00:00
2026,OK,40091,McIntosh County,2026-09-18,46,0,,0,,0,0,0,0,1,ok-seb,2026-09-18T03:11:44+00:00
2026,OK,40091,McIntosh County,2026-09-19,45,0,,0,,0,0,0,0,1,ok-seb,2026-09-19T03:08:05+00:00
2026,OK,40091,McIntosh County,2026-09-20,44,0,,0,,0,0,0,0,1,ok-seb,2026-09-20T03:24:24+00:00
2026,OK,40091,McIntosh County,2026-09-21,43,0,,0,,0,0,0,0,1,ok-seb,2026-09-21T03:19:32+00:00
2026,OK,40091,McIntosh County,2026-09-22,42,3,,3,,1,0,0,2,1,ok-seb,2026-09-22T20:56:46+00:00
2026,OK,40091,McIntosh County,2026-09-23,41,3,,3,,1,0,0,2,1,ok-seb,2026-09-23T04:34:25+00:00
2026,OK,40091,McIntosh County,2026-09-24,40,6,,6,,2,1,0,3,1,ok-seb,2026-09-24T07:11:28+00:00
2026,OK,40093,Major County,2026-09-12,52,0,,0,,0,0,0,0,1,ok-seb,2026-09-12T03:07:18+00:00
2026,OK,40093,Major County,2026-09-13,51,0,,0,,0,0,0,0,1,ok-seb,2026-09-13T03:09:07+00:00
2026,OK,40093,Major County,2026-09-14,50,0,,0,,0,0,0,0,1,ok-seb,2026-09-14T03:22:15+00:00
2026,OK,40093,Major County,2026-09-15,49,1,,1,,0,1,0,0,1,ok-seb,2026-09-15T07:11:19+00:00
2026,OK,40093,Major County,2026-09-16,48,1,,1,,0,1,0,0,1,ok-seb,2026-09-16T04:08:20+00:00
2026,OK,40093,Major County,2026-09-17,47,2,,2,,0,2,0,0,1,ok-seb,2026-09-17T05:45:46+00:00
2026,OK,40093,Major County,2026-09-18,46,2,,2,,0,2,0,0,1,ok-seb,2026-09-18T03:11:44+00:00
2026,OK,40093,Major County,2026-09-19,45,4,,4,,0,4,0,0,1,ok-seb,2026-09-19T03:08:05+00:00
2026,OK,40093,Major County,2026-09-20,44,4,,4,,0,4,0,0,1,ok-seb,2026-09-20T03:24:24+00:00
2026,OK,40093,Major County,2026-09-21,43,4,,4,,0,4,0,0,1,ok-seb,2026-09-21T03:19:32+00:00
2026,OK,40093,Major County,2026-09-22,42,5,,5,,0,5,0,0,1,ok-seb,2026-09-22T20:56:46+00:00
2026,OK,40093,Major County,2026-09-23,41,5,,5,,0,5,0,0,1,ok-seb,2026-09-23T04:34:25+00:00
2026,OK,40093,Major County,2026-09-24,40,6,,6,,0,6,0,0,1,ok-seb,2026-09-24T07:11:28+00:00
2026,OK,40095,Marshall County,2026-09-12,52,0,,0,,0,0,0,0,1,ok-seb,2026-09-12T03:07:18+00:00
2026,OK,40095,Marshall County,2026-09-13,51,0,,0,,0,0,0,0,1,ok-seb,2026-09-13T03:09:07+00:00
2026,OK,40095,Marshall County,2026-09-14,50,0,,0,,0,0,0,0,1,ok-seb,2026-09-14T03:22:15+00:00
2026,OK,40095,Marshall County,2026-09-15,49,0,,0,,0,0,0,0,1,ok-seb,2026-09-15T00:16:58+00:00
2026,OK,40095,Marshall County,2026-09-16,48,0,,0,,0,0,0,0,1,ok-seb,2026-09-16T04:08:20+00:00
2026,OK,40095,Marshall County,2026-09-17,47,7,,7,,0,5,0,2,1,ok-seb,2026-09-17T05:45:46+00:00
2026,OK,40095,Marshall County,2026-09-18,46,7,,7,,0,5,0,2,1,ok-seb,2026-09-18T03:11:44+00:00
2026,OK,40095,Marshall County,2026-09-19,45,10,,10,,2,6,0,2,1,ok-seb,2026-09-19T03:08:05+00:00
2026,OK,40095,Marshall County,2026-09-20,44,10,,10,,2,6,0,2,1,ok-seb,2026-09-20T03:24:24+00:00
2026,OK,40095,Marshall County,2026-09-21,43,10,,10,,2,6,0,2,1,ok-seb,2026-09-21T03:19:32+00:00
2026,OK,40095,Marshall County,2026-09-22,42,11,,11,,3,6,0,2,1,ok-seb,2026-09-22T07:18:19+00:00
2026,OK,40095,Marshall County,2026-09-23,41,11,,11,,3,6,0,2,1,ok-seb,2026-09-23T04:34:25+00:00
2026,OK,40095,Marshall County,2026-09-24,40,11,,11,,3,6,0,2,1,ok-seb,2026-09-24T00:14:04+00:00
2026,OK,40097,Mayes County,2026-09-12,52,0,,0,,0,0,0,0,1,ok-seb,2026-09-12T03:07:18+00:00
2026,OK,40097,Mayes County,2026-09-13,51,0,,0,,0,0,0,0,1,ok-seb,2026-09-13T03:09:07+00:00
2026,OK,40097,Mayes County,2026-09-14,50,0,,0,,0,0,0,0,1,ok-seb,2026-09-14T03:22:15+00:00
2026,OK,40097,Mayes County,2026-09-15,49,1,,1,,1,0,0,0,1,ok-seb,2026-09-15T07:11:19+00:00
2026,OK,40097,Mayes County,2026-09-16,48,1,,1,,1,0,0,0,1,ok-seb,2026-09-16T04:08:20+00:00
2026,OK,40097,Mayes County,2026-09-17,47,5,,5,,4,1,0,0,1,ok-seb,2026-09-17T05:45:46+00:00
2026,OK,40097,Mayes County,2026-09-18,46,7,,7,,6,1,0,0,1,ok-seb,2026-09-18T03:11:44+00:00
2026,OK,40097,Mayes County,2026-09-19,45,9,,9,,8,1,0,0,1,ok-seb,2026-09-19T03:08:05+00:00
2026,OK,40097,Mayes County,2026-09-20,44,9,,9,,8,1,0,0,1,ok-seb,2026-09-20T03:24:24+00:00
2026,OK,40097,Mayes County,2026-09-21,43,9,,9,,8,1,0,0,1,ok-seb,2026-09-21T03:19:32+00:00
2026,OK,40097,Mayes County,2026-09-22,42,13,,13,,9,2,0,2,1,ok-seb,2026-09-22T07:18:19+00:00
2026,OK,40097,Mayes County,2026-09-23,41,15,,15,,9,4,0,2,1,ok-seb,2026-09-23T04:34:25+00:00
2026,OK,40097,Mayes County,2026-09-24,40,19,,19,,10,7,0,2,1,ok-seb,2026-09-24T07:11:28+00:00
2026,OK,40099,Murray County,2026-09-12,52,0,,0,,0,0,0,0,1,ok-seb,2026-09-12T03:07:18+00:00
2026,OK,40099,Murray County,2026-09-13,51,0,,0,,0,0,0,0,1,ok-seb,2026-09-13T03:09:07+00:00
2026,OK,40099,Murray County,2026-09-14,50,0,,0,,0,0,0,0,1,ok-seb,2026-09-14T03:22:15+00:00
2026,OK,40099,Murray County,2026-09-15,49,0,,0,,0,0,0,0,1,ok-seb,2026-09-15T00:16:58+00:00
2026,OK,40099,Murray County,2026-09-16,48,0,,0,,0,0,0,0,1,ok-seb,2026-09-16T04:08:20+00:00
2026,OK,40099,Murray County,2026-09-17,47,0,,0,,0,0,0,0,1,ok-seb,2026-09-17T00:04:50+00:00
2026,OK,40099,Murray County,2026-09-18,46,2,,2,,1,0,0,1,1,ok-seb,2026-09-18T03:11:44+00:00
2026,OK,40099,Murray County,2026-09-19,45,3,,3,,1,1,0,1,1,ok-seb,2026-09-19T03:08:05+00:00
2026,OK,40099,Murray County,2026-09-20,44,3,,3,,1,1,0,1,1,ok-seb,2026-09-20T03:24:24+00:00
2026,OK,40099,Murray County,2026-09-21,43,3,,3,,1,1,0,1,1,ok-seb,2026-09-21T03:19:32+00:00
2026,OK,40099,Murray County,2026-09-22,42,4,,4,,1,1,0,2,1,ok-seb,2026-09-22T07:18:19+00:00
2026,OK,40099,Murray County,2026-09-23,41,4,,4,,1,1,0,2,1,ok-seb,2026-09-23T04:34:25+00:00
2026,OK,40099,Murray County,2026-09-24,40,5,,5,,2,1,0,2,1,ok-seb,2026-09-24T07:11:28+00:00
2026,OK,40101,Muskogee County,2026-09-12,52,0,,0,,0,0,0,0,1,ok-seb,2026-09-12T03:07:18+00:00
2026,OK,40101,Muskogee County,2026-09-13,51,0,,0,,0,0,0,0,1,ok-seb,2026-09-13T03:09:07+00:00
2026,OK,40101,Muskogee County,2026-09-14,50,0,,0,,0,0,0,0,1,ok-seb,2026-09-14T03:22:15+00:00
2026,OK,40101,Muskogee County,2026-09-15,49,0,,0,,0,0,0,0,1,ok-seb,2026-09-15T00:16:58+00:00
2026,OK,40101,Muskogee County,2026-09-16,48,0,,0,,0,0,0,0,1,ok-seb,2026-09-16T04:08:20+00:00
2026,OK,40101,Muskogee County,2026-09-17,47,0,,0,,0,0,0,0,1,ok-seb,2026-09-17T00:04:50+00:00
2026,OK,40101,Muskogee County,2026-09-18,46,5,,5,,3,1,0,1,1,ok-seb,2026-09-18T03:11:44+00:00
2026,OK,40101,Muskogee County,2026-09-19,45,5,,5,,3,1,0,1,1,ok-seb,2026-09-19T03:08:05+00:00
2026,OK,40101,Muskogee County,2026-09-20,44,5,,5,,3,1,0,1,1,ok-seb,2026-09-20T03:24:24+00:00
2026,OK,40101,Muskogee County,2026-09-21,43,5,,5,,3,1,0,1,1,ok-seb,2026-09-21T03:19:32+00:00
2026,OK,40101,Muskogee County,2026-09-22,42,17,,17,,9,5,0,3,1,ok-seb,2026-09-22T20:56:46+00:00
2026,OK,40101,Muskogee County,2026-09-23,41,17,,17,,9,5,0,3,1,ok-seb,2026-09-23T04:34:25+00:00
2026,OK,40101,Muskogee County,2026-09-24,40,29,,29,,16,7,1,5,1,ok-seb,2026-09-24T07:11:28+00:00
2026,OK,40103,Noble County,2026-09-12,52,0,,0,,0,0,0,0,1,ok-seb,2026-09-12T03:07:18+00:00
2026,OK,40103,Noble County,2026-09-13,51,0,,0,,0,0,0,0,1,ok-seb,2026-09-13T03:09:07+00:00
2026,OK,40103,Noble County,2026-09-14,50,0,,0,,0,0,0,0,1,ok-seb,2026-09-14T03:22:15+00:00
2026,OK,40103,Noble County,2026-09-15,49,0,,0,,0,0,0,0,1,ok-seb,2026-09-15T00:16:58+00:00
2026,OK,40103,Noble County,2026-09-16,48,0,,0,,0,0,0,0,1,ok-seb,2026-09-16T04:08:20+00:00
2026,OK,40103,Noble County,2026-09-17,47,0,,0,,0,0,0,0,1,ok-seb,2026-09-17T00:04:50+00:00
2026,OK,40103,Noble County,2026-09-18,46,0,,0,,0,0,0,0,1,ok-seb,2026-09-18T03:11:44+00:00
2026,OK,40103,Noble County,2026-09-19,45,0,,0,,0,0,0,0,1,ok-seb,2026-09-19T03:08:05+00:00
2026,OK,40103,Noble County,2026-09-20,44,0,,0,,0,0,0,0,1,ok-seb,2026-09-20T03:24:24+00:00
2026,OK,40103,Noble County,2026-09-21,43,0,,0,,0,0,0,0,1,ok-seb,2026-09-21T03:19:32+00:00
2026,OK,40103,Noble County,2026-09-22,42,1,,1,,1,0,0,0,1,ok-seb,2026-09-22T07:18:19+00:00
2026,OK,40103,Noble County,2026-09-23,41,1,,1,,1,0,0,0,1,ok-seb,2026-09-23T04:34:25+00:00
2026,OK,40103,Noble County,2026-09-24,40,2,,2,,1,1,0,0,1,ok-seb,2026-09-24T07:11:28+00:00
2026,OK,40105,Nowata County,2026-09-12,52,0,,0,,0,0,0,0,1,ok-seb,2026-09-12T03:07:18+00:00
2026,OK,40105,Nowata County,2026-09-13,51,0,,0,,0,0,0,0,1,ok-seb,2026-09-13T03:09:07+00:00
2026,OK,40105,Nowata County,2026-09-14,50,0,,0,,0,0,0,0,1,ok-seb,2026-09-14T03:22:15+00:00
2026,OK,40105,Nowata County,2026-09-15,49,0,,0,,0,0,0,0,1,ok-seb,2026-09-15T00:16:58+00:00
2026,OK,40105,Nowata County,2026-09-16,48,1,,1,,0,0,0,1,1,ok-seb,2026-09-16T04:08:20+00:00
2026,OK,40105,Nowata County,2026-09-17,47,1,,1,,0,0,0,1,1,ok-seb,2026-09-17T00:04:50+00:00
2026,OK,40105,Nowata County,2026-09-18,46,2,,2,,0,1,0,1,1,ok-seb,2026-09-18T03:11:44+00:00
2026,OK,40105,Nowata County,2026-09-19,45,4,,4,,2,1,0,1,1,ok-seb,2026-09-19T03:08:05+00:00
2026,OK,40105,Nowata County,2026-09-20,44,4,,4,,2,1,0,1,1,ok-seb,2026-09-20T03:24:24+00:00
2026,OK,40105,Nowata County,2026-09-21,43,4,,4,,2,1,0,1,1,ok-seb,2026-09-21T03:19:32+00:00
2026,OK,40105,Nowata County,2026-09-22,42,6,,6,,3,2,0,1,1,ok-seb,2026-09-22T07:18:19+00:00
2026,OK,40105,Nowata County,2026-09-23,41,7,,7,,3,3,0,1,1,ok-seb,2026-09-23T04:34:25+00:00
2026,OK,40105,Nowata County,2026-09-24,40,8,,8,,4,3,0,1,1,ok-seb,2026-09-24T07:11:28+00:00
2026,OK,40107,Okfuskee County,2026-09-12,52,0,,0,,0,0,0,0,1,ok-seb,2026-09-12T03:07:18+00:00
2026,OK,40107,Okfuskee County,2026-09-13,51,0,,0,,0,0,0,0,1,ok-seb,2026-09-13T03:09:07+00:00
2026,OK,40107,Okfuskee County,2026-09-14,50,0,,0,,0,0,0,0,1,ok-seb,2026-09-14T03:22:15+00:00
2026,OK,40107,Okfuskee County,2026-09-15,49,0,,0,,0,0,0,0,1,ok-seb,2026-09-15T00:16:58+00:00
2026,OK,40107,Okfuskee County,2026-09-16,48,0,,0,,0,0,0,0,1,ok-seb,2026-09-16T04:08:20+00:00
2026,OK,40107,Okfuskee County,2026-09-17,47,0,,0,,0,0,0,0,1,ok-seb,2026-09-17T00:04:50+00:00
2026,OK,40107,Okfuskee County,2026-09-18,46,0,,0,,0,0,0,0,1,ok-seb,2026-09-18T03:11:44+00:00
2026,OK,40107,Okfuskee County,2026-09-19,45,0,,0,,0,0,0,0,1,ok-seb,2026-09-19T03:08:05+00:00
2026,OK,40107,Okfuskee County,2026-09-20,44,0,,0,,0,0,0,0,1,ok-seb,2026-09-20T03:24:24+00:00
2026,OK,40107,Okfuskee County,2026-09-21,43,0,,0,,0,0,0,0,1,ok-seb,2026-09-21T03:19:32+00:00
2026,OK,40107,Okfuskee County,2026-09-22,42,0,,0,,0,0,0,0,1,ok-seb,2026-09-22T00:36:05+00:00
2026,OK,40107,Okfuskee County,2026-09-23,41,0,,0,,0,0,0,0,1,ok-seb,2026-09-23T04:34:25+00:00
2026,OK,40107,Okfuskee County,2026-09-24,40,0,,0,,0,0,0,0,1,ok-seb,2026-09-24T00:14:04+00:00
2026,OK,40109,Oklahoma County,2026-09-12,52,0,,0,,0,0,0,0,1,ok-seb,2026-09-12T03:07:18+00:00
2026,OK,40109,Oklahoma County,2026-09-13,51,0,,0,,0,0,0,0,1,ok-seb,2026-09-13T03:09:07+00:00
2026,OK,40109,Oklahoma County,2026-09-14,50,0,,0,,0,0,0,0,1,ok-seb,2026-09-14T03:22:15+00:00
2026,OK,40109,Oklahoma County,2026-09-15,49,0,,0,,0,0,0,0,1,ok-seb,2026-09-15T00:16:58+00:00
2026,OK,40109,Oklahoma County,2026-09-16,48,0,,0,,0,0,0,0,1,ok-seb,2026-09-16T04:08:20+00:00
2026,OK,40109,Oklahoma County,2026-09-17,47,0,,0,,0,0,0,0,1,ok-seb,2026-09-17T00:04:50+00:00
2026,OK,40109,Oklahoma County,2026-09-18,46,0,,0,,0,0,0,0,1,ok-seb,2026-09-18T03:11:44+00:00
2026,OK,40109,Oklahoma County,2026-09-19,45,4,,4,,1,2,0,1,1,ok-seb,2026-09-19T03:08:05+00:00
2026,OK,40109,Oklahoma County,2026-09-20,44,4,,4,,1,2,0,1,1,ok-seb,2026-09-20T03:24:24+00:00
2026,OK,40109,Oklahoma County,2026-09-21,43,4,,4,,1,2,0,1,1,ok-seb,2026-09-21T03:19:32+00:00
2026,OK,40109,Oklahoma County,2026-09-22,42,71,,71,,42,20,0,9,1,ok-seb,2026-09-22T20:56:46+00:00
2026,OK,40109,Oklahoma County,2026-09-23,41,78,,78,,48,20,0,10,1,ok-seb,2026-09-23T04:34:25+00:00
2026,OK,40109,Oklahoma County,2026-09-24,40,179,,179,,106,56,0,17,1,ok-seb,2026-09-24T07:11:28+00:00
2026,OK,40111,Okmulgee County,2026-09-12,52,0,,0,,0,0,0,0,1,ok-seb,2026-09-12T03:07:18+00:00
2026,OK,40111,Okmulgee County,2026-09-13,51,0,,0,,0,0,0,0,1,ok-seb,2026-09-13T03:09:07+00:00
2026,OK,40111,Okmulgee County,2026-09-14,50,0,,0,,0,0,0,0,1,ok-seb,2026-09-14T03:22:15+00:00
2026,OK,40111,Okmulgee County,2026-09-15,49,0,,0,,0,0,0,0,1,ok-seb,2026-09-15T00:16:58+00:00
2026,OK,40111,Okmulgee County,2026-09-16,48,0,,0,,0,0,0,0,1,ok-seb,2026-09-16T04:08:20+00:00
2026,OK,40111,Okmulgee County,2026-09-17,47,1,,1,,1,0,0,0,1,ok-seb,2026-09-17T05:45:46+00:00
2026,OK,40111,Okmulgee County,2026-09-18,46,1,,1,,1,0,0,0,1,ok-seb,2026-09-18T03:11:44+00:00
2026,OK,40111,Okmulgee County,2026-09-19,45,4,,4,,2,2,0,0,1,ok-seb,2026-09-19T03:08:05+00:00
2026,OK,40111,Okmulgee County,2026-09-20,44,4,,4,,2,2,0,0,1,ok-seb,2026-09-20T03:24:24+00:00
2026,OK,40111,Okmulgee County,2026-09-21,43,4,,4,,2,2,0,0,1,ok-seb,2026-09-21T03:19:32+00:00
2026,OK,40111,Okmulgee County,2026-09-22,42,13,,13,,5,8,0,0,1,ok-seb,2026-09-22T20:56:46+00:00
2026,OK,40111,Okmulgee County,2026-09-23,41,14,,14,,6,8,0,0,1,ok-seb,2026-09-23T04:34:25+00:00
2026,OK,40111,Okmulgee County,2026-09-24,40,14,,14,,6,8,0,0,1,ok-seb,2026-09-24T00:14:04+00:00
2026,OK,40113,Osage County,2026-09-12,52,0,,0,,0,0,0,0,1,ok-seb,2026-09-12T03:07:18+00:00
2026,OK,40113,Osage County,2026-09-13,51,0,,0,,0,0,0,0,1,ok-seb,2026-09-13T03:09:07+00:00
2026,OK,40113,Osage County,2026-09-14,50,0,,0,,0,0,0,0,1,ok-seb,2026-09-14T03:22:15+00:00
2026,OK,40113,Osage County,2026-09-15,49,0,,0,,0,0,0,0,1,ok-seb,2026-09-15T00:16:58+00:00
2026,OK,40113,Osage County,2026-09-16,48,0,,0,,0,0,0,0,1,ok-seb,2026-09-16T04:08:20+00:00
2026,OK,40113,Osage County,2026-09-17,47,1,,1,,1,0,0,0,1,ok-seb,2026-09-17T05:45:46+00:00
2026,OK,40113,Osage County,2026-09-18,46,1,,1,,1,0,0,0,1,ok-seb,2026-09-18T03:11:44+00:00
2026,OK,40113,Osage County,2026-09-19,45,1,,1,,1,0,0,0,1,ok-seb,2026-09-19T03:08:05+00:00
2026,OK,40113,Osage County,2026-09-20,44,1,,1,,1,0,0,0,1,ok-seb,2026-09-20T03:24:24+00:00
2026,OK,40113,Osage County,2026-09-21,43,1,,1,,1,0,0,0,1,ok-seb,2026-09-21T03:19:32+00:00
2026,OK,40113,Osage County,2026-09-22,42,17,,17,,12,4,0,1,1,ok-seb,2026-09-22T07:18:19+00:00
2026,OK,40113,Osage County,2026-09-23,41,17,,17,,12,4,0,1,1,ok-seb,2026-09-23T04:34:25+00:00
2026,OK,40113,Osage County,2026-09-24,40,26,,26,,17,8,0,1,1,ok-seb,2026-09-24T07:11:28+00:00
2026,OK,40115,Ottawa County,2026-09-15,49,0,,0,,0,0,0,0,1,ok-seb,2026-09-15T07:11:19+00:00
2026,OK,40115,Ottawa County,2026-09-16,48,0,,0,,0,0,0,0,1,ok-seb,2026-09-16T04:08:20+00:00
2026,OK,40115,Ottawa County,2026-09-17,47,0,,0,,0,0,0,0,1,ok-seb,2026-09-17T00:04:50+00:00
2026,OK,40115,Ottawa County,2026-09-18,46,0,,0,,0,0,0,0,1,ok-seb,2026-09-18T03:11:44+00:00
2026,OK,40115,Ottawa County,2026-09-19,45,0,,0,,0,0,0,0,1,ok-seb,2026-09-19T03:08:05+00:00
2026,OK,40115,Ottawa County,2026-09-20,44,0,,0,,0,0,0,0,1,ok-seb,2026-09-20T03:24:24+00:00
2026,OK,40115,Ottawa County,2026-09-21,43,0,,0,,0,0,0,0,1,ok-seb,2026-09-21T03:19:32+00:00
2026,OK,40115,Ottawa County,2026-09-22,42,1,,1,,0,0,0,1,1,ok-seb,2026-09-22T07:18:19+00:00
2026,OK,40115,Ottawa County,2026-09-23,41,3,,3,,2,0,0,1,1,ok-seb,2026-09-23T04:34:25+00:00
2026,OK,40115,Ottawa County,2026-09-24,40,5,,5,,3,1,0,1,1,ok-seb,2026-09-24T07:11:28+00:00
2026,OK,40117,Pawnee County,2026-09-12,52,0,,0,,0,0,0,0,1,ok-seb,2026-09-12T03:07:18+00:00
2026,OK,40117,Pawnee County,2026-09-13,51,0,,0,,0,0,0,0,1,ok-seb,2026-09-13T03:09:07+00:00
2026,OK,40117,Pawnee County,2026-09-14,50,0,,0,,0,0,0,0,1,ok-seb,2026-09-14T03:22:15+00:00
2026,OK,40117,Pawnee County,2026-09-15,49,0,,0,,0,0,0,0,1,ok-seb,2026-09-15T00:16:58+00:00
2026,OK,40117,Pawnee County,2026-09-16,48,0,,0,,0,0,0,0,1,ok-seb,2026-09-16T04:08:20+00:00
2026,OK,40117,Pawnee County,2026-09-17,47,0,,0,,0,0,0,0,1,ok-seb,2026-09-17T00:04:50+00:00
2026,OK,40117,Pawnee County,2026-09-18,46,1,,1,,0,1,0,0,1,ok-seb,2026-09-18T03:11:44+00:00
2026,OK,40117,Pawnee County,2026-09-19,45,1,,1,,0,1,0,0,1,ok-seb,2026-09-19T03:08:05+00:00
2026,OK,40117,Pawnee County,2026-09-20,44,1,,1,,0,1,0,0,1,ok-seb,2026-09-20T03:24:24+00:00
2026,OK,40117,Pawnee County,2026-09-21,43,1,,1,,0,1,0,0,1,ok-seb,2026-09-21T03:19:32+00:00
2026,OK,40117,Pawnee County,2026-09-22,42,3,,3,,2,1,0,0,1,ok-seb,2026-09-22T20:56:46+00:00
2026,OK,40117,Pawnee County,2026-09-23,41,3,,3,,2,1,0,0,1,ok-seb,2026-09-23T04:34:25+00:00
2026,OK,40117,Pawnee County,2026-09-24,40,3,,3,,2,1,0,0,1,ok-seb,2026-09-24T00:14:04+00:00
2026,OK,40119,Payne County,2026-09-12,52,0,,0,,0,0,0,0,1,ok-seb,2026-09-12T03:07:18+00:00
2026,OK,40119,Payne County,2026-09-13,51,0,,0,,0,0,0,0,1,ok-seb,2026-09-13T03:09:07+00:00
2026,OK,40119,Payne County,2026-09-14,50,0,,0,,0,0,0,0,1,ok-seb,2026-09-14T03:22:15+00:00
2026,OK,40119,Payne County,2026-09-15,49,2,,2,,1,0,0,1,1,ok-seb,2026-09-15T07:11:19+00:00
2026,OK,40119,Payne County,2026-09-16,48,2,,2,,1,0,0,1,1,ok-seb,2026-09-16T04:08:20+00:00
2026,OK,40119,Payne County,2026-09-17,47,2,,2,,1,0,0,1,1,ok-seb,2026-09-17T00:04:50+00:00
2026,OK,40119,Payne County,2026-09-18,46,3,,3,,1,1,0,1,1,ok-seb,2026-09-18T03:11:44+00:00
2026,OK,40119,Payne County,2026-09-19,45,5,,5,,3,1,0,1,1,ok-seb,2026-09-19T03:08:05+00:00
2026,OK,40119,Payne County,2026-09-20,44,5,,5,,3,1,0,1,1,ok-seb,2026-09-20T03:24:24+00:00
2026,OK,40119,Payne County,2026-09-21,43,5,,5,,3,1,0,1,1,ok-seb,2026-09-21T03:19:32+00:00
2026,OK,40119,Payne County,2026-09-22,42,21,,21,,9,9,0,3,1,ok-seb,2026-09-22T20:56:46+00:00
2026,OK,40119,Payne County,2026-09-23,41,25,,25,,10,9,0,6,1,ok-seb,2026-09-23T04:34:25+00:00
2026,OK,40119,Payne County,2026-09-24,40,39,,39,,15,17,1,6,1,ok-seb,2026-09-24T07:11:28+00:00
2026,OK,40121,Pittsburg County,2026-09-12,52,0,,0,,0,0,0,0,1,ok-seb,2026-09-12T03:07:18+00:00
2026,OK,40121,Pittsburg County,2026-09-13,51,0,,0,,0,0,0,0,1,ok-seb,2026-09-13T03:09:07+00:00
2026,OK,40121,Pittsburg County,2026-09-14,50,0,,0,,0,0,0,0,1,ok-seb,2026-09-14T03:22:15+00:00
2026,OK,40121,Pittsburg County,2026-09-15,49,0,,0,,0,0,0,0,1,ok-seb,2026-09-15T00:16:58+00:00
2026,OK,40121,Pittsburg County,2026-09-16,48,0,,0,,0,0,0,0,1,ok-seb,2026-09-16T04:08:20+00:00
2026,OK,40121,Pittsburg County,2026-09-17,47,0,,0,,0,0,0,0,1,ok-seb,2026-09-17T00:04:50+00:00
2026,OK,40121,Pittsburg County,2026-09-18,46,3,,3,,1,2,0,0,1,ok-seb,2026-09-18T03:11:44+00:00
2026,OK,40121,Pittsburg County,2026-09-19,45,6,,6,,1,5,0,0,1,ok-seb,2026-09-19T03:08:05+00:00
2026,OK,40121,Pittsburg County,2026-09-20,44,6,,6,,1,5,0,0,1,ok-seb,2026-09-20T03:24:24+00:00
2026,OK,40121,Pittsburg County,2026-09-21,43,6,,6,,1,5,0,0,1,ok-seb,2026-09-21T03:19:32+00:00
2026,OK,40121,Pittsburg County,2026-09-22,42,13,,13,,5,7,0,1,1,ok-seb,2026-09-22T20:56:46+00:00
2026,OK,40121,Pittsburg County,2026-09-23,41,13,,13,,5,7,0,1,1,ok-seb,2026-09-23T04:34:25+00:00
2026,OK,40121,Pittsburg County,2026-09-24,40,15,,15,,7,7,0,1,1,ok-seb,2026-09-24T07:11:28+00:00
2026,OK,40123,Pontotoc County,2026-09-12,52,0,,0,,0,0,0,0,1,ok-seb,2026-09-12T03:07:18+00:00
2026,OK,40123,Pontotoc County,2026-09-13,51,0,,0,,0,0,0,0,1,ok-seb,2026-09-13T03:09:07+00:00
2026,OK,40123,Pontotoc County,2026-09-14,50,0,,0,,0,0,0,0,1,ok-seb,2026-09-14T03:22:15+00:00
2026,OK,40123,Pontotoc County,2026-09-15,49,0,,0,,0,0,0,0,1,ok-seb,2026-09-15T00:16:58+00:00
2026,OK,40123,Pontotoc County,2026-09-16,48,0,,0,,0,0,0,0,1,ok-seb,2026-09-16T04:08:20+00:00
2026,OK,40123,Pontotoc County,2026-09-17,47,0,,0,,0,0,0,0,1,ok-seb,2026-09-17T00:04:50+00:00
2026,OK,40123,Pontotoc County,2026-09-18,46,0,,0,,0,0,0,0,1,ok-seb,2026-09-18T03:11:44+00:00
2026,OK,40123,Pontotoc County,2026-09-19,45,0,,0,,0,0,0,0,1,ok-seb,2026-09-19T03:08:05+00:00
2026,OK,40123,Pontotoc County,2026-09-20,44,0,,0,,0,0,0,0,1,ok-seb,2026-09-20T03:24:24+00:00
2026,OK,40123,Pontotoc County,2026-09-21,43,0,,0,,0,0,0,0,1,ok-seb,2026-09-21T03:19:32+00:00
2026,OK,40123,Pontotoc County,2026-09-22,42,2,,2,,1,1,0,0,1,ok-seb,2026-09-22T07:18:19+00:00
2026,OK,40123,Pontotoc County,2026-09-23,41,2,,2,,1,1,0,0,1,ok-seb,2026-09-23T04:34:25+00:00
2026,OK,40123,Pontotoc County,2026-09-24,40,2,,2,,1,1,0,0,1,ok-seb,2026-09-24T00:14:04+00:00
2026,OK,40125,Pottawatomie County,2026-09-12,52,0,,0,,0,0,0,0,1,ok-seb,2026-09-12T03:07:18+00:00
2026,OK,40125,Pottawatomie County,2026-09-13,51,0,,0,,0,0,0,0,1,ok-seb,2026-09-13T03:09:07+00:00
2026,OK,40125,Pottawatomie County,2026-09-14,50,0,,0,,0,0,0,0,1,ok-seb,2026-09-14T03:22:15+00:00
2026,OK,40125,Pottawatomie County,2026-09-15,49,0,,0,,0,0,0,0,1,ok-seb,2026-09-15T00:16:58+00:00
2026,OK,40125,Pottawatomie County,2026-09-16,48,0,,0,,0,0,0,0,1,ok-seb,2026-09-16T04:08:20+00:00
2026,OK,40125,Pottawatomie County,2026-09-17,47,0,,0,,0,0,0,0,1,ok-seb,2026-09-17T00:04:50+00:00
2026,OK,40125,Pottawatomie County,2026-09-18,46,0,,0,,0,0,0,0,1,ok-seb,2026-09-18T03:11:44+00:00
2026,OK,40125,Pottawatomie County,2026-09-19,45,0,,0,,0,0,0,0,1,ok-seb,2026-09-19T03:08:05+00:00
2026,OK,40125,Pottawatomie County,2026-09-20,44,0,,0,,0,0,0,0,1,ok-seb,2026-09-20T03:24:24+00:00
2026,OK,40125,Pottawatomie County,2026-09-21,43,0,,0,,0,0,0,0,1,ok-seb,2026-09-21T03:19:32+00:00
2026,OK,40125,Pottawatomie County,2026-09-22,42,16,,16,,7,8,0,1,1,ok-seb,2026-09-22T07:18:19+00:00
2026,OK,40125,Pottawatomie County,2026-09-23,41,17,,17,,7,9,0,1,1,ok-seb,2026-09-23T04:34:25+00:00
2026,OK,40125,Pottawatomie County,2026-09-24,40,23,,23,,11,11,0,1,1,ok-seb,2026-09-24T07:11:28+00:00
2026,OK,40127,Pushmataha County,2026-09-12,52,0,,0,,0,0,0,0,1,ok-seb,2026-09-12T03:07:18+00:00
2026,OK,40127,Pushmataha County,2026-09-13,51,0,,0,,0,0,0,0,1,ok-seb,2026-09-13T03:09:07+00:00
2026,OK,40127,Pushmataha County,2026-09-14,50,0,,0,,0,0,0,0,1,ok-seb,2026-09-14T03:22:15+00:00
2026,OK,40127,Pushmataha County,2026-09-15,49,0,,0,,0,0,0,0,1,ok-seb,2026-09-15T00:16:58+00:00
2026,OK,40127,Pushmataha County,2026-09-16,48,0,,0,,0,0,0,0,1,ok-seb,2026-09-16T04:08:20+00:00
2026,OK,40127,Pushmataha County,2026-09-17,47,0,,0,,0,0,0,0,1,ok-seb,2026-09-17T00:04:50+00:00
2026,OK,40127,Pushmataha County,2026-09-18,46,0,,0,,0,0,0,0,1,ok-seb,2026-09-18T03:11:44+00:00
2026,OK,40127,Pushmataha County,2026-09-19,45,0,,0,,0,0,0,0,1,ok-seb,2026-09-19T03:08:05+00:00
2026,OK,40127,Pushmataha County,2026-09-20,44,0,,0,,0,0,0,0,1,ok-seb,2026-09-20T03:24:24+00:00
2026,OK,40127,Pushmataha County,2026-09-21,43,0,,0,,0,0,0,0,1,ok-seb,2026-09-21T03:19:32+00:00
2026,OK,40127,Pushmataha County,2026-09-22,42,2,,2,,1,1,0,0,1,ok-seb,2026-09-22T20:56:46+00:00
2026,OK,40127,Pushmataha County,2026-09-23,41,2,,2,,1,1,0,0,1,ok-seb,2026-09-23T04:34:25+00:00
2026,OK,40127,Pushmataha County,2026-09-24,40,4,,4,,2,1,0,1,1,ok-seb,2026-09-24T07:11:28+00:00
2026,OK,40129,Roger Mills County,2026-09-12,52,0,,0,,0,0,0,0,1,ok-seb,2026-09-12T03:07:18+00:00
2026,OK,40129,Roger Mills County,2026-09-13,51,0,,0,,0,0,0,0,1,ok-seb,2026-09-13T03:09:07+00:00
2026,OK,40129,Roger Mills County,2026-09-14,50,0,,0,,0,0,0,0,1,ok-seb,2026-09-14T03:22:15+00:00
2026,OK,40129,Roger Mills County,2026-09-15,49,0,,0,,0,0,0,0,1,ok-seb,2026-09-15T00:16:58+00:00
2026,OK,40129,Roger Mills County,2026-09-16,48,0,,0,,0,0,0,0,1,ok-seb,2026-09-16T04:08:20+00:00
2026,OK,40129,Roger Mills County,2026-09-17,47,0,,0,,0,0,0,0,1,ok-seb,2026-09-17T00:04:50+00:00
2026,OK,40129,Roger Mills County,2026-09-18,46,0,,0,,0,0,0,0,1,ok-seb,2026-09-18T03:11:44+00:00
2026,OK,40129,Roger Mills County,2026-09-19,45,0,,0,,0,0,0,0,1,ok-seb,2026-09-19T03:08:05+00:00
2026,OK,40129,Roger Mills County,2026-09-20,44,0,,0,,0,0,0,0,1,ok-seb,2026-09-20T03:24:24+00:00
2026,OK,40129,Roger Mills County,2026-09-21,43,0,,0,,0,0,0,0,1,ok-seb,2026-09-21T03:19:32+00:00
2026,OK,40129,Roger Mills County,2026-09-22,42,1,,1,,1,0,0,0,1,ok-seb,2026-09-22T20:56:46+00:00
2026,OK,40129,Roger Mills County,2026-09-23,41,1,,1,,1,0,0,0,1,ok-seb,2026-09-23T04:34:25+00:00
2026,OK,40129,Roger Mills County,2026-09-24,40,1,,1,,1,0,0,0,1,ok-seb,2026-09-24T00:14:04+00:00
2026,OK,40131,Rogers County,2026-09-15,49,0,,0,,0,0,0,0,1,ok-seb,2026-09-15T07:11:19+00:00
2026,OK,40131,Rogers County,2026-09-16,48,0,,0,,0,0,0,0,1,ok-seb,2026-09-16T04:08:20+00:00
2026,OK,40131,Rogers County,2026-09-17,47,0,,0,,0,0,0,0,1,ok-seb,2026-09-17T00:04:50+00:00
2026,OK,40131,Rogers County,2026-09-18,46,0,,0,,0,0,0,0,1,ok-seb,2026-09-18T03:11:44+00:00
2026,OK,40131,Rogers County,2026-09-19,45,0,,0,,0,0,0,0,1,ok-seb,2026-09-19T03:08:05+00:00
2026,OK,40131,Rogers County,2026-09-20,44,0,,0,,0,0,0,0,1,ok-seb,2026-09-20T03:24:24+00:00
2026,OK,40131,Rogers County,2026-09-21,43,0,,0,,0,0,0,0,1,ok-seb,2026-09-21T03:19:32+00:00
2026,OK,40131,Rogers County,2026-09-22,42,0,,0,,0,0,0,0,1,ok-seb,2026-09-22T00:36:05+00:00
2026,OK,40131,Rogers County,2026-09-23,41,0,,0,,0,0,0,0,1,ok-seb,2026-09-23T04:34:25+00:00
2026,OK,40131,Rogers County,2026-09-24,40,0,,0,,0,0,0,0,1,ok-seb,2026-09-24T00:14:04+00:00
2026,OK,40133,Seminole County,2026-09-12,52,0,,0,,0,0,0,0,1,ok-seb,2026-09-12T03:07:18+00:00
2026,OK,40133,Seminole County,2026-09-13,51,0,,0,,0,0,0,0,1,ok-seb,2026-09-13T03:09:07+00:00
2026,OK,40133,Seminole County,2026-09-14,50,0,,0,,0,0,0,0,1,ok-seb,2026-09-14T03:22:15+00:00
2026,OK,40133,Seminole County,2026-09-15,49,0,,0,,0,0,0,0,1,ok-seb,2026-09-15T00:16:58+00:00
2026,OK,40133,Seminole County,2026-09-16,48,0,,0,,0,0,0,0,1,ok-seb,2026-09-16T04:08:20+00:00
2026,OK,40133,Seminole County,2026-09-17,47,5,,5,,2,3,0,0,1,ok-seb,2026-09-17T05:45:46+00:00
2026,OK,40133,Seminole County,2026-09-18,46,6,,6,,2,4,0,0,1,ok-seb,2026-09-18T03:11:44+00:00
2026,OK,40133,Seminole County,2026-09-19,45,6,,6,,2,4,0,0,1,ok-seb,2026-09-19T03:08:05+00:00
2026,OK,40133,Seminole County,2026-09-20,44,6,,6,,2,4,0,0,1,ok-seb,2026-09-20T03:24:24+00:00
2026,OK,40133,Seminole County,2026-09-21,43,6,,6,,2,4,0,0,1,ok-seb,2026-09-21T03:19:32+00:00
2026,OK,40133,Seminole County,2026-09-22,42,13,,13,,4,9,0,0,1,ok-seb,2026-09-22T07:18:19+00:00
2026,OK,40133,Seminole County,2026-09-23,41,13,,13,,4,9,0,0,1,ok-seb,2026-09-23T04:34:25+00:00
2026,OK,40133,Seminole County,2026-09-24,40,14,,14,,4,9,0,1,1,ok-seb,2026-09-24T07:11:28+00:00
2026,OK,40135,Sequoyah County,2026-09-12,52,0,,0,,0,0,0,0,1,ok-seb,2026-09-12T03:07:18+00:00
2026,OK,40135,Sequoyah County,2026-09-13,51,0,,0,,0,0,0,0,1,ok-seb,2026-09-13T03:09:07+00:00
2026,OK,40135,Sequoyah County,2026-09-14,50,0,,0,,0,0,0,0,1,ok-seb,2026-09-14T03:22:15+00:00
2026,OK,40135,Sequoyah County,2026-09-15,49,0,,0,,0,0,0,0,1,ok-seb,2026-09-15T00:16:58+00:00
2026,OK,40135,Sequoyah County,2026-09-16,48,0,,0,,0,0,0,0,1,ok-seb,2026-09-16T04:08:20+00:00
2026,OK,40135,Sequoyah County,2026-09-17,47,1,,1,,0,1,0,0,1,ok-seb,2026-09-17T05:45:46+00:00
2026,OK,40135,Sequoyah County,2026-09-18,46,5,,5,,0,5,0,0,1,ok-seb,2026-09-18T03:11:44+00:00
2026,OK,40135,Sequoyah County,2026-09-19,45,10,,10,,3,5,0,2,1,ok-seb,2026-09-19T03:08:05+00:00
2026,OK,40135,Sequoyah County,2026-09-20,44,10,,10,,3,5,0,2,1,ok-seb,2026-09-20T03:24:24+00:00
2026,OK,40135,Sequoyah County,2026-09-21,43,10,,10,,3,5,0,2,1,ok-seb,2026-09-21T03:19:32+00:00
2026,OK,40135,Sequoyah County,2026-09-22,42,17,,17,,5,8,0,4,1,ok-seb,2026-09-22T20:56:46+00:00
2026,OK,40135,Sequoyah County,2026-09-23,41,17,,17,,5,8,0,4,1,ok-seb,2026-09-23T04:34:25+00:00
2026,OK,40135,Sequoyah County,2026-09-24,40,23,,23,,7,12,0,4,1,ok-seb,2026-09-24T07:11:28+00:00
2026,OK,40137,Stephens County,2026-09-12,52,0,,0,,0,0,0,0,1,ok-seb,2026-09-12T03:07:18+00:00
2026,OK,40137,Stephens County,2026-09-13,51,0,,0,,0,0,0,0,1,ok-seb,2026-09-13T03:09:07+00:00
2026,OK,40137,Stephens County,2026-09-14,50,0,,0,,0,0,0,0,1,ok-seb,2026-09-14T03:22:15+00:00
2026,OK,40137,Stephens County,2026-09-15,49,0,,0,,0,0,0,0,1,ok-seb,2026-09-15T00:16:58+00:00
2026,OK,40137,Stephens County,2026-09-16,48,0,,0,,0,0,0,0,1,ok-seb,2026-09-16T04:08:20+00:00
2026,OK,40137,Stephens County,2026-09-17,47,6,,6,,2,3,0,1,1,ok-seb,2026-09-17T05:45:46+00:00
2026,OK,40137,Stephens County,2026-09-18,46,8,,8,,4,3,0,1,1,ok-seb,2026-09-18T03:11:44+00:00
2026,OK,40137,Stephens County,2026-09-19,45,12,,12,,4,7,0,1,1,ok-seb,2026-09-19T03:08:05+00:00
2026,OK,40137,Stephens County,2026-09-20,44,12,,12,,4,7,0,1,1,ok-seb,2026-09-20T03:24:24+00:00
2026,OK,40137,Stephens County,2026-09-21,43,12,,12,,4,7,0,1,1,ok-seb,2026-09-21T03:19:32+00:00
2026,OK,40137,Stephens County,2026-09-22,42,16,,16,,4,9,0,3,1,ok-seb,2026-09-22T07:18:19+00:00
2026,OK,40137,Stephens County,2026-09-23,41,17,,17,,4,9,0,4,1,ok-seb,2026-09-23T04:34:25+00:00
2026,OK,40137,Stephens County,2026-09-24,40,19,,19,,5,10,0,4,1,ok-seb,2026-09-24T07:11:28+00:00
2026,OK,40139,Texas County,2026-09-12,52,0,,0,,0,0,0,0,1,ok-seb,2026-09-12T03:07:18+00:00
2026,OK,40139,Texas County,2026-09-13,51,0,,0,,0,0,0,0,1,ok-seb,2026-09-13T03:09:07+00:00
2026,OK,40139,Texas County,2026-09-14,50,0,,0,,0,0,0,0,1,ok-seb,2026-09-14T03:22:15+00:00
2026,OK,40139,Texas County,2026-09-15,49,2,,2,,0,2,0,0,1,ok-seb,2026-09-15T07:11:19+00:00
2026,OK,40139,Texas County,2026-09-16,48,4,,4,,1,3,0,0,1,ok-seb,2026-09-16T04:08:20+00:00
2026,OK,40139,Texas County,2026-09-17,47,4,,4,,1,3,0,0,1,ok-seb,2026-09-17T00:04:50+00:00
2026,OK,40139,Texas County,2026-09-18,46,4,,4,,1,3,0,0,1,ok-seb,2026-09-18T03:11:44+00:00
2026,OK,40139,Texas County,2026-09-19,45,4,,4,,1,3,0,0,1,ok-seb,2026-09-19T03:08:05+00:00
2026,OK,40139,Texas County,2026-09-20,44,4,,4,,1,3,0,0,1,ok-seb,2026-09-20T03:24:24+00:00
2026,OK,40139,Texas County,2026-09-21,43,4,,4,,1,3,0,0,1,ok-seb,2026-09-21T03:19:32+00:00
2026,OK,40139,Texas County,2026-09-22,42,5,,5,,1,4,0,0,1,ok-seb,2026-09-22T07:18:19+00:00
2026,OK,40139,Texas County,2026-09-23,41,5,,5,,1,4,0,0,1,ok-seb,2026-09-23T04:34:25+00:00
2026,OK,40139,Texas County,2026-09-24,40,5,,5,,1,4,0,0,1,ok-seb,2026-09-24T00:14:04+00:00
2026,OK,40141,Tillman County,2026-09-12,52,0,,0,,0,0,0,0,1,ok-seb,2026-09-12T03:07:18+00:00
2026,OK,40141,Tillman County,2026-09-13,51,0,,0,,0,0,0,0,1,ok-seb,2026-09-13T03:09:07+00:00
2026,OK,40141,Tillman County,2026-09-14,50,0,,0,,0,0,0,0,1,ok-seb,2026-09-14T03:22:15+00:00
2026,OK,40141,Tillman County,2026-09-15,49,0,,0,,0,0,0,0,1,ok-seb,2026-09-15T00:16:58+00:00
2026,OK,40141,Tillman County,2026-09-16,48,1,,1,,1,0,0,0,1,ok-seb,2026-09-16T04:08:20+00:00
2026,OK,40141,Tillman County,2026-09-17,47,1,,1,,1,0,0,0,1,ok-seb,2026-09-17T00:04:50+00:00
2026,OK,40141,Tillman County,2026-09-18,46,1,,1,,1,0,0,0,1,ok-seb,2026-09-18T03:11:44+00:00
2026,OK,40141,Tillman County,2026-09-19,45,2,,2,,2,0,0,0,1,ok-seb,2026-09-19T03:08:05+00:00
2026,OK,40141,Tillman County,2026-09-20,44,2,,2,,2,0,0,0,1,ok-seb,2026-09-20T03:24:24+00:00
2026,OK,40141,Tillman County,2026-09-21,43,2,,2,,2,0,0,0,1,ok-seb,2026-09-21T03:19:32+00:00
2026,OK,40141,Tillman County,2026-09-22,42,4,,4,,4,0,0,0,1,ok-seb,2026-09-22T07:18:19+00:00
2026,OK,40141,Tillman County,2026-09-23,41,4,,4,,4,0,0,0,1,ok-seb,2026-09-23T04:34:25+00:00
2026,OK,40141,Tillman County,2026-09-24,40,6,,6,,6,0,0,0,1,ok-seb,2026-09-24T07:11:28+00:00
2026,OK,40143,Tulsa County,2026-09-16,48,0,,0,,0,0,0,0,1,ok-seb,2026-09-16T04:08:20+00:00
2026,OK,40143,Tulsa County,2026-09-17,47,0,,0,,0,0,0,0,1,ok-seb,2026-09-17T00:04:50+00:00
2026,OK,40143,Tulsa County,2026-09-18,46,0,,0,,0,0,0,0,1,ok-seb,2026-09-18T03:11:44+00:00
2026,OK,40143,Tulsa County,2026-09-19,45,0,,0,,0,0,0,0,1,ok-seb,2026-09-19T03:08:05+00:00
2026,OK,40143,Tulsa County,2026-09-20,44,0,,0,,0,0,0,0,1,ok-seb,2026-09-20T03:24:24+00:00
2026,OK,40143,Tulsa County,2026-09-21,43,0,,0,,0,0,0,0,1,ok-seb,2026-09-21T03:19:32+00:00
2026,OK,40143,Tulsa County,2026-09-22,42,1,,1,,0,0,0,1,1,ok-seb,2026-09-22T07:18:19+00:00
2026,OK,40143,Tulsa County,2026-09-23,41,1,,1,,0,0,0,1,1,ok-seb,2026-09-23T04:34:25+00:00
2026,OK,40143,Tulsa County,2026-09-24,40,3,,3,,0,1,0,2,1,ok-seb,2026-09-24T07:11:28+00:00
2026,OK,40145,Wagoner County,2026-09-12,52,0,,0,,0,0,0,0,1,ok-seb,2026-09-12T03:07:18+00:00
2026,OK,40145,Wagoner County,2026-09-13,51,0,,0,,0,0,0,0,1,ok-seb,2026-09-13T03:09:07+00:00
2026,OK,40145,Wagoner County,2026-09-14,50,0,,0,,0,0,0,0,1,ok-seb,2026-09-14T03:22:15+00:00
2026,OK,40145,Wagoner County,2026-09-15,49,0,,0,,0,0,0,0,1,ok-seb,2026-09-15T00:16:58+00:00
2026,OK,40145,Wagoner County,2026-09-16,48,0,,0,,0,0,0,0,1,ok-seb,2026-09-16T04:08:20+00:00
2026,OK,40145,Wagoner County,2026-09-17,47,0,,0,,0,0,0,0,1,ok-seb,2026-09-17T00:04:50+00:00
2026,OK,40145,Wagoner County,2026-09-18,46,0,,0,,0,0,0,0,1,ok-seb,2026-09-18T03:11:44+00:00
2026,OK,40145,Wagoner County,2026-09-19,45,0,,0,,0,0,0,0,1,ok-seb,2026-09-19T03:08:05+00:00
2026,OK,40145,Wagoner County,2026-09-20,44,0,,0,,0,0,0,0,1,ok-seb,2026-09-20T03:24:24+00:00
2026,OK,40145,Wagoner County,2026-09-21,43,0,,0,,0,0,0,0,1,ok-seb,2026-09-21T03:19:32+00:00
2026,OK,40145,Wagoner County,2026-09-22,42,0,,0,,0,0,0,0,1,ok-seb,2026-09-22T00:36:05+00:00
2026,OK,40145,Wagoner County,2026-09-23,41,0,,0,,0,0,0,0,1,ok-seb,2026-09-23T04:34:25+00:00
2026,OK,40145,Wagoner County,2026-09-24,40,2,,2,,0,2,0,0,1,ok-seb,2026-09-24T07:11:28+00:00
2026,OK,40147,Washington County,2026-09-12,52,0,,0,,0,0,0,0,1,ok-seb,2026-09-12T03:07:18+00:00
2026,OK,40147,Washington County,2026-09-13,51,0,,0,,0,0,0,0,1,ok-seb,2026-09-13T03:09:07+00:00
2026,OK,40147,Washington County,2026-09-14,50,0,,0,,0,0,0,0,1,ok-seb,2026-09-14T03:22:15+00:00
2026,OK,40147,Washington County,2026-09-15,49,0,,0,,0,0,0,0,1,ok-seb,2026-09-15T00:16:58+00:00
2026,OK,40147,Washington County,2026-09-16,48,1,,1,,1,0,0,0,1,ok-seb,2026-09-16T04:08:20+00:00
2026,OK,40147,Washington County,2026-09-17,47,2,,2,,2,0,0,0,1,ok-seb,2026-09-17T05:45:46+00:00
2026,OK,40147,Washington County,2026-09-18,46,7,,7,,3,4,0,0,1,ok-seb,2026-09-18T03:11:44+00:00
2026,OK,40147,Washington County,2026-09-19,45,8,,8,,4,4,0,0,1,ok-seb,2026-09-19T03:08:05+00:00
2026,OK,40147,Washington County,2026-09-20,44,8,,8,,4,4,0,0,1,ok-seb,2026-09-20T03:24:24+00:00
2026,OK,40147,Washington County,2026-09-21,43,8,,8,,4,4,0,0,1,ok-seb,2026-09-21T03:19:32+00:00
2026,OK,40147,Washington County,2026-09-22,42,15,,15,,9,6,0,0,1,ok-seb,2026-09-22T07:18:19+00:00
2026,OK,40147,Washington County,2026-09-23,41,17,,17,,9,8,0,0,1,ok-seb,2026-09-23T04:34:25+00:00
2026,OK,40147,Washington County,2026-09-24,40,22,,22,,12,10,0,0,1,ok-seb,2026-09-24T07:11:28+00:00
2026,OK,40149,Washita County,2026-09-12,52,0,,0,,0,0,0,0,1,ok-seb,2026-09-12T03:07:18+00:00
2026,OK,40149,Washita County,2026-09-13,51,0,,0,,0,0,0,0,1,ok-seb,2026-09-13T03:09:07+00:00
2026,OK,40149,Washita County,2026-09-14,50,0,,0,,0,0,0,0,1,ok-seb,2026-09-14T03:22:15+00:00
2026,OK,40149,Washita County,2026-09-15,49,0,,0,,0,0,0,0,1,ok-seb,2026-09-15T00:16:58+00:00
2026,OK,40149,Washita County,2026-09-16,48,0,,0,,0,0,0,0,1,ok-seb,2026-09-16T04:08:20+00:00
2026,OK,40149,Washita County,2026-09-17,47,1,,1,,1,0,0,0,1,ok-seb,2026-09-17T05:45:46+00:00
2026,OK,40149,Washita County,2026-09-18,46,1,,1,,1,0,0,0,1,ok-seb,2026-09-18T03:11:44+00:00
2026,OK,40149,Washita County,2026-09-19,45,3,,3,,3,0,0,0,1,ok-seb,2026-09-19T03:08:05+00:00
2026,OK,40149,Washita County,2026-09-20,44,3,,3,,3,0,0,0,1,ok-seb,2026-09-20T03:24:24+00:00
2026,OK,40149,Washita County,2026-09-21,43,3,,3,,3,0,0,0,1,ok-seb,2026-09-21T03:19:32+00:00
2026,OK,40149,Washita County,2026-09-22,42,7,,7,,4,3,0,0,1,ok-seb,2026-09-22T07:18:19+00:00
2026,OK,40149,Washita County,2026-09-23,41,7,,7,,4,3,0,0,1,ok-seb,2026-09-23T04:34:25+00:00
2026,OK,40149,Washita County,2026-09-24,40,7,,7,,4,3,0,0,1,ok-seb,2026-09-24T00:14:04+00:00
2026,OK,40151,Woods County,2026-09-15,49,0,,0,,0,0,0,0,1,ok-seb,2026-09-15T07:11:19+00:00
2026,OK,40151,Woods County,2026-09-16,48,0,,0,,0,0,0,0,1,ok-seb,2026-09-16T04:08:20+00:00
2026,OK,40151,Woods County,2026-09-17,47,0,,0,,0,0,0,0,1,ok-seb,2026-09-17T00:04:50+00:00
2026,OK,40151,Woods County,2026-09-18,46,0,,0,,0,0,0,0,1,ok-seb,2026-09-18T03:11:44+00:00
2026,OK,40151,Woods County,2026-09-19,45,0,,0,,0,0,0,0,1,ok-seb,2026-09-19T03:08:05+00:00
2026,OK,40151,Woods County,2026-09-20,44,0,,0,,0,0,0,0,1,ok-seb,2026-09-20T03:24:24+00:00
2026,OK,40151,Woods County,2026-09-21,43,0,,0,,0,0,0,0,1,ok-seb,2026-09-21T03:19:32+00:00
2026,OK,40151,Woods County,2026-09-22,42,0,,0,,0,0,0,0,1,ok-seb,2026-09-22T00:36:05+00:00
2026,OK,40151,Woods County,2026-09-23,41,0,,0,,0,0,0,0,1,ok-seb,2026-09-23T04:34:25+00:00
2026,OK,40151,Woods County,2026-09-24,40,1,,1,,1,0,0,0,1,ok-seb,2026-09-24T07:11:28+00:00
2026,OK,40153,Woodward County,2026-09-12,52,0,,0,,0,0,0,0,1,ok-seb,2026-09-12T03:07:18+00:00
2026,OK,40153,Woodward County,2026-09-13,51,0,,0,,0,0,0,0,1,ok-seb,2026-09-13T03:09:07+00:00
2026,OK,40153,Woodward County,2026-09-14,50,0,,0,,0,0,0,0,1,ok-seb,2026-09-14T03:22:15+00:00
2026,OK,40153,Woodward County,2026-09-15,49,0,,0,,0,0,0,0,1,ok-seb,2026-09-15T00:16:58+00:00
2026,OK,40153,Woodward County,2026-09-16,48,0,,0,,0,0,0,0,1,ok-seb,2026-09-16T04:08:20+00:00
2026,OK,40153,Woodward County,2026-09-17,47,1,,1,,1,0,0,0,1,ok-seb,2026-09-17T05:45:46+00:00
2026,OK,40153,Woodward County,2026-09-18,46,3,,3,,1,2,0,0,1,ok-seb,2026-09-18T03:11:44+00:00
2026,OK,40153,Woodward County,2026-09-19,45,5,,5,,1,4,0,0,1,ok-seb,2026-09-19T03:08:05+00:00
2026,OK,40153,Woodward County,2026-09-20,44,5,,5,,1,4,0,0,1,ok-seb,2026-09-20T03:24:24+00:00
2026,OK,40153,Woodward County,2026-09-21,43,5,,5,,1,4,0,0,1,ok-seb,2026-09-21T03:19:32+00:00
2026,OK,40153,Woodward County,2026-09-22,42,7,,7,,3,4,0,0,1,ok-seb,2026-09-22T07:18:19+00:00
2026,OK,40153,Woodward County,2026-09-23,41,7,,7,,3,4,0,0,1,ok-seb,2026-09-23T04:34:25+00:00
2026,OK,40153,Woodward County,2026-09-24,40,8,,8,,3,5,0,0,1,ok-seb,2026-09-24T07:11:28+00:00
