cycle,state,county_fips,county_name,date,days_to_election,ballots_total,ballots_new,mail_returned,inperson,party_dem,party_rep,party_oth,party_npa,source_tier,source_name,retrieved_at
2022,SC,45001,Abbeville County,2022-10-07,32,1,,1,,,,,,1,sc-sec,2026-09-06T15:38:14+00:00
2022,SC,45001,Abbeville County,2022-10-10,29,1,,1,,,,,,1,sc-sec,2026-09-06T15:38:14+00:00
2022,SC,45001,Abbeville County,2022-10-14,25,1,,1,,,,,,1,sc-sec,2026-09-06T15:38:14+00:00
2022,SC,45001,Abbeville County,2022-10-17,22,3,,3,,,,,,1,sc-sec,2026-09-06T15:38:14+00:00
2022,SC,45001,Abbeville County,2022-10-18,21,15,,15,,,,,,1,sc-sec,2026-09-06T15:38:14+00:00
2022,SC,45001,Abbeville County,2022-10-19,20,23,,23,,,,,,1,sc-sec,2026-09-06T15:38:14+00:00
2022,SC,45001,Abbeville County,2022-10-20,19,36,,36,,,,,,1,sc-sec,2026-09-06T15:38:14+00:00
2022,SC,45001,Abbeville County,2022-10-21,18,37,,37,,,,,,1,sc-sec,2026-09-06T15:38:14+00:00
2022,SC,45001,Abbeville County,2022-10-25,14,,,49,,,,,,1,sc-sec,2026-09-06T15:38:14+00:00
2022,SC,45001,Abbeville County,2022-10-26,13,,,58,,,,,,1,sc-sec,2026-09-06T15:38:14+00:00
2022,SC,45001,Abbeville County,2022-10-27,12,,,79,,,,,,1,sc-sec,2026-09-06T15:38:14+00:00
2022,SC,45001,Abbeville County,2022-10-28,11,,,79,,,,,,1,sc-sec,2026-09-06T15:38:14+00:00
2022,SC,45001,Abbeville County,2022-10-31,8,,,108,,,,,,1,sc-sec,2026-09-06T15:38:14+00:00
2022,SC,45001,Abbeville County,2022-11-01,7,,,120,,,,,,1,sc-sec,2026-09-06T15:38:14+00:00
2022,SC,45001,Abbeville County,2022-11-02,6,,,130,,,,,,1,sc-sec,2026-09-06T15:38:14+00:00
2022,SC,45001,Abbeville County,2022-11-03,5,,,150,,,,,,1,sc-sec,2026-09-06T15:38:14+00:00
2022,SC,45001,Abbeville County,2022-11-04,4,,,164,,,,,,1,sc-sec,2026-09-06T15:38:14+00:00
2022,SC,45001,Abbeville County,2022-11-07,1,,,174,,,,,,1,sc-sec,2026-09-06T15:38:14+00:00
2022,SC,45001,Abbeville County,2022-11-08,0,,,176,,,,,,1,sc-sec,2026-09-06T15:38:14+00:00
2022,SC,45003,Aiken County,2022-10-07,32,16,,16,,,,,,1,sc-sec,2026-09-06T15:38:14+00:00
2022,SC,45003,Aiken County,2022-10-10,29,20,,20,,,,,,1,sc-sec,2026-09-06T15:38:14+00:00
2022,SC,45003,Aiken County,2022-10-14,25,22,,22,,,,,,1,sc-sec,2026-09-06T15:38:14+00:00
2022,SC,45003,Aiken County,2022-10-17,22,127,,127,,,,,,1,sc-sec,2026-09-06T15:38:14+00:00
2022,SC,45003,Aiken County,2022-10-18,21,301,,301,,,,,,1,sc-sec,2026-09-06T15:38:14+00:00
2022,SC,45003,Aiken County,2022-10-19,20,315,,315,,,,,,1,sc-sec,2026-09-06T15:38:14+00:00
2022,SC,45003,Aiken County,2022-10-20,19,392,,392,,,,,,1,sc-sec,2026-09-06T15:38:14+00:00
2022,SC,45003,Aiken County,2022-10-21,18,408,,408,,,,,,1,sc-sec,2026-09-06T15:38:14+00:00
2022,SC,45003,Aiken County,2022-10-25,14,,,603,,,,,,1,sc-sec,2026-09-06T15:38:14+00:00
2022,SC,45003,Aiken County,2022-10-26,13,,,639,,,,,,1,sc-sec,2026-09-06T15:38:14+00:00
2022,SC,45003,Aiken County,2022-10-27,12,,,695,,,,,,1,sc-sec,2026-09-06T15:38:14+00:00
2022,SC,45003,Aiken County,2022-10-28,11,,,799,,,,,,1,sc-sec,2026-09-06T15:38:14+00:00
2022,SC,45003,Aiken County,2022-10-31,8,,,870,,,,,,1,sc-sec,2026-09-06T15:38:14+00:00
2022,SC,45003,Aiken County,2022-11-01,7,,,973,,,,,,1,sc-sec,2026-09-06T15:38:14+00:00
2022,SC,45003,Aiken County,2022-11-02,6,,,1003,,,,,,1,sc-sec,2026-09-06T15:38:14+00:00
2022,SC,45003,Aiken County,2022-11-03,5,,,1208,,,,,,1,sc-sec,2026-09-06T15:38:14+00:00
2022,SC,45003,Aiken County,2022-11-04,4,,,1302,,,,,,1,sc-sec,2026-09-06T15:38:14+00:00
2022,SC,45003,Aiken County,2022-11-07,1,,,1332,,,,,,1,sc-sec,2026-09-06T15:38:14+00:00
2022,SC,45003,Aiken County,2022-11-08,0,,,1479,,,,,,1,sc-sec,2026-09-06T15:38:14+00:00
2022,SC,45005,Allendale County,2022-10-07,32,0,,0,,,,,,1,sc-sec,2026-09-06T15:38:14+00:00
2022,SC,45005,Allendale County,2022-10-10,29,0,,0,,,,,,1,sc-sec,2026-09-06T15:38:14+00:00
2022,SC,45005,Allendale County,2022-10-14,25,0,,0,,,,,,1,sc-sec,2026-09-06T15:38:14+00:00
2022,SC,45005,Allendale County,2022-10-17,22,9,,9,,,,,,1,sc-sec,2026-09-06T15:38:14+00:00
2022,SC,45005,Allendale County,2022-10-18,21,14,,14,,,,,,1,sc-sec,2026-09-06T15:38:14+00:00
2022,SC,45005,Allendale County,2022-10-19,20,14,,14,,,,,,1,sc-sec,2026-09-06T15:38:14+00:00
2022,SC,45005,Allendale County,2022-10-20,19,14,,14,,,,,,1,sc-sec,2026-09-06T15:38:14+00:00
2022,SC,45005,Allendale County,2022-10-21,18,14,,14,,,,,,1,sc-sec,2026-09-06T15:38:14+00:00
2022,SC,45005,Allendale County,2022-10-25,14,,,17,,,,,,1,sc-sec,2026-09-06T15:38:14+00:00
2022,SC,45005,Allendale County,2022-10-26,13,,,17,,,,,,1,sc-sec,2026-09-06T15:38:14+00:00
2022,SC,45005,Allendale County,2022-10-27,12,,,22,,,,,,1,sc-sec,2026-09-06T15:38:14+00:00
2022,SC,45005,Allendale County,2022-10-28,11,,,24,,,,,,1,sc-sec,2026-09-06T15:38:14+00:00
2022,SC,45005,Allendale County,2022-10-31,8,,,29,,,,,,1,sc-sec,2026-09-06T15:38:14+00:00
2022,SC,45005,Allendale County,2022-11-01,7,,,38,,,,,,1,sc-sec,2026-09-06T15:38:14+00:00
2022,SC,45005,Allendale County,2022-11-02,6,,,41,,,,,,1,sc-sec,2026-09-06T15:38:14+00:00
2022,SC,45005,Allendale County,2022-11-03,5,,,42,,,,,,1,sc-sec,2026-09-06T15:38:14+00:00
2022,SC,45005,Allendale County,2022-11-04,4,,,42,,,,,,1,sc-sec,2026-09-06T15:38:14+00:00
2022,SC,45005,Allendale County,2022-11-07,1,,,44,,,,,,1,sc-sec,2026-09-06T15:38:14+00:00
2022,SC,45005,Allendale County,2022-11-08,0,,,46,,,,,,1,sc-sec,2026-09-06T15:38:14+00:00
2022,SC,45007,Anderson County,2022-10-07,32,19,,19,,,,,,1,sc-sec,2026-09-06T15:38:14+00:00
2022,SC,45007,Anderson County,2022-10-10,29,19,,19,,,,,,1,sc-sec,2026-09-06T15:38:14+00:00
2022,SC,45007,Anderson County,2022-10-14,25,21,,21,,,,,,1,sc-sec,2026-09-06T15:38:14+00:00
2022,SC,45007,Anderson County,2022-10-17,22,144,,144,,,,,,1,sc-sec,2026-09-06T15:38:14+00:00
2022,SC,45007,Anderson County,2022-10-18,21,183,,183,,,,,,1,sc-sec,2026-09-06T15:38:14+00:00
2022,SC,45007,Anderson County,2022-10-19,20,194,,194,,,,,,1,sc-sec,2026-09-06T15:38:14+00:00
2022,SC,45007,Anderson County,2022-10-20,19,367,,367,,,,,,1,sc-sec,2026-09-06T15:38:14+00:00
2022,SC,45007,Anderson County,2022-10-21,18,506,,506,,,,,,1,sc-sec,2026-09-06T15:38:14+00:00
2022,SC,45007,Anderson County,2022-10-25,14,,,653,,,,,,1,sc-sec,2026-09-06T15:38:14+00:00
2022,SC,45007,Anderson County,2022-10-26,13,,,879,,,,,,1,sc-sec,2026-09-06T15:38:14+00:00
2022,SC,45007,Anderson County,2022-10-27,12,,,896,,,,,,1,sc-sec,2026-09-06T15:38:14+00:00
2022,SC,45007,Anderson County,2022-10-28,11,,,908,,,,,,1,sc-sec,2026-09-06T15:38:14+00:00
2022,SC,45007,Anderson County,2022-10-31,8,,,1024,,,,,,1,sc-sec,2026-09-06T15:38:14+00:00
2022,SC,45007,Anderson County,2022-11-01,7,,,1268,,,,,,1,sc-sec,2026-09-06T15:38:14+00:00
2022,SC,45007,Anderson County,2022-11-02,6,,,1321,,,,,,1,sc-sec,2026-09-06T15:38:14+00:00
2022,SC,45007,Anderson County,2022-11-03,5,,,1455,,,,,,1,sc-sec,2026-09-06T15:38:14+00:00
2022,SC,45007,Anderson County,2022-11-04,4,,,1467,,,,,,1,sc-sec,2026-09-06T15:38:14+00:00
2022,SC,45007,Anderson County,2022-11-07,1,,,1588,,,,,,1,sc-sec,2026-09-06T15:38:14+00:00
2022,SC,45007,Anderson County,2022-11-08,0,,,1627,,,,,,1,sc-sec,2026-09-06T15:38:14+00:00
2022,SC,45009,Bamberg County,2022-10-07,32,0,,0,,,,,,1,sc-sec,2026-09-06T15:38:14+00:00
2022,SC,45009,Bamberg County,2022-10-10,29,0,,0,,,,,,1,sc-sec,2026-09-06T15:38:14+00:00
2022,SC,45009,Bamberg County,2022-10-14,25,0,,0,,,,,,1,sc-sec,2026-09-06T15:38:14+00:00
2022,SC,45009,Bamberg County,2022-10-17,22,7,,7,,,,,,1,sc-sec,2026-09-06T15:38:14+00:00
2022,SC,45009,Bamberg County,2022-10-18,21,94,,94,,,,,,1,sc-sec,2026-09-06T15:38:14+00:00
2022,SC,45009,Bamberg County,2022-10-19,20,109,,109,,,,,,1,sc-sec,2026-09-06T15:38:14+00:00
2022,SC,45009,Bamberg County,2022-10-20,19,137,,137,,,,,,1,sc-sec,2026-09-06T15:38:14+00:00
2022,SC,45009,Bamberg County,2022-10-21,18,141,,141,,,,,,1,sc-sec,2026-09-06T15:38:14+00:00
2022,SC,45009,Bamberg County,2022-10-25,14,,,158,,,,,,1,sc-sec,2026-09-06T15:38:14+00:00
2022,SC,45009,Bamberg County,2022-10-26,13,,,173,,,,,,1,sc-sec,2026-09-06T15:38:14+00:00
2022,SC,45009,Bamberg County,2022-10-27,12,,,183,,,,,,1,sc-sec,2026-09-06T15:38:14+00:00
2022,SC,45009,Bamberg County,2022-10-28,11,,,183,,,,,,1,sc-sec,2026-09-06T15:38:14+00:00
2022,SC,45009,Bamberg County,2022-10-31,8,,,191,,,,,,1,sc-sec,2026-09-06T15:38:14+00:00
2022,SC,45009,Bamberg County,2022-11-01,7,,,198,,,,,,1,sc-sec,2026-09-06T15:38:14+00:00
2022,SC,45009,Bamberg County,2022-11-02,6,,,214,,,,,,1,sc-sec,2026-09-06T15:38:14+00:00
2022,SC,45009,Bamberg County,2022-11-03,5,,,224,,,,,,1,sc-sec,2026-09-06T15:38:14+00:00
2022,SC,45009,Bamberg County,2022-11-04,4,,,236,,,,,,1,sc-sec,2026-09-06T15:38:14+00:00
2022,SC,45009,Bamberg County,2022-11-07,1,,,248,,,,,,1,sc-sec,2026-09-06T15:38:14+00:00
2022,SC,45009,Bamberg County,2022-11-08,0,,,250,,,,,,1,sc-sec,2026-09-06T15:38:14+00:00
2022,SC,45011,Barnwell County,2022-10-07,32,3,,3,,,,,,1,sc-sec,2026-09-06T15:38:14+00:00
2022,SC,45011,Barnwell County,2022-10-10,29,3,,3,,,,,,1,sc-sec,2026-09-06T15:38:14+00:00
2022,SC,45011,Barnwell County,2022-10-14,25,6,,6,,,,,,1,sc-sec,2026-09-06T15:38:14+00:00
2022,SC,45011,Barnwell County,2022-10-17,22,25,,25,,,,,,1,sc-sec,2026-09-06T15:38:14+00:00
2022,SC,45011,Barnwell County,2022-10-18,21,43,,43,,,,,,1,sc-sec,2026-09-06T15:38:14+00:00
2022,SC,45011,Barnwell County,2022-10-19,20,45,,45,,,,,,1,sc-sec,2026-09-06T15:38:14+00:00
2022,SC,45011,Barnwell County,2022-10-20,19,57,,57,,,,,,1,sc-sec,2026-09-06T15:38:14+00:00
2022,SC,45011,Barnwell County,2022-10-21,18,70,,70,,,,,,1,sc-sec,2026-09-06T15:38:14+00:00
2022,SC,45011,Barnwell County,2022-10-25,14,,,77,,,,,,1,sc-sec,2026-09-06T15:38:14+00:00
2022,SC,45011,Barnwell County,2022-10-26,13,,,82,,,,,,1,sc-sec,2026-09-06T15:38:14+00:00
2022,SC,45011,Barnwell County,2022-10-27,12,,,98,,,,,,1,sc-sec,2026-09-06T15:38:14+00:00
2022,SC,45011,Barnwell County,2022-10-28,11,,,100,,,,,,1,sc-sec,2026-09-06T15:38:14+00:00
2022,SC,45011,Barnwell County,2022-10-31,8,,,107,,,,,,1,sc-sec,2026-09-06T15:38:14+00:00
2022,SC,45011,Barnwell County,2022-11-01,7,,,109,,,,,,1,sc-sec,2026-09-06T15:38:14+00:00
2022,SC,45011,Barnwell County,2022-11-02,6,,,115,,,,,,1,sc-sec,2026-09-06T15:38:14+00:00
2022,SC,45011,Barnwell County,2022-11-03,5,,,121,,,,,,1,sc-sec,2026-09-06T15:38:14+00:00
2022,SC,45011,Barnwell County,2022-11-04,4,,,122,,,,,,1,sc-sec,2026-09-06T15:38:14+00:00
2022,SC,45011,Barnwell County,2022-11-07,1,,,123,,,,,,1,sc-sec,2026-09-06T15:38:14+00:00
2022,SC,45011,Barnwell County,2022-11-08,0,,,125,,,,,,1,sc-sec,2026-09-06T15:38:14+00:00
2022,SC,45013,Beaufort County,2022-10-07,32,25,,25,,,,,,1,sc-sec,2026-09-06T15:38:14+00:00
2022,SC,45013,Beaufort County,2022-10-10,29,25,,25,,,,,,1,sc-sec,2026-09-06T15:38:14+00:00
2022,SC,45013,Beaufort County,2022-10-14,25,25,,25,,,,,,1,sc-sec,2026-09-06T15:38:14+00:00
2022,SC,45013,Beaufort County,2022-10-17,22,46,,46,,,,,,1,sc-sec,2026-09-06T15:38:14+00:00
2022,SC,45013,Beaufort County,2022-10-18,21,160,,160,,,,,,1,sc-sec,2026-09-06T15:38:14+00:00
2022,SC,45013,Beaufort County,2022-10-19,20,306,,306,,,,,,1,sc-sec,2026-09-06T15:38:14+00:00
2022,SC,45013,Beaufort County,2022-10-20,19,361,,361,,,,,,1,sc-sec,2026-09-06T15:38:14+00:00
2022,SC,45013,Beaufort County,2022-10-21,18,537,,537,,,,,,1,sc-sec,2026-09-06T15:38:14+00:00
2022,SC,45013,Beaufort County,2022-10-25,14,,,1134,,,,,,1,sc-sec,2026-09-06T15:38:14+00:00
2022,SC,45013,Beaufort County,2022-10-26,13,,,1317,,,,,,1,sc-sec,2026-09-06T15:38:14+00:00
2022,SC,45013,Beaufort County,2022-10-27,12,,,1817,,,,,,1,sc-sec,2026-09-06T15:38:14+00:00
2022,SC,45013,Beaufort County,2022-10-28,11,,,1836,,,,,,1,sc-sec,2026-09-06T15:38:14+00:00
2022,SC,45013,Beaufort County,2022-10-31,8,,,1898,,,,,,1,sc-sec,2026-09-06T15:38:14+00:00
2022,SC,45013,Beaufort County,2022-11-01,7,,,2207,,,,,,1,sc-sec,2026-09-06T15:38:14+00:00
2022,SC,45013,Beaufort County,2022-11-02,6,,,2362,,,,,,1,sc-sec,2026-09-06T15:38:14+00:00
2022,SC,45013,Beaufort County,2022-11-03,5,,,2568,,,,,,1,sc-sec,2026-09-06T15:38:14+00:00
2022,SC,45013,Beaufort County,2022-11-04,4,,,2701,,,,,,1,sc-sec,2026-09-06T15:38:14+00:00
2022,SC,45013,Beaufort County,2022-11-07,1,,,2842,,,,,,1,sc-sec,2026-09-06T15:38:14+00:00
2022,SC,45013,Beaufort County,2022-11-08,0,,,3037,,,,,,1,sc-sec,2026-09-06T15:38:14+00:00
2022,SC,45015,Berkeley County,2022-10-07,32,8,,8,,,,,,1,sc-sec,2026-09-06T15:38:14+00:00
2022,SC,45015,Berkeley County,2022-10-10,29,8,,8,,,,,,1,sc-sec,2026-09-06T15:38:14+00:00
2022,SC,45015,Berkeley County,2022-10-14,25,16,,16,,,,,,1,sc-sec,2026-09-06T15:38:14+00:00
2022,SC,45015,Berkeley County,2022-10-17,22,230,,230,,,,,,1,sc-sec,2026-09-06T15:38:14+00:00
2022,SC,45015,Berkeley County,2022-10-18,21,522,,522,,,,,,1,sc-sec,2026-09-06T15:38:14+00:00
2022,SC,45015,Berkeley County,2022-10-19,20,597,,597,,,,,,1,sc-sec,2026-09-06T15:38:14+00:00
2022,SC,45015,Berkeley County,2022-10-20,19,803,,803,,,,,,1,sc-sec,2026-09-06T15:38:14+00:00
2022,SC,45015,Berkeley County,2022-10-21,18,897,,897,,,,,,1,sc-sec,2026-09-06T15:38:14+00:00
2022,SC,45015,Berkeley County,2022-10-25,14,,,1268,,,,,,1,sc-sec,2026-09-06T15:38:14+00:00
2022,SC,45015,Berkeley County,2022-10-26,13,,,1565,,,,,,1,sc-sec,2026-09-06T15:38:14+00:00
2022,SC,45015,Berkeley County,2022-10-27,12,,,1743,,,,,,1,sc-sec,2026-09-06T15:38:14+00:00
2022,SC,45015,Berkeley County,2022-10-28,11,,,1863,,,,,,1,sc-sec,2026-09-06T15:38:14+00:00
2022,SC,45015,Berkeley County,2022-10-31,8,,,2072,,,,,,1,sc-sec,2026-09-06T15:38:14+00:00
2022,SC,45015,Berkeley County,2022-11-01,7,,,2356,,,,,,1,sc-sec,2026-09-06T15:38:14+00:00
2022,SC,45015,Berkeley County,2022-11-02,6,,,2541,,,,,,1,sc-sec,2026-09-06T15:38:14+00:00
2022,SC,45015,Berkeley County,2022-11-03,5,,,2576,,,,,,1,sc-sec,2026-09-06T15:38:14+00:00
2022,SC,45015,Berkeley County,2022-11-04,4,,,2703,,,,,,1,sc-sec,2026-09-06T15:38:14+00:00
2022,SC,45015,Berkeley County,2022-11-07,1,,,2821,,,,,,1,sc-sec,2026-09-06T15:38:14+00:00
2022,SC,45015,Berkeley County,2022-11-08,0,,,2931,,,,,,1,sc-sec,2026-09-06T15:38:14+00:00
2022,SC,45017,Calhoun County,2022-10-07,32,0,,0,,,,,,1,sc-sec,2026-09-06T15:38:14+00:00
2022,SC,45017,Calhoun County,2022-10-10,29,0,,0,,,,,,1,sc-sec,2026-09-06T15:38:14+00:00
2022,SC,45017,Calhoun County,2022-10-14,25,0,,0,,,,,,1,sc-sec,2026-09-06T15:38:14+00:00
2022,SC,45017,Calhoun County,2022-10-17,22,0,,0,,,,,,1,sc-sec,2026-09-06T15:38:14+00:00
2022,SC,45017,Calhoun County,2022-10-18,21,0,,0,,,,,,1,sc-sec,2026-09-06T15:38:14+00:00
2022,SC,45017,Calhoun County,2022-10-19,20,0,,0,,,,,,1,sc-sec,2026-09-06T15:38:14+00:00
2022,SC,45017,Calhoun County,2022-10-20,19,0,,0,,,,,,1,sc-sec,2026-09-06T15:38:14+00:00
2022,SC,45017,Calhoun County,2022-10-21,18,0,,0,,,,,,1,sc-sec,2026-09-06T15:38:14+00:00
2022,SC,45017,Calhoun County,2022-10-25,14,,,17,,,,,,1,sc-sec,2026-09-06T15:38:14+00:00
2022,SC,45017,Calhoun County,2022-10-26,13,,,23,,,,,,1,sc-sec,2026-09-06T15:38:14+00:00
2022,SC,45017,Calhoun County,2022-10-27,12,,,42,,,,,,1,sc-sec,2026-09-06T15:38:14+00:00
2022,SC,45017,Calhoun County,2022-10-28,11,,,46,,,,,,1,sc-sec,2026-09-06T15:38:14+00:00
2022,SC,45017,Calhoun County,2022-10-31,8,,,53,,,,,,1,sc-sec,2026-09-06T15:38:14+00:00
2022,SC,45017,Calhoun County,2022-11-01,7,,,73,,,,,,1,sc-sec,2026-09-06T15:38:14+00:00
2022,SC,45017,Calhoun County,2022-11-02,6,,,80,,,,,,1,sc-sec,2026-09-06T15:38:14+00:00
2022,SC,45017,Calhoun County,2022-11-03,5,,,86,,,,,,1,sc-sec,2026-09-06T15:38:14+00:00
2022,SC,45017,Calhoun County,2022-11-04,4,,,109,,,,,,1,sc-sec,2026-09-06T15:38:14+00:00
2022,SC,45017,Calhoun County,2022-11-07,1,,,133,,,,,,1,sc-sec,2026-09-06T15:38:14+00:00
2022,SC,45017,Calhoun County,2022-11-08,0,,,149,,,,,,1,sc-sec,2026-09-06T15:38:14+00:00
2022,SC,45019,Charleston County,2022-10-07,32,166,,166,,,,,,1,sc-sec,2026-09-06T15:38:14+00:00
2022,SC,45019,Charleston County,2022-10-10,29,184,,184,,,,,,1,sc-sec,2026-09-06T15:38:14+00:00
2022,SC,45019,Charleston County,2022-10-14,25,198,,198,,,,,,1,sc-sec,2026-09-06T15:38:14+00:00
2022,SC,45019,Charleston County,2022-10-17,22,684,,684,,,,,,1,sc-sec,2026-09-06T15:38:14+00:00
2022,SC,45019,Charleston County,2022-10-18,21,759,,759,,,,,,1,sc-sec,2026-09-06T15:38:14+00:00
2022,SC,45019,Charleston County,2022-10-19,20,1534,,1534,,,,,,1,sc-sec,2026-09-06T15:38:14+00:00
2022,SC,45019,Charleston County,2022-10-20,19,2334,,2334,,,,,,1,sc-sec,2026-09-06T15:38:14+00:00
2022,SC,45019,Charleston County,2022-10-21,18,2744,,2744,,,,,,1,sc-sec,2026-09-06T15:38:14+00:00
2022,SC,45019,Charleston County,2022-10-25,14,,,3835,,,,,,1,sc-sec,2026-09-06T15:38:14+00:00
2022,SC,45019,Charleston County,2022-10-26,13,,,4348,,,,,,1,sc-sec,2026-09-06T15:38:14+00:00
2022,SC,45019,Charleston County,2022-10-27,12,,,4781,,,,,,1,sc-sec,2026-09-06T15:38:14+00:00
2022,SC,45019,Charleston County,2022-10-28,11,,,5100,,,,,,1,sc-sec,2026-09-06T15:38:14+00:00
2022,SC,45019,Charleston County,2022-10-31,8,,,5723,,,,,,1,sc-sec,2026-09-06T15:38:14+00:00
2022,SC,45019,Charleston County,2022-11-01,7,,,5995,,,,,,1,sc-sec,2026-09-06T15:38:14+00:00
2022,SC,45019,Charleston County,2022-11-02,6,,,6399,,,,,,1,sc-sec,2026-09-06T15:38:14+00:00
2022,SC,45019,Charleston County,2022-11-03,5,,,6787,,,,,,1,sc-sec,2026-09-06T15:38:14+00:00
2022,SC,45019,Charleston County,2022-11-04,4,,,7085,,,,,,1,sc-sec,2026-09-06T15:38:14+00:00
2022,SC,45019,Charleston County,2022-11-07,1,,,7455,,,,,,1,sc-sec,2026-09-06T15:38:14+00:00
2022,SC,45019,Charleston County,2022-11-08,0,,,7655,,,,,,1,sc-sec,2026-09-06T15:38:14+00:00
2022,SC,45021,Cherokee County,2022-10-07,32,0,,0,,,,,,1,sc-sec,2026-09-06T15:38:14+00:00
2022,SC,45021,Cherokee County,2022-10-10,29,0,,0,,,,,,1,sc-sec,2026-09-06T15:38:14+00:00
2022,SC,45021,Cherokee County,2022-10-14,25,1,,1,,,,,,1,sc-sec,2026-09-06T15:38:14+00:00
2022,SC,45021,Cherokee County,2022-10-17,22,51,,51,,,,,,1,sc-sec,2026-09-06T15:38:14+00:00
2022,SC,45021,Cherokee County,2022-10-18,21,68,,68,,,,,,1,sc-sec,2026-09-06T15:38:14+00:00
2022,SC,45021,Cherokee County,2022-10-19,20,85,,85,,,,,,1,sc-sec,2026-09-06T15:38:14+00:00
2022,SC,45021,Cherokee County,2022-10-20,19,98,,98,,,,,,1,sc-sec,2026-09-06T15:38:14+00:00
2022,SC,45021,Cherokee County,2022-10-21,18,100,,100,,,,,,1,sc-sec,2026-09-06T15:38:14+00:00
2022,SC,45021,Cherokee County,2022-10-25,14,,,121,,,,,,1,sc-sec,2026-09-06T15:38:14+00:00
2022,SC,45021,Cherokee County,2022-10-26,13,,,130,,,,,,1,sc-sec,2026-09-06T15:38:14+00:00
2022,SC,45021,Cherokee County,2022-10-27,12,,,133,,,,,,1,sc-sec,2026-09-06T15:38:14+00:00
2022,SC,45021,Cherokee County,2022-10-28,11,,,143,,,,,,1,sc-sec,2026-09-06T15:38:14+00:00
2022,SC,45021,Cherokee County,2022-10-31,8,,,145,,,,,,1,sc-sec,2026-09-06T15:38:14+00:00
2022,SC,45021,Cherokee County,2022-11-01,7,,,162,,,,,,1,sc-sec,2026-09-06T15:38:14+00:00
2022,SC,45021,Cherokee County,2022-11-02,6,,,175,,,,,,1,sc-sec,2026-09-06T15:38:14+00:00
2022,SC,45021,Cherokee County,2022-11-03,5,,,186,,,,,,1,sc-sec,2026-09-06T15:38:14+00:00
2022,SC,45021,Cherokee County,2022-11-04,4,,,189,,,,,,1,sc-sec,2026-09-06T15:38:14+00:00
2022,SC,45021,Cherokee County,2022-11-07,1,,,195,,,,,,1,sc-sec,2026-09-06T15:38:14+00:00
2022,SC,45021,Cherokee County,2022-11-08,0,,,196,,,,,,1,sc-sec,2026-09-06T15:38:14+00:00
2022,SC,45023,Chester County,2022-10-07,32,2,,2,,,,,,1,sc-sec,2026-09-06T15:38:14+00:00
2022,SC,45023,Chester County,2022-10-10,29,2,,2,,,,,,1,sc-sec,2026-09-06T15:38:14+00:00
2022,SC,45023,Chester County,2022-10-14,25,2,,2,,,,,,1,sc-sec,2026-09-06T15:38:14+00:00
2022,SC,45023,Chester County,2022-10-17,22,35,,35,,,,,,1,sc-sec,2026-09-06T15:38:14+00:00
2022,SC,45023,Chester County,2022-10-18,21,39,,39,,,,,,1,sc-sec,2026-09-06T15:38:14+00:00
2022,SC,45023,Chester County,2022-10-19,20,59,,59,,,,,,1,sc-sec,2026-09-06T15:38:14+00:00
2022,SC,45023,Chester County,2022-10-20,19,74,,74,,,,,,1,sc-sec,2026-09-06T15:38:14+00:00
2022,SC,45023,Chester County,2022-10-21,18,88,,88,,,,,,1,sc-sec,2026-09-06T15:38:14+00:00
2022,SC,45023,Chester County,2022-10-25,14,,,111,,,,,,1,sc-sec,2026-09-06T15:38:14+00:00
2022,SC,45023,Chester County,2022-10-26,13,,,116,,,,,,1,sc-sec,2026-09-06T15:38:14+00:00
2022,SC,45023,Chester County,2022-10-27,12,,,124,,,,,,1,sc-sec,2026-09-06T15:38:14+00:00
2022,SC,45023,Chester County,2022-10-28,11,,,126,,,,,,1,sc-sec,2026-09-06T15:38:14+00:00
2022,SC,45023,Chester County,2022-10-31,8,,,145,,,,,,1,sc-sec,2026-09-06T15:38:14+00:00
2022,SC,45023,Chester County,2022-11-01,7,,,158,,,,,,1,sc-sec,2026-09-06T15:38:14+00:00
2022,SC,45023,Chester County,2022-11-02,6,,,167,,,,,,1,sc-sec,2026-09-06T15:38:14+00:00
2022,SC,45023,Chester County,2022-11-03,5,,,172,,,,,,1,sc-sec,2026-09-06T15:38:14+00:00
2022,SC,45023,Chester County,2022-11-04,4,,,186,,,,,,1,sc-sec,2026-09-06T15:38:14+00:00
2022,SC,45023,Chester County,2022-11-07,1,,,196,,,,,,1,sc-sec,2026-09-06T15:38:14+00:00
2022,SC,45023,Chester County,2022-11-08,0,,,204,,,,,,1,sc-sec,2026-09-06T15:38:14+00:00
2022,SC,45025,Chesterfield County,2022-10-07,32,2,,2,,,,,,1,sc-sec,2026-09-06T15:38:14+00:00
2022,SC,45025,Chesterfield County,2022-10-10,29,2,,2,,,,,,1,sc-sec,2026-09-06T15:38:14+00:00
2022,SC,45025,Chesterfield County,2022-10-14,25,3,,3,,,,,,1,sc-sec,2026-09-06T15:38:14+00:00
2022,SC,45025,Chesterfield County,2022-10-17,22,28,,28,,,,,,1,sc-sec,2026-09-06T15:38:14+00:00
2022,SC,45025,Chesterfield County,2022-10-18,21,30,,30,,,,,,1,sc-sec,2026-09-06T15:38:14+00:00
2022,SC,45025,Chesterfield County,2022-10-19,20,52,,52,,,,,,1,sc-sec,2026-09-06T15:38:14+00:00
2022,SC,45025,Chesterfield County,2022-10-20,19,62,,62,,,,,,1,sc-sec,2026-09-06T15:38:14+00:00
2022,SC,45025,Chesterfield County,2022-10-21,18,62,,62,,,,,,1,sc-sec,2026-09-06T15:38:14+00:00
2022,SC,45025,Chesterfield County,2022-10-25,14,,,103,,,,,,1,sc-sec,2026-09-06T15:38:14+00:00
2022,SC,45025,Chesterfield County,2022-10-26,13,,,111,,,,,,1,sc-sec,2026-09-06T15:38:14+00:00
2022,SC,45025,Chesterfield County,2022-10-27,12,,,116,,,,,,1,sc-sec,2026-09-06T15:38:14+00:00
2022,SC,45025,Chesterfield County,2022-10-28,11,,,131,,,,,,1,sc-sec,2026-09-06T15:38:14+00:00
2022,SC,45025,Chesterfield County,2022-10-31,8,,,141,,,,,,1,sc-sec,2026-09-06T15:38:14+00:00
2022,SC,45025,Chesterfield County,2022-11-01,7,,,164,,,,,,1,sc-sec,2026-09-06T15:38:14+00:00
2022,SC,45025,Chesterfield County,2022-11-02,6,,,187,,,,,,1,sc-sec,2026-09-06T15:38:14+00:00
2022,SC,45025,Chesterfield County,2022-11-03,5,,,207,,,,,,1,sc-sec,2026-09-06T15:38:14+00:00
2022,SC,45025,Chesterfield County,2022-11-04,4,,,226,,,,,,1,sc-sec,2026-09-06T15:38:14+00:00
2022,SC,45025,Chesterfield County,2022-11-07,1,,,240,,,,,,1,sc-sec,2026-09-06T15:38:14+00:00
2022,SC,45025,Chesterfield County,2022-11-08,0,,,251,,,,,,1,sc-sec,2026-09-06T15:38:14+00:00
2022,SC,45027,Clarendon County,2022-10-07,32,1,,1,,,,,,1,sc-sec,2026-09-06T15:38:14+00:00
2022,SC,45027,Clarendon County,2022-10-10,29,1,,1,,,,,,1,sc-sec,2026-09-06T15:38:14+00:00
2022,SC,45027,Clarendon County,2022-10-14,25,1,,1,,,,,,1,sc-sec,2026-09-06T15:38:14+00:00
2022,SC,45027,Clarendon County,2022-10-17,22,5,,5,,,,,,1,sc-sec,2026-09-06T15:38:14+00:00
2022,SC,45027,Clarendon County,2022-10-18,21,15,,15,,,,,,1,sc-sec,2026-09-06T15:38:14+00:00
2022,SC,45027,Clarendon County,2022-10-19,20,29,,29,,,,,,1,sc-sec,2026-09-06T15:38:14+00:00
2022,SC,45027,Clarendon County,2022-10-20,19,47,,47,,,,,,1,sc-sec,2026-09-06T15:38:14+00:00
2022,SC,45027,Clarendon County,2022-10-21,18,74,,74,,,,,,1,sc-sec,2026-09-06T15:38:14+00:00
2022,SC,45027,Clarendon County,2022-10-25,14,,,134,,,,,,1,sc-sec,2026-09-06T15:38:14+00:00
2022,SC,45027,Clarendon County,2022-10-26,13,,,140,,,,,,1,sc-sec,2026-09-06T15:38:14+00:00
2022,SC,45027,Clarendon County,2022-10-27,12,,,143,,,,,,1,sc-sec,2026-09-06T15:38:14+00:00
2022,SC,45027,Clarendon County,2022-10-28,11,,,330,,,,,,1,sc-sec,2026-09-06T15:38:14+00:00
2022,SC,45027,Clarendon County,2022-10-31,8,,,388,,,,,,1,sc-sec,2026-09-06T15:38:14+00:00
2022,SC,45027,Clarendon County,2022-11-01,7,,,402,,,,,,1,sc-sec,2026-09-06T15:38:14+00:00
2022,SC,45027,Clarendon County,2022-11-02,6,,,417,,,,,,1,sc-sec,2026-09-06T15:38:14+00:00
2022,SC,45027,Clarendon County,2022-11-03,5,,,443,,,,,,1,sc-sec,2026-09-06T15:38:14+00:00
2022,SC,45027,Clarendon County,2022-11-04,4,,,466,,,,,,1,sc-sec,2026-09-06T15:38:14+00:00
2022,SC,45027,Clarendon County,2022-11-07,1,,,480,,,,,,1,sc-sec,2026-09-06T15:38:14+00:00
2022,SC,45027,Clarendon County,2022-11-08,0,,,529,,,,,,1,sc-sec,2026-09-06T15:38:14+00:00
2022,SC,45029,Colleton County,2022-10-07,32,1,,1,,,,,,1,sc-sec,2026-09-06T15:38:14+00:00
2022,SC,45029,Colleton County,2022-10-10,29,3,,3,,,,,,1,sc-sec,2026-09-06T15:38:14+00:00
2022,SC,45029,Colleton County,2022-10-14,25,8,,8,,,,,,1,sc-sec,2026-09-06T15:38:14+00:00
2022,SC,45029,Colleton County,2022-10-17,22,36,,36,,,,,,1,sc-sec,2026-09-06T15:38:14+00:00
2022,SC,45029,Colleton County,2022-10-18,21,83,,83,,,,,,1,sc-sec,2026-09-06T15:38:14+00:00
2022,SC,45029,Colleton County,2022-10-19,20,96,,96,,,,,,1,sc-sec,2026-09-06T15:38:14+00:00
2022,SC,45029,Colleton County,2022-10-20,19,101,,101,,,,,,1,sc-sec,2026-09-06T15:38:14+00:00
2022,SC,45029,Colleton County,2022-10-21,18,142,,142,,,,,,1,sc-sec,2026-09-06T15:38:14+00:00
2022,SC,45029,Colleton County,2022-10-25,14,,,182,,,,,,1,sc-sec,2026-09-06T15:38:14+00:00
2022,SC,45029,Colleton County,2022-10-26,13,,,186,,,,,,1,sc-sec,2026-09-06T15:38:14+00:00
2022,SC,45029,Colleton County,2022-10-27,12,,,222,,,,,,1,sc-sec,2026-09-06T15:38:14+00:00
2022,SC,45029,Colleton County,2022-10-28,11,,,229,,,,,,1,sc-sec,2026-09-06T15:38:14+00:00
2022,SC,45029,Colleton County,2022-10-31,8,,,289,,,,,,1,sc-sec,2026-09-06T15:38:14+00:00
2022,SC,45029,Colleton County,2022-11-01,7,,,293,,,,,,1,sc-sec,2026-09-06T15:38:14+00:00
2022,SC,45029,Colleton County,2022-11-02,6,,,320,,,,,,1,sc-sec,2026-09-06T15:38:14+00:00
2022,SC,45029,Colleton County,2022-11-03,5,,,349,,,,,,1,sc-sec,2026-09-06T15:38:14+00:00
2022,SC,45029,Colleton County,2022-11-04,4,,,363,,,,,,1,sc-sec,2026-09-06T15:38:14+00:00
2022,SC,45029,Colleton County,2022-11-07,1,,,391,,,,,,1,sc-sec,2026-09-06T15:38:14+00:00
2022,SC,45029,Colleton County,2022-11-08,0,,,395,,,,,,1,sc-sec,2026-09-06T15:38:14+00:00
2022,SC,45031,Darlington County,2022-10-07,32,8,,8,,,,,,1,sc-sec,2026-09-06T15:38:14+00:00
2022,SC,45031,Darlington County,2022-10-10,29,18,,18,,,,,,1,sc-sec,2026-09-06T15:38:14+00:00
2022,SC,45031,Darlington County,2022-10-14,25,41,,41,,,,,,1,sc-sec,2026-09-06T15:38:14+00:00
2022,SC,45031,Darlington County,2022-10-17,22,154,,154,,,,,,1,sc-sec,2026-09-06T15:38:14+00:00
2022,SC,45031,Darlington County,2022-10-18,21,194,,194,,,,,,1,sc-sec,2026-09-06T15:38:14+00:00
2022,SC,45031,Darlington County,2022-10-19,20,211,,211,,,,,,1,sc-sec,2026-09-06T15:38:14+00:00
2022,SC,45031,Darlington County,2022-10-20,19,235,,235,,,,,,1,sc-sec,2026-09-06T15:38:14+00:00
2022,SC,45031,Darlington County,2022-10-21,18,265,,265,,,,,,1,sc-sec,2026-09-06T15:38:14+00:00
2022,SC,45031,Darlington County,2022-10-25,14,,,377,,,,,,1,sc-sec,2026-09-06T15:38:14+00:00
2022,SC,45031,Darlington County,2022-10-26,13,,,407,,,,,,1,sc-sec,2026-09-06T15:38:14+00:00
2022,SC,45031,Darlington County,2022-10-27,12,,,413,,,,,,1,sc-sec,2026-09-06T15:38:14+00:00
2022,SC,45031,Darlington County,2022-10-28,11,,,471,,,,,,1,sc-sec,2026-09-06T15:38:14+00:00
2022,SC,45031,Darlington County,2022-10-31,8,,,505,,,,,,1,sc-sec,2026-09-06T15:38:14+00:00
2022,SC,45031,Darlington County,2022-11-01,7,,,513,,,,,,1,sc-sec,2026-09-06T15:38:14+00:00
2022,SC,45031,Darlington County,2022-11-02,6,,,551,,,,,,1,sc-sec,2026-09-06T15:38:14+00:00
2022,SC,45031,Darlington County,2022-11-03,5,,,600,,,,,,1,sc-sec,2026-09-06T15:38:14+00:00
2022,SC,45031,Darlington County,2022-11-04,4,,,638,,,,,,1,sc-sec,2026-09-06T15:38:14+00:00
2022,SC,45031,Darlington County,2022-11-07,1,,,661,,,,,,1,sc-sec,2026-09-06T15:38:14+00:00
2022,SC,45031,Darlington County,2022-11-08,0,,,665,,,,,,1,sc-sec,2026-09-06T15:38:14+00:00
2022,SC,45033,Dillon County,2022-10-07,32,2,,2,,,,,,1,sc-sec,2026-09-06T15:38:14+00:00
2022,SC,45033,Dillon County,2022-10-10,29,2,,2,,,,,,1,sc-sec,2026-09-06T15:38:14+00:00
2022,SC,45033,Dillon County,2022-10-14,25,2,,2,,,,,,1,sc-sec,2026-09-06T15:38:14+00:00
2022,SC,45033,Dillon County,2022-10-17,22,4,,4,,,,,,1,sc-sec,2026-09-06T15:38:14+00:00
2022,SC,45033,Dillon County,2022-10-18,21,4,,4,,,,,,1,sc-sec,2026-09-06T15:38:14+00:00
2022,SC,45033,Dillon County,2022-10-19,20,5,,5,,,,,,1,sc-sec,2026-09-06T15:38:14+00:00
2022,SC,45033,Dillon County,2022-10-20,19,29,,29,,,,,,1,sc-sec,2026-09-06T15:38:14+00:00
2022,SC,45033,Dillon County,2022-10-21,18,41,,41,,,,,,1,sc-sec,2026-09-06T15:38:14+00:00
2022,SC,45033,Dillon County,2022-10-25,14,,,416,,,,,,1,sc-sec,2026-09-06T15:38:14+00:00
2022,SC,45033,Dillon County,2022-10-26,13,,,506,,,,,,1,sc-sec,2026-09-06T15:38:14+00:00
2022,SC,45033,Dillon County,2022-10-27,12,,,543,,,,,,1,sc-sec,2026-09-06T15:38:14+00:00
2022,SC,45033,Dillon County,2022-10-28,11,,,600,,,,,,1,sc-sec,2026-09-06T15:38:14+00:00
2022,SC,45033,Dillon County,2022-10-31,8,,,677,,,,,,1,sc-sec,2026-09-06T15:38:14+00:00
2022,SC,45033,Dillon County,2022-11-01,7,,,701,,,,,,1,sc-sec,2026-09-06T15:38:14+00:00
2022,SC,45033,Dillon County,2022-11-02,6,,,738,,,,,,1,sc-sec,2026-09-06T15:38:14+00:00
2022,SC,45033,Dillon County,2022-11-03,5,,,758,,,,,,1,sc-sec,2026-09-06T15:38:14+00:00
2022,SC,45033,Dillon County,2022-11-04,4,,,814,,,,,,1,sc-sec,2026-09-06T15:38:14+00:00
2022,SC,45033,Dillon County,2022-11-07,1,,,892,,,,,,1,sc-sec,2026-09-06T15:38:14+00:00
2022,SC,45033,Dillon County,2022-11-08,0,,,910,,,,,,1,sc-sec,2026-09-06T15:38:14+00:00
2022,SC,45035,Dorchester County,2022-10-07,32,13,,13,,,,,,1,sc-sec,2026-09-06T15:38:14+00:00
2022,SC,45035,Dorchester County,2022-10-10,29,13,,13,,,,,,1,sc-sec,2026-09-06T15:38:14+00:00
2022,SC,45035,Dorchester County,2022-10-14,25,19,,19,,,,,,1,sc-sec,2026-09-06T15:38:14+00:00
2022,SC,45035,Dorchester County,2022-10-17,22,49,,49,,,,,,1,sc-sec,2026-09-06T15:38:14+00:00
2022,SC,45035,Dorchester County,2022-10-18,21,225,,225,,,,,,1,sc-sec,2026-09-06T15:38:14+00:00
2022,SC,45035,Dorchester County,2022-10-19,20,315,,315,,,,,,1,sc-sec,2026-09-06T15:38:14+00:00
2022,SC,45035,Dorchester County,2022-10-20,19,363,,363,,,,,,1,sc-sec,2026-09-06T15:38:14+00:00
2022,SC,45035,Dorchester County,2022-10-21,18,412,,412,,,,,,1,sc-sec,2026-09-06T15:38:14+00:00
2022,SC,45035,Dorchester County,2022-10-25,14,,,805,,,,,,1,sc-sec,2026-09-06T15:38:14+00:00
2022,SC,45035,Dorchester County,2022-10-26,13,,,892,,,,,,1,sc-sec,2026-09-06T15:38:14+00:00
2022,SC,45035,Dorchester County,2022-10-27,12,,,949,,,,,,1,sc-sec,2026-09-06T15:38:14+00:00
2022,SC,45035,Dorchester County,2022-10-28,11,,,1037,,,,,,1,sc-sec,2026-09-06T15:38:14+00:00
2022,SC,45035,Dorchester County,2022-10-31,8,,,1196,,,,,,1,sc-sec,2026-09-06T15:38:14+00:00
2022,SC,45035,Dorchester County,2022-11-01,7,,,1254,,,,,,1,sc-sec,2026-09-06T15:38:14+00:00
2022,SC,45035,Dorchester County,2022-11-02,6,,,1380,,,,,,1,sc-sec,2026-09-06T15:38:14+00:00
2022,SC,45035,Dorchester County,2022-11-03,5,,,1450,,,,,,1,sc-sec,2026-09-06T15:38:14+00:00
2022,SC,45035,Dorchester County,2022-11-04,4,,,1504,,,,,,1,sc-sec,2026-09-06T15:38:14+00:00
2022,SC,45035,Dorchester County,2022-11-07,1,,,1579,,,,,,1,sc-sec,2026-09-06T15:38:14+00:00
2022,SC,45035,Dorchester County,2022-11-08,0,,,1600,,,,,,1,sc-sec,2026-09-06T15:38:14+00:00
2022,SC,45037,Edgefield County,2022-10-07,32,0,,0,,,,,,1,sc-sec,2026-09-06T15:38:14+00:00
2022,SC,45037,Edgefield County,2022-10-10,29,0,,0,,,,,,1,sc-sec,2026-09-06T15:38:14+00:00
2022,SC,45037,Edgefield County,2022-10-14,25,0,,0,,,,,,1,sc-sec,2026-09-06T15:38:14+00:00
2022,SC,45037,Edgefield County,2022-10-17,22,41,,41,,,,,,1,sc-sec,2026-09-06T15:38:14+00:00
2022,SC,45037,Edgefield County,2022-10-18,21,43,,43,,,,,,1,sc-sec,2026-09-06T15:38:14+00:00
2022,SC,45037,Edgefield County,2022-10-19,20,59,,59,,,,,,1,sc-sec,2026-09-06T15:38:14+00:00
2022,SC,45037,Edgefield County,2022-10-20,19,100,,100,,,,,,1,sc-sec,2026-09-06T15:38:14+00:00
2022,SC,45037,Edgefield County,2022-10-21,18,119,,119,,,,,,1,sc-sec,2026-09-06T15:38:14+00:00
2022,SC,45037,Edgefield County,2022-10-25,14,,,181,,,,,,1,sc-sec,2026-09-06T15:38:14+00:00
2022,SC,45037,Edgefield County,2022-10-26,13,,,191,,,,,,1,sc-sec,2026-09-06T15:38:14+00:00
2022,SC,45037,Edgefield County,2022-10-27,12,,,213,,,,,,1,sc-sec,2026-09-06T15:38:14+00:00
2022,SC,45037,Edgefield County,2022-10-28,11,,,217,,,,,,1,sc-sec,2026-09-06T15:38:14+00:00
2022,SC,45037,Edgefield County,2022-10-31,8,,,230,,,,,,1,sc-sec,2026-09-06T15:38:14+00:00
2022,SC,45037,Edgefield County,2022-11-01,7,,,264,,,,,,1,sc-sec,2026-09-06T15:38:14+00:00
2022,SC,45037,Edgefield County,2022-11-02,6,,,280,,,,,,1,sc-sec,2026-09-06T15:38:14+00:00
2022,SC,45037,Edgefield County,2022-11-03,5,,,292,,,,,,1,sc-sec,2026-09-06T15:38:14+00:00
2022,SC,45037,Edgefield County,2022-11-04,4,,,300,,,,,,1,sc-sec,2026-09-06T15:38:14+00:00
2022,SC,45037,Edgefield County,2022-11-07,1,,,310,,,,,,1,sc-sec,2026-09-06T15:38:14+00:00
2022,SC,45037,Edgefield County,2022-11-08,0,,,330,,,,,,1,sc-sec,2026-09-06T15:38:14+00:00
2022,SC,45039,Fairfield County,2022-10-07,32,0,,0,,,,,,1,sc-sec,2026-09-06T15:38:14+00:00
2022,SC,45039,Fairfield County,2022-10-10,29,0,,0,,,,,,1,sc-sec,2026-09-06T15:38:14+00:00
2022,SC,45039,Fairfield County,2022-10-14,25,0,,0,,,,,,1,sc-sec,2026-09-06T15:38:14+00:00
2022,SC,45039,Fairfield County,2022-10-17,22,5,,5,,,,,,1,sc-sec,2026-09-06T15:38:14+00:00
2022,SC,45039,Fairfield County,2022-10-18,21,22,,22,,,,,,1,sc-sec,2026-09-06T15:38:14+00:00
2022,SC,45039,Fairfield County,2022-10-19,20,38,,38,,,,,,1,sc-sec,2026-09-06T15:38:14+00:00
2022,SC,45039,Fairfield County,2022-10-20,19,44,,44,,,,,,1,sc-sec,2026-09-06T15:38:14+00:00
2022,SC,45039,Fairfield County,2022-10-21,18,53,,53,,,,,,1,sc-sec,2026-09-06T15:38:14+00:00
2022,SC,45039,Fairfield County,2022-10-25,14,,,71,,,,,,1,sc-sec,2026-09-06T15:38:14+00:00
2022,SC,45039,Fairfield County,2022-10-26,13,,,96,,,,,,1,sc-sec,2026-09-06T15:38:14+00:00
2022,SC,45039,Fairfield County,2022-10-27,12,,,116,,,,,,1,sc-sec,2026-09-06T15:38:14+00:00
2022,SC,45039,Fairfield County,2022-10-28,11,,,119,,,,,,1,sc-sec,2026-09-06T15:38:14+00:00
2022,SC,45039,Fairfield County,2022-10-31,8,,,132,,,,,,1,sc-sec,2026-09-06T15:38:14+00:00
2022,SC,45039,Fairfield County,2022-11-01,7,,,138,,,,,,1,sc-sec,2026-09-06T15:38:14+00:00
2022,SC,45039,Fairfield County,2022-11-02,6,,,150,,,,,,1,sc-sec,2026-09-06T15:38:14+00:00
2022,SC,45039,Fairfield County,2022-11-03,5,,,155,,,,,,1,sc-sec,2026-09-06T15:38:14+00:00
2022,SC,45039,Fairfield County,2022-11-04,4,,,171,,,,,,1,sc-sec,2026-09-06T15:38:14+00:00
2022,SC,45039,Fairfield County,2022-11-07,1,,,173,,,,,,1,sc-sec,2026-09-06T15:38:14+00:00
2022,SC,45039,Fairfield County,2022-11-08,0,,,198,,,,,,1,sc-sec,2026-09-06T15:38:14+00:00
2022,SC,45041,Florence County,2022-10-07,32,10,,10,,,,,,1,sc-sec,2026-09-06T15:38:14+00:00
2022,SC,45041,Florence County,2022-10-10,29,13,,13,,,,,,1,sc-sec,2026-09-06T15:38:14+00:00
2022,SC,45041,Florence County,2022-10-14,25,13,,13,,,,,,1,sc-sec,2026-09-06T15:38:14+00:00
2022,SC,45041,Florence County,2022-10-17,22,18,,18,,,,,,1,sc-sec,2026-09-06T15:38:14+00:00
2022,SC,45041,Florence County,2022-10-18,21,25,,25,,,,,,1,sc-sec,2026-09-06T15:38:14+00:00
2022,SC,45041,Florence County,2022-10-19,20,33,,33,,,,,,1,sc-sec,2026-09-06T15:38:14+00:00
2022,SC,45041,Florence County,2022-10-20,19,61,,61,,,,,,1,sc-sec,2026-09-06T15:38:14+00:00
2022,SC,45041,Florence County,2022-10-21,18,102,,102,,,,,,1,sc-sec,2026-09-06T15:38:14+00:00
2022,SC,45041,Florence County,2022-10-25,14,,,275,,,,,,1,sc-sec,2026-09-06T15:38:14+00:00
2022,SC,45041,Florence County,2022-10-26,13,,,284,,,,,,1,sc-sec,2026-09-06T15:38:14+00:00
2022,SC,45041,Florence County,2022-10-27,12,,,327,,,,,,1,sc-sec,2026-09-06T15:38:14+00:00
2022,SC,45041,Florence County,2022-10-28,11,,,358,,,,,,1,sc-sec,2026-09-06T15:38:14+00:00
2022,SC,45041,Florence County,2022-10-31,8,,,417,,,,,,1,sc-sec,2026-09-06T15:38:14+00:00
2022,SC,45041,Florence County,2022-11-01,7,,,468,,,,,,1,sc-sec,2026-09-06T15:38:14+00:00
2022,SC,45041,Florence County,2022-11-02,6,,,515,,,,,,1,sc-sec,2026-09-06T15:38:14+00:00
2022,SC,45041,Florence County,2022-11-03,5,,,572,,,,,,1,sc-sec,2026-09-06T15:38:14+00:00
2022,SC,45041,Florence County,2022-11-04,4,,,650,,,,,,1,sc-sec,2026-09-06T15:38:14+00:00
2022,SC,45041,Florence County,2022-11-07,1,,,750,,,,,,1,sc-sec,2026-09-06T15:38:14+00:00
2022,SC,45041,Florence County,2022-11-08,0,,,793,,,,,,1,sc-sec,2026-09-06T15:38:14+00:00
2022,SC,45043,Georgetown County,2022-10-07,32,7,,7,,,,,,1,sc-sec,2026-09-06T15:38:14+00:00
2022,SC,45043,Georgetown County,2022-10-10,29,7,,7,,,,,,1,sc-sec,2026-09-06T15:38:14+00:00
2022,SC,45043,Georgetown County,2022-10-14,25,7,,7,,,,,,1,sc-sec,2026-09-06T15:38:14+00:00
2022,SC,45043,Georgetown County,2022-10-17,22,45,,45,,,,,,1,sc-sec,2026-09-06T15:38:14+00:00
2022,SC,45043,Georgetown County,2022-10-18,21,100,,100,,,,,,1,sc-sec,2026-09-06T15:38:14+00:00
2022,SC,45043,Georgetown County,2022-10-19,20,142,,142,,,,,,1,sc-sec,2026-09-06T15:38:14+00:00
2022,SC,45043,Georgetown County,2022-10-20,19,200,,200,,,,,,1,sc-sec,2026-09-06T15:38:14+00:00
2022,SC,45043,Georgetown County,2022-10-21,18,240,,240,,,,,,1,sc-sec,2026-09-06T15:38:14+00:00
2022,SC,45043,Georgetown County,2022-10-25,14,,,360,,,,,,1,sc-sec,2026-09-06T15:38:14+00:00
2022,SC,45043,Georgetown County,2022-10-26,13,,,450,,,,,,1,sc-sec,2026-09-06T15:38:14+00:00
2022,SC,45043,Georgetown County,2022-10-27,12,,,512,,,,,,1,sc-sec,2026-09-06T15:38:14+00:00
2022,SC,45043,Georgetown County,2022-10-28,11,,,518,,,,,,1,sc-sec,2026-09-06T15:38:14+00:00
2022,SC,45043,Georgetown County,2022-10-31,8,,,695,,,,,,1,sc-sec,2026-09-06T15:38:14+00:00
2022,SC,45043,Georgetown County,2022-11-01,7,,,723,,,,,,1,sc-sec,2026-09-06T15:38:14+00:00
2022,SC,45043,Georgetown County,2022-11-02,6,,,734,,,,,,1,sc-sec,2026-09-06T15:38:14+00:00
2022,SC,45043,Georgetown County,2022-11-03,5,,,818,,,,,,1,sc-sec,2026-09-06T15:38:14+00:00
2022,SC,45043,Georgetown County,2022-11-04,4,,,839,,,,,,1,sc-sec,2026-09-06T15:38:14+00:00
2022,SC,45043,Georgetown County,2022-11-07,1,,,903,,,,,,1,sc-sec,2026-09-06T15:38:14+00:00
2022,SC,45043,Georgetown County,2022-11-08,0,,,922,,,,,,1,sc-sec,2026-09-06T15:38:14+00:00
2022,SC,45045,Greenville County,2022-10-07,32,56,,56,,,,,,1,sc-sec,2026-09-06T15:38:14+00:00
2022,SC,45045,Greenville County,2022-10-10,29,57,,57,,,,,,1,sc-sec,2026-09-06T15:38:14+00:00
2022,SC,45045,Greenville County,2022-10-14,25,57,,57,,,,,,1,sc-sec,2026-09-06T15:38:14+00:00
2022,SC,45045,Greenville County,2022-10-17,22,384,,384,,,,,,1,sc-sec,2026-09-06T15:38:14+00:00
2022,SC,45045,Greenville County,2022-10-18,21,820,,820,,,,,,1,sc-sec,2026-09-06T15:38:14+00:00
2022,SC,45045,Greenville County,2022-10-19,20,1081,,1081,,,,,,1,sc-sec,2026-09-06T15:38:14+00:00
2022,SC,45045,Greenville County,2022-10-20,19,1321,,1321,,,,,,1,sc-sec,2026-09-06T15:38:14+00:00
2022,SC,45045,Greenville County,2022-10-21,18,1552,,1552,,,,,,1,sc-sec,2026-09-06T15:38:14+00:00
2022,SC,45045,Greenville County,2022-10-25,14,,,2042,,,,,,1,sc-sec,2026-09-06T15:38:14+00:00
2022,SC,45045,Greenville County,2022-10-26,13,,,2124,,,,,,1,sc-sec,2026-09-06T15:38:14+00:00
2022,SC,45045,Greenville County,2022-10-27,12,,,2757,,,,,,1,sc-sec,2026-09-06T15:38:14+00:00
2022,SC,45045,Greenville County,2022-10-28,11,,,3226,,,,,,1,sc-sec,2026-09-06T15:38:14+00:00
2022,SC,45045,Greenville County,2022-10-31,8,,,3684,,,,,,1,sc-sec,2026-09-06T15:38:14+00:00
2022,SC,45045,Greenville County,2022-11-01,7,,,3849,,,,,,1,sc-sec,2026-09-06T15:38:14+00:00
2022,SC,45045,Greenville County,2022-11-02,6,,,4220,,,,,,1,sc-sec,2026-09-06T15:38:14+00:00
2022,SC,45045,Greenville County,2022-11-03,5,,,4459,,,,,,1,sc-sec,2026-09-06T15:38:14+00:00
2022,SC,45045,Greenville County,2022-11-04,4,,,4526,,,,,,1,sc-sec,2026-09-06T15:38:14+00:00
2022,SC,45045,Greenville County,2022-11-07,1,,,5000,,,,,,1,sc-sec,2026-09-06T15:38:14+00:00
2022,SC,45045,Greenville County,2022-11-08,0,,,5070,,,,,,1,sc-sec,2026-09-06T15:38:14+00:00
2022,SC,45047,Greenwood County,2022-10-07,32,4,,4,,,,,,1,sc-sec,2026-09-06T15:38:14+00:00
2022,SC,45047,Greenwood County,2022-10-10,29,4,,4,,,,,,1,sc-sec,2026-09-06T15:38:14+00:00
2022,SC,45047,Greenwood County,2022-10-14,25,8,,8,,,,,,1,sc-sec,2026-09-06T15:38:14+00:00
2022,SC,45047,Greenwood County,2022-10-17,22,103,,103,,,,,,1,sc-sec,2026-09-06T15:38:14+00:00
2022,SC,45047,Greenwood County,2022-10-18,21,214,,214,,,,,,1,sc-sec,2026-09-06T15:38:14+00:00
2022,SC,45047,Greenwood County,2022-10-19,20,222,,222,,,,,,1,sc-sec,2026-09-06T15:38:14+00:00
2022,SC,45047,Greenwood County,2022-10-20,19,281,,281,,,,,,1,sc-sec,2026-09-06T15:38:14+00:00
2022,SC,45047,Greenwood County,2022-10-21,18,293,,293,,,,,,1,sc-sec,2026-09-06T15:38:14+00:00
2022,SC,45047,Greenwood County,2022-10-25,14,,,384,,,,,,1,sc-sec,2026-09-06T15:38:14+00:00
2022,SC,45047,Greenwood County,2022-10-26,13,,,388,,,,,,1,sc-sec,2026-09-06T15:38:14+00:00
2022,SC,45047,Greenwood County,2022-10-27,12,,,491,,,,,,1,sc-sec,2026-09-06T15:38:14+00:00
2022,SC,45047,Greenwood County,2022-10-28,11,,,497,,,,,,1,sc-sec,2026-09-06T15:38:14+00:00
2022,SC,45047,Greenwood County,2022-10-31,8,,,534,,,,,,1,sc-sec,2026-09-06T15:38:14+00:00
2022,SC,45047,Greenwood County,2022-11-01,7,,,608,,,,,,1,sc-sec,2026-09-06T15:38:14+00:00
2022,SC,45047,Greenwood County,2022-11-02,6,,,659,,,,,,1,sc-sec,2026-09-06T15:38:14+00:00
2022,SC,45047,Greenwood County,2022-11-03,5,,,693,,,,,,1,sc-sec,2026-09-06T15:38:14+00:00
2022,SC,45047,Greenwood County,2022-11-04,4,,,718,,,,,,1,sc-sec,2026-09-06T15:38:14+00:00
2022,SC,45047,Greenwood County,2022-11-07,1,,,766,,,,,,1,sc-sec,2026-09-06T15:38:14+00:00
2022,SC,45047,Greenwood County,2022-11-08,0,,,810,,,,,,1,sc-sec,2026-09-06T15:38:14+00:00
2022,SC,45049,Hampton County,2022-10-07,32,0,,0,,,,,,1,sc-sec,2026-09-06T15:38:14+00:00
2022,SC,45049,Hampton County,2022-10-10,29,0,,0,,,,,,1,sc-sec,2026-09-06T15:38:14+00:00
2022,SC,45049,Hampton County,2022-10-14,25,0,,0,,,,,,1,sc-sec,2026-09-06T15:38:14+00:00
2022,SC,45049,Hampton County,2022-10-17,22,0,,0,,,,,,1,sc-sec,2026-09-06T15:38:14+00:00
2022,SC,45049,Hampton County,2022-10-18,21,0,,0,,,,,,1,sc-sec,2026-09-06T15:38:14+00:00
2022,SC,45049,Hampton County,2022-10-19,20,0,,0,,,,,,1,sc-sec,2026-09-06T15:38:14+00:00
2022,SC,45049,Hampton County,2022-10-20,19,1,,1,,,,,,1,sc-sec,2026-09-06T15:38:14+00:00
2022,SC,45049,Hampton County,2022-10-21,18,15,,15,,,,,,1,sc-sec,2026-09-06T15:38:14+00:00
2022,SC,45049,Hampton County,2022-10-25,14,,,117,,,,,,1,sc-sec,2026-09-06T15:38:14+00:00
2022,SC,45049,Hampton County,2022-10-26,13,,,141,,,,,,1,sc-sec,2026-09-06T15:38:14+00:00
2022,SC,45049,Hampton County,2022-10-27,12,,,179,,,,,,1,sc-sec,2026-09-06T15:38:14+00:00
2022,SC,45049,Hampton County,2022-10-28,11,,,199,,,,,,1,sc-sec,2026-09-06T15:38:14+00:00
2022,SC,45049,Hampton County,2022-10-31,8,,,225,,,,,,1,sc-sec,2026-09-06T15:38:14+00:00
2022,SC,45049,Hampton County,2022-11-01,7,,,259,,,,,,1,sc-sec,2026-09-06T15:38:14+00:00
2022,SC,45049,Hampton County,2022-11-02,6,,,297,,,,,,1,sc-sec,2026-09-06T15:38:14+00:00
2022,SC,45049,Hampton County,2022-11-03,5,,,308,,,,,,1,sc-sec,2026-09-06T15:38:14+00:00
2022,SC,45049,Hampton County,2022-11-04,4,,,334,,,,,,1,sc-sec,2026-09-06T15:38:14+00:00
2022,SC,45049,Hampton County,2022-11-07,1,,,380,,,,,,1,sc-sec,2026-09-06T15:38:14+00:00
2022,SC,45049,Hampton County,2022-11-08,0,,,418,,,,,,1,sc-sec,2026-09-06T15:38:14+00:00
2022,SC,45051,Horry County,2022-10-07,32,27,,27,,,,,,1,sc-sec,2026-09-06T15:38:14+00:00
2022,SC,45051,Horry County,2022-10-10,29,39,,39,,,,,,1,sc-sec,2026-09-06T15:38:14+00:00
2022,SC,45051,Horry County,2022-10-14,25,110,,110,,,,,,1,sc-sec,2026-09-06T15:38:14+00:00
2022,SC,45051,Horry County,2022-10-17,22,958,,958,,,,,,1,sc-sec,2026-09-06T15:38:14+00:00
2022,SC,45051,Horry County,2022-10-18,21,1497,,1497,,,,,,1,sc-sec,2026-09-06T15:38:14+00:00
2022,SC,45051,Horry County,2022-10-19,20,1511,,1511,,,,,,1,sc-sec,2026-09-06T15:38:14+00:00
2022,SC,45051,Horry County,2022-10-20,19,1892,,1892,,,,,,1,sc-sec,2026-09-06T15:38:14+00:00
2022,SC,45051,Horry County,2022-10-21,18,1902,,1902,,,,,,1,sc-sec,2026-09-06T15:38:14+00:00
2022,SC,45051,Horry County,2022-10-25,14,,,2375,,,,,,1,sc-sec,2026-09-06T15:38:14+00:00
2022,SC,45051,Horry County,2022-10-26,13,,,2464,,,,,,1,sc-sec,2026-09-06T15:38:14+00:00
2022,SC,45051,Horry County,2022-10-27,12,,,2502,,,,,,1,sc-sec,2026-09-06T15:38:14+00:00
2022,SC,45051,Horry County,2022-10-28,11,,,2976,,,,,,1,sc-sec,2026-09-06T15:38:14+00:00
2022,SC,45051,Horry County,2022-10-31,8,,,3310,,,,,,1,sc-sec,2026-09-06T15:38:14+00:00
2022,SC,45051,Horry County,2022-11-01,7,,,3345,,,,,,1,sc-sec,2026-09-06T15:38:14+00:00
2022,SC,45051,Horry County,2022-11-02,6,,,3539,,,,,,1,sc-sec,2026-09-06T15:38:14+00:00
2022,SC,45051,Horry County,2022-11-03,5,,,3902,,,,,,1,sc-sec,2026-09-06T15:38:14+00:00
2022,SC,45051,Horry County,2022-11-04,4,,,4045,,,,,,1,sc-sec,2026-09-06T15:38:14+00:00
2022,SC,45051,Horry County,2022-11-07,1,,,4178,,,,,,1,sc-sec,2026-09-06T15:38:14+00:00
2022,SC,45051,Horry County,2022-11-08,0,,,4213,,,,,,1,sc-sec,2026-09-06T15:38:14+00:00
2022,SC,45053,Jasper County,2022-10-07,32,1,,1,,,,,,1,sc-sec,2026-09-06T15:38:14+00:00
2022,SC,45053,Jasper County,2022-10-10,29,1,,1,,,,,,1,sc-sec,2026-09-06T15:38:14+00:00
2022,SC,45053,Jasper County,2022-10-14,25,1,,1,,,,,,1,sc-sec,2026-09-06T15:38:14+00:00
2022,SC,45053,Jasper County,2022-10-17,22,54,,54,,,,,,1,sc-sec,2026-09-06T15:38:14+00:00
2022,SC,45053,Jasper County,2022-10-18,21,96,,96,,,,,,1,sc-sec,2026-09-06T15:38:14+00:00
2022,SC,45053,Jasper County,2022-10-19,20,113,,113,,,,,,1,sc-sec,2026-09-06T15:38:14+00:00
2022,SC,45053,Jasper County,2022-10-20,19,113,,113,,,,,,1,sc-sec,2026-09-06T15:38:14+00:00
2022,SC,45053,Jasper County,2022-10-21,18,115,,115,,,,,,1,sc-sec,2026-09-06T15:38:14+00:00
2022,SC,45053,Jasper County,2022-10-25,14,,,216,,,,,,1,sc-sec,2026-09-06T15:38:14+00:00
2022,SC,45053,Jasper County,2022-10-26,13,,,217,,,,,,1,sc-sec,2026-09-06T15:38:14+00:00
2022,SC,45053,Jasper County,2022-10-27,12,,,245,,,,,,1,sc-sec,2026-09-06T15:38:14+00:00
2022,SC,45053,Jasper County,2022-10-28,11,,,258,,,,,,1,sc-sec,2026-09-06T15:38:14+00:00
2022,SC,45053,Jasper County,2022-10-31,8,,,275,,,,,,1,sc-sec,2026-09-06T15:38:14+00:00
2022,SC,45053,Jasper County,2022-11-01,7,,,299,,,,,,1,sc-sec,2026-09-06T15:38:14+00:00
2022,SC,45053,Jasper County,2022-11-02,6,,,380,,,,,,1,sc-sec,2026-09-06T15:38:14+00:00
2022,SC,45053,Jasper County,2022-11-03,5,,,401,,,,,,1,sc-sec,2026-09-06T15:38:14+00:00
2022,SC,45053,Jasper County,2022-11-04,4,,,423,,,,,,1,sc-sec,2026-09-06T15:38:14+00:00
2022,SC,45053,Jasper County,2022-11-07,1,,,446,,,,,,1,sc-sec,2026-09-06T15:38:14+00:00
2022,SC,45053,Jasper County,2022-11-08,0,,,456,,,,,,1,sc-sec,2026-09-06T15:38:14+00:00
2022,SC,45055,Kershaw County,2022-10-07,32,2,,2,,,,,,1,sc-sec,2026-09-06T15:38:14+00:00
2022,SC,45055,Kershaw County,2022-10-10,29,2,,2,,,,,,1,sc-sec,2026-09-06T15:38:14+00:00
2022,SC,45055,Kershaw County,2022-10-14,25,2,,2,,,,,,1,sc-sec,2026-09-06T15:38:14+00:00
2022,SC,45055,Kershaw County,2022-10-17,22,18,,18,,,,,,1,sc-sec,2026-09-06T15:38:14+00:00
2022,SC,45055,Kershaw County,2022-10-18,21,53,,53,,,,,,1,sc-sec,2026-09-06T15:38:14+00:00
2022,SC,45055,Kershaw County,2022-10-19,20,60,,60,,,,,,1,sc-sec,2026-09-06T15:38:14+00:00
2022,SC,45055,Kershaw County,2022-10-20,19,114,,114,,,,,,1,sc-sec,2026-09-06T15:38:14+00:00
2022,SC,45055,Kershaw County,2022-10-21,18,127,,127,,,,,,1,sc-sec,2026-09-06T15:38:14+00:00
2022,SC,45055,Kershaw County,2022-10-25,14,,,177,,,,,,1,sc-sec,2026-09-06T15:38:14+00:00
2022,SC,45055,Kershaw County,2022-10-26,13,,,211,,,,,,1,sc-sec,2026-09-06T15:38:14+00:00
2022,SC,45055,Kershaw County,2022-10-27,12,,,248,,,,,,1,sc-sec,2026-09-06T15:38:14+00:00
2022,SC,45055,Kershaw County,2022-10-28,11,,,270,,,,,,1,sc-sec,2026-09-06T15:38:14+00:00
2022,SC,45055,Kershaw County,2022-10-31,8,,,290,,,,,,1,sc-sec,2026-09-06T15:38:14+00:00
2022,SC,45055,Kershaw County,2022-11-01,7,,,334,,,,,,1,sc-sec,2026-09-06T15:38:14+00:00
2022,SC,45055,Kershaw County,2022-11-02,6,,,355,,,,,,1,sc-sec,2026-09-06T15:38:14+00:00
2022,SC,45055,Kershaw County,2022-11-03,5,,,403,,,,,,1,sc-sec,2026-09-06T15:38:14+00:00
2022,SC,45055,Kershaw County,2022-11-04,4,,,414,,,,,,1,sc-sec,2026-09-06T15:38:14+00:00
2022,SC,45055,Kershaw County,2022-11-07,1,,,429,,,,,,1,sc-sec,2026-09-06T15:38:14+00:00
2022,SC,45055,Kershaw County,2022-11-08,0,,,449,,,,,,1,sc-sec,2026-09-06T15:38:14+00:00
2022,SC,45057,Lancaster County,2022-10-07,32,2,,2,,,,,,1,sc-sec,2026-09-06T15:38:14+00:00
2022,SC,45057,Lancaster County,2022-10-10,29,3,,3,,,,,,1,sc-sec,2026-09-06T15:38:14+00:00
2022,SC,45057,Lancaster County,2022-10-14,25,4,,4,,,,,,1,sc-sec,2026-09-06T15:38:14+00:00
2022,SC,45057,Lancaster County,2022-10-17,22,112,,112,,,,,,1,sc-sec,2026-09-06T15:38:14+00:00
2022,SC,45057,Lancaster County,2022-10-18,21,130,,130,,,,,,1,sc-sec,2026-09-06T15:38:14+00:00
2022,SC,45057,Lancaster County,2022-10-19,20,211,,211,,,,,,1,sc-sec,2026-09-06T15:38:14+00:00
2022,SC,45057,Lancaster County,2022-10-20,19,253,,253,,,,,,1,sc-sec,2026-09-06T15:38:14+00:00
2022,SC,45057,Lancaster County,2022-10-21,18,258,,258,,,,,,1,sc-sec,2026-09-06T15:38:14+00:00
2022,SC,45057,Lancaster County,2022-10-25,14,,,395,,,,,,1,sc-sec,2026-09-06T15:38:14+00:00
2022,SC,45057,Lancaster County,2022-10-26,13,,,436,,,,,,1,sc-sec,2026-09-06T15:38:14+00:00
2022,SC,45057,Lancaster County,2022-10-27,12,,,469,,,,,,1,sc-sec,2026-09-06T15:38:14+00:00
2022,SC,45057,Lancaster County,2022-10-28,11,,,504,,,,,,1,sc-sec,2026-09-06T15:38:14+00:00
2022,SC,45057,Lancaster County,2022-10-31,8,,,553,,,,,,1,sc-sec,2026-09-06T15:38:14+00:00
2022,SC,45057,Lancaster County,2022-11-01,7,,,599,,,,,,1,sc-sec,2026-09-06T15:38:14+00:00
2022,SC,45057,Lancaster County,2022-11-02,6,,,624,,,,,,1,sc-sec,2026-09-06T15:38:14+00:00
2022,SC,45057,Lancaster County,2022-11-03,5,,,646,,,,,,1,sc-sec,2026-09-06T15:38:14+00:00
2022,SC,45057,Lancaster County,2022-11-04,4,,,670,,,,,,1,sc-sec,2026-09-06T15:38:14+00:00
2022,SC,45057,Lancaster County,2022-11-07,1,,,707,,,,,,1,sc-sec,2026-09-06T15:38:14+00:00
2022,SC,45057,Lancaster County,2022-11-08,0,,,715,,,,,,1,sc-sec,2026-09-06T15:38:14+00:00
2022,SC,45059,Laurens County,2022-10-07,32,3,,3,,,,,,1,sc-sec,2026-09-06T15:38:14+00:00
2022,SC,45059,Laurens County,2022-10-10,29,3,,3,,,,,,1,sc-sec,2026-09-06T15:38:14+00:00
2022,SC,45059,Laurens County,2022-10-14,25,3,,3,,,,,,1,sc-sec,2026-09-06T15:38:14+00:00
2022,SC,45059,Laurens County,2022-10-17,22,13,,13,,,,,,1,sc-sec,2026-09-06T15:38:14+00:00
2022,SC,45059,Laurens County,2022-10-18,21,27,,27,,,,,,1,sc-sec,2026-09-06T15:38:14+00:00
2022,SC,45059,Laurens County,2022-10-19,20,31,,31,,,,,,1,sc-sec,2026-09-06T15:38:14+00:00
2022,SC,45059,Laurens County,2022-10-20,19,58,,58,,,,,,1,sc-sec,2026-09-06T15:38:14+00:00
2022,SC,45059,Laurens County,2022-10-21,18,87,,87,,,,,,1,sc-sec,2026-09-06T15:38:14+00:00
2022,SC,45059,Laurens County,2022-10-25,14,,,127,,,,,,1,sc-sec,2026-09-06T15:38:14+00:00
2022,SC,45059,Laurens County,2022-10-26,13,,,158,,,,,,1,sc-sec,2026-09-06T15:38:14+00:00
2022,SC,45059,Laurens County,2022-10-27,12,,,158,,,,,,1,sc-sec,2026-09-06T15:38:14+00:00
2022,SC,45059,Laurens County,2022-10-28,11,,,167,,,,,,1,sc-sec,2026-09-06T15:38:14+00:00
2022,SC,45059,Laurens County,2022-10-31,8,,,199,,,,,,1,sc-sec,2026-09-06T15:38:14+00:00
2022,SC,45059,Laurens County,2022-11-01,7,,,242,,,,,,1,sc-sec,2026-09-06T15:38:14+00:00
2022,SC,45059,Laurens County,2022-11-02,6,,,262,,,,,,1,sc-sec,2026-09-06T15:38:14+00:00
2022,SC,45059,Laurens County,2022-11-03,5,,,290,,,,,,1,sc-sec,2026-09-06T15:38:14+00:00
2022,SC,45059,Laurens County,2022-11-04,4,,,292,,,,,,1,sc-sec,2026-09-06T15:38:14+00:00
2022,SC,45059,Laurens County,2022-11-07,1,,,326,,,,,,1,sc-sec,2026-09-06T15:38:14+00:00
2022,SC,45059,Laurens County,2022-11-08,0,,,331,,,,,,1,sc-sec,2026-09-06T15:38:14+00:00
2022,SC,45061,Lee County,2022-10-07,32,0,,0,,,,,,1,sc-sec,2026-09-06T15:38:14+00:00
2022,SC,45061,Lee County,2022-10-10,29,0,,0,,,,,,1,sc-sec,2026-09-06T15:38:14+00:00
2022,SC,45061,Lee County,2022-10-14,25,0,,0,,,,,,1,sc-sec,2026-09-06T15:38:14+00:00
2022,SC,45061,Lee County,2022-10-17,22,2,,2,,,,,,1,sc-sec,2026-09-06T15:38:14+00:00
2022,SC,45061,Lee County,2022-10-18,21,12,,12,,,,,,1,sc-sec,2026-09-06T15:38:14+00:00
2022,SC,45061,Lee County,2022-10-19,20,12,,12,,,,,,1,sc-sec,2026-09-06T15:38:14+00:00
2022,SC,45061,Lee County,2022-10-20,19,20,,20,,,,,,1,sc-sec,2026-09-06T15:38:14+00:00
2022,SC,45061,Lee County,2022-10-21,18,25,,25,,,,,,1,sc-sec,2026-09-06T15:38:14+00:00
2022,SC,45061,Lee County,2022-10-25,14,,,32,,,,,,1,sc-sec,2026-09-06T15:38:14+00:00
2022,SC,45061,Lee County,2022-10-26,13,,,41,,,,,,1,sc-sec,2026-09-06T15:38:14+00:00
2022,SC,45061,Lee County,2022-10-27,12,,,43,,,,,,1,sc-sec,2026-09-06T15:38:14+00:00
2022,SC,45061,Lee County,2022-10-28,11,,,45,,,,,,1,sc-sec,2026-09-06T15:38:14+00:00
2022,SC,45061,Lee County,2022-10-31,8,,,50,,,,,,1,sc-sec,2026-09-06T15:38:14+00:00
2022,SC,45061,Lee County,2022-11-01,7,,,58,,,,,,1,sc-sec,2026-09-06T15:38:14+00:00
2022,SC,45061,Lee County,2022-11-02,6,,,60,,,,,,1,sc-sec,2026-09-06T15:38:14+00:00
2022,SC,45061,Lee County,2022-11-03,5,,,65,,,,,,1,sc-sec,2026-09-06T15:38:14+00:00
2022,SC,45061,Lee County,2022-11-04,4,,,73,,,,,,1,sc-sec,2026-09-06T15:38:14+00:00
2022,SC,45061,Lee County,2022-11-07,1,,,81,,,,,,1,sc-sec,2026-09-06T15:38:14+00:00
2022,SC,45061,Lee County,2022-11-08,0,,,85,,,,,,1,sc-sec,2026-09-06T15:38:14+00:00
2022,SC,45063,Lexington County,2022-10-07,32,18,,18,,,,,,1,sc-sec,2026-09-06T15:38:14+00:00
2022,SC,45063,Lexington County,2022-10-10,29,18,,18,,,,,,1,sc-sec,2026-09-06T15:38:14+00:00
2022,SC,45063,Lexington County,2022-10-14,25,19,,19,,,,,,1,sc-sec,2026-09-06T15:38:14+00:00
2022,SC,45063,Lexington County,2022-10-17,22,231,,231,,,,,,1,sc-sec,2026-09-06T15:38:14+00:00
2022,SC,45063,Lexington County,2022-10-18,21,635,,635,,,,,,1,sc-sec,2026-09-06T15:38:14+00:00
2022,SC,45063,Lexington County,2022-10-19,20,658,,658,,,,,,1,sc-sec,2026-09-06T15:38:14+00:00
2022,SC,45063,Lexington County,2022-10-20,19,812,,812,,,,,,1,sc-sec,2026-09-06T15:38:14+00:00
2022,SC,45063,Lexington County,2022-10-21,18,957,,957,,,,,,1,sc-sec,2026-09-06T15:38:14+00:00
2022,SC,45063,Lexington County,2022-10-25,14,,,1208,,,,,,1,sc-sec,2026-09-06T15:38:14+00:00
2022,SC,45063,Lexington County,2022-10-26,13,,,1324,,,,,,1,sc-sec,2026-09-06T15:38:14+00:00
2022,SC,45063,Lexington County,2022-10-27,12,,,1472,,,,,,1,sc-sec,2026-09-06T15:38:14+00:00
2022,SC,45063,Lexington County,2022-10-28,11,,,1582,,,,,,1,sc-sec,2026-09-06T15:38:14+00:00
2022,SC,45063,Lexington County,2022-10-31,8,,,1766,,,,,,1,sc-sec,2026-09-06T15:38:14+00:00
2022,SC,45063,Lexington County,2022-11-01,7,,,2059,,,,,,1,sc-sec,2026-09-06T15:38:14+00:00
2022,SC,45063,Lexington County,2022-11-02,6,,,2191,,,,,,1,sc-sec,2026-09-06T15:38:14+00:00
2022,SC,45063,Lexington County,2022-11-03,5,,,2409,,,,,,1,sc-sec,2026-09-06T15:38:14+00:00
2022,SC,45063,Lexington County,2022-11-04,4,,,2571,,,,,,1,sc-sec,2026-09-06T15:38:14+00:00
2022,SC,45063,Lexington County,2022-11-07,1,,,2803,,,,,,1,sc-sec,2026-09-06T15:38:14+00:00
2022,SC,45063,Lexington County,2022-11-08,0,,,2907,,,,,,1,sc-sec,2026-09-06T15:38:14+00:00
2022,SC,45065,McCormick County,2022-10-07,32,0,,0,,,,,,1,sc-sec,2026-09-06T15:38:14+00:00
2022,SC,45065,McCormick County,2022-10-10,29,0,,0,,,,,,1,sc-sec,2026-09-06T15:38:14+00:00
2022,SC,45065,McCormick County,2022-10-14,25,0,,0,,,,,,1,sc-sec,2026-09-06T15:38:14+00:00
2022,SC,45065,McCormick County,2022-10-17,22,4,,4,,,,,,1,sc-sec,2026-09-06T15:38:14+00:00
2022,SC,45065,McCormick County,2022-10-18,21,15,,15,,,,,,1,sc-sec,2026-09-06T15:38:14+00:00
2022,SC,45065,McCormick County,2022-10-19,20,18,,18,,,,,,1,sc-sec,2026-09-06T15:38:14+00:00
2022,SC,45065,McCormick County,2022-10-20,19,23,,23,,,,,,1,sc-sec,2026-09-06T15:38:14+00:00
2022,SC,45065,McCormick County,2022-10-21,18,25,,25,,,,,,1,sc-sec,2026-09-06T15:38:14+00:00
2022,SC,45065,McCormick County,2022-10-25,14,,,48,,,,,,1,sc-sec,2026-09-06T15:38:14+00:00
2022,SC,45065,McCormick County,2022-10-26,13,,,60,,,,,,1,sc-sec,2026-09-06T15:38:14+00:00
2022,SC,45065,McCormick County,2022-10-27,12,,,83,,,,,,1,sc-sec,2026-09-06T15:38:14+00:00
2022,SC,45065,McCormick County,2022-10-28,11,,,88,,,,,,1,sc-sec,2026-09-06T15:38:14+00:00
2022,SC,45065,McCormick County,2022-10-31,8,,,99,,,,,,1,sc-sec,2026-09-06T15:38:14+00:00
2022,SC,45065,McCormick County,2022-11-01,7,,,103,,,,,,1,sc-sec,2026-09-06T15:38:14+00:00
2022,SC,45065,McCormick County,2022-11-02,6,,,115,,,,,,1,sc-sec,2026-09-06T15:38:14+00:00
2022,SC,45065,McCormick County,2022-11-03,5,,,122,,,,,,1,sc-sec,2026-09-06T15:38:14+00:00
2022,SC,45065,McCormick County,2022-11-04,4,,,135,,,,,,1,sc-sec,2026-09-06T15:38:14+00:00
2022,SC,45065,McCormick County,2022-11-07,1,,,142,,,,,,1,sc-sec,2026-09-06T15:38:14+00:00
2022,SC,45065,McCormick County,2022-11-08,0,,,144,,,,,,1,sc-sec,2026-09-06T15:38:14+00:00
2022,SC,45067,Marion County,2022-10-07,32,0,,0,,,,,,1,sc-sec,2026-09-06T15:38:14+00:00
2022,SC,45067,Marion County,2022-10-10,29,0,,0,,,,,,1,sc-sec,2026-09-06T15:38:14+00:00
2022,SC,45067,Marion County,2022-10-14,25,0,,0,,,,,,1,sc-sec,2026-09-06T15:38:14+00:00
2022,SC,45067,Marion County,2022-10-17,22,24,,24,,,,,,1,sc-sec,2026-09-06T15:38:14+00:00
2022,SC,45067,Marion County,2022-10-18,21,61,,61,,,,,,1,sc-sec,2026-09-06T15:38:14+00:00
2022,SC,45067,Marion County,2022-10-19,20,97,,97,,,,,,1,sc-sec,2026-09-06T15:38:14+00:00
2022,SC,45067,Marion County,2022-10-20,19,161,,161,,,,,,1,sc-sec,2026-09-06T15:38:14+00:00
2022,SC,45067,Marion County,2022-10-21,18,162,,162,,,,,,1,sc-sec,2026-09-06T15:38:14+00:00
2022,SC,45067,Marion County,2022-10-25,14,,,279,,,,,,1,sc-sec,2026-09-06T15:38:14+00:00
2022,SC,45067,Marion County,2022-10-26,13,,,343,,,,,,1,sc-sec,2026-09-06T15:38:14+00:00
2022,SC,45067,Marion County,2022-10-27,12,,,387,,,,,,1,sc-sec,2026-09-06T15:38:14+00:00
2022,SC,45067,Marion County,2022-10-28,11,,,423,,,,,,1,sc-sec,2026-09-06T15:38:14+00:00
2022,SC,45067,Marion County,2022-10-31,8,,,460,,,,,,1,sc-sec,2026-09-06T15:38:14+00:00
2022,SC,45067,Marion County,2022-11-01,7,,,486,,,,,,1,sc-sec,2026-09-06T15:38:14+00:00
2022,SC,45067,Marion County,2022-11-02,6,,,514,,,,,,1,sc-sec,2026-09-06T15:38:14+00:00
2022,SC,45067,Marion County,2022-11-03,5,,,529,,,,,,1,sc-sec,2026-09-06T15:38:14+00:00
2022,SC,45067,Marion County,2022-11-04,4,,,548,,,,,,1,sc-sec,2026-09-06T15:38:14+00:00
2022,SC,45067,Marion County,2022-11-07,1,,,589,,,,,,1,sc-sec,2026-09-06T15:38:14+00:00
2022,SC,45067,Marion County,2022-11-08,0,,,599,,,,,,1,sc-sec,2026-09-06T15:38:14+00:00
2022,SC,45069,Marlboro County,2022-10-07,32,3,,3,,,,,,1,sc-sec,2026-09-06T15:38:14+00:00
2022,SC,45069,Marlboro County,2022-10-10,29,4,,4,,,,,,1,sc-sec,2026-09-06T15:38:14+00:00
2022,SC,45069,Marlboro County,2022-10-14,25,5,,5,,,,,,1,sc-sec,2026-09-06T15:38:14+00:00
2022,SC,45069,Marlboro County,2022-10-17,22,45,,45,,,,,,1,sc-sec,2026-09-06T15:38:14+00:00
2022,SC,45069,Marlboro County,2022-10-18,21,202,,202,,,,,,1,sc-sec,2026-09-06T15:38:14+00:00
2022,SC,45069,Marlboro County,2022-10-19,20,218,,218,,,,,,1,sc-sec,2026-09-06T15:38:14+00:00
2022,SC,45069,Marlboro County,2022-10-20,19,218,,218,,,,,,1,sc-sec,2026-09-06T15:38:14+00:00
2022,SC,45069,Marlboro County,2022-10-21,18,261,,261,,,,,,1,sc-sec,2026-09-06T15:38:14+00:00
2022,SC,45069,Marlboro County,2022-10-25,14,,,297,,,,,,1,sc-sec,2026-09-06T15:38:14+00:00
2022,SC,45069,Marlboro County,2022-10-26,13,,,319,,,,,,1,sc-sec,2026-09-06T15:38:14+00:00
2022,SC,45069,Marlboro County,2022-10-27,12,,,359,,,,,,1,sc-sec,2026-09-06T15:38:14+00:00
2022,SC,45069,Marlboro County,2022-10-28,11,,,381,,,,,,1,sc-sec,2026-09-06T15:38:14+00:00
2022,SC,45069,Marlboro County,2022-10-31,8,,,399,,,,,,1,sc-sec,2026-09-06T15:38:14+00:00
2022,SC,45069,Marlboro County,2022-11-01,7,,,426,,,,,,1,sc-sec,2026-09-06T15:38:14+00:00
2022,SC,45069,Marlboro County,2022-11-02,6,,,432,,,,,,1,sc-sec,2026-09-06T15:38:14+00:00
2022,SC,45069,Marlboro County,2022-11-03,5,,,432,,,,,,1,sc-sec,2026-09-06T15:38:14+00:00
2022,SC,45069,Marlboro County,2022-11-04,4,,,443,,,,,,1,sc-sec,2026-09-06T15:38:14+00:00
2022,SC,45069,Marlboro County,2022-11-07,1,,,466,,,,,,1,sc-sec,2026-09-06T15:38:14+00:00
2022,SC,45069,Marlboro County,2022-11-08,0,,,467,,,,,,1,sc-sec,2026-09-06T15:38:14+00:00
2022,SC,45071,Newberry County,2022-10-07,32,0,,0,,,,,,1,sc-sec,2026-09-06T15:38:14+00:00
2022,SC,45071,Newberry County,2022-10-10,29,0,,0,,,,,,1,sc-sec,2026-09-06T15:38:14+00:00
2022,SC,45071,Newberry County,2022-10-14,25,0,,0,,,,,,1,sc-sec,2026-09-06T15:38:14+00:00
2022,SC,45071,Newberry County,2022-10-17,22,0,,0,,,,,,1,sc-sec,2026-09-06T15:38:14+00:00
2022,SC,45071,Newberry County,2022-10-18,21,0,,0,,,,,,1,sc-sec,2026-09-06T15:38:14+00:00
2022,SC,45071,Newberry County,2022-10-19,20,0,,0,,,,,,1,sc-sec,2026-09-06T15:38:14+00:00
2022,SC,45071,Newberry County,2022-10-20,19,0,,0,,,,,,1,sc-sec,2026-09-06T15:38:14+00:00
2022,SC,45071,Newberry County,2022-10-21,18,0,,0,,,,,,1,sc-sec,2026-09-06T15:38:14+00:00
2022,SC,45071,Newberry County,2022-10-25,14,,,0,,,,,,1,sc-sec,2026-09-06T15:38:14+00:00
2022,SC,45071,Newberry County,2022-10-26,13,,,0,,,,,,1,sc-sec,2026-09-06T15:38:14+00:00
2022,SC,45071,Newberry County,2022-10-27,12,,,4,,,,,,1,sc-sec,2026-09-06T15:38:14+00:00
2022,SC,45071,Newberry County,2022-10-28,11,,,21,,,,,,1,sc-sec,2026-09-06T15:38:14+00:00
2022,SC,45071,Newberry County,2022-10-31,8,,,42,,,,,,1,sc-sec,2026-09-06T15:38:14+00:00
2022,SC,45071,Newberry County,2022-11-01,7,,,85,,,,,,1,sc-sec,2026-09-06T15:38:14+00:00
2022,SC,45071,Newberry County,2022-11-02,6,,,92,,,,,,1,sc-sec,2026-09-06T15:38:14+00:00
2022,SC,45071,Newberry County,2022-11-03,5,,,127,,,,,,1,sc-sec,2026-09-06T15:38:14+00:00
2022,SC,45071,Newberry County,2022-11-04,4,,,151,,,,,,1,sc-sec,2026-09-06T15:38:14+00:00
2022,SC,45071,Newberry County,2022-11-07,1,,,168,,,,,,1,sc-sec,2026-09-06T15:38:14+00:00
2022,SC,45071,Newberry County,2022-11-08,0,,,182,,,,,,1,sc-sec,2026-09-06T15:38:14+00:00
2022,SC,45073,Oconee County,2022-10-07,32,6,,6,,,,,,1,sc-sec,2026-09-06T15:38:14+00:00
2022,SC,45073,Oconee County,2022-10-10,29,7,,7,,,,,,1,sc-sec,2026-09-06T15:38:14+00:00
2022,SC,45073,Oconee County,2022-10-14,25,10,,10,,,,,,1,sc-sec,2026-09-06T15:38:14+00:00
2022,SC,45073,Oconee County,2022-10-17,22,17,,17,,,,,,1,sc-sec,2026-09-06T15:38:14+00:00
2022,SC,45073,Oconee County,2022-10-18,21,55,,55,,,,,,1,sc-sec,2026-09-06T15:38:14+00:00
2022,SC,45073,Oconee County,2022-10-19,20,103,,103,,,,,,1,sc-sec,2026-09-06T15:38:14+00:00
2022,SC,45073,Oconee County,2022-10-20,19,164,,164,,,,,,1,sc-sec,2026-09-06T15:38:14+00:00
2022,SC,45073,Oconee County,2022-10-21,18,230,,230,,,,,,1,sc-sec,2026-09-06T15:38:14+00:00
2022,SC,45073,Oconee County,2022-10-25,14,,,445,,,,,,1,sc-sec,2026-09-06T15:38:14+00:00
2022,SC,45073,Oconee County,2022-10-26,13,,,455,,,,,,1,sc-sec,2026-09-06T15:38:14+00:00
2022,SC,45073,Oconee County,2022-10-27,12,,,730,,,,,,1,sc-sec,2026-09-06T15:38:14+00:00
2022,SC,45073,Oconee County,2022-10-28,11,,,778,,,,,,1,sc-sec,2026-09-06T15:38:14+00:00
2022,SC,45073,Oconee County,2022-10-31,8,,,799,,,,,,1,sc-sec,2026-09-06T15:38:14+00:00
2022,SC,45073,Oconee County,2022-11-01,7,,,990,,,,,,1,sc-sec,2026-09-06T15:38:14+00:00
2022,SC,45073,Oconee County,2022-11-02,6,,,1062,,,,,,1,sc-sec,2026-09-06T15:38:14+00:00
2022,SC,45073,Oconee County,2022-11-03,5,,,1080,,,,,,1,sc-sec,2026-09-06T15:38:14+00:00
2022,SC,45073,Oconee County,2022-11-04,4,,,1104,,,,,,1,sc-sec,2026-09-06T15:38:14+00:00
2022,SC,45073,Oconee County,2022-11-07,1,,,1178,,,,,,1,sc-sec,2026-09-06T15:38:14+00:00
2022,SC,45073,Oconee County,2022-11-08,0,,,1197,,,,,,1,sc-sec,2026-09-06T15:38:14+00:00
2022,SC,45075,Orangeburg County,2022-10-07,32,2,,2,,,,,,1,sc-sec,2026-09-06T15:38:14+00:00
2022,SC,45075,Orangeburg County,2022-10-10,29,2,,2,,,,,,1,sc-sec,2026-09-06T15:38:14+00:00
2022,SC,45075,Orangeburg County,2022-10-14,25,2,,2,,,,,,1,sc-sec,2026-09-06T15:38:14+00:00
2022,SC,45075,Orangeburg County,2022-10-17,22,5,,5,,,,,,1,sc-sec,2026-09-06T15:38:14+00:00
2022,SC,45075,Orangeburg County,2022-10-18,21,92,,92,,,,,,1,sc-sec,2026-09-06T15:38:14+00:00
2022,SC,45075,Orangeburg County,2022-10-19,20,167,,167,,,,,,1,sc-sec,2026-09-06T15:38:14+00:00
2022,SC,45075,Orangeburg County,2022-10-20,19,307,,307,,,,,,1,sc-sec,2026-09-06T15:38:14+00:00
2022,SC,45075,Orangeburg County,2022-10-21,18,413,,413,,,,,,1,sc-sec,2026-09-06T15:38:14+00:00
2022,SC,45075,Orangeburg County,2022-10-25,14,,,560,,,,,,1,sc-sec,2026-09-06T15:38:14+00:00
2022,SC,45075,Orangeburg County,2022-10-26,13,,,769,,,,,,1,sc-sec,2026-09-06T15:38:14+00:00
2022,SC,45075,Orangeburg County,2022-10-27,12,,,845,,,,,,1,sc-sec,2026-09-06T15:38:14+00:00
2022,SC,45075,Orangeburg County,2022-10-28,11,,,927,,,,,,1,sc-sec,2026-09-06T15:38:14+00:00
2022,SC,45075,Orangeburg County,2022-10-31,8,,,1079,,,,,,1,sc-sec,2026-09-06T15:38:14+00:00
2022,SC,45075,Orangeburg County,2022-11-01,7,,,1152,,,,,,1,sc-sec,2026-09-06T15:38:14+00:00
2022,SC,45075,Orangeburg County,2022-11-02,6,,,1246,,,,,,1,sc-sec,2026-09-06T15:38:14+00:00
2022,SC,45075,Orangeburg County,2022-11-03,5,,,1372,,,,,,1,sc-sec,2026-09-06T15:38:14+00:00
2022,SC,45075,Orangeburg County,2022-11-04,4,,,1476,,,,,,1,sc-sec,2026-09-06T15:38:14+00:00
2022,SC,45075,Orangeburg County,2022-11-07,1,,,1614,,,,,,1,sc-sec,2026-09-06T15:38:14+00:00
2022,SC,45075,Orangeburg County,2022-11-08,0,,,1659,,,,,,1,sc-sec,2026-09-06T15:38:14+00:00
2022,SC,45077,Pickens County,2022-10-07,32,6,,6,,,,,,1,sc-sec,2026-09-06T15:38:14+00:00
2022,SC,45077,Pickens County,2022-10-10,29,8,,8,,,,,,1,sc-sec,2026-09-06T15:38:14+00:00
2022,SC,45077,Pickens County,2022-10-14,25,10,,10,,,,,,1,sc-sec,2026-09-06T15:38:14+00:00
2022,SC,45077,Pickens County,2022-10-17,22,93,,93,,,,,,1,sc-sec,2026-09-06T15:38:14+00:00
2022,SC,45077,Pickens County,2022-10-18,21,143,,143,,,,,,1,sc-sec,2026-09-06T15:38:14+00:00
2022,SC,45077,Pickens County,2022-10-19,20,158,,158,,,,,,1,sc-sec,2026-09-06T15:38:14+00:00
2022,SC,45077,Pickens County,2022-10-20,19,199,,199,,,,,,1,sc-sec,2026-09-06T15:38:14+00:00
2022,SC,45077,Pickens County,2022-10-21,18,235,,235,,,,,,1,sc-sec,2026-09-06T15:38:14+00:00
2022,SC,45077,Pickens County,2022-10-25,14,,,326,,,,,,1,sc-sec,2026-09-06T15:38:14+00:00
2022,SC,45077,Pickens County,2022-10-26,13,,,347,,,,,,1,sc-sec,2026-09-06T15:38:14+00:00
2022,SC,45077,Pickens County,2022-10-27,12,,,425,,,,,,1,sc-sec,2026-09-06T15:38:14+00:00
2022,SC,45077,Pickens County,2022-10-28,11,,,445,,,,,,1,sc-sec,2026-09-06T15:38:14+00:00
2022,SC,45077,Pickens County,2022-10-31,8,,,472,,,,,,1,sc-sec,2026-09-06T15:38:14+00:00
2022,SC,45077,Pickens County,2022-11-01,7,,,502,,,,,,1,sc-sec,2026-09-06T15:38:14+00:00
2022,SC,45077,Pickens County,2022-11-02,6,,,527,,,,,,1,sc-sec,2026-09-06T15:38:14+00:00
2022,SC,45077,Pickens County,2022-11-03,5,,,558,,,,,,1,sc-sec,2026-09-06T15:38:14+00:00
2022,SC,45077,Pickens County,2022-11-04,4,,,602,,,,,,1,sc-sec,2026-09-06T15:38:14+00:00
2022,SC,45077,Pickens County,2022-11-07,1,,,647,,,,,,1,sc-sec,2026-09-06T15:38:14+00:00
2022,SC,45077,Pickens County,2022-11-08,0,,,663,,,,,,1,sc-sec,2026-09-06T15:38:14+00:00
2022,SC,45079,Richland County,2022-10-07,32,24,,24,,,,,,1,sc-sec,2026-09-06T15:38:14+00:00
2022,SC,45079,Richland County,2022-10-10,29,25,,25,,,,,,1,sc-sec,2026-09-06T15:38:14+00:00
2022,SC,45079,Richland County,2022-10-14,25,28,,28,,,,,,1,sc-sec,2026-09-06T15:38:14+00:00
2022,SC,45079,Richland County,2022-10-17,22,415,,415,,,,,,1,sc-sec,2026-09-06T15:38:14+00:00
2022,SC,45079,Richland County,2022-10-18,21,498,,498,,,,,,1,sc-sec,2026-09-06T15:38:14+00:00
2022,SC,45079,Richland County,2022-10-19,20,818,,818,,,,,,1,sc-sec,2026-09-06T15:38:14+00:00
2022,SC,45079,Richland County,2022-10-20,19,1311,,1311,,,,,,1,sc-sec,2026-09-06T15:38:14+00:00
2022,SC,45079,Richland County,2022-10-21,18,1384,,1384,,,,,,1,sc-sec,2026-09-06T15:38:14+00:00
2022,SC,45079,Richland County,2022-10-25,14,,,1957,,,,,,1,sc-sec,2026-09-06T15:38:14+00:00
2022,SC,45079,Richland County,2022-10-26,13,,,2191,,,,,,1,sc-sec,2026-09-06T15:38:14+00:00
2022,SC,45079,Richland County,2022-10-27,12,,,2439,,,,,,1,sc-sec,2026-09-06T15:38:14+00:00
2022,SC,45079,Richland County,2022-10-28,11,,,2545,,,,,,1,sc-sec,2026-09-06T15:38:14+00:00
2022,SC,45079,Richland County,2022-10-31,8,,,2733,,,,,,1,sc-sec,2026-09-06T15:38:14+00:00
2022,SC,45079,Richland County,2022-11-01,7,,,3095,,,,,,1,sc-sec,2026-09-06T15:38:14+00:00
2022,SC,45079,Richland County,2022-11-02,6,,,3616,,,,,,1,sc-sec,2026-09-06T15:38:14+00:00
2022,SC,45079,Richland County,2022-11-03,5,,,4016,,,,,,1,sc-sec,2026-09-06T15:38:14+00:00
2022,SC,45079,Richland County,2022-11-04,4,,,4405,,,,,,1,sc-sec,2026-09-06T15:38:14+00:00
2022,SC,45079,Richland County,2022-11-07,1,,,4676,,,,,,1,sc-sec,2026-09-06T15:38:14+00:00
2022,SC,45079,Richland County,2022-11-08,0,,,4887,,,,,,1,sc-sec,2026-09-06T15:38:14+00:00
2022,SC,45081,Saluda County,2022-10-07,32,0,,0,,,,,,1,sc-sec,2026-09-06T15:38:14+00:00
2022,SC,45081,Saluda County,2022-10-10,29,0,,0,,,,,,1,sc-sec,2026-09-06T15:38:14+00:00
2022,SC,45081,Saluda County,2022-10-14,25,1,,1,,,,,,1,sc-sec,2026-09-06T15:38:14+00:00
2022,SC,45081,Saluda County,2022-10-17,22,6,,6,,,,,,1,sc-sec,2026-09-06T15:38:14+00:00
2022,SC,45081,Saluda County,2022-10-18,21,6,,6,,,,,,1,sc-sec,2026-09-06T15:38:14+00:00
2022,SC,45081,Saluda County,2022-10-19,20,7,,7,,,,,,1,sc-sec,2026-09-06T15:38:14+00:00
2022,SC,45081,Saluda County,2022-10-20,19,10,,10,,,,,,1,sc-sec,2026-09-06T15:38:14+00:00
2022,SC,45081,Saluda County,2022-10-21,18,14,,14,,,,,,1,sc-sec,2026-09-06T15:38:14+00:00
2022,SC,45081,Saluda County,2022-10-25,14,,,17,,,,,,1,sc-sec,2026-09-06T15:38:14+00:00
2022,SC,45081,Saluda County,2022-10-26,13,,,22,,,,,,1,sc-sec,2026-09-06T15:38:14+00:00
2022,SC,45081,Saluda County,2022-10-27,12,,,22,,,,,,1,sc-sec,2026-09-06T15:38:14+00:00
2022,SC,45081,Saluda County,2022-10-28,11,,,23,,,,,,1,sc-sec,2026-09-06T15:38:14+00:00
2022,SC,45081,Saluda County,2022-10-31,8,,,31,,,,,,1,sc-sec,2026-09-06T15:38:14+00:00
2022,SC,45081,Saluda County,2022-11-01,7,,,35,,,,,,1,sc-sec,2026-09-06T15:38:14+00:00
2022,SC,45081,Saluda County,2022-11-02,6,,,41,,,,,,1,sc-sec,2026-09-06T15:38:14+00:00
2022,SC,45081,Saluda County,2022-11-03,5,,,45,,,,,,1,sc-sec,2026-09-06T15:38:14+00:00
2022,SC,45081,Saluda County,2022-11-04,4,,,45,,,,,,1,sc-sec,2026-09-06T15:38:14+00:00
2022,SC,45081,Saluda County,2022-11-07,1,,,60,,,,,,1,sc-sec,2026-09-06T15:38:14+00:00
2022,SC,45081,Saluda County,2022-11-08,0,,,61,,,,,,1,sc-sec,2026-09-06T15:38:14+00:00
2022,SC,45083,Spartanburg County,2022-10-07,32,13,,13,,,,,,1,sc-sec,2026-09-06T15:38:14+00:00
2022,SC,45083,Spartanburg County,2022-10-10,29,15,,15,,,,,,1,sc-sec,2026-09-06T15:38:14+00:00
2022,SC,45083,Spartanburg County,2022-10-14,25,16,,16,,,,,,1,sc-sec,2026-09-06T15:38:14+00:00
2022,SC,45083,Spartanburg County,2022-10-17,22,139,,139,,,,,,1,sc-sec,2026-09-06T15:38:14+00:00
2022,SC,45083,Spartanburg County,2022-10-18,21,161,,161,,,,,,1,sc-sec,2026-09-06T15:38:14+00:00
2022,SC,45083,Spartanburg County,2022-10-19,20,188,,188,,,,,,1,sc-sec,2026-09-06T15:38:14+00:00
2022,SC,45083,Spartanburg County,2022-10-20,19,216,,216,,,,,,1,sc-sec,2026-09-06T15:38:14+00:00
2022,SC,45083,Spartanburg County,2022-10-21,18,243,,243,,,,,,1,sc-sec,2026-09-06T15:38:14+00:00
2022,SC,45083,Spartanburg County,2022-10-25,14,,,999,,,,,,1,sc-sec,2026-09-06T15:38:14+00:00
2022,SC,45083,Spartanburg County,2022-10-26,13,,,1035,,,,,,1,sc-sec,2026-09-06T15:38:14+00:00
2022,SC,45083,Spartanburg County,2022-10-27,12,,,1323,,,,,,1,sc-sec,2026-09-06T15:38:14+00:00
2022,SC,45083,Spartanburg County,2022-10-28,11,,,1442,,,,,,1,sc-sec,2026-09-06T15:38:14+00:00
2022,SC,45083,Spartanburg County,2022-10-31,8,,,1659,,,,,,1,sc-sec,2026-09-06T15:38:14+00:00
2022,SC,45083,Spartanburg County,2022-11-01,7,,,1836,,,,,,1,sc-sec,2026-09-06T15:38:14+00:00
2022,SC,45083,Spartanburg County,2022-11-02,6,,,2027,,,,,,1,sc-sec,2026-09-06T15:38:14+00:00
2022,SC,45083,Spartanburg County,2022-11-03,5,,,2122,,,,,,1,sc-sec,2026-09-06T15:38:14+00:00
2022,SC,45083,Spartanburg County,2022-11-04,4,,,2307,,,,,,1,sc-sec,2026-09-06T15:38:14+00:00
2022,SC,45083,Spartanburg County,2022-11-07,1,,,2511,,,,,,1,sc-sec,2026-09-06T15:38:14+00:00
2022,SC,45083,Spartanburg County,2022-11-08,0,,,2551,,,,,,1,sc-sec,2026-09-06T15:38:14+00:00
2022,SC,45085,Sumter County,2022-10-07,32,4,,4,,,,,,1,sc-sec,2026-09-06T15:38:14+00:00
2022,SC,45085,Sumter County,2022-10-10,29,5,,5,,,,,,1,sc-sec,2026-09-06T15:38:14+00:00
2022,SC,45085,Sumter County,2022-10-14,25,5,,5,,,,,,1,sc-sec,2026-09-06T15:38:14+00:00
2022,SC,45085,Sumter County,2022-10-17,22,50,,50,,,,,,1,sc-sec,2026-09-06T15:38:14+00:00
2022,SC,45085,Sumter County,2022-10-18,21,175,,175,,,,,,1,sc-sec,2026-09-06T15:38:14+00:00
2022,SC,45085,Sumter County,2022-10-19,20,191,,191,,,,,,1,sc-sec,2026-09-06T15:38:14+00:00
2022,SC,45085,Sumter County,2022-10-20,19,308,,308,,,,,,1,sc-sec,2026-09-06T15:38:14+00:00
2022,SC,45085,Sumter County,2022-10-21,18,425,,425,,,,,,1,sc-sec,2026-09-06T15:38:14+00:00
2022,SC,45085,Sumter County,2022-10-25,14,,,538,,,,,,1,sc-sec,2026-09-06T15:38:14+00:00
2022,SC,45085,Sumter County,2022-10-26,13,,,619,,,,,,1,sc-sec,2026-09-06T15:38:14+00:00
2022,SC,45085,Sumter County,2022-10-27,12,,,763,,,,,,1,sc-sec,2026-09-06T15:38:14+00:00
2022,SC,45085,Sumter County,2022-10-28,11,,,772,,,,,,1,sc-sec,2026-09-06T15:38:14+00:00
2022,SC,45085,Sumter County,2022-10-31,8,,,842,,,,,,1,sc-sec,2026-09-06T15:38:14+00:00
2022,SC,45085,Sumter County,2022-11-01,7,,,992,,,,,,1,sc-sec,2026-09-06T15:38:14+00:00
2022,SC,45085,Sumter County,2022-11-02,6,,,1080,,,,,,1,sc-sec,2026-09-06T15:38:14+00:00
2022,SC,45085,Sumter County,2022-11-03,5,,,1134,,,,,,1,sc-sec,2026-09-06T15:38:14+00:00
2022,SC,45085,Sumter County,2022-11-04,4,,,1197,,,,,,1,sc-sec,2026-09-06T15:38:14+00:00
2022,SC,45085,Sumter County,2022-11-07,1,,,1284,,,,,,1,sc-sec,2026-09-06T15:38:14+00:00
2022,SC,45085,Sumter County,2022-11-08,0,,,1344,,,,,,1,sc-sec,2026-09-06T15:38:14+00:00
2022,SC,45087,Union County,2022-10-07,32,0,,0,,,,,,1,sc-sec,2026-09-06T15:38:14+00:00
2022,SC,45087,Union County,2022-10-10,29,0,,0,,,,,,1,sc-sec,2026-09-06T15:38:14+00:00
2022,SC,45087,Union County,2022-10-14,25,0,,0,,,,,,1,sc-sec,2026-09-06T15:38:14+00:00
2022,SC,45087,Union County,2022-10-17,22,0,,0,,,,,,1,sc-sec,2026-09-06T15:38:14+00:00
2022,SC,45087,Union County,2022-10-18,21,0,,0,,,,,,1,sc-sec,2026-09-06T15:38:14+00:00
2022,SC,45087,Union County,2022-10-19,20,0,,0,,,,,,1,sc-sec,2026-09-06T15:38:14+00:00
2022,SC,45087,Union County,2022-10-20,19,1,,1,,,,,,1,sc-sec,2026-09-06T15:38:14+00:00
2022,SC,45087,Union County,2022-10-21,18,5,,5,,,,,,1,sc-sec,2026-09-06T15:38:14+00:00
2022,SC,45087,Union County,2022-10-25,14,,,14,,,,,,1,sc-sec,2026-09-06T15:38:14+00:00
2022,SC,45087,Union County,2022-10-26,13,,,23,,,,,,1,sc-sec,2026-09-06T15:38:14+00:00
2022,SC,45087,Union County,2022-10-27,12,,,25,,,,,,1,sc-sec,2026-09-06T15:38:14+00:00
2022,SC,45087,Union County,2022-10-28,11,,,46,,,,,,1,sc-sec,2026-09-06T15:38:14+00:00
2022,SC,45087,Union County,2022-10-31,8,,,49,,,,,,1,sc-sec,2026-09-06T15:38:14+00:00
2022,SC,45087,Union County,2022-11-01,7,,,51,,,,,,1,sc-sec,2026-09-06T15:38:14+00:00
2022,SC,45087,Union County,2022-11-02,6,,,67,,,,,,1,sc-sec,2026-09-06T15:38:14+00:00
2022,SC,45087,Union County,2022-11-03,5,,,67,,,,,,1,sc-sec,2026-09-06T15:38:14+00:00
2022,SC,45087,Union County,2022-11-04,4,,,72,,,,,,1,sc-sec,2026-09-06T15:38:14+00:00
2022,SC,45087,Union County,2022-11-07,1,,,93,,,,,,1,sc-sec,2026-09-06T15:38:14+00:00
2022,SC,45087,Union County,2022-11-08,0,,,98,,,,,,1,sc-sec,2026-09-06T15:38:14+00:00
2022,SC,45089,Williamsburg County,2022-10-07,32,0,,0,,,,,,1,sc-sec,2026-09-06T15:38:14+00:00
2022,SC,45089,Williamsburg County,2022-10-10,29,0,,0,,,,,,1,sc-sec,2026-09-06T15:38:14+00:00
2022,SC,45089,Williamsburg County,2022-10-14,25,0,,0,,,,,,1,sc-sec,2026-09-06T15:38:14+00:00
2022,SC,45089,Williamsburg County,2022-10-17,22,8,,8,,,,,,1,sc-sec,2026-09-06T15:38:14+00:00
2022,SC,45089,Williamsburg County,2022-10-18,21,21,,21,,,,,,1,sc-sec,2026-09-06T15:38:14+00:00
2022,SC,45089,Williamsburg County,2022-10-19,20,30,,30,,,,,,1,sc-sec,2026-09-06T15:38:14+00:00
2022,SC,45089,Williamsburg County,2022-10-20,19,31,,31,,,,,,1,sc-sec,2026-09-06T15:38:14+00:00
2022,SC,45089,Williamsburg County,2022-10-21,18,48,,48,,,,,,1,sc-sec,2026-09-06T15:38:14+00:00
2022,SC,45089,Williamsburg County,2022-10-25,14,,,74,,,,,,1,sc-sec,2026-09-06T15:38:14+00:00
2022,SC,45089,Williamsburg County,2022-10-26,13,,,81,,,,,,1,sc-sec,2026-09-06T15:38:14+00:00
2022,SC,45089,Williamsburg County,2022-10-27,12,,,96,,,,,,1,sc-sec,2026-09-06T15:38:14+00:00
2022,SC,45089,Williamsburg County,2022-10-28,11,,,99,,,,,,1,sc-sec,2026-09-06T15:38:14+00:00
2022,SC,45089,Williamsburg County,2022-10-31,8,,,116,,,,,,1,sc-sec,2026-09-06T15:38:14+00:00
2022,SC,45089,Williamsburg County,2022-11-01,7,,,124,,,,,,1,sc-sec,2026-09-06T15:38:14+00:00
2022,SC,45089,Williamsburg County,2022-11-02,6,,,136,,,,,,1,sc-sec,2026-09-06T15:38:14+00:00
2022,SC,45089,Williamsburg County,2022-11-03,5,,,157,,,,,,1,sc-sec,2026-09-06T15:38:14+00:00
2022,SC,45089,Williamsburg County,2022-11-04,4,,,165,,,,,,1,sc-sec,2026-09-06T15:38:14+00:00
2022,SC,45089,Williamsburg County,2022-11-07,1,,,175,,,,,,1,sc-sec,2026-09-06T15:38:14+00:00
2022,SC,45089,Williamsburg County,2022-11-08,0,,,184,,,,,,1,sc-sec,2026-09-06T15:38:14+00:00
2022,SC,45091,York County,2022-10-07,32,25,,25,,,,,,1,sc-sec,2026-09-06T15:38:14+00:00
2022,SC,45091,York County,2022-10-10,29,26,,26,,,,,,1,sc-sec,2026-09-06T15:38:14+00:00
2022,SC,45091,York County,2022-10-14,25,29,,29,,,,,,1,sc-sec,2026-09-06T15:38:14+00:00
2022,SC,45091,York County,2022-10-17,22,234,,234,,,,,,1,sc-sec,2026-09-06T15:38:14+00:00
2022,SC,45091,York County,2022-10-18,21,649,,649,,,,,,1,sc-sec,2026-09-06T15:38:14+00:00
2022,SC,45091,York County,2022-10-19,20,856,,856,,,,,,1,sc-sec,2026-09-06T15:38:14+00:00
2022,SC,45091,York County,2022-10-20,19,883,,883,,,,,,1,sc-sec,2026-09-06T15:38:14+00:00
2022,SC,45091,York County,2022-10-21,18,1147,,1147,,,,,,1,sc-sec,2026-09-06T15:38:14+00:00
2022,SC,45091,York County,2022-10-25,14,,,1524,,,,,,1,sc-sec,2026-09-06T15:38:14+00:00
2022,SC,45091,York County,2022-10-26,13,,,1727,,,,,,1,sc-sec,2026-09-06T15:38:14+00:00
2022,SC,45091,York County,2022-10-27,12,,,1851,,,,,,1,sc-sec,2026-09-06T15:38:14+00:00
2022,SC,45091,York County,2022-10-28,11,,,1953,,,,,,1,sc-sec,2026-09-06T15:38:14+00:00
2022,SC,45091,York County,2022-10-31,8,,,2194,,,,,,1,sc-sec,2026-09-06T15:38:14+00:00
2022,SC,45091,York County,2022-11-01,7,,,2272,,,,,,1,sc-sec,2026-09-06T15:38:14+00:00
2022,SC,45091,York County,2022-11-02,6,,,2384,,,,,,1,sc-sec,2026-09-06T15:38:14+00:00
2022,SC,45091,York County,2022-11-03,5,,,2430,,,,,,1,sc-sec,2026-09-06T15:38:14+00:00
2022,SC,45091,York County,2022-11-04,4,,,2514,,,,,,1,sc-sec,2026-09-06T15:38:14+00:00
2022,SC,45091,York County,2022-11-07,1,,,2662,,,,,,1,sc-sec,2026-09-06T15:38:14+00:00
2022,SC,45091,York County,2022-11-08,0,,,2689,,,,,,1,sc-sec,2026-09-06T15:38:14+00:00
2024,SC,45001,Abbeville County,2024-09-24,42,0,,0,,,,,,1,sc-sec,2026-09-06T15:28:42+00:00
2024,SC,45001,Abbeville County,2024-09-25,41,0,,0,,,,,,1,sc-sec,2026-09-06T15:28:42+00:00
2024,SC,45001,Abbeville County,2024-09-26,40,0,,0,,,,,,1,sc-sec,2026-09-06T15:28:42+00:00
2024,SC,45001,Abbeville County,2024-10-01,35,0,,0,,,,,,1,sc-sec,2026-09-06T15:28:42+00:00
2024,SC,45001,Abbeville County,2024-10-02,34,0,,0,,,,,,1,sc-sec,2026-09-06T15:28:42+00:00
2024,SC,45001,Abbeville County,2024-10-03,33,0,,0,,,,,,1,sc-sec,2026-09-06T15:28:42+00:00
2024,SC,45001,Abbeville County,2024-10-04,32,0,,0,,,,,,1,sc-sec,2026-09-06T15:28:42+00:00
2024,SC,45001,Abbeville County,2024-10-09,27,0,,0,,,,,,1,sc-sec,2026-09-06T15:28:42+00:00
2024,SC,45001,Abbeville County,2024-10-10,26,0,,0,,,,,,1,sc-sec,2026-09-06T15:28:42+00:00
2024,SC,45001,Abbeville County,2024-10-11,25,0,,0,,,,,,1,sc-sec,2026-09-06T15:28:42+00:00
2024,SC,45001,Abbeville County,2024-10-14,22,0,,0,,,,,,1,sc-sec,2026-09-06T15:28:42+00:00
2024,SC,45001,Abbeville County,2024-10-15,21,0,,0,,,,,,1,sc-sec,2026-09-06T15:28:42+00:00
2024,SC,45001,Abbeville County,2024-10-16,20,0,,0,,,,,,1,sc-sec,2026-09-06T15:28:42+00:00
2024,SC,45001,Abbeville County,2024-10-17,19,0,,0,,,,,,1,sc-sec,2026-09-06T15:28:42+00:00
2024,SC,45001,Abbeville County,2024-10-18,18,2,,2,,,,,,1,sc-sec,2026-09-06T15:28:42+00:00
2024,SC,45001,Abbeville County,2024-10-21,15,769,,23,746,,,,,1,sc-sec,2026-09-06T15:28:42+00:00
2024,SC,45001,Abbeville County,2024-10-22,14,1382,,35,1347,,,,,1,sc-sec,2026-09-06T15:28:42+00:00
2024,SC,45001,Abbeville County,2024-10-23,13,2054,,118,1936,,,,,1,sc-sec,2026-09-06T15:28:42+00:00
2024,SC,45001,Abbeville County,2024-10-24,12,2576,,142,2434,,,,,1,sc-sec,2026-09-06T15:28:42+00:00
2024,SC,45001,Abbeville County,2024-10-25,11,3219,,165,3054,,,,,1,sc-sec,2026-09-06T15:28:42+00:00
2024,SC,45001,Abbeville County,2024-10-26,10,3447,,193,3254,,,,,1,sc-sec,2026-09-06T15:28:42+00:00
2024,SC,45001,Abbeville County,2024-10-27,9,3447,,193,3254,,,,,1,sc-sec,2026-09-06T15:28:42+00:00
2024,SC,45001,Abbeville County,2024-10-28,8,3952,,194,3758,,,,,1,sc-sec,2026-09-06T15:28:42+00:00
2024,SC,45001,Abbeville County,2024-10-29,7,4494,,216,4278,,,,,1,sc-sec,2026-09-06T15:28:42+00:00
2024,SC,45001,Abbeville County,2024-10-30,6,4973,,237,4736,,,,,1,sc-sec,2026-09-06T15:28:42+00:00
2024,SC,45001,Abbeville County,2024-10-31,5,5438,,250,5188,,,,,1,sc-sec,2026-09-06T15:28:42+00:00
2024,SC,45001,Abbeville County,2024-11-01,4,6066,,259,5807,,,,,1,sc-sec,2026-09-06T15:28:42+00:00
2024,SC,45001,Abbeville County,2024-11-02,3,6461,,269,6192,,,,,1,sc-sec,2026-09-06T15:28:42+00:00
2024,SC,45001,Abbeville County,2024-11-03,2,6461,,269,6192,,,,,1,sc-sec,2026-09-06T15:28:42+00:00
2024,SC,45001,Abbeville County,2024-11-04,1,6473,,281,6192,,,,,1,sc-sec,2026-09-06T15:28:42+00:00
2024,SC,45001,Abbeville County,2024-11-05,0,6479,,287,6192,,,,,1,sc-sec,2026-09-06T15:28:42+00:00
2024,SC,45003,Aiken County,2024-09-24,42,0,,0,,,,,,1,sc-sec,2026-09-06T15:28:42+00:00
2024,SC,45003,Aiken County,2024-09-25,41,0,,0,,,,,,1,sc-sec,2026-09-06T15:28:42+00:00
2024,SC,45003,Aiken County,2024-09-26,40,0,,0,,,,,,1,sc-sec,2026-09-06T15:28:42+00:00
2024,SC,45003,Aiken County,2024-10-01,35,0,,0,,,,,,1,sc-sec,2026-09-06T15:28:42+00:00
2024,SC,45003,Aiken County,2024-10-02,34,0,,0,,,,,,1,sc-sec,2026-09-06T15:28:42+00:00
2024,SC,45003,Aiken County,2024-10-03,33,0,,0,,,,,,1,sc-sec,2026-09-06T15:28:42+00:00
2024,SC,45003,Aiken County,2024-10-04,32,0,,0,,,,,,1,sc-sec,2026-09-06T15:28:42+00:00
2024,SC,45003,Aiken County,2024-10-09,27,1,,1,,,,,,1,sc-sec,2026-09-06T15:28:42+00:00
2024,SC,45003,Aiken County,2024-10-10,26,103,,103,,,,,,1,sc-sec,2026-09-06T15:28:42+00:00
2024,SC,45003,Aiken County,2024-10-11,25,104,,104,,,,,,1,sc-sec,2026-09-06T15:28:42+00:00
2024,SC,45003,Aiken County,2024-10-14,22,104,,104,,,,,,1,sc-sec,2026-09-06T15:28:42+00:00
2024,SC,45003,Aiken County,2024-10-15,21,104,,104,,,,,,1,sc-sec,2026-09-06T15:28:42+00:00
2024,SC,45003,Aiken County,2024-10-16,20,134,,134,,,,,,1,sc-sec,2026-09-06T15:28:42+00:00
2024,SC,45003,Aiken County,2024-10-17,19,182,,182,,,,,,1,sc-sec,2026-09-06T15:28:42+00:00
2024,SC,45003,Aiken County,2024-10-18,18,229,,229,,,,,,1,sc-sec,2026-09-06T15:28:42+00:00
2024,SC,45003,Aiken County,2024-10-21,15,5078,,438,4640,,,,,1,sc-sec,2026-09-06T15:28:42+00:00
2024,SC,45003,Aiken County,2024-10-22,14,9709,,519,9190,,,,,1,sc-sec,2026-09-06T15:28:42+00:00
2024,SC,45003,Aiken County,2024-10-23,13,14778,,855,13923,,,,,1,sc-sec,2026-09-06T15:28:42+00:00
2024,SC,45003,Aiken County,2024-10-24,12,19845,,1141,18704,,,,,1,sc-sec,2026-09-06T15:28:42+00:00
2024,SC,45003,Aiken County,2024-10-25,11,25114,,1336,23778,,,,,1,sc-sec,2026-09-06T15:28:42+00:00
2024,SC,45003,Aiken County,2024-10-26,10,28184,,1476,26708,,,,,1,sc-sec,2026-09-06T15:28:42+00:00
2024,SC,45003,Aiken County,2024-10-27,9,28197,,1489,26708,,,,,1,sc-sec,2026-09-06T15:28:42+00:00
2024,SC,45003,Aiken County,2024-10-28,8,33005,,1496,31509,,,,,1,sc-sec,2026-09-06T15:28:42+00:00
2024,SC,45003,Aiken County,2024-10-29,7,37421,,1695,35726,,,,,1,sc-sec,2026-09-06T15:28:42+00:00
2024,SC,45003,Aiken County,2024-10-30,6,41711,,1838,39873,,,,,1,sc-sec,2026-09-06T15:28:42+00:00
2024,SC,45003,Aiken County,2024-10-31,5,45640,,1947,43693,,,,,1,sc-sec,2026-09-06T15:28:42+00:00
2024,SC,45003,Aiken County,2024-11-01,4,50487,,2018,48469,,,,,1,sc-sec,2026-09-06T15:28:42+00:00
2024,SC,45003,Aiken County,2024-11-02,3,54532,,2130,52402,,,,,1,sc-sec,2026-09-06T15:28:42+00:00
2024,SC,45003,Aiken County,2024-11-03,2,54569,,2167,52402,,,,,1,sc-sec,2026-09-06T15:28:42+00:00
2024,SC,45003,Aiken County,2024-11-04,1,54608,,2206,52402,,,,,1,sc-sec,2026-09-06T15:28:42+00:00
2024,SC,45003,Aiken County,2024-11-05,0,54748,,2346,52402,,,,,1,sc-sec,2026-09-06T15:28:42+00:00
2024,SC,45005,Allendale County,2024-09-24,42,0,,0,,,,,,1,sc-sec,2026-09-06T15:28:42+00:00
2024,SC,45005,Allendale County,2024-09-25,41,0,,0,,,,,,1,sc-sec,2026-09-06T15:28:42+00:00
2024,SC,45005,Allendale County,2024-09-26,40,0,,0,,,,,,1,sc-sec,2026-09-06T15:28:42+00:00
2024,SC,45005,Allendale County,2024-10-01,35,0,,0,,,,,,1,sc-sec,2026-09-06T15:28:42+00:00
2024,SC,45005,Allendale County,2024-10-02,34,3,,3,,,,,,1,sc-sec,2026-09-06T15:28:42+00:00
2024,SC,45005,Allendale County,2024-10-03,33,5,,5,,,,,,1,sc-sec,2026-09-06T15:28:42+00:00
2024,SC,45005,Allendale County,2024-10-04,32,7,,7,,,,,,1,sc-sec,2026-09-06T15:28:42+00:00
2024,SC,45005,Allendale County,2024-10-09,27,10,,10,,,,,,1,sc-sec,2026-09-06T15:28:42+00:00
2024,SC,45005,Allendale County,2024-10-10,26,11,,11,,,,,,1,sc-sec,2026-09-06T15:28:42+00:00
2024,SC,45005,Allendale County,2024-10-11,25,15,,15,,,,,,1,sc-sec,2026-09-06T15:28:42+00:00
2024,SC,45005,Allendale County,2024-10-14,22,15,,15,,,,,,1,sc-sec,2026-09-06T15:28:42+00:00
2024,SC,45005,Allendale County,2024-10-15,21,15,,15,,,,,,1,sc-sec,2026-09-06T15:28:42+00:00
2024,SC,45005,Allendale County,2024-10-16,20,21,,21,,,,,,1,sc-sec,2026-09-06T15:28:42+00:00
2024,SC,45005,Allendale County,2024-10-17,19,21,,21,,,,,,1,sc-sec,2026-09-06T15:28:42+00:00
2024,SC,45005,Allendale County,2024-10-18,18,24,,24,,,,,,1,sc-sec,2026-09-06T15:28:42+00:00
2024,SC,45005,Allendale County,2024-10-21,15,259,,25,234,,,,,1,sc-sec,2026-09-06T15:28:42+00:00
2024,SC,45005,Allendale County,2024-10-22,14,449,,25,424,,,,,1,sc-sec,2026-09-06T15:28:42+00:00
2024,SC,45005,Allendale County,2024-10-23,13,604,,27,577,,,,,1,sc-sec,2026-09-06T15:28:42+00:00
2024,SC,45005,Allendale County,2024-10-24,12,759,,34,725,,,,,1,sc-sec,2026-09-06T15:28:42+00:00
2024,SC,45005,Allendale County,2024-10-25,11,926,,42,884,,,,,1,sc-sec,2026-09-06T15:28:42+00:00
2024,SC,45005,Allendale County,2024-10-26,10,996,,57,939,,,,,1,sc-sec,2026-09-06T15:28:42+00:00
2024,SC,45005,Allendale County,2024-10-27,9,999,,60,939,,,,,1,sc-sec,2026-09-06T15:28:42+00:00
2024,SC,45005,Allendale County,2024-10-28,8,1158,,60,1098,,,,,1,sc-sec,2026-09-06T15:28:42+00:00
2024,SC,45005,Allendale County,2024-10-29,7,1288,,70,1218,,,,,1,sc-sec,2026-09-06T15:28:42+00:00
2024,SC,45005,Allendale County,2024-10-30,6,1419,,73,1346,,,,,1,sc-sec,2026-09-06T15:28:42+00:00
2024,SC,45005,Allendale County,2024-10-31,5,1534,,81,1453,,,,,1,sc-sec,2026-09-06T15:28:42+00:00
2024,SC,45005,Allendale County,2024-11-01,4,1716,,93,1623,,,,,1,sc-sec,2026-09-06T15:28:42+00:00
2024,SC,45005,Allendale County,2024-11-02,3,1815,,99,1716,,,,,1,sc-sec,2026-09-06T15:28:42+00:00
2024,SC,45005,Allendale County,2024-11-03,2,1822,,106,1716,,,,,1,sc-sec,2026-09-06T15:28:42+00:00
2024,SC,45005,Allendale County,2024-11-04,1,1827,,111,1716,,,,,1,sc-sec,2026-09-06T15:28:42+00:00
2024,SC,45005,Allendale County,2024-11-05,0,1829,,113,1716,,,,,1,sc-sec,2026-09-06T15:28:42+00:00
2024,SC,45007,Anderson County,2024-09-24,42,0,,0,,,,,,1,sc-sec,2026-09-06T15:28:42+00:00
2024,SC,45007,Anderson County,2024-09-25,41,0,,0,,,,,,1,sc-sec,2026-09-06T15:28:42+00:00
2024,SC,45007,Anderson County,2024-09-26,40,0,,0,,,,,,1,sc-sec,2026-09-06T15:28:42+00:00
2024,SC,45007,Anderson County,2024-10-01,35,2,,2,,,,,,1,sc-sec,2026-09-06T15:28:42+00:00
2024,SC,45007,Anderson County,2024-10-02,34,2,,2,,,,,,1,sc-sec,2026-09-06T15:28:42+00:00
2024,SC,45007,Anderson County,2024-10-03,33,2,,2,,,,,,1,sc-sec,2026-09-06T15:28:42+00:00
2024,SC,45007,Anderson County,2024-10-04,32,2,,2,,,,,,1,sc-sec,2026-09-06T15:28:42+00:00
2024,SC,45007,Anderson County,2024-10-09,27,6,,6,,,,,,1,sc-sec,2026-09-06T15:28:42+00:00
2024,SC,45007,Anderson County,2024-10-10,26,8,,8,,,,,,1,sc-sec,2026-09-06T15:28:42+00:00
2024,SC,45007,Anderson County,2024-10-11,25,31,,31,,,,,,1,sc-sec,2026-09-06T15:28:42+00:00
2024,SC,45007,Anderson County,2024-10-14,22,39,,39,,,,,,1,sc-sec,2026-09-06T15:28:42+00:00
2024,SC,45007,Anderson County,2024-10-15,21,41,,41,,,,,,1,sc-sec,2026-09-06T15:28:42+00:00
2024,SC,45007,Anderson County,2024-10-16,20,107,,107,,,,,,1,sc-sec,2026-09-06T15:28:42+00:00
2024,SC,45007,Anderson County,2024-10-17,19,119,,119,,,,,,1,sc-sec,2026-09-06T15:28:42+00:00
2024,SC,45007,Anderson County,2024-10-18,18,294,,294,,,,,,1,sc-sec,2026-09-06T15:28:42+00:00
2024,SC,45007,Anderson County,2024-10-21,15,2957,,380,2577,,,,,1,sc-sec,2026-09-06T15:28:42+00:00
2024,SC,45007,Anderson County,2024-10-22,14,5853,,685,5168,,,,,1,sc-sec,2026-09-06T15:28:42+00:00
2024,SC,45007,Anderson County,2024-10-23,13,9383,,1000,8383,,,,,1,sc-sec,2026-09-06T15:28:42+00:00
2024,SC,45007,Anderson County,2024-10-24,12,12865,,1195,11670,,,,,1,sc-sec,2026-09-06T15:28:42+00:00
2024,SC,45007,Anderson County,2024-10-25,11,16479,,1229,15250,,,,,1,sc-sec,2026-09-06T15:28:42+00:00
2024,SC,45007,Anderson County,2024-10-26,10,20125,,1942,18183,,,,,1,sc-sec,2026-09-06T15:28:42+00:00
2024,SC,45007,Anderson County,2024-10-27,9,20258,,2075,18183,,,,,1,sc-sec,2026-09-06T15:28:42+00:00
2024,SC,45007,Anderson County,2024-10-28,8,23792,,2075,21717,,,,,1,sc-sec,2026-09-06T15:28:42+00:00
2024,SC,45007,Anderson County,2024-10-29,7,27377,,2216,25161,,,,,1,sc-sec,2026-09-06T15:28:42+00:00
2024,SC,45007,Anderson County,2024-10-30,6,31111,,2366,28745,,,,,1,sc-sec,2026-09-06T15:28:42+00:00
2024,SC,45007,Anderson County,2024-10-31,5,35029,,2609,32420,,,,,1,sc-sec,2026-09-06T15:28:42+00:00
2024,SC,45007,Anderson County,2024-11-01,4,39064,,2699,36365,,,,,1,sc-sec,2026-09-06T15:28:42+00:00
2024,SC,45007,Anderson County,2024-11-02,3,42979,,2834,40145,,,,,1,sc-sec,2026-09-06T15:28:42+00:00
2024,SC,45007,Anderson County,2024-11-03,2,42994,,2849,40145,,,,,1,sc-sec,2026-09-06T15:28:42+00:00
2024,SC,45007,Anderson County,2024-11-04,1,43361,,3216,40145,,,,,1,sc-sec,2026-09-06T15:28:42+00:00
2024,SC,45007,Anderson County,2024-11-05,0,43440,,3295,40145,,,,,1,sc-sec,2026-09-06T15:28:42+00:00
2024,SC,45009,Bamberg County,2024-09-24,42,0,,0,,,,,,1,sc-sec,2026-09-06T15:28:42+00:00
2024,SC,45009,Bamberg County,2024-09-25,41,0,,0,,,,,,1,sc-sec,2026-09-06T15:28:42+00:00
2024,SC,45009,Bamberg County,2024-09-26,40,0,,0,,,,,,1,sc-sec,2026-09-06T15:28:42+00:00
2024,SC,45009,Bamberg County,2024-10-01,35,0,,0,,,,,,1,sc-sec,2026-09-06T15:28:42+00:00
2024,SC,45009,Bamberg County,2024-10-02,34,3,,3,,,,,,1,sc-sec,2026-09-06T15:28:42+00:00
2024,SC,45009,Bamberg County,2024-10-03,33,3,,3,,,,,,1,sc-sec,2026-09-06T15:28:42+00:00
2024,SC,45009,Bamberg County,2024-10-04,32,4,,4,,,,,,1,sc-sec,2026-09-06T15:28:42+00:00
2024,SC,45009,Bamberg County,2024-10-09,27,33,,33,,,,,,1,sc-sec,2026-09-06T15:28:42+00:00
2024,SC,45009,Bamberg County,2024-10-10,26,65,,65,,,,,,1,sc-sec,2026-09-06T15:28:42+00:00
2024,SC,45009,Bamberg County,2024-10-11,25,78,,78,,,,,,1,sc-sec,2026-09-06T15:28:42+00:00
2024,SC,45009,Bamberg County,2024-10-14,22,130,,130,,,,,,1,sc-sec,2026-09-06T15:28:42+00:00
2024,SC,45009,Bamberg County,2024-10-15,21,130,,130,,,,,,1,sc-sec,2026-09-06T15:28:42+00:00
2024,SC,45009,Bamberg County,2024-10-16,20,177,,177,,,,,,1,sc-sec,2026-09-06T15:28:42+00:00
2024,SC,45009,Bamberg County,2024-10-17,19,201,,201,,,,,,1,sc-sec,2026-09-06T15:28:42+00:00
2024,SC,45009,Bamberg County,2024-10-18,18,204,,204,,,,,,1,sc-sec,2026-09-06T15:28:42+00:00
2024,SC,45009,Bamberg County,2024-10-21,15,573,,225,348,,,,,1,sc-sec,2026-09-06T15:28:42+00:00
2024,SC,45009,Bamberg County,2024-10-22,14,888,,237,651,,,,,1,sc-sec,2026-09-06T15:28:42+00:00
2024,SC,45009,Bamberg County,2024-10-23,13,1166,,266,900,,,,,1,sc-sec,2026-09-06T15:28:42+00:00
2024,SC,45009,Bamberg County,2024-10-24,12,1370,,267,1103,,,,,1,sc-sec,2026-09-06T15:28:42+00:00
2024,SC,45009,Bamberg County,2024-10-25,11,1640,,275,1365,,,,,1,sc-sec,2026-09-06T15:28:42+00:00
2024,SC,45009,Bamberg County,2024-10-26,10,1738,,288,1450,,,,,1,sc-sec,2026-09-06T15:28:42+00:00
2024,SC,45009,Bamberg County,2024-10-27,9,1740,,290,1450,,,,,1,sc-sec,2026-09-06T15:28:42+00:00
2024,SC,45009,Bamberg County,2024-10-28,8,1993,,290,1703,,,,,1,sc-sec,2026-09-06T15:28:42+00:00
2024,SC,45009,Bamberg County,2024-10-29,7,2252,,309,1943,,,,,1,sc-sec,2026-09-06T15:28:42+00:00
2024,SC,45009,Bamberg County,2024-10-30,6,2494,,343,2151,,,,,1,sc-sec,2026-09-06T15:28:42+00:00
2024,SC,45009,Bamberg County,2024-10-31,5,2767,,383,2384,,,,,1,sc-sec,2026-09-06T15:28:42+00:00
2024,SC,45009,Bamberg County,2024-11-01,4,3101,,393,2708,,,,,1,sc-sec,2026-09-06T15:28:42+00:00
2024,SC,45009,Bamberg County,2024-11-02,3,3328,,405,2923,,,,,1,sc-sec,2026-09-06T15:28:42+00:00
2024,SC,45009,Bamberg County,2024-11-03,2,3332,,409,2923,,,,,1,sc-sec,2026-09-06T15:28:42+00:00
2024,SC,45009,Bamberg County,2024-11-04,1,3338,,415,2923,,,,,1,sc-sec,2026-09-06T15:28:42+00:00
2024,SC,45009,Bamberg County,2024-11-05,0,3351,,428,2923,,,,,1,sc-sec,2026-09-06T15:28:42+00:00
2024,SC,45011,Barnwell County,2024-09-24,42,5,,5,,,,,,1,sc-sec,2026-09-06T15:28:42+00:00
2024,SC,45011,Barnwell County,2024-09-25,41,5,,5,,,,,,1,sc-sec,2026-09-06T15:28:42+00:00
2024,SC,45011,Barnwell County,2024-09-26,40,5,,5,,,,,,1,sc-sec,2026-09-06T15:28:42+00:00
2024,SC,45011,Barnwell County,2024-10-01,35,6,,6,,,,,,1,sc-sec,2026-09-06T15:28:42+00:00
2024,SC,45011,Barnwell County,2024-10-02,34,6,,6,,,,,,1,sc-sec,2026-09-06T15:28:42+00:00
2024,SC,45011,Barnwell County,2024-10-03,33,6,,6,,,,,,1,sc-sec,2026-09-06T15:28:42+00:00
2024,SC,45011,Barnwell County,2024-10-04,32,6,,6,,,,,,1,sc-sec,2026-09-06T15:28:42+00:00
2024,SC,45011,Barnwell County,2024-10-09,27,6,,6,,,,,,1,sc-sec,2026-09-06T15:28:42+00:00
2024,SC,45011,Barnwell County,2024-10-10,26,7,,7,,,,,,1,sc-sec,2026-09-06T15:28:42+00:00
2024,SC,45011,Barnwell County,2024-10-11,25,17,,17,,,,,,1,sc-sec,2026-09-06T15:28:42+00:00
2024,SC,45011,Barnwell County,2024-10-14,22,34,,34,,,,,,1,sc-sec,2026-09-06T15:28:42+00:00
2024,SC,45011,Barnwell County,2024-10-15,21,34,,34,,,,,,1,sc-sec,2026-09-06T15:28:42+00:00
2024,SC,45011,Barnwell County,2024-10-16,20,61,,61,,,,,,1,sc-sec,2026-09-06T15:28:42+00:00
2024,SC,45011,Barnwell County,2024-10-17,19,65,,65,,,,,,1,sc-sec,2026-09-06T15:28:42+00:00
2024,SC,45011,Barnwell County,2024-10-18,18,82,,82,,,,,,1,sc-sec,2026-09-06T15:28:42+00:00
2024,SC,45011,Barnwell County,2024-10-21,15,783,,96,687,,,,,1,sc-sec,2026-09-06T15:28:42+00:00
2024,SC,45011,Barnwell County,2024-10-22,14,1410,,148,1262,,,,,1,sc-sec,2026-09-06T15:28:42+00:00
2024,SC,45011,Barnwell County,2024-10-23,13,1862,,157,1705,,,,,1,sc-sec,2026-09-06T15:28:42+00:00
2024,SC,45011,Barnwell County,2024-10-24,12,2332,,175,2157,,,,,1,sc-sec,2026-09-06T15:28:42+00:00
2024,SC,45011,Barnwell County,2024-10-25,11,2801,,187,2614,,,,,1,sc-sec,2026-09-06T15:28:42+00:00
2024,SC,45011,Barnwell County,2024-10-26,10,3067,,206,2861,,,,,1,sc-sec,2026-09-06T15:28:42+00:00
2024,SC,45011,Barnwell County,2024-10-27,9,3067,,206,2861,,,,,1,sc-sec,2026-09-06T15:28:42+00:00
2024,SC,45011,Barnwell County,2024-10-28,8,3541,,206,3335,,,,,1,sc-sec,2026-09-06T15:28:42+00:00
2024,SC,45011,Barnwell County,2024-10-29,7,3976,,223,3753,,,,,1,sc-sec,2026-09-06T15:28:42+00:00
2024,SC,45011,Barnwell County,2024-10-30,6,4370,,228,4142,,,,,1,sc-sec,2026-09-06T15:28:42+00:00
2024,SC,45011,Barnwell County,2024-10-31,5,4816,,232,4584,,,,,1,sc-sec,2026-09-06T15:28:42+00:00
2024,SC,45011,Barnwell County,2024-11-01,4,5412,,240,5172,,,,,1,sc-sec,2026-09-06T15:28:42+00:00
2024,SC,45011,Barnwell County,2024-11-02,3,5825,,252,5573,,,,,1,sc-sec,2026-09-06T15:28:42+00:00
2024,SC,45011,Barnwell County,2024-11-03,2,5829,,256,5573,,,,,1,sc-sec,2026-09-06T15:28:42+00:00
2024,SC,45011,Barnwell County,2024-11-04,1,5830,,257,5573,,,,,1,sc-sec,2026-09-06T15:28:42+00:00
2024,SC,45011,Barnwell County,2024-11-05,0,5838,,265,5573,,,,,1,sc-sec,2026-09-06T15:28:42+00:00
2024,SC,45013,Beaufort County,2024-09-24,42,0,,0,,,,,,1,sc-sec,2026-09-06T15:28:42+00:00
2024,SC,45013,Beaufort County,2024-09-25,41,0,,0,,,,,,1,sc-sec,2026-09-06T15:28:42+00:00
2024,SC,45013,Beaufort County,2024-09-26,40,0,,0,,,,,,1,sc-sec,2026-09-06T15:28:42+00:00
2024,SC,45013,Beaufort County,2024-10-01,35,139,,139,,,,,,1,sc-sec,2026-09-06T15:28:42+00:00
2024,SC,45013,Beaufort County,2024-10-02,34,141,,141,,,,,,1,sc-sec,2026-09-06T15:28:42+00:00
2024,SC,45013,Beaufort County,2024-10-03,33,141,,141,,,,,,1,sc-sec,2026-09-06T15:28:42+00:00
2024,SC,45013,Beaufort County,2024-10-04,32,141,,141,,,,,,1,sc-sec,2026-09-06T15:28:42+00:00
2024,SC,45013,Beaufort County,2024-10-09,27,208,,208,,,,,,1,sc-sec,2026-09-06T15:28:42+00:00
2024,SC,45013,Beaufort County,2024-10-10,26,210,,210,,,,,,1,sc-sec,2026-09-06T15:28:42+00:00
2024,SC,45013,Beaufort County,2024-10-11,25,213,,213,,,,,,1,sc-sec,2026-09-06T15:28:42+00:00
2024,SC,45013,Beaufort County,2024-10-14,22,213,,213,,,,,,1,sc-sec,2026-09-06T15:28:42+00:00
2024,SC,45013,Beaufort County,2024-10-15,21,213,,213,,,,,,1,sc-sec,2026-09-06T15:28:42+00:00
2024,SC,45013,Beaufort County,2024-10-16,20,238,,238,,,,,,1,sc-sec,2026-09-06T15:28:42+00:00
2024,SC,45013,Beaufort County,2024-10-17,19,278,,278,,,,,,1,sc-sec,2026-09-06T15:28:42+00:00
2024,SC,45013,Beaufort County,2024-10-18,18,319,,319,,,,,,1,sc-sec,2026-09-06T15:28:42+00:00
2024,SC,45013,Beaufort County,2024-10-21,15,5668,,411,5257,,,,,1,sc-sec,2026-09-06T15:28:42+00:00
2024,SC,45013,Beaufort County,2024-10-22,14,12804,,2030,10774,,,,,1,sc-sec,2026-09-06T15:28:42+00:00
2024,SC,45013,Beaufort County,2024-10-23,13,18815,,2426,16389,,,,,1,sc-sec,2026-09-06T15:28:42+00:00
2024,SC,45013,Beaufort County,2024-10-24,12,24342,,2491,21851,,,,,1,sc-sec,2026-09-06T15:28:42+00:00
2024,SC,45013,Beaufort County,2024-10-25,11,30890,,3288,27602,,,,,1,sc-sec,2026-09-06T15:28:42+00:00
2024,SC,45013,Beaufort County,2024-10-26,10,35365,,3551,31814,,,,,1,sc-sec,2026-09-06T15:28:42+00:00
2024,SC,45013,Beaufort County,2024-10-27,9,35378,,3564,31814,,,,,1,sc-sec,2026-09-06T15:28:42+00:00
2024,SC,45013,Beaufort County,2024-10-28,8,41296,,3568,37728,,,,,1,sc-sec,2026-09-06T15:28:42+00:00
2024,SC,45013,Beaufort County,2024-10-29,7,47746,,4167,43579,,,,,1,sc-sec,2026-09-06T15:28:42+00:00
2024,SC,45013,Beaufort County,2024-10-30,6,53559,,4406,49153,,,,,1,sc-sec,2026-09-06T15:28:42+00:00
2024,SC,45013,Beaufort County,2024-10-31,5,58660,,4699,53961,,,,,1,sc-sec,2026-09-06T15:28:42+00:00
2024,SC,45013,Beaufort County,2024-11-01,4,64030,,4947,59083,,,,,1,sc-sec,2026-09-06T15:28:42+00:00
2024,SC,45013,Beaufort County,2024-11-02,3,68494,,5247,63247,,,,,1,sc-sec,2026-09-06T15:28:42+00:00
2024,SC,45013,Beaufort County,2024-11-03,2,68543,,5296,63247,,,,,1,sc-sec,2026-09-06T15:28:42+00:00
2024,SC,45013,Beaufort County,2024-11-04,1,68893,,5646,63247,,,,,1,sc-sec,2026-09-06T15:28:42+00:00
2024,SC,45013,Beaufort County,2024-11-05,0,69213,,5966,63247,,,,,1,sc-sec,2026-09-06T15:28:42+00:00
2024,SC,45015,Berkeley County,2024-09-24,42,1,,1,,,,,,1,sc-sec,2026-09-06T15:28:42+00:00
2024,SC,45015,Berkeley County,2024-09-25,41,1,,1,,,,,,1,sc-sec,2026-09-06T15:28:42+00:00
2024,SC,45015,Berkeley County,2024-09-26,40,1,,1,,,,,,1,sc-sec,2026-09-06T15:28:42+00:00
2024,SC,45015,Berkeley County,2024-10-01,35,6,,6,,,,,,1,sc-sec,2026-09-06T15:28:42+00:00
2024,SC,45015,Berkeley County,2024-10-02,34,9,,9,,,,,,1,sc-sec,2026-09-06T15:28:42+00:00
2024,SC,45015,Berkeley County,2024-10-03,33,10,,10,,,,,,1,sc-sec,2026-09-06T15:28:42+00:00
2024,SC,45015,Berkeley County,2024-10-04,32,22,,22,,,,,,1,sc-sec,2026-09-06T15:28:42+00:00
2024,SC,45015,Berkeley County,2024-10-09,27,44,,44,,,,,,1,sc-sec,2026-09-06T15:28:42+00:00
2024,SC,45015,Berkeley County,2024-10-10,26,224,,224,,,,,,1,sc-sec,2026-09-06T15:28:42+00:00
2024,SC,45015,Berkeley County,2024-10-11,25,289,,289,,,,,,1,sc-sec,2026-09-06T15:28:42+00:00
2024,SC,45015,Berkeley County,2024-10-14,22,561,,561,,,,,,1,sc-sec,2026-09-06T15:28:42+00:00
2024,SC,45015,Berkeley County,2024-10-15,21,912,,912,,,,,,1,sc-sec,2026-09-06T15:28:42+00:00
2024,SC,45015,Berkeley County,2024-10-16,20,1572,,1572,,,,,,1,sc-sec,2026-09-06T15:28:42+00:00
2024,SC,45015,Berkeley County,2024-10-17,19,1741,,1741,,,,,,1,sc-sec,2026-09-06T15:28:42+00:00
2024,SC,45015,Berkeley County,2024-10-18,18,2351,,2351,,,,,,1,sc-sec,2026-09-06T15:28:42+00:00
2024,SC,45015,Berkeley County,2024-10-21,15,6577,,2721,3856,,,,,1,sc-sec,2026-09-06T15:28:42+00:00
2024,SC,45015,Berkeley County,2024-10-22,14,11340,,3273,8067,,,,,1,sc-sec,2026-09-06T15:28:42+00:00
2024,SC,45015,Berkeley County,2024-10-23,13,16036,,3408,12628,,,,,1,sc-sec,2026-09-06T15:28:42+00:00
2024,SC,45015,Berkeley County,2024-10-24,12,21019,,3625,17394,,,,,1,sc-sec,2026-09-06T15:28:42+00:00
2024,SC,45015,Berkeley County,2024-10-25,11,26318,,3941,22377,,,,,1,sc-sec,2026-09-06T15:28:42+00:00
2024,SC,45015,Berkeley County,2024-10-26,10,31317,,4294,27023,,,,,1,sc-sec,2026-09-06T15:28:42+00:00
2024,SC,45015,Berkeley County,2024-10-27,9,31373,,4350,27023,,,,,1,sc-sec,2026-09-06T15:28:42+00:00
2024,SC,45015,Berkeley County,2024-10-28,8,36554,,4350,32204,,,,,1,sc-sec,2026-09-06T15:28:42+00:00
2024,SC,45015,Berkeley County,2024-10-29,7,42718,,4835,37883,,,,,1,sc-sec,2026-09-06T15:28:42+00:00
2024,SC,45015,Berkeley County,2024-10-30,6,48309,,4938,43371,,,,,1,sc-sec,2026-09-06T15:28:42+00:00
2024,SC,45015,Berkeley County,2024-10-31,5,53748,,5260,48488,,,,,1,sc-sec,2026-09-06T15:28:42+00:00
2024,SC,45015,Berkeley County,2024-11-01,4,59850,,5574,54276,,,,,1,sc-sec,2026-09-06T15:28:42+00:00
2024,SC,45015,Berkeley County,2024-11-02,3,66135,,5799,60336,,,,,1,sc-sec,2026-09-06T15:28:42+00:00
2024,SC,45015,Berkeley County,2024-11-03,2,66338,,6002,60336,,,,,1,sc-sec,2026-09-06T15:28:42+00:00
2024,SC,45015,Berkeley County,2024-11-04,1,66420,,6084,60336,,,,,1,sc-sec,2026-09-06T15:28:42+00:00
2024,SC,45015,Berkeley County,2024-11-05,0,66631,,6295,60336,,,,,1,sc-sec,2026-09-06T15:28:42+00:00
2024,SC,45017,Calhoun County,2024-09-24,42,0,,0,,,,,,1,sc-sec,2026-09-06T15:28:42+00:00
2024,SC,45017,Calhoun County,2024-09-25,41,2,,2,,,,,,1,sc-sec,2026-09-06T15:28:42+00:00
2024,SC,45017,Calhoun County,2024-09-26,40,2,,2,,,,,,1,sc-sec,2026-09-06T15:28:42+00:00
2024,SC,45017,Calhoun County,2024-10-01,35,2,,2,,,,,,1,sc-sec,2026-09-06T15:28:42+00:00
2024,SC,45017,Calhoun County,2024-10-02,34,3,,3,,,,,,1,sc-sec,2026-09-06T15:28:42+00:00
2024,SC,45017,Calhoun County,2024-10-03,33,3,,3,,,,,,1,sc-sec,2026-09-06T15:28:42+00:00
2024,SC,45017,Calhoun County,2024-10-04,32,3,,3,,,,,,1,sc-sec,2026-09-06T15:28:42+00:00
2024,SC,45017,Calhoun County,2024-10-09,27,6,,6,,,,,,1,sc-sec,2026-09-06T15:28:42+00:00
2024,SC,45017,Calhoun County,2024-10-10,26,6,,6,,,,,,1,sc-sec,2026-09-06T15:28:42+00:00
2024,SC,45017,Calhoun County,2024-10-11,25,6,,6,,,,,,1,sc-sec,2026-09-06T15:28:42+00:00
2024,SC,45017,Calhoun County,2024-10-14,22,9,,9,,,,,,1,sc-sec,2026-09-06T15:28:42+00:00
2024,SC,45017,Calhoun County,2024-10-15,21,9,,9,,,,,,1,sc-sec,2026-09-06T15:28:42+00:00
2024,SC,45017,Calhoun County,2024-10-16,20,34,,34,,,,,,1,sc-sec,2026-09-06T15:28:42+00:00
2024,SC,45017,Calhoun County,2024-10-17,19,42,,42,,,,,,1,sc-sec,2026-09-06T15:28:42+00:00
2024,SC,45017,Calhoun County,2024-10-18,18,54,,54,,,,,,1,sc-sec,2026-09-06T15:28:42+00:00
2024,SC,45017,Calhoun County,2024-10-21,15,652,,76,576,,,,,1,sc-sec,2026-09-06T15:28:42+00:00
2024,SC,45017,Calhoun County,2024-10-22,14,1099,,115,984,,,,,1,sc-sec,2026-09-06T15:28:42+00:00
2024,SC,45017,Calhoun County,2024-10-23,13,1456,,133,1323,,,,,1,sc-sec,2026-09-06T15:28:42+00:00
2024,SC,45017,Calhoun County,2024-10-24,12,1826,,163,1663,,,,,1,sc-sec,2026-09-06T15:28:42+00:00
2024,SC,45017,Calhoun County,2024-10-25,11,2197,,177,2020,,,,,1,sc-sec,2026-09-06T15:28:42+00:00
2024,SC,45017,Calhoun County,2024-10-26,10,2401,,190,2211,,,,,1,sc-sec,2026-09-06T15:28:42+00:00
2024,SC,45017,Calhoun County,2024-10-27,9,2401,,190,2211,,,,,1,sc-sec,2026-09-06T15:28:42+00:00
2024,SC,45017,Calhoun County,2024-10-28,8,2739,,190,2549,,,,,1,sc-sec,2026-09-06T15:28:42+00:00
2024,SC,45017,Calhoun County,2024-10-29,7,3040,,217,2823,,,,,1,sc-sec,2026-09-06T15:28:42+00:00
2024,SC,45017,Calhoun County,2024-10-30,6,3346,,237,3109,,,,,1,sc-sec,2026-09-06T15:28:42+00:00
2024,SC,45017,Calhoun County,2024-10-31,5,3617,,251,3366,,,,,1,sc-sec,2026-09-06T15:28:42+00:00
2024,SC,45017,Calhoun County,2024-11-01,4,4055,,271,3784,,,,,1,sc-sec,2026-09-06T15:28:42+00:00
2024,SC,45017,Calhoun County,2024-11-02,3,4397,,277,4120,,,,,1,sc-sec,2026-09-06T15:28:42+00:00
2024,SC,45017,Calhoun County,2024-11-03,2,4399,,279,4120,,,,,1,sc-sec,2026-09-06T15:28:42+00:00
2024,SC,45017,Calhoun County,2024-11-04,1,4412,,292,4120,,,,,1,sc-sec,2026-09-06T15:28:42+00:00
2024,SC,45017,Calhoun County,2024-11-05,0,4414,,294,4120,,,,,1,sc-sec,2026-09-06T15:28:42+00:00
2024,SC,45019,Charleston County,2024-09-24,42,379,,379,,,,,,1,sc-sec,2026-09-06T15:28:42+00:00
2024,SC,45019,Charleston County,2024-09-25,41,439,,439,,,,,,1,sc-sec,2026-09-06T15:28:42+00:00
2024,SC,45019,Charleston County,2024-09-26,40,482,,482,,,,,,1,sc-sec,2026-09-06T15:28:42+00:00
2024,SC,45019,Charleston County,2024-10-01,35,611,,611,,,,,,1,sc-sec,2026-09-06T15:28:42+00:00
2024,SC,45019,Charleston County,2024-10-02,34,643,,643,,,,,,1,sc-sec,2026-09-06T15:28:42+00:00
2024,SC,45019,Charleston County,2024-10-03,33,678,,678,,,,,,1,sc-sec,2026-09-06T15:28:42+00:00
2024,SC,45019,Charleston County,2024-10-04,32,702,,702,,,,,,1,sc-sec,2026-09-06T15:28:42+00:00
2024,SC,45019,Charleston County,2024-10-09,27,849,,849,,,,,,1,sc-sec,2026-09-06T15:28:42+00:00
2024,SC,45019,Charleston County,2024-10-10,26,884,,884,,,,,,1,sc-sec,2026-09-06T15:28:42+00:00
2024,SC,45019,Charleston County,2024-10-11,25,1138,,1138,,,,,,1,sc-sec,2026-09-06T15:28:42+00:00
2024,SC,45019,Charleston County,2024-10-14,22,1268,,1268,,,,,,1,sc-sec,2026-09-06T15:28:42+00:00
2024,SC,45019,Charleston County,2024-10-15,21,1315,,1315,,,,,,1,sc-sec,2026-09-06T15:28:42+00:00
2024,SC,45019,Charleston County,2024-10-16,20,3050,,3050,,,,,,1,sc-sec,2026-09-06T15:28:42+00:00
2024,SC,45019,Charleston County,2024-10-17,19,3487,,3487,,,,,,1,sc-sec,2026-09-06T15:28:42+00:00
2024,SC,45019,Charleston County,2024-10-18,18,4727,,4727,,,,,,1,sc-sec,2026-09-06T15:28:42+00:00
2024,SC,45019,Charleston County,2024-10-21,15,17803,,5517,12286,,,,,1,sc-sec,2026-09-06T15:28:42+00:00
2024,SC,45019,Charleston County,2024-10-22,14,31437,,6832,24605,,,,,1,sc-sec,2026-09-06T15:28:42+00:00
2024,SC,45019,Charleston County,2024-10-23,13,44057,,7174,36883,,,,,1,sc-sec,2026-09-06T15:28:42+00:00
2024,SC,45019,Charleston County,2024-10-24,12,56751,,7687,49064,,,,,1,sc-sec,2026-09-06T15:28:42+00:00
2024,SC,45019,Charleston County,2024-10-25,11,70116,,8419,61697,,,,,1,sc-sec,2026-09-06T15:28:42+00:00
2024,SC,45019,Charleston County,2024-10-26,10,78850,,9036,69814,,,,,1,sc-sec,2026-09-06T15:28:42+00:00
2024,SC,45019,Charleston County,2024-10-27,9,78873,,9059,69814,,,,,1,sc-sec,2026-09-06T15:28:42+00:00
2024,SC,45019,Charleston County,2024-10-28,8,91040,,9109,81931,,,,,1,sc-sec,2026-09-06T15:28:42+00:00
2024,SC,45019,Charleston County,2024-10-29,7,103863,,10254,93609,,,,,1,sc-sec,2026-09-06T15:28:42+00:00
2024,SC,45019,Charleston County,2024-10-30,6,115497,,10640,104857,,,,,1,sc-sec,2026-09-06T15:28:42+00:00
2024,SC,45019,Charleston County,2024-10-31,5,126548,,11045,115503,,,,,1,sc-sec,2026-09-06T15:28:42+00:00
2024,SC,45019,Charleston County,2024-11-01,4,139756,,11458,128298,,,,,1,sc-sec,2026-09-06T15:28:42+00:00
2024,SC,45019,Charleston County,2024-11-02,3,151297,,12211,139086,,,,,1,sc-sec,2026-09-06T15:28:42+00:00
2024,SC,45019,Charleston County,2024-11-03,2,151589,,12503,139086,,,,,1,sc-sec,2026-09-06T15:28:42+00:00
2024,SC,45019,Charleston County,2024-11-04,1,151722,,12636,139086,,,,,1,sc-sec,2026-09-06T15:28:42+00:00
2024,SC,45019,Charleston County,2024-11-05,0,152513,,13427,139086,,,,,1,sc-sec,2026-09-06T15:28:42+00:00
2024,SC,45021,Cherokee County,2024-09-24,42,1,,1,,,,,,1,sc-sec,2026-09-06T15:28:42+00:00
2024,SC,45021,Cherokee County,2024-09-25,41,2,,2,,,,,,1,sc-sec,2026-09-06T15:28:42+00:00
2024,SC,45021,Cherokee County,2024-09-26,40,2,,2,,,,,,1,sc-sec,2026-09-06T15:28:42+00:00
2024,SC,45021,Cherokee County,2024-10-01,35,2,,2,,,,,,1,sc-sec,2026-09-06T15:28:42+00:00
2024,SC,45021,Cherokee County,2024-10-02,34,4,,4,,,,,,1,sc-sec,2026-09-06T15:28:42+00:00
2024,SC,45021,Cherokee County,2024-10-03,33,4,,4,,,,,,1,sc-sec,2026-09-06T15:28:42+00:00
2024,SC,45021,Cherokee County,2024-10-04,32,4,,4,,,,,,1,sc-sec,2026-09-06T15:28:42+00:00
2024,SC,45021,Cherokee County,2024-10-09,27,6,,6,,,,,,1,sc-sec,2026-09-06T15:28:42+00:00
2024,SC,45021,Cherokee County,2024-10-10,26,33,,33,,,,,,1,sc-sec,2026-09-06T15:28:42+00:00
2024,SC,45021,Cherokee County,2024-10-11,25,52,,52,,,,,,1,sc-sec,2026-09-06T15:28:42+00:00
2024,SC,45021,Cherokee County,2024-10-14,22,61,,61,,,,,,1,sc-sec,2026-09-06T15:28:42+00:00
2024,SC,45021,Cherokee County,2024-10-15,21,61,,61,,,,,,1,sc-sec,2026-09-06T15:28:42+00:00
2024,SC,45021,Cherokee County,2024-10-16,20,115,,115,,,,,,1,sc-sec,2026-09-06T15:28:42+00:00
2024,SC,45021,Cherokee County,2024-10-17,19,133,,133,,,,,,1,sc-sec,2026-09-06T15:28:42+00:00
2024,SC,45021,Cherokee County,2024-10-18,18,150,,150,,,,,,1,sc-sec,2026-09-06T15:28:42+00:00
2024,SC,45021,Cherokee County,2024-10-21,15,1247,,182,1065,,,,,1,sc-sec,2026-09-06T15:28:42+00:00
2024,SC,45021,Cherokee County,2024-10-22,14,2334,,218,2116,,,,,1,sc-sec,2026-09-06T15:28:42+00:00
2024,SC,45021,Cherokee County,2024-10-23,13,3520,,231,3289,,,,,1,sc-sec,2026-09-06T15:28:42+00:00
2024,SC,45021,Cherokee County,2024-10-24,12,4691,,253,4438,,,,,1,sc-sec,2026-09-06T15:28:42+00:00
2024,SC,45021,Cherokee County,2024-10-25,11,5914,,269,5645,,,,,1,sc-sec,2026-09-06T15:28:42+00:00
2024,SC,45021,Cherokee County,2024-10-26,10,6534,,303,6231,,,,,1,sc-sec,2026-09-06T15:28:42+00:00
2024,SC,45021,Cherokee County,2024-10-27,9,6534,,303,6231,,,,,1,sc-sec,2026-09-06T15:28:42+00:00
2024,SC,45021,Cherokee County,2024-10-28,8,7571,,306,7265,,,,,1,sc-sec,2026-09-06T15:28:42+00:00
2024,SC,45021,Cherokee County,2024-10-29,7,8610,,325,8285,,,,,1,sc-sec,2026-09-06T15:28:42+00:00
2024,SC,45021,Cherokee County,2024-10-30,6,9619,,342,9277,,,,,1,sc-sec,2026-09-06T15:28:42+00:00
2024,SC,45021,Cherokee County,2024-10-31,5,10506,,353,10153,,,,,1,sc-sec,2026-09-06T15:28:42+00:00
2024,SC,45021,Cherokee County,2024-11-01,4,11737,,363,11374,,,,,1,sc-sec,2026-09-06T15:28:42+00:00
2024,SC,45021,Cherokee County,2024-11-02,3,12753,,382,12371,,,,,1,sc-sec,2026-09-06T15:28:42+00:00
2024,SC,45021,Cherokee County,2024-11-03,2,12755,,384,12371,,,,,1,sc-sec,2026-09-06T15:28:42+00:00
2024,SC,45021,Cherokee County,2024-11-04,1,12768,,397,12371,,,,,1,sc-sec,2026-09-06T15:28:42+00:00
2024,SC,45021,Cherokee County,2024-11-05,0,12782,,411,12371,,,,,1,sc-sec,2026-09-06T15:28:42+00:00
2024,SC,45023,Chester County,2024-09-24,42,5,,5,,,,,,1,sc-sec,2026-09-06T15:28:42+00:00
2024,SC,45023,Chester County,2024-09-25,41,5,,5,,,,,,1,sc-sec,2026-09-06T15:28:42+00:00
2024,SC,45023,Chester County,2024-09-26,40,6,,6,,,,,,1,sc-sec,2026-09-06T15:28:42+00:00
2024,SC,45023,Chester County,2024-10-01,35,6,,6,,,,,,1,sc-sec,2026-09-06T15:28:42+00:00
2024,SC,45023,Chester County,2024-10-02,34,6,,6,,,,,,1,sc-sec,2026-09-06T15:28:42+00:00
2024,SC,45023,Chester County,2024-10-03,33,6,,6,,,,,,1,sc-sec,2026-09-06T15:28:42+00:00
2024,SC,45023,Chester County,2024-10-04,32,6,,6,,,,,,1,sc-sec,2026-09-06T15:28:42+00:00
2024,SC,45023,Chester County,2024-10-09,27,24,,24,,,,,,1,sc-sec,2026-09-06T15:28:42+00:00
2024,SC,45023,Chester County,2024-10-10,26,70,,70,,,,,,1,sc-sec,2026-09-06T15:28:42+00:00
2024,SC,45023,Chester County,2024-10-11,25,85,,85,,,,,,1,sc-sec,2026-09-06T15:28:42+00:00
2024,SC,45023,Chester County,2024-10-14,22,162,,162,,,,,,1,sc-sec,2026-09-06T15:28:42+00:00
2024,SC,45023,Chester County,2024-10-15,21,162,,162,,,,,,1,sc-sec,2026-09-06T15:28:42+00:00
2024,SC,45023,Chester County,2024-10-16,20,197,,197,,,,,,1,sc-sec,2026-09-06T15:28:42+00:00
2024,SC,45023,Chester County,2024-10-17,19,201,,201,,,,,,1,sc-sec,2026-09-06T15:28:42+00:00
2024,SC,45023,Chester County,2024-10-18,18,224,,224,,,,,,1,sc-sec,2026-09-06T15:28:42+00:00
2024,SC,45023,Chester County,2024-10-21,15,1320,,239,1081,,,,,1,sc-sec,2026-09-06T15:28:42+00:00
2024,SC,45023,Chester County,2024-10-22,14,2203,,266,1937,,,,,1,sc-sec,2026-09-06T15:28:42+00:00
2024,SC,45023,Chester County,2024-10-23,13,2976,,280,2696,,,,,1,sc-sec,2026-09-06T15:28:42+00:00
2024,SC,45023,Chester County,2024-10-24,12,3742,,288,3454,,,,,1,sc-sec,2026-09-06T15:28:42+00:00
2024,SC,45023,Chester County,2024-10-25,11,4549,,319,4230,,,,,1,sc-sec,2026-09-06T15:28:42+00:00
2024,SC,45023,Chester County,2024-10-26,10,5042,,328,4714,,,,,1,sc-sec,2026-09-06T15:28:42+00:00
2024,SC,45023,Chester County,2024-10-27,9,5050,,336,4714,,,,,1,sc-sec,2026-09-06T15:28:42+00:00
2024,SC,45023,Chester County,2024-10-28,8,5774,,336,5438,,,,,1,sc-sec,2026-09-06T15:28:42+00:00
2024,SC,45023,Chester County,2024-10-29,7,6392,,366,6026,,,,,1,sc-sec,2026-09-06T15:28:42+00:00
2024,SC,45023,Chester County,2024-10-30,6,7019,,373,6646,,,,,1,sc-sec,2026-09-06T15:28:42+00:00
2024,SC,45023,Chester County,2024-10-31,5,7546,,376,7170,,,,,1,sc-sec,2026-09-06T15:28:42+00:00
2024,SC,45023,Chester County,2024-11-01,4,8368,,406,7962,,,,,1,sc-sec,2026-09-06T15:28:42+00:00
2024,SC,45023,Chester County,2024-11-02,3,9251,,420,8831,,,,,1,sc-sec,2026-09-06T15:28:42+00:00
2024,SC,45023,Chester County,2024-11-03,2,9255,,424,8831,,,,,1,sc-sec,2026-09-06T15:28:42+00:00
2024,SC,45023,Chester County,2024-11-04,1,9265,,434,8831,,,,,1,sc-sec,2026-09-06T15:28:42+00:00
2024,SC,45023,Chester County,2024-11-05,0,9279,,448,8831,,,,,1,sc-sec,2026-09-06T15:28:42+00:00
2024,SC,45025,Chesterfield County,2024-09-24,42,4,,4,,,,,,1,sc-sec,2026-09-06T15:28:42+00:00
2024,SC,45025,Chesterfield County,2024-09-25,41,4,,4,,,,,,1,sc-sec,2026-09-06T15:28:42+00:00
2024,SC,45025,Chesterfield County,2024-09-26,40,4,,4,,,,,,1,sc-sec,2026-09-06T15:28:42+00:00
2024,SC,45025,Chesterfield County,2024-10-01,35,5,,5,,,,,,1,sc-sec,2026-09-06T15:28:42+00:00
2024,SC,45025,Chesterfield County,2024-10-02,34,5,,5,,,,,,1,sc-sec,2026-09-06T15:28:42+00:00
2024,SC,45025,Chesterfield County,2024-10-03,33,5,,5,,,,,,1,sc-sec,2026-09-06T15:28:42+00:00
2024,SC,45025,Chesterfield County,2024-10-04,32,5,,5,,,,,,1,sc-sec,2026-09-06T15:28:42+00:00
2024,SC,45025,Chesterfield County,2024-10-09,27,14,,14,,,,,,1,sc-sec,2026-09-06T15:28:42+00:00
2024,SC,45025,Chesterfield County,2024-10-10,26,27,,27,,,,,,1,sc-sec,2026-09-06T15:28:42+00:00
2024,SC,45025,Chesterfield County,2024-10-11,25,62,,62,,,,,,1,sc-sec,2026-09-06T15:28:42+00:00
2024,SC,45025,Chesterfield County,2024-10-14,22,63,,63,,,,,,1,sc-sec,2026-09-06T15:28:42+00:00
2024,SC,45025,Chesterfield County,2024-10-15,21,63,,63,,,,,,1,sc-sec,2026-09-06T15:28:42+00:00
2024,SC,45025,Chesterfield County,2024-10-16,20,116,,116,,,,,,1,sc-sec,2026-09-06T15:28:42+00:00
2024,SC,45025,Chesterfield County,2024-10-17,19,118,,118,,,,,,1,sc-sec,2026-09-06T15:28:42+00:00
2024,SC,45025,Chesterfield County,2024-10-18,18,153,,153,,,,,,1,sc-sec,2026-09-06T15:28:42+00:00
2024,SC,45025,Chesterfield County,2024-10-21,15,1059,,166,893,,,,,1,sc-sec,2026-09-06T15:28:42+00:00
2024,SC,45025,Chesterfield County,2024-10-22,14,1838,,196,1642,,,,,1,sc-sec,2026-09-06T15:28:42+00:00
2024,SC,45025,Chesterfield County,2024-10-23,13,2587,,210,2377,,,,,1,sc-sec,2026-09-06T15:28:42+00:00
2024,SC,45025,Chesterfield County,2024-10-24,12,3276,,241,3035,,,,,1,sc-sec,2026-09-06T15:28:42+00:00
2024,SC,45025,Chesterfield County,2024-10-25,11,4048,,261,3787,,,,,1,sc-sec,2026-09-06T15:28:42+00:00
2024,SC,45025,Chesterfield County,2024-10-26,10,4404,,278,4126,,,,,1,sc-sec,2026-09-06T15:28:42+00:00
2024,SC,45025,Chesterfield County,2024-10-27,9,4404,,278,4126,,,,,1,sc-sec,2026-09-06T15:28:42+00:00
2024,SC,45025,Chesterfield County,2024-10-28,8,5084,,282,4802,,,,,1,sc-sec,2026-09-06T15:28:42+00:00
2024,SC,45025,Chesterfield County,2024-10-29,7,5733,,332,5401,,,,,1,sc-sec,2026-09-06T15:28:42+00:00
2024,SC,45025,Chesterfield County,2024-10-30,6,6378,,354,6024,,,,,1,sc-sec,2026-09-06T15:28:42+00:00
2024,SC,45025,Chesterfield County,2024-10-31,5,7015,,373,6642,,,,,1,sc-sec,2026-09-06T15:28:42+00:00
2024,SC,45025,Chesterfield County,2024-11-01,4,7853,,400,7453,,,,,1,sc-sec,2026-09-06T15:28:42+00:00
2024,SC,45025,Chesterfield County,2024-11-02,3,8534,,420,8114,,,,,1,sc-sec,2026-09-06T15:28:42+00:00
2024,SC,45025,Chesterfield County,2024-11-03,2,8534,,420,8114,,,,,1,sc-sec,2026-09-06T15:28:42+00:00
2024,SC,45025,Chesterfield County,2024-11-04,1,8557,,443,8114,,,,,1,sc-sec,2026-09-06T15:28:42+00:00
2024,SC,45025,Chesterfield County,2024-11-05,0,8572,,458,8114,,,,,1,sc-sec,2026-09-06T15:28:42+00:00
2024,SC,45027,Clarendon County,2024-09-24,42,0,,0,,,,,,1,sc-sec,2026-09-06T15:28:42+00:00
2024,SC,45027,Clarendon County,2024-09-25,41,0,,0,,,,,,1,sc-sec,2026-09-06T15:28:42+00:00
2024,SC,45027,Clarendon County,2024-09-26,40,0,,0,,,,,,1,sc-sec,2026-09-06T15:28:42+00:00
2024,SC,45027,Clarendon County,2024-10-01,35,0,,0,,,,,,1,sc-sec,2026-09-06T15:28:42+00:00
2024,SC,45027,Clarendon County,2024-10-02,34,0,,0,,,,,,1,sc-sec,2026-09-06T15:28:42+00:00
2024,SC,45027,Clarendon County,2024-10-03,33,0,,0,,,,,,1,sc-sec,2026-09-06T15:28:42+00:00
2024,SC,45027,Clarendon County,2024-10-04,32,0,,0,,,,,,1,sc-sec,2026-09-06T15:28:42+00:00
2024,SC,45027,Clarendon County,2024-10-09,27,0,,0,,,,,,1,sc-sec,2026-09-06T15:28:42+00:00
2024,SC,45027,Clarendon County,2024-10-10,26,2,,2,,,,,,1,sc-sec,2026-09-06T15:28:42+00:00
2024,SC,45027,Clarendon County,2024-10-11,25,18,,18,,,,,,1,sc-sec,2026-09-06T15:28:42+00:00
2024,SC,45027,Clarendon County,2024-10-14,22,18,,18,,,,,,1,sc-sec,2026-09-06T15:28:42+00:00
2024,SC,45027,Clarendon County,2024-10-15,21,18,,18,,,,,,1,sc-sec,2026-09-06T15:28:42+00:00
2024,SC,45027,Clarendon County,2024-10-16,20,119,,119,,,,,,1,sc-sec,2026-09-06T15:28:42+00:00
2024,SC,45027,Clarendon County,2024-10-17,19,128,,128,,,,,,1,sc-sec,2026-09-06T15:28:42+00:00
2024,SC,45027,Clarendon County,2024-10-18,18,171,,171,,,,,,1,sc-sec,2026-09-06T15:28:42+00:00
2024,SC,45027,Clarendon County,2024-10-21,15,1111,,261,850,,,,,1,sc-sec,2026-09-06T15:28:42+00:00
2024,SC,45027,Clarendon County,2024-10-22,14,2091,,272,1819,,,,,1,sc-sec,2026-09-06T15:28:42+00:00
2024,SC,45027,Clarendon County,2024-10-23,13,3208,,395,2813,,,,,1,sc-sec,2026-09-06T15:28:42+00:00
2024,SC,45027,Clarendon County,2024-10-24,12,4132,,407,3725,,,,,1,sc-sec,2026-09-06T15:28:42+00:00
2024,SC,45027,Clarendon County,2024-10-25,11,5106,,433,4673,,,,,1,sc-sec,2026-09-06T15:28:42+00:00
2024,SC,45027,Clarendon County,2024-10-26,10,5599,,491,5108,,,,,1,sc-sec,2026-09-06T15:28:42+00:00
2024,SC,45027,Clarendon County,2024-10-27,9,5605,,497,5108,,,,,1,sc-sec,2026-09-06T15:28:42+00:00
2024,SC,45027,Clarendon County,2024-10-28,8,6536,,497,6039,,,,,1,sc-sec,2026-09-06T15:28:42+00:00
2024,SC,45027,Clarendon County,2024-10-29,7,7356,,525,6831,,,,,1,sc-sec,2026-09-06T15:28:42+00:00
2024,SC,45027,Clarendon County,2024-10-30,6,8051,,547,7504,,,,,1,sc-sec,2026-09-06T15:28:42+00:00
2024,SC,45027,Clarendon County,2024-10-31,5,8818,,598,8220,,,,,1,sc-sec,2026-09-06T15:28:42+00:00
2024,SC,45027,Clarendon County,2024-11-01,4,9706,,627,9079,,,,,1,sc-sec,2026-09-06T15:28:42+00:00
2024,SC,45027,Clarendon County,2024-11-02,3,10424,,667,9757,,,,,1,sc-sec,2026-09-06T15:28:42+00:00
2024,SC,45027,Clarendon County,2024-11-03,2,10437,,680,9757,,,,,1,sc-sec,2026-09-06T15:28:42+00:00
2024,SC,45027,Clarendon County,2024-11-04,1,10458,,701,9757,,,,,1,sc-sec,2026-09-06T15:28:42+00:00
2024,SC,45027,Clarendon County,2024-11-05,0,10484,,727,9757,,,,,1,sc-sec,2026-09-06T15:28:42+00:00
2024,SC,45029,Colleton County,2024-09-24,42,0,,0,,,,,,1,sc-sec,2026-09-06T15:28:42+00:00
2024,SC,45029,Colleton County,2024-09-25,41,0,,0,,,,,,1,sc-sec,2026-09-06T15:28:42+00:00
2024,SC,45029,Colleton County,2024-09-26,40,0,,0,,,,,,1,sc-sec,2026-09-06T15:28:42+00:00
2024,SC,45029,Colleton County,2024-10-01,35,0,,0,,,,,,1,sc-sec,2026-09-06T15:28:42+00:00
2024,SC,45029,Colleton County,2024-10-02,34,0,,0,,,,,,1,sc-sec,2026-09-06T15:28:42+00:00
2024,SC,45029,Colleton County,2024-10-03,33,2,,2,,,,,,1,sc-sec,2026-09-06T15:28:42+00:00
2024,SC,45029,Colleton County,2024-10-04,32,5,,5,,,,,,1,sc-sec,2026-09-06T15:28:42+00:00
2024,SC,45029,Colleton County,2024-10-09,27,73,,73,,,,,,1,sc-sec,2026-09-06T15:28:42+00:00
2024,SC,45029,Colleton County,2024-10-10,26,86,,86,,,,,,1,sc-sec,2026-09-06T15:28:42+00:00
2024,SC,45029,Colleton County,2024-10-11,25,165,,165,,,,,,1,sc-sec,2026-09-06T15:28:42+00:00
2024,SC,45029,Colleton County,2024-10-14,22,186,,186,,,,,,1,sc-sec,2026-09-06T15:28:42+00:00
2024,SC,45029,Colleton County,2024-10-15,21,186,,186,,,,,,1,sc-sec,2026-09-06T15:28:42+00:00
2024,SC,45029,Colleton County,2024-10-16,20,213,,213,,,,,,1,sc-sec,2026-09-06T15:28:42+00:00
2024,SC,45029,Colleton County,2024-10-17,19,233,,233,,,,,,1,sc-sec,2026-09-06T15:28:42+00:00
2024,SC,45029,Colleton County,2024-10-18,18,254,,254,,,,,,1,sc-sec,2026-09-06T15:28:42+00:00
2024,SC,45029,Colleton County,2024-10-21,15,1317,,287,1030,,,,,1,sc-sec,2026-09-06T15:28:42+00:00
2024,SC,45029,Colleton County,2024-10-22,14,2298,,327,1971,,,,,1,sc-sec,2026-09-06T15:28:42+00:00
2024,SC,45029,Colleton County,2024-10-23,13,3215,,343,2872,,,,,1,sc-sec,2026-09-06T15:28:42+00:00
2024,SC,45029,Colleton County,2024-10-24,12,4112,,356,3756,,,,,1,sc-sec,2026-09-06T15:28:42+00:00
2024,SC,45029,Colleton County,2024-10-25,11,5070,,371,4699,,,,,1,sc-sec,2026-09-06T15:28:42+00:00
2024,SC,45029,Colleton County,2024-10-26,10,5622,,411,5211,,,,,1,sc-sec,2026-09-06T15:28:42+00:00
2024,SC,45029,Colleton County,2024-10-27,9,5630,,419,5211,,,,,1,sc-sec,2026-09-06T15:28:42+00:00
2024,SC,45029,Colleton County,2024-10-28,8,6512,,427,6085,,,,,1,sc-sec,2026-09-06T15:28:42+00:00
2024,SC,45029,Colleton County,2024-10-29,7,7305,,461,6844,,,,,1,sc-sec,2026-09-06T15:28:42+00:00
2024,SC,45029,Colleton County,2024-10-30,6,8011,,476,7535,,,,,1,sc-sec,2026-09-06T15:28:42+00:00
2024,SC,45029,Colleton County,2024-10-31,5,8706,,507,8199,,,,,1,sc-sec,2026-09-06T15:28:42+00:00
2024,SC,45029,Colleton County,2024-11-01,4,9673,,516,9157,,,,,1,sc-sec,2026-09-06T15:28:42+00:00
2024,SC,45029,Colleton County,2024-11-02,3,10468,,551,9917,,,,,1,sc-sec,2026-09-06T15:28:42+00:00
2024,SC,45029,Colleton County,2024-11-03,2,10488,,571,9917,,,,,1,sc-sec,2026-09-06T15:28:42+00:00
2024,SC,45029,Colleton County,2024-11-04,1,10503,,586,9917,,,,,1,sc-sec,2026-09-06T15:28:42+00:00
2024,SC,45029,Colleton County,2024-11-05,0,10553,,636,9917,,,,,1,sc-sec,2026-09-06T15:28:42+00:00
2024,SC,45031,Darlington County,2024-09-24,42,10,,10,,,,,,1,sc-sec,2026-09-06T15:28:42+00:00
2024,SC,45031,Darlington County,2024-09-25,41,11,,11,,,,,,1,sc-sec,2026-09-06T15:28:42+00:00
2024,SC,45031,Darlington County,2024-09-26,40,14,,14,,,,,,1,sc-sec,2026-09-06T15:28:42+00:00
2024,SC,45031,Darlington County,2024-10-01,35,20,,20,,,,,,1,sc-sec,2026-09-06T15:28:42+00:00
2024,SC,45031,Darlington County,2024-10-02,34,20,,20,,,,,,1,sc-sec,2026-09-06T15:28:42+00:00
2024,SC,45031,Darlington County,2024-10-03,33,20,,20,,,,,,1,sc-sec,2026-09-06T15:28:42+00:00
2024,SC,45031,Darlington County,2024-10-04,32,20,,20,,,,,,1,sc-sec,2026-09-06T15:28:42+00:00
2024,SC,45031,Darlington County,2024-10-09,27,26,,26,,,,,,1,sc-sec,2026-09-06T15:28:42+00:00
2024,SC,45031,Darlington County,2024-10-10,26,52,,52,,,,,,1,sc-sec,2026-09-06T15:28:42+00:00
2024,SC,45031,Darlington County,2024-10-11,25,118,,118,,,,,,1,sc-sec,2026-09-06T15:28:42+00:00
2024,SC,45031,Darlington County,2024-10-14,22,136,,136,,,,,,1,sc-sec,2026-09-06T15:28:42+00:00
2024,SC,45031,Darlington County,2024-10-15,21,136,,136,,,,,,1,sc-sec,2026-09-06T15:28:42+00:00
2024,SC,45031,Darlington County,2024-10-16,20,256,,256,,,,,,1,sc-sec,2026-09-06T15:28:42+00:00
2024,SC,45031,Darlington County,2024-10-17,19,329,,329,,,,,,1,sc-sec,2026-09-06T15:28:42+00:00
2024,SC,45031,Darlington County,2024-10-18,18,441,,441,,,,,,1,sc-sec,2026-09-06T15:28:42+00:00
2024,SC,45031,Darlington County,2024-10-21,15,2660,,480,2180,,,,,1,sc-sec,2026-09-06T15:28:42+00:00
2024,SC,45031,Darlington County,2024-10-22,14,4610,,571,4039,,,,,1,sc-sec,2026-09-06T15:28:42+00:00
2024,SC,45031,Darlington County,2024-10-23,13,6282,,637,5645,,,,,1,sc-sec,2026-09-06T15:28:42+00:00
2024,SC,45031,Darlington County,2024-10-24,12,7764,,692,7072,,,,,1,sc-sec,2026-09-06T15:28:42+00:00
2024,SC,45031,Darlington County,2024-10-25,11,9371,,728,8643,,,,,1,sc-sec,2026-09-06T15:28:42+00:00
2024,SC,45031,Darlington County,2024-10-26,10,10196,,777,9419,,,,,1,sc-sec,2026-09-06T15:28:42+00:00
2024,SC,45031,Darlington County,2024-10-27,9,10215,,796,9419,,,,,1,sc-sec,2026-09-06T15:28:42+00:00
2024,SC,45031,Darlington County,2024-10-28,8,11545,,797,10748,,,,,1,sc-sec,2026-09-06T15:28:42+00:00
2024,SC,45031,Darlington County,2024-10-29,7,12749,,846,11903,,,,,1,sc-sec,2026-09-06T15:28:42+00:00
2024,SC,45031,Darlington County,2024-10-30,6,13929,,907,13022,,,,,1,sc-sec,2026-09-06T15:28:42+00:00
2024,SC,45031,Darlington County,2024-10-31,5,14993,,960,14033,,,,,1,sc-sec,2026-09-06T15:28:42+00:00
2024,SC,45031,Darlington County,2024-11-01,4,16592,,987,15605,,,,,1,sc-sec,2026-09-06T15:28:42+00:00
2024,SC,45031,Darlington County,2024-11-02,3,18052,,1016,17036,,,,,1,sc-sec,2026-09-06T15:28:42+00:00
2024,SC,45031,Darlington County,2024-11-03,2,18071,,1035,17036,,,,,1,sc-sec,2026-09-06T15:28:42+00:00
2024,SC,45031,Darlington County,2024-11-04,1,18114,,1078,17036,,,,,1,sc-sec,2026-09-06T15:28:42+00:00
2024,SC,45031,Darlington County,2024-11-05,0,18140,,1104,17036,,,,,1,sc-sec,2026-09-06T15:28:42+00:00
2024,SC,45033,Dillon County,2024-09-24,42,4,,4,,,,,,1,sc-sec,2026-09-06T15:28:42+00:00
2024,SC,45033,Dillon County,2024-09-25,41,4,,4,,,,,,1,sc-sec,2026-09-06T15:28:42+00:00
2024,SC,45033,Dillon County,2024-09-26,40,4,,4,,,,,,1,sc-sec,2026-09-06T15:28:42+00:00
2024,SC,45033,Dillon County,2024-10-01,35,5,,5,,,,,,1,sc-sec,2026-09-06T15:28:42+00:00
2024,SC,45033,Dillon County,2024-10-02,34,6,,6,,,,,,1,sc-sec,2026-09-06T15:28:42+00:00
2024,SC,45033,Dillon County,2024-10-03,33,6,,6,,,,,,1,sc-sec,2026-09-06T15:28:42+00:00
2024,SC,45033,Dillon County,2024-10-04,32,6,,6,,,,,,1,sc-sec,2026-09-06T15:28:42+00:00
2024,SC,45033,Dillon County,2024-10-09,27,7,,7,,,,,,1,sc-sec,2026-09-06T15:28:42+00:00
2024,SC,45033,Dillon County,2024-10-10,26,7,,7,,,,,,1,sc-sec,2026-09-06T15:28:42+00:00
2024,SC,45033,Dillon County,2024-10-11,25,28,,28,,,,,,1,sc-sec,2026-09-06T15:28:42+00:00
2024,SC,45033,Dillon County,2024-10-14,22,114,,114,,,,,,1,sc-sec,2026-09-06T15:28:42+00:00
2024,SC,45033,Dillon County,2024-10-15,21,114,,114,,,,,,1,sc-sec,2026-09-06T15:28:42+00:00
2024,SC,45033,Dillon County,2024-10-16,20,182,,182,,,,,,1,sc-sec,2026-09-06T15:28:42+00:00
2024,SC,45033,Dillon County,2024-10-17,19,207,,207,,,,,,1,sc-sec,2026-09-06T15:28:42+00:00
2024,SC,45033,Dillon County,2024-10-18,18,417,,417,,,,,,1,sc-sec,2026-09-06T15:28:42+00:00
2024,SC,45033,Dillon County,2024-10-21,15,1014,,496,518,,,,,1,sc-sec,2026-09-06T15:28:42+00:00
2024,SC,45033,Dillon County,2024-10-22,14,1648,,582,1066,,,,,1,sc-sec,2026-09-06T15:28:42+00:00
2024,SC,45033,Dillon County,2024-10-23,13,2175,,659,1516,,,,,1,sc-sec,2026-09-06T15:28:42+00:00
2024,SC,45033,Dillon County,2024-10-24,12,2628,,711,1917,,,,,1,sc-sec,2026-09-06T15:28:42+00:00
2024,SC,45033,Dillon County,2024-10-25,11,3102,,745,2357,,,,,1,sc-sec,2026-09-06T15:28:42+00:00
2024,SC,45033,Dillon County,2024-10-26,10,3306,,780,2526,,,,,1,sc-sec,2026-09-06T15:28:42+00:00
2024,SC,45033,Dillon County,2024-10-27,9,3313,,787,2526,,,,,1,sc-sec,2026-09-06T15:28:42+00:00
2024,SC,45033,Dillon County,2024-10-28,8,3662,,787,2875,,,,,1,sc-sec,2026-09-06T15:28:42+00:00
2024,SC,45033,Dillon County,2024-10-29,7,4062,,801,3261,,,,,1,sc-sec,2026-09-06T15:28:42+00:00
2024,SC,45033,Dillon County,2024-10-30,6,4459,,850,3609,,,,,1,sc-sec,2026-09-06T15:28:42+00:00
2024,SC,45033,Dillon County,2024-10-31,5,4799,,882,3917,,,,,1,sc-sec,2026-09-06T15:28:42+00:00
2024,SC,45033,Dillon County,2024-11-01,4,5250,,931,4319,,,,,1,sc-sec,2026-09-06T15:28:42+00:00
2024,SC,45033,Dillon County,2024-11-02,3,5668,,944,4724,,,,,1,sc-sec,2026-09-06T15:28:42+00:00
2024,SC,45033,Dillon County,2024-11-03,2,5682,,958,4724,,,,,1,sc-sec,2026-09-06T15:28:42+00:00
2024,SC,45033,Dillon County,2024-11-04,1,5732,,1008,4724,,,,,1,sc-sec,2026-09-06T15:28:42+00:00
2024,SC,45033,Dillon County,2024-11-05,0,5774,,1050,4724,,,,,1,sc-sec,2026-09-06T15:28:42+00:00
2024,SC,45035,Dorchester County,2024-09-24,42,64,,64,,,,,,1,sc-sec,2026-09-06T15:28:42+00:00
2024,SC,45035,Dorchester County,2024-09-25,41,79,,79,,,,,,1,sc-sec,2026-09-06T15:28:42+00:00
2024,SC,45035,Dorchester County,2024-09-26,40,84,,84,,,,,,1,sc-sec,2026-09-06T15:28:42+00:00
2024,SC,45035,Dorchester County,2024-10-01,35,107,,107,,,,,,1,sc-sec,2026-09-06T15:28:42+00:00
2024,SC,45035,Dorchester County,2024-10-02,34,121,,121,,,,,,1,sc-sec,2026-09-06T15:28:42+00:00
2024,SC,45035,Dorchester County,2024-10-03,33,126,,126,,,,,,1,sc-sec,2026-09-06T15:28:42+00:00
2024,SC,45035,Dorchester County,2024-10-04,32,132,,132,,,,,,1,sc-sec,2026-09-06T15:28:42+00:00
2024,SC,45035,Dorchester County,2024-10-09,27,154,,154,,,,,,1,sc-sec,2026-09-06T15:28:42+00:00
2024,SC,45035,Dorchester County,2024-10-10,26,169,,169,,,,,,1,sc-sec,2026-09-06T15:28:42+00:00
2024,SC,45035,Dorchester County,2024-10-11,25,254,,254,,,,,,1,sc-sec,2026-09-06T15:28:42+00:00
2024,SC,45035,Dorchester County,2024-10-14,22,262,,262,,,,,,1,sc-sec,2026-09-06T15:28:42+00:00
2024,SC,45035,Dorchester County,2024-10-15,21,263,,263,,,,,,1,sc-sec,2026-09-06T15:28:42+00:00
2024,SC,45035,Dorchester County,2024-10-16,20,767,,767,,,,,,1,sc-sec,2026-09-06T15:28:42+00:00
2024,SC,45035,Dorchester County,2024-10-17,19,820,,820,,,,,,1,sc-sec,2026-09-06T15:28:42+00:00
2024,SC,45035,Dorchester County,2024-10-18,18,904,,904,,,,,,1,sc-sec,2026-09-06T15:28:42+00:00
2024,SC,45035,Dorchester County,2024-10-21,15,6186,,1172,5014,,,,,1,sc-sec,2026-09-06T15:28:42+00:00
2024,SC,45035,Dorchester County,2024-10-22,14,11832,,1489,10343,,,,,1,sc-sec,2026-09-06T15:28:42+00:00
2024,SC,45035,Dorchester County,2024-10-23,13,16981,,1627,15354,,,,,1,sc-sec,2026-09-06T15:28:42+00:00
2024,SC,45035,Dorchester County,2024-10-24,12,21908,,1773,20135,,,,,1,sc-sec,2026-09-06T15:28:42+00:00
2024,SC,45035,Dorchester County,2024-10-25,11,26842,,1790,25052,,,,,1,sc-sec,2026-09-06T15:28:42+00:00
2024,SC,45035,Dorchester County,2024-10-26,10,30446,,1992,28454,,,,,1,sc-sec,2026-09-06T15:28:42+00:00
2024,SC,45035,Dorchester County,2024-10-27,9,30485,,2031,28454,,,,,1,sc-sec,2026-09-06T15:28:42+00:00
2024,SC,45035,Dorchester County,2024-10-28,8,34872,,2031,32841,,,,,1,sc-sec,2026-09-06T15:28:42+00:00
2024,SC,45035,Dorchester County,2024-10-29,7,38954,,2216,36738,,,,,1,sc-sec,2026-09-06T15:28:42+00:00
2024,SC,45035,Dorchester County,2024-10-30,6,42538,,2343,40195,,,,,1,sc-sec,2026-09-06T15:28:42+00:00
2024,SC,45035,Dorchester County,2024-10-31,5,45889,,2510,43379,,,,,1,sc-sec,2026-09-06T15:28:42+00:00
2024,SC,45035,Dorchester County,2024-11-01,4,50551,,2647,47904,,,,,1,sc-sec,2026-09-06T15:28:42+00:00
2024,SC,45035,Dorchester County,2024-11-02,3,55148,,2832,52316,,,,,1,sc-sec,2026-09-06T15:28:42+00:00
2024,SC,45035,Dorchester County,2024-11-03,2,55170,,2854,52316,,,,,1,sc-sec,2026-09-06T15:28:42+00:00
2024,SC,45035,Dorchester County,2024-11-04,1,55274,,2958,52316,,,,,1,sc-sec,2026-09-06T15:28:42+00:00
2024,SC,45035,Dorchester County,2024-11-05,0,55350,,3034,52316,,,,,1,sc-sec,2026-09-06T15:28:42+00:00
2024,SC,45037,Edgefield County,2024-09-24,42,0,,0,,,,,,1,sc-sec,2026-09-06T15:28:42+00:00
2024,SC,45037,Edgefield County,2024-09-25,41,0,,0,,,,,,1,sc-sec,2026-09-06T15:28:42+00:00
2024,SC,45037,Edgefield County,2024-09-26,40,7,,7,,,,,,1,sc-sec,2026-09-06T15:28:42+00:00
2024,SC,45037,Edgefield County,2024-10-01,35,7,,7,,,,,,1,sc-sec,2026-09-06T15:28:42+00:00
2024,SC,45037,Edgefield County,2024-10-02,34,7,,7,,,,,,1,sc-sec,2026-09-06T15:28:42+00:00
2024,SC,45037,Edgefield County,2024-10-03,33,7,,7,,,,,,1,sc-sec,2026-09-06T15:28:42+00:00
2024,SC,45037,Edgefield County,2024-10-04,32,7,,7,,,,,,1,sc-sec,2026-09-06T15:28:42+00:00
2024,SC,45037,Edgefield County,2024-10-09,27,9,,9,,,,,,1,sc-sec,2026-09-06T15:28:42+00:00
2024,SC,45037,Edgefield County,2024-10-10,26,12,,12,,,,,,1,sc-sec,2026-09-06T15:28:42+00:00
2024,SC,45037,Edgefield County,2024-10-11,25,25,,25,,,,,,1,sc-sec,2026-09-06T15:28:42+00:00
2024,SC,45037,Edgefield County,2024-10-14,22,36,,36,,,,,,1,sc-sec,2026-09-06T15:28:42+00:00
2024,SC,45037,Edgefield County,2024-10-15,21,36,,36,,,,,,1,sc-sec,2026-09-06T15:28:42+00:00
2024,SC,45037,Edgefield County,2024-10-16,20,95,,95,,,,,,1,sc-sec,2026-09-06T15:28:42+00:00
2024,SC,45037,Edgefield County,2024-10-17,19,139,,139,,,,,,1,sc-sec,2026-09-06T15:28:42+00:00
2024,SC,45037,Edgefield County,2024-10-18,18,144,,144,,,,,,1,sc-sec,2026-09-06T15:28:42+00:00
2024,SC,45037,Edgefield County,2024-10-21,15,1194,,170,1024,,,,,1,sc-sec,2026-09-06T15:28:42+00:00
2024,SC,45037,Edgefield County,2024-10-22,14,2125,,225,1900,,,,,1,sc-sec,2026-09-06T15:28:42+00:00
2024,SC,45037,Edgefield County,2024-10-23,13,2936,,246,2690,,,,,1,sc-sec,2026-09-06T15:28:42+00:00
2024,SC,45037,Edgefield County,2024-10-24,12,3723,,260,3463,,,,,1,sc-sec,2026-09-06T15:28:42+00:00
2024,SC,45037,Edgefield County,2024-10-25,11,4582,,273,4309,,,,,1,sc-sec,2026-09-06T15:28:42+00:00
2024,SC,45037,Edgefield County,2024-10-26,10,5025,,292,4733,,,,,1,sc-sec,2026-09-06T15:28:42+00:00
2024,SC,45037,Edgefield County,2024-10-27,9,5027,,294,4733,,,,,1,sc-sec,2026-09-06T15:28:42+00:00
2024,SC,45037,Edgefield County,2024-10-28,8,5683,,294,5389,,,,,1,sc-sec,2026-09-06T15:28:42+00:00
2024,SC,45037,Edgefield County,2024-10-29,7,6330,,325,6005,,,,,1,sc-sec,2026-09-06T15:28:42+00:00
2024,SC,45037,Edgefield County,2024-10-30,6,6859,,337,6522,,,,,1,sc-sec,2026-09-06T15:28:42+00:00
2024,SC,45037,Edgefield County,2024-10-31,5,7387,,362,7025,,,,,1,sc-sec,2026-09-06T15:28:42+00:00
2024,SC,45037,Edgefield County,2024-11-01,4,8150,,381,7769,,,,,1,sc-sec,2026-09-06T15:28:42+00:00
2024,SC,45037,Edgefield County,2024-11-02,3,8758,,414,8344,,,,,1,sc-sec,2026-09-06T15:28:42+00:00
2024,SC,45037,Edgefield County,2024-11-03,2,8758,,414,8344,,,,,1,sc-sec,2026-09-06T15:28:42+00:00
2024,SC,45037,Edgefield County,2024-11-04,1,8768,,424,8344,,,,,1,sc-sec,2026-09-06T15:28:42+00:00
2024,SC,45037,Edgefield County,2024-11-05,0,8775,,431,8344,,,,,1,sc-sec,2026-09-06T15:28:42+00:00
2024,SC,45039,Fairfield County,2024-09-24,42,0,,0,,,,,,1,sc-sec,2026-09-06T15:28:42+00:00
2024,SC,45039,Fairfield County,2024-09-25,41,0,,0,,,,,,1,sc-sec,2026-09-06T15:28:42+00:00
2024,SC,45039,Fairfield County,2024-09-26,40,0,,0,,,,,,1,sc-sec,2026-09-06T15:28:42+00:00
2024,SC,45039,Fairfield County,2024-10-01,35,0,,0,,,,,,1,sc-sec,2026-09-06T15:28:42+00:00
2024,SC,45039,Fairfield County,2024-10-02,34,0,,0,,,,,,1,sc-sec,2026-09-06T15:28:42+00:00
2024,SC,45039,Fairfield County,2024-10-03,33,0,,0,,,,,,1,sc-sec,2026-09-06T15:28:42+00:00
2024,SC,45039,Fairfield County,2024-10-04,32,0,,0,,,,,,1,sc-sec,2026-09-06T15:28:42+00:00
2024,SC,45039,Fairfield County,2024-10-09,27,0,,0,,,,,,1,sc-sec,2026-09-06T15:28:42+00:00
2024,SC,45039,Fairfield County,2024-10-10,26,8,,8,,,,,,1,sc-sec,2026-09-06T15:28:42+00:00
2024,SC,45039,Fairfield County,2024-10-11,25,20,,20,,,,,,1,sc-sec,2026-09-06T15:28:42+00:00
2024,SC,45039,Fairfield County,2024-10-14,22,39,,39,,,,,,1,sc-sec,2026-09-06T15:28:42+00:00
2024,SC,45039,Fairfield County,2024-10-15,21,39,,39,,,,,,1,sc-sec,2026-09-06T15:28:42+00:00
2024,SC,45039,Fairfield County,2024-10-16,20,49,,49,,,,,,1,sc-sec,2026-09-06T15:28:42+00:00
2024,SC,45039,Fairfield County,2024-10-17,19,80,,80,,,,,,1,sc-sec,2026-09-06T15:28:42+00:00
2024,SC,45039,Fairfield County,2024-10-18,18,113,,113,,,,,,1,sc-sec,2026-09-06T15:28:42+00:00
2024,SC,45039,Fairfield County,2024-10-21,15,717,,129,588,,,,,1,sc-sec,2026-09-06T15:28:42+00:00
2024,SC,45039,Fairfield County,2024-10-22,14,1240,,155,1085,,,,,1,sc-sec,2026-09-06T15:28:42+00:00
2024,SC,45039,Fairfield County,2024-10-23,13,1797,,163,1634,,,,,1,sc-sec,2026-09-06T15:28:42+00:00
2024,SC,45039,Fairfield County,2024-10-24,12,2281,,186,2095,,,,,1,sc-sec,2026-09-06T15:28:42+00:00
2024,SC,45039,Fairfield County,2024-10-25,11,2854,,199,2655,,,,,1,sc-sec,2026-09-06T15:28:42+00:00
2024,SC,45039,Fairfield County,2024-10-26,10,3136,,218,2918,,,,,1,sc-sec,2026-09-06T15:28:42+00:00
2024,SC,45039,Fairfield County,2024-10-27,9,3161,,243,2918,,,,,1,sc-sec,2026-09-06T15:28:42+00:00
2024,SC,45039,Fairfield County,2024-10-28,8,3595,,243,3352,,,,,1,sc-sec,2026-09-06T15:28:42+00:00
2024,SC,45039,Fairfield County,2024-10-29,7,4078,,256,3822,,,,,1,sc-sec,2026-09-06T15:28:42+00:00
2024,SC,45039,Fairfield County,2024-10-30,6,4531,,288,4243,,,,,1,sc-sec,2026-09-06T15:28:42+00:00
2024,SC,45039,Fairfield County,2024-10-31,5,4933,,299,4634,,,,,1,sc-sec,2026-09-06T15:28:42+00:00
2024,SC,45039,Fairfield County,2024-11-01,4,5484,,317,5167,,,,,1,sc-sec,2026-09-06T15:28:42+00:00
2024,SC,45039,Fairfield County,2024-11-02,3,5940,,324,5616,,,,,1,sc-sec,2026-09-06T15:28:42+00:00
2024,SC,45039,Fairfield County,2024-11-03,2,5941,,325,5616,,,,,1,sc-sec,2026-09-06T15:28:42+00:00
2024,SC,45039,Fairfield County,2024-11-04,1,5941,,325,5616,,,,,1,sc-sec,2026-09-06T15:28:42+00:00
2024,SC,45039,Fairfield County,2024-11-05,0,5976,,360,5616,,,,,1,sc-sec,2026-09-06T15:28:42+00:00
2024,SC,45041,Florence County,2024-09-24,42,0,,0,,,,,,1,sc-sec,2026-09-06T15:28:42+00:00
2024,SC,45041,Florence County,2024-09-25,41,0,,0,,,,,,1,sc-sec,2026-09-06T15:28:42+00:00
2024,SC,45041,Florence County,2024-09-26,40,0,,0,,,,,,1,sc-sec,2026-09-06T15:28:42+00:00
2024,SC,45041,Florence County,2024-10-01,35,0,,0,,,,,,1,sc-sec,2026-09-06T15:28:42+00:00
2024,SC,45041,Florence County,2024-10-02,34,0,,0,,,,,,1,sc-sec,2026-09-06T15:28:42+00:00
2024,SC,45041,Florence County,2024-10-03,33,0,,0,,,,,,1,sc-sec,2026-09-06T15:28:42+00:00
2024,SC,45041,Florence County,2024-10-04,32,0,,0,,,,,,1,sc-sec,2026-09-06T15:28:42+00:00
2024,SC,45041,Florence County,2024-10-09,27,1,,1,,,,,,1,sc-sec,2026-09-06T15:28:42+00:00
2024,SC,45041,Florence County,2024-10-10,26,1,,1,,,,,,1,sc-sec,2026-09-06T15:28:42+00:00
2024,SC,45041,Florence County,2024-10-11,25,3,,3,,,,,,1,sc-sec,2026-09-06T15:28:42+00:00
2024,SC,45041,Florence County,2024-10-14,22,9,,9,,,,,,1,sc-sec,2026-09-06T15:28:42+00:00
2024,SC,45041,Florence County,2024-10-15,21,23,,23,,,,,,1,sc-sec,2026-09-06T15:28:42+00:00
2024,SC,45041,Florence County,2024-10-16,20,59,,59,,,,,,1,sc-sec,2026-09-06T15:28:42+00:00
2024,SC,45041,Florence County,2024-10-17,19,82,,82,,,,,,1,sc-sec,2026-09-06T15:28:42+00:00
2024,SC,45041,Florence County,2024-10-18,18,121,,121,,,,,,1,sc-sec,2026-09-06T15:28:42+00:00
2024,SC,45041,Florence County,2024-10-21,15,3606,,203,3403,,,,,1,sc-sec,2026-09-06T15:28:42+00:00
2024,SC,45041,Florence County,2024-10-22,14,7151,,204,6947,,,,,1,sc-sec,2026-09-06T15:28:42+00:00
2024,SC,45041,Florence County,2024-10-23,13,10870,,388,10482,,,,,1,sc-sec,2026-09-06T15:28:42+00:00
2024,SC,45041,Florence County,2024-10-24,12,14522,,519,14003,,,,,1,sc-sec,2026-09-06T15:28:42+00:00
2024,SC,45041,Florence County,2024-10-25,11,18219,,519,17700,,,,,1,sc-sec,2026-09-06T15:28:42+00:00
2024,SC,45041,Florence County,2024-10-26,10,20135,,519,19616,,,,,1,sc-sec,2026-09-06T15:28:42+00:00
2024,SC,45041,Florence County,2024-10-27,9,20327,,711,19616,,,,,1,sc-sec,2026-09-06T15:28:42+00:00
2024,SC,45041,Florence County,2024-10-28,8,23887,,827,23060,,,,,1,sc-sec,2026-09-06T15:28:42+00:00
2024,SC,45041,Florence County,2024-10-29,7,26971,,827,26144,,,,,1,sc-sec,2026-09-06T15:28:42+00:00
2024,SC,45041,Florence County,2024-10-30,6,29882,,965,28917,,,,,1,sc-sec,2026-09-06T15:28:42+00:00
2024,SC,45041,Florence County,2024-10-31,5,32507,,1027,31480,,,,,1,sc-sec,2026-09-06T15:28:42+00:00
2024,SC,45041,Florence County,2024-11-01,4,36157,,1141,35016,,,,,1,sc-sec,2026-09-06T15:28:42+00:00
2024,SC,45041,Florence County,2024-11-02,3,38813,,1141,37672,,,,,1,sc-sec,2026-09-06T15:28:42+00:00
2024,SC,45041,Florence County,2024-11-03,2,38909,,1237,37672,,,,,1,sc-sec,2026-09-06T15:28:42+00:00
2024,SC,45041,Florence County,2024-11-04,1,38922,,1250,37672,,,,,1,sc-sec,2026-09-06T15:28:42+00:00
2024,SC,45041,Florence County,2024-11-05,0,39014,,1342,37672,,,,,1,sc-sec,2026-09-06T15:28:42+00:00
2024,SC,45043,Georgetown County,2024-09-24,42,0,,0,,,,,,1,sc-sec,2026-09-06T15:28:42+00:00
2024,SC,45043,Georgetown County,2024-09-25,41,0,,0,,,,,,1,sc-sec,2026-09-06T15:28:42+00:00
2024,SC,45043,Georgetown County,2024-09-26,40,0,,0,,,,,,1,sc-sec,2026-09-06T15:28:42+00:00
2024,SC,45043,Georgetown County,2024-10-01,35,1,,1,,,,,,1,sc-sec,2026-09-06T15:28:42+00:00
2024,SC,45043,Georgetown County,2024-10-02,34,1,,1,,,,,,1,sc-sec,2026-09-06T15:28:42+00:00
2024,SC,45043,Georgetown County,2024-10-03,33,3,,3,,,,,,1,sc-sec,2026-09-06T15:28:42+00:00
2024,SC,45043,Georgetown County,2024-10-04,32,3,,3,,,,,,1,sc-sec,2026-09-06T15:28:42+00:00
2024,SC,45043,Georgetown County,2024-10-09,27,251,,251,,,,,,1,sc-sec,2026-09-06T15:28:42+00:00
2024,SC,45043,Georgetown County,2024-10-10,26,303,,303,,,,,,1,sc-sec,2026-09-06T15:28:42+00:00
2024,SC,45043,Georgetown County,2024-10-11,25,492,,492,,,,,,1,sc-sec,2026-09-06T15:28:42+00:00
2024,SC,45043,Georgetown County,2024-10-14,22,508,,508,,,,,,1,sc-sec,2026-09-06T15:28:42+00:00
2024,SC,45043,Georgetown County,2024-10-15,21,508,,508,,,,,,1,sc-sec,2026-09-06T15:28:42+00:00
2024,SC,45043,Georgetown County,2024-10-16,20,670,,670,,,,,,1,sc-sec,2026-09-06T15:28:42+00:00
2024,SC,45043,Georgetown County,2024-10-17,19,689,,689,,,,,,1,sc-sec,2026-09-06T15:28:42+00:00
2024,SC,45043,Georgetown County,2024-10-18,18,801,,801,,,,,,1,sc-sec,2026-09-06T15:28:42+00:00
2024,SC,45043,Georgetown County,2024-10-21,15,3400,,866,2534,,,,,1,sc-sec,2026-09-06T15:28:42+00:00
2024,SC,45043,Georgetown County,2024-10-22,14,6089,,1016,5073,,,,,1,sc-sec,2026-09-06T15:28:42+00:00
2024,SC,45043,Georgetown County,2024-10-23,13,8545,,1066,7479,,,,,1,sc-sec,2026-09-06T15:28:42+00:00
2024,SC,45043,Georgetown County,2024-10-24,12,11097,,1168,9929,,,,,1,sc-sec,2026-09-06T15:28:42+00:00
2024,SC,45043,Georgetown County,2024-10-25,11,13524,,1222,12302,,,,,1,sc-sec,2026-09-06T15:28:42+00:00
2024,SC,45043,Georgetown County,2024-10-26,10,14671,,1315,13356,,,,,1,sc-sec,2026-09-06T15:28:42+00:00
2024,SC,45043,Georgetown County,2024-10-27,9,14680,,1324,13356,,,,,1,sc-sec,2026-09-06T15:28:42+00:00
2024,SC,45043,Georgetown County,2024-10-28,8,17098,,1324,15774,,,,,1,sc-sec,2026-09-06T15:28:42+00:00
2024,SC,45043,Georgetown County,2024-10-29,7,19226,,1411,17815,,,,,1,sc-sec,2026-09-06T15:28:42+00:00
2024,SC,45043,Georgetown County,2024-10-30,6,21148,,1481,19667,,,,,1,sc-sec,2026-09-06T15:28:42+00:00
2024,SC,45043,Georgetown County,2024-10-31,5,22776,,1529,21247,,,,,1,sc-sec,2026-09-06T15:28:42+00:00
2024,SC,45043,Georgetown County,2024-11-01,4,24827,,1665,23162,,,,,1,sc-sec,2026-09-06T15:28:42+00:00
2024,SC,45043,Georgetown County,2024-11-02,3,26108,,1730,24378,,,,,1,sc-sec,2026-09-06T15:28:42+00:00
2024,SC,45043,Georgetown County,2024-11-03,2,26124,,1746,24378,,,,,1,sc-sec,2026-09-06T15:28:42+00:00
2024,SC,45043,Georgetown County,2024-11-04,1,26170,,1792,24378,,,,,1,sc-sec,2026-09-06T15:28:42+00:00
2024,SC,45043,Georgetown County,2024-11-05,0,26203,,1825,24378,,,,,1,sc-sec,2026-09-06T15:28:42+00:00
2024,SC,45045,Greenville County,2024-09-24,42,0,,0,,,,,,1,sc-sec,2026-09-06T15:28:42+00:00
2024,SC,45045,Greenville County,2024-09-25,41,0,,0,,,,,,1,sc-sec,2026-09-06T15:28:42+00:00
2024,SC,45045,Greenville County,2024-09-26,40,0,,0,,,,,,1,sc-sec,2026-09-06T15:28:42+00:00
2024,SC,45045,Greenville County,2024-10-01,35,0,,0,,,,,,1,sc-sec,2026-09-06T15:28:42+00:00
2024,SC,45045,Greenville County,2024-10-02,34,0,,0,,,,,,1,sc-sec,2026-09-06T15:28:42+00:00
2024,SC,45045,Greenville County,2024-10-03,33,0,,0,,,,,,1,sc-sec,2026-09-06T15:28:42+00:00
2024,SC,45045,Greenville County,2024-10-04,32,279,,279,,,,,,1,sc-sec,2026-09-06T15:28:42+00:00
2024,SC,45045,Greenville County,2024-10-09,27,515,,515,,,,,,1,sc-sec,2026-09-06T15:28:42+00:00
2024,SC,45045,Greenville County,2024-10-10,26,518,,518,,,,,,1,sc-sec,2026-09-06T15:28:42+00:00
2024,SC,45045,Greenville County,2024-10-11,25,524,,524,,,,,,1,sc-sec,2026-09-06T15:28:42+00:00
2024,SC,45045,Greenville County,2024-10-14,22,577,,577,,,,,,1,sc-sec,2026-09-06T15:28:42+00:00
2024,SC,45045,Greenville County,2024-10-15,21,580,,580,,,,,,1,sc-sec,2026-09-06T15:28:42+00:00
2024,SC,45045,Greenville County,2024-10-16,20,810,,810,,,,,,1,sc-sec,2026-09-06T15:28:42+00:00
2024,SC,45045,Greenville County,2024-10-17,19,1195,,1195,,,,,,1,sc-sec,2026-09-06T15:28:42+00:00
2024,SC,45045,Greenville County,2024-10-18,18,1539,,1539,,,,,,1,sc-sec,2026-09-06T15:28:42+00:00
2024,SC,45045,Greenville County,2024-10-21,15,12497,,2220,10277,,,,,1,sc-sec,2026-09-06T15:28:42+00:00
2024,SC,45045,Greenville County,2024-10-22,14,23803,,2974,20829,,,,,1,sc-sec,2026-09-06T15:28:42+00:00
2024,SC,45045,Greenville County,2024-10-23,13,35409,,3602,31807,,,,,1,sc-sec,2026-09-06T15:28:42+00:00
2024,SC,45045,Greenville County,2024-10-24,12,47379,,4340,43039,,,,,1,sc-sec,2026-09-06T15:28:42+00:00
2024,SC,45045,Greenville County,2024-10-25,11,60218,,5007,55211,,,,,1,sc-sec,2026-09-06T15:28:42+00:00
2024,SC,45045,Greenville County,2024-10-26,10,71111,,5804,65307,,,,,1,sc-sec,2026-09-06T15:28:42+00:00
2024,SC,45045,Greenville County,2024-10-27,9,71952,,6645,65307,,,,,1,sc-sec,2026-09-06T15:28:42+00:00
2024,SC,45045,Greenville County,2024-10-28,8,85141,,6682,78459,,,,,1,sc-sec,2026-09-06T15:28:42+00:00
2024,SC,45045,Greenville County,2024-10-29,7,98896,,7163,91733,,,,,1,sc-sec,2026-09-06T15:28:42+00:00
2024,SC,45045,Greenville County,2024-10-30,6,112158,,7458,104700,,,,,1,sc-sec,2026-09-06T15:28:42+00:00
2024,SC,45045,Greenville County,2024-10-31,5,124899,,7956,116943,,,,,1,sc-sec,2026-09-06T15:28:42+00:00
2024,SC,45045,Greenville County,2024-11-01,4,138874,,8281,130593,,,,,1,sc-sec,2026-09-06T15:28:42+00:00
2024,SC,45045,Greenville County,2024-11-02,3,152116,,8653,143463,,,,,1,sc-sec,2026-09-06T15:28:42+00:00
2024,SC,45045,Greenville County,2024-11-03,2,152601,,9138,143463,,,,,1,sc-sec,2026-09-06T15:28:42+00:00
2024,SC,45045,Greenville County,2024-11-04,1,152918,,9455,143463,,,,,1,sc-sec,2026-09-06T15:28:42+00:00
2024,SC,45045,Greenville County,2024-11-05,0,153654,,10191,143463,,,,,1,sc-sec,2026-09-06T15:28:42+00:00
2024,SC,45047,Greenwood County,2024-09-24,42,13,,13,,,,,,1,sc-sec,2026-09-06T15:28:42+00:00
2024,SC,45047,Greenwood County,2024-09-25,41,13,,13,,,,,,1,sc-sec,2026-09-06T15:28:42+00:00
2024,SC,45047,Greenwood County,2024-09-26,40,18,,18,,,,,,1,sc-sec,2026-09-06T15:28:42+00:00
2024,SC,45047,Greenwood County,2024-10-01,35,18,,18,,,,,,1,sc-sec,2026-09-06T15:28:42+00:00
2024,SC,45047,Greenwood County,2024-10-02,34,18,,18,,,,,,1,sc-sec,2026-09-06T15:28:42+00:00
2024,SC,45047,Greenwood County,2024-10-03,33,18,,18,,,,,,1,sc-sec,2026-09-06T15:28:42+00:00
2024,SC,45047,Greenwood County,2024-10-04,32,18,,18,,,,,,1,sc-sec,2026-09-06T15:28:42+00:00
2024,SC,45047,Greenwood County,2024-10-09,27,26,,26,,,,,,1,sc-sec,2026-09-06T15:28:42+00:00
2024,SC,45047,Greenwood County,2024-10-10,26,32,,32,,,,,,1,sc-sec,2026-09-06T15:28:42+00:00
2024,SC,45047,Greenwood County,2024-10-11,25,85,,85,,,,,,1,sc-sec,2026-09-06T15:28:42+00:00
2024,SC,45047,Greenwood County,2024-10-14,22,162,,162,,,,,,1,sc-sec,2026-09-06T15:28:42+00:00
2024,SC,45047,Greenwood County,2024-10-15,21,166,,166,,,,,,1,sc-sec,2026-09-06T15:28:42+00:00
2024,SC,45047,Greenwood County,2024-10-16,20,297,,297,,,,,,1,sc-sec,2026-09-06T15:28:42+00:00
2024,SC,45047,Greenwood County,2024-10-17,19,320,,320,,,,,,1,sc-sec,2026-09-06T15:28:42+00:00
2024,SC,45047,Greenwood County,2024-10-18,18,370,,370,,,,,,1,sc-sec,2026-09-06T15:28:42+00:00
2024,SC,45047,Greenwood County,2024-10-21,15,2534,,600,1934,,,,,1,sc-sec,2026-09-06T15:28:42+00:00
2024,SC,45047,Greenwood County,2024-10-22,14,4246,,680,3566,,,,,1,sc-sec,2026-09-06T15:28:42+00:00
2024,SC,45047,Greenwood County,2024-10-23,13,5843,,704,5139,,,,,1,sc-sec,2026-09-06T15:28:42+00:00
2024,SC,45047,Greenwood County,2024-10-24,12,7446,,757,6689,,,,,1,sc-sec,2026-09-06T15:28:42+00:00
2024,SC,45047,Greenwood County,2024-10-25,11,9069,,813,8256,,,,,1,sc-sec,2026-09-06T15:28:42+00:00
2024,SC,45047,Greenwood County,2024-10-26,10,9817,,863,8954,,,,,1,sc-sec,2026-09-06T15:28:42+00:00
2024,SC,45047,Greenwood County,2024-10-27,9,9846,,892,8954,,,,,1,sc-sec,2026-09-06T15:28:42+00:00
2024,SC,45047,Greenwood County,2024-10-28,8,11341,,893,10448,,,,,1,sc-sec,2026-09-06T15:28:42+00:00
2024,SC,45047,Greenwood County,2024-10-29,7,12682,,931,11751,,,,,1,sc-sec,2026-09-06T15:28:42+00:00
2024,SC,45047,Greenwood County,2024-10-30,6,13893,,965,12928,,,,,1,sc-sec,2026-09-06T15:28:42+00:00
2024,SC,45047,Greenwood County,2024-10-31,5,15030,,1023,14007,,,,,1,sc-sec,2026-09-06T15:28:42+00:00
2024,SC,45047,Greenwood County,2024-11-01,4,16692,,1090,15602,,,,,1,sc-sec,2026-09-06T15:28:42+00:00
2024,SC,45047,Greenwood County,2024-11-02,3,18066,,1183,16883,,,,,1,sc-sec,2026-09-06T15:28:42+00:00
2024,SC,45047,Greenwood County,2024-11-03,2,18091,,1208,16883,,,,,1,sc-sec,2026-09-06T15:28:42+00:00
2024,SC,45047,Greenwood County,2024-11-04,1,18092,,1209,16883,,,,,1,sc-sec,2026-09-06T15:28:42+00:00
2024,SC,45047,Greenwood County,2024-11-05,0,18149,,1266,16883,,,,,1,sc-sec,2026-09-06T15:28:42+00:00
2024,SC,45049,Hampton County,2024-09-24,42,0,,0,,,,,,1,sc-sec,2026-09-06T15:28:42+00:00
2024,SC,45049,Hampton County,2024-09-25,41,0,,0,,,,,,1,sc-sec,2026-09-06T15:28:42+00:00
2024,SC,45049,Hampton County,2024-09-26,40,0,,0,,,,,,1,sc-sec,2026-09-06T15:28:42+00:00
2024,SC,45049,Hampton County,2024-10-01,35,0,,0,,,,,,1,sc-sec,2026-09-06T15:28:42+00:00
2024,SC,45049,Hampton County,2024-10-02,34,0,,0,,,,,,1,sc-sec,2026-09-06T15:28:42+00:00
2024,SC,45049,Hampton County,2024-10-03,33,0,,0,,,,,,1,sc-sec,2026-09-06T15:28:42+00:00
2024,SC,45049,Hampton County,2024-10-04,32,0,,0,,,,,,1,sc-sec,2026-09-06T15:28:42+00:00
2024,SC,45049,Hampton County,2024-10-09,27,0,,0,,,,,,1,sc-sec,2026-09-06T15:28:42+00:00
2024,SC,45049,Hampton County,2024-10-10,26,0,,0,,,,,,1,sc-sec,2026-09-06T15:28:42+00:00
2024,SC,45049,Hampton County,2024-10-11,25,3,,3,,,,,,1,sc-sec,2026-09-06T15:28:42+00:00
2024,SC,45049,Hampton County,2024-10-14,22,15,,15,,,,,,1,sc-sec,2026-09-06T15:28:42+00:00
2024,SC,45049,Hampton County,2024-10-15,21,15,,15,,,,,,1,sc-sec,2026-09-06T15:28:42+00:00
2024,SC,45049,Hampton County,2024-10-16,20,58,,58,,,,,,1,sc-sec,2026-09-06T15:28:42+00:00
2024,SC,45049,Hampton County,2024-10-17,19,71,,71,,,,,,1,sc-sec,2026-09-06T15:28:42+00:00
2024,SC,45049,Hampton County,2024-10-18,18,125,,125,,,,,,1,sc-sec,2026-09-06T15:28:42+00:00
2024,SC,45049,Hampton County,2024-10-21,15,639,,148,491,,,,,1,sc-sec,2026-09-06T15:28:42+00:00
2024,SC,45049,Hampton County,2024-10-22,14,1077,,183,894,,,,,1,sc-sec,2026-09-06T15:28:42+00:00
2024,SC,45049,Hampton County,2024-10-23,13,1481,,216,1265,,,,,1,sc-sec,2026-09-06T15:28:42+00:00
2024,SC,45049,Hampton County,2024-10-24,12,1826,,253,1573,,,,,1,sc-sec,2026-09-06T15:28:42+00:00
2024,SC,45049,Hampton County,2024-10-25,11,2290,,296,1994,,,,,1,sc-sec,2026-09-06T15:28:42+00:00
2024,SC,45049,Hampton County,2024-10-26,10,2464,,315,2149,,,,,1,sc-sec,2026-09-06T15:28:42+00:00
2024,SC,45049,Hampton County,2024-10-27,9,2466,,317,2149,,,,,1,sc-sec,2026-09-06T15:28:42+00:00
2024,SC,45049,Hampton County,2024-10-28,8,2811,,317,2494,,,,,1,sc-sec,2026-09-06T15:28:42+00:00
2024,SC,45049,Hampton County,2024-10-29,7,3268,,356,2912,,,,,1,sc-sec,2026-09-06T15:28:42+00:00
2024,SC,45049,Hampton County,2024-10-30,6,3544,,373,3171,,,,,1,sc-sec,2026-09-06T15:28:42+00:00
2024,SC,45049,Hampton County,2024-10-31,5,3813,,411,3402,,,,,1,sc-sec,2026-09-06T15:28:42+00:00
2024,SC,45049,Hampton County,2024-11-01,4,4248,,430,3818,,,,,1,sc-sec,2026-09-06T15:28:42+00:00
2024,SC,45049,Hampton County,2024-11-02,3,4592,,454,4138,,,,,1,sc-sec,2026-09-06T15:28:42+00:00
2024,SC,45049,Hampton County,2024-11-03,2,4593,,455,4138,,,,,1,sc-sec,2026-09-06T15:28:42+00:00
2024,SC,45049,Hampton County,2024-11-04,1,4598,,460,4138,,,,,1,sc-sec,2026-09-06T15:28:42+00:00
2024,SC,45049,Hampton County,2024-11-05,0,4624,,486,4138,,,,,1,sc-sec,2026-09-06T15:28:42+00:00
2024,SC,45051,Horry County,2024-09-24,42,0,,0,,,,,,1,sc-sec,2026-09-06T15:28:42+00:00
2024,SC,45051,Horry County,2024-09-25,41,0,,0,,,,,,1,sc-sec,2026-09-06T15:28:42+00:00
2024,SC,45051,Horry County,2024-09-26,40,0,,0,,,,,,1,sc-sec,2026-09-06T15:28:42+00:00
2024,SC,45051,Horry County,2024-10-01,35,0,,0,,,,,,1,sc-sec,2026-09-06T15:28:42+00:00
2024,SC,45051,Horry County,2024-10-02,34,1,,1,,,,,,1,sc-sec,2026-09-06T15:28:42+00:00
2024,SC,45051,Horry County,2024-10-03,33,1,,1,,,,,,1,sc-sec,2026-09-06T15:28:42+00:00
2024,SC,45051,Horry County,2024-10-04,32,1,,1,,,,,,1,sc-sec,2026-09-06T15:28:42+00:00
2024,SC,45051,Horry County,2024-10-09,27,8,,8,,,,,,1,sc-sec,2026-09-06T15:28:42+00:00
2024,SC,45051,Horry County,2024-10-10,26,16,,16,,,,,,1,sc-sec,2026-09-06T15:28:42+00:00
2024,SC,45051,Horry County,2024-10-11,25,158,,158,,,,,,1,sc-sec,2026-09-06T15:28:42+00:00
2024,SC,45051,Horry County,2024-10-14,22,268,,268,,,,,,1,sc-sec,2026-09-06T15:28:42+00:00
2024,SC,45051,Horry County,2024-10-15,21,273,,273,,,,,,1,sc-sec,2026-09-06T15:28:42+00:00
2024,SC,45051,Horry County,2024-10-16,20,2170,,2170,,,,,,1,sc-sec,2026-09-06T15:28:42+00:00
2024,SC,45051,Horry County,2024-10-17,19,2463,,2463,,,,,,1,sc-sec,2026-09-06T15:28:42+00:00
2024,SC,45051,Horry County,2024-10-18,18,3326,,3326,,,,,,1,sc-sec,2026-09-06T15:28:42+00:00
2024,SC,45051,Horry County,2024-10-21,15,13496,,4402,9094,,,,,1,sc-sec,2026-09-06T15:28:42+00:00
2024,SC,45051,Horry County,2024-10-22,14,24352,,5372,18980,,,,,1,sc-sec,2026-09-06T15:28:42+00:00
2024,SC,45051,Horry County,2024-10-23,13,34886,,5598,29288,,,,,1,sc-sec,2026-09-06T15:28:42+00:00
2024,SC,45051,Horry County,2024-10-24,12,46251,,6084,40167,,,,,1,sc-sec,2026-09-06T15:28:42+00:00
2024,SC,45051,Horry County,2024-10-25,11,57408,,6479,50929,,,,,1,sc-sec,2026-09-06T15:28:42+00:00
2024,SC,45051,Horry County,2024-10-26,10,66150,,6853,59297,,,,,1,sc-sec,2026-09-06T15:28:42+00:00
2024,SC,45051,Horry County,2024-10-27,9,66387,,7090,59297,,,,,1,sc-sec,2026-09-06T15:28:42+00:00
2024,SC,45051,Horry County,2024-10-28,8,77793,,7103,70690,,,,,1,sc-sec,2026-09-06T15:28:42+00:00
2024,SC,45051,Horry County,2024-10-29,7,89174,,7489,81685,,,,,1,sc-sec,2026-09-06T15:28:42+00:00
2024,SC,45051,Horry County,2024-10-30,6,100157,,7804,92353,,,,,1,sc-sec,2026-09-06T15:28:42+00:00
2024,SC,45051,Horry County,2024-10-31,5,110632,,8156,102476,,,,,1,sc-sec,2026-09-06T15:28:42+00:00
2024,SC,45051,Horry County,2024-11-01,4,121577,,8414,113163,,,,,1,sc-sec,2026-09-06T15:28:42+00:00
2024,SC,45051,Horry County,2024-11-02,3,131226,,8656,122570,,,,,1,sc-sec,2026-09-06T15:28:42+00:00
2024,SC,45051,Horry County,2024-11-03,2,131497,,8927,122570,,,,,1,sc-sec,2026-09-06T15:28:42+00:00
2024,SC,45051,Horry County,2024-11-04,1,131733,,9163,122570,,,,,1,sc-sec,2026-09-06T15:28:42+00:00
2024,SC,45051,Horry County,2024-11-05,0,131931,,9361,122570,,,,,1,sc-sec,2026-09-06T15:28:42+00:00
2024,SC,45053,Jasper County,2024-09-24,42,3,,3,,,,,,1,sc-sec,2026-09-06T15:28:42+00:00
2024,SC,45053,Jasper County,2024-09-25,41,3,,3,,,,,,1,sc-sec,2026-09-06T15:28:42+00:00
2024,SC,45053,Jasper County,2024-09-26,40,5,,5,,,,,,1,sc-sec,2026-09-06T15:28:42+00:00
2024,SC,45053,Jasper County,2024-10-01,35,7,,7,,,,,,1,sc-sec,2026-09-06T15:28:42+00:00
2024,SC,45053,Jasper County,2024-10-02,34,7,,7,,,,,,1,sc-sec,2026-09-06T15:28:42+00:00
2024,SC,45053,Jasper County,2024-10-03,33,7,,7,,,,,,1,sc-sec,2026-09-06T15:28:42+00:00
2024,SC,45053,Jasper County,2024-10-04,32,7,,7,,,,,,1,sc-sec,2026-09-06T15:28:42+00:00
2024,SC,45053,Jasper County,2024-10-09,27,54,,54,,,,,,1,sc-sec,2026-09-06T15:28:42+00:00
2024,SC,45053,Jasper County,2024-10-10,26,110,,110,,,,,,1,sc-sec,2026-09-06T15:28:42+00:00
2024,SC,45053,Jasper County,2024-10-11,25,127,,127,,,,,,1,sc-sec,2026-09-06T15:28:42+00:00
2024,SC,45053,Jasper County,2024-10-14,22,142,,142,,,,,,1,sc-sec,2026-09-06T15:28:42+00:00
2024,SC,45053,Jasper County,2024-10-15,21,142,,142,,,,,,1,sc-sec,2026-09-06T15:28:42+00:00
2024,SC,45053,Jasper County,2024-10-16,20,238,,238,,,,,,1,sc-sec,2026-09-06T15:28:42+00:00
2024,SC,45053,Jasper County,2024-10-17,19,314,,314,,,,,,1,sc-sec,2026-09-06T15:28:42+00:00
2024,SC,45053,Jasper County,2024-10-18,18,366,,366,,,,,,1,sc-sec,2026-09-06T15:28:42+00:00
2024,SC,45053,Jasper County,2024-10-21,15,1880,,419,1461,,,,,1,sc-sec,2026-09-06T15:28:42+00:00
2024,SC,45053,Jasper County,2024-10-22,14,3313,,439,2874,,,,,1,sc-sec,2026-09-06T15:28:42+00:00
2024,SC,45053,Jasper County,2024-10-23,13,4716,,516,4200,,,,,1,sc-sec,2026-09-06T15:28:42+00:00
2024,SC,45053,Jasper County,2024-10-24,12,5870,,534,5336,,,,,1,sc-sec,2026-09-06T15:28:42+00:00
2024,SC,45053,Jasper County,2024-10-25,11,7087,,602,6485,,,,,1,sc-sec,2026-09-06T15:28:42+00:00
2024,SC,45053,Jasper County,2024-10-26,10,7633,,688,6945,,,,,1,sc-sec,2026-09-06T15:28:42+00:00
2024,SC,45053,Jasper County,2024-10-27,9,7634,,689,6945,,,,,1,sc-sec,2026-09-06T15:28:42+00:00
2024,SC,45053,Jasper County,2024-10-28,8,8704,,689,8015,,,,,1,sc-sec,2026-09-06T15:28:42+00:00
2024,SC,45053,Jasper County,2024-10-29,7,9707,,763,8944,,,,,1,sc-sec,2026-09-06T15:28:42+00:00
2024,SC,45053,Jasper County,2024-10-30,6,10489,,784,9705,,,,,1,sc-sec,2026-09-06T15:28:42+00:00
2024,SC,45053,Jasper County,2024-10-31,5,11193,,836,10357,,,,,1,sc-sec,2026-09-06T15:28:42+00:00
2024,SC,45053,Jasper County,2024-11-01,4,12021,,861,11160,,,,,1,sc-sec,2026-09-06T15:28:42+00:00
2024,SC,45053,Jasper County,2024-11-02,3,12641,,908,11733,,,,,1,sc-sec,2026-09-06T15:28:42+00:00
2024,SC,45053,Jasper County,2024-11-03,2,12652,,919,11733,,,,,1,sc-sec,2026-09-06T15:28:42+00:00
2024,SC,45053,Jasper County,2024-11-04,1,12669,,936,11733,,,,,1,sc-sec,2026-09-06T15:28:42+00:00
2024,SC,45053,Jasper County,2024-11-05,0,12699,,966,11733,,,,,1,sc-sec,2026-09-06T15:28:42+00:00
2024,SC,45055,Kershaw County,2024-09-24,42,0,,0,,,,,,1,sc-sec,2026-09-06T15:28:42+00:00
2024,SC,45055,Kershaw County,2024-09-25,41,0,,0,,,,,,1,sc-sec,2026-09-06T15:28:42+00:00
2024,SC,45055,Kershaw County,2024-09-26,40,0,,0,,,,,,1,sc-sec,2026-09-06T15:28:42+00:00
2024,SC,45055,Kershaw County,2024-10-01,35,0,,0,,,,,,1,sc-sec,2026-09-06T15:28:42+00:00
2024,SC,45055,Kershaw County,2024-10-02,34,0,,0,,,,,,1,sc-sec,2026-09-06T15:28:42+00:00
2024,SC,45055,Kershaw County,2024-10-03,33,0,,0,,,,,,1,sc-sec,2026-09-06T15:28:42+00:00
2024,SC,45055,Kershaw County,2024-10-04,32,0,,0,,,,,,1,sc-sec,2026-09-06T15:28:42+00:00
2024,SC,45055,Kershaw County,2024-10-09,27,1,,1,,,,,,1,sc-sec,2026-09-06T15:28:42+00:00
2024,SC,45055,Kershaw County,2024-10-10,26,2,,2,,,,,,1,sc-sec,2026-09-06T15:28:42+00:00
2024,SC,45055,Kershaw County,2024-10-11,25,2,,2,,,,,,1,sc-sec,2026-09-06T15:28:42+00:00
2024,SC,45055,Kershaw County,2024-10-14,22,2,,2,,,,,,1,sc-sec,2026-09-06T15:28:42+00:00
2024,SC,45055,Kershaw County,2024-10-15,21,2,,2,,,,,,1,sc-sec,2026-09-06T15:28:42+00:00
2024,SC,45055,Kershaw County,2024-10-16,20,6,,6,,,,,,1,sc-sec,2026-09-06T15:28:42+00:00
2024,SC,45055,Kershaw County,2024-10-17,19,24,,24,,,,,,1,sc-sec,2026-09-06T15:28:42+00:00
2024,SC,45055,Kershaw County,2024-10-18,18,48,,48,,,,,,1,sc-sec,2026-09-06T15:28:42+00:00
2024,SC,45055,Kershaw County,2024-10-21,15,1568,,109,1459,,,,,1,sc-sec,2026-09-06T15:28:42+00:00
2024,SC,45055,Kershaw County,2024-10-22,14,3274,,236,3038,,,,,1,sc-sec,2026-09-06T15:28:42+00:00
2024,SC,45055,Kershaw County,2024-10-23,13,5180,,286,4894,,,,,1,sc-sec,2026-09-06T15:28:42+00:00
2024,SC,45055,Kershaw County,2024-10-24,12,7061,,353,6708,,,,,1,sc-sec,2026-09-06T15:28:42+00:00
2024,SC,45055,Kershaw County,2024-10-25,11,9069,,423,8646,,,,,1,sc-sec,2026-09-06T15:28:42+00:00
2024,SC,45055,Kershaw County,2024-10-26,10,10355,,461,9894,,,,,1,sc-sec,2026-09-06T15:28:42+00:00
2024,SC,45055,Kershaw County,2024-10-27,9,10373,,479,9894,,,,,1,sc-sec,2026-09-06T15:28:42+00:00
2024,SC,45055,Kershaw County,2024-10-28,8,12228,,483,11745,,,,,1,sc-sec,2026-09-06T15:28:42+00:00
2024,SC,45055,Kershaw County,2024-10-29,7,13929,,542,13387,,,,,1,sc-sec,2026-09-06T15:28:42+00:00
2024,SC,45055,Kershaw County,2024-10-30,6,15377,,593,14784,,,,,1,sc-sec,2026-09-06T15:28:42+00:00
2024,SC,45055,Kershaw County,2024-10-31,5,16800,,636,16164,,,,,1,sc-sec,2026-09-06T15:28:42+00:00
2024,SC,45055,Kershaw County,2024-11-01,4,18711,,676,18035,,,,,1,sc-sec,2026-09-06T15:28:42+00:00
2024,SC,45055,Kershaw County,2024-11-02,3,20287,,741,19546,,,,,1,sc-sec,2026-09-06T15:28:42+00:00
2024,SC,45055,Kershaw County,2024-11-03,2,20308,,762,19546,,,,,1,sc-sec,2026-09-06T15:28:42+00:00
2024,SC,45055,Kershaw County,2024-11-04,1,20320,,774,19546,,,,,1,sc-sec,2026-09-06T15:28:42+00:00
2024,SC,45055,Kershaw County,2024-11-05,0,20406,,860,19546,,,,,1,sc-sec,2026-09-06T15:28:42+00:00
2024,SC,45057,Lancaster County,2024-09-24,42,0,,0,,,,,,1,sc-sec,2026-09-06T15:28:42+00:00
2024,SC,45057,Lancaster County,2024-09-25,41,0,,0,,,,,,1,sc-sec,2026-09-06T15:28:42+00:00
2024,SC,45057,Lancaster County,2024-09-26,40,0,,0,,,,,,1,sc-sec,2026-09-06T15:28:42+00:00
2024,SC,45057,Lancaster County,2024-10-01,35,0,,0,,,,,,1,sc-sec,2026-09-06T15:28:42+00:00
2024,SC,45057,Lancaster County,2024-10-02,34,0,,0,,,,,,1,sc-sec,2026-09-06T15:28:42+00:00
2024,SC,45057,Lancaster County,2024-10-03,33,0,,0,,,,,,1,sc-sec,2026-09-06T15:28:42+00:00
2024,SC,45057,Lancaster County,2024-10-04,32,1,,1,,,,,,1,sc-sec,2026-09-06T15:28:42+00:00
2024,SC,45057,Lancaster County,2024-10-09,27,22,,22,,,,,,1,sc-sec,2026-09-06T15:28:42+00:00
2024,SC,45057,Lancaster County,2024-10-10,26,80,,80,,,,,,1,sc-sec,2026-09-06T15:28:42+00:00
2024,SC,45057,Lancaster County,2024-10-11,25,264,,264,,,,,,1,sc-sec,2026-09-06T15:28:42+00:00
2024,SC,45057,Lancaster County,2024-10-14,22,276,,276,,,,,,1,sc-sec,2026-09-06T15:28:42+00:00
2024,SC,45057,Lancaster County,2024-10-15,21,276,,276,,,,,,1,sc-sec,2026-09-06T15:28:42+00:00
2024,SC,45057,Lancaster County,2024-10-16,20,551,,551,,,,,,1,sc-sec,2026-09-06T15:28:42+00:00
2024,SC,45057,Lancaster County,2024-10-17,19,572,,572,,,,,,1,sc-sec,2026-09-06T15:28:42+00:00
2024,SC,45057,Lancaster County,2024-10-18,18,664,,664,,,,,,1,sc-sec,2026-09-06T15:28:42+00:00
2024,SC,45057,Lancaster County,2024-10-21,15,4155,,773,3382,,,,,1,sc-sec,2026-09-06T15:28:42+00:00
2024,SC,45057,Lancaster County,2024-10-22,14,8082,,926,7156,,,,,1,sc-sec,2026-09-06T15:28:42+00:00
2024,SC,45057,Lancaster County,2024-10-23,13,11806,,964,10842,,,,,1,sc-sec,2026-09-06T15:28:42+00:00
2024,SC,45057,Lancaster County,2024-10-24,12,15520,,1077,14443,,,,,1,sc-sec,2026-09-06T15:28:42+00:00
2024,SC,45057,Lancaster County,2024-10-25,11,19370,,1147,18223,,,,,1,sc-sec,2026-09-06T15:28:42+00:00
2024,SC,45057,Lancaster County,2024-10-26,10,21423,,1236,20187,,,,,1,sc-sec,2026-09-06T15:28:42+00:00
2024,SC,45057,Lancaster County,2024-10-27,9,21424,,1237,20187,,,,,1,sc-sec,2026-09-06T15:28:42+00:00
2024,SC,45057,Lancaster County,2024-10-28,8,24638,,1237,23401,,,,,1,sc-sec,2026-09-06T15:28:42+00:00
2024,SC,45057,Lancaster County,2024-10-29,7,27532,,1388,26144,,,,,1,sc-sec,2026-09-06T15:28:42+00:00
2024,SC,45057,Lancaster County,2024-10-30,6,30176,,1452,28724,,,,,1,sc-sec,2026-09-06T15:28:42+00:00
2024,SC,45057,Lancaster County,2024-10-31,5,32447,,1531,30916,,,,,1,sc-sec,2026-09-06T15:28:42+00:00
2024,SC,45057,Lancaster County,2024-11-01,4,35639,,1572,34067,,,,,1,sc-sec,2026-09-06T15:28:42+00:00
2024,SC,45057,Lancaster County,2024-11-02,3,38238,,1625,36613,,,,,1,sc-sec,2026-09-06T15:28:42+00:00
2024,SC,45057,Lancaster County,2024-11-03,2,38246,,1633,36613,,,,,1,sc-sec,2026-09-06T15:28:42+00:00
2024,SC,45057,Lancaster County,2024-11-04,1,38295,,1682,36613,,,,,1,sc-sec,2026-09-06T15:28:42+00:00
2024,SC,45057,Lancaster County,2024-11-05,0,38338,,1725,36613,,,,,1,sc-sec,2026-09-06T15:28:42+00:00
2024,SC,45059,Laurens County,2024-09-24,42,1,,1,,,,,,1,sc-sec,2026-09-06T15:28:42+00:00
2024,SC,45059,Laurens County,2024-09-25,41,1,,1,,,,,,1,sc-sec,2026-09-06T15:28:42+00:00
2024,SC,45059,Laurens County,2024-09-26,40,1,,1,,,,,,1,sc-sec,2026-09-06T15:28:42+00:00
2024,SC,45059,Laurens County,2024-10-01,35,1,,1,,,,,,1,sc-sec,2026-09-06T15:28:42+00:00
2024,SC,45059,Laurens County,2024-10-02,34,1,,1,,,,,,1,sc-sec,2026-09-06T15:28:42+00:00
2024,SC,45059,Laurens County,2024-10-03,33,1,,1,,,,,,1,sc-sec,2026-09-06T15:28:42+00:00
2024,SC,45059,Laurens County,2024-10-04,32,1,,1,,,,,,1,sc-sec,2026-09-06T15:28:42+00:00
2024,SC,45059,Laurens County,2024-10-09,27,1,,1,,,,,,1,sc-sec,2026-09-06T15:28:42+00:00
2024,SC,45059,Laurens County,2024-10-10,26,2,,2,,,,,,1,sc-sec,2026-09-06T15:28:42+00:00
2024,SC,45059,Laurens County,2024-10-11,25,40,,40,,,,,,1,sc-sec,2026-09-06T15:28:42+00:00
2024,SC,45059,Laurens County,2024-10-14,22,61,,61,,,,,,1,sc-sec,2026-09-06T15:28:42+00:00
2024,SC,45059,Laurens County,2024-10-15,21,61,,61,,,,,,1,sc-sec,2026-09-06T15:28:42+00:00
2024,SC,45059,Laurens County,2024-10-16,20,69,,69,,,,,,1,sc-sec,2026-09-06T15:28:42+00:00
2024,SC,45059,Laurens County,2024-10-17,19,141,,141,,,,,,1,sc-sec,2026-09-06T15:28:42+00:00
2024,SC,45059,Laurens County,2024-10-18,18,158,,158,,,,,,1,sc-sec,2026-09-06T15:28:42+00:00
2024,SC,45059,Laurens County,2024-10-21,15,1518,,210,1308,,,,,1,sc-sec,2026-09-06T15:28:42+00:00
2024,SC,45059,Laurens County,2024-10-22,14,2769,,274,2495,,,,,1,sc-sec,2026-09-06T15:28:42+00:00
2024,SC,45059,Laurens County,2024-10-23,13,3911,,317,3594,,,,,1,sc-sec,2026-09-06T15:28:42+00:00
2024,SC,45059,Laurens County,2024-10-24,12,5116,,366,4750,,,,,1,sc-sec,2026-09-06T15:28:42+00:00
2024,SC,45059,Laurens County,2024-10-25,11,6399,,402,5997,,,,,1,sc-sec,2026-09-06T15:28:42+00:00
2024,SC,45059,Laurens County,2024-10-26,10,7102,,432,6670,,,,,1,sc-sec,2026-09-06T15:28:42+00:00
2024,SC,45059,Laurens County,2024-10-27,9,7121,,451,6670,,,,,1,sc-sec,2026-09-06T15:28:42+00:00
2024,SC,45059,Laurens County,2024-10-28,8,8313,,451,7862,,,,,1,sc-sec,2026-09-06T15:28:42+00:00
2024,SC,45059,Laurens County,2024-10-29,7,9361,,468,8893,,,,,1,sc-sec,2026-09-06T15:28:42+00:00
2024,SC,45059,Laurens County,2024-10-30,6,10414,,497,9917,,,,,1,sc-sec,2026-09-06T15:28:42+00:00
2024,SC,45059,Laurens County,2024-10-31,5,11441,,536,10905,,,,,1,sc-sec,2026-09-06T15:28:42+00:00
2024,SC,45059,Laurens County,2024-11-01,4,12949,,573,12376,,,,,1,sc-sec,2026-09-06T15:28:42+00:00
2024,SC,45059,Laurens County,2024-11-02,3,14117,,579,13538,,,,,1,sc-sec,2026-09-06T15:28:42+00:00
2024,SC,45059,Laurens County,2024-11-03,2,14146,,608,13538,,,,,1,sc-sec,2026-09-06T15:28:42+00:00
2024,SC,45059,Laurens County,2024-11-04,1,14195,,657,13538,,,,,1,sc-sec,2026-09-06T15:28:42+00:00
2024,SC,45059,Laurens County,2024-11-05,0,14221,,683,13538,,,,,1,sc-sec,2026-09-06T15:28:42+00:00
2024,SC,45061,Lee County,2024-09-24,42,0,,0,,,,,,1,sc-sec,2026-09-06T15:28:42+00:00
2024,SC,45061,Lee County,2024-09-25,41,0,,0,,,,,,1,sc-sec,2026-09-06T15:28:42+00:00
2024,SC,45061,Lee County,2024-09-26,40,0,,0,,,,,,1,sc-sec,2026-09-06T15:28:42+00:00
2024,SC,45061,Lee County,2024-10-01,35,0,,0,,,,,,1,sc-sec,2026-09-06T15:28:42+00:00
2024,SC,45061,Lee County,2024-10-02,34,0,,0,,,,,,1,sc-sec,2026-09-06T15:28:42+00:00
2024,SC,45061,Lee County,2024-10-03,33,0,,0,,,,,,1,sc-sec,2026-09-06T15:28:42+00:00
2024,SC,45061,Lee County,2024-10-04,32,0,,0,,,,,,1,sc-sec,2026-09-06T15:28:42+00:00
2024,SC,45061,Lee County,2024-10-09,27,0,,0,,,,,,1,sc-sec,2026-09-06T15:28:42+00:00
2024,SC,45061,Lee County,2024-10-10,26,0,,0,,,,,,1,sc-sec,2026-09-06T15:28:42+00:00
2024,SC,45061,Lee County,2024-10-11,25,0,,0,,,,,,1,sc-sec,2026-09-06T15:28:42+00:00
2024,SC,45061,Lee County,2024-10-14,22,20,,20,,,,,,1,sc-sec,2026-09-06T15:28:42+00:00
2024,SC,45061,Lee County,2024-10-15,21,20,,20,,,,,,1,sc-sec,2026-09-06T15:28:42+00:00
2024,SC,45061,Lee County,2024-10-16,20,40,,40,,,,,,1,sc-sec,2026-09-06T15:28:42+00:00
2024,SC,45061,Lee County,2024-10-17,19,46,,46,,,,,,1,sc-sec,2026-09-06T15:28:42+00:00
2024,SC,45061,Lee County,2024-10-18,18,54,,54,,,,,,1,sc-sec,2026-09-06T15:28:42+00:00
2024,SC,45061,Lee County,2024-10-21,15,591,,64,527,,,,,1,sc-sec,2026-09-06T15:28:42+00:00
2024,SC,45061,Lee County,2024-10-22,14,1040,,69,971,,,,,1,sc-sec,2026-09-06T15:28:42+00:00
2024,SC,45061,Lee County,2024-10-23,13,1418,,86,1332,,,,,1,sc-sec,2026-09-06T15:28:42+00:00
2024,SC,45061,Lee County,2024-10-24,12,1741,,88,1653,,,,,1,sc-sec,2026-09-06T15:28:42+00:00
2024,SC,45061,Lee County,2024-10-25,11,2090,,99,1991,,,,,1,sc-sec,2026-09-06T15:28:42+00:00
2024,SC,45061,Lee County,2024-10-26,10,2228,,114,2114,,,,,1,sc-sec,2026-09-06T15:28:42+00:00
2024,SC,45061,Lee County,2024-10-27,9,2228,,114,2114,,,,,1,sc-sec,2026-09-06T15:28:42+00:00
2024,SC,45061,Lee County,2024-10-28,8,2516,,114,2402,,,,,1,sc-sec,2026-09-06T15:28:42+00:00
2024,SC,45061,Lee County,2024-10-29,7,2854,,130,2724,,,,,1,sc-sec,2026-09-06T15:28:42+00:00
2024,SC,45061,Lee County,2024-10-30,6,3142,,142,3000,,,,,1,sc-sec,2026-09-06T15:28:42+00:00
2024,SC,45061,Lee County,2024-10-31,5,3412,,147,3265,,,,,1,sc-sec,2026-09-06T15:28:42+00:00
2024,SC,45061,Lee County,2024-11-01,4,3813,,164,3649,,,,,1,sc-sec,2026-09-06T15:28:42+00:00
2024,SC,45061,Lee County,2024-11-02,3,4158,,172,3986,,,,,1,sc-sec,2026-09-06T15:28:42+00:00
2024,SC,45061,Lee County,2024-11-03,2,4158,,172,3986,,,,,1,sc-sec,2026-09-06T15:28:42+00:00
2024,SC,45061,Lee County,2024-11-04,1,4161,,175,3986,,,,,1,sc-sec,2026-09-06T15:28:42+00:00
2024,SC,45061,Lee County,2024-11-05,0,4174,,188,3986,,,,,1,sc-sec,2026-09-06T15:28:42+00:00
2024,SC,45063,Lexington County,2024-09-24,42,0,,0,,,,,,1,sc-sec,2026-09-06T15:28:42+00:00
2024,SC,45063,Lexington County,2024-09-25,41,0,,0,,,,,,1,sc-sec,2026-09-06T15:28:42+00:00
2024,SC,45063,Lexington County,2024-09-26,40,0,,0,,,,,,1,sc-sec,2026-09-06T15:28:42+00:00
2024,SC,45063,Lexington County,2024-10-01,35,0,,0,,,,,,1,sc-sec,2026-09-06T15:28:42+00:00
2024,SC,45063,Lexington County,2024-10-02,34,0,,0,,,,,,1,sc-sec,2026-09-06T15:28:42+00:00
2024,SC,45063,Lexington County,2024-10-03,33,0,,0,,,,,,1,sc-sec,2026-09-06T15:28:42+00:00
2024,SC,45063,Lexington County,2024-10-04,32,0,,0,,,,,,1,sc-sec,2026-09-06T15:28:42+00:00
2024,SC,45063,Lexington County,2024-10-09,27,2,,2,,,,,,1,sc-sec,2026-09-06T15:28:42+00:00
2024,SC,45063,Lexington County,2024-10-10,26,2,,2,,,,,,1,sc-sec,2026-09-06T15:28:42+00:00
2024,SC,45063,Lexington County,2024-10-11,25,4,,4,,,,,,1,sc-sec,2026-09-06T15:28:42+00:00
2024,SC,45063,Lexington County,2024-10-14,22,46,,46,,,,,,1,sc-sec,2026-09-06T15:28:42+00:00
2024,SC,45063,Lexington County,2024-10-15,21,48,,48,,,,,,1,sc-sec,2026-09-06T15:28:42+00:00
2024,SC,45063,Lexington County,2024-10-16,20,152,,152,,,,,,1,sc-sec,2026-09-06T15:28:42+00:00
2024,SC,45063,Lexington County,2024-10-17,19,312,,312,,,,,,1,sc-sec,2026-09-06T15:28:42+00:00
2024,SC,45063,Lexington County,2024-10-18,18,730,,730,,,,,,1,sc-sec,2026-09-06T15:28:42+00:00
2024,SC,45063,Lexington County,2024-10-21,15,8215,,1797,6418,,,,,1,sc-sec,2026-09-06T15:28:42+00:00
2024,SC,45063,Lexington County,2024-10-22,14,15599,,2353,13246,,,,,1,sc-sec,2026-09-06T15:28:42+00:00
2024,SC,45063,Lexington County,2024-10-23,13,23029,,2659,20370,,,,,1,sc-sec,2026-09-06T15:28:42+00:00
2024,SC,45063,Lexington County,2024-10-24,12,30604,,3039,27565,,,,,1,sc-sec,2026-09-06T15:28:42+00:00
2024,SC,45063,Lexington County,2024-10-25,11,38488,,3381,35107,,,,,1,sc-sec,2026-09-06T15:28:42+00:00
2024,SC,45063,Lexington County,2024-10-26,10,44190,,3692,40498,,,,,1,sc-sec,2026-09-06T15:28:42+00:00
2024,SC,45063,Lexington County,2024-10-27,9,44424,,3926,40498,,,,,1,sc-sec,2026-09-06T15:28:42+00:00
2024,SC,45063,Lexington County,2024-10-28,8,51723,,3929,47794,,,,,1,sc-sec,2026-09-06T15:28:42+00:00
2024,SC,45063,Lexington County,2024-10-29,7,59137,,4316,54821,,,,,1,sc-sec,2026-09-06T15:28:42+00:00
2024,SC,45063,Lexington County,2024-10-30,6,66202,,4673,61529,,,,,1,sc-sec,2026-09-06T15:28:42+00:00
2024,SC,45063,Lexington County,2024-10-31,5,72795,,4969,67826,,,,,1,sc-sec,2026-09-06T15:28:42+00:00
2024,SC,45063,Lexington County,2024-11-01,4,80441,,5160,75281,,,,,1,sc-sec,2026-09-06T15:28:42+00:00
2024,SC,45063,Lexington County,2024-11-02,3,87530,,5344,82186,,,,,1,sc-sec,2026-09-06T15:28:42+00:00
2024,SC,45063,Lexington County,2024-11-03,2,87660,,5474,82186,,,,,1,sc-sec,2026-09-06T15:28:42+00:00
2024,SC,45063,Lexington County,2024-11-04,1,87832,,5646,82186,,,,,1,sc-sec,2026-09-06T15:28:42+00:00
2024,SC,45063,Lexington County,2024-11-05,0,87984,,5798,82186,,,,,1,sc-sec,2026-09-06T15:28:42+00:00
2024,SC,45065,McCormick County,2024-09-24,42,0,,0,,,,,,1,sc-sec,2026-09-06T15:28:42+00:00
2024,SC,45065,McCormick County,2024-09-25,41,0,,0,,,,,,1,sc-sec,2026-09-06T15:28:42+00:00
2024,SC,45065,McCormick County,2024-09-26,40,0,,0,,,,,,1,sc-sec,2026-09-06T15:28:42+00:00
2024,SC,45065,McCormick County,2024-10-01,35,0,,0,,,,,,1,sc-sec,2026-09-06T15:28:42+00:00
2024,SC,45065,McCormick County,2024-10-02,34,0,,0,,,,,,1,sc-sec,2026-09-06T15:28:42+00:00
2024,SC,45065,McCormick County,2024-10-03,33,0,,0,,,,,,1,sc-sec,2026-09-06T15:28:42+00:00
2024,SC,45065,McCormick County,2024-10-04,32,0,,0,,,,,,1,sc-sec,2026-09-06T15:28:42+00:00
2024,SC,45065,McCormick County,2024-10-09,27,20,,20,,,,,,1,sc-sec,2026-09-06T15:28:42+00:00
2024,SC,45065,McCormick County,2024-10-10,26,22,,22,,,,,,1,sc-sec,2026-09-06T15:28:42+00:00
2024,SC,45065,McCormick County,2024-10-11,25,33,,33,,,,,,1,sc-sec,2026-09-06T15:28:42+00:00
2024,SC,45065,McCormick County,2024-10-14,22,57,,57,,,,,,1,sc-sec,2026-09-06T15:28:42+00:00
2024,SC,45065,McCormick County,2024-10-15,21,61,,61,,,,,,1,sc-sec,2026-09-06T15:28:42+00:00
2024,SC,45065,McCormick County,2024-10-16,20,78,,78,,,,,,1,sc-sec,2026-09-06T15:28:42+00:00
2024,SC,45065,McCormick County,2024-10-17,19,82,,82,,,,,,1,sc-sec,2026-09-06T15:28:42+00:00
2024,SC,45065,McCormick County,2024-10-18,18,89,,89,,,,,,1,sc-sec,2026-09-06T15:28:42+00:00
2024,SC,45065,McCormick County,2024-10-21,15,762,,101,661,,,,,1,sc-sec,2026-09-06T15:28:42+00:00
2024,SC,45065,McCormick County,2024-10-22,14,1290,,114,1176,,,,,1,sc-sec,2026-09-06T15:28:42+00:00
2024,SC,45065,McCormick County,2024-10-23,13,1793,,120,1673,,,,,1,sc-sec,2026-09-06T15:28:42+00:00
2024,SC,45065,McCormick County,2024-10-24,12,2237,,127,2110,,,,,1,sc-sec,2026-09-06T15:28:42+00:00
2024,SC,45065,McCormick County,2024-10-25,11,2646,,137,2509,,,,,1,sc-sec,2026-09-06T15:28:42+00:00
2024,SC,45065,McCormick County,2024-10-26,10,2810,,153,2657,,,,,1,sc-sec,2026-09-06T15:28:42+00:00
2024,SC,45065,McCormick County,2024-10-27,9,2810,,153,2657,,,,,1,sc-sec,2026-09-06T15:28:42+00:00
2024,SC,45065,McCormick County,2024-10-28,8,3140,,153,2987,,,,,1,sc-sec,2026-09-06T15:28:42+00:00
2024,SC,45065,McCormick County,2024-10-29,7,3490,,160,3330,,,,,1,sc-sec,2026-09-06T15:28:42+00:00
2024,SC,45065,McCormick County,2024-10-30,6,3780,,167,3613,,,,,1,sc-sec,2026-09-06T15:28:42+00:00
2024,SC,45065,McCormick County,2024-10-31,5,3992,,178,3814,,,,,1,sc-sec,2026-09-06T15:28:42+00:00
2024,SC,45065,McCormick County,2024-11-01,4,4242,,181,4061,,,,,1,sc-sec,2026-09-06T15:28:42+00:00
2024,SC,45065,McCormick County,2024-11-02,3,4460,,187,4273,,,,,1,sc-sec,2026-09-06T15:28:42+00:00
2024,SC,45065,McCormick County,2024-11-03,2,4461,,188,4273,,,,,1,sc-sec,2026-09-06T15:28:42+00:00
2024,SC,45065,McCormick County,2024-11-04,1,4462,,189,4273,,,,,1,sc-sec,2026-09-06T15:28:42+00:00
2024,SC,45065,McCormick County,2024-11-05,0,4462,,189,4273,,,,,1,sc-sec,2026-09-06T15:28:42+00:00
2024,SC,45067,Marion County,2024-09-24,42,1,,1,,,,,,1,sc-sec,2026-09-06T15:28:42+00:00
2024,SC,45067,Marion County,2024-09-25,41,2,,2,,,,,,1,sc-sec,2026-09-06T15:28:42+00:00
2024,SC,45067,Marion County,2024-09-26,40,3,,3,,,,,,1,sc-sec,2026-09-06T15:28:42+00:00
2024,SC,45067,Marion County,2024-10-01,35,5,,5,,,,,,1,sc-sec,2026-09-06T15:28:42+00:00
2024,SC,45067,Marion County,2024-10-02,34,5,,5,,,,,,1,sc-sec,2026-09-06T15:28:42+00:00
2024,SC,45067,Marion County,2024-10-03,33,5,,5,,,,,,1,sc-sec,2026-09-06T15:28:42+00:00
2024,SC,45067,Marion County,2024-10-04,32,5,,5,,,,,,1,sc-sec,2026-09-06T15:28:42+00:00
2024,SC,45067,Marion County,2024-10-09,27,6,,6,,,,,,1,sc-sec,2026-09-06T15:28:42+00:00
2024,SC,45067,Marion County,2024-10-10,26,6,,6,,,,,,1,sc-sec,2026-09-06T15:28:42+00:00
2024,SC,45067,Marion County,2024-10-11,25,6,,6,,,,,,1,sc-sec,2026-09-06T15:28:42+00:00
2024,SC,45067,Marion County,2024-10-14,22,5,,5,,,,,,1,sc-sec,2026-09-06T15:28:42+00:00
2024,SC,45067,Marion County,2024-10-15,21,5,,5,,,,,,1,sc-sec,2026-09-06T15:28:42+00:00
2024,SC,45067,Marion County,2024-10-16,20,20,,20,,,,,,1,sc-sec,2026-09-06T15:28:42+00:00
2024,SC,45067,Marion County,2024-10-17,19,31,,31,,,,,,1,sc-sec,2026-09-06T15:28:42+00:00
2024,SC,45067,Marion County,2024-10-18,18,160,,160,,,,,,1,sc-sec,2026-09-06T15:28:42+00:00
2024,SC,45067,Marion County,2024-10-21,15,965,,270,695,,,,,1,sc-sec,2026-09-06T15:28:42+00:00
2024,SC,45067,Marion County,2024-10-22,14,1686,,330,1356,,,,,1,sc-sec,2026-09-06T15:28:42+00:00
2024,SC,45067,Marion County,2024-10-23,13,2594,,600,1994,,,,,1,sc-sec,2026-09-06T15:28:42+00:00
2024,SC,45067,Marion County,2024-10-24,12,3227,,674,2553,,,,,1,sc-sec,2026-09-06T15:28:42+00:00
2024,SC,45067,Marion County,2024-10-25,11,4006,,802,3204,,,,,1,sc-sec,2026-09-06T15:28:42+00:00
2024,SC,45067,Marion County,2024-10-26,10,4280,,844,3436,,,,,1,sc-sec,2026-09-06T15:28:42+00:00
2024,SC,45067,Marion County,2024-10-27,9,4280,,844,3436,,,,,1,sc-sec,2026-09-06T15:28:42+00:00
2024,SC,45067,Marion County,2024-10-28,8,4819,,845,3974,,,,,1,sc-sec,2026-09-06T15:28:42+00:00
2024,SC,45067,Marion County,2024-10-29,7,5409,,929,4480,,,,,1,sc-sec,2026-09-06T15:28:42+00:00
2024,SC,45067,Marion County,2024-10-30,6,5965,,1021,4944,,,,,1,sc-sec,2026-09-06T15:28:42+00:00
2024,SC,45067,Marion County,2024-10-31,5,6462,,1088,5374,,,,,1,sc-sec,2026-09-06T15:28:42+00:00
2024,SC,45067,Marion County,2024-11-01,4,7147,,1128,6019,,,,,1,sc-sec,2026-09-06T15:28:42+00:00
2024,SC,45067,Marion County,2024-11-02,3,7658,,1173,6485,,,,,1,sc-sec,2026-09-06T15:28:42+00:00
2024,SC,45067,Marion County,2024-11-03,2,7663,,1178,6485,,,,,1,sc-sec,2026-09-06T15:28:42+00:00
2024,SC,45067,Marion County,2024-11-04,1,7722,,1237,6485,,,,,1,sc-sec,2026-09-06T15:28:42+00:00
2024,SC,45067,Marion County,2024-11-05,0,7765,,1280,6485,,,,,1,sc-sec,2026-09-06T15:28:42+00:00
2024,SC,45069,Marlboro County,2024-09-24,42,0,,0,,,,,,1,sc-sec,2026-09-06T15:28:42+00:00
2024,SC,45069,Marlboro County,2024-09-25,41,0,,0,,,,,,1,sc-sec,2026-09-06T15:28:42+00:00
2024,SC,45069,Marlboro County,2024-09-26,40,0,,0,,,,,,1,sc-sec,2026-09-06T15:28:42+00:00
2024,SC,45069,Marlboro County,2024-10-01,35,0,,0,,,,,,1,sc-sec,2026-09-06T15:28:42+00:00
2024,SC,45069,Marlboro County,2024-10-02,34,0,,0,,,,,,1,sc-sec,2026-09-06T15:28:42+00:00
2024,SC,45069,Marlboro County,2024-10-03,33,0,,0,,,,,,1,sc-sec,2026-09-06T15:28:42+00:00
2024,SC,45069,Marlboro County,2024-10-04,32,0,,0,,,,,,1,sc-sec,2026-09-06T15:28:42+00:00
2024,SC,45069,Marlboro County,2024-10-09,27,5,,5,,,,,,1,sc-sec,2026-09-06T15:28:42+00:00
2024,SC,45069,Marlboro County,2024-10-10,26,8,,8,,,,,,1,sc-sec,2026-09-06T15:28:42+00:00
2024,SC,45069,Marlboro County,2024-10-11,25,26,,26,,,,,,1,sc-sec,2026-09-06T15:28:42+00:00
2024,SC,45069,Marlboro County,2024-10-14,22,44,,44,,,,,,1,sc-sec,2026-09-06T15:28:42+00:00
2024,SC,45069,Marlboro County,2024-10-15,21,44,,44,,,,,,1,sc-sec,2026-09-06T15:28:42+00:00
2024,SC,45069,Marlboro County,2024-10-16,20,150,,150,,,,,,1,sc-sec,2026-09-06T15:28:42+00:00
2024,SC,45069,Marlboro County,2024-10-17,19,184,,184,,,,,,1,sc-sec,2026-09-06T15:28:42+00:00
2024,SC,45069,Marlboro County,2024-10-18,18,277,,277,,,,,,1,sc-sec,2026-09-06T15:28:42+00:00
2024,SC,45069,Marlboro County,2024-10-21,15,948,,280,668,,,,,1,sc-sec,2026-09-06T15:28:42+00:00
2024,SC,45069,Marlboro County,2024-10-22,14,1562,,349,1213,,,,,1,sc-sec,2026-09-06T15:28:42+00:00
2024,SC,45069,Marlboro County,2024-10-23,13,2060,,350,1710,,,,,1,sc-sec,2026-09-06T15:28:42+00:00
2024,SC,45069,Marlboro County,2024-10-24,12,2654,,491,2163,,,,,1,sc-sec,2026-09-06T15:28:42+00:00
2024,SC,45069,Marlboro County,2024-10-25,11,3164,,499,2665,,,,,1,sc-sec,2026-09-06T15:28:42+00:00
2024,SC,45069,Marlboro County,2024-10-26,10,3441,,559,2882,,,,,1,sc-sec,2026-09-06T15:28:42+00:00
2024,SC,45069,Marlboro County,2024-10-27,9,3442,,560,2882,,,,,1,sc-sec,2026-09-06T15:28:42+00:00
2024,SC,45069,Marlboro County,2024-10-28,8,3910,,560,3350,,,,,1,sc-sec,2026-09-06T15:28:42+00:00
2024,SC,45069,Marlboro County,2024-10-29,7,4298,,574,3724,,,,,1,sc-sec,2026-09-06T15:28:42+00:00
2024,SC,45069,Marlboro County,2024-10-30,6,4711,,627,4084,,,,,1,sc-sec,2026-09-06T15:28:42+00:00
2024,SC,45069,Marlboro County,2024-10-31,5,5094,,641,4453,,,,,1,sc-sec,2026-09-06T15:28:42+00:00
2024,SC,45069,Marlboro County,2024-11-01,4,5583,,691,4892,,,,,1,sc-sec,2026-09-06T15:28:42+00:00
2024,SC,45069,Marlboro County,2024-11-02,3,6015,,724,5291,,,,,1,sc-sec,2026-09-06T15:28:42+00:00
2024,SC,45069,Marlboro County,2024-11-03,2,6016,,725,5291,,,,,1,sc-sec,2026-09-06T15:28:42+00:00
2024,SC,45069,Marlboro County,2024-11-04,1,6034,,743,5291,,,,,1,sc-sec,2026-09-06T15:28:42+00:00
2024,SC,45069,Marlboro County,2024-11-05,0,6047,,756,5291,,,,,1,sc-sec,2026-09-06T15:28:42+00:00
2024,SC,45071,Newberry County,2024-09-24,42,1,,1,,,,,,1,sc-sec,2026-09-06T15:28:42+00:00
2024,SC,45071,Newberry County,2024-09-25,41,1,,1,,,,,,1,sc-sec,2026-09-06T15:28:42+00:00
2024,SC,45071,Newberry County,2024-09-26,40,1,,1,,,,,,1,sc-sec,2026-09-06T15:28:42+00:00
2024,SC,45071,Newberry County,2024-10-01,35,5,,5,,,,,,1,sc-sec,2026-09-06T15:28:42+00:00
2024,SC,45071,Newberry County,2024-10-02,34,5,,5,,,,,,1,sc-sec,2026-09-06T15:28:42+00:00
2024,SC,45071,Newberry County,2024-10-03,33,5,,5,,,,,,1,sc-sec,2026-09-06T15:28:42+00:00
2024,SC,45071,Newberry County,2024-10-04,32,5,,5,,,,,,1,sc-sec,2026-09-06T15:28:42+00:00
2024,SC,45071,Newberry County,2024-10-09,27,31,,31,,,,,,1,sc-sec,2026-09-06T15:28:42+00:00
2024,SC,45071,Newberry County,2024-10-10,26,52,,52,,,,,,1,sc-sec,2026-09-06T15:28:42+00:00
2024,SC,45071,Newberry County,2024-10-11,25,70,,70,,,,,,1,sc-sec,2026-09-06T15:28:42+00:00
2024,SC,45071,Newberry County,2024-10-14,22,95,,95,,,,,,1,sc-sec,2026-09-06T15:28:42+00:00
2024,SC,45071,Newberry County,2024-10-15,21,95,,95,,,,,,1,sc-sec,2026-09-06T15:28:42+00:00
2024,SC,45071,Newberry County,2024-10-16,20,128,,128,,,,,,1,sc-sec,2026-09-06T15:28:42+00:00
2024,SC,45071,Newberry County,2024-10-17,19,140,,140,,,,,,1,sc-sec,2026-09-06T15:28:42+00:00
2024,SC,45071,Newberry County,2024-10-18,18,146,,146,,,,,,1,sc-sec,2026-09-06T15:28:42+00:00
2024,SC,45071,Newberry County,2024-10-21,15,1096,,195,901,,,,,1,sc-sec,2026-09-06T15:28:42+00:00
2024,SC,45071,Newberry County,2024-10-22,14,2014,,232,1782,,,,,1,sc-sec,2026-09-06T15:28:42+00:00
2024,SC,45071,Newberry County,2024-10-23,13,2924,,248,2676,,,,,1,sc-sec,2026-09-06T15:28:42+00:00
2024,SC,45071,Newberry County,2024-10-24,12,3788,,276,3512,,,,,1,sc-sec,2026-09-06T15:28:42+00:00
2024,SC,45071,Newberry County,2024-10-25,11,4703,,295,4408,,,,,1,sc-sec,2026-09-06T15:28:42+00:00
2024,SC,45071,Newberry County,2024-10-26,10,5137,,318,4819,,,,,1,sc-sec,2026-09-06T15:28:42+00:00
2024,SC,45071,Newberry County,2024-10-27,9,5141,,322,4819,,,,,1,sc-sec,2026-09-06T15:28:42+00:00
2024,SC,45071,Newberry County,2024-10-28,8,5945,,331,5614,,,,,1,sc-sec,2026-09-06T15:28:42+00:00
2024,SC,45071,Newberry County,2024-10-29,7,6726,,357,6369,,,,,1,sc-sec,2026-09-06T15:28:42+00:00
2024,SC,45071,Newberry County,2024-10-30,6,7440,,364,7076,,,,,1,sc-sec,2026-09-06T15:28:42+00:00
2024,SC,45071,Newberry County,2024-10-31,5,8125,,368,7757,,,,,1,sc-sec,2026-09-06T15:28:42+00:00
2024,SC,45071,Newberry County,2024-11-01,4,8972,,371,8601,,,,,1,sc-sec,2026-09-06T15:28:42+00:00
2024,SC,45071,Newberry County,2024-11-02,3,9601,,389,9212,,,,,1,sc-sec,2026-09-06T15:28:42+00:00
2024,SC,45071,Newberry County,2024-11-03,2,9601,,389,9212,,,,,1,sc-sec,2026-09-06T15:28:42+00:00
2024,SC,45071,Newberry County,2024-11-04,1,9613,,401,9212,,,,,1,sc-sec,2026-09-06T15:28:42+00:00
2024,SC,45071,Newberry County,2024-11-05,0,9625,,413,9212,,,,,1,sc-sec,2026-09-06T15:28:42+00:00
2024,SC,45073,Oconee County,2024-09-24,42,26,,26,,,,,,1,sc-sec,2026-09-06T15:28:42+00:00
2024,SC,45073,Oconee County,2024-09-25,41,26,,26,,,,,,1,sc-sec,2026-09-06T15:28:42+00:00
2024,SC,45073,Oconee County,2024-09-26,40,30,,30,,,,,,1,sc-sec,2026-09-06T15:28:42+00:00
2024,SC,45073,Oconee County,2024-10-01,35,37,,37,,,,,,1,sc-sec,2026-09-06T15:28:42+00:00
2024,SC,45073,Oconee County,2024-10-02,34,43,,43,,,,,,1,sc-sec,2026-09-06T15:28:42+00:00
2024,SC,45073,Oconee County,2024-10-03,33,43,,43,,,,,,1,sc-sec,2026-09-06T15:28:42+00:00
2024,SC,45073,Oconee County,2024-10-04,32,46,,46,,,,,,1,sc-sec,2026-09-06T15:28:42+00:00
2024,SC,45073,Oconee County,2024-10-09,27,94,,94,,,,,,1,sc-sec,2026-09-06T15:28:42+00:00
2024,SC,45073,Oconee County,2024-10-10,26,169,,169,,,,,,1,sc-sec,2026-09-06T15:28:42+00:00
2024,SC,45073,Oconee County,2024-10-11,25,281,,281,,,,,,1,sc-sec,2026-09-06T15:28:42+00:00
2024,SC,45073,Oconee County,2024-10-14,22,316,,316,,,,,,1,sc-sec,2026-09-06T15:28:42+00:00
2024,SC,45073,Oconee County,2024-10-15,21,316,,316,,,,,,1,sc-sec,2026-09-06T15:28:42+00:00
2024,SC,45073,Oconee County,2024-10-16,20,533,,533,,,,,,1,sc-sec,2026-09-06T15:28:42+00:00
2024,SC,45073,Oconee County,2024-10-17,19,628,,628,,,,,,1,sc-sec,2026-09-06T15:28:42+00:00
2024,SC,45073,Oconee County,2024-10-18,18,799,,799,,,,,,1,sc-sec,2026-09-06T15:28:42+00:00
2024,SC,45073,Oconee County,2024-10-21,15,3045,,956,2089,,,,,1,sc-sec,2026-09-06T15:28:42+00:00
2024,SC,45073,Oconee County,2024-10-22,14,5288,,1153,4135,,,,,1,sc-sec,2026-09-06T15:28:42+00:00
2024,SC,45073,Oconee County,2024-10-23,13,7521,,1228,6293,,,,,1,sc-sec,2026-09-06T15:28:42+00:00
2024,SC,45073,Oconee County,2024-10-24,12,9812,,1337,8475,,,,,1,sc-sec,2026-09-06T15:28:42+00:00
2024,SC,45073,Oconee County,2024-10-25,11,12190,,1439,10751,,,,,1,sc-sec,2026-09-06T15:28:42+00:00
2024,SC,45073,Oconee County,2024-10-26,10,13323,,1576,11747,,,,,1,sc-sec,2026-09-06T15:28:42+00:00
2024,SC,45073,Oconee County,2024-10-27,9,13386,,1639,11747,,,,,1,sc-sec,2026-09-06T15:28:42+00:00
2024,SC,45073,Oconee County,2024-10-28,8,15558,,1639,13919,,,,,1,sc-sec,2026-09-06T15:28:42+00:00
2024,SC,45073,Oconee County,2024-10-29,7,17585,,1692,15893,,,,,1,sc-sec,2026-09-06T15:28:42+00:00
2024,SC,45073,Oconee County,2024-10-30,6,19568,,1792,17776,,,,,1,sc-sec,2026-09-06T15:28:42+00:00
2024,SC,45073,Oconee County,2024-10-31,5,21291,,1878,19413,,,,,1,sc-sec,2026-09-06T15:28:42+00:00
2024,SC,45073,Oconee County,2024-11-01,4,23393,,1941,21452,,,,,1,sc-sec,2026-09-06T15:28:42+00:00
2024,SC,45073,Oconee County,2024-11-02,3,24938,,1983,22955,,,,,1,sc-sec,2026-09-06T15:28:42+00:00
2024,SC,45073,Oconee County,2024-11-03,2,24938,,1983,22955,,,,,1,sc-sec,2026-09-06T15:28:42+00:00
2024,SC,45073,Oconee County,2024-11-04,1,25006,,2051,22955,,,,,1,sc-sec,2026-09-06T15:28:42+00:00
2024,SC,45073,Oconee County,2024-11-05,0,25045,,2090,22955,,,,,1,sc-sec,2026-09-06T15:28:42+00:00
2024,SC,45075,Orangeburg County,2024-09-24,42,0,,0,,,,,,1,sc-sec,2026-09-06T15:28:42+00:00
2024,SC,45075,Orangeburg County,2024-09-25,41,0,,0,,,,,,1,sc-sec,2026-09-06T15:28:42+00:00
2024,SC,45075,Orangeburg County,2024-09-26,40,0,,0,,,,,,1,sc-sec,2026-09-06T15:28:42+00:00
2024,SC,45075,Orangeburg County,2024-10-01,35,0,,0,,,,,,1,sc-sec,2026-09-06T15:28:42+00:00
2024,SC,45075,Orangeburg County,2024-10-02,34,1,,1,,,,,,1,sc-sec,2026-09-06T15:28:42+00:00
2024,SC,45075,Orangeburg County,2024-10-03,33,1,,1,,,,,,1,sc-sec,2026-09-06T15:28:42+00:00
2024,SC,45075,Orangeburg County,2024-10-04,32,1,,1,,,,,,1,sc-sec,2026-09-06T15:28:42+00:00
2024,SC,45075,Orangeburg County,2024-10-09,27,1,,1,,,,,,1,sc-sec,2026-09-06T15:28:42+00:00
2024,SC,45075,Orangeburg County,2024-10-10,26,1,,1,,,,,,1,sc-sec,2026-09-06T15:28:42+00:00
2024,SC,45075,Orangeburg County,2024-10-11,25,2,,2,,,,,,1,sc-sec,2026-09-06T15:28:42+00:00
2024,SC,45075,Orangeburg County,2024-10-14,22,7,,7,,,,,,1,sc-sec,2026-09-06T15:28:42+00:00
2024,SC,45075,Orangeburg County,2024-10-15,21,7,,7,,,,,,1,sc-sec,2026-09-06T15:28:42+00:00
2024,SC,45075,Orangeburg County,2024-10-16,20,185,,185,,,,,,1,sc-sec,2026-09-06T15:28:42+00:00
2024,SC,45075,Orangeburg County,2024-10-17,19,208,,208,,,,,,1,sc-sec,2026-09-06T15:28:42+00:00
2024,SC,45075,Orangeburg County,2024-10-18,18,760,,760,,,,,,1,sc-sec,2026-09-06T15:28:42+00:00
2024,SC,45075,Orangeburg County,2024-10-21,15,2739,,920,1819,,,,,1,sc-sec,2026-09-06T15:28:42+00:00
2024,SC,45075,Orangeburg County,2024-10-22,14,4790,,1166,3624,,,,,1,sc-sec,2026-09-06T15:28:42+00:00
2024,SC,45075,Orangeburg County,2024-10-23,13,6605,,1219,5386,,,,,1,sc-sec,2026-09-06T15:28:42+00:00
2024,SC,45075,Orangeburg County,2024-10-24,12,8368,,1360,7008,,,,,1,sc-sec,2026-09-06T15:28:42+00:00
2024,SC,45075,Orangeburg County,2024-10-25,11,10280,,1496,8784,,,,,1,sc-sec,2026-09-06T15:28:42+00:00
2024,SC,45075,Orangeburg County,2024-10-26,10,11317,,1688,9629,,,,,1,sc-sec,2026-09-06T15:28:42+00:00
2024,SC,45075,Orangeburg County,2024-10-27,9,11318,,1689,9629,,,,,1,sc-sec,2026-09-06T15:28:42+00:00
2024,SC,45075,Orangeburg County,2024-10-28,8,13012,,1689,11323,,,,,1,sc-sec,2026-09-06T15:28:42+00:00
2024,SC,45075,Orangeburg County,2024-10-29,7,14754,,1890,12864,,,,,1,sc-sec,2026-09-06T15:28:42+00:00
2024,SC,45075,Orangeburg County,2024-10-30,6,16411,,2020,14391,,,,,1,sc-sec,2026-09-06T15:28:42+00:00
2024,SC,45075,Orangeburg County,2024-10-31,5,17998,,2118,15880,,,,,1,sc-sec,2026-09-06T15:28:42+00:00
2024,SC,45075,Orangeburg County,2024-11-01,4,19733,,2123,17610,,,,,1,sc-sec,2026-09-06T15:28:42+00:00
2024,SC,45075,Orangeburg County,2024-11-02,3,21479,,2251,19228,,,,,1,sc-sec,2026-09-06T15:28:42+00:00
2024,SC,45075,Orangeburg County,2024-11-03,2,21541,,2313,19228,,,,,1,sc-sec,2026-09-06T15:28:42+00:00
2024,SC,45075,Orangeburg County,2024-11-04,1,21594,,2366,19228,,,,,1,sc-sec,2026-09-06T15:28:42+00:00
2024,SC,45075,Orangeburg County,2024-11-05,0,21696,,2468,19228,,,,,1,sc-sec,2026-09-06T15:28:42+00:00
2024,SC,45077,Pickens County,2024-09-24,42,0,,0,,,,,,1,sc-sec,2026-09-06T15:28:42+00:00
2024,SC,45077,Pickens County,2024-09-25,41,38,,38,,,,,,1,sc-sec,2026-09-06T15:28:42+00:00
2024,SC,45077,Pickens County,2024-09-26,40,43,,43,,,,,,1,sc-sec,2026-09-06T15:28:42+00:00
2024,SC,45077,Pickens County,2024-10-01,35,43,,43,,,,,,1,sc-sec,2026-09-06T15:28:42+00:00
2024,SC,45077,Pickens County,2024-10-02,34,62,,62,,,,,,1,sc-sec,2026-09-06T15:28:42+00:00
2024,SC,45077,Pickens County,2024-10-03,33,66,,66,,,,,,1,sc-sec,2026-09-06T15:28:42+00:00
2024,SC,45077,Pickens County,2024-10-04,32,70,,70,,,,,,1,sc-sec,2026-09-06T15:28:42+00:00
2024,SC,45077,Pickens County,2024-10-09,27,88,,88,,,,,,1,sc-sec,2026-09-06T15:28:42+00:00
2024,SC,45077,Pickens County,2024-10-10,26,105,,105,,,,,,1,sc-sec,2026-09-06T15:28:42+00:00
2024,SC,45077,Pickens County,2024-10-11,25,150,,150,,,,,,1,sc-sec,2026-09-06T15:28:42+00:00
2024,SC,45077,Pickens County,2024-10-14,22,258,,258,,,,,,1,sc-sec,2026-09-06T15:28:42+00:00
2024,SC,45077,Pickens County,2024-10-15,21,262,,262,,,,,,1,sc-sec,2026-09-06T15:28:42+00:00
2024,SC,45077,Pickens County,2024-10-16,20,341,,341,,,,,,1,sc-sec,2026-09-06T15:28:42+00:00
2024,SC,45077,Pickens County,2024-10-17,19,373,,373,,,,,,1,sc-sec,2026-09-06T15:28:42+00:00
2024,SC,45077,Pickens County,2024-10-18,18,512,,512,,,,,,1,sc-sec,2026-09-06T15:28:42+00:00
2024,SC,45077,Pickens County,2024-10-21,15,3908,,642,3266,,,,,1,sc-sec,2026-09-06T15:28:42+00:00
2024,SC,45077,Pickens County,2024-10-22,14,7676,,792,6884,,,,,1,sc-sec,2026-09-06T15:28:42+00:00
2024,SC,45077,Pickens County,2024-10-23,13,11215,,861,10354,,,,,1,sc-sec,2026-09-06T15:28:42+00:00
2024,SC,45077,Pickens County,2024-10-24,12,14720,,937,13783,,,,,1,sc-sec,2026-09-06T15:28:42+00:00
2024,SC,45077,Pickens County,2024-10-25,11,18589,,1009,17580,,,,,1,sc-sec,2026-09-06T15:28:42+00:00
2024,SC,45077,Pickens County,2024-10-26,10,20620,,1076,19544,,,,,1,sc-sec,2026-09-06T15:28:42+00:00
2024,SC,45077,Pickens County,2024-10-27,9,20621,,1077,19544,,,,,1,sc-sec,2026-09-06T15:28:42+00:00
2024,SC,45077,Pickens County,2024-10-28,8,23803,,1078,22725,,,,,1,sc-sec,2026-09-06T15:28:42+00:00
2024,SC,45077,Pickens County,2024-10-29,7,26931,,1134,25797,,,,,1,sc-sec,2026-09-06T15:28:42+00:00
2024,SC,45077,Pickens County,2024-10-30,6,29770,,1188,28582,,,,,1,sc-sec,2026-09-06T15:28:42+00:00
2024,SC,45077,Pickens County,2024-10-31,5,32324,,1283,31041,,,,,1,sc-sec,2026-09-06T15:28:42+00:00
2024,SC,45077,Pickens County,2024-11-01,4,35820,,1344,34476,,,,,1,sc-sec,2026-09-06T15:28:42+00:00
2024,SC,45077,Pickens County,2024-11-02,3,38874,,1431,37443,,,,,1,sc-sec,2026-09-06T15:28:42+00:00
2024,SC,45077,Pickens County,2024-11-03,2,38877,,1434,37443,,,,,1,sc-sec,2026-09-06T15:28:42+00:00
2024,SC,45077,Pickens County,2024-11-04,1,38934,,1491,37443,,,,,1,sc-sec,2026-09-06T15:28:42+00:00
2024,SC,45077,Pickens County,2024-11-05,0,38996,,1553,37443,,,,,1,sc-sec,2026-09-06T15:28:42+00:00
2024,SC,45079,Richland County,2024-09-24,42,0,,0,,,,,,1,sc-sec,2026-09-06T15:28:42+00:00
2024,SC,45079,Richland County,2024-09-25,41,127,,127,,,,,,1,sc-sec,2026-09-06T15:28:42+00:00
2024,SC,45079,Richland County,2024-09-26,40,164,,164,,,,,,1,sc-sec,2026-09-06T15:28:42+00:00
2024,SC,45079,Richland County,2024-10-01,35,211,,211,,,,,,1,sc-sec,2026-09-06T15:28:42+00:00
2024,SC,45079,Richland County,2024-10-02,34,223,,223,,,,,,1,sc-sec,2026-09-06T15:28:42+00:00
2024,SC,45079,Richland County,2024-10-03,33,223,,223,,,,,,1,sc-sec,2026-09-06T15:28:42+00:00
2024,SC,45079,Richland County,2024-10-04,32,223,,223,,,,,,1,sc-sec,2026-09-06T15:28:42+00:00
2024,SC,45079,Richland County,2024-10-09,27,354,,354,,,,,,1,sc-sec,2026-09-06T15:28:42+00:00
2024,SC,45079,Richland County,2024-10-10,26,516,,516,,,,,,1,sc-sec,2026-09-06T15:28:42+00:00
2024,SC,45079,Richland County,2024-10-11,25,574,,574,,,,,,1,sc-sec,2026-09-06T15:28:42+00:00
2024,SC,45079,Richland County,2024-10-14,22,862,,862,,,,,,1,sc-sec,2026-09-06T15:28:42+00:00
2024,SC,45079,Richland County,2024-10-15,21,1073,,1073,,,,,,1,sc-sec,2026-09-06T15:28:42+00:00
2024,SC,45079,Richland County,2024-10-16,20,2081,,2081,,,,,,1,sc-sec,2026-09-06T15:28:42+00:00
2024,SC,45079,Richland County,2024-10-17,19,2225,,2225,,,,,,1,sc-sec,2026-09-06T15:28:42+00:00
2024,SC,45079,Richland County,2024-10-18,18,3026,,3026,,,,,,1,sc-sec,2026-09-06T15:28:42+00:00
2024,SC,45079,Richland County,2024-10-21,15,12419,,3593,8826,,,,,1,sc-sec,2026-09-06T15:28:42+00:00
2024,SC,45079,Richland County,2024-10-22,14,22554,,4477,18077,,,,,1,sc-sec,2026-09-06T15:28:42+00:00
2024,SC,45079,Richland County,2024-10-23,13,32210,,4636,27574,,,,,1,sc-sec,2026-09-06T15:28:42+00:00
2024,SC,45079,Richland County,2024-10-24,12,42246,,5128,37118,,,,,1,sc-sec,2026-09-06T15:28:42+00:00
2024,SC,45079,Richland County,2024-10-25,11,52947,,5816,47131,,,,,1,sc-sec,2026-09-06T15:28:42+00:00
2024,SC,45079,Richland County,2024-10-26,10,60808,,6159,54649,,,,,1,sc-sec,2026-09-06T15:28:42+00:00
2024,SC,45079,Richland County,2024-10-27,9,60985,,6336,54649,,,,,1,sc-sec,2026-09-06T15:28:42+00:00
2024,SC,45079,Richland County,2024-10-28,8,70904,,6336,64568,,,,,1,sc-sec,2026-09-06T15:28:42+00:00
2024,SC,45079,Richland County,2024-10-29,7,80684,,6795,73889,,,,,1,sc-sec,2026-09-06T15:28:42+00:00
2024,SC,45079,Richland County,2024-10-30,6,90252,,7416,82836,,,,,1,sc-sec,2026-09-06T15:28:42+00:00
2024,SC,45079,Richland County,2024-10-31,5,99350,,7990,91360,,,,,1,sc-sec,2026-09-06T15:28:42+00:00
2024,SC,45079,Richland County,2024-11-01,4,110149,,8280,101869,,,,,1,sc-sec,2026-09-06T15:28:42+00:00
2024,SC,45079,Richland County,2024-11-02,3,120091,,8516,111575,,,,,1,sc-sec,2026-09-06T15:28:42+00:00
2024,SC,45079,Richland County,2024-11-03,2,120233,,8658,111575,,,,,1,sc-sec,2026-09-06T15:28:42+00:00
2024,SC,45079,Richland County,2024-11-04,1,120517,,8942,111575,,,,,1,sc-sec,2026-09-06T15:28:42+00:00
2024,SC,45079,Richland County,2024-11-05,0,120801,,9226,111575,,,,,1,sc-sec,2026-09-06T15:28:42+00:00
2024,SC,45081,Saluda County,2024-09-24,42,0,,0,,,,,,1,sc-sec,2026-09-06T15:28:42+00:00
2024,SC,45081,Saluda County,2024-09-25,41,0,,0,,,,,,1,sc-sec,2026-09-06T15:28:42+00:00
2024,SC,45081,Saluda County,2024-09-26,40,0,,0,,,,,,1,sc-sec,2026-09-06T15:28:42+00:00
2024,SC,45081,Saluda County,2024-10-01,35,0,,0,,,,,,1,sc-sec,2026-09-06T15:28:42+00:00
2024,SC,45081,Saluda County,2024-10-02,34,0,,0,,,,,,1,sc-sec,2026-09-06T15:28:42+00:00
2024,SC,45081,Saluda County,2024-10-03,33,0,,0,,,,,,1,sc-sec,2026-09-06T15:28:42+00:00
2024,SC,45081,Saluda County,2024-10-04,32,0,,0,,,,,,1,sc-sec,2026-09-06T15:28:42+00:00
2024,SC,45081,Saluda County,2024-10-09,27,0,,0,,,,,,1,sc-sec,2026-09-06T15:28:42+00:00
2024,SC,45081,Saluda County,2024-10-10,26,0,,0,,,,,,1,sc-sec,2026-09-06T15:28:42+00:00
2024,SC,45081,Saluda County,2024-10-11,25,3,,3,,,,,,1,sc-sec,2026-09-06T15:28:42+00:00
2024,SC,45081,Saluda County,2024-10-14,22,3,,3,,,,,,1,sc-sec,2026-09-06T15:28:42+00:00
2024,SC,45081,Saluda County,2024-10-15,21,3,,3,,,,,,1,sc-sec,2026-09-06T15:28:42+00:00
2024,SC,45081,Saluda County,2024-10-16,20,3,,3,,,,,,1,sc-sec,2026-09-06T15:28:42+00:00
2024,SC,45081,Saluda County,2024-10-17,19,3,,3,,,,,,1,sc-sec,2026-09-06T15:28:42+00:00
2024,SC,45081,Saluda County,2024-10-18,18,9,,9,,,,,,1,sc-sec,2026-09-06T15:28:42+00:00
2024,SC,45081,Saluda County,2024-10-21,15,497,,19,478,,,,,1,sc-sec,2026-09-06T15:28:42+00:00
2024,SC,45081,Saluda County,2024-10-22,14,938,,34,904,,,,,1,sc-sec,2026-09-06T15:28:42+00:00
2024,SC,45081,Saluda County,2024-10-23,13,1347,,39,1308,,,,,1,sc-sec,2026-09-06T15:28:42+00:00
2024,SC,45081,Saluda County,2024-10-24,12,1741,,49,1692,,,,,1,sc-sec,2026-09-06T15:28:42+00:00
2024,SC,45081,Saluda County,2024-10-25,11,2186,,60,2126,,,,,1,sc-sec,2026-09-06T15:28:42+00:00
2024,SC,45081,Saluda County,2024-10-26,10,2363,,77,2286,,,,,1,sc-sec,2026-09-06T15:28:42+00:00
2024,SC,45081,Saluda County,2024-10-27,9,2370,,84,2286,,,,,1,sc-sec,2026-09-06T15:28:42+00:00
2024,SC,45081,Saluda County,2024-10-28,8,2797,,84,2713,,,,,1,sc-sec,2026-09-06T15:28:42+00:00
2024,SC,45081,Saluda County,2024-10-29,7,3155,,97,3058,,,,,1,sc-sec,2026-09-06T15:28:42+00:00
2024,SC,45081,Saluda County,2024-10-30,6,3521,,113,3408,,,,,1,sc-sec,2026-09-06T15:28:42+00:00
2024,SC,45081,Saluda County,2024-10-31,5,3832,,118,3714,,,,,1,sc-sec,2026-09-06T15:28:42+00:00
2024,SC,45081,Saluda County,2024-11-01,4,4274,,125,4149,,,,,1,sc-sec,2026-09-06T15:28:42+00:00
2024,SC,45081,Saluda County,2024-11-02,3,4617,,134,4483,,,,,1,sc-sec,2026-09-06T15:28:42+00:00
2024,SC,45081,Saluda County,2024-11-03,2,4622,,139,4483,,,,,1,sc-sec,2026-09-06T15:28:42+00:00
2024,SC,45081,Saluda County,2024-11-04,1,4627,,144,4483,,,,,1,sc-sec,2026-09-06T15:28:42+00:00
2024,SC,45081,Saluda County,2024-11-05,0,4638,,155,4483,,,,,1,sc-sec,2026-09-06T15:28:42+00:00
2024,SC,45083,Spartanburg County,2024-09-24,42,0,,0,,,,,,1,sc-sec,2026-09-06T15:28:42+00:00
2024,SC,45083,Spartanburg County,2024-09-25,41,0,,0,,,,,,1,sc-sec,2026-09-06T15:28:42+00:00
2024,SC,45083,Spartanburg County,2024-09-26,40,0,,0,,,,,,1,sc-sec,2026-09-06T15:28:42+00:00
2024,SC,45083,Spartanburg County,2024-10-01,35,0,,0,,,,,,1,sc-sec,2026-09-06T15:28:42+00:00
2024,SC,45083,Spartanburg County,2024-10-02,34,0,,0,,,,,,1,sc-sec,2026-09-06T15:28:42+00:00
2024,SC,45083,Spartanburg County,2024-10-03,33,0,,0,,,,,,1,sc-sec,2026-09-06T15:28:42+00:00
2024,SC,45083,Spartanburg County,2024-10-04,32,0,,0,,,,,,1,sc-sec,2026-09-06T15:28:42+00:00
2024,SC,45083,Spartanburg County,2024-10-09,27,12,,12,,,,,,1,sc-sec,2026-09-06T15:28:42+00:00
2024,SC,45083,Spartanburg County,2024-10-10,26,13,,13,,,,,,1,sc-sec,2026-09-06T15:28:42+00:00
2024,SC,45083,Spartanburg County,2024-10-11,25,20,,20,,,,,,1,sc-sec,2026-09-06T15:28:42+00:00
2024,SC,45083,Spartanburg County,2024-10-14,22,101,,101,,,,,,1,sc-sec,2026-09-06T15:28:42+00:00
2024,SC,45083,Spartanburg County,2024-10-15,21,101,,101,,,,,,1,sc-sec,2026-09-06T15:28:42+00:00
2024,SC,45083,Spartanburg County,2024-10-16,20,316,,316,,,,,,1,sc-sec,2026-09-06T15:28:42+00:00
2024,SC,45083,Spartanburg County,2024-10-17,19,707,,707,,,,,,1,sc-sec,2026-09-06T15:28:42+00:00
2024,SC,45083,Spartanburg County,2024-10-18,18,1023,,1023,,,,,,1,sc-sec,2026-09-06T15:28:42+00:00
2024,SC,45083,Spartanburg County,2024-10-21,15,7794,,1389,6405,,,,,1,sc-sec,2026-09-06T15:28:42+00:00
2024,SC,45083,Spartanburg County,2024-10-22,14,14704,,1890,12814,,,,,1,sc-sec,2026-09-06T15:28:42+00:00
2024,SC,45083,Spartanburg County,2024-10-23,13,21526,,2130,19396,,,,,1,sc-sec,2026-09-06T15:28:42+00:00
2024,SC,45083,Spartanburg County,2024-10-24,12,28330,,2397,25933,,,,,1,sc-sec,2026-09-06T15:28:42+00:00
2024,SC,45083,Spartanburg County,2024-10-25,11,35329,,2595,32734,,,,,1,sc-sec,2026-09-06T15:28:42+00:00
2024,SC,45083,Spartanburg County,2024-10-26,10,41417,,2842,38575,,,,,1,sc-sec,2026-09-06T15:28:42+00:00
2024,SC,45083,Spartanburg County,2024-10-27,9,41423,,2848,38575,,,,,1,sc-sec,2026-09-06T15:28:42+00:00
2024,SC,45083,Spartanburg County,2024-10-28,8,48499,,2848,45651,,,,,1,sc-sec,2026-09-06T15:28:42+00:00
2024,SC,45083,Spartanburg County,2024-10-29,7,55832,,3045,52787,,,,,1,sc-sec,2026-09-06T15:28:42+00:00
2024,SC,45083,Spartanburg County,2024-10-30,6,62942,,3255,59687,,,,,1,sc-sec,2026-09-06T15:28:42+00:00
2024,SC,45083,Spartanburg County,2024-10-31,5,70132,,3518,66614,,,,,1,sc-sec,2026-09-06T15:28:42+00:00
2024,SC,45083,Spartanburg County,2024-11-01,4,77876,,3749,74127,,,,,1,sc-sec,2026-09-06T15:28:42+00:00
2024,SC,45083,Spartanburg County,2024-11-02,3,85588,,3945,81643,,,,,1,sc-sec,2026-09-06T15:28:42+00:00
2024,SC,45083,Spartanburg County,2024-11-03,2,85789,,4146,81643,,,,,1,sc-sec,2026-09-06T15:28:42+00:00
2024,SC,45083,Spartanburg County,2024-11-04,1,85906,,4263,81643,,,,,1,sc-sec,2026-09-06T15:28:42+00:00
2024,SC,45083,Spartanburg County,2024-11-05,0,86214,,4571,81643,,,,,1,sc-sec,2026-09-06T15:28:42+00:00
2024,SC,45085,Sumter County,2024-09-24,42,15,,15,,,,,,1,sc-sec,2026-09-06T15:28:42+00:00
2024,SC,45085,Sumter County,2024-09-25,41,15,,15,,,,,,1,sc-sec,2026-09-06T15:28:42+00:00
2024,SC,45085,Sumter County,2024-09-26,40,26,,26,,,,,,1,sc-sec,2026-09-06T15:28:42+00:00
2024,SC,45085,Sumter County,2024-10-01,35,30,,30,,,,,,1,sc-sec,2026-09-06T15:28:42+00:00
2024,SC,45085,Sumter County,2024-10-02,34,31,,31,,,,,,1,sc-sec,2026-09-06T15:28:42+00:00
2024,SC,45085,Sumter County,2024-10-03,33,45,,45,,,,,,1,sc-sec,2026-09-06T15:28:42+00:00
2024,SC,45085,Sumter County,2024-10-04,32,49,,49,,,,,,1,sc-sec,2026-09-06T15:28:42+00:00
2024,SC,45085,Sumter County,2024-10-09,27,75,,75,,,,,,1,sc-sec,2026-09-06T15:28:42+00:00
2024,SC,45085,Sumter County,2024-10-10,26,80,,80,,,,,,1,sc-sec,2026-09-06T15:28:42+00:00
2024,SC,45085,Sumter County,2024-10-11,25,86,,86,,,,,,1,sc-sec,2026-09-06T15:28:42+00:00
2024,SC,45085,Sumter County,2024-10-14,22,179,,179,,,,,,1,sc-sec,2026-09-06T15:28:42+00:00
2024,SC,45085,Sumter County,2024-10-15,21,190,,190,,,,,,1,sc-sec,2026-09-06T15:28:42+00:00
2024,SC,45085,Sumter County,2024-10-16,20,336,,336,,,,,,1,sc-sec,2026-09-06T15:28:42+00:00
2024,SC,45085,Sumter County,2024-10-17,19,402,,402,,,,,,1,sc-sec,2026-09-06T15:28:42+00:00
2024,SC,45085,Sumter County,2024-10-18,18,450,,450,,,,,,1,sc-sec,2026-09-06T15:28:42+00:00
2024,SC,45085,Sumter County,2024-10-21,15,3171,,509,2662,,,,,1,sc-sec,2026-09-06T15:28:42+00:00
2024,SC,45085,Sumter County,2024-10-22,14,5756,,547,5209,,,,,1,sc-sec,2026-09-06T15:28:42+00:00
2024,SC,45085,Sumter County,2024-10-23,13,8256,,658,7598,,,,,1,sc-sec,2026-09-06T15:28:42+00:00
2024,SC,45085,Sumter County,2024-10-24,12,10671,,759,9912,,,,,1,sc-sec,2026-09-06T15:28:42+00:00
2024,SC,45085,Sumter County,2024-10-25,11,13177,,813,12364,,,,,1,sc-sec,2026-09-06T15:28:42+00:00
2024,SC,45085,Sumter County,2024-10-26,10,14690,,902,13788,,,,,1,sc-sec,2026-09-06T15:28:42+00:00
2024,SC,45085,Sumter County,2024-10-27,9,14726,,938,13788,,,,,1,sc-sec,2026-09-06T15:28:42+00:00
2024,SC,45085,Sumter County,2024-10-28,8,16826,,939,15887,,,,,1,sc-sec,2026-09-06T15:28:42+00:00
2024,SC,45085,Sumter County,2024-10-29,7,18936,,1068,17868,,,,,1,sc-sec,2026-09-06T15:28:42+00:00
2024,SC,45085,Sumter County,2024-10-30,6,20879,,1114,19765,,,,,1,sc-sec,2026-09-06T15:28:42+00:00
2024,SC,45085,Sumter County,2024-10-31,5,22690,,1190,21500,,,,,1,sc-sec,2026-09-06T15:28:42+00:00
2024,SC,45085,Sumter County,2024-11-01,4,25153,,1267,23886,,,,,1,sc-sec,2026-09-06T15:28:42+00:00
2024,SC,45085,Sumter County,2024-11-02,3,27555,,1381,26174,,,,,1,sc-sec,2026-09-06T15:28:42+00:00
2024,SC,45085,Sumter County,2024-11-03,2,27811,,1637,26174,,,,,1,sc-sec,2026-09-06T15:28:42+00:00
2024,SC,45085,Sumter County,2024-11-04,1,28454,,2280,26174,,,,,1,sc-sec,2026-09-06T15:28:42+00:00
2024,SC,45085,Sumter County,2024-11-05,0,28557,,2383,26174,,,,,1,sc-sec,2026-09-06T15:28:42+00:00
2024,SC,45087,Union County,2024-09-24,42,1,,1,,,,,,1,sc-sec,2026-09-06T15:28:42+00:00
2024,SC,45087,Union County,2024-09-25,41,1,,1,,,,,,1,sc-sec,2026-09-06T15:28:42+00:00
2024,SC,45087,Union County,2024-09-26,40,3,,3,,,,,,1,sc-sec,2026-09-06T15:28:42+00:00
2024,SC,45087,Union County,2024-10-01,35,3,,3,,,,,,1,sc-sec,2026-09-06T15:28:42+00:00
2024,SC,45087,Union County,2024-10-02,34,3,,3,,,,,,1,sc-sec,2026-09-06T15:28:42+00:00
2024,SC,45087,Union County,2024-10-03,33,3,,3,,,,,,1,sc-sec,2026-09-06T15:28:42+00:00
2024,SC,45087,Union County,2024-10-04,32,3,,3,,,,,,1,sc-sec,2026-09-06T15:28:42+00:00
2024,SC,45087,Union County,2024-10-09,27,3,,3,,,,,,1,sc-sec,2026-09-06T15:28:42+00:00
2024,SC,45087,Union County,2024-10-10,26,3,,3,,,,,,1,sc-sec,2026-09-06T15:28:42+00:00
2024,SC,45087,Union County,2024-10-11,25,5,,5,,,,,,1,sc-sec,2026-09-06T15:28:42+00:00
2024,SC,45087,Union County,2024-10-14,22,5,,5,,,,,,1,sc-sec,2026-09-06T15:28:42+00:00
2024,SC,45087,Union County,2024-10-15,21,5,,5,,,,,,1,sc-sec,2026-09-06T15:28:42+00:00
2024,SC,45087,Union County,2024-10-16,20,15,,15,,,,,,1,sc-sec,2026-09-06T15:28:42+00:00
2024,SC,45087,Union County,2024-10-17,19,27,,27,,,,,,1,sc-sec,2026-09-06T15:28:42+00:00
2024,SC,45087,Union County,2024-10-18,18,31,,31,,,,,,1,sc-sec,2026-09-06T15:28:42+00:00
2024,SC,45087,Union County,2024-10-21,15,723,,40,683,,,,,1,sc-sec,2026-09-06T15:28:42+00:00
2024,SC,45087,Union County,2024-10-22,14,1351,,97,1254,,,,,1,sc-sec,2026-09-06T15:28:42+00:00
2024,SC,45087,Union County,2024-10-23,13,1941,,98,1843,,,,,1,sc-sec,2026-09-06T15:28:42+00:00
2024,SC,45087,Union County,2024-10-24,12,2446,,115,2331,,,,,1,sc-sec,2026-09-06T15:28:42+00:00
2024,SC,45087,Union County,2024-10-25,11,2962,,118,2844,,,,,1,sc-sec,2026-09-06T15:28:42+00:00
2024,SC,45087,Union County,2024-10-26,10,3230,,130,3100,,,,,1,sc-sec,2026-09-06T15:28:42+00:00
2024,SC,45087,Union County,2024-10-27,9,3234,,134,3100,,,,,1,sc-sec,2026-09-06T15:28:42+00:00
2024,SC,45087,Union County,2024-10-28,8,3757,,134,3623,,,,,1,sc-sec,2026-09-06T15:28:42+00:00
2024,SC,45087,Union County,2024-10-29,7,4251,,146,4105,,,,,1,sc-sec,2026-09-06T15:28:42+00:00
2024,SC,45087,Union County,2024-10-30,6,4706,,150,4556,,,,,1,sc-sec,2026-09-06T15:28:42+00:00
2024,SC,45087,Union County,2024-10-31,5,5160,,171,4989,,,,,1,sc-sec,2026-09-06T15:28:42+00:00
2024,SC,45087,Union County,2024-11-01,4,5728,,175,5553,,,,,1,sc-sec,2026-09-06T15:28:42+00:00
2024,SC,45087,Union County,2024-11-02,3,6243,,184,6059,,,,,1,sc-sec,2026-09-06T15:28:42+00:00
2024,SC,45087,Union County,2024-11-03,2,6249,,190,6059,,,,,1,sc-sec,2026-09-06T15:28:42+00:00
2024,SC,45087,Union County,2024-11-04,1,6253,,194,6059,,,,,1,sc-sec,2026-09-06T15:28:42+00:00
2024,SC,45087,Union County,2024-11-05,0,6261,,202,6059,,,,,1,sc-sec,2026-09-06T15:28:42+00:00
2024,SC,45089,Williamsburg County,2024-09-24,42,0,,0,,,,,,1,sc-sec,2026-09-06T15:28:42+00:00
2024,SC,45089,Williamsburg County,2024-09-25,41,0,,0,,,,,,1,sc-sec,2026-09-06T15:28:42+00:00
2024,SC,45089,Williamsburg County,2024-09-26,40,0,,0,,,,,,1,sc-sec,2026-09-06T15:28:42+00:00
2024,SC,45089,Williamsburg County,2024-10-01,35,0,,0,,,,,,1,sc-sec,2026-09-06T15:28:42+00:00
2024,SC,45089,Williamsburg County,2024-10-02,34,0,,0,,,,,,1,sc-sec,2026-09-06T15:28:42+00:00
2024,SC,45089,Williamsburg County,2024-10-03,33,0,,0,,,,,,1,sc-sec,2026-09-06T15:28:42+00:00
2024,SC,45089,Williamsburg County,2024-10-04,32,0,,0,,,,,,1,sc-sec,2026-09-06T15:28:42+00:00
2024,SC,45089,Williamsburg County,2024-10-09,27,0,,0,,,,,,1,sc-sec,2026-09-06T15:28:42+00:00
2024,SC,45089,Williamsburg County,2024-10-10,26,0,,0,,,,,,1,sc-sec,2026-09-06T15:28:42+00:00
2024,SC,45089,Williamsburg County,2024-10-11,25,2,,2,,,,,,1,sc-sec,2026-09-06T15:28:42+00:00
2024,SC,45089,Williamsburg County,2024-10-14,22,6,,6,,,,,,1,sc-sec,2026-09-06T15:28:42+00:00
2024,SC,45089,Williamsburg County,2024-10-15,21,7,,7,,,,,,1,sc-sec,2026-09-06T15:28:42+00:00
2024,SC,45089,Williamsburg County,2024-10-16,20,35,,35,,,,,,1,sc-sec,2026-09-06T15:28:42+00:00
2024,SC,45089,Williamsburg County,2024-10-17,19,39,,39,,,,,,1,sc-sec,2026-09-06T15:28:42+00:00
2024,SC,45089,Williamsburg County,2024-10-18,18,63,,63,,,,,,1,sc-sec,2026-09-06T15:28:42+00:00
2024,SC,45089,Williamsburg County,2024-10-21,15,1062,,85,977,,,,,1,sc-sec,2026-09-06T15:28:42+00:00
2024,SC,45089,Williamsburg County,2024-10-22,14,1921,,149,1772,,,,,1,sc-sec,2026-09-06T15:28:42+00:00
2024,SC,45089,Williamsburg County,2024-10-23,13,2686,,155,2531,,,,,1,sc-sec,2026-09-06T15:28:42+00:00
2024,SC,45089,Williamsburg County,2024-10-24,12,3349,,178,3171,,,,,1,sc-sec,2026-09-06T15:28:42+00:00
2024,SC,45089,Williamsburg County,2024-10-25,11,4030,,191,3839,,,,,1,sc-sec,2026-09-06T15:28:42+00:00
2024,SC,45089,Williamsburg County,2024-10-26,10,4402,,210,4192,,,,,1,sc-sec,2026-09-06T15:28:42+00:00
2024,SC,45089,Williamsburg County,2024-10-27,9,4404,,212,4192,,,,,1,sc-sec,2026-09-06T15:28:42+00:00
2024,SC,45089,Williamsburg County,2024-10-28,8,5060,,215,4845,,,,,1,sc-sec,2026-09-06T15:28:42+00:00
2024,SC,45089,Williamsburg County,2024-10-29,7,5660,,245,5415,,,,,1,sc-sec,2026-09-06T15:28:42+00:00
2024,SC,45089,Williamsburg County,2024-10-30,6,6178,,278,5900,,,,,1,sc-sec,2026-09-06T15:28:42+00:00
2024,SC,45089,Williamsburg County,2024-10-31,5,6707,,298,6409,,,,,1,sc-sec,2026-09-06T15:28:42+00:00
2024,SC,45089,Williamsburg County,2024-11-01,4,7384,,320,7064,,,,,1,sc-sec,2026-09-06T15:28:42+00:00
2024,SC,45089,Williamsburg County,2024-11-02,3,8020,,329,7691,,,,,1,sc-sec,2026-09-06T15:28:42+00:00
2024,SC,45089,Williamsburg County,2024-11-03,2,8021,,330,7691,,,,,1,sc-sec,2026-09-06T15:28:42+00:00
2024,SC,45089,Williamsburg County,2024-11-04,1,8023,,332,7691,,,,,1,sc-sec,2026-09-06T15:28:42+00:00
2024,SC,45089,Williamsburg County,2024-11-05,0,8069,,378,7691,,,,,1,sc-sec,2026-09-06T15:28:42+00:00
2024,SC,45091,York County,2024-09-24,42,0,,0,,,,,,1,sc-sec,2026-09-06T15:28:42+00:00
2024,SC,45091,York County,2024-09-25,41,99,,99,,,,,,1,sc-sec,2026-09-06T15:28:42+00:00
2024,SC,45091,York County,2024-09-26,40,99,,99,,,,,,1,sc-sec,2026-09-06T15:28:42+00:00
2024,SC,45091,York County,2024-10-01,35,110,,110,,,,,,1,sc-sec,2026-09-06T15:28:42+00:00
2024,SC,45091,York County,2024-10-02,34,110,,110,,,,,,1,sc-sec,2026-09-06T15:28:42+00:00
2024,SC,45091,York County,2024-10-03,33,111,,111,,,,,,1,sc-sec,2026-09-06T15:28:42+00:00
2024,SC,45091,York County,2024-10-04,32,163,,163,,,,,,1,sc-sec,2026-09-06T15:28:42+00:00
2024,SC,45091,York County,2024-10-09,27,689,,689,,,,,,1,sc-sec,2026-09-06T15:28:42+00:00
2024,SC,45091,York County,2024-10-10,26,1392,,1392,,,,,,1,sc-sec,2026-09-06T15:28:42+00:00
2024,SC,45091,York County,2024-10-11,25,1673,,1673,,,,,,1,sc-sec,2026-09-06T15:28:42+00:00
2024,SC,45091,York County,2024-10-14,22,1690,,1690,,,,,,1,sc-sec,2026-09-06T15:28:42+00:00
2024,SC,45091,York County,2024-10-15,21,1887,,1887,,,,,,1,sc-sec,2026-09-06T15:28:42+00:00
2024,SC,45091,York County,2024-10-16,20,2241,,2241,,,,,,1,sc-sec,2026-09-06T15:28:42+00:00
2024,SC,45091,York County,2024-10-17,19,2271,,2271,,,,,,1,sc-sec,2026-09-06T15:28:42+00:00
2024,SC,45091,York County,2024-10-18,18,2629,,2629,,,,,,1,sc-sec,2026-09-06T15:28:42+00:00
2024,SC,45091,York County,2024-10-21,15,11730,,2872,8858,,,,,1,sc-sec,2026-09-06T15:28:42+00:00
2024,SC,45091,York County,2024-10-22,14,21164,,3264,17900,,,,,1,sc-sec,2026-09-06T15:28:42+00:00
2024,SC,45091,York County,2024-10-23,13,30366,,3380,26986,,,,,1,sc-sec,2026-09-06T15:28:42+00:00
2024,SC,45091,York County,2024-10-24,12,39589,,3694,35895,,,,,1,sc-sec,2026-09-06T15:28:42+00:00
2024,SC,45091,York County,2024-10-25,11,49473,,4025,45448,,,,,1,sc-sec,2026-09-06T15:28:42+00:00
2024,SC,45091,York County,2024-10-26,10,56420,,4285,52135,,,,,1,sc-sec,2026-09-06T15:28:42+00:00
2024,SC,45091,York County,2024-10-27,9,56546,,4411,52135,,,,,1,sc-sec,2026-09-06T15:28:42+00:00
2024,SC,45091,York County,2024-10-28,8,65176,,4414,60762,,,,,1,sc-sec,2026-09-06T15:28:42+00:00
2024,SC,45091,York County,2024-10-29,7,72977,,4573,68404,,,,,1,sc-sec,2026-09-06T15:28:42+00:00
2024,SC,45091,York County,2024-10-30,6,80008,,4723,75285,,,,,1,sc-sec,2026-09-06T15:28:42+00:00
2024,SC,45091,York County,2024-10-31,5,86854,,4928,81926,,,,,1,sc-sec,2026-09-06T15:28:42+00:00
2024,SC,45091,York County,2024-11-01,4,96405,,5107,91298,,,,,1,sc-sec,2026-09-06T15:28:42+00:00
2024,SC,45091,York County,2024-11-02,3,104959,,5280,99679,,,,,1,sc-sec,2026-09-06T15:28:42+00:00
2024,SC,45091,York County,2024-11-03,2,105042,,5363,99679,,,,,1,sc-sec,2026-09-06T15:28:42+00:00
2024,SC,45091,York County,2024-11-04,1,105293,,5614,99679,,,,,1,sc-sec,2026-09-06T15:28:42+00:00
2024,SC,45091,York County,2024-11-05,0,105398,,5719,99679,,,,,1,sc-sec,2026-09-06T15:28:42+00:00
