cycle,state,county_fips,county_name,date,days_to_election,ballots_total,ballots_new,mail_returned,inperson,party_dem,party_rep,party_oth,party_npa,source_tier,source_name,retrieved_at
2024,WA,53001,Adams County,2024-10-18,18,25,25,19,6,,,,,1,wa-sos,2026-09-08T14:21:52+00:00
2024,WA,53001,Adams County,2024-10-19,17,25,0,19,6,,,,,1,wa-sos,2026-09-08T14:21:52+00:00
2024,WA,53001,Adams County,2024-10-20,16,25,0,19,6,,,,,1,wa-sos,2026-09-08T14:21:52+00:00
2024,WA,53001,Adams County,2024-10-21,15,193,168,187,6,,,,,1,wa-sos,2026-09-08T14:21:52+00:00
2024,WA,53001,Adams County,2024-10-22,14,444,251,438,6,,,,,1,wa-sos,2026-09-08T14:21:52+00:00
2024,WA,53001,Adams County,2024-10-23,13,591,147,585,6,,,,,1,wa-sos,2026-09-08T14:21:52+00:00
2024,WA,53001,Adams County,2024-10-24,12,975,384,969,6,,,,,1,wa-sos,2026-09-08T14:21:52+00:00
2024,WA,53001,Adams County,2024-10-25,11,1299,324,1293,6,,,,,1,wa-sos,2026-09-08T14:21:52+00:00
2024,WA,53001,Adams County,2024-10-26,10,1299,0,1293,6,,,,,1,wa-sos,2026-09-08T14:21:52+00:00
2024,WA,53001,Adams County,2024-10-27,9,1299,0,1293,6,,,,,1,wa-sos,2026-09-08T14:21:52+00:00
2024,WA,53001,Adams County,2024-10-28,8,2010,711,1939,71,,,,,1,wa-sos,2026-09-08T14:21:52+00:00
2024,WA,53001,Adams County,2024-10-29,7,2179,169,2108,71,,,,,1,wa-sos,2026-09-08T14:21:52+00:00
2024,WA,53001,Adams County,2024-10-30,6,2612,433,2541,71,,,,,1,wa-sos,2026-09-08T14:21:52+00:00
2024,WA,53001,Adams County,2024-10-31,5,2966,354,2783,183,,,,,1,wa-sos,2026-09-08T14:21:52+00:00
2024,WA,53001,Adams County,2024-11-01,4,3037,71,2854,183,,,,,1,wa-sos,2026-09-08T14:21:52+00:00
2024,WA,53001,Adams County,2024-11-02,3,3039,2,2856,183,,,,,1,wa-sos,2026-09-08T14:21:52+00:00
2024,WA,53001,Adams County,2024-11-03,2,3095,56,2912,183,,,,,1,wa-sos,2026-09-08T14:21:52+00:00
2024,WA,53001,Adams County,2024-11-04,1,3231,136,3048,183,,,,,1,wa-sos,2026-09-08T14:21:52+00:00
2024,WA,53001,Adams County,2024-11-05,0,3716,485,3533,183,,,,,1,wa-sos,2026-09-08T14:21:52+00:00
2024,WA,53003,Asotin County,2024-10-04,32,8,8,8,0,,,,,1,wa-sos,2026-09-08T14:21:52+00:00
2024,WA,53003,Asotin County,2024-10-05,31,8,0,8,0,,,,,1,wa-sos,2026-09-08T14:21:52+00:00
2024,WA,53003,Asotin County,2024-10-06,30,8,0,8,0,,,,,1,wa-sos,2026-09-08T14:21:52+00:00
2024,WA,53003,Asotin County,2024-10-07,29,8,0,8,0,,,,,1,wa-sos,2026-09-08T14:21:52+00:00
2024,WA,53003,Asotin County,2024-10-08,28,8,0,8,0,,,,,1,wa-sos,2026-09-08T14:21:52+00:00
2024,WA,53003,Asotin County,2024-10-09,27,8,0,8,0,,,,,1,wa-sos,2026-09-08T14:21:52+00:00
2024,WA,53003,Asotin County,2024-10-10,26,8,0,8,0,,,,,1,wa-sos,2026-09-08T14:21:52+00:00
2024,WA,53003,Asotin County,2024-10-11,25,8,0,8,0,,,,,1,wa-sos,2026-09-08T14:21:52+00:00
2024,WA,53003,Asotin County,2024-10-12,24,8,0,8,0,,,,,1,wa-sos,2026-09-08T14:21:52+00:00
2024,WA,53003,Asotin County,2024-10-13,23,8,0,8,0,,,,,1,wa-sos,2026-09-08T14:21:52+00:00
2024,WA,53003,Asotin County,2024-10-14,22,8,0,8,0,,,,,1,wa-sos,2026-09-08T14:21:52+00:00
2024,WA,53003,Asotin County,2024-10-15,21,19,11,19,0,,,,,1,wa-sos,2026-09-08T14:21:52+00:00
2024,WA,53003,Asotin County,2024-10-16,20,19,0,19,0,,,,,1,wa-sos,2026-09-08T14:21:52+00:00
2024,WA,53003,Asotin County,2024-10-17,19,19,0,19,0,,,,,1,wa-sos,2026-09-08T14:21:52+00:00
2024,WA,53003,Asotin County,2024-10-18,18,19,0,19,0,,,,,1,wa-sos,2026-09-08T14:21:52+00:00
2024,WA,53003,Asotin County,2024-10-19,17,19,0,19,0,,,,,1,wa-sos,2026-09-08T14:21:52+00:00
2024,WA,53003,Asotin County,2024-10-20,16,19,0,19,0,,,,,1,wa-sos,2026-09-08T14:21:52+00:00
2024,WA,53003,Asotin County,2024-10-21,15,331,312,331,0,,,,,1,wa-sos,2026-09-08T14:21:52+00:00
2024,WA,53003,Asotin County,2024-10-22,14,1061,730,1061,0,,,,,1,wa-sos,2026-09-08T14:21:52+00:00
2024,WA,53003,Asotin County,2024-10-23,13,2172,1111,2172,0,,,,,1,wa-sos,2026-09-08T14:21:52+00:00
2024,WA,53003,Asotin County,2024-10-24,12,2768,596,2768,0,,,,,1,wa-sos,2026-09-08T14:21:52+00:00
2024,WA,53003,Asotin County,2024-10-25,11,3841,1073,3841,0,,,,,1,wa-sos,2026-09-08T14:21:52+00:00
2024,WA,53003,Asotin County,2024-10-26,10,3841,0,3841,0,,,,,1,wa-sos,2026-09-08T14:21:52+00:00
2024,WA,53003,Asotin County,2024-10-27,9,3841,0,3841,0,,,,,1,wa-sos,2026-09-08T14:21:52+00:00
2024,WA,53003,Asotin County,2024-10-28,8,5165,1324,5165,0,,,,,1,wa-sos,2026-09-08T14:21:52+00:00
2024,WA,53003,Asotin County,2024-10-29,7,6031,866,6031,0,,,,,1,wa-sos,2026-09-08T14:21:52+00:00
2024,WA,53003,Asotin County,2024-10-30,6,6388,357,6388,0,,,,,1,wa-sos,2026-09-08T14:21:52+00:00
2024,WA,53003,Asotin County,2024-10-31,5,7456,1068,7456,0,,,,,1,wa-sos,2026-09-08T14:21:52+00:00
2024,WA,53003,Asotin County,2024-11-01,4,8024,568,8024,0,,,,,1,wa-sos,2026-09-08T14:21:52+00:00
2024,WA,53003,Asotin County,2024-11-02,3,8024,0,8024,0,,,,,1,wa-sos,2026-09-08T14:21:52+00:00
2024,WA,53003,Asotin County,2024-11-03,2,8024,0,8024,0,,,,,1,wa-sos,2026-09-08T14:21:52+00:00
2024,WA,53003,Asotin County,2024-11-04,1,9087,1063,9087,0,,,,,1,wa-sos,2026-09-08T14:21:52+00:00
2024,WA,53003,Asotin County,2024-11-05,0,10332,1245,10332,0,,,,,1,wa-sos,2026-09-08T14:21:52+00:00
2024,WA,53005,Benton County,2024-09-20,46,12,12,12,0,,,,,1,wa-sos,2026-09-08T14:21:52+00:00
2024,WA,53005,Benton County,2024-09-21,45,12,0,12,0,,,,,1,wa-sos,2026-09-08T14:21:52+00:00
2024,WA,53005,Benton County,2024-09-22,44,12,0,12,0,,,,,1,wa-sos,2026-09-08T14:21:52+00:00
2024,WA,53005,Benton County,2024-09-23,43,12,0,12,0,,,,,1,wa-sos,2026-09-08T14:21:52+00:00
2024,WA,53005,Benton County,2024-09-24,42,27,15,27,0,,,,,1,wa-sos,2026-09-08T14:21:52+00:00
2024,WA,53005,Benton County,2024-09-25,41,27,0,27,0,,,,,1,wa-sos,2026-09-08T14:21:52+00:00
2024,WA,53005,Benton County,2024-09-26,40,27,0,27,0,,,,,1,wa-sos,2026-09-08T14:21:52+00:00
2024,WA,53005,Benton County,2024-09-27,39,35,8,35,0,,,,,1,wa-sos,2026-09-08T14:21:52+00:00
2024,WA,53005,Benton County,2024-09-28,38,35,0,35,0,,,,,1,wa-sos,2026-09-08T14:21:52+00:00
2024,WA,53005,Benton County,2024-09-29,37,35,0,35,0,,,,,1,wa-sos,2026-09-08T14:21:52+00:00
2024,WA,53005,Benton County,2024-09-30,36,43,8,43,0,,,,,1,wa-sos,2026-09-08T14:21:52+00:00
2024,WA,53005,Benton County,2024-10-01,35,43,0,43,0,,,,,1,wa-sos,2026-09-08T14:21:52+00:00
2024,WA,53005,Benton County,2024-10-02,34,58,15,58,0,,,,,1,wa-sos,2026-09-08T14:21:52+00:00
2024,WA,53005,Benton County,2024-10-03,33,60,2,60,0,,,,,1,wa-sos,2026-09-08T14:21:52+00:00
2024,WA,53005,Benton County,2024-10-04,32,60,0,60,0,,,,,1,wa-sos,2026-09-08T14:21:52+00:00
2024,WA,53005,Benton County,2024-10-05,31,60,0,60,0,,,,,1,wa-sos,2026-09-08T14:21:52+00:00
2024,WA,53005,Benton County,2024-10-06,30,60,0,60,0,,,,,1,wa-sos,2026-09-08T14:21:52+00:00
2024,WA,53005,Benton County,2024-10-07,29,60,0,60,0,,,,,1,wa-sos,2026-09-08T14:21:52+00:00
2024,WA,53005,Benton County,2024-10-08,28,60,0,60,0,,,,,1,wa-sos,2026-09-08T14:21:52+00:00
2024,WA,53005,Benton County,2024-10-09,27,60,0,60,0,,,,,1,wa-sos,2026-09-08T14:21:52+00:00
2024,WA,53005,Benton County,2024-10-10,26,83,23,83,0,,,,,1,wa-sos,2026-09-08T14:21:52+00:00
2024,WA,53005,Benton County,2024-10-11,25,83,0,83,0,,,,,1,wa-sos,2026-09-08T14:21:52+00:00
2024,WA,53005,Benton County,2024-10-12,24,83,0,83,0,,,,,1,wa-sos,2026-09-08T14:21:52+00:00
2024,WA,53005,Benton County,2024-10-13,23,83,0,83,0,,,,,1,wa-sos,2026-09-08T14:21:52+00:00
2024,WA,53005,Benton County,2024-10-14,22,83,0,83,0,,,,,1,wa-sos,2026-09-08T14:21:52+00:00
2024,WA,53005,Benton County,2024-10-15,21,83,0,83,0,,,,,1,wa-sos,2026-09-08T14:21:52+00:00
2024,WA,53005,Benton County,2024-10-16,20,83,0,83,0,,,,,1,wa-sos,2026-09-08T14:21:52+00:00
2024,WA,53005,Benton County,2024-10-17,19,83,0,83,0,,,,,1,wa-sos,2026-09-08T14:21:52+00:00
2024,WA,53005,Benton County,2024-10-18,18,83,0,83,0,,,,,1,wa-sos,2026-09-08T14:21:52+00:00
2024,WA,53005,Benton County,2024-10-19,17,83,0,83,0,,,,,1,wa-sos,2026-09-08T14:21:52+00:00
2024,WA,53005,Benton County,2024-10-20,16,83,0,83,0,,,,,1,wa-sos,2026-09-08T14:21:52+00:00
2024,WA,53005,Benton County,2024-10-21,15,10558,10475,10557,0,,,,,1,wa-sos,2026-09-08T14:21:52+00:00
2024,WA,53005,Benton County,2024-10-22,14,21007,10449,21006,0,,,,,1,wa-sos,2026-09-08T14:21:52+00:00
2024,WA,53005,Benton County,2024-10-23,13,21207,200,21206,0,,,,,1,wa-sos,2026-09-08T14:21:52+00:00
2024,WA,53005,Benton County,2024-10-24,12,26896,5689,26895,0,,,,,1,wa-sos,2026-09-08T14:21:52+00:00
2024,WA,53005,Benton County,2024-10-25,11,31241,4345,31239,0,,,,,1,wa-sos,2026-09-08T14:21:52+00:00
2024,WA,53005,Benton County,2024-10-26,10,31241,0,31239,0,,,,,1,wa-sos,2026-09-08T14:21:52+00:00
2024,WA,53005,Benton County,2024-10-27,9,31241,0,31239,0,,,,,1,wa-sos,2026-09-08T14:21:52+00:00
2024,WA,53005,Benton County,2024-10-28,8,40204,8963,40202,0,,,,,1,wa-sos,2026-09-08T14:21:52+00:00
2024,WA,53005,Benton County,2024-10-29,7,40204,0,40202,0,,,,,1,wa-sos,2026-09-08T14:21:52+00:00
2024,WA,53005,Benton County,2024-10-30,6,53119,12915,53117,0,,,,,1,wa-sos,2026-09-08T14:21:52+00:00
2024,WA,53005,Benton County,2024-10-31,5,57364,4245,57362,0,,,,,1,wa-sos,2026-09-08T14:21:52+00:00
2024,WA,53005,Benton County,2024-11-01,4,61506,4142,61504,0,,,,,1,wa-sos,2026-09-08T14:21:52+00:00
2024,WA,53005,Benton County,2024-11-02,3,61508,2,61506,0,,,,,1,wa-sos,2026-09-08T14:21:52+00:00
2024,WA,53005,Benton County,2024-11-03,2,61508,0,61506,0,,,,,1,wa-sos,2026-09-08T14:21:52+00:00
2024,WA,53005,Benton County,2024-11-04,1,70501,8993,70499,0,,,,,1,wa-sos,2026-09-08T14:21:52+00:00
2024,WA,53005,Benton County,2024-11-05,0,93159,22658,93157,0,,,,,1,wa-sos,2026-09-08T14:21:52+00:00
2024,WA,53007,Chelan County,2024-10-21,15,4914,4914,4914,0,,,,,1,wa-sos,2026-09-08T14:21:52+00:00
2024,WA,53007,Chelan County,2024-10-22,14,6995,2081,6995,0,,,,,1,wa-sos,2026-09-08T14:21:52+00:00
2024,WA,53007,Chelan County,2024-10-23,13,10124,3129,10124,0,,,,,1,wa-sos,2026-09-08T14:21:52+00:00
2024,WA,53007,Chelan County,2024-10-24,12,11749,1625,11749,0,,,,,1,wa-sos,2026-09-08T14:21:52+00:00
2024,WA,53007,Chelan County,2024-10-25,11,14299,2550,14299,0,,,,,1,wa-sos,2026-09-08T14:21:52+00:00
2024,WA,53007,Chelan County,2024-10-26,10,14299,0,14299,0,,,,,1,wa-sos,2026-09-08T14:21:52+00:00
2024,WA,53007,Chelan County,2024-10-27,9,14299,0,14299,0,,,,,1,wa-sos,2026-09-08T14:21:52+00:00
2024,WA,53007,Chelan County,2024-10-28,8,18332,4033,18332,0,,,,,1,wa-sos,2026-09-08T14:21:52+00:00
2024,WA,53007,Chelan County,2024-10-29,7,20526,2194,20526,0,,,,,1,wa-sos,2026-09-08T14:21:52+00:00
2024,WA,53007,Chelan County,2024-10-30,6,23686,3160,23686,0,,,,,1,wa-sos,2026-09-08T14:21:52+00:00
2024,WA,53007,Chelan County,2024-10-31,5,25078,1392,25078,0,,,,,1,wa-sos,2026-09-08T14:21:52+00:00
2024,WA,53007,Chelan County,2024-11-01,4,27184,2106,27184,0,,,,,1,wa-sos,2026-09-08T14:21:52+00:00
2024,WA,53007,Chelan County,2024-11-02,3,27184,0,27184,0,,,,,1,wa-sos,2026-09-08T14:21:52+00:00
2024,WA,53007,Chelan County,2024-11-03,2,29438,2254,29438,0,,,,,1,wa-sos,2026-09-08T14:21:52+00:00
2024,WA,53007,Chelan County,2024-11-04,1,34126,4688,34126,0,,,,,1,wa-sos,2026-09-08T14:21:52+00:00
2024,WA,53007,Chelan County,2024-11-05,0,34126,0,34126,0,,,,,1,wa-sos,2026-09-08T14:21:52+00:00
2024,WA,53009,Clallam County,2024-10-02,34,22,22,22,0,,,,,1,wa-sos,2026-09-08T14:21:52+00:00
2024,WA,53009,Clallam County,2024-10-03,33,22,0,22,0,,,,,1,wa-sos,2026-09-08T14:21:52+00:00
2024,WA,53009,Clallam County,2024-10-04,32,99,77,99,0,,,,,1,wa-sos,2026-09-08T14:21:52+00:00
2024,WA,53009,Clallam County,2024-10-05,31,99,0,99,0,,,,,1,wa-sos,2026-09-08T14:21:52+00:00
2024,WA,53009,Clallam County,2024-10-06,30,99,0,99,0,,,,,1,wa-sos,2026-09-08T14:21:52+00:00
2024,WA,53009,Clallam County,2024-10-07,29,99,0,99,0,,,,,1,wa-sos,2026-09-08T14:21:52+00:00
2024,WA,53009,Clallam County,2024-10-08,28,99,0,99,0,,,,,1,wa-sos,2026-09-08T14:21:52+00:00
2024,WA,53009,Clallam County,2024-10-09,27,183,84,183,0,,,,,1,wa-sos,2026-09-08T14:21:52+00:00
2024,WA,53009,Clallam County,2024-10-10,26,183,0,183,0,,,,,1,wa-sos,2026-09-08T14:21:52+00:00
2024,WA,53009,Clallam County,2024-10-11,25,183,0,183,0,,,,,1,wa-sos,2026-09-08T14:21:52+00:00
2024,WA,53009,Clallam County,2024-10-12,24,183,0,183,0,,,,,1,wa-sos,2026-09-08T14:21:52+00:00
2024,WA,53009,Clallam County,2024-10-13,23,183,0,183,0,,,,,1,wa-sos,2026-09-08T14:21:52+00:00
2024,WA,53009,Clallam County,2024-10-14,22,246,63,246,0,,,,,1,wa-sos,2026-09-08T14:21:52+00:00
2024,WA,53009,Clallam County,2024-10-15,21,246,0,246,0,,,,,1,wa-sos,2026-09-08T14:21:52+00:00
2024,WA,53009,Clallam County,2024-10-16,20,246,0,246,0,,,,,1,wa-sos,2026-09-08T14:21:52+00:00
2024,WA,53009,Clallam County,2024-10-17,19,246,0,246,0,,,,,1,wa-sos,2026-09-08T14:21:52+00:00
2024,WA,53009,Clallam County,2024-10-18,18,1386,1140,1386,0,,,,,1,wa-sos,2026-09-08T14:21:52+00:00
2024,WA,53009,Clallam County,2024-10-19,17,1386,0,1386,0,,,,,1,wa-sos,2026-09-08T14:21:52+00:00
2024,WA,53009,Clallam County,2024-10-20,16,1386,0,1386,0,,,,,1,wa-sos,2026-09-08T14:21:52+00:00
2024,WA,53009,Clallam County,2024-10-21,15,5918,4532,5918,0,,,,,1,wa-sos,2026-09-08T14:21:52+00:00
2024,WA,53009,Clallam County,2024-10-22,14,10097,4179,10097,0,,,,,1,wa-sos,2026-09-08T14:21:52+00:00
2024,WA,53009,Clallam County,2024-10-23,13,13584,3487,13584,0,,,,,1,wa-sos,2026-09-08T14:21:52+00:00
2024,WA,53009,Clallam County,2024-10-24,12,16346,2762,16346,0,,,,,1,wa-sos,2026-09-08T14:21:52+00:00
2024,WA,53009,Clallam County,2024-10-25,11,19369,3023,19369,0,,,,,1,wa-sos,2026-09-08T14:21:52+00:00
2024,WA,53009,Clallam County,2024-10-26,10,19369,0,19369,0,,,,,1,wa-sos,2026-09-08T14:21:52+00:00
2024,WA,53009,Clallam County,2024-10-27,9,19369,0,19369,0,,,,,1,wa-sos,2026-09-08T14:21:52+00:00
2024,WA,53009,Clallam County,2024-10-28,8,24037,4668,24037,0,,,,,1,wa-sos,2026-09-08T14:21:52+00:00
2024,WA,53009,Clallam County,2024-10-29,7,27113,3076,27113,0,,,,,1,wa-sos,2026-09-08T14:21:52+00:00
2024,WA,53009,Clallam County,2024-10-30,6,29772,2659,29772,0,,,,,1,wa-sos,2026-09-08T14:21:52+00:00
2024,WA,53009,Clallam County,2024-10-31,5,31969,2197,31969,0,,,,,1,wa-sos,2026-09-08T14:21:52+00:00
2024,WA,53009,Clallam County,2024-11-01,4,34036,2067,34036,0,,,,,1,wa-sos,2026-09-08T14:21:52+00:00
2024,WA,53009,Clallam County,2024-11-02,3,34036,0,34036,0,,,,,1,wa-sos,2026-09-08T14:21:52+00:00
2024,WA,53009,Clallam County,2024-11-03,2,34036,0,34036,0,,,,,1,wa-sos,2026-09-08T14:21:52+00:00
2024,WA,53009,Clallam County,2024-11-04,1,40259,6223,40259,0,,,,,1,wa-sos,2026-09-08T14:21:52+00:00
2024,WA,53009,Clallam County,2024-11-05,0,45088,4829,45088,0,,,,,1,wa-sos,2026-09-08T14:21:52+00:00
2024,WA,53011,Clark County,2024-09-16,50,1,1,1,0,,,,,1,wa-sos,2026-09-08T14:21:52+00:00
2024,WA,53011,Clark County,2024-09-18,48,1,0,1,0,,,,,1,wa-sos,2026-09-08T14:21:52+00:00
2024,WA,53011,Clark County,2024-09-19,47,1,0,1,0,,,,,1,wa-sos,2026-09-08T14:21:52+00:00
2024,WA,53011,Clark County,2024-09-20,46,1,0,1,0,,,,,1,wa-sos,2026-09-08T14:21:52+00:00
2024,WA,53011,Clark County,2024-09-21,45,1,0,1,0,,,,,1,wa-sos,2026-09-08T14:21:52+00:00
2024,WA,53011,Clark County,2024-09-22,44,1,0,1,0,,,,,1,wa-sos,2026-09-08T14:21:52+00:00
2024,WA,53011,Clark County,2024-09-23,43,2,1,2,0,,,,,1,wa-sos,2026-09-08T14:21:52+00:00
2024,WA,53011,Clark County,2024-09-24,42,72,70,72,0,,,,,1,wa-sos,2026-09-08T14:21:52+00:00
2024,WA,53011,Clark County,2024-09-25,41,113,41,113,0,,,,,1,wa-sos,2026-09-08T14:21:52+00:00
2024,WA,53011,Clark County,2024-09-26,40,133,20,133,0,,,,,1,wa-sos,2026-09-08T14:21:52+00:00
2024,WA,53011,Clark County,2024-09-27,39,153,20,153,0,,,,,1,wa-sos,2026-09-08T14:21:52+00:00
2024,WA,53011,Clark County,2024-09-28,38,153,0,153,0,,,,,1,wa-sos,2026-09-08T14:21:52+00:00
2024,WA,53011,Clark County,2024-09-29,37,153,0,153,0,,,,,1,wa-sos,2026-09-08T14:21:52+00:00
2024,WA,53011,Clark County,2024-09-30,36,173,20,173,0,,,,,1,wa-sos,2026-09-08T14:21:52+00:00
2024,WA,53011,Clark County,2024-10-01,35,244,71,244,0,,,,,1,wa-sos,2026-09-08T14:21:52+00:00
2024,WA,53011,Clark County,2024-10-02,34,268,24,268,0,,,,,1,wa-sos,2026-09-08T14:21:52+00:00
2024,WA,53011,Clark County,2024-10-03,33,321,53,321,0,,,,,1,wa-sos,2026-09-08T14:21:52+00:00
2024,WA,53011,Clark County,2024-10-04,32,350,29,350,0,,,,,1,wa-sos,2026-09-08T14:21:52+00:00
2024,WA,53011,Clark County,2024-10-05,31,350,0,350,0,,,,,1,wa-sos,2026-09-08T14:21:52+00:00
2024,WA,53011,Clark County,2024-10-06,30,350,0,350,0,,,,,1,wa-sos,2026-09-08T14:21:52+00:00
2024,WA,53011,Clark County,2024-10-07,29,351,1,351,0,,,,,1,wa-sos,2026-09-08T14:21:52+00:00
2024,WA,53011,Clark County,2024-10-08,28,395,44,395,0,,,,,1,wa-sos,2026-09-08T14:21:52+00:00
2024,WA,53011,Clark County,2024-10-09,27,455,60,455,0,,,,,1,wa-sos,2026-09-08T14:21:52+00:00
2024,WA,53011,Clark County,2024-10-10,26,511,56,511,0,,,,,1,wa-sos,2026-09-08T14:21:52+00:00
2024,WA,53011,Clark County,2024-10-11,25,549,38,549,0,,,,,1,wa-sos,2026-09-08T14:21:52+00:00
2024,WA,53011,Clark County,2024-10-12,24,549,0,549,0,,,,,1,wa-sos,2026-09-08T14:21:52+00:00
2024,WA,53011,Clark County,2024-10-13,23,549,0,549,0,,,,,1,wa-sos,2026-09-08T14:21:52+00:00
2024,WA,53011,Clark County,2024-10-14,22,589,40,589,0,,,,,1,wa-sos,2026-09-08T14:21:52+00:00
2024,WA,53011,Clark County,2024-10-15,21,609,20,609,0,,,,,1,wa-sos,2026-09-08T14:21:52+00:00
2024,WA,53011,Clark County,2024-10-16,20,651,42,651,0,,,,,1,wa-sos,2026-09-08T14:21:52+00:00
2024,WA,53011,Clark County,2024-10-17,19,702,51,702,0,,,,,1,wa-sos,2026-09-08T14:21:52+00:00
2024,WA,53011,Clark County,2024-10-18,18,1378,676,1378,0,,,,,1,wa-sos,2026-09-08T14:21:52+00:00
2024,WA,53011,Clark County,2024-10-19,17,1378,0,1378,0,,,,,1,wa-sos,2026-09-08T14:21:52+00:00
2024,WA,53011,Clark County,2024-10-20,16,1378,0,1378,0,,,,,1,wa-sos,2026-09-08T14:21:52+00:00
2024,WA,53011,Clark County,2024-10-21,15,15607,14229,15606,0,,,,,1,wa-sos,2026-09-08T14:21:52+00:00
2024,WA,53011,Clark County,2024-10-22,14,24275,8668,24274,0,,,,,1,wa-sos,2026-09-08T14:21:52+00:00
2024,WA,53011,Clark County,2024-10-23,13,45876,21601,45875,0,,,,,1,wa-sos,2026-09-08T14:21:52+00:00
2024,WA,53011,Clark County,2024-10-24,12,61103,15227,61102,0,,,,,1,wa-sos,2026-09-08T14:21:52+00:00
2024,WA,53011,Clark County,2024-10-25,11,74004,12901,74003,0,,,,,1,wa-sos,2026-09-08T14:21:52+00:00
2024,WA,53011,Clark County,2024-10-26,10,78716,4712,78715,0,,,,,1,wa-sos,2026-09-08T14:21:52+00:00
2024,WA,53011,Clark County,2024-10-27,9,78716,0,78715,0,,,,,1,wa-sos,2026-09-08T14:21:52+00:00
2024,WA,53011,Clark County,2024-10-28,8,100576,21860,100575,0,,,,,1,wa-sos,2026-09-08T14:21:52+00:00
2024,WA,53011,Clark County,2024-10-29,7,117743,17167,117742,0,,,,,1,wa-sos,2026-09-08T14:21:52+00:00
2024,WA,53011,Clark County,2024-10-30,6,133194,15451,133193,0,,,,,1,wa-sos,2026-09-08T14:21:52+00:00
2024,WA,53011,Clark County,2024-10-31,5,147975,14781,147974,0,,,,,1,wa-sos,2026-09-08T14:21:52+00:00
2024,WA,53011,Clark County,2024-11-01,4,161406,13431,161405,0,,,,,1,wa-sos,2026-09-08T14:21:52+00:00
2024,WA,53011,Clark County,2024-11-02,3,175301,13895,175300,0,,,,,1,wa-sos,2026-09-08T14:21:52+00:00
2024,WA,53011,Clark County,2024-11-03,2,175301,0,175300,0,,,,,1,wa-sos,2026-09-08T14:21:52+00:00
2024,WA,53011,Clark County,2024-11-04,1,214704,39403,214703,0,,,,,1,wa-sos,2026-09-08T14:21:52+00:00
2024,WA,53011,Clark County,2024-11-05,0,255016,40312,255015,0,,,,,1,wa-sos,2026-09-08T14:21:52+00:00
2024,WA,53013,Columbia County,2024-10-17,19,8,8,8,0,,,,,1,wa-sos,2026-09-08T14:21:52+00:00
2024,WA,53013,Columbia County,2024-10-18,18,8,0,8,0,,,,,1,wa-sos,2026-09-08T14:21:52+00:00
2024,WA,53013,Columbia County,2024-10-19,17,8,0,8,0,,,,,1,wa-sos,2026-09-08T14:21:52+00:00
2024,WA,53013,Columbia County,2024-10-20,16,8,0,8,0,,,,,1,wa-sos,2026-09-08T14:21:52+00:00
2024,WA,53013,Columbia County,2024-10-21,15,194,186,167,27,,,,,1,wa-sos,2026-09-08T14:21:52+00:00
2024,WA,53013,Columbia County,2024-10-22,14,292,98,241,51,,,,,1,wa-sos,2026-09-08T14:21:52+00:00
2024,WA,53013,Columbia County,2024-10-23,13,573,281,463,110,,,,,1,wa-sos,2026-09-08T14:21:52+00:00
2024,WA,53013,Columbia County,2024-10-24,12,755,182,586,168,,,,,1,wa-sos,2026-09-08T14:21:52+00:00
2024,WA,53013,Columbia County,2024-10-25,11,990,235,820,168,,,,,1,wa-sos,2026-09-08T14:21:52+00:00
2024,WA,53013,Columbia County,2024-10-26,10,990,0,820,168,,,,,1,wa-sos,2026-09-08T14:21:52+00:00
2024,WA,53013,Columbia County,2024-10-27,9,1017,27,847,168,,,,,1,wa-sos,2026-09-08T14:21:52+00:00
2024,WA,53013,Columbia County,2024-10-28,8,1175,158,955,218,,,,,1,wa-sos,2026-09-08T14:21:52+00:00
2024,WA,53013,Columbia County,2024-10-29,7,1390,215,1123,264,,,,,1,wa-sos,2026-09-08T14:21:52+00:00
2024,WA,53013,Columbia County,2024-10-30,6,1526,136,1238,284,,,,,1,wa-sos,2026-09-08T14:21:52+00:00
2024,WA,53013,Columbia County,2024-10-31,5,1710,184,1384,322,,,,,1,wa-sos,2026-09-08T14:21:52+00:00
2024,WA,53013,Columbia County,2024-11-01,4,1876,166,1509,363,,,,,1,wa-sos,2026-09-08T14:21:52+00:00
2024,WA,53013,Columbia County,2024-11-02,3,1876,0,1509,363,,,,,1,wa-sos,2026-09-08T14:21:52+00:00
2024,WA,53013,Columbia County,2024-11-03,2,1876,0,1509,363,,,,,1,wa-sos,2026-09-08T14:21:52+00:00
2024,WA,53013,Columbia County,2024-11-04,1,2090,214,1696,390,,,,,1,wa-sos,2026-09-08T14:21:52+00:00
2024,WA,53013,Columbia County,2024-11-05,0,2460,370,1973,482,,,,,1,wa-sos,2026-09-08T14:21:52+00:00
2024,WA,53015,Cowlitz County,2024-10-16,20,199,199,138,61,,,,,1,wa-sos,2026-09-08T14:21:52+00:00
2024,WA,53015,Cowlitz County,2024-10-17,19,199,0,138,61,,,,,1,wa-sos,2026-09-08T14:21:52+00:00
2024,WA,53015,Cowlitz County,2024-10-18,18,377,178,270,107,,,,,1,wa-sos,2026-09-08T14:21:52+00:00
2024,WA,53015,Cowlitz County,2024-10-19,17,377,0,270,107,,,,,1,wa-sos,2026-09-08T14:21:52+00:00
2024,WA,53015,Cowlitz County,2024-10-20,16,377,0,270,107,,,,,1,wa-sos,2026-09-08T14:21:52+00:00
2024,WA,53015,Cowlitz County,2024-10-21,15,4085,3708,3690,395,,,,,1,wa-sos,2026-09-08T14:21:52+00:00
2024,WA,53015,Cowlitz County,2024-10-22,14,7592,3507,6534,1058,,,,,1,wa-sos,2026-09-08T14:21:52+00:00
2024,WA,53015,Cowlitz County,2024-10-23,13,11470,3878,10126,1344,,,,,1,wa-sos,2026-09-08T14:21:52+00:00
2024,WA,53015,Cowlitz County,2024-10-24,12,14409,2939,13065,1344,,,,,1,wa-sos,2026-09-08T14:21:52+00:00
2024,WA,53015,Cowlitz County,2024-10-25,11,19563,5154,17504,2059,,,,,1,wa-sos,2026-09-08T14:21:52+00:00
2024,WA,53015,Cowlitz County,2024-10-26,10,21378,1815,19179,2199,,,,,1,wa-sos,2026-09-08T14:21:52+00:00
2024,WA,53015,Cowlitz County,2024-10-27,9,21378,0,19179,2199,,,,,1,wa-sos,2026-09-08T14:21:52+00:00
2024,WA,53015,Cowlitz County,2024-10-28,8,26249,4871,23635,2614,,,,,1,wa-sos,2026-09-08T14:21:52+00:00
2024,WA,53015,Cowlitz County,2024-10-29,7,29960,3711,26891,3069,,,,,1,wa-sos,2026-09-08T14:21:52+00:00
2024,WA,53015,Cowlitz County,2024-10-30,6,33527,3567,29996,3531,,,,,1,wa-sos,2026-09-08T14:21:52+00:00
2024,WA,53015,Cowlitz County,2024-10-31,5,36706,3179,32710,3996,,,,,1,wa-sos,2026-09-08T14:21:52+00:00
2024,WA,53015,Cowlitz County,2024-11-01,4,39360,2654,34878,4482,,,,,1,wa-sos,2026-09-08T14:21:52+00:00
2024,WA,53015,Cowlitz County,2024-11-02,3,39360,0,34878,4482,,,,,1,wa-sos,2026-09-08T14:21:52+00:00
2024,WA,53015,Cowlitz County,2024-11-03,2,42604,3244,38122,4482,,,,,1,wa-sos,2026-09-08T14:21:52+00:00
2024,WA,53015,Cowlitz County,2024-11-04,1,47550,4946,41977,5573,,,,,1,wa-sos,2026-09-08T14:21:52+00:00
2024,WA,53015,Cowlitz County,2024-11-05,0,56731,9181,49720,7011,,,,,1,wa-sos,2026-09-08T14:21:52+00:00
2024,WA,53017,Douglas County,2024-10-18,18,94,94,94,0,,,,,1,wa-sos,2026-09-08T14:21:52+00:00
2024,WA,53017,Douglas County,2024-10-19,17,94,0,94,0,,,,,1,wa-sos,2026-09-08T14:21:52+00:00
2024,WA,53017,Douglas County,2024-10-20,16,94,0,94,0,,,,,1,wa-sos,2026-09-08T14:21:52+00:00
2024,WA,53017,Douglas County,2024-10-21,15,1214,1120,1214,0,,,,,1,wa-sos,2026-09-08T14:21:52+00:00
2024,WA,53017,Douglas County,2024-10-22,14,3294,2080,3294,0,,,,,1,wa-sos,2026-09-08T14:21:52+00:00
2024,WA,53017,Douglas County,2024-10-23,13,4474,1180,4474,0,,,,,1,wa-sos,2026-09-08T14:21:52+00:00
2024,WA,53017,Douglas County,2024-10-24,12,5843,1369,5843,0,,,,,1,wa-sos,2026-09-08T14:21:52+00:00
2024,WA,53017,Douglas County,2024-10-25,11,7136,1293,7136,0,,,,,1,wa-sos,2026-09-08T14:21:52+00:00
2024,WA,53017,Douglas County,2024-10-26,10,7136,0,7136,0,,,,,1,wa-sos,2026-09-08T14:21:52+00:00
2024,WA,53017,Douglas County,2024-10-27,9,7136,0,7136,0,,,,,1,wa-sos,2026-09-08T14:21:52+00:00
2024,WA,53017,Douglas County,2024-10-28,8,9255,2119,9255,0,,,,,1,wa-sos,2026-09-08T14:21:52+00:00
2024,WA,53017,Douglas County,2024-10-29,7,9696,441,9696,0,,,,,1,wa-sos,2026-09-08T14:21:52+00:00
2024,WA,53017,Douglas County,2024-10-30,6,10400,704,10400,0,,,,,1,wa-sos,2026-09-08T14:21:52+00:00
2024,WA,53017,Douglas County,2024-10-31,5,12159,1759,12159,0,,,,,1,wa-sos,2026-09-08T14:21:52+00:00
2024,WA,53017,Douglas County,2024-11-01,4,13332,1173,13332,0,,,,,1,wa-sos,2026-09-08T14:21:52+00:00
2024,WA,53017,Douglas County,2024-11-02,3,13332,0,13332,0,,,,,1,wa-sos,2026-09-08T14:21:52+00:00
2024,WA,53017,Douglas County,2024-11-03,2,13332,0,13332,0,,,,,1,wa-sos,2026-09-08T14:21:52+00:00
2024,WA,53017,Douglas County,2024-11-04,1,16151,2819,16151,0,,,,,1,wa-sos,2026-09-08T14:21:52+00:00
2024,WA,53017,Douglas County,2024-11-05,0,16714,563,16714,0,,,,,1,wa-sos,2026-09-08T14:21:52+00:00
2024,WA,53019,Ferry County,2024-09-30,36,2,2,2,0,,,,,1,wa-sos,2026-09-08T14:21:52+00:00
2024,WA,53019,Ferry County,2024-10-01,35,2,0,2,0,,,,,1,wa-sos,2026-09-08T14:21:52+00:00
2024,WA,53019,Ferry County,2024-10-02,34,2,0,2,0,,,,,1,wa-sos,2026-09-08T14:21:52+00:00
2024,WA,53019,Ferry County,2024-10-03,33,2,0,2,0,,,,,1,wa-sos,2026-09-08T14:21:52+00:00
2024,WA,53019,Ferry County,2024-10-04,32,2,0,2,0,,,,,1,wa-sos,2026-09-08T14:21:52+00:00
2024,WA,53019,Ferry County,2024-10-05,31,2,0,2,0,,,,,1,wa-sos,2026-09-08T14:21:52+00:00
2024,WA,53019,Ferry County,2024-10-06,30,2,0,2,0,,,,,1,wa-sos,2026-09-08T14:21:52+00:00
2024,WA,53019,Ferry County,2024-10-07,29,2,0,2,0,,,,,1,wa-sos,2026-09-08T14:21:52+00:00
2024,WA,53019,Ferry County,2024-10-08,28,2,0,2,0,,,,,1,wa-sos,2026-09-08T14:21:52+00:00
2024,WA,53019,Ferry County,2024-10-09,27,2,0,2,0,,,,,1,wa-sos,2026-09-08T14:21:52+00:00
2024,WA,53019,Ferry County,2024-10-10,26,3,1,3,0,,,,,1,wa-sos,2026-09-08T14:21:52+00:00
2024,WA,53019,Ferry County,2024-10-11,25,4,1,4,0,,,,,1,wa-sos,2026-09-08T14:21:52+00:00
2024,WA,53019,Ferry County,2024-10-12,24,4,0,4,0,,,,,1,wa-sos,2026-09-08T14:21:52+00:00
2024,WA,53019,Ferry County,2024-10-13,23,4,0,4,0,,,,,1,wa-sos,2026-09-08T14:21:52+00:00
2024,WA,53019,Ferry County,2024-10-14,22,4,0,4,0,,,,,1,wa-sos,2026-09-08T14:21:52+00:00
2024,WA,53019,Ferry County,2024-10-15,21,5,1,5,0,,,,,1,wa-sos,2026-09-08T14:21:52+00:00
2024,WA,53019,Ferry County,2024-10-16,20,5,0,5,0,,,,,1,wa-sos,2026-09-08T14:21:52+00:00
2024,WA,53019,Ferry County,2024-10-17,19,5,0,5,0,,,,,1,wa-sos,2026-09-08T14:21:52+00:00
2024,WA,53019,Ferry County,2024-10-18,18,5,0,5,0,,,,,1,wa-sos,2026-09-08T14:21:52+00:00
2024,WA,53019,Ferry County,2024-10-19,17,5,0,5,0,,,,,1,wa-sos,2026-09-08T14:21:52+00:00
2024,WA,53019,Ferry County,2024-10-20,16,5,0,5,0,,,,,1,wa-sos,2026-09-08T14:21:52+00:00
2024,WA,53019,Ferry County,2024-10-21,15,22,17,16,6,,,,,1,wa-sos,2026-09-08T14:21:52+00:00
2024,WA,53019,Ferry County,2024-10-22,14,51,29,18,33,,,,,1,wa-sos,2026-09-08T14:21:52+00:00
2024,WA,53019,Ferry County,2024-10-23,13,117,66,84,33,,,,,1,wa-sos,2026-09-08T14:21:52+00:00
2024,WA,53019,Ferry County,2024-10-24,12,561,444,352,209,,,,,1,wa-sos,2026-09-08T14:21:52+00:00
2024,WA,53019,Ferry County,2024-10-25,11,869,308,568,300,,,,,1,wa-sos,2026-09-08T14:21:52+00:00
2024,WA,53019,Ferry County,2024-10-26,10,869,0,568,300,,,,,1,wa-sos,2026-09-08T14:21:52+00:00
2024,WA,53019,Ferry County,2024-10-27,9,869,0,568,300,,,,,1,wa-sos,2026-09-08T14:21:52+00:00
2024,WA,53019,Ferry County,2024-10-28,8,1014,145,712,300,,,,,1,wa-sos,2026-09-08T14:21:52+00:00
2024,WA,53019,Ferry County,2024-10-29,7,1774,760,1279,493,,,,,1,wa-sos,2026-09-08T14:21:52+00:00
2024,WA,53019,Ferry County,2024-10-30,6,2022,248,1527,493,,,,,1,wa-sos,2026-09-08T14:21:52+00:00
2024,WA,53019,Ferry County,2024-10-31,5,2431,409,1775,654,,,,,1,wa-sos,2026-09-08T14:21:52+00:00
2024,WA,53019,Ferry County,2024-11-01,4,2621,190,1965,654,,,,,1,wa-sos,2026-09-08T14:21:52+00:00
2024,WA,53019,Ferry County,2024-11-02,3,2621,0,1965,654,,,,,1,wa-sos,2026-09-08T14:21:52+00:00
2024,WA,53019,Ferry County,2024-11-03,2,2621,0,1965,654,,,,,1,wa-sos,2026-09-08T14:21:52+00:00
2024,WA,53019,Ferry County,2024-11-04,1,3536,915,2606,927,,,,,1,wa-sos,2026-09-08T14:21:52+00:00
2024,WA,53019,Ferry County,2024-11-05,0,3540,4,2606,927,,,,,1,wa-sos,2026-09-08T14:21:52+00:00
2024,WA,53021,Franklin County,2024-09-30,36,20,20,20,0,,,,,1,wa-sos,2026-09-08T14:21:52+00:00
2024,WA,53021,Franklin County,2024-10-01,35,20,0,20,0,,,,,1,wa-sos,2026-09-08T14:21:52+00:00
2024,WA,53021,Franklin County,2024-10-02,34,20,0,20,0,,,,,1,wa-sos,2026-09-08T14:21:52+00:00
2024,WA,53021,Franklin County,2024-10-03,33,27,7,27,0,,,,,1,wa-sos,2026-09-08T14:21:52+00:00
2024,WA,53021,Franklin County,2024-10-04,32,27,0,27,0,,,,,1,wa-sos,2026-09-08T14:21:52+00:00
2024,WA,53021,Franklin County,2024-10-05,31,27,0,27,0,,,,,1,wa-sos,2026-09-08T14:21:52+00:00
2024,WA,53021,Franklin County,2024-10-06,30,27,0,27,0,,,,,1,wa-sos,2026-09-08T14:21:52+00:00
2024,WA,53021,Franklin County,2024-10-07,29,27,0,27,0,,,,,1,wa-sos,2026-09-08T14:21:52+00:00
2024,WA,53021,Franklin County,2024-10-08,28,40,13,40,0,,,,,1,wa-sos,2026-09-08T14:21:52+00:00
2024,WA,53021,Franklin County,2024-10-09,27,40,0,40,0,,,,,1,wa-sos,2026-09-08T14:21:52+00:00
2024,WA,53021,Franklin County,2024-10-10,26,40,0,40,0,,,,,1,wa-sos,2026-09-08T14:21:52+00:00
2024,WA,53021,Franklin County,2024-10-11,25,48,8,48,0,,,,,1,wa-sos,2026-09-08T14:21:52+00:00
2024,WA,53021,Franklin County,2024-10-12,24,48,0,48,0,,,,,1,wa-sos,2026-09-08T14:21:52+00:00
2024,WA,53021,Franklin County,2024-10-13,23,48,0,48,0,,,,,1,wa-sos,2026-09-08T14:21:52+00:00
2024,WA,53021,Franklin County,2024-10-14,22,48,0,48,0,,,,,1,wa-sos,2026-09-08T14:21:52+00:00
2024,WA,53021,Franklin County,2024-10-15,21,58,10,58,0,,,,,1,wa-sos,2026-09-08T14:21:52+00:00
2024,WA,53021,Franklin County,2024-10-16,20,58,0,58,0,,,,,1,wa-sos,2026-09-08T14:21:52+00:00
2024,WA,53021,Franklin County,2024-10-17,19,58,0,58,0,,,,,1,wa-sos,2026-09-08T14:21:52+00:00
2024,WA,53021,Franklin County,2024-10-18,18,148,90,148,0,,,,,1,wa-sos,2026-09-08T14:21:52+00:00
2024,WA,53021,Franklin County,2024-10-19,17,148,0,148,0,,,,,1,wa-sos,2026-09-08T14:21:52+00:00
2024,WA,53021,Franklin County,2024-10-20,16,148,0,148,0,,,,,1,wa-sos,2026-09-08T14:21:52+00:00
2024,WA,53021,Franklin County,2024-10-21,15,2089,1941,2089,0,,,,,1,wa-sos,2026-09-08T14:21:52+00:00
2024,WA,53021,Franklin County,2024-10-22,14,3825,1736,3825,0,,,,,1,wa-sos,2026-09-08T14:21:52+00:00
2024,WA,53021,Franklin County,2024-10-23,13,4725,900,4725,0,,,,,1,wa-sos,2026-09-08T14:21:52+00:00
2024,WA,53021,Franklin County,2024-10-24,12,6682,1957,6682,0,,,,,1,wa-sos,2026-09-08T14:21:52+00:00
2024,WA,53021,Franklin County,2024-10-25,11,8046,1364,8046,0,,,,,1,wa-sos,2026-09-08T14:21:52+00:00
2024,WA,53021,Franklin County,2024-10-26,10,8046,0,8046,0,,,,,1,wa-sos,2026-09-08T14:21:52+00:00
2024,WA,53021,Franklin County,2024-10-27,9,8046,0,8046,0,,,,,1,wa-sos,2026-09-08T14:21:52+00:00
2024,WA,53021,Franklin County,2024-10-28,8,10911,2865,10911,0,,,,,1,wa-sos,2026-09-08T14:21:52+00:00
2024,WA,53021,Franklin County,2024-10-29,7,12775,1864,12775,0,,,,,1,wa-sos,2026-09-08T14:21:52+00:00
2024,WA,53021,Franklin County,2024-10-30,6,14498,1723,14498,0,,,,,1,wa-sos,2026-09-08T14:21:52+00:00
2024,WA,53021,Franklin County,2024-10-31,5,16036,1538,16036,0,,,,,1,wa-sos,2026-09-08T14:21:52+00:00
2024,WA,53021,Franklin County,2024-11-01,4,17767,1731,17767,0,,,,,1,wa-sos,2026-09-08T14:21:52+00:00
2024,WA,53021,Franklin County,2024-11-02,3,17767,0,17767,0,,,,,1,wa-sos,2026-09-08T14:21:52+00:00
2024,WA,53021,Franklin County,2024-11-03,2,17767,0,17767,0,,,,,1,wa-sos,2026-09-08T14:21:52+00:00
2024,WA,53021,Franklin County,2024-11-04,1,22195,4428,22195,0,,,,,1,wa-sos,2026-09-08T14:21:52+00:00
2024,WA,53021,Franklin County,2024-11-05,0,26353,4158,26353,0,,,,,1,wa-sos,2026-09-08T14:21:52+00:00
2024,WA,53023,Garfield County,2024-10-07,29,1,1,1,0,,,,,1,wa-sos,2026-09-08T14:21:52+00:00
2024,WA,53023,Garfield County,2024-10-08,28,1,0,1,0,,,,,1,wa-sos,2026-09-08T14:21:52+00:00
2024,WA,53023,Garfield County,2024-10-09,27,2,1,2,0,,,,,1,wa-sos,2026-09-08T14:21:52+00:00
2024,WA,53023,Garfield County,2024-10-10,26,2,0,2,0,,,,,1,wa-sos,2026-09-08T14:21:52+00:00
2024,WA,53023,Garfield County,2024-10-11,25,2,0,2,0,,,,,1,wa-sos,2026-09-08T14:21:52+00:00
2024,WA,53023,Garfield County,2024-10-12,24,2,0,2,0,,,,,1,wa-sos,2026-09-08T14:21:52+00:00
2024,WA,53023,Garfield County,2024-10-13,23,2,0,2,0,,,,,1,wa-sos,2026-09-08T14:21:52+00:00
2024,WA,53023,Garfield County,2024-10-14,22,2,0,2,0,,,,,1,wa-sos,2026-09-08T14:21:52+00:00
2024,WA,53023,Garfield County,2024-10-15,21,2,0,2,0,,,,,1,wa-sos,2026-09-08T14:21:52+00:00
2024,WA,53023,Garfield County,2024-10-16,20,2,0,2,0,,,,,1,wa-sos,2026-09-08T14:21:52+00:00
2024,WA,53023,Garfield County,2024-10-17,19,2,0,2,0,,,,,1,wa-sos,2026-09-08T14:21:52+00:00
2024,WA,53023,Garfield County,2024-10-18,18,46,44,46,0,,,,,1,wa-sos,2026-09-08T14:21:52+00:00
2024,WA,53023,Garfield County,2024-10-19,17,46,0,46,0,,,,,1,wa-sos,2026-09-08T14:21:52+00:00
2024,WA,53023,Garfield County,2024-10-20,16,46,0,46,0,,,,,1,wa-sos,2026-09-08T14:21:52+00:00
2024,WA,53023,Garfield County,2024-10-21,15,137,91,137,0,,,,,1,wa-sos,2026-09-08T14:21:52+00:00
2024,WA,53023,Garfield County,2024-10-22,14,232,95,232,0,,,,,1,wa-sos,2026-09-08T14:21:52+00:00
2024,WA,53023,Garfield County,2024-10-23,13,346,114,346,0,,,,,1,wa-sos,2026-09-08T14:21:52+00:00
2024,WA,53023,Garfield County,2024-10-24,12,427,81,427,0,,,,,1,wa-sos,2026-09-08T14:21:52+00:00
2024,WA,53023,Garfield County,2024-10-25,11,547,120,547,0,,,,,1,wa-sos,2026-09-08T14:21:52+00:00
2024,WA,53023,Garfield County,2024-10-26,10,547,0,547,0,,,,,1,wa-sos,2026-09-08T14:21:52+00:00
2024,WA,53023,Garfield County,2024-10-27,9,547,0,547,0,,,,,1,wa-sos,2026-09-08T14:21:52+00:00
2024,WA,53023,Garfield County,2024-10-28,8,675,128,675,0,,,,,1,wa-sos,2026-09-08T14:21:52+00:00
2024,WA,53023,Garfield County,2024-10-29,7,758,83,758,0,,,,,1,wa-sos,2026-09-08T14:21:52+00:00
2024,WA,53023,Garfield County,2024-10-30,6,823,65,823,0,,,,,1,wa-sos,2026-09-08T14:21:52+00:00
2024,WA,53023,Garfield County,2024-10-31,5,914,91,914,0,,,,,1,wa-sos,2026-09-08T14:21:52+00:00
2024,WA,53023,Garfield County,2024-11-01,4,1052,138,1052,0,,,,,1,wa-sos,2026-09-08T14:21:52+00:00
2024,WA,53023,Garfield County,2024-11-02,3,1052,0,1052,0,,,,,1,wa-sos,2026-09-08T14:21:52+00:00
2024,WA,53023,Garfield County,2024-11-03,2,1052,0,1052,0,,,,,1,wa-sos,2026-09-08T14:21:52+00:00
2024,WA,53023,Garfield County,2024-11-04,1,1240,188,1240,0,,,,,1,wa-sos,2026-09-08T14:21:52+00:00
2024,WA,53023,Garfield County,2024-11-05,0,1400,160,1400,0,,,,,1,wa-sos,2026-09-08T14:21:52+00:00
2024,WA,53025,Grant County,2024-10-22,14,138,138,138,0,,,,,1,wa-sos,2026-09-08T14:21:52+00:00
2024,WA,53025,Grant County,2024-10-23,13,2650,2512,2400,250,,,,,1,wa-sos,2026-09-08T14:21:52+00:00
2024,WA,53025,Grant County,2024-10-24,12,3988,1338,3660,328,,,,,1,wa-sos,2026-09-08T14:21:52+00:00
2024,WA,53025,Grant County,2024-10-25,11,6052,2064,5724,328,,,,,1,wa-sos,2026-09-08T14:21:52+00:00
2024,WA,53025,Grant County,2024-10-26,10,6052,0,5724,328,,,,,1,wa-sos,2026-09-08T14:21:52+00:00
2024,WA,53025,Grant County,2024-10-27,9,6052,0,5724,328,,,,,1,wa-sos,2026-09-08T14:21:52+00:00
2024,WA,53025,Grant County,2024-10-28,8,8119,2067,7791,328,,,,,1,wa-sos,2026-09-08T14:21:52+00:00
2024,WA,53025,Grant County,2024-10-29,7,10939,2820,10511,428,,,,,1,wa-sos,2026-09-08T14:21:52+00:00
2024,WA,53025,Grant County,2024-10-30,6,14851,3912,14363,488,,,,,1,wa-sos,2026-09-08T14:21:52+00:00
2024,WA,53025,Grant County,2024-10-31,5,17630,2779,16974,656,,,,,1,wa-sos,2026-09-08T14:21:52+00:00
2024,WA,53025,Grant County,2024-11-01,4,19763,2133,18978,785,,,,,1,wa-sos,2026-09-08T14:21:52+00:00
2024,WA,53025,Grant County,2024-11-02,3,19763,0,18978,785,,,,,1,wa-sos,2026-09-08T14:21:52+00:00
2024,WA,53025,Grant County,2024-11-03,2,22922,3159,21865,1057,,,,,1,wa-sos,2026-09-08T14:21:52+00:00
2024,WA,53025,Grant County,2024-11-04,1,23484,562,22377,1107,,,,,1,wa-sos,2026-09-08T14:21:52+00:00
2024,WA,53025,Grant County,2024-11-05,0,23486,2,22379,1107,,,,,1,wa-sos,2026-09-08T14:21:52+00:00
2024,WA,53027,Grays Harbor County,2024-10-04,32,1,1,1,0,,,,,1,wa-sos,2026-09-08T14:21:52+00:00
2024,WA,53027,Grays Harbor County,2024-10-05,31,1,0,1,0,,,,,1,wa-sos,2026-09-08T14:21:52+00:00
2024,WA,53027,Grays Harbor County,2024-10-06,30,1,0,1,0,,,,,1,wa-sos,2026-09-08T14:21:52+00:00
2024,WA,53027,Grays Harbor County,2024-10-07,29,1,0,1,0,,,,,1,wa-sos,2026-09-08T14:21:52+00:00
2024,WA,53027,Grays Harbor County,2024-10-08,28,1,0,1,0,,,,,1,wa-sos,2026-09-08T14:21:52+00:00
2024,WA,53027,Grays Harbor County,2024-10-09,27,1,0,1,0,,,,,1,wa-sos,2026-09-08T14:21:52+00:00
2024,WA,53027,Grays Harbor County,2024-10-10,26,1,0,1,0,,,,,1,wa-sos,2026-09-08T14:21:52+00:00
2024,WA,53027,Grays Harbor County,2024-10-11,25,1,0,1,0,,,,,1,wa-sos,2026-09-08T14:21:52+00:00
2024,WA,53027,Grays Harbor County,2024-10-12,24,1,0,1,0,,,,,1,wa-sos,2026-09-08T14:21:52+00:00
2024,WA,53027,Grays Harbor County,2024-10-13,23,1,0,1,0,,,,,1,wa-sos,2026-09-08T14:21:52+00:00
2024,WA,53027,Grays Harbor County,2024-10-14,22,1,0,1,0,,,,,1,wa-sos,2026-09-08T14:21:52+00:00
2024,WA,53027,Grays Harbor County,2024-10-15,21,1,0,1,0,,,,,1,wa-sos,2026-09-08T14:21:52+00:00
2024,WA,53027,Grays Harbor County,2024-10-16,20,1,0,1,0,,,,,1,wa-sos,2026-09-08T14:21:52+00:00
2024,WA,53027,Grays Harbor County,2024-10-17,19,2,1,2,0,,,,,1,wa-sos,2026-09-08T14:21:52+00:00
2024,WA,53027,Grays Harbor County,2024-10-18,18,2,0,2,0,,,,,1,wa-sos,2026-09-08T14:21:52+00:00
2024,WA,53027,Grays Harbor County,2024-10-19,17,2,0,2,0,,,,,1,wa-sos,2026-09-08T14:21:52+00:00
2024,WA,53027,Grays Harbor County,2024-10-20,16,2,0,2,0,,,,,1,wa-sos,2026-09-08T14:21:52+00:00
2024,WA,53027,Grays Harbor County,2024-10-21,15,2,0,2,0,,,,,1,wa-sos,2026-09-08T14:21:52+00:00
2024,WA,53027,Grays Harbor County,2024-10-22,14,7490,7488,7490,0,,,,,1,wa-sos,2026-09-08T14:21:52+00:00
2024,WA,53027,Grays Harbor County,2024-10-23,13,7490,0,7490,0,,,,,1,wa-sos,2026-09-08T14:21:52+00:00
2024,WA,53027,Grays Harbor County,2024-10-24,12,9981,2491,9981,0,,,,,1,wa-sos,2026-09-08T14:21:52+00:00
2024,WA,53027,Grays Harbor County,2024-10-25,11,11521,1540,11521,0,,,,,1,wa-sos,2026-09-08T14:21:52+00:00
2024,WA,53027,Grays Harbor County,2024-10-26,10,11521,0,11521,0,,,,,1,wa-sos,2026-09-08T14:21:52+00:00
2024,WA,53027,Grays Harbor County,2024-10-27,9,11521,0,11521,0,,,,,1,wa-sos,2026-09-08T14:21:52+00:00
2024,WA,53027,Grays Harbor County,2024-10-28,8,13514,1993,13514,0,,,,,1,wa-sos,2026-09-08T14:21:52+00:00
2024,WA,53027,Grays Harbor County,2024-10-29,7,16793,3279,16793,0,,,,,1,wa-sos,2026-09-08T14:21:52+00:00
2024,WA,53027,Grays Harbor County,2024-10-30,6,20509,3716,20509,0,,,,,1,wa-sos,2026-09-08T14:21:52+00:00
2024,WA,53027,Grays Harbor County,2024-10-31,5,21426,917,21426,0,,,,,1,wa-sos,2026-09-08T14:21:52+00:00
2024,WA,53027,Grays Harbor County,2024-11-01,4,24354,2928,24354,0,,,,,1,wa-sos,2026-09-08T14:21:52+00:00
2024,WA,53027,Grays Harbor County,2024-11-02,3,24354,0,24354,0,,,,,1,wa-sos,2026-09-08T14:21:52+00:00
2024,WA,53027,Grays Harbor County,2024-11-03,2,24354,0,24354,0,,,,,1,wa-sos,2026-09-08T14:21:52+00:00
2024,WA,53027,Grays Harbor County,2024-11-04,1,26140,1786,26140,0,,,,,1,wa-sos,2026-09-08T14:21:52+00:00
2024,WA,53027,Grays Harbor County,2024-11-05,0,31081,4941,31081,0,,,,,1,wa-sos,2026-09-08T14:21:52+00:00
2024,WA,53029,Island County,2024-09-25,41,118,118,118,0,,,,,1,wa-sos,2026-09-08T14:21:52+00:00
2024,WA,53029,Island County,2024-09-26,40,118,0,118,0,,,,,1,wa-sos,2026-09-08T14:21:52+00:00
2024,WA,53029,Island County,2024-09-27,39,118,0,118,0,,,,,1,wa-sos,2026-09-08T14:21:52+00:00
2024,WA,53029,Island County,2024-09-28,38,118,0,118,0,,,,,1,wa-sos,2026-09-08T14:21:52+00:00
2024,WA,53029,Island County,2024-09-29,37,118,0,118,0,,,,,1,wa-sos,2026-09-08T14:21:52+00:00
2024,WA,53029,Island County,2024-09-30,36,118,0,118,0,,,,,1,wa-sos,2026-09-08T14:21:52+00:00
2024,WA,53029,Island County,2024-10-01,35,307,189,307,0,,,,,1,wa-sos,2026-09-08T14:21:52+00:00
2024,WA,53029,Island County,2024-10-02,34,388,81,388,0,,,,,1,wa-sos,2026-09-08T14:21:52+00:00
2024,WA,53029,Island County,2024-10-03,33,388,0,388,0,,,,,1,wa-sos,2026-09-08T14:21:52+00:00
2024,WA,53029,Island County,2024-10-04,32,471,83,471,0,,,,,1,wa-sos,2026-09-08T14:21:52+00:00
2024,WA,53029,Island County,2024-10-05,31,471,0,471,0,,,,,1,wa-sos,2026-09-08T14:21:52+00:00
2024,WA,53029,Island County,2024-10-06,30,471,0,471,0,,,,,1,wa-sos,2026-09-08T14:21:52+00:00
2024,WA,53029,Island County,2024-10-07,29,570,99,570,0,,,,,1,wa-sos,2026-09-08T14:21:52+00:00
2024,WA,53029,Island County,2024-10-08,28,581,11,581,0,,,,,1,wa-sos,2026-09-08T14:21:52+00:00
2024,WA,53029,Island County,2024-10-09,27,581,0,581,0,,,,,1,wa-sos,2026-09-08T14:21:52+00:00
2024,WA,53029,Island County,2024-10-10,26,581,0,581,0,,,,,1,wa-sos,2026-09-08T14:21:52+00:00
2024,WA,53029,Island County,2024-10-11,25,721,140,721,0,,,,,1,wa-sos,2026-09-08T14:21:52+00:00
2024,WA,53029,Island County,2024-10-12,24,721,0,721,0,,,,,1,wa-sos,2026-09-08T14:21:52+00:00
2024,WA,53029,Island County,2024-10-13,23,721,0,721,0,,,,,1,wa-sos,2026-09-08T14:21:52+00:00
2024,WA,53029,Island County,2024-10-14,22,721,0,721,0,,,,,1,wa-sos,2026-09-08T14:21:52+00:00
2024,WA,53029,Island County,2024-10-15,21,721,0,721,0,,,,,1,wa-sos,2026-09-08T14:21:52+00:00
2024,WA,53029,Island County,2024-10-16,20,721,0,721,0,,,,,1,wa-sos,2026-09-08T14:21:52+00:00
2024,WA,53029,Island County,2024-10-17,19,961,240,961,0,,,,,1,wa-sos,2026-09-08T14:21:52+00:00
2024,WA,53029,Island County,2024-10-18,18,1391,430,1391,0,,,,,1,wa-sos,2026-09-08T14:21:52+00:00
2024,WA,53029,Island County,2024-10-19,17,1391,0,1391,0,,,,,1,wa-sos,2026-09-08T14:21:52+00:00
2024,WA,53029,Island County,2024-10-20,16,1391,0,1391,0,,,,,1,wa-sos,2026-09-08T14:21:52+00:00
2024,WA,53029,Island County,2024-10-21,15,6012,4621,6012,0,,,,,1,wa-sos,2026-09-08T14:21:52+00:00
2024,WA,53029,Island County,2024-10-22,14,7618,1606,7618,0,,,,,1,wa-sos,2026-09-08T14:21:52+00:00
2024,WA,53029,Island County,2024-10-23,13,14069,6451,14069,0,,,,,1,wa-sos,2026-09-08T14:21:52+00:00
2024,WA,53029,Island County,2024-10-24,12,15299,1230,15299,0,,,,,1,wa-sos,2026-09-08T14:21:52+00:00
2024,WA,53029,Island County,2024-10-25,11,19831,4532,19831,0,,,,,1,wa-sos,2026-09-08T14:21:52+00:00
2024,WA,53029,Island County,2024-10-26,10,19831,0,19831,0,,,,,1,wa-sos,2026-09-08T14:21:52+00:00
2024,WA,53029,Island County,2024-10-27,9,19831,0,19831,0,,,,,1,wa-sos,2026-09-08T14:21:52+00:00
2024,WA,53029,Island County,2024-10-28,8,25127,5296,25127,0,,,,,1,wa-sos,2026-09-08T14:21:52+00:00
2024,WA,53029,Island County,2024-10-29,7,26106,979,26106,0,,,,,1,wa-sos,2026-09-08T14:21:52+00:00
2024,WA,53029,Island County,2024-10-30,6,31332,5226,31332,0,,,,,1,wa-sos,2026-09-08T14:21:52+00:00
2024,WA,53029,Island County,2024-10-31,5,32715,1383,32715,0,,,,,1,wa-sos,2026-09-08T14:21:52+00:00
2024,WA,53029,Island County,2024-11-01,4,35543,2828,35543,0,,,,,1,wa-sos,2026-09-08T14:21:52+00:00
2024,WA,53029,Island County,2024-11-02,3,35543,0,35543,0,,,,,1,wa-sos,2026-09-08T14:21:52+00:00
2024,WA,53029,Island County,2024-11-03,2,35543,0,35543,0,,,,,1,wa-sos,2026-09-08T14:21:52+00:00
2024,WA,53029,Island County,2024-11-04,1,42688,7145,42688,0,,,,,1,wa-sos,2026-09-08T14:21:52+00:00
2024,WA,53029,Island County,2024-11-05,0,52231,9543,52230,0,,,,,1,wa-sos,2026-09-08T14:21:52+00:00
2024,WA,53031,Jefferson County,2024-10-21,15,2925,2925,2925,0,,,,,1,wa-sos,2026-09-08T14:21:52+00:00
2024,WA,53031,Jefferson County,2024-10-22,14,5692,2767,5692,0,,,,,1,wa-sos,2026-09-08T14:21:52+00:00
2024,WA,53031,Jefferson County,2024-10-23,13,7874,2182,7874,0,,,,,1,wa-sos,2026-09-08T14:21:52+00:00
2024,WA,53031,Jefferson County,2024-10-24,12,9534,1660,9534,0,,,,,1,wa-sos,2026-09-08T14:21:52+00:00
2024,WA,53031,Jefferson County,2024-10-25,11,10970,1436,10970,0,,,,,1,wa-sos,2026-09-08T14:21:52+00:00
2024,WA,53031,Jefferson County,2024-10-26,10,10970,0,10970,0,,,,,1,wa-sos,2026-09-08T14:21:52+00:00
2024,WA,53031,Jefferson County,2024-10-27,9,10970,0,10970,0,,,,,1,wa-sos,2026-09-08T14:21:52+00:00
2024,WA,53031,Jefferson County,2024-10-28,8,13312,2342,13312,0,,,,,1,wa-sos,2026-09-08T14:21:52+00:00
2024,WA,53031,Jefferson County,2024-10-29,7,14887,1575,14887,0,,,,,1,wa-sos,2026-09-08T14:21:52+00:00
2024,WA,53031,Jefferson County,2024-10-30,6,16302,1415,16302,0,,,,,1,wa-sos,2026-09-08T14:21:52+00:00
2024,WA,53031,Jefferson County,2024-10-31,5,17474,1172,17474,0,,,,,1,wa-sos,2026-09-08T14:21:52+00:00
2024,WA,53031,Jefferson County,2024-11-01,4,18588,1114,18588,0,,,,,1,wa-sos,2026-09-08T14:21:52+00:00
2024,WA,53031,Jefferson County,2024-11-02,3,18588,0,18588,0,,,,,1,wa-sos,2026-09-08T14:21:52+00:00
2024,WA,53031,Jefferson County,2024-11-03,2,18588,0,18588,0,,,,,1,wa-sos,2026-09-08T14:21:52+00:00
2024,WA,53031,Jefferson County,2024-11-04,1,20851,2263,20851,0,,,,,1,wa-sos,2026-09-08T14:21:52+00:00
2024,WA,53031,Jefferson County,2024-11-05,0,22971,2120,22971,0,,,,,1,wa-sos,2026-09-08T14:21:52+00:00
2024,WA,53033,King County,2024-09-20,46,125,125,125,0,,,,,1,wa-sos,2026-09-08T14:21:52+00:00
2024,WA,53033,King County,2024-09-21,45,391,266,391,0,,,,,1,wa-sos,2026-09-08T14:21:52+00:00
2024,WA,53033,King County,2024-09-22,44,611,220,611,0,,,,,1,wa-sos,2026-09-08T14:21:52+00:00
2024,WA,53033,King County,2024-09-23,43,924,313,924,0,,,,,1,wa-sos,2026-09-08T14:21:52+00:00
2024,WA,53033,King County,2024-09-24,42,1270,346,1270,0,,,,,1,wa-sos,2026-09-08T14:21:52+00:00
2024,WA,53033,King County,2024-09-25,41,1451,181,1451,0,,,,,1,wa-sos,2026-09-08T14:21:52+00:00
2024,WA,53033,King County,2024-09-26,40,1579,128,1579,0,,,,,1,wa-sos,2026-09-08T14:21:52+00:00
2024,WA,53033,King County,2024-09-27,39,1910,331,1910,0,,,,,1,wa-sos,2026-09-08T14:21:52+00:00
2024,WA,53033,King County,2024-09-28,38,2028,118,2028,0,,,,,1,wa-sos,2026-09-08T14:21:52+00:00
2024,WA,53033,King County,2024-09-29,37,2200,172,2200,0,,,,,1,wa-sos,2026-09-08T14:21:52+00:00
2024,WA,53033,King County,2024-09-30,36,2468,268,2468,0,,,,,1,wa-sos,2026-09-08T14:21:52+00:00
2024,WA,53033,King County,2024-10-01,35,2973,505,2973,0,,,,,1,wa-sos,2026-09-08T14:21:52+00:00
2024,WA,53033,King County,2024-10-02,34,3239,266,3239,0,,,,,1,wa-sos,2026-09-08T14:21:52+00:00
2024,WA,53033,King County,2024-10-03,33,3447,208,3447,0,,,,,1,wa-sos,2026-09-08T14:21:52+00:00
2024,WA,53033,King County,2024-10-04,32,4404,957,4404,0,,,,,1,wa-sos,2026-09-08T14:21:52+00:00
2024,WA,53033,King County,2024-10-05,31,4569,165,4569,0,,,,,1,wa-sos,2026-09-08T14:21:52+00:00
2024,WA,53033,King County,2024-10-06,30,4730,161,4730,0,,,,,1,wa-sos,2026-09-08T14:21:52+00:00
2024,WA,53033,King County,2024-10-07,29,5008,278,5008,0,,,,,1,wa-sos,2026-09-08T14:21:52+00:00
2024,WA,53033,King County,2024-10-08,28,5699,691,5699,0,,,,,1,wa-sos,2026-09-08T14:21:52+00:00
2024,WA,53033,King County,2024-10-09,27,5890,191,5890,0,,,,,1,wa-sos,2026-09-08T14:21:52+00:00
2024,WA,53033,King County,2024-10-10,26,6154,264,6154,0,,,,,1,wa-sos,2026-09-08T14:21:52+00:00
2024,WA,53033,King County,2024-10-11,25,7280,1126,7280,0,,,,,1,wa-sos,2026-09-08T14:21:52+00:00
2024,WA,53033,King County,2024-10-12,24,7418,138,7418,0,,,,,1,wa-sos,2026-09-08T14:21:52+00:00
2024,WA,53033,King County,2024-10-13,23,7624,206,7624,0,,,,,1,wa-sos,2026-09-08T14:21:52+00:00
2024,WA,53033,King County,2024-10-14,22,8025,401,8025,0,,,,,1,wa-sos,2026-09-08T14:21:52+00:00
2024,WA,53033,King County,2024-10-15,21,8271,246,8271,0,,,,,1,wa-sos,2026-09-08T14:21:52+00:00
2024,WA,53033,King County,2024-10-16,20,8587,316,8587,0,,,,,1,wa-sos,2026-09-08T14:21:52+00:00
2024,WA,53033,King County,2024-10-17,19,8955,368,8955,0,,,,,1,wa-sos,2026-09-08T14:21:52+00:00
2024,WA,53033,King County,2024-10-18,18,13517,4562,13517,0,,,,,1,wa-sos,2026-09-08T14:21:52+00:00
2024,WA,53033,King County,2024-10-19,17,13659,142,13659,0,,,,,1,wa-sos,2026-09-08T14:21:52+00:00
2024,WA,53033,King County,2024-10-20,16,36527,22868,36527,0,,,,,1,wa-sos,2026-09-08T14:21:52+00:00
2024,WA,53033,King County,2024-10-21,15,78124,41597,78124,0,,,,,1,wa-sos,2026-09-08T14:21:52+00:00
2024,WA,53033,King County,2024-10-22,14,145602,67478,145602,0,,,,,1,wa-sos,2026-09-08T14:21:52+00:00
2024,WA,53033,King County,2024-10-23,13,201920,56318,201918,0,,,,,1,wa-sos,2026-09-08T14:21:52+00:00
2024,WA,53033,King County,2024-10-24,12,254348,52428,254346,0,,,,,1,wa-sos,2026-09-08T14:21:52+00:00
2024,WA,53033,King County,2024-10-25,11,315788,61440,315785,0,,,,,1,wa-sos,2026-09-08T14:21:52+00:00
2024,WA,53033,King County,2024-10-26,10,316281,493,316278,0,,,,,1,wa-sos,2026-09-08T14:21:52+00:00
2024,WA,53033,King County,2024-10-27,9,348187,31906,348184,0,,,,,1,wa-sos,2026-09-08T14:21:52+00:00
2024,WA,53033,King County,2024-10-28,8,416699,68512,416696,0,,,,,1,wa-sos,2026-09-08T14:21:52+00:00
2024,WA,53033,King County,2024-10-29,7,491609,74910,491606,0,,,,,1,wa-sos,2026-09-08T14:21:52+00:00
2024,WA,53033,King County,2024-10-30,6,575535,83926,575531,0,,,,,1,wa-sos,2026-09-08T14:21:52+00:00
2024,WA,53033,King County,2024-10-31,5,633914,58379,633910,0,,,,,1,wa-sos,2026-09-08T14:21:52+00:00
2024,WA,53033,King County,2024-11-01,4,688899,54985,688895,0,,,,,1,wa-sos,2026-09-08T14:21:52+00:00
2024,WA,53033,King County,2024-11-02,3,731105,42206,731101,0,,,,,1,wa-sos,2026-09-08T14:21:52+00:00
2024,WA,53033,King County,2024-11-03,2,782635,51530,782631,0,,,,,1,wa-sos,2026-09-08T14:21:52+00:00
2024,WA,53033,King County,2024-11-04,1,914064,131429,914060,0,,,,,1,wa-sos,2026-09-08T14:21:52+00:00
2024,WA,53033,King County,2024-11-05,0,1125976,211912,1125972,0,,,,,1,wa-sos,2026-09-08T14:21:52+00:00
2024,WA,53035,Kitsap County,2024-09-23,43,84,84,84,0,,,,,1,wa-sos,2026-09-08T14:21:52+00:00
2024,WA,53035,Kitsap County,2024-09-24,42,131,47,131,0,,,,,1,wa-sos,2026-09-08T14:21:52+00:00
2024,WA,53035,Kitsap County,2024-09-25,41,160,29,160,0,,,,,1,wa-sos,2026-09-08T14:21:52+00:00
2024,WA,53035,Kitsap County,2024-09-26,40,190,30,190,0,,,,,1,wa-sos,2026-09-08T14:21:52+00:00
2024,WA,53035,Kitsap County,2024-09-27,39,216,26,216,0,,,,,1,wa-sos,2026-09-08T14:21:52+00:00
2024,WA,53035,Kitsap County,2024-09-28,38,216,0,216,0,,,,,1,wa-sos,2026-09-08T14:21:52+00:00
2024,WA,53035,Kitsap County,2024-09-29,37,216,0,216,0,,,,,1,wa-sos,2026-09-08T14:21:52+00:00
2024,WA,53035,Kitsap County,2024-09-30,36,468,252,468,0,,,,,1,wa-sos,2026-09-08T14:21:52+00:00
2024,WA,53035,Kitsap County,2024-10-01,35,544,76,544,0,,,,,1,wa-sos,2026-09-08T14:21:52+00:00
2024,WA,53035,Kitsap County,2024-10-02,34,565,21,565,0,,,,,1,wa-sos,2026-09-08T14:21:52+00:00
2024,WA,53035,Kitsap County,2024-10-03,33,581,16,581,0,,,,,1,wa-sos,2026-09-08T14:21:52+00:00
2024,WA,53035,Kitsap County,2024-10-04,32,589,8,589,0,,,,,1,wa-sos,2026-09-08T14:21:52+00:00
2024,WA,53035,Kitsap County,2024-10-05,31,589,0,589,0,,,,,1,wa-sos,2026-09-08T14:21:52+00:00
2024,WA,53035,Kitsap County,2024-10-06,30,589,0,589,0,,,,,1,wa-sos,2026-09-08T14:21:52+00:00
2024,WA,53035,Kitsap County,2024-10-07,29,694,105,694,0,,,,,1,wa-sos,2026-09-08T14:21:52+00:00
2024,WA,53035,Kitsap County,2024-10-08,28,1069,375,1069,0,,,,,1,wa-sos,2026-09-08T14:21:52+00:00
2024,WA,53035,Kitsap County,2024-10-09,27,1086,17,1086,0,,,,,1,wa-sos,2026-09-08T14:21:52+00:00
2024,WA,53035,Kitsap County,2024-10-10,26,1119,33,1119,0,,,,,1,wa-sos,2026-09-08T14:21:52+00:00
2024,WA,53035,Kitsap County,2024-10-11,25,1140,21,1140,0,,,,,1,wa-sos,2026-09-08T14:21:52+00:00
2024,WA,53035,Kitsap County,2024-10-12,24,1140,0,1140,0,,,,,1,wa-sos,2026-09-08T14:21:52+00:00
2024,WA,53035,Kitsap County,2024-10-13,23,1140,0,1140,0,,,,,1,wa-sos,2026-09-08T14:21:52+00:00
2024,WA,53035,Kitsap County,2024-10-14,22,1191,51,1191,0,,,,,1,wa-sos,2026-09-08T14:21:52+00:00
2024,WA,53035,Kitsap County,2024-10-15,21,1239,48,1239,0,,,,,1,wa-sos,2026-09-08T14:21:52+00:00
2024,WA,53035,Kitsap County,2024-10-16,20,1276,37,1276,0,,,,,1,wa-sos,2026-09-08T14:21:52+00:00
2024,WA,53035,Kitsap County,2024-10-17,19,1304,28,1304,0,,,,,1,wa-sos,2026-09-08T14:21:52+00:00
2024,WA,53035,Kitsap County,2024-10-18,18,1324,20,1324,0,,,,,1,wa-sos,2026-09-08T14:21:52+00:00
2024,WA,53035,Kitsap County,2024-10-19,17,1324,0,1324,0,,,,,1,wa-sos,2026-09-08T14:21:52+00:00
2024,WA,53035,Kitsap County,2024-10-20,16,1324,0,1324,0,,,,,1,wa-sos,2026-09-08T14:21:52+00:00
2024,WA,53035,Kitsap County,2024-10-21,15,5277,3953,5276,1,,,,,1,wa-sos,2026-09-08T14:21:52+00:00
2024,WA,53035,Kitsap County,2024-10-22,14,19995,14718,19986,9,,,,,1,wa-sos,2026-09-08T14:21:52+00:00
2024,WA,53035,Kitsap County,2024-10-23,13,32205,12210,32190,15,,,,,1,wa-sos,2026-09-08T14:21:52+00:00
2024,WA,53035,Kitsap County,2024-10-24,12,45063,12858,45044,19,,,,,1,wa-sos,2026-09-08T14:21:52+00:00
2024,WA,53035,Kitsap County,2024-10-25,11,53908,8845,53882,26,,,,,1,wa-sos,2026-09-08T14:21:52+00:00
2024,WA,53035,Kitsap County,2024-10-26,10,53985,77,53959,26,,,,,1,wa-sos,2026-09-08T14:21:52+00:00
2024,WA,53035,Kitsap County,2024-10-27,9,53985,0,53959,26,,,,,1,wa-sos,2026-09-08T14:21:52+00:00
2024,WA,53035,Kitsap County,2024-10-28,8,69796,15811,69761,35,,,,,1,wa-sos,2026-09-08T14:21:52+00:00
2024,WA,53035,Kitsap County,2024-10-29,7,76114,6318,76077,37,,,,,1,wa-sos,2026-09-08T14:21:52+00:00
2024,WA,53035,Kitsap County,2024-10-30,6,86777,10663,86737,40,,,,,1,wa-sos,2026-09-08T14:21:52+00:00
2024,WA,53035,Kitsap County,2024-10-31,5,91447,4670,91406,41,,,,,1,wa-sos,2026-09-08T14:21:52+00:00
2024,WA,53035,Kitsap County,2024-11-01,4,96340,4893,96299,41,,,,,1,wa-sos,2026-09-08T14:21:52+00:00
2024,WA,53035,Kitsap County,2024-11-02,3,106852,10512,106811,41,,,,,1,wa-sos,2026-09-08T14:21:52+00:00
2024,WA,53035,Kitsap County,2024-11-03,2,106852,0,106811,41,,,,,1,wa-sos,2026-09-08T14:21:52+00:00
2024,WA,53035,Kitsap County,2024-11-04,1,117260,10408,117218,42,,,,,1,wa-sos,2026-09-08T14:21:52+00:00
2024,WA,53035,Kitsap County,2024-11-05,0,153858,36598,153815,42,,,,,1,wa-sos,2026-09-08T14:21:52+00:00
2024,WA,53037,Kittitas County,2024-10-18,18,484,484,484,0,,,,,1,wa-sos,2026-09-08T14:21:52+00:00
2024,WA,53037,Kittitas County,2024-10-19,17,484,0,484,0,,,,,1,wa-sos,2026-09-08T14:21:52+00:00
2024,WA,53037,Kittitas County,2024-10-20,16,484,0,484,0,,,,,1,wa-sos,2026-09-08T14:21:52+00:00
2024,WA,53037,Kittitas County,2024-10-21,15,2197,1713,2197,0,,,,,1,wa-sos,2026-09-08T14:21:52+00:00
2024,WA,53037,Kittitas County,2024-10-22,14,3339,1142,3339,0,,,,,1,wa-sos,2026-09-08T14:21:52+00:00
2024,WA,53037,Kittitas County,2024-10-23,13,4719,1380,4719,0,,,,,1,wa-sos,2026-09-08T14:21:52+00:00
2024,WA,53037,Kittitas County,2024-10-24,12,6497,1778,6497,0,,,,,1,wa-sos,2026-09-08T14:21:52+00:00
2024,WA,53037,Kittitas County,2024-10-25,11,8267,1770,8267,0,,,,,1,wa-sos,2026-09-08T14:21:52+00:00
2024,WA,53037,Kittitas County,2024-10-26,10,8267,0,8267,0,,,,,1,wa-sos,2026-09-08T14:21:52+00:00
2024,WA,53037,Kittitas County,2024-10-27,9,8267,0,8267,0,,,,,1,wa-sos,2026-09-08T14:21:52+00:00
2024,WA,53037,Kittitas County,2024-10-28,8,10843,2576,10843,0,,,,,1,wa-sos,2026-09-08T14:21:52+00:00
2024,WA,53037,Kittitas County,2024-10-29,7,12056,1213,12056,0,,,,,1,wa-sos,2026-09-08T14:21:52+00:00
2024,WA,53037,Kittitas County,2024-10-30,6,13871,1815,13871,0,,,,,1,wa-sos,2026-09-08T14:21:52+00:00
2024,WA,53037,Kittitas County,2024-10-31,5,14825,954,14825,0,,,,,1,wa-sos,2026-09-08T14:21:52+00:00
2024,WA,53037,Kittitas County,2024-11-01,4,16875,2050,16875,0,,,,,1,wa-sos,2026-09-08T14:21:52+00:00
2024,WA,53037,Kittitas County,2024-11-02,3,16875,0,16875,0,,,,,1,wa-sos,2026-09-08T14:21:52+00:00
2024,WA,53037,Kittitas County,2024-11-03,2,16875,0,16875,0,,,,,1,wa-sos,2026-09-08T14:21:52+00:00
2024,WA,53037,Kittitas County,2024-11-04,1,19841,2966,19841,0,,,,,1,wa-sos,2026-09-08T14:21:52+00:00
2024,WA,53037,Kittitas County,2024-11-05,0,23346,3505,23346,0,,,,,1,wa-sos,2026-09-08T14:21:52+00:00
2024,WA,53039,Klickitat County,2024-09-19,47,1,1,1,0,,,,,1,wa-sos,2026-09-08T14:21:52+00:00
2024,WA,53039,Klickitat County,2024-09-20,46,1,0,1,0,,,,,1,wa-sos,2026-09-08T14:21:52+00:00
2024,WA,53039,Klickitat County,2024-09-21,45,1,0,1,0,,,,,1,wa-sos,2026-09-08T14:21:52+00:00
2024,WA,53039,Klickitat County,2024-09-22,44,1,0,1,0,,,,,1,wa-sos,2026-09-08T14:21:52+00:00
2024,WA,53039,Klickitat County,2024-09-23,43,4,3,4,0,,,,,1,wa-sos,2026-09-08T14:21:52+00:00
2024,WA,53039,Klickitat County,2024-09-24,42,11,7,11,0,,,,,1,wa-sos,2026-09-08T14:21:52+00:00
2024,WA,53039,Klickitat County,2024-09-25,41,12,1,12,0,,,,,1,wa-sos,2026-09-08T14:21:52+00:00
2024,WA,53039,Klickitat County,2024-09-26,40,18,6,18,0,,,,,1,wa-sos,2026-09-08T14:21:52+00:00
2024,WA,53039,Klickitat County,2024-09-27,39,20,2,20,0,,,,,1,wa-sos,2026-09-08T14:21:52+00:00
2024,WA,53039,Klickitat County,2024-09-28,38,20,0,20,0,,,,,1,wa-sos,2026-09-08T14:21:52+00:00
2024,WA,53039,Klickitat County,2024-09-29,37,20,0,20,0,,,,,1,wa-sos,2026-09-08T14:21:52+00:00
2024,WA,53039,Klickitat County,2024-09-30,36,27,7,27,0,,,,,1,wa-sos,2026-09-08T14:21:52+00:00
2024,WA,53039,Klickitat County,2024-10-01,35,27,0,27,0,,,,,1,wa-sos,2026-09-08T14:21:52+00:00
2024,WA,53039,Klickitat County,2024-10-02,34,27,0,27,0,,,,,1,wa-sos,2026-09-08T14:21:52+00:00
2024,WA,53039,Klickitat County,2024-10-03,33,32,5,32,0,,,,,1,wa-sos,2026-09-08T14:21:52+00:00
2024,WA,53039,Klickitat County,2024-10-04,32,35,3,35,0,,,,,1,wa-sos,2026-09-08T14:21:52+00:00
2024,WA,53039,Klickitat County,2024-10-05,31,35,0,35,0,,,,,1,wa-sos,2026-09-08T14:21:52+00:00
2024,WA,53039,Klickitat County,2024-10-06,30,35,0,35,0,,,,,1,wa-sos,2026-09-08T14:21:52+00:00
2024,WA,53039,Klickitat County,2024-10-07,29,37,2,37,0,,,,,1,wa-sos,2026-09-08T14:21:52+00:00
2024,WA,53039,Klickitat County,2024-10-08,28,47,10,47,0,,,,,1,wa-sos,2026-09-08T14:21:52+00:00
2024,WA,53039,Klickitat County,2024-10-09,27,47,0,47,0,,,,,1,wa-sos,2026-09-08T14:21:52+00:00
2024,WA,53039,Klickitat County,2024-10-10,26,49,2,49,0,,,,,1,wa-sos,2026-09-08T14:21:52+00:00
2024,WA,53039,Klickitat County,2024-10-11,25,53,4,53,0,,,,,1,wa-sos,2026-09-08T14:21:52+00:00
2024,WA,53039,Klickitat County,2024-10-12,24,55,2,55,0,,,,,1,wa-sos,2026-09-08T14:21:52+00:00
2024,WA,53039,Klickitat County,2024-10-13,23,55,0,55,0,,,,,1,wa-sos,2026-09-08T14:21:52+00:00
2024,WA,53039,Klickitat County,2024-10-14,22,56,1,56,0,,,,,1,wa-sos,2026-09-08T14:21:52+00:00
2024,WA,53039,Klickitat County,2024-10-15,21,58,2,58,0,,,,,1,wa-sos,2026-09-08T14:21:52+00:00
2024,WA,53039,Klickitat County,2024-10-16,20,59,1,59,0,,,,,1,wa-sos,2026-09-08T14:21:52+00:00
2024,WA,53039,Klickitat County,2024-10-17,19,68,9,60,8,,,,,1,wa-sos,2026-09-08T14:21:52+00:00
2024,WA,53039,Klickitat County,2024-10-18,18,71,3,63,8,,,,,1,wa-sos,2026-09-08T14:21:52+00:00
2024,WA,53039,Klickitat County,2024-10-19,17,71,0,63,8,,,,,1,wa-sos,2026-09-08T14:21:52+00:00
2024,WA,53039,Klickitat County,2024-10-20,16,71,0,63,8,,,,,1,wa-sos,2026-09-08T14:21:52+00:00
2024,WA,53039,Klickitat County,2024-10-21,15,243,172,235,8,,,,,1,wa-sos,2026-09-08T14:21:52+00:00
2024,WA,53039,Klickitat County,2024-10-22,14,384,141,376,8,,,,,1,wa-sos,2026-09-08T14:21:52+00:00
2024,WA,53039,Klickitat County,2024-10-23,13,827,443,819,8,,,,,1,wa-sos,2026-09-08T14:21:52+00:00
2024,WA,53039,Klickitat County,2024-10-24,12,1837,1010,1829,8,,,,,1,wa-sos,2026-09-08T14:21:52+00:00
2024,WA,53039,Klickitat County,2024-10-25,11,3025,1188,3017,8,,,,,1,wa-sos,2026-09-08T14:21:52+00:00
2024,WA,53039,Klickitat County,2024-10-26,10,3025,0,3017,8,,,,,1,wa-sos,2026-09-08T14:21:52+00:00
2024,WA,53039,Klickitat County,2024-10-27,9,3025,0,3017,8,,,,,1,wa-sos,2026-09-08T14:21:52+00:00
2024,WA,53039,Klickitat County,2024-10-28,8,3573,548,3565,8,,,,,1,wa-sos,2026-09-08T14:21:52+00:00
2024,WA,53039,Klickitat County,2024-10-29,7,4823,1250,4815,8,,,,,1,wa-sos,2026-09-08T14:21:52+00:00
2024,WA,53039,Klickitat County,2024-10-30,6,6176,1353,6168,8,,,,,1,wa-sos,2026-09-08T14:21:52+00:00
2024,WA,53039,Klickitat County,2024-10-31,5,6844,668,6836,8,,,,,1,wa-sos,2026-09-08T14:21:52+00:00
2024,WA,53039,Klickitat County,2024-11-01,4,8103,1259,8095,8,,,,,1,wa-sos,2026-09-08T14:21:52+00:00
2024,WA,53039,Klickitat County,2024-11-02,3,8584,481,8576,8,,,,,1,wa-sos,2026-09-08T14:21:52+00:00
2024,WA,53039,Klickitat County,2024-11-03,2,8584,0,8576,8,,,,,1,wa-sos,2026-09-08T14:21:52+00:00
2024,WA,53039,Klickitat County,2024-11-04,1,9987,1403,9979,8,,,,,1,wa-sos,2026-09-08T14:21:52+00:00
2024,WA,53039,Klickitat County,2024-11-05,0,11365,1378,11357,8,,,,,1,wa-sos,2026-09-08T14:21:52+00:00
2024,WA,53041,Lewis County,2024-10-21,15,1838,1838,1838,0,,,,,1,wa-sos,2026-09-08T14:21:52+00:00
2024,WA,53041,Lewis County,2024-10-22,14,6968,5130,6968,0,,,,,1,wa-sos,2026-09-08T14:21:52+00:00
2024,WA,53041,Lewis County,2024-10-23,13,9973,3005,9973,0,,,,,1,wa-sos,2026-09-08T14:21:52+00:00
2024,WA,53041,Lewis County,2024-10-24,12,13387,3414,13387,0,,,,,1,wa-sos,2026-09-08T14:21:52+00:00
2024,WA,53041,Lewis County,2024-10-25,11,15478,2091,15478,0,,,,,1,wa-sos,2026-09-08T14:21:52+00:00
2024,WA,53041,Lewis County,2024-10-26,10,15478,0,15478,0,,,,,1,wa-sos,2026-09-08T14:21:52+00:00
2024,WA,53041,Lewis County,2024-10-27,9,15478,0,15478,0,,,,,1,wa-sos,2026-09-08T14:21:52+00:00
2024,WA,53041,Lewis County,2024-10-28,8,18848,3370,18848,0,,,,,1,wa-sos,2026-09-08T14:21:52+00:00
2024,WA,53041,Lewis County,2024-10-29,7,23713,4865,23713,0,,,,,1,wa-sos,2026-09-08T14:21:52+00:00
2024,WA,53041,Lewis County,2024-10-30,6,25943,2230,25943,0,,,,,1,wa-sos,2026-09-08T14:21:52+00:00
2024,WA,53041,Lewis County,2024-10-31,5,28809,2866,28809,0,,,,,1,wa-sos,2026-09-08T14:21:52+00:00
2024,WA,53041,Lewis County,2024-11-01,4,30463,1654,30463,0,,,,,1,wa-sos,2026-09-08T14:21:52+00:00
2024,WA,53041,Lewis County,2024-11-02,3,30463,0,30463,0,,,,,1,wa-sos,2026-09-08T14:21:52+00:00
2024,WA,53041,Lewis County,2024-11-03,2,30463,0,30463,0,,,,,1,wa-sos,2026-09-08T14:21:52+00:00
2024,WA,53041,Lewis County,2024-11-04,1,36235,5772,36235,0,,,,,1,wa-sos,2026-09-08T14:21:52+00:00
2024,WA,53041,Lewis County,2024-11-05,0,41144,4909,41143,0,,,,,1,wa-sos,2026-09-08T14:21:52+00:00
2024,WA,53043,Lincoln County,2024-09-24,42,1,1,1,0,,,,,1,wa-sos,2026-09-08T14:21:52+00:00
2024,WA,53043,Lincoln County,2024-09-25,41,1,0,1,0,,,,,1,wa-sos,2026-09-08T14:21:52+00:00
2024,WA,53043,Lincoln County,2024-09-26,40,1,0,1,0,,,,,1,wa-sos,2026-09-08T14:21:52+00:00
2024,WA,53043,Lincoln County,2024-09-27,39,2,1,2,0,,,,,1,wa-sos,2026-09-08T14:21:52+00:00
2024,WA,53043,Lincoln County,2024-09-28,38,2,0,2,0,,,,,1,wa-sos,2026-09-08T14:21:52+00:00
2024,WA,53043,Lincoln County,2024-09-29,37,2,0,2,0,,,,,1,wa-sos,2026-09-08T14:21:52+00:00
2024,WA,53043,Lincoln County,2024-09-30,36,4,2,4,0,,,,,1,wa-sos,2026-09-08T14:21:52+00:00
2024,WA,53043,Lincoln County,2024-10-01,35,4,0,4,0,,,,,1,wa-sos,2026-09-08T14:21:52+00:00
2024,WA,53043,Lincoln County,2024-10-02,34,4,0,4,0,,,,,1,wa-sos,2026-09-08T14:21:52+00:00
2024,WA,53043,Lincoln County,2024-10-03,33,4,0,4,0,,,,,1,wa-sos,2026-09-08T14:21:52+00:00
2024,WA,53043,Lincoln County,2024-10-04,32,6,2,6,0,,,,,1,wa-sos,2026-09-08T14:21:52+00:00
2024,WA,53043,Lincoln County,2024-10-05,31,6,0,6,0,,,,,1,wa-sos,2026-09-08T14:21:52+00:00
2024,WA,53043,Lincoln County,2024-10-06,30,6,0,6,0,,,,,1,wa-sos,2026-09-08T14:21:52+00:00
2024,WA,53043,Lincoln County,2024-10-07,29,6,0,6,0,,,,,1,wa-sos,2026-09-08T14:21:52+00:00
2024,WA,53043,Lincoln County,2024-10-08,28,6,0,6,0,,,,,1,wa-sos,2026-09-08T14:21:52+00:00
2024,WA,53043,Lincoln County,2024-10-09,27,6,0,6,0,,,,,1,wa-sos,2026-09-08T14:21:52+00:00
2024,WA,53043,Lincoln County,2024-10-10,26,8,2,8,0,,,,,1,wa-sos,2026-09-08T14:21:52+00:00
2024,WA,53043,Lincoln County,2024-10-11,25,11,3,11,0,,,,,1,wa-sos,2026-09-08T14:21:52+00:00
2024,WA,53043,Lincoln County,2024-10-12,24,11,0,11,0,,,,,1,wa-sos,2026-09-08T14:21:52+00:00
2024,WA,53043,Lincoln County,2024-10-13,23,11,0,11,0,,,,,1,wa-sos,2026-09-08T14:21:52+00:00
2024,WA,53043,Lincoln County,2024-10-14,22,13,2,13,0,,,,,1,wa-sos,2026-09-08T14:21:52+00:00
2024,WA,53043,Lincoln County,2024-10-15,21,13,0,13,0,,,,,1,wa-sos,2026-09-08T14:21:52+00:00
2024,WA,53043,Lincoln County,2024-10-16,20,15,2,15,0,,,,,1,wa-sos,2026-09-08T14:21:52+00:00
2024,WA,53043,Lincoln County,2024-10-17,19,17,2,17,0,,,,,1,wa-sos,2026-09-08T14:21:52+00:00
2024,WA,53043,Lincoln County,2024-10-18,18,48,31,48,0,,,,,1,wa-sos,2026-09-08T14:21:52+00:00
2024,WA,53043,Lincoln County,2024-10-19,17,48,0,48,0,,,,,1,wa-sos,2026-09-08T14:21:52+00:00
2024,WA,53043,Lincoln County,2024-10-20,16,48,0,48,0,,,,,1,wa-sos,2026-09-08T14:21:52+00:00
2024,WA,53043,Lincoln County,2024-10-21,15,483,435,483,0,,,,,1,wa-sos,2026-09-08T14:21:52+00:00
2024,WA,53043,Lincoln County,2024-10-22,14,1276,793,1276,0,,,,,1,wa-sos,2026-09-08T14:21:52+00:00
2024,WA,53043,Lincoln County,2024-10-23,13,1902,626,1902,0,,,,,1,wa-sos,2026-09-08T14:21:52+00:00
2024,WA,53043,Lincoln County,2024-10-24,12,2315,413,2315,0,,,,,1,wa-sos,2026-09-08T14:21:52+00:00
2024,WA,53043,Lincoln County,2024-10-25,11,2881,566,2881,0,,,,,1,wa-sos,2026-09-08T14:21:52+00:00
2024,WA,53043,Lincoln County,2024-10-26,10,2881,0,2881,0,,,,,1,wa-sos,2026-09-08T14:21:52+00:00
2024,WA,53043,Lincoln County,2024-10-27,9,2881,0,2881,0,,,,,1,wa-sos,2026-09-08T14:21:52+00:00
2024,WA,53043,Lincoln County,2024-10-28,8,3632,751,3632,0,,,,,1,wa-sos,2026-09-08T14:21:52+00:00
2024,WA,53043,Lincoln County,2024-10-29,7,4043,411,4043,0,,,,,1,wa-sos,2026-09-08T14:21:52+00:00
2024,WA,53043,Lincoln County,2024-10-30,6,4522,479,4522,0,,,,,1,wa-sos,2026-09-08T14:21:52+00:00
2024,WA,53043,Lincoln County,2024-10-31,5,5015,493,5015,0,,,,,1,wa-sos,2026-09-08T14:21:52+00:00
2024,WA,53043,Lincoln County,2024-11-01,4,5289,274,5289,0,,,,,1,wa-sos,2026-09-08T14:21:52+00:00
2024,WA,53043,Lincoln County,2024-11-02,3,5289,0,5289,0,,,,,1,wa-sos,2026-09-08T14:21:52+00:00
2024,WA,53043,Lincoln County,2024-11-03,2,5289,0,5289,0,,,,,1,wa-sos,2026-09-08T14:21:52+00:00
2024,WA,53043,Lincoln County,2024-11-04,1,5668,379,5668,0,,,,,1,wa-sos,2026-09-08T14:21:52+00:00
2024,WA,53043,Lincoln County,2024-11-05,0,6387,719,6387,0,,,,,1,wa-sos,2026-09-08T14:21:52+00:00
2024,WA,53045,Mason County,2024-09-13,53,2,2,2,0,,,,,1,wa-sos,2026-09-08T14:21:52+00:00
2024,WA,53045,Mason County,2024-09-16,50,2,0,2,0,,,,,1,wa-sos,2026-09-08T14:21:52+00:00
2024,WA,53045,Mason County,2024-09-18,48,3,1,3,0,,,,,1,wa-sos,2026-09-08T14:21:52+00:00
2024,WA,53045,Mason County,2024-09-19,47,5,2,5,0,,,,,1,wa-sos,2026-09-08T14:21:52+00:00
2024,WA,53045,Mason County,2024-09-20,46,8,3,8,0,,,,,1,wa-sos,2026-09-08T14:21:52+00:00
2024,WA,53045,Mason County,2024-09-21,45,8,0,8,0,,,,,1,wa-sos,2026-09-08T14:21:52+00:00
2024,WA,53045,Mason County,2024-09-22,44,8,0,8,0,,,,,1,wa-sos,2026-09-08T14:21:52+00:00
2024,WA,53045,Mason County,2024-09-23,43,8,0,8,0,,,,,1,wa-sos,2026-09-08T14:21:52+00:00
2024,WA,53045,Mason County,2024-09-24,42,14,6,14,0,,,,,1,wa-sos,2026-09-08T14:21:52+00:00
2024,WA,53045,Mason County,2024-09-25,41,23,9,23,0,,,,,1,wa-sos,2026-09-08T14:21:52+00:00
2024,WA,53045,Mason County,2024-09-26,40,23,0,23,0,,,,,1,wa-sos,2026-09-08T14:21:52+00:00
2024,WA,53045,Mason County,2024-09-27,39,24,1,24,0,,,,,1,wa-sos,2026-09-08T14:21:52+00:00
2024,WA,53045,Mason County,2024-09-28,38,24,0,24,0,,,,,1,wa-sos,2026-09-08T14:21:52+00:00
2024,WA,53045,Mason County,2024-09-29,37,24,0,24,0,,,,,1,wa-sos,2026-09-08T14:21:52+00:00
2024,WA,53045,Mason County,2024-09-30,36,69,45,69,0,,,,,1,wa-sos,2026-09-08T14:21:52+00:00
2024,WA,53045,Mason County,2024-10-01,35,73,4,73,0,,,,,1,wa-sos,2026-09-08T14:21:52+00:00
2024,WA,53045,Mason County,2024-10-02,34,73,0,73,0,,,,,1,wa-sos,2026-09-08T14:21:52+00:00
2024,WA,53045,Mason County,2024-10-03,33,81,8,81,0,,,,,1,wa-sos,2026-09-08T14:21:52+00:00
2024,WA,53045,Mason County,2024-10-04,32,88,7,88,0,,,,,1,wa-sos,2026-09-08T14:21:52+00:00
2024,WA,53045,Mason County,2024-10-05,31,88,0,88,0,,,,,1,wa-sos,2026-09-08T14:21:52+00:00
2024,WA,53045,Mason County,2024-10-06,30,88,0,88,0,,,,,1,wa-sos,2026-09-08T14:21:52+00:00
2024,WA,53045,Mason County,2024-10-07,29,110,22,110,0,,,,,1,wa-sos,2026-09-08T14:21:52+00:00
2024,WA,53045,Mason County,2024-10-08,28,114,4,114,0,,,,,1,wa-sos,2026-09-08T14:21:52+00:00
2024,WA,53045,Mason County,2024-10-09,27,123,9,123,0,,,,,1,wa-sos,2026-09-08T14:21:52+00:00
2024,WA,53045,Mason County,2024-10-10,26,153,30,153,0,,,,,1,wa-sos,2026-09-08T14:21:52+00:00
2024,WA,53045,Mason County,2024-10-11,25,382,229,382,0,,,,,1,wa-sos,2026-09-08T14:21:52+00:00
2024,WA,53045,Mason County,2024-10-12,24,382,0,382,0,,,,,1,wa-sos,2026-09-08T14:21:52+00:00
2024,WA,53045,Mason County,2024-10-13,23,382,0,382,0,,,,,1,wa-sos,2026-09-08T14:21:52+00:00
2024,WA,53045,Mason County,2024-10-14,22,1790,1408,1790,0,,,,,1,wa-sos,2026-09-08T14:21:52+00:00
2024,WA,53045,Mason County,2024-10-15,21,3252,1462,3252,0,,,,,1,wa-sos,2026-09-08T14:21:52+00:00
2024,WA,53045,Mason County,2024-10-16,20,4793,1541,4793,0,,,,,1,wa-sos,2026-09-08T14:21:52+00:00
2024,WA,53045,Mason County,2024-10-17,19,6956,2163,6956,0,,,,,1,wa-sos,2026-09-08T14:21:52+00:00
2024,WA,53045,Mason County,2024-10-18,18,8558,1602,8558,0,,,,,1,wa-sos,2026-09-08T14:21:52+00:00
2024,WA,53045,Mason County,2024-10-19,17,8558,0,8558,0,,,,,1,wa-sos,2026-09-08T14:21:52+00:00
2024,WA,53045,Mason County,2024-10-20,16,8558,0,8558,0,,,,,1,wa-sos,2026-09-08T14:21:52+00:00
2024,WA,53045,Mason County,2024-10-21,15,10906,2348,10906,0,,,,,1,wa-sos,2026-09-08T14:21:52+00:00
2024,WA,53045,Mason County,2024-10-22,14,12733,1827,12733,0,,,,,1,wa-sos,2026-09-08T14:21:52+00:00
2024,WA,53045,Mason County,2024-10-23,13,13888,1155,13888,0,,,,,1,wa-sos,2026-09-08T14:21:52+00:00
2024,WA,53045,Mason County,2024-10-24,12,15543,1655,15543,0,,,,,1,wa-sos,2026-09-08T14:21:52+00:00
2024,WA,53045,Mason County,2024-10-25,11,17065,1522,17065,0,,,,,1,wa-sos,2026-09-08T14:21:52+00:00
2024,WA,53045,Mason County,2024-10-26,10,17065,0,17065,0,,,,,1,wa-sos,2026-09-08T14:21:52+00:00
2024,WA,53045,Mason County,2024-10-27,9,17065,0,17065,0,,,,,1,wa-sos,2026-09-08T14:21:52+00:00
2024,WA,53045,Mason County,2024-10-28,8,19393,2328,19393,0,,,,,1,wa-sos,2026-09-08T14:21:52+00:00
2024,WA,53045,Mason County,2024-10-29,7,21252,1859,21252,0,,,,,1,wa-sos,2026-09-08T14:21:52+00:00
2024,WA,53045,Mason County,2024-10-30,6,22412,1160,22412,0,,,,,1,wa-sos,2026-09-08T14:21:52+00:00
2024,WA,53045,Mason County,2024-10-31,5,24456,2044,24456,0,,,,,1,wa-sos,2026-09-08T14:21:52+00:00
2024,WA,53045,Mason County,2024-11-01,4,26356,1900,26356,0,,,,,1,wa-sos,2026-09-08T14:21:52+00:00
2024,WA,53045,Mason County,2024-11-02,3,26987,631,26987,0,,,,,1,wa-sos,2026-09-08T14:21:52+00:00
2024,WA,53045,Mason County,2024-11-03,2,26987,0,26987,0,,,,,1,wa-sos,2026-09-08T14:21:52+00:00
2024,WA,53045,Mason County,2024-11-04,1,30210,3223,30210,0,,,,,1,wa-sos,2026-09-08T14:21:52+00:00
2024,WA,53045,Mason County,2024-11-05,0,36502,6292,36502,0,,,,,1,wa-sos,2026-09-08T14:21:52+00:00
2024,WA,53047,Okanogan County,2024-09-23,43,4,4,4,0,,,,,1,wa-sos,2026-09-08T14:21:52+00:00
2024,WA,53047,Okanogan County,2024-09-24,42,8,4,8,0,,,,,1,wa-sos,2026-09-08T14:21:52+00:00
2024,WA,53047,Okanogan County,2024-09-25,41,15,7,15,0,,,,,1,wa-sos,2026-09-08T14:21:52+00:00
2024,WA,53047,Okanogan County,2024-09-26,40,19,4,19,0,,,,,1,wa-sos,2026-09-08T14:21:52+00:00
2024,WA,53047,Okanogan County,2024-09-27,39,24,5,24,0,,,,,1,wa-sos,2026-09-08T14:21:52+00:00
2024,WA,53047,Okanogan County,2024-09-28,38,24,0,24,0,,,,,1,wa-sos,2026-09-08T14:21:52+00:00
2024,WA,53047,Okanogan County,2024-09-29,37,24,0,24,0,,,,,1,wa-sos,2026-09-08T14:21:52+00:00
2024,WA,53047,Okanogan County,2024-09-30,36,30,6,30,0,,,,,1,wa-sos,2026-09-08T14:21:52+00:00
2024,WA,53047,Okanogan County,2024-10-01,35,35,5,35,0,,,,,1,wa-sos,2026-09-08T14:21:52+00:00
2024,WA,53047,Okanogan County,2024-10-02,34,41,6,41,0,,,,,1,wa-sos,2026-09-08T14:21:52+00:00
2024,WA,53047,Okanogan County,2024-10-03,33,46,5,46,0,,,,,1,wa-sos,2026-09-08T14:21:52+00:00
2024,WA,53047,Okanogan County,2024-10-04,32,53,7,53,0,,,,,1,wa-sos,2026-09-08T14:21:52+00:00
2024,WA,53047,Okanogan County,2024-10-05,31,53,0,53,0,,,,,1,wa-sos,2026-09-08T14:21:52+00:00
2024,WA,53047,Okanogan County,2024-10-06,30,53,0,53,0,,,,,1,wa-sos,2026-09-08T14:21:52+00:00
2024,WA,53047,Okanogan County,2024-10-07,29,61,8,61,0,,,,,1,wa-sos,2026-09-08T14:21:52+00:00
2024,WA,53047,Okanogan County,2024-10-08,28,67,6,67,0,,,,,1,wa-sos,2026-09-08T14:21:52+00:00
2024,WA,53047,Okanogan County,2024-10-09,27,72,5,72,0,,,,,1,wa-sos,2026-09-08T14:21:52+00:00
2024,WA,53047,Okanogan County,2024-10-10,26,74,2,74,0,,,,,1,wa-sos,2026-09-08T14:21:52+00:00
2024,WA,53047,Okanogan County,2024-10-11,25,83,9,83,0,,,,,1,wa-sos,2026-09-08T14:21:52+00:00
2024,WA,53047,Okanogan County,2024-10-12,24,83,0,83,0,,,,,1,wa-sos,2026-09-08T14:21:52+00:00
2024,WA,53047,Okanogan County,2024-10-13,23,83,0,83,0,,,,,1,wa-sos,2026-09-08T14:21:52+00:00
2024,WA,53047,Okanogan County,2024-10-14,22,85,2,85,0,,,,,1,wa-sos,2026-09-08T14:21:52+00:00
2024,WA,53047,Okanogan County,2024-10-15,21,88,3,88,0,,,,,1,wa-sos,2026-09-08T14:21:52+00:00
2024,WA,53047,Okanogan County,2024-10-16,20,101,13,101,0,,,,,1,wa-sos,2026-09-08T14:21:52+00:00
2024,WA,53047,Okanogan County,2024-10-17,19,135,34,135,0,,,,,1,wa-sos,2026-09-08T14:21:52+00:00
2024,WA,53047,Okanogan County,2024-10-18,18,137,2,137,0,,,,,1,wa-sos,2026-09-08T14:21:52+00:00
2024,WA,53047,Okanogan County,2024-10-19,17,137,0,137,0,,,,,1,wa-sos,2026-09-08T14:21:52+00:00
2024,WA,53047,Okanogan County,2024-10-20,16,137,0,137,0,,,,,1,wa-sos,2026-09-08T14:21:52+00:00
2024,WA,53047,Okanogan County,2024-10-21,15,566,429,566,0,,,,,1,wa-sos,2026-09-08T14:21:52+00:00
2024,WA,53047,Okanogan County,2024-10-22,14,1916,1350,1916,0,,,,,1,wa-sos,2026-09-08T14:21:52+00:00
2024,WA,53047,Okanogan County,2024-10-23,13,3457,1541,3457,0,,,,,1,wa-sos,2026-09-08T14:21:52+00:00
2024,WA,53047,Okanogan County,2024-10-24,12,4660,1203,4660,0,,,,,1,wa-sos,2026-09-08T14:21:52+00:00
2024,WA,53047,Okanogan County,2024-10-25,11,6764,2104,6764,0,,,,,1,wa-sos,2026-09-08T14:21:52+00:00
2024,WA,53047,Okanogan County,2024-10-26,10,6764,0,6764,0,,,,,1,wa-sos,2026-09-08T14:21:52+00:00
2024,WA,53047,Okanogan County,2024-10-27,9,6764,0,6764,0,,,,,1,wa-sos,2026-09-08T14:21:52+00:00
2024,WA,53047,Okanogan County,2024-10-28,8,9006,2242,9006,0,,,,,1,wa-sos,2026-09-08T14:21:52+00:00
2024,WA,53047,Okanogan County,2024-10-29,7,10488,1482,10488,0,,,,,1,wa-sos,2026-09-08T14:21:52+00:00
2024,WA,53047,Okanogan County,2024-10-30,6,12213,1725,12213,0,,,,,1,wa-sos,2026-09-08T14:21:52+00:00
2024,WA,53047,Okanogan County,2024-10-31,5,13085,872,13085,0,,,,,1,wa-sos,2026-09-08T14:21:52+00:00
2024,WA,53047,Okanogan County,2024-11-01,4,14791,1706,14791,0,,,,,1,wa-sos,2026-09-08T14:21:52+00:00
2024,WA,53047,Okanogan County,2024-11-02,3,15040,249,15040,0,,,,,1,wa-sos,2026-09-08T14:21:52+00:00
2024,WA,53047,Okanogan County,2024-11-03,2,15040,0,15040,0,,,,,1,wa-sos,2026-09-08T14:21:52+00:00
2024,WA,53047,Okanogan County,2024-11-04,1,16523,1483,16523,0,,,,,1,wa-sos,2026-09-08T14:21:52+00:00
2024,WA,53047,Okanogan County,2024-11-05,0,18594,2071,18594,0,,,,,1,wa-sos,2026-09-08T14:21:52+00:00
2024,WA,53049,Pacific County,2024-10-18,18,60,60,60,0,,,,,1,wa-sos,2026-09-08T14:21:52+00:00
2024,WA,53049,Pacific County,2024-10-19,17,60,0,60,0,,,,,1,wa-sos,2026-09-08T14:21:52+00:00
2024,WA,53049,Pacific County,2024-10-20,16,60,0,60,0,,,,,1,wa-sos,2026-09-08T14:21:52+00:00
2024,WA,53049,Pacific County,2024-10-21,15,712,652,712,0,,,,,1,wa-sos,2026-09-08T14:21:52+00:00
2024,WA,53049,Pacific County,2024-10-22,14,1721,1009,1721,0,,,,,1,wa-sos,2026-09-08T14:21:52+00:00
2024,WA,53049,Pacific County,2024-10-23,13,3236,1515,3236,0,,,,,1,wa-sos,2026-09-08T14:21:52+00:00
2024,WA,53049,Pacific County,2024-10-24,12,4274,1038,4274,0,,,,,1,wa-sos,2026-09-08T14:21:52+00:00
2024,WA,53049,Pacific County,2024-10-25,11,5246,972,5246,0,,,,,1,wa-sos,2026-09-08T14:21:52+00:00
2024,WA,53049,Pacific County,2024-10-26,10,5246,0,5246,0,,,,,1,wa-sos,2026-09-08T14:21:52+00:00
2024,WA,53049,Pacific County,2024-10-27,9,5246,0,5246,0,,,,,1,wa-sos,2026-09-08T14:21:52+00:00
2024,WA,53049,Pacific County,2024-10-28,8,7158,1912,7158,0,,,,,1,wa-sos,2026-09-08T14:21:52+00:00
2024,WA,53049,Pacific County,2024-10-29,7,7781,623,7781,0,,,,,1,wa-sos,2026-09-08T14:21:52+00:00
2024,WA,53049,Pacific County,2024-10-30,6,9100,1319,9100,0,,,,,1,wa-sos,2026-09-08T14:21:52+00:00
2024,WA,53049,Pacific County,2024-10-31,5,9421,321,9421,0,,,,,1,wa-sos,2026-09-08T14:21:52+00:00
2024,WA,53049,Pacific County,2024-11-01,4,10515,1094,10515,0,,,,,1,wa-sos,2026-09-08T14:21:52+00:00
2024,WA,53049,Pacific County,2024-11-02,3,10515,0,10515,0,,,,,1,wa-sos,2026-09-08T14:21:52+00:00
2024,WA,53049,Pacific County,2024-11-03,2,10515,0,10515,0,,,,,1,wa-sos,2026-09-08T14:21:52+00:00
2024,WA,53049,Pacific County,2024-11-04,1,11466,951,11466,0,,,,,1,wa-sos,2026-09-08T14:21:52+00:00
2024,WA,53049,Pacific County,2024-11-05,0,12346,880,12346,0,,,,,1,wa-sos,2026-09-08T14:21:52+00:00
2024,WA,53051,Pend Oreille County,2024-10-16,20,312,312,312,0,,,,,1,wa-sos,2026-09-08T14:21:52+00:00
2024,WA,53051,Pend Oreille County,2024-10-17,19,926,614,926,0,,,,,1,wa-sos,2026-09-08T14:21:52+00:00
2024,WA,53051,Pend Oreille County,2024-10-18,18,1465,539,1465,0,,,,,1,wa-sos,2026-09-08T14:21:52+00:00
2024,WA,53051,Pend Oreille County,2024-10-19,17,1465,0,1465,0,,,,,1,wa-sos,2026-09-08T14:21:52+00:00
2024,WA,53051,Pend Oreille County,2024-10-20,16,1465,0,1465,0,,,,,1,wa-sos,2026-09-08T14:21:52+00:00
2024,WA,53051,Pend Oreille County,2024-10-21,15,2195,730,2195,0,,,,,1,wa-sos,2026-09-08T14:21:52+00:00
2024,WA,53051,Pend Oreille County,2024-10-22,14,2467,272,2467,0,,,,,1,wa-sos,2026-09-08T14:21:52+00:00
2024,WA,53051,Pend Oreille County,2024-10-23,13,2939,472,2939,0,,,,,1,wa-sos,2026-09-08T14:21:52+00:00
2024,WA,53051,Pend Oreille County,2024-10-24,12,3358,419,3358,0,,,,,1,wa-sos,2026-09-08T14:21:52+00:00
2024,WA,53051,Pend Oreille County,2024-10-25,11,3779,421,3779,0,,,,,1,wa-sos,2026-09-08T14:21:52+00:00
2024,WA,53051,Pend Oreille County,2024-10-26,10,3779,0,3779,0,,,,,1,wa-sos,2026-09-08T14:21:52+00:00
2024,WA,53051,Pend Oreille County,2024-10-27,9,3779,0,3779,0,,,,,1,wa-sos,2026-09-08T14:21:52+00:00
2024,WA,53051,Pend Oreille County,2024-10-28,8,4410,631,4410,0,,,,,1,wa-sos,2026-09-08T14:21:52+00:00
2024,WA,53051,Pend Oreille County,2024-10-29,7,4674,264,4674,0,,,,,1,wa-sos,2026-09-08T14:21:52+00:00
2024,WA,53051,Pend Oreille County,2024-10-30,6,5075,401,5075,0,,,,,1,wa-sos,2026-09-08T14:21:52+00:00
2024,WA,53051,Pend Oreille County,2024-10-31,5,5663,588,5663,0,,,,,1,wa-sos,2026-09-08T14:21:52+00:00
2024,WA,53051,Pend Oreille County,2024-11-01,4,6050,387,6050,0,,,,,1,wa-sos,2026-09-08T14:21:52+00:00
2024,WA,53051,Pend Oreille County,2024-11-02,3,6050,0,6050,0,,,,,1,wa-sos,2026-09-08T14:21:52+00:00
2024,WA,53051,Pend Oreille County,2024-11-03,2,6050,0,6050,0,,,,,1,wa-sos,2026-09-08T14:21:52+00:00
2024,WA,53051,Pend Oreille County,2024-11-04,1,6767,717,6767,0,,,,,1,wa-sos,2026-09-08T14:21:52+00:00
2024,WA,53051,Pend Oreille County,2024-11-05,0,8074,1307,8073,0,,,,,1,wa-sos,2026-09-08T14:21:52+00:00
2024,WA,53053,Pierce County,2024-09-27,39,425,425,425,0,,,,,1,wa-sos,2026-09-08T14:21:52+00:00
2024,WA,53053,Pierce County,2024-09-28,38,425,0,425,0,,,,,1,wa-sos,2026-09-08T14:21:52+00:00
2024,WA,53053,Pierce County,2024-09-29,37,425,0,425,0,,,,,1,wa-sos,2026-09-08T14:21:52+00:00
2024,WA,53053,Pierce County,2024-09-30,36,566,141,566,0,,,,,1,wa-sos,2026-09-08T14:21:52+00:00
2024,WA,53053,Pierce County,2024-10-01,35,566,0,566,0,,,,,1,wa-sos,2026-09-08T14:21:52+00:00
2024,WA,53053,Pierce County,2024-10-02,34,566,0,566,0,,,,,1,wa-sos,2026-09-08T14:21:52+00:00
2024,WA,53053,Pierce County,2024-10-03,33,566,0,566,0,,,,,1,wa-sos,2026-09-08T14:21:52+00:00
2024,WA,53053,Pierce County,2024-10-04,32,1129,563,1129,0,,,,,1,wa-sos,2026-09-08T14:21:52+00:00
2024,WA,53053,Pierce County,2024-10-05,31,1129,0,1129,0,,,,,1,wa-sos,2026-09-08T14:21:52+00:00
2024,WA,53053,Pierce County,2024-10-06,30,1129,0,1129,0,,,,,1,wa-sos,2026-09-08T14:21:52+00:00
2024,WA,53053,Pierce County,2024-10-07,29,1206,77,1206,0,,,,,1,wa-sos,2026-09-08T14:21:52+00:00
2024,WA,53053,Pierce County,2024-10-08,28,1206,0,1206,0,,,,,1,wa-sos,2026-09-08T14:21:52+00:00
2024,WA,53053,Pierce County,2024-10-09,27,1206,0,1206,0,,,,,1,wa-sos,2026-09-08T14:21:52+00:00
2024,WA,53053,Pierce County,2024-10-10,26,1206,0,1206,0,,,,,1,wa-sos,2026-09-08T14:21:52+00:00
2024,WA,53053,Pierce County,2024-10-11,25,1878,672,1878,0,,,,,1,wa-sos,2026-09-08T14:21:52+00:00
2024,WA,53053,Pierce County,2024-10-12,24,1878,0,1878,0,,,,,1,wa-sos,2026-09-08T14:21:52+00:00
2024,WA,53053,Pierce County,2024-10-13,23,1878,0,1878,0,,,,,1,wa-sos,2026-09-08T14:21:52+00:00
2024,WA,53053,Pierce County,2024-10-14,22,1919,41,1919,0,,,,,1,wa-sos,2026-09-08T14:21:52+00:00
2024,WA,53053,Pierce County,2024-10-15,21,1919,0,1919,0,,,,,1,wa-sos,2026-09-08T14:21:52+00:00
2024,WA,53053,Pierce County,2024-10-16,20,1919,0,1919,0,,,,,1,wa-sos,2026-09-08T14:21:52+00:00
2024,WA,53053,Pierce County,2024-10-17,19,1919,0,1919,0,,,,,1,wa-sos,2026-09-08T14:21:52+00:00
2024,WA,53053,Pierce County,2024-10-18,18,2857,938,2857,0,,,,,1,wa-sos,2026-09-08T14:21:52+00:00
2024,WA,53053,Pierce County,2024-10-19,17,2857,0,2857,0,,,,,1,wa-sos,2026-09-08T14:21:52+00:00
2024,WA,53053,Pierce County,2024-10-20,16,2857,0,2857,0,,,,,1,wa-sos,2026-09-08T14:21:52+00:00
2024,WA,53053,Pierce County,2024-10-21,15,15876,13019,15876,0,,,,,1,wa-sos,2026-09-08T14:21:52+00:00
2024,WA,53053,Pierce County,2024-10-22,14,39824,23948,39824,0,,,,,1,wa-sos,2026-09-08T14:21:52+00:00
2024,WA,53053,Pierce County,2024-10-23,13,63670,23846,63670,0,,,,,1,wa-sos,2026-09-08T14:21:52+00:00
2024,WA,53053,Pierce County,2024-10-24,12,82939,19269,82939,0,,,,,1,wa-sos,2026-09-08T14:21:52+00:00
2024,WA,53053,Pierce County,2024-10-25,11,101912,18973,101912,0,,,,,1,wa-sos,2026-09-08T14:21:52+00:00
2024,WA,53053,Pierce County,2024-10-26,10,102175,263,102175,0,,,,,1,wa-sos,2026-09-08T14:21:52+00:00
2024,WA,53053,Pierce County,2024-10-27,9,102175,0,102175,0,,,,,1,wa-sos,2026-09-08T14:21:52+00:00
2024,WA,53053,Pierce County,2024-10-28,8,145460,43285,145460,0,,,,,1,wa-sos,2026-09-08T14:21:52+00:00
2024,WA,53053,Pierce County,2024-10-29,7,173702,28242,173702,0,,,,,1,wa-sos,2026-09-08T14:21:52+00:00
2024,WA,53053,Pierce County,2024-10-30,6,198117,24415,198117,0,,,,,1,wa-sos,2026-09-08T14:21:52+00:00
2024,WA,53053,Pierce County,2024-10-31,5,220342,22225,220342,0,,,,,1,wa-sos,2026-09-08T14:21:52+00:00
2024,WA,53053,Pierce County,2024-11-01,4,240749,20407,240749,0,,,,,1,wa-sos,2026-09-08T14:21:52+00:00
2024,WA,53053,Pierce County,2024-11-02,3,263727,22978,263727,0,,,,,1,wa-sos,2026-09-08T14:21:52+00:00
2024,WA,53053,Pierce County,2024-11-03,2,280749,17022,280749,0,,,,,1,wa-sos,2026-09-08T14:21:52+00:00
2024,WA,53053,Pierce County,2024-11-04,1,311756,31007,311755,0,,,,,1,wa-sos,2026-09-08T14:21:52+00:00
2024,WA,53053,Pierce County,2024-11-05,0,355852,44096,355851,0,,,,,1,wa-sos,2026-09-08T14:21:52+00:00
2024,WA,53055,San Juan County,2024-10-01,35,36,36,36,0,,,,,1,wa-sos,2026-09-08T14:21:52+00:00
2024,WA,53055,San Juan County,2024-10-02,34,36,0,36,0,,,,,1,wa-sos,2026-09-08T14:21:52+00:00
2024,WA,53055,San Juan County,2024-10-03,33,36,0,36,0,,,,,1,wa-sos,2026-09-08T14:21:52+00:00
2024,WA,53055,San Juan County,2024-10-04,32,36,0,36,0,,,,,1,wa-sos,2026-09-08T14:21:52+00:00
2024,WA,53055,San Juan County,2024-10-05,31,36,0,36,0,,,,,1,wa-sos,2026-09-08T14:21:52+00:00
2024,WA,53055,San Juan County,2024-10-06,30,36,0,36,0,,,,,1,wa-sos,2026-09-08T14:21:52+00:00
2024,WA,53055,San Juan County,2024-10-07,29,52,16,52,0,,,,,1,wa-sos,2026-09-08T14:21:52+00:00
2024,WA,53055,San Juan County,2024-10-08,28,52,0,52,0,,,,,1,wa-sos,2026-09-08T14:21:52+00:00
2024,WA,53055,San Juan County,2024-10-09,27,52,0,52,0,,,,,1,wa-sos,2026-09-08T14:21:52+00:00
2024,WA,53055,San Juan County,2024-10-10,26,52,0,52,0,,,,,1,wa-sos,2026-09-08T14:21:52+00:00
2024,WA,53055,San Juan County,2024-10-11,25,52,0,52,0,,,,,1,wa-sos,2026-09-08T14:21:52+00:00
2024,WA,53055,San Juan County,2024-10-12,24,52,0,52,0,,,,,1,wa-sos,2026-09-08T14:21:52+00:00
2024,WA,53055,San Juan County,2024-10-13,23,52,0,52,0,,,,,1,wa-sos,2026-09-08T14:21:52+00:00
2024,WA,53055,San Juan County,2024-10-14,22,52,0,52,0,,,,,1,wa-sos,2026-09-08T14:21:52+00:00
2024,WA,53055,San Juan County,2024-10-15,21,52,0,52,0,,,,,1,wa-sos,2026-09-08T14:21:52+00:00
2024,WA,53055,San Juan County,2024-10-16,20,97,45,97,0,,,,,1,wa-sos,2026-09-08T14:21:52+00:00
2024,WA,53055,San Juan County,2024-10-17,19,97,0,97,0,,,,,1,wa-sos,2026-09-08T14:21:52+00:00
2024,WA,53055,San Juan County,2024-10-18,18,97,0,97,0,,,,,1,wa-sos,2026-09-08T14:21:52+00:00
2024,WA,53055,San Juan County,2024-10-19,17,97,0,97,0,,,,,1,wa-sos,2026-09-08T14:21:52+00:00
2024,WA,53055,San Juan County,2024-10-20,16,97,0,97,0,,,,,1,wa-sos,2026-09-08T14:21:52+00:00
2024,WA,53055,San Juan County,2024-10-21,15,147,50,147,0,,,,,1,wa-sos,2026-09-08T14:21:52+00:00
2024,WA,53055,San Juan County,2024-10-22,14,325,178,325,0,,,,,1,wa-sos,2026-09-08T14:21:52+00:00
2024,WA,53055,San Juan County,2024-10-23,13,1953,1628,1953,0,,,,,1,wa-sos,2026-09-08T14:21:52+00:00
2024,WA,53055,San Juan County,2024-10-24,12,2872,919,2872,0,,,,,1,wa-sos,2026-09-08T14:21:52+00:00
2024,WA,53055,San Juan County,2024-10-25,11,3287,415,3287,0,,,,,1,wa-sos,2026-09-08T14:21:52+00:00
2024,WA,53055,San Juan County,2024-10-26,10,4786,1499,4786,0,,,,,1,wa-sos,2026-09-08T14:21:52+00:00
2024,WA,53055,San Juan County,2024-10-27,9,4838,52,4838,0,,,,,1,wa-sos,2026-09-08T14:21:52+00:00
2024,WA,53055,San Juan County,2024-10-28,8,5138,300,5138,0,,,,,1,wa-sos,2026-09-08T14:21:52+00:00
2024,WA,53055,San Juan County,2024-10-29,7,6624,1486,6624,0,,,,,1,wa-sos,2026-09-08T14:21:52+00:00
2024,WA,53055,San Juan County,2024-10-30,6,6724,100,6724,0,,,,,1,wa-sos,2026-09-08T14:21:52+00:00
2024,WA,53055,San Juan County,2024-10-31,5,8003,1279,8003,0,,,,,1,wa-sos,2026-09-08T14:21:52+00:00
2024,WA,53055,San Juan County,2024-11-01,4,8053,50,8053,0,,,,,1,wa-sos,2026-09-08T14:21:52+00:00
2024,WA,53055,San Juan County,2024-11-02,3,8053,0,8053,0,,,,,1,wa-sos,2026-09-08T14:21:52+00:00
2024,WA,53055,San Juan County,2024-11-03,2,9307,1254,9307,0,,,,,1,wa-sos,2026-09-08T14:21:52+00:00
2024,WA,53055,San Juan County,2024-11-04,1,10022,715,10022,0,,,,,1,wa-sos,2026-09-08T14:21:52+00:00
2024,WA,53055,San Juan County,2024-11-05,0,10024,2,10024,0,,,,,1,wa-sos,2026-09-08T14:21:52+00:00
2024,WA,53057,Skagit County,2024-09-25,41,58,58,58,0,,,,,1,wa-sos,2026-09-08T14:21:52+00:00
2024,WA,53057,Skagit County,2024-09-26,40,74,16,74,0,,,,,1,wa-sos,2026-09-08T14:21:52+00:00
2024,WA,53057,Skagit County,2024-09-27,39,90,16,90,0,,,,,1,wa-sos,2026-09-08T14:21:52+00:00
2024,WA,53057,Skagit County,2024-09-28,38,90,0,90,0,,,,,1,wa-sos,2026-09-08T14:21:52+00:00
2024,WA,53057,Skagit County,2024-09-29,37,90,0,90,0,,,,,1,wa-sos,2026-09-08T14:21:52+00:00
2024,WA,53057,Skagit County,2024-09-30,36,113,23,113,0,,,,,1,wa-sos,2026-09-08T14:21:52+00:00
2024,WA,53057,Skagit County,2024-10-01,35,121,8,121,0,,,,,1,wa-sos,2026-09-08T14:21:52+00:00
2024,WA,53057,Skagit County,2024-10-02,34,138,17,138,0,,,,,1,wa-sos,2026-09-08T14:21:52+00:00
2024,WA,53057,Skagit County,2024-10-03,33,169,31,169,0,,,,,1,wa-sos,2026-09-08T14:21:52+00:00
2024,WA,53057,Skagit County,2024-10-04,32,179,10,179,0,,,,,1,wa-sos,2026-09-08T14:21:52+00:00
2024,WA,53057,Skagit County,2024-10-05,31,179,0,179,0,,,,,1,wa-sos,2026-09-08T14:21:52+00:00
2024,WA,53057,Skagit County,2024-10-06,30,179,0,179,0,,,,,1,wa-sos,2026-09-08T14:21:52+00:00
2024,WA,53057,Skagit County,2024-10-07,29,214,35,214,0,,,,,1,wa-sos,2026-09-08T14:21:52+00:00
2024,WA,53057,Skagit County,2024-10-08,28,226,12,226,0,,,,,1,wa-sos,2026-09-08T14:21:52+00:00
2024,WA,53057,Skagit County,2024-10-09,27,251,25,251,0,,,,,1,wa-sos,2026-09-08T14:21:52+00:00
2024,WA,53057,Skagit County,2024-10-10,26,271,20,271,0,,,,,1,wa-sos,2026-09-08T14:21:52+00:00
2024,WA,53057,Skagit County,2024-10-11,25,289,18,289,0,,,,,1,wa-sos,2026-09-08T14:21:52+00:00
2024,WA,53057,Skagit County,2024-10-12,24,289,0,289,0,,,,,1,wa-sos,2026-09-08T14:21:52+00:00
2024,WA,53057,Skagit County,2024-10-13,23,289,0,289,0,,,,,1,wa-sos,2026-09-08T14:21:52+00:00
2024,WA,53057,Skagit County,2024-10-14,22,311,22,311,0,,,,,1,wa-sos,2026-09-08T14:21:52+00:00
2024,WA,53057,Skagit County,2024-10-15,21,320,9,320,0,,,,,1,wa-sos,2026-09-08T14:21:52+00:00
2024,WA,53057,Skagit County,2024-10-16,20,344,24,344,0,,,,,1,wa-sos,2026-09-08T14:21:52+00:00
2024,WA,53057,Skagit County,2024-10-17,19,344,0,344,0,,,,,1,wa-sos,2026-09-08T14:21:52+00:00
2024,WA,53057,Skagit County,2024-10-18,18,352,8,352,0,,,,,1,wa-sos,2026-09-08T14:21:52+00:00
2024,WA,53057,Skagit County,2024-10-19,17,352,0,352,0,,,,,1,wa-sos,2026-09-08T14:21:52+00:00
2024,WA,53057,Skagit County,2024-10-20,16,352,0,352,0,,,,,1,wa-sos,2026-09-08T14:21:52+00:00
2024,WA,53057,Skagit County,2024-10-21,15,8947,8595,8947,0,,,,,1,wa-sos,2026-09-08T14:21:52+00:00
2024,WA,53057,Skagit County,2024-10-22,14,8980,33,8980,0,,,,,1,wa-sos,2026-09-08T14:21:52+00:00
2024,WA,53057,Skagit County,2024-10-23,13,8989,9,8989,0,,,,,1,wa-sos,2026-09-08T14:21:52+00:00
2024,WA,53057,Skagit County,2024-10-24,12,17619,8630,17619,0,,,,,1,wa-sos,2026-09-08T14:21:52+00:00
2024,WA,53057,Skagit County,2024-10-25,11,24502,6883,24502,0,,,,,1,wa-sos,2026-09-08T14:21:52+00:00
2024,WA,53057,Skagit County,2024-10-26,10,24502,0,24502,0,,,,,1,wa-sos,2026-09-08T14:21:52+00:00
2024,WA,53057,Skagit County,2024-10-27,9,24502,0,24502,0,,,,,1,wa-sos,2026-09-08T14:21:52+00:00
2024,WA,53057,Skagit County,2024-10-28,8,24502,0,24502,0,,,,,1,wa-sos,2026-09-08T14:21:52+00:00
2024,WA,53057,Skagit County,2024-10-29,7,33531,9029,33531,0,,,,,1,wa-sos,2026-09-08T14:21:52+00:00
2024,WA,53057,Skagit County,2024-10-30,6,39799,6268,39799,0,,,,,1,wa-sos,2026-09-08T14:21:52+00:00
2024,WA,53057,Skagit County,2024-10-31,5,43441,3642,43441,0,,,,,1,wa-sos,2026-09-08T14:21:52+00:00
2024,WA,53057,Skagit County,2024-11-01,4,43472,31,43472,0,,,,,1,wa-sos,2026-09-08T14:21:52+00:00
2024,WA,53057,Skagit County,2024-11-02,3,48071,4599,48071,0,,,,,1,wa-sos,2026-09-08T14:21:52+00:00
2024,WA,53057,Skagit County,2024-11-03,2,48071,0,48071,0,,,,,1,wa-sos,2026-09-08T14:21:52+00:00
2024,WA,53057,Skagit County,2024-11-04,1,49854,1783,49854,0,,,,,1,wa-sos,2026-09-08T14:21:52+00:00
2024,WA,53057,Skagit County,2024-11-05,0,49854,0,49854,0,,,,,1,wa-sos,2026-09-08T14:21:52+00:00
2024,WA,53059,Skamania County,2024-09-23,43,3,3,3,0,,,,,1,wa-sos,2026-09-08T14:21:52+00:00
2024,WA,53059,Skamania County,2024-09-24,42,3,0,3,0,,,,,1,wa-sos,2026-09-08T14:21:52+00:00
2024,WA,53059,Skamania County,2024-09-25,41,3,0,3,0,,,,,1,wa-sos,2026-09-08T14:21:52+00:00
2024,WA,53059,Skamania County,2024-09-26,40,6,3,6,0,,,,,1,wa-sos,2026-09-08T14:21:52+00:00
2024,WA,53059,Skamania County,2024-09-27,39,6,0,6,0,,,,,1,wa-sos,2026-09-08T14:21:52+00:00
2024,WA,53059,Skamania County,2024-09-28,38,6,0,6,0,,,,,1,wa-sos,2026-09-08T14:21:52+00:00
2024,WA,53059,Skamania County,2024-09-29,37,6,0,6,0,,,,,1,wa-sos,2026-09-08T14:21:52+00:00
2024,WA,53059,Skamania County,2024-09-30,36,6,0,6,0,,,,,1,wa-sos,2026-09-08T14:21:52+00:00
2024,WA,53059,Skamania County,2024-10-01,35,6,0,6,0,,,,,1,wa-sos,2026-09-08T14:21:52+00:00
2024,WA,53059,Skamania County,2024-10-02,34,6,0,6,0,,,,,1,wa-sos,2026-09-08T14:21:52+00:00
2024,WA,53059,Skamania County,2024-10-03,33,6,0,6,0,,,,,1,wa-sos,2026-09-08T14:21:52+00:00
2024,WA,53059,Skamania County,2024-10-04,32,6,0,6,0,,,,,1,wa-sos,2026-09-08T14:21:52+00:00
2024,WA,53059,Skamania County,2024-10-05,31,6,0,6,0,,,,,1,wa-sos,2026-09-08T14:21:52+00:00
2024,WA,53059,Skamania County,2024-10-06,30,6,0,6,0,,,,,1,wa-sos,2026-09-08T14:21:52+00:00
2024,WA,53059,Skamania County,2024-10-07,29,6,0,6,0,,,,,1,wa-sos,2026-09-08T14:21:52+00:00
2024,WA,53059,Skamania County,2024-10-08,28,15,9,15,0,,,,,1,wa-sos,2026-09-08T14:21:52+00:00
2024,WA,53059,Skamania County,2024-10-09,27,16,1,16,0,,,,,1,wa-sos,2026-09-08T14:21:52+00:00
2024,WA,53059,Skamania County,2024-10-10,26,16,0,16,0,,,,,1,wa-sos,2026-09-08T14:21:52+00:00
2024,WA,53059,Skamania County,2024-10-11,25,16,0,16,0,,,,,1,wa-sos,2026-09-08T14:21:52+00:00
2024,WA,53059,Skamania County,2024-10-12,24,16,0,16,0,,,,,1,wa-sos,2026-09-08T14:21:52+00:00
2024,WA,53059,Skamania County,2024-10-13,23,16,0,16,0,,,,,1,wa-sos,2026-09-08T14:21:52+00:00
2024,WA,53059,Skamania County,2024-10-14,22,16,0,16,0,,,,,1,wa-sos,2026-09-08T14:21:52+00:00
2024,WA,53059,Skamania County,2024-10-15,21,23,7,23,0,,,,,1,wa-sos,2026-09-08T14:21:52+00:00
2024,WA,53059,Skamania County,2024-10-16,20,25,2,25,0,,,,,1,wa-sos,2026-09-08T14:21:52+00:00
2024,WA,53059,Skamania County,2024-10-17,19,25,0,25,0,,,,,1,wa-sos,2026-09-08T14:21:52+00:00
2024,WA,53059,Skamania County,2024-10-18,18,25,0,25,0,,,,,1,wa-sos,2026-09-08T14:21:52+00:00
2024,WA,53059,Skamania County,2024-10-19,17,25,0,25,0,,,,,1,wa-sos,2026-09-08T14:21:52+00:00
2024,WA,53059,Skamania County,2024-10-20,16,25,0,25,0,,,,,1,wa-sos,2026-09-08T14:21:52+00:00
2024,WA,53059,Skamania County,2024-10-21,15,86,61,86,0,,,,,1,wa-sos,2026-09-08T14:21:52+00:00
2024,WA,53059,Skamania County,2024-10-22,14,102,16,102,0,,,,,1,wa-sos,2026-09-08T14:21:52+00:00
2024,WA,53059,Skamania County,2024-10-23,13,1309,1207,1188,121,,,,,1,wa-sos,2026-09-08T14:21:52+00:00
2024,WA,53059,Skamania County,2024-10-24,12,1555,246,1434,121,,,,,1,wa-sos,2026-09-08T14:21:52+00:00
2024,WA,53059,Skamania County,2024-10-25,11,1555,0,1434,121,,,,,1,wa-sos,2026-09-08T14:21:52+00:00
2024,WA,53059,Skamania County,2024-10-26,10,1555,0,1434,121,,,,,1,wa-sos,2026-09-08T14:21:52+00:00
2024,WA,53059,Skamania County,2024-10-27,9,1555,0,1434,121,,,,,1,wa-sos,2026-09-08T14:21:52+00:00
2024,WA,53059,Skamania County,2024-10-28,8,2998,1443,2802,196,,,,,1,wa-sos,2026-09-08T14:21:52+00:00
2024,WA,53059,Skamania County,2024-10-29,7,3437,439,3198,239,,,,,1,wa-sos,2026-09-08T14:21:52+00:00
2024,WA,53059,Skamania County,2024-10-30,6,3876,439,3553,323,,,,,1,wa-sos,2026-09-08T14:21:52+00:00
2024,WA,53059,Skamania County,2024-10-31,5,4298,422,3954,344,,,,,1,wa-sos,2026-09-08T14:21:52+00:00
2024,WA,53059,Skamania County,2024-11-01,4,4298,0,3954,344,,,,,1,wa-sos,2026-09-08T14:21:52+00:00
2024,WA,53059,Skamania County,2024-11-02,3,4298,0,3954,344,,,,,1,wa-sos,2026-09-08T14:21:52+00:00
2024,WA,53059,Skamania County,2024-11-03,2,4298,0,3954,344,,,,,1,wa-sos,2026-09-08T14:21:52+00:00
2024,WA,53059,Skamania County,2024-11-04,1,5730,1432,5338,392,,,,,1,wa-sos,2026-09-08T14:21:52+00:00
2024,WA,53059,Skamania County,2024-11-05,0,6490,760,5988,502,,,,,1,wa-sos,2026-09-08T14:21:52+00:00
2024,WA,53061,Snohomish County,2024-10-15,21,331,331,331,0,,,,,1,wa-sos,2026-09-08T14:21:52+00:00
2024,WA,53061,Snohomish County,2024-10-16,20,432,101,432,0,,,,,1,wa-sos,2026-09-08T14:21:52+00:00
2024,WA,53061,Snohomish County,2024-10-17,19,481,49,481,0,,,,,1,wa-sos,2026-09-08T14:21:52+00:00
2024,WA,53061,Snohomish County,2024-10-18,18,1704,1223,1704,0,,,,,1,wa-sos,2026-09-08T14:21:52+00:00
2024,WA,53061,Snohomish County,2024-10-19,17,1704,0,1704,0,,,,,1,wa-sos,2026-09-08T14:21:52+00:00
2024,WA,53061,Snohomish County,2024-10-20,16,1704,0,1704,0,,,,,1,wa-sos,2026-09-08T14:21:52+00:00
2024,WA,53061,Snohomish County,2024-10-21,15,16565,14861,16565,0,,,,,1,wa-sos,2026-09-08T14:21:52+00:00
2024,WA,53061,Snohomish County,2024-10-22,14,41391,24826,41391,0,,,,,1,wa-sos,2026-09-08T14:21:52+00:00
2024,WA,53061,Snohomish County,2024-10-23,13,64423,23032,64423,0,,,,,1,wa-sos,2026-09-08T14:21:52+00:00
2024,WA,53061,Snohomish County,2024-10-24,12,84481,20058,84481,0,,,,,1,wa-sos,2026-09-08T14:21:52+00:00
2024,WA,53061,Snohomish County,2024-10-25,11,104519,20038,104519,0,,,,,1,wa-sos,2026-09-08T14:21:52+00:00
2024,WA,53061,Snohomish County,2024-10-26,10,104519,0,104519,0,,,,,1,wa-sos,2026-09-08T14:21:52+00:00
2024,WA,53061,Snohomish County,2024-10-27,9,104519,0,104519,0,,,,,1,wa-sos,2026-09-08T14:21:52+00:00
2024,WA,53061,Snohomish County,2024-10-28,8,150252,45733,150252,0,,,,,1,wa-sos,2026-09-08T14:21:52+00:00
2024,WA,53061,Snohomish County,2024-10-29,7,176430,26178,176430,0,,,,,1,wa-sos,2026-09-08T14:21:52+00:00
2024,WA,53061,Snohomish County,2024-10-30,6,199844,23414,199844,0,,,,,1,wa-sos,2026-09-08T14:21:52+00:00
2024,WA,53061,Snohomish County,2024-10-31,5,222969,23125,222969,0,,,,,1,wa-sos,2026-09-08T14:21:52+00:00
2024,WA,53061,Snohomish County,2024-11-01,4,240943,17974,240943,0,,,,,1,wa-sos,2026-09-08T14:21:52+00:00
2024,WA,53061,Snohomish County,2024-11-02,3,248640,7697,248640,0,,,,,1,wa-sos,2026-09-08T14:21:52+00:00
2024,WA,53061,Snohomish County,2024-11-03,2,253090,4450,253090,0,,,,,1,wa-sos,2026-09-08T14:21:52+00:00
2024,WA,53061,Snohomish County,2024-11-04,1,320626,67536,320626,0,,,,,1,wa-sos,2026-09-08T14:21:52+00:00
2024,WA,53061,Snohomish County,2024-11-05,0,377722,57096,377722,0,,,,,1,wa-sos,2026-09-08T14:21:52+00:00
2024,WA,53063,Spokane County,2024-10-14,22,1356,1356,1356,0,,,,,1,wa-sos,2026-09-08T14:21:52+00:00
2024,WA,53063,Spokane County,2024-10-15,21,9757,8401,9757,0,,,,,1,wa-sos,2026-09-08T14:21:52+00:00
2024,WA,53063,Spokane County,2024-10-16,20,22984,13227,22984,0,,,,,1,wa-sos,2026-09-08T14:21:52+00:00
2024,WA,53063,Spokane County,2024-10-17,19,37193,14209,37193,0,,,,,1,wa-sos,2026-09-08T14:21:52+00:00
2024,WA,53063,Spokane County,2024-10-18,18,51130,13937,51130,0,,,,,1,wa-sos,2026-09-08T14:21:52+00:00
2024,WA,53063,Spokane County,2024-10-19,17,51130,0,51130,0,,,,,1,wa-sos,2026-09-08T14:21:52+00:00
2024,WA,53063,Spokane County,2024-10-20,16,51130,0,51130,0,,,,,1,wa-sos,2026-09-08T14:21:52+00:00
2024,WA,53063,Spokane County,2024-10-21,15,70124,18994,70124,0,,,,,1,wa-sos,2026-09-08T14:21:52+00:00
2024,WA,53063,Spokane County,2024-10-22,14,84358,14234,84358,0,,,,,1,wa-sos,2026-09-08T14:21:52+00:00
2024,WA,53063,Spokane County,2024-10-23,13,96748,12390,96748,0,,,,,1,wa-sos,2026-09-08T14:21:52+00:00
2024,WA,53063,Spokane County,2024-10-24,12,108221,11473,108221,0,,,,,1,wa-sos,2026-09-08T14:21:52+00:00
2024,WA,53063,Spokane County,2024-10-25,11,119023,10802,119023,0,,,,,1,wa-sos,2026-09-08T14:21:52+00:00
2024,WA,53063,Spokane County,2024-10-26,10,119023,0,119023,0,,,,,1,wa-sos,2026-09-08T14:21:52+00:00
2024,WA,53063,Spokane County,2024-10-27,9,119023,0,119023,0,,,,,1,wa-sos,2026-09-08T14:21:52+00:00
2024,WA,53063,Spokane County,2024-10-28,8,139251,20228,139250,1,,,,,1,wa-sos,2026-09-08T14:21:52+00:00
2024,WA,53063,Spokane County,2024-10-29,7,154274,15023,154273,1,,,,,1,wa-sos,2026-09-08T14:21:52+00:00
2024,WA,53063,Spokane County,2024-10-30,6,166868,12594,166867,1,,,,,1,wa-sos,2026-09-08T14:21:52+00:00
2024,WA,53063,Spokane County,2024-10-31,5,179791,12923,179790,1,,,,,1,wa-sos,2026-09-08T14:21:52+00:00
2024,WA,53063,Spokane County,2024-11-01,4,189473,9682,189472,1,,,,,1,wa-sos,2026-09-08T14:21:52+00:00
2024,WA,53063,Spokane County,2024-11-02,3,202245,12772,202244,1,,,,,1,wa-sos,2026-09-08T14:21:52+00:00
2024,WA,53063,Spokane County,2024-11-03,2,207494,5249,207493,1,,,,,1,wa-sos,2026-09-08T14:21:52+00:00
2024,WA,53063,Spokane County,2024-11-04,1,225220,17726,225219,1,,,,,1,wa-sos,2026-09-08T14:21:52+00:00
2024,WA,53063,Spokane County,2024-11-05,0,245938,20718,245937,1,,,,,1,wa-sos,2026-09-08T14:21:52+00:00
2024,WA,53065,Stevens County,2024-09-16,50,1,1,1,0,,,,,1,wa-sos,2026-09-08T14:21:52+00:00
2024,WA,53065,Stevens County,2024-09-18,48,2,1,2,0,,,,,1,wa-sos,2026-09-08T14:21:52+00:00
2024,WA,53065,Stevens County,2024-09-19,47,2,0,2,0,,,,,1,wa-sos,2026-09-08T14:21:52+00:00
2024,WA,53065,Stevens County,2024-09-20,46,3,1,3,0,,,,,1,wa-sos,2026-09-08T14:21:52+00:00
2024,WA,53065,Stevens County,2024-09-21,45,3,0,3,0,,,,,1,wa-sos,2026-09-08T14:21:52+00:00
2024,WA,53065,Stevens County,2024-09-22,44,3,0,3,0,,,,,1,wa-sos,2026-09-08T14:21:52+00:00
2024,WA,53065,Stevens County,2024-09-23,43,4,1,4,0,,,,,1,wa-sos,2026-09-08T14:21:52+00:00
2024,WA,53065,Stevens County,2024-09-24,42,7,3,7,0,,,,,1,wa-sos,2026-09-08T14:21:52+00:00
2024,WA,53065,Stevens County,2024-09-25,41,9,2,9,0,,,,,1,wa-sos,2026-09-08T14:21:52+00:00
2024,WA,53065,Stevens County,2024-09-26,40,9,0,9,0,,,,,1,wa-sos,2026-09-08T14:21:52+00:00
2024,WA,53065,Stevens County,2024-09-27,39,10,1,10,0,,,,,1,wa-sos,2026-09-08T14:21:52+00:00
2024,WA,53065,Stevens County,2024-09-28,38,10,0,10,0,,,,,1,wa-sos,2026-09-08T14:21:52+00:00
2024,WA,53065,Stevens County,2024-09-29,37,10,0,10,0,,,,,1,wa-sos,2026-09-08T14:21:52+00:00
2024,WA,53065,Stevens County,2024-09-30,36,11,1,11,0,,,,,1,wa-sos,2026-09-08T14:21:52+00:00
2024,WA,53065,Stevens County,2024-10-01,35,11,0,11,0,,,,,1,wa-sos,2026-09-08T14:21:52+00:00
2024,WA,53065,Stevens County,2024-10-02,34,14,3,14,0,,,,,1,wa-sos,2026-09-08T14:21:52+00:00
2024,WA,53065,Stevens County,2024-10-03,33,15,1,15,0,,,,,1,wa-sos,2026-09-08T14:21:52+00:00
2024,WA,53065,Stevens County,2024-10-04,32,17,2,17,0,,,,,1,wa-sos,2026-09-08T14:21:52+00:00
2024,WA,53065,Stevens County,2024-10-05,31,17,0,17,0,,,,,1,wa-sos,2026-09-08T14:21:52+00:00
2024,WA,53065,Stevens County,2024-10-06,30,17,0,17,0,,,,,1,wa-sos,2026-09-08T14:21:52+00:00
2024,WA,53065,Stevens County,2024-10-07,29,45,28,45,0,,,,,1,wa-sos,2026-09-08T14:21:52+00:00
2024,WA,53065,Stevens County,2024-10-08,28,46,1,46,0,,,,,1,wa-sos,2026-09-08T14:21:52+00:00
2024,WA,53065,Stevens County,2024-10-09,27,48,2,48,0,,,,,1,wa-sos,2026-09-08T14:21:52+00:00
2024,WA,53065,Stevens County,2024-10-10,26,49,1,49,0,,,,,1,wa-sos,2026-09-08T14:21:52+00:00
2024,WA,53065,Stevens County,2024-10-11,25,49,0,49,0,,,,,1,wa-sos,2026-09-08T14:21:52+00:00
2024,WA,53065,Stevens County,2024-10-12,24,49,0,49,0,,,,,1,wa-sos,2026-09-08T14:21:52+00:00
2024,WA,53065,Stevens County,2024-10-13,23,49,0,49,0,,,,,1,wa-sos,2026-09-08T14:21:52+00:00
2024,WA,53065,Stevens County,2024-10-14,22,55,6,55,0,,,,,1,wa-sos,2026-09-08T14:21:52+00:00
2024,WA,53065,Stevens County,2024-10-15,21,78,23,78,0,,,,,1,wa-sos,2026-09-08T14:21:52+00:00
2024,WA,53065,Stevens County,2024-10-16,20,82,4,82,0,,,,,1,wa-sos,2026-09-08T14:21:52+00:00
2024,WA,53065,Stevens County,2024-10-17,19,149,67,149,0,,,,,1,wa-sos,2026-09-08T14:21:52+00:00
2024,WA,53065,Stevens County,2024-10-18,18,159,10,159,0,,,,,1,wa-sos,2026-09-08T14:21:52+00:00
2024,WA,53065,Stevens County,2024-10-19,17,159,0,159,0,,,,,1,wa-sos,2026-09-08T14:21:52+00:00
2024,WA,53065,Stevens County,2024-10-20,16,159,0,159,0,,,,,1,wa-sos,2026-09-08T14:21:52+00:00
2024,WA,53065,Stevens County,2024-10-21,15,383,224,383,0,,,,,1,wa-sos,2026-09-08T14:21:52+00:00
2024,WA,53065,Stevens County,2024-10-22,14,2735,2352,2735,0,,,,,1,wa-sos,2026-09-08T14:21:52+00:00
2024,WA,53065,Stevens County,2024-10-23,13,4353,1618,4353,0,,,,,1,wa-sos,2026-09-08T14:21:52+00:00
2024,WA,53065,Stevens County,2024-10-24,12,6195,1842,6195,0,,,,,1,wa-sos,2026-09-08T14:21:52+00:00
2024,WA,53065,Stevens County,2024-10-25,11,8574,2379,8574,0,,,,,1,wa-sos,2026-09-08T14:21:52+00:00
2024,WA,53065,Stevens County,2024-10-26,10,8575,1,8575,0,,,,,1,wa-sos,2026-09-08T14:21:52+00:00
2024,WA,53065,Stevens County,2024-10-27,9,8576,1,8576,0,,,,,1,wa-sos,2026-09-08T14:21:52+00:00
2024,WA,53065,Stevens County,2024-10-28,8,10776,2200,10776,0,,,,,1,wa-sos,2026-09-08T14:21:52+00:00
2024,WA,53065,Stevens County,2024-10-29,7,12732,1956,12732,0,,,,,1,wa-sos,2026-09-08T14:21:52+00:00
2024,WA,53065,Stevens County,2024-10-30,6,16815,4083,16815,0,,,,,1,wa-sos,2026-09-08T14:21:52+00:00
2024,WA,53065,Stevens County,2024-10-31,5,18147,1332,18147,0,,,,,1,wa-sos,2026-09-08T14:21:52+00:00
2024,WA,53065,Stevens County,2024-11-01,4,19595,1448,19595,0,,,,,1,wa-sos,2026-09-08T14:21:52+00:00
2024,WA,53065,Stevens County,2024-11-02,3,19595,0,19595,0,,,,,1,wa-sos,2026-09-08T14:21:52+00:00
2024,WA,53065,Stevens County,2024-11-03,2,19595,0,19595,0,,,,,1,wa-sos,2026-09-08T14:21:52+00:00
2024,WA,53065,Stevens County,2024-11-04,1,21691,2096,21691,0,,,,,1,wa-sos,2026-09-08T14:21:52+00:00
2024,WA,53065,Stevens County,2024-11-05,0,27810,6119,27810,0,,,,,1,wa-sos,2026-09-08T14:21:52+00:00
2024,WA,53067,Thurston County,2024-10-11,25,671,671,671,0,,,,,1,wa-sos,2026-09-08T14:21:52+00:00
2024,WA,53067,Thurston County,2024-10-12,24,671,0,671,0,,,,,1,wa-sos,2026-09-08T14:21:52+00:00
2024,WA,53067,Thurston County,2024-10-13,23,671,0,671,0,,,,,1,wa-sos,2026-09-08T14:21:52+00:00
2024,WA,53067,Thurston County,2024-10-14,22,5552,4881,5552,0,,,,,1,wa-sos,2026-09-08T14:21:52+00:00
2024,WA,53067,Thurston County,2024-10-15,21,9742,4190,9742,0,,,,,1,wa-sos,2026-09-08T14:21:52+00:00
2024,WA,53067,Thurston County,2024-10-16,20,16996,7254,16996,0,,,,,1,wa-sos,2026-09-08T14:21:52+00:00
2024,WA,53067,Thurston County,2024-10-17,19,24757,7761,24757,0,,,,,1,wa-sos,2026-09-08T14:21:52+00:00
2024,WA,53067,Thurston County,2024-10-18,18,31379,6622,31379,0,,,,,1,wa-sos,2026-09-08T14:21:52+00:00
2024,WA,53067,Thurston County,2024-10-19,17,31379,0,31379,0,,,,,1,wa-sos,2026-09-08T14:21:52+00:00
2024,WA,53067,Thurston County,2024-10-20,16,31379,0,31379,0,,,,,1,wa-sos,2026-09-08T14:21:52+00:00
2024,WA,53067,Thurston County,2024-10-21,15,43460,12081,43460,0,,,,,1,wa-sos,2026-09-08T14:21:52+00:00
2024,WA,53067,Thurston County,2024-10-22,14,49744,6284,49744,0,,,,,1,wa-sos,2026-09-08T14:21:52+00:00
2024,WA,53067,Thurston County,2024-10-23,13,55623,5879,55623,0,,,,,1,wa-sos,2026-09-08T14:21:52+00:00
2024,WA,53067,Thurston County,2024-10-24,12,62920,7297,62920,0,,,,,1,wa-sos,2026-09-08T14:21:52+00:00
2024,WA,53067,Thurston County,2024-10-25,11,68950,6030,68950,0,,,,,1,wa-sos,2026-09-08T14:21:52+00:00
2024,WA,53067,Thurston County,2024-10-26,10,68950,0,68950,0,,,,,1,wa-sos,2026-09-08T14:21:52+00:00
2024,WA,53067,Thurston County,2024-10-27,9,68950,0,68950,0,,,,,1,wa-sos,2026-09-08T14:21:52+00:00
2024,WA,53067,Thurston County,2024-10-28,8,81372,12422,81372,0,,,,,1,wa-sos,2026-09-08T14:21:52+00:00
2024,WA,53067,Thurston County,2024-10-29,7,88058,6686,88058,0,,,,,1,wa-sos,2026-09-08T14:21:52+00:00
2024,WA,53067,Thurston County,2024-10-30,6,94252,6194,94252,0,,,,,1,wa-sos,2026-09-08T14:21:52+00:00
2024,WA,53067,Thurston County,2024-10-31,5,101126,6874,101125,1,,,,,1,wa-sos,2026-09-08T14:21:52+00:00
2024,WA,53067,Thurston County,2024-11-01,4,107749,6623,107748,1,,,,,1,wa-sos,2026-09-08T14:21:52+00:00
2024,WA,53067,Thurston County,2024-11-02,3,113004,5255,113003,1,,,,,1,wa-sos,2026-09-08T14:21:52+00:00
2024,WA,53067,Thurston County,2024-11-03,2,113004,0,113003,1,,,,,1,wa-sos,2026-09-08T14:21:52+00:00
2024,WA,53067,Thurston County,2024-11-04,1,128680,15676,128679,1,,,,,1,wa-sos,2026-09-08T14:21:52+00:00
2024,WA,53067,Thurston County,2024-11-05,0,146353,17673,146352,1,,,,,1,wa-sos,2026-09-08T14:21:52+00:00
2024,WA,53069,Wahkiakum County,2024-10-21,15,172,172,172,0,,,,,1,wa-sos,2026-09-08T14:21:52+00:00
2024,WA,53069,Wahkiakum County,2024-10-22,14,402,230,402,0,,,,,1,wa-sos,2026-09-08T14:21:52+00:00
2024,WA,53069,Wahkiakum County,2024-10-23,13,842,440,842,0,,,,,1,wa-sos,2026-09-08T14:21:52+00:00
2024,WA,53069,Wahkiakum County,2024-10-24,12,1054,212,1054,0,,,,,1,wa-sos,2026-09-08T14:21:52+00:00
2024,WA,53069,Wahkiakum County,2024-10-25,11,1289,235,1289,0,,,,,1,wa-sos,2026-09-08T14:21:52+00:00
2024,WA,53069,Wahkiakum County,2024-10-26,10,1289,0,1289,0,,,,,1,wa-sos,2026-09-08T14:21:52+00:00
2024,WA,53069,Wahkiakum County,2024-10-27,9,1289,0,1289,0,,,,,1,wa-sos,2026-09-08T14:21:52+00:00
2024,WA,53069,Wahkiakum County,2024-10-28,8,1382,93,1382,0,,,,,1,wa-sos,2026-09-08T14:21:52+00:00
2024,WA,53069,Wahkiakum County,2024-10-29,7,1772,390,1772,0,,,,,1,wa-sos,2026-09-08T14:21:52+00:00
2024,WA,53069,Wahkiakum County,2024-10-30,6,1860,88,1860,0,,,,,1,wa-sos,2026-09-08T14:21:52+00:00
2024,WA,53069,Wahkiakum County,2024-10-31,5,2057,197,2057,0,,,,,1,wa-sos,2026-09-08T14:21:52+00:00
2024,WA,53069,Wahkiakum County,2024-11-01,4,2198,141,2198,0,,,,,1,wa-sos,2026-09-08T14:21:52+00:00
2024,WA,53069,Wahkiakum County,2024-11-02,3,2198,0,2198,0,,,,,1,wa-sos,2026-09-08T14:21:52+00:00
2024,WA,53069,Wahkiakum County,2024-11-03,2,2198,0,2198,0,,,,,1,wa-sos,2026-09-08T14:21:52+00:00
2024,WA,53069,Wahkiakum County,2024-11-04,1,2499,301,2499,0,,,,,1,wa-sos,2026-09-08T14:21:52+00:00
2024,WA,53069,Wahkiakum County,2024-11-05,0,2764,265,2764,0,,,,,1,wa-sos,2026-09-08T14:21:52+00:00
2024,WA,53071,Walla Walla County,2024-10-21,15,389,389,389,0,,,,,1,wa-sos,2026-09-08T14:21:52+00:00
2024,WA,53071,Walla Walla County,2024-10-22,14,1081,692,1081,0,,,,,1,wa-sos,2026-09-08T14:21:52+00:00
2024,WA,53071,Walla Walla County,2024-10-23,13,3938,2857,3938,0,,,,,1,wa-sos,2026-09-08T14:21:52+00:00
2024,WA,53071,Walla Walla County,2024-10-24,12,5804,1866,5804,0,,,,,1,wa-sos,2026-09-08T14:21:52+00:00
2024,WA,53071,Walla Walla County,2024-10-25,11,6954,1150,6954,0,,,,,1,wa-sos,2026-09-08T14:21:52+00:00
2024,WA,53071,Walla Walla County,2024-10-26,10,6954,0,6954,0,,,,,1,wa-sos,2026-09-08T14:21:52+00:00
2024,WA,53071,Walla Walla County,2024-10-27,9,6954,0,6954,0,,,,,1,wa-sos,2026-09-08T14:21:52+00:00
2024,WA,53071,Walla Walla County,2024-10-28,8,8548,1594,8548,0,,,,,1,wa-sos,2026-09-08T14:21:52+00:00
2024,WA,53071,Walla Walla County,2024-10-29,7,10291,1743,10291,0,,,,,1,wa-sos,2026-09-08T14:21:52+00:00
2024,WA,53071,Walla Walla County,2024-10-30,6,12978,2687,12978,0,,,,,1,wa-sos,2026-09-08T14:21:52+00:00
2024,WA,53071,Walla Walla County,2024-10-31,5,16115,3137,16115,0,,,,,1,wa-sos,2026-09-08T14:21:52+00:00
2024,WA,53071,Walla Walla County,2024-11-01,4,17657,1542,17657,0,,,,,1,wa-sos,2026-09-08T14:21:52+00:00
2024,WA,53071,Walla Walla County,2024-11-02,3,17860,203,17860,0,,,,,1,wa-sos,2026-09-08T14:21:52+00:00
2024,WA,53071,Walla Walla County,2024-11-03,2,17860,0,17860,0,,,,,1,wa-sos,2026-09-08T14:21:52+00:00
2024,WA,53071,Walla Walla County,2024-11-04,1,20277,2417,20277,0,,,,,1,wa-sos,2026-09-08T14:21:52+00:00
2024,WA,53071,Walla Walla County,2024-11-05,0,22983,2706,22983,0,,,,,1,wa-sos,2026-09-08T14:21:52+00:00
2024,WA,53073,Whatcom County,2024-09-30,36,266,266,266,0,,,,,1,wa-sos,2026-09-08T14:21:52+00:00
2024,WA,53073,Whatcom County,2024-10-01,35,291,25,291,0,,,,,1,wa-sos,2026-09-08T14:21:52+00:00
2024,WA,53073,Whatcom County,2024-10-02,34,491,200,491,0,,,,,1,wa-sos,2026-09-08T14:21:52+00:00
2024,WA,53073,Whatcom County,2024-10-03,33,513,22,513,0,,,,,1,wa-sos,2026-09-08T14:21:52+00:00
2024,WA,53073,Whatcom County,2024-10-04,32,571,58,571,0,,,,,1,wa-sos,2026-09-08T14:21:52+00:00
2024,WA,53073,Whatcom County,2024-10-05,31,571,0,571,0,,,,,1,wa-sos,2026-09-08T14:21:52+00:00
2024,WA,53073,Whatcom County,2024-10-06,30,571,0,571,0,,,,,1,wa-sos,2026-09-08T14:21:52+00:00
2024,WA,53073,Whatcom County,2024-10-07,29,630,59,630,0,,,,,1,wa-sos,2026-09-08T14:21:52+00:00
2024,WA,53073,Whatcom County,2024-10-08,28,749,119,749,0,,,,,1,wa-sos,2026-09-08T14:21:52+00:00
2024,WA,53073,Whatcom County,2024-10-09,27,794,45,794,0,,,,,1,wa-sos,2026-09-08T14:21:52+00:00
2024,WA,53073,Whatcom County,2024-10-10,26,794,0,794,0,,,,,1,wa-sos,2026-09-08T14:21:52+00:00
2024,WA,53073,Whatcom County,2024-10-11,25,971,177,971,0,,,,,1,wa-sos,2026-09-08T14:21:52+00:00
2024,WA,53073,Whatcom County,2024-10-12,24,971,0,971,0,,,,,1,wa-sos,2026-09-08T14:21:52+00:00
2024,WA,53073,Whatcom County,2024-10-13,23,971,0,971,0,,,,,1,wa-sos,2026-09-08T14:21:52+00:00
2024,WA,53073,Whatcom County,2024-10-14,22,1043,72,1043,0,,,,,1,wa-sos,2026-09-08T14:21:52+00:00
2024,WA,53073,Whatcom County,2024-10-15,21,1177,134,1177,0,,,,,1,wa-sos,2026-09-08T14:21:52+00:00
2024,WA,53073,Whatcom County,2024-10-16,20,1299,122,1299,0,,,,,1,wa-sos,2026-09-08T14:21:52+00:00
2024,WA,53073,Whatcom County,2024-10-17,19,1350,51,1350,0,,,,,1,wa-sos,2026-09-08T14:21:52+00:00
2024,WA,53073,Whatcom County,2024-10-18,18,2695,1345,2695,0,,,,,1,wa-sos,2026-09-08T14:21:52+00:00
2024,WA,53073,Whatcom County,2024-10-19,17,2695,0,2695,0,,,,,1,wa-sos,2026-09-08T14:21:52+00:00
2024,WA,53073,Whatcom County,2024-10-20,16,2695,0,2695,0,,,,,1,wa-sos,2026-09-08T14:21:52+00:00
2024,WA,53073,Whatcom County,2024-10-21,15,12882,10187,12882,0,,,,,1,wa-sos,2026-09-08T14:21:52+00:00
2024,WA,53073,Whatcom County,2024-10-22,14,19205,6323,19205,0,,,,,1,wa-sos,2026-09-08T14:21:52+00:00
2024,WA,53073,Whatcom County,2024-10-23,13,30264,11059,30264,0,,,,,1,wa-sos,2026-09-08T14:21:52+00:00
2024,WA,53073,Whatcom County,2024-10-24,12,36340,6076,36340,0,,,,,1,wa-sos,2026-09-08T14:21:52+00:00
2024,WA,53073,Whatcom County,2024-10-25,11,42627,6287,42627,0,,,,,1,wa-sos,2026-09-08T14:21:52+00:00
2024,WA,53073,Whatcom County,2024-10-26,10,42627,0,42627,0,,,,,1,wa-sos,2026-09-08T14:21:52+00:00
2024,WA,53073,Whatcom County,2024-10-27,9,42627,0,42627,0,,,,,1,wa-sos,2026-09-08T14:21:52+00:00
2024,WA,53073,Whatcom County,2024-10-28,8,55655,13028,55655,0,,,,,1,wa-sos,2026-09-08T14:21:52+00:00
2024,WA,53073,Whatcom County,2024-10-29,7,63879,8224,63879,0,,,,,1,wa-sos,2026-09-08T14:21:52+00:00
2024,WA,53073,Whatcom County,2024-10-30,6,70983,7104,70983,0,,,,,1,wa-sos,2026-09-08T14:21:52+00:00
2024,WA,53073,Whatcom County,2024-10-31,5,77470,6487,77470,0,,,,,1,wa-sos,2026-09-08T14:21:52+00:00
2024,WA,53073,Whatcom County,2024-11-01,4,83899,6429,83899,0,,,,,1,wa-sos,2026-09-08T14:21:52+00:00
2024,WA,53073,Whatcom County,2024-11-02,3,90303,6404,90303,0,,,,,1,wa-sos,2026-09-08T14:21:52+00:00
2024,WA,53073,Whatcom County,2024-11-03,2,90303,0,90303,0,,,,,1,wa-sos,2026-09-08T14:21:52+00:00
2024,WA,53073,Whatcom County,2024-11-04,1,105649,15346,105649,0,,,,,1,wa-sos,2026-09-08T14:21:52+00:00
2024,WA,53073,Whatcom County,2024-11-05,0,123802,18153,123802,0,,,,,1,wa-sos,2026-09-08T14:21:52+00:00
2024,WA,53075,Whitman County,2024-10-21,15,1092,1092,942,150,,,,,1,wa-sos,2026-09-08T14:21:52+00:00
2024,WA,53075,Whitman County,2024-10-22,14,2322,1230,2093,229,,,,,1,wa-sos,2026-09-08T14:21:52+00:00
2024,WA,53075,Whitman County,2024-10-23,13,3714,1392,3485,229,,,,,1,wa-sos,2026-09-08T14:21:52+00:00
2024,WA,53075,Whitman County,2024-10-24,12,5104,1390,4775,329,,,,,1,wa-sos,2026-09-08T14:21:52+00:00
2024,WA,53075,Whitman County,2024-10-25,11,6391,1287,5933,458,,,,,1,wa-sos,2026-09-08T14:21:52+00:00
2024,WA,53075,Whitman County,2024-10-26,10,7227,836,6769,458,,,,,1,wa-sos,2026-09-08T14:21:52+00:00
2024,WA,53075,Whitman County,2024-10-27,9,7227,0,6769,458,,,,,1,wa-sos,2026-09-08T14:21:52+00:00
2024,WA,53075,Whitman County,2024-10-28,8,7747,520,7235,512,,,,,1,wa-sos,2026-09-08T14:21:52+00:00
2024,WA,53075,Whitman County,2024-10-29,7,9056,1309,8450,606,,,,,1,wa-sos,2026-09-08T14:21:52+00:00
2024,WA,53075,Whitman County,2024-10-30,6,10327,1271,9671,656,,,,,1,wa-sos,2026-09-08T14:21:52+00:00
2024,WA,53075,Whitman County,2024-10-31,5,10731,404,10075,656,,,,,1,wa-sos,2026-09-08T14:21:52+00:00
2024,WA,53075,Whitman County,2024-11-01,4,11917,1186,11185,732,,,,,1,wa-sos,2026-09-08T14:21:52+00:00
2024,WA,53075,Whitman County,2024-11-02,3,12868,951,11947,921,,,,,1,wa-sos,2026-09-08T14:21:52+00:00
2024,WA,53075,Whitman County,2024-11-03,2,12868,0,11947,921,,,,,1,wa-sos,2026-09-08T14:21:52+00:00
2024,WA,53075,Whitman County,2024-11-04,1,12868,0,11947,921,,,,,1,wa-sos,2026-09-08T14:21:52+00:00
2024,WA,53075,Whitman County,2024-11-05,0,12868,0,11947,921,,,,,1,wa-sos,2026-09-08T14:21:52+00:00
2024,WA,53077,Yakima County,2024-09-19,47,5,5,5,0,,,,,1,wa-sos,2026-09-08T14:21:52+00:00
2024,WA,53077,Yakima County,2024-09-20,46,8,3,8,0,,,,,1,wa-sos,2026-09-08T14:21:52+00:00
2024,WA,53077,Yakima County,2024-09-21,45,8,0,8,0,,,,,1,wa-sos,2026-09-08T14:21:52+00:00
2024,WA,53077,Yakima County,2024-09-22,44,8,0,8,0,,,,,1,wa-sos,2026-09-08T14:21:52+00:00
2024,WA,53077,Yakima County,2024-09-23,43,17,9,17,0,,,,,1,wa-sos,2026-09-08T14:21:52+00:00
2024,WA,53077,Yakima County,2024-09-24,42,22,5,22,0,,,,,1,wa-sos,2026-09-08T14:21:52+00:00
2024,WA,53077,Yakima County,2024-09-25,41,34,12,34,0,,,,,1,wa-sos,2026-09-08T14:21:52+00:00
2024,WA,53077,Yakima County,2024-09-26,40,39,5,39,0,,,,,1,wa-sos,2026-09-08T14:21:52+00:00
2024,WA,53077,Yakima County,2024-09-27,39,58,19,58,0,,,,,1,wa-sos,2026-09-08T14:21:52+00:00
2024,WA,53077,Yakima County,2024-09-28,38,60,2,60,0,,,,,1,wa-sos,2026-09-08T14:21:52+00:00
2024,WA,53077,Yakima County,2024-09-29,37,63,3,63,0,,,,,1,wa-sos,2026-09-08T14:21:52+00:00
2024,WA,53077,Yakima County,2024-09-30,36,76,13,76,0,,,,,1,wa-sos,2026-09-08T14:21:52+00:00
2024,WA,53077,Yakima County,2024-10-01,35,85,9,85,0,,,,,1,wa-sos,2026-09-08T14:21:52+00:00
2024,WA,53077,Yakima County,2024-10-02,34,89,4,89,0,,,,,1,wa-sos,2026-09-08T14:21:52+00:00
2024,WA,53077,Yakima County,2024-10-03,33,97,8,97,0,,,,,1,wa-sos,2026-09-08T14:21:52+00:00
2024,WA,53077,Yakima County,2024-10-04,32,105,8,105,0,,,,,1,wa-sos,2026-09-08T14:21:52+00:00
2024,WA,53077,Yakima County,2024-10-05,31,105,0,105,0,,,,,1,wa-sos,2026-09-08T14:21:52+00:00
2024,WA,53077,Yakima County,2024-10-06,30,105,0,105,0,,,,,1,wa-sos,2026-09-08T14:21:52+00:00
2024,WA,53077,Yakima County,2024-10-07,29,132,27,132,0,,,,,1,wa-sos,2026-09-08T14:21:52+00:00
2024,WA,53077,Yakima County,2024-10-08,28,137,5,137,0,,,,,1,wa-sos,2026-09-08T14:21:52+00:00
2024,WA,53077,Yakima County,2024-10-09,27,147,10,147,0,,,,,1,wa-sos,2026-09-08T14:21:52+00:00
2024,WA,53077,Yakima County,2024-10-10,26,165,18,165,0,,,,,1,wa-sos,2026-09-08T14:21:52+00:00
2024,WA,53077,Yakima County,2024-10-11,25,173,8,173,0,,,,,1,wa-sos,2026-09-08T14:21:52+00:00
2024,WA,53077,Yakima County,2024-10-12,24,173,0,173,0,,,,,1,wa-sos,2026-09-08T14:21:52+00:00
2024,WA,53077,Yakima County,2024-10-13,23,173,0,173,0,,,,,1,wa-sos,2026-09-08T14:21:52+00:00
2024,WA,53077,Yakima County,2024-10-14,22,184,11,184,0,,,,,1,wa-sos,2026-09-08T14:21:52+00:00
2024,WA,53077,Yakima County,2024-10-15,21,213,29,213,0,,,,,1,wa-sos,2026-09-08T14:21:52+00:00
2024,WA,53077,Yakima County,2024-10-16,20,227,14,227,0,,,,,1,wa-sos,2026-09-08T14:21:52+00:00
2024,WA,53077,Yakima County,2024-10-17,19,233,6,233,0,,,,,1,wa-sos,2026-09-08T14:21:52+00:00
2024,WA,53077,Yakima County,2024-10-18,18,659,426,659,0,,,,,1,wa-sos,2026-09-08T14:21:52+00:00
2024,WA,53077,Yakima County,2024-10-19,17,659,0,659,0,,,,,1,wa-sos,2026-09-08T14:21:52+00:00
2024,WA,53077,Yakima County,2024-10-20,16,659,0,659,0,,,,,1,wa-sos,2026-09-08T14:21:52+00:00
2024,WA,53077,Yakima County,2024-10-21,15,5548,4889,5548,0,,,,,1,wa-sos,2026-09-08T14:21:52+00:00
2024,WA,53077,Yakima County,2024-10-22,14,8145,2597,8145,0,,,,,1,wa-sos,2026-09-08T14:21:52+00:00
2024,WA,53077,Yakima County,2024-10-23,13,15286,7141,15286,0,,,,,1,wa-sos,2026-09-08T14:21:52+00:00
2024,WA,53077,Yakima County,2024-10-24,12,21238,5952,21238,0,,,,,1,wa-sos,2026-09-08T14:21:52+00:00
2024,WA,53077,Yakima County,2024-10-25,11,25358,4120,25358,0,,,,,1,wa-sos,2026-09-08T14:21:52+00:00
2024,WA,53077,Yakima County,2024-10-26,10,28470,3112,28470,0,,,,,1,wa-sos,2026-09-08T14:21:52+00:00
2024,WA,53077,Yakima County,2024-10-27,9,28470,0,28470,0,,,,,1,wa-sos,2026-09-08T14:21:52+00:00
2024,WA,53077,Yakima County,2024-10-28,8,31754,3284,31754,0,,,,,1,wa-sos,2026-09-08T14:21:52+00:00
2024,WA,53077,Yakima County,2024-10-29,7,40005,8251,40005,0,,,,,1,wa-sos,2026-09-08T14:21:52+00:00
2024,WA,53077,Yakima County,2024-10-30,6,44754,4749,44754,0,,,,,1,wa-sos,2026-09-08T14:21:52+00:00
2024,WA,53077,Yakima County,2024-10-31,5,48600,3846,48600,0,,,,,1,wa-sos,2026-09-08T14:21:52+00:00
2024,WA,53077,Yakima County,2024-11-01,4,54213,5613,54213,0,,,,,1,wa-sos,2026-09-08T14:21:52+00:00
2024,WA,53077,Yakima County,2024-11-02,3,56917,2704,56917,0,,,,,1,wa-sos,2026-09-08T14:21:52+00:00
2024,WA,53077,Yakima County,2024-11-03,2,56927,10,56927,0,,,,,1,wa-sos,2026-09-08T14:21:52+00:00
2024,WA,53077,Yakima County,2024-11-04,1,66351,9424,66351,0,,,,,1,wa-sos,2026-09-08T14:21:52+00:00
2024,WA,53077,Yakima County,2024-11-05,0,84757,18406,84757,0,,,,,1,wa-sos,2026-09-08T14:21:52+00:00
