cycle,state,county_fips,county_name,date,days_to_election,ballots_total,ballots_new,mail_returned,inperson,party_dem,party_rep,party_oth,party_npa,source_tier,source_name,retrieved_at
2024,WI,55001,Adams County,2024-10-02,34,296,,296,0,,,,,1,wi-wec,2026-09-06T15:28:56+00:00
2024,WI,55001,Adams County,2024-10-03,33,350,,350,0,,,,,1,wi-wec,2026-09-06T15:28:56+00:00
2024,WI,55001,Adams County,2024-10-04,32,374,,374,0,,,,,1,wi-wec,2026-09-06T15:28:56+00:00
2024,WI,55001,Adams County,2024-10-05,31,431,,431,0,,,,,1,wi-wec,2026-09-06T15:28:56+00:00
2024,WI,55001,Adams County,2024-10-06,30,431,,431,0,,,,,1,wi-wec,2026-09-06T15:28:56+00:00
2024,WI,55001,Adams County,2024-10-07,29,447,,447,0,,,,,1,wi-wec,2026-09-06T15:28:56+00:00
2024,WI,55001,Adams County,2024-10-08,28,500,,500,0,,,,,1,wi-wec,2026-09-06T15:28:56+00:00
2024,WI,55001,Adams County,2024-10-10,26,608,,608,0,,,,,1,wi-wec,2026-09-06T15:28:56+00:00
2024,WI,55001,Adams County,2024-10-11,25,631,,631,0,,,,,1,wi-wec,2026-09-06T15:28:56+00:00
2024,WI,55001,Adams County,2024-10-12,24,672,,672,0,,,,,1,wi-wec,2026-09-06T15:28:56+00:00
2024,WI,55001,Adams County,2024-10-13,23,679,,679,0,,,,,1,wi-wec,2026-09-06T15:28:56+00:00
2024,WI,55001,Adams County,2024-10-14,22,684,,684,0,,,,,1,wi-wec,2026-09-06T15:28:56+00:00
2024,WI,55001,Adams County,2024-10-15,21,742,,742,0,,,,,1,wi-wec,2026-09-06T15:28:56+00:00
2024,WI,55001,Adams County,2024-10-16,20,785,,785,0,,,,,1,wi-wec,2026-09-06T15:28:56+00:00
2024,WI,55001,Adams County,2024-10-17,19,893,,893,0,,,,,1,wi-wec,2026-09-06T15:28:56+00:00
2024,WI,55001,Adams County,2024-10-18,18,932,,932,0,,,,,1,wi-wec,2026-09-06T15:28:56+00:00
2024,WI,55001,Adams County,2024-10-19,17,975,,975,0,,,,,1,wi-wec,2026-09-06T15:28:56+00:00
2024,WI,55001,Adams County,2024-10-20,16,984,,984,0,,,,,1,wi-wec,2026-09-06T15:28:56+00:00
2024,WI,55001,Adams County,2024-10-21,15,999,,999,0,,,,,1,wi-wec,2026-09-06T15:28:56+00:00
2024,WI,55001,Adams County,2024-10-22,14,1060,,1060,0,,,,,1,wi-wec,2026-09-06T15:28:56+00:00
2024,WI,55001,Adams County,2024-10-23,13,1485,,1151,334,,,,,1,wi-wec,2026-09-06T15:28:56+00:00
2024,WI,55001,Adams County,2024-10-24,12,1790,,1219,571,,,,,1,wi-wec,2026-09-06T15:28:56+00:00
2024,WI,55001,Adams County,2024-10-25,11,2088,,1283,805,,,,,1,wi-wec,2026-09-06T15:28:56+00:00
2024,WI,55001,Adams County,2024-10-28,8,2487,,1403,1084,,,,,1,wi-wec,2026-09-06T15:28:56+00:00
2024,WI,55001,Adams County,2024-10-30,6,3043,,1592,1451,,,,,1,wi-wec,2026-09-06T15:28:56+00:00
2024,WI,55001,Adams County,2024-11-05,0,3939,,1860,2079,,,,,1,wi-wec,2026-09-06T15:28:56+00:00
2024,WI,55001,Adams County,2024-11-06,-1,3999,,1798,2201,,,,,1,wi-wec,2026-09-06T15:28:56+00:00
2024,WI,55001,Adams County,2024-11-07,-2,3999,,1798,2201,,,,,1,wi-wec,2026-09-06T15:28:56+00:00
2024,WI,55003,Ashland County,2024-10-02,34,181,,181,0,,,,,1,wi-wec,2026-09-06T15:28:56+00:00
2024,WI,55003,Ashland County,2024-10-03,33,201,,201,0,,,,,1,wi-wec,2026-09-06T15:28:56+00:00
2024,WI,55003,Ashland County,2024-10-04,32,229,,229,0,,,,,1,wi-wec,2026-09-06T15:28:56+00:00
2024,WI,55003,Ashland County,2024-10-05,31,244,,244,0,,,,,1,wi-wec,2026-09-06T15:28:56+00:00
2024,WI,55003,Ashland County,2024-10-06,30,244,,244,0,,,,,1,wi-wec,2026-09-06T15:28:56+00:00
2024,WI,55003,Ashland County,2024-10-07,29,249,,249,0,,,,,1,wi-wec,2026-09-06T15:28:56+00:00
2024,WI,55003,Ashland County,2024-10-08,28,295,,295,0,,,,,1,wi-wec,2026-09-06T15:28:56+00:00
2024,WI,55003,Ashland County,2024-10-10,26,343,,343,0,,,,,1,wi-wec,2026-09-06T15:28:56+00:00
2024,WI,55003,Ashland County,2024-10-11,25,344,,344,0,,,,,1,wi-wec,2026-09-06T15:28:56+00:00
2024,WI,55003,Ashland County,2024-10-12,24,355,,355,0,,,,,1,wi-wec,2026-09-06T15:28:56+00:00
2024,WI,55003,Ashland County,2024-10-13,23,357,,357,0,,,,,1,wi-wec,2026-09-06T15:28:56+00:00
2024,WI,55003,Ashland County,2024-10-14,22,357,,357,0,,,,,1,wi-wec,2026-09-06T15:28:56+00:00
2024,WI,55003,Ashland County,2024-10-15,21,383,,383,0,,,,,1,wi-wec,2026-09-06T15:28:56+00:00
2024,WI,55003,Ashland County,2024-10-16,20,492,,492,0,,,,,1,wi-wec,2026-09-06T15:28:56+00:00
2024,WI,55003,Ashland County,2024-10-17,19,526,,526,0,,,,,1,wi-wec,2026-09-06T15:28:56+00:00
2024,WI,55003,Ashland County,2024-10-18,18,556,,556,0,,,,,1,wi-wec,2026-09-06T15:28:56+00:00
2024,WI,55003,Ashland County,2024-10-19,17,563,,563,0,,,,,1,wi-wec,2026-09-06T15:28:56+00:00
2024,WI,55003,Ashland County,2024-10-20,16,563,,563,0,,,,,1,wi-wec,2026-09-06T15:28:56+00:00
2024,WI,55003,Ashland County,2024-10-21,15,563,,563,0,,,,,1,wi-wec,2026-09-06T15:28:56+00:00
2024,WI,55003,Ashland County,2024-10-22,14,677,,677,0,,,,,1,wi-wec,2026-09-06T15:28:56+00:00
2024,WI,55003,Ashland County,2024-10-23,13,857,,698,159,,,,,1,wi-wec,2026-09-06T15:28:56+00:00
2024,WI,55003,Ashland County,2024-10-24,12,1042,,741,301,,,,,1,wi-wec,2026-09-06T15:28:56+00:00
2024,WI,55003,Ashland County,2024-10-25,11,1284,,868,416,,,,,1,wi-wec,2026-09-06T15:28:56+00:00
2024,WI,55003,Ashland County,2024-10-28,8,1444,,918,526,,,,,1,wi-wec,2026-09-06T15:28:56+00:00
2024,WI,55003,Ashland County,2024-10-30,6,1842,,1028,814,,,,,1,wi-wec,2026-09-06T15:28:56+00:00
2024,WI,55003,Ashland County,2024-11-05,0,2526,,1180,1346,,,,,1,wi-wec,2026-09-06T15:28:56+00:00
2024,WI,55003,Ashland County,2024-11-06,-1,2556,,1210,1346,,,,,1,wi-wec,2026-09-06T15:28:56+00:00
2024,WI,55003,Ashland County,2024-11-07,-2,2580,,1234,1346,,,,,1,wi-wec,2026-09-06T15:28:56+00:00
2024,WI,55005,Barron County,2024-10-02,34,567,,567,0,,,,,1,wi-wec,2026-09-06T15:28:56+00:00
2024,WI,55005,Barron County,2024-10-03,33,624,,624,0,,,,,1,wi-wec,2026-09-06T15:28:56+00:00
2024,WI,55005,Barron County,2024-10-04,32,695,,695,0,,,,,1,wi-wec,2026-09-06T15:28:56+00:00
2024,WI,55005,Barron County,2024-10-05,31,744,,744,0,,,,,1,wi-wec,2026-09-06T15:28:56+00:00
2024,WI,55005,Barron County,2024-10-06,30,769,,769,0,,,,,1,wi-wec,2026-09-06T15:28:56+00:00
2024,WI,55005,Barron County,2024-10-07,29,822,,822,0,,,,,1,wi-wec,2026-09-06T15:28:56+00:00
2024,WI,55005,Barron County,2024-10-08,28,934,,934,0,,,,,1,wi-wec,2026-09-06T15:28:56+00:00
2024,WI,55005,Barron County,2024-10-10,26,1127,,1127,0,,,,,1,wi-wec,2026-09-06T15:28:56+00:00
2024,WI,55005,Barron County,2024-10-11,25,1232,,1232,0,,,,,1,wi-wec,2026-09-06T15:28:56+00:00
2024,WI,55005,Barron County,2024-10-12,24,1315,,1315,0,,,,,1,wi-wec,2026-09-06T15:28:56+00:00
2024,WI,55005,Barron County,2024-10-13,23,1327,,1327,0,,,,,1,wi-wec,2026-09-06T15:28:56+00:00
2024,WI,55005,Barron County,2024-10-14,22,1342,,1342,0,,,,,1,wi-wec,2026-09-06T15:28:56+00:00
2024,WI,55005,Barron County,2024-10-15,21,1421,,1421,0,,,,,1,wi-wec,2026-09-06T15:28:56+00:00
2024,WI,55005,Barron County,2024-10-16,20,1545,,1545,0,,,,,1,wi-wec,2026-09-06T15:28:56+00:00
2024,WI,55005,Barron County,2024-10-17,19,1612,,1612,0,,,,,1,wi-wec,2026-09-06T15:28:56+00:00
2024,WI,55005,Barron County,2024-10-18,18,1677,,1677,0,,,,,1,wi-wec,2026-09-06T15:28:56+00:00
2024,WI,55005,Barron County,2024-10-19,17,1815,,1815,0,,,,,1,wi-wec,2026-09-06T15:28:56+00:00
2024,WI,55005,Barron County,2024-10-20,16,1835,,1835,0,,,,,1,wi-wec,2026-09-06T15:28:56+00:00
2024,WI,55005,Barron County,2024-10-21,15,1848,,1848,0,,,,,1,wi-wec,2026-09-06T15:28:56+00:00
2024,WI,55005,Barron County,2024-10-22,14,1993,,1982,11,,,,,1,wi-wec,2026-09-06T15:28:56+00:00
2024,WI,55005,Barron County,2024-10-23,13,2803,,2132,671,,,,,1,wi-wec,2026-09-06T15:28:56+00:00
2024,WI,55005,Barron County,2024-10-24,12,3535,,2268,1267,,,,,1,wi-wec,2026-09-06T15:28:56+00:00
2024,WI,55005,Barron County,2024-10-25,11,4208,,2360,1848,,,,,1,wi-wec,2026-09-06T15:28:56+00:00
2024,WI,55005,Barron County,2024-10-28,8,5083,,2574,2509,,,,,1,wi-wec,2026-09-06T15:28:56+00:00
2024,WI,55005,Barron County,2024-10-30,6,6518,,2928,3590,,,,,1,wi-wec,2026-09-06T15:28:56+00:00
2024,WI,55005,Barron County,2024-11-05,0,8639,,3381,5258,,,,,1,wi-wec,2026-09-06T15:28:56+00:00
2024,WI,55005,Barron County,2024-11-06,-1,8703,,3441,5262,,,,,1,wi-wec,2026-09-06T15:28:56+00:00
2024,WI,55005,Barron County,2024-11-07,-2,8719,,3457,5262,,,,,1,wi-wec,2026-09-06T15:28:56+00:00
2024,WI,55007,Bayfield County,2024-10-02,34,234,,234,0,,,,,1,wi-wec,2026-09-06T15:28:56+00:00
2024,WI,55007,Bayfield County,2024-10-03,33,285,,285,0,,,,,1,wi-wec,2026-09-06T15:28:56+00:00
2024,WI,55007,Bayfield County,2024-10-04,32,334,,334,0,,,,,1,wi-wec,2026-09-06T15:28:56+00:00
2024,WI,55007,Bayfield County,2024-10-05,31,384,,384,0,,,,,1,wi-wec,2026-09-06T15:28:56+00:00
2024,WI,55007,Bayfield County,2024-10-06,30,413,,413,0,,,,,1,wi-wec,2026-09-06T15:28:56+00:00
2024,WI,55007,Bayfield County,2024-10-07,29,424,,424,0,,,,,1,wi-wec,2026-09-06T15:28:56+00:00
2024,WI,55007,Bayfield County,2024-10-08,28,500,,500,0,,,,,1,wi-wec,2026-09-06T15:28:56+00:00
2024,WI,55007,Bayfield County,2024-10-10,26,604,,604,0,,,,,1,wi-wec,2026-09-06T15:28:56+00:00
2024,WI,55007,Bayfield County,2024-10-11,25,662,,662,0,,,,,1,wi-wec,2026-09-06T15:28:56+00:00
2024,WI,55007,Bayfield County,2024-10-12,24,714,,714,0,,,,,1,wi-wec,2026-09-06T15:28:56+00:00
2024,WI,55007,Bayfield County,2024-10-13,23,725,,725,0,,,,,1,wi-wec,2026-09-06T15:28:56+00:00
2024,WI,55007,Bayfield County,2024-10-14,22,727,,727,0,,,,,1,wi-wec,2026-09-06T15:28:56+00:00
2024,WI,55007,Bayfield County,2024-10-15,21,779,,779,0,,,,,1,wi-wec,2026-09-06T15:28:56+00:00
2024,WI,55007,Bayfield County,2024-10-16,20,846,,846,0,,,,,1,wi-wec,2026-09-06T15:28:56+00:00
2024,WI,55007,Bayfield County,2024-10-17,19,890,,890,0,,,,,1,wi-wec,2026-09-06T15:28:56+00:00
2024,WI,55007,Bayfield County,2024-10-18,18,946,,946,0,,,,,1,wi-wec,2026-09-06T15:28:56+00:00
2024,WI,55007,Bayfield County,2024-10-19,17,970,,970,0,,,,,1,wi-wec,2026-09-06T15:28:56+00:00
2024,WI,55007,Bayfield County,2024-10-20,16,981,,981,0,,,,,1,wi-wec,2026-09-06T15:28:56+00:00
2024,WI,55007,Bayfield County,2024-10-21,15,996,,996,0,,,,,1,wi-wec,2026-09-06T15:28:56+00:00
2024,WI,55007,Bayfield County,2024-10-22,14,1107,,1107,0,,,,,1,wi-wec,2026-09-06T15:28:56+00:00
2024,WI,55007,Bayfield County,2024-10-23,13,1295,,1169,126,,,,,1,wi-wec,2026-09-06T15:28:56+00:00
2024,WI,55007,Bayfield County,2024-10-24,12,1494,,1212,282,,,,,1,wi-wec,2026-09-06T15:28:56+00:00
2024,WI,55007,Bayfield County,2024-10-25,11,1652,,1266,386,,,,,1,wi-wec,2026-09-06T15:28:56+00:00
2024,WI,55007,Bayfield County,2024-10-28,8,1803,,1316,487,,,,,1,wi-wec,2026-09-06T15:28:56+00:00
2024,WI,55007,Bayfield County,2024-10-30,6,2232,,1501,731,,,,,1,wi-wec,2026-09-06T15:28:56+00:00
2024,WI,55007,Bayfield County,2024-11-05,0,2725,,1686,1039,,,,,1,wi-wec,2026-09-06T15:28:56+00:00
2024,WI,55007,Bayfield County,2024-11-06,-1,2793,,1734,1059,,,,,1,wi-wec,2026-09-06T15:28:56+00:00
2024,WI,55007,Bayfield County,2024-11-07,-2,2794,,1735,1059,,,,,1,wi-wec,2026-09-06T15:28:56+00:00
2024,WI,55009,Brown County,2024-10-02,34,5974,,5974,0,,,,,1,wi-wec,2026-09-06T15:28:56+00:00
2024,WI,55009,Brown County,2024-10-03,33,6657,,6657,0,,,,,1,wi-wec,2026-09-06T15:28:56+00:00
2024,WI,55009,Brown County,2024-10-04,32,6890,,6890,0,,,,,1,wi-wec,2026-09-06T15:28:56+00:00
2024,WI,55009,Brown County,2024-10-05,31,7617,,7617,0,,,,,1,wi-wec,2026-09-06T15:28:56+00:00
2024,WI,55009,Brown County,2024-10-06,30,7619,,7619,0,,,,,1,wi-wec,2026-09-06T15:28:56+00:00
2024,WI,55009,Brown County,2024-10-07,29,7687,,7687,0,,,,,1,wi-wec,2026-09-06T15:28:56+00:00
2024,WI,55009,Brown County,2024-10-08,28,8936,,8936,0,,,,,1,wi-wec,2026-09-06T15:28:56+00:00
2024,WI,55009,Brown County,2024-10-10,26,10415,,10415,0,,,,,1,wi-wec,2026-09-06T15:28:56+00:00
2024,WI,55009,Brown County,2024-10-11,25,10772,,10772,0,,,,,1,wi-wec,2026-09-06T15:28:56+00:00
2024,WI,55009,Brown County,2024-10-12,24,11124,,11124,0,,,,,1,wi-wec,2026-09-06T15:28:56+00:00
2024,WI,55009,Brown County,2024-10-13,23,11125,,11125,0,,,,,1,wi-wec,2026-09-06T15:28:56+00:00
2024,WI,55009,Brown County,2024-10-14,22,11134,,11134,0,,,,,1,wi-wec,2026-09-06T15:28:56+00:00
2024,WI,55009,Brown County,2024-10-15,21,11657,,11657,0,,,,,1,wi-wec,2026-09-06T15:28:56+00:00
2024,WI,55009,Brown County,2024-10-16,20,13334,,13334,0,,,,,1,wi-wec,2026-09-06T15:28:56+00:00
2024,WI,55009,Brown County,2024-10-17,19,13966,,13966,0,,,,,1,wi-wec,2026-09-06T15:28:56+00:00
2024,WI,55009,Brown County,2024-10-18,18,14902,,14902,0,,,,,1,wi-wec,2026-09-06T15:28:56+00:00
2024,WI,55009,Brown County,2024-10-19,17,15737,,15737,0,,,,,1,wi-wec,2026-09-06T15:28:56+00:00
2024,WI,55009,Brown County,2024-10-20,16,15737,,15737,0,,,,,1,wi-wec,2026-09-06T15:28:56+00:00
2024,WI,55009,Brown County,2024-10-21,15,15754,,15754,0,,,,,1,wi-wec,2026-09-06T15:28:56+00:00
2024,WI,55009,Brown County,2024-10-22,14,18081,,18050,31,,,,,1,wi-wec,2026-09-06T15:28:56+00:00
2024,WI,55009,Brown County,2024-10-23,13,22839,,19002,3837,,,,,1,wi-wec,2026-09-06T15:28:56+00:00
2024,WI,55009,Brown County,2024-10-24,12,28283,,19873,8410,,,,,1,wi-wec,2026-09-06T15:28:56+00:00
2024,WI,55009,Brown County,2024-10-25,11,34729,,21195,13534,,,,,1,wi-wec,2026-09-06T15:28:56+00:00
2024,WI,55009,Brown County,2024-10-28,8,40426,,22082,18344,,,,,1,wi-wec,2026-09-06T15:28:56+00:00
2024,WI,55009,Brown County,2024-10-30,6,54706,,25626,29080,,,,,1,wi-wec,2026-09-06T15:28:56+00:00
2024,WI,55009,Brown County,2024-11-05,0,76012,,30072,45940,,,,,1,wi-wec,2026-09-06T15:28:56+00:00
2024,WI,55009,Brown County,2024-11-06,-1,77187,,31033,46154,,,,,1,wi-wec,2026-09-06T15:28:56+00:00
2024,WI,55009,Brown County,2024-11-07,-2,77222,,31068,46154,,,,,1,wi-wec,2026-09-06T15:28:56+00:00
2024,WI,55011,Buffalo County,2024-10-02,34,68,,68,0,,,,,1,wi-wec,2026-09-06T15:28:56+00:00
2024,WI,55011,Buffalo County,2024-10-03,33,73,,73,0,,,,,1,wi-wec,2026-09-06T15:28:56+00:00
2024,WI,55011,Buffalo County,2024-10-04,32,94,,94,0,,,,,1,wi-wec,2026-09-06T15:28:56+00:00
2024,WI,55011,Buffalo County,2024-10-05,31,113,,113,0,,,,,1,wi-wec,2026-09-06T15:28:56+00:00
2024,WI,55011,Buffalo County,2024-10-06,30,113,,113,0,,,,,1,wi-wec,2026-09-06T15:28:56+00:00
2024,WI,55011,Buffalo County,2024-10-07,29,113,,113,0,,,,,1,wi-wec,2026-09-06T15:28:56+00:00
2024,WI,55011,Buffalo County,2024-10-08,28,126,,126,0,,,,,1,wi-wec,2026-09-06T15:28:56+00:00
2024,WI,55011,Buffalo County,2024-10-10,26,171,,171,0,,,,,1,wi-wec,2026-09-06T15:28:56+00:00
2024,WI,55011,Buffalo County,2024-10-11,25,196,,196,0,,,,,1,wi-wec,2026-09-06T15:28:56+00:00
2024,WI,55011,Buffalo County,2024-10-12,24,206,,206,0,,,,,1,wi-wec,2026-09-06T15:28:56+00:00
2024,WI,55011,Buffalo County,2024-10-13,23,206,,206,0,,,,,1,wi-wec,2026-09-06T15:28:56+00:00
2024,WI,55011,Buffalo County,2024-10-14,22,206,,206,0,,,,,1,wi-wec,2026-09-06T15:28:56+00:00
2024,WI,55011,Buffalo County,2024-10-15,21,225,,225,0,,,,,1,wi-wec,2026-09-06T15:28:56+00:00
2024,WI,55011,Buffalo County,2024-10-16,20,245,,245,0,,,,,1,wi-wec,2026-09-06T15:28:56+00:00
2024,WI,55011,Buffalo County,2024-10-17,19,266,,266,0,,,,,1,wi-wec,2026-09-06T15:28:56+00:00
2024,WI,55011,Buffalo County,2024-10-18,18,295,,295,0,,,,,1,wi-wec,2026-09-06T15:28:56+00:00
2024,WI,55011,Buffalo County,2024-10-19,17,308,,308,0,,,,,1,wi-wec,2026-09-06T15:28:56+00:00
2024,WI,55011,Buffalo County,2024-10-20,16,308,,308,0,,,,,1,wi-wec,2026-09-06T15:28:56+00:00
2024,WI,55011,Buffalo County,2024-10-21,15,308,,308,0,,,,,1,wi-wec,2026-09-06T15:28:56+00:00
2024,WI,55011,Buffalo County,2024-10-22,14,348,,348,0,,,,,1,wi-wec,2026-09-06T15:28:56+00:00
2024,WI,55011,Buffalo County,2024-10-23,13,374,,358,16,,,,,1,wi-wec,2026-09-06T15:28:56+00:00
2024,WI,55011,Buffalo County,2024-10-24,12,468,,407,61,,,,,1,wi-wec,2026-09-06T15:28:56+00:00
2024,WI,55011,Buffalo County,2024-10-25,11,538,,432,106,,,,,1,wi-wec,2026-09-06T15:28:56+00:00
2024,WI,55011,Buffalo County,2024-10-28,8,605,,439,166,,,,,1,wi-wec,2026-09-06T15:28:56+00:00
2024,WI,55011,Buffalo County,2024-10-30,6,882,,550,332,,,,,1,wi-wec,2026-09-06T15:28:56+00:00
2024,WI,55011,Buffalo County,2024-11-05,0,1300,,678,622,,,,,1,wi-wec,2026-09-06T15:28:56+00:00
2024,WI,55011,Buffalo County,2024-11-06,-1,1362,,707,655,,,,,1,wi-wec,2026-09-06T15:28:56+00:00
2024,WI,55011,Buffalo County,2024-11-07,-2,1364,,709,655,,,,,1,wi-wec,2026-09-06T15:28:56+00:00
2024,WI,55013,Burnett County,2024-10-02,34,202,,202,0,,,,,1,wi-wec,2026-09-06T15:28:56+00:00
2024,WI,55013,Burnett County,2024-10-03,33,242,,242,0,,,,,1,wi-wec,2026-09-06T15:28:56+00:00
2024,WI,55013,Burnett County,2024-10-04,32,271,,271,0,,,,,1,wi-wec,2026-09-06T15:28:56+00:00
2024,WI,55013,Burnett County,2024-10-05,31,349,,349,0,,,,,1,wi-wec,2026-09-06T15:28:56+00:00
2024,WI,55013,Burnett County,2024-10-06,30,370,,370,0,,,,,1,wi-wec,2026-09-06T15:28:56+00:00
2024,WI,55013,Burnett County,2024-10-07,29,379,,379,0,,,,,1,wi-wec,2026-09-06T15:28:56+00:00
2024,WI,55013,Burnett County,2024-10-08,28,435,,435,0,,,,,1,wi-wec,2026-09-06T15:28:56+00:00
2024,WI,55013,Burnett County,2024-10-10,26,518,,518,0,,,,,1,wi-wec,2026-09-06T15:28:56+00:00
2024,WI,55013,Burnett County,2024-10-11,25,534,,534,0,,,,,1,wi-wec,2026-09-06T15:28:56+00:00
2024,WI,55013,Burnett County,2024-10-12,24,546,,546,0,,,,,1,wi-wec,2026-09-06T15:28:56+00:00
2024,WI,55013,Burnett County,2024-10-13,23,554,,554,0,,,,,1,wi-wec,2026-09-06T15:28:56+00:00
2024,WI,55013,Burnett County,2024-10-14,22,556,,556,0,,,,,1,wi-wec,2026-09-06T15:28:56+00:00
2024,WI,55013,Burnett County,2024-10-15,21,605,,605,0,,,,,1,wi-wec,2026-09-06T15:28:56+00:00
2024,WI,55013,Burnett County,2024-10-16,20,643,,643,0,,,,,1,wi-wec,2026-09-06T15:28:56+00:00
2024,WI,55013,Burnett County,2024-10-17,19,744,,744,0,,,,,1,wi-wec,2026-09-06T15:28:56+00:00
2024,WI,55013,Burnett County,2024-10-18,18,775,,775,0,,,,,1,wi-wec,2026-09-06T15:28:56+00:00
2024,WI,55013,Burnett County,2024-10-19,17,826,,826,0,,,,,1,wi-wec,2026-09-06T15:28:56+00:00
2024,WI,55013,Burnett County,2024-10-20,16,830,,830,0,,,,,1,wi-wec,2026-09-06T15:28:56+00:00
2024,WI,55013,Burnett County,2024-10-21,15,842,,842,0,,,,,1,wi-wec,2026-09-06T15:28:56+00:00
2024,WI,55013,Burnett County,2024-10-22,14,894,,894,0,,,,,1,wi-wec,2026-09-06T15:28:56+00:00
2024,WI,55013,Burnett County,2024-10-23,13,1009,,965,44,,,,,1,wi-wec,2026-09-06T15:28:56+00:00
2024,WI,55013,Burnett County,2024-10-24,12,1140,,997,143,,,,,1,wi-wec,2026-09-06T15:28:56+00:00
2024,WI,55013,Burnett County,2024-10-25,11,1247,,1071,176,,,,,1,wi-wec,2026-09-06T15:28:56+00:00
2024,WI,55013,Burnett County,2024-10-28,8,1399,,1128,271,,,,,1,wi-wec,2026-09-06T15:28:56+00:00
2024,WI,55013,Burnett County,2024-10-30,6,1846,,1342,504,,,,,1,wi-wec,2026-09-06T15:28:56+00:00
2024,WI,55013,Burnett County,2024-11-05,0,2446,,1520,926,,,,,1,wi-wec,2026-09-06T15:28:56+00:00
2024,WI,55013,Burnett County,2024-11-06,-1,2471,,1541,930,,,,,1,wi-wec,2026-09-06T15:28:56+00:00
2024,WI,55013,Burnett County,2024-11-07,-2,2475,,1545,930,,,,,1,wi-wec,2026-09-06T15:28:56+00:00
2024,WI,55015,Calumet County,2024-10-02,34,945,,945,0,,,,,1,wi-wec,2026-09-06T15:28:56+00:00
2024,WI,55015,Calumet County,2024-10-03,33,1093,,1093,0,,,,,1,wi-wec,2026-09-06T15:28:56+00:00
2024,WI,55015,Calumet County,2024-10-04,32,1292,,1292,0,,,,,1,wi-wec,2026-09-06T15:28:56+00:00
2024,WI,55015,Calumet County,2024-10-05,31,1349,,1349,0,,,,,1,wi-wec,2026-09-06T15:28:56+00:00
2024,WI,55015,Calumet County,2024-10-06,30,1349,,1349,0,,,,,1,wi-wec,2026-09-06T15:28:56+00:00
2024,WI,55015,Calumet County,2024-10-07,29,1354,,1354,0,,,,,1,wi-wec,2026-09-06T15:28:56+00:00
2024,WI,55015,Calumet County,2024-10-08,28,1694,,1694,0,,,,,1,wi-wec,2026-09-06T15:28:56+00:00
2024,WI,55015,Calumet County,2024-10-10,26,1954,,1954,0,,,,,1,wi-wec,2026-09-06T15:28:56+00:00
2024,WI,55015,Calumet County,2024-10-11,25,2097,,2097,0,,,,,1,wi-wec,2026-09-06T15:28:56+00:00
2024,WI,55015,Calumet County,2024-10-12,24,2248,,2248,0,,,,,1,wi-wec,2026-09-06T15:28:56+00:00
2024,WI,55015,Calumet County,2024-10-13,23,2252,,2252,0,,,,,1,wi-wec,2026-09-06T15:28:56+00:00
2024,WI,55015,Calumet County,2024-10-14,22,2292,,2292,0,,,,,1,wi-wec,2026-09-06T15:28:56+00:00
2024,WI,55015,Calumet County,2024-10-15,21,2393,,2393,0,,,,,1,wi-wec,2026-09-06T15:28:56+00:00
2024,WI,55015,Calumet County,2024-10-16,20,2681,,2681,0,,,,,1,wi-wec,2026-09-06T15:28:56+00:00
2024,WI,55015,Calumet County,2024-10-17,19,2821,,2821,0,,,,,1,wi-wec,2026-09-06T15:28:56+00:00
2024,WI,55015,Calumet County,2024-10-18,18,2966,,2966,0,,,,,1,wi-wec,2026-09-06T15:28:56+00:00
2024,WI,55015,Calumet County,2024-10-19,17,3183,,3183,0,,,,,1,wi-wec,2026-09-06T15:28:56+00:00
2024,WI,55015,Calumet County,2024-10-20,16,3188,,3188,0,,,,,1,wi-wec,2026-09-06T15:28:56+00:00
2024,WI,55015,Calumet County,2024-10-21,15,3191,,3191,0,,,,,1,wi-wec,2026-09-06T15:28:56+00:00
2024,WI,55015,Calumet County,2024-10-22,14,3567,,3539,28,,,,,1,wi-wec,2026-09-06T15:28:56+00:00
2024,WI,55015,Calumet County,2024-10-23,13,4482,,3676,806,,,,,1,wi-wec,2026-09-06T15:28:56+00:00
2024,WI,55015,Calumet County,2024-10-24,12,5311,,3883,1428,,,,,1,wi-wec,2026-09-06T15:28:56+00:00
2024,WI,55015,Calumet County,2024-10-25,11,6337,,4004,2333,,,,,1,wi-wec,2026-09-06T15:28:56+00:00
2024,WI,55015,Calumet County,2024-10-28,8,7975,,4242,3733,,,,,1,wi-wec,2026-09-06T15:28:56+00:00
2024,WI,55015,Calumet County,2024-10-30,6,9969,,4962,5007,,,,,1,wi-wec,2026-09-06T15:28:56+00:00
2024,WI,55015,Calumet County,2024-11-05,0,14165,,6025,8140,,,,,1,wi-wec,2026-09-06T15:28:56+00:00
2024,WI,55015,Calumet County,2024-11-06,-1,14269,,6128,8141,,,,,1,wi-wec,2026-09-06T15:28:56+00:00
2024,WI,55015,Calumet County,2024-11-07,-2,14277,,6136,8141,,,,,1,wi-wec,2026-09-06T15:28:56+00:00
2024,WI,55017,Chippewa County,2024-10-02,34,910,,910,0,,,,,1,wi-wec,2026-09-06T15:28:56+00:00
2024,WI,55017,Chippewa County,2024-10-03,33,1105,,1105,0,,,,,1,wi-wec,2026-09-06T15:28:56+00:00
2024,WI,55017,Chippewa County,2024-10-04,32,1197,,1197,0,,,,,1,wi-wec,2026-09-06T15:28:56+00:00
2024,WI,55017,Chippewa County,2024-10-05,31,1308,,1308,0,,,,,1,wi-wec,2026-09-06T15:28:56+00:00
2024,WI,55017,Chippewa County,2024-10-06,30,1308,,1308,0,,,,,1,wi-wec,2026-09-06T15:28:56+00:00
2024,WI,55017,Chippewa County,2024-10-07,29,1308,,1308,0,,,,,1,wi-wec,2026-09-06T15:28:56+00:00
2024,WI,55017,Chippewa County,2024-10-08,28,1551,,1551,0,,,,,1,wi-wec,2026-09-06T15:28:56+00:00
2024,WI,55017,Chippewa County,2024-10-10,26,1735,,1735,0,,,,,1,wi-wec,2026-09-06T15:28:56+00:00
2024,WI,55017,Chippewa County,2024-10-11,25,1877,,1877,0,,,,,1,wi-wec,2026-09-06T15:28:56+00:00
2024,WI,55017,Chippewa County,2024-10-12,24,1976,,1976,0,,,,,1,wi-wec,2026-09-06T15:28:56+00:00
2024,WI,55017,Chippewa County,2024-10-13,23,1976,,1976,0,,,,,1,wi-wec,2026-09-06T15:28:56+00:00
2024,WI,55017,Chippewa County,2024-10-14,22,1976,,1976,0,,,,,1,wi-wec,2026-09-06T15:28:56+00:00
2024,WI,55017,Chippewa County,2024-10-15,21,2091,,2091,0,,,,,1,wi-wec,2026-09-06T15:28:56+00:00
2024,WI,55017,Chippewa County,2024-10-16,20,2370,,2370,0,,,,,1,wi-wec,2026-09-06T15:28:56+00:00
2024,WI,55017,Chippewa County,2024-10-17,19,2537,,2537,0,,,,,1,wi-wec,2026-09-06T15:28:56+00:00
2024,WI,55017,Chippewa County,2024-10-18,18,2687,,2687,0,,,,,1,wi-wec,2026-09-06T15:28:56+00:00
2024,WI,55017,Chippewa County,2024-10-19,17,2848,,2848,0,,,,,1,wi-wec,2026-09-06T15:28:56+00:00
2024,WI,55017,Chippewa County,2024-10-20,16,2849,,2849,0,,,,,1,wi-wec,2026-09-06T15:28:56+00:00
2024,WI,55017,Chippewa County,2024-10-21,15,2849,,2849,0,,,,,1,wi-wec,2026-09-06T15:28:56+00:00
2024,WI,55017,Chippewa County,2024-10-22,14,3303,,3303,0,,,,,1,wi-wec,2026-09-06T15:28:56+00:00
2024,WI,55017,Chippewa County,2024-10-23,13,4403,,3562,841,,,,,1,wi-wec,2026-09-06T15:28:56+00:00
2024,WI,55017,Chippewa County,2024-10-24,12,5384,,3762,1622,,,,,1,wi-wec,2026-09-06T15:28:56+00:00
2024,WI,55017,Chippewa County,2024-10-25,11,6312,,3930,2382,,,,,1,wi-wec,2026-09-06T15:28:56+00:00
2024,WI,55017,Chippewa County,2024-10-28,8,7003,,4138,2865,,,,,1,wi-wec,2026-09-06T15:28:56+00:00
2024,WI,55017,Chippewa County,2024-10-30,6,8761,,4524,4237,,,,,1,wi-wec,2026-09-06T15:28:56+00:00
2024,WI,55017,Chippewa County,2024-11-05,0,11723,,5171,6552,,,,,1,wi-wec,2026-09-06T15:28:56+00:00
2024,WI,55017,Chippewa County,2024-11-06,-1,11840,,5284,6556,,,,,1,wi-wec,2026-09-06T15:28:56+00:00
2024,WI,55017,Chippewa County,2024-11-07,-2,11935,,5368,6567,,,,,1,wi-wec,2026-09-06T15:28:56+00:00
2024,WI,55019,Clark County,2024-10-02,34,161,,161,0,,,,,1,wi-wec,2026-09-06T15:28:56+00:00
2024,WI,55019,Clark County,2024-10-03,33,175,,175,0,,,,,1,wi-wec,2026-09-06T15:28:56+00:00
2024,WI,55019,Clark County,2024-10-04,32,215,,215,0,,,,,1,wi-wec,2026-09-06T15:28:56+00:00
2024,WI,55019,Clark County,2024-10-05,31,234,,234,0,,,,,1,wi-wec,2026-09-06T15:28:56+00:00
2024,WI,55019,Clark County,2024-10-06,30,240,,240,0,,,,,1,wi-wec,2026-09-06T15:28:56+00:00
2024,WI,55019,Clark County,2024-10-07,29,240,,240,0,,,,,1,wi-wec,2026-09-06T15:28:56+00:00
2024,WI,55019,Clark County,2024-10-08,28,294,,294,0,,,,,1,wi-wec,2026-09-06T15:28:56+00:00
2024,WI,55019,Clark County,2024-10-10,26,359,,359,0,,,,,1,wi-wec,2026-09-06T15:28:56+00:00
2024,WI,55019,Clark County,2024-10-11,25,379,,379,0,,,,,1,wi-wec,2026-09-06T15:28:56+00:00
2024,WI,55019,Clark County,2024-10-12,24,410,,410,0,,,,,1,wi-wec,2026-09-06T15:28:56+00:00
2024,WI,55019,Clark County,2024-10-13,23,410,,410,0,,,,,1,wi-wec,2026-09-06T15:28:56+00:00
2024,WI,55019,Clark County,2024-10-14,22,410,,410,0,,,,,1,wi-wec,2026-09-06T15:28:56+00:00
2024,WI,55019,Clark County,2024-10-15,21,448,,448,0,,,,,1,wi-wec,2026-09-06T15:28:56+00:00
2024,WI,55019,Clark County,2024-10-16,20,512,,512,0,,,,,1,wi-wec,2026-09-06T15:28:56+00:00
2024,WI,55019,Clark County,2024-10-17,19,554,,554,0,,,,,1,wi-wec,2026-09-06T15:28:56+00:00
2024,WI,55019,Clark County,2024-10-18,18,573,,573,0,,,,,1,wi-wec,2026-09-06T15:28:56+00:00
2024,WI,55019,Clark County,2024-10-19,17,607,,607,0,,,,,1,wi-wec,2026-09-06T15:28:56+00:00
2024,WI,55019,Clark County,2024-10-20,16,607,,607,0,,,,,1,wi-wec,2026-09-06T15:28:56+00:00
2024,WI,55019,Clark County,2024-10-21,15,607,,607,0,,,,,1,wi-wec,2026-09-06T15:28:56+00:00
2024,WI,55019,Clark County,2024-10-22,14,646,,646,0,,,,,1,wi-wec,2026-09-06T15:28:56+00:00
2024,WI,55019,Clark County,2024-10-23,13,827,,718,109,,,,,1,wi-wec,2026-09-06T15:28:56+00:00
2024,WI,55019,Clark County,2024-10-24,12,958,,769,189,,,,,1,wi-wec,2026-09-06T15:28:56+00:00
2024,WI,55019,Clark County,2024-10-25,11,1064,,815,249,,,,,1,wi-wec,2026-09-06T15:28:56+00:00
2024,WI,55019,Clark County,2024-10-28,8,1184,,861,323,,,,,1,wi-wec,2026-09-06T15:28:56+00:00
2024,WI,55019,Clark County,2024-10-30,6,1547,,1035,512,,,,,1,wi-wec,2026-09-06T15:28:56+00:00
2024,WI,55019,Clark County,2024-11-05,0,2088,,1239,849,,,,,1,wi-wec,2026-09-06T15:28:56+00:00
2024,WI,55019,Clark County,2024-11-06,-1,2151,,1295,856,,,,,1,wi-wec,2026-09-06T15:28:56+00:00
2024,WI,55019,Clark County,2024-11-07,-2,2183,,1325,858,,,,,1,wi-wec,2026-09-06T15:28:56+00:00
2024,WI,55021,Columbia County,2024-10-02,34,1035,,1035,0,,,,,1,wi-wec,2026-09-06T15:28:56+00:00
2024,WI,55021,Columbia County,2024-10-03,33,1168,,1168,0,,,,,1,wi-wec,2026-09-06T15:28:56+00:00
2024,WI,55021,Columbia County,2024-10-04,32,1362,,1362,0,,,,,1,wi-wec,2026-09-06T15:28:56+00:00
2024,WI,55021,Columbia County,2024-10-05,31,1461,,1461,0,,,,,1,wi-wec,2026-09-06T15:28:56+00:00
2024,WI,55021,Columbia County,2024-10-06,30,1484,,1484,0,,,,,1,wi-wec,2026-09-06T15:28:56+00:00
2024,WI,55021,Columbia County,2024-10-07,29,1490,,1490,0,,,,,1,wi-wec,2026-09-06T15:28:56+00:00
2024,WI,55021,Columbia County,2024-10-08,28,1711,,1711,0,,,,,1,wi-wec,2026-09-06T15:28:56+00:00
2024,WI,55021,Columbia County,2024-10-10,26,1978,,1978,0,,,,,1,wi-wec,2026-09-06T15:28:56+00:00
2024,WI,55021,Columbia County,2024-10-11,25,2122,,2122,0,,,,,1,wi-wec,2026-09-06T15:28:56+00:00
2024,WI,55021,Columbia County,2024-10-12,24,2229,,2229,0,,,,,1,wi-wec,2026-09-06T15:28:56+00:00
2024,WI,55021,Columbia County,2024-10-13,23,2252,,2252,0,,,,,1,wi-wec,2026-09-06T15:28:56+00:00
2024,WI,55021,Columbia County,2024-10-14,22,2283,,2283,0,,,,,1,wi-wec,2026-09-06T15:28:56+00:00
2024,WI,55021,Columbia County,2024-10-15,21,2392,,2392,0,,,,,1,wi-wec,2026-09-06T15:28:56+00:00
2024,WI,55021,Columbia County,2024-10-16,20,2612,,2612,0,,,,,1,wi-wec,2026-09-06T15:28:56+00:00
2024,WI,55021,Columbia County,2024-10-17,19,2703,,2703,0,,,,,1,wi-wec,2026-09-06T15:28:56+00:00
2024,WI,55021,Columbia County,2024-10-18,18,3008,,3008,0,,,,,1,wi-wec,2026-09-06T15:28:56+00:00
2024,WI,55021,Columbia County,2024-10-19,17,3161,,3161,0,,,,,1,wi-wec,2026-09-06T15:28:56+00:00
2024,WI,55021,Columbia County,2024-10-20,16,3182,,3182,0,,,,,1,wi-wec,2026-09-06T15:28:56+00:00
2024,WI,55021,Columbia County,2024-10-21,15,3207,,3207,0,,,,,1,wi-wec,2026-09-06T15:28:56+00:00
2024,WI,55021,Columbia County,2024-10-22,14,3561,,3561,0,,,,,1,wi-wec,2026-09-06T15:28:56+00:00
2024,WI,55021,Columbia County,2024-10-23,13,4809,,3775,1034,,,,,1,wi-wec,2026-09-06T15:28:56+00:00
2024,WI,55021,Columbia County,2024-10-24,12,5931,,3964,1967,,,,,1,wi-wec,2026-09-06T15:28:56+00:00
2024,WI,55021,Columbia County,2024-10-25,11,6906,,4119,2787,,,,,1,wi-wec,2026-09-06T15:28:56+00:00
2024,WI,55021,Columbia County,2024-10-28,8,7865,,4337,3528,,,,,1,wi-wec,2026-09-06T15:28:56+00:00
2024,WI,55021,Columbia County,2024-10-30,6,9946,,4829,5117,,,,,1,wi-wec,2026-09-06T15:28:56+00:00
2024,WI,55021,Columbia County,2024-11-05,0,13467,,5609,7858,,,,,1,wi-wec,2026-09-06T15:28:56+00:00
2024,WI,55021,Columbia County,2024-11-06,-1,13665,,5805,7860,,,,,1,wi-wec,2026-09-06T15:28:56+00:00
2024,WI,55021,Columbia County,2024-11-07,-2,13673,,5813,7860,,,,,1,wi-wec,2026-09-06T15:28:56+00:00
2024,WI,55023,Crawford County,2024-10-02,34,198,,198,0,,,,,1,wi-wec,2026-09-06T15:28:56+00:00
2024,WI,55023,Crawford County,2024-10-03,33,207,,207,0,,,,,1,wi-wec,2026-09-06T15:28:56+00:00
2024,WI,55023,Crawford County,2024-10-04,32,239,,239,0,,,,,1,wi-wec,2026-09-06T15:28:56+00:00
2024,WI,55023,Crawford County,2024-10-05,31,274,,274,0,,,,,1,wi-wec,2026-09-06T15:28:56+00:00
2024,WI,55023,Crawford County,2024-10-06,30,274,,274,0,,,,,1,wi-wec,2026-09-06T15:28:56+00:00
2024,WI,55023,Crawford County,2024-10-07,29,274,,274,0,,,,,1,wi-wec,2026-09-06T15:28:56+00:00
2024,WI,55023,Crawford County,2024-10-08,28,322,,322,0,,,,,1,wi-wec,2026-09-06T15:28:56+00:00
2024,WI,55023,Crawford County,2024-10-10,26,364,,364,0,,,,,1,wi-wec,2026-09-06T15:28:56+00:00
2024,WI,55023,Crawford County,2024-10-11,25,381,,381,0,,,,,1,wi-wec,2026-09-06T15:28:56+00:00
2024,WI,55023,Crawford County,2024-10-12,24,395,,395,0,,,,,1,wi-wec,2026-09-06T15:28:56+00:00
2024,WI,55023,Crawford County,2024-10-13,23,395,,395,0,,,,,1,wi-wec,2026-09-06T15:28:56+00:00
2024,WI,55023,Crawford County,2024-10-14,22,395,,395,0,,,,,1,wi-wec,2026-09-06T15:28:56+00:00
2024,WI,55023,Crawford County,2024-10-15,21,441,,441,0,,,,,1,wi-wec,2026-09-06T15:28:56+00:00
2024,WI,55023,Crawford County,2024-10-16,20,471,,471,0,,,,,1,wi-wec,2026-09-06T15:28:56+00:00
2024,WI,55023,Crawford County,2024-10-17,19,484,,484,0,,,,,1,wi-wec,2026-09-06T15:28:56+00:00
2024,WI,55023,Crawford County,2024-10-18,18,501,,501,0,,,,,1,wi-wec,2026-09-06T15:28:56+00:00
2024,WI,55023,Crawford County,2024-10-19,17,531,,531,0,,,,,1,wi-wec,2026-09-06T15:28:56+00:00
2024,WI,55023,Crawford County,2024-10-20,16,531,,531,0,,,,,1,wi-wec,2026-09-06T15:28:56+00:00
2024,WI,55023,Crawford County,2024-10-21,15,531,,531,0,,,,,1,wi-wec,2026-09-06T15:28:56+00:00
2024,WI,55023,Crawford County,2024-10-22,14,600,,600,0,,,,,1,wi-wec,2026-09-06T15:28:56+00:00
2024,WI,55023,Crawford County,2024-10-23,13,789,,682,107,,,,,1,wi-wec,2026-09-06T15:28:56+00:00
2024,WI,55023,Crawford County,2024-10-24,12,922,,727,195,,,,,1,wi-wec,2026-09-06T15:28:56+00:00
2024,WI,55023,Crawford County,2024-10-25,11,1032,,756,276,,,,,1,wi-wec,2026-09-06T15:28:56+00:00
2024,WI,55023,Crawford County,2024-10-28,8,1196,,828,368,,,,,1,wi-wec,2026-09-06T15:28:56+00:00
2024,WI,55023,Crawford County,2024-10-30,6,1523,,959,564,,,,,1,wi-wec,2026-09-06T15:28:56+00:00
2024,WI,55023,Crawford County,2024-11-05,0,1992,,1114,878,,,,,1,wi-wec,2026-09-06T15:28:56+00:00
2024,WI,55023,Crawford County,2024-11-06,-1,2035,,1134,901,,,,,1,wi-wec,2026-09-06T15:28:56+00:00
2024,WI,55023,Crawford County,2024-11-07,-2,2104,,1178,926,,,,,1,wi-wec,2026-09-06T15:28:56+00:00
2024,WI,55025,Dane County,2024-10-02,34,12716,,12716,0,,,,,1,wi-wec,2026-09-06T15:28:56+00:00
2024,WI,55025,Dane County,2024-10-03,33,15678,,15678,0,,,,,1,wi-wec,2026-09-06T15:28:56+00:00
2024,WI,55025,Dane County,2024-10-04,32,17627,,17627,0,,,,,1,wi-wec,2026-09-06T15:28:56+00:00
2024,WI,55025,Dane County,2024-10-05,31,19300,,19300,0,,,,,1,wi-wec,2026-09-06T15:28:56+00:00
2024,WI,55025,Dane County,2024-10-06,30,19403,,19403,0,,,,,1,wi-wec,2026-09-06T15:28:56+00:00
2024,WI,55025,Dane County,2024-10-07,29,19561,,19561,0,,,,,1,wi-wec,2026-09-06T15:28:56+00:00
2024,WI,55025,Dane County,2024-10-08,28,23974,,23974,0,,,,,1,wi-wec,2026-09-06T15:28:56+00:00
2024,WI,55025,Dane County,2024-10-10,26,28350,,28350,0,,,,,1,wi-wec,2026-09-06T15:28:56+00:00
2024,WI,55025,Dane County,2024-10-11,25,30718,,30718,0,,,,,1,wi-wec,2026-09-06T15:28:56+00:00
2024,WI,55025,Dane County,2024-10-12,24,32531,,32531,0,,,,,1,wi-wec,2026-09-06T15:28:56+00:00
2024,WI,55025,Dane County,2024-10-13,23,32533,,32533,0,,,,,1,wi-wec,2026-09-06T15:28:56+00:00
2024,WI,55025,Dane County,2024-10-14,22,32790,,32790,0,,,,,1,wi-wec,2026-09-06T15:28:56+00:00
2024,WI,55025,Dane County,2024-10-15,21,34655,,34655,0,,,,,1,wi-wec,2026-09-06T15:28:56+00:00
2024,WI,55025,Dane County,2024-10-16,20,39495,,39495,0,,,,,1,wi-wec,2026-09-06T15:28:56+00:00
2024,WI,55025,Dane County,2024-10-17,19,40990,,40990,0,,,,,1,wi-wec,2026-09-06T15:28:56+00:00
2024,WI,55025,Dane County,2024-10-18,18,44538,,44538,0,,,,,1,wi-wec,2026-09-06T15:28:56+00:00
2024,WI,55025,Dane County,2024-10-19,17,46937,,46937,0,,,,,1,wi-wec,2026-09-06T15:28:56+00:00
2024,WI,55025,Dane County,2024-10-20,16,46966,,46966,0,,,,,1,wi-wec,2026-09-06T15:28:56+00:00
2024,WI,55025,Dane County,2024-10-21,15,47180,,47180,0,,,,,1,wi-wec,2026-09-06T15:28:56+00:00
2024,WI,55025,Dane County,2024-10-22,14,52088,,52032,56,,,,,1,wi-wec,2026-09-06T15:28:56+00:00
2024,WI,55025,Dane County,2024-10-23,13,65969,,54107,11862,,,,,1,wi-wec,2026-09-06T15:28:56+00:00
2024,WI,55025,Dane County,2024-10-24,12,79727,,56953,22774,,,,,1,wi-wec,2026-09-06T15:28:56+00:00
2024,WI,55025,Dane County,2024-10-25,11,94514,,60292,34222,,,,,1,wi-wec,2026-09-06T15:28:56+00:00
2024,WI,55025,Dane County,2024-10-28,8,114123,,63425,50698,,,,,1,wi-wec,2026-09-06T15:28:56+00:00
2024,WI,55025,Dane County,2024-10-30,6,146265,,70673,75592,,,,,1,wi-wec,2026-09-06T15:28:56+00:00
2024,WI,55025,Dane County,2024-11-05,0,204956,,81334,123622,,,,,1,wi-wec,2026-09-06T15:28:56+00:00
2024,WI,55025,Dane County,2024-11-06,-1,206232,,82606,123626,,,,,1,wi-wec,2026-09-06T15:28:56+00:00
2024,WI,55025,Dane County,2024-11-07,-2,206323,,82697,123626,,,,,1,wi-wec,2026-09-06T15:28:56+00:00
2024,WI,55027,Dodge County,2024-10-02,34,1134,,1134,0,,,,,1,wi-wec,2026-09-06T15:28:56+00:00
2024,WI,55027,Dodge County,2024-10-03,33,1294,,1294,0,,,,,1,wi-wec,2026-09-06T15:28:56+00:00
2024,WI,55027,Dodge County,2024-10-04,32,1458,,1458,0,,,,,1,wi-wec,2026-09-06T15:28:56+00:00
2024,WI,55027,Dodge County,2024-10-05,31,1573,,1573,0,,,,,1,wi-wec,2026-09-06T15:28:56+00:00
2024,WI,55027,Dodge County,2024-10-06,30,1595,,1595,0,,,,,1,wi-wec,2026-09-06T15:28:56+00:00
2024,WI,55027,Dodge County,2024-10-07,29,1605,,1605,0,,,,,1,wi-wec,2026-09-06T15:28:56+00:00
2024,WI,55027,Dodge County,2024-10-08,28,1817,,1817,0,,,,,1,wi-wec,2026-09-06T15:28:56+00:00
2024,WI,55027,Dodge County,2024-10-10,26,2151,,2151,0,,,,,1,wi-wec,2026-09-06T15:28:56+00:00
2024,WI,55027,Dodge County,2024-10-11,25,2344,,2344,0,,,,,1,wi-wec,2026-09-06T15:28:56+00:00
2024,WI,55027,Dodge County,2024-10-12,24,2476,,2476,0,,,,,1,wi-wec,2026-09-06T15:28:56+00:00
2024,WI,55027,Dodge County,2024-10-13,23,2491,,2491,0,,,,,1,wi-wec,2026-09-06T15:28:56+00:00
2024,WI,55027,Dodge County,2024-10-14,22,2514,,2514,0,,,,,1,wi-wec,2026-09-06T15:28:56+00:00
2024,WI,55027,Dodge County,2024-10-15,21,2739,,2739,0,,,,,1,wi-wec,2026-09-06T15:28:56+00:00
2024,WI,55027,Dodge County,2024-10-16,20,3000,,3000,0,,,,,1,wi-wec,2026-09-06T15:28:56+00:00
2024,WI,55027,Dodge County,2024-10-17,19,3207,,3207,0,,,,,1,wi-wec,2026-09-06T15:28:56+00:00
2024,WI,55027,Dodge County,2024-10-18,18,3426,,3426,0,,,,,1,wi-wec,2026-09-06T15:28:56+00:00
2024,WI,55027,Dodge County,2024-10-19,17,3609,,3609,0,,,,,1,wi-wec,2026-09-06T15:28:56+00:00
2024,WI,55027,Dodge County,2024-10-20,16,3666,,3666,0,,,,,1,wi-wec,2026-09-06T15:28:56+00:00
2024,WI,55027,Dodge County,2024-10-21,15,3683,,3683,0,,,,,1,wi-wec,2026-09-06T15:28:56+00:00
2024,WI,55027,Dodge County,2024-10-22,14,3954,,3954,0,,,,,1,wi-wec,2026-09-06T15:28:56+00:00
2024,WI,55027,Dodge County,2024-10-23,13,5369,,4139,1230,,,,,1,wi-wec,2026-09-06T15:28:56+00:00
2024,WI,55027,Dodge County,2024-10-24,12,6612,,4440,2172,,,,,1,wi-wec,2026-09-06T15:28:56+00:00
2024,WI,55027,Dodge County,2024-10-25,11,7996,,4603,3393,,,,,1,wi-wec,2026-09-06T15:28:56+00:00
2024,WI,55027,Dodge County,2024-10-28,8,10089,,4921,5168,,,,,1,wi-wec,2026-09-06T15:28:56+00:00
2024,WI,55027,Dodge County,2024-10-30,6,12683,,5533,7150,,,,,1,wi-wec,2026-09-06T15:28:56+00:00
2024,WI,55027,Dodge County,2024-11-05,0,17229,,6400,10829,,,,,1,wi-wec,2026-09-06T15:28:56+00:00
2024,WI,55027,Dodge County,2024-11-06,-1,17387,,6552,10835,,,,,1,wi-wec,2026-09-06T15:28:56+00:00
2024,WI,55027,Dodge County,2024-11-07,-2,17399,,6564,10835,,,,,1,wi-wec,2026-09-06T15:28:56+00:00
2024,WI,55029,Door County,2024-10-02,34,441,,441,0,,,,,1,wi-wec,2026-09-06T15:28:56+00:00
2024,WI,55029,Door County,2024-10-03,33,553,,553,0,,,,,1,wi-wec,2026-09-06T15:28:56+00:00
2024,WI,55029,Door County,2024-10-04,32,710,,710,0,,,,,1,wi-wec,2026-09-06T15:28:56+00:00
2024,WI,55029,Door County,2024-10-05,31,751,,751,0,,,,,1,wi-wec,2026-09-06T15:28:56+00:00
2024,WI,55029,Door County,2024-10-06,30,751,,751,0,,,,,1,wi-wec,2026-09-06T15:28:56+00:00
2024,WI,55029,Door County,2024-10-07,29,762,,762,0,,,,,1,wi-wec,2026-09-06T15:28:56+00:00
2024,WI,55029,Door County,2024-10-08,28,923,,923,0,,,,,1,wi-wec,2026-09-06T15:28:56+00:00
2024,WI,55029,Door County,2024-10-10,26,1098,,1098,0,,,,,1,wi-wec,2026-09-06T15:28:56+00:00
2024,WI,55029,Door County,2024-10-11,25,1144,,1144,0,,,,,1,wi-wec,2026-09-06T15:28:56+00:00
2024,WI,55029,Door County,2024-10-12,24,1190,,1190,0,,,,,1,wi-wec,2026-09-06T15:28:56+00:00
2024,WI,55029,Door County,2024-10-13,23,1190,,1190,0,,,,,1,wi-wec,2026-09-06T15:28:56+00:00
2024,WI,55029,Door County,2024-10-14,22,1192,,1192,0,,,,,1,wi-wec,2026-09-06T15:28:56+00:00
2024,WI,55029,Door County,2024-10-15,21,1310,,1310,0,,,,,1,wi-wec,2026-09-06T15:28:56+00:00
2024,WI,55029,Door County,2024-10-16,20,1475,,1475,0,,,,,1,wi-wec,2026-09-06T15:28:56+00:00
2024,WI,55029,Door County,2024-10-17,19,1571,,1571,0,,,,,1,wi-wec,2026-09-06T15:28:56+00:00
2024,WI,55029,Door County,2024-10-18,18,1681,,1681,0,,,,,1,wi-wec,2026-09-06T15:28:56+00:00
2024,WI,55029,Door County,2024-10-19,17,1745,,1745,0,,,,,1,wi-wec,2026-09-06T15:28:56+00:00
2024,WI,55029,Door County,2024-10-20,16,1745,,1745,0,,,,,1,wi-wec,2026-09-06T15:28:56+00:00
2024,WI,55029,Door County,2024-10-21,15,1747,,1747,0,,,,,1,wi-wec,2026-09-06T15:28:56+00:00
2024,WI,55029,Door County,2024-10-22,14,1952,,1952,0,,,,,1,wi-wec,2026-09-06T15:28:56+00:00
2024,WI,55029,Door County,2024-10-23,13,2522,,2082,440,,,,,1,wi-wec,2026-09-06T15:28:56+00:00
2024,WI,55029,Door County,2024-10-24,12,3420,,2160,1260,,,,,1,wi-wec,2026-09-06T15:28:56+00:00
2024,WI,55029,Door County,2024-10-25,11,3837,,2232,1605,,,,,1,wi-wec,2026-09-06T15:28:56+00:00
2024,WI,55029,Door County,2024-10-28,8,4239,,2281,1958,,,,,1,wi-wec,2026-09-06T15:28:56+00:00
2024,WI,55029,Door County,2024-10-30,6,5651,,2611,3040,,,,,1,wi-wec,2026-09-06T15:28:56+00:00
2024,WI,55029,Door County,2024-11-05,0,8156,,3110,5046,,,,,1,wi-wec,2026-09-06T15:28:56+00:00
2024,WI,55029,Door County,2024-11-06,-1,8551,,3295,5256,,,,,1,wi-wec,2026-09-06T15:28:56+00:00
2024,WI,55029,Door County,2024-11-07,-2,8645,,3385,5260,,,,,1,wi-wec,2026-09-06T15:28:56+00:00
2024,WI,55031,Douglas County,2024-10-02,34,860,,860,0,,,,,1,wi-wec,2026-09-06T15:28:56+00:00
2024,WI,55031,Douglas County,2024-10-03,33,927,,927,0,,,,,1,wi-wec,2026-09-06T15:28:56+00:00
2024,WI,55031,Douglas County,2024-10-04,32,1114,,1114,0,,,,,1,wi-wec,2026-09-06T15:28:56+00:00
2024,WI,55031,Douglas County,2024-10-05,31,1178,,1178,0,,,,,1,wi-wec,2026-09-06T15:28:56+00:00
2024,WI,55031,Douglas County,2024-10-06,30,1178,,1178,0,,,,,1,wi-wec,2026-09-06T15:28:56+00:00
2024,WI,55031,Douglas County,2024-10-07,29,1178,,1178,0,,,,,1,wi-wec,2026-09-06T15:28:56+00:00
2024,WI,55031,Douglas County,2024-10-08,28,1369,,1369,0,,,,,1,wi-wec,2026-09-06T15:28:56+00:00
2024,WI,55031,Douglas County,2024-10-10,26,1530,,1530,0,,,,,1,wi-wec,2026-09-06T15:28:56+00:00
2024,WI,55031,Douglas County,2024-10-11,25,1670,,1670,0,,,,,1,wi-wec,2026-09-06T15:28:56+00:00
2024,WI,55031,Douglas County,2024-10-12,24,1795,,1795,0,,,,,1,wi-wec,2026-09-06T15:28:56+00:00
2024,WI,55031,Douglas County,2024-10-13,23,1795,,1795,0,,,,,1,wi-wec,2026-09-06T15:28:56+00:00
2024,WI,55031,Douglas County,2024-10-14,22,1795,,1795,0,,,,,1,wi-wec,2026-09-06T15:28:56+00:00
2024,WI,55031,Douglas County,2024-10-15,21,1910,,1910,0,,,,,1,wi-wec,2026-09-06T15:28:56+00:00
2024,WI,55031,Douglas County,2024-10-16,20,2083,,2083,0,,,,,1,wi-wec,2026-09-06T15:28:56+00:00
2024,WI,55031,Douglas County,2024-10-17,19,2175,,2175,0,,,,,1,wi-wec,2026-09-06T15:28:56+00:00
2024,WI,55031,Douglas County,2024-10-18,18,2366,,2366,0,,,,,1,wi-wec,2026-09-06T15:28:56+00:00
2024,WI,55031,Douglas County,2024-10-19,17,2466,,2466,0,,,,,1,wi-wec,2026-09-06T15:28:56+00:00
2024,WI,55031,Douglas County,2024-10-20,16,2466,,2466,0,,,,,1,wi-wec,2026-09-06T15:28:56+00:00
2024,WI,55031,Douglas County,2024-10-21,15,2466,,2466,0,,,,,1,wi-wec,2026-09-06T15:28:56+00:00
2024,WI,55031,Douglas County,2024-10-22,14,2697,,2697,0,,,,,1,wi-wec,2026-09-06T15:28:56+00:00
2024,WI,55031,Douglas County,2024-10-23,13,2867,,2800,67,,,,,1,wi-wec,2026-09-06T15:28:56+00:00
2024,WI,55031,Douglas County,2024-10-24,12,3190,,2900,290,,,,,1,wi-wec,2026-09-06T15:28:56+00:00
2024,WI,55031,Douglas County,2024-10-25,11,3902,,2992,910,,,,,1,wi-wec,2026-09-06T15:28:56+00:00
2024,WI,55031,Douglas County,2024-10-28,8,4388,,3080,1308,,,,,1,wi-wec,2026-09-06T15:28:56+00:00
2024,WI,55031,Douglas County,2024-10-30,6,5558,,3429,2129,,,,,1,wi-wec,2026-09-06T15:28:56+00:00
2024,WI,55031,Douglas County,2024-11-05,0,7389,,3884,3505,,,,,1,wi-wec,2026-09-06T15:28:56+00:00
2024,WI,55031,Douglas County,2024-11-06,-1,7527,,3993,3534,,,,,1,wi-wec,2026-09-06T15:28:56+00:00
2024,WI,55031,Douglas County,2024-11-07,-2,7530,,3996,3534,,,,,1,wi-wec,2026-09-06T15:28:56+00:00
2024,WI,55033,Dunn County,2024-10-02,34,680,,680,0,,,,,1,wi-wec,2026-09-06T15:28:56+00:00
2024,WI,55033,Dunn County,2024-10-03,33,763,,763,0,,,,,1,wi-wec,2026-09-06T15:28:56+00:00
2024,WI,55033,Dunn County,2024-10-04,32,858,,858,0,,,,,1,wi-wec,2026-09-06T15:28:56+00:00
2024,WI,55033,Dunn County,2024-10-05,31,890,,890,0,,,,,1,wi-wec,2026-09-06T15:28:56+00:00
2024,WI,55033,Dunn County,2024-10-06,30,912,,912,0,,,,,1,wi-wec,2026-09-06T15:28:56+00:00
2024,WI,55033,Dunn County,2024-10-07,29,912,,912,0,,,,,1,wi-wec,2026-09-06T15:28:56+00:00
2024,WI,55033,Dunn County,2024-10-08,28,1054,,1054,0,,,,,1,wi-wec,2026-09-06T15:28:56+00:00
2024,WI,55033,Dunn County,2024-10-10,26,1216,,1216,0,,,,,1,wi-wec,2026-09-06T15:28:56+00:00
2024,WI,55033,Dunn County,2024-10-11,25,1309,,1309,0,,,,,1,wi-wec,2026-09-06T15:28:56+00:00
2024,WI,55033,Dunn County,2024-10-12,24,1409,,1409,0,,,,,1,wi-wec,2026-09-06T15:28:56+00:00
2024,WI,55033,Dunn County,2024-10-13,23,1417,,1417,0,,,,,1,wi-wec,2026-09-06T15:28:56+00:00
2024,WI,55033,Dunn County,2024-10-14,22,1424,,1424,0,,,,,1,wi-wec,2026-09-06T15:28:56+00:00
2024,WI,55033,Dunn County,2024-10-15,21,1501,,1501,0,,,,,1,wi-wec,2026-09-06T15:28:56+00:00
2024,WI,55033,Dunn County,2024-10-16,20,1629,,1629,0,,,,,1,wi-wec,2026-09-06T15:28:56+00:00
2024,WI,55033,Dunn County,2024-10-17,19,1708,,1708,0,,,,,1,wi-wec,2026-09-06T15:28:56+00:00
2024,WI,55033,Dunn County,2024-10-18,18,1781,,1781,0,,,,,1,wi-wec,2026-09-06T15:28:56+00:00
2024,WI,55033,Dunn County,2024-10-19,17,1866,,1866,0,,,,,1,wi-wec,2026-09-06T15:28:56+00:00
2024,WI,55033,Dunn County,2024-10-20,16,1880,,1880,0,,,,,1,wi-wec,2026-09-06T15:28:56+00:00
2024,WI,55033,Dunn County,2024-10-21,15,1886,,1886,0,,,,,1,wi-wec,2026-09-06T15:28:56+00:00
2024,WI,55033,Dunn County,2024-10-22,14,2066,,2058,8,,,,,1,wi-wec,2026-09-06T15:28:56+00:00
2024,WI,55033,Dunn County,2024-10-23,13,2502,,2188,314,,,,,1,wi-wec,2026-09-06T15:28:56+00:00
2024,WI,55033,Dunn County,2024-10-24,12,2848,,2286,562,,,,,1,wi-wec,2026-09-06T15:28:56+00:00
2024,WI,55033,Dunn County,2024-10-25,11,3246,,2405,841,,,,,1,wi-wec,2026-09-06T15:28:56+00:00
2024,WI,55033,Dunn County,2024-10-28,8,3655,,2568,1087,,,,,1,wi-wec,2026-09-06T15:28:56+00:00
2024,WI,55033,Dunn County,2024-10-30,6,4474,,2827,1647,,,,,1,wi-wec,2026-09-06T15:28:56+00:00
2024,WI,55033,Dunn County,2024-11-05,0,6158,,3304,2854,,,,,1,wi-wec,2026-09-06T15:28:56+00:00
2024,WI,55033,Dunn County,2024-11-06,-1,6242,,3387,2855,,,,,1,wi-wec,2026-09-06T15:28:56+00:00
2024,WI,55033,Dunn County,2024-11-07,-2,6244,,3389,2855,,,,,1,wi-wec,2026-09-06T15:28:56+00:00
2024,WI,55035,Eau Claire County,2024-10-02,34,1892,,1892,0,,,,,1,wi-wec,2026-09-06T15:28:56+00:00
2024,WI,55035,Eau Claire County,2024-10-03,33,2140,,2140,0,,,,,1,wi-wec,2026-09-06T15:28:56+00:00
2024,WI,55035,Eau Claire County,2024-10-04,32,2409,,2409,0,,,,,1,wi-wec,2026-09-06T15:28:56+00:00
2024,WI,55035,Eau Claire County,2024-10-05,31,2642,,2642,0,,,,,1,wi-wec,2026-09-06T15:28:56+00:00
2024,WI,55035,Eau Claire County,2024-10-06,30,2642,,2642,0,,,,,1,wi-wec,2026-09-06T15:28:56+00:00
2024,WI,55035,Eau Claire County,2024-10-07,29,2642,,2642,0,,,,,1,wi-wec,2026-09-06T15:28:56+00:00
2024,WI,55035,Eau Claire County,2024-10-08,28,3143,,3143,0,,,,,1,wi-wec,2026-09-06T15:28:56+00:00
2024,WI,55035,Eau Claire County,2024-10-10,26,3458,,3458,0,,,,,1,wi-wec,2026-09-06T15:28:56+00:00
2024,WI,55035,Eau Claire County,2024-10-11,25,3776,,3776,0,,,,,1,wi-wec,2026-09-06T15:28:56+00:00
2024,WI,55035,Eau Claire County,2024-10-12,24,4050,,4050,0,,,,,1,wi-wec,2026-09-06T15:28:56+00:00
2024,WI,55035,Eau Claire County,2024-10-13,23,4050,,4050,0,,,,,1,wi-wec,2026-09-06T15:28:56+00:00
2024,WI,55035,Eau Claire County,2024-10-14,22,4050,,4050,0,,,,,1,wi-wec,2026-09-06T15:28:56+00:00
2024,WI,55035,Eau Claire County,2024-10-15,21,4221,,4221,0,,,,,1,wi-wec,2026-09-06T15:28:56+00:00
2024,WI,55035,Eau Claire County,2024-10-16,20,4708,,4708,0,,,,,1,wi-wec,2026-09-06T15:28:56+00:00
2024,WI,55035,Eau Claire County,2024-10-17,19,5043,,5043,0,,,,,1,wi-wec,2026-09-06T15:28:56+00:00
2024,WI,55035,Eau Claire County,2024-10-18,18,5361,,5361,0,,,,,1,wi-wec,2026-09-06T15:28:56+00:00
2024,WI,55035,Eau Claire County,2024-10-19,17,5699,,5699,0,,,,,1,wi-wec,2026-09-06T15:28:56+00:00
2024,WI,55035,Eau Claire County,2024-10-20,16,5699,,5699,0,,,,,1,wi-wec,2026-09-06T15:28:56+00:00
2024,WI,55035,Eau Claire County,2024-10-21,15,5737,,5737,0,,,,,1,wi-wec,2026-09-06T15:28:56+00:00
2024,WI,55035,Eau Claire County,2024-10-22,14,6316,,6316,0,,,,,1,wi-wec,2026-09-06T15:28:56+00:00
2024,WI,55035,Eau Claire County,2024-10-23,13,8399,,6677,1722,,,,,1,wi-wec,2026-09-06T15:28:56+00:00
2024,WI,55035,Eau Claire County,2024-10-24,12,10405,,7074,3331,,,,,1,wi-wec,2026-09-06T15:28:56+00:00
2024,WI,55035,Eau Claire County,2024-10-25,11,12331,,7379,4952,,,,,1,wi-wec,2026-09-06T15:28:56+00:00
2024,WI,55035,Eau Claire County,2024-10-28,8,14460,,7734,6726,,,,,1,wi-wec,2026-09-06T15:28:56+00:00
2024,WI,55035,Eau Claire County,2024-10-30,6,18213,,8597,9616,,,,,1,wi-wec,2026-09-06T15:28:56+00:00
2024,WI,55035,Eau Claire County,2024-11-05,0,24962,,9881,15081,,,,,1,wi-wec,2026-09-06T15:28:56+00:00
2024,WI,55035,Eau Claire County,2024-11-06,-1,25112,,10029,15083,,,,,1,wi-wec,2026-09-06T15:28:56+00:00
2024,WI,55035,Eau Claire County,2024-11-07,-2,25134,,10050,15084,,,,,1,wi-wec,2026-09-06T15:28:56+00:00
2024,WI,55037,Florence County,2024-10-02,34,96,,96,0,,,,,1,wi-wec,2026-09-06T15:28:56+00:00
2024,WI,55037,Florence County,2024-10-03,33,107,,107,0,,,,,1,wi-wec,2026-09-06T15:28:56+00:00
2024,WI,55037,Florence County,2024-10-04,32,111,,111,0,,,,,1,wi-wec,2026-09-06T15:28:56+00:00
2024,WI,55037,Florence County,2024-10-05,31,125,,125,0,,,,,1,wi-wec,2026-09-06T15:28:56+00:00
2024,WI,55037,Florence County,2024-10-06,30,125,,125,0,,,,,1,wi-wec,2026-09-06T15:28:56+00:00
2024,WI,55037,Florence County,2024-10-07,29,125,,125,0,,,,,1,wi-wec,2026-09-06T15:28:56+00:00
2024,WI,55037,Florence County,2024-10-08,28,148,,148,0,,,,,1,wi-wec,2026-09-06T15:28:56+00:00
2024,WI,55037,Florence County,2024-10-10,26,171,,171,0,,,,,1,wi-wec,2026-09-06T15:28:56+00:00
2024,WI,55037,Florence County,2024-10-11,25,179,,179,0,,,,,1,wi-wec,2026-09-06T15:28:56+00:00
2024,WI,55037,Florence County,2024-10-12,24,186,,186,0,,,,,1,wi-wec,2026-09-06T15:28:56+00:00
2024,WI,55037,Florence County,2024-10-13,23,195,,195,0,,,,,1,wi-wec,2026-09-06T15:28:56+00:00
2024,WI,55037,Florence County,2024-10-14,22,200,,200,0,,,,,1,wi-wec,2026-09-06T15:28:56+00:00
2024,WI,55037,Florence County,2024-10-15,21,212,,212,0,,,,,1,wi-wec,2026-09-06T15:28:56+00:00
2024,WI,55037,Florence County,2024-10-16,20,214,,214,0,,,,,1,wi-wec,2026-09-06T15:28:56+00:00
2024,WI,55037,Florence County,2024-10-17,19,224,,224,0,,,,,1,wi-wec,2026-09-06T15:28:56+00:00
2024,WI,55037,Florence County,2024-10-18,18,232,,232,0,,,,,1,wi-wec,2026-09-06T15:28:56+00:00
2024,WI,55037,Florence County,2024-10-19,17,243,,243,0,,,,,1,wi-wec,2026-09-06T15:28:56+00:00
2024,WI,55037,Florence County,2024-10-20,16,243,,243,0,,,,,1,wi-wec,2026-09-06T15:28:56+00:00
2024,WI,55037,Florence County,2024-10-21,15,248,,248,0,,,,,1,wi-wec,2026-09-06T15:28:56+00:00
2024,WI,55037,Florence County,2024-10-22,14,275,,275,0,,,,,1,wi-wec,2026-09-06T15:28:56+00:00
2024,WI,55037,Florence County,2024-10-23,13,371,,312,59,,,,,1,wi-wec,2026-09-06T15:28:56+00:00
2024,WI,55037,Florence County,2024-10-24,12,398,,315,83,,,,,1,wi-wec,2026-09-06T15:28:56+00:00
2024,WI,55037,Florence County,2024-10-25,11,495,,365,130,,,,,1,wi-wec,2026-09-06T15:28:56+00:00
2024,WI,55037,Florence County,2024-10-28,8,563,,396,167,,,,,1,wi-wec,2026-09-06T15:28:56+00:00
2024,WI,55037,Florence County,2024-10-30,6,717,,454,263,,,,,1,wi-wec,2026-09-06T15:28:56+00:00
2024,WI,55037,Florence County,2024-11-05,0,965,,537,428,,,,,1,wi-wec,2026-09-06T15:28:56+00:00
2024,WI,55037,Florence County,2024-11-06,-1,972,,544,428,,,,,1,wi-wec,2026-09-06T15:28:56+00:00
2024,WI,55037,Florence County,2024-11-07,-2,973,,545,428,,,,,1,wi-wec,2026-09-06T15:28:56+00:00
2024,WI,55039,Fond du Lac County,2024-10-02,34,1282,,1282,0,,,,,1,wi-wec,2026-09-06T15:28:56+00:00
2024,WI,55039,Fond du Lac County,2024-10-03,33,1418,,1418,0,,,,,1,wi-wec,2026-09-06T15:28:56+00:00
2024,WI,55039,Fond du Lac County,2024-10-04,32,1726,,1726,0,,,,,1,wi-wec,2026-09-06T15:28:56+00:00
2024,WI,55039,Fond du Lac County,2024-10-05,31,1917,,1917,0,,,,,1,wi-wec,2026-09-06T15:28:56+00:00
2024,WI,55039,Fond du Lac County,2024-10-06,30,1917,,1917,0,,,,,1,wi-wec,2026-09-06T15:28:56+00:00
2024,WI,55039,Fond du Lac County,2024-10-07,29,1917,,1917,0,,,,,1,wi-wec,2026-09-06T15:28:56+00:00
2024,WI,55039,Fond du Lac County,2024-10-08,28,2135,,2135,0,,,,,1,wi-wec,2026-09-06T15:28:56+00:00
2024,WI,55039,Fond du Lac County,2024-10-10,26,2609,,2609,0,,,,,1,wi-wec,2026-09-06T15:28:56+00:00
2024,WI,55039,Fond du Lac County,2024-10-11,25,2926,,2926,0,,,,,1,wi-wec,2026-09-06T15:28:56+00:00
2024,WI,55039,Fond du Lac County,2024-10-12,24,3133,,3133,0,,,,,1,wi-wec,2026-09-06T15:28:56+00:00
2024,WI,55039,Fond du Lac County,2024-10-13,23,3133,,3133,0,,,,,1,wi-wec,2026-09-06T15:28:56+00:00
2024,WI,55039,Fond du Lac County,2024-10-14,22,3133,,3133,0,,,,,1,wi-wec,2026-09-06T15:28:56+00:00
2024,WI,55039,Fond du Lac County,2024-10-15,21,3371,,3371,0,,,,,1,wi-wec,2026-09-06T15:28:56+00:00
2024,WI,55039,Fond du Lac County,2024-10-16,20,3561,,3561,0,,,,,1,wi-wec,2026-09-06T15:28:56+00:00
2024,WI,55039,Fond du Lac County,2024-10-17,19,3860,,3860,0,,,,,1,wi-wec,2026-09-06T15:28:56+00:00
2024,WI,55039,Fond du Lac County,2024-10-18,18,4017,,4017,0,,,,,1,wi-wec,2026-09-06T15:28:56+00:00
2024,WI,55039,Fond du Lac County,2024-10-19,17,4398,,4398,0,,,,,1,wi-wec,2026-09-06T15:28:56+00:00
2024,WI,55039,Fond du Lac County,2024-10-20,16,4398,,4398,0,,,,,1,wi-wec,2026-09-06T15:28:56+00:00
2024,WI,55039,Fond du Lac County,2024-10-21,15,4411,,4411,0,,,,,1,wi-wec,2026-09-06T15:28:56+00:00
2024,WI,55039,Fond du Lac County,2024-10-22,14,4936,,4936,0,,,,,1,wi-wec,2026-09-06T15:28:56+00:00
2024,WI,55039,Fond du Lac County,2024-10-23,13,6170,,5276,894,,,,,1,wi-wec,2026-09-06T15:28:56+00:00
2024,WI,55039,Fond du Lac County,2024-10-24,12,7622,,5503,2119,,,,,1,wi-wec,2026-09-06T15:28:56+00:00
2024,WI,55039,Fond du Lac County,2024-10-25,11,8933,,5801,3132,,,,,1,wi-wec,2026-09-06T15:28:56+00:00
2024,WI,55039,Fond du Lac County,2024-10-28,8,10537,,6204,4333,,,,,1,wi-wec,2026-09-06T15:28:56+00:00
2024,WI,55039,Fond du Lac County,2024-10-30,6,13696,,6970,6726,,,,,1,wi-wec,2026-09-06T15:28:56+00:00
2024,WI,55039,Fond du Lac County,2024-11-05,0,19717,,7964,11753,,,,,1,wi-wec,2026-09-06T15:28:56+00:00
2024,WI,55039,Fond du Lac County,2024-11-06,-1,20375,,8255,12120,,,,,1,wi-wec,2026-09-06T15:28:56+00:00
2024,WI,55039,Fond du Lac County,2024-11-07,-2,20388,,8267,12121,,,,,1,wi-wec,2026-09-06T15:28:56+00:00
2024,WI,55041,Forest County,2024-10-02,34,44,,44,0,,,,,1,wi-wec,2026-09-06T15:28:56+00:00
2024,WI,55041,Forest County,2024-10-03,33,67,,67,0,,,,,1,wi-wec,2026-09-06T15:28:56+00:00
2024,WI,55041,Forest County,2024-10-04,32,93,,93,0,,,,,1,wi-wec,2026-09-06T15:28:56+00:00
2024,WI,55041,Forest County,2024-10-05,31,101,,101,0,,,,,1,wi-wec,2026-09-06T15:28:56+00:00
2024,WI,55041,Forest County,2024-10-06,30,101,,101,0,,,,,1,wi-wec,2026-09-06T15:28:56+00:00
2024,WI,55041,Forest County,2024-10-07,29,104,,104,0,,,,,1,wi-wec,2026-09-06T15:28:56+00:00
2024,WI,55041,Forest County,2024-10-08,28,118,,118,0,,,,,1,wi-wec,2026-09-06T15:28:56+00:00
2024,WI,55041,Forest County,2024-10-10,26,228,,228,0,,,,,1,wi-wec,2026-09-06T15:28:56+00:00
2024,WI,55041,Forest County,2024-10-11,25,232,,232,0,,,,,1,wi-wec,2026-09-06T15:28:56+00:00
2024,WI,55041,Forest County,2024-10-12,24,234,,234,0,,,,,1,wi-wec,2026-09-06T15:28:56+00:00
2024,WI,55041,Forest County,2024-10-13,23,234,,234,0,,,,,1,wi-wec,2026-09-06T15:28:56+00:00
2024,WI,55041,Forest County,2024-10-14,22,238,,238,0,,,,,1,wi-wec,2026-09-06T15:28:56+00:00
2024,WI,55041,Forest County,2024-10-15,21,248,,248,0,,,,,1,wi-wec,2026-09-06T15:28:56+00:00
2024,WI,55041,Forest County,2024-10-16,20,285,,285,0,,,,,1,wi-wec,2026-09-06T15:28:56+00:00
2024,WI,55041,Forest County,2024-10-17,19,314,,314,0,,,,,1,wi-wec,2026-09-06T15:28:56+00:00
2024,WI,55041,Forest County,2024-10-18,18,322,,322,0,,,,,1,wi-wec,2026-09-06T15:28:56+00:00
2024,WI,55041,Forest County,2024-10-19,17,323,,323,0,,,,,1,wi-wec,2026-09-06T15:28:56+00:00
2024,WI,55041,Forest County,2024-10-20,16,355,,355,0,,,,,1,wi-wec,2026-09-06T15:28:56+00:00
2024,WI,55041,Forest County,2024-10-21,15,355,,355,0,,,,,1,wi-wec,2026-09-06T15:28:56+00:00
2024,WI,55041,Forest County,2024-10-22,14,385,,385,0,,,,,1,wi-wec,2026-09-06T15:28:56+00:00
2024,WI,55041,Forest County,2024-10-23,13,425,,412,13,,,,,1,wi-wec,2026-09-06T15:28:56+00:00
2024,WI,55041,Forest County,2024-10-24,12,471,,435,36,,,,,1,wi-wec,2026-09-06T15:28:56+00:00
2024,WI,55041,Forest County,2024-10-25,11,528,,456,72,,,,,1,wi-wec,2026-09-06T15:28:56+00:00
2024,WI,55041,Forest County,2024-10-28,8,585,,498,87,,,,,1,wi-wec,2026-09-06T15:28:56+00:00
2024,WI,55041,Forest County,2024-10-30,6,706,,559,147,,,,,1,wi-wec,2026-09-06T15:28:56+00:00
2024,WI,55041,Forest County,2024-11-05,0,930,,633,297,,,,,1,wi-wec,2026-09-06T15:28:56+00:00
2024,WI,55041,Forest County,2024-11-06,-1,959,,659,300,,,,,1,wi-wec,2026-09-06T15:28:56+00:00
2024,WI,55041,Forest County,2024-11-07,-2,960,,659,301,,,,,1,wi-wec,2026-09-06T15:28:56+00:00
2024,WI,55043,Grant County,2024-10-02,34,438,,438,0,,,,,1,wi-wec,2026-09-06T15:28:56+00:00
2024,WI,55043,Grant County,2024-10-03,33,544,,544,0,,,,,1,wi-wec,2026-09-06T15:28:56+00:00
2024,WI,55043,Grant County,2024-10-04,32,618,,618,0,,,,,1,wi-wec,2026-09-06T15:28:56+00:00
2024,WI,55043,Grant County,2024-10-05,31,733,,733,0,,,,,1,wi-wec,2026-09-06T15:28:56+00:00
2024,WI,55043,Grant County,2024-10-06,30,734,,734,0,,,,,1,wi-wec,2026-09-06T15:28:56+00:00
2024,WI,55043,Grant County,2024-10-07,29,735,,735,0,,,,,1,wi-wec,2026-09-06T15:28:56+00:00
2024,WI,55043,Grant County,2024-10-08,28,905,,905,0,,,,,1,wi-wec,2026-09-06T15:28:56+00:00
2024,WI,55043,Grant County,2024-10-10,26,1042,,1042,0,,,,,1,wi-wec,2026-09-06T15:28:56+00:00
2024,WI,55043,Grant County,2024-10-11,25,1136,,1136,0,,,,,1,wi-wec,2026-09-06T15:28:56+00:00
2024,WI,55043,Grant County,2024-10-12,24,1211,,1211,0,,,,,1,wi-wec,2026-09-06T15:28:56+00:00
2024,WI,55043,Grant County,2024-10-13,23,1217,,1217,0,,,,,1,wi-wec,2026-09-06T15:28:56+00:00
2024,WI,55043,Grant County,2024-10-14,22,1222,,1222,0,,,,,1,wi-wec,2026-09-06T15:28:56+00:00
2024,WI,55043,Grant County,2024-10-15,21,1359,,1359,0,,,,,1,wi-wec,2026-09-06T15:28:56+00:00
2024,WI,55043,Grant County,2024-10-16,20,1494,,1494,0,,,,,1,wi-wec,2026-09-06T15:28:56+00:00
2024,WI,55043,Grant County,2024-10-17,19,1579,,1579,0,,,,,1,wi-wec,2026-09-06T15:28:56+00:00
2024,WI,55043,Grant County,2024-10-18,18,1716,,1716,0,,,,,1,wi-wec,2026-09-06T15:28:56+00:00
2024,WI,55043,Grant County,2024-10-19,17,1821,,1821,0,,,,,1,wi-wec,2026-09-06T15:28:56+00:00
2024,WI,55043,Grant County,2024-10-20,16,1829,,1829,0,,,,,1,wi-wec,2026-09-06T15:28:56+00:00
2024,WI,55043,Grant County,2024-10-21,15,1829,,1829,0,,,,,1,wi-wec,2026-09-06T15:28:56+00:00
2024,WI,55043,Grant County,2024-10-22,14,2006,,2006,0,,,,,1,wi-wec,2026-09-06T15:28:56+00:00
2024,WI,55043,Grant County,2024-10-23,13,2390,,2141,249,,,,,1,wi-wec,2026-09-06T15:28:56+00:00
2024,WI,55043,Grant County,2024-10-24,12,2805,,2322,483,,,,,1,wi-wec,2026-09-06T15:28:56+00:00
2024,WI,55043,Grant County,2024-10-25,11,3458,,2439,1019,,,,,1,wi-wec,2026-09-06T15:28:56+00:00
2024,WI,55043,Grant County,2024-10-28,8,3897,,2589,1308,,,,,1,wi-wec,2026-09-06T15:28:56+00:00
2024,WI,55043,Grant County,2024-10-30,6,4860,,2910,1950,,,,,1,wi-wec,2026-09-06T15:28:56+00:00
2024,WI,55043,Grant County,2024-11-05,0,6664,,3432,3232,,,,,1,wi-wec,2026-09-06T15:28:56+00:00
2024,WI,55043,Grant County,2024-11-06,-1,6726,,3484,3242,,,,,1,wi-wec,2026-09-06T15:28:56+00:00
2024,WI,55043,Grant County,2024-11-07,-2,6745,,3503,3242,,,,,1,wi-wec,2026-09-06T15:28:56+00:00
2024,WI,55045,Green County,2024-10-02,34,583,,583,0,,,,,1,wi-wec,2026-09-06T15:28:56+00:00
2024,WI,55045,Green County,2024-10-03,33,656,,656,0,,,,,1,wi-wec,2026-09-06T15:28:56+00:00
2024,WI,55045,Green County,2024-10-04,32,731,,731,0,,,,,1,wi-wec,2026-09-06T15:28:56+00:00
2024,WI,55045,Green County,2024-10-05,31,794,,794,0,,,,,1,wi-wec,2026-09-06T15:28:56+00:00
2024,WI,55045,Green County,2024-10-06,30,796,,796,0,,,,,1,wi-wec,2026-09-06T15:28:56+00:00
2024,WI,55045,Green County,2024-10-07,29,796,,796,0,,,,,1,wi-wec,2026-09-06T15:28:56+00:00
2024,WI,55045,Green County,2024-10-08,28,952,,952,0,,,,,1,wi-wec,2026-09-06T15:28:56+00:00
2024,WI,55045,Green County,2024-10-10,26,1095,,1095,0,,,,,1,wi-wec,2026-09-06T15:28:56+00:00
2024,WI,55045,Green County,2024-10-11,25,1164,,1164,0,,,,,1,wi-wec,2026-09-06T15:28:56+00:00
2024,WI,55045,Green County,2024-10-12,24,1263,,1263,0,,,,,1,wi-wec,2026-09-06T15:28:56+00:00
2024,WI,55045,Green County,2024-10-13,23,1270,,1270,0,,,,,1,wi-wec,2026-09-06T15:28:56+00:00
2024,WI,55045,Green County,2024-10-14,22,1270,,1270,0,,,,,1,wi-wec,2026-09-06T15:28:56+00:00
2024,WI,55045,Green County,2024-10-15,21,1318,,1318,0,,,,,1,wi-wec,2026-09-06T15:28:56+00:00
2024,WI,55045,Green County,2024-10-16,20,1443,,1443,0,,,,,1,wi-wec,2026-09-06T15:28:56+00:00
2024,WI,55045,Green County,2024-10-17,19,1558,,1558,0,,,,,1,wi-wec,2026-09-06T15:28:56+00:00
2024,WI,55045,Green County,2024-10-18,18,1706,,1706,0,,,,,1,wi-wec,2026-09-06T15:28:56+00:00
2024,WI,55045,Green County,2024-10-19,17,1814,,1814,0,,,,,1,wi-wec,2026-09-06T15:28:56+00:00
2024,WI,55045,Green County,2024-10-20,16,1815,,1815,0,,,,,1,wi-wec,2026-09-06T15:28:56+00:00
2024,WI,55045,Green County,2024-10-21,15,1815,,1815,0,,,,,1,wi-wec,2026-09-06T15:28:56+00:00
2024,WI,55045,Green County,2024-10-22,14,1972,,1968,4,,,,,1,wi-wec,2026-09-06T15:28:56+00:00
2024,WI,55045,Green County,2024-10-23,13,2503,,2065,438,,,,,1,wi-wec,2026-09-06T15:28:56+00:00
2024,WI,55045,Green County,2024-10-24,12,3100,,2194,906,,,,,1,wi-wec,2026-09-06T15:28:56+00:00
2024,WI,55045,Green County,2024-10-25,11,3589,,2268,1321,,,,,1,wi-wec,2026-09-06T15:28:56+00:00
2024,WI,55045,Green County,2024-10-28,8,3972,,2373,1599,,,,,1,wi-wec,2026-09-06T15:28:56+00:00
2024,WI,55045,Green County,2024-10-30,6,5183,,2694,2489,,,,,1,wi-wec,2026-09-06T15:28:56+00:00
2024,WI,55045,Green County,2024-11-05,0,7112,,3113,3999,,,,,1,wi-wec,2026-09-06T15:28:56+00:00
2024,WI,55045,Green County,2024-11-06,-1,7197,,3197,4000,,,,,1,wi-wec,2026-09-06T15:28:56+00:00
2024,WI,55045,Green County,2024-11-07,-2,7211,,3211,4000,,,,,1,wi-wec,2026-09-06T15:28:56+00:00
2024,WI,55047,Green Lake County,2024-10-02,34,239,,239,0,,,,,1,wi-wec,2026-09-06T15:28:56+00:00
2024,WI,55047,Green Lake County,2024-10-03,33,282,,282,0,,,,,1,wi-wec,2026-09-06T15:28:56+00:00
2024,WI,55047,Green Lake County,2024-10-04,32,327,,327,0,,,,,1,wi-wec,2026-09-06T15:28:56+00:00
2024,WI,55047,Green Lake County,2024-10-05,31,343,,343,0,,,,,1,wi-wec,2026-09-06T15:28:56+00:00
2024,WI,55047,Green Lake County,2024-10-06,30,346,,346,0,,,,,1,wi-wec,2026-09-06T15:28:56+00:00
2024,WI,55047,Green Lake County,2024-10-07,29,357,,357,0,,,,,1,wi-wec,2026-09-06T15:28:56+00:00
2024,WI,55047,Green Lake County,2024-10-08,28,409,,409,0,,,,,1,wi-wec,2026-09-06T15:28:56+00:00
2024,WI,55047,Green Lake County,2024-10-10,26,465,,465,0,,,,,1,wi-wec,2026-09-06T15:28:56+00:00
2024,WI,55047,Green Lake County,2024-10-11,25,510,,510,0,,,,,1,wi-wec,2026-09-06T15:28:56+00:00
2024,WI,55047,Green Lake County,2024-10-12,24,537,,537,0,,,,,1,wi-wec,2026-09-06T15:28:56+00:00
2024,WI,55047,Green Lake County,2024-10-13,23,541,,541,0,,,,,1,wi-wec,2026-09-06T15:28:56+00:00
2024,WI,55047,Green Lake County,2024-10-14,22,544,,544,0,,,,,1,wi-wec,2026-09-06T15:28:56+00:00
2024,WI,55047,Green Lake County,2024-10-15,21,564,,564,0,,,,,1,wi-wec,2026-09-06T15:28:56+00:00
2024,WI,55047,Green Lake County,2024-10-16,20,613,,613,0,,,,,1,wi-wec,2026-09-06T15:28:56+00:00
2024,WI,55047,Green Lake County,2024-10-17,19,652,,652,0,,,,,1,wi-wec,2026-09-06T15:28:56+00:00
2024,WI,55047,Green Lake County,2024-10-18,18,687,,687,0,,,,,1,wi-wec,2026-09-06T15:28:56+00:00
2024,WI,55047,Green Lake County,2024-10-19,17,713,,713,0,,,,,1,wi-wec,2026-09-06T15:28:56+00:00
2024,WI,55047,Green Lake County,2024-10-20,16,728,,728,0,,,,,1,wi-wec,2026-09-06T15:28:56+00:00
2024,WI,55047,Green Lake County,2024-10-21,15,739,,739,0,,,,,1,wi-wec,2026-09-06T15:28:56+00:00
2024,WI,55047,Green Lake County,2024-10-22,14,806,,805,1,,,,,1,wi-wec,2026-09-06T15:28:56+00:00
2024,WI,55047,Green Lake County,2024-10-23,13,959,,855,104,,,,,1,wi-wec,2026-09-06T15:28:56+00:00
2024,WI,55047,Green Lake County,2024-10-24,12,1299,,941,358,,,,,1,wi-wec,2026-09-06T15:28:56+00:00
2024,WI,55047,Green Lake County,2024-10-25,11,1440,,985,455,,,,,1,wi-wec,2026-09-06T15:28:56+00:00
2024,WI,55047,Green Lake County,2024-10-28,8,1630,,1030,600,,,,,1,wi-wec,2026-09-06T15:28:56+00:00
2024,WI,55047,Green Lake County,2024-10-30,6,2109,,1150,959,,,,,1,wi-wec,2026-09-06T15:28:56+00:00
2024,WI,55047,Green Lake County,2024-11-05,0,2984,,1330,1654,,,,,1,wi-wec,2026-09-06T15:28:56+00:00
2024,WI,55047,Green Lake County,2024-11-06,-1,3003,,1349,1654,,,,,1,wi-wec,2026-09-06T15:28:56+00:00
2024,WI,55047,Green Lake County,2024-11-07,-2,3004,,1350,1654,,,,,1,wi-wec,2026-09-06T15:28:56+00:00
2024,WI,55049,Iowa County,2024-10-02,34,397,,397,0,,,,,1,wi-wec,2026-09-06T15:28:56+00:00
2024,WI,55049,Iowa County,2024-10-03,33,456,,456,0,,,,,1,wi-wec,2026-09-06T15:28:56+00:00
2024,WI,55049,Iowa County,2024-10-04,32,499,,499,0,,,,,1,wi-wec,2026-09-06T15:28:56+00:00
2024,WI,55049,Iowa County,2024-10-05,31,552,,552,0,,,,,1,wi-wec,2026-09-06T15:28:56+00:00
2024,WI,55049,Iowa County,2024-10-06,30,565,,565,0,,,,,1,wi-wec,2026-09-06T15:28:56+00:00
2024,WI,55049,Iowa County,2024-10-07,29,565,,565,0,,,,,1,wi-wec,2026-09-06T15:28:56+00:00
2024,WI,55049,Iowa County,2024-10-08,28,657,,657,0,,,,,1,wi-wec,2026-09-06T15:28:56+00:00
2024,WI,55049,Iowa County,2024-10-10,26,773,,773,0,,,,,1,wi-wec,2026-09-06T15:28:56+00:00
2024,WI,55049,Iowa County,2024-10-11,25,827,,827,0,,,,,1,wi-wec,2026-09-06T15:28:56+00:00
2024,WI,55049,Iowa County,2024-10-12,24,881,,881,0,,,,,1,wi-wec,2026-09-06T15:28:56+00:00
2024,WI,55049,Iowa County,2024-10-13,23,885,,885,0,,,,,1,wi-wec,2026-09-06T15:28:56+00:00
2024,WI,55049,Iowa County,2024-10-14,22,885,,885,0,,,,,1,wi-wec,2026-09-06T15:28:56+00:00
2024,WI,55049,Iowa County,2024-10-15,21,926,,926,0,,,,,1,wi-wec,2026-09-06T15:28:56+00:00
2024,WI,55049,Iowa County,2024-10-16,20,983,,983,0,,,,,1,wi-wec,2026-09-06T15:28:56+00:00
2024,WI,55049,Iowa County,2024-10-17,19,1080,,1080,0,,,,,1,wi-wec,2026-09-06T15:28:56+00:00
2024,WI,55049,Iowa County,2024-10-18,18,1163,,1163,0,,,,,1,wi-wec,2026-09-06T15:28:56+00:00
2024,WI,55049,Iowa County,2024-10-19,17,1242,,1242,0,,,,,1,wi-wec,2026-09-06T15:28:56+00:00
2024,WI,55049,Iowa County,2024-10-20,16,1257,,1257,0,,,,,1,wi-wec,2026-09-06T15:28:56+00:00
2024,WI,55049,Iowa County,2024-10-21,15,1257,,1257,0,,,,,1,wi-wec,2026-09-06T15:28:56+00:00
2024,WI,55049,Iowa County,2024-10-22,14,1366,,1366,0,,,,,1,wi-wec,2026-09-06T15:28:56+00:00
2024,WI,55049,Iowa County,2024-10-23,13,1807,,1418,389,,,,,1,wi-wec,2026-09-06T15:28:56+00:00
2024,WI,55049,Iowa County,2024-10-24,12,2167,,1500,667,,,,,1,wi-wec,2026-09-06T15:28:56+00:00
2024,WI,55049,Iowa County,2024-10-25,11,2518,,1571,947,,,,,1,wi-wec,2026-09-06T15:28:56+00:00
2024,WI,55049,Iowa County,2024-10-28,8,2818,,1636,1182,,,,,1,wi-wec,2026-09-06T15:28:56+00:00
2024,WI,55049,Iowa County,2024-10-30,6,3643,,1839,1804,,,,,1,wi-wec,2026-09-06T15:28:56+00:00
2024,WI,55049,Iowa County,2024-11-05,0,4999,,2096,2903,,,,,1,wi-wec,2026-09-06T15:28:56+00:00
2024,WI,55049,Iowa County,2024-11-06,-1,5036,,2133,2903,,,,,1,wi-wec,2026-09-06T15:28:56+00:00
2024,WI,55049,Iowa County,2024-11-07,-2,5048,,2145,2903,,,,,1,wi-wec,2026-09-06T15:28:56+00:00
2024,WI,55051,Iron County,2024-10-02,34,114,,114,0,,,,,1,wi-wec,2026-09-06T15:28:56+00:00
2024,WI,55051,Iron County,2024-10-03,33,127,,127,0,,,,,1,wi-wec,2026-09-06T15:28:56+00:00
2024,WI,55051,Iron County,2024-10-04,32,152,,152,0,,,,,1,wi-wec,2026-09-06T15:28:56+00:00
2024,WI,55051,Iron County,2024-10-05,31,160,,160,0,,,,,1,wi-wec,2026-09-06T15:28:56+00:00
2024,WI,55051,Iron County,2024-10-06,30,160,,160,0,,,,,1,wi-wec,2026-09-06T15:28:56+00:00
2024,WI,55051,Iron County,2024-10-07,29,160,,160,0,,,,,1,wi-wec,2026-09-06T15:28:56+00:00
2024,WI,55051,Iron County,2024-10-08,28,175,,175,0,,,,,1,wi-wec,2026-09-06T15:28:56+00:00
2024,WI,55051,Iron County,2024-10-10,26,217,,217,0,,,,,1,wi-wec,2026-09-06T15:28:56+00:00
2024,WI,55051,Iron County,2024-10-11,25,239,,239,0,,,,,1,wi-wec,2026-09-06T15:28:56+00:00
2024,WI,55051,Iron County,2024-10-12,24,240,,240,0,,,,,1,wi-wec,2026-09-06T15:28:56+00:00
2024,WI,55051,Iron County,2024-10-13,23,240,,240,0,,,,,1,wi-wec,2026-09-06T15:28:56+00:00
2024,WI,55051,Iron County,2024-10-14,22,240,,240,0,,,,,1,wi-wec,2026-09-06T15:28:56+00:00
2024,WI,55051,Iron County,2024-10-15,21,280,,280,0,,,,,1,wi-wec,2026-09-06T15:28:56+00:00
2024,WI,55051,Iron County,2024-10-16,20,301,,301,0,,,,,1,wi-wec,2026-09-06T15:28:56+00:00
2024,WI,55051,Iron County,2024-10-17,19,316,,316,0,,,,,1,wi-wec,2026-09-06T15:28:56+00:00
2024,WI,55051,Iron County,2024-10-18,18,330,,330,0,,,,,1,wi-wec,2026-09-06T15:28:56+00:00
2024,WI,55051,Iron County,2024-10-19,17,354,,354,0,,,,,1,wi-wec,2026-09-06T15:28:56+00:00
2024,WI,55051,Iron County,2024-10-20,16,354,,354,0,,,,,1,wi-wec,2026-09-06T15:28:56+00:00
2024,WI,55051,Iron County,2024-10-21,15,354,,354,0,,,,,1,wi-wec,2026-09-06T15:28:56+00:00
2024,WI,55051,Iron County,2024-10-22,14,385,,385,0,,,,,1,wi-wec,2026-09-06T15:28:56+00:00
2024,WI,55051,Iron County,2024-10-23,13,497,,418,79,,,,,1,wi-wec,2026-09-06T15:28:56+00:00
2024,WI,55051,Iron County,2024-10-24,12,563,,440,123,,,,,1,wi-wec,2026-09-06T15:28:56+00:00
2024,WI,55051,Iron County,2024-10-25,11,622,,451,171,,,,,1,wi-wec,2026-09-06T15:28:56+00:00
2024,WI,55051,Iron County,2024-10-28,8,653,,458,195,,,,,1,wi-wec,2026-09-06T15:28:56+00:00
2024,WI,55051,Iron County,2024-10-30,6,820,,530,290,,,,,1,wi-wec,2026-09-06T15:28:56+00:00
2024,WI,55051,Iron County,2024-11-05,0,1030,,628,402,,,,,1,wi-wec,2026-09-06T15:28:56+00:00
2024,WI,55051,Iron County,2024-11-06,-1,1076,,672,404,,,,,1,wi-wec,2026-09-06T15:28:56+00:00
2024,WI,55051,Iron County,2024-11-07,-2,1077,,673,404,,,,,1,wi-wec,2026-09-06T15:28:56+00:00
2024,WI,55053,Jackson County,2024-10-02,34,178,,178,0,,,,,1,wi-wec,2026-09-06T15:28:56+00:00
2024,WI,55053,Jackson County,2024-10-03,33,196,,196,0,,,,,1,wi-wec,2026-09-06T15:28:56+00:00
2024,WI,55053,Jackson County,2024-10-04,32,213,,213,0,,,,,1,wi-wec,2026-09-06T15:28:56+00:00
2024,WI,55053,Jackson County,2024-10-05,31,223,,223,0,,,,,1,wi-wec,2026-09-06T15:28:56+00:00
2024,WI,55053,Jackson County,2024-10-06,30,224,,224,0,,,,,1,wi-wec,2026-09-06T15:28:56+00:00
2024,WI,55053,Jackson County,2024-10-07,29,224,,224,0,,,,,1,wi-wec,2026-09-06T15:28:56+00:00
2024,WI,55053,Jackson County,2024-10-08,28,293,,293,0,,,,,1,wi-wec,2026-09-06T15:28:56+00:00
2024,WI,55053,Jackson County,2024-10-10,26,345,,345,0,,,,,1,wi-wec,2026-09-06T15:28:56+00:00
2024,WI,55053,Jackson County,2024-10-11,25,369,,369,0,,,,,1,wi-wec,2026-09-06T15:28:56+00:00
2024,WI,55053,Jackson County,2024-10-12,24,377,,377,0,,,,,1,wi-wec,2026-09-06T15:28:56+00:00
2024,WI,55053,Jackson County,2024-10-13,23,377,,377,0,,,,,1,wi-wec,2026-09-06T15:28:56+00:00
2024,WI,55053,Jackson County,2024-10-14,22,377,,377,0,,,,,1,wi-wec,2026-09-06T15:28:56+00:00
2024,WI,55053,Jackson County,2024-10-15,21,421,,421,0,,,,,1,wi-wec,2026-09-06T15:28:56+00:00
2024,WI,55053,Jackson County,2024-10-16,20,448,,448,0,,,,,1,wi-wec,2026-09-06T15:28:56+00:00
2024,WI,55053,Jackson County,2024-10-17,19,465,,465,0,,,,,1,wi-wec,2026-09-06T15:28:56+00:00
2024,WI,55053,Jackson County,2024-10-18,18,480,,480,0,,,,,1,wi-wec,2026-09-06T15:28:56+00:00
2024,WI,55053,Jackson County,2024-10-19,17,501,,501,0,,,,,1,wi-wec,2026-09-06T15:28:56+00:00
2024,WI,55053,Jackson County,2024-10-20,16,501,,501,0,,,,,1,wi-wec,2026-09-06T15:28:56+00:00
2024,WI,55053,Jackson County,2024-10-21,15,501,,501,0,,,,,1,wi-wec,2026-09-06T15:28:56+00:00
2024,WI,55053,Jackson County,2024-10-22,14,580,,580,0,,,,,1,wi-wec,2026-09-06T15:28:56+00:00
2024,WI,55053,Jackson County,2024-10-23,13,713,,628,85,,,,,1,wi-wec,2026-09-06T15:28:56+00:00
2024,WI,55053,Jackson County,2024-10-24,12,863,,666,197,,,,,1,wi-wec,2026-09-06T15:28:56+00:00
2024,WI,55053,Jackson County,2024-10-25,11,974,,703,271,,,,,1,wi-wec,2026-09-06T15:28:56+00:00
2024,WI,55053,Jackson County,2024-10-28,8,1065,,742,323,,,,,1,wi-wec,2026-09-06T15:28:56+00:00
2024,WI,55053,Jackson County,2024-10-30,6,1395,,844,551,,,,,1,wi-wec,2026-09-06T15:28:56+00:00
2024,WI,55053,Jackson County,2024-11-05,0,1892,,971,921,,,,,1,wi-wec,2026-09-06T15:28:56+00:00
2024,WI,55053,Jackson County,2024-11-06,-1,1912,,989,923,,,,,1,wi-wec,2026-09-06T15:28:56+00:00
2024,WI,55053,Jackson County,2024-11-07,-2,1913,,990,923,,,,,1,wi-wec,2026-09-06T15:28:56+00:00
2024,WI,55055,Jefferson County,2024-10-02,34,1338,,1338,0,,,,,1,wi-wec,2026-09-06T15:28:56+00:00
2024,WI,55055,Jefferson County,2024-10-03,33,1532,,1532,0,,,,,1,wi-wec,2026-09-06T15:28:56+00:00
2024,WI,55055,Jefferson County,2024-10-04,32,1700,,1700,0,,,,,1,wi-wec,2026-09-06T15:28:56+00:00
2024,WI,55055,Jefferson County,2024-10-05,31,1877,,1877,0,,,,,1,wi-wec,2026-09-06T15:28:56+00:00
2024,WI,55055,Jefferson County,2024-10-06,30,1938,,1938,0,,,,,1,wi-wec,2026-09-06T15:28:56+00:00
2024,WI,55055,Jefferson County,2024-10-07,29,1938,,1938,0,,,,,1,wi-wec,2026-09-06T15:28:56+00:00
2024,WI,55055,Jefferson County,2024-10-08,28,2258,,2258,0,,,,,1,wi-wec,2026-09-06T15:28:56+00:00
2024,WI,55055,Jefferson County,2024-10-10,26,2605,,2605,0,,,,,1,wi-wec,2026-09-06T15:28:56+00:00
2024,WI,55055,Jefferson County,2024-10-11,25,2877,,2877,0,,,,,1,wi-wec,2026-09-06T15:28:56+00:00
2024,WI,55055,Jefferson County,2024-10-12,24,3060,,3060,0,,,,,1,wi-wec,2026-09-06T15:28:56+00:00
2024,WI,55055,Jefferson County,2024-10-13,23,3062,,3062,0,,,,,1,wi-wec,2026-09-06T15:28:56+00:00
2024,WI,55055,Jefferson County,2024-10-14,22,3079,,3079,0,,,,,1,wi-wec,2026-09-06T15:28:56+00:00
2024,WI,55055,Jefferson County,2024-10-15,21,3184,,3184,0,,,,,1,wi-wec,2026-09-06T15:28:56+00:00
2024,WI,55055,Jefferson County,2024-10-16,20,3509,,3509,0,,,,,1,wi-wec,2026-09-06T15:28:56+00:00
2024,WI,55055,Jefferson County,2024-10-17,19,3766,,3766,0,,,,,1,wi-wec,2026-09-06T15:28:56+00:00
2024,WI,55055,Jefferson County,2024-10-18,18,4078,,4078,0,,,,,1,wi-wec,2026-09-06T15:28:56+00:00
2024,WI,55055,Jefferson County,2024-10-19,17,4314,,4314,0,,,,,1,wi-wec,2026-09-06T15:28:56+00:00
2024,WI,55055,Jefferson County,2024-10-20,16,4367,,4367,0,,,,,1,wi-wec,2026-09-06T15:28:56+00:00
2024,WI,55055,Jefferson County,2024-10-21,15,4367,,4367,0,,,,,1,wi-wec,2026-09-06T15:28:56+00:00
2024,WI,55055,Jefferson County,2024-10-22,14,4742,,4742,0,,,,,1,wi-wec,2026-09-06T15:28:56+00:00
2024,WI,55055,Jefferson County,2024-10-23,13,6701,,5093,1608,,,,,1,wi-wec,2026-09-06T15:28:56+00:00
2024,WI,55055,Jefferson County,2024-10-24,12,8292,,5340,2952,,,,,1,wi-wec,2026-09-06T15:28:56+00:00
2024,WI,55055,Jefferson County,2024-10-25,11,10062,,5606,4456,,,,,1,wi-wec,2026-09-06T15:28:56+00:00
2024,WI,55055,Jefferson County,2024-10-28,8,11666,,5903,5763,,,,,1,wi-wec,2026-09-06T15:28:56+00:00
2024,WI,55055,Jefferson County,2024-10-30,6,15092,,6573,8519,,,,,1,wi-wec,2026-09-06T15:28:56+00:00
2024,WI,55055,Jefferson County,2024-11-05,0,21374,,7896,13478,,,,,1,wi-wec,2026-09-06T15:28:56+00:00
2024,WI,55055,Jefferson County,2024-11-06,-1,21652,,8127,13525,,,,,1,wi-wec,2026-09-06T15:28:56+00:00
2024,WI,55055,Jefferson County,2024-11-07,-2,21660,,8135,13525,,,,,1,wi-wec,2026-09-06T15:28:56+00:00
2024,WI,55057,Juneau County,2024-10-02,34,189,,189,0,,,,,1,wi-wec,2026-09-06T15:28:56+00:00
2024,WI,55057,Juneau County,2024-10-03,33,220,,220,0,,,,,1,wi-wec,2026-09-06T15:28:56+00:00
2024,WI,55057,Juneau County,2024-10-04,32,269,,269,0,,,,,1,wi-wec,2026-09-06T15:28:56+00:00
2024,WI,55057,Juneau County,2024-10-05,31,368,,368,0,,,,,1,wi-wec,2026-09-06T15:28:56+00:00
2024,WI,55057,Juneau County,2024-10-06,30,369,,369,0,,,,,1,wi-wec,2026-09-06T15:28:56+00:00
2024,WI,55057,Juneau County,2024-10-07,29,369,,369,0,,,,,1,wi-wec,2026-09-06T15:28:56+00:00
2024,WI,55057,Juneau County,2024-10-08,28,465,,465,0,,,,,1,wi-wec,2026-09-06T15:28:56+00:00
2024,WI,55057,Juneau County,2024-10-10,26,551,,551,0,,,,,1,wi-wec,2026-09-06T15:28:56+00:00
2024,WI,55057,Juneau County,2024-10-11,25,605,,605,0,,,,,1,wi-wec,2026-09-06T15:28:56+00:00
2024,WI,55057,Juneau County,2024-10-12,24,641,,641,0,,,,,1,wi-wec,2026-09-06T15:28:56+00:00
2024,WI,55057,Juneau County,2024-10-13,23,641,,641,0,,,,,1,wi-wec,2026-09-06T15:28:56+00:00
2024,WI,55057,Juneau County,2024-10-14,22,653,,653,0,,,,,1,wi-wec,2026-09-06T15:28:56+00:00
2024,WI,55057,Juneau County,2024-10-15,21,739,,739,0,,,,,1,wi-wec,2026-09-06T15:28:56+00:00
2024,WI,55057,Juneau County,2024-10-16,20,786,,786,0,,,,,1,wi-wec,2026-09-06T15:28:56+00:00
2024,WI,55057,Juneau County,2024-10-17,19,827,,827,0,,,,,1,wi-wec,2026-09-06T15:28:56+00:00
2024,WI,55057,Juneau County,2024-10-18,18,868,,868,0,,,,,1,wi-wec,2026-09-06T15:28:56+00:00
2024,WI,55057,Juneau County,2024-10-19,17,938,,938,0,,,,,1,wi-wec,2026-09-06T15:28:56+00:00
2024,WI,55057,Juneau County,2024-10-20,16,993,,993,0,,,,,1,wi-wec,2026-09-06T15:28:56+00:00
2024,WI,55057,Juneau County,2024-10-21,15,995,,995,0,,,,,1,wi-wec,2026-09-06T15:28:56+00:00
2024,WI,55057,Juneau County,2024-10-22,14,1082,,1082,0,,,,,1,wi-wec,2026-09-06T15:28:56+00:00
2024,WI,55057,Juneau County,2024-10-23,13,1320,,1192,128,,,,,1,wi-wec,2026-09-06T15:28:56+00:00
2024,WI,55057,Juneau County,2024-10-24,12,1580,,1361,219,,,,,1,wi-wec,2026-09-06T15:28:56+00:00
2024,WI,55057,Juneau County,2024-10-25,11,1735,,1434,301,,,,,1,wi-wec,2026-09-06T15:28:56+00:00
2024,WI,55057,Juneau County,2024-10-28,8,1912,,1509,403,,,,,1,wi-wec,2026-09-06T15:28:56+00:00
2024,WI,55057,Juneau County,2024-10-30,6,2461,,1819,642,,,,,1,wi-wec,2026-09-06T15:28:56+00:00
2024,WI,55057,Juneau County,2024-11-05,0,3468,,2445,1023,,,,,1,wi-wec,2026-09-06T15:28:56+00:00
2024,WI,55057,Juneau County,2024-11-06,-1,3490,,2467,1023,,,,,1,wi-wec,2026-09-06T15:28:56+00:00
2024,WI,55057,Juneau County,2024-11-07,-2,3494,,2471,1023,,,,,1,wi-wec,2026-09-06T15:28:56+00:00
2024,WI,55059,Kenosha County,2024-10-02,34,2995,,2995,0,,,,,1,wi-wec,2026-09-06T15:28:56+00:00
2024,WI,55059,Kenosha County,2024-10-03,33,3582,,3582,0,,,,,1,wi-wec,2026-09-06T15:28:56+00:00
2024,WI,55059,Kenosha County,2024-10-04,32,3996,,3996,0,,,,,1,wi-wec,2026-09-06T15:28:56+00:00
2024,WI,55059,Kenosha County,2024-10-05,31,4493,,4493,0,,,,,1,wi-wec,2026-09-06T15:28:56+00:00
2024,WI,55059,Kenosha County,2024-10-06,30,4493,,4493,0,,,,,1,wi-wec,2026-09-06T15:28:56+00:00
2024,WI,55059,Kenosha County,2024-10-07,29,4493,,4493,0,,,,,1,wi-wec,2026-09-06T15:28:56+00:00
2024,WI,55059,Kenosha County,2024-10-08,28,5384,,5384,0,,,,,1,wi-wec,2026-09-06T15:28:56+00:00
2024,WI,55059,Kenosha County,2024-10-10,26,6046,,6046,0,,,,,1,wi-wec,2026-09-06T15:28:56+00:00
2024,WI,55059,Kenosha County,2024-10-11,25,6410,,6410,0,,,,,1,wi-wec,2026-09-06T15:28:56+00:00
2024,WI,55059,Kenosha County,2024-10-12,24,6890,,6890,0,,,,,1,wi-wec,2026-09-06T15:28:56+00:00
2024,WI,55059,Kenosha County,2024-10-13,23,6890,,6890,0,,,,,1,wi-wec,2026-09-06T15:28:56+00:00
2024,WI,55059,Kenosha County,2024-10-14,22,6890,,6890,0,,,,,1,wi-wec,2026-09-06T15:28:56+00:00
2024,WI,55059,Kenosha County,2024-10-15,21,7081,,7081,0,,,,,1,wi-wec,2026-09-06T15:28:56+00:00
2024,WI,55059,Kenosha County,2024-10-16,20,7781,,7781,0,,,,,1,wi-wec,2026-09-06T15:28:56+00:00
2024,WI,55059,Kenosha County,2024-10-17,19,8042,,8042,0,,,,,1,wi-wec,2026-09-06T15:28:56+00:00
2024,WI,55059,Kenosha County,2024-10-18,18,8712,,8712,0,,,,,1,wi-wec,2026-09-06T15:28:56+00:00
2024,WI,55059,Kenosha County,2024-10-19,17,9333,,9333,0,,,,,1,wi-wec,2026-09-06T15:28:56+00:00
2024,WI,55059,Kenosha County,2024-10-20,16,9340,,9340,0,,,,,1,wi-wec,2026-09-06T15:28:56+00:00
2024,WI,55059,Kenosha County,2024-10-21,15,9340,,9340,0,,,,,1,wi-wec,2026-09-06T15:28:56+00:00
2024,WI,55059,Kenosha County,2024-10-22,14,10294,,10294,0,,,,,1,wi-wec,2026-09-06T15:28:56+00:00
2024,WI,55059,Kenosha County,2024-10-23,13,13667,,10663,3004,,,,,1,wi-wec,2026-09-06T15:28:56+00:00
2024,WI,55059,Kenosha County,2024-10-24,12,17510,,11374,6136,,,,,1,wi-wec,2026-09-06T15:28:56+00:00
2024,WI,55059,Kenosha County,2024-10-25,11,21230,,11645,9585,,,,,1,wi-wec,2026-09-06T15:28:56+00:00
2024,WI,55059,Kenosha County,2024-10-28,8,26200,,12418,13782,,,,,1,wi-wec,2026-09-06T15:28:56+00:00
2024,WI,55059,Kenosha County,2024-10-30,6,33849,,13829,20020,,,,,1,wi-wec,2026-09-06T15:28:56+00:00
2024,WI,55059,Kenosha County,2024-11-05,0,46882,,16005,30877,,,,,1,wi-wec,2026-09-06T15:28:56+00:00
2024,WI,55059,Kenosha County,2024-11-06,-1,47282,,16400,30882,,,,,1,wi-wec,2026-09-06T15:28:56+00:00
2024,WI,55059,Kenosha County,2024-11-07,-2,47301,,16419,30882,,,,,1,wi-wec,2026-09-06T15:28:56+00:00
2024,WI,55061,Kewaunee County,2024-10-02,34,324,,324,0,,,,,1,wi-wec,2026-09-06T15:28:56+00:00
2024,WI,55061,Kewaunee County,2024-10-03,33,344,,344,0,,,,,1,wi-wec,2026-09-06T15:28:56+00:00
2024,WI,55061,Kewaunee County,2024-10-04,32,375,,375,0,,,,,1,wi-wec,2026-09-06T15:28:56+00:00
2024,WI,55061,Kewaunee County,2024-10-05,31,422,,422,0,,,,,1,wi-wec,2026-09-06T15:28:56+00:00
2024,WI,55061,Kewaunee County,2024-10-06,30,422,,422,0,,,,,1,wi-wec,2026-09-06T15:28:56+00:00
2024,WI,55061,Kewaunee County,2024-10-07,29,422,,422,0,,,,,1,wi-wec,2026-09-06T15:28:56+00:00
2024,WI,55061,Kewaunee County,2024-10-08,28,473,,473,0,,,,,1,wi-wec,2026-09-06T15:28:56+00:00
2024,WI,55061,Kewaunee County,2024-10-10,26,563,,563,0,,,,,1,wi-wec,2026-09-06T15:28:56+00:00
2024,WI,55061,Kewaunee County,2024-10-11,25,590,,590,0,,,,,1,wi-wec,2026-09-06T15:28:56+00:00
2024,WI,55061,Kewaunee County,2024-10-12,24,605,,605,0,,,,,1,wi-wec,2026-09-06T15:28:56+00:00
2024,WI,55061,Kewaunee County,2024-10-13,23,605,,605,0,,,,,1,wi-wec,2026-09-06T15:28:56+00:00
2024,WI,55061,Kewaunee County,2024-10-14,22,605,,605,0,,,,,1,wi-wec,2026-09-06T15:28:56+00:00
2024,WI,55061,Kewaunee County,2024-10-15,21,629,,629,0,,,,,1,wi-wec,2026-09-06T15:28:56+00:00
2024,WI,55061,Kewaunee County,2024-10-16,20,703,,703,0,,,,,1,wi-wec,2026-09-06T15:28:56+00:00
2024,WI,55061,Kewaunee County,2024-10-17,19,755,,755,0,,,,,1,wi-wec,2026-09-06T15:28:56+00:00
2024,WI,55061,Kewaunee County,2024-10-18,18,773,,773,0,,,,,1,wi-wec,2026-09-06T15:28:56+00:00
2024,WI,55061,Kewaunee County,2024-10-19,17,864,,864,0,,,,,1,wi-wec,2026-09-06T15:28:56+00:00
2024,WI,55061,Kewaunee County,2024-10-20,16,864,,864,0,,,,,1,wi-wec,2026-09-06T15:28:56+00:00
2024,WI,55061,Kewaunee County,2024-10-21,15,881,,881,0,,,,,1,wi-wec,2026-09-06T15:28:56+00:00
2024,WI,55061,Kewaunee County,2024-10-22,14,902,,902,0,,,,,1,wi-wec,2026-09-06T15:28:56+00:00
2024,WI,55061,Kewaunee County,2024-10-23,13,969,,952,17,,,,,1,wi-wec,2026-09-06T15:28:56+00:00
2024,WI,55061,Kewaunee County,2024-10-24,12,1223,,991,232,,,,,1,wi-wec,2026-09-06T15:28:56+00:00
2024,WI,55061,Kewaunee County,2024-10-25,11,1408,,1049,359,,,,,1,wi-wec,2026-09-06T15:28:56+00:00
2024,WI,55061,Kewaunee County,2024-10-28,8,1624,,1123,501,,,,,1,wi-wec,2026-09-06T15:28:56+00:00
2024,WI,55061,Kewaunee County,2024-10-30,6,2041,,1258,783,,,,,1,wi-wec,2026-09-06T15:28:56+00:00
2024,WI,55061,Kewaunee County,2024-11-05,0,2885,,1438,1447,,,,,1,wi-wec,2026-09-06T15:28:56+00:00
2024,WI,55061,Kewaunee County,2024-11-06,-1,2944,,1486,1458,,,,,1,wi-wec,2026-09-06T15:28:56+00:00
2024,WI,55061,Kewaunee County,2024-11-07,-2,2963,,1505,1458,,,,,1,wi-wec,2026-09-06T15:28:56+00:00
2024,WI,55063,La Crosse County,2024-10-02,34,2106,,2106,0,,,,,1,wi-wec,2026-09-06T15:28:56+00:00
2024,WI,55063,La Crosse County,2024-10-03,33,2409,,2409,0,,,,,1,wi-wec,2026-09-06T15:28:56+00:00
2024,WI,55063,La Crosse County,2024-10-04,32,2794,,2794,0,,,,,1,wi-wec,2026-09-06T15:28:56+00:00
2024,WI,55063,La Crosse County,2024-10-05,31,3136,,3136,0,,,,,1,wi-wec,2026-09-06T15:28:56+00:00
2024,WI,55063,La Crosse County,2024-10-06,30,3136,,3136,0,,,,,1,wi-wec,2026-09-06T15:28:56+00:00
2024,WI,55063,La Crosse County,2024-10-07,29,3136,,3136,0,,,,,1,wi-wec,2026-09-06T15:28:56+00:00
2024,WI,55063,La Crosse County,2024-10-08,28,3637,,3637,0,,,,,1,wi-wec,2026-09-06T15:28:56+00:00
2024,WI,55063,La Crosse County,2024-10-10,26,4259,,4259,0,,,,,1,wi-wec,2026-09-06T15:28:56+00:00
2024,WI,55063,La Crosse County,2024-10-11,25,4619,,4619,0,,,,,1,wi-wec,2026-09-06T15:28:56+00:00
2024,WI,55063,La Crosse County,2024-10-12,24,4948,,4948,0,,,,,1,wi-wec,2026-09-06T15:28:56+00:00
2024,WI,55063,La Crosse County,2024-10-13,23,4961,,4961,0,,,,,1,wi-wec,2026-09-06T15:28:56+00:00
2024,WI,55063,La Crosse County,2024-10-14,22,4961,,4961,0,,,,,1,wi-wec,2026-09-06T15:28:56+00:00
2024,WI,55063,La Crosse County,2024-10-15,21,5257,,5257,0,,,,,1,wi-wec,2026-09-06T15:28:56+00:00
2024,WI,55063,La Crosse County,2024-10-16,20,5970,,5970,0,,,,,1,wi-wec,2026-09-06T15:28:56+00:00
2024,WI,55063,La Crosse County,2024-10-17,19,6166,,6166,0,,,,,1,wi-wec,2026-09-06T15:28:56+00:00
2024,WI,55063,La Crosse County,2024-10-18,18,6571,,6571,0,,,,,1,wi-wec,2026-09-06T15:28:56+00:00
2024,WI,55063,La Crosse County,2024-10-19,17,7052,,7052,0,,,,,1,wi-wec,2026-09-06T15:28:56+00:00
2024,WI,55063,La Crosse County,2024-10-20,16,7052,,7052,0,,,,,1,wi-wec,2026-09-06T15:28:56+00:00
2024,WI,55063,La Crosse County,2024-10-21,15,7052,,7052,0,,,,,1,wi-wec,2026-09-06T15:28:56+00:00
2024,WI,55063,La Crosse County,2024-10-22,14,7790,,7790,0,,,,,1,wi-wec,2026-09-06T15:28:56+00:00
2024,WI,55063,La Crosse County,2024-10-23,13,10783,,8367,2416,,,,,1,wi-wec,2026-09-06T15:28:56+00:00
2024,WI,55063,La Crosse County,2024-10-24,12,13861,,9227,4634,,,,,1,wi-wec,2026-09-06T15:28:56+00:00
2024,WI,55063,La Crosse County,2024-10-25,11,16825,,9387,7438,,,,,1,wi-wec,2026-09-06T15:28:56+00:00
2024,WI,55063,La Crosse County,2024-10-28,8,20120,,9853,10267,,,,,1,wi-wec,2026-09-06T15:28:56+00:00
2024,WI,55063,La Crosse County,2024-10-30,6,26453,,10975,15478,,,,,1,wi-wec,2026-09-06T15:28:56+00:00
2024,WI,55063,La Crosse County,2024-11-05,0,36588,,12508,24080,,,,,1,wi-wec,2026-09-06T15:28:56+00:00
2024,WI,55063,La Crosse County,2024-11-06,-1,36938,,12848,24090,,,,,1,wi-wec,2026-09-06T15:28:56+00:00
2024,WI,55063,La Crosse County,2024-11-07,-2,36955,,12865,24090,,,,,1,wi-wec,2026-09-06T15:28:56+00:00
2024,WI,55065,Lafayette County,2024-10-02,34,160,,160,0,,,,,1,wi-wec,2026-09-06T15:28:56+00:00
2024,WI,55065,Lafayette County,2024-10-03,33,167,,167,0,,,,,1,wi-wec,2026-09-06T15:28:56+00:00
2024,WI,55065,Lafayette County,2024-10-04,32,189,,189,0,,,,,1,wi-wec,2026-09-06T15:28:56+00:00
2024,WI,55065,Lafayette County,2024-10-05,31,195,,195,0,,,,,1,wi-wec,2026-09-06T15:28:56+00:00
2024,WI,55065,Lafayette County,2024-10-06,30,195,,195,0,,,,,1,wi-wec,2026-09-06T15:28:56+00:00
2024,WI,55065,Lafayette County,2024-10-07,29,197,,197,0,,,,,1,wi-wec,2026-09-06T15:28:56+00:00
2024,WI,55065,Lafayette County,2024-10-08,28,236,,236,0,,,,,1,wi-wec,2026-09-06T15:28:56+00:00
2024,WI,55065,Lafayette County,2024-10-10,26,282,,282,0,,,,,1,wi-wec,2026-09-06T15:28:56+00:00
2024,WI,55065,Lafayette County,2024-10-11,25,302,,302,0,,,,,1,wi-wec,2026-09-06T15:28:56+00:00
2024,WI,55065,Lafayette County,2024-10-12,24,329,,329,0,,,,,1,wi-wec,2026-09-06T15:28:56+00:00
2024,WI,55065,Lafayette County,2024-10-13,23,329,,329,0,,,,,1,wi-wec,2026-09-06T15:28:56+00:00
2024,WI,55065,Lafayette County,2024-10-14,22,329,,329,0,,,,,1,wi-wec,2026-09-06T15:28:56+00:00
2024,WI,55065,Lafayette County,2024-10-15,21,367,,367,0,,,,,1,wi-wec,2026-09-06T15:28:56+00:00
2024,WI,55065,Lafayette County,2024-10-16,20,402,,402,0,,,,,1,wi-wec,2026-09-06T15:28:56+00:00
2024,WI,55065,Lafayette County,2024-10-17,19,424,,424,0,,,,,1,wi-wec,2026-09-06T15:28:56+00:00
2024,WI,55065,Lafayette County,2024-10-18,18,448,,448,0,,,,,1,wi-wec,2026-09-06T15:28:56+00:00
2024,WI,55065,Lafayette County,2024-10-19,17,459,,459,0,,,,,1,wi-wec,2026-09-06T15:28:56+00:00
2024,WI,55065,Lafayette County,2024-10-20,16,459,,459,0,,,,,1,wi-wec,2026-09-06T15:28:56+00:00
2024,WI,55065,Lafayette County,2024-10-21,15,460,,460,0,,,,,1,wi-wec,2026-09-06T15:28:56+00:00
2024,WI,55065,Lafayette County,2024-10-22,14,530,,530,0,,,,,1,wi-wec,2026-09-06T15:28:56+00:00
2024,WI,55065,Lafayette County,2024-10-23,13,654,,576,78,,,,,1,wi-wec,2026-09-06T15:28:56+00:00
2024,WI,55065,Lafayette County,2024-10-24,12,738,,602,136,,,,,1,wi-wec,2026-09-06T15:28:56+00:00
2024,WI,55065,Lafayette County,2024-10-25,11,821,,634,187,,,,,1,wi-wec,2026-09-06T15:28:56+00:00
2024,WI,55065,Lafayette County,2024-10-28,8,901,,653,248,,,,,1,wi-wec,2026-09-06T15:28:56+00:00
2024,WI,55065,Lafayette County,2024-10-30,6,1163,,755,408,,,,,1,wi-wec,2026-09-06T15:28:56+00:00
2024,WI,55065,Lafayette County,2024-11-05,0,1659,,898,761,,,,,1,wi-wec,2026-09-06T15:28:56+00:00
2024,WI,55065,Lafayette County,2024-11-06,-1,1674,,913,761,,,,,1,wi-wec,2026-09-06T15:28:56+00:00
2024,WI,55065,Lafayette County,2024-11-07,-2,1678,,917,761,,,,,1,wi-wec,2026-09-06T15:28:56+00:00
2024,WI,55067,Langlade County,2024-10-02,34,146,,146,0,,,,,1,wi-wec,2026-09-06T15:28:56+00:00
2024,WI,55067,Langlade County,2024-10-03,33,220,,220,0,,,,,1,wi-wec,2026-09-06T15:28:56+00:00
2024,WI,55067,Langlade County,2024-10-04,32,251,,251,0,,,,,1,wi-wec,2026-09-06T15:28:56+00:00
2024,WI,55067,Langlade County,2024-10-05,31,265,,265,0,,,,,1,wi-wec,2026-09-06T15:28:56+00:00
2024,WI,55067,Langlade County,2024-10-06,30,265,,265,0,,,,,1,wi-wec,2026-09-06T15:28:56+00:00
2024,WI,55067,Langlade County,2024-10-07,29,265,,265,0,,,,,1,wi-wec,2026-09-06T15:28:56+00:00
2024,WI,55067,Langlade County,2024-10-08,28,367,,367,0,,,,,1,wi-wec,2026-09-06T15:28:56+00:00
2024,WI,55067,Langlade County,2024-10-10,26,418,,418,0,,,,,1,wi-wec,2026-09-06T15:28:56+00:00
2024,WI,55067,Langlade County,2024-10-11,25,423,,423,0,,,,,1,wi-wec,2026-09-06T15:28:56+00:00
2024,WI,55067,Langlade County,2024-10-12,24,425,,425,0,,,,,1,wi-wec,2026-09-06T15:28:56+00:00
2024,WI,55067,Langlade County,2024-10-13,23,425,,425,0,,,,,1,wi-wec,2026-09-06T15:28:56+00:00
2024,WI,55067,Langlade County,2024-10-14,22,425,,425,0,,,,,1,wi-wec,2026-09-06T15:28:56+00:00
2024,WI,55067,Langlade County,2024-10-15,21,512,,512,0,,,,,1,wi-wec,2026-09-06T15:28:56+00:00
2024,WI,55067,Langlade County,2024-10-16,20,531,,531,0,,,,,1,wi-wec,2026-09-06T15:28:56+00:00
2024,WI,55067,Langlade County,2024-10-17,19,609,,609,0,,,,,1,wi-wec,2026-09-06T15:28:56+00:00
2024,WI,55067,Langlade County,2024-10-18,18,653,,653,0,,,,,1,wi-wec,2026-09-06T15:28:56+00:00
2024,WI,55067,Langlade County,2024-10-19,17,689,,689,0,,,,,1,wi-wec,2026-09-06T15:28:56+00:00
2024,WI,55067,Langlade County,2024-10-20,16,689,,689,0,,,,,1,wi-wec,2026-09-06T15:28:56+00:00
2024,WI,55067,Langlade County,2024-10-21,15,689,,689,0,,,,,1,wi-wec,2026-09-06T15:28:56+00:00
2024,WI,55067,Langlade County,2024-10-22,14,801,,801,0,,,,,1,wi-wec,2026-09-06T15:28:56+00:00
2024,WI,55067,Langlade County,2024-10-23,13,982,,849,133,,,,,1,wi-wec,2026-09-06T15:28:56+00:00
2024,WI,55067,Langlade County,2024-10-24,12,1246,,917,329,,,,,1,wi-wec,2026-09-06T15:28:56+00:00
2024,WI,55067,Langlade County,2024-10-25,11,1458,,988,470,,,,,1,wi-wec,2026-09-06T15:28:56+00:00
2024,WI,55067,Langlade County,2024-10-28,8,1570,,1030,540,,,,,1,wi-wec,2026-09-06T15:28:56+00:00
2024,WI,55067,Langlade County,2024-10-30,6,2087,,1180,907,,,,,1,wi-wec,2026-09-06T15:28:56+00:00
2024,WI,55067,Langlade County,2024-11-05,0,2719,,1374,1345,,,,,1,wi-wec,2026-09-06T15:28:56+00:00
2024,WI,55067,Langlade County,2024-11-06,-1,2750,,1403,1347,,,,,1,wi-wec,2026-09-06T15:28:56+00:00
2024,WI,55067,Langlade County,2024-11-07,-2,2754,,1407,1347,,,,,1,wi-wec,2026-09-06T15:28:56+00:00
2024,WI,55069,Lincoln County,2024-10-02,34,318,,318,0,,,,,1,wi-wec,2026-09-06T15:28:56+00:00
2024,WI,55069,Lincoln County,2024-10-03,33,358,,358,0,,,,,1,wi-wec,2026-09-06T15:28:56+00:00
2024,WI,55069,Lincoln County,2024-10-04,32,461,,461,0,,,,,1,wi-wec,2026-09-06T15:28:56+00:00
2024,WI,55069,Lincoln County,2024-10-05,31,489,,489,0,,,,,1,wi-wec,2026-09-06T15:28:56+00:00
2024,WI,55069,Lincoln County,2024-10-06,30,489,,489,0,,,,,1,wi-wec,2026-09-06T15:28:56+00:00
2024,WI,55069,Lincoln County,2024-10-07,29,489,,489,0,,,,,1,wi-wec,2026-09-06T15:28:56+00:00
2024,WI,55069,Lincoln County,2024-10-08,28,656,,656,0,,,,,1,wi-wec,2026-09-06T15:28:56+00:00
2024,WI,55069,Lincoln County,2024-10-10,26,753,,753,0,,,,,1,wi-wec,2026-09-06T15:28:56+00:00
2024,WI,55069,Lincoln County,2024-10-11,25,782,,782,0,,,,,1,wi-wec,2026-09-06T15:28:56+00:00
2024,WI,55069,Lincoln County,2024-10-12,24,827,,827,0,,,,,1,wi-wec,2026-09-06T15:28:56+00:00
2024,WI,55069,Lincoln County,2024-10-13,23,827,,827,0,,,,,1,wi-wec,2026-09-06T15:28:56+00:00
2024,WI,55069,Lincoln County,2024-10-14,22,829,,829,0,,,,,1,wi-wec,2026-09-06T15:28:56+00:00
2024,WI,55069,Lincoln County,2024-10-15,21,867,,867,0,,,,,1,wi-wec,2026-09-06T15:28:56+00:00
2024,WI,55069,Lincoln County,2024-10-16,20,980,,980,0,,,,,1,wi-wec,2026-09-06T15:28:56+00:00
2024,WI,55069,Lincoln County,2024-10-17,19,1006,,1006,0,,,,,1,wi-wec,2026-09-06T15:28:56+00:00
2024,WI,55069,Lincoln County,2024-10-18,18,1045,,1045,0,,,,,1,wi-wec,2026-09-06T15:28:56+00:00
2024,WI,55069,Lincoln County,2024-10-19,17,1130,,1130,0,,,,,1,wi-wec,2026-09-06T15:28:56+00:00
2024,WI,55069,Lincoln County,2024-10-20,16,1130,,1130,0,,,,,1,wi-wec,2026-09-06T15:28:56+00:00
2024,WI,55069,Lincoln County,2024-10-21,15,1137,,1137,0,,,,,1,wi-wec,2026-09-06T15:28:56+00:00
2024,WI,55069,Lincoln County,2024-10-22,14,1256,,1256,0,,,,,1,wi-wec,2026-09-06T15:28:56+00:00
2024,WI,55069,Lincoln County,2024-10-23,13,1725,,1304,421,,,,,1,wi-wec,2026-09-06T15:28:56+00:00
2024,WI,55069,Lincoln County,2024-10-24,12,2028,,1419,609,,,,,1,wi-wec,2026-09-06T15:28:56+00:00
2024,WI,55069,Lincoln County,2024-10-25,11,2540,,1572,968,,,,,1,wi-wec,2026-09-06T15:28:56+00:00
2024,WI,55069,Lincoln County,2024-10-28,8,2788,,1643,1145,,,,,1,wi-wec,2026-09-06T15:28:56+00:00
2024,WI,55069,Lincoln County,2024-10-30,6,3661,,1853,1808,,,,,1,wi-wec,2026-09-06T15:28:56+00:00
2024,WI,55069,Lincoln County,2024-11-05,0,4905,,2164,2741,,,,,1,wi-wec,2026-09-06T15:28:56+00:00
2024,WI,55069,Lincoln County,2024-11-06,-1,4986,,2212,2774,,,,,1,wi-wec,2026-09-06T15:28:56+00:00
2024,WI,55069,Lincoln County,2024-11-07,-2,4987,,2213,2774,,,,,1,wi-wec,2026-09-06T15:28:56+00:00
2024,WI,55071,Manitowoc County,2024-10-02,34,1193,,1193,0,,,,,1,wi-wec,2026-09-06T15:28:56+00:00
2024,WI,55071,Manitowoc County,2024-10-03,33,1421,,1421,0,,,,,1,wi-wec,2026-09-06T15:28:56+00:00
2024,WI,55071,Manitowoc County,2024-10-04,32,1561,,1561,0,,,,,1,wi-wec,2026-09-06T15:28:56+00:00
2024,WI,55071,Manitowoc County,2024-10-05,31,1683,,1683,0,,,,,1,wi-wec,2026-09-06T15:28:56+00:00
2024,WI,55071,Manitowoc County,2024-10-06,30,1688,,1688,0,,,,,1,wi-wec,2026-09-06T15:28:56+00:00
2024,WI,55071,Manitowoc County,2024-10-07,29,1715,,1715,0,,,,,1,wi-wec,2026-09-06T15:28:56+00:00
2024,WI,55071,Manitowoc County,2024-10-08,28,1827,,1827,0,,,,,1,wi-wec,2026-09-06T15:28:56+00:00
2024,WI,55071,Manitowoc County,2024-10-10,26,2292,,2292,0,,,,,1,wi-wec,2026-09-06T15:28:56+00:00
2024,WI,55071,Manitowoc County,2024-10-11,25,2402,,2402,0,,,,,1,wi-wec,2026-09-06T15:28:56+00:00
2024,WI,55071,Manitowoc County,2024-10-12,24,2467,,2467,0,,,,,1,wi-wec,2026-09-06T15:28:56+00:00
2024,WI,55071,Manitowoc County,2024-10-13,23,2483,,2483,0,,,,,1,wi-wec,2026-09-06T15:28:56+00:00
2024,WI,55071,Manitowoc County,2024-10-14,22,2514,,2514,0,,,,,1,wi-wec,2026-09-06T15:28:56+00:00
2024,WI,55071,Manitowoc County,2024-10-15,21,2623,,2623,0,,,,,1,wi-wec,2026-09-06T15:28:56+00:00
2024,WI,55071,Manitowoc County,2024-10-16,20,2973,,2973,0,,,,,1,wi-wec,2026-09-06T15:28:56+00:00
2024,WI,55071,Manitowoc County,2024-10-17,19,3249,,3249,0,,,,,1,wi-wec,2026-09-06T15:28:56+00:00
2024,WI,55071,Manitowoc County,2024-10-18,18,3346,,3346,0,,,,,1,wi-wec,2026-09-06T15:28:56+00:00
2024,WI,55071,Manitowoc County,2024-10-19,17,3483,,3483,0,,,,,1,wi-wec,2026-09-06T15:28:56+00:00
2024,WI,55071,Manitowoc County,2024-10-20,16,3491,,3491,0,,,,,1,wi-wec,2026-09-06T15:28:56+00:00
2024,WI,55071,Manitowoc County,2024-10-21,15,3623,,3623,0,,,,,1,wi-wec,2026-09-06T15:28:56+00:00
2024,WI,55071,Manitowoc County,2024-10-22,14,4017,,4002,15,,,,,1,wi-wec,2026-09-06T15:28:56+00:00
2024,WI,55071,Manitowoc County,2024-10-23,13,5527,,4218,1309,,,,,1,wi-wec,2026-09-06T15:28:56+00:00
2024,WI,55071,Manitowoc County,2024-10-24,12,6786,,4420,2366,,,,,1,wi-wec,2026-09-06T15:28:56+00:00
2024,WI,55071,Manitowoc County,2024-10-25,11,7954,,4660,3294,,,,,1,wi-wec,2026-09-06T15:28:56+00:00
2024,WI,55071,Manitowoc County,2024-10-28,8,9466,,4926,4540,,,,,1,wi-wec,2026-09-06T15:28:56+00:00
2024,WI,55071,Manitowoc County,2024-10-30,6,12063,,5625,6438,,,,,1,wi-wec,2026-09-06T15:28:56+00:00
2024,WI,55071,Manitowoc County,2024-11-05,0,16216,,6454,9762,,,,,1,wi-wec,2026-09-06T15:28:56+00:00
2024,WI,55071,Manitowoc County,2024-11-06,-1,16364,,6598,9766,,,,,1,wi-wec,2026-09-06T15:28:56+00:00
2024,WI,55071,Manitowoc County,2024-11-07,-2,16380,,6614,9766,,,,,1,wi-wec,2026-09-06T15:28:56+00:00
2024,WI,55073,Marathon County,2024-10-02,34,2192,,2192,0,,,,,1,wi-wec,2026-09-06T15:28:56+00:00
2024,WI,55073,Marathon County,2024-10-03,33,2506,,2506,0,,,,,1,wi-wec,2026-09-06T15:28:56+00:00
2024,WI,55073,Marathon County,2024-10-04,32,2901,,2901,0,,,,,1,wi-wec,2026-09-06T15:28:56+00:00
2024,WI,55073,Marathon County,2024-10-05,31,3136,,3136,0,,,,,1,wi-wec,2026-09-06T15:28:56+00:00
2024,WI,55073,Marathon County,2024-10-06,30,3166,,3166,0,,,,,1,wi-wec,2026-09-06T15:28:56+00:00
2024,WI,55073,Marathon County,2024-10-07,29,3189,,3189,0,,,,,1,wi-wec,2026-09-06T15:28:56+00:00
2024,WI,55073,Marathon County,2024-10-08,28,3730,,3730,0,,,,,1,wi-wec,2026-09-06T15:28:56+00:00
2024,WI,55073,Marathon County,2024-10-10,26,4285,,4285,0,,,,,1,wi-wec,2026-09-06T15:28:56+00:00
2024,WI,55073,Marathon County,2024-10-11,25,4466,,4466,0,,,,,1,wi-wec,2026-09-06T15:28:56+00:00
2024,WI,55073,Marathon County,2024-10-12,24,4751,,4751,0,,,,,1,wi-wec,2026-09-06T15:28:56+00:00
2024,WI,55073,Marathon County,2024-10-13,23,4805,,4805,0,,,,,1,wi-wec,2026-09-06T15:28:56+00:00
2024,WI,55073,Marathon County,2024-10-14,22,4873,,4873,0,,,,,1,wi-wec,2026-09-06T15:28:56+00:00
2024,WI,55073,Marathon County,2024-10-15,21,5117,,5117,0,,,,,1,wi-wec,2026-09-06T15:28:56+00:00
2024,WI,55073,Marathon County,2024-10-16,20,5707,,5707,0,,,,,1,wi-wec,2026-09-06T15:28:56+00:00
2024,WI,55073,Marathon County,2024-10-17,19,5980,,5980,0,,,,,1,wi-wec,2026-09-06T15:28:56+00:00
2024,WI,55073,Marathon County,2024-10-18,18,6236,,6236,0,,,,,1,wi-wec,2026-09-06T15:28:56+00:00
2024,WI,55073,Marathon County,2024-10-19,17,6658,,6658,0,,,,,1,wi-wec,2026-09-06T15:28:56+00:00
2024,WI,55073,Marathon County,2024-10-20,16,6725,,6725,0,,,,,1,wi-wec,2026-09-06T15:28:56+00:00
2024,WI,55073,Marathon County,2024-10-21,15,6778,,6778,0,,,,,1,wi-wec,2026-09-06T15:28:56+00:00
2024,WI,55073,Marathon County,2024-10-22,14,7562,,7562,0,,,,,1,wi-wec,2026-09-06T15:28:56+00:00
2024,WI,55073,Marathon County,2024-10-23,13,9736,,7936,1800,,,,,1,wi-wec,2026-09-06T15:28:56+00:00
2024,WI,55073,Marathon County,2024-10-24,12,11913,,8351,3562,,,,,1,wi-wec,2026-09-06T15:28:56+00:00
2024,WI,55073,Marathon County,2024-10-25,11,14901,,8896,6005,,,,,1,wi-wec,2026-09-06T15:28:56+00:00
2024,WI,55073,Marathon County,2024-10-28,8,18121,,9470,8651,,,,,1,wi-wec,2026-09-06T15:28:56+00:00
2024,WI,55073,Marathon County,2024-10-30,6,22476,,10446,12030,,,,,1,wi-wec,2026-09-06T15:28:56+00:00
2024,WI,55073,Marathon County,2024-11-05,0,31117,,12234,18883,,,,,1,wi-wec,2026-09-06T15:28:56+00:00
2024,WI,55073,Marathon County,2024-11-06,-1,31369,,12484,18885,,,,,1,wi-wec,2026-09-06T15:28:56+00:00
2024,WI,55073,Marathon County,2024-11-07,-2,31412,,12527,18885,,,,,1,wi-wec,2026-09-06T15:28:56+00:00
2024,WI,55075,Marinette County,2024-10-02,34,739,,739,0,,,,,1,wi-wec,2026-09-06T15:28:56+00:00
2024,WI,55075,Marinette County,2024-10-03,33,830,,830,0,,,,,1,wi-wec,2026-09-06T15:28:56+00:00
2024,WI,55075,Marinette County,2024-10-04,32,897,,897,0,,,,,1,wi-wec,2026-09-06T15:28:56+00:00
2024,WI,55075,Marinette County,2024-10-05,31,1017,,1017,0,,,,,1,wi-wec,2026-09-06T15:28:56+00:00
2024,WI,55075,Marinette County,2024-10-06,30,1019,,1019,0,,,,,1,wi-wec,2026-09-06T15:28:56+00:00
2024,WI,55075,Marinette County,2024-10-07,29,1038,,1038,0,,,,,1,wi-wec,2026-09-06T15:28:56+00:00
2024,WI,55075,Marinette County,2024-10-08,28,1177,,1177,0,,,,,1,wi-wec,2026-09-06T15:28:56+00:00
2024,WI,55075,Marinette County,2024-10-10,26,1360,,1360,0,,,,,1,wi-wec,2026-09-06T15:28:56+00:00
2024,WI,55075,Marinette County,2024-10-11,25,1444,,1444,0,,,,,1,wi-wec,2026-09-06T15:28:56+00:00
2024,WI,55075,Marinette County,2024-10-12,24,1547,,1547,0,,,,,1,wi-wec,2026-09-06T15:28:56+00:00
2024,WI,55075,Marinette County,2024-10-13,23,1558,,1558,0,,,,,1,wi-wec,2026-09-06T15:28:56+00:00
2024,WI,55075,Marinette County,2024-10-14,22,1563,,1563,0,,,,,1,wi-wec,2026-09-06T15:28:56+00:00
2024,WI,55075,Marinette County,2024-10-15,21,1641,,1641,0,,,,,1,wi-wec,2026-09-06T15:28:56+00:00
2024,WI,55075,Marinette County,2024-10-16,20,1762,,1762,0,,,,,1,wi-wec,2026-09-06T15:28:56+00:00
2024,WI,55075,Marinette County,2024-10-17,19,1855,,1855,0,,,,,1,wi-wec,2026-09-06T15:28:56+00:00
2024,WI,55075,Marinette County,2024-10-18,18,1977,,1977,0,,,,,1,wi-wec,2026-09-06T15:28:56+00:00
2024,WI,55075,Marinette County,2024-10-19,17,2081,,2081,0,,,,,1,wi-wec,2026-09-06T15:28:56+00:00
2024,WI,55075,Marinette County,2024-10-20,16,2096,,2096,0,,,,,1,wi-wec,2026-09-06T15:28:56+00:00
2024,WI,55075,Marinette County,2024-10-21,15,2097,,2097,0,,,,,1,wi-wec,2026-09-06T15:28:56+00:00
2024,WI,55075,Marinette County,2024-10-22,14,2259,,2258,1,,,,,1,wi-wec,2026-09-06T15:28:56+00:00
2024,WI,55075,Marinette County,2024-10-23,13,3103,,2463,640,,,,,1,wi-wec,2026-09-06T15:28:56+00:00
2024,WI,55075,Marinette County,2024-10-24,12,3700,,2569,1131,,,,,1,wi-wec,2026-09-06T15:28:56+00:00
2024,WI,55075,Marinette County,2024-10-25,11,4281,,2685,1596,,,,,1,wi-wec,2026-09-06T15:28:56+00:00
2024,WI,55075,Marinette County,2024-10-28,8,4871,,2820,2051,,,,,1,wi-wec,2026-09-06T15:28:56+00:00
2024,WI,55075,Marinette County,2024-10-30,6,6199,,3131,3068,,,,,1,wi-wec,2026-09-06T15:28:56+00:00
2024,WI,55075,Marinette County,2024-11-05,0,8041,,3543,4498,,,,,1,wi-wec,2026-09-06T15:28:56+00:00
2024,WI,55075,Marinette County,2024-11-06,-1,8138,,3640,4498,,,,,1,wi-wec,2026-09-06T15:28:56+00:00
2024,WI,55075,Marinette County,2024-11-07,-2,8147,,3649,4498,,,,,1,wi-wec,2026-09-06T15:28:56+00:00
2024,WI,55077,Marquette County,2024-10-02,34,213,,213,0,,,,,1,wi-wec,2026-09-06T15:28:56+00:00
2024,WI,55077,Marquette County,2024-10-03,33,225,,225,0,,,,,1,wi-wec,2026-09-06T15:28:56+00:00
2024,WI,55077,Marquette County,2024-10-04,32,264,,264,0,,,,,1,wi-wec,2026-09-06T15:28:56+00:00
2024,WI,55077,Marquette County,2024-10-05,31,308,,308,0,,,,,1,wi-wec,2026-09-06T15:28:56+00:00
2024,WI,55077,Marquette County,2024-10-06,30,308,,308,0,,,,,1,wi-wec,2026-09-06T15:28:56+00:00
2024,WI,55077,Marquette County,2024-10-07,29,308,,308,0,,,,,1,wi-wec,2026-09-06T15:28:56+00:00
2024,WI,55077,Marquette County,2024-10-08,28,366,,366,0,,,,,1,wi-wec,2026-09-06T15:28:56+00:00
2024,WI,55077,Marquette County,2024-10-10,26,432,,432,0,,,,,1,wi-wec,2026-09-06T15:28:56+00:00
2024,WI,55077,Marquette County,2024-10-11,25,445,,445,0,,,,,1,wi-wec,2026-09-06T15:28:56+00:00
2024,WI,55077,Marquette County,2024-10-12,24,482,,482,0,,,,,1,wi-wec,2026-09-06T15:28:56+00:00
2024,WI,55077,Marquette County,2024-10-13,23,482,,482,0,,,,,1,wi-wec,2026-09-06T15:28:56+00:00
2024,WI,55077,Marquette County,2024-10-14,22,482,,482,0,,,,,1,wi-wec,2026-09-06T15:28:56+00:00
2024,WI,55077,Marquette County,2024-10-15,21,541,,541,0,,,,,1,wi-wec,2026-09-06T15:28:56+00:00
2024,WI,55077,Marquette County,2024-10-16,20,563,,563,0,,,,,1,wi-wec,2026-09-06T15:28:56+00:00
2024,WI,55077,Marquette County,2024-10-17,19,589,,589,0,,,,,1,wi-wec,2026-09-06T15:28:56+00:00
2024,WI,55077,Marquette County,2024-10-18,18,619,,619,0,,,,,1,wi-wec,2026-09-06T15:28:56+00:00
2024,WI,55077,Marquette County,2024-10-19,17,674,,674,0,,,,,1,wi-wec,2026-09-06T15:28:56+00:00
2024,WI,55077,Marquette County,2024-10-20,16,674,,674,0,,,,,1,wi-wec,2026-09-06T15:28:56+00:00
2024,WI,55077,Marquette County,2024-10-21,15,674,,674,0,,,,,1,wi-wec,2026-09-06T15:28:56+00:00
2024,WI,55077,Marquette County,2024-10-22,14,726,,726,0,,,,,1,wi-wec,2026-09-06T15:28:56+00:00
2024,WI,55077,Marquette County,2024-10-23,13,800,,769,31,,,,,1,wi-wec,2026-09-06T15:28:56+00:00
2024,WI,55077,Marquette County,2024-10-24,12,1026,,805,221,,,,,1,wi-wec,2026-09-06T15:28:56+00:00
2024,WI,55077,Marquette County,2024-10-25,11,1125,,841,284,,,,,1,wi-wec,2026-09-06T15:28:56+00:00
2024,WI,55077,Marquette County,2024-10-28,8,1281,,877,404,,,,,1,wi-wec,2026-09-06T15:28:56+00:00
2024,WI,55077,Marquette County,2024-10-30,6,1588,,953,635,,,,,1,wi-wec,2026-09-06T15:28:56+00:00
2024,WI,55077,Marquette County,2024-11-05,0,2260,,1140,1120,,,,,1,wi-wec,2026-09-06T15:28:56+00:00
2024,WI,55077,Marquette County,2024-11-06,-1,2273,,1148,1125,,,,,1,wi-wec,2026-09-06T15:28:56+00:00
2024,WI,55077,Marquette County,2024-11-07,-2,2276,,1151,1125,,,,,1,wi-wec,2026-09-06T15:28:56+00:00
2024,WI,55078,Menominee County,2024-10-02,34,17,,17,0,,,,,1,wi-wec,2026-09-06T15:28:56+00:00
2024,WI,55078,Menominee County,2024-10-03,33,23,,23,0,,,,,1,wi-wec,2026-09-06T15:28:56+00:00
2024,WI,55078,Menominee County,2024-10-04,32,27,,27,0,,,,,1,wi-wec,2026-09-06T15:28:56+00:00
2024,WI,55078,Menominee County,2024-10-05,31,30,,30,0,,,,,1,wi-wec,2026-09-06T15:28:56+00:00
2024,WI,55078,Menominee County,2024-10-06,30,30,,30,0,,,,,1,wi-wec,2026-09-06T15:28:56+00:00
2024,WI,55078,Menominee County,2024-10-07,29,30,,30,0,,,,,1,wi-wec,2026-09-06T15:28:56+00:00
2024,WI,55078,Menominee County,2024-10-08,28,30,,30,0,,,,,1,wi-wec,2026-09-06T15:28:56+00:00
2024,WI,55078,Menominee County,2024-10-10,26,31,,31,0,,,,,1,wi-wec,2026-09-06T15:28:56+00:00
2024,WI,55078,Menominee County,2024-10-11,25,34,,34,0,,,,,1,wi-wec,2026-09-06T15:28:56+00:00
2024,WI,55078,Menominee County,2024-10-12,24,37,,37,0,,,,,1,wi-wec,2026-09-06T15:28:56+00:00
2024,WI,55078,Menominee County,2024-10-13,23,37,,37,0,,,,,1,wi-wec,2026-09-06T15:28:56+00:00
2024,WI,55078,Menominee County,2024-10-14,22,37,,37,0,,,,,1,wi-wec,2026-09-06T15:28:56+00:00
2024,WI,55078,Menominee County,2024-10-15,21,37,,37,0,,,,,1,wi-wec,2026-09-06T15:28:56+00:00
2024,WI,55078,Menominee County,2024-10-16,20,37,,37,0,,,,,1,wi-wec,2026-09-06T15:28:56+00:00
2024,WI,55078,Menominee County,2024-10-17,19,43,,43,0,,,,,1,wi-wec,2026-09-06T15:28:56+00:00
2024,WI,55078,Menominee County,2024-10-18,18,46,,46,0,,,,,1,wi-wec,2026-09-06T15:28:56+00:00
2024,WI,55078,Menominee County,2024-10-19,17,53,,53,0,,,,,1,wi-wec,2026-09-06T15:28:56+00:00
2024,WI,55078,Menominee County,2024-10-20,16,53,,53,0,,,,,1,wi-wec,2026-09-06T15:28:56+00:00
2024,WI,55078,Menominee County,2024-10-21,15,53,,53,0,,,,,1,wi-wec,2026-09-06T15:28:56+00:00
2024,WI,55078,Menominee County,2024-10-22,14,64,,64,0,,,,,1,wi-wec,2026-09-06T15:28:56+00:00
2024,WI,55078,Menominee County,2024-10-23,13,108,,72,36,,,,,1,wi-wec,2026-09-06T15:28:56+00:00
2024,WI,55078,Menominee County,2024-10-24,12,143,,76,67,,,,,1,wi-wec,2026-09-06T15:28:56+00:00
2024,WI,55078,Menominee County,2024-10-25,11,177,,90,87,,,,,1,wi-wec,2026-09-06T15:28:56+00:00
2024,WI,55078,Menominee County,2024-10-28,8,217,,97,120,,,,,1,wi-wec,2026-09-06T15:28:56+00:00
2024,WI,55078,Menominee County,2024-10-30,6,278,,109,169,,,,,1,wi-wec,2026-09-06T15:28:56+00:00
2024,WI,55078,Menominee County,2024-11-05,0,435,,123,312,,,,,1,wi-wec,2026-09-06T15:28:56+00:00
2024,WI,55078,Menominee County,2024-11-06,-1,435,,123,312,,,,,1,wi-wec,2026-09-06T15:28:56+00:00
2024,WI,55078,Menominee County,2024-11-07,-2,435,,123,312,,,,,1,wi-wec,2026-09-06T15:28:56+00:00
2024,WI,55079,Milwaukee County,2024-10-02,34,14139,,14139,0,,,,,1,wi-wec,2026-09-06T15:28:56+00:00
2024,WI,55079,Milwaukee County,2024-10-03,33,17095,,17095,0,,,,,1,wi-wec,2026-09-06T15:28:56+00:00
2024,WI,55079,Milwaukee County,2024-10-04,32,19097,,19097,0,,,,,1,wi-wec,2026-09-06T15:28:56+00:00
2024,WI,55079,Milwaukee County,2024-10-05,31,19974,,19974,0,,,,,1,wi-wec,2026-09-06T15:28:56+00:00
2024,WI,55079,Milwaukee County,2024-10-06,30,19974,,19974,0,,,,,1,wi-wec,2026-09-06T15:28:56+00:00
2024,WI,55079,Milwaukee County,2024-10-07,29,19974,,19974,0,,,,,1,wi-wec,2026-09-06T15:28:56+00:00
2024,WI,55079,Milwaukee County,2024-10-08,28,22936,,22936,0,,,,,1,wi-wec,2026-09-06T15:28:56+00:00
2024,WI,55079,Milwaukee County,2024-10-10,26,28182,,28182,0,,,,,1,wi-wec,2026-09-06T15:28:56+00:00
2024,WI,55079,Milwaukee County,2024-10-11,25,29323,,29323,0,,,,,1,wi-wec,2026-09-06T15:28:56+00:00
2024,WI,55079,Milwaukee County,2024-10-12,24,31991,,31991,0,,,,,1,wi-wec,2026-09-06T15:28:56+00:00
2024,WI,55079,Milwaukee County,2024-10-13,23,31991,,31991,0,,,,,1,wi-wec,2026-09-06T15:28:56+00:00
2024,WI,55079,Milwaukee County,2024-10-14,22,31995,,31995,0,,,,,1,wi-wec,2026-09-06T15:28:56+00:00
2024,WI,55079,Milwaukee County,2024-10-15,21,34074,,34074,0,,,,,1,wi-wec,2026-09-06T15:28:56+00:00
2024,WI,55079,Milwaukee County,2024-10-16,20,38020,,38020,0,,,,,1,wi-wec,2026-09-06T15:28:56+00:00
2024,WI,55079,Milwaukee County,2024-10-17,19,40528,,40528,0,,,,,1,wi-wec,2026-09-06T15:28:56+00:00
2024,WI,55079,Milwaukee County,2024-10-18,18,44395,,44395,0,,,,,1,wi-wec,2026-09-06T15:28:56+00:00
2024,WI,55079,Milwaukee County,2024-10-19,17,47074,,47074,0,,,,,1,wi-wec,2026-09-06T15:28:56+00:00
2024,WI,55079,Milwaukee County,2024-10-20,16,47581,,47581,0,,,,,1,wi-wec,2026-09-06T15:28:56+00:00
2024,WI,55079,Milwaukee County,2024-10-21,15,47804,,47804,0,,,,,1,wi-wec,2026-09-06T15:28:56+00:00
2024,WI,55079,Milwaukee County,2024-10-22,14,52294,,52294,0,,,,,1,wi-wec,2026-09-06T15:28:56+00:00
2024,WI,55079,Milwaukee County,2024-10-23,13,66776,,54494,12282,,,,,1,wi-wec,2026-09-06T15:28:56+00:00
2024,WI,55079,Milwaukee County,2024-10-24,12,82402,,57953,24449,,,,,1,wi-wec,2026-09-06T15:28:56+00:00
2024,WI,55079,Milwaukee County,2024-10-25,11,98826,,61352,37474,,,,,1,wi-wec,2026-09-06T15:28:56+00:00
2024,WI,55079,Milwaukee County,2024-10-28,8,125947,,65343,60604,,,,,1,wi-wec,2026-09-06T15:28:56+00:00
2024,WI,55079,Milwaukee County,2024-10-30,6,162517,,72557,89960,,,,,1,wi-wec,2026-09-06T15:28:56+00:00
2024,WI,55079,Milwaukee County,2024-11-05,0,233410,,86583,146827,,,,,1,wi-wec,2026-09-06T15:28:56+00:00
2024,WI,55079,Milwaukee County,2024-11-06,-1,236565,,89735,146830,,,,,1,wi-wec,2026-09-06T15:28:56+00:00
2024,WI,55079,Milwaukee County,2024-11-07,-2,236658,,89828,146830,,,,,1,wi-wec,2026-09-06T15:28:56+00:00
2024,WI,55081,Monroe County,2024-10-02,34,493,,493,0,,,,,1,wi-wec,2026-09-06T15:28:56+00:00
2024,WI,55081,Monroe County,2024-10-03,33,554,,554,0,,,,,1,wi-wec,2026-09-06T15:28:56+00:00
2024,WI,55081,Monroe County,2024-10-04,32,602,,602,0,,,,,1,wi-wec,2026-09-06T15:28:56+00:00
2024,WI,55081,Monroe County,2024-10-05,31,676,,676,0,,,,,1,wi-wec,2026-09-06T15:28:56+00:00
2024,WI,55081,Monroe County,2024-10-06,30,685,,685,0,,,,,1,wi-wec,2026-09-06T15:28:56+00:00
2024,WI,55081,Monroe County,2024-10-07,29,685,,685,0,,,,,1,wi-wec,2026-09-06T15:28:56+00:00
2024,WI,55081,Monroe County,2024-10-08,28,799,,799,0,,,,,1,wi-wec,2026-09-06T15:28:56+00:00
2024,WI,55081,Monroe County,2024-10-10,26,898,,898,0,,,,,1,wi-wec,2026-09-06T15:28:56+00:00
2024,WI,55081,Monroe County,2024-10-11,25,973,,973,0,,,,,1,wi-wec,2026-09-06T15:28:56+00:00
2024,WI,55081,Monroe County,2024-10-12,24,1021,,1021,0,,,,,1,wi-wec,2026-09-06T15:28:56+00:00
2024,WI,55081,Monroe County,2024-10-13,23,1034,,1034,0,,,,,1,wi-wec,2026-09-06T15:28:56+00:00
2024,WI,55081,Monroe County,2024-10-14,22,1037,,1037,0,,,,,1,wi-wec,2026-09-06T15:28:56+00:00
2024,WI,55081,Monroe County,2024-10-15,21,1105,,1105,0,,,,,1,wi-wec,2026-09-06T15:28:56+00:00
2024,WI,55081,Monroe County,2024-10-16,20,1256,,1256,0,,,,,1,wi-wec,2026-09-06T15:28:56+00:00
2024,WI,55081,Monroe County,2024-10-17,19,1298,,1298,0,,,,,1,wi-wec,2026-09-06T15:28:56+00:00
2024,WI,55081,Monroe County,2024-10-18,18,1436,,1436,0,,,,,1,wi-wec,2026-09-06T15:28:56+00:00
2024,WI,55081,Monroe County,2024-10-19,17,1483,,1483,0,,,,,1,wi-wec,2026-09-06T15:28:56+00:00
2024,WI,55081,Monroe County,2024-10-20,16,1483,,1483,0,,,,,1,wi-wec,2026-09-06T15:28:56+00:00
2024,WI,55081,Monroe County,2024-10-21,15,1493,,1493,0,,,,,1,wi-wec,2026-09-06T15:28:56+00:00
2024,WI,55081,Monroe County,2024-10-22,14,1671,,1671,0,,,,,1,wi-wec,2026-09-06T15:28:56+00:00
2024,WI,55081,Monroe County,2024-10-23,13,2209,,1784,425,,,,,1,wi-wec,2026-09-06T15:28:56+00:00
2024,WI,55081,Monroe County,2024-10-24,12,2570,,1891,679,,,,,1,wi-wec,2026-09-06T15:28:56+00:00
2024,WI,55081,Monroe County,2024-10-25,11,3088,,2015,1073,,,,,1,wi-wec,2026-09-06T15:28:56+00:00
2024,WI,55081,Monroe County,2024-10-28,8,3517,,2104,1413,,,,,1,wi-wec,2026-09-06T15:28:56+00:00
2024,WI,55081,Monroe County,2024-10-30,6,4894,,2363,2531,,,,,1,wi-wec,2026-09-06T15:28:56+00:00
2024,WI,55081,Monroe County,2024-11-05,0,6607,,2735,3872,,,,,1,wi-wec,2026-09-06T15:28:56+00:00
2024,WI,55081,Monroe County,2024-11-06,-1,6746,,2797,3949,,,,,1,wi-wec,2026-09-06T15:28:56+00:00
2024,WI,55081,Monroe County,2024-11-07,-2,6768,,2817,3951,,,,,1,wi-wec,2026-09-06T15:28:56+00:00
2024,WI,55083,Oconto County,2024-10-02,34,516,,516,0,,,,,1,wi-wec,2026-09-06T15:28:56+00:00
2024,WI,55083,Oconto County,2024-10-03,33,601,,601,0,,,,,1,wi-wec,2026-09-06T15:28:56+00:00
2024,WI,55083,Oconto County,2024-10-04,32,694,,694,0,,,,,1,wi-wec,2026-09-06T15:28:56+00:00
2024,WI,55083,Oconto County,2024-10-05,31,755,,755,0,,,,,1,wi-wec,2026-09-06T15:28:56+00:00
2024,WI,55083,Oconto County,2024-10-06,30,760,,760,0,,,,,1,wi-wec,2026-09-06T15:28:56+00:00
2024,WI,55083,Oconto County,2024-10-07,29,760,,760,0,,,,,1,wi-wec,2026-09-06T15:28:56+00:00
2024,WI,55083,Oconto County,2024-10-08,28,922,,922,0,,,,,1,wi-wec,2026-09-06T15:28:56+00:00
2024,WI,55083,Oconto County,2024-10-10,26,1126,,1126,0,,,,,1,wi-wec,2026-09-06T15:28:56+00:00
2024,WI,55083,Oconto County,2024-10-11,25,1153,,1153,0,,,,,1,wi-wec,2026-09-06T15:28:56+00:00
2024,WI,55083,Oconto County,2024-10-12,24,1268,,1268,0,,,,,1,wi-wec,2026-09-06T15:28:56+00:00
2024,WI,55083,Oconto County,2024-10-13,23,1269,,1269,0,,,,,1,wi-wec,2026-09-06T15:28:56+00:00
2024,WI,55083,Oconto County,2024-10-14,22,1281,,1281,0,,,,,1,wi-wec,2026-09-06T15:28:56+00:00
2024,WI,55083,Oconto County,2024-10-15,21,1390,,1390,0,,,,,1,wi-wec,2026-09-06T15:28:56+00:00
2024,WI,55083,Oconto County,2024-10-16,20,1465,,1465,0,,,,,1,wi-wec,2026-09-06T15:28:56+00:00
2024,WI,55083,Oconto County,2024-10-17,19,1632,,1632,0,,,,,1,wi-wec,2026-09-06T15:28:56+00:00
2024,WI,55083,Oconto County,2024-10-18,18,1715,,1715,0,,,,,1,wi-wec,2026-09-06T15:28:56+00:00
2024,WI,55083,Oconto County,2024-10-19,17,1808,,1808,0,,,,,1,wi-wec,2026-09-06T15:28:56+00:00
2024,WI,55083,Oconto County,2024-10-20,16,1826,,1826,0,,,,,1,wi-wec,2026-09-06T15:28:56+00:00
2024,WI,55083,Oconto County,2024-10-21,15,1828,,1828,0,,,,,1,wi-wec,2026-09-06T15:28:56+00:00
2024,WI,55083,Oconto County,2024-10-22,14,2098,,2098,0,,,,,1,wi-wec,2026-09-06T15:28:56+00:00
2024,WI,55083,Oconto County,2024-10-23,13,2670,,2234,436,,,,,1,wi-wec,2026-09-06T15:28:56+00:00
2024,WI,55083,Oconto County,2024-10-24,12,3155,,2318,837,,,,,1,wi-wec,2026-09-06T15:28:56+00:00
2024,WI,55083,Oconto County,2024-10-25,11,3614,,2458,1156,,,,,1,wi-wec,2026-09-06T15:28:56+00:00
2024,WI,55083,Oconto County,2024-10-28,8,4060,,2634,1426,,,,,1,wi-wec,2026-09-06T15:28:56+00:00
2024,WI,55083,Oconto County,2024-10-30,6,5452,,3047,2405,,,,,1,wi-wec,2026-09-06T15:28:56+00:00
2024,WI,55083,Oconto County,2024-11-05,0,7622,,3583,4039,,,,,1,wi-wec,2026-09-06T15:28:56+00:00
2024,WI,55083,Oconto County,2024-11-06,-1,7687,,3643,4044,,,,,1,wi-wec,2026-09-06T15:28:56+00:00
2024,WI,55083,Oconto County,2024-11-07,-2,7691,,3647,4044,,,,,1,wi-wec,2026-09-06T15:28:56+00:00
2024,WI,55085,Oneida County,2024-10-02,34,634,,634,0,,,,,1,wi-wec,2026-09-06T15:28:56+00:00
2024,WI,55085,Oneida County,2024-10-03,33,747,,747,0,,,,,1,wi-wec,2026-09-06T15:28:56+00:00
2024,WI,55085,Oneida County,2024-10-04,32,985,,985,0,,,,,1,wi-wec,2026-09-06T15:28:56+00:00
2024,WI,55085,Oneida County,2024-10-05,31,1048,,1048,0,,,,,1,wi-wec,2026-09-06T15:28:56+00:00
2024,WI,55085,Oneida County,2024-10-06,30,1057,,1057,0,,,,,1,wi-wec,2026-09-06T15:28:56+00:00
2024,WI,55085,Oneida County,2024-10-07,29,1057,,1057,0,,,,,1,wi-wec,2026-09-06T15:28:56+00:00
2024,WI,55085,Oneida County,2024-10-08,28,1260,,1260,0,,,,,1,wi-wec,2026-09-06T15:28:56+00:00
2024,WI,55085,Oneida County,2024-10-10,26,1519,,1519,0,,,,,1,wi-wec,2026-09-06T15:28:56+00:00
2024,WI,55085,Oneida County,2024-10-11,25,1542,,1542,0,,,,,1,wi-wec,2026-09-06T15:28:56+00:00
2024,WI,55085,Oneida County,2024-10-12,24,1644,,1644,0,,,,,1,wi-wec,2026-09-06T15:28:56+00:00
2024,WI,55085,Oneida County,2024-10-13,23,1646,,1646,0,,,,,1,wi-wec,2026-09-06T15:28:56+00:00
2024,WI,55085,Oneida County,2024-10-14,22,1646,,1646,0,,,,,1,wi-wec,2026-09-06T15:28:56+00:00
2024,WI,55085,Oneida County,2024-10-15,21,1850,,1850,0,,,,,1,wi-wec,2026-09-06T15:28:56+00:00
2024,WI,55085,Oneida County,2024-10-16,20,1969,,1969,0,,,,,1,wi-wec,2026-09-06T15:28:56+00:00
2024,WI,55085,Oneida County,2024-10-17,19,2186,,2186,0,,,,,1,wi-wec,2026-09-06T15:28:56+00:00
2024,WI,55085,Oneida County,2024-10-18,18,2333,,2333,0,,,,,1,wi-wec,2026-09-06T15:28:56+00:00
2024,WI,55085,Oneida County,2024-10-19,17,2393,,2393,0,,,,,1,wi-wec,2026-09-06T15:28:56+00:00
2024,WI,55085,Oneida County,2024-10-20,16,2417,,2417,0,,,,,1,wi-wec,2026-09-06T15:28:56+00:00
2024,WI,55085,Oneida County,2024-10-21,15,2417,,2417,0,,,,,1,wi-wec,2026-09-06T15:28:56+00:00
2024,WI,55085,Oneida County,2024-10-22,14,2646,,2646,0,,,,,1,wi-wec,2026-09-06T15:28:56+00:00
2024,WI,55085,Oneida County,2024-10-23,13,3179,,2832,347,,,,,1,wi-wec,2026-09-06T15:28:56+00:00
2024,WI,55085,Oneida County,2024-10-24,12,3775,,3003,772,,,,,1,wi-wec,2026-09-06T15:28:56+00:00
2024,WI,55085,Oneida County,2024-10-25,11,4305,,3179,1126,,,,,1,wi-wec,2026-09-06T15:28:56+00:00
2024,WI,55085,Oneida County,2024-10-28,8,4936,,3353,1583,,,,,1,wi-wec,2026-09-06T15:28:56+00:00
2024,WI,55085,Oneida County,2024-10-30,6,5877,,3650,2227,,,,,1,wi-wec,2026-09-06T15:28:56+00:00
2024,WI,55085,Oneida County,2024-11-05,0,7655,,4170,3485,,,,,1,wi-wec,2026-09-06T15:28:56+00:00
2024,WI,55085,Oneida County,2024-11-06,-1,7766,,4270,3496,,,,,1,wi-wec,2026-09-06T15:28:56+00:00
2024,WI,55085,Oneida County,2024-11-07,-2,7767,,4271,3496,,,,,1,wi-wec,2026-09-06T15:28:56+00:00
2024,WI,55087,Outagamie County,2024-10-02,34,3381,,3381,0,,,,,1,wi-wec,2026-09-06T15:28:56+00:00
2024,WI,55087,Outagamie County,2024-10-03,33,4163,,4163,0,,,,,1,wi-wec,2026-09-06T15:28:56+00:00
2024,WI,55087,Outagamie County,2024-10-04,32,4601,,4601,0,,,,,1,wi-wec,2026-09-06T15:28:56+00:00
2024,WI,55087,Outagamie County,2024-10-05,31,4890,,4890,0,,,,,1,wi-wec,2026-09-06T15:28:56+00:00
2024,WI,55087,Outagamie County,2024-10-06,30,4901,,4901,0,,,,,1,wi-wec,2026-09-06T15:28:56+00:00
2024,WI,55087,Outagamie County,2024-10-07,29,4931,,4931,0,,,,,1,wi-wec,2026-09-06T15:28:56+00:00
2024,WI,55087,Outagamie County,2024-10-08,28,5913,,5913,0,,,,,1,wi-wec,2026-09-06T15:28:56+00:00
2024,WI,55087,Outagamie County,2024-10-10,26,6900,,6900,0,,,,,1,wi-wec,2026-09-06T15:28:56+00:00
2024,WI,55087,Outagamie County,2024-10-11,25,7383,,7383,0,,,,,1,wi-wec,2026-09-06T15:28:56+00:00
2024,WI,55087,Outagamie County,2024-10-12,24,7759,,7759,0,,,,,1,wi-wec,2026-09-06T15:28:56+00:00
2024,WI,55087,Outagamie County,2024-10-13,23,7792,,7792,0,,,,,1,wi-wec,2026-09-06T15:28:56+00:00
2024,WI,55087,Outagamie County,2024-10-14,22,7900,,7900,0,,,,,1,wi-wec,2026-09-06T15:28:56+00:00
2024,WI,55087,Outagamie County,2024-10-15,21,8310,,8310,0,,,,,1,wi-wec,2026-09-06T15:28:56+00:00
2024,WI,55087,Outagamie County,2024-10-16,20,8950,,8950,0,,,,,1,wi-wec,2026-09-06T15:28:56+00:00
2024,WI,55087,Outagamie County,2024-10-17,19,9792,,9792,0,,,,,1,wi-wec,2026-09-06T15:28:56+00:00
2024,WI,55087,Outagamie County,2024-10-18,18,10309,,10309,0,,,,,1,wi-wec,2026-09-06T15:28:56+00:00
2024,WI,55087,Outagamie County,2024-10-19,17,11103,,11103,0,,,,,1,wi-wec,2026-09-06T15:28:56+00:00
2024,WI,55087,Outagamie County,2024-10-20,16,11165,,11165,0,,,,,1,wi-wec,2026-09-06T15:28:56+00:00
2024,WI,55087,Outagamie County,2024-10-21,15,11199,,11199,0,,,,,1,wi-wec,2026-09-06T15:28:56+00:00
2024,WI,55087,Outagamie County,2024-10-22,14,12378,,12304,74,,,,,1,wi-wec,2026-09-06T15:28:56+00:00
2024,WI,55087,Outagamie County,2024-10-23,13,17143,,13316,3827,,,,,1,wi-wec,2026-09-06T15:28:56+00:00
2024,WI,55087,Outagamie County,2024-10-24,12,21398,,13973,7425,,,,,1,wi-wec,2026-09-06T15:28:56+00:00
2024,WI,55087,Outagamie County,2024-10-25,11,26571,,14905,11666,,,,,1,wi-wec,2026-09-06T15:28:56+00:00
2024,WI,55087,Outagamie County,2024-10-28,8,30817,,15665,15152,,,,,1,wi-wec,2026-09-06T15:28:56+00:00
2024,WI,55087,Outagamie County,2024-10-30,6,40744,,17672,23072,,,,,1,wi-wec,2026-09-06T15:28:56+00:00
2024,WI,55087,Outagamie County,2024-11-05,0,56313,,20785,35528,,,,,1,wi-wec,2026-09-06T15:28:56+00:00
2024,WI,55087,Outagamie County,2024-11-06,-1,56947,,21417,35530,,,,,1,wi-wec,2026-09-06T15:28:56+00:00
2024,WI,55087,Outagamie County,2024-11-07,-2,56954,,21424,35530,,,,,1,wi-wec,2026-09-06T15:28:56+00:00
2024,WI,55089,Ozaukee County,2024-10-02,34,2018,,2018,0,,,,,1,wi-wec,2026-09-06T15:28:56+00:00
2024,WI,55089,Ozaukee County,2024-10-03,33,2343,,2343,0,,,,,1,wi-wec,2026-09-06T15:28:56+00:00
2024,WI,55089,Ozaukee County,2024-10-04,32,2616,,2616,0,,,,,1,wi-wec,2026-09-06T15:28:56+00:00
2024,WI,55089,Ozaukee County,2024-10-05,31,2846,,2846,0,,,,,1,wi-wec,2026-09-06T15:28:56+00:00
2024,WI,55089,Ozaukee County,2024-10-06,30,2846,,2846,0,,,,,1,wi-wec,2026-09-06T15:28:56+00:00
2024,WI,55089,Ozaukee County,2024-10-07,29,2846,,2846,0,,,,,1,wi-wec,2026-09-06T15:28:56+00:00
2024,WI,55089,Ozaukee County,2024-10-08,28,3467,,3467,0,,,,,1,wi-wec,2026-09-06T15:28:56+00:00
2024,WI,55089,Ozaukee County,2024-10-10,26,4068,,4068,0,,,,,1,wi-wec,2026-09-06T15:28:56+00:00
2024,WI,55089,Ozaukee County,2024-10-11,25,4324,,4324,0,,,,,1,wi-wec,2026-09-06T15:28:56+00:00
2024,WI,55089,Ozaukee County,2024-10-12,24,4546,,4546,0,,,,,1,wi-wec,2026-09-06T15:28:56+00:00
2024,WI,55089,Ozaukee County,2024-10-13,23,4550,,4550,0,,,,,1,wi-wec,2026-09-06T15:28:56+00:00
2024,WI,55089,Ozaukee County,2024-10-14,22,4551,,4551,0,,,,,1,wi-wec,2026-09-06T15:28:56+00:00
2024,WI,55089,Ozaukee County,2024-10-15,21,4883,,4883,0,,,,,1,wi-wec,2026-09-06T15:28:56+00:00
2024,WI,55089,Ozaukee County,2024-10-16,20,5561,,5561,0,,,,,1,wi-wec,2026-09-06T15:28:56+00:00
2024,WI,55089,Ozaukee County,2024-10-17,19,5836,,5836,0,,,,,1,wi-wec,2026-09-06T15:28:56+00:00
2024,WI,55089,Ozaukee County,2024-10-18,18,6361,,6361,0,,,,,1,wi-wec,2026-09-06T15:28:56+00:00
2024,WI,55089,Ozaukee County,2024-10-19,17,6842,,6842,0,,,,,1,wi-wec,2026-09-06T15:28:56+00:00
2024,WI,55089,Ozaukee County,2024-10-20,16,6849,,6849,0,,,,,1,wi-wec,2026-09-06T15:28:56+00:00
2024,WI,55089,Ozaukee County,2024-10-21,15,6849,,6849,0,,,,,1,wi-wec,2026-09-06T15:28:56+00:00
2024,WI,55089,Ozaukee County,2024-10-22,14,7591,,7590,1,,,,,1,wi-wec,2026-09-06T15:28:56+00:00
2024,WI,55089,Ozaukee County,2024-10-23,13,11049,,7826,3223,,,,,1,wi-wec,2026-09-06T15:28:56+00:00
2024,WI,55089,Ozaukee County,2024-10-24,12,14266,,8201,6065,,,,,1,wi-wec,2026-09-06T15:28:56+00:00
2024,WI,55089,Ozaukee County,2024-10-25,11,17964,,8634,9330,,,,,1,wi-wec,2026-09-06T15:28:56+00:00
2024,WI,55089,Ozaukee County,2024-10-28,8,21662,,9062,12600,,,,,1,wi-wec,2026-09-06T15:28:56+00:00
2024,WI,55089,Ozaukee County,2024-10-30,6,28184,,10213,17971,,,,,1,wi-wec,2026-09-06T15:28:56+00:00
2024,WI,55089,Ozaukee County,2024-11-05,0,38790,,12093,26697,,,,,1,wi-wec,2026-09-06T15:28:56+00:00
2024,WI,55089,Ozaukee County,2024-11-06,-1,39057,,12361,26696,,,,,1,wi-wec,2026-09-06T15:28:56+00:00
2024,WI,55089,Ozaukee County,2024-11-07,-2,39081,,12385,26696,,,,,1,wi-wec,2026-09-06T15:28:56+00:00
2024,WI,55091,Pepin County,2024-10-02,34,66,,66,0,,,,,1,wi-wec,2026-09-06T15:28:56+00:00
2024,WI,55091,Pepin County,2024-10-03,33,77,,77,0,,,,,1,wi-wec,2026-09-06T15:28:56+00:00
2024,WI,55091,Pepin County,2024-10-04,32,92,,92,0,,,,,1,wi-wec,2026-09-06T15:28:56+00:00
2024,WI,55091,Pepin County,2024-10-05,31,102,,102,0,,,,,1,wi-wec,2026-09-06T15:28:56+00:00
2024,WI,55091,Pepin County,2024-10-06,30,102,,102,0,,,,,1,wi-wec,2026-09-06T15:28:56+00:00
2024,WI,55091,Pepin County,2024-10-07,29,102,,102,0,,,,,1,wi-wec,2026-09-06T15:28:56+00:00
2024,WI,55091,Pepin County,2024-10-08,28,121,,121,0,,,,,1,wi-wec,2026-09-06T15:28:56+00:00
2024,WI,55091,Pepin County,2024-10-10,26,138,,138,0,,,,,1,wi-wec,2026-09-06T15:28:56+00:00
2024,WI,55091,Pepin County,2024-10-11,25,155,,155,0,,,,,1,wi-wec,2026-09-06T15:28:56+00:00
2024,WI,55091,Pepin County,2024-10-12,24,165,,165,0,,,,,1,wi-wec,2026-09-06T15:28:56+00:00
2024,WI,55091,Pepin County,2024-10-13,23,165,,165,0,,,,,1,wi-wec,2026-09-06T15:28:56+00:00
2024,WI,55091,Pepin County,2024-10-14,22,165,,165,0,,,,,1,wi-wec,2026-09-06T15:28:56+00:00
2024,WI,55091,Pepin County,2024-10-15,21,174,,174,0,,,,,1,wi-wec,2026-09-06T15:28:56+00:00
2024,WI,55091,Pepin County,2024-10-16,20,180,,180,0,,,,,1,wi-wec,2026-09-06T15:28:56+00:00
2024,WI,55091,Pepin County,2024-10-17,19,186,,186,0,,,,,1,wi-wec,2026-09-06T15:28:56+00:00
2024,WI,55091,Pepin County,2024-10-18,18,198,,198,0,,,,,1,wi-wec,2026-09-06T15:28:56+00:00
2024,WI,55091,Pepin County,2024-10-19,17,219,,219,0,,,,,1,wi-wec,2026-09-06T15:28:56+00:00
2024,WI,55091,Pepin County,2024-10-20,16,219,,219,0,,,,,1,wi-wec,2026-09-06T15:28:56+00:00
2024,WI,55091,Pepin County,2024-10-21,15,219,,219,0,,,,,1,wi-wec,2026-09-06T15:28:56+00:00
2024,WI,55091,Pepin County,2024-10-22,14,253,,253,0,,,,,1,wi-wec,2026-09-06T15:28:56+00:00
2024,WI,55091,Pepin County,2024-10-23,13,271,,257,14,,,,,1,wi-wec,2026-09-06T15:28:56+00:00
2024,WI,55091,Pepin County,2024-10-24,12,325,,280,45,,,,,1,wi-wec,2026-09-06T15:28:56+00:00
2024,WI,55091,Pepin County,2024-10-25,11,341,,289,52,,,,,1,wi-wec,2026-09-06T15:28:56+00:00
2024,WI,55091,Pepin County,2024-10-28,8,401,,314,87,,,,,1,wi-wec,2026-09-06T15:28:56+00:00
2024,WI,55091,Pepin County,2024-10-30,6,508,,353,155,,,,,1,wi-wec,2026-09-06T15:28:56+00:00
2024,WI,55091,Pepin County,2024-11-05,0,688,,423,265,,,,,1,wi-wec,2026-09-06T15:28:56+00:00
2024,WI,55091,Pepin County,2024-11-06,-1,700,,435,265,,,,,1,wi-wec,2026-09-06T15:28:56+00:00
2024,WI,55091,Pepin County,2024-11-07,-2,700,,435,265,,,,,1,wi-wec,2026-09-06T15:28:56+00:00
2024,WI,55093,Pierce County,2024-10-02,34,603,,603,0,,,,,1,wi-wec,2026-09-06T15:28:56+00:00
2024,WI,55093,Pierce County,2024-10-03,33,705,,705,0,,,,,1,wi-wec,2026-09-06T15:28:56+00:00
2024,WI,55093,Pierce County,2024-10-04,32,784,,784,0,,,,,1,wi-wec,2026-09-06T15:28:56+00:00
2024,WI,55093,Pierce County,2024-10-05,31,879,,879,0,,,,,1,wi-wec,2026-09-06T15:28:56+00:00
2024,WI,55093,Pierce County,2024-10-06,30,879,,879,0,,,,,1,wi-wec,2026-09-06T15:28:56+00:00
2024,WI,55093,Pierce County,2024-10-07,29,879,,879,0,,,,,1,wi-wec,2026-09-06T15:28:56+00:00
2024,WI,55093,Pierce County,2024-10-08,28,1051,,1051,0,,,,,1,wi-wec,2026-09-06T15:28:56+00:00
2024,WI,55093,Pierce County,2024-10-10,26,1186,,1186,0,,,,,1,wi-wec,2026-09-06T15:28:56+00:00
2024,WI,55093,Pierce County,2024-10-11,25,1275,,1275,0,,,,,1,wi-wec,2026-09-06T15:28:56+00:00
2024,WI,55093,Pierce County,2024-10-12,24,1378,,1378,0,,,,,1,wi-wec,2026-09-06T15:28:56+00:00
2024,WI,55093,Pierce County,2024-10-13,23,1378,,1378,0,,,,,1,wi-wec,2026-09-06T15:28:56+00:00
2024,WI,55093,Pierce County,2024-10-14,22,1381,,1381,0,,,,,1,wi-wec,2026-09-06T15:28:56+00:00
2024,WI,55093,Pierce County,2024-10-15,21,1517,,1517,0,,,,,1,wi-wec,2026-09-06T15:28:56+00:00
2024,WI,55093,Pierce County,2024-10-16,20,1618,,1618,0,,,,,1,wi-wec,2026-09-06T15:28:56+00:00
2024,WI,55093,Pierce County,2024-10-17,19,1734,,1734,0,,,,,1,wi-wec,2026-09-06T15:28:56+00:00
2024,WI,55093,Pierce County,2024-10-18,18,1834,,1834,0,,,,,1,wi-wec,2026-09-06T15:28:56+00:00
2024,WI,55093,Pierce County,2024-10-19,17,1914,,1914,0,,,,,1,wi-wec,2026-09-06T15:28:56+00:00
2024,WI,55093,Pierce County,2024-10-20,16,1914,,1914,0,,,,,1,wi-wec,2026-09-06T15:28:56+00:00
2024,WI,55093,Pierce County,2024-10-21,15,1914,,1914,0,,,,,1,wi-wec,2026-09-06T15:28:56+00:00
2024,WI,55093,Pierce County,2024-10-22,14,2159,,2159,0,,,,,1,wi-wec,2026-09-06T15:28:56+00:00
2024,WI,55093,Pierce County,2024-10-23,13,2655,,2270,385,,,,,1,wi-wec,2026-09-06T15:28:56+00:00
2024,WI,55093,Pierce County,2024-10-24,12,3243,,2372,871,,,,,1,wi-wec,2026-09-06T15:28:56+00:00
2024,WI,55093,Pierce County,2024-10-25,11,3877,,2527,1350,,,,,1,wi-wec,2026-09-06T15:28:56+00:00
2024,WI,55093,Pierce County,2024-10-28,8,4458,,2654,1804,,,,,1,wi-wec,2026-09-06T15:28:56+00:00
2024,WI,55093,Pierce County,2024-10-30,6,5622,,2962,2660,,,,,1,wi-wec,2026-09-06T15:28:56+00:00
2024,WI,55093,Pierce County,2024-11-05,0,7886,,3531,4355,,,,,1,wi-wec,2026-09-06T15:28:56+00:00
2024,WI,55093,Pierce County,2024-11-06,-1,7990,,3624,4366,,,,,1,wi-wec,2026-09-06T15:28:56+00:00
2024,WI,55093,Pierce County,2024-11-07,-2,7994,,3628,4366,,,,,1,wi-wec,2026-09-06T15:28:56+00:00
2024,WI,55095,Polk County,2024-10-02,34,549,,549,0,,,,,1,wi-wec,2026-09-06T15:28:56+00:00
2024,WI,55095,Polk County,2024-10-03,33,628,,628,0,,,,,1,wi-wec,2026-09-06T15:28:56+00:00
2024,WI,55095,Polk County,2024-10-04,32,700,,700,0,,,,,1,wi-wec,2026-09-06T15:28:56+00:00
2024,WI,55095,Polk County,2024-10-05,31,773,,773,0,,,,,1,wi-wec,2026-09-06T15:28:56+00:00
2024,WI,55095,Polk County,2024-10-06,30,800,,800,0,,,,,1,wi-wec,2026-09-06T15:28:56+00:00
2024,WI,55095,Polk County,2024-10-07,29,814,,814,0,,,,,1,wi-wec,2026-09-06T15:28:56+00:00
2024,WI,55095,Polk County,2024-10-08,28,897,,897,0,,,,,1,wi-wec,2026-09-06T15:28:56+00:00
2024,WI,55095,Polk County,2024-10-10,26,1127,,1127,0,,,,,1,wi-wec,2026-09-06T15:28:56+00:00
2024,WI,55095,Polk County,2024-10-11,25,1187,,1187,0,,,,,1,wi-wec,2026-09-06T15:28:56+00:00
2024,WI,55095,Polk County,2024-10-12,24,1255,,1255,0,,,,,1,wi-wec,2026-09-06T15:28:56+00:00
2024,WI,55095,Polk County,2024-10-13,23,1263,,1263,0,,,,,1,wi-wec,2026-09-06T15:28:56+00:00
2024,WI,55095,Polk County,2024-10-14,22,1281,,1281,0,,,,,1,wi-wec,2026-09-06T15:28:56+00:00
2024,WI,55095,Polk County,2024-10-15,21,1388,,1388,0,,,,,1,wi-wec,2026-09-06T15:28:56+00:00
2024,WI,55095,Polk County,2024-10-16,20,1514,,1514,0,,,,,1,wi-wec,2026-09-06T15:28:56+00:00
2024,WI,55095,Polk County,2024-10-17,19,1611,,1611,0,,,,,1,wi-wec,2026-09-06T15:28:56+00:00
2024,WI,55095,Polk County,2024-10-18,18,1705,,1705,0,,,,,1,wi-wec,2026-09-06T15:28:56+00:00
2024,WI,55095,Polk County,2024-10-19,17,1774,,1774,0,,,,,1,wi-wec,2026-09-06T15:28:56+00:00
2024,WI,55095,Polk County,2024-10-20,16,1796,,1796,0,,,,,1,wi-wec,2026-09-06T15:28:56+00:00
2024,WI,55095,Polk County,2024-10-21,15,1817,,1817,0,,,,,1,wi-wec,2026-09-06T15:28:56+00:00
2024,WI,55095,Polk County,2024-10-22,14,1974,,1973,1,,,,,1,wi-wec,2026-09-06T15:28:56+00:00
2024,WI,55095,Polk County,2024-10-23,13,2723,,2266,457,,,,,1,wi-wec,2026-09-06T15:28:56+00:00
2024,WI,55095,Polk County,2024-10-24,12,3261,,2548,713,,,,,1,wi-wec,2026-09-06T15:28:56+00:00
2024,WI,55095,Polk County,2024-10-25,11,3678,,2782,896,,,,,1,wi-wec,2026-09-06T15:28:56+00:00
2024,WI,55095,Polk County,2024-10-28,8,4189,,2969,1220,,,,,1,wi-wec,2026-09-06T15:28:56+00:00
2024,WI,55095,Polk County,2024-10-30,6,5367,,3441,1926,,,,,1,wi-wec,2026-09-06T15:28:56+00:00
2024,WI,55095,Polk County,2024-11-05,0,7477,,4051,3426,,,,,1,wi-wec,2026-09-06T15:28:56+00:00
2024,WI,55095,Polk County,2024-11-06,-1,7608,,4180,3428,,,,,1,wi-wec,2026-09-06T15:28:56+00:00
2024,WI,55095,Polk County,2024-11-07,-2,7617,,4189,3428,,,,,1,wi-wec,2026-09-06T15:28:56+00:00
2024,WI,55097,Portage County,2024-10-02,34,1501,,1501,0,,,,,1,wi-wec,2026-09-06T15:28:56+00:00
2024,WI,55097,Portage County,2024-10-03,33,1587,,1587,0,,,,,1,wi-wec,2026-09-06T15:28:56+00:00
2024,WI,55097,Portage County,2024-10-04,32,1918,,1918,0,,,,,1,wi-wec,2026-09-06T15:28:56+00:00
2024,WI,55097,Portage County,2024-10-05,31,2078,,2078,0,,,,,1,wi-wec,2026-09-06T15:28:56+00:00
2024,WI,55097,Portage County,2024-10-06,30,2084,,2084,0,,,,,1,wi-wec,2026-09-06T15:28:56+00:00
2024,WI,55097,Portage County,2024-10-07,29,2113,,2113,0,,,,,1,wi-wec,2026-09-06T15:28:56+00:00
2024,WI,55097,Portage County,2024-10-08,28,2414,,2414,0,,,,,1,wi-wec,2026-09-06T15:28:56+00:00
2024,WI,55097,Portage County,2024-10-10,26,2851,,2851,0,,,,,1,wi-wec,2026-09-06T15:28:56+00:00
2024,WI,55097,Portage County,2024-10-11,25,2986,,2986,0,,,,,1,wi-wec,2026-09-06T15:28:56+00:00
2024,WI,55097,Portage County,2024-10-12,24,3175,,3175,0,,,,,1,wi-wec,2026-09-06T15:28:56+00:00
2024,WI,55097,Portage County,2024-10-13,23,3184,,3184,0,,,,,1,wi-wec,2026-09-06T15:28:56+00:00
2024,WI,55097,Portage County,2024-10-14,22,3188,,3188,0,,,,,1,wi-wec,2026-09-06T15:28:56+00:00
2024,WI,55097,Portage County,2024-10-15,21,3347,,3347,0,,,,,1,wi-wec,2026-09-06T15:28:56+00:00
2024,WI,55097,Portage County,2024-10-16,20,3531,,3531,0,,,,,1,wi-wec,2026-09-06T15:28:56+00:00
2024,WI,55097,Portage County,2024-10-17,19,3864,,3864,0,,,,,1,wi-wec,2026-09-06T15:28:56+00:00
2024,WI,55097,Portage County,2024-10-18,18,3999,,3999,0,,,,,1,wi-wec,2026-09-06T15:28:56+00:00
2024,WI,55097,Portage County,2024-10-19,17,4286,,4286,0,,,,,1,wi-wec,2026-09-06T15:28:56+00:00
2024,WI,55097,Portage County,2024-10-20,16,4294,,4294,0,,,,,1,wi-wec,2026-09-06T15:28:56+00:00
2024,WI,55097,Portage County,2024-10-21,15,4301,,4301,0,,,,,1,wi-wec,2026-09-06T15:28:56+00:00
2024,WI,55097,Portage County,2024-10-22,14,4642,,4642,0,,,,,1,wi-wec,2026-09-06T15:28:56+00:00
2024,WI,55097,Portage County,2024-10-23,13,6156,,5078,1078,,,,,1,wi-wec,2026-09-06T15:28:56+00:00
2024,WI,55097,Portage County,2024-10-24,12,7759,,5413,2346,,,,,1,wi-wec,2026-09-06T15:28:56+00:00
2024,WI,55097,Portage County,2024-10-25,11,9095,,5537,3558,,,,,1,wi-wec,2026-09-06T15:28:56+00:00
2024,WI,55097,Portage County,2024-10-28,8,10744,,5863,4881,,,,,1,wi-wec,2026-09-06T15:28:56+00:00
2024,WI,55097,Portage County,2024-10-30,6,13551,,6328,7223,,,,,1,wi-wec,2026-09-06T15:28:56+00:00
2024,WI,55097,Portage County,2024-11-05,0,19107,,7359,11748,,,,,1,wi-wec,2026-09-06T15:28:56+00:00
2024,WI,55097,Portage County,2024-11-06,-1,19231,,7481,11750,,,,,1,wi-wec,2026-09-06T15:28:56+00:00
2024,WI,55097,Portage County,2024-11-07,-2,19235,,7485,11750,,,,,1,wi-wec,2026-09-06T15:28:56+00:00
2024,WI,55099,Price County,2024-10-02,34,104,,104,0,,,,,1,wi-wec,2026-09-06T15:28:56+00:00
2024,WI,55099,Price County,2024-10-03,33,129,,129,0,,,,,1,wi-wec,2026-09-06T15:28:56+00:00
2024,WI,55099,Price County,2024-10-04,32,157,,157,0,,,,,1,wi-wec,2026-09-06T15:28:56+00:00
2024,WI,55099,Price County,2024-10-05,31,170,,170,0,,,,,1,wi-wec,2026-09-06T15:28:56+00:00
2024,WI,55099,Price County,2024-10-06,30,172,,172,0,,,,,1,wi-wec,2026-09-06T15:28:56+00:00
2024,WI,55099,Price County,2024-10-07,29,172,,172,0,,,,,1,wi-wec,2026-09-06T15:28:56+00:00
2024,WI,55099,Price County,2024-10-08,28,219,,219,0,,,,,1,wi-wec,2026-09-06T15:28:56+00:00
2024,WI,55099,Price County,2024-10-10,26,274,,274,0,,,,,1,wi-wec,2026-09-06T15:28:56+00:00
2024,WI,55099,Price County,2024-10-11,25,293,,293,0,,,,,1,wi-wec,2026-09-06T15:28:56+00:00
2024,WI,55099,Price County,2024-10-12,24,322,,322,0,,,,,1,wi-wec,2026-09-06T15:28:56+00:00
2024,WI,55099,Price County,2024-10-13,23,323,,323,0,,,,,1,wi-wec,2026-09-06T15:28:56+00:00
2024,WI,55099,Price County,2024-10-14,22,323,,323,0,,,,,1,wi-wec,2026-09-06T15:28:56+00:00
2024,WI,55099,Price County,2024-10-15,21,342,,342,0,,,,,1,wi-wec,2026-09-06T15:28:56+00:00
2024,WI,55099,Price County,2024-10-16,20,389,,389,0,,,,,1,wi-wec,2026-09-06T15:28:56+00:00
2024,WI,55099,Price County,2024-10-17,19,418,,418,0,,,,,1,wi-wec,2026-09-06T15:28:56+00:00
2024,WI,55099,Price County,2024-10-18,18,460,,460,0,,,,,1,wi-wec,2026-09-06T15:28:56+00:00
2024,WI,55099,Price County,2024-10-19,17,471,,471,0,,,,,1,wi-wec,2026-09-06T15:28:56+00:00
2024,WI,55099,Price County,2024-10-20,16,476,,476,0,,,,,1,wi-wec,2026-09-06T15:28:56+00:00
2024,WI,55099,Price County,2024-10-21,15,476,,476,0,,,,,1,wi-wec,2026-09-06T15:28:56+00:00
2024,WI,55099,Price County,2024-10-22,14,573,,572,1,,,,,1,wi-wec,2026-09-06T15:28:56+00:00
2024,WI,55099,Price County,2024-10-23,13,684,,608,76,,,,,1,wi-wec,2026-09-06T15:28:56+00:00
2024,WI,55099,Price County,2024-10-24,12,791,,639,152,,,,,1,wi-wec,2026-09-06T15:28:56+00:00
2024,WI,55099,Price County,2024-10-25,11,883,,677,206,,,,,1,wi-wec,2026-09-06T15:28:56+00:00
2024,WI,55099,Price County,2024-10-28,8,984,,732,252,,,,,1,wi-wec,2026-09-06T15:28:56+00:00
2024,WI,55099,Price County,2024-10-30,6,1425,,904,521,,,,,1,wi-wec,2026-09-06T15:28:56+00:00
2024,WI,55099,Price County,2024-11-05,0,1844,,1067,777,,,,,1,wi-wec,2026-09-06T15:28:56+00:00
2024,WI,55099,Price County,2024-11-06,-1,1861,,1084,777,,,,,1,wi-wec,2026-09-06T15:28:56+00:00
2024,WI,55099,Price County,2024-11-07,-2,1861,,1084,777,,,,,1,wi-wec,2026-09-06T15:28:56+00:00
2024,WI,55101,Racine County,2024-10-02,34,3047,,3047,0,,,,,1,wi-wec,2026-09-06T15:28:56+00:00
2024,WI,55101,Racine County,2024-10-03,33,3456,,3456,0,,,,,1,wi-wec,2026-09-06T15:28:56+00:00
2024,WI,55101,Racine County,2024-10-04,32,3855,,3855,0,,,,,1,wi-wec,2026-09-06T15:28:56+00:00
2024,WI,55101,Racine County,2024-10-05,31,4293,,4293,0,,,,,1,wi-wec,2026-09-06T15:28:56+00:00
2024,WI,55101,Racine County,2024-10-06,30,4293,,4293,0,,,,,1,wi-wec,2026-09-06T15:28:56+00:00
2024,WI,55101,Racine County,2024-10-07,29,4293,,4293,0,,,,,1,wi-wec,2026-09-06T15:28:56+00:00
2024,WI,55101,Racine County,2024-10-08,28,4897,,4897,0,,,,,1,wi-wec,2026-09-06T15:28:56+00:00
2024,WI,55101,Racine County,2024-10-10,26,6033,,6033,0,,,,,1,wi-wec,2026-09-06T15:28:56+00:00
2024,WI,55101,Racine County,2024-10-11,25,6565,,6565,0,,,,,1,wi-wec,2026-09-06T15:28:56+00:00
2024,WI,55101,Racine County,2024-10-12,24,6839,,6839,0,,,,,1,wi-wec,2026-09-06T15:28:56+00:00
2024,WI,55101,Racine County,2024-10-13,23,6839,,6839,0,,,,,1,wi-wec,2026-09-06T15:28:56+00:00
2024,WI,55101,Racine County,2024-10-14,22,6839,,6839,0,,,,,1,wi-wec,2026-09-06T15:28:56+00:00
2024,WI,55101,Racine County,2024-10-15,21,7036,,7036,0,,,,,1,wi-wec,2026-09-06T15:28:56+00:00
2024,WI,55101,Racine County,2024-10-16,20,7865,,7865,0,,,,,1,wi-wec,2026-09-06T15:28:56+00:00
2024,WI,55101,Racine County,2024-10-17,19,8289,,8289,0,,,,,1,wi-wec,2026-09-06T15:28:56+00:00
2024,WI,55101,Racine County,2024-10-18,18,9028,,9028,0,,,,,1,wi-wec,2026-09-06T15:28:56+00:00
2024,WI,55101,Racine County,2024-10-19,17,9702,,9702,0,,,,,1,wi-wec,2026-09-06T15:28:56+00:00
2024,WI,55101,Racine County,2024-10-20,16,9702,,9702,0,,,,,1,wi-wec,2026-09-06T15:28:56+00:00
2024,WI,55101,Racine County,2024-10-21,15,9722,,9722,0,,,,,1,wi-wec,2026-09-06T15:28:56+00:00
2024,WI,55101,Racine County,2024-10-22,14,10533,,10533,0,,,,,1,wi-wec,2026-09-06T15:28:56+00:00
2024,WI,55101,Racine County,2024-10-23,13,15146,,10953,4193,,,,,1,wi-wec,2026-09-06T15:28:56+00:00
2024,WI,55101,Racine County,2024-10-24,12,19925,,11817,8108,,,,,1,wi-wec,2026-09-06T15:28:56+00:00
2024,WI,55101,Racine County,2024-10-25,11,24522,,12480,12042,,,,,1,wi-wec,2026-09-06T15:28:56+00:00
2024,WI,55101,Racine County,2024-10-28,8,29541,,12981,16560,,,,,1,wi-wec,2026-09-06T15:28:56+00:00
2024,WI,55101,Racine County,2024-10-30,6,39143,,14606,24537,,,,,1,wi-wec,2026-09-06T15:28:56+00:00
2024,WI,55101,Racine County,2024-11-05,0,55500,,17186,38314,,,,,1,wi-wec,2026-09-06T15:28:56+00:00
2024,WI,55101,Racine County,2024-11-06,-1,56327,,18008,38319,,,,,1,wi-wec,2026-09-06T15:28:56+00:00
2024,WI,55101,Racine County,2024-11-07,-2,56334,,18015,38319,,,,,1,wi-wec,2026-09-06T15:28:56+00:00
2024,WI,55103,Richland County,2024-10-02,34,135,,135,0,,,,,1,wi-wec,2026-09-06T15:28:56+00:00
2024,WI,55103,Richland County,2024-10-03,33,148,,148,0,,,,,1,wi-wec,2026-09-06T15:28:56+00:00
2024,WI,55103,Richland County,2024-10-04,32,179,,179,0,,,,,1,wi-wec,2026-09-06T15:28:56+00:00
2024,WI,55103,Richland County,2024-10-05,31,198,,198,0,,,,,1,wi-wec,2026-09-06T15:28:56+00:00
2024,WI,55103,Richland County,2024-10-06,30,198,,198,0,,,,,1,wi-wec,2026-09-06T15:28:56+00:00
2024,WI,55103,Richland County,2024-10-07,29,203,,203,0,,,,,1,wi-wec,2026-09-06T15:28:56+00:00
2024,WI,55103,Richland County,2024-10-08,28,236,,236,0,,,,,1,wi-wec,2026-09-06T15:28:56+00:00
2024,WI,55103,Richland County,2024-10-10,26,272,,272,0,,,,,1,wi-wec,2026-09-06T15:28:56+00:00
2024,WI,55103,Richland County,2024-10-11,25,288,,288,0,,,,,1,wi-wec,2026-09-06T15:28:56+00:00
2024,WI,55103,Richland County,2024-10-12,24,288,,288,0,,,,,1,wi-wec,2026-09-06T15:28:56+00:00
2024,WI,55103,Richland County,2024-10-13,23,293,,293,0,,,,,1,wi-wec,2026-09-06T15:28:56+00:00
2024,WI,55103,Richland County,2024-10-14,22,293,,293,0,,,,,1,wi-wec,2026-09-06T15:28:56+00:00
2024,WI,55103,Richland County,2024-10-15,21,317,,317,0,,,,,1,wi-wec,2026-09-06T15:28:56+00:00
2024,WI,55103,Richland County,2024-10-16,20,390,,390,0,,,,,1,wi-wec,2026-09-06T15:28:56+00:00
2024,WI,55103,Richland County,2024-10-17,19,431,,431,0,,,,,1,wi-wec,2026-09-06T15:28:56+00:00
2024,WI,55103,Richland County,2024-10-18,18,451,,451,0,,,,,1,wi-wec,2026-09-06T15:28:56+00:00
2024,WI,55103,Richland County,2024-10-19,17,470,,470,0,,,,,1,wi-wec,2026-09-06T15:28:56+00:00
2024,WI,55103,Richland County,2024-10-20,16,475,,475,0,,,,,1,wi-wec,2026-09-06T15:28:56+00:00
2024,WI,55103,Richland County,2024-10-21,15,475,,475,0,,,,,1,wi-wec,2026-09-06T15:28:56+00:00
2024,WI,55103,Richland County,2024-10-22,14,543,,543,0,,,,,1,wi-wec,2026-09-06T15:28:56+00:00
2024,WI,55103,Richland County,2024-10-23,13,645,,595,50,,,,,1,wi-wec,2026-09-06T15:28:56+00:00
2024,WI,55103,Richland County,2024-10-24,12,751,,652,99,,,,,1,wi-wec,2026-09-06T15:28:56+00:00
2024,WI,55103,Richland County,2024-10-25,11,836,,680,156,,,,,1,wi-wec,2026-09-06T15:28:56+00:00
2024,WI,55103,Richland County,2024-10-28,8,984,,756,228,,,,,1,wi-wec,2026-09-06T15:28:56+00:00
2024,WI,55103,Richland County,2024-10-30,6,1242,,874,368,,,,,1,wi-wec,2026-09-06T15:28:56+00:00
2024,WI,55103,Richland County,2024-11-05,0,1788,,1148,640,,,,,1,wi-wec,2026-09-06T15:28:56+00:00
2024,WI,55103,Richland County,2024-11-06,-1,1823,,1174,649,,,,,1,wi-wec,2026-09-06T15:28:56+00:00
2024,WI,55103,Richland County,2024-11-07,-2,1835,,1185,650,,,,,1,wi-wec,2026-09-06T15:28:56+00:00
2024,WI,55105,Rock County,2024-10-02,34,3037,,3037,0,,,,,1,wi-wec,2026-09-06T15:28:56+00:00
2024,WI,55105,Rock County,2024-10-03,33,3570,,3570,0,,,,,1,wi-wec,2026-09-06T15:28:56+00:00
2024,WI,55105,Rock County,2024-10-04,32,3940,,3940,0,,,,,1,wi-wec,2026-09-06T15:28:56+00:00
2024,WI,55105,Rock County,2024-10-05,31,4251,,4251,0,,,,,1,wi-wec,2026-09-06T15:28:56+00:00
2024,WI,55105,Rock County,2024-10-06,30,4277,,4277,0,,,,,1,wi-wec,2026-09-06T15:28:56+00:00
2024,WI,55105,Rock County,2024-10-07,29,4282,,4282,0,,,,,1,wi-wec,2026-09-06T15:28:56+00:00
2024,WI,55105,Rock County,2024-10-08,28,4947,,4947,0,,,,,1,wi-wec,2026-09-06T15:28:56+00:00
2024,WI,55105,Rock County,2024-10-10,26,5861,,5861,0,,,,,1,wi-wec,2026-09-06T15:28:56+00:00
2024,WI,55105,Rock County,2024-10-11,25,6324,,6324,0,,,,,1,wi-wec,2026-09-06T15:28:56+00:00
2024,WI,55105,Rock County,2024-10-12,24,6650,,6650,0,,,,,1,wi-wec,2026-09-06T15:28:56+00:00
2024,WI,55105,Rock County,2024-10-13,23,6722,,6722,0,,,,,1,wi-wec,2026-09-06T15:28:56+00:00
2024,WI,55105,Rock County,2024-10-14,22,6724,,6724,0,,,,,1,wi-wec,2026-09-06T15:28:56+00:00
2024,WI,55105,Rock County,2024-10-15,21,7120,,7120,0,,,,,1,wi-wec,2026-09-06T15:28:56+00:00
2024,WI,55105,Rock County,2024-10-16,20,7869,,7869,0,,,,,1,wi-wec,2026-09-06T15:28:56+00:00
2024,WI,55105,Rock County,2024-10-17,19,8158,,8158,0,,,,,1,wi-wec,2026-09-06T15:28:56+00:00
2024,WI,55105,Rock County,2024-10-18,18,8902,,8902,0,,,,,1,wi-wec,2026-09-06T15:28:56+00:00
2024,WI,55105,Rock County,2024-10-19,17,9374,,9374,0,,,,,1,wi-wec,2026-09-06T15:28:56+00:00
2024,WI,55105,Rock County,2024-10-20,16,9413,,9413,0,,,,,1,wi-wec,2026-09-06T15:28:56+00:00
2024,WI,55105,Rock County,2024-10-21,15,9424,,9424,0,,,,,1,wi-wec,2026-09-06T15:28:56+00:00
2024,WI,55105,Rock County,2024-10-22,14,10391,,10381,10,,,,,1,wi-wec,2026-09-06T15:28:56+00:00
2024,WI,55105,Rock County,2024-10-23,13,13046,,10775,2271,,,,,1,wi-wec,2026-09-06T15:28:56+00:00
2024,WI,55105,Rock County,2024-10-24,12,15769,,11453,4316,,,,,1,wi-wec,2026-09-06T15:28:56+00:00
2024,WI,55105,Rock County,2024-10-25,11,18711,,12043,6668,,,,,1,wi-wec,2026-09-06T15:28:56+00:00
2024,WI,55105,Rock County,2024-10-28,8,21954,,12498,9456,,,,,1,wi-wec,2026-09-06T15:28:56+00:00
2024,WI,55105,Rock County,2024-10-30,6,28049,,14007,14042,,,,,1,wi-wec,2026-09-06T15:28:56+00:00
2024,WI,55105,Rock County,2024-11-05,0,38336,,16010,22326,,,,,1,wi-wec,2026-09-06T15:28:56+00:00
2024,WI,55105,Rock County,2024-11-06,-1,38910,,16583,22327,,,,,1,wi-wec,2026-09-06T15:28:56+00:00
2024,WI,55105,Rock County,2024-11-07,-2,38919,,16592,22327,,,,,1,wi-wec,2026-09-06T15:28:56+00:00
2024,WI,55107,Rusk County,2024-10-02,34,141,,141,0,,,,,1,wi-wec,2026-09-06T15:28:56+00:00
2024,WI,55107,Rusk County,2024-10-03,33,159,,159,0,,,,,1,wi-wec,2026-09-06T15:28:56+00:00
2024,WI,55107,Rusk County,2024-10-04,32,172,,172,0,,,,,1,wi-wec,2026-09-06T15:28:56+00:00
2024,WI,55107,Rusk County,2024-10-05,31,187,,187,0,,,,,1,wi-wec,2026-09-06T15:28:56+00:00
2024,WI,55107,Rusk County,2024-10-06,30,191,,191,0,,,,,1,wi-wec,2026-09-06T15:28:56+00:00
2024,WI,55107,Rusk County,2024-10-07,29,191,,191,0,,,,,1,wi-wec,2026-09-06T15:28:56+00:00
2024,WI,55107,Rusk County,2024-10-08,28,245,,245,0,,,,,1,wi-wec,2026-09-06T15:28:56+00:00
2024,WI,55107,Rusk County,2024-10-10,26,275,,275,0,,,,,1,wi-wec,2026-09-06T15:28:56+00:00
2024,WI,55107,Rusk County,2024-10-11,25,292,,292,0,,,,,1,wi-wec,2026-09-06T15:28:56+00:00
2024,WI,55107,Rusk County,2024-10-12,24,310,,310,0,,,,,1,wi-wec,2026-09-06T15:28:56+00:00
2024,WI,55107,Rusk County,2024-10-13,23,310,,310,0,,,,,1,wi-wec,2026-09-06T15:28:56+00:00
2024,WI,55107,Rusk County,2024-10-14,22,320,,320,0,,,,,1,wi-wec,2026-09-06T15:28:56+00:00
2024,WI,55107,Rusk County,2024-10-15,21,341,,341,0,,,,,1,wi-wec,2026-09-06T15:28:56+00:00
2024,WI,55107,Rusk County,2024-10-16,20,368,,368,0,,,,,1,wi-wec,2026-09-06T15:28:56+00:00
2024,WI,55107,Rusk County,2024-10-17,19,388,,388,0,,,,,1,wi-wec,2026-09-06T15:28:56+00:00
2024,WI,55107,Rusk County,2024-10-18,18,414,,414,0,,,,,1,wi-wec,2026-09-06T15:28:56+00:00
2024,WI,55107,Rusk County,2024-10-19,17,435,,435,0,,,,,1,wi-wec,2026-09-06T15:28:56+00:00
2024,WI,55107,Rusk County,2024-10-20,16,435,,435,0,,,,,1,wi-wec,2026-09-06T15:28:56+00:00
2024,WI,55107,Rusk County,2024-10-21,15,438,,438,0,,,,,1,wi-wec,2026-09-06T15:28:56+00:00
2024,WI,55107,Rusk County,2024-10-22,14,516,,516,0,,,,,1,wi-wec,2026-09-06T15:28:56+00:00
2024,WI,55107,Rusk County,2024-10-23,13,588,,550,38,,,,,1,wi-wec,2026-09-06T15:28:56+00:00
2024,WI,55107,Rusk County,2024-10-24,12,700,,595,105,,,,,1,wi-wec,2026-09-06T15:28:56+00:00
2024,WI,55107,Rusk County,2024-10-25,11,775,,614,161,,,,,1,wi-wec,2026-09-06T15:28:56+00:00
2024,WI,55107,Rusk County,2024-10-28,8,837,,632,205,,,,,1,wi-wec,2026-09-06T15:28:56+00:00
2024,WI,55107,Rusk County,2024-10-30,6,1076,,711,365,,,,,1,wi-wec,2026-09-06T15:28:56+00:00
2024,WI,55107,Rusk County,2024-11-05,0,1412,,844,568,,,,,1,wi-wec,2026-09-06T15:28:56+00:00
2024,WI,55107,Rusk County,2024-11-06,-1,1428,,859,569,,,,,1,wi-wec,2026-09-06T15:28:56+00:00
2024,WI,55107,Rusk County,2024-11-07,-2,1428,,859,569,,,,,1,wi-wec,2026-09-06T15:28:56+00:00
2024,WI,55109,St. Croix County,2024-10-02,34,1649,,1649,0,,,,,1,wi-wec,2026-09-06T15:28:56+00:00
2024,WI,55109,St. Croix County,2024-10-03,33,1955,,1955,0,,,,,1,wi-wec,2026-09-06T15:28:56+00:00
2024,WI,55109,St. Croix County,2024-10-04,32,2138,,2138,0,,,,,1,wi-wec,2026-09-06T15:28:56+00:00
2024,WI,55109,St. Croix County,2024-10-05,31,2318,,2318,0,,,,,1,wi-wec,2026-09-06T15:28:56+00:00
2024,WI,55109,St. Croix County,2024-10-06,30,2320,,2320,0,,,,,1,wi-wec,2026-09-06T15:28:56+00:00
2024,WI,55109,St. Croix County,2024-10-07,29,2322,,2322,0,,,,,1,wi-wec,2026-09-06T15:28:56+00:00
2024,WI,55109,St. Croix County,2024-10-08,28,2881,,2881,0,,,,,1,wi-wec,2026-09-06T15:28:56+00:00
2024,WI,55109,St. Croix County,2024-10-10,26,3341,,3341,0,,,,,1,wi-wec,2026-09-06T15:28:56+00:00
2024,WI,55109,St. Croix County,2024-10-11,25,3583,,3583,0,,,,,1,wi-wec,2026-09-06T15:28:56+00:00
2024,WI,55109,St. Croix County,2024-10-12,24,3649,,3649,0,,,,,1,wi-wec,2026-09-06T15:28:56+00:00
2024,WI,55109,St. Croix County,2024-10-13,23,3679,,3679,0,,,,,1,wi-wec,2026-09-06T15:28:56+00:00
2024,WI,55109,St. Croix County,2024-10-14,22,3681,,3681,0,,,,,1,wi-wec,2026-09-06T15:28:56+00:00
2024,WI,55109,St. Croix County,2024-10-15,21,3974,,3974,0,,,,,1,wi-wec,2026-09-06T15:28:56+00:00
2024,WI,55109,St. Croix County,2024-10-16,20,4399,,4399,0,,,,,1,wi-wec,2026-09-06T15:28:56+00:00
2024,WI,55109,St. Croix County,2024-10-17,19,4749,,4749,0,,,,,1,wi-wec,2026-09-06T15:28:56+00:00
2024,WI,55109,St. Croix County,2024-10-18,18,5183,,5183,0,,,,,1,wi-wec,2026-09-06T15:28:56+00:00
2024,WI,55109,St. Croix County,2024-10-19,17,5409,,5409,0,,,,,1,wi-wec,2026-09-06T15:28:56+00:00
2024,WI,55109,St. Croix County,2024-10-20,16,5425,,5425,0,,,,,1,wi-wec,2026-09-06T15:28:56+00:00
2024,WI,55109,St. Croix County,2024-10-21,15,5464,,5464,0,,,,,1,wi-wec,2026-09-06T15:28:56+00:00
2024,WI,55109,St. Croix County,2024-10-22,14,6125,,6112,13,,,,,1,wi-wec,2026-09-06T15:28:56+00:00
2024,WI,55109,St. Croix County,2024-10-23,13,8291,,6321,1970,,,,,1,wi-wec,2026-09-06T15:28:56+00:00
2024,WI,55109,St. Croix County,2024-10-24,12,10397,,6725,3672,,,,,1,wi-wec,2026-09-06T15:28:56+00:00
2024,WI,55109,St. Croix County,2024-10-25,11,12507,,7365,5142,,,,,1,wi-wec,2026-09-06T15:28:56+00:00
2024,WI,55109,St. Croix County,2024-10-28,8,14023,,7631,6392,,,,,1,wi-wec,2026-09-06T15:28:56+00:00
2024,WI,55109,St. Croix County,2024-10-30,6,18545,,8762,9783,,,,,1,wi-wec,2026-09-06T15:28:56+00:00
2024,WI,55109,St. Croix County,2024-11-05,0,25938,,9982,15956,,,,,1,wi-wec,2026-09-06T15:28:56+00:00
2024,WI,55109,St. Croix County,2024-11-06,-1,26176,,10220,15956,,,,,1,wi-wec,2026-09-06T15:28:56+00:00
2024,WI,55109,St. Croix County,2024-11-07,-2,26250,,10292,15958,,,,,1,wi-wec,2026-09-06T15:28:56+00:00
2024,WI,55111,Sauk County,2024-10-02,34,968,,968,0,,,,,1,wi-wec,2026-09-06T15:28:56+00:00
2024,WI,55111,Sauk County,2024-10-03,33,1164,,1164,0,,,,,1,wi-wec,2026-09-06T15:28:56+00:00
2024,WI,55111,Sauk County,2024-10-04,32,1308,,1308,0,,,,,1,wi-wec,2026-09-06T15:28:56+00:00
2024,WI,55111,Sauk County,2024-10-05,31,1400,,1400,0,,,,,1,wi-wec,2026-09-06T15:28:56+00:00
2024,WI,55111,Sauk County,2024-10-06,30,1405,,1405,0,,,,,1,wi-wec,2026-09-06T15:28:56+00:00
2024,WI,55111,Sauk County,2024-10-07,29,1409,,1409,0,,,,,1,wi-wec,2026-09-06T15:28:56+00:00
2024,WI,55111,Sauk County,2024-10-08,28,1617,,1617,0,,,,,1,wi-wec,2026-09-06T15:28:56+00:00
2024,WI,55111,Sauk County,2024-10-10,26,1902,,1902,0,,,,,1,wi-wec,2026-09-06T15:28:56+00:00
2024,WI,55111,Sauk County,2024-10-11,25,2046,,2046,0,,,,,1,wi-wec,2026-09-06T15:28:56+00:00
2024,WI,55111,Sauk County,2024-10-12,24,2147,,2147,0,,,,,1,wi-wec,2026-09-06T15:28:56+00:00
2024,WI,55111,Sauk County,2024-10-13,23,2147,,2147,0,,,,,1,wi-wec,2026-09-06T15:28:56+00:00
2024,WI,55111,Sauk County,2024-10-14,22,2157,,2157,0,,,,,1,wi-wec,2026-09-06T15:28:56+00:00
2024,WI,55111,Sauk County,2024-10-15,21,2319,,2319,0,,,,,1,wi-wec,2026-09-06T15:28:56+00:00
2024,WI,55111,Sauk County,2024-10-16,20,2602,,2602,0,,,,,1,wi-wec,2026-09-06T15:28:56+00:00
2024,WI,55111,Sauk County,2024-10-17,19,2833,,2833,0,,,,,1,wi-wec,2026-09-06T15:28:56+00:00
2024,WI,55111,Sauk County,2024-10-18,18,3122,,3122,0,,,,,1,wi-wec,2026-09-06T15:28:56+00:00
2024,WI,55111,Sauk County,2024-10-19,17,3259,,3259,0,,,,,1,wi-wec,2026-09-06T15:28:56+00:00
2024,WI,55111,Sauk County,2024-10-20,16,3268,,3268,0,,,,,1,wi-wec,2026-09-06T15:28:56+00:00
2024,WI,55111,Sauk County,2024-10-21,15,3278,,3278,0,,,,,1,wi-wec,2026-09-06T15:28:56+00:00
2024,WI,55111,Sauk County,2024-10-22,14,3621,,3620,1,,,,,1,wi-wec,2026-09-06T15:28:56+00:00
2024,WI,55111,Sauk County,2024-10-23,13,4819,,3858,961,,,,,1,wi-wec,2026-09-06T15:28:56+00:00
2024,WI,55111,Sauk County,2024-10-24,12,5794,,4011,1783,,,,,1,wi-wec,2026-09-06T15:28:56+00:00
2024,WI,55111,Sauk County,2024-10-25,11,6843,,4205,2638,,,,,1,wi-wec,2026-09-06T15:28:56+00:00
2024,WI,55111,Sauk County,2024-10-28,8,7791,,4512,3279,,,,,1,wi-wec,2026-09-06T15:28:56+00:00
2024,WI,55111,Sauk County,2024-10-30,6,9960,,4952,5008,,,,,1,wi-wec,2026-09-06T15:28:56+00:00
2024,WI,55111,Sauk County,2024-11-05,0,13772,,5884,7888,,,,,1,wi-wec,2026-09-06T15:28:56+00:00
2024,WI,55111,Sauk County,2024-11-06,-1,13899,,5998,7901,,,,,1,wi-wec,2026-09-06T15:28:56+00:00
2024,WI,55111,Sauk County,2024-11-07,-2,13925,,6015,7910,,,,,1,wi-wec,2026-09-06T15:28:56+00:00
2024,WI,55113,Sawyer County,2024-10-02,34,322,,322,0,,,,,1,wi-wec,2026-09-06T15:28:56+00:00
2024,WI,55113,Sawyer County,2024-10-03,33,358,,358,0,,,,,1,wi-wec,2026-09-06T15:28:56+00:00
2024,WI,55113,Sawyer County,2024-10-04,32,424,,424,0,,,,,1,wi-wec,2026-09-06T15:28:56+00:00
2024,WI,55113,Sawyer County,2024-10-05,31,450,,450,0,,,,,1,wi-wec,2026-09-06T15:28:56+00:00
2024,WI,55113,Sawyer County,2024-10-06,30,460,,460,0,,,,,1,wi-wec,2026-09-06T15:28:56+00:00
2024,WI,55113,Sawyer County,2024-10-07,29,466,,466,0,,,,,1,wi-wec,2026-09-06T15:28:56+00:00
2024,WI,55113,Sawyer County,2024-10-08,28,519,,519,0,,,,,1,wi-wec,2026-09-06T15:28:56+00:00
2024,WI,55113,Sawyer County,2024-10-10,26,639,,639,0,,,,,1,wi-wec,2026-09-06T15:28:56+00:00
2024,WI,55113,Sawyer County,2024-10-11,25,689,,689,0,,,,,1,wi-wec,2026-09-06T15:28:56+00:00
2024,WI,55113,Sawyer County,2024-10-12,24,710,,710,0,,,,,1,wi-wec,2026-09-06T15:28:56+00:00
2024,WI,55113,Sawyer County,2024-10-13,23,713,,713,0,,,,,1,wi-wec,2026-09-06T15:28:56+00:00
2024,WI,55113,Sawyer County,2024-10-14,22,732,,732,0,,,,,1,wi-wec,2026-09-06T15:28:56+00:00
2024,WI,55113,Sawyer County,2024-10-15,21,766,,766,0,,,,,1,wi-wec,2026-09-06T15:28:56+00:00
2024,WI,55113,Sawyer County,2024-10-16,20,864,,864,0,,,,,1,wi-wec,2026-09-06T15:28:56+00:00
2024,WI,55113,Sawyer County,2024-10-17,19,929,,929,0,,,,,1,wi-wec,2026-09-06T15:28:56+00:00
2024,WI,55113,Sawyer County,2024-10-18,18,967,,967,0,,,,,1,wi-wec,2026-09-06T15:28:56+00:00
2024,WI,55113,Sawyer County,2024-10-19,17,999,,999,0,,,,,1,wi-wec,2026-09-06T15:28:56+00:00
2024,WI,55113,Sawyer County,2024-10-20,16,1007,,1007,0,,,,,1,wi-wec,2026-09-06T15:28:56+00:00
2024,WI,55113,Sawyer County,2024-10-21,15,1025,,1025,0,,,,,1,wi-wec,2026-09-06T15:28:56+00:00
2024,WI,55113,Sawyer County,2024-10-22,14,1122,,1122,0,,,,,1,wi-wec,2026-09-06T15:28:56+00:00
2024,WI,55113,Sawyer County,2024-10-23,13,1446,,1188,258,,,,,1,wi-wec,2026-09-06T15:28:56+00:00
2024,WI,55113,Sawyer County,2024-10-24,12,1736,,1296,440,,,,,1,wi-wec,2026-09-06T15:28:56+00:00
2024,WI,55113,Sawyer County,2024-10-25,11,2068,,1369,699,,,,,1,wi-wec,2026-09-06T15:28:56+00:00
2024,WI,55113,Sawyer County,2024-10-28,8,2205,,1404,801,,,,,1,wi-wec,2026-09-06T15:28:56+00:00
2024,WI,55113,Sawyer County,2024-10-30,6,2824,,1557,1267,,,,,1,wi-wec,2026-09-06T15:28:56+00:00
2024,WI,55113,Sawyer County,2024-11-05,0,4024,,1730,2294,,,,,1,wi-wec,2026-09-06T15:28:56+00:00
2024,WI,55113,Sawyer County,2024-11-06,-1,4066,,1771,2295,,,,,1,wi-wec,2026-09-06T15:28:56+00:00
2024,WI,55113,Sawyer County,2024-11-07,-2,4070,,1774,2296,,,,,1,wi-wec,2026-09-06T15:28:56+00:00
2024,WI,55115,Shawano County,2024-10-02,34,549,,549,0,,,,,1,wi-wec,2026-09-06T15:28:56+00:00
2024,WI,55115,Shawano County,2024-10-03,33,664,,664,0,,,,,1,wi-wec,2026-09-06T15:28:56+00:00
2024,WI,55115,Shawano County,2024-10-04,32,721,,721,0,,,,,1,wi-wec,2026-09-06T15:28:56+00:00
2024,WI,55115,Shawano County,2024-10-05,31,744,,744,0,,,,,1,wi-wec,2026-09-06T15:28:56+00:00
2024,WI,55115,Shawano County,2024-10-06,30,762,,762,0,,,,,1,wi-wec,2026-09-06T15:28:56+00:00
2024,WI,55115,Shawano County,2024-10-07,29,763,,763,0,,,,,1,wi-wec,2026-09-06T15:28:56+00:00
2024,WI,55115,Shawano County,2024-10-08,28,923,,923,0,,,,,1,wi-wec,2026-09-06T15:28:56+00:00
2024,WI,55115,Shawano County,2024-10-10,26,1069,,1069,0,,,,,1,wi-wec,2026-09-06T15:28:56+00:00
2024,WI,55115,Shawano County,2024-10-11,25,1110,,1110,0,,,,,1,wi-wec,2026-09-06T15:28:56+00:00
2024,WI,55115,Shawano County,2024-10-12,24,1170,,1170,0,,,,,1,wi-wec,2026-09-06T15:28:56+00:00
2024,WI,55115,Shawano County,2024-10-13,23,1183,,1183,0,,,,,1,wi-wec,2026-09-06T15:28:56+00:00
2024,WI,55115,Shawano County,2024-10-14,22,1183,,1183,0,,,,,1,wi-wec,2026-09-06T15:28:56+00:00
2024,WI,55115,Shawano County,2024-10-15,21,1264,,1264,0,,,,,1,wi-wec,2026-09-06T15:28:56+00:00
2024,WI,55115,Shawano County,2024-10-16,20,1330,,1330,0,,,,,1,wi-wec,2026-09-06T15:28:56+00:00
2024,WI,55115,Shawano County,2024-10-17,19,1461,,1461,0,,,,,1,wi-wec,2026-09-06T15:28:56+00:00
2024,WI,55115,Shawano County,2024-10-18,18,1511,,1511,0,,,,,1,wi-wec,2026-09-06T15:28:56+00:00
2024,WI,55115,Shawano County,2024-10-19,17,1597,,1597,0,,,,,1,wi-wec,2026-09-06T15:28:56+00:00
2024,WI,55115,Shawano County,2024-10-20,16,1616,,1616,0,,,,,1,wi-wec,2026-09-06T15:28:56+00:00
2024,WI,55115,Shawano County,2024-10-21,15,1623,,1623,0,,,,,1,wi-wec,2026-09-06T15:28:56+00:00
2024,WI,55115,Shawano County,2024-10-22,14,1797,,1797,0,,,,,1,wi-wec,2026-09-06T15:28:56+00:00
2024,WI,55115,Shawano County,2024-10-23,13,2469,,1936,533,,,,,1,wi-wec,2026-09-06T15:28:56+00:00
2024,WI,55115,Shawano County,2024-10-24,12,2934,,2039,895,,,,,1,wi-wec,2026-09-06T15:28:56+00:00
2024,WI,55115,Shawano County,2024-10-25,11,3500,,2213,1287,,,,,1,wi-wec,2026-09-06T15:28:56+00:00
2024,WI,55115,Shawano County,2024-10-28,8,3722,,2305,1417,,,,,1,wi-wec,2026-09-06T15:28:56+00:00
2024,WI,55115,Shawano County,2024-10-30,6,4782,,2571,2211,,,,,1,wi-wec,2026-09-06T15:28:56+00:00
2024,WI,55115,Shawano County,2024-11-05,0,6538,,2983,3555,,,,,1,wi-wec,2026-09-06T15:28:56+00:00
2024,WI,55115,Shawano County,2024-11-06,-1,6609,,3048,3561,,,,,1,wi-wec,2026-09-06T15:28:56+00:00
2024,WI,55115,Shawano County,2024-11-07,-2,6615,,3054,3561,,,,,1,wi-wec,2026-09-06T15:28:56+00:00
2024,WI,55117,Sheboygan County,2024-10-02,34,2006,,2006,0,,,,,1,wi-wec,2026-09-06T15:28:56+00:00
2024,WI,55117,Sheboygan County,2024-10-03,33,2300,,2300,0,,,,,1,wi-wec,2026-09-06T15:28:56+00:00
2024,WI,55117,Sheboygan County,2024-10-04,32,2456,,2456,0,,,,,1,wi-wec,2026-09-06T15:28:56+00:00
2024,WI,55117,Sheboygan County,2024-10-05,31,2600,,2600,0,,,,,1,wi-wec,2026-09-06T15:28:56+00:00
2024,WI,55117,Sheboygan County,2024-10-06,30,2610,,2610,0,,,,,1,wi-wec,2026-09-06T15:28:56+00:00
2024,WI,55117,Sheboygan County,2024-10-07,29,2617,,2617,0,,,,,1,wi-wec,2026-09-06T15:28:56+00:00
2024,WI,55117,Sheboygan County,2024-10-08,28,3266,,3266,0,,,,,1,wi-wec,2026-09-06T15:28:56+00:00
2024,WI,55117,Sheboygan County,2024-10-10,26,3734,,3734,0,,,,,1,wi-wec,2026-09-06T15:28:56+00:00
2024,WI,55117,Sheboygan County,2024-10-11,25,3916,,3916,0,,,,,1,wi-wec,2026-09-06T15:28:56+00:00
2024,WI,55117,Sheboygan County,2024-10-12,24,4076,,4076,0,,,,,1,wi-wec,2026-09-06T15:28:56+00:00
2024,WI,55117,Sheboygan County,2024-10-13,23,4096,,4096,0,,,,,1,wi-wec,2026-09-06T15:28:56+00:00
2024,WI,55117,Sheboygan County,2024-10-14,22,4099,,4099,0,,,,,1,wi-wec,2026-09-06T15:28:56+00:00
2024,WI,55117,Sheboygan County,2024-10-15,21,4353,,4353,0,,,,,1,wi-wec,2026-09-06T15:28:56+00:00
2024,WI,55117,Sheboygan County,2024-10-16,20,4974,,4974,0,,,,,1,wi-wec,2026-09-06T15:28:56+00:00
2024,WI,55117,Sheboygan County,2024-10-17,19,5237,,5237,0,,,,,1,wi-wec,2026-09-06T15:28:56+00:00
2024,WI,55117,Sheboygan County,2024-10-18,18,5562,,5562,0,,,,,1,wi-wec,2026-09-06T15:28:56+00:00
2024,WI,55117,Sheboygan County,2024-10-19,17,5789,,5789,0,,,,,1,wi-wec,2026-09-06T15:28:56+00:00
2024,WI,55117,Sheboygan County,2024-10-20,16,5859,,5859,0,,,,,1,wi-wec,2026-09-06T15:28:56+00:00
2024,WI,55117,Sheboygan County,2024-10-21,15,5859,,5859,0,,,,,1,wi-wec,2026-09-06T15:28:56+00:00
2024,WI,55117,Sheboygan County,2024-10-22,14,6533,,6518,15,,,,,1,wi-wec,2026-09-06T15:28:56+00:00
2024,WI,55117,Sheboygan County,2024-10-23,13,9632,,6860,2772,,,,,1,wi-wec,2026-09-06T15:28:56+00:00
2024,WI,55117,Sheboygan County,2024-10-24,12,12249,,7283,4966,,,,,1,wi-wec,2026-09-06T15:28:56+00:00
2024,WI,55117,Sheboygan County,2024-10-25,11,14479,,7612,6867,,,,,1,wi-wec,2026-09-06T15:28:56+00:00
2024,WI,55117,Sheboygan County,2024-10-28,8,16217,,7979,8238,,,,,1,wi-wec,2026-09-06T15:28:56+00:00
2024,WI,55117,Sheboygan County,2024-10-30,6,21456,,8915,12541,,,,,1,wi-wec,2026-09-06T15:28:56+00:00
2024,WI,55117,Sheboygan County,2024-11-05,0,28047,,10139,17908,,,,,1,wi-wec,2026-09-06T15:28:56+00:00
2024,WI,55117,Sheboygan County,2024-11-06,-1,28379,,10470,17909,,,,,1,wi-wec,2026-09-06T15:28:56+00:00
2024,WI,55117,Sheboygan County,2024-11-07,-2,28388,,10479,17909,,,,,1,wi-wec,2026-09-06T15:28:56+00:00
2024,WI,55119,Taylor County,2024-10-02,34,138,,138,0,,,,,1,wi-wec,2026-09-06T15:28:56+00:00
2024,WI,55119,Taylor County,2024-10-03,33,174,,174,0,,,,,1,wi-wec,2026-09-06T15:28:56+00:00
2024,WI,55119,Taylor County,2024-10-04,32,208,,208,0,,,,,1,wi-wec,2026-09-06T15:28:56+00:00
2024,WI,55119,Taylor County,2024-10-05,31,224,,224,0,,,,,1,wi-wec,2026-09-06T15:28:56+00:00
2024,WI,55119,Taylor County,2024-10-06,30,241,,241,0,,,,,1,wi-wec,2026-09-06T15:28:56+00:00
2024,WI,55119,Taylor County,2024-10-07,29,244,,244,0,,,,,1,wi-wec,2026-09-06T15:28:56+00:00
2024,WI,55119,Taylor County,2024-10-08,28,267,,267,0,,,,,1,wi-wec,2026-09-06T15:28:56+00:00
2024,WI,55119,Taylor County,2024-10-10,26,299,,299,0,,,,,1,wi-wec,2026-09-06T15:28:56+00:00
2024,WI,55119,Taylor County,2024-10-11,25,347,,347,0,,,,,1,wi-wec,2026-09-06T15:28:56+00:00
2024,WI,55119,Taylor County,2024-10-12,24,363,,363,0,,,,,1,wi-wec,2026-09-06T15:28:56+00:00
2024,WI,55119,Taylor County,2024-10-13,23,365,,365,0,,,,,1,wi-wec,2026-09-06T15:28:56+00:00
2024,WI,55119,Taylor County,2024-10-14,22,382,,382,0,,,,,1,wi-wec,2026-09-06T15:28:56+00:00
2024,WI,55119,Taylor County,2024-10-15,21,383,,383,0,,,,,1,wi-wec,2026-09-06T15:28:56+00:00
2024,WI,55119,Taylor County,2024-10-16,20,428,,428,0,,,,,1,wi-wec,2026-09-06T15:28:56+00:00
2024,WI,55119,Taylor County,2024-10-17,19,492,,492,0,,,,,1,wi-wec,2026-09-06T15:28:56+00:00
2024,WI,55119,Taylor County,2024-10-18,18,518,,518,0,,,,,1,wi-wec,2026-09-06T15:28:56+00:00
2024,WI,55119,Taylor County,2024-10-19,17,534,,534,0,,,,,1,wi-wec,2026-09-06T15:28:56+00:00
2024,WI,55119,Taylor County,2024-10-20,16,543,,543,0,,,,,1,wi-wec,2026-09-06T15:28:56+00:00
2024,WI,55119,Taylor County,2024-10-21,15,565,,565,0,,,,,1,wi-wec,2026-09-06T15:28:56+00:00
2024,WI,55119,Taylor County,2024-10-22,14,613,,608,5,,,,,1,wi-wec,2026-09-06T15:28:56+00:00
2024,WI,55119,Taylor County,2024-10-23,13,678,,664,14,,,,,1,wi-wec,2026-09-06T15:28:56+00:00
2024,WI,55119,Taylor County,2024-10-24,12,848,,760,88,,,,,1,wi-wec,2026-09-06T15:28:56+00:00
2024,WI,55119,Taylor County,2024-10-25,11,905,,796,109,,,,,1,wi-wec,2026-09-06T15:28:56+00:00
2024,WI,55119,Taylor County,2024-10-28,8,1031,,873,158,,,,,1,wi-wec,2026-09-06T15:28:56+00:00
2024,WI,55119,Taylor County,2024-10-30,6,1468,,1003,465,,,,,1,wi-wec,2026-09-06T15:28:56+00:00
2024,WI,55119,Taylor County,2024-11-05,0,2088,,1143,945,,,,,1,wi-wec,2026-09-06T15:28:56+00:00
2024,WI,55119,Taylor County,2024-11-06,-1,2198,,1191,1007,,,,,1,wi-wec,2026-09-06T15:28:56+00:00
2024,WI,55119,Taylor County,2024-11-07,-2,2198,,1191,1007,,,,,1,wi-wec,2026-09-06T15:28:56+00:00
2024,WI,55121,Trempealeau County,2024-10-02,34,200,,200,0,,,,,1,wi-wec,2026-09-06T15:28:56+00:00
2024,WI,55121,Trempealeau County,2024-10-03,33,246,,246,0,,,,,1,wi-wec,2026-09-06T15:28:56+00:00
2024,WI,55121,Trempealeau County,2024-10-04,32,278,,278,0,,,,,1,wi-wec,2026-09-06T15:28:56+00:00
2024,WI,55121,Trempealeau County,2024-10-05,31,299,,299,0,,,,,1,wi-wec,2026-09-06T15:28:56+00:00
2024,WI,55121,Trempealeau County,2024-10-06,30,303,,303,0,,,,,1,wi-wec,2026-09-06T15:28:56+00:00
2024,WI,55121,Trempealeau County,2024-10-07,29,310,,310,0,,,,,1,wi-wec,2026-09-06T15:28:56+00:00
2024,WI,55121,Trempealeau County,2024-10-08,28,356,,356,0,,,,,1,wi-wec,2026-09-06T15:28:56+00:00
2024,WI,55121,Trempealeau County,2024-10-10,26,423,,423,0,,,,,1,wi-wec,2026-09-06T15:28:56+00:00
2024,WI,55121,Trempealeau County,2024-10-11,25,450,,450,0,,,,,1,wi-wec,2026-09-06T15:28:56+00:00
2024,WI,55121,Trempealeau County,2024-10-12,24,470,,470,0,,,,,1,wi-wec,2026-09-06T15:28:56+00:00
2024,WI,55121,Trempealeau County,2024-10-13,23,477,,477,0,,,,,1,wi-wec,2026-09-06T15:28:56+00:00
2024,WI,55121,Trempealeau County,2024-10-14,22,494,,494,0,,,,,1,wi-wec,2026-09-06T15:28:56+00:00
2024,WI,55121,Trempealeau County,2024-10-15,21,530,,530,0,,,,,1,wi-wec,2026-09-06T15:28:56+00:00
2024,WI,55121,Trempealeau County,2024-10-16,20,615,,615,0,,,,,1,wi-wec,2026-09-06T15:28:56+00:00
2024,WI,55121,Trempealeau County,2024-10-17,19,633,,633,0,,,,,1,wi-wec,2026-09-06T15:28:56+00:00
2024,WI,55121,Trempealeau County,2024-10-18,18,655,,655,0,,,,,1,wi-wec,2026-09-06T15:28:56+00:00
2024,WI,55121,Trempealeau County,2024-10-19,17,717,,717,0,,,,,1,wi-wec,2026-09-06T15:28:56+00:00
2024,WI,55121,Trempealeau County,2024-10-20,16,721,,721,0,,,,,1,wi-wec,2026-09-06T15:28:56+00:00
2024,WI,55121,Trempealeau County,2024-10-21,15,721,,721,0,,,,,1,wi-wec,2026-09-06T15:28:56+00:00
2024,WI,55121,Trempealeau County,2024-10-22,14,771,,771,0,,,,,1,wi-wec,2026-09-06T15:28:56+00:00
2024,WI,55121,Trempealeau County,2024-10-23,13,1001,,843,158,,,,,1,wi-wec,2026-09-06T15:28:56+00:00
2024,WI,55121,Trempealeau County,2024-10-24,12,1320,,966,354,,,,,1,wi-wec,2026-09-06T15:28:56+00:00
2024,WI,55121,Trempealeau County,2024-10-25,11,1535,,1020,515,,,,,1,wi-wec,2026-09-06T15:28:56+00:00
2024,WI,55121,Trempealeau County,2024-10-28,8,1740,,1055,685,,,,,1,wi-wec,2026-09-06T15:28:56+00:00
2024,WI,55121,Trempealeau County,2024-10-30,6,2155,,1153,1002,,,,,1,wi-wec,2026-09-06T15:28:56+00:00
2024,WI,55121,Trempealeau County,2024-11-05,0,3469,,1557,1912,,,,,1,wi-wec,2026-09-06T15:28:56+00:00
2024,WI,55121,Trempealeau County,2024-11-06,-1,3489,,1577,1912,,,,,1,wi-wec,2026-09-06T15:28:56+00:00
2024,WI,55121,Trempealeau County,2024-11-07,-2,3490,,1578,1912,,,,,1,wi-wec,2026-09-06T15:28:56+00:00
2024,WI,55123,Vernon County,2024-10-02,34,150,,150,0,,,,,1,wi-wec,2026-09-06T15:28:56+00:00
2024,WI,55123,Vernon County,2024-10-03,33,182,,182,0,,,,,1,wi-wec,2026-09-06T15:28:56+00:00
2024,WI,55123,Vernon County,2024-10-04,32,198,,198,0,,,,,1,wi-wec,2026-09-06T15:28:56+00:00
2024,WI,55123,Vernon County,2024-10-05,31,225,,225,0,,,,,1,wi-wec,2026-09-06T15:28:56+00:00
2024,WI,55123,Vernon County,2024-10-06,30,225,,225,0,,,,,1,wi-wec,2026-09-06T15:28:56+00:00
2024,WI,55123,Vernon County,2024-10-07,29,225,,225,0,,,,,1,wi-wec,2026-09-06T15:28:56+00:00
2024,WI,55123,Vernon County,2024-10-08,28,299,,299,0,,,,,1,wi-wec,2026-09-06T15:28:56+00:00
2024,WI,55123,Vernon County,2024-10-10,26,386,,386,0,,,,,1,wi-wec,2026-09-06T15:28:56+00:00
2024,WI,55123,Vernon County,2024-10-11,25,404,,404,0,,,,,1,wi-wec,2026-09-06T15:28:56+00:00
2024,WI,55123,Vernon County,2024-10-12,24,463,,463,0,,,,,1,wi-wec,2026-09-06T15:28:56+00:00
2024,WI,55123,Vernon County,2024-10-13,23,463,,463,0,,,,,1,wi-wec,2026-09-06T15:28:56+00:00
2024,WI,55123,Vernon County,2024-10-14,22,463,,463,0,,,,,1,wi-wec,2026-09-06T15:28:56+00:00
2024,WI,55123,Vernon County,2024-10-15,21,520,,520,0,,,,,1,wi-wec,2026-09-06T15:28:56+00:00
2024,WI,55123,Vernon County,2024-10-16,20,546,,546,0,,,,,1,wi-wec,2026-09-06T15:28:56+00:00
2024,WI,55123,Vernon County,2024-10-17,19,653,,653,0,,,,,1,wi-wec,2026-09-06T15:28:56+00:00
2024,WI,55123,Vernon County,2024-10-18,18,724,,724,0,,,,,1,wi-wec,2026-09-06T15:28:56+00:00
2024,WI,55123,Vernon County,2024-10-19,17,770,,770,0,,,,,1,wi-wec,2026-09-06T15:28:56+00:00
2024,WI,55123,Vernon County,2024-10-20,16,770,,770,0,,,,,1,wi-wec,2026-09-06T15:28:56+00:00
2024,WI,55123,Vernon County,2024-10-21,15,771,,771,0,,,,,1,wi-wec,2026-09-06T15:28:56+00:00
2024,WI,55123,Vernon County,2024-10-22,14,883,,883,0,,,,,1,wi-wec,2026-09-06T15:28:56+00:00
2024,WI,55123,Vernon County,2024-10-23,13,1138,,1009,129,,,,,1,wi-wec,2026-09-06T15:28:56+00:00
2024,WI,55123,Vernon County,2024-10-24,12,1380,,1106,274,,,,,1,wi-wec,2026-09-06T15:28:56+00:00
2024,WI,55123,Vernon County,2024-10-25,11,1519,,1158,361,,,,,1,wi-wec,2026-09-06T15:28:56+00:00
2024,WI,55123,Vernon County,2024-10-28,8,1756,,1304,452,,,,,1,wi-wec,2026-09-06T15:28:56+00:00
2024,WI,55123,Vernon County,2024-10-30,6,2021,,1370,651,,,,,1,wi-wec,2026-09-06T15:28:56+00:00
2024,WI,55123,Vernon County,2024-11-05,0,3149,,2273,876,,,,,1,wi-wec,2026-09-06T15:28:56+00:00
2024,WI,55123,Vernon County,2024-11-06,-1,3255,,2379,876,,,,,1,wi-wec,2026-09-06T15:28:56+00:00
2024,WI,55123,Vernon County,2024-11-07,-2,3318,,2442,876,,,,,1,wi-wec,2026-09-06T15:28:56+00:00
2024,WI,55125,Vilas County,2024-10-02,34,578,,578,0,,,,,1,wi-wec,2026-09-06T15:28:56+00:00
2024,WI,55125,Vilas County,2024-10-03,33,637,,637,0,,,,,1,wi-wec,2026-09-06T15:28:56+00:00
2024,WI,55125,Vilas County,2024-10-04,32,729,,729,0,,,,,1,wi-wec,2026-09-06T15:28:56+00:00
2024,WI,55125,Vilas County,2024-10-05,31,786,,786,0,,,,,1,wi-wec,2026-09-06T15:28:56+00:00
2024,WI,55125,Vilas County,2024-10-06,30,786,,786,0,,,,,1,wi-wec,2026-09-06T15:28:56+00:00
2024,WI,55125,Vilas County,2024-10-07,29,807,,807,0,,,,,1,wi-wec,2026-09-06T15:28:56+00:00
2024,WI,55125,Vilas County,2024-10-08,28,929,,929,0,,,,,1,wi-wec,2026-09-06T15:28:56+00:00
2024,WI,55125,Vilas County,2024-10-10,26,1093,,1093,0,,,,,1,wi-wec,2026-09-06T15:28:56+00:00
2024,WI,55125,Vilas County,2024-10-11,25,1134,,1134,0,,,,,1,wi-wec,2026-09-06T15:28:56+00:00
2024,WI,55125,Vilas County,2024-10-12,24,1185,,1185,0,,,,,1,wi-wec,2026-09-06T15:28:56+00:00
2024,WI,55125,Vilas County,2024-10-13,23,1194,,1194,0,,,,,1,wi-wec,2026-09-06T15:28:56+00:00
2024,WI,55125,Vilas County,2024-10-14,22,1210,,1210,0,,,,,1,wi-wec,2026-09-06T15:28:56+00:00
2024,WI,55125,Vilas County,2024-10-15,21,1282,,1282,0,,,,,1,wi-wec,2026-09-06T15:28:56+00:00
2024,WI,55125,Vilas County,2024-10-16,20,1416,,1416,0,,,,,1,wi-wec,2026-09-06T15:28:56+00:00
2024,WI,55125,Vilas County,2024-10-17,19,1532,,1532,0,,,,,1,wi-wec,2026-09-06T15:28:56+00:00
2024,WI,55125,Vilas County,2024-10-18,18,1603,,1603,0,,,,,1,wi-wec,2026-09-06T15:28:56+00:00
2024,WI,55125,Vilas County,2024-10-19,17,1693,,1693,0,,,,,1,wi-wec,2026-09-06T15:28:56+00:00
2024,WI,55125,Vilas County,2024-10-20,16,1701,,1701,0,,,,,1,wi-wec,2026-09-06T15:28:56+00:00
2024,WI,55125,Vilas County,2024-10-21,15,1714,,1714,0,,,,,1,wi-wec,2026-09-06T15:28:56+00:00
2024,WI,55125,Vilas County,2024-10-22,14,1867,,1867,0,,,,,1,wi-wec,2026-09-06T15:28:56+00:00
2024,WI,55125,Vilas County,2024-10-23,13,2503,,1992,511,,,,,1,wi-wec,2026-09-06T15:28:56+00:00
2024,WI,55125,Vilas County,2024-10-24,12,3196,,2109,1087,,,,,1,wi-wec,2026-09-06T15:28:56+00:00
2024,WI,55125,Vilas County,2024-10-25,11,3723,,2184,1539,,,,,1,wi-wec,2026-09-06T15:28:56+00:00
2024,WI,55125,Vilas County,2024-10-28,8,4049,,2288,1761,,,,,1,wi-wec,2026-09-06T15:28:56+00:00
2024,WI,55125,Vilas County,2024-10-30,6,5067,,2500,2567,,,,,1,wi-wec,2026-09-06T15:28:56+00:00
2024,WI,55125,Vilas County,2024-11-05,0,6764,,2831,3933,,,,,1,wi-wec,2026-09-06T15:28:56+00:00
2024,WI,55125,Vilas County,2024-11-06,-1,6818,,2885,3933,,,,,1,wi-wec,2026-09-06T15:28:56+00:00
2024,WI,55125,Vilas County,2024-11-07,-2,6818,,2885,3933,,,,,1,wi-wec,2026-09-06T15:28:56+00:00
2024,WI,55127,Walworth County,2024-10-02,34,1630,,1630,0,,,,,1,wi-wec,2026-09-06T15:28:56+00:00
2024,WI,55127,Walworth County,2024-10-03,33,1843,,1843,0,,,,,1,wi-wec,2026-09-06T15:28:56+00:00
2024,WI,55127,Walworth County,2024-10-04,32,2085,,2085,0,,,,,1,wi-wec,2026-09-06T15:28:56+00:00
2024,WI,55127,Walworth County,2024-10-05,31,2259,,2259,0,,,,,1,wi-wec,2026-09-06T15:28:56+00:00
2024,WI,55127,Walworth County,2024-10-06,30,2266,,2266,0,,,,,1,wi-wec,2026-09-06T15:28:56+00:00
2024,WI,55127,Walworth County,2024-10-07,29,2266,,2266,0,,,,,1,wi-wec,2026-09-06T15:28:56+00:00
2024,WI,55127,Walworth County,2024-10-08,28,2673,,2673,0,,,,,1,wi-wec,2026-09-06T15:28:56+00:00
2024,WI,55127,Walworth County,2024-10-10,26,3229,,3229,0,,,,,1,wi-wec,2026-09-06T15:28:56+00:00
2024,WI,55127,Walworth County,2024-10-11,25,3420,,3420,0,,,,,1,wi-wec,2026-09-06T15:28:56+00:00
2024,WI,55127,Walworth County,2024-10-12,24,3672,,3672,0,,,,,1,wi-wec,2026-09-06T15:28:56+00:00
2024,WI,55127,Walworth County,2024-10-13,23,3684,,3684,0,,,,,1,wi-wec,2026-09-06T15:28:56+00:00
2024,WI,55127,Walworth County,2024-10-14,22,3702,,3702,0,,,,,1,wi-wec,2026-09-06T15:28:56+00:00
2024,WI,55127,Walworth County,2024-10-15,21,3861,,3861,0,,,,,1,wi-wec,2026-09-06T15:28:56+00:00
2024,WI,55127,Walworth County,2024-10-16,20,4157,,4157,0,,,,,1,wi-wec,2026-09-06T15:28:56+00:00
2024,WI,55127,Walworth County,2024-10-17,19,4416,,4416,0,,,,,1,wi-wec,2026-09-06T15:28:56+00:00
2024,WI,55127,Walworth County,2024-10-18,18,4764,,4764,0,,,,,1,wi-wec,2026-09-06T15:28:56+00:00
2024,WI,55127,Walworth County,2024-10-19,17,5199,,5199,0,,,,,1,wi-wec,2026-09-06T15:28:56+00:00
2024,WI,55127,Walworth County,2024-10-20,16,5213,,5213,0,,,,,1,wi-wec,2026-09-06T15:28:56+00:00
2024,WI,55127,Walworth County,2024-10-21,15,5235,,5235,0,,,,,1,wi-wec,2026-09-06T15:28:56+00:00
2024,WI,55127,Walworth County,2024-10-22,14,5692,,5691,1,,,,,1,wi-wec,2026-09-06T15:28:56+00:00
2024,WI,55127,Walworth County,2024-10-23,13,8928,,6093,2835,,,,,1,wi-wec,2026-09-06T15:28:56+00:00
2024,WI,55127,Walworth County,2024-10-24,12,11766,,6445,5321,,,,,1,wi-wec,2026-09-06T15:28:56+00:00
2024,WI,55127,Walworth County,2024-10-25,11,13889,,6812,7077,,,,,1,wi-wec,2026-09-06T15:28:56+00:00
2024,WI,55127,Walworth County,2024-10-28,8,16780,,7216,9564,,,,,1,wi-wec,2026-09-06T15:28:56+00:00
2024,WI,55127,Walworth County,2024-10-30,6,21558,,7963,13595,,,,,1,wi-wec,2026-09-06T15:28:56+00:00
2024,WI,55127,Walworth County,2024-11-05,0,29594,,9369,20225,,,,,1,wi-wec,2026-09-06T15:28:56+00:00
2024,WI,55127,Walworth County,2024-11-06,-1,29861,,9636,20225,,,,,1,wi-wec,2026-09-06T15:28:56+00:00
2024,WI,55127,Walworth County,2024-11-07,-2,29895,,9671,20224,,,,,1,wi-wec,2026-09-06T15:28:56+00:00
2024,WI,55129,Washburn County,2024-10-02,34,286,,286,0,,,,,1,wi-wec,2026-09-06T15:28:56+00:00
2024,WI,55129,Washburn County,2024-10-03,33,304,,304,0,,,,,1,wi-wec,2026-09-06T15:28:56+00:00
2024,WI,55129,Washburn County,2024-10-04,32,343,,343,0,,,,,1,wi-wec,2026-09-06T15:28:56+00:00
2024,WI,55129,Washburn County,2024-10-05,31,387,,387,0,,,,,1,wi-wec,2026-09-06T15:28:56+00:00
2024,WI,55129,Washburn County,2024-10-06,30,387,,387,0,,,,,1,wi-wec,2026-09-06T15:28:56+00:00
2024,WI,55129,Washburn County,2024-10-07,29,404,,404,0,,,,,1,wi-wec,2026-09-06T15:28:56+00:00
2024,WI,55129,Washburn County,2024-10-08,28,456,,456,0,,,,,1,wi-wec,2026-09-06T15:28:56+00:00
2024,WI,55129,Washburn County,2024-10-10,26,511,,511,0,,,,,1,wi-wec,2026-09-06T15:28:56+00:00
2024,WI,55129,Washburn County,2024-10-11,25,542,,542,0,,,,,1,wi-wec,2026-09-06T15:28:56+00:00
2024,WI,55129,Washburn County,2024-10-12,24,565,,565,0,,,,,1,wi-wec,2026-09-06T15:28:56+00:00
2024,WI,55129,Washburn County,2024-10-13,23,568,,568,0,,,,,1,wi-wec,2026-09-06T15:28:56+00:00
2024,WI,55129,Washburn County,2024-10-14,22,568,,568,0,,,,,1,wi-wec,2026-09-06T15:28:56+00:00
2024,WI,55129,Washburn County,2024-10-15,21,630,,630,0,,,,,1,wi-wec,2026-09-06T15:28:56+00:00
2024,WI,55129,Washburn County,2024-10-16,20,708,,708,0,,,,,1,wi-wec,2026-09-06T15:28:56+00:00
2024,WI,55129,Washburn County,2024-10-17,19,731,,731,0,,,,,1,wi-wec,2026-09-06T15:28:56+00:00
2024,WI,55129,Washburn County,2024-10-18,18,775,,775,0,,,,,1,wi-wec,2026-09-06T15:28:56+00:00
2024,WI,55129,Washburn County,2024-10-19,17,834,,834,0,,,,,1,wi-wec,2026-09-06T15:28:56+00:00
2024,WI,55129,Washburn County,2024-10-20,16,834,,834,0,,,,,1,wi-wec,2026-09-06T15:28:56+00:00
2024,WI,55129,Washburn County,2024-10-21,15,838,,838,0,,,,,1,wi-wec,2026-09-06T15:28:56+00:00
2024,WI,55129,Washburn County,2024-10-22,14,926,,926,0,,,,,1,wi-wec,2026-09-06T15:28:56+00:00
2024,WI,55129,Washburn County,2024-10-23,13,1082,,966,116,,,,,1,wi-wec,2026-09-06T15:28:56+00:00
2024,WI,55129,Washburn County,2024-10-24,12,1284,,1030,254,,,,,1,wi-wec,2026-09-06T15:28:56+00:00
2024,WI,55129,Washburn County,2024-10-25,11,1503,,1078,425,,,,,1,wi-wec,2026-09-06T15:28:56+00:00
2024,WI,55129,Washburn County,2024-10-28,8,1643,,1115,528,,,,,1,wi-wec,2026-09-06T15:28:56+00:00
2024,WI,55129,Washburn County,2024-10-30,6,2084,,1265,819,,,,,1,wi-wec,2026-09-06T15:28:56+00:00
2024,WI,55129,Washburn County,2024-11-05,0,2745,,1447,1298,,,,,1,wi-wec,2026-09-06T15:28:56+00:00
2024,WI,55129,Washburn County,2024-11-06,-1,2759,,1461,1298,,,,,1,wi-wec,2026-09-06T15:28:56+00:00
2024,WI,55129,Washburn County,2024-11-07,-2,2803,,1505,1298,,,,,1,wi-wec,2026-09-06T15:28:56+00:00
2024,WI,55131,Washington County,2024-10-02,34,2357,,2357,0,,,,,1,wi-wec,2026-09-06T15:28:56+00:00
2024,WI,55131,Washington County,2024-10-03,33,2825,,2825,0,,,,,1,wi-wec,2026-09-06T15:28:56+00:00
2024,WI,55131,Washington County,2024-10-04,32,3172,,3172,0,,,,,1,wi-wec,2026-09-06T15:28:56+00:00
2024,WI,55131,Washington County,2024-10-05,31,3505,,3505,0,,,,,1,wi-wec,2026-09-06T15:28:56+00:00
2024,WI,55131,Washington County,2024-10-06,30,3523,,3523,0,,,,,1,wi-wec,2026-09-06T15:28:56+00:00
2024,WI,55131,Washington County,2024-10-07,29,3558,,3558,0,,,,,1,wi-wec,2026-09-06T15:28:56+00:00
2024,WI,55131,Washington County,2024-10-08,28,4079,,4079,0,,,,,1,wi-wec,2026-09-06T15:28:56+00:00
2024,WI,55131,Washington County,2024-10-10,26,4895,,4895,0,,,,,1,wi-wec,2026-09-06T15:28:56+00:00
2024,WI,55131,Washington County,2024-10-11,25,5148,,5148,0,,,,,1,wi-wec,2026-09-06T15:28:56+00:00
2024,WI,55131,Washington County,2024-10-12,24,5506,,5506,0,,,,,1,wi-wec,2026-09-06T15:28:56+00:00
2024,WI,55131,Washington County,2024-10-13,23,5515,,5515,0,,,,,1,wi-wec,2026-09-06T15:28:56+00:00
2024,WI,55131,Washington County,2024-10-14,22,5525,,5525,0,,,,,1,wi-wec,2026-09-06T15:28:56+00:00
2024,WI,55131,Washington County,2024-10-15,21,5904,,5904,0,,,,,1,wi-wec,2026-09-06T15:28:56+00:00
2024,WI,55131,Washington County,2024-10-16,20,6518,,6518,0,,,,,1,wi-wec,2026-09-06T15:28:56+00:00
2024,WI,55131,Washington County,2024-10-17,19,6869,,6869,0,,,,,1,wi-wec,2026-09-06T15:28:56+00:00
2024,WI,55131,Washington County,2024-10-18,18,7434,,7434,0,,,,,1,wi-wec,2026-09-06T15:28:56+00:00
2024,WI,55131,Washington County,2024-10-19,17,7845,,7845,0,,,,,1,wi-wec,2026-09-06T15:28:56+00:00
2024,WI,55131,Washington County,2024-10-20,16,7854,,7854,0,,,,,1,wi-wec,2026-09-06T15:28:56+00:00
2024,WI,55131,Washington County,2024-10-21,15,7857,,7857,0,,,,,1,wi-wec,2026-09-06T15:28:56+00:00
2024,WI,55131,Washington County,2024-10-22,14,8789,,8771,18,,,,,1,wi-wec,2026-09-06T15:28:56+00:00
2024,WI,55131,Washington County,2024-10-23,13,13828,,9017,4811,,,,,1,wi-wec,2026-09-06T15:28:56+00:00
2024,WI,55131,Washington County,2024-10-24,12,18660,,9486,9174,,,,,1,wi-wec,2026-09-06T15:28:56+00:00
2024,WI,55131,Washington County,2024-10-25,11,23931,,9817,14114,,,,,1,wi-wec,2026-09-06T15:28:56+00:00
2024,WI,55131,Washington County,2024-10-28,8,31011,,10752,20259,,,,,1,wi-wec,2026-09-06T15:28:56+00:00
2024,WI,55131,Washington County,2024-10-30,6,40008,,11936,28072,,,,,1,wi-wec,2026-09-06T15:28:56+00:00
2024,WI,55131,Washington County,2024-11-05,0,54438,,14168,40270,,,,,1,wi-wec,2026-09-06T15:28:56+00:00
2024,WI,55131,Washington County,2024-11-06,-1,54784,,14514,40270,,,,,1,wi-wec,2026-09-06T15:28:56+00:00
2024,WI,55131,Washington County,2024-11-07,-2,54785,,14515,40270,,,,,1,wi-wec,2026-09-06T15:28:56+00:00
2024,WI,55133,Waukesha County,2024-10-02,34,8938,,8938,0,,,,,1,wi-wec,2026-09-06T15:28:56+00:00
2024,WI,55133,Waukesha County,2024-10-03,33,10367,,10367,0,,,,,1,wi-wec,2026-09-06T15:28:56+00:00
2024,WI,55133,Waukesha County,2024-10-04,32,11784,,11784,0,,,,,1,wi-wec,2026-09-06T15:28:56+00:00
2024,WI,55133,Waukesha County,2024-10-05,31,12933,,12933,0,,,,,1,wi-wec,2026-09-06T15:28:56+00:00
2024,WI,55133,Waukesha County,2024-10-06,30,12933,,12933,0,,,,,1,wi-wec,2026-09-06T15:28:56+00:00
2024,WI,55133,Waukesha County,2024-10-07,29,12935,,12935,0,,,,,1,wi-wec,2026-09-06T15:28:56+00:00
2024,WI,55133,Waukesha County,2024-10-08,28,15033,,15033,0,,,,,1,wi-wec,2026-09-06T15:28:56+00:00
2024,WI,55133,Waukesha County,2024-10-10,26,17867,,17867,0,,,,,1,wi-wec,2026-09-06T15:28:56+00:00
2024,WI,55133,Waukesha County,2024-10-11,25,19391,,19391,0,,,,,1,wi-wec,2026-09-06T15:28:56+00:00
2024,WI,55133,Waukesha County,2024-10-12,24,20491,,20491,0,,,,,1,wi-wec,2026-09-06T15:28:56+00:00
2024,WI,55133,Waukesha County,2024-10-13,23,20491,,20491,0,,,,,1,wi-wec,2026-09-06T15:28:56+00:00
2024,WI,55133,Waukesha County,2024-10-14,22,20491,,20491,0,,,,,1,wi-wec,2026-09-06T15:28:56+00:00
2024,WI,55133,Waukesha County,2024-10-15,21,21336,,21336,0,,,,,1,wi-wec,2026-09-06T15:28:56+00:00
2024,WI,55133,Waukesha County,2024-10-16,20,24056,,24056,0,,,,,1,wi-wec,2026-09-06T15:28:56+00:00
2024,WI,55133,Waukesha County,2024-10-17,19,25310,,25310,0,,,,,1,wi-wec,2026-09-06T15:28:56+00:00
2024,WI,55133,Waukesha County,2024-10-18,18,28107,,28107,0,,,,,1,wi-wec,2026-09-06T15:28:56+00:00
2024,WI,55133,Waukesha County,2024-10-19,17,29636,,29636,0,,,,,1,wi-wec,2026-09-06T15:28:56+00:00
2024,WI,55133,Waukesha County,2024-10-20,16,29816,,29816,0,,,,,1,wi-wec,2026-09-06T15:28:56+00:00
2024,WI,55133,Waukesha County,2024-10-21,15,29816,,29816,0,,,,,1,wi-wec,2026-09-06T15:28:56+00:00
2024,WI,55133,Waukesha County,2024-10-22,14,32986,,32922,64,,,,,1,wi-wec,2026-09-06T15:28:56+00:00
2024,WI,55133,Waukesha County,2024-10-23,13,45453,,34056,11397,,,,,1,wi-wec,2026-09-06T15:28:56+00:00
2024,WI,55133,Waukesha County,2024-10-24,12,59995,,36567,23428,,,,,1,wi-wec,2026-09-06T15:28:56+00:00
2024,WI,55133,Waukesha County,2024-10-25,11,76324,,38533,37791,,,,,1,wi-wec,2026-09-06T15:28:56+00:00
2024,WI,55133,Waukesha County,2024-10-28,8,94340,,40747,53593,,,,,1,wi-wec,2026-09-06T15:28:56+00:00
2024,WI,55133,Waukesha County,2024-10-30,6,122647,,45583,77064,,,,,1,wi-wec,2026-09-06T15:28:56+00:00
2024,WI,55133,Waukesha County,2024-11-05,0,168534,,53548,114986,,,,,1,wi-wec,2026-09-06T15:28:56+00:00
2024,WI,55133,Waukesha County,2024-11-06,-1,169602,,54550,115052,,,,,1,wi-wec,2026-09-06T15:28:56+00:00
2024,WI,55133,Waukesha County,2024-11-07,-2,169678,,54626,115052,,,,,1,wi-wec,2026-09-06T15:28:56+00:00
2024,WI,55135,Waupaca County,2024-10-02,34,613,,613,0,,,,,1,wi-wec,2026-09-06T15:28:56+00:00
2024,WI,55135,Waupaca County,2024-10-03,33,691,,691,0,,,,,1,wi-wec,2026-09-06T15:28:56+00:00
2024,WI,55135,Waupaca County,2024-10-04,32,776,,776,0,,,,,1,wi-wec,2026-09-06T15:28:56+00:00
2024,WI,55135,Waupaca County,2024-10-05,31,862,,862,0,,,,,1,wi-wec,2026-09-06T15:28:56+00:00
2024,WI,55135,Waupaca County,2024-10-06,30,868,,868,0,,,,,1,wi-wec,2026-09-06T15:28:56+00:00
2024,WI,55135,Waupaca County,2024-10-07,29,868,,868,0,,,,,1,wi-wec,2026-09-06T15:28:56+00:00
2024,WI,55135,Waupaca County,2024-10-08,28,995,,995,0,,,,,1,wi-wec,2026-09-06T15:28:56+00:00
2024,WI,55135,Waupaca County,2024-10-10,26,1175,,1175,0,,,,,1,wi-wec,2026-09-06T15:28:56+00:00
2024,WI,55135,Waupaca County,2024-10-11,25,1280,,1280,0,,,,,1,wi-wec,2026-09-06T15:28:56+00:00
2024,WI,55135,Waupaca County,2024-10-12,24,1365,,1365,0,,,,,1,wi-wec,2026-09-06T15:28:56+00:00
2024,WI,55135,Waupaca County,2024-10-13,23,1371,,1371,0,,,,,1,wi-wec,2026-09-06T15:28:56+00:00
2024,WI,55135,Waupaca County,2024-10-14,22,1371,,1371,0,,,,,1,wi-wec,2026-09-06T15:28:56+00:00
2024,WI,55135,Waupaca County,2024-10-15,21,1447,,1447,0,,,,,1,wi-wec,2026-09-06T15:28:56+00:00
2024,WI,55135,Waupaca County,2024-10-16,20,1774,,1774,0,,,,,1,wi-wec,2026-09-06T15:28:56+00:00
2024,WI,55135,Waupaca County,2024-10-17,19,1915,,1915,0,,,,,1,wi-wec,2026-09-06T15:28:56+00:00
2024,WI,55135,Waupaca County,2024-10-18,18,1972,,1972,0,,,,,1,wi-wec,2026-09-06T15:28:56+00:00
2024,WI,55135,Waupaca County,2024-10-19,17,2053,,2053,0,,,,,1,wi-wec,2026-09-06T15:28:56+00:00
2024,WI,55135,Waupaca County,2024-10-20,16,2097,,2097,0,,,,,1,wi-wec,2026-09-06T15:28:56+00:00
2024,WI,55135,Waupaca County,2024-10-21,15,2099,,2099,0,,,,,1,wi-wec,2026-09-06T15:28:56+00:00
2024,WI,55135,Waupaca County,2024-10-22,14,2295,,2295,0,,,,,1,wi-wec,2026-09-06T15:28:56+00:00
2024,WI,55135,Waupaca County,2024-10-23,13,2974,,2414,560,,,,,1,wi-wec,2026-09-06T15:28:56+00:00
2024,WI,55135,Waupaca County,2024-10-24,12,3977,,2639,1338,,,,,1,wi-wec,2026-09-06T15:28:56+00:00
2024,WI,55135,Waupaca County,2024-10-25,11,4568,,2785,1783,,,,,1,wi-wec,2026-09-06T15:28:56+00:00
2024,WI,55135,Waupaca County,2024-10-28,8,5193,,2915,2278,,,,,1,wi-wec,2026-09-06T15:28:56+00:00
2024,WI,55135,Waupaca County,2024-10-30,6,6692,,3252,3440,,,,,1,wi-wec,2026-09-06T15:28:56+00:00
2024,WI,55135,Waupaca County,2024-11-05,0,9231,,3750,5481,,,,,1,wi-wec,2026-09-06T15:28:56+00:00
2024,WI,55135,Waupaca County,2024-11-06,-1,9312,,3819,5493,,,,,1,wi-wec,2026-09-06T15:28:56+00:00
2024,WI,55135,Waupaca County,2024-11-07,-2,9314,,3821,5493,,,,,1,wi-wec,2026-09-06T15:28:56+00:00
2024,WI,55137,Waushara County,2024-10-02,34,273,,273,0,,,,,1,wi-wec,2026-09-06T15:28:56+00:00
2024,WI,55137,Waushara County,2024-10-03,33,286,,286,0,,,,,1,wi-wec,2026-09-06T15:28:56+00:00
2024,WI,55137,Waushara County,2024-10-04,32,341,,341,0,,,,,1,wi-wec,2026-09-06T15:28:56+00:00
2024,WI,55137,Waushara County,2024-10-05,31,371,,371,0,,,,,1,wi-wec,2026-09-06T15:28:56+00:00
2024,WI,55137,Waushara County,2024-10-06,30,375,,375,0,,,,,1,wi-wec,2026-09-06T15:28:56+00:00
2024,WI,55137,Waushara County,2024-10-07,29,379,,379,0,,,,,1,wi-wec,2026-09-06T15:28:56+00:00
2024,WI,55137,Waushara County,2024-10-08,28,424,,424,0,,,,,1,wi-wec,2026-09-06T15:28:56+00:00
2024,WI,55137,Waushara County,2024-10-10,26,525,,525,0,,,,,1,wi-wec,2026-09-06T15:28:56+00:00
2024,WI,55137,Waushara County,2024-10-11,25,578,,578,0,,,,,1,wi-wec,2026-09-06T15:28:56+00:00
2024,WI,55137,Waushara County,2024-10-12,24,616,,616,0,,,,,1,wi-wec,2026-09-06T15:28:56+00:00
2024,WI,55137,Waushara County,2024-10-13,23,622,,622,0,,,,,1,wi-wec,2026-09-06T15:28:56+00:00
2024,WI,55137,Waushara County,2024-10-14,22,627,,627,0,,,,,1,wi-wec,2026-09-06T15:28:56+00:00
2024,WI,55137,Waushara County,2024-10-15,21,672,,672,0,,,,,1,wi-wec,2026-09-06T15:28:56+00:00
2024,WI,55137,Waushara County,2024-10-16,20,721,,721,0,,,,,1,wi-wec,2026-09-06T15:28:56+00:00
2024,WI,55137,Waushara County,2024-10-17,19,809,,809,0,,,,,1,wi-wec,2026-09-06T15:28:56+00:00
2024,WI,55137,Waushara County,2024-10-18,18,848,,848,0,,,,,1,wi-wec,2026-09-06T15:28:56+00:00
2024,WI,55137,Waushara County,2024-10-19,17,887,,887,0,,,,,1,wi-wec,2026-09-06T15:28:56+00:00
2024,WI,55137,Waushara County,2024-10-20,16,903,,903,0,,,,,1,wi-wec,2026-09-06T15:28:56+00:00
2024,WI,55137,Waushara County,2024-10-21,15,906,,906,0,,,,,1,wi-wec,2026-09-06T15:28:56+00:00
2024,WI,55137,Waushara County,2024-10-22,14,986,,986,0,,,,,1,wi-wec,2026-09-06T15:28:56+00:00
2024,WI,55137,Waushara County,2024-10-23,13,1212,,1050,162,,,,,1,wi-wec,2026-09-06T15:28:56+00:00
2024,WI,55137,Waushara County,2024-10-24,12,1462,,1114,348,,,,,1,wi-wec,2026-09-06T15:28:56+00:00
2024,WI,55137,Waushara County,2024-10-25,11,1726,,1205,521,,,,,1,wi-wec,2026-09-06T15:28:56+00:00
2024,WI,55137,Waushara County,2024-10-28,8,1920,,1273,647,,,,,1,wi-wec,2026-09-06T15:28:56+00:00
2024,WI,55137,Waushara County,2024-10-30,6,2423,,1449,974,,,,,1,wi-wec,2026-09-06T15:28:56+00:00
2024,WI,55137,Waushara County,2024-11-05,0,3240,,1694,1546,,,,,1,wi-wec,2026-09-06T15:28:56+00:00
2024,WI,55137,Waushara County,2024-11-06,-1,3295,,1736,1559,,,,,1,wi-wec,2026-09-06T15:28:56+00:00
2024,WI,55137,Waushara County,2024-11-07,-2,3297,,1738,1559,,,,,1,wi-wec,2026-09-06T15:28:56+00:00
2024,WI,55139,Winnebago County,2024-10-02,34,3219,,3219,0,,,,,1,wi-wec,2026-09-06T15:28:56+00:00
2024,WI,55139,Winnebago County,2024-10-03,33,3800,,3800,0,,,,,1,wi-wec,2026-09-06T15:28:56+00:00
2024,WI,55139,Winnebago County,2024-10-04,32,4152,,4152,0,,,,,1,wi-wec,2026-09-06T15:28:56+00:00
2024,WI,55139,Winnebago County,2024-10-05,31,4462,,4462,0,,,,,1,wi-wec,2026-09-06T15:28:56+00:00
2024,WI,55139,Winnebago County,2024-10-06,30,4465,,4465,0,,,,,1,wi-wec,2026-09-06T15:28:56+00:00
2024,WI,55139,Winnebago County,2024-10-07,29,4465,,4465,0,,,,,1,wi-wec,2026-09-06T15:28:56+00:00
2024,WI,55139,Winnebago County,2024-10-08,28,5401,,5401,0,,,,,1,wi-wec,2026-09-06T15:28:56+00:00
2024,WI,55139,Winnebago County,2024-10-10,26,6243,,6243,0,,,,,1,wi-wec,2026-09-06T15:28:56+00:00
2024,WI,55139,Winnebago County,2024-10-11,25,6736,,6736,0,,,,,1,wi-wec,2026-09-06T15:28:56+00:00
2024,WI,55139,Winnebago County,2024-10-12,24,7102,,7102,0,,,,,1,wi-wec,2026-09-06T15:28:56+00:00
2024,WI,55139,Winnebago County,2024-10-13,23,7136,,7136,0,,,,,1,wi-wec,2026-09-06T15:28:56+00:00
2024,WI,55139,Winnebago County,2024-10-14,22,7136,,7136,0,,,,,1,wi-wec,2026-09-06T15:28:56+00:00
2024,WI,55139,Winnebago County,2024-10-15,21,7510,,7510,0,,,,,1,wi-wec,2026-09-06T15:28:56+00:00
2024,WI,55139,Winnebago County,2024-10-16,20,8357,,8357,0,,,,,1,wi-wec,2026-09-06T15:28:56+00:00
2024,WI,55139,Winnebago County,2024-10-17,19,8899,,8899,0,,,,,1,wi-wec,2026-09-06T15:28:56+00:00
2024,WI,55139,Winnebago County,2024-10-18,18,9592,,9592,0,,,,,1,wi-wec,2026-09-06T15:28:56+00:00
2024,WI,55139,Winnebago County,2024-10-19,17,10168,,10168,0,,,,,1,wi-wec,2026-09-06T15:28:56+00:00
2024,WI,55139,Winnebago County,2024-10-20,16,10188,,10188,0,,,,,1,wi-wec,2026-09-06T15:28:56+00:00
2024,WI,55139,Winnebago County,2024-10-21,15,10198,,10198,0,,,,,1,wi-wec,2026-09-06T15:28:56+00:00
2024,WI,55139,Winnebago County,2024-10-22,14,11394,,11390,4,,,,,1,wi-wec,2026-09-06T15:28:56+00:00
2024,WI,55139,Winnebago County,2024-10-23,13,14127,,11795,2332,,,,,1,wi-wec,2026-09-06T15:28:56+00:00
2024,WI,55139,Winnebago County,2024-10-24,12,17429,,12465,4964,,,,,1,wi-wec,2026-09-06T15:28:56+00:00
2024,WI,55139,Winnebago County,2024-10-25,11,21194,,13146,8048,,,,,1,wi-wec,2026-09-06T15:28:56+00:00
2024,WI,55139,Winnebago County,2024-10-28,8,24854,,13768,11086,,,,,1,wi-wec,2026-09-06T15:28:56+00:00
2024,WI,55139,Winnebago County,2024-10-30,6,32277,,15291,16986,,,,,1,wi-wec,2026-09-06T15:28:56+00:00
2024,WI,55139,Winnebago County,2024-11-05,0,43947,,17860,26087,,,,,1,wi-wec,2026-09-06T15:28:56+00:00
2024,WI,55139,Winnebago County,2024-11-06,-1,44459,,18363,26096,,,,,1,wi-wec,2026-09-06T15:28:56+00:00
2024,WI,55139,Winnebago County,2024-11-07,-2,44470,,18373,26097,,,,,1,wi-wec,2026-09-06T15:28:56+00:00
2024,WI,55141,Wood County,2024-10-02,34,1248,,1248,0,,,,,1,wi-wec,2026-09-06T15:28:56+00:00
2024,WI,55141,Wood County,2024-10-03,33,1469,,1469,0,,,,,1,wi-wec,2026-09-06T15:28:56+00:00
2024,WI,55141,Wood County,2024-10-04,32,1608,,1608,0,,,,,1,wi-wec,2026-09-06T15:28:56+00:00
2024,WI,55141,Wood County,2024-10-05,31,1732,,1732,0,,,,,1,wi-wec,2026-09-06T15:28:56+00:00
2024,WI,55141,Wood County,2024-10-06,30,1735,,1735,0,,,,,1,wi-wec,2026-09-06T15:28:56+00:00
2024,WI,55141,Wood County,2024-10-07,29,1756,,1756,0,,,,,1,wi-wec,2026-09-06T15:28:56+00:00
2024,WI,55141,Wood County,2024-10-08,28,2045,,2045,0,,,,,1,wi-wec,2026-09-06T15:28:56+00:00
2024,WI,55141,Wood County,2024-10-10,26,2364,,2364,0,,,,,1,wi-wec,2026-09-06T15:28:56+00:00
2024,WI,55141,Wood County,2024-10-11,25,2512,,2512,0,,,,,1,wi-wec,2026-09-06T15:28:56+00:00
2024,WI,55141,Wood County,2024-10-12,24,2613,,2613,0,,,,,1,wi-wec,2026-09-06T15:28:56+00:00
2024,WI,55141,Wood County,2024-10-13,23,2626,,2626,0,,,,,1,wi-wec,2026-09-06T15:28:56+00:00
2024,WI,55141,Wood County,2024-10-14,22,2638,,2638,0,,,,,1,wi-wec,2026-09-06T15:28:56+00:00
2024,WI,55141,Wood County,2024-10-15,21,2845,,2845,0,,,,,1,wi-wec,2026-09-06T15:28:56+00:00
2024,WI,55141,Wood County,2024-10-16,20,3142,,3142,0,,,,,1,wi-wec,2026-09-06T15:28:56+00:00
2024,WI,55141,Wood County,2024-10-17,19,3255,,3255,0,,,,,1,wi-wec,2026-09-06T15:28:56+00:00
2024,WI,55141,Wood County,2024-10-18,18,3471,,3471,0,,,,,1,wi-wec,2026-09-06T15:28:56+00:00
2024,WI,55141,Wood County,2024-10-19,17,3701,,3700,1,,,,,1,wi-wec,2026-09-06T15:28:56+00:00
2024,WI,55141,Wood County,2024-10-20,16,3709,,3708,1,,,,,1,wi-wec,2026-09-06T15:28:56+00:00
2024,WI,55141,Wood County,2024-10-21,15,3730,,3729,1,,,,,1,wi-wec,2026-09-06T15:28:56+00:00
2024,WI,55141,Wood County,2024-10-22,14,4064,,4063,1,,,,,1,wi-wec,2026-09-06T15:28:56+00:00
2024,WI,55141,Wood County,2024-10-23,13,5429,,4264,1165,,,,,1,wi-wec,2026-09-06T15:28:56+00:00
2024,WI,55141,Wood County,2024-10-24,12,6591,,4481,2110,,,,,1,wi-wec,2026-09-06T15:28:56+00:00
2024,WI,55141,Wood County,2024-10-25,11,7798,,4695,3103,,,,,1,wi-wec,2026-09-06T15:28:56+00:00
2024,WI,55141,Wood County,2024-10-28,8,8979,,4924,4055,,,,,1,wi-wec,2026-09-06T15:28:56+00:00
2024,WI,55141,Wood County,2024-10-30,6,11220,,5364,5856,,,,,1,wi-wec,2026-09-06T15:28:56+00:00
2024,WI,55141,Wood County,2024-11-05,0,15621,,6082,9539,,,,,1,wi-wec,2026-09-06T15:28:56+00:00
2024,WI,55141,Wood County,2024-11-06,-1,15717,,6178,9539,,,,,1,wi-wec,2026-09-06T15:28:56+00:00
2024,WI,55141,Wood County,2024-11-07,-2,15740,,6201,9539,,,,,1,wi-wec,2026-09-06T15:28:56+00:00
